epoch,slot,miner,proposer_stake,timestamp,block_hash,tx_count,throughput,avg_path_length,min_path_length,max_path_length,median_path_length,stake_concentration,gini_coefficient,consensus_type,consensus_state,avg_tx_delay_s,block_production_success,block_production_failed
0,2,0xd1cd4b808ce6b2841ad42746b64c5a047e857ef0,0.240744,1772364436,e4b4b9fe4bb7376e1a1f7d3f98ac4392a07cf7b285847580a5a6b4894911eb15,1,0.00,1.00,1,1,1,0.024404,0.600013,TopoStake,pog(D=0_omega=1.00),0.00,0,0
0,3,0x311eb133eb413ac3f21249889bb101e5d40820ce,0.135239,1772364438,3484700b4bdab43698d1a74f6d456d4e4ab68c5dcaa316c42c5f704ed0648480,201,40.20,4.02,1,6,4,0.024070,0.595782,TopoStake,pog(D=0_omega=1.00),1.45,1,0
0,4,0xd46407aa7b668c72de3cf1c1a12b7fa2e308a1b2,1.991734,1772364440,7e8c53aa17158dbdad948c7e30c867ac0c64faaa836a1bf68db29961870b7b31,224,74.67,3.67,1,5,4,0.023722,0.590645,TopoStake,pog(D=0_omega=1.00),2.49,2,0
1,0,0x016d3fc36beee7caa8fbd6c1caa42461dd7f9850,0.880532,1772364442,14b95e91145d1442b69ba482366b04689b124a4de06589ddfd28f68a0f51ee0a,196,196.00,3.87,1,5,4,0.023734,0.591817,TopoStake,pog(D=1_omega=1.00),1.47,3,0
1,1,0x8c11ec9090dd820c076e57e899d9c604c79d6b32,1.566521,1772364444,3fe0cd8a49b995eabee0a3504a461964649ed4dab115334214bae07d37176236,186,62.00,3.11,1,4,3,0.023535,0.590418,TopoStake,pog(D=1_omega=1.00),2.48,4,0
1,2,0xac61c91e7d24df824351a6c4e562a75f0cf646f8,0.252533,1772364446,56a3d19877566d35c7975a4f15829cfceefc31da21ba0ccb918aecc17a763acf,218,109.00,4.26,1,6,4,0.023464,0.590642,TopoStake,pog(D=1_omega=1.00),2.46,5,0
1,3,0x95ab54d268473cce82094026afefdbd5cadf418b,0.599508,1772364448,107e256bc2a496941159038c2f89cb59f3596bea6c8198784abfa128dba5c1d7,225,112.50,3.98,1,6,4,0.023157,0.586337,TopoStake,pog(D=1_omega=1.00),2.48,6,0
1,4,0x07902d0371763a00d97ed9ba16ff0a206cb0fd19,2.533104,1772364450,67ec7481b2cdc3d2dafedd62c273dec60851963bdedd264263ae5d5396df86a1,184,92.00,4.42,1,6,5,0.022919,0.583721,TopoStake,pog(D=1_omega=1.00),2.48,7,0
2,0,0x786f26993bf015cd2da6fb5d3ccd1879e01246ab,0.291598,1772364452,8f80bec7c91134056e160f464254f3b76f2ddfc172000e8c9db5880f7ab15d95,245,122.50,2.64,1,4,3,0.023017,0.585576,TopoStake,pog(D=2_omega=1.00),2.31,8,0
2,1,0xd1cd4b808ce6b2841ad42746b64c5a047e857ef0,1.240764,1772364454,d4a490ce38992c854599c305b4a37df1014ad92bb80c9b0fd1f1e47d5222afbb,176,88.00,3.96,1,5,4,0.022730,0.581371,TopoStake,pog(D=2_omega=1.00),2.39,9,0
2,2,0x311eb133eb413ac3f21249889bb101e5d40820ce,1.135182,1772364456,8cec71e9f422485c7c979797f207f0fdfc2e6a6c62c86ca4770a5afaf818b501,216,108.00,3.86,1,6,4,0.022606,0.580805,TopoStake,pog(D=2_omega=1.00),2.41,10,0
2,3,0x269cdf52f97e1d9f14b7be895155a7b294f0b21d,0.726555,1772364458,f2400a8de5a7ddb6ab63fa9f25a11beab09f1c54b132c09abc7075a6e1470563,226,113.00,3.58,1,5,4,0.022466,0.579788,TopoStake,pog(D=2_omega=1.00),2.16,11,0
2,4,0x07902d0371763a00d97ed9ba16ff0a206cb0fd19,3.533672,1772364460,fd11ed847b42a3404d42da2d9366a1fbcff62bd1dce0b8b26f2fc0b5df96f9b8,212,106.00,3.52,1,5,4,0.022263,0.577353,TopoStake,pog(D=2_omega=1.00),2.11,12,0
3,0,0x408bb0bf84df50b21c53c74420987f172d4036a1,0.799601,1772364463,538e3cc2b174d307461ea789b13261209850e32b24afb504a8ffed5c6218839a,245,122.50,2.69,1,4,3,0.022503,0.580334,TopoStake,pog(D=3_omega=1.00),1.74,13,0
3,1,0x28672c71695142588ed26ada6f4b18b8b6c12308,0.692380,1772364465,f8600913ea8496f2bc6ed166be51c0beff1b5193b5a7928a5f5c934f0ebe1586,66,33.00,3.21,1,5,3,0.022310,0.578013,TopoStake,pog(D=3_omega=1.00),1.20,14,0
3,2,0x63f4973c0df8a5358405f396dc0673a463c48de9,3.901227,1772364467,192da53cfd08b835de8be90bec69eb67c82ae67c1773b2df0b081aa8e1510d41,196,98.00,3.48,1,5,4,0.022104,0.575222,TopoStake,pog(D=3_omega=1.00),1.99,15,0
3,3,0x6d6b2734a20229ddd7fd4a1470ba3e3bad4e4a85,1.643482,1772364469,76c2ce43b97fe8b0d6b040f299cf13a53236367d7991a06082d8fec79093fdeb,215,107.50,3.63,1,5,4,0.022380,0.578352,TopoStake,pog(D=3_omega=1.00),1.99,16,0
3,4,0x07902d0371763a00d97ed9ba16ff0a206cb0fd19,4.535034,1772364471,ff189fb84af4866196df643a5fef5a260866b81ee3367ce7a37ab5f645c5c66c,164,82.00,3.51,1,5,4,0.022312,0.578381,TopoStake,pog(D=3_omega=1.00),1.74,17,0
4,0,0x719361397abe003a91af76243e5f9c7a0cd4279f,3.544036,1772364473,3bc343954e366e30600f7ff847c20bd897ca49515002bc9404961c9f27d072f6,250,125.00,2.87,1,4,3,0.022660,0.581786,TopoStake,pog(D=3_omega=1.00),1.77,18,0
4,1,0x606627477c3734932f47972f83c27cf4e3b35b4f,3.377767,1772364475,6228d19ad071187f585cfaa4377a94d4fa6c5e0f9578938f71df5478e1c63947,108,54.00,3.78,2,5,4,0.022852,0.584313,TopoStake,pog(D=3_omega=1.00),1.23,19,0
4,2,0x311eb133eb413ac3f21249889bb101e5d40820ce,2.135779,1772364477,fe93941e287d306eda573654ccacad5d1f369a623745649eb349864d5698070b,221,110.50,3.67,1,5,4,0.022853,0.584319,TopoStake,pog(D=3_omega=1.00),1.57,20,0
4,3,0x016d3fc36beee7caa8fbd6c1caa42461dd7f9850,1.880994,1772364479,f016f0a82d468a8267cd17c981a9be78b51386e821874262df44d7127ff68a25,195,97.50,3.69,1,5,4,0.022840,0.585160,TopoStake,pog(D=3_omega=1.00),1.60,21,0
4,4,0x3513d672439a59c26cc5711f2b715ccb4810a774,1.292740,1772364481,24d8493418f4b4b7436c0afe68366e18b5702feb60c65264b32363d61f7b7518,194,97.00,3.10,2,4,3,0.022789,0.585377,TopoStake,pog(D=3_omega=1.00),1.46,22,0
5,0,0x8c11ec9090dd820c076e57e899d9c604c79d6b32,2.566424,1772364483,0244930ce743ff7825d143e13adadec4d2b080f5cbe3e1b82669feb967cb386c,198,99.00,3.87,1,5,4,0.022659,0.584236,TopoStake,pog(D=3_omega=1.00),1.45,23,0
5,1,0x30509a8084fdfe6fe24d9c9a817c209ad194f8e3,2.657044,1772364485,f2eb447e77b4e68c5b3865b6826bf41aefa5d7b1cce04706d47e2a72a0de9bb7,194,97.00,4.22,1,6,4,0.022697,0.585588,TopoStake,pog(D=3_omega=1.00),1.51,24,0
5,2,0x6d6b2734a20229ddd7fd4a1470ba3e3bad4e4a85,2.644168,1772364487,dd62c9af2a3d1339329aeb107b97c923f4ab3d8f1a9d74394480dc7e85a20853,210,105.00,3.41,1,5,3,0.022744,0.586916,TopoStake,pog(D=3_omega=1.00),1.45,25,0
5,3,0x377eaef292051bbf8ada05b2af76a3f3b9d722a7,0.056675,1772364489,b9117919e1e81479a777669574adcb99fcf48282a6758b2b46394d66a72ab9f8,197,98.50,3.69,1,5,4,0.022784,0.588048,TopoStake,pog(D=3_omega=1.00),1.48,26,0
5,4,0x49b57eb4dace37c8819daf079c9c674f766d4f38,1.231709,1772364491,75ea3dfa470bf8ca38b840cda2e0f1ab541991d2180c9482d92d72b74b86123e,186,62.00,3.65,1,5,4,0.022495,0.582682,TopoStake,pog(D=3_omega=1.00),2.49,27,0
6,0,0xd39dbd3662315e3935ec08e6b6028e73b3c09de2,0.923398,1772364493,522061610ccfaa752fe8d94d81ff98b011e19bcc610538d4910a1767c38f7595,185,92.50,3.91,1,6,4,0.022357,0.581312,TopoStake,pog(D=3_omega=1.00),2.51,28,0
6,1,0xb990cdf21950e6086c350175c4bc504e45858230,0.122739,1772364495,2ddd5337a4810930dfdd20bf061dfaf22c9873cabc811bee5c496acb0d6e86ab,228,114.00,4.50,1,6,5,0.022183,0.579065,TopoStake,pog(D=3_omega=1.00),2.52,29,0
6,2,0x07902d0371763a00d97ed9ba16ff0a206cb0fd19,5.536919,1772364497,bc95770e4d6cc9b28751b4b1cb28e830a211d618f714cb3447a5ca84b3fa3a26,193,96.50,4.02,1,5,4,0.021915,0.574159,TopoStake,pog(D=3_omega=1.00),2.39,30,0
6,3,0xf5ecb44daf07a1d1073dbc89baf04bd7541fa517,0.068453,1772364500,728d45d0e9f37a3d0fd320fc8de2182e3ff74ab54480dd052e3a4cd2608e8ca5,250,125.00,2.77,1,4,3,0.022294,0.577368,TopoStake,pog(D=3_omega=1.00),2.11,31,0
6,4,0xc774b0fee7cabbef3b1ae14bf36db3df0d32c1df,1.174232,1772364501,fc116f7dc0ee613fe98977969bda5e4f4f7c271f4a041493409975e87f26de52,184,92.00,3.85,1,5,4,0.022021,0.572054,TopoStake,pog(D=3_omega=1.00),2.02,32,0
7,0,0x9ba702916c26a8583a7f277d6932b3c0d9927ce0,0.197956,1772364503,c7831e58dc67b5a83e9adc0cef1bc250ae0aac6f80da8bb33c7e4e8f976edb17,115,115.00,3.91,2,5,4,0.021881,0.570432,TopoStake,pog(D=3_omega=1.00),1.50,33,0
7,1,0x213068cb42718d1dd6d00a6d94d62a3def0e68eb,0.370738,1772364505,99bbd80d532f26c1468a64c1383026dd2972272c2578e6c04a0fd38bccdb450b,234,117.00,3.67,1,5,4,0.021633,0.565839,TopoStake,pog(D=3_omega=1.00),1.94,34,0
7,2,0x5cd626f4b83428b146919d30f4b3e481d259a9dc,0.075479,1772364507,e053440723cf1e4bf0684b36793929f53efcb4d6526ad516725eafea6ab8c8ad,123,61.50,3.62,1,5,4,0.021408,0.561877,TopoStake,pog(D=3_omega=1.00),1.49,35,0
7,3,0x30509a8084fdfe6fe24d9c9a817c209ad194f8e3,3.658192,1772364509,fb6b164846081853f04dd21002a1e7f19c8d53f6d3e7420729f0720dd1580d0b,201,100.50,3.99,1,6,4,0.021155,0.556505,TopoStake,pog(D=3_omega=1.00),1.65,36,0
7,4,0x50f7fa851f9314d682e36da5caa4635039b5305d,0.106078,1772364511,ec8e49f831e68f7fd21053d6912694b9b8cbdc77f6a270f152f98e39ca887a0e,206,103.00,3.32,1,5,3,0.021156,0.556512,TopoStake,pog(D=3_omega=1.00),1.51,37,0
8,0,0x9bdb1c7ad4bd8fe797b07c08117c74a591dbab2d,0.448939,1772364513,3de72551219b520f66e21ee752520c37ea39c8d4f8e8862c92ca5aa82b83113b,208,104.00,3.39,2,5,3,0.020911,0.551260,TopoStake,pog(D=3_omega=1.00),1.50,38,0
8,1,0x719361397abe003a91af76243e5f9c7a0cd4279f,4.544467,1772364515,0e295e863f964f7740c1ca442d408b53dd61f9a8b04d93cda94c318c630ae84c,196,98.00,3.80,2,5,4,0.020708,0.547429,TopoStake,pog(D=3_omega=1.00),1.48,39,0
8,2,0x1796dc61e715f15a2d27dfa32bd34780f12a8c24,1.725127,1772364517,ac7c62c22f044d9bfe1fe9a47bf2c0c04ef9a4b1fe3995a9d8dfff5a5a8f7327,224,74.67,3.82,1,5,4,0.020940,0.550428,TopoStake,pog(D=3_omega=1.00),2.45,40,0
8,3,0xa3786e459f289a76c0e8af8ad834e3d0c6d47199,4.727098,1772364519,6cf4f3c6e72db5a0fb741bdaf012d6bf2449a4e60eb15deda618f01ae5242d9f,216,108.00,3.34,1,5,3,0.020870,0.550193,TopoStake,pog(D=3_omega=1.00),2.44,41,0
8,4,0x5cd626f4b83428b146919d30f4b3e481d259a9dc,1.076355,1772364521,ed859558551c2cbc0f03a1855917633a73fc36a42fedc14fff95f3a51426b4eb,216,108.00,4.23,1,6,4,0.021107,0.553059,TopoStake,pog(D=3_omega=1.00),2.43,42,0
9,0,0x8c11ec9090dd820c076e57e899d9c604c79d6b32,3.567119,1772364523,772b84e44a8ba8042bfcc1bf55ed59704f7beb9a743260431e1a7d4895e05260,207,103.50,3.96,2,6,4,0.020967,0.551160,TopoStake,pog(D=3_omega=1.00),2.42,43,0
9,1,0x95ab54d268473cce82094026afefdbd5cadf418b,1.599188,1772364525,d50a5f038c93a8f655a424cdcb1f3e30fd18ae7336e49d1deaa9f5de1c7d14c4,211,105.50,4.16,1,6,4,0.021077,0.553342,TopoStake,pog(D=3_omega=1.00),2.45,44,0
9,2,0xb990cdf21950e6086c350175c4bc504e45858230,1.123492,1772364528,230869324d6c3dc5f4cfb89a0d62f7fa390ffe9095e95cb02b5b22870024e8df,201,100.50,4.35,1,6,5,0.020989,0.552642,TopoStake,pog(D=3_omega=1.00),2.36,45,0
9,3,0x4a217e35f6402e7f62a49f6d62e27c6585c2f3fd,1.492631,1772364530,ebb14fa00e66fa8604f10a2ae2573ea75d192ba9091798fd1eac8b47854e8602,232,116.00,3.92,1,5,4,0.020855,0.550700,TopoStake,pog(D=3_omega=1.00),2.19,46,0
9,4,0x71f297f96355f349d66f0e9b681e7d4e11224660,0.171409,1772364532,66bb4f1388734e3f6fd4b37088259765b29666899f90c613f48a24e44564c80f,216,108.00,3.65,1,5,4,0.020855,0.550703,TopoStake,pog(D=3_omega=1.00),1.90,47,0
10,0,0x786f26993bf015cd2da6fb5d3ccd1879e01246ab,1.291492,1772364534,78247c9289cd07cf87dcd1637b9f4ce1cf10c4bc4cfd65724e56288f2107bda6,187,93.50,3.86,1,5,4,0.020538,0.544810,TopoStake,pog(D=3_omega=1.00),1.66,48,0
10,1,0x9c39f7fffaa5c5cfab20dfdd05663497918580c1,0.427526,1772364536,ceada69a2119b67b66e90175a0fb85b606d060fdc6d973c4966037cbd3e7875c,211,105.50,4.06,1,5,4,0.020425,0.543132,TopoStake,pog(D=3_omega=1.00),1.67,49,0
10,2,0x7e40df5d801345015e84c843908efc6683665fa4,0.659659,1772364538,467a850b62d6885f46a1c89ec880944956b739ea398b3a268397dddaccc24164,197,98.50,3.97,1,5,4,0.020235,0.539228,TopoStake,pog(D=3_omega=1.00),1.52,50,0
10,3,0xd39dbd3662315e3935ec08e6b6028e73b3c09de2,1.924041,1772364540,e9935343fe200292e69fd25495ddf06d7b669d22997dc7cf27807feb2e19541d,202,101.00,3.34,1,5,3,0.020069,0.535890,TopoStake,pog(D=3_omega=1.00),1.53,51,0
10,4,0x6d6b2734a20229ddd7fd4a1470ba3e3bad4e4a85,3.644894,1772364542,85fd380ee2871296637ec0f3a21eded9375d60d18596459dbc611242fe76d5d6,225,75.00,4.62,1,6,5,0.020018,0.535705,TopoStake,pog(D=3_omega=1.00),2.46,52,0
11,0,0xa3786e459f289a76c0e8af8ad834e3d0c6d47199,5.727918,1772364544,d8f2a79f865887625cedf1ce2c677a0ed5e9f5dd7052d36edf7220db352f2723,184,184.00,3.65,1,5,4,0.020118,0.537804,TopoStake,pog(D=3_omega=1.00),1.50,53,0
11,1,0x377eaef292051bbf8ada05b2af76a3f3b9d722a7,1.057558,1772364546,055215980ac9c16e93d9fdff266ffd78f7dac460735e3b5ef9e7bd5f428b8217,224,74.67,4.34,1,6,4,0.020393,0.540681,TopoStake,pog(D=3_omega=1.00),2.43,54,0
11,2,0x34d94cc0534eb50dec7956bea31407428d6d5ef8,0.086714,1772364548,e7c2506132ba07cec867c1c2120e212c90e515e13cf103267c1a19fc65507e33,201,100.50,3.64,1,5,4,0.020261,0.538318,TopoStake,pog(D=3_omega=1.00),2.42,55,0
11,3,0x50f7fa851f9314d682e36da5caa4635039b5305d,1.107053,1772364550,30975ca6572d64028e480a085adefa3830de8a5d3b0ca5086263dff7e8ba6945,201,100.50,3.59,1,5,4,0.020048,0.533221,TopoStake,pog(D=3_omega=1.00),2.29,56,0
11,4,0x89100a8056319ba37491b32ba255004180607bc2,2.787201,1772364552,208d888097b64b1a0447442f608747f2cf756a1202485aa6d3abf9a3f716210e,215,107.50,3.27,2,5,3,0.019924,0.530923,TopoStake,pog(D=3_omega=1.00),2.07,57,0
12,0,0xb990cdf21950e6086c350175c4bc504e45858230,2.124647,1772364554,2dc3acf50d04ac22187bf484da793161e7a1e29c34b379ec377665c7a16a0df6,130,130.00,3.88,1,5,4,0.019940,0.532204,TopoStake,pog(D=3_omega=1.00),1.40,58,0
12,1,0x8c11ec9090dd820c076e57e899d9c604c79d6b32,4.567995,1772364556,56d35fbcfe63f44552c707cd97dd5bf7de3620284b112292599e452409de75ad,201,100.50,3.90,1,5,4,0.019940,0.532209,TopoStake,pog(D=3_omega=1.00),1.76,59,0
12,2,0x4ba33404d90c4ae989714d9d174cd882cffb7994,1.118531,1772364558,0b469235a814729160fd7ab38af79d489cad73602075a752b440136cbd7bb100,214,107.00,4.01,1,6,4,0.020099,0.534702,TopoStake,pog(D=3_omega=1.00),1.69,60,0
12,3,0x3513d672439a59c26cc5711f2b715ccb4810a774,2.293663,1772364560,f0de989891fb5b68d0b26f07b4f83dcdb1027af26edc7df11b33028248c39787,193,96.50,4.47,1,6,4,0.019975,0.532340,TopoStake,pog(D=3_omega=1.00),1.57,61,0
12,4,0x37cc7a82e66d4f4c2ae13b9ee895d3af1a1d7a05,0.264276,1772364562,9b4b0a13b9d1b4f19e334b2a9b57a119b931ab532ad89c567c301a5666323a0f,186,93.00,3.97,1,5,4,0.019945,0.532815,TopoStake,pog(D=3_omega=1.00),1.65,62,0
13,0,0x4a217e35f6402e7f62a49f6d62e27c6585c2f3fd,2.493563,1772364564,9f2ec45d8757f9c38e31b860ce7a1d5f126ec9fe54c30892419ae08fee2626be,220,73.33,3.91,1,6,4,0.019757,0.528432,TopoStake,pog(D=4_omega=1.00),2.45,63,0
13,1,0xa3786e459f289a76c0e8af8ad834e3d0c6d47199,6.728765,1772364566,9c53fd912748381f60a31ff2a96c7eb5eb2528732fe0a2cbfe61e2a994cdf13b,206,103.00,3.67,1,5,4,0.019743,0.529104,TopoStake,pog(D=4_omega=1.00),2.50,64,0
13,2,0xa3786e459f289a76c0e8af8ad834e3d0c6d47199,7.729765,1772364568,480726c429579d0aaab68665374cf41cb609ef304a1696a502838135980b729a,204,102.00,4.30,1,6,4,0.020052,0.531957,TopoStake,pog(D=4_omega=1.00),2.52,65,0
13,3,0x016d3fc36beee7caa8fbd6c1caa42461dd7f9850,2.882257,1772364570,65d6b4823d32a8ffee133e281406a4cbd0e4b83e4bfff724f0325cc2197cd197,183,91.50,4.32,1,6,4,0.020427,0.534775,TopoStake,pog(D=4_omega=1.00),2.43,66,0
13,4,0x269cdf52f97e1d9f14b7be895155a7b294f0b21d,1.727059,1772364573,03595dc773352b8b9249215c7e5444233f55ea6a8231d08ab113f3c901e714e2,250,125.00,3.09,1,4,3,0.020430,0.535850,TopoStake,pog(D=4_omega=1.00),2.24,67,0
14,0,0x1d1d2c63625de70b1e5ef40056bd2deb89d7fef2,0.071311,1772364574,3e73eed5860920abd10e5cec0315658eac27290120b559a563e32ec5a5a6f148,213,106.50,3.51,2,5,4,0.020347,0.534947,TopoStake,pog(D=3_omega=1.00),1.97,68,0
14,1,0x89100a8056319ba37491b32ba255004180607bc2,3.787758,1772364576,96b06fb01044f773ea2699e24acd0388de5a8c119ffab5cd63b445c923ab5686,133,133.00,3.65,1,5,4,0.020144,0.529955,TopoStake,pog(D=3_omega=1.00),1.34,69,0
14,2,0x4ba33404d90c4ae989714d9d174cd882cffb7994,2.119171,1772364578,80d6c73a5ec968c4594add3f2384de98fe14a182c23624fe86f1e50fbfc0c815,195,97.50,4.01,1,5,4,0.020211,0.531821,TopoStake,pog(D=3_omega=1.00),1.70,70,0
14,3,0x282f43759e22b50aa7989261c51c367f325c3f91,0.352723,1772364580,0ca91b483767757a83f3ae9caf42619459e6232b3bd7ed87e18faa655f6ae29d,192,96.00,4.42,1,6,4,0.020157,0.531679,TopoStake,pog(D=3_omega=1.00),1.58,71,0
14,4,0x269cdf52f97e1d9f14b7be895155a7b294f0b21d,2.728096,1772364582,f027ce1c1835baa79fe8fe25976e40075cbc4cb4ab637aa06b6d2de325de6a94,210,105.00,3.91,1,5,4,0.019979,0.527560,TopoStake,pog(D=3_omega=1.00),1.59,72,0
15,0,0x719361397abe003a91af76243e5f9c7a0cd4279f,5.545409,1772364584,4ac265ed97af8ba7044661bc68132817d1f856b4256d49b1a1e2292bb3924281,196,65.33,3.58,1,5,4,0.019968,0.528267,TopoStake,pog(D=3_omega=1.00),2.51,73,0
15,1,0x58a21eeb7ab18ba8adf1296e66a4487076e95dac,4.092844,1772364586,d960f6563600367c6bce53e0889c47a1ee8839a7bc48f45c1260596dcca65495,207,103.50,3.81,1,5,4,0.020149,0.530739,TopoStake,pog(D=3_omega=1.00),2.43,74,0
15,2,0xd39dbd3662315e3935ec08e6b6028e73b3c09de2,2.924594,1772364588,a00510f9b068e5354da18a1c098a2514234bd189fbdaa81bfbabc92554fdee46,207,103.50,3.87,1,5,4,0.020227,0.532641,TopoStake,pog(D=3_omega=1.00),2.40,75,0
15,3,0xea287b266dbe2c2d402fd91814bcfc4c95d6b0fd,0.162526,1772364591,8a3a48d46fe2e76c0e73897a686ab06418145d336bddd6d63d4014ec8ad9ef26,209,104.50,4.61,1,6,5,0.020223,0.533488,TopoStake,pog(D=3_omega=1.00),2.41,76,0
15,4,0x71f297f96355f349d66f0e9b681e7d4e11224660,1.172249,1772364592,e83037405eb415cc801b5676d546ad8d4d80e51be2f1af982f200c8250c49b8f,250,125.00,3.93,1,6,4,0.020223,0.533490,TopoStake,pog(D=3_omega=1.00),2.26,77,0
16,0,0xac61c91e7d24df824351a6c4e562a75f0cf646f8,1.251911,1772364594,18f1a5100a1daae1156904769e33d4fde141bba7c8ea2f6055659f2a47f164ec,68,68.00,4.12,2,5,4,0.020101,0.531276,TopoStake,pog(D=4_omega=1.00),1.99,78,0
16,1,0x269cdf52f97e1d9f14b7be895155a7b294f0b21d,3.729003,1772364596,32afa0e2978c86ce6e1c35db3bee45d06eb199cc14944b83b752e01f38092e5b,211,105.50,3.97,1,6,4,0.020102,0.531280,TopoStake,pog(D=4_omega=1.00),1.52,79,0
16,2,0x07902d0371763a00d97ed9ba16ff0a206cb0fd19,6.541125,1772364598,55114443189a86da29c37009d155836176bc2ef64adc554504879f67392c2211,209,104.50,3.73,1,5,4,0.020102,0.531285,TopoStake,pog(D=4_omega=1.00),1.54,80,0
16,3,0x3513d672439a59c26cc5711f2b715ccb4810a774,3.294524,1772364600,1a6546b89b0bb741d4160d3a2388716b9c637102079857723e3e00f0d89a4c5e,193,96.50,2.80,1,4,3,0.020333,0.533798,TopoStake,pog(D=4_omega=1.00),1.48,81,0
16,4,0xc774b0fee7cabbef3b1ae14bf36db3df0d32c1df,2.174377,1772364602,d4e67a3a4a374ab4de43bfc16dae4c0d22cb296625cc75f1f6f248d84d621bbd,195,65.00,3.69,1,5,4,0.020348,0.534953,TopoStake,pog(D=4_omega=1.00),2.49,82,0
17,0,0xd1cd4b808ce6b2841ad42746b64c5a047e857ef0,2.240926,1772364604,58c3d5057132886d79a66ff4414e279d69b7c9fa78dcb55e4dfb8df4781e102b,193,96.50,3.83,1,5,4,0.020290,0.534707,TopoStake,pog(D=3_omega=1.00),2.49,83,0
17,1,0x13f9dadc05f6c237b03411e2aed1800cf21a5d89,0.279315,1772364607,383bc6ab4e369c30c27a2f65c0b5947820b3cded8ecd3df7ff884744c4a71320,207,103.50,3.86,1,6,4,0.020235,0.534452,TopoStake,pog(D=3_omega=1.00),2.42,84,0
17,2,0xd67aaaf210c0c36ddcb7055222d168b5c9dd1b36,0.188297,1772364608,93e83aead70080cf4ba86c86d6a223b5a142686d4e80d992baf2b0f25d7e268d,250,125.00,3.05,2,5,3,0.020058,0.530243,TopoStake,pog(D=3_omega=1.00),2.06,85,0
17,3,0x311eb133eb413ac3f21249889bb101e5d40820ce,3.136531,1772364610,d0291ea0359cb3ed338cb61b3b4a2acc896a421606a48f07903d709da998c457,94,94.00,3.87,1,5,4,0.019879,0.525760,TopoStake,pog(D=3_omega=1.00),1.31,86,0
17,4,0x7e40df5d801345015e84c843908efc6683665fa4,1.660347,1772364612,ad4418a24d8f297dcf0a341bb1cb0d00b176c7f391e5f07eae6a17ff8b236f82,237,118.50,3.60,2,5,4,0.019882,0.526667,TopoStake,pog(D=3_omega=1.00),1.70,87,0
18,0,0xcb7977f4997b4252c0152e135dd79b3cfe35c1a5,0.627802,1772364614,03c0fdccf6b4cbf8132490addaf791154b5f30a4b0c78d40109696af3263dcdc,217,108.50,3.47,1,5,4,0.019795,0.525449,TopoStake,pog(D=3_omega=1.00),1.58,88,0
18,1,0x075e1d95c7891e1c00414ca1aa9a7a8cf6270019,0.142231,1772364616,03295930e1f6eff70853f787ec93a64609044ab02fa464bdba90fad84b35a9c8,191,95.50,4.27,1,6,4,0.019646,0.522032,TopoStake,pog(D=3_omega=1.00),1.54,89,0
18,2,0x50f7fa851f9314d682e36da5caa4635039b5305d,2.108229,1772364618,9f9a3a8c3bab1edf74b6613d373e2a688dc7e30070b22549990bcc87685be8d1,185,92.50,3.24,1,5,3,0.019471,0.517409,TopoStake,pog(D=3_omega=1.00),1.48,90,0
18,3,0xd39dbd3662315e3935ec08e6b6028e73b3c09de2,3.925177,1772364620,2cfa444273d5d7049e397be27780aa1c084f2e60324e321a4f6f4abf68e6865c,194,64.67,3.30,1,5,3,0.019414,0.516909,TopoStake,pog(D=3_omega=1.00),2.49,91,0
18,4,0x34412315480562da4810040fd15c81f99880e1ab,1.897592,1772364622,346bc651595208f60666f1b3d73dbee999ef1c9b3274b7b27a3731c27bc1ba41,193,96.50,4.45,2,6,5,0.019462,0.518481,TopoStake,pog(D=3_omega=1.00),2.47,92,0
19,0,0xd67aaaf210c0c36ddcb7055222d168b5c9dd1b36,1.188718,1772364625,a756b831150410af4889de3943aabcb722a7bb434aaf8891ba09c709c5331f3a,210,105.00,3.87,1,6,4,0.019392,0.517556,TopoStake,pog(D=3_omega=1.00),2.19,93,0
19,1,0x07902d0371763a00d97ed9ba16ff0a206cb0fd19,7.542758,1772364627,4c5a0c62ce1fe52062788d4aee96cd48bfca9fc35a4703124cba029f7db4b44c,228,114.00,3.74,1,5,4,0.019281,0.515363,TopoStake,pog(D=3_omega=1.00),2.09,94,0
19,2,0x1796dc61e715f15a2d27dfa32bd34780f12a8c24,2.726746,1772364629,6d6f41782caaf077a4e76ea86a867831ba333d243714bee32db85b1cc71d46d2,151,75.50,2.81,1,4,3,0.019529,0.517774,TopoStake,pog(D=3_omega=1.00),1.74,95,0
19,3,0x07902d0371763a00d97ed9ba16ff0a206cb0fd19,8.543504,1772364631,7c5dab4046392408c1e35637eec898512d7dac3980854a644e10882ce8143220,199,99.50,3.38,1,5,3,0.019503,0.517997,TopoStake,pog(D=3_omega=1.00),1.44,96,0
19,4,0x37cc7a82e66d4f4c2ae13b9ee895d3af1a1d7a05,1.264959,1772364633,6f9478d5eb8ea3be5c9eb3e9a8d7a84c580e2cb77f5a73fcadf77ab648af2b05,201,100.50,2.79,2,4,3,0.019795,0.520456,TopoStake,pog(D=3_omega=1.00),1.52,97,0
20,0,0xc24b36dee27726233c3bbd9e1f028f98b6b2a424,2.412781,1772364635,3831fe10dce15069c2f60e58b98a4d4ec89ab3ef6f74ee1fa85d15f4bf1de618,211,70.33,4.08,1,6,4,0.019686,0.518357,TopoStake,pog(D=3_omega=1.00),2.52,98,0
20,1,0x6064b9f5883bf9737dfe314ff68c56e09e68ac89,2.191879,1772364637,729ed0d9634fc5d08452db992809316933b126c5f2333ac8dc9431733f4037b7,219,109.50,3.95,1,6,4,0.019639,0.518065,TopoStake,pog(D=3_omega=1.00),2.46,99,0
20,2,0x60705151f1f537cacd5b801f3ef1b31dc3f605de,0.304389,1772364640,7ead0f09a6ad1fd388033962a09c8224f2a86aeb349a7d75950bc035cd0c8a63,218,109.00,3.74,1,5,4,0.019580,0.517395,TopoStake,pog(D=3_omega=1.00),2.28,100,0
20,3,0x075e1d95c7891e1c00414ca1aa9a7a8cf6270019,1.143331,1772364641,a38e666f591ce8526ac5b31f51b88ab7f44e0099460920363dbfaa8459eed04c,210,105.00,4.03,1,6,4,0.019422,0.513314,TopoStake,pog(D=3_omega=1.00),2.06,101,0
20,4,0x89100a8056319ba37491b32ba255004180607bc2,4.788629,1772364643,f77ae94077f5c416b59ad1a570af727d6e4b356718610c83373a171984d2343e,58,58.00,3.31,1,5,3,0.019310,0.510943,TopoStake,pog(D=3_omega=1.00),1.72,102,0
21,0,0x95ab54d268473cce82094026afefdbd5cadf418b,2.599553,1772364645,1b7c7e7595c9b1328ce81ef0ba7a2e83eb23ed2bfc520578bfadbc9126fe7539,196,98.00,3.99,2,5,4,0.019387,0.512941,TopoStake,pog(D=3_omega=1.00),1.53,103,0
21,1,0x07902d0371763a00d97ed9ba16ff0a206cb0fd19,9.544738,1772364647,3361ba640c91ff522e2fb65e9e8c59b77f08811c661629bde6a2d8e80e49737a,194,97.00,4.40,1,6,4,0.019350,0.512780,TopoStake,pog(D=3_omega=1.00),1.52,104,0
21,2,0x016d3fc36beee7caa8fbd6c1caa42461dd7f9850,3.883803,1772364649,5ba8f5cce7335d51d58f8161617e71706125fa5e14d36119af09803a6e3581a8,206,68.67,2.76,1,4,3,0.019664,0.515187,TopoStake,pog(D=3_omega=1.00),2.47,105,0
21,3,0x4ba33404d90c4ae989714d9d174cd882cffb7994,3.119576,1772364651,3a491d93e9cebe537953d6811ab16ae72ed057d7a5c5fafd69e8a3d68f86c121,181,90.50,3.10,1,4,3,0.019687,0.516519,TopoStake,pog(D=3_omega=1.00),2.48,106,0
21,4,0xb2a7fe70a6f3137d38f6cb4c3ec6dd1e24f2d5f4,1.421951,1772364654,1dd364322122de93e1a13db7b87c2c6a6a5144f5e9307c07eecd2c47b217d920,190,95.00,4.56,1,6,5,0.019671,0.517078,TopoStake,pog(D=3_omega=1.00),2.52,107,0
22,0,0x9ba702916c26a8583a7f277d6932b3c0d9927ce0,1.197985,1772364655,34559ba5e0e5066801b16bd909ebe0101aa54dafcce234af66897ef19d170938,222,111.00,4.19,1,6,4,0.019571,0.515203,TopoStake,pog(D=3_omega=1.00),2.32,108,0
22,1,0x8c11ec9090dd820c076e57e899d9c604c79d6b32,5.568978,1772364657,4cb336bbab0cbee2df3c7985db67b6aa08488b3582c7bc342a0e41a641f3d15a,129,129.00,3.75,1,5,4,0.019461,0.512833,TopoStake,pog(D=3_omega=1.00),1.75,109,0
22,2,0x13f9dadc05f6c237b03411e2aed1800cf21a5d89,1.280899,1772364659,a6472c3bfb8ad5d6a4395c0dbe642ae34bd2e50509dc719d796a386f9acf75a6,186,93.00,4.06,1,5,4,0.019563,0.514866,TopoStake,pog(D=3_omega=1.00),1.56,110,0
22,3,0x1796dc61e715f15a2d27dfa32bd34780f12a8c24,3.727864,1772364661,696b4e8f65e00545b0b4101ec0ca75024dba9246832a48c7d1d1c6d9f01aa340,206,103.00,3.07,1,5,3,0.019457,0.512589,TopoStake,pog(D=3_omega=1.00),1.48,111,0
22,4,0xd1cd4b808ce6b2841ad42746b64c5a047e857ef0,3.241682,1772364663,001a24df6662eb29771d48fd0d6935c4af92612444d5a38f5eb20f08dedeca48,184,61.33,3.41,1,5,3,0.019468,0.513688,TopoStake,pog(D=3_omega=1.00),2.53,112,0
23,0,0x13f9dadc05f6c237b03411e2aed1800cf21a5d89,2.281893,1772364665,adc1671df4d69b76f5a93a34cd56010997037937597c4857f8f1c775641b1d26,189,94.50,3.91,1,6,4,0.019455,0.514248,TopoStake,pog(D=3_omega=1.00),2.49,113,0
23,1,0x9c39f7fffaa5c5cfab20dfdd05663497918580c1,1.427657,1772364668,476bca8eb67eeae59396a92fd55da53238f52eaf2f9605b46dad2a6afe5e87fa,234,117.00,2.98,1,5,3,0.019398,0.513571,TopoStake,pog(D=3_omega=1.00),2.32,114,0
23,2,0x30509a8084fdfe6fe24d9c9a817c209ad194f8e3,3.658750,1772364669,6031e91f1a4fb55d08c6329f8b9c63fb98f532192a92b1a897c194d33c3abf5c,181,90.50,4.08,1,5,4,0.019301,0.511521,TopoStake,pog(D=3_omega=1.00),2.27,115,0
23,3,0x2abf89d7c96c80fcff9dec1fe92803573094ee35,0.227811,1772364671,8ccd7be7d7a4b4fbee179af44fc963d1ff9fedc5a58f5983b049a8da428a7384,162,162.00,3.35,1,5,3,0.019306,0.512400,TopoStake,pog(D=3_omega=1.00),1.48,116,0
23,4,0x282f43759e22b50aa7989261c51c367f325c3f91,1.353393,1772364673,bab8ba8fb8d628a56933e48dc37d3944ea82f1da85dfeb5261aa675dd84c4393,212,106.00,3.63,1,5,4,0.019306,0.512404,TopoStake,pog(D=3_omega=1.00),1.58,117,0
24,0,0x1796dc61e715f15a2d27dfa32bd34780f12a8c24,4.728943,1772364675,1c199eb1184606bc4b01c84b5a2b5a3b086cb987e0acdc7bdadb6ace5b5dbb67,198,99.00,3.96,1,6,4,0.019306,0.512408,TopoStake,pog(D=3_omega=1.00),1.54,118,0
24,1,0x3513d672439a59c26cc5711f2b715ccb4810a774,4.295437,1772364677,83b5f9119e06344aab5b5f16eda365b9200053c47b0178348fcaf7efc5be5106,198,99.00,3.38,1,5,3,0.019259,0.511880,TopoStake,pog(D=3_omega=1.00),1.48,119,0
24,2,0x30509a8084fdfe6fe24d9c9a817c209ad194f8e3,4.659476,1772364679,afae800b34982c665039cacab01ec435cc32792b3de42b5ee596c62863402db1,219,73.00,3.85,1,5,4,0.019291,0.513236,TopoStake,pog(D=3_omega=1.00),2.40,120,0
24,3,0x07902d0371763a00d97ed9ba16ff0a206cb0fd19,10.546549,1772364681,4d8dd24567a158caf78248694e09e3e3e911858848c27b42813b006c5d586094,190,95.00,3.38,1,5,3,0.019336,0.514740,TopoStake,pog(D=3_omega=1.00),2.44,121,0
24,4,0x95ab54d268473cce82094026afefdbd5cadf418b,3.600024,1772364683,1496ddec01b49ff5bff831b392fb7a4491ef426c2836c0f14fa6c438fa479d9b,226,113.00,2.71,1,4,3,0.019635,0.516958,TopoStake,pog(D=3_omega=1.00),2.25,122,0
25,0,0x13f9dadc05f6c237b03411e2aed1800cf21a5d89,3.283311,1772364686,414f4f37e24525d7127fa4cf67d2df2845a24d920882b7cec18bd56629fc6e2d,159,79.50,4.27,1,6,4,0.019630,0.517619,TopoStake,pog(D=3_omega=1.00),2.22,123,0
25,1,0x58a21eeb7ab18ba8adf1296e66a4487076e95dac,5.093450,1772364688,f761f163139202acbacfc20d2fe7336d388c5ea5c4a7d9a006543743fb776adb,250,125.00,2.96,1,5,3,0.019610,0.517960,TopoStake,pog(D=3_omega=1.00),2.01,124,0
25,2,0xa7e4d4d949807065ebf85adc1be8c382c7236c15,0.217143,1772364690,f8da89dc40756281057c4a71723242ab74a80f22b87287e14a38e26f90ff4dea,186,93.00,3.71,1,5,4,0.019610,0.517964,TopoStake,pog(D=3_omega=1.00),1.69,125,0
25,3,0x89100a8056319ba37491b32ba255004180607bc2,5.789335,1772364692,8225046cd91b52610c65005be7e49cb08eb19d61b78eeec03b030994090bf3ae,194,97.00,4.05,1,6,4,0.019517,0.515670,TopoStake,pog(D=3_omega=1.00),1.68,126,0
25,4,0x28672c71695142588ed26ada6f4b18b8b6c12308,1.692533,1772364694,ab2e20e33976cf9de5292bc8ab25513faeeadfaeafe85d1ad2755df45523b49c,185,92.50,3.82,1,5,4,0.019600,0.517484,TopoStake,pog(D=3_omega=1.00),1.46,127,0
26,0,0x07902d0371763a00d97ed9ba16ff0a206cb0fd19,11.547933,1772364696,3a9039edac67adbd3d6670277941daab7a07e67fae4bf134da16e0141898efae,214,71.33,3.69,1,5,4,0.019513,0.515813,TopoStake,pog(D=3_omega=1.00),2.52,128,0
26,1,0x8719ca31b72ae8a5404006763c53d5ad503dbcb0,0.114710,1772364698,13e5e8d594e0450aea6a9cda40230cdd569c23819345f451290bc385fc3c69a7,206,103.00,2.67,1,4,3,0.019827,0.517955,TopoStake,pog(D=3_omega=1.00),2.38,129,0
26,2,0x81193196c1dbdbf80709d43a5af5ce21c201fbd7,0.837597,1772364701,c094c9c0629d15ae3056afff78d4937aa1492b717779bb0b03ae14614edb22a5,187,93.50,4.20,1,6,4,0.019674,0.513851,TopoStake,pog(D=3_omega=1.00),2.32,130,0
26,3,0xcb7977f4997b4252c0152e135dd79b3cfe35c1a5,1.627878,1772364702,d908bc0fab8652322ba4d9650294f3d6c6d2129caae4d674b522b0765bed7a77,239,119.50,3.87,1,6,4,0.019552,0.510870,TopoStake,pog(D=3_omega=1.00),2.13,131,0
26,4,0x5cd626f4b83428b146919d30f4b3e481d259a9dc,2.076395,1772364704,88363c652cc8f6b75a897a8f81a654270cdac21f03e1288fdc897767d6f2795c,40,40.00,4.12,3,5,4,0.019463,0.509049,TopoStake,pog(D=3_omega=1.00),1.80,132,0
27,0,0xe478b1e4d1538274c0c70cbd7df877f9abab2f62,2.298906,1772364706,c6909d21a3c623e09f4e47e4787be56d9ae2863d2d8078ccbaa8884deebd3930,197,98.50,3.95,1,6,4,0.019392,0.507946,TopoStake,pog(D=3_omega=1.00),1.49,133,0
27,1,0x269cdf52f97e1d9f14b7be895155a7b294f0b21d,3.728848,1772364708,c90e9f38fc8a8413611f152ad59e1f692aa511ea6f17018259d98ee97a2faeb4,215,107.50,4.07,1,5,4,0.019331,0.507134,TopoStake,pog(D=3_omega=1.00),1.55,134,0
27,2,0x075e1d95c7891e1c00414ca1aa9a7a8cf6270019,2.144196,1772364710,e4b7c8c5770d3f8f58e618ca84717169fbe55bac4eacdf4927228214432260fa,193,64.33,3.67,1,5,4,0.019324,0.507769,TopoStake,pog(D=3_omega=1.00),2.47,135,0
27,3,0x0d91704595bff3aec25d40822498a51c62b05e3a,0.571990,1772364712,49c8babdf85e35d276533fa24dcab7a81043667c36b657ef82c7dc51ea008aab,224,112.00,3.06,1,5,3,0.019257,0.506646,TopoStake,pog(D=3_omega=1.00),2.46,136,0
27,4,0xfb35fdafcfc84561a42700a4a1c274edeb75bdc1,0.060166,1772364715,240982e55a686769a4b7fadee54ca514a819aec13f377090857ceaa2d68d4429,209,104.50,3.22,1,5,3,0.019130,0.503350,TopoStake,pog(D=3_omega=1.00),2.28,137,0
28,0,0x0d91704595bff3aec25d40822498a51c62b05e3a,1.573031,1772364716,4d444c71e64040cb02a2663767420b088e38403ffef00c23a0148ed9ecaa0a69,195,97.50,3.97,1,5,4,0.018986,0.499175,TopoStake,pog(D=3_omega=1.00),2.21,138,0
28,1,0x4a217e35f6402e7f62a49f6d62e27c6585c2f3fd,3.493794,1772364718,f7b536bf09427456a3e2c6feee3c4ed306eae5ceb2b191b809b8b038b85dc690,170,170.00,3.34,1,5,3,0.018900,0.497182,TopoStake,pog(D=3_omega=1.00),1.48,139,0
28,2,0xd67aaaf210c0c36ddcb7055222d168b5c9dd1b36,2.189293,1772364720,186f15db3327f3a6a48b7a3687c6a5be828df834a768f6163cd392435f1c3c7a,181,90.50,3.63,1,5,4,0.018885,0.497600,TopoStake,pog(D=3_omega=1.00),1.54,140,0
28,3,0xa447d277b02012c2afd9ddcbbe123f27cc971963,1.808269,1772364722,13b20b2db3e4505c06bf1d01e7c9490e3fe1795776ce34d16a62257c42fb2109,185,92.50,3.96,1,5,4,0.018885,0.497603,TopoStake,pog(D=3_omega=1.00),1.49,141,0
28,4,0x07902d0371763a00d97ed9ba16ff0a206cb0fd19,12.549550,1772364724,478c682925aa8ea4d87fe63f7a4e6952e3ecb2f4d15db303cab4e24fa1110296,208,104.00,3.51,1,5,4,0.018746,0.494763,TopoStake,pog(D=3_omega=1.00),1.48,142,0
29,0,0xcdc82b7c868072205a399d0f68e6e3ad3bfd1ca6,0.206474,1772364726,e729a0e311f611f03e39c4a5f9e4c8db96da18a863a1f94a1445007006eac886,211,70.33,2.78,1,4,3,0.019057,0.496869,TopoStake,pog(D=3_omega=1.00),2.52,143,0
29,1,0x30509a8084fdfe6fe24d9c9a817c209ad194f8e3,5.660389,1772364728,4ac9911e3687a704bc39cde137d41875779e1854dda3fe031d0be0db91d6feef,220,110.00,3.65,2,5,4,0.018922,0.493026,TopoStake,pog(D=3_omega=1.00),2.47,144,0
29,2,0xc774b0fee7cabbef3b1ae14bf36db3df0d32c1df,3.174820,1772364731,16e53055f74f16bfe598567647d9c818c5defd4488bacd52e81c2ee284d47153,222,111.00,3.27,1,5,3,0.018981,0.494675,TopoStake,pog(D=3_omega=1.00),2.26,145,0
29,3,0x1796dc61e715f15a2d27dfa32bd34780f12a8c24,5.730188,1772364732,16fc32dafcd0d9c012280e32efbf03ebcb87cf566382f41f3dc918090748b72e,213,106.50,3.82,1,5,4,0.018951,0.494816,TopoStake,pog(D=3_omega=1.00),2.16,146,0
29,4,0x13f9dadc05f6c237b03411e2aed1800cf21a5d89,4.285247,1772364734,e98dee1597ca931d28b3e6bff8b0bc108697cf0939ed84963655377019af5ecf,85,85.00,3.41,1,5,3,0.019010,0.496388,TopoStake,pog(D=3_omega=1.00),1.60,147,0
30,0,0xd1cd4b808ce6b2841ad42746b64c5a047e857ef0,4.242242,1772364736,6841ce2859172c0d7a9a5d5988ca3895f7e7beedd94a9f1989c2f2618739ae59,175,87.50,3.15,1,5,3,0.019017,0.497412,TopoStake,pog(D=3_omega=1.00),1.47,148,0
30,1,0x50f7fa851f9314d682e36da5caa4635039b5305d,3.109332,1772364738,326a91c75105f4c8703ae9d80e10a89a22542429266a27b0df3b67555336dc94,218,109.00,3.87,1,6,4,0.019023,0.498312,TopoStake,pog(D=3_omega=1.00),1.45,149,0
30,2,0x07902d0371763a00d97ed9ba16ff0a206cb0fd19,13.550901,1772364740,1bef3dbae406651cc275095064f55ea6e8a242c23668b507b60447c0338a86be,190,95.00,3.38,1,5,3,0.018989,0.498311,TopoStake,pog(D=3_omega=1.00),1.48,150,0
30,3,0x0d91704595bff3aec25d40822498a51c62b05e3a,2.573778,1772364742,e463d3c337652e3b260951f344ca0ef23e5c7174dfa187a492a68b8027b89505,185,61.67,2.72,1,4,3,0.019306,0.500331,TopoStake,pog(D=3_omega=1.00),2.42,151,0
30,4,0x89100a8056319ba37491b32ba255004180607bc2,6.790114,1772364744,9f9e265e6189835bc70ab4e7c061f3a877e7f007a008e9b4125333754855eae2,237,118.50,3.20,1,5,3,0.019251,0.499687,TopoStake,pog(D=3_omega=1.00),2.33,152,0
31,0,0xd46407aa7b668c72de3cf1c1a12b7fa2e308a1b2,2.990526,1772364746,3311a5266eb7104b7895457fd1c8ed140708e3344398253125e533c186dc7bdb,189,94.50,3.79,1,5,4,0.019336,0.501520,TopoStake,pog(D=3_omega=1.00),2.19,153,0
31,1,0x1796dc61e715f15a2d27dfa32bd34780f12a8c24,6.730602,1772364748,304c76c3c91b795392d63d7da1d55f125d515107f472e5b32798052b2e4dea61,137,137.00,3.68,1,5,4,0.019294,0.501284,TopoStake,pog(D=3_omega=1.00),1.43,154,0
31,2,0xa9a524611994a27dd3134d643379aa14edf7cb39,0.094177,1772364750,1b179bd23f7aff1b9eb0e63db95a63af0227fcfe8ffdc84c31d363ccba326c38,223,111.50,3.28,1,5,3,0.019375,0.503018,TopoStake,pog(D=3_omega=1.00),1.63,155,0
31,3,0xd67aaaf210c0c36ddcb7055222d168b5c9dd1b36,3.190004,1772364752,14b050d992095df8be323fedfd288dd9d585b3b393a6b93ce4f53cfd30456688,197,98.50,3.70,1,5,4,0.019238,0.499071,TopoStake,pog(D=3_omega=1.00),1.54,156,0
31,4,0x408bb0bf84df50b21c53c74420987f172d4036a1,1.797976,1772364754,b69baf6a6ab930e52d3c0305a5633253442e23b1301d75803b07ccaa55d84c9e,202,101.00,3.87,1,5,4,0.019203,0.498954,TopoStake,pog(D=3_omega=1.00),1.52,157,0
32,0,0xd61b00c297972877b45f8d7f4d67fdaf20c67c59,0.334490,1772364756,6c2f61e52abd5445b2562336bb0e9c71385fe20e2bce46623dbfb471bdd6c56d,185,61.67,3.54,1,5,4,0.019123,0.497211,TopoStake,pog(D=3_omega=1.00),2.49,158,0
32,1,0x282f43759e22b50aa7989261c51c367f325c3f91,2.354048,1772364758,be4c8b80e612a529cb21a829682a05b67e7f09c8954cc5b55defb02d6ad816bb,204,102.00,4.50,1,6,5,0.018998,0.493660,TopoStake,pog(D=3_omega=1.00),2.50,159,0
32,2,0xcdc82b7c868072205a399d0f68e6e3ad3bfd1ca6,1.207400,1772364761,04dba06be282f9051024551f827aa4a56ca5d8e5db5e3df665a8ef509edaeb06,234,117.00,3.71,1,6,4,0.018938,0.492625,TopoStake,pog(D=3_omega=1.00),2.39,160,0
32,3,0x075e1d95c7891e1c00414ca1aa9a7a8cf6270019,3.145844,1772364762,ca225b289083eee6563dab612dd409c269ac1dec8c3bd1e8ff4bf0192e53db0a,241,120.50,3.44,1,5,4,0.018842,0.490247,TopoStake,pog(D=3_omega=1.00),2.17,161,0
32,4,0x016d3fc36beee7caa8fbd6c1caa42461dd7f9850,4.885038,1772364764,7164f3c0d122675a7a9709fe417fc55f48acb7214b7fa78971d31bd95c417e7a,82,82.00,3.28,1,5,3,0.018807,0.490034,TopoStake,pog(D=3_omega=1.00),1.35,162,0
33,0,0x6064b9f5883bf9737dfe314ff68c56e09e68ac89,3.192352,1772364766,613945edf28a03b88d0c65642cf9adec1c96213470f3e085c5dfae9856c77b15,197,98.50,3.17,1,4,3,0.018825,0.491271,TopoStake,pog(D=3_omega=1.00),1.46,163,0
33,1,0xac61c91e7d24df824351a6c4e562a75f0cf646f8,1.250737,1772364768,f32b27d18996304633a8f5158e27783dc6fdc12c968399a5b603bbdb82581d5f,186,93.00,3.83,2,5,4,0.018790,0.491025,TopoStake,pog(D=3_omega=1.00),1.50,164,0
33,2,0xd1cd4b808ce6b2841ad42746b64c5a047e857ef0,5.243186,1772364770,bbde69f2ae140b81dbb2cd87c910a85fa7bc4e4f5f41f64987e99df1ebdbb01b,192,64.00,4.04,1,6,4,0.018698,0.488663,TopoStake,pog(D=3_omega=1.00),2.52,165,0
33,3,0x719361397abe003a91af76243e5f9c7a0cd4279f,6.546169,1772364772,0718c47050c5530a922d77a31143b7c59fe98d6f5fb4067e69b3ab7b341aad32,198,99.00,3.93,1,6,4,0.018725,0.489941,TopoStake,pog(D=3_omega=1.00),2.54,166,0
33,4,0x13f9dadc05f6c237b03411e2aed1800cf21a5d89,5.286722,1772364774,ed17b5bc913e318c8c099105fef7cab5f7c24074781cf86679404d3e926a8915,195,97.50,3.79,1,5,4,0.018790,0.491551,TopoStake,pog(D=3_omega=1.00),2.46,167,0
34,0,0x13f9dadc05f6c237b03411e2aed1800cf21a5d89,6.287822,1772364777,9175b431cb545e5c876b14bc88cad181520ff13c6ba7619d20ee4a12b211d984,230,115.00,2.91,1,4,3,0.018816,0.492747,TopoStake,pog(D=3_omega=1.00),2.33,168,0
34,1,0xc774b0fee7cabbef3b1ae14bf36db3df0d32c1df,4.175659,1772364779,334f72612ddd706c425f0d4bef8fd1fa16c87b41b31293109e089a1154b7fabd,250,125.00,3.14,1,5,3,0.018816,0.492750,TopoStake,pog(D=3_omega=1.00),1.88,169,0
34,2,0xc774b0fee7cabbef3b1ae14bf36db3df0d32c1df,5.176232,1772364781,86041b8096af529404f36da4d6ee43baaf838c48e3da47aee45f3eeccd42a999,118,59.00,4.02,2,5,4,0.018863,0.494913,TopoStake,pog(D=3_omega=1.00),1.18,170,0
34,3,0x4a217e35f6402e7f62a49f6d62e27c6585c2f3fd,4.494370,1772364783,a4dc331f059e822aeca12c8357f40201396b3431cec478c996c5f95d5fed1192,209,104.50,4.02,1,5,4,0.018883,0.495979,TopoStake,pog(D=3_omega=1.00),1.46,171,0
34,4,0xd39dbd3662315e3935ec08e6b6028e73b3c09de2,4.925093,1772364785,6ded2a1cb6ca1b0ec003f636cbc2954e8506a1fc1ea20a382f1df16a9f1df246,212,70.67,3.64,1,5,4,0.018884,0.496782,TopoStake,pog(D=3_omega=1.00),2.50,172,0
35,0,0x89100a8056319ba37491b32ba255004180607bc2,7.790984,1772364787,2ddad69457f2713aa1bb89580945b269a573baa16177e6ebaf0b18db4c1e5309,180,90.00,4.54,1,6,5,0.018896,0.497672,TopoStake,pog(D=3_omega=1.00),2.42,173,0
35,1,0x016d3fc36beee7caa8fbd6c1caa42461dd7f9850,5.886160,1772364789,8784a52fa9dcf8dc998e71a273ae4eeac9e8c3bcec77002c808d3ab850f2d8c5,219,109.50,3.89,1,5,4,0.018987,0.499376,TopoStake,pog(D=3_omega=1.00),2.42,174,0
35,2,0x0d91704595bff3aec25d40822498a51c62b05e3a,3.575189,1772364791,6e6f79afaf24fef98884c11bf5fad04c2191e1de18e090e0d60b2db3bedf1733,250,125.00,3.11,1,4,3,0.019024,0.500586,TopoStake,pog(D=3_omega=1.00),2.16,175,0
35,3,0x075e1d95c7891e1c00414ca1aa9a7a8cf6270019,4.146621,1772364793,2bf687fec59d97d00d278fd7782b9843b6cfbab10bef0de1ec4de256caf6a46e,122,122.00,3.16,1,5,3,0.018995,0.500577,TopoStake,pog(D=3_omega=1.00),1.34,176,0
35,4,0x6064b9f5883bf9737dfe314ff68c56e09e68ac89,4.193074,1772364795,3d1d6a89f5be310a35aabb23c0304c7af213022510f071cd50971f46a8e8fc9b,223,111.50,3.16,1,5,3,0.018982,0.501037,TopoStake,pog(D=3_omega=1.00),1.62,177,0
36,0,0x07902d0371763a00d97ed9ba16ff0a206cb0fd19,14.553761,1772364797,a7eb7742379b5d8289704a32470dd519a541d8a408cce0dba0a9cd442353a5ac,219,109.50,3.86,1,5,4,0.018971,0.501454,TopoStake,pog(D=3_omega=1.00),1.52,178,0
36,1,0x63f4973c0df8a5358405f396dc0673a463c48de9,4.901049,1772364799,23f50cabb0d9654e48777e331a4b258536987e1d2a869c761435d4ca0729dd1b,203,101.50,2.74,1,4,3,0.019239,0.503255,TopoStake,pog(D=3_omega=1.00),1.52,179,0
36,2,0x0d91704595bff3aec25d40822498a51c62b05e3a,4.575745,1772364801,316bdac582ae9ed27efcba582b027091fe9c1591508c26c949bf5cd54d129082,209,69.67,3.50,1,5,4,0.019243,0.503979,TopoStake,pog(D=3_omega=1.00),2.46,180,0
36,3,0x282f43759e22b50aa7989261c51c367f325c3f91,3.355141,1772364803,c00a123ba98364efbc5b00cc91df5262fe5272e6df3d7504f83d607dc1123bd5,207,103.50,3.20,1,5,3,0.019238,0.504511,TopoStake,pog(D=3_omega=1.00),2.41,181,0
36,4,0x81d019380961f92c2031b0a7fba69f7675145088,0.491741,1772364806,c37d61bbe0ee2b6e103db81b78e6b85ab0b43edeccdd96c7d2c3d3c56e0069e8,219,109.50,3.84,1,5,4,0.019201,0.504232,TopoStake,pog(D=3_omega=1.00),2.38,182,0
37,0,0x07902d0371763a00d97ed9ba16ff0a206cb0fd19,15.554903,1772364807,b6a13f07fe63bdf8139d2168a4d38ac02672b40c29a1d6429c82c357ddf8680e,240,120.00,3.62,1,5,4,0.019088,0.501097,TopoStake,pog(D=3_omega=1.00),2.20,183,0
37,1,0x07902d0371763a00d97ed9ba16ff0a206cb0fd19,16.555653,1772364809,a47deae5e70a0d3d55b9f27cac6b0439d67795f39d82d98843e54d6a62f5a6e4,150,150.00,2.83,1,4,3,0.019369,0.502867,TopoStake,pog(D=3_omega=1.00),1.37,184,0
37,2,0xc339f8bf978200eb65afce6c7121402eda949097,0.076607,1772364811,3d334e2475e213f057f5d969d141bca595730ee87aaba9624adcf3faaeb0a683,189,94.50,2.84,2,4,3,0.019672,0.504623,TopoStake,pog(D=3_omega=1.00),1.49,185,0
37,3,0xf6e059718dbd0a0956726ab97d06bad5efc6cd18,1.013962,1772364813,e7ef1fc4bd4c9d1096e74925895179ce84ca3f8eee3098296e5037288359a746,194,97.00,4.32,1,6,4,0.019672,0.504626,TopoStake,pog(D=3_omega=1.00),1.47,186,0
37,4,0x34412315480562da4810040fd15c81f99880e1ab,2.897545,1772364815,471f7f421d53c65facb283383045c76678e657c8af5541fb260f84692c4804be,220,110.00,3.79,1,5,4,0.019445,0.498374,TopoStake,pog(D=3_omega=1.00),1.53,187,0
38,0,0x26d553a2f4343b3a7dc88bbd87b3d0a25d3838d9,3.218489,1772364817,7829d8833c2a24ee95ff3edfbe3489bb1cc7514171d7501071242c7993c56a2d,196,65.33,3.98,1,5,4,0.019393,0.497786,TopoStake,pog(D=3_omega=1.00),2.44,188,0
38,1,0x075e1d95c7891e1c00414ca1aa9a7a8cf6270019,5.148207,1772364819,7d89ceb559134fe6666280b632eb375d08aa56ee7fcb4ac4dc51faa1fe3289ec,223,111.50,3.78,1,5,4,0.019350,0.497331,TopoStake,pog(D=3_omega=1.00),2.47,189,0
38,2,0x28672c71695142588ed26ada6f4b18b8b6c12308,2.693194,1772364822,fef55250928ab486d99a3856e25870611ac7f51a3ffe6b0cb423d253c5d922a4,209,104.50,3.02,1,5,3,0.019354,0.498056,TopoStake,pog(D=3_omega=1.00),2.16,190,0
38,3,0x4ba33404d90c4ae989714d9d174cd882cffb7994,4.119394,1772364823,c8d0e26441846d25eb9e5231f2141dfb651f9b10234659be18920adaae76e194,194,97.00,3.62,1,5,4,0.019297,0.497238,TopoStake,pog(D=3_omega=1.00),1.98,191,0
38,4,0x26d553a2f4343b3a7dc88bbd87b3d0a25d3838d9,4.219535,1772364825,cd991fe3f882dbfc6e08f164169e4228f34e28fd7520d9ffc1a34f8d0c178da3,122,122.00,4.19,1,6,4,0.019276,0.497455,TopoStake,pog(D=3_omega=1.00),1.49,192,0
39,0,0x9ba702916c26a8583a7f277d6932b3c0d9927ce0,2.197505,1772364827,b60ee461604f36ecfd938125f6dff398ce8f2e79b1dcb8ed7ea1328b9b2e8b67,250,125.00,3.76,1,5,4,0.019257,0.497664,TopoStake,pog(D=3_omega=1.00),1.76,193,0
39,1,0x30509a8084fdfe6fe24d9c9a817c209ad194f8e3,6.662014,1772364829,6b75d6bce3aed7c2efa8004ecf0586acd4c04420508634fb6297c2f7fe6ce685,108,54.00,3.75,2,5,4,0.019189,0.496434,TopoStake,pog(D=3_omega=1.00),1.10,194,0
39,2,0xb2a7fe70a6f3137d38f6cb4c3ec6dd1e24f2d5f4,2.421847,1772364831,f2dee4f5fb98ede4256ce78ccc256d775e3afc13a2c3194e2a685a0f08e7e76f,181,90.50,3.38,1,5,3,0.019229,0.497756,TopoStake,pog(D=3_omega=1.00),1.53,195,0
39,3,0x26d553a2f4343b3a7dc88bbd87b3d0a25d3838d9,5.220718,1772364833,610803297f66271bd17f6d76069b183ff488a3cdf9dc1d10ddc91cbb9e595cc4,196,65.33,4.40,2,6,4,0.019166,0.496651,TopoStake,pog(D=3_omega=1.00),2.56,196,0
39,4,0xf5ecb44daf07a1d1073dbc89baf04bd7541fa517,1.067446,1772364835,cf6196ec69e77a000b602354a74fb2c2116f4610b221e70e7801e63cb07ff2e4,217,108.50,3.69,1,5,4,0.019170,0.497332,TopoStake,pog(D=3_omega=1.00),2.44,197,0
40,0,0x0d91704595bff3aec25d40822498a51c62b05e3a,5.577124,1772364838,975963379fcd75064cd5119df1ed57657c8fea48ebe4bb6f5e03f000f3452a79,192,96.00,3.94,1,6,4,0.019076,0.494912,TopoStake,pog(D=3_omega=1.00),2.28,198,0
40,1,0x075e1d95c7891e1c00414ca1aa9a7a8cf6270019,6.149429,1772364840,f508ac5bd3047736e941c242ad5a4f24da25461a4678a1b0a4272825b0a7efe8,250,125.00,3.24,1,5,3,0.019088,0.495743,TopoStake,pog(D=3_omega=1.00),1.93,199,0
40,2,0x0d91704595bff3aec25d40822498a51c62b05e3a,6.578343,1772364842,ba4d4a6cdda4d712fed2a93082a19e339e1580e3ad210572e22bdf5ce3c23373,120,60.00,3.12,1,5,3,0.019113,0.496834,TopoStake,pog(D=3_omega=1.00),1.35,200,0
40,3,0x60705151f1f537cacd5b801f3ef1b31dc3f605de,1.304201,1772364844,0114d603af62d466795e55b4287f19e918869818a813b92dcff3ea3a0d4b6c21,196,98.00,3.27,1,5,3,0.019113,0.496838,TopoStake,pog(D=3_omega=1.00),1.47,201,0
40,4,0xa447d277b02012c2afd9ddcbbe123f27cc971963,2.808698,1772364846,614468ad6f63852572a843de25aeebfd4bb4b87d7a1c05a0446d84d96a4b1fcd,209,104.50,4.21,2,6,4,0.019059,0.495778,TopoStake,pog(D=3_omega=1.00),1.48,202,0
41,0,0xd3997be86c88837e3fd467517b943590b28fa641,0.056303,1772364848,7feb66f1dc8f59d3c433f0c7e0db29a1515be2d689d7325bf1769eb51c59f3c4,222,74.00,3.44,1,5,3,0.019006,0.494945,TopoStake,pog(D=3_omega=1.00),2.46,203,0
41,1,0xac61c91e7d24df824351a6c4e562a75f0cf646f8,2.251127,1772364850,61c0580e1fd0df018ba834b6fa7524db847b14d587601be539ee24ee5f2f9a1d,222,111.00,4.06,1,6,4,0.018891,0.491378,TopoStake,pog(D=3_omega=1.00),2.48,204,0
41,2,0x63f4973c0df8a5358405f396dc0673a463c48de9,5.901855,1772364853,a249f2210b0b7ce37bb47e09854e49ca3d13ca1ad3c45577c8cb9fbb452cfc7c,231,115.50,3.88,1,6,4,0.018826,0.490109,TopoStake,pog(D=3_omega=1.00),2.30,205,0
41,3,0x4ba33404d90c4ae989714d9d174cd882cffb7994,5.119778,1772364854,3bea228a16f1d1e591a6b4e1ad297b091bcd7fd82dd94fd36447553d25e30b9d,245,122.50,3.60,2,5,4,0.018844,0.490994,TopoStake,pog(D=3_omega=1.00),2.00,206,0
41,4,0xa068e3c9a21c8d8be636cd2d285895979ec3262e,0.966526,1772364856,0f15e73f566471df2a0f4a8f14335a67a7fbcaaa78755f422868ef8edf38455b,28,28.00,4.36,1,6,4,0.018844,0.491501,TopoStake,pog(D=3_omega=1.00),1.82,207,0
42,0,0x28672c71695142588ed26ada6f4b18b8b6c12308,3.694023,1772364858,782a79f93fe9ec3ead2e4c733c0f9566d9a82a6440dec083c6c3b0ac44a0b709,192,96.00,4.28,1,6,5,0.018844,0.491504,TopoStake,pog(D=3_omega=1.00),1.51,208,0
42,1,0x016d3fc36beee7caa8fbd6c1caa42461dd7f9850,6.887744,1772364860,5bbc1f956d30c4f2c953c73776f5e45219d5137c7dbacac7fa67e72e0ba0a3af,217,72.33,3.59,1,5,4,0.018719,0.488775,TopoStake,pog(D=3_omega=1.00),2.54,209,0
42,2,0x4ba33404d90c4ae989714d9d174cd882cffb7994,6.119846,1772364862,a5db372791c7da61314ba87461a9a1f88095811689cb73f515f33730a6169c82,200,100.00,3.15,1,4,3,0.018757,0.489994,TopoStake,pog(D=3_omega=1.00),2.42,210,0
42,3,0x1cb1274c711a6c2e4e1596846e6ac604eeefb358,0.405876,1772364865,33adcde2bc35e7342fbf47618542d2ec91e199152f091e2e9d7e1f0798e28013,171,85.50,4.44,1,6,4,0.018777,0.490885,TopoStake,pog(D=3_omega=1.00),2.49,211,0
42,4,0xd3997be86c88837e3fd467517b943590b28fa641,1.057248,1772364866,bd3be96dfdee1653c2a79f1cc053ccc3fad59f88d055551f577f110bfda15316,248,124.00,3.40,1,5,4,0.018674,0.487752,TopoStake,pog(D=3_omega=1.00),2.08,212,0
43,0,0x0d91704595bff3aec25d40822498a51c62b05e3a,7.579519,1772364868,d0ed3b49517b652a0d28eac29dfd14a2a8576695b3b07901aa2ea9f7951f59e9,122,122.00,3.96,1,5,4,0.018585,0.485275,TopoStake,pog(D=3_omega=1.00),1.42,213,0
43,1,0x282f43759e22b50aa7989261c51c367f325c3f91,4.356231,1772364870,35791299902f76b08ace5e5ee50912a4a13880bddc5a3ea616619b5ab54c9e8b,239,119.50,3.40,1,5,3,0.018636,0.486693,TopoStake,pog(D=3_omega=1.00),1.65,214,0
43,2,0x07902d0371763a00d97ed9ba16ff0a206cb0fd19,17.558576,1772364872,d719baec0fb5ffab56d60ca8d64c8a2991eb26ed4894a5b80a51302d3b304ba9,220,110.00,3.92,1,6,4,0.018618,0.486891,TopoStake,pog(D=3_omega=1.00),1.44,215,0
43,3,0x8c11ec9090dd820c076e57e899d9c604c79d6b32,6.569343,1772364874,bd3e54435f459d09e9d26d45bffd725e21c5202fe92171f0b8e747130045cee5,184,92.00,2.75,1,4,3,0.018876,0.488525,TopoStake,pog(D=3_omega=1.00),1.54,216,0
43,4,0xcb7977f4997b4252c0152e135dd79b3cfe35c1a5,2.626831,1772364876,33a3ac6ab42d670b8e547575162374167c0c770c714a9362b6f48beb11a4f973,193,64.33,4.26,1,6,4,0.018902,0.489490,TopoStake,pog(D=3_omega=1.00),2.50,217,0
44,0,0xa3786e459f289a76c0e8af8ad834e3d0c6d47199,8.729257,1772364879,1d7909609c47001f16c0160fbaa8c2dabe0911db11f76563f588131018c73a7a,195,97.50,4.06,1,6,4,0.018845,0.488491,TopoStake,pog(D=3_omega=1.00),2.45,218,0
44,1,0x89100a8056319ba37491b32ba255004180607bc2,8.791976,1772364880,95da47638fe34603bca44c6fd6964c61a6db0c94a7d21162b60ecf4763117b73,213,106.50,4.06,1,6,4,0.018914,0.490032,TopoStake,pog(D=3_omega=1.00),2.35,219,0
44,2,0xb2a7fe70a6f3137d38f6cb4c3ec6dd1e24f2d5f4,3.422420,1772364882,6b2dfc9f327b38e3823315f62a50e1425d0bc5fa9b9b75507c49ab03ae25cb70,171,171.00,3.71,1,5,4,0.018983,0.491510,TopoStake,pog(D=3_omega=1.00),1.49,220,0
44,3,0x3d92e045fb1847aae132b40ebfcc471a32f687de,0.125859,1772364884,07555383dc03410fbc6592dc7aaba6adcc47b164b8ed9dc0f7bd87f9667474a3,216,108.00,4.23,1,6,4,0.018942,0.491064,TopoStake,pog(D=3_omega=1.00),1.63,221,0
44,4,0x269cdf52f97e1d9f14b7be895155a7b294f0b21d,4.729133,1772364886,fde2fcb6e0a96e3adc42917d53c949eef05816f7dbf2529ac831254d253b4bd7,180,90.00,4.06,1,5,4,0.018835,0.487687,TopoStake,pog(D=3_omega=1.00),1.52,222,0
45,0,0x28672c71695142588ed26ada6f4b18b8b6c12308,4.695041,1772364888,085ac2d2a74259a249acc3d1981aaf1849e353e8e4a8cb7202111018ae8d9757,217,72.33,3.66,1,5,4,0.018821,0.487989,TopoStake,pog(D=3_omega=1.00),2.51,223,0
45,1,0xa068e3c9a21c8d8be636cd2d285895979ec3262e,1.967207,1772364890,2838caad1f3a1864cdb633636193f81df3d890743b0a94970e918747f66bfeb7,213,106.50,3.59,1,5,4,0.018806,0.488216,TopoStake,pog(D=3_omega=1.00),2.45,224,0
45,2,0x63f4973c0df8a5358405f396dc0673a463c48de9,6.902990,1772364892,5fa709f3f5e1412d4e14b8f0506ca8b02baa5cb3249989d2e8bd15416a1a3b38,230,115.00,4.42,1,6,5,0.018737,0.486700,TopoStake,pog(D=3_omega=1.00),2.52,225,0
45,3,0x07902d0371763a00d97ed9ba16ff0a206cb0fd19,18.560118,1772364894,a3bcd62839da4f4f59d6db1c389c6378ead3efc8ef8f1a70d818806e989b9ba8,250,125.00,3.48,1,5,4,0.018765,0.487733,TopoStake,pog(D=3_omega=1.00),2.35,226,0
45,4,0x606627477c3734932f47972f83c27cf4e3b35b4f,3.375432,1772364896,207c63c02c05e2f4957df671ec359b3e8759c07796ba72fd7bbc9fd1034ff6d5,118,118.00,2.70,1,4,3,0.019020,0.489307,TopoStake,pog(D=3_omega=1.00),1.65,227,0
46,0,0xd3997be86c88837e3fd467517b943590b28fa641,2.057650,1772364898,ea0f763efadebdb2d082111e430fff3ad401bcd67f48a75eb5185ffc24b477b9,197,98.50,3.59,1,5,4,0.018977,0.488787,TopoStake,pog(D=3_omega=1.00),1.55,228,0
46,1,0x075e1d95c7891e1c00414ca1aa9a7a8cf6270019,7.151214,1772364900,934ce4787bf5d6104603f78b2926bc01180dfb7264dd92337ab6f7cef972a392,223,111.50,4.16,1,6,4,0.018909,0.487319,TopoStake,pog(D=3_omega=1.00),1.51,229,0
46,2,0x81d019380961f92c2031b0a7fba69f7675145088,1.492144,1772364902,2a725e31219611c5bfbad2f76ff8cbcd6d128e9446d1610d9003415767f8b2d0,194,97.00,3.15,1,5,3,0.018939,0.488414,TopoStake,pog(D=3_omega=1.00),1.56,230,0
46,3,0xac61c91e7d24df824351a6c4e562a75f0cf646f8,3.251997,1772364904,675db7cb499ab6a917e14fc8c0830b521e73f4dfba6ef35b52ce786a44490556,197,65.67,3.67,1,5,4,0.018860,0.486402,TopoStake,pog(D=3_omega=1.00),2.52,231,0
46,4,0x13f9dadc05f6c237b03411e2aed1800cf21a5d89,7.290901,1772364907,0b3d1945ee0852b122938cbb418f883ac4d818cf3acbf1144e609430e2d64587,209,104.50,4.01,1,6,4,0.018816,0.485759,TopoStake,pog(D=3_omega=1.00),2.50,232,0
47,0,0x9ba702916c26a8583a7f277d6932b3c0d9927ce0,3.197528,1772364908,da099961912d0fadb614be52097ea01998f86a9fb8118588bb51457604a30990,250,125.00,2.90,1,5,3,0.018847,0.486854,TopoStake,pog(D=3_omega=1.00),2.14,233,0
47,1,0x075e1d95c7891e1c00414ca1aa9a7a8cf6270019,8.152254,1772364910,e3254750966aa5a94d65bfccb9d2e57aba408a82612ca1e53c56cb4f8028dcb9,128,128.00,3.62,1,5,4,0.018801,0.486119,TopoStake,pog(D=3_omega=1.00),1.39,234,0
47,2,0x075e1d95c7891e1c00414ca1aa9a7a8cf6270019,9.153364,1772364912,59037a0352ec6fd0642b062d523c869026311e147f0b72964d51d6f0578c31e3,230,115.00,3.17,1,5,3,0.018848,0.487442,TopoStake,pog(D=3_omega=1.00),1.69,235,0
47,3,0x075e1d95c7891e1c00414ca1aa9a7a8cf6270019,10.154289,1772364914,ad678e87a00ab32faae757c76109f2f5deb0d930b5a7ee9987f5682aaeeff462,187,93.50,3.09,1,5,3,0.018912,0.488839,TopoStake,pog(D=3_omega=1.00),1.53,236,0
47,4,0x13f9dadc05f6c237b03411e2aed1800cf21a5d89,8.292167,1772364916,9c9968b9eea69ab3fd5587d91ab6991c85138f2b8829a5a19e2abefaf0b115b1,195,97.50,3.11,1,5,3,0.018993,0.490303,TopoStake,pog(D=3_omega=1.00),1.49,237,0
48,0,0x3513d672439a59c26cc5711f2b715ccb4810a774,5.295433,1772364918,6c58e517998eb255e50e7f4d6e286a254ef5a4e1bdf1eba5a2f6c9ef262b4b4f,211,70.33,2.99,1,5,3,0.019040,0.491557,TopoStake,pog(D=3_omega=1.00),2.48,238,0
48,1,0x6064b9f5883bf9737dfe314ff68c56e09e68ac89,5.193527,1772364921,bb45c43bed29930ad61f72fb31bd7529137050782386274e8aec619b51f2d428,224,112.00,3.73,1,5,4,0.019030,0.491960,TopoStake,pog(D=3_omega=1.00),2.40,239,0
48,2,0x13f9dadc05f6c237b03411e2aed1800cf21a5d89,9.293222,1772364922,fd9e1ed18251260ee13e73ec8f4c4891a80725dc3a614ec92d4ef6eb546fbd30,220,110.00,3.74,1,5,4,0.019019,0.492249,TopoStake,pog(D=3_omega=1.00),2.15,240,0
48,3,0xaadc5fea232580cb8fba739ac5d05a48559c7e52,1.353242,1772364924,6682b2bf10a83289c932717d0dc5904d6549d2636565269d3ab0829c78a23d4f,136,136.00,3.11,2,5,3,0.019081,0.493567,TopoStake,pog(D=3_omega=1.00),1.40,241,0
48,4,0x30509a8084fdfe6fe24d9c9a817c209ad194f8e3,7.663226,1772364926,472149def83dd330bcd9c261b7553a31b19a28d4985603930f8079e3659a9367,211,105.50,4.24,2,6,4,0.019000,0.491433,TopoStake,pog(D=3_omega=1.00),1.57,242,0
49,0,0x408bb0bf84df50b21c53c74420987f172d4036a1,2.797708,1772364928,3d3f5550282794b6fb61672dac6257be76fc2c3bdca98c1201b04b81df44d57e,203,101.50,3.42,1,5,4,0.019032,0.492536,TopoStake,pog(D=3_omega=1.00),1.52,243,0
49,1,0xc339f8bf978200eb65afce6c7121402eda949097,1.076326,1772364930,03556799596e38385f42eeb6ac9572c48af043259dce2e2fb46ed280dc8d8908,212,70.67,3.57,1,5,4,0.018977,0.491525,TopoStake,pog(D=3_omega=1.00),2.49,244,0
49,2,0x6d6b2734a20229ddd7fd4a1470ba3e3bad4e4a85,4.643730,1772364932,c10b3595e89320946a3271264664274e10f356443e901383f7e14b8a27f3477a,195,97.50,4.24,1,6,4,0.018893,0.489144,TopoStake,pog(D=3_omega=1.00),2.44,245,0
49,3,0x075e1d95c7891e1c00414ca1aa9a7a8cf6270019,11.155401,1772364935,304e47b1c948e7e7ca1ffad94178c9231690154006cc3126ba8d0217e26676b3,250,125.00,3.57,1,5,4,0.018871,0.489234,TopoStake,pog(D=3_omega=1.00),2.32,246,0
49,4,0x28672c71695142588ed26ada6f4b18b8b6c12308,5.695945,1772364937,4e67dd0f6811e0ca30aac3bbd013291ee6c7d56edcacfbf9fbe9e430b10d7f1f,233,116.50,2.98,1,5,3,0.018962,0.490653,TopoStake,pog(D=3_omega=1.00),1.97,247,0
50,0,0x687bf2437a044a3e42ff2f8a79a8e54ba9601f70,1.064218,1772364939,e1d31b2c04a7740c2877db5781d5582ae64686ea1ecc390083b12db2796a563f,205,102.50,3.68,1,5,4,0.018958,0.491163,TopoStake,pog(D=3_omega=1.00),1.66,248,0
50,1,0x50f7fa851f9314d682e36da5caa4635039b5305d,4.110229,1772364941,b1040c1fc0928474622a8c94812744812165680bcc077e5ccc33d77230005c9f,213,106.50,3.85,1,5,4,0.018874,0.488743,TopoStake,pog(D=3_omega=1.00),1.57,249,0
50,2,0x8c11ec9090dd820c076e57e899d9c604c79d6b32,7.570029,1772364943,fa8ea8280381486d6625168583a1b54dad052f103339e6ecada4c915a32c42b1,217,108.50,3.36,1,5,3,0.018843,0.488634,TopoStake,pog(D=3_omega=1.00),1.45,250,0
50,3,0x30509a8084fdfe6fe24d9c9a817c209ad194f8e3,8.664348,1772364945,56baf7abb8d755de8bd6d92a99005f1a4794736fc0ecfd8133c39dd45070d272,204,68.00,4.09,1,6,4,0.018870,0.489643,TopoStake,pog(D=3_omega=1.00),2.44,251,0
50,4,0x075e1d95c7891e1c00414ca1aa9a7a8cf6270019,12.156768,1772364947,f0fa8c8442392cacc66926494c759aa665d8b92f01aad12e593d9b991e4d607d,230,115.00,3.38,1,5,3,0.018915,0.490807,TopoStake,pog(D=3_omega=1.00),2.40,252,0
51,0,0x28672c71695142588ed26ada6f4b18b8b6c12308,6.696840,1772364950,eb2177139423d15c47a96b710e537172f1e274f33be28c26c18cf62a6bb71991,250,125.00,2.97,1,4,3,0.019017,0.492196,TopoStake,pog(D=3_omega=1.00),2.20,253,0
51,1,0x37cc7a82e66d4f4c2ae13b9ee895d3af1a1d7a05,2.264020,1772364951,3ceec7f2c759d2302e5ac8a74801927c3a959fdb5497f1f14de0977eb342f5f7,214,107.00,3.56,1,5,4,0.019028,0.492925,TopoStake,pog(D=3_omega=1.00),2.01,254,0
51,2,0x58a21eeb7ab18ba8adf1296e66a4487076e95dac,6.093174,1772364953,b3827b88340309c0d5ea36be2ed8d00e5d4b04e03e31573798d370de10ee1a36,84,84.00,4.02,2,5,4,0.018964,0.491614,TopoStake,pog(D=3_omega=1.00),1.45,255,0
51,3,0x3d92e045fb1847aae132b40ebfcc471a32f687de,1.126326,1772364955,68f5501410fe4135d90cd7ea8337e4a23634ead3c2d50ee4218ec6906ef2265e,217,108.50,3.91,1,5,4,0.018964,0.492204,TopoStake,pog(D=3_omega=1.00),1.49,256,0
51,4,0x269cdf52f97e1d9f14b7be895155a7b294f0b21d,5.730074,1772364957,476e356218c0bbf43ed6e4350b5b9124cb55ec95d0ed55d5930008115a2aae2f,209,104.50,4.06,1,5,4,0.018882,0.489829,TopoStake,pog(D=3_omega=1.00),1.43,257,0
52,0,0x3513d672439a59c26cc5711f2b715ccb4810a774,6.296317,1772364959,0ec0791bf23021b6dcc1174f738d4e4f75ca9044b68b05b1810aec159d5f4603,195,65.00,3.65,1,5,4,0.018876,0.490252,TopoStake,pog(D=3_omega=1.00),2.48,258,0
52,1,0xc577329e86aaecb006f17fb90499c54671119935,0.317237,1772364962,fc1a726b55d53ba829abc6738cfb7b7d487065b02d7f300f6730a8213ce1aa2c,203,101.50,3.75,1,5,4,0.018879,0.490820,TopoStake,pog(D=3_omega=1.00),2.45,259,0
52,2,0x07902d0371763a00d97ed9ba16ff0a206cb0fd19,19.563073,1772364963,259ff1c5ec99f0d40067dbf17767fb8f6436064f32d6c2618bee64ef44095bef,226,113.00,3.89,1,6,4,0.018785,0.487880,TopoStake,pog(D=3_omega=1.00),2.20,260,0
52,3,0xc339f8bf978200eb65afce6c7121402eda949097,2.077014,1772364965,a657341cd5ce909979259e985438382aa743b1cc69c512364f217169f293082c,122,122.00,2.76,1,4,3,0.019000,0.489302,TopoStake,pog(D=3_omega=1.00),1.47,261,0
52,4,0x30509a8084fdfe6fe24d9c9a817c209ad194f8e3,9.665461,1772364967,6fe1a5e05ccda56c282af98759d85574575917d9c43dd727f189500fd20aac3f,171,85.50,4.33,1,6,4,0.018934,0.487826,TopoStake,pog(D=3_omega=1.00),1.55,262,0
53,0,0x34d94cc0534eb50dec7956bea31407428d6d5ef8,1.084551,1772364969,a4bea7b61f5c535c8d8368ef3187fcce748cae7cee76f7144b0631bd78cfbb59,213,106.50,3.38,1,5,3,0.018988,0.489082,TopoStake,pog(D=3_omega=1.00),1.59,263,0
53,1,0x07902d0371763a00d97ed9ba16ff0a206cb0fd19,20.563821,1772364971,d257b3994a2c6a0ffabac0849e21533191bcda4129c5b2fd10853b768e34fc79,189,63.00,3.74,1,5,4,0.018907,0.486665,TopoStake,pog(D=3_omega=1.00),2.50,264,0
53,2,0xb7b4ee0a72bc410bf6d32b9cd3f3e11fc756d6f1,0.078998,1772364974,99a5eada79f033ecfa21dab50eba07b4f2d328882a0bceb7e1dd44aeeda9b7a0,227,113.50,2.67,2,4,3,0.019130,0.488074,TopoStake,pog(D=3_omega=1.00),2.26,265,0
53,3,0x1cb1274c711a6c2e4e1596846e6ac604eeefb358,1.406722,1772364975,e816b87c4252a813b7317f2d35f96848ea1ad5ea86732449b57ed29eaeaecce5,204,102.00,3.79,1,6,4,0.019033,0.484971,TopoStake,pog(D=3_omega=1.00),2.24,266,0
53,4,0x1796dc61e715f15a2d27dfa32bd34780f12a8c24,7.732887,1772364977,9c1249f498133c5958c9bde5796619c1186bab68ceaff70bd108a22ee8376b1a,123,123.00,3.37,1,5,3,0.018957,0.482822,TopoStake,pog(D=3_omega=1.00),1.50,267,0
54,0,0x30509a8084fdfe6fe24d9c9a817c209ad194f8e3,10.666579,1772364979,ff533f3b2068da1e67460e406c391497b15e66140fb744834d4bb2d8d83c2a78,229,114.50,3.36,1,5,3,0.018978,0.483787,TopoStake,pog(D=3_omega=1.00),1.66,268,0
54,1,0xf13caa2c5f6f6cf61e51290bfa7826a9140b4faf,0.042347,1772364981,8d327e49289c55c20a859ded1e227bacfd0ab4e28526c9a840b259d2e9dc7b60,208,104.00,3.37,1,5,3,0.019044,0.485078,TopoStake,pog(D=3_omega=1.00),1.49,269,0
54,2,0xeaa5003682d7289190651081ae2bee847097afc5,0.757809,1772364983,e46c8b6bfe487f91d8fb420f028b111351ef22c6dd5d9fd5fbf0f4e01370ea8e,194,97.00,4.27,1,6,4,0.018948,0.481936,TopoStake,pog(D=3_omega=1.00),1.54,270,0
54,3,0x1796dc61e715f15a2d27dfa32bd34780f12a8c24,8.734051,1772364985,12ab68457c08f18e30e00d87c15163e5065abb704a645a9f785255143933801a,185,61.67,4.25,1,6,4,0.018863,0.479277,TopoStake,pog(D=3_omega=1.00),2.52,271,0
54,4,0xe478b1e4d1538274c0c70cbd7df877f9abab2f62,3.298058,1772364987,ae8d2f9b21369b3f2410b86e5a89d38146a9381df95de1f152f7be085f6c1877,192,96.00,3.36,1,5,3,0.018898,0.480351,TopoStake,pog(D=3_omega=1.00),2.42,272,0
55,0,0x606627477c3734932f47972f83c27cf4e3b35b4f,4.375753,1772364990,e12e05aa04b3faf6ad6f55944b8c0eaca06e2a9407e4032ce51f2cf4e24aadaa,199,99.50,4.04,2,5,4,0.018852,0.479684,TopoStake,pog(D=3_omega=1.00),2.41,273,0
55,1,0x311eb133eb413ac3f21249889bb101e5d40820ce,4.136209,1772364992,d0079954eeb64b9a17afc185c8c3d58d62a6a941c3d47d6a48d1a71f9c58c59b,250,125.00,3.60,1,5,4,0.018822,0.479654,TopoStake,pog(D=3_omega=1.00),2.12,274,0
55,2,0x28672c71695142588ed26ada6f4b18b8b6c12308,7.697792,1772364994,a1e8b8ef3d0340b8d4fb99c5e7b4db63c3577994ecb8b19340e4b39ee50c9ac2,143,71.50,3.75,1,5,4,0.018822,0.479656,TopoStake,pog(D=3_omega=1.00),1.69,275,0
55,3,0x282f43759e22b50aa7989261c51c367f325c3f91,5.356599,1772364996,36f3691b23376113adb87aebc9d2b13ca155e8c3bac69d80988c416062fc5927,170,85.00,3.53,1,5,4,0.018807,0.480377,TopoStake,pog(D=3_omega=1.00),1.55,276,0
55,4,0x075e1d95c7891e1c00414ca1aa9a7a8cf6270019,13.158976,1772364998,d2fafec286f804963258c624eaa38407faaf9c144902596f641e423320986dbc,213,71.00,3.94,1,5,4,0.018791,0.480601,TopoStake,pog(D=3_omega=1.00),2.52,277,0
56,0,0x07902d0371763a00d97ed9ba16ff0a206cb0fd19,21.565751,1772365000,f6743151a9d0b692f6c93859da4dc594532a72615fbf2bf77da9b35b44b56be4,200,100.00,3.15,1,5,3,0.018889,0.481925,TopoStake,pog(D=3_omega=1.00),2.35,278,0
56,1,0xd39dbd3662315e3935ec08e6b6028e73b3c09de2,5.924326,1772365003,c9507e3d68e535c193ed8098d8d19defba127772c5e8fb3e4ee99e3fffc67d5f,244,122.00,2.69,2,4,3,0.019107,0.483295,TopoStake,pog(D=3_omega=1.00),2.13,279,0
56,2,0x8c11ec9090dd820c076e57e899d9c604c79d6b32,8.570820,1772365004,7f9742cf37553b8e0cd6ceebfae91c2fcb9c2c2c0f5fd981cc2e03f0ffbb1b5a,179,89.50,4.28,1,6,5,0.019097,0.483669,TopoStake,pog(D=3_omega=1.00),2.28,280,0
56,3,0x3d92e045fb1847aae132b40ebfcc471a32f687de,2.127043,1772365006,7cb205f56e20341412d396b9c4419c2f4fdbb8c0824e606e4abaf297e9af4e31,144,144.00,4.10,1,6,4,0.019125,0.484644,TopoStake,pog(D=3_omega=1.00),1.60,281,0
56,4,0x1cb1274c711a6c2e4e1596846e6ac604eeefb358,2.407074,1772365008,cae1f230b193792990e9166eed4e35d934164ec3ec0fe3709d2508cab2d90a82,207,103.50,4.02,1,5,4,0.019060,0.483236,TopoStake,pog(D=3_omega=1.00),1.55,282,0
57,0,0x1cb1274c711a6c2e4e1596846e6ac604eeefb358,3.408009,1772365010,56c48c91bf6fd182ffaedc78704186191ad166388e2bc767bb329e4c437833ae,187,93.50,3.59,2,5,4,0.019000,0.481996,TopoStake,pog(D=3_omega=1.00),1.51,283,0
57,1,0xcb7977f4997b4252c0152e135dd79b3cfe35c1a5,3.626936,1772365012,b8131d82eb808c21524bec3340344a571adcf9d249b4489cbefd1c3d0caf71f8,160,53.33,3.49,1,5,4,0.018955,0.481353,TopoStake,pog(D=3_omega=1.00),2.47,284,0
57,2,0x07902d0371763a00d97ed9ba16ff0a206cb0fd19,22.567175,1772365015,3734d226bdae7b9c677690eaf1ede87d6368d25015ad43ceb4badccd075749fb,196,98.00,4.14,1,6,4,0.018912,0.480818,TopoStake,pog(D=3_omega=1.00),2.45,285,0
57,3,0x4a217e35f6402e7f62a49f6d62e27c6585c2f3fd,5.494293,1772365016,044af105670c21e17ff3576994d6c5463a3fb619d30c961698edcc53cf87417c,250,125.00,2.78,1,4,3,0.018912,0.480818,TopoStake,pog(D=3_omega=1.00),2.16,286,0
57,4,0x13f9dadc05f6c237b03411e2aed1800cf21a5d89,10.295639,1772365018,e541ccf88382209f71e38b1fd8d5430a077b6a286aa8446c7aff3facc79a1685,44,44.00,3.77,2,5,4,0.018896,0.481010,TopoStake,pog(D=3_omega=1.00),1.98,287,0
58,0,0x4414c05be2cf328f38d2e3ef4b705d6b894f044a,2.086201,1772365020,e6164904c858020689ab9560bc16cb125d55a6f3755c61dc5b893270a8fadc16,197,98.50,3.08,1,5,3,0.018947,0.482195,TopoStake,pog(D=3_omega=1.00),1.45,288,0
58,1,0x9ba702916c26a8583a7f277d6932b3c0d9927ce0,4.197466,1772365022,50727559fa3035acaecd0f6c67e44cedbb47c2aa1597f710a1f03b432ca3b519,198,99.00,3.89,1,5,4,0.018883,0.480692,TopoStake,pog(D=3_omega=1.00),1.51,289,0
58,2,0x8c11ec9090dd820c076e57e899d9c604c79d6b32,9.571490,1772365024,6ddd3e276ed741fb15e7286b881d0ae16656238031558a56e4c25f2628dfd9d4,212,70.67,3.62,1,5,4,0.018849,0.480475,TopoStake,pog(D=3_omega=1.00),2.52,290,0
58,3,0x6064b9f5883bf9737dfe314ff68c56e09e68ac89,6.194131,1772365026,c775ddb31f0af3621a6a5abd95905078b08c2efdb78d9a30eb90ac9248f07d53,216,108.00,4.12,1,6,4,0.018888,0.481571,TopoStake,pog(D=3_omega=1.00),2.53,291,0
58,4,0x786f26993bf015cd2da6fb5d3ccd1879e01246ab,2.289467,1772365029,bd027dbbe7a1c5d5c9b38f8a3482b8f58d047cbdcc32abd1b533e0e42e216cd3,185,92.50,3.75,1,5,4,0.018881,0.481980,TopoStake,pog(D=3_omega=1.00),2.46,292,0
59,0,0xd1cd4b808ce6b2841ad42746b64c5a047e857ef0,6.242633,1772365030,da31bdf505957572be06d5eaa92f8c53c50ed07af5767e30f2fa1ee0f13cc6b8,211,105.50,3.96,1,5,4,0.018820,0.480607,TopoStake,pog(D=3_omega=1.00),2.36,293,0
59,1,0x213068cb42718d1dd6d00a6d94d62a3def0e68eb,1.368524,1772365032,de818cc18b8e29264cd27d772c09da2705c6d2e1079e2e46aad18a73a6604b74,153,153.00,3.69,1,6,4,0.018813,0.480986,TopoStake,pog(D=3_omega=1.00),1.50,294,0
59,2,0x13f9dadc05f6c237b03411e2aed1800cf21a5d89,11.296879,1772365034,11cc89e525b53356105d765b3870a1cc409f673979d4a3c8309aee2da5fd3dec,250,125.00,3.65,1,5,4,0.018741,0.478862,TopoStake,pog(D=3_omega=1.00),1.64,295,0
59,3,0xb990cdf21950e6086c350175c4bc504e45858230,2.122908,1772365036,98db7c8ce4bf34a2fe316543517dc4cc29a16fffcc4419a41e463ce7838136ce,117,58.50,3.01,1,5,3,0.018802,0.480060,TopoStake,pog(D=3_omega=1.00),1.10,296,0
59,4,0x0d91704595bff3aec25d40822498a51c62b05e3a,8.581942,1772365038,5c37431d0aef63517528df09c9bf9c244c32a64b06dbf8bea4dba52386bbf951,211,70.33,3.99,1,5,4,0.018740,0.478520,TopoStake,pog(D=3_omega=1.00),2.43,297,0
60,0,0xea287b266dbe2c2d402fd91814bcfc4c95d6b0fd,0.158438,1772365040,095ad93d640684e50b9952453bad55112954ec5694cbff117ed79614ff301f11,178,89.00,3.20,1,5,3,0.018763,0.479419,TopoStake,pog(D=3_omega=1.00),2.52,298,0
60,1,0x07902d0371763a00d97ed9ba16ff0a206cb0fd19,22.567898,1772365043,a5416a4ecedb5e1c37663e5e12ded2d766a01d689320aeb6b432df234a3b6a1c,213,106.50,3.98,1,6,4,0.018676,0.476536,TopoStake,pog(D=3_omega=1.00),2.48,299,0
60,2,0x89100a8056319ba37491b32ba255004180607bc2,9.792329,1772365044,ee927e613171a4a39c564a00beabff6e320d82c9133f34ec1d8a84cf1d655ff3,250,125.00,2.74,1,4,3,0.018676,0.476538,TopoStake,pog(D=3_omega=1.00),2.10,300,0
60,3,0x89100a8056319ba37491b32ba255004180607bc2,10.792549,1772365046,7731a2724aa1190606d1899d26e414cb25fcc17063e178f09ae3bd3e6ab1f87b,48,48.00,3.92,2,5,4,0.018715,0.477606,TopoStake,pog(D=3_omega=1.00),1.48,301,0
60,4,0x28672c71695142588ed26ada6f4b18b8b6c12308,8.698479,1772365048,e09baa19f06dba86da4988704db5b45d2d63f27369e76cda577da869be0a85f3,191,95.50,3.85,1,5,4,0.018766,0.478716,TopoStake,pog(D=3_omega=1.00),1.49,302,0
61,0,0xc4dc29db975b952e04358340e56b68fa4ba63fbc,0.539266,1772365050,843f61cdbedee57ea1f4651255404e07d289d971845988b63a01d01d5490b52c,183,91.50,3.54,1,5,4,0.018790,0.479566,TopoStake,pog(D=3_omega=1.00),1.58,303,0
61,1,0x075e1d95c7891e1c00414ca1aa9a7a8cf6270019,14.160703,1772365052,5aad4e2fdc4f2f11d252587d53cf9a7693e3e1c73b750cb380e0312ad998c64c,187,62.33,3.66,1,5,4,0.018708,0.476910,TopoStake,pog(D=3_omega=1.00),2.49,304,0
61,2,0xc577329e86aaecb006f17fb90499c54671119935,1.317612,1772365054,954d5ca5363dd602b0b6acdd5f852a0de81e608e22638b512079a5c4166f76f7,191,95.50,3.09,1,5,3,0.018801,0.478158,TopoStake,pog(D=3_omega=1.00),2.52,305,0
61,3,0x58a21eeb7ab18ba8adf1296e66a4487076e95dac,7.093678,1772365057,7a8cf8cbe5721746babae057f6bd5f1bfa18fcd092caa859d88c7e09a178ecca,203,101.50,3.83,1,6,4,0.018730,0.475989,TopoStake,pog(D=3_omega=1.00),2.47,306,0
61,4,0x13f9dadc05f6c237b03411e2aed1800cf21a5d89,12.297745,1772365058,26e86850c2cb1025f964ca9fadcfdd4edceb278f253330f25916d42b8e2245e3,232,116.00,3.81,1,5,4,0.018732,0.476652,TopoStake,pog(D=3_omega=1.00),2.08,307,0
62,0,0x075e1d95c7891e1c00414ca1aa9a7a8cf6270019,15.161742,1772365060,9846ed27d862bf60450777c158f7818031a5f0c157f3e8e24e22253107c3217d,88,88.00,2.98,1,4,3,0.018799,0.477842,TopoStake,pog(D=3_omega=1.00),1.53,308,0
62,1,0xdcf2130496e27a8094ab996aea4aa77788d65869,4.503165,1772365062,aff8a71a1af47e93dcce49d2858f5855e2e0c92288f564f338cbc5dc7d09246e,207,103.50,3.11,1,5,3,0.018901,0.479076,TopoStake,pog(D=3_omega=1.00),1.52,309,0
62,2,0xc24b36dee27726233c3bbd9e1f028f98b6b2a424,3.411389,1772365064,9c947e90af6da110bee9f7d270c921a3cb7e5be15d74078199c0c0050596f9bc,215,107.50,3.89,1,5,4,0.018869,0.478954,TopoStake,pog(D=3_omega=1.00),1.48,310,0
62,3,0x4ba33404d90c4ae989714d9d174cd882cffb7994,7.119517,1772365066,d8290252d876ebe63d1ecb9e648574d7b336777b9be30d23cb215d468bacd465,213,71.00,3.95,1,6,4,0.018824,0.478262,TopoStake,pog(D=3_omega=1.00),2.48,311,0
62,4,0x282f43759e22b50aa7989261c51c367f325c3f91,6.357238,1772365068,de9229272372080e5206bd34675b8a84137b03243819e7fecc83c5e07101dbc0,198,99.00,4.49,1,6,5,0.018824,0.478873,TopoStake,pog(D=3_omega=1.00),2.51,312,0
63,0,0x13f9dadc05f6c237b03411e2aed1800cf21a5d89,13.298339,1772365071,8038dedb8be0e571d0acef0506405fc9148c77f0c251c8da16dc56a1ecc7af78,231,115.50,3.71,1,5,4,0.018815,0.479213,TopoStake,pog(D=3_omega=1.00),2.23,313,0
63,1,0x3513d672439a59c26cc5711f2b715ccb4810a774,7.296900,1772365073,f7c6b3e747caee7252fc332da0bbc3d9968807b3b5b5199738cceca1b1b3c78d,250,125.00,2.92,1,5,3,0.018891,0.480379,TopoStake,pog(D=3_omega=1.00),2.02,314,0
63,2,0x50f7fa851f9314d682e36da5caa4635039b5305d,5.111134,1772365075,0e1d538a6b9dcfbc4551e2519989913898fcc9db28a4c406537b69728014e71f,123,61.50,3.83,1,5,4,0.018893,0.480991,TopoStake,pog(D=3_omega=1.00),1.61,315,0
63,3,0x07902d0371763a00d97ed9ba16ff0a206cb0fd19,22.568802,1772365077,7644c6f1e171fb2715bc997f5bd4e6b39b9b5beb89a3c56efcd74e55ad02139e,198,99.00,3.35,1,5,3,0.018868,0.481000,TopoStake,pog(D=3_omega=1.00),1.49,316,0
63,4,0xa447d277b02012c2afd9ddcbbe123f27cc971963,3.808543,1772365079,d99d742013630fa184ffde6e3cc2d156d01f8c8017e73755d16bf0bccab11e47,202,101.00,2.76,1,4,3,0.019053,0.482253,TopoStake,pog(D=3_omega=1.00),1.54,317,0
64,0,0x81d019380961f92c2031b0a7fba69f7675145088,2.491729,1772365081,cd97f39bc45c624ff95f121b623834782096fd50ce0b274e32b2f89cb9831e67,197,65.67,3.46,1,5,3,0.019012,0.481761,TopoStake,pog(D=3_omega=1.00),2.51,318,0
64,1,0x408bb0bf84df50b21c53c74420987f172d4036a1,3.798142,1772365084,293bf746273361a1c439d1d251f3b4bb2704f7e91c8c746b383a23f2370dd088,217,108.50,3.71,2,5,4,0.018955,0.480523,TopoStake,pog(D=3_omega=1.00),2.37,319,0
64,2,0x7e40df5d801345015e84c843908efc6683665fa4,2.659711,1772365085,c0cc73587127e55d027e59db5f336909e486012af93a964a737c49cf8949e0f5,250,125.00,3.58,2,5,4,0.018913,0.479982,TopoStake,pog(D=3_omega=1.00),2.17,320,0
64,3,0x3d92e045fb1847aae132b40ebfcc471a32f687de,3.127838,1772365087,ea8af743d41a2090e1cd24ded8754b5090fafa26ee8b3408080ce1758fbe7c02,112,112.00,3.43,1,5,3,0.018859,0.478812,TopoStake,pog(D=3_omega=1.00),1.61,321,0
64,4,0x71f297f96355f349d66f0e9b681e7d4e11224660,2.170063,1772365089,ad90643b6b885638995c7708a82f5156c7493d0b45c8f16e41973e00893a879d,196,98.00,3.99,1,5,4,0.018810,0.477901,TopoStake,pog(D=3_omega=1.00),1.41,322,0
65,0,0x1cb1274c711a6c2e4e1596846e6ac604eeefb358,4.408705,1772365091,7dcd065466111ba8c496b52da1668026850dc1c6f382518dbb97ca0bd7eeb7f9,216,72.00,3.89,1,5,4,0.018751,0.476384,TopoStake,pog(D=3_omega=1.00),2.51,323,0
65,1,0x4ba33404d90c4ae989714d9d174cd882cffb7994,8.120095,1772365093,d5f4f1efdc824d39832bdfa1754a74a19bced82208fdfd7219e99d42706a974d,176,88.00,3.48,1,5,4,0.018718,0.476144,TopoStake,pog(D=3_omega=1.00),2.47,324,0
65,2,0x3d92e045fb1847aae132b40ebfcc471a32f687de,4.128794,1772365096,feff39853160c84d764fc9d7307d09e1736f392c0c18b552521b9525bfdef668,199,99.50,4.52,1,6,5,0.018728,0.476893,TopoStake,pog(D=3_omega=1.00),2.52,325,0
65,3,0x3513d672439a59c26cc5711f2b715ccb4810a774,8.297421,1772365097,afcc4e424fa900d7568944cf65de58f314b36be7c07d9ad58ff9c887d572900c,229,114.50,3.86,1,5,4,0.018691,0.476474,TopoStake,pog(D=3_omega=1.00),2.21,326,0
65,4,0xaadc5fea232580cb8fba739ac5d05a48559c7e52,2.353275,1772365099,43b245d44781f17c448e3491e5400aec173755f4c70b309ba9d55167e273e14c,126,126.00,3.67,2,5,4,0.018703,0.477187,TopoStake,pog(D=3_omega=1.00),1.39,327,0
66,0,0x1796dc61e715f15a2d27dfa32bd34780f12a8c24,9.735431,1772365101,e55acb34dc51be3f06dbc7a690eddb8410924bc0824afa33d66866be2f713e0a,202,101.00,4.37,2,6,4,0.018646,0.475773,TopoStake,pog(D=4_omega=1.00),1.58,328,0
66,1,0x13f9dadc05f6c237b03411e2aed1800cf21a5d89,14.300222,1772365103,24d27a47ec48f54519ca79166d2ae05504387b0f5f7fdb485ebf700af271b0c1,192,96.00,3.33,1,5,3,0.018673,0.476722,TopoStake,pog(D=4_omega=1.00),1.54,329,0
66,2,0xd61b00c297972877b45f8d7f4d67fdaf20c67c59,1.332284,1772365105,0c4cefc2ff32bdc669ca7eff370ea753326ee6ff66a157e0e79feceaac2ac2ae,196,65.33,3.03,1,5,3,0.018752,0.477851,TopoStake,pog(D=4_omega=1.00),2.48,330,0
66,3,0xd67aaaf210c0c36ddcb7055222d168b5c9dd1b36,4.188930,1772365108,a39d0e1e45804950f33c6fc3bf717d255d895a4fdf12bee8d3daea6abb7cb62e,191,95.50,4.50,1,6,5,0.018684,0.475766,TopoStake,pog(D=4_omega=1.00),2.46,331,0
66,4,0x4ba33404d90c4ae989714d9d174cd882cffb7994,9.120731,1772365109,d40541ddee25b1af38004d460f234e6a2a9c5f535947e8c17d14d424803eaf36,235,117.50,3.75,1,5,4,0.018648,0.475342,TopoStake,pog(D=4_omega=1.00),2.28,332,0
67,0,0x13f9dadc05f6c237b03411e2aed1800cf21a5d89,15.301156,1772365111,626f1d5646d7a7372fb92666a28761839989d99dba4239fe79e3ec7b51c5a32a,85,85.00,4.27,1,6,4,0.018667,0.476142,TopoStake,pog(D=3_omega=1.00),1.69,333,0
67,1,0x8c11ec9090dd820c076e57e899d9c604c79d6b32,10.572413,1772365113,735f911175bdeab7d55be7bc540005e6115b34e85a5c73c39d82e21d440394c4,229,114.50,2.89,1,4,3,0.018755,0.477267,TopoStake,pog(D=3_omega=1.00),1.54,334,0
67,2,0x30509a8084fdfe6fe24d9c9a817c209ad194f8e3,11.668153,1772365115,3de42040a7d1399ea63739e5954f6776494492618d594eab39f7322df203168c,185,92.50,4.25,2,6,4,0.018789,0.478231,TopoStake,pog(D=3_omega=1.00),1.49,335,0
67,3,0x213068cb42718d1dd6d00a6d94d62a3def0e68eb,2.369178,1772365117,8d3f459cdec7c003385c5acdf8f759c1135afc7b5fdf91f58c28993a3693b87d,198,66.00,3.42,1,5,4,0.018835,0.479287,TopoStake,pog(D=3_omega=1.00),2.49,336,0
67,4,0x81193196c1dbdbf80709d43a5af5ce21c201fbd7,1.836163,1772365120,d21314bf70567eec29ea146883554914a131cfbd6e4b7d9d2a8e0e94c18afc39,222,111.00,3.64,1,5,4,0.018778,0.477861,TopoStake,pog(D=3_omega=1.00),2.45,337,0
68,0,0x24898fcb116b48cb2b6fd5d3b4eb599fee0f4633,0.049990,1772365121,28ef0ba280709d7d120c952a1f8d4bfbd070d493f43a67e3703bc54840c23e25,238,119.00,3.89,2,6,4,0.018716,0.476075,TopoStake,pog(D=3_omega=1.00),2.26,338,0
68,1,0xbc3f8508d26048f2064aa8c068f4c94d08d77d18,3.064272,1772365123,9fbb588348ce0b391b2b7e900f8bd2a412be6fff57df22edc49ca87b253b9890,99,99.00,3.47,1,5,4,0.018635,0.473324,TopoStake,pog(D=3_omega=1.00),1.64,339,0
68,2,0x311eb133eb413ac3f21249889bb101e5d40820ce,5.136196,1772365125,4bceafca09910c6072ae9fb98b73c557163368d4963ffdc5fb3d346802b65003,197,98.50,4.30,3,6,4,0.018587,0.472360,TopoStake,pog(D=3_omega=1.00),1.49,340,0
68,3,0x9c39f7fffaa5c5cfab20dfdd05663497918580c1,2.425152,1772365127,8dc47a8afe41a82407a59582467750084c8302cb3882ef295e0201336bae6f1c,197,98.50,3.71,1,5,4,0.018562,0.472334,TopoStake,pog(D=3_omega=1.00),1.55,341,0
68,4,0x89100a8056319ba37491b32ba255004180607bc2,11.793293,1772365129,470467bd3f131881c32d255be49a9707f9ed31dec4979a94bd09ab48919cf7ee,224,74.67,4.06,1,5,4,0.018507,0.470896,TopoStake,pog(D=3_omega=1.00),2.48,342,0
69,0,0x13f9dadc05f6c237b03411e2aed1800cf21a5d89,16.302666,1772365131,e849f5f1a2335a6986038c0592265b90484f24bf6916d9224d68c5f186463f50,205,102.50,3.89,1,5,4,0.018553,0.471917,TopoStake,pog(D=3_omega=1.00),2.48,343,0
69,1,0x3513d672439a59c26cc5711f2b715ccb4810a774,9.297987,1772365134,fde44559f3f102f9077a51f095e68de03d33144600d9b14ae303417b305feecf,241,120.50,2.89,1,5,3,0.018646,0.473065,TopoStake,pog(D=3_omega=1.00),1.99,344,0
69,2,0x075e1d95c7891e1c00414ca1aa9a7a8cf6270019,16.164345,1772365136,fba71f29ef1abb816585af2865ebf820494d56394adc0ff954c51a99a1421e71,215,107.50,3.81,1,5,4,0.018646,0.473067,TopoStake,pog(D=3_omega=1.00),1.77,345,0
69,3,0x3d92e045fb1847aae132b40ebfcc471a32f687de,5.129901,1772365138,dcb0af599ed80da3a668d9b2660402d392628d47a8bca5c3bdad811ba25f2c95,187,93.50,3.11,1,5,3,0.018646,0.473069,TopoStake,pog(D=3_omega=1.00),1.64,346,0
69,4,0xb7b4ee0a72bc410bf6d32b9cd3f3e11fc756d6f1,1.078941,1772365140,b07351cc897badb16ab3afcf51e26bae65f9e4ac038081fa2a29d6c74b94c672,185,92.50,4.04,1,5,4,0.018709,0.474087,TopoStake,pog(D=3_omega=1.00),1.51,347,0
70,0,0x0d91704595bff3aec25d40822498a51c62b05e3a,9.583601,1772365142,2a150f970e132f64eb5e8cbb477e15935f28adcf55464ee304f711f556254b25,222,74.00,3.91,1,6,4,0.018640,0.471903,TopoStake,pog(D=3_omega=1.00),2.45,348,0
70,1,0x1796dc61e715f15a2d27dfa32bd34780f12a8c24,10.736817,1772365144,7a808dfe0ebf5194ea2bf98b02fa5b4e3b400145059693340914fe7ef96b1803,208,104.00,3.16,1,5,3,0.018660,0.472731,TopoStake,pog(D=3_omega=1.00),2.42,349,0
70,2,0xdcf2130496e27a8094ab996aea4aa77788d65869,5.503826,1772365147,e8561f88f4051e678cf3f41f149571034df588a9e336e6bd88c8b2c89481c285,218,109.00,3.36,1,5,3,0.018692,0.473644,TopoStake,pog(D=3_omega=1.00),2.39,350,0
70,3,0x377eaef292051bbf8ada05b2af76a3f3b9d722a7,2.056988,1772365148,51364e6dfa1fbc8f206f654ef499b631f7428cfbad546aded177c96e63e2dd45,250,125.00,3.82,1,5,4,0.018669,0.473665,TopoStake,pog(D=3_omega=1.00),2.19,351,0
70,4,0x63f4973c0df8a5358405f396dc0673a463c48de9,7.903101,1772365150,d0043b03fb64b720108608c8dab4d3b425bcc22be8c1ecaeff7cd9c6eb2138d0,137,137.00,3.59,1,5,4,0.018611,0.471996,TopoStake,pog(D=3_omega=1.00),1.40,352,0
71,0,0xa3786e459f289a76c0e8af8ad834e3d0c6d47199,9.729102,1772365152,66a74e3636a30a7c42884b9f9a510b650c649f09ed7a4dc98dc21d7569371252,175,87.50,3.63,1,5,4,0.018611,0.471998,TopoStake,pog(D=3_omega=1.00),1.46,353,0
71,1,0x1cb1274c711a6c2e4e1596846e6ac604eeefb358,5.409460,1772365154,af3bec6539888d1824d5dcc7808e1961317999f5f62ac3a78f1836c5f4d4f291,180,90.00,4.37,1,6,5,0.018631,0.472797,TopoStake,pog(D=3_omega=1.00),1.52,354,0
71,2,0x075e1d95c7891e1c00414ca1aa9a7a8cf6270019,17.165509,1772365156,c8595f22b89b1870463b0fcb40b265ae138f2b2c0147e981cc333d4b5afa5663,178,89.00,3.39,1,5,4,0.018607,0.472751,TopoStake,pog(D=3_omega=1.00),1.44,355,0
71,3,0x8c11ec9090dd820c076e57e899d9c604c79d6b32,11.573125,1772365158,eb50ff4ba01ea6fe36bceceb4093b65c3dcb289cb24bc3bc983561e6cbbe1d35,186,62.00,3.01,1,5,3,0.018702,0.473865,TopoStake,pog(D=3_omega=1.00),2.42,356,0
71,4,0x81193196c1dbdbf80709d43a5af5ce21c201fbd7,2.837131,1772365161,5c3a27c395c77adbc4397788944eed41f74dea7723e06d789b84b96a95e0fdea,203,101.50,4.26,1,6,4,0.018740,0.474793,TopoStake,pog(D=3_omega=1.00),2.47,357,0
72,0,0x075e1d95c7891e1c00414ca1aa9a7a8cf6270019,18.166402,1772365162,befebdd745eac3993c3bb2b50750da5a2f61ac9dda9bcd63fde23b94b836f474,250,125.00,4.02,1,6,4,0.018690,0.473625,TopoStake,pog(D=3_omega=1.00),2.25,358,0
72,1,0x58a21eeb7ab18ba8adf1296e66a4487076e95dac,8.094326,1772365164,c7c11eee8c9dd7ac5302e8518e22b1a1f7f7dbd8a77461515373544b2c4879d5,59,59.00,3.34,1,5,3,0.018793,0.474736,TopoStake,pog(D=3_omega=1.00),1.92,359,0
72,2,0x30509a8084fdfe6fe24d9c9a817c209ad194f8e3,12.669357,1772365166,7b0c7d7022e49af6bdfb4985c49f69828fa1687d077ca7bec3da0849d948bc27,190,95.00,3.89,1,5,4,0.018794,0.475351,TopoStake,pog(D=3_omega=1.00),1.52,360,0
72,3,0xf13caa2c5f6f6cf61e51290bfa7826a9140b4faf,1.041385,1772365168,f52cb2727a6b1bae60b53645732335353b5bb935edac778d005cfa28e6fd37d2,197,65.67,3.36,1,5,3,0.018841,0.476361,TopoStake,pog(D=3_omega=1.00),2.54,361,0
72,4,0x30509a8084fdfe6fe24d9c9a817c209ad194f8e3,13.670321,1772365170,3fe3593046d20dfe10a8295e7eadc03b3c8541098d86dde41dce75c71db8c418,206,103.00,4.20,1,6,4,0.018773,0.474171,TopoStake,pog(D=3_omega=1.00),2.50,362,0
73,0,0x63f4973c0df8a5358405f396dc0673a463c48de9,7.902980,1772365173,0081fc1925123bac2820d90cb6f0735520245bccd7ad81db3ef31a5a8e1284e3,218,109.00,3.36,2,5,3,0.018829,0.475183,TopoStake,pog(D=3_omega=1.00),2.23,363,0
73,1,0x07902d0371763a00d97ed9ba16ff0a206cb0fd19,23.572858,1772365174,2be3a1b6dfffdf127ad417718fd1eae54b2d5b724352ca80d0ff271999c6eb1a,224,112.00,3.52,1,5,4,0.018828,0.475747,TopoStake,pog(D=3_omega=1.00),2.00,364,0
73,2,0xac61c91e7d24df824351a6c4e562a75f0cf646f8,4.251352,1772365176,fd75e549ba8252fd2efb4768784d89e5461683a849432cf800b21f103655f97d,135,135.00,2.82,1,4,3,0.018979,0.476882,TopoStake,pog(D=3_omega=1.00),1.30,365,0
73,3,0xc4dc29db975b952e04358340e56b68fa4ba63fbc,1.539211,1772365178,b78228b45b7deb9d0c00f4cab3e4b11dbf941f92b9e68f3642c3b50779c8274a,186,93.00,4.01,1,6,4,0.018979,0.476884,TopoStake,pog(D=3_omega=1.00),1.41,366,0
73,4,0x1cb1274c711a6c2e4e1596846e6ac604eeefb358,6.410116,1772365180,cef941bc3c14e261fd989c36ed8ae3cb073cb5a4e140798041dd8b5191747ca5,183,91.50,3.68,1,5,4,0.018878,0.474523,TopoStake,pog(D=3_omega=1.00),1.54,367,0
74,0,0x8719ca31b72ae8a5404006763c53d5ad503dbcb0,1.111574,1772365182,1802b8c1ee64c546cfc1a560b99ae527bb6779eb615a33a3f1c5a88535f84802,174,58.00,3.44,1,5,4,0.018862,0.474797,TopoStake,pog(D=3_omega=1.00),2.52,368,0
74,1,0x24898fcb116b48cb2b6fd5d3b4eb599fee0f4633,1.050212,1772365185,b458885c3844a1d2b1238bf9ccc70ef078793b4bb3a57af7a9cd7763e411edae,207,103.50,4.20,2,6,4,0.018795,0.472612,TopoStake,pog(D=3_omega=1.00),2.38,369,0
74,2,0x687bf2437a044a3e42ff2f8a79a8e54ba9601f70,2.063212,1772365186,9ca6e899f6f02be7fd90adef5418e47c420a030ba98c918f525191941a88ff01,250,125.00,3.51,1,5,4,0.018728,0.470365,TopoStake,pog(D=3_omega=1.00),2.16,370,0
74,3,0x1796dc61e715f15a2d27dfa32bd34780f12a8c24,11.738114,1772365188,daf35bc67e7cee5241d62d95dcf0fcca9d1327aedbee62fdc0d4e425842c4deb,92,92.00,3.74,1,5,4,0.018671,0.468697,TopoStake,pog(D=3_omega=1.00),1.64,371,0
74,4,0x3d92e045fb1847aae132b40ebfcc471a32f687de,6.130618,1772365190,f3885aa99f59440395985a765554620bdad89eb77f619fbceef8d818d104a13f,217,108.50,3.36,1,5,3,0.018705,0.469578,TopoStake,pog(D=3_omega=1.00),1.47,372,0
75,0,0x81193196c1dbdbf80709d43a5af5ce21c201fbd7,3.838149,1772365192,539f6b81276fcbd84a0e9d3b6ffe576bc86e8cdb40e71d865ccd55314d048f2a,178,89.00,4.03,2,5,4,0.018686,0.469744,TopoStake,pog(D=3_omega=1.00),1.51,373,0
75,1,0x07902d0371763a00d97ed9ba16ff0a206cb0fd19,24.574086,1772365194,bb4a7bfd87ecd7c1124cfaea5e87e07830f46cc0c0ecf7878f1d228a9ada4ed7,220,73.33,3.99,1,6,4,0.018646,0.469142,TopoStake,pog(D=3_omega=1.00),2.53,374,0
75,2,0x50f7fa851f9314d682e36da5caa4635039b5305d,6.112169,1772365197,d1a9141f3ed6eb04afc98781e0bd870d70fb21a81c96a43ab136a17861893e42,247,123.50,2.67,1,4,3,0.018799,0.470268,TopoStake,pog(D=3_omega=1.00),2.31,375,0
75,3,0xac61c91e7d24df824351a6c4e562a75f0cf646f8,5.252181,1772365198,797719ca189679672a03e3c7336e92459cefe65a9f60a67a5e80dc5d7c7e6ad2,243,121.50,3.23,1,5,3,0.018780,0.470380,TopoStake,pog(D=3_omega=1.00),1.98,376,0
75,4,0xdcf2130496e27a8094ab996aea4aa77788d65869,6.504712,1772365200,c9ad4a6b2e7498a054df3f4124bd83fa09f7323c21a97808afba346e70fc30b9,85,85.00,3.96,1,6,4,0.018752,0.470240,TopoStake,pog(D=3_omega=1.00),1.41,377,0
76,0,0xdb45667100590f9cfe78a899c3b02c5cd37008f1,0.044508,1772365202,3fce614042b5bfbe757d43c9fae0391a4163dc1433d5b2d2dad6923e18348ce4,216,108.00,3.93,1,5,4,0.018752,0.470242,TopoStake,pog(D=3_omega=1.00),1.53,378,0
76,1,0x50f7fa851f9314d682e36da5caa4635039b5305d,7.113423,1772365204,7ffc8125673f367221a74217e77e1f35d5e3af45196bd1a685536a38c25539fd,199,99.50,4.12,1,5,4,0.018677,0.467676,TopoStake,pog(D=3_omega=1.00),1.49,379,0
76,2,0x13f9dadc05f6c237b03411e2aed1800cf21a5d89,17.305322,1772365206,34a736b538e575b1fb0d2918168de8f3d36a613f25fa362756d53d2f4556e0b4,218,72.67,3.39,1,5,3,0.018667,0.468112,TopoStake,pog(D=3_omega=1.00),2.48,380,0
76,3,0x52e05d9fa4faa167f30baba23c710e4f49115288,0.143255,1772365208,ec928031b177f5893db63cea01a279546a4d43a0d033559778b7945e9fcf8bef,234,117.00,2.89,1,5,3,0.018750,0.469143,TopoStake,pog(D=3_omega=1.00),2.35,381,0
76,4,0x213068cb42718d1dd6d00a6d94d62a3def0e68eb,3.369726,1772365211,82b16092e4612a0fe2f35707a33aba996de2ef7c93fc1636ca4d90eb12bbe546,190,95.00,3.83,1,5,4,0.018676,0.466602,TopoStake,pog(D=3_omega=1.00),2.34,382,0
77,0,0xd46407aa7b668c72de3cf1c1a12b7fa2e308a1b2,3.988310,1772365212,da10c72cbf6c7f2b6212cc5e9f32c80d491f6a884741da1d3fa41fe773b4c6cb,250,125.00,3.64,1,5,4,0.018631,0.465781,TopoStake,pog(D=3_omega=1.00),2.04,383,0
77,1,0x50f7fa851f9314d682e36da5caa4635039b5305d,8.114523,1772365214,a066b836a07086ab5389f0582b789b94daf2d82047df8abbc7f467fb159652bb,14,14.00,4.29,3,5,4,0.018593,0.465213,TopoStake,pog(D=3_omega=1.00),2.00,384,0
77,2,0x13f9dadc05f6c237b03411e2aed1800cf21a5d89,18.306637,1772365216,fba887d09b340ce0023c4566f6fb7c25274bd1de8a44bc75cea5af320e21f4b0,188,94.00,3.41,1,5,3,0.018591,0.465743,TopoStake,pog(D=3_omega=1.00),1.52,385,0
77,3,0xf82400c4f426bdbd2bc687ffef1f22c1a381c851,0.059527,1772365218,3b1f253cb4cb61a564c9bb188899b943f2009f74b6ea791687203bb83df4d40b,213,106.50,3.03,2,5,3,0.018681,0.466775,TopoStake,pog(D=3_omega=1.00),1.51,386,0
77,4,0x7e40df5d801345015e84c843908efc6683665fa4,3.659550,1772365220,c60f6f64ab227262a28e8657d4ef6189fa1fb2ea662ebf057d0703872d6f7c8d,189,63.00,4.04,2,6,4,0.018607,0.464185,TopoStake,pog(D=3_omega=1.00),2.47,387,0
78,0,0xa7e4d4d949807065ebf85adc1be8c382c7236c15,1.213802,1772365223,fb398021b983ab6f4ce2a4187b25759ece8752f3bb7ef072867cd5735958aa40,228,114.00,3.38,1,5,3,0.018566,0.463438,TopoStake,pog(D=3_omega=1.00),2.31,388,0
78,1,0x07902d0371763a00d97ed9ba16ff0a206cb0fd19,25.576015,1772365224,e23d618579f81d9bedd167b543c28d5969ae8381c1519125564ab89e5618fba9,206,103.00,3.77,1,6,4,0.018503,0.461324,TopoStake,pog(D=3_omega=1.00),2.08,389,0
78,2,0x8c11ec9090dd820c076e57e899d9c604c79d6b32,12.573900,1772365226,ea71e9d30ad9a1e6779cf42c071f71405b9e4737c2b2d0172e158126d063a017,142,142.00,2.88,2,4,3,0.018654,0.462433,TopoStake,pog(D=3_omega=1.00),1.37,390,0
78,3,0x30509a8084fdfe6fe24d9c9a817c209ad194f8e3,14.671731,1772365228,bab66802c250d555bb2869ef31e8ce9c9de766fa05d08886b0fdb82eaac06615,203,101.50,4.19,1,5,4,0.018690,0.463354,TopoStake,pog(D=3_omega=1.00),1.52,391,0
78,4,0x30509a8084fdfe6fe24d9c9a817c209ad194f8e3,15.672796,1772365230,dabdc59b7484c5c2d6dc718077bd9a1f838db969886a649a188a8aee029422e7,221,110.50,3.39,1,5,3,0.018745,0.464329,TopoStake,pog(D=3_omega=1.00),1.52,392,0
79,0,0xa5a12d96532497871d73549e55ab377e3dcb3a40,0.104585,1772365232,f5ff831a206d08f13a5e96eaee5339ac1a66e2df4580fface6ada207be21684c,203,67.67,3.32,1,5,3,0.018807,0.465301,TopoStake,pog(D=3_omega=1.00),2.50,393,0
79,1,0x63f4973c0df8a5358405f396dc0673a463c48de9,8.903949,1772365235,a837bd523281c9bf75999b2b9afb0d55afd6ed686529e1cfcee89a3f2e2b6256,203,101.50,4.16,1,6,4,0.018734,0.462734,TopoStake,pog(D=3_omega=1.00),2.49,394,0
79,2,0x8719ca31b72ae8a5404006763c53d5ad503dbcb0,2.112197,1772365236,4be22bca52fd7f93f966f4fafd7674f0083ec1267973f6aec75d70b95cd81283,250,125.00,3.56,1,5,4,0.018734,0.462735,TopoStake,pog(D=3_omega=1.00),2.24,395,0
79,3,0xac61c91e7d24df824351a6c4e562a75f0cf646f8,6.252331,1772365238,5ef74eb06a962361020fafe02ddf10bab2818671f94bf8737d46f872189ffc82,56,56.00,4.32,3,6,4,0.018679,0.461146,TopoStake,pog(D=3_omega=1.00),1.98,396,0
79,4,0x4ba33404d90c4ae989714d9d174cd882cffb7994,10.120520,1772365240,b7fb8862f93a9643fa27adf1e64d6601f803bcbd89122d73479b900d0a9c788f,182,91.00,4.07,2,6,4,0.018660,0.461272,TopoStake,pog(D=3_omega=1.00),1.51,397,0
80,0,0x0d91704595bff3aec25d40822498a51c62b05e3a,10.585094,1772365242,29b6de05bf6f1e5d0ab8e958163bef2a7362377d3989e578e97a7ebbad33a905,203,67.67,4.47,1,6,5,0.018673,0.462032,TopoStake,pog(D=4_omega=1.00),2.49,398,0
80,1,0xc577329e86aaecb006f17fb90499c54671119935,2.317086,1772365244,084eaea20878d25384a82cb24f3fd9e27579556fb1727155707471016a5b8343,202,101.00,3.35,2,5,3,0.018690,0.462806,TopoStake,pog(D=4_omega=1.00),2.52,399,0
80,2,0x24898fcb116b48cb2b6fd5d3b4eb599fee0f4633,2.051268,1772365247,049da0003a718c61aaf0f1001baadfaa612046780b4348569d31d6c601e8873e,184,92.00,3.83,2,6,4,0.018637,0.461328,TopoStake,pog(D=4_omega=1.00),2.45,400,0
80,3,0x075e1d95c7891e1c00414ca1aa9a7a8cf6270019,19.168257,1772365248,f96b7eeb52b342dd29db8c32f705001f7d71f299e94f4583fe77385b67b39862,250,125.00,3.60,1,5,4,0.018583,0.459649,TopoStake,pog(D=4_omega=1.00),2.12,401,0
80,4,0x95ab54d268473cce82094026afefdbd5cadf418b,4.597564,1772365250,cec93af6112ca7fa9fd9c1d2970ddab52333ec3a0811ea7efbea4f74d8185293,112,112.00,3.22,2,5,3,0.018671,0.460690,TopoStake,pog(D=4_omega=1.00),1.49,402,0
81,0,0x30509a8084fdfe6fe24d9c9a817c209ad194f8e3,16.673926,1772365252,bece6052707b169ae0ec42a7ba07f7eb2070add2057e0c3de86893e9a6c95b23,179,89.50,4.39,1,6,4,0.018638,0.460380,TopoStake,pog(D=3_omega=1.00),1.56,403,0
81,1,0x269cdf52f97e1d9f14b7be895155a7b294f0b21d,6.730203,1772365254,6684ca239520974d8f7f57e9e30e5ddde89ca7297af046d91bd96192919dee0a,200,100.00,3.38,1,5,3,0.018638,0.460382,TopoStake,pog(D=3_omega=1.00),1.50,404,0
81,2,0x1d1d2c63625de70b1e5ef40056bd2deb89d7fef2,1.066134,1772365256,6c5e119a706f173d18441f1d40d48ce4397e9c964d014821fee1f888f96a1709,220,73.33,3.53,1,5,4,0.018622,0.460641,TopoStake,pog(D=3_omega=1.00),2.52,405,0
81,3,0xa3786e459f289a76c0e8af8ad834e3d0c6d47199,10.729463,1772365258,28479e3520c6f6c102004a6ef8cd738ae538f2097e981ad23a6c927a253a04a7,213,106.50,3.64,1,5,4,0.018559,0.458496,TopoStake,pog(D=3_omega=1.00),2.44,406,0
81,4,0x49b57eb4dace37c8819daf079c9c674f766d4f38,2.228385,1772365261,4bbbeb0b81b1a35b38b10bf10c960353e942f72366adfb8521188129d8c85d10,216,108.00,4.13,1,6,4,0.018577,0.459242,TopoStake,pog(D=3_omega=1.00),2.38,407,0
82,0,0x30509a8084fdfe6fe24d9c9a817c209ad194f8e3,16.673941,1772365263,acc1f9af95750522b3ce727181eca3de630986a2bd00941224f5680226b79255,250,125.00,3.96,1,6,4,0.018524,0.457665,TopoStake,pog(D=3_omega=1.00),2.14,408,0
82,1,0xa3786e459f289a76c0e8af8ad834e3d0c6d47199,11.730449,1772365265,0763f1a12e26cdcd15b5fb5ef985d0fa786a11e8c935e715b3c981caea3dcad7,165,82.50,3.45,1,5,4,0.018589,0.458621,TopoStake,pog(D=3_omega=1.00),1.65,409,0
82,2,0x24898fcb116b48cb2b6fd5d3b4eb599fee0f4633,3.052478,1772365267,16ddae9ed18aea71655dba609e1e6826532897290499bdaffdb8fb765e73decd,231,77.00,4.28,1,6,4,0.018614,0.459413,TopoStake,pog(D=3_omega=1.00),2.62,410,0
82,3,0x0d91704595bff3aec25d40822498a51c62b05e3a,11.586261,1772365269,c0ad75fed85c85ce06849ed26a36ed88b10deee1c9e6809ba30d48febd215dc0,200,200.00,3.54,1,5,4,0.018568,0.458436,TopoStake,pog(D=3_omega=1.00),1.55,411,0
82,4,0x719361397abe003a91af76243e5f9c7a0cd4279f,7.545594,1772365271,3d46017f89c127382964b437e32aed377cd0d951470c6a5ef02ad613dddfa356,201,67.00,3.24,1,5,3,0.018591,0.459184,TopoStake,pog(D=3_omega=1.00),2.46,412,0
83,0,0x07902d0371763a00d97ed9ba16ff0a206cb0fd19,26.578287,1772365274,3e0e2ecbb038691da61e5d64436555af1328ae3f3f3687c44ab029cb3d595075,195,97.50,3.82,2,5,4,0.018581,0.459628,TopoStake,pog(D=3_omega=1.00),2.38,413,0
83,1,0x53be6e527cc5a7d850b5eae27b9cef342e0665f2,0.036561,1772365275,e26bbba29cf1aa2a65465e1896860cbf5f3ee1784dff2ed3620d6b5d5bdb99c9,250,125.00,2.85,1,4,3,0.018581,0.459628,TopoStake,pog(D=3_omega=1.00),2.02,414,0
83,2,0x377eaef292051bbf8ada05b2af76a3f3b9d722a7,3.057326,1772365277,dd9459c7db697beab7d4653024ea5474ce3262860747be5106d341703ed70726,27,27.00,3.33,2,5,3,0.018512,0.457098,TopoStake,pog(D=3_omega=1.00),1.96,415,0
83,3,0xa9a524611994a27dd3134d643379aa14edf7cb39,1.090817,1772365279,37465be791765f97a9c72758d7bf226cf04d488cc6edf1cd789537824e2196ff,212,106.00,3.66,1,5,4,0.018466,0.456096,TopoStake,pog(D=3_omega=1.00),1.51,416,0
83,4,0x719361397abe003a91af76243e5f9c7a0cd4279f,8.546527,1772365281,a0679b11e0418e3626828f1d22bff6e2cd328bf4b24446087df884b79bee2c9d,179,89.50,3.65,2,5,4,0.018405,0.453975,TopoStake,pog(D=3_omega=1.00),1.48,417,0
84,0,0x4ba33404d90c4ae989714d9d174cd882cffb7994,11.121073,1772365283,6cdbe60a7a924de97b1fa67a5f4b679f12cb4a97a2bf60ee90b75e9aafad91f3,213,71.00,3.90,1,5,4,0.018404,0.454517,TopoStake,pog(D=3_omega=1.00),2.45,418,0
84,1,0x50f7fa851f9314d682e36da5caa4635039b5305d,9.115197,1772365286,5272d0f32fdb4378e43ddf432e95a9d961c2825d797b5ce58d5096a2b4a24197,200,100.00,4.50,2,6,5,0.018422,0.455225,TopoStake,pog(D=3_omega=1.00),2.42,419,0
84,2,0x0d91704595bff3aec25d40822498a51c62b05e3a,12.587296,1772365287,ed545df4f10948d38bfe3db6fee3ae321e8ccd4b961f45c4320e0949f781d975,250,125.00,3.27,2,5,3,0.018425,0.455843,TopoStake,pog(D=3_omega=1.00),2.15,420,0
84,3,0xd3997be86c88837e3fd467517b943590b28fa641,3.056038,1772365289,de17a1e4845a3b502a8b4a3df3b0fb8be4d63b9229a01142bd9929291807f14b,135,135.00,3.28,1,4,3,0.018455,0.456684,TopoStake,pog(D=3_omega=1.00),1.32,421,0
84,4,0x13f9dadc05f6c237b03411e2aed1800cf21a5d89,19.309197,1772365291,302f5dc88720f437f55cec01bb1956467ddf1a326338d62d6d207a6176f66cfb,183,91.50,4.14,1,6,4,0.018410,0.455655,TopoStake,pog(D=3_omega=1.00),1.52,422,0
85,0,0xb990cdf21950e6086c350175c4bc504e45858230,3.122816,1772365293,ae2b8ea92a091a660ff43091ffff2ff125471c9b3b10734530e61bd7a2b05636,236,78.67,3.11,1,4,3,0.018491,0.456636,TopoStake,pog(D=3_omega=1.00),2.55,423,0
85,1,0x07902d0371763a00d97ed9ba16ff0a206cb0fd19,26.578900,1772365295,4d1490ffdf6f83e8e5b5c09572e54f20db2977eefa3b617d4df430a381f79208,202,101.00,3.95,1,5,4,0.018446,0.455616,TopoStake,pog(D=3_omega=1.00),2.50,424,0
85,2,0xac61c91e7d24df824351a6c4e562a75f0cf646f8,7.252865,1772365298,4b8028fc35abf89d92490da1e43f07d4508cfcd207a2e92161bfddd3c73932ec,216,108.00,2.66,1,4,3,0.018583,0.456666,TopoStake,pog(D=3_omega=1.00),2.23,425,0
85,3,0x075e1d95c7891e1c00414ca1aa9a7a8cf6270019,20.169738,1772365299,2592c1fdcfc826a709d00f5e9c3947794e2b628a818a5314a9678a6d735bde36,186,93.00,3.83,1,6,4,0.018569,0.457031,TopoStake,pog(D=3_omega=1.00),2.10,426,0
85,4,0xd1cd4b808ce6b2841ad42746b64c5a047e857ef0,7.241996,1772365301,d753b6ef8769bffba625aaacab8047dc01574b5998ce8edfb7e008e5a16d457f,156,156.00,3.27,2,5,3,0.018655,0.458030,TopoStake,pog(D=3_omega=1.00),1.32,427,0
86,0,0x5cd626f4b83428b146919d30f4b3e481d259a9dc,3.073561,1772365303,616cfb408c1e417bf2c3666c661912c7f4f92dfeb45e307fe0441893f72f374f,200,100.00,3.83,1,5,4,0.018641,0.458351,TopoStake,pog(D=3_omega=1.00),1.55,428,0
86,1,0x7e40df5d801345015e84c843908efc6683665fa4,4.660281,1772365305,74c64056da47885161fad111bc39c71761fcdcd74d74a601553875470dca0a30,220,73.33,3.99,1,6,4,0.018596,0.457270,TopoStake,pog(D=3_omega=1.00),2.56,429,0
86,2,0xa3786e459f289a76c0e8af8ad834e3d0c6d47199,12.731141,1772365307,5d7fc4953d06224afc47378a085f9af03fe5fc609b66222addd8ee9b5274bb5b,177,88.50,3.42,1,5,4,0.018562,0.456966,TopoStake,pog(D=3_omega=1.00),2.50,430,0
86,3,0xd46407aa7b668c72de3cf1c1a12b7fa2e308a1b2,4.987754,1772365310,f7e84f5abca52089c05c07132a481ee7c82fc678c4861fe59caa0b08c25b3a31,224,112.00,4.25,1,6,4,0.018590,0.457778,TopoStake,pog(D=3_omega=1.00),2.45,431,0
86,4,0xa3786e459f289a76c0e8af8ad834e3d0c6d47199,13.732100,1772365311,5d7cbd9a84a0cae4ed4782a3796c8280d3f69ae62d17383f867497552cae6e17,212,106.00,3.74,1,5,4,0.018559,0.457542,TopoStake,pog(D=3_omega=1.00),2.19,432,0
87,0,0x95ab54d268473cce82094026afefdbd5cadf418b,5.598040,1772365313,86e3a24391b10ebbd6a5b4d24e17e74bdb5d1304aa46057d396b54efe54dfb90,131,131.00,4.03,1,6,4,0.018594,0.458418,TopoStake,pog(D=3_omega=1.00),1.46,433,0
87,1,0x6064b9f5883bf9737dfe314ff68c56e09e68ac89,7.193409,1772365315,c8a96cd5d9e90c156c0f5f901b5ab84cdf18639e6095e7695c714644ef85ed49,250,125.00,4.46,1,6,5,0.018568,0.458325,TopoStake,pog(D=3_omega=1.00),1.80,434,0
87,2,0x075e1d95c7891e1c00414ca1aa9a7a8cf6270019,21.170815,1772365317,5068f6737c5ddc99d1582f83109cea7edadfc5b9a8ab47275253e20b520f097b,103,51.50,3.89,1,5,4,0.018553,0.458596,TopoStake,pog(D=3_omega=1.00),1.30,435,0
87,3,0x50f7fa851f9314d682e36da5caa4635039b5305d,10.116351,1772365319,be79ce8f611de5a54b506d4c3b408e05f283f56ce343f14b572e3c775f5ffcf3,207,69.00,3.23,1,5,3,0.018642,0.459580,TopoStake,pog(D=3_omega=1.00),2.49,436,0
87,4,0x1796dc61e715f15a2d27dfa32bd34780f12a8c24,12.739942,1772365322,79d1b5e0941ff7196279db9edcf4c4dbac83aabde1f5dd374aef021c7246dfab,250,125.00,3.23,1,5,3,0.018649,0.460215,TopoStake,pog(D=3_omega=1.00),2.28,437,0
88,0,0x7e40df5d801345015e84c843908efc6683665fa4,5.661062,1772365323,47dee8a2fd8eb5d4749a34a8726d475427d01509859ee1bf52e15ffc568af134,244,122.00,3.24,1,5,3,0.018649,0.460216,TopoStake,pog(D=3_omega=1.00),1.98,438,0
88,1,0x0d91704595bff3aec25d40822498a51c62b05e3a,13.588087,1772365325,fdd2af5d504be9db2943567de6d0b97fab2ade7191f9b98ce9cfa1b1bdbd182e,33,33.00,3.64,2,5,4,0.018623,0.460103,TopoStake,pog(D=3_omega=1.00),1.58,439,0
88,2,0x50f7fa851f9314d682e36da5caa4635039b5305d,11.117572,1772365327,abca583e019612632bc7a74ac081d1396dd1f01a5ad85590e364dfe455a9d0fd,195,97.50,3.15,1,5,3,0.018623,0.460105,TopoStake,pog(D=3_omega=1.00),1.45,440,0
88,3,0x89100a8056319ba37491b32ba255004180607bc2,12.793901,1772365329,0b27fa8286e2edb3685b4b020c8c1fc25ffd7b318ffb0ed9b31d96b6252bebff,214,71.33,3.34,2,5,3,0.018636,0.460738,TopoStake,pog(D=3_omega=1.00),2.51,441,0
88,4,0x311eb133eb413ac3f21249889bb101e5d40820ce,6.135908,1772365331,b112520ab77a74369de7205cec798a4822d24c44113adf4e3f56a5bdb4852c64,190,95.00,3.96,1,5,4,0.018662,0.461498,TopoStake,pog(D=3_omega=1.00),2.38,442,0
89,0,0x0d91704595bff3aec25d40822498a51c62b05e3a,13.588118,1772365334,2db71b510196d7c86bedb9f1676bec6c1b59776559a3c3279e05ef94e83b3abf,213,106.50,3.51,1,5,3,0.018639,0.461493,TopoStake,pog(D=3_omega=1.00),2.37,443,0
89,1,0x269cdf52f97e1d9f14b7be895155a7b294f0b21d,7.731041,1772365335,a4770837ee58ab2283d575a90458ef5a637859ae3e71fbb1aee0d29061877896,250,125.00,3.22,1,5,3,0.018670,0.462300,TopoStake,pog(D=3_omega=1.00),2.15,444,0
89,2,0x1796dc61e715f15a2d27dfa32bd34780f12a8c24,12.739955,1772365337,22ec09d77f860bf3565c8d5f248c8d6550f172b24da0a6f14edcf0eda09e9081,31,31.00,3.94,1,5,4,0.018658,0.462632,TopoStake,pog(D=3_omega=1.00),2.00,445,0
89,3,0xaadc5fea232580cb8fba739ac5d05a48559c7e52,3.352603,1772365339,d6f5284622fd74a2071fdb9c05f8f1cf4826c479ac0fd66bffeccbb56ddf7549,207,103.50,3.34,1,5,3,0.018659,0.462634,TopoStake,pog(D=3_omega=1.00),1.47,446,0
89,4,0xf5ecb44daf07a1d1073dbc89baf04bd7541fa517,2.064140,1772365341,87994be4acb7d49cc99246e79a22e62563d1301998dba1c0f532cd644b58f5da,174,87.00,4.38,1,6,5,0.018616,0.461692,TopoStake,pog(D=3_omega=1.00),1.50,447,0
90,0,0xe478b1e4d1538274c0c70cbd7df877f9abab2f62,4.296562,1772365343,4257bac0b5b0bb8e24aa61a3195ba8619c9e300c7c7ebe5ab95258bfb2bff041,216,72.00,3.95,1,6,4,0.018564,0.460083,TopoStake,pog(D=3_omega=1.00),2.40,448,0
90,1,0x6d6b2734a20229ddd7fd4a1470ba3e3bad4e4a85,5.642067,1772365346,a0ab5b278d8037b240f82a60adda755796e1256dc8af1a879ccd675f9f624fed,196,98.00,4.06,1,5,4,0.018528,0.459611,TopoStake,pog(D=3_omega=1.00),2.41,449,0
90,2,0x0d91704595bff3aec25d40822498a51c62b05e3a,14.589329,1772365347,a1c259da5c6d132752f324dd49950014911ed2885eb38f250391e1d5af31b628,235,117.50,3.55,1,5,4,0.018502,0.459439,TopoStake,pog(D=3_omega=1.00),2.19,450,0
90,3,0x30509a8084fdfe6fe24d9c9a817c209ad194f8e3,17.675384,1772365349,6837657dba450b04cfcd5f321ddfd0badf6f34a2574a2f133fe2bd304464682b,133,133.00,3.38,1,5,3,0.018539,0.460282,TopoStake,pog(D=3_omega=1.00),1.41,451,0
90,4,0x28672c71695142588ed26ada6f4b18b8b6c12308,9.698499,1772365351,e1253726fe2be742e52631bb5a8b6f81b070cbeec7c8ad9bfbed5a2ff151d7ee,186,93.00,3.42,1,5,3,0.018597,0.461164,TopoStake,pog(D=3_omega=1.00),1.59,452,0
91,0,0xeaa5003682d7289190651081ae2bee847097afc5,1.755879,1772365353,fcbab10820ee416fa2e0684d00864cb957033ddad2f123c7dc613e4338e388c7,168,84.00,3.62,1,5,4,0.018599,0.461743,TopoStake,pog(D=3_omega=1.00),1.57,453,0
91,1,0xc339f8bf978200eb65afce6c7121402eda949097,3.075464,1772365355,d67de8cc8a8fb56b537d28e43d0708ee459865d1a1aa531a4ed46f85ab6c67b6,198,66.00,4.23,1,6,4,0.018545,0.459981,TopoStake,pog(D=3_omega=1.00),2.51,454,0
91,2,0x28672c71695142588ed26ada6f4b18b8b6c12308,10.699275,1772365357,33187bbd5206fdd80ec15b803a3d5a8ed60978cb8d76f50e68a97aa58266dd48,194,97.00,4.33,1,6,4,0.018501,0.458881,TopoStake,pog(D=3_omega=1.00),2.48,455,0
91,3,0x3513d672439a59c26cc5711f2b715ccb4810a774,9.296971,1772365360,6e7a306201685a6cc6928cae253924da00dcda5a7708d1897981de2ce9485b22,250,125.00,3.52,1,5,4,0.018510,0.459461,TopoStake,pog(D=3_omega=1.00),2.31,456,0
91,4,0x26d553a2f4343b3a7dc88bbd87b3d0a25d3838d9,6.219549,1772365362,6ab60119bc006d93d6f373915a37d17192128c7ea98037e88d02d1e3fa3a49c8,250,125.00,3.83,1,5,4,0.018509,0.459993,TopoStake,pog(D=3_omega=1.00),2.12,457,0
92,0,0x50f7fa851f9314d682e36da5caa4635039b5305d,12.118622,1772365364,c86997648ebc03a41f904668463a0d05f20980d26cbcb9b6fd187ed41cebc005,157,78.50,3.78,1,5,4,0.018487,0.459963,TopoStake,pog(D=3_omega=1.00),1.76,458,0
92,1,0xa9a524611994a27dd3134d643379aa14edf7cb39,2.091057,1772365366,25d6d3044e54766d1c291845c41fda706a77268b38f5c1b02a48fded13d496fa,173,86.50,3.40,1,5,3,0.018505,0.460627,TopoStake,pog(D=3_omega=1.00),1.54,459,0
92,2,0x71f297f96355f349d66f0e9b681e7d4e11224660,3.169735,1772365368,5079c8a25cec378e2f77a526cb26993edc6a67088df65400d5f3f7bbed516459,179,89.50,3.68,1,5,4,0.018454,0.459005,TopoStake,pog(D=3_omega=1.00),1.54,460,0
92,3,0x1796dc61e715f15a2d27dfa32bd34780f12a8c24,12.740085,1772365370,b9b0adadff4dfa0496d48ce4e054579d2926e03dd31f1c44d7519e5b3b1f89cb,185,61.67,3.84,1,5,4,0.018411,0.457937,TopoStake,pog(D=3_omega=1.00),2.51,461,0
92,4,0xc577329e86aaecb006f17fb90499c54671119935,3.317190,1772365373,5a7ef59be2debc18994bd2ed073b2fffbe96fff135c8a2617ff565bc011b9457,239,119.50,3.30,1,5,3,0.018433,0.458616,TopoStake,pog(D=3_omega=1.00),2.32,462,0
93,0,0x0d91704595bff3aec25d40822498a51c62b05e3a,15.590105,1772365374,3f10743222a26f8d650d0068802dbc4a19f64dc930ea995e1008060065f3e968,240,120.00,3.91,1,6,4,0.018433,0.458616,TopoStake,pog(D=3_omega=1.00),2.04,463,0
93,1,0xf13caa2c5f6f6cf61e51290bfa7826a9140b4faf,2.040698,1772365376,f84da07855947491beb194725d77fb1b9593be41564e951ab9c3dca389db4a89,48,48.00,3.62,1,5,4,0.018474,0.459447,TopoStake,pog(D=3_omega=1.00),1.88,464,0
93,2,0x89100a8056319ba37491b32ba255004180607bc2,13.794745,1772365378,1db2462fab3e21ad05532ef28af6bac0e85df13a94126f25e755ee4b206f4ba2,199,99.50,4.23,2,6,4,0.018423,0.457781,TopoStake,pog(D=3_omega=1.00),1.47,465,0
93,3,0x07902d0371763a00d97ed9ba16ff0a206cb0fd19,27.582612,1772365380,8b51a7ea7846c6fbce489d942879277cb725bc2b1e24ae34a52663a04e6bc33e,209,69.67,3.97,1,5,4,0.018452,0.458541,TopoStake,pog(D=3_omega=1.00),2.46,466,0
93,4,0x37cc7a82e66d4f4c2ae13b9ee895d3af1a1d7a05,3.261783,1772365382,8eece119c46e74b4c5146c19bda162f4ba78ed0efa65b04e275ce6f4838f1f99,189,94.50,2.83,1,4,3,0.018572,0.459513,TopoStake,pog(D=3_omega=1.00),2.53,467,0
94,0,0x3d92e045fb1847aae132b40ebfcc471a32f687de,7.130813,1772365385,7f5ae44dc5785915988a4c3665361508c764b709f9e75b566f28a142ae59872a,223,111.50,3.98,1,6,4,0.018529,0.458471,TopoStake,pog(D=3_omega=1.00),2.36,468,0
94,1,0x9bdb1c7ad4bd8fe797b07c08117c74a591dbab2d,1.442584,1772365386,299c2db5c55f71bfbb8daba3c0308820d6c7355c41b49298ca411368c2c0e00c,217,108.50,3.71,1,5,4,0.018512,0.458661,TopoStake,pog(D=3_omega=1.00),2.22,469,0
94,2,0x07902d0371763a00d97ed9ba16ff0a206cb0fd19,28.583627,1772365388,c5efdf0c2ebbf75a7d923a976bdf8e291cf6d5a2cee6dad6dcbeb55d9303a3f0,120,120.00,3.83,2,5,4,0.018458,0.456768,TopoStake,pog(D=3_omega=1.00),1.26,470,0
94,3,0x71f297f96355f349d66f0e9b681e7d4e11224660,4.170508,1772365390,753e15807f23ea22d5b53f2b0c045418ceaa0daff48447ba22bcde57a90e80a6,216,108.00,2.71,1,4,3,0.018582,0.457737,TopoStake,pog(D=3_omega=1.00),1.38,471,0
94,4,0x1cb1274c711a6c2e4e1596846e6ac604eeefb358,7.410434,1772365392,d1620848a1f2b1682498748c0bf14922e1887cd910c1760e89f5aac520e65e1d,217,72.33,4.01,1,5,4,0.018546,0.457201,TopoStake,pog(D=3_omega=1.00),2.42,472,0
95,0,0x6414c6a8400ff3419cd81855d09de2848d770e0e,0.147740,1772365395,39e052301569f7bbadd9111fe87be7de7c88456305cb8ed69c167a36030239d5,214,107.00,3.60,1,5,4,0.018530,0.457419,TopoStake,pog(D=3_omega=1.00),2.46,473,0
95,1,0x26d553a2f4343b3a7dc88bbd87b3d0a25d3838d9,7.220113,1772365396,e568bef510e3a3d92eeba4adf497cab29cd9c25e4985ac583d761c22d816bf24,188,94.00,3.92,1,5,4,0.018468,0.455149,TopoStake,pog(D=3_omega=1.00),2.34,474,0
95,2,0x24898fcb116b48cb2b6fd5d3b4eb599fee0f4633,4.053010,1772365398,200664a5dc17175b74c38771a2fbecae106f506b857ea78ab5309bd9a471d3a2,163,163.00,3.69,1,5,4,0.018452,0.455296,TopoStake,pog(D=3_omega=1.00),1.42,475,0
95,3,0x687bf2437a044a3e42ff2f8a79a8e54ba9601f70,3.062053,1772365400,eeec1838cf94b87c623a591bc60ebe321d785d484103c9a9b549c311706022f4,215,107.50,3.49,1,5,4,0.018415,0.454685,TopoStake,pog(D=3_omega=1.00),1.59,476,0
95,4,0x1796dc61e715f15a2d27dfa32bd34780f12a8c24,13.741280,1772365402,be785bd01adbdb8255621e54b5fa364f63fac831d0b09c3e3b820b29e3eed513,184,92.00,3.82,1,5,4,0.018372,0.453530,TopoStake,pog(D=3_omega=1.00),1.54,477,0
96,0,0x1cb1274c711a6c2e4e1596846e6ac604eeefb358,8.411443,1772365404,80e95e7f9ac57699cd6c8a996553e84436f61d90445ff7a597496ab105e466a0,196,98.00,3.31,1,5,3,0.018397,0.454243,TopoStake,pog(D=3_omega=1.00),1.49,478,0
96,1,0xa3786e459f289a76c0e8af8ad834e3d0c6d47199,14.732301,1772365406,ab95a9344f168694d3fc6af3214ecacdcf1cf4ee86b79f50224051b12a2d42be,184,61.33,3.53,1,5,4,0.018389,0.454648,TopoStake,pog(D=3_omega=1.00),2.52,479,0
96,2,0x016d3fc36beee7caa8fbd6c1caa42461dd7f9850,7.891251,1772365409,183e65a1c6739b462d9416102be435d5e9a75eb6941a59469cd91ae757e9556a,175,87.50,4.17,1,6,4,0.018420,0.455424,TopoStake,pog(D=3_omega=1.00),2.48,480,0
96,3,0x687bf2437a044a3e42ff2f8a79a8e54ba9601f70,4.062843,1772365410,f6b2f40c08288c63f3edb2c7a7c937ee56f77758edc2d557cd459582b1caeb2f,250,125.00,3.02,1,4,3,0.018420,0.455425,TopoStake,pog(D=3_omega=1.00),2.13,481,0
96,4,0x4414c05be2cf328f38d2e3ef4b705d6b894f044a,3.084506,1772365412,558b71139523f23a28c23ab509015c1f21edfee1c32c66b2fdb3d02c6e24f4c6,66,66.00,3.92,1,5,4,0.018383,0.454789,TopoStake,pog(D=3_omega=1.00),1.85,482,0
97,0,0x687bf2437a044a3e42ff2f8a79a8e54ba9601f70,5.063137,1772365414,04e98726cd75973517c4b8872e69e829759dcf204ed79df4a03afa3226ce347e,189,94.50,3.98,2,5,4,0.018384,0.454791,TopoStake,pog(D=3_omega=1.00),1.48,483,0
97,1,0x213068cb42718d1dd6d00a6d94d62a3def0e68eb,4.369354,1772365416,5a798b9739bd0b356ca2d3c02474bedf595832fa6e010ef711a33e2d1fa7548d,204,68.00,3.85,1,5,4,0.018311,0.453337,TopoStake,pog(D=3_omega=1.00),2.48,484,0
97,2,0x213068cb42718d1dd6d00a6d94d62a3def0e68eb,5.370339,1772365418,6e7bcefd3b1e736a5386df380e9345225ba21406fe322d2049b70b2d8c74a2a1,197,98.50,3.61,1,5,4,0.018277,0.452811,TopoStake,pog(D=3_omega=1.00),2.44,485,0
97,3,0x50f7fa851f9314d682e36da5caa4635039b5305d,13.119444,1772365421,db827298f8ef0df8345b138f43ef6efc990537bbb50befc68009706c5128ed6f,183,91.50,3.54,2,5,4,0.018249,0.452556,TopoStake,pog(D=3_omega=1.00),2.32,486,0
97,4,0x213068cb42718d1dd6d00a6d94d62a3def0e68eb,6.371225,1772365422,feabf3aa31f0ff954261da668819dce43af0bc01ba6f60e9d4c4a8bca5cda399,221,110.50,3.33,1,4,3,0.018269,0.453207,TopoStake,pog(D=3_omega=1.00),2.05,487,0
98,0,0xc774b0fee7cabbef3b1ae14bf36db3df0d32c1df,6.173242,1772365424,b193cdd2af4a2e967bdca7e78314cd99ebce0b711d4767377d9a9176d7a7c151,129,129.00,3.78,2,5,4,0.018248,0.453191,TopoStake,pog(D=3_omega=1.00),1.22,488,0
98,1,0xac61c91e7d24df824351a6c4e562a75f0cf646f8,8.253004,1772365426,232ed06794ec5ec3d8d25c5eb11c19524f10b5ec702da3be0908960014303445,186,93.00,4.02,1,5,4,0.018225,0.453090,TopoStake,pog(D=3_omega=1.00),1.48,489,0
98,2,0x07902d0371763a00d97ed9ba16ff0a206cb0fd19,29.585782,1772365428,9b5dff0415d978fdbf67611e70893d8c462028295d9693d95bd2200030e7c92e,180,60.00,3.96,1,6,4,0.018215,0.453440,TopoStake,pog(D=3_omega=1.00),2.54,490,0
98,3,0x3513d672439a59c26cc5711f2b715ccb4810a774,10.297857,1772365430,75cac099f91ef54597e25afe791cbd264ba1dc6784142008089ba6f146a92874,224,112.00,2.71,1,4,3,0.018336,0.454382,TopoStake,pog(D=3_omega=1.00),2.40,491,0
98,4,0x719361397abe003a91af76243e5f9c7a0cd4279f,9.546830,1772365433,2e168acdcbaa22bff16f18f6e9b37156986a08bb3aab6b350629f3d461e1e88e,227,113.50,3.72,2,5,4,0.018338,0.454901,TopoStake,pog(D=3_omega=1.00),2.29,492,0
99,0,0x0d91704595bff3aec25d40822498a51c62b05e3a,16.591013,1772365434,b276f0bf2c12b4b2c532ddc1c55ba46778a7aaa149d279fab4ddfdb7c6e13738,180,90.00,3.89,1,5,4,0.018335,0.455382,TopoStake,pog(D=3_omega=1.00),1.89,493,0
99,1,0x1cb1274c711a6c2e4e1596846e6ac604eeefb358,9.412404,1772365436,0d752de5fc560dc3fdef592194525af1cb28f906bb5cecb80e719fe6caa8e0a7,130,130.00,3.25,1,5,3,0.018375,0.456176,TopoStake,pog(D=3_omega=1.00),1.25,494,0
99,2,0x3d92e045fb1847aae132b40ebfcc471a32f687de,8.131834,1772365438,0460e1e52e98463353727dd28476d0c81eab64d0afd9a3d9cf101a1c9f9d4476,198,99.00,3.55,1,5,4,0.018372,0.456620,TopoStake,pog(D=3_omega=1.00),1.52,495,0
99,3,0x30405867b72597aaeb27803bb2c7f3f5fc7d5384,0.511932,1772365440,a23163158bbdd5a419719e75d2f53b5e48270471c18ee10786e566df033d2129,201,67.00,3.96,1,5,4,0.018360,0.456903,TopoStake,pog(D=3_omega=1.00),2.49,496,0
99,4,0x1cb1274c711a6c2e4e1596846e6ac604eeefb358,10.413372,1772365442,472d5a4d496623e9ebd55bac3ce0cc74ba62a10f38dd6abd3983e3d89ddac993,214,107.00,3.44,1,4,4,0.018302,0.454823,TopoStake,pog(D=3_omega=1.00),2.45,497,0
100,0,0x13f9dadc05f6c237b03411e2aed1800cf21a5d89,20.313655,1772365445,7d600b711f69d2b5048b8a1dcbc77c84235ee7f951a1e469510af2eba02e2707,247,123.50,3.40,1,5,3,0.018305,0.455301,TopoStake,pog(D=3_omega=1.00),2.21,498,0
100,1,0x311eb133eb413ac3f21249889bb101e5d40820ce,7.136264,1772365447,22d25a70263bc1e928f73dac78a054e74122f030b2f496c51b8ec460da36c50f,250,125.00,3.00,1,4,3,0.018366,0.456158,TopoStake,pog(D=3_omega=1.00),1.84,499,0
100,2,0xd46407aa7b668c72de3cf1c1a12b7fa2e308a1b2,5.987831,1772365449,e517a598b45a5fe9c64939a1d833438439afdd3ab7768d69ed1ef5cd2d5f75c3,105,52.50,3.70,1,5,4,0.018348,0.456244,TopoStake,pog(D=3_omega=1.00),1.15,500,0
100,3,0x377eaef292051bbf8ada05b2af76a3f3b9d722a7,4.057520,1772365451,f0eee9f93748f7fa1106b6782713a135caced6e5cf8073f77c8101309ce24b3d,209,104.50,3.94,1,5,4,0.018323,0.456063,TopoStake,pog(D=3_omega=1.00),1.59,501,0
100,4,0x786f26993bf015cd2da6fb5d3ccd1879e01246ab,3.287792,1772365453,9235ebd03ccf3eef3321f562722cc09f09cdc82d170e1d17ef6bb21e8b2aab7c,219,73.00,3.63,1,5,4,0.018287,0.455388,TopoStake,pog(D=3_omega=1.00),2.49,502,0
101,0,0x377eaef292051bbf8ada05b2af76a3f3b9d722a7,5.058534,1772365456,722bf22b28d99963cc9bca5e6a3f599fecd6fb982bb5fc9fcc810027e0f2e234,200,100.00,3.87,1,5,4,0.018247,0.454311,TopoStake,pog(D=3_omega=1.00),2.40,503,0
101,1,0xf13caa2c5f6f6cf61e51290bfa7826a9140b4faf,3.040943,1772365457,eb3655999b817385dd424a6fd5c13ecf33c4a243587604ec914fa45083b3ec8c,250,125.00,3.52,1,5,4,0.018247,0.454312,TopoStake,pog(D=3_omega=1.00),2.17,504,0
101,2,0x71f297f96355f349d66f0e9b681e7d4e11224660,5.171133,1772365459,764839933f52197d709014d027adb2252835b6d0e25abb4f246dc5afef818244,51,51.00,4.55,3,6,5,0.018205,0.453109,TopoStake,pog(D=3_omega=1.00),1.88,505,0
101,3,0x28672c71695142588ed26ada6f4b18b8b6c12308,11.700423,1772365461,4f82d143378ba87a4c08b2df2a51da7bb4de8c15212e07c6bd2b256ecb71bc93,214,107.00,4.00,1,5,4,0.018205,0.453110,TopoStake,pog(D=3_omega=1.00),1.55,506,0
101,4,0x7e40df5d801345015e84c843908efc6683665fa4,6.660657,1772365463,0194a658de429885f59dbd1ace68db2864d89664e59c3216a61b43cf6da2e98e,188,94.00,3.66,1,5,4,0.018186,0.453351,TopoStake,pog(D=3_omega=1.00),1.51,507,0
102,0,0x3513d672439a59c26cc5711f2b715ccb4810a774,11.298973,1772365465,dd5d2671274326f2c54af318f597188ec4b942a1e5d13f50096029e1f46e838c,198,66.00,3.47,1,5,4,0.018165,0.453330,TopoStake,pog(D=3_omega=1.00),2.50,508,0
102,1,0x075e1d95c7891e1c00414ca1aa9a7a8cf6270019,22.174756,1772365468,99121991327948e05d9c5d8395cf9ff3d368a4dd8b6c604e3a78a5b0e1be728d,233,116.50,3.73,1,5,4,0.018172,0.453839,TopoStake,pog(D=3_omega=1.00),2.43,509,0
102,2,0x30405867b72597aaeb27803bb2c7f3f5fc7d5384,1.512847,1772365469,6f6d2fb515172b554fabc9dab003af7201978ce4cd92183e3c7c10039a959793,238,119.00,3.03,1,5,3,0.018241,0.454717,TopoStake,pog(D=3_omega=1.00),2.04,510,0
102,3,0x0d91704595bff3aec25d40822498a51c62b05e3a,17.591758,1772365471,b89eb73056d9291f3cec003c074f8f83c93b1e9a45eae569a290bec302c90a62,102,102.00,3.60,2,4,4,0.018191,0.452943,TopoStake,pog(D=3_omega=1.00),1.25,511,0
102,4,0x07902d0371763a00d97ed9ba16ff0a206cb0fd19,30.588019,1772365473,1020916b401b37a1998e9b6f459db29570a9ba0e7c22ad16095d4cc4ccaae8c9,205,102.50,3.22,1,5,3,0.018191,0.452945,TopoStake,pog(D=3_omega=1.00),1.60,512,0
103,0,0x8d9e46becf415ca26aa698c9657087e6554aabda,0.380969,1772365475,3e2fd99f4472e459ea9a77590b1e69db9fa99c6809b8cdbd15b54d1bbee42559,205,102.50,2.78,1,4,3,0.018308,0.453856,TopoStake,pog(D=3_omega=1.00),1.50,513,0
103,1,0xf13caa2c5f6f6cf61e51290bfa7826a9140b4faf,4.040868,1772365477,5b7f9a3135bdfdd7051cc3570f5a2c09568de1f4796ce8a230dcfb751359b96e,181,60.33,3.73,1,5,4,0.018251,0.451762,TopoStake,pog(D=3_omega=1.00),2.42,514,0
103,2,0xc4dc29db975b952e04358340e56b68fa4ba63fbc,2.537920,1772365480,be034f0d64e2eb1df2b1fce49c343bf6df917b4daa51a944d5da704ab390b427,218,109.00,4.22,1,6,4,0.018215,0.451055,TopoStake,pog(D=3_omega=1.00),2.46,515,0
103,3,0x30509a8084fdfe6fe24d9c9a817c209ad194f8e3,18.677146,1772365481,19b1e89a6d6462718d949a7f342471923652443aa9a8f2c9f73a0d953b363b39,250,125.00,3.62,1,5,4,0.018171,0.449672,TopoStake,pog(D=3_omega=1.00),2.23,516,0
103,4,0x9c39f7fffaa5c5cfab20dfdd05663497918580c1,3.423836,1772365483,660d79877db8a967ffc7670a30cb92e329badbbb91a5622924f9b9063a1de09b,94,94.00,3.38,1,5,3,0.018219,0.450481,TopoStake,pog(D=3_omega=1.00),1.63,517,0
104,0,0x89100a8056319ba37491b32ba255004180607bc2,14.795307,1772365485,f770b2cba223bd96e4edcf7222f5445a9ea23b8cc96d162c048b0cf772527ff4,198,99.00,4.00,1,5,4,0.018180,0.449429,TopoStake,pog(D=3_omega=1.00),1.44,518,0
104,1,0xa9a524611994a27dd3134d643379aa14edf7cb39,3.090973,1772365487,cca10a1f2d0ff388c1cd651cf79e694c9b7ce216754f76a534f71c87a155b2f7,214,107.00,3.89,2,5,4,0.018205,0.450138,TopoStake,pog(D=3_omega=1.00),1.52,519,0
104,2,0x1796dc61e715f15a2d27dfa32bd34780f12a8c24,14.742549,1772365489,d41fa65aaa156b17faf732b8f6121e7c906f9dec5f6020f20ea27a364c874c68,198,66.00,3.67,1,5,4,0.018164,0.448917,TopoStake,pog(D=3_omega=1.00),2.52,520,0
104,3,0x311eb133eb413ac3f21249889bb101e5d40820ce,8.136582,1772365491,f0b609cbb6f94b9e6448bba44948714abff007f8e732a76dc110a12d93c94085,211,105.50,3.31,1,5,3,0.018189,0.449589,TopoStake,pog(D=3_omega=1.00),2.40,521,0
104,4,0x89100a8056319ba37491b32ba255004180607bc2,15.796363,1772365493,6173c13b1745ad5868afa1ebb5646c82458d2620b8064179adfc4aec6a72f99f,250,125.00,3.56,1,5,3,0.018176,0.449839,TopoStake,pog(D=3_omega=1.00),2.17,522,0
105,0,0x0d91704595bff3aec25d40822498a51c62b05e3a,17.591922,1772365495,3909a8abde6c10cd41aab5d59a04b49fcfc977d718d2d5dfcd735ad5f85335be,126,126.00,3.90,1,5,4,0.018206,0.450574,TopoStake,pog(D=3_omega=1.00),1.46,523,0
105,1,0x2abf89d7c96c80fcff9dec1fe92803573094ee35,0.220404,1772365497,5a91e0ea49a9f3168043e2ad80b66ab655fa6126280c2ba8f642a6a190c98f93,226,113.00,3.24,1,5,3,0.018245,0.451340,TopoStake,pog(D=3_omega=1.00),1.61,524,0
105,2,0x786f26993bf015cd2da6fb5d3ccd1879e01246ab,4.288448,1772365499,a827fbb742b4a36366f14ddee3717ebffeeb79524c75f6cc6f8a2ee087dbcbdc,219,109.50,3.64,1,5,4,0.018189,0.449207,TopoStake,pog(D=3_omega=1.00),1.47,525,0
105,3,0xb2a7fe70a6f3137d38f6cb4c3ec6dd1e24f2d5f4,4.419795,1772365501,8f948a9290a43ff55d58dd4d0ad67e6d2ad6611ec868476d69b309fffd84d1b6,211,70.33,3.99,1,5,4,0.018155,0.448598,TopoStake,pog(D=3_omega=1.00),2.48,526,0
105,4,0x269cdf52f97e1d9f14b7be895155a7b294f0b21d,8.730716,1772365503,ba556ed587203ce412f4ae5c14dd70c59378c2a60c13d8877feedb71d76d9ac3,201,100.50,4.24,1,6,4,0.018122,0.448022,TopoStake,pog(D=3_omega=1.00),2.52,527,0
106,0,0x8c11ec9090dd820c076e57e899d9c604c79d6b32,13.573990,1772365506,664f5798722f401ecc29f5f0f419416faed660d1d288860f4c8d7193a53e8b27,216,108.00,3.47,1,5,4,0.018113,0.448363,TopoStake,pog(D=3_omega=1.00),2.28,528,0
106,1,0x07902d0371763a00d97ed9ba16ff0a206cb0fd19,31.590272,1772365508,fc6b3f7b83288b42a7f020b3c6250771681b63551f0d4e86f85438382409a5b1,247,123.50,4.20,1,6,4,0.018129,0.448975,TopoStake,pog(D=3_omega=1.00),2.17,529,0
106,2,0x0d91704595bff3aec25d40822498a51c62b05e3a,18.593123,1772365510,a11ce635c339f6724e449ffaa5cca1b0f40ab1b05776ec1171fa1c224f0d7c43,164,82.00,2.75,1,4,3,0.018244,0.449867,TopoStake,pog(D=3_omega=1.00),1.86,530,0
106,3,0x4ba33404d90c4ae989714d9d174cd882cffb7994,12.120360,1772365512,c3d7885f9c021f8655efa55b600ab3bedde39da59d8e0f0e7a8bc7b2fd084949,163,81.50,3.26,1,5,3,0.018287,0.450624,TopoStake,pog(D=3_omega=1.00),1.52,531,0
106,4,0x075e1d95c7891e1c00414ca1aa9a7a8cf6270019,23.176765,1772365514,c98c5ea3ca3642fda632f4fa28edca9b0ac8954f27219c0afa110cb312abb1a5,187,62.33,4.53,1,6,5,0.018295,0.451158,TopoStake,pog(D=3_omega=1.00),2.48,532,0
107,0,0x075e1d95c7891e1c00414ca1aa9a7a8cf6270019,24.177760,1772365516,b3b3405c1427a775cb0ca5ddff6bf7fa016cb2464c1977a841fd7fd32bb0c226,205,102.50,3.10,2,5,3,0.018362,0.452010,TopoStake,pog(D=3_omega=1.00),2.37,533,0
107,1,0xeb82a21cb3d0dd781eb22ad74bb7cd9b4d2a06ec,2.918081,1772365519,a22f8ecea691912859eda33f2240d90d3390f247d5b756176d59703004c0f2cd,225,112.50,3.00,1,5,3,0.018434,0.452858,TopoStake,pog(D=3_omega=1.00),2.23,534,0
107,2,0x5cd626f4b83428b146919d30f4b3e481d259a9dc,4.073240,1772365520,ec0e72fc3db238ef506c7dd750ad294879f1a0da26f5cdb7212155294d3eed74,196,98.00,4.20,1,6,4,0.018392,0.451578,TopoStake,pog(D=3_omega=1.00),2.15,535,0
107,3,0x49b57eb4dace37c8819daf079c9c674f766d4f38,3.228231,1772365522,b26e27ed67e25fff9fa66ca91696b63113a8e2bcbc0c1504a806d7ba4dcfb35c,121,121.00,4.15,2,6,4,0.018357,0.450823,TopoStake,pog(D=3_omega=1.00),1.35,536,0
107,4,0xa3786e459f289a76c0e8af8ad834e3d0c6d47199,15.732386,1772365524,52eb6de3e791c522aafcbb926a21b776c0b1de0e90b8da2d40ee60fc4e539086,211,105.50,3.93,1,6,4,0.018317,0.449631,TopoStake,pog(D=3_omega=1.00),1.47,537,0
108,0,0x213068cb42718d1dd6d00a6d94d62a3def0e68eb,7.371176,1772365526,f5895ef507a103584290f5f2e4d543932b81374147c3ab046bd81299f4e0c98f,200,66.67,4.28,1,6,4,0.018343,0.450316,TopoStake,pog(D=3_omega=1.00),2.65,538,0
108,1,0xd67aaaf210c0c36ddcb7055222d168b5c9dd1b36,5.187184,1772365528,83ce26515e89ed7fe97754e15a23c00cf875d46c0bf4b0818104758d92b52efc,198,99.00,3.62,1,5,4,0.018325,0.450403,TopoStake,pog(D=3_omega=1.00),2.54,539,0
108,2,0x52e05d9fa4faa167f30baba23c710e4f49115288,1.142049,1772365531,dc034f72de60a2baa0f53f879b942d2bedc268b7def9e722ee53d522d58411ce,224,112.00,3.91,1,5,4,0.018295,0.450063,TopoStake,pog(D=3_omega=1.00),2.39,540,0
108,3,0x13f9dadc05f6c237b03411e2aed1800cf21a5d89,21.316907,1772365532,52b5818a7ca74a70e209a1744ca8d111a78d2896b503896a2be062f4986efdf6,220,110.00,3.90,1,5,4,0.018245,0.448253,TopoStake,pog(D=3_omega=1.00),2.29,541,0
108,4,0x49b57eb4dace37c8819daf079c9c674f766d4f38,4.229271,1772365534,9dc86b817c159a14a7715c10ac548d83f7c1999bb291f28d933c25b2a6a9d31f,131,131.00,2.98,1,5,3,0.018300,0.449064,TopoStake,pog(D=3_omega=1.00),1.55,542,0
109,0,0xa068e3c9a21c8d8be636cd2d285895979ec3262e,2.963793,1772365536,f9514eca9dd7b307c6e10cf121d882eb3f46b79a0d3a8a700450fc8f5d69e0ab,210,105.00,4.04,1,5,4,0.018265,0.448357,TopoStake,pog(D=3_omega=1.00),1.47,543,0
109,1,0x3d92e045fb1847aae132b40ebfcc471a32f687de,9.132551,1772365538,fbe28e46f535e483175b0019592bcb2d7790016e1eb7efc48627d2a697423476,211,70.33,4.47,1,6,5,0.018225,0.447063,TopoStake,pog(D=3_omega=1.00),2.47,544,0
109,2,0x075e1d95c7891e1c00414ca1aa9a7a8cf6270019,25.179304,1772365540,b515031f4376e2d7df84459fe906ea6579156f24b93bfaf078a07426b22b0347,204,102.00,3.94,1,5,4,0.018216,0.447433,TopoStake,pog(D=3_omega=1.00),2.49,545,0
109,3,0x6064b9f5883bf9737dfe314ff68c56e09e68ac89,8.192608,1772365542,5bc83a230026c7bc5a4f5573fd85243b85c35729e37ab40f6f1c8f2b02d37199,229,114.50,2.85,1,5,3,0.018290,0.448272,TopoStake,pog(D=3_omega=1.00),2.33,546,0
109,4,0x016d3fc36beee7caa8fbd6c1caa42461dd7f9850,7.891600,1772365544,0e83c4c75cf6fadd0cf5ba9d78db57087c492e2dda4177f66b14621ec97ab13a,210,105.00,3.81,1,5,4,0.018276,0.448474,TopoStake,pog(D=3_omega=1.00),2.18,547,0
110,0,0xb2a7fe70a6f3137d38f6cb4c3ec6dd1e24f2d5f4,5.420378,1772365546,ac42b38fc96697c2c6dd6a2d39314cf2940b5b9aea76167292872064250f5c63,140,140.00,3.14,1,4,3,0.018260,0.448601,TopoStake,pog(D=3_omega=1.00),1.37,548,0
110,1,0x4ba33404d90c4ae989714d9d174cd882cffb7994,13.120932,1772365548,352e35f98033f4346af4ba9ce797050a59c2708708f088e6ed75443904124eb1,180,90.00,4.27,1,6,4,0.018260,0.448602,TopoStake,pog(D=3_omega=1.00),1.57,549,0
110,2,0x8719ca31b72ae8a5404006763c53d5ad503dbcb0,3.110104,1772365550,0fa0479be01d963b9c3ab9798cbe439a20c91b42f29985a843d236d6d8748343,215,107.50,4.49,2,6,4,0.018243,0.448826,TopoStake,pog(D=3_omega=1.00),1.58,550,0
110,3,0x5cd626f4b83428b146919d30f4b3e481d259a9dc,5.073669,1772365552,5e01adbc30d3d10d31995161d1c31c98c7c8ed44335481641f769fa750dfbd9c,196,65.33,4.23,1,6,4,0.018204,0.447561,TopoStake,pog(D=3_omega=1.00),2.46,551,0
110,4,0x0d91704595bff3aec25d40822498a51c62b05e3a,19.594345,1772365554,ad8db53ca4d1f3d9b555e81cc8dfa80b223140ec0e018cbdf201022e2a30a239,214,107.00,3.94,1,6,4,0.018174,0.447153,TopoStake,pog(D=3_omega=1.00),2.48,552,0
111,0,0x075e1d95c7891e1c00414ca1aa9a7a8cf6270019,26.180753,1772365557,f5e5140a49a6453482dfefc64648341bde3be8d99e20655a928c9112f79066c5,248,124.00,3.18,1,5,3,0.018218,0.447919,TopoStake,pog(D=3_omega=1.00),2.14,553,0
111,1,0x6d6b2734a20229ddd7fd4a1470ba3e3bad4e4a85,6.641814,1772365559,ef10567faf42230072a088c0d025c9006e262a7892e861aebad7ab30077ea223,242,121.00,3.21,1,5,3,0.018294,0.448747,TopoStake,pog(D=3_omega=1.00),1.89,554,0
111,2,0x07902d0371763a00d97ed9ba16ff0a206cb0fd19,32.592683,1772365561,4dc9b346169a11b7442c9dcc28824ceb726a833fe631580140cce158396c04b8,112,56.00,3.78,1,5,4,0.018272,0.448691,TopoStake,pog(D=3_omega=1.00),1.20,555,0
111,3,0x4a217e35f6402e7f62a49f6d62e27c6585c2f3fd,6.491378,1772365563,c94a02e7d3cf34c915615138e293dcc48caca666c19f227387a23617c8df7540,204,102.00,2.75,1,4,3,0.018272,0.448692,TopoStake,pog(D=3_omega=1.00),1.52,556,0
111,4,0x13f9dadc05f6c237b03411e2aed1800cf21a5d89,22.318022,1772365565,dc8f5b7e4096a365772a6f6399c341a0c8903397c5d0da65832bbb5f9079e570,196,65.33,3.62,1,5,4,0.018249,0.448583,TopoStake,pog(D=3_omega=1.00),2.57,557,0
112,0,0x8719ca31b72ae8a5404006763c53d5ad503dbcb0,4.110842,1772365568,72db8eb34d005c24de95250efbf55b69a02c5e2126c543a462a3f56bbd20ccab,198,99.00,3.07,1,5,3,0.018305,0.449375,TopoStake,pog(D=3_omega=1.00),2.43,558,0
112,1,0x71f297f96355f349d66f0e9b681e7d4e11224660,6.171702,1772365569,7277c6f89c614f4e667f948c18646e133c7fdfdd7107868d57ca3020335ee843,205,102.50,4.08,1,6,4,0.018270,0.448601,TopoStake,pog(D=3_omega=1.00),2.21,559,0
112,2,0x606627477c3734932f47972f83c27cf4e3b35b4f,5.373391,1772365571,a321d7ade3fc50a1d54dea84b2f5ea351b2e215ccaab42621065711d51f9eb8c,142,142.00,3.83,1,5,4,0.018246,0.448397,TopoStake,pog(D=3_omega=1.00),1.54,560,0
112,3,0x50f7fa851f9314d682e36da5caa4635039b5305d,14.120743,1772365573,a6f009dca171eb6b1c768e67a8c89143fd673e31a95f3c233c6772e448fedf65,216,108.00,3.66,1,5,4,0.018217,0.448019,TopoStake,pog(D=3_omega=1.00),1.61,561,0
112,4,0x63f4973c0df8a5358405f396dc0673a463c48de9,8.902189,1772365575,51d525956ef6ae08e535d2a1b886d0df664571ba2af005226138154cce380077,219,109.50,3.25,1,5,3,0.018232,0.448604,TopoStake,pog(D=3_omega=1.00),1.53,562,0
113,0,0xa9a524611994a27dd3134d643379aa14edf7cb39,4.091251,1772365577,ede09870789ceb847ffea692ea93b369799ab9f7be5f8471755f11cff5a9c704,211,70.33,3.63,1,5,4,0.018221,0.448893,TopoStake,pog(D=3_omega=1.00),2.45,563,0
113,1,0x687bf2437a044a3e42ff2f8a79a8e54ba9601f70,6.063068,1772365579,aaebe25ae932a4e1dd2b85751fd2b67a2833cbc0f31862d24b8c14cd820c8580,231,115.50,3.71,1,5,4,0.018187,0.448088,TopoStake,pog(D=3_omega=1.00),2.41,564,0
113,2,0x95ab54d268473cce82094026afefdbd5cadf418b,6.597337,1772365581,5645029d35a35e92e784dba7b0e057d098e7571ff844a1330f0c85f4e18c19d9,207,103.50,3.76,1,5,4,0.018162,0.447825,TopoStake,pog(D=3_omega=1.00),2.29,565,0
113,3,0x07902d0371763a00d97ed9ba16ff0a206cb0fd19,32.593385,1772365583,5f76556b4708551fcfdd90225938e9621c2616e3577074299af25afdf8641b01,99,99.00,4.23,1,6,4,0.018140,0.447674,TopoStake,pog(D=3_omega=1.00),1.52,566,0
113,4,0x9ba702916c26a8583a7f277d6932b3c0d9927ce0,5.194722,1772365585,6222f65877c3d0adc6c64b9232f911900bf3340280c0e7f00b33b1077a3f5ad9,247,123.50,2.74,1,4,3,0.018244,0.448519,TopoStake,pog(D=3_omega=1.00),1.78,567,0
114,0,0xc339f8bf978200eb65afce6c7121402eda949097,4.074449,1772365587,e3f0dc33687852910e8f1c546f8ce778a696bede0c834a604e9dc317d3fa9e68,191,95.50,3.67,1,5,4,0.018214,0.448085,TopoStake,pog(D=3_omega=1.00),1.43,568,0
114,1,0x53be6e527cc5a7d850b5eae27b9cef342e0665f2,1.035245,1772365589,d63df0755ec131e4f1bb482a42cc09efbb20568cecc1430f64016cf664d2ca6b,196,65.33,4.30,1,6,4,0.018180,0.447249,TopoStake,pog(D=3_omega=1.00),2.53,569,0
114,2,0x37cc7a82e66d4f4c2ae13b9ee895d3af1a1d7a05,4.261449,1772365591,fa854ba1c4d394084a4f68a320c3608c70b23b33981d4ef09e50e3b41a87fa61,189,94.50,3.48,1,5,4,0.018131,0.445465,TopoStake,pog(D=3_omega=1.00),2.45,570,0
114,3,0x269cdf52f97e1d9f14b7be895155a7b294f0b21d,9.731537,1772365593,2d38fa1f7cc0e847b4e0c0437c515b3e682a6b92f83d80898da7d400fcc16ddd,230,115.00,3.81,1,6,4,0.018098,0.444691,TopoStake,pog(D=3_omega=1.00),2.21,571,0
114,4,0x0d91704595bff3aec25d40822498a51c62b05e3a,20.595973,1772365595,46a89b7353d2ef7ee02512d40dd081ee642e912dd2a22db7e4e3092370b02c26,157,157.00,3.59,1,5,4,0.018091,0.445059,TopoStake,pog(D=3_omega=1.00),1.44,572,0
115,0,0x4ba33404d90c4ae989714d9d174cd882cffb7994,14.121389,1772365597,e2f47e3e27506ecf48ae7a3c116eb9dda5947775cdfc6d169a8ded777dcf69cc,213,106.50,3.36,1,5,3,0.018091,0.445061,TopoStake,pog(D=3_omega=1.00),1.65,573,0
115,1,0xf13caa2c5f6f6cf61e51290bfa7826a9140b4faf,5.041006,1772365599,7841bdd851f0583292a6f21a055c611ac51f1d525e9733ab50ad29284c32248a,211,105.50,4.33,1,6,4,0.018149,0.446355,TopoStake,pog(D=3_omega=1.00),1.48,574,0
115,2,0x63f4973c0df8a5358405f396dc0673a463c48de9,9.903069,1772365601,acd67011765e7495a82f6d388ccee111c1f853ba37aff80175a86e43688cce25,196,65.33,4.29,1,6,4,0.018119,0.445868,TopoStake,pog(D=3_omega=1.00),2.57,575,0
115,3,0x13f9dadc05f6c237b03411e2aed1800cf21a5d89,23.319541,1772365603,3bfe0d053e6b7d13fdfcfc53133b1316f4b5682b1c2dbe8ace8b602f6193cc1e,222,111.00,3.50,1,5,4,0.018113,0.446222,TopoStake,pog(D=3_omega=1.00),2.47,576,0
115,4,0x7e40df5d801345015e84c843908efc6683665fa4,7.660970,1772365606,a2a88eb91f82e8d8dda4e49b3f023eb4cb750716e25e21ef8312a1a7f2f66509,250,125.00,2.94,1,5,3,0.018169,0.446995,TopoStake,pog(D=3_omega=1.00),2.26,577,0
116,0,0xa3786e459f289a76c0e8af8ad834e3d0c6d47199,16.732906,1772365607,f720632c46fb63969245dde6cab90809aa88db7ac7ee7cb3e35627448cb377d8,250,125.00,3.47,1,5,4,0.018169,0.446996,TopoStake,pog(D=3_omega=1.00),2.02,578,0
116,1,0x213068cb42718d1dd6d00a6d94d62a3def0e68eb,8.371766,1772365609,c07cace8716b39e5f58139731bc435d232f496af4434d20cc22fdf04a4040685,51,51.00,4.18,1,6,5,0.018194,0.447672,TopoStake,pog(D=3_omega=1.00),1.86,579,0
116,2,0x311eb133eb413ac3f21249889bb101e5d40820ce,9.137179,1772365611,18052c0412cf7619510004b8f8780e7ebd241500b0a467bebba7dee92d477fb0,184,92.00,3.69,1,5,4,0.018180,0.447838,TopoStake,pog(D=3_omega=1.00),1.48,580,0
116,3,0x13f9dadc05f6c237b03411e2aed1800cf21a5d89,24.320865,1772365613,aa7b751d1ed9682d8720837e49cc2d7de6625da8b6bd9334cef69c33a40dcd5c,193,64.33,3.62,1,5,4,0.018169,0.448105,TopoStake,pog(D=3_omega=1.00),2.49,581,0
116,4,0x075e1d95c7891e1c00414ca1aa9a7a8cf6270019,27.183179,1772365615,2ffd93e419a3fd5c7839d9c0fa9e740717a563ab42312e18c869e9469529b785,230,115.00,3.02,2,5,3,0.018229,0.448870,TopoStake,pog(D=3_omega=1.00),2.47,582,0
117,0,0x34d94cc0534eb50dec7956bea31407428d6d5ef8,2.080356,1772365618,5c46395655ee25c41a4d8fc8ae9f2107300b8527ff1e5afcc2c45513b9f622e3,220,110.00,3.04,1,5,3,0.018301,0.449663,TopoStake,pog(D=3_omega=1.00),2.20,583,0
117,1,0x50f7fa851f9314d682e36da5caa4635039b5305d,15.121757,1772365619,6589e8084ad709d4f2d89f57e9849407ac150aded7f9470ee8128424f99eebb8,227,113.50,3.62,1,5,4,0.018257,0.448231,TopoStake,pog(D=3_omega=1.00),1.98,584,0
117,2,0x30509a8084fdfe6fe24d9c9a817c209ad194f8e3,19.678721,1772365621,ee85b0e528c223851108f5f1212af0507a2a4f3875c0947bda9785f48daac998,79,79.00,3.34,2,4,3,0.018274,0.448822,TopoStake,pog(D=3_omega=1.00),1.66,585,0
117,3,0x49b57eb4dace37c8819daf079c9c674f766d4f38,5.229808,1772365623,af9e72420795b1acddb1bb29b4bbaa35a9ca9af606381845656a4c6f62946f63,192,96.00,3.28,1,5,3,0.018311,0.449521,TopoStake,pog(D=3_omega=1.00),1.56,586,0
117,4,0x71f297f96355f349d66f0e9b681e7d4e11224660,7.172122,1772365625,7163b7d082c2389f07db524670e6ba15191bb07ee26a2cf4eabb706e6767dab5,187,93.50,3.89,1,5,4,0.018282,0.449048,TopoStake,pog(D=3_omega=1.00),1.52,587,0
118,0,0x1796dc61e715f15a2d27dfa32bd34780f12a8c24,15.744210,1772365627,d4d6fb0e6eaa8fb913c0cb5312ed05f4ae2d4628b3d9b028db678ed35945a1d8,199,66.33,3.88,1,5,4,0.018262,0.449024,TopoStake,pog(D=3_omega=1.00),2.44,588,0
118,1,0x719361397abe003a91af76243e5f9c7a0cd4279f,10.546993,1772365630,367fa1aae563c588d80317c709e7169adf86d19ba338f7f73d0e8ce7485a5ebd,250,125.00,3.13,1,5,3,0.018280,0.449618,TopoStake,pog(D=3_omega=1.00),2.27,589,0
118,2,0x5cd626f4b83428b146919d30f4b3e481d259a9dc,6.074197,1772365631,4c74563152a63714f2117773a1a78cebbc4191085fea4b09ba6cc64a434963fb,208,104.00,3.71,1,5,4,0.018275,0.449997,TopoStake,pog(D=3_omega=1.00),1.88,590,0
118,3,0xc339f8bf978200eb65afce6c7121402eda949097,5.074888,1772365633,b76ae99103e838b3ae1771a495e1307812a2766c59b776d45935cbc36d15dc54,135,135.00,3.90,1,5,4,0.018275,0.449998,TopoStake,pog(D=3_omega=1.00),1.32,591,0
118,4,0x075e1d95c7891e1c00414ca1aa9a7a8cf6270019,28.184553,1772365635,e9c2390c95fa48e270740c2c2090d7a6ddc56bb8a6159c9c615e7d41b6b51c04,182,91.00,4.26,2,6,4,0.018250,0.449693,TopoStake,pog(D=3_omega=1.00),1.52,592,0
119,0,0x6d6b2734a20229ddd7fd4a1470ba3e3bad4e4a85,7.641893,1772365637,c3408ceb65c6dc9f5f20afb134faf88457adb86430d1159c55d629642ef69c56,205,102.50,3.13,1,5,3,0.018324,0.450475,TopoStake,pog(D=3_omega=1.00),1.53,593,0
119,1,0x53be6e527cc5a7d850b5eae27b9cef342e0665f2,2.035944,1772365639,614b60141bccca8edfdfb9e94cfb6fc96434f9311bc3f71920cd12ad07d5003b,212,70.67,3.62,1,5,4,0.018306,0.450513,TopoStake,pog(D=3_omega=1.00),2.46,594,0
119,2,0x89100a8056319ba37491b32ba255004180607bc2,16.796515,1772365642,2701c7a13d2c051560834238dbb67e12813aabee5bdd6c55149492ea445fe345,227,113.50,3.48,1,5,4,0.018263,0.449059,TopoStake,pog(D=3_omega=1.00),2.28,595,0
119,3,0xb990cdf21950e6086c350175c4bc504e45858230,4.122452,1772365643,a70ed2e03248a38152cd0279d12fb23c0af7f47d8c3e9dfb09547ef61b9980b4,220,110.00,3.78,1,5,4,0.018285,0.449690,TopoStake,pog(D=3_omega=1.00),2.16,596,0
119,4,0xea287b266dbe2c2d402fd91814bcfc4c95d6b0fd,1.154497,1772365645,0901eb6bc37da7a46081f682410b2ce72b8bbb281522a20b639a66a4dc7673d9,158,158.00,3.98,2,5,4,0.018251,0.448848,TopoStake,pog(D=3_omega=1.00),1.44,597,0
120,0,0x13f9dadc05f6c237b03411e2aed1800cf21a5d89,25.322533,1772365647,cd14b9213a1304aafce2cb511d261fbcbd4a7a3be735fb1c5663cfaa5481b2e0,212,106.00,4.15,1,6,4,0.018204,0.447127,TopoStake,pog(D=3_omega=1.00),1.67,598,0
120,1,0x0d91704595bff3aec25d40822498a51c62b05e3a,21.597587,1772365649,a22db52c47df3e2fd8937f27d7a43863f55adf9fc2f8464640a8ef4ca8329712,213,71.00,3.07,1,5,3,0.018264,0.447876,TopoStake,pog(D=3_omega=1.00),2.49,599,0
120,2,0x377eaef292051bbf8ada05b2af76a3f3b9d722a7,5.057784,1772365651,a391db98a8a3aa0c9ca76e0fd592f641514feadbed540217d8f3da621e021ca2,191,95.50,3.21,1,5,3,0.018307,0.448592,TopoStake,pog(D=3_omega=1.00),2.49,600,0
120,3,0x016d3fc36beee7caa8fbd6c1caa42461dd7f9850,8.892327,1772365654,17dfd9a7f374d8258bd4ee0f49183af39054af45b2cfa112bf43f8d1a331bad3,196,98.00,3.53,1,5,4,0.018277,0.448068,TopoStake,pog(D=3_omega=1.00),2.36,601,0
120,4,0x282f43759e22b50aa7989261c51c367f325c3f91,7.355913,1772365655,a7e82e1799628b979355f4534b8add771bda0964f22770ede7490884173eabd8,250,125.00,3.11,1,4,3,0.018265,0.448268,TopoStake,pog(D=3_omega=1.00),2.04,602,0
121,0,0x13f9dadc05f6c237b03411e2aed1800cf21a5d89,26.323647,1772365657,f4ccaa5d4580e053be570ad1f5c26e91fa54d566c91ad123be92a72541dc02b8,93,93.00,3.89,2,5,4,0.018245,0.448235,TopoStake,pog(D=3_omega=1.00),1.26,603,0
121,1,0x13f9dadc05f6c237b03411e2aed1800cf21a5d89,27.324627,1772365659,3c3747948aaa91d72bf45b6e09da18a36a5fc2ef57d69ef70e0f18fac9081621,202,101.00,3.04,1,5,3,0.018308,0.448976,TopoStake,pog(D=3_omega=1.00),1.55,604,0
121,2,0x8719ca31b72ae8a5404006763c53d5ad503dbcb0,5.110931,1772365661,4096e4e8c9e20608ef1778e2e6b1858deef6bfc7b9a548893ac41dab2b3a9df7,213,106.50,3.00,1,5,3,0.018374,0.449716,TopoStake,pog(D=3_omega=1.00),1.50,605,0
121,3,0x606627477c3734932f47972f83c27cf4e3b35b4f,6.373761,1772365663,3a5e7b65e13a26f8c95a94acb06058abc6836c8fd1d6d180a55ebc4983c4f118,204,68.00,4.26,1,6,4,0.018345,0.449177,TopoStake,pog(D=3_omega=1.00),2.55,606,0
121,4,0x075e1d95c7891e1c00414ca1aa9a7a8cf6270019,29.186033,1772365666,d64e711eac98b01a5ad5cbca67c958b14d491dc504a94c6b815ffd0f3e5158f6,225,112.50,3.59,1,5,4,0.018321,0.448929,TopoStake,pog(D=3_omega=1.00),2.36,607,0
122,0,0x58a21eeb7ab18ba8adf1296e66a4487076e95dac,9.092374,1772365667,40a33c3e931cdac20a5f330de428c8fc39836d43f622334b4f7b0eeb55d00e5f,250,125.00,3.10,1,5,3,0.018394,0.449694,TopoStake,pog(D=3_omega=1.00),2.12,608,0
122,1,0x50f7fa851f9314d682e36da5caa4635039b5305d,16.122180,1772365669,c983625099b33a1fef2c387705dad527b7ae523b9ef4fdd16540e0030c095119,133,133.00,3.66,1,5,4,0.018382,0.449890,TopoStake,pog(D=3_omega=1.00),1.39,609,0
122,2,0x606627477c3734932f47972f83c27cf4e3b35b4f,7.374833,1772365671,1cbb02885cdee81e9c5fb7b9c7c2c9798f42981c6a8559eb49e4ae7c78038f5a,209,104.50,3.36,1,5,3,0.018382,0.449892,TopoStake,pog(D=3_omega=1.00),1.66,610,0
122,3,0x0d91704595bff3aec25d40822498a51c62b05e3a,22.598742,1772365673,3248ecc9508a7a131e467ad4088bc46c95036b9dcded70064e43e230d0cc2b46,181,90.50,3.67,1,5,4,0.018362,0.449832,TopoStake,pog(D=3_omega=1.00),1.49,611,0
122,4,0xa9a524611994a27dd3134d643379aa14edf7cb39,5.091589,1772365675,fadbb20a94524f7a5c2ee7c907b78b590a4d847be2014f86539d2b1ffaa8cca2,207,69.00,3.23,2,5,3,0.018407,0.450534,TopoStake,pog(D=3_omega=1.00),2.43,612,0
123,0,0x89100a8056319ba37491b32ba255004180607bc2,17.797497,1772365678,2687ab03aed86f77c5a4728b3cea3962dbf000ed86dc7b56ac821231ab2579fe,202,101.00,3.71,1,5,4,0.018377,0.449965,TopoStake,pog(D=3_omega=1.00),2.34,613,0
123,1,0x26d553a2f4343b3a7dc88bbd87b3d0a25d3838d9,8.219852,1772365679,2655ca225509ec6aca494374c92bd94b3f7130e4ea816c501e4b1a10f814a0fb,239,119.50,3.77,1,5,4,0.018401,0.450607,TopoStake,pog(D=3_omega=1.00),2.11,614,0
123,2,0x075e1d95c7891e1c00414ca1aa9a7a8cf6270019,30.187354,1772365681,7ff95d48f271620cb691a2b20620a4eb0f1d98faff233cf4d450aebf71ac7961,119,119.00,3.84,1,5,4,0.018384,0.450673,TopoStake,pog(D=3_omega=1.00),1.36,615,0
123,3,0x016d3fc36beee7caa8fbd6c1caa42461dd7f9850,9.893730,1772365683,d12eef9b46218067ff6b6530e940df5067616370bf3f88e3e2a04e40babfa13d,186,93.00,3.20,1,5,3,0.018460,0.451428,TopoStake,pog(D=3_omega=1.00),1.49,616,0
123,4,0xf13caa2c5f6f6cf61e51290bfa7826a9140b4faf,6.041112,1772365685,51ec52a6b0fde51cad0efcb97dba5d13a5145ea51fdb42a037e77112ec0ee2c0,204,102.00,3.13,2,4,3,0.018450,0.451702,TopoStake,pog(D=3_omega=1.00),1.48,617,0
124,0,0x28672c71695142588ed26ada6f4b18b8b6c12308,12.700761,1772365687,856088d6dae3a20df1db3a0293554a0aa3f4bc0145715e3a517f6fbef5e4aa98,200,66.67,4.34,1,6,4,0.018424,0.451346,TopoStake,pog(D=3_omega=1.00),2.45,618,0
124,1,0x1d1d2c63625de70b1e5ef40056bd2deb89d7fef2,2.063846,1772365689,bc06ac0e0f3e06dccf390d047883a8f94070158bc24418b62bf738f232163831,190,95.00,3.59,1,5,4,0.018426,0.451808,TopoStake,pog(D=3_omega=1.00),2.44,619,0
124,2,0x07902d0371763a00d97ed9ba16ff0a206cb0fd19,33.598135,1772365692,2ae8686247628e38d8eea995e6799923e5eef4b1d6cc6fbdd8bc11372f4422c2,245,122.50,3.64,1,5,4,0.018384,0.450379,TopoStake,pog(D=3_omega=1.00),2.23,620,0
124,3,0xd61b00c297972877b45f8d7f4d67fdaf20c67c59,2.328110,1772365694,ef42fe1c9b23f2a69f10a330d95d891fc4d5684b1afb31062271048f549f16ac,229,114.50,2.85,1,4,3,0.018472,0.451158,TopoStake,pog(D=3_omega=1.00),1.96,621,0
124,4,0x1cb1274c711a6c2e4e1596846e6ac604eeefb358,11.414675,1772365696,f528a0706f2d4db94a9ab7ccf5d96c6bbfa0dd451618c9650434f77a8c1b0da7,161,80.50,4.40,2,6,4,0.018431,0.449787,TopoStake,pog(D=3_omega=1.00),1.55,622,0
125,0,0x8c11ec9090dd820c076e57e899d9c604c79d6b32,14.574302,1772365698,4ddc37a680f6ef876dfb6319bee08e0bde0e9816392b9b3fb86a8270434298dc,228,114.00,3.54,1,5,4,0.018427,0.450190,TopoStake,pog(D=3_omega=1.00),1.72,623,0
125,1,0xaadc5fea232580cb8fba739ac5d05a48559c7e52,4.350651,1772365700,fdae930ab68f6b6817ea3bba9a4d98f11781645daa77a84e56d052f7123e1eba,222,74.00,4.22,1,6,4,0.018436,0.450692,TopoStake,pog(D=3_omega=1.00),2.52,624,0
125,2,0x377eaef292051bbf8ada05b2af76a3f3b9d722a7,6.058568,1772365702,fb19511454ba78eaec10b5586c241bcaf7133ff4c94032479a28d8bcabf3aa7a,214,107.00,4.37,1,6,4,0.018403,0.449926,TopoStake,pog(D=3_omega=1.00),2.48,625,0
125,3,0x63f4973c0df8a5358405f396dc0673a463c48de9,10.903832,1772365704,d3212523744953be8aeeb693c4bf46bd76bcf3674622f6dc6cf68cdae40f3a3c,238,119.00,3.63,1,5,4,0.018378,0.449552,TopoStake,pog(D=3_omega=1.00),2.34,626,0
125,4,0x719361397abe003a91af76243e5f9c7a0cd4279f,11.547780,1772365706,cf0e7b5bd92de5cb2946c7c92bc05a97fc78f9720f06fb85b4679613051efc79,124,124.00,3.59,1,5,4,0.018372,0.449906,TopoStake,pog(D=3_omega=1.00),1.35,627,0
126,0,0xb7b4ee0a72bc410bf6d32b9cd3f3e11fc756d6f1,2.075519,1772365708,bc42ceec76730d0d1fb633cf8137307e0d09e70a60512198657831f4a80496c6,199,99.50,3.87,1,5,4,0.018372,0.449907,TopoStake,pog(D=3_omega=1.00),1.66,628,0
126,1,0x269cdf52f97e1d9f14b7be895155a7b294f0b21d,10.731863,1772365710,92b31a88905b098608929bb8f91cfb1a69dc8224f364f8ee4a8214a57c42cc2e,196,98.00,3.98,2,6,4,0.018330,0.448453,TopoStake,pog(D=3_omega=1.00),1.55,629,0
126,2,0x1796dc61e715f15a2d27dfa32bd34780f12a8c24,16.745845,1772365712,cefb7ce0a0beb3d5071b80af0a29f5b255fdf1a95c0949a32900651087b0ff00,177,59.00,3.68,1,5,4,0.018323,0.448771,TopoStake,pog(D=3_omega=1.00),2.49,630,0
126,3,0xaadc5fea232580cb8fba739ac5d05a48559c7e52,5.351404,1772365715,6ad92bc8bd20c89ae4c9ed0ca1b1ee21fdc47ace573a0290107aa2197bd37f1a,230,115.00,3.21,1,5,3,0.018341,0.449344,TopoStake,pog(D=3_omega=1.00),2.50,631,0
126,4,0x8c11ec9090dd820c076e57e899d9c604c79d6b32,15.575272,1772365716,d63c49f045fde25e3a33c74b6417fae0293237800fdd9de590ba01a939ca3c0c,191,95.50,4.18,1,6,4,0.018313,0.448804,TopoStake,pog(D=3_omega=1.00),2.41,632,0
127,0,0x30509a8084fdfe6fe24d9c9a817c209ad194f8e3,20.680420,1772365718,b4fde257ba456b97c175f1fda3c7ae6414f5073169221a5b75d6f78aec93b1cd,136,136.00,4.29,1,6,4,0.018325,0.449330,TopoStake,pog(D=3_omega=1.00),1.59,633,0
127,1,0x30509a8084fdfe6fe24d9c9a817c209ad194f8e3,20.680390,1772365720,83eb7036a075eb0fe7524a3f9e675ab9e901786a70cee13b2cce7d69572b9882,205,102.50,3.44,2,5,4,0.018325,0.449332,TopoStake,pog(D=3_omega=1.00),1.72,634,0
127,2,0x8c11ec9090dd820c076e57e899d9c604c79d6b32,16.575841,1772365722,cb183808b2ca4e78115ac9031bbe21a57024f80b7408af1747083b656658f92a,222,74.00,3.40,1,5,4,0.018395,0.450637,TopoStake,pog(D=3_omega=1.00),2.52,635,0
127,3,0x8d9e46becf415ca26aa698c9657087e6554aabda,1.379987,1772365724,084ec750c89a3a744c5dddc7c87bc330c625fa2c547c3e0469549a899e0bd7f6,213,106.50,4.19,1,6,4,0.018411,0.451174,TopoStake,pog(D=3_omega=1.00),2.49,636,0
127,4,0x24898fcb116b48cb2b6fd5d3b4eb599fee0f4633,5.053497,1772365727,4a2934a9ae233a65cee339116e240ea87f32a94cea49347d4ed42cd1abefe282,217,108.50,3.60,2,5,4,0.018367,0.449545,TopoStake,pog(D=3_omega=1.00),2.39,637,0
128,0,0x8c11ec9090dd820c076e57e899d9c604c79d6b32,17.576770,1772365728,3580db407654b0484621bacd3dd809662bdba51ff41befe8cf85ca722cc58c8c,240,120.00,3.41,1,5,4,0.018337,0.448933,TopoStake,pog(D=3_omega=1.00),2.06,638,0
128,1,0x24898fcb116b48cb2b6fd5d3b4eb599fee0f4633,6.054654,1772365730,346b5c46052830dc2c45156b3f57cc9bf6108fe2f1cb81afb83dae0bb51adbae,125,125.00,4.10,1,6,4,0.018357,0.449517,TopoStake,pog(D=3_omega=1.00),1.34,639,0
128,2,0x53be6e527cc5a7d850b5eae27b9cef342e0665f2,3.036795,1772365732,6e7ea58d591e629344f41fdd937aa86f5488cc5dfa166f2e6b136717efbe00b3,210,105.00,3.63,1,5,4,0.018332,0.449113,TopoStake,pog(D=3_omega=1.00),1.74,640,0
128,3,0x8c11ec9090dd820c076e57e899d9c604c79d6b32,18.577293,1772365734,bd64120a19b1494c07d6a254726b05e89532f4685427af343ca48fecbfbc3e51,206,103.00,3.41,1,5,4,0.018294,0.447939,TopoStake,pog(D=3_omega=1.00),1.54,641,0
128,4,0x075e1d95c7891e1c00414ca1aa9a7a8cf6270019,31.189552,1772365736,67a5cba3b85d7d65000b2441c17568c643655d438bf0330a7c18fdb6a24ec191,219,73.00,4.15,1,6,4,0.018318,0.448553,TopoStake,pog(D=3_omega=1.00),2.49,642,0
129,0,0x50f7fa851f9314d682e36da5caa4635039b5305d,16.122249,1772365739,4ab0585116e527b7ace1abcb305a7f1c791a54024056d2e2bb55897c1a0130a0,213,106.50,3.03,1,5,3,0.018390,0.449283,TopoStake,pog(D=3_omega=1.00),2.32,643,0
129,1,0x6414c6a8400ff3419cd81855d09de2848d770e0e,1.145756,1772365740,dd8fc175b9837f632a45b90f062323fbc0bd48a68aa94b595f5a4dd5f8dbed95,215,107.50,3.27,1,5,3,0.018404,0.449788,TopoStake,pog(D=3_omega=1.00),2.08,644,0
129,2,0x13f9dadc05f6c237b03411e2aed1800cf21a5d89,28.327417,1772365742,31f43bdf55fdd7d1eac2d79e53abc9a768915db5a64c19462acc2640746a296e,148,148.00,3.89,1,5,4,0.018359,0.448119,TopoStake,pog(D=3_omega=1.00),1.30,645,0
129,3,0xe478b1e4d1538274c0c70cbd7df877f9abab2f62,5.294830,1772365744,6ec56de8113bc79aeedf76fa6fd20a3c19b99e15fd5d0a306dda1fe861cc26cc,226,113.00,3.10,1,5,3,0.018359,0.448120,TopoStake,pog(D=3_omega=1.00),1.62,646,0
129,4,0x52e05d9fa4faa167f30baba23c710e4f49115288,2.141832,1772365746,b9662770c6ff0a59026ebd6c668085186f5bc0967dbfe52d71ab1ea991d7b39d,207,103.50,4.10,1,5,4,0.018331,0.447530,TopoStake,pog(D=3_omega=1.00),1.49,647,0
130,0,0x13f9dadc05f6c237b03411e2aed1800cf21a5d89,28.327379,1772365748,7cb114583d29c6ac772a681a965737a1c438e1d27326eb17cfe943ef0d6bc166,205,68.33,4.00,1,5,4,0.018290,0.446102,TopoStake,pog(D=3_omega=1.00),2.45,648,0
130,1,0x1796dc61e715f15a2d27dfa32bd34780f12a8c24,17.747363,1772365751,be2885689fc9b58ce9f7f90efa904801a837dbf2f83ddf941eae32c31e6a2c96,213,106.50,2.92,1,5,3,0.018350,0.446803,TopoStake,pog(D=3_omega=1.00),2.36,649,0
130,2,0x07902d0371763a00d97ed9ba16ff0a206cb0fd19,34.600788,1772365752,7fe7e75c0e94b7df62f905d60889555a62ee449bf376e9d2aa040af753d82351,222,111.00,3.31,1,5,3,0.018370,0.447362,TopoStake,pog(D=3_omega=1.00),2.10,650,0
130,3,0x0d91704595bff3aec25d40822498a51c62b05e3a,23.600370,1772365754,c30b00caa238aeabda50a385151fae1d7aef52dd08e0abed1d25f67aadde35ed,141,141.00,2.84,1,4,3,0.018453,0.448115,TopoStake,pog(D=3_omega=1.00),1.28,651,0
130,4,0xb990cdf21950e6086c350175c4bc504e45858230,5.122700,1772365756,efd11f91c1fc2e42b469d38a933963754b3443652c45cf493599f1f918888362,196,98.00,3.28,1,5,3,0.018453,0.448116,TopoStake,pog(D=3_omega=1.00),1.49,652,0
131,0,0xd67aaaf210c0c36ddcb7055222d168b5c9dd1b36,6.187006,1772365758,872b4b3fc6b26fe8ee8d0fa4d13028ac23776bfb2ac5f309c8230bafb0fcb21c,187,93.50,4.03,1,5,4,0.018494,0.448783,TopoStake,pog(D=3_omega=1.00),1.52,653,0
131,1,0x4a217e35f6402e7f62a49f6d62e27c6585c2f3fd,7.491040,1772365760,af4d69563e1c4bba0f5c3e73e8904919760cd13567ded4142b04f49a5faac8e5,215,71.67,3.91,1,5,4,0.018439,0.447768,TopoStake,pog(D=3_omega=1.00),2.49,654,0
131,2,0xc774b0fee7cabbef3b1ae14bf36db3df0d32c1df,7.171746,1772365763,069bf50116200b8a3ba16d08cac21e14ad3ce1dbd16a3c2eab5135f929cc3b00,217,108.50,3.60,1,5,4,0.018419,0.447705,TopoStake,pog(D=3_omega=1.00),2.44,655,0
131,3,0x07902d0371763a00d97ed9ba16ff0a206cb0fd19,35.601747,1772365764,25366e7e10835ea5cb363cd2274cf6f8b4f7f61c784f39e8bd936aaa8f8c6aaa,250,125.00,3.87,1,5,4,0.018397,0.447573,TopoStake,pog(D=3_omega=1.00),2.35,656,0
131,4,0x1d1d2c63625de70b1e5ef40056bd2deb89d7fef2,3.064383,1772365766,77a7ab18256a8e620da8840d9655d0f0f139175344e7612ac6c3c5e88a6f8550,112,112.00,2.79,1,4,3,0.018483,0.448319,TopoStake,pog(D=3_omega=1.00),1.66,657,0
132,0,0x71f297f96355f349d66f0e9b681e7d4e11224660,8.172667,1772365768,3b48ffb54c23c72ae23d9b3186f7406abc5e2e7c4bca221b1ec9be89aed12662,209,104.50,3.70,1,5,4,0.018446,0.447151,TopoStake,pog(D=3_omega=1.00),1.51,658,0
132,1,0x4ba33404d90c4ae989714d9d174cd882cffb7994,15.121290,1772365770,bb57b8aece52ec237ad3f1512b46689588a583ad17287a1ea3a0d2bfeed5b4c1,173,86.50,3.95,1,5,4,0.018428,0.447177,TopoStake,pog(D=3_omega=1.00),1.47,659,0
132,2,0x075e1d95c7891e1c00414ca1aa9a7a8cf6270019,32.191103,1772365772,d3b4aaad487e50d0ff4dc0bc5d758c71f092d13d0497a36438a41e7cab8f31f0,212,70.67,4.51,1,6,5,0.018436,0.447647,TopoStake,pog(D=3_omega=1.00),2.49,660,0
132,3,0x13f9dadc05f6c237b03411e2aed1800cf21a5d89,29.328912,1772365775,ed038fa82f01bf6dada72797a7c9276ee5fa1e5a8b812e3b57eeba455abbbe35,201,100.50,2.93,1,5,3,0.018507,0.448362,TopoStake,pog(D=3_omega=1.00),2.33,661,0
132,4,0x7e40df5d801345015e84c843908efc6683665fa4,7.660167,1772365776,d1d99d52e8c4ab22bb540ab6642511e48a89afce76bb10d5ffb01b94d53603ef,250,125.00,2.96,1,5,3,0.018568,0.449047,TopoStake,pog(D=3_omega=1.00),1.96,662,0
133,0,0x786f26993bf015cd2da6fb5d3ccd1879e01246ab,5.287724,1772365778,e77cc502df081cbef83a0eb53b9dacb4032baf54fbbe67abb8452fd2df7c9586,127,127.00,3.50,2,5,4,0.018548,0.448959,TopoStake,pog(D=3_omega=1.00),1.22,663,0
133,1,0xb990cdf21950e6086c350175c4bc504e45858230,6.123543,1772365780,d8524cfb3ada64a0f43ab8df7877b2083ad2962a87ba91d0487583d4a0ca482b,202,101.00,4.03,1,5,4,0.018519,0.448327,TopoStake,pog(D=3_omega=1.00),1.58,664,0
133,2,0x0d91704595bff3aec25d40822498a51c62b05e3a,24.601446,1772365782,8121f727c5ca86ee49f270db24cc8751d47e03e6afbf3dc5f2f72291796a8ab9,197,65.67,4.06,1,5,4,0.018493,0.447904,TopoStake,pog(D=3_omega=1.00),2.49,665,0
133,3,0xd39dbd3662315e3935ec08e6b6028e73b3c09de2,6.920547,1772365784,ecae6a2b008bec500de577a0a143e580fc52cbc998ec8da98e28689065859aa0,239,119.50,3.20,1,5,3,0.018535,0.448559,TopoStake,pog(D=3_omega=1.00),2.41,666,0
133,4,0x07902d0371763a00d97ed9ba16ff0a206cb0fd19,36.602871,1772365787,f710a42cbd40f6b2b1d4504ef4785d1586ca0d1051a0ec89eb34c46cfa23b20c,172,86.00,4.50,1,6,5,0.018512,0.448348,TopoStake,pog(D=3_omega=1.00),2.41,667,0
134,0,0x763be7657fec175a3de5f1ee0a506722872c886d,0.027942,1772365788,7ee74ee6d66a9229d7f5862aaccd11b3154d95b421f0d5edd34ea009e5cac6ed,250,125.00,2.78,1,4,3,0.018598,0.449082,TopoStake,pog(D=3_omega=1.00),2.22,668,0
134,1,0x016d3fc36beee7caa8fbd6c1caa42461dd7f9850,10.895150,1772365790,a8ba298fff37217efed3c023a7bebf3420447a6c0bb5de5272bc393571837533,66,66.00,3.70,3,5,4,0.018550,0.447283,TopoStake,pog(D=3_omega=1.00),2.00,669,0
134,2,0x28672c71695142588ed26ada6f4b18b8b6c12308,13.701578,1772365792,e722eabc10d71bb461e0d7b92c9780feb101e28a53562b8d9912e42a1af358ed,182,91.00,3.08,1,4,3,0.018541,0.447571,TopoStake,pog(D=3_omega=1.00),1.51,670,0
134,3,0x0d91704595bff3aec25d40822498a51c62b05e3a,25.602657,1772365794,937d6eefa91fd3c3d942bbbda552694f611f5c78027259a8251927ecfa0ebd95,195,65.00,3.59,1,5,4,0.018543,0.448007,TopoStake,pog(D=3_omega=1.00),2.49,671,0
134,4,0x26d553a2f4343b3a7dc88bbd87b3d0a25d3838d9,9.219969,1772365796,a4706c1b77fa783c51f74540e6b354bbe2f3431c2de67d0785835fd928e3111f,196,98.00,3.29,1,5,3,0.018587,0.448657,TopoStake,pog(D=3_omega=1.00),2.49,672,0
135,0,0x13f9dadc05f6c237b03411e2aed1800cf21a5d89,30.330507,1772365799,5b4c1e8b3b1cf6b5b0cc091da827748b43afc87cc6f5960c69d5c115169be332,198,99.00,3.66,1,5,4,0.018572,0.448824,TopoStake,pog(D=3_omega=1.00),2.35,673,0
135,1,0xd46407aa7b668c72de3cf1c1a12b7fa2e308a1b2,6.986860,1772365800,875261c9166967726e5a62ba9e16ab3b59ef6ced87a43cbc89a8f46e4112ee47,250,125.00,3.11,2,5,3,0.018634,0.449497,TopoStake,pog(D=3_omega=1.00),2.12,674,0
135,2,0x13f9dadc05f6c237b03411e2aed1800cf21a5d89,31.331717,1772365802,d2f9d85c789675fac315296a47422652ddaaca82b4fc7765a252757b910f9709,128,128.00,3.91,2,5,4,0.018611,0.449278,TopoStake,pog(D=3_omega=1.00),1.37,675,0
135,3,0xdcf2130496e27a8094ab996aea4aa77788d65869,6.501112,1772365804,7db4295805b24f24e6ddf355fc45b1e297f08ed78f0b3e993cdc50448291b111,211,105.50,2.98,1,5,3,0.018675,0.449949,TopoStake,pog(D=3_omega=1.00),1.54,676,0
135,4,0xf5ecb44daf07a1d1073dbc89baf04bd7541fa517,3.061760,1772365806,6f0b636d38c94b1d09d0661a98462063a0bd270a34dbbc27416b388367b296f9,185,61.67,3.92,1,5,4,0.018650,0.449601,TopoStake,pog(D=3_omega=1.00),2.48,677,0
136,0,0xdcf2130496e27a8094ab996aea4aa77788d65869,7.501991,1772365808,f4038f14ba98589f82d57543eb871e9310bce26e3c7fc9b0eae980c24039bf76,206,103.00,3.96,1,6,4,0.018613,0.448436,TopoStake,pog(D=3_omega=1.00),2.43,678,0
136,1,0x71f297f96355f349d66f0e9b681e7d4e11224660,9.173311,1772365811,3e0388138a07568b5223fcf215fc4686957fcc508e0f18ba1cb1e51609c3171f,204,102.00,3.79,1,5,4,0.018592,0.448276,TopoStake,pog(D=3_omega=1.00),2.37,679,0
136,2,0x0d91704595bff3aec25d40822498a51c62b05e3a,26.603724,1772365812,a679337657ec92c18e241338068d05f96fb227654f18ab3b82e818bb7b3d9894,250,125.00,3.85,1,5,4,0.018592,0.448277,TopoStake,pog(D=3_omega=1.00),2.25,680,0
136,3,0x075e1d95c7891e1c00414ca1aa9a7a8cf6270019,33.192657,1772365814,6d25cab86cb4ecc47d789700853f5dc755aa4303e30787154ae849896534364b,71,71.00,3.41,2,5,3,0.018638,0.448919,TopoStake,pog(D=3_omega=1.00),1.92,681,0
136,4,0x28672c71695142588ed26ada6f4b18b8b6c12308,14.702469,1772365816,22b332f4f7f05ac6382f3b43e8172622f5f29815c9e928d8d33cae236a011d77,210,105.00,3.26,1,5,3,0.018708,0.449613,TopoStake,pog(D=3_omega=1.00),1.47,682,0
137,0,0x13f9dadc05f6c237b03411e2aed1800cf21a5d89,32.332991,1772365818,d0aafb217461a4352839407404794f9cc741972a69f9501366163c59d9c7c064,220,110.00,3.68,1,5,4,0.018712,0.450040,TopoStake,pog(D=3_omega=1.00),1.50,683,0
137,1,0x016d3fc36beee7caa8fbd6c1caa42461dd7f9850,11.896206,1772365820,ca9a7eb216707d452358cf7f22f7f479bfae5b16b48c0639e2cc5e5af70bfecd,198,66.00,3.07,1,5,3,0.018778,0.450704,TopoStake,pog(D=3_omega=1.00),2.48,684,0
137,2,0x0d91704595bff3aec25d40822498a51c62b05e3a,27.604104,1772365823,a03dc79741881565c4587309220cdb0ea2adfc025bf56053ce0bb14627f76105,246,123.00,3.09,1,4,3,0.018771,0.451077,TopoStake,pog(D=3_omega=1.00),2.31,685,0
137,3,0xfb35fdafcfc84561a42700a4a1c274edeb75bdc1,1.052784,1772365824,b1df8d8cb928a062b5558e52fd4be0156814ae3281b4d752bcb629c0971978e8,250,125.00,3.23,1,5,3,0.018820,0.451711,TopoStake,pog(D=3_omega=1.00),1.97,686,0
137,4,0x58a21eeb7ab18ba8adf1296e66a4487076e95dac,10.092152,1772365826,0773b9d32bb0876efd1e4ecf79aec63056f3abc72c498947d05cafe8c44c18b8,115,115.00,3.97,2,5,4,0.018776,0.450095,TopoStake,pog(D=3_omega=1.00),1.36,687,0
138,0,0xb990cdf21950e6086c350175c4bc504e45858230,7.124271,1772365828,75db84012ed76952316f57312c2b67d6963e76f57b5dd7e0a2385e64d11abd1e,208,104.00,4.00,1,6,4,0.018763,0.450328,TopoStake,pog(D=3_omega=1.00),1.50,688,0
138,1,0xcdc82b7c868072205a399d0f68e6e3ad3bfd1ca6,2.200958,1772365830,34f540931afb0c14a2bc75e8dfc519a0551048f78e64cbc42d59d8c46cb07c5b,201,67.00,4.04,1,5,4,0.018740,0.450087,TopoStake,pog(D=3_omega=1.00),2.45,689,0
138,2,0x075e1d95c7891e1c00414ca1aa9a7a8cf6270019,34.193966,1772365832,05137972b35c9994213e6102a552d1ffb28f1ddfb595e2eb5d15bdab5c0f4283,234,117.00,3.52,1,5,4,0.018701,0.448718,TopoStake,pog(D=3_omega=1.00),2.47,690,0
138,3,0xb2a7fe70a6f3137d38f6cb4c3ec6dd1e24f2d5f4,6.419136,1772365835,4adbed66dbf1cfa81766caad7d6abcd038277e363bf1141e27c00ff79d2803c0,250,125.00,3.13,1,5,3,0.018771,0.449404,TopoStake,pog(D=3_omega=1.00),2.36,691,0
138,4,0x6064b9f5883bf9737dfe314ff68c56e09e68ac89,9.191848,1772365836,b6656705a869d569add32c012271cda159a827a98acebd57766cd76974b9e74b,195,97.50,4.20,1,6,4,0.018746,0.449013,TopoStake,pog(D=3_omega=1.00),2.23,692,0
139,0,0x1796dc61e715f15a2d27dfa32bd34780f12a8c24,18.748751,1772365838,cd25f40667d1340ce11aaf0613779ad1a4ad447345ef1d1b4167a5889e385e11,154,154.00,3.84,1,5,4,0.018730,0.449144,TopoStake,pog(D=3_omega=1.00),1.45,693,0
139,1,0x07902d0371763a00d97ed9ba16ff0a206cb0fd19,37.605730,1772365840,029cfee12b03b0e90b8bd119df8b0f7da2910468a8b24eef4841bf0fada67c9a,224,112.00,3.38,1,5,3,0.018747,0.449699,TopoStake,pog(D=3_omega=1.00),1.57,694,0
139,2,0x763be7657fec175a3de5f1ee0a506722872c886d,1.027831,1772365842,f42a6261151e2cdc0c662611506a647ad0abc99f8f0fd9983d5bb24ca617dc0e,206,103.00,2.84,1,4,3,0.018828,0.450406,TopoStake,pog(D=3_omega=1.00),1.42,695,0
139,3,0x13f9dadc05f6c237b03411e2aed1800cf21a5d89,33.334572,1772365844,30a6649405df181eeaff0e74b087c712f43af9c178349dadac673c787161f975,193,64.33,3.70,1,5,4,0.018784,0.448782,TopoStake,pog(D=3_omega=1.00),2.44,696,0
139,4,0x07902d0371763a00d97ed9ba16ff0a206cb0fd19,38.606786,1772365847,b9504ea6b8bca437ed5eca9c2982f63bf1cdb59db2c0ac675a246db264fd556c,238,119.00,2.97,1,5,3,0.018850,0.449436,TopoStake,pog(D=3_omega=1.00),2.25,697,0
140,0,0x7e40df5d801345015e84c843908efc6683665fa4,8.660534,1772365848,25b1bc0e4ebe142384180d6434b7928c0e9a67047583ec4cb784a9268b81e49d,239,119.50,2.77,1,4,3,0.018850,0.449437,TopoStake,pog(D=3_omega=1.00),1.94,698,0
140,1,0x81d019380961f92c2031b0a7fba69f7675145088,3.486596,1772365850,142d1eba4009c5f6ab939edaa8b51fc54df429d6e0e82d00c0ce43aee282a51d,86,86.00,3.40,1,5,4,0.018832,0.449495,TopoStake,pog(D=3_omega=1.00),1.07,699,0
140,2,0x786f26993bf015cd2da6fb5d3ccd1879e01246ab,6.288120,1772365852,89057f629be4e8e65986fcf44f91b69f1962ead960f564cc2400fe40ac110e51,204,102.00,3.65,1,5,4,0.018797,0.448491,TopoStake,pog(D=3_omega=1.00),1.49,700,0
140,3,0x5cd626f4b83428b146919d30f4b3e481d259a9dc,7.073446,1772365854,97606f7d4523b35e816202452069b0ab8c741d5eb7945cbaa68f9e4659e704f1,192,64.00,4.02,1,5,4,0.018771,0.448058,TopoStake,pog(D=3_omega=1.00),2.50,701,0
140,4,0x13f9dadc05f6c237b03411e2aed1800cf21a5d89,34.335910,1772365856,2348106df81ee50158dd9c3fcbb7c4e841192e5046be8b762fbaa851da6d546b,232,116.00,3.97,1,6,4,0.018748,0.447778,TopoStake,pog(D=3_omega=1.00),2.44,702,0
141,0,0x13f9dadc05f6c237b03411e2aed1800cf21a5d89,35.337015,1772365859,f7d731346d6a3b32a07c22e223f2b9bbd53d0296d873a5c16745cca084b85bbb,225,112.50,2.93,1,5,3,0.018816,0.448433,TopoStake,pog(D=3_omega=1.00),2.25,703,0
141,1,0xaadc5fea232580cb8fba739ac5d05a48559c7e52,6.351323,1772365860,35ac8050ce2c1df37a27340c608269dc6ea216b75e8d5feee05258d6cd898090,250,125.00,3.02,1,5,3,0.018816,0.448434,TopoStake,pog(D=3_omega=1.00),1.94,704,0
141,2,0x3513d672439a59c26cc5711f2b715ccb4810a774,12.298483,1772365862,1bbc4a9fd927259d9bc9b6ba564fd0a286e5e5f6dd8cf381936317595e411e8f,56,56.00,4.25,2,6,4,0.018790,0.447982,TopoStake,pog(D=3_omega=1.00),1.48,705,0
141,3,0x28672c71695142588ed26ada6f4b18b8b6c12308,15.703448,1772365864,ef19c4c30af1670e61c6e5b7b975b26c783c96e2abd5cca052a9bc97ddeec96b,204,102.00,3.87,1,5,4,0.018785,0.448355,TopoStake,pog(D=3_omega=1.00),1.50,706,0
141,4,0x30405867b72597aaeb27803bb2c7f3f5fc7d5384,2.510444,1772365866,32bcc746306906771e17bc4d4718494d80ca60cb2955e1d8b153a158b8017693,224,74.67,3.58,1,5,4,0.018790,0.448787,TopoStake,pog(D=3_omega=1.00),2.54,707,0
142,0,0x07902d0371763a00d97ed9ba16ff0a206cb0fd19,38.607068,1772365868,1ce46fb829dd28de179eb47776497849dc36b7bfff6b721476b8c11b0fdb7882,204,102.00,3.45,1,5,4,0.018752,0.447493,TopoStake,pog(D=3_omega=1.00),2.52,708,0
142,1,0x1d1d2c63625de70b1e5ef40056bd2deb89d7fef2,4.064588,1772365871,6a4ea522f0f92f4e0617b64a7d045315f322071686ea338f5a02330593d0a64f,250,125.00,2.67,1,4,3,0.018833,0.448193,TopoStake,pog(D=3_omega=1.00),2.20,709,0
142,2,0x4ba33404d90c4ae989714d9d174cd882cffb7994,16.121369,1772365872,bd912c0faf79bf4f09f3d7c8ca09327612c8016756d7cbfb5c7e1cc372698c80,225,112.50,3.72,1,5,4,0.018800,0.447395,TopoStake,pog(D=3_omega=1.00),2.07,710,0
142,3,0x30509a8084fdfe6fe24d9c9a817c209ad194f8e3,22.683219,1772365874,ed773bad933a837c3a4608dafcf0b63a1617dac9dc53e1789420fc9eaf9e2a4b,98,98.00,4.22,1,6,4,0.018806,0.447820,TopoStake,pog(D=3_omega=1.00),1.45,711,0
142,4,0x34412315480562da4810040fd15c81f99880e1ab,3.891138,1772365876,3998d51bd961a77d2be57331701a272f30ea33de61883ceabcf7c32a2827a209,235,117.50,3.29,1,5,3,0.018806,0.447821,TopoStake,pog(D=3_omega=1.00),1.69,712,0
143,0,0x81193196c1dbdbf80709d43a5af5ce21c201fbd7,4.834772,1772365878,d74abf8b506b9d31965b38ddf09ad8ad272fc7b25369e8d62a9b27aee5daf8f3,202,101.00,4.07,1,6,4,0.018800,0.447535,TopoStake,pog(D=3_omega=1.00),1.50,713,0
143,1,0x075e1d95c7891e1c00414ca1aa9a7a8cf6270019,35.196055,1772365880,5ab7795d6c30da4a3c3835f52b95055ef4c672fbf121e3ae59fc008195cdbeb7,208,69.33,3.95,1,6,4,0.018770,0.446876,TopoStake,pog(D=3_omega=1.00),2.48,714,0
143,2,0x213068cb42718d1dd6d00a6d94d62a3def0e68eb,9.371467,1772365883,5a5b74dfcd24198fd6cd058afdcc16c15d104cb3a455d878d25ddf1e2beaf746,223,111.50,3.02,1,5,3,0.018838,0.447542,TopoStake,pog(D=3_omega=1.00),2.27,715,0
143,3,0x269cdf52f97e1d9f14b7be895155a7b294f0b21d,11.732345,1772365884,9059adcf71946f95e032bf03da82914cac5c59c5608c2ff2fa01a214704a241f,211,105.50,3.66,1,5,4,0.018822,0.447661,TopoStake,pog(D=3_omega=1.00),2.02,716,0
143,4,0x5cd626f4b83428b146919d30f4b3e481d259a9dc,8.074311,1772365886,8179dbd860e788d0dfe3e56712ff2ec19b587e19f90317e4ede39b11b46f38e2,92,92.00,3.65,2,5,4,0.018814,0.447974,TopoStake,pog(D=3_omega=1.00),1.49,717,0
144,0,0x6064b9f5883bf9737dfe314ff68c56e09e68ac89,10.192353,1772365888,866761efb8f60c8b74e6209a960a93026a648ed951d39f0e03491f309b734863,216,108.00,3.95,1,6,4,0.018814,0.447975,TopoStake,pog(D=3_omega=1.00),1.47,718,0
144,1,0x075e1d95c7891e1c00414ca1aa9a7a8cf6270019,36.197301,1772365890,65057f142722f39ea2730dfede004ba75dae38a5814e50201180c137b86ecdb7,180,60.00,3.82,1,5,4,0.018781,0.448124,TopoStake,pog(D=3_omega=1.00),2.56,719,0
144,2,0x50f7fa851f9314d682e36da5caa4635039b5305d,17.123640,1772365893,0844c1291a23b03baf6df13b619ca24f3bd4320279870c74348a8d876aa51bbe,220,110.00,3.06,1,5,3,0.018851,0.448788,TopoStake,pog(D=3_omega=1.00),2.37,720,0
144,3,0x13f9dadc05f6c237b03411e2aed1800cf21a5d89,35.337713,1772365894,5ca0abe9d2b497d77f8ef338bb217b825f379b73d1d4432fdf3b7a302fe33006,250,125.00,3.16,1,5,3,0.018860,0.449256,TopoStake,pog(D=3_omega=1.00),2.09,721,0
144,4,0x07902d0371763a00d97ed9ba16ff0a206cb0fd19,39.608933,1772365896,c797fffd2e3024925ed4b9c3381074f2d0ae3173496e3fdc96b56cefa3033b22,136,136.00,3.20,1,5,3,0.018927,0.449891,TopoStake,pog(D=3_omega=1.00),1.38,722,0
145,0,0xcdc82b7c868072205a399d0f68e6e3ad3bfd1ca6,3.201705,1772365898,6793b30a1eb42db4a668544f7e221e1075b76e26e4f27ba728481ca876dfa861,190,95.00,2.72,1,4,3,0.019008,0.450574,TopoStake,pog(D=3_omega=1.00),1.55,723,0
145,1,0xaadc5fea232580cb8fba739ac5d05a48559c7e52,7.351284,1772365900,9d224d90e2ecf3f1c9d0c5f60789e0e49e9416be3f31f6e8b6c6a54811ee18b5,191,95.50,3.61,1,5,4,0.018971,0.449460,TopoStake,pog(D=3_omega=1.00),1.49,724,0
145,2,0x377eaef292051bbf8ada05b2af76a3f3b9d722a7,7.059504,1772365902,f1a10c8d72279b58889eb88fc6333cde9ca935c39481519d746f6537b1ca2d61,186,62.00,4.30,1,6,4,0.018949,0.449210,TopoStake,pog(D=3_omega=1.00),2.45,725,0
145,3,0x34412315480562da4810040fd15c81f99880e1ab,4.891975,1772365904,85926cf16757f6456315e7e471ea73ab468ad91dee47c500e41dc96bc6cab52e,181,90.50,3.45,1,5,4,0.018925,0.448884,TopoStake,pog(D=3_omega=1.00),2.45,726,0
145,4,0x719361397abe003a91af76243e5f9c7a0cd4279f,11.547083,1772365907,18394cf6e5c55651246c522d5e69d68524a1dc88c8390c839175d7e1bcccb1a6,224,112.00,3.94,1,5,4,0.018894,0.448215,TopoStake,pog(D=3_omega=1.00),2.19,727,0
146,0,0x9ba702916c26a8583a7f277d6932b3c0d9927ce0,6.193609,1772365909,b7b0aa710bb34ced9d7835d161252b956b1026c9f09387129aa509e2823871bc,245,122.50,3.76,1,5,4,0.018885,0.448490,TopoStake,pog(D=3_omega=1.00),2.03,728,0
146,1,0x07902d0371763a00d97ed9ba16ff0a206cb0fd19,40.610148,1772365911,c642fa2eafbb3794ac5f82a72d253c2e7c0d9f0a2fccfdbb1de740fe095fcafb,125,62.50,3.70,1,5,4,0.018859,0.447999,TopoStake,pog(D=3_omega=1.00),1.19,729,0
146,2,0xc339f8bf978200eb65afce6c7121402eda949097,5.072764,1772365913,043a5d8cdec68b3ecffb9e683e755e0b817eaddcb90ad2bff057093ae0f1c72f,212,106.00,2.76,1,4,3,0.018941,0.448679,TopoStake,pog(D=3_omega=1.00),1.53,730,0
146,3,0x269cdf52f97e1d9f14b7be895155a7b294f0b21d,12.732756,1772365915,300d2ebbf2d24992e2abac495a40d127f7855252d4941db1711d48f81e62a12b,217,72.33,4.33,1,6,4,0.018911,0.448012,TopoStake,pog(D=3_omega=1.00),2.52,731,0
146,4,0x50f7fa851f9314d682e36da5caa4635039b5305d,18.124846,1772365918,324d14eda6ec721f8812ab2a0963653cdeb8937ba765d3bc70dde7315251e147,193,96.50,3.56,2,5,4,0.018905,0.448372,TopoStake,pog(D=3_omega=1.00),2.45,732,0
147,0,0x075e1d95c7891e1c00414ca1aa9a7a8cf6270019,37.198884,1772365919,aa8dc0f8e1e3f04edfe2df0822c84230e9c3e4e9b849f2471d66e887e655cce2,250,125.00,3.18,1,5,3,0.018916,0.448857,TopoStake,pog(D=3_omega=1.00),2.21,733,0
147,1,0x075e1d95c7891e1c00414ca1aa9a7a8cf6270019,38.199469,1772365921,396e5d6656116c874b2b72417611ffd6ea992916bf63fbdb1b223ab57378a220,123,123.00,3.08,1,5,3,0.018986,0.449508,TopoStake,pog(D=3_omega=1.00),1.36,734,0
147,2,0x1796dc61e715f15a2d27dfa32bd34780f12a8c24,19.750187,1772365923,837a31de8ba50212227e2596cd25687a582712862e70b85779a842f844499b3b,204,102.00,3.12,1,5,3,0.019058,0.450157,TopoStake,pog(D=3_omega=1.00),1.53,735,0
147,3,0x282f43759e22b50aa7989261c51c367f325c3f91,8.354802,1772365925,13d619451cfba59d88154ddd48c1d811b620d47193f666ae334fe8070ef9959a,194,97.00,3.32,1,5,3,0.019074,0.450705,TopoStake,pog(D=3_omega=1.00),1.51,736,0
147,4,0x016d3fc36beee7caa8fbd6c1caa42461dd7f9850,12.897823,1772365927,ffbb7da54ec84efed33e2c2ec754cc9e18472ac3a763c48c953b568653b6130b,204,68.00,3.94,1,6,4,0.019054,0.450680,TopoStake,pog(D=3_omega=1.00),2.46,737,0
148,0,0x075e1d95c7891e1c00414ca1aa9a7a8cf6270019,39.200503,1772365929,d7eb10bfe441f681105cdc04e57cf5697f7dff92d7e24b1481e1172f86c470f7,205,102.50,3.11,1,4,3,0.019048,0.451022,TopoStake,pog(D=3_omega=1.00),2.51,738,0
148,1,0xb7b4ee0a72bc410bf6d32b9cd3f3e11fc756d6f1,3.074596,1772365932,85f9b7807f8b18f67bd50b0061d30b09cef0dff6bf1d81b89b017ceaaa40b7c2,250,125.00,3.12,1,5,3,0.019122,0.451666,TopoStake,pog(D=3_omega=1.00),2.16,739,0
148,2,0x9c39f7fffaa5c5cfab20dfdd05663497918580c1,4.421807,1772365934,bd12186ab0a62f105afac0b0c410df157fa163b1925c1e4c419b8f992846895f,222,111.00,3.94,2,6,4,0.019086,0.450509,TopoStake,pog(D=3_omega=1.00),1.86,740,0
148,3,0x28672c71695142588ed26ada6f4b18b8b6c12308,16.704499,1772365936,309b903a7d4e8b28c3f6bbacc905e8df5d59aa72233ad42a6ce8542e2dfb95fd,214,107.00,4.12,1,5,4,0.019054,0.449755,TopoStake,pog(D=3_omega=1.00),1.64,741,0
148,4,0x07902d0371763a00d97ed9ba16ff0a206cb0fd19,41.611918,1772365938,c0e8c74eeaabc32b0c6f66e0a338791a877c6d695cfd0c436e6994e308bf0f27,177,88.50,3.71,1,5,4,0.019059,0.450166,TopoStake,pog(D=3_omega=1.00),1.54,742,0
149,0,0x1cb1274c711a6c2e4e1596846e6ac604eeefb358,12.415562,1772365940,31ae73fdd2a802fc5ea677f35479906cb136f1fca2f9943a12fd191a4ce46b26,196,65.33,2.82,1,4,3,0.019140,0.450833,TopoStake,pog(D=3_omega=1.00),2.56,743,0
149,1,0x13f9dadc05f6c237b03411e2aed1800cf21a5d89,36.339364,1772365943,7652c18d3a51cb2126311c1d048b1dcf11ef7e0ecfd2be8ae85469803a5e2375,211,105.50,3.46,1,5,4,0.019132,0.451128,TopoStake,pog(D=3_omega=1.00),2.40,744,0
149,2,0x54f496e5c1d9f95a916cf7f5b62e9c98e64a3dc5,0.031068,1772365944,49696e81539353769cc4ffcea90165da17addd8a1fc760f26ab2066f3e3dabdc,250,125.00,2.98,1,5,3,0.019132,0.451129,TopoStake,pog(D=3_omega=1.00),2.02,745,0
149,3,0xe478b1e4d1538274c0c70cbd7df877f9abab2f62,6.294488,1772365946,17afd259c4d224e58dbeecc95d2ead50e1d19c4494689a4bda5862df16c925b2,80,80.00,4.26,3,5,4,0.019087,0.449465,TopoStake,pog(D=3_omega=1.00),1.55,746,0
149,4,0x71f297f96355f349d66f0e9b681e7d4e11224660,9.172720,1772365948,319552d6ce6892eedbaad6a5134e4ed8f340324fe7f06738f59ed8033b8578c8,175,87.50,4.14,1,5,4,0.019061,0.448974,TopoStake,pog(D=3_omega=1.00),1.53,747,0
150,0,0xcdc82b7c868072205a399d0f68e6e3ad3bfd1ca6,4.202313,1772365950,02da8aaf83b705c9432dc3d98fbd7d5e98594119e6a52320a46d43469d21536b,197,65.67,3.98,1,5,4,0.019043,0.449034,TopoStake,pog(D=3_omega=1.00),2.49,748,0
150,1,0xfb35fdafcfc84561a42700a4a1c274edeb75bdc1,2.052101,1772365952,f83abae7133ab208704ce820424ce754842509f7993d644af697547022035414,221,110.50,3.48,1,5,4,0.019011,0.448227,TopoStake,pog(D=3_omega=1.00),2.48,749,0
150,2,0x0d91704595bff3aec25d40822498a51c62b05e3a,28.606399,1772365955,adadc274e52213252e1e49d1786f1d164652cacf3ce81cbede2471206d535eda,192,96.00,3.88,1,5,4,0.018972,0.446884,TopoStake,pog(D=3_omega=1.00),2.32,750,0
150,3,0x719361397abe003a91af76243e5f9c7a0cd4279f,12.548004,1772365957,9aef043cc6a215e5a4c842628f17ea787ed803808cc61696b7e526a0249be212,250,125.00,3.34,1,5,3,0.019012,0.447475,TopoStake,pog(D=3_omega=1.00),2.20,751,0
150,4,0x0d91704595bff3aec25d40822498a51c62b05e3a,29.607644,1772365959,972213d246fc14bf1d5ae4d2462339b141d3de75513ec37fd064b564e0d6890e,166,83.00,3.84,1,5,4,0.019005,0.447757,TopoStake,pog(D=3_omega=1.00),1.69,752,0
151,0,0xdcf2130496e27a8094ab996aea4aa77788d65869,8.501941,1772365961,bc9835b23d02eb8737f4815563d8f19b2d6cc3c9c414312428fbda04a82c8a35,217,108.50,3.28,1,5,3,0.019048,0.448346,TopoStake,pog(D=3_omega=1.00),1.52,753,0
151,1,0xd39dbd3662315e3935ec08e6b6028e73b3c09de2,7.919896,1772365963,796c126ba4022370cfddb6dea675ed800be9c8c7a3c3744fc472fa78d2c41997,189,63.00,3.93,1,5,4,0.019029,0.448318,TopoStake,pog(D=3_omega=1.00),2.51,754,0
151,2,0x377eaef292051bbf8ada05b2af76a3f3b9d722a7,8.060288,1772365966,4b2b506a67c23b75a372627b5175da57bb450d03ffb14b56f2c7c4c85e327453,196,98.00,4.65,1,6,5,0.019007,0.448171,TopoStake,pog(D=3_omega=1.00),2.41,755,0
151,3,0xd1cd4b808ce6b2841ad42746b64c5a047e857ef0,8.239249,1772365967,3f66888ee0634e4f565168be05b884df717d07b17f8dc46bec7ef3053c8c9f78,245,122.50,3.62,1,5,4,0.018986,0.448032,TopoStake,pog(D=3_omega=1.00),2.20,756,0
151,4,0xd1cd4b808ce6b2841ad42746b64c5a047e857ef0,9.239414,1772365969,9babf60e6dfb5565ad5627b05dc8b0b74c7cfd416c7e4b4a7fa6c412d3edf7f2,49,49.00,4.37,2,6,4,0.018966,0.447909,TopoStake,pog(D=3_omega=1.00),1.92,757,0
152,0,0x53be6e527cc5a7d850b5eae27b9cef342e0665f2,4.036991,1772365971,8e8b36071fa33182488072533fa24ed582849287af9791f94fa10107c12605e1,215,107.50,3.97,1,6,4,0.018949,0.447949,TopoStake,pog(D=4_omega=1.00),1.47,758,0
152,1,0x81193196c1dbdbf80709d43a5af5ce21c201fbd7,5.835182,1772365973,8c3c80473df54695df7d39a69563e7249b3f28296d3fa7007dff483857790098,201,67.00,3.43,1,5,4,0.018916,0.447098,TopoStake,pog(D=4_omega=1.00),2.53,759,0
152,2,0x8c11ec9090dd820c076e57e899d9c604c79d6b32,19.577477,1772365975,18548ea11c2fdccf9aa18d849d0dfb49e53293f1c9a8ef3b47ef84c4cdce5d44,203,101.50,4.00,1,5,4,0.018889,0.446541,TopoStake,pog(D=4_omega=1.00),2.48,760,0
152,3,0x54f496e5c1d9f95a916cf7f5b62e9c98e64a3dc5,1.031045,1772365978,710f0d8a99ac380bea4a220b9b925a67320053873f11ae53610fa2668919d2cf,218,109.00,4.11,1,6,4,0.018902,0.447053,TopoStake,pog(D=4_omega=1.00),2.39,761,0
152,4,0x377eaef292051bbf8ada05b2af76a3f3b9d722a7,9.061453,1772365979,924db87bcdb36b200520d42c3523f4c719752af309cbf94f8be5c3eeed19f44e,230,115.00,4.08,1,5,4,0.018861,0.445531,TopoStake,pog(D=4_omega=1.00),2.18,762,0
153,0,0x13f9dadc05f6c237b03411e2aed1800cf21a5d89,36.340317,1772365981,15a8add91b2319e8aaa7c611774f40c2fd1e7433ec9701b8bafe8c67caa507df,47,47.00,3.49,2,5,3,0.018843,0.445525,TopoStake,pog(D=3_omega=1.00),2.00,763,0
153,1,0xa3786e459f289a76c0e8af8ad834e3d0c6d47199,17.731674,1772365983,0319545c08522f04feea7b58e950d55506f0c017c29a059efcb2e1681a3b6979,203,101.50,3.05,1,5,3,0.018905,0.446133,TopoStake,pog(D=3_omega=1.00),1.53,764,0
153,2,0xc774b0fee7cabbef3b1ae14bf36db3df0d32c1df,8.171466,1772365985,3b0c3cbdcf5e0cb30ecd02764cff7f18256d9498f1cd2a353ba30baabe976486,191,63.67,4.21,1,6,4,0.018912,0.446571,TopoStake,pog(D=3_omega=1.00),2.47,765,0
153,3,0xb2a7fe70a6f3137d38f6cb4c3ec6dd1e24f2d5f4,7.418899,1772365988,2b44b4b7cbbfc6bd1f6e1b669a6d54aed97d0dd887485660b536c497d7954f1f,177,88.50,3.84,1,5,4,0.018891,0.446412,TopoStake,pog(D=3_omega=1.00),2.53,766,0
153,4,0x13f9dadc05f6c237b03411e2aed1800cf21a5d89,37.341434,1772365989,3f22ca0c7c1f90e04b2dcf20882b8e6dae5a3b96e716e3309cf9dcc5ea6a50f2,190,95.00,4.11,1,6,4,0.018869,0.446122,TopoStake,pog(D=3_omega=1.00),2.32,767,0
154,0,0x016d3fc36beee7caa8fbd6c1caa42461dd7f9850,13.899047,1772365991,97002a3b4c9a12e10a0335e5acbddc11d27866d239890ce5a1b9ea2e0836e10c,190,190.00,3.06,2,4,3,0.018932,0.446726,TopoStake,pog(D=3_omega=1.00),1.46,768,0
154,1,0x687bf2437a044a3e42ff2f8a79a8e54ba9601f70,7.061515,1772365993,26a88c136a8539baf59fd8a61598ad9d6f630497b049de1afc1b1c08088f10b3,216,108.00,3.05,1,5,3,0.018928,0.447089,TopoStake,pog(D=3_omega=1.00),1.43,769,0
154,2,0x7e40df5d801345015e84c843908efc6683665fa4,9.660288,1772365995,36d71f5ab18b77e297ca31ce5e1e5aea3b8c8a6404dd2f7d0f05b7780a0400be,204,68.00,3.71,1,5,4,0.018905,0.446731,TopoStake,pog(D=3_omega=1.00),2.49,770,0
154,3,0x26d553a2f4343b3a7dc88bbd87b3d0a25d3838d9,10.219799,1772365997,f3c193350cf92f6d9b8203b75a1b9cf7c02763db61087a6a364939d060bf512d,196,98.00,3.38,1,5,3,0.018888,0.446815,TopoStake,pog(D=3_omega=1.00),2.48,771,0
154,4,0xf5ecb44daf07a1d1073dbc89baf04bd7541fa517,4.061092,1772366000,e3ea8d6882d5393ecbe3bb814fd63b39ae37c448562d511efeb10018fc2ee456,193,96.50,3.66,1,5,4,0.018874,0.446975,TopoStake,pog(D=3_omega=1.00),2.37,772,0
155,0,0xd67aaaf210c0c36ddcb7055222d168b5c9dd1b36,7.186565,1772366001,327f2c617e9ae695346442bddaf22fc55356d2ad2175c5cbbec99a76c132844d,228,114.00,3.96,1,6,4,0.018842,0.446122,TopoStake,pog(D=3_omega=1.00),2.22,773,0
155,1,0x3513d672439a59c26cc5711f2b715ccb4810a774,13.298840,1772366003,eafc2389aad267fa5f6c3ecd8ea932166542aabfdea94232eb6df16b0c12ed8f,91,91.00,4.01,1,5,4,0.018819,0.445765,TopoStake,pog(D=3_omega=1.00),1.52,774,0
155,2,0xdcf2130496e27a8094ab996aea4aa77788d65869,9.502583,1772366005,8501b2618ec52c77b69d81a6e93ddee3e1d16278be334c82bdb6794af9c67287,220,110.00,3.94,1,5,4,0.018813,0.446085,TopoStake,pog(D=3_omega=1.00),1.49,775,0
155,3,0x07902d0371763a00d97ed9ba16ff0a206cb0fd19,42.614807,1772366007,ef31e6bad5964ff75bfb2989fda85dd93e6213d2629b2c0f137f6fb161da244e,185,61.67,3.98,1,5,4,0.018797,0.446113,TopoStake,pog(D=3_omega=1.00),2.50,776,0
155,4,0xd39dbd3662315e3935ec08e6b6028e73b3c09de2,8.920384,1772366009,c34be9ccc074d3f58c9ab4d53dc39ded80ac27a6e5bc5769eac4d489f399ea01,196,98.00,2.83,1,4,3,0.018873,0.446758,TopoStake,pog(D=3_omega=1.00),2.41,777,0
156,0,0x28672c71695142588ed26ada6f4b18b8b6c12308,17.705179,1772366012,1bc575b3b5047f1bfbe3b795ec777d7b3ef3da5bb317640386ce8679ba2058dc,216,108.00,4.52,1,6,5,0.018855,0.446688,TopoStake,pog(D=3_omega=1.00),2.50,778,0
156,1,0x3513d672439a59c26cc5711f2b715ccb4810a774,14.299929,1772366013,b1d42c291744f59730dc8196fdd7f7375669aaf39ea8e67eb336a54b5dbc5e19,250,125.00,3.48,1,5,4,0.018855,0.446689,TopoStake,pog(D=3_omega=1.00),2.12,779,0
156,2,0xd39dbd3662315e3935ec08e6b6028e73b3c09de2,9.921117,1772366015,9a81596be4507d110e204ad53dd1fd8a9fd0e29e5792c55c5dac8110c65219f8,66,66.00,3.92,1,5,4,0.018852,0.447034,TopoStake,pog(D=3_omega=1.00),1.95,780,0
156,3,0x13f9dadc05f6c237b03411e2aed1800cf21a5d89,38.343309,1772366017,149629a3c85b0a5f362c1c438851f53cf1b36de687e833eeffafeeda95e24589,204,102.00,4.52,1,6,5,0.018836,0.447111,TopoStake,pog(D=3_omega=1.00),1.52,781,0
156,4,0x50f7fa851f9314d682e36da5caa4635039b5305d,19.126225,1772366019,a19743c4689aab190b21f82ad9aa4837494ccd3c1cf7ab4e8bdc93824a15e4ec,227,75.67,3.08,1,5,3,0.018900,0.447706,TopoStake,pog(D=3_omega=1.00),2.52,782,0
157,0,0xa5a12d96532497871d73549e55ab377e3dcb3a40,1.098363,1772366021,cd4890cdd459209a44f2379d024ce71f1f9f63457d5bbc92568f4209f184dffc,192,96.00,3.35,1,5,3,0.018910,0.448181,TopoStake,pog(D=3_omega=1.00),2.44,783,0
157,1,0xaadc5fea232580cb8fba739ac5d05a48559c7e52,8.351226,1772366024,e027936ce29c1fbb04d5ef5f3dd9ecece5ebb677de7e32f6246c81da06949ba5,206,103.00,4.10,1,6,4,0.018870,0.446681,TopoStake,pog(D=3_omega=1.00),2.42,784,0
157,2,0x786f26993bf015cd2da6fb5d3ccd1879e01246ab,7.288059,1772366025,be7a1de23b73535725b5166250d9d203c5b958adb402c1bc47bdf2282bd0066c,211,105.50,4.28,1,6,4,0.018850,0.446521,TopoStake,pog(D=3_omega=1.00),2.34,785,0
157,3,0x3d92e045fb1847aae132b40ebfcc471a32f687de,10.132482,1772366027,b7f1eb2c370fe7dc8437ea2ebd370685949c065e914e70de0ca77073b4ff1162,61,61.00,4.26,2,5,4,0.018827,0.446162,TopoStake,pog(D=3_omega=1.00),1.93,786,0
157,4,0x1cb1274c711a6c2e4e1596846e6ac604eeefb358,13.416453,1772366029,a8057d7f75e90abc9cdbe6558053c3eccb88b96b02d1e0a7e2f9bbe862697af3,184,92.00,4.00,1,5,4,0.018813,0.446261,TopoStake,pog(D=3_omega=1.00),1.50,787,0
158,0,0x52e05d9fa4faa167f30baba23c710e4f49115288,3.140805,1772366031,fa75624e9a6e39d61821b09e9abb36124c6a23c62ca5037a0791f69287d29630,203,101.50,3.51,1,5,4,0.018807,0.446560,TopoStake,pog(D=3_omega=1.00),1.48,788,0
158,1,0x50f7fa851f9314d682e36da5caa4635039b5305d,20.127174,1772366033,d8e1569420d19a3404ec5bb79408c24c19a046a448195d1282d5b221a55a7067,197,65.67,3.99,1,5,4,0.018773,0.445467,TopoStake,pog(D=3_omega=1.00),2.45,789,0
158,2,0x075e1d95c7891e1c00414ca1aa9a7a8cf6270019,40.203303,1772366036,442946933b5a9f6fb3f3a2d1d7fb5fa3495457cd6ada955bc68caa0f4bd3d5a3,244,122.00,3.29,1,5,3,0.018785,0.445962,TopoStake,pog(D=3_omega=1.00),2.26,790,0
158,3,0x28672c71695142588ed26ada6f4b18b8b6c12308,17.705029,1772366037,da736f552cdf3148df36e644cfe73ac1a397cf680421453ac5d5053c0f38beaf,199,99.50,3.02,1,5,3,0.018852,0.446574,TopoStake,pog(D=3_omega=1.00),1.89,791,0
158,4,0x0d91704595bff3aec25d40822498a51c62b05e3a,30.608971,1772366039,e2ab019dbe3aad0db862249c24aefd7f2c1cc4c570fce97da56fcb14c0737048,128,128.00,3.70,1,5,4,0.018858,0.446975,TopoStake,pog(D=3_omega=1.00),1.29,792,0
159,0,0x719361397abe003a91af76243e5f9c7a0cd4279f,13.548491,1772366041,abc9fccad444908e551c0079fc7407bf6b43e94c997fc394bad407a1c5ea1afd,198,99.00,3.30,1,5,3,0.018858,0.446975,TopoStake,pog(D=3_omega=1.00),1.59,793,0
159,1,0x34412315480562da4810040fd15c81f99880e1ab,5.891953,1772366043,23f1695099290550e8121be4bd855beaa4abb90e9c6db2d9901f11af3f7709b5,194,64.67,3.77,1,5,4,0.018892,0.447820,TopoStake,pog(D=3_omega=1.00),2.43,794,0
159,2,0x016d3fc36beee7caa8fbd6c1caa42461dd7f9850,14.900487,1772366045,2d4901aa543e076d70fb13f8262ad4a3fa1babe10b0e28c1acf8af064da86184,235,117.50,4.03,1,6,4,0.018866,0.447269,TopoStake,pog(D=3_omega=1.00),2.46,795,0
159,3,0xe478b1e4d1538274c0c70cbd7df877f9abab2f62,7.294588,1772366048,63c276b4c32280bb966641f3fa75886b141748a2cecdbd8798b65d0f979cb41c,250,125.00,3.12,1,4,3,0.018863,0.447612,TopoStake,pog(D=3_omega=1.00),2.24,796,0
159,4,0x28672c71695142588ed26ada6f4b18b8b6c12308,18.705656,1772366049,b8dc263e97f104a6d6161d922236a32b48a946436acfbc14bc3139c872f80a39,188,94.00,3.98,1,5,4,0.018841,0.447234,TopoStake,pog(D=3_omega=1.00),2.27,797,0
160,0,0x606627477c3734932f47972f83c27cf4e3b35b4f,8.373802,1772366051,72d7e53752af11c10e51187b9311dde65948638fde85e1018ef031f1be70f48e,200,200.00,3.60,2,5,4,0.018848,0.447675,TopoStake,pog(D=3_omega=1.00),1.53,798,0
160,1,0x1cb1274c711a6c2e4e1596846e6ac604eeefb358,14.417559,1772366053,0a6af053820409b442b2d8e42b853f59f66e6592ab827a48c379c3b6117db282,216,108.00,3.75,1,5,4,0.018829,0.447499,TopoStake,pog(D=3_omega=1.00),1.59,799,0
160,2,0x016d3fc36beee7caa8fbd6c1caa42461dd7f9850,15.901831,1772366055,908566b486426719cf16da291e90427576ab85027d27c6d1d282da1db0c7afda,200,66.67,3.54,2,5,4,0.018825,0.447804,TopoStake,pog(D=3_omega=1.00),2.47,800,0
160,3,0xd3997be86c88837e3fd467517b943590b28fa641,4.051376,1772366057,001ec2001eda3b3940270f3349ae25ef4dcd134e608d48765ac6c4b1d755fdc5,190,95.00,3.09,1,4,3,0.018825,0.448153,TopoStake,pog(D=3_omega=1.00),2.47,801,0
160,4,0x719361397abe003a91af76243e5f9c7a0cd4279f,14.549314,1772366060,1b22e298bd8e09c977729c4ea650973f4c01045ca7df405683ce1ea61f371a50,200,100.00,4.09,1,6,4,0.018794,0.447299,TopoStake,pog(D=3_omega=1.00),2.43,802,0
161,0,0x6414c6a8400ff3419cd81855d09de2848d770e0e,2.143982,1772366061,c8180630b1e2c1172929df21e74f4fa12d03f6fd47c193e3edba890ac6fa6bfe,250,125.00,3.70,1,5,4,0.018794,0.447299,TopoStake,pog(D=3_omega=1.00),2.19,803,0
161,1,0x50f7fa851f9314d682e36da5caa4635039b5305d,21.128411,1772366063,103c982b12739ee7aabc407b290c1f6e20e2afdba34124ce0a5ec34cf74b2a4d,41,41.00,4.32,3,5,4,0.018758,0.446034,TopoStake,pog(D=3_omega=1.00),1.95,804,0
161,2,0x6414c6a8400ff3419cd81855d09de2848d770e0e,3.144104,1772366065,ab75c74f69f86c188b83a2f08c246b5f4586bd78b882db4470ce2784016598ec,199,99.50,3.40,2,5,3,0.018772,0.446546,TopoStake,pog(D=3_omega=1.00),1.51,805,0
161,3,0x07902d0371763a00d97ed9ba16ff0a206cb0fd19,43.617684,1772366067,197ba324cbe6b693296ee0db9713d914a8b1c2e8ce296ac623ba97a3f15f4a34,213,71.00,3.93,1,5,4,0.018738,0.445448,TopoStake,pog(D=3_omega=1.00),2.46,806,0
161,4,0x075e1d95c7891e1c00414ca1aa9a7a8cf6270019,41.205155,1772366070,12fbf83d625c0c438a1f80e6097047724fb3f3916a1ce4f9465fb693e06bc81b,240,120.00,2.65,1,4,3,0.018811,0.446074,TopoStake,pog(D=3_omega=1.00),2.35,807,0
162,0,0x30509a8084fdfe6fe24d9c9a817c209ad194f8e3,23.685171,1772366071,61292b6f2f2b1090e59fd1199d6bbaa4dfebb43b3f7533940efa25462a1dce36,245,122.50,3.11,2,5,3,0.018878,0.446675,TopoStake,pog(D=3_omega=1.00),1.91,808,0
162,1,0x5cd626f4b83428b146919d30f4b3e481d259a9dc,9.074149,1772366073,d20317acbbc496844a339d1b85fcb5903181e3a6f5e84d1eb3c20c680978c75e,105,105.00,3.34,2,5,3,0.018898,0.447205,TopoStake,pog(D=3_omega=1.00),1.32,809,0
162,2,0x26d553a2f4343b3a7dc88bbd87b3d0a25d3838d9,11.220538,1772366075,27bf7ad25e782aed77965189ae534042676fc3aee91a3710121bf1d4d3933350,201,100.50,4.05,2,6,4,0.018880,0.447115,TopoStake,pog(D=3_omega=1.00),1.48,810,0
162,3,0x0d91704595bff3aec25d40822498a51c62b05e3a,31.610267,1772366077,cbde43150e32ab7c69d18ede613f7e0a47b32d3570b3a1cf62180cc22598f7a5,222,74.00,3.71,1,5,4,0.018867,0.447333,TopoStake,pog(D=3_omega=1.00),2.49,811,0
162,4,0x07902d0371763a00d97ed9ba16ff0a206cb0fd19,44.619045,1772366079,694f5c8d082ba610cbd48d0bee6751b0ffd7c9c31c1cbb4ec64091a12147dc49,187,93.50,3.35,1,5,3,0.018908,0.447884,TopoStake,pog(D=3_omega=1.00),2.51,812,0
163,0,0x016d3fc36beee7caa8fbd6c1caa42461dd7f9850,16.902927,1772366082,cb52895529a9624c0a80aad39bbb4d30512c04865393da4b4cefc382dd743dbb,236,118.00,2.59,1,4,3,0.018982,0.448503,TopoStake,pog(D=3_omega=1.00),2.22,813,0
163,1,0x0d91704595bff3aec25d40822498a51c62b05e3a,32.611170,1772366083,6f9dcfa09f34cef76ffcfad02fbb69643437a128b0deca3b7002c35e7cc3fada,250,125.00,3.10,1,4,3,0.018982,0.448503,TopoStake,pog(D=3_omega=1.00),2.09,814,0
163,2,0x9ba702916c26a8583a7f277d6932b3c0d9927ce0,7.193179,1772366085,2240e41bca3103cbcb908221aaab3b988bfc30213d2b216858ebc9b6a464c949,58,58.00,3.24,2,5,3,0.019024,0.449051,TopoStake,pog(D=3_omega=1.00),1.76,815,0
163,3,0xe478b1e4d1538274c0c70cbd7df877f9abab2f62,8.295136,1772366087,15f1342e6f1f0c818be697e826acb6c97afad211d5bcd5898d03ccbf8203cfb3,223,111.50,3.73,2,5,4,0.019001,0.448645,TopoStake,pog(D=3_omega=1.00),1.47,816,0
163,4,0x0d91704595bff3aec25d40822498a51c62b05e3a,33.611458,1772366089,457fbb573e0e275b30823d620bad21bcd84808ee5bf365f35e6bcaf280d69be9,202,67.33,4.03,1,5,4,0.018980,0.448433,TopoStake,pog(D=3_omega=1.00),2.50,817,0
164,0,0x07902d0371763a00d97ed9ba16ff0a206cb0fd19,45.620355,1772366091,bb51ec050c5e491a5d14c5cb6835b841d23e3655d2ee05cb3a8cdbeb985e9cda,221,110.50,3.22,1,5,3,0.019025,0.448980,TopoStake,pog(D=3_omega=1.00),2.52,818,0
164,1,0x4a217e35f6402e7f62a49f6d62e27c6585c2f3fd,8.489899,1772366094,c54089b691a047eec786113df69ad081b735eca3be506f174af7129bc9616747,250,125.00,2.67,1,4,3,0.019100,0.449594,TopoStake,pog(D=3_omega=1.00),2.20,819,0
164,2,0x28672c71695142588ed26ada6f4b18b8b6c12308,19.706630,1772366095,37ccf18d530bfd74dcec90eea7e5a57e7895895e3e94f9b8e6b9c94cf97204d7,215,107.50,3.61,1,5,4,0.019080,0.449391,TopoStake,pog(D=3_omega=1.00),2.03,820,0
164,3,0x50f7fa851f9314d682e36da5caa4635039b5305d,22.129380,1772366097,5f3c6133a6a21d8a54b088d93fa08880f0ba69d12de9a03695edb7943a27787c,84,84.00,3.55,1,5,4,0.019089,0.449824,TopoStake,pog(D=3_omega=1.00),1.58,821,0
164,4,0x377eaef292051bbf8ada05b2af76a3f3b9d722a7,10.061529,1772366099,53d1d4607261216f5bd27e6cfc1cc4a56e66950501833cfc6e589f90e49c67c9,209,104.50,3.35,1,5,3,0.019103,0.450322,TopoStake,pog(D=3_omega=1.00),1.50,822,0
165,0,0xaadc5fea232580cb8fba739ac5d05a48559c7e52,9.351483,1772366101,6e04e9e5ec249faef910a4e3accdd51acebf4e666603a53ac702cd62c4c55a1d,203,67.67,3.68,1,5,4,0.019087,0.450378,TopoStake,pog(D=3_omega=1.00),2.54,823,0
165,1,0x0d91704595bff3aec25d40822498a51c62b05e3a,34.612595,1772366104,f25e8931d078f09649f63c7467c3dafb5a1c95a7828ec62e6045769057546096,198,99.00,4.33,1,6,4,0.019069,0.450302,TopoStake,pog(D=3_omega=1.00),2.53,824,0
165,2,0x075e1d95c7891e1c00414ca1aa9a7a8cf6270019,42.207054,1772366105,0ca232402de653a5cae4f20657b21dd195cce36d0b299543afba2079ea7d2b79,246,123.00,3.22,1,5,3,0.019115,0.450842,TopoStake,pog(D=3_omega=1.00),2.17,825,0
165,3,0x95ab54d268473cce82094026afefdbd5cadf418b,7.594242,1772366107,973c251ec9e85358ccde0499608db75e7d83d8e63e2cb0668a9cef2c66cb828a,118,118.00,3.25,2,5,3,0.019180,0.451426,TopoStake,pog(D=3_omega=1.00),1.25,826,0
165,4,0x07902d0371763a00d97ed9ba16ff0a206cb0fd19,46.622044,1772366109,801525bed03794db185f6c89d9d81eabd7214246c40d4709373638ef6d75dd34,194,97.00,4.45,1,6,5,0.019157,0.451064,TopoStake,pog(D=3_omega=1.00),1.61,827,0
166,0,0xa447d277b02012c2afd9ddcbbe123f27cc971963,4.803153,1772366111,e5e9202bd356f02347ad525949b4b5ff6b2b8ce5a80ae369e3eb14fbf0e0b720,210,105.00,2.71,1,4,3,0.019233,0.451670,TopoStake,pog(D=3_omega=1.00),1.50,828,0
166,1,0xbc3f8508d26048f2064aa8c068f4c94d08d77d18,4.057241,1772366113,7aa1e9ded23e1b275a3a5b131699e73a8e621182ad235d23de2f47bccf34a352,222,74.00,3.45,1,5,3,0.019203,0.450986,TopoStake,pog(D=3_omega=1.00),2.46,829,0
166,2,0x8c11ec9090dd820c076e57e899d9c604c79d6b32,20.578201,1772366116,576593d9517005195aea856cfe082d8de2c26cafe6a0f9c61698e785e2596baf,194,97.00,4.19,1,6,4,0.019171,0.450125,TopoStake,pog(D=3_omega=1.00),2.43,830,0
166,3,0x8719ca31b72ae8a5404006763c53d5ad503dbcb0,6.108756,1772366117,3b15b95126e289d6fc72792de66c6df9bc42c90fad92e3242f0118b106621a8c,212,106.00,4.06,1,6,4,0.019181,0.450588,TopoStake,pog(D=3_omega=1.00),2.27,831,0
166,4,0x075e1d95c7891e1c00414ca1aa9a7a8cf6270019,43.207909,1772366119,6c5d25ec0c416769c4244b21cac6b0babc8bbc26cfbdb97f82d27cee53a2dae9,155,155.00,4.06,1,5,4,0.019181,0.450589,TopoStake,pog(D=3_omega=1.00),1.57,832,0
167,0,0x07902d0371763a00d97ed9ba16ff0a206cb0fd19,47.623313,1772366121,b0397516e8daefa5700e02acbd83a4ffea5c068bdcedad126eb7b8fea2b1ae7a,196,98.00,3.27,1,5,3,0.019221,0.450644,TopoStake,pog(D=3_omega=1.00),1.67,833,0
167,1,0x30509a8084fdfe6fe24d9c9a817c209ad194f8e3,24.685946,1772366123,83a21a12b5ee13eb03659be92dfefa25ce2f1be8c8e8b5873a995ff0b44920ef,198,99.00,2.80,1,4,3,0.019297,0.451246,TopoStake,pog(D=3_omega=1.00),1.50,834,0
167,2,0x377eaef292051bbf8ada05b2af76a3f3b9d722a7,11.062430,1772366125,bb57c5bb2758d2168347562d7b9d38e2004c782fd9a52869895572f5a9e2ce40,189,63.00,3.39,1,5,3,0.019317,0.451757,TopoStake,pog(D=3_omega=1.00),2.52,835,0
167,3,0x49b57eb4dace37c8819daf079c9c674f766d4f38,6.228111,1772366128,7b52e549c67fae6605049d2395415eb110b68a5d30050a65fb08c50ba0d3f1ee,222,111.00,3.51,1,5,4,0.019302,0.451933,TopoStake,pog(D=3_omega=1.00),2.36,836,0
167,4,0xcdc82b7c868072205a399d0f68e6e3ad3bfd1ca6,5.202415,1772366129,a5fb9fbb0bc19c45619c27f57496d56e5740a0e35fb38bb98a74a4b53036b9cf,195,97.50,3.87,1,6,4,0.019276,0.451403,TopoStake,pog(D=3_omega=1.00),2.19,837,0
168,0,0xeaa5003682d7289190651081ae2bee847097afc5,2.750087,1772366131,e23989ffe3a281881b4ac3af0189c030c914260ff7266e84b6baeeb86f4d7d8b,172,172.00,3.64,2,5,4,0.019247,0.450768,TopoStake,pog(D=3_omega=1.00),1.45,838,0
168,1,0x13f9dadc05f6c237b03411e2aed1800cf21a5d89,39.347103,1772366133,804e817b3b8f70994fc3e36bf2415ae59bb68379407e97c80c0895b8cf2db759,204,102.00,4.45,2,6,5,0.019213,0.449610,TopoStake,pog(D=3_omega=1.00),1.68,839,0
168,2,0x719361397abe003a91af76243e5f9c7a0cd4279f,14.548935,1772366135,0adc607274166ff3c900e230f09d9de1d98261fdc7247f65c59c65831924121a,225,75.00,3.00,1,5,3,0.019268,0.450166,TopoStake,pog(D=3_omega=1.00),2.51,840,0
168,3,0x07902d0371763a00d97ed9ba16ff0a206cb0fd19,48.624691,1772366137,5b146458b016326049957c37ed6f87f5674f5c248fd6db907b6718bd0a6ca6b7,186,93.00,3.76,1,5,4,0.019262,0.450440,TopoStake,pog(D=3_omega=1.00),2.44,841,0
168,4,0xa9105f442328d397529b8e4e9e656fa89016ff45,0.456597,1772366140,e3e3cd889c04b4d2ae1aa8bf8bfb0d7ff69e6a41c9b6ad3c4be9a56ed2d5563c,245,122.50,2.70,1,4,3,0.019339,0.451037,TopoStake,pog(D=3_omega=1.00),2.12,842,0
169,0,0xd1cd4b808ce6b2841ad42746b64c5a047e857ef0,10.239542,1772366141,6ba60b9eb3652da7b36580388d29566f31b066e165aa6283c0d215db2bd69972,200,100.00,3.75,2,5,4,0.019299,0.449560,TopoStake,pog(D=3_omega=1.00),1.85,843,0
169,1,0x07902d0371763a00d97ed9ba16ff0a206cb0fd19,49.625949,1772366143,82eea0457170cbd67d296f062ca86987472bc32f085cbcaf92f46ed2cc96fba6,121,121.00,4.12,3,5,4,0.019282,0.449620,TopoStake,pog(D=3_omega=1.00),1.19,844,0
169,2,0xc339f8bf978200eb65afce6c7121402eda949097,6.071918,1772366145,85320bb100a94b87f320c0b709ab9e7a98729d75fcb950bb5f2ba4ae1ed73986,182,91.00,2.82,1,4,3,0.019361,0.450215,TopoStake,pog(D=3_omega=1.00),1.53,845,0
169,3,0x763be7657fec175a3de5f1ee0a506722872c886d,2.026616,1772366147,91a2e96bd2436fc5d857d966300d41e802161e1e9f87cf0c1345ad346af1f50b,184,61.33,4.30,1,6,4,0.019335,0.449652,TopoStake,pog(D=3_omega=1.00),2.48,846,0
169,4,0xa9105f442328d397529b8e4e9e656fa89016ff45,1.457543,1772366149,42ee3347136b4aa37157cb20637f870663f539589dcf3620c4cb95b9ee39d550,247,123.50,3.67,1,5,4,0.019298,0.448393,TopoStake,pog(D=3_omega=1.00),2.45,847,0
170,0,0x63f4973c0df8a5358405f396dc0673a463c48de9,11.902090,1772366152,051c7189fe76387b9f487642d1aa993bf50ccb46fedf6817542697927449423e,217,108.50,3.66,1,5,4,0.019261,0.447015,TopoStake,pog(D=3_omega=1.00),2.31,848,0
170,1,0x07902d0371763a00d97ed9ba16ff0a206cb0fd19,50.627144,1772366154,0d69ffe13e0cff04fa532b76e04bf0b65b36d8b31ebb607d2860010e196bbdf2,250,125.00,3.66,1,5,4,0.019261,0.447016,TopoStake,pog(D=3_omega=1.00),2.08,849,0
170,2,0x8d9e46becf415ca26aa698c9657087e6554aabda,2.377658,1772366156,bc4f36d8e3c88249a2eba26283f4d5cb51b2025d1e20c4f148a1b9ff26f64745,135,67.50,2.81,1,4,3,0.019329,0.447823,TopoStake,pog(D=3_omega=1.00),1.57,850,0
170,3,0x07902d0371763a00d97ed9ba16ff0a206cb0fd19,51.627844,1772366158,3516ff2d6389d99866a984a12db5d55428b72764297303034131214b7598fe7b,218,109.00,3.70,1,5,4,0.019293,0.446601,TopoStake,pog(D=3_omega=1.00),1.50,851,0
170,4,0xa9105f442328d397529b8e4e9e656fa89016ff45,2.458586,1772366160,167706c3568fdf45cdfdec77785b5a1669659179a45ca9bcc77c333012572e92,214,71.33,2.80,1,4,3,0.019375,0.447195,TopoStake,pog(D=3_omega=1.00),2.50,852,0
171,0,0x311eb133eb413ac3f21249889bb101e5d40820ce,10.135279,1772366163,4f26741632484a37ae3ff634aa2a4da38c3fedbb7ea886ed2e830f6fe56dce83,202,101.00,3.69,1,5,4,0.019340,0.445969,TopoStake,pog(D=3_omega=1.00),2.45,853,0
171,1,0xbc3f8508d26048f2064aa8c068f4c94d08d77d18,5.057603,1772366164,76ee203db6ebd1845b3a6086b6c5ba3ff0dcfe84a5cb527db38c6ab056686bd2,250,125.00,3.56,1,5,4,0.019323,0.445993,TopoStake,pog(D=3_omega=1.00),2.22,854,0
171,2,0x786f26993bf015cd2da6fb5d3ccd1879e01246ab,8.287392,1772366166,1d8c44300b532df243255d3920794a039d979dcb6a9d11d5dbf61087d1cec882,117,117.00,4.13,1,6,4,0.019295,0.445339,TopoStake,pog(D=3_omega=1.00),1.44,855,0
171,3,0x37cc7a82e66d4f4c2ae13b9ee895d3af1a1d7a05,5.258811,1772366168,a1c6b675936b2f6833c6324facfdcb814eae1a5ace7add7f19b78c95e9907290,226,113.00,4.16,1,5,4,0.019273,0.445092,TopoStake,pog(D=3_omega=1.00),1.77,856,0
171,4,0x075e1d95c7891e1c00414ca1aa9a7a8cf6270019,44.209716,1772366170,a7d1cb2c3b88c5fa23c8bb6998a9024bda5f47fa8686d15009defd92c0bf6895,198,99.00,3.93,1,6,4,0.019245,0.444441,TopoStake,pog(D=3_omega=1.00),1.45,857,0
172,0,0xcdc82b7c868072205a399d0f68e6e3ad3bfd1ca6,6.203102,1772366172,f1f8eb5251d4d00648c1e4240665da902f9d557e7ede70082bb17c992bea6dc8,215,71.67,3.11,1,5,3,0.019309,0.445012,TopoStake,pog(D=3_omega=1.00),2.45,858,0
172,1,0x07902d0371763a00d97ed9ba16ff0a206cb0fd19,52.629265,1772366175,fdb127dbae695356f5bcf8192bf47071b90fd5b0bc0e02e46a32f4bc743608d5,210,105.00,3.50,1,5,4,0.019283,0.444459,TopoStake,pog(D=3_omega=1.00),2.42,859,0
172,2,0x8d9e46becf415ca26aa698c9657087e6554aabda,3.378639,1772366176,b009c24cdc0f6b4d07a9ac40b1379730f94858c03bfe188ba99679c73f4984f1,250,125.00,2.76,1,4,3,0.019283,0.444459,TopoStake,pog(D=3_omega=1.00),2.09,860,0
172,3,0x9bdb1c7ad4bd8fe797b07c08117c74a591dbab2d,2.436986,1772366178,b82600b9b60b47f739c4f8f485ead457a4c697686daa5b6748189282f6ebb439,34,34.00,3.82,2,5,4,0.019250,0.443449,TopoStake,pog(D=3_omega=1.00),1.94,861,0
172,4,0x0d91704595bff3aec25d40822498a51c62b05e3a,35.614526,1772366180,f552c555170f9ab67024a282b75b7be9ddf7ef71d9219bfed720ff00da8201ad,187,93.50,3.72,2,5,4,0.019215,0.442212,TopoStake,pog(D=3_omega=1.00),1.50,862,0
173,0,0x53be6e527cc5a7d850b5eae27b9cef342e0665f2,5.037178,1772366182,277ed24d3eb2488a3212bcc32bb5c5bbeb0a0cdbbf49b3984288276246ff83ab,214,71.33,3.33,1,5,3,0.019258,0.442741,TopoStake,pog(D=3_omega=1.00),2.48,863,0
173,1,0x24898fcb116b48cb2b6fd5d3b4eb599fee0f4633,7.054326,1772366184,a38c8a93981b3c06c4579f82af932bf536605cd316b6897995c63d1b0181777b,210,105.00,3.40,1,5,4,0.019230,0.442054,TopoStake,pog(D=3_omega=1.00),2.46,864,0
173,2,0x4a217e35f6402e7f62a49f6d62e27c6585c2f3fd,9.490555,1772366187,38cddf1eb0de205a7658c873add57ca908a4c160aeb345f7b457e7f790bbd0a0,243,121.50,3.49,1,5,4,0.019206,0.441625,TopoStake,pog(D=3_omega=1.00),2.32,865,0
173,3,0x07902d0371763a00d97ed9ba16ff0a206cb0fd19,52.629694,1772366188,476477864275ccca1fa91d57774a9b9725309ef6dc32fd97b738e1f85f83c403,250,125.00,3.61,1,5,4,0.019188,0.441549,TopoStake,pog(D=3_omega=1.00),2.04,866,0
173,4,0xa3786e459f289a76c0e8af8ad834e3d0c6d47199,18.731608,1772366190,80b2674315604d641a1fc265f07830a29896f626d198f1a91d785755ec344ac8,23,23.00,3.04,2,4,3,0.019269,0.442139,TopoStake,pog(D=3_omega=1.00),2.00,867,0
174,0,0x26d553a2f4343b3a7dc88bbd87b3d0a25d3838d9,12.221130,1772366192,6b10b438952b6931cbb5370696691c1085bd504d20fd8d4387ba44a0f313549b,186,93.00,4.27,1,6,4,0.019269,0.442140,TopoStake,pog(D=3_omega=1.00),1.45,868,0
174,1,0x07902d0371763a00d97ed9ba16ff0a206cb0fd19,53.629942,1772366194,844f63a5ab3fdf5a2c441acf9ca35596bb1164005702095ab5f40b9e235ccbce,219,73.00,3.79,1,5,4,0.019257,0.442350,TopoStake,pog(D=3_omega=1.00),2.45,869,0
174,2,0x13f9dadc05f6c237b03411e2aed1800cf21a5d89,40.349455,1772366197,d16423523ee198895876f91a85b1a9365bfcb93571b15f154e575bea66ff071e,216,108.00,2.75,1,4,3,0.019340,0.442938,TopoStake,pog(D=3_omega=1.00),2.25,870,0
174,3,0xa3786e459f289a76c0e8af8ad834e3d0c6d47199,18.731588,1772366198,1965ef553842781821a10900a323478c7d5408e4670039c13778ca8458992970,222,111.00,3.01,1,5,3,0.019393,0.443482,TopoStake,pog(D=3_omega=1.00),2.00,871,0
174,4,0xc774b0fee7cabbef3b1ae14bf36db3df0d32c1df,9.171015,1772366200,4e6ef648335448d24f808ebab74430394285b20b809ae8deb7f13ad09c12321d,93,93.00,4.00,1,6,4,0.019395,0.443874,TopoStake,pog(D=3_omega=1.00),1.34,872,0
175,0,0xa9a524611994a27dd3134d643379aa14edf7cb39,6.088851,1772366202,3cca430d1b4d87ee59a363c59699f7a89cd2cd0905d32e9b07c0b74acec29431,249,124.50,3.92,1,5,4,0.019376,0.443739,TopoStake,pog(D=3_omega=1.00),1.69,873,0
175,1,0x28672c71695142588ed26ada6f4b18b8b6c12308,20.706957,1772366204,5ed393299001aee695546ae0e8bef0416f9386705b1cb5d62fa7d9f93ea46ab4,153,76.50,3.66,1,5,4,0.019350,0.443157,TopoStake,pog(D=3_omega=1.00),1.40,874,0
175,2,0x07902d0371763a00d97ed9ba16ff0a206cb0fd19,54.631232,1772366206,79ff496ec9fed6f7d053ffc007b00728af2d6ba3d28531d4f0fe5a9f8684441b,194,64.67,3.60,1,5,4,0.019357,0.443594,TopoStake,pog(D=3_omega=1.00),2.39,875,0
175,3,0x53be6e527cc5a7d850b5eae27b9cef342e0665f2,6.038245,1772366209,e3a2b92bad48b5ac9ff61d962f2fbaf2e936f94d0a5124750497fd75f6100b38,191,95.50,2.72,1,4,3,0.019441,0.444177,TopoStake,pog(D=3_omega=1.00),2.33,876,0
175,4,0x0d91704595bff3aec25d40822498a51c62b05e3a,36.615770,1772366210,a5d9aa41006ef3a459dc4c60cd3c5130d3b94ebad99050f08b5a94b11d1e2e94,193,96.50,3.36,1,5,4,0.019414,0.443568,TopoStake,pog(D=3_omega=1.00),2.03,877,0
176,0,0x9c39f7fffaa5c5cfab20dfdd05663497918580c1,5.420687,1772366212,b332d0caad8205822c612917ca7b2531ee90987a01e7892258978e2322e1500e,133,133.00,3.27,1,5,3,0.019457,0.444086,TopoStake,pog(D=3_omega=1.00),1.29,878,0
176,1,0x26d553a2f4343b3a7dc88bbd87b3d0a25d3838d9,13.222057,1772366214,93c7ec6720748a617af6dec4b646e45d030b460d4a2ba9ee7eb9195b27aeedf8,206,103.00,4.00,1,5,4,0.019429,0.443416,TopoStake,pog(D=3_omega=1.00),1.57,879,0
176,2,0x075e1d95c7891e1c00414ca1aa9a7a8cf6270019,45.211560,1772366216,3d785bd3f8fb9c55465b9be0081fe1be598fb65d26c48ff188cac067e7b40a21,223,74.33,3.80,1,5,4,0.019419,0.443648,TopoStake,pog(D=3_omega=1.00),2.50,880,0
176,3,0x5cd626f4b83428b146919d30f4b3e481d259a9dc,10.074336,1772366218,824d1f52cd76ed3fb1b39591d8d33f02854740c93d469c958ae933c9b898142d,197,98.50,3.06,1,5,3,0.019480,0.444207,TopoStake,pog(D=3_omega=1.00),2.48,881,0
176,4,0xac61c91e7d24df824351a6c4e562a75f0cf646f8,9.248582,1772366221,0575d37a2e25855027ffe146c1f116f021f79393016204965beab05f42838fcb,212,106.00,4.07,1,6,4,0.019463,0.444192,TopoStake,pog(D=3_omega=1.00),2.42,882,0
177,0,0x07902d0371763a00d97ed9ba16ff0a206cb0fd19,55.632612,1772366222,86f333ccc3793f9ccc7fa49c80dfba4d8671345714389d9b1e349a05950c4f4d,231,115.50,4.01,2,6,4,0.019443,0.444047,TopoStake,pog(D=3_omega=1.00),2.23,883,0
177,1,0xaadc5fea232580cb8fba739ac5d05a48559c7e52,10.351493,1772366224,0b8e90336bb31365a12a2898acb96d490bdb388e13e07b885f95322d1291c94f,69,69.00,2.90,1,4,3,0.019528,0.444625,TopoStake,pog(D=3_omega=1.00),1.64,884,0
177,2,0x28672c71695142588ed26ada6f4b18b8b6c12308,21.707803,1772366226,64a76bf52054acd155f50f768444007bcd818d53c9f3ce5aec784b7606667f09,205,102.50,4.27,1,6,4,0.019528,0.444626,TopoStake,pog(D=3_omega=1.00),1.56,885,0
177,3,0x34d94cc0534eb50dec7956bea31407428d6d5ef8,3.077168,1772366228,b135e49dd0565b4271dbb0ab80be40cda8583b9043c8436a39574bdc0c39972f,199,99.50,3.65,2,5,4,0.019519,0.445103,TopoStake,pog(D=3_omega=1.00),1.54,886,0
177,4,0x408bb0bf84df50b21c53c74420987f172d4036a1,4.792659,1772366230,56d46233acfc927a72cc814ab5e1b5ef89347840ce16705cf765220fd24434ce,214,71.33,3.71,1,5,4,0.019486,0.444012,TopoStake,pog(D=3_omega=1.00),2.50,887,0
178,0,0x377eaef292051bbf8ada05b2af76a3f3b9d722a7,12.063318,1772366233,86a1464ce9d6a3a05f1fd34518bf7879773775a3b5492f388b2edb272ae2ace0,212,106.00,3.68,1,5,4,0.019457,0.443286,TopoStake,pog(D=3_omega=1.00),2.44,888,0
178,1,0x24898fcb116b48cb2b6fd5d3b4eb599fee0f4633,8.055529,1772366234,2cc7c59f24a263d214d5f9e8fabb2149ffb6ca62e43c4fc5fbb5d004c73afa84,235,117.50,3.57,2,5,4,0.019443,0.443466,TopoStake,pog(D=3_omega=1.00),2.13,889,0
178,2,0xb990cdf21950e6086c350175c4bc504e45858230,8.123543,1772366236,8fc90777989cf15aef4b6328b74044c80f81022c08e5dce6f9f6f4bc7cd534a3,98,98.00,3.44,2,5,4,0.019422,0.443183,TopoStake,pog(D=3_omega=1.00),1.37,890,0
178,3,0x1796dc61e715f15a2d27dfa32bd34780f12a8c24,20.752510,1772366238,261d9e644afa89510f3afedecd27dc7ca9b5e4aece3eec1a90c50f5bec68ba8d,219,109.50,4.03,1,5,4,0.019400,0.442890,TopoStake,pog(D=3_omega=1.00),1.55,891,0
178,4,0xb2a7fe70a6f3137d38f6cb4c3ec6dd1e24f2d5f4,8.418077,1772366240,dabafc6ac3ff556d39028c9103464ea05e18714f302f780b737012bc4c7cfb2e,196,98.00,3.33,1,5,3,0.019406,0.443300,TopoStake,pog(D=3_omega=1.00),1.57,892,0
179,0,0x377eaef292051bbf8ada05b2af76a3f3b9d722a7,13.064383,1772366242,7cb358652ef697f45085698ca290e71c9fd9dc5c260b831321c6218f1d3b5970,195,65.00,4.27,1,6,4,0.019385,0.443029,TopoStake,pog(D=3_omega=1.00),2.44,893,0
179,1,0xd1cd4b808ce6b2841ad42746b64c5a047e857ef0,11.239563,1772366245,ebb3dac88ec47453b102c8cd3f2464883934da9ac025b40aeeae562e2ca90866,218,109.00,3.52,1,5,4,0.019374,0.443232,TopoStake,pog(D=3_omega=1.00),2.36,894,0
179,2,0x7e40df5d801345015e84c843908efc6683665fa4,10.660374,1772366246,ac37af90d5a3e2a6aacc52d63cfa509347fb739d3bd1993eb8b4b979b7a6cce9,238,119.00,3.81,1,6,4,0.019374,0.443233,TopoStake,pog(D=3_omega=1.00),2.06,895,0
179,3,0x95ab54d268473cce82094026afefdbd5cadf418b,8.594179,1772366248,6ba06cee02dc377cf15672fc71ecc0be29644909ba0b64393abfcff2ca91ed64,37,37.00,3.78,2,5,4,0.019358,0.443306,TopoStake,pog(D=3_omega=1.00),1.97,896,0
179,4,0xd1cd4b808ce6b2841ad42746b64c5a047e857ef0,11.239536,1772366250,1642ee85d4d84994adbc29be24ec76a936409d547143eea0f9b762c8c66e883d,188,94.00,4.42,1,6,5,0.019337,0.443047,TopoStake,pog(D=3_omega=1.00),1.52,897,0
180,0,0xb990cdf21950e6086c350175c4bc504e45858230,9.124547,1772366252,a63f143577d11fd2fb85e181359ba93bd2937fe66e94ffa0a11fc69b6e602474,216,72.00,3.90,1,6,4,0.019323,0.443191,TopoStake,pog(D=3_omega=1.00),2.45,898,0
180,1,0xbc3f8508d26048f2064aa8c068f4c94d08d77d18,6.057441,1772366254,52cbc409d2d2b1c846767ff7cd637bfe4bb47542a0373742f837f05519c9dc18,191,95.50,4.03,1,5,4,0.019303,0.442999,TopoStake,pog(D=3_omega=1.00),2.53,899,0
180,2,0x30509a8084fdfe6fe24d9c9a817c209ad194f8e3,25.688214,1772366257,7b208c12045d9bab5a98c99a3dbf01882a907f6609c423f8f0e1d7f6d4ce7d90,199,99.50,4.18,1,6,4,0.019277,0.442380,TopoStake,pog(D=3_omega=1.00),2.55,900,0
180,3,0x5cd626f4b83428b146919d30f4b3e481d259a9dc,11.075108,1772366259,891cf408961caddf07aa2286fa8e872d451489db3382760014e529c6e37bef04,250,125.00,3.34,1,5,3,0.019294,0.442867,TopoStake,pog(D=3_omega=1.00),2.13,901,0
180,4,0x13f9dadc05f6c237b03411e2aed1800cf21a5d89,41.352200,1772366261,5f835352540d22fce350d4a455bce229d2c4fcf27c4a435f431fdf0868a5e06a,143,71.50,3.90,1,6,4,0.019294,0.442868,TopoStake,pog(D=3_omega=1.00),1.58,902,0
181,0,0x7e40df5d801345015e84c843908efc6683665fa4,11.660394,1772366263,6c74c50d4454df0f3b916557af1f324a335cc241107eb4bde8a224470760510b,194,97.00,3.04,1,5,3,0.019329,0.443504,TopoStake,pog(D=3_omega=1.00),1.52,903,0
181,1,0x4414c05be2cf328f38d2e3ef4b705d6b894f044a,4.079632,1772366265,bbb32508c121367522b473e20388b8b22609283716d578ab6d957f53da625e17,215,71.67,3.42,1,5,3,0.019315,0.443637,TopoStake,pog(D=3_omega=1.00),2.52,904,0
181,2,0x8719ca31b72ae8a5404006763c53d5ad503dbcb0,7.108394,1772366267,8d4dd7fc19223519f17bb3ad29aa93dc9cc283ebb713906541751daa99b4105d,227,113.50,3.91,1,5,4,0.019285,0.442820,TopoStake,pog(D=3_omega=1.00),2.50,905,0
181,3,0x9bdb1c7ad4bd8fe797b07c08117c74a591dbab2d,3.437039,1772366270,5ec7b5bc91fc367d6348c44096c00baf16cdf360d797ab0e0a419454a3de39d9,230,115.00,4.10,1,6,4,0.019261,0.442393,TopoStake,pog(D=3_omega=1.00),2.41,906,0
181,4,0x13f9dadc05f6c237b03411e2aed1800cf21a5d89,42.353299,1772366271,667ad95a5b1e9cbc2424c6017503e641a6f33217cf811f5610ecab2353a5b8da,250,125.00,3.70,2,5,4,0.019261,0.442393,TopoStake,pog(D=3_omega=1.00),2.16,907,0
182,0,0x58a21eeb7ab18ba8adf1296e66a4487076e95dac,11.090312,1772366273,0be6a5f5c1038fa2e36225ab44c9c278f9472c3004213cf07f8db3803868e870,57,57.00,3.25,2,4,3,0.019313,0.442918,TopoStake,pog(D=3_omega=1.00),1.98,908,0
182,1,0x13f9dadc05f6c237b03411e2aed1800cf21a5d89,43.353572,1772366275,4c9d02092302d606352d1cea051ec477b88e86ae68fe999c435da68fabc688f7,217,108.50,4.02,1,5,4,0.019298,0.443000,TopoStake,pog(D=3_omega=1.00),1.50,909,0
182,2,0x0d91704595bff3aec25d40822498a51c62b05e3a,37.617093,1772366277,e393d8f3135eb54668ec92587a85e22e074d84a464635988d7cfdd3700bbd8c0,173,86.50,3.00,1,5,3,0.019351,0.443524,TopoStake,pog(D=3_omega=1.00),1.51,910,0
182,3,0x4ba33404d90c4ae989714d9d174cd882cffb7994,17.119482,1772366279,b80d173a818e970a201973bbb9419c1bb085c0fd6ef86a856f24ac83ad87a3f3,204,68.00,3.36,1,5,3,0.019392,0.444026,TopoStake,pog(D=3_omega=1.00),2.44,911,0
182,4,0xc577329e86aaecb006f17fb90499c54671119935,3.310357,1772366282,5f7851775fc2f04476c4b395fe16a9e0269abb8dc965d16dc9395b72e6023dd0,197,98.50,4.43,1,6,4,0.019390,0.444362,TopoStake,pog(D=3_omega=1.00),2.45,912,0
183,0,0x311eb133eb413ac3f21249889bb101e5d40820ce,11.135816,1772366283,a85c23005344932a214d63a88ae763cf5a78b5696bdfc87f9b49e108e3f45707,250,125.00,3.84,1,6,4,0.019358,0.443341,TopoStake,pog(D=3_omega=1.00),2.28,913,0
183,1,0x0d91704595bff3aec25d40822498a51c62b05e3a,38.618056,1772366285,b5360fde412447251cf22c5f024a50bec6873aab93d76906c80b3855f7d6fea2,63,63.00,3.70,2,5,4,0.019343,0.443407,TopoStake,pog(D=3_omega=1.00),1.95,914,0
183,2,0xa3786e459f289a76c0e8af8ad834e3d0c6d47199,19.731700,1772366287,594f8a1b80b774d80c08e8acc53fc6ef2ee597b6b2d7f62ef9e2a9bc8366e207,234,117.00,3.16,1,5,3,0.019385,0.443907,TopoStake,pog(D=3_omega=1.00),1.46,915,0
183,3,0x28672c71695142588ed26ada6f4b18b8b6c12308,22.708577,1772366289,f90785e20f743bb52cbc14d06da35379236251ee6fe2bb368a73adc3dc7e07ec,194,64.67,4.35,1,6,4,0.019388,0.444284,TopoStake,pog(D=3_omega=1.00),2.46,916,0
183,4,0xf13caa2c5f6f6cf61e51290bfa7826a9140b4faf,7.037512,1772366291,69d1891bd804c8ae0f75baa88db7536c569d6ead44ffce103009963ec421467a,212,106.00,3.66,1,5,4,0.019397,0.444732,TopoStake,pog(D=3_omega=1.00),2.45,917,0
184,0,0x28672c71695142588ed26ada6f4b18b8b6c12308,23.709593,1772366294,03981979913d71d1796c2afebbc4ed2a5895acc77c007c68551558569e29f1a4,192,96.00,4.11,1,6,4,0.019373,0.444280,TopoStake,pog(D=3_omega=1.00),2.36,918,0
184,1,0x8d9e46becf415ca26aa698c9657087e6554aabda,4.378015,1772366295,88793c022888f0499bcced2d2c07f622986349f808675650e170e39b0b2616a2,246,123.00,3.51,1,5,4,0.019384,0.444736,TopoStake,pog(D=3_omega=1.00),2.13,919,0
184,2,0xa3786e459f289a76c0e8af8ad834e3d0c6d47199,20.732381,1772366297,f7f1d0e465885d884e4e3c806a3f50f664f829d944c5753f7a80114e0f5a1440,136,136.00,3.70,1,5,4,0.019355,0.443964,TopoStake,pog(D=3_omega=1.00),1.38,920,0
184,3,0x26d553a2f4343b3a7dc88bbd87b3d0a25d3838d9,14.222833,1772366299,647dd3650e28203d12fb9b7fff04b642804a22968e3fe8721e21dfe30c24567b,188,94.00,4.34,1,6,4,0.019360,0.444341,TopoStake,pog(D=3_omega=1.00),1.52,921,0
184,4,0x5cd626f4b83428b146919d30f4b3e481d259a9dc,12.075621,1772366301,dec40813a6cd22afef4bdbbe57652d0dcbbf11217a77f4391e4453f6f88af0ef,204,68.00,3.78,1,5,4,0.019351,0.444573,TopoStake,pog(D=3_omega=1.00),2.57,922,0
185,0,0xe478b1e4d1538274c0c70cbd7df877f9abab2f62,9.294779,1772366303,c75516df32a7353c3d70e0bb725d6a50c95966af1c0fb24f0f620515894b833e,209,104.50,3.99,1,6,4,0.019337,0.444708,TopoStake,pog(D=3_omega=1.00),2.47,923,0
185,1,0x1cb1274c711a6c2e4e1596846e6ac604eeefb358,15.418260,1772366306,a7a009b4c8bc8e22f1d76aa70eac223eee1c4d65aa0cbdc8e5d85762a36c97ad,210,105.00,4.00,1,5,4,0.019318,0.444530,TopoStake,pog(D=3_omega=1.00),2.42,924,0
185,2,0x28672c71695142588ed26ada6f4b18b8b6c12308,24.710753,1772366307,b5e6d9d5ead249c421bfe41a53e592508fa6bdc01922d7ee0b7b8740662bc281,250,125.00,3.40,1,5,3,0.019312,0.444818,TopoStake,pog(D=3_omega=1.00),2.04,925,0
185,3,0x075e1d95c7891e1c00414ca1aa9a7a8cf6270019,46.214525,1772366309,0a00155f2d14cab8482052c2655a96c9b7b005567ebcf1269ca624ea7b730316,80,80.00,3.58,1,5,4,0.019325,0.445270,TopoStake,pog(D=3_omega=1.00),1.57,926,0
185,4,0xeb82a21cb3d0dd781eb22ad74bb7cd9b4d2a06ec,3.913093,1772366311,f38b55c28400b9ad22e149b1ab9b0e9bae2b1aba684178d6de2e6c6043ca491e,202,101.00,3.20,1,5,3,0.019382,0.445802,TopoStake,pog(D=3_omega=1.00),1.50,927,0
186,0,0x13f9dadc05f6c237b03411e2aed1800cf21a5d89,44.355116,1772366313,51528161653cff4af065a1662ff9e5cbfbddd99e57b58c40f4c33242eb510d48,194,64.67,3.94,1,6,4,0.019351,0.444930,TopoStake,pog(D=3_omega=1.00),2.45,928,0
186,1,0xd46407aa7b668c72de3cf1c1a12b7fa2e308a1b2,7.984110,1772366315,6d93400113ce2460701277b2e679f6543bdaefd6544ef44c8ebb9b96d7e01134,219,109.50,2.94,2,5,3,0.019404,0.445442,TopoStake,pog(D=3_omega=1.00),2.42,929,0
186,2,0xa447d277b02012c2afd9ddcbbe123f27cc971963,5.803048,1772366317,06cef18e0488223f10dc00adf777d86cddb02388f5528deac1348a9626bcab7c,208,104.00,3.84,1,5,4,0.019382,0.445097,TopoStake,pog(D=3_omega=1.00),2.21,930,0
186,3,0xd39dbd3662315e3935ec08e6b6028e73b3c09de2,10.920153,1772366319,463ea752e3293b24b2044d56046c0dfa34cf013364519bbc3962b6c9a108d899,146,146.00,3.60,2,5,4,0.019356,0.444456,TopoStake,pog(D=3_omega=1.00),1.50,931,0
186,4,0x075e1d95c7891e1c00414ca1aa9a7a8cf6270019,47.215610,1772366321,f2eb13c68ea21e7183f264ba2dd5746ac55a1d6a070d904148f10b521ee16d3f,176,88.00,4.37,1,6,4,0.019340,0.444484,TopoStake,pog(D=3_omega=1.00),1.69,932,0
187,0,0xb990cdf21950e6086c350175c4bc504e45858230,10.125124,1772366323,5acc1c757da6e22f8454f4b3541531ab214c94f60c28f2d3f489a23ed510b407,250,125.00,3.16,1,5,3,0.019340,0.444485,TopoStake,pog(D=3_omega=1.00),1.84,933,0
187,1,0x0d91704595bff3aec25d40822498a51c62b05e3a,39.619635,1772366325,b91072d7e35a56b467e2f589cd5bfd534fbcd0846ee7acabd089a34b76dbfbad,108,54.00,3.91,1,5,4,0.019323,0.444424,TopoStake,pog(D=3_omega=1.00),1.05,934,0
187,2,0x07902d0371763a00d97ed9ba16ff0a206cb0fd19,56.636431,1772366327,7e093791c3c5fcc935ac0231a3161c9c3a798648731f70ac52475b7c6af8f644,238,79.33,3.15,1,5,3,0.019365,0.444913,TopoStake,pog(D=3_omega=1.00),2.45,935,0
187,3,0x9bdb1c7ad4bd8fe797b07c08117c74a591dbab2d,3.436495,1772366330,02ad4cc750c54029d24abe10f496584b3b32e99d4ebe2da9eb9c293a0885baa4,239,119.50,2.69,1,4,3,0.019442,0.445462,TopoStake,pog(D=3_omega=1.00),2.01,936,0
187,4,0x9ba702916c26a8583a7f277d6932b3c0d9927ce0,8.192508,1772366331,3196073b00ff438832f5a18aa594b4ea27ff1b67055f2776ee0082670fb8ec0c,178,89.00,3.75,1,5,4,0.019411,0.444469,TopoStake,pog(D=3_omega=1.00),1.79,937,0
188,0,0x3d92e045fb1847aae132b40ebfcc471a32f687de,11.132207,1772366333,e2e2a6e547d6cc3ac058d535016699956202b56300d59efae0efef348652df6e,138,138.00,3.70,2,5,4,0.019411,0.444470,TopoStake,pog(D=3_omega=1.00),1.26,938,0
188,1,0x1cb1274c711a6c2e4e1596846e6ac604eeefb358,16.419395,1772366335,59ebea58f6e246f0f42ef684727fdb00f6bffab4a9f53ce7713fcf9e07525928,188,94.00,4.01,1,5,4,0.019374,0.444159,TopoStake,pog(D=3_omega=1.00),1.56,939,0
188,2,0x26d553a2f4343b3a7dc88bbd87b3d0a25d3838d9,15.223725,1772366337,611c4eee19baf9504b5596ce8a3936fc52bb082aa509e635d9e935687ef1aaa8,206,68.67,3.55,1,5,4,0.019369,0.444457,TopoStake,pog(D=3_omega=1.00),2.48,940,0
188,3,0x07902d0371763a00d97ed9ba16ff0a206cb0fd19,57.637920,1772366339,6dc604d7fa4c1ce3a1d26d38011a138f7cfb19a0de7850f08f44b37ff2716831,176,88.00,3.85,1,5,4,0.019362,0.444715,TopoStake,pog(D=3_omega=1.00),2.47,941,0
188,4,0x0d91704595bff3aec25d40822498a51c62b05e3a,40.620882,1772366342,4ee0e025da6545ece1d0b654f4432cf90881b7101ab638de66544e6d3953ee3c,250,125.00,2.78,2,4,3,0.019439,0.445261,TopoStake,pog(D=3_omega=1.00),2.37,942,0
189,0,0x28672c71695142588ed26ada6f4b18b8b6c12308,25.711147,1772366343,ada9db5c63fd176704c6ba1f570a1f47527286b74040f9ae7d0759de8a9331cf,244,122.00,3.30,1,5,3,0.019482,0.445745,TopoStake,pog(D=3_omega=1.00),2.03,943,0
189,1,0xb990cdf21950e6086c350175c4bc504e45858230,11.125542,1772366345,f834a4d1f8caa16c4cb5c4a7182a79070889c1d88204ff3eb4b1167b4a9ab6da,80,80.00,3.49,2,5,4,0.019495,0.446189,TopoStake,pog(D=3_omega=1.00),1.30,944,0
189,2,0x016d3fc36beee7caa8fbd6c1caa42461dd7f9850,16.903929,1772366347,7227577da8c382a5e95b088ed43f5a827ac9defecdc913b2f662649f5936ec7a,209,104.50,3.99,1,5,4,0.019480,0.446193,TopoStake,pog(D=3_omega=1.00),1.50,945,0
189,3,0x3d92e045fb1847aae132b40ebfcc471a32f687de,12.132998,1772366349,c55c53d3f692998d9cd23b2e894d37e8acaa82ea78c0723a983a2b2b31ffb5cd,219,73.00,3.13,1,4,3,0.019475,0.446486,TopoStake,pog(D=3_omega=1.00),2.47,946,0
189,4,0x1cb1274c711a6c2e4e1596846e6ac604eeefb358,17.420426,1772366351,6a1ef07fcfdea97dd4c26951628f6020590d8631e9ec656ca3862752b8032545,214,107.00,3.90,1,5,4,0.019462,0.446603,TopoStake,pog(D=3_omega=1.00),2.43,947,0
190,0,0xf5ecb44daf07a1d1073dbc89baf04bd7541fa517,5.059611,1772366354,96724ae90e7c982bd62dd4a68af1b160435bd77dda9a79198b3093d45e7d6514,217,108.50,3.37,1,5,3,0.019458,0.446901,TopoStake,pog(D=3_omega=1.00),2.29,948,0
190,1,0x1cb1274c711a6c2e4e1596846e6ac604eeefb358,18.421481,1772366356,f2560ebc33d6552837bdb9256100b82c30eeb1d7ec58002dcec30508f42dde7e,224,112.00,3.96,1,6,4,0.019458,0.446902,TopoStake,pog(D=3_omega=1.00),2.08,949,0
190,2,0x3513d672439a59c26cc5711f2b715ccb4810a774,15.298420,1772366358,be8f433148a2dad3f524bf4519acdb0c50b7042e44ed9120a7bf060361b2a77e,226,113.00,3.54,1,5,4,0.019457,0.447236,TopoStake,pog(D=3_omega=1.00),1.60,950,0
190,3,0x269cdf52f97e1d9f14b7be895155a7b294f0b21d,13.732028,1772366360,f901c53697f99a63ba4a2278cdeab16c8e1aa232de7a6d38937b1c5e768fb76b,202,101.00,3.85,1,5,4,0.019450,0.447474,TopoStake,pog(D=3_omega=1.00),1.52,951,0
190,4,0xb990cdf21950e6086c350175c4bc504e45858230,12.126413,1772366362,6b11010141e250fce61f64be407cb08271ef67e7af20c2d69700940494dc5cea,168,84.00,3.69,2,5,4,0.019439,0.447669,TopoStake,pog(D=3_omega=1.00),1.46,952,0
191,0,0xa068e3c9a21c8d8be636cd2d285895979ec3262e,3.958330,1772366364,81eb4c3e875b803209e35b205b0d707b3f3556091c1fda23be77fe7bb539360b,208,69.33,4.02,1,5,4,0.019425,0.447764,TopoStake,pog(D=3_omega=1.00),2.45,953,0
191,1,0x13f9dadc05f6c237b03411e2aed1800cf21a5d89,45.357301,1772366367,49fef9ec2dde4d285f42ea659b7f31f4aefac73c3b4414674ed8d2e5dca18cdc,194,97.00,4.28,1,6,5,0.019396,0.446891,TopoStake,pog(D=3_omega=1.00),2.51,954,0
191,2,0x2abf89d7c96c80fcff9dec1fe92803573094ee35,1.214745,1772366368,57bb310b2d1efefc7c28550d40e1098abbf0bfff5aafdcc8d81d2c97bb161842,250,125.00,2.98,1,5,3,0.019447,0.447388,TopoStake,pog(D=3_omega=1.00),2.20,955,0
191,3,0x4ba33404d90c4ae989714d9d174cd882cffb7994,18.119780,1772366370,84684f563fd6d944958658c371d8511a07487659936a04b7c734dc38e482499d,118,118.00,3.64,1,5,4,0.019412,0.446101,TopoStake,pog(D=3_omega=1.00),1.35,956,0
191,4,0x0d91704595bff3aec25d40822498a51c62b05e3a,41.622296,1772366372,3992a9cedb4863b1b3d717eab48083756a6516a4a06320371cd2afb47a892976,182,91.00,4.47,1,6,5,0.019412,0.446102,TopoStake,pog(D=3_omega=1.00),1.57,957,0
192,0,0x07902d0371763a00d97ed9ba16ff0a206cb0fd19,58.640016,1772366374,1cee51bd3ccbcee3f17565a2ce869e1e6e1128f5618e964f42419083a4dc3f44,188,94.00,3.28,1,5,3,0.019453,0.446885,TopoStake,pog(D=3_omega=1.00),1.54,958,0
192,1,0x34d94cc0534eb50dec7956bea31407428d6d5ef8,4.077008,1772366376,9c16e0583ae38965b71ad0fc713ff3090c50c1988e95ec03fad83d84f533d142,249,83.00,2.66,1,4,3,0.019529,0.447421,TopoStake,pog(D=3_omega=1.00),2.38,959,0
192,2,0x3513d672439a59c26cc5711f2b715ccb4810a774,16.299437,1772366379,59fba795aa9531cbb74b72269d9ff7097fdb07221f96112ec4441630d5e593fb,189,94.50,3.74,1,5,4,0.019500,0.446562,TopoStake,pog(D=3_omega=1.00),2.27,960,0
192,3,0x763be7657fec175a3de5f1ee0a506722872c886d,3.026140,1772366380,0f206151e66bd514616fb9abfd64edbf68fbc51e44ee32ce113f38a8073a3edb,233,116.50,3.74,1,5,4,0.019494,0.446821,TopoStake,pog(D=3_omega=1.00),2.10,961,0
192,4,0x5cd626f4b83428b146919d30f4b3e481d259a9dc,13.076098,1772366382,019bf89e5ee838664587d7675412390ee427800780ddbe631ef1b032be7b3d24,37,37.00,3.97,3,5,4,0.019462,0.445745,TopoStake,pog(D=3_omega=1.00),1.86,962,0
193,0,0x30509a8084fdfe6fe24d9c9a817c209ad194f8e3,26.689955,1772366384,6527e4ba4cbcc3141bd9c85cc49f51a8bba3dc58ead22a6658b022a931f2e83f,207,103.50,3.82,1,6,4,0.019450,0.445905,TopoStake,pog(D=3_omega=1.00),1.52,963,0
193,1,0xbc3f8508d26048f2064aa8c068f4c94d08d77d18,7.057106,1772366386,b13279bcfef99c8967cab9b76b03741a9f825b4af045f8814c3c42e14030714e,205,68.33,3.33,1,5,3,0.019464,0.446360,TopoStake,pog(D=3_omega=1.00),2.45,964,0
193,2,0x28672c71695142588ed26ada6f4b18b8b6c12308,26.711551,1772366388,0c647d22e094ac1e7f2bd01125739ebfbb1708a3c677510546c20d6a68ccc238,191,95.50,4.28,2,6,4,0.019441,0.445908,TopoStake,pog(D=3_omega=1.00),2.52,965,0
193,3,0x3513d672439a59c26cc5711f2b715ccb4810a774,17.300411,1772366391,4b587ef6f54d3a4ff43120c7826aa6d073c49370ac836a24171d76476050b8f7,209,104.50,3.66,1,5,4,0.019455,0.446343,TopoStake,pog(D=3_omega=1.00),2.35,966,0
193,4,0x30405867b72597aaeb27803bb2c7f3f5fc7d5384,3.507799,1772366392,f2d4010a15ce3709797f9e773310a5afd7d5134a4a1a8c0d4a17a85e8f4f6a78,232,116.00,3.70,1,5,4,0.019451,0.446608,TopoStake,pog(D=3_omega=1.00),2.12,967,0
194,0,0x786f26993bf015cd2da6fb5d3ccd1879e01246ab,9.286787,1772366394,45ff3c5bbe166a55170e9916d68279b6df1fbc03280846347ae9ca49bb6ad631,135,135.00,3.59,2,5,4,0.019420,0.445614,TopoStake,pog(D=3_omega=1.00),1.44,968,0
194,1,0x13f9dadc05f6c237b03411e2aed1800cf21a5d89,46.359102,1772366396,5e40df802e976d207163e403227b1f35bdd64829f9f3c34a0d981fc37e90e3db,187,93.50,4.10,1,5,4,0.019401,0.445419,TopoStake,pog(D=3_omega=1.00),1.46,969,0
194,2,0xaadc5fea232580cb8fba739ac5d05a48559c7e52,11.351186,1772366398,58c73bcdb6b83f3597d9ca3822a3832b001272fa81783bd6cff1b8ebd2c4e66d,198,99.00,3.01,1,5,3,0.019452,0.445914,TopoStake,pog(D=3_omega=1.00),1.47,970,0
194,3,0x269cdf52f97e1d9f14b7be895155a7b294f0b21d,14.732793,1772366400,d3c943fb5350ffde2f32e032be6da27a9116ef33359fd899f74da86e6146de0b,193,64.33,4.27,1,6,4,0.019437,0.445919,TopoStake,pog(D=3_omega=1.00),2.48,971,0
194,4,0x0d91704595bff3aec25d40822498a51c62b05e3a,42.623380,1772366402,993307b71290249753f5a11d0478daa9ab000c72ede721fc13b015f43fe34b96,236,118.00,3.54,1,5,4,0.019428,0.446121,TopoStake,pog(D=3_omega=1.00),2.27,972,0
195,0,0x24898fcb116b48cb2b6fd5d3b4eb599fee0f4633,9.055535,1772366404,fce1a5c4886de60cad045de26ece5c06f0cceb115d47ea06d05bc07fac69c3c4,160,160.00,3.20,2,5,3,0.019471,0.446592,TopoStake,pog(D=3_omega=1.00),1.40,973,0
195,1,0x377eaef292051bbf8ada05b2af76a3f3b9d722a7,14.064935,1772366406,a78c10a2c2d4d7efd2e10bfff2b3c6534180f1473f805373bef485fb38504803,249,124.50,3.60,1,5,4,0.019451,0.446350,TopoStake,pog(D=3_omega=1.00),1.57,974,0
195,2,0x34412315480562da4810040fd15c81f99880e1ab,6.890499,1772366408,d750944d0c3b62cd8fa8327c1b861a4ecfa47dca4ae58ffad4716534edbae012,171,85.50,3.64,1,5,4,0.019441,0.446529,TopoStake,pog(D=3_omega=1.00),1.37,975,0
195,3,0x075e1d95c7891e1c00414ca1aa9a7a8cf6270019,47.217051,1772366410,2ba62f6c3e725178616ab568a84ff60d0bd07c91b95b24f35033e7fda70a1c01,199,66.33,4.01,1,6,4,0.019417,0.446046,TopoStake,pog(D=3_omega=1.00),2.46,976,0
195,4,0x269cdf52f97e1d9f14b7be895155a7b294f0b21d,15.733864,1772366412,c311a8be64a475e6195e924016e84eb91202507a3ce72c0f08884f8f2de28b9d,197,98.50,3.06,1,4,3,0.019469,0.446551,TopoStake,pog(D=3_omega=1.00),2.40,977,0
196,0,0x30509a8084fdfe6fe24d9c9a817c209ad194f8e3,27.691238,1772366415,af8ca20dc54b168abb26d7a95cf10595fa948404f07cda2e5fc730b79220e892,206,103.00,3.56,1,5,4,0.019462,0.446777,TopoStake,pog(D=3_omega=1.00),2.30,978,0
196,1,0x07902d0371763a00d97ed9ba16ff0a206cb0fd19,59.642499,1772366417,e8182bc6ff2c14c359afa26cc1c44e99d56048a969f5dec258bde71356d21a3c,250,125.00,3.34,1,5,3,0.019477,0.447224,TopoStake,pog(D=3_omega=1.00),1.94,979,0
196,2,0x1d1d2c63625de70b1e5ef40056bd2deb89d7fef2,5.061957,1772366419,713bccf79fb8620ec0d95a874fc73829956bd5eee0de9578b310687ca3b20097,126,63.00,2.78,2,4,3,0.019551,0.447748,TopoStake,pog(D=3_omega=1.00),1.29,980,0
196,3,0xcb7977f4997b4252c0152e135dd79b3cfe35c1a5,4.617605,1772366421,085a2a0dee7d870439908e289eba4e7a3e505575358b0b58ec48f255faebbf2f,167,83.50,3.69,1,5,4,0.019523,0.447076,TopoStake,pog(D=3_omega=1.00),1.49,981,0
196,4,0x1796dc61e715f15a2d27dfa32bd34780f12a8c24,21.754159,1772366423,24f1a5295d7cb57778c23f51a6180fbb492b7fea58d8807a8cda93298665da15,235,78.33,4.14,1,6,4,0.019495,0.446326,TopoStake,pog(D=3_omega=1.00),2.48,982,0
197,0,0x0d91704595bff3aec25d40822498a51c62b05e3a,43.624321,1772366426,a38f58568014df3225363d3993d257f62d1b4ee9ce45ac0ca8cefc9455b52a3e,233,116.50,3.20,1,5,3,0.019499,0.446714,TopoStake,pog(D=3_omega=1.00),2.38,983,0
197,1,0x07902d0371763a00d97ed9ba16ff0a206cb0fd19,60.643238,1772366427,949473b6472faee6c149945725fb359bb485b1c3012fb92f557fa3e77c7a1c75,249,124.50,3.19,1,5,3,0.019543,0.447179,TopoStake,pog(D=3_omega=1.00),2.10,984,0
197,2,0x016d3fc36beee7caa8fbd6c1caa42461dd7f9850,17.905335,1772366429,1bf31ca45129a6050f21c4c552509b92e71322a947094f51c6a0c409a0eeeeb8,48,48.00,3.04,1,4,3,0.019618,0.447700,TopoStake,pog(D=3_omega=1.00),1.71,985,0
197,3,0x13f9dadc05f6c237b03411e2aed1800cf21a5d89,47.360593,1772366431,abc1ff988710c8e9a01f5458b43a6e3f99b06816b96c95d80158df04f123ad26,207,103.50,3.10,1,4,3,0.019614,0.447966,TopoStake,pog(D=3_omega=1.00),1.54,986,0
197,4,0xc774b0fee7cabbef3b1ae14bf36db3df0d32c1df,10.170836,1772366433,edd3f1af813b3aa6c4e8ecdfb05720c6af627a35c2ea4f7560e78fc2aba0e02b,203,101.50,3.05,1,5,3,0.019664,0.448450,TopoStake,pog(D=3_omega=1.00),1.46,987,0
198,0,0x71f297f96355f349d66f0e9b681e7d4e11224660,10.171708,1772366435,66094c85edbbe496053735bff93deee2887480f7174e935d3f1f62f5b26fbcde,196,65.33,3.98,1,5,4,0.019646,0.448373,TopoStake,pog(D=3_omega=1.00),2.45,988,0
198,1,0x075e1d95c7891e1c00414ca1aa9a7a8cf6270019,48.218298,1772366438,402f1c31464dc554ff0f9c6a3f6e672571bbd9b1a37132f6edf3592993b0c2a6,193,96.50,3.89,1,5,4,0.019628,0.448277,TopoStake,pog(D=3_omega=1.00),2.46,989,0
198,2,0x213068cb42718d1dd6d00a6d94d62a3def0e68eb,10.368803,1772366439,f0c94ac8057b4cbe2d564a1091d9b66dff142ad12c524336847d43bf6cd73b09,250,125.00,3.12,1,5,3,0.019679,0.448773,TopoStake,pog(D=3_omega=1.00),2.37,990,0
198,3,0x4ba33404d90c4ae989714d9d174cd882cffb7994,19.120071,1772366441,c3774acd65a843a1498fe8edc9c0c89507693b092d8abfbfd908f7c060ba3163,136,136.00,3.64,1,5,4,0.019662,0.448685,TopoStake,pog(D=3_omega=1.00),1.44,991,0
198,4,0xbc3f8508d26048f2064aa8c068f4c94d08d77d18,8.057394,1772366443,43df1b51bfaa0d249aa3d2d7f897cf2cb22ea8c13a7a8778d9f85aaf7a2b5a61,167,83.50,4.46,1,6,5,0.019660,0.449005,TopoStake,pog(D=3_omega=1.00),1.49,992,0
199,0,0x282f43759e22b50aa7989261c51c367f325c3f91,9.352586,1772366445,5ae13210299550b3fa27d97caba23fa4ccb01091ae6abcb9e2a9bf8caa737fa9,209,69.67,4.23,1,6,4,0.019638,0.448652,TopoStake,pog(D=3_omega=1.00),2.54,993,0
199,1,0x3d92e045fb1847aae132b40ebfcc471a32f687de,13.133905,1772366447,fa288ba6d74e88a8a83b86000bc0e26db4ff286e85f391999e1893b7466a50d2,189,94.50,3.95,1,6,4,0.019618,0.448430,TopoStake,pog(D=3_omega=1.00),2.49,994,0
199,2,0x07902d0371763a00d97ed9ba16ff0a206cb0fd19,61.644086,1772366449,5090aa0b27d9da1de438a14428c211fbdb2706ed315f2ce2a0eb00b8c6d08083,217,108.50,3.86,1,5,4,0.019606,0.448566,TopoStake,pog(D=3_omega=1.00),2.40,995,0
199,3,0x1cb1274c711a6c2e4e1596846e6ac604eeefb358,19.422540,1772366451,9381c3e4a0d4add3490dea57014c3dd0970c183a2b120d9ec3315c96d397ea17,171,171.00,2.83,1,4,3,0.019680,0.449080,TopoStake,pog(D=3_omega=1.00),1.48,996,0
199,4,0x30405867b72597aaeb27803bb2c7f3f5fc7d5384,4.508224,1772366453,2df5eae2981f99b2cd5495df7928c9d2094ba5224882599709f130a35c588114,179,89.50,3.53,1,5,4,0.019679,0.449391,TopoStake,pog(D=3_omega=1.00),1.50,997,0
200,0,0x4414c05be2cf328f38d2e3ef4b705d6b894f044a,5.079551,1772366455,2f46d7193bdd6debf86c7e0fdd23e75290c28598d81e2e977df21555ace680f9,184,92.00,3.48,1,4,4,0.019651,0.448617,TopoStake,pog(D=3_omega=1.00),1.43,998,0
200,1,0xaadc5fea232580cb8fba739ac5d05a48559c7e52,12.351678,1772366457,5cbe115c982139f6b7bf1937fbd30914d877d8f6e0b95269c1767416d88c7096,195,65.00,3.93,1,5,4,0.019623,0.447920,TopoStake,pog(D=3_omega=1.00),2.53,999,0
200,2,0x34412315480562da4810040fd15c81f99880e1ab,7.891209,1772366460,81bd4d0ba39e1208ada4183da615973c01dc6fe7f80465a53fd352f3d9b2a1ce,192,96.00,4.38,1,6,4,0.019609,0.448005,TopoStake,pog(D=3_omega=1.00),2.45,1000,0
200,3,0x6d6b2734a20229ddd7fd4a1470ba3e3bad4e4a85,8.637742,1772366461,a1397c0fa364d90749e2db4dc59018334893b490e3800246905062f95e941ecb,223,111.50,3.98,1,6,4,0.019587,0.447619,TopoStake,pog(D=3_omega=1.00),2.24,1001,0
200,4,0x213068cb42718d1dd6d00a6d94d62a3def0e68eb,11.369293,1772366463,1a3e989441f7df8c7fe92e96cc70866235511b29936cacd7f1cf5fe4ba143cbb,82,82.00,3.99,1,5,4,0.019567,0.447301,TopoStake,pog(D=3_omega=1.00),1.74,1002,0
201,0,0x81193196c1dbdbf80709d43a5af5ce21c201fbd7,6.833008,1772366465,4aad656f9b27a7164b91f00e95ee6f775687ad53045c73886e9c0fb3222a1e8b,205,102.50,3.68,1,5,4,0.019551,0.447287,TopoStake,pog(D=3_omega=1.00),1.50,1003,0
201,1,0x0d91704595bff3aec25d40822498a51c62b05e3a,44.625954,1772366467,cef3a2ce74a56041d427ad12d9ee31483970e5e98cb1704c157037ddcdea4141,202,101.00,4.10,1,6,4,0.019527,0.446793,TopoStake,pog(D=3_omega=1.00),1.54,1004,0
201,2,0x13f9dadc05f6c237b03411e2aed1800cf21a5d89,48.362465,1772366469,062f6906f9e2737e2bd21ebcb628738b311af67a3925a1170dba2decd859543a,187,62.33,3.24,1,5,3,0.019570,0.447249,TopoStake,pog(D=3_omega=1.00),2.39,1005,0
201,3,0x8c11ec9090dd820c076e57e899d9c604c79d6b32,21.578165,1772366472,90d58a819a8a65e4e58fef41af14c5ed786aba82b32d8ccfa19c9935c26266ca,213,106.50,2.91,1,5,3,0.019620,0.447725,TopoStake,pog(D=3_omega=1.00),2.22,1006,0
201,4,0x13f9dadc05f6c237b03411e2aed1800cf21a5d89,49.363512,1772366473,36cd41aa4f837188a5541ff00fdad58ef3fd59ab83973745b561edf784b617c2,196,98.00,3.95,1,6,4,0.019622,0.448081,TopoStake,pog(D=3_omega=1.00),2.28,1007,0
202,0,0x075e1d95c7891e1c00414ca1aa9a7a8cf6270019,49.220533,1772366475,6c5853fd773277ec2b22a8d8b2204a11f6ab9d9dff063d783e88bba1679df582,173,173.00,3.00,1,4,3,0.019673,0.448572,TopoStake,pog(D=3_omega=1.00),1.43,1008,0
202,1,0x81193196c1dbdbf80709d43a5af5ce21c201fbd7,7.833814,1772366477,2931c93fcf7cd287156eb1e7e2b3495fd6bebbf5da3158ce00bfbd66209812ee,212,106.00,3.22,1,5,3,0.019723,0.449042,TopoStake,pog(D=3_omega=1.00),1.61,1009,0
202,2,0xa9a524611994a27dd3134d643379aa14edf7cb39,7.087331,1772366479,ba67de02c5b84226527f48e325d576cb4e8a8eff7130e4586df6efaa3ede95f1,183,91.50,3.95,1,6,4,0.019701,0.448631,TopoStake,pog(D=3_omega=1.00),1.46,1010,0
202,3,0x30509a8084fdfe6fe24d9c9a817c209ad194f8e3,28.692520,1772366481,f1a310633d652bab7ef33bb91a5bf29ff700df0beab5d0c9832e121b4916c20f,200,66.67,3.60,1,5,4,0.019678,0.448144,TopoStake,pog(D=3_omega=1.00),2.50,1011,0
202,4,0x07902d0371763a00d97ed9ba16ff0a206cb0fd19,62.645945,1772366484,8fd5119d453c8e397af5fb82e176fd01d19154cc40508e3679220801343ac986,226,113.00,3.23,1,5,3,0.019692,0.448576,TopoStake,pog(D=3_omega=1.00),2.31,1012,0
203,0,0x1796dc61e715f15a2d27dfa32bd34780f12a8c24,22.755677,1772366485,a49168208b7e54ca1eacec3aba45c1a960fb332773eb03415fe2ba2340cadb46,250,125.00,2.76,2,4,3,0.019692,0.448577,TopoStake,pog(D=3_omega=1.00),2.04,1013,0
203,1,0x377eaef292051bbf8ada05b2af76a3f3b9d722a7,15.065557,1772366487,71f5e14c8fccf14a6cdef4092e7f020038eee47bac1603a9ca6ba22a6f256738,35,35.00,3.40,2,4,3,0.019696,0.448964,TopoStake,pog(D=3_omega=1.00),1.91,1014,0
203,2,0xc339f8bf978200eb65afce6c7121402eda949097,7.070262,1772366489,c9942593e1ccb9c764bafe51bd74cd38a86a48c0023f220b0a39286b270bfa3c,227,113.50,3.66,1,5,4,0.019686,0.449143,TopoStake,pog(D=3_omega=1.00),1.49,1015,0
203,3,0xa3786e459f289a76c0e8af8ad834e3d0c6d47199,21.732284,1772366491,65986fc61f224cf15f1dc917b1a376ce3f35138510d767032697eabaf2a5edc7,185,61.67,4.28,1,6,4,0.019663,0.448637,TopoStake,pog(D=3_omega=1.00),2.50,1016,0
203,4,0x37cc7a82e66d4f4c2ae13b9ee895d3af1a1d7a05,6.257223,1772366493,a9b4eb109c3932d80bb9743c4ad1b7996cc5ac751fed9fa294cac3309973e9b5,204,102.00,4.18,1,6,4,0.019664,0.448978,TopoStake,pog(D=3_omega=1.00),2.53,1017,0
204,0,0x50f7fa851f9314d682e36da5caa4635039b5305d,23.130306,1772366496,03d8f7b778c25a8d7a9634f55c95030293643b57e1eb8b4a29b38cfc12699b03,197,98.50,3.96,1,6,4,0.019640,0.448395,TopoStake,pog(D=3_omega=1.00),2.46,1018,0
204,1,0x13f9dadc05f6c237b03411e2aed1800cf21a5d89,50.364683,1772366497,e74bb4ed12fb05920e4c9c381b6dec5bd6f613d99d37741121b480087d7066ff,250,125.00,3.26,1,5,3,0.019644,0.448776,TopoStake,pog(D=3_omega=1.00),2.28,1019,0
204,2,0x016d3fc36beee7caa8fbd6c1caa42461dd7f9850,18.906683,1772366499,3025d04f362a445b64d028df337f293435ded43a2497d435541826643a3b1932,124,124.00,3.09,2,5,3,0.019695,0.449261,TopoStake,pog(D=3_omega=1.00),1.61,1020,0
204,3,0xd67aaaf210c0c36ddcb7055222d168b5c9dd1b36,8.183465,1772366501,c404641de421b5c644223e8c236484be95242cd345b19229442ead8a1dab4ee5,213,106.50,3.14,1,4,3,0.019692,0.449540,TopoStake,pog(D=3_omega=1.00),1.54,1021,0
204,4,0xfb35fdafcfc84561a42700a4a1c274edeb75bdc1,3.049143,1772366503,2789804efa2e50bae23ed89351677c73624e0812085cb18cce87547c04332b24,189,94.50,3.79,1,5,4,0.019670,0.449152,TopoStake,pog(D=3_omega=1.00),1.54,1022,0
205,0,0x07902d0371763a00d97ed9ba16ff0a206cb0fd19,62.646481,1772366505,1f70b7ed9a9a6cdf9c5e6e58de9f2007c6532f9bf1f99cd208129902a2095c28,192,64.00,4.01,1,5,4,0.019640,0.448107,TopoStake,pog(D=3_omega=1.00),2.48,1023,0
205,1,0x28672c71695142588ed26ada6f4b18b8b6c12308,27.712307,1772366508,4b20e318ba8fa14a81b39db22e4c5b569c54ffefaa0296376957561d9f47391c,233,116.50,2.67,1,4,3,0.019712,0.448610,TopoStake,pog(D=3_omega=1.00),2.14,1024,0
205,2,0x30509a8084fdfe6fe24d9c9a817c209ad194f8e3,29.693722,1772366509,f210617ccd5b2792c879ed4739985ecfbe9c4eb336fcb896c02b09301ca560a6,225,112.50,3.59,1,5,4,0.019712,0.448610,TopoStake,pog(D=3_omega=1.00),2.04,1025,0
205,3,0x269cdf52f97e1d9f14b7be895155a7b294f0b21d,16.734707,1772366511,5e29a92d977a42a1b982b0eb10bbf2fafeb796776d1863ae1e4e04f94302ddbc,56,56.00,3.30,2,5,4,0.019727,0.449037,TopoStake,pog(D=3_omega=1.00),1.91,1026,0
205,4,0x30509a8084fdfe6fe24d9c9a817c209ad194f8e3,30.693961,1772366513,78728a5215c7a78eb37018fff8d7b263cfc8e5305e97dd74e3e98624d4c841f2,200,100.00,3.58,1,5,4,0.019727,0.449038,TopoStake,pog(D=3_omega=1.00),1.51,1027,0
206,0,0x5cd626f4b83428b146919d30f4b3e481d259a9dc,14.076289,1772366515,3d1509475c90fa87f212ce4dfdf90e0e24978b8a8b88027234c87433789d9ac7,181,90.50,3.32,1,5,3,0.019744,0.449464,TopoStake,pog(D=3_omega=1.00),1.50,1028,0
206,1,0x075e1d95c7891e1c00414ca1aa9a7a8cf6270019,50.222182,1772366517,7a463eca02c10d11982eb0ee7035ac4bbbff922a104db2a150cdd6938ef18aee,199,66.33,4.03,1,6,4,0.019732,0.449612,TopoStake,pog(D=3_omega=1.00),2.46,1029,0
206,2,0x71f297f96355f349d66f0e9b681e7d4e11224660,11.172091,1772366520,0eec7e1e493b7f0119df741eaf3ca68f146a95400a600971de59808b23e0735b,229,114.50,3.07,1,5,3,0.019782,0.450074,TopoStake,pog(D=3_omega=1.00),2.24,1030,0
206,3,0x377eaef292051bbf8ada05b2af76a3f3b9d722a7,16.066493,1772366521,1c17f6e1513406de051cee7f0c8989f8fd22b829da3b851c4b297ddd1428f2fa,195,97.50,4.01,1,5,4,0.019766,0.450026,TopoStake,pog(D=3_omega=1.00),2.19,1031,0
206,4,0xeaa5003682d7289190651081ae2bee847097afc5,3.747700,1772366523,dae0f42ab92ac91b0addee39183c5433bdb6ab2eadddc174ebd795dde621fb70,145,145.00,3.71,1,5,4,0.019757,0.450232,TopoStake,pog(D=3_omega=1.00),1.39,1032,0
207,0,0x30509a8084fdfe6fe24d9c9a817c209ad194f8e3,31.694883,1772366525,a6d7f0947c368ac247d893ca4cf3779c8a7be519538ab32af03d9ab01d906ab3,193,96.50,4.30,1,6,4,0.019728,0.449316,TopoStake,pog(D=3_omega=1.00),1.59,1033,0
207,1,0x786f26993bf015cd2da6fb5d3ccd1879e01246ab,10.286878,1772366527,4b25daa699037f4681589fdeff14857fb0214282f2e7a67243be0bd0534d7eab,188,94.00,3.33,1,5,3,0.019746,0.449741,TopoStake,pog(D=3_omega=1.00),1.44,1034,0
207,2,0xa9105f442328d397529b8e4e9e656fa89016ff45,3.456508,1772366529,fcab4a99744acab4349c6b6d20a78409fce10a1b62adfff8cfd4d17f678185bd,194,64.67,4.03,1,5,4,0.019728,0.449627,TopoStake,pog(D=3_omega=1.00),2.49,1035,0
207,3,0x13f9dadc05f6c237b03411e2aed1800cf21a5d89,51.366131,1772366532,9d3c3da41c07ec948001456fefe2980ba86aed47c8f1fa67789118ed25b32051,210,105.00,3.54,1,5,4,0.019699,0.448637,TopoStake,pog(D=3_omega=1.00),2.37,1036,0
207,4,0x6414c6a8400ff3419cd81855d09de2848d770e0e,4.141732,1772366533,0909c80d55adc765e8f8befc6048f7b61e9638fbf75a31361f877e2e6c500045,247,123.50,3.08,1,5,3,0.019750,0.449115,TopoStake,pog(D=3_omega=1.00),2.02,1037,0
208,0,0x377eaef292051bbf8ada05b2af76a3f3b9d722a7,17.067231,1772366535,bf3622246f1c9fb31979292dd891699eb7b2fe8b1894e431a2769928f93774e9,104,104.00,3.83,1,5,4,0.019721,0.448266,TopoStake,pog(D=3_omega=1.00),1.15,1038,0
208,1,0x07902d0371763a00d97ed9ba16ff0a206cb0fd19,63.648481,1772366537,9e2d5e280d98a2e0eb3c587006570d2570e89b36cbcdbf39613e7b10f0727b9a,193,96.50,3.61,1,5,4,0.019715,0.448488,TopoStake,pog(D=3_omega=1.00),1.53,1039,0
208,2,0x786f26993bf015cd2da6fb5d3ccd1879e01246ab,11.287794,1772366539,1a856d937a72ed161d2e704841609fa9c1cb3f6b58598e29c47035bcbc429d49,216,72.00,2.69,1,4,3,0.019786,0.448984,TopoStake,pog(D=3_omega=1.00),2.55,1040,0
208,3,0x4a217e35f6402e7f62a49f6d62e27c6585c2f3fd,10.489459,1772366541,32c95c0efdcbfcf1c4c3dbd78948022c28ef5b59c195fcb905e8301f5183f878,206,103.00,4.03,1,5,4,0.019769,0.448928,TopoStake,pog(D=3_omega=1.00),2.52,1041,0
208,4,0x075e1d95c7891e1c00414ca1aa9a7a8cf6270019,51.223599,1772366544,be97e3ac9291e823af313ab0e0652e9e079b3d2cd63771009a99c18cbe2018b4,221,110.50,3.51,1,5,4,0.019751,0.448814,TopoStake,pog(D=3_omega=1.00),2.36,1042,0
209,0,0xbc3f8508d26048f2064aa8c068f4c94d08d77d18,9.057693,1772366545,19db54343276d2016b33b629676dc5d4ba972840ed10e0ece47e5f1e83e06ce6,250,125.00,3.15,1,5,3,0.019751,0.448814,TopoStake,pog(D=3_omega=1.00),1.97,1043,0
209,1,0x7e40df5d801345015e84c843908efc6683665fa4,12.659974,1772366547,f6b571acb8ed6cbd658fb137cb60dfe01c615a3df4a22c2ef3cae1a7e9a076ca,52,52.00,4.15,2,6,4,0.019731,0.448542,TopoStake,pog(D=3_omega=1.00),1.56,1044,0
209,2,0x53be6e527cc5a7d850b5eae27b9cef342e0665f2,7.038391,1772366549,a3bdf533fc23e305aa19e60967209617b0abdf668a13c1c1d8324a59c78b6e63,207,103.50,3.33,1,5,3,0.019717,0.448628,TopoStake,pog(D=3_omega=1.00),1.54,1045,0
209,3,0x6d6b2734a20229ddd7fd4a1470ba3e3bad4e4a85,9.637565,1772366551,0fd79f4b23e70b20effb29dd204c37e815fcb9030b91791896f765ef56ebf4b3,188,62.67,3.45,1,5,4,0.019694,0.448110,TopoStake,pog(D=3_omega=1.00),2.50,1046,0
209,4,0xea287b266dbe2c2d402fd91814bcfc4c95d6b0fd,2.148365,1772366554,769fc41a4ea28a012eb148f5fefdc8ddbb58dc3c91dfea82a3535ee0b1a51ecf,191,95.50,3.53,1,5,4,0.019675,0.447901,TopoStake,pog(D=3_omega=1.00),2.37,1047,0
210,0,0xcb7977f4997b4252c0152e135dd79b3cfe35c1a5,5.617677,1772366555,115ca0212e769563889c49d9fe99d07068e641f0e05e6d0a0d9558b6e8309276,201,100.50,3.98,1,6,4,0.019644,0.446809,TopoStake,pog(D=3_omega=1.00),2.25,1048,0
210,1,0x075e1d95c7891e1c00414ca1aa9a7a8cf6270019,51.223742,1772366557,c8fcb93e5b993023914fec34d5f2d3fd45ca00ce0accdc5ade62861d7a2eff0e,138,138.00,4.15,1,6,4,0.019618,0.446181,TopoStake,pog(D=3_omega=1.00),1.49,1049,0
210,2,0x282f43759e22b50aa7989261c51c367f325c3f91,10.352775,1772366559,02a2c6c8b64d56a7bc37c22e1fa6b001118fb39b5355fc72875123ea9db29d3a,232,116.00,3.18,1,5,3,0.019668,0.446638,TopoStake,pog(D=3_omega=1.00),1.63,1050,0
210,3,0x53be6e527cc5a7d850b5eae27b9cef342e0665f2,8.039268,1772366561,05969261445ba931a0d5de52deb292548f31e45e1429e81e475de2bf96394bdd,208,104.00,3.93,1,6,4,0.019650,0.446495,TopoStake,pog(D=3_omega=1.00),1.49,1051,0
210,4,0x5cd626f4b83428b146919d30f4b3e481d259a9dc,15.077116,1772366563,e4ef94c88bffe66432ecde60de8ad7c3b1835a8edfd8e138c623641c664c0239,212,70.67,3.47,1,5,4,0.019628,0.446088,TopoStake,pog(D=3_omega=1.00),2.49,1052,0
211,0,0x07902d0371763a00d97ed9ba16ff0a206cb0fd19,64.650359,1772366566,c97857b64fccf513dae276146ed8181a1b434261c25f702e44858621de8819e0,190,95.00,3.94,2,6,4,0.019618,0.446247,TopoStake,pog(D=3_omega=1.00),2.46,1053,0
211,1,0x30509a8084fdfe6fe24d9c9a817c209ad194f8e3,32.696175,1772366567,61156dea9e7d83fcbecef58d2a170b2003cab060d36f2087618bf53e04459f02,250,125.00,2.76,2,4,3,0.019618,0.446247,TopoStake,pog(D=3_omega=1.00),2.09,1054,0
211,2,0xa068e3c9a21c8d8be636cd2d285895979ec3262e,4.957403,1772366569,0eb4683e11e2f8979f5456acee35590bd03020212e424bc36a320fdfc80f24c7,58,58.00,3.26,1,5,3,0.019637,0.446666,TopoStake,pog(D=3_omega=1.00),1.98,1055,0
211,3,0x13f9dadc05f6c237b03411e2aed1800cf21a5d89,52.367986,1772366571,f24301d1940894bcb6db90c7b06bc1642b3f4eb1384533eb134b3aa37780aa56,189,94.50,4.34,1,6,4,0.019610,0.445961,TopoStake,pog(D=3_omega=1.00),1.52,1056,0
211,4,0x0d91704595bff3aec25d40822498a51c62b05e3a,45.627567,1772366573,f5c18f769a89dd50b5735d3bcbf4d40844b1d3067e84125297b346f75cd3249d,223,111.50,3.11,1,5,3,0.019610,0.445962,TopoStake,pog(D=3_omega=1.00),1.52,1057,0
212,0,0xb990cdf21950e6086c350175c4bc504e45858230,13.126698,1772366575,8d3f481869b140592e9c5dc890174c9eed36484f27a037bfb08cf920f4a5ac59,188,62.67,3.21,1,5,3,0.019700,0.446871,TopoStake,pog(D=3_omega=1.00),2.51,1058,0
212,1,0xd61b00c297972877b45f8d7f4d67fdaf20c67c59,3.321806,1772366578,3e4f577341509bd0c980e7d41118ca1e3d41322e8240a7cff4122b172bb1bc1f,221,110.50,3.90,1,5,4,0.019687,0.446969,TopoStake,pog(D=3_omega=1.00),2.46,1059,0
212,2,0xbc3f8508d26048f2064aa8c068f4c94d08d77d18,10.057617,1772366579,db92311b09bf601d6bb86367ae4c91d30a56bf1f86ea10a6270fb1e3d97f0536,179,89.50,4.42,1,6,5,0.019658,0.445956,TopoStake,pog(D=3_omega=1.00),2.41,1060,0
212,3,0x13f9dadc05f6c237b03411e2aed1800cf21a5d89,53.369202,1772366581,d97e1db2e77851f0be651bea145772c481b8861cf6c134513e653edb72402420,159,159.00,4.04,1,6,4,0.019640,0.445773,TopoStake,pog(D=3_omega=1.00),1.57,1061,0
212,4,0x016d3fc36beee7caa8fbd6c1caa42461dd7f9850,19.907792,1772366583,dbe0145e86547ea5840b8ab8c80dac375a1a715ae09710095159e0c525fe9722,250,125.00,3.15,2,5,3,0.019691,0.446245,TopoStake,pog(D=3_omega=1.00),1.82,1062,0
213,0,0x07902d0371763a00d97ed9ba16ff0a206cb0fd19,64.650857,1772366585,51c4759d835f641a8409d3db3bce052ad8f6ab6ad89d474cc1278973680f36ff,124,62.00,3.09,1,4,3,0.019688,0.446540,TopoStake,pog(D=3_omega=1.00),1.45,1063,0
213,1,0x4414c05be2cf328f38d2e3ef4b705d6b894f044a,6.079399,1772366587,bbf63e9be546bed7b78621ed8ce70820eab1dd8fe87ddda45dceb1e8a8b7fb8c,201,67.00,2.72,1,4,3,0.019758,0.447028,TopoStake,pog(D=3_omega=1.00),2.43,1064,0
213,2,0x07902d0371763a00d97ed9ba16ff0a206cb0fd19,65.651833,1772366590,1609b490e6a8593de800efb5ebdfb54174e0c734ce8498bcad76100a674bd614,208,104.00,3.86,1,5,4,0.019733,0.446430,TopoStake,pog(D=3_omega=1.00),2.48,1065,0
213,3,0xac61c91e7d24df824351a6c4e562a75f0cf646f8,10.247045,1772366591,dab51e8355e4f36706a755e704cdad4960f43fa1fe2b0e12b07cbbad6387fb90,250,125.00,2.79,1,4,3,0.019733,0.446431,TopoStake,pog(D=3_omega=1.00),2.11,1066,0
213,4,0x28672c71695142588ed26ada6f4b18b8b6c12308,27.712103,1772366593,380cc7bffa8178a08cce2bbc965ca2b6d0fa0a4644d9e90a4353f4aa75732138,52,52.00,4.10,1,6,4,0.019715,0.446249,TopoStake,pog(D=3_omega=1.00),1.98,1067,0
214,0,0x763be7657fec175a3de5f1ee0a506722872c886d,4.024464,1772366595,b3d4ae9e612ee9cbe3ce93d041e16f34ad70fab51fc6a6485d96609226f4934d,198,99.00,3.76,1,5,4,0.019725,0.446646,TopoStake,pog(D=3_omega=1.00),1.51,1068,0
214,1,0x377eaef292051bbf8ada05b2af76a3f3b9d722a7,18.068015,1772366597,38f5e9cc0226dba3ed19415523783221a1ba0c90043e91c18f5674dd6b9a2f21,192,64.00,3.69,1,5,4,0.019697,0.445771,TopoStake,pog(D=3_omega=1.00),2.47,1069,0
214,2,0x53be6e527cc5a7d850b5eae27b9cef342e0665f2,9.040131,1772366599,1863f2bba93a949689bbc1b9830fa52f70e02f5e983de9925c5c7c53ae441121,190,95.00,3.68,1,5,4,0.019691,0.446008,TopoStake,pog(D=3_omega=1.00),2.49,1070,0
214,3,0x30509a8084fdfe6fe24d9c9a817c209ad194f8e3,33.696588,1772366602,7344c702a2121701493aff165832cc0b4bb0c74186ba5d9dbb62137d7507390a,200,100.00,3.44,1,5,4,0.019671,0.445717,TopoStake,pog(D=3_omega=1.00),2.29,1071,0
214,4,0x377eaef292051bbf8ada05b2af76a3f3b9d722a7,19.068923,1772366603,3a5c79101cf494eadbf0ac7d36a984f8925617977254052d691d0e59955e907b,221,110.50,3.24,1,5,3,0.019690,0.446131,TopoStake,pog(D=3_omega=1.00),2.06,1072,0
215,0,0x075e1d95c7891e1c00414ca1aa9a7a8cf6270019,52.225821,1772366605,ef3b14979a0d5f87baccce8c6faca4f2b55c36f63958ebaee2f6f30c2ec7868e,122,122.00,3.57,1,5,4,0.019686,0.446384,TopoStake,pog(D=3_omega=1.00),1.16,1073,0
215,1,0xf13caa2c5f6f6cf61e51290bfa7826a9140b4faf,8.036133,1772366607,75b5d8dba3e1d905ef39a53754c9b53ba44eb5cd5e36b26f638acf74e941b146,214,107.00,3.04,1,5,3,0.019735,0.446832,TopoStake,pog(D=3_omega=1.00),1.63,1074,0
215,2,0x269cdf52f97e1d9f14b7be895155a7b294f0b21d,16.734472,1772366609,4751379a2a46b5e5d1da4f7e6b14dcdc749d67513dbb7eef7100c59ca29b3d27,182,60.67,4.26,2,6,4,0.019713,0.446414,TopoStake,pog(D=3_omega=1.00),2.49,1075,0
215,3,0x54f496e5c1d9f95a916cf7f5b62e9c98e64a3dc5,2.027375,1772366611,0e34aec50f8fdcb1666510adb4a7db4390a7a1f43075ca8fc22fd4c9f1d059d4,191,95.50,3.60,1,5,4,0.019705,0.446613,TopoStake,pog(D=3_omega=1.00),2.45,1076,0
215,4,0x30405867b72597aaeb27803bb2c7f3f5fc7d5384,5.508064,1772366614,a6d2f2fffe0d66f39895947121c13e620fbf4e8f58039299506fd484e52239b7,209,104.50,4.08,1,5,4,0.019674,0.445524,TopoStake,pog(D=3_omega=1.00),2.34,1077,0
216,0,0x28672c71695142588ed26ada6f4b18b8b6c12308,28.713070,1772366615,55587191ae700ef5c46db79c6242fec13fb00af07ec755549a95ff3a4a241e28,250,125.00,3.48,1,5,4,0.019674,0.445524,TopoStake,pog(D=3_omega=1.00),2.18,1078,0
216,1,0x1cb1274c711a6c2e4e1596846e6ac604eeefb358,20.423159,1772366617,bf525967377250b4f2d5cc82511f5bb717830efa0b33b0dceb595da80d7c2367,49,49.00,3.84,2,5,4,0.019685,0.445918,TopoStake,pog(D=3_omega=1.00),1.96,1079,0
216,2,0x6064b9f5883bf9737dfe314ff68c56e09e68ac89,11.188587,1772366619,fc6b512b317b73d8faf16063b01e45a4ea0017c2dc84e37e88ec569f1d9e81bd,213,106.50,3.55,1,5,4,0.019683,0.446215,TopoStake,pog(D=3_omega=1.00),1.52,1080,0
216,3,0x1d1d2c63625de70b1e5ef40056bd2deb89d7fef2,6.061331,1772366621,73ca96caeb430d9088788cb35b0460219193d24c472ff259252a4b740ec5f8e4,204,68.00,3.87,2,5,4,0.019667,0.446129,TopoStake,pog(D=3_omega=1.00),2.48,1081,0
216,4,0x30509a8084fdfe6fe24d9c9a817c209ad194f8e3,34.697784,1772366623,fb3ca7559b52222580eedd3af5646bac270bbc4e8eb44a3a96221b1ef673394f,207,103.50,3.56,1,5,4,0.019642,0.445522,TopoStake,pog(D=3_omega=1.00),2.31,1082,0
217,0,0xe478b1e4d1538274c0c70cbd7df877f9abab2f62,10.293783,1772366626,62378aea51820a49c2f95bace8cf34ae401e33efa1afcef59d45942d05634355,196,98.00,3.22,1,5,3,0.019662,0.445932,TopoStake,pog(D=3_omega=1.00),2.24,1083,0
217,1,0xa3786e459f289a76c0e8af8ad834e3d0c6d47199,22.732590,1772366627,72f6240264a3296465f2df9baf705195d042d50e6add2fa933bdb53f676f6062,235,117.50,3.96,1,5,4,0.019645,0.445740,TopoStake,pog(D=3_omega=1.00),1.96,1084,0
217,2,0x81d019380961f92c2031b0a7fba69f7675145088,4.481393,1772366629,18e5e7a6908e8e1041cc3c215945e25de2f2bad17770688affac81e656006ced,32,32.00,4.50,1,6,5,0.019646,0.446079,TopoStake,pog(D=3_omega=1.00),1.78,1085,0
217,3,0x13f9dadc05f6c237b03411e2aed1800cf21a5d89,54.371350,1772366631,8d500a309def28065f4d858f87ab7cbb44dda5c62d1717e09142e46054ec8d00,201,100.50,3.70,1,5,4,0.019619,0.445300,TopoStake,pog(D=3_omega=1.00),1.52,1086,0
217,4,0xa7e4d4d949807065ebf85adc1be8c382c7236c15,2.204238,1772366633,73106c51a8c0f5e80b3846f125020000d74e088f138f22e2984a5997a48c3d6c,211,105.50,3.10,1,4,3,0.019669,0.445762,TopoStake,pog(D=3_omega=1.00),1.47,1087,0
218,0,0x13f9dadc05f6c237b03411e2aed1800cf21a5d89,55.372358,1772366635,2857b9deedf0b5334a0a0dc92cefe175f477cc7a3f983c5a8828bd991531cd11,217,72.33,3.92,1,6,4,0.019639,0.444680,TopoStake,pog(D=3_omega=1.00),2.51,1088,0
218,1,0x075e1d95c7891e1c00414ca1aa9a7a8cf6270019,53.227451,1772366638,bd929dcb6d713fb4c10462b019d20f3a6b82f9bab04fecfa88056bd9d152de04,228,114.00,2.77,1,5,3,0.019691,0.445142,TopoStake,pog(D=3_omega=1.00),2.25,1089,0
218,2,0x016d3fc36beee7caa8fbd6c1caa42461dd7f9850,20.908660,1772366639,175516b8b89d9852b4a2ccf87e8399ad6efa1f76b20045de8d777161903ab9ae,223,111.50,3.04,1,5,3,0.019739,0.445585,TopoStake,pog(D=3_omega=1.00),1.91,1090,0
218,3,0x3d92e045fb1847aae132b40ebfcc471a32f687de,14.134282,1772366641,e3ff292ae3acc713f11c986432dd8a528c48990f7f41089f07f9bf6cd3a190fb,132,132.00,3.18,2,4,3,0.019737,0.445878,TopoStake,pog(D=3_omega=1.00),1.24,1091,0
218,4,0x07902d0371763a00d97ed9ba16ff0a206cb0fd19,65.653528,1772366643,024aee07b431d50940bdb858cd219300ac21752fdc81bf8eaf5697635825effe,189,94.50,3.90,1,5,4,0.019725,0.446005,TopoStake,pog(D=3_omega=1.00),1.54,1092,0
219,0,0x016d3fc36beee7caa8fbd6c1caa42461dd7f9850,21.909302,1772366645,6d96cb8962edb11e759f46a552caf079703de051864f5c76b89eec67858a7bfd,229,114.50,2.76,1,4,3,0.019791,0.446481,TopoStake,pog(D=3_omega=1.00),1.50,1093,0
219,1,0x26d553a2f4343b3a7dc88bbd87b3d0a25d3838d9,16.223227,1772366647,d5be5e4ce04d386fbd84f0d9a174fc81e38fabe663ab76e7b4a1384abef8151c,210,70.00,3.05,1,4,3,0.019791,0.446788,TopoStake,pog(D=3_omega=1.00),2.40,1094,0
219,2,0x1cb1274c711a6c2e4e1596846e6ac604eeefb358,21.424162,1772366650,43ccd289afb9aea20985792b27b96f9508a3c34b6ff992890c8f91f31dba68e0,181,90.50,3.79,1,5,4,0.019782,0.446966,TopoStake,pog(D=3_omega=1.00),2.45,1095,0
219,3,0x07902d0371763a00d97ed9ba16ff0a206cb0fd19,66.654755,1772366651,6de2576189f3eba5542cf8baddb0ed8d4c166bea9c4ab63cc3f00f50f3ca3254,225,112.50,3.45,1,5,4,0.019781,0.447248,TopoStake,pog(D=3_omega=1.00),2.08,1096,0
219,4,0x0d91704595bff3aec25d40822498a51c62b05e3a,46.628995,1772366653,a986107f28d9b72d53029616ecb7a10b2d32f03843dea420ced1fd77cd5d7199,152,152.00,2.86,1,4,3,0.019848,0.447722,TopoStake,pog(D=3_omega=1.00),1.22,1097,0
220,0,0x6d6b2734a20229ddd7fd4a1470ba3e3bad4e4a85,10.637742,1772366655,c144f2f6c1b11cc3d93cbaef2f2e563e6903d9e1b84085ae8bd1e3bfed3ac38a,191,95.50,3.21,1,5,3,0.019885,0.448142,TopoStake,pog(D=3_omega=1.00),1.55,1098,0
220,1,0x58a21eeb7ab18ba8adf1296e66a4487076e95dac,12.088728,1772366657,48e15f7375a17fb6510be407682adb42fff9172082727826ab1789162b1703c8,180,90.00,3.69,1,5,4,0.019867,0.447975,TopoStake,pog(D=3_omega=1.00),1.45,1099,0
220,2,0x13f9dadc05f6c237b03411e2aed1800cf21a5d89,56.373885,1772366659,5c3295de177d64b4c7007402fb14f2f48510388624a43dc58b4306915a2f5bdf,197,65.67,3.98,1,5,4,0.019852,0.448000,TopoStake,pog(D=3_omega=1.00),2.46,1100,0
220,3,0x34412315480562da4810040fd15c81f99880e1ab,8.891024,1772366662,3c942620ea5f635e3ff5d1036dce23f2a4166f2bb664ec05c94e4575708ce505,223,111.50,3.00,1,5,3,0.019903,0.448454,TopoStake,pog(D=3_omega=1.00),2.25,1101,0
220,4,0x075e1d95c7891e1c00414ca1aa9a7a8cf6270019,54.229009,1772366663,1ac89bc2b8b6f5898c5be66899495ff503462a33c16f4d5d4d52b3499f9403bd,218,109.00,3.85,1,6,4,0.019903,0.448455,TopoStake,pog(D=3_omega=1.00),1.97,1102,0
221,0,0x6d6b2734a20229ddd7fd4a1470ba3e3bad4e4a85,11.638593,1772366665,21282fc9aa57a49c4fe0a33b8d259b11161ebdad60696afe7b07ed96029c83aa,45,45.00,3.78,2,5,4,0.019951,0.448890,TopoStake,pog(D=3_omega=1.00),1.98,1103,0
221,1,0x075e1d95c7891e1c00414ca1aa9a7a8cf6270019,55.229286,1772366667,06d4d205f076ab6b5f9934737b4f650f4374104aa7bd7beaab8a79726ff153bf,204,102.00,3.61,1,5,4,0.019935,0.448843,TopoStake,pog(D=3_omega=1.00),1.50,1104,0
221,2,0xb990cdf21950e6086c350175c4bc504e45858230,14.127364,1772366669,79d5b6a42a620e0faf4241c72a966c196149e98df08c89b7fdce82832c354822,213,71.00,3.19,1,5,3,0.019984,0.449278,TopoStake,pog(D=3_omega=1.00),2.47,1105,0
221,3,0x53be6e527cc5a7d850b5eae27b9cef342e0665f2,10.040861,1772366671,003171ddccf57224c29959e595af45acab5a539ca5e6a2ef4591a48f4d7bcc71,216,108.00,3.93,1,5,4,0.019971,0.449384,TopoStake,pog(D=3_omega=1.00),2.39,1106,0
221,4,0x016d3fc36beee7caa8fbd6c1caa42461dd7f9850,22.910457,1772366673,80466769e81fa9aa2468886830e021478428c304e008d05c42c24026b477be54,245,122.50,3.42,1,5,3,0.019952,0.449151,TopoStake,pog(D=3_omega=1.00),2.23,1107,0
222,0,0x30509a8084fdfe6fe24d9c9a817c209ad194f8e3,35.698932,1772366675,b35dba9d01d8de2e41caadf90cec8eb56055787b3569768072fcc3beeca1b6fb,136,136.00,3.17,1,4,3,0.019953,0.449469,TopoStake,pog(D=3_omega=1.00),1.35,1108,0
222,1,0x28672c71695142588ed26ada6f4b18b8b6c12308,29.713305,1772366677,d849702a1c285f96b3d4fa26bb95dc6b7f48a302b582f533589d6441e36fd376,181,90.50,3.26,1,5,3,0.019953,0.449470,TopoStake,pog(D=3_omega=1.00),1.50,1109,0
222,2,0x07902d0371763a00d97ed9ba16ff0a206cb0fd19,67.656365,1772366679,62a1e31101309e185a4196db4de587a049856d9ae4c4bec777b028b51e17bb5c,213,71.00,3.59,1,5,4,0.019964,0.449851,TopoStake,pog(D=3_omega=1.00),2.50,1110,0
222,3,0x016d3fc36beee7caa8fbd6c1caa42461dd7f9850,23.911120,1772366681,0bfadfaa643a24fac698ad9fa317acf3fd9b15945bfdc4ab48a73b2541285be8,190,95.00,2.76,1,4,3,0.020030,0.450318,TopoStake,pog(D=3_omega=1.00),2.42,1111,0
222,4,0xd1cd4b808ce6b2841ad42746b64c5a047e857ef0,12.238211,1772366684,0c79ecb375fe006e797b5cd1b4f3bc3d5eaf970de7bf82bb90fb7455b11472bd,207,103.50,3.00,1,4,3,0.020032,0.450676,TopoStake,pog(D=3_omega=1.00),2.37,1112,0
223,0,0x50f7fa851f9314d682e36da5caa4635039b5305d,24.131409,1772366685,c0f8a6c4ace49284c86e2d47ed118c090500ee50b64dd0bacc68024abcf8d890,215,107.50,3.87,1,6,4,0.020017,0.450692,TopoStake,pog(D=3_omega=1.00),2.27,1113,0
223,1,0x81d019380961f92c2031b0a7fba69f7675145088,5.481886,1772366687,df66a590f1117182a0029d76f870df71b0348e3de418095f8ea869c639c67c33,113,113.00,3.35,2,4,3,0.020019,0.451039,TopoStake,pog(D=3_omega=1.00),1.45,1114,0
223,2,0x719361397abe003a91af76243e5f9c7a0cd4279f,15.547613,1772366689,acd97c8e501f23388970471dd9b14f2970d3ee548ab170cda3a59495489bd97e,197,98.50,3.74,2,5,4,0.019993,0.450391,TopoStake,pog(D=3_omega=1.00),1.48,1115,0
223,3,0x377eaef292051bbf8ada05b2af76a3f3b9d722a7,20.069172,1772366691,30bdd3f34f02facb2abd9f16e24d9e9c12fb4538d7d225d439713a424bc280f0,217,72.33,3.96,1,5,4,0.019982,0.450537,TopoStake,pog(D=3_omega=1.00),2.52,1116,0
223,4,0xcdc82b7c868072205a399d0f68e6e3ad3bfd1ca6,7.201223,1772366693,0fd05e5ca641928b5a10cfc75cc1a613995cabb16c371c4daaeb2e0242cb7a11,197,98.50,3.65,1,5,4,0.019978,0.450794,TopoStake,pog(D=3_omega=1.00),2.47,1117,0
224,0,0x07902d0371763a00d97ed9ba16ff0a206cb0fd19,68.657757,1772366696,7e289a2b6a9b43aac95c335a147d7e98f9eefa8acd8c759a7915b6d1bbd2d379,198,99.00,3.56,1,5,4,0.019956,0.450304,TopoStake,pog(D=3_omega=1.00),2.38,1118,0
224,1,0x016d3fc36beee7caa8fbd6c1caa42461dd7f9850,24.912143,1772366697,f34eb19dc5a94024298e9fedc5de153f6606abd94187f0aad35320594c071a8d,250,125.00,2.77,1,4,3,0.019956,0.450304,TopoStake,pog(D=3_omega=1.00),2.24,1119,0
224,2,0x4a217e35f6402e7f62a49f6d62e27c6585c2f3fd,11.489518,1772366699,f9116955f9777136f69cc5b894a726fbc2b4bd2103374078a42c7bb1ebdef820,67,67.00,2.97,1,4,3,0.019959,0.450661,TopoStake,pog(D=3_omega=1.00),1.61,1120,0
224,3,0xd3997be86c88837e3fd467517b943590b28fa641,5.047627,1772366701,30d646479a5d31a5bb22664117f0702f9cf24766738a8ca54e72194b980fa7c0,196,98.00,3.68,1,5,4,0.019942,0.450573,TopoStake,pog(D=3_omega=1.00),1.53,1121,0
224,4,0x37cc7a82e66d4f4c2ae13b9ee895d3af1a1d7a05,7.256740,1772366703,fb53788ecbfaa9769ffa7278b96219c8d992064da9458143ad3ffa8216db3b01,216,108.00,4.15,1,6,4,0.019916,0.449880,TopoStake,pog(D=3_omega=1.00),1.56,1122,0
225,0,0x4ba33404d90c4ae989714d9d174cd882cffb7994,20.119128,1772366705,a7cb3001c52621e75d55ee8dd423a53f709019f7ed33895c6510cf5735cb7ff7,205,68.33,3.94,1,6,4,0.019894,0.449381,TopoStake,pog(D=3_omega=1.00),2.53,1123,0
225,1,0x1cb1274c711a6c2e4e1596846e6ac604eeefb358,22.425329,1772366708,a93962bb3ce2f22e6d49f356b60aedb9477c5eb37287dd6fd30d99abc0d427b0,195,97.50,4.29,1,6,4,0.019890,0.449622,TopoStake,pog(D=3_omega=1.00),2.43,1124,0
225,2,0x8d9e46becf415ca26aa698c9657087e6554aabda,5.375825,1772366709,6b87eb3befddbe13c11664c5e46110a212430f416da90eaa2134e122beef3049,250,125.00,3.44,1,5,4,0.019889,0.449911,TopoStake,pog(D=3_omega=1.00),2.19,1125,0
225,3,0xa068e3c9a21c8d8be636cd2d285895979ec3262e,5.957037,1772366711,96264626684c1b93331fd64faee34909a0b1463db6ad3cf2def1e67d2c763ff7,122,122.00,3.56,1,5,4,0.019864,0.449233,TopoStake,pog(D=3_omega=1.00),1.44,1126,0
225,4,0x3d92e045fb1847aae132b40ebfcc471a32f687de,15.134951,1772366713,a6bd7096a201fe52425e0967294acbf13e10b93643b65f8ab0de03cfdd2b288d,225,112.50,4.35,1,6,5,0.019864,0.449234,TopoStake,pog(D=3_omega=1.00),1.76,1127,0
226,0,0x377eaef292051bbf8ada05b2af76a3f3b9d722a7,21.069944,1772366715,44ad4fdbb73a83877017aaaef6236d8a52087f6e8f7167ca8fdfdec0c38043d1,201,100.50,4.00,1,5,4,0.019828,0.448727,TopoStake,pog(D=3_omega=1.00),1.53,1128,0
226,1,0x63f4973c0df8a5358405f396dc0673a463c48de9,12.900129,1772366717,cb884b64135e5c61020d561b17d9545a595f7564eac31854be11a190dc7a3339,192,64.00,3.67,1,5,4,0.019826,0.448984,TopoStake,pog(D=3_omega=1.00),2.47,1129,0
226,2,0x50f7fa851f9314d682e36da5caa4635039b5305d,25.131965,1772366719,8f48177a3df96fe1091a59fcb7c9c675e99be5545c76fb690275dda56baf6dac,245,122.50,3.47,1,5,4,0.019811,0.449040,TopoStake,pog(D=3_omega=1.00),2.44,1130,0
226,3,0x89100a8056319ba37491b32ba255004180607bc2,18.794630,1772366722,b5f3900ccab1c49d86dc3ae82103efc9099f9785eb96882b257087fee25df13d,206,103.00,3.26,1,5,3,0.019815,0.449385,TopoStake,pog(D=3_omega=1.00),2.12,1131,0
226,4,0xcdc82b7c868072205a399d0f68e6e3ad3bfd1ca6,8.202026,1772366724,af8ff0ec621f52846708adeceff5858bc84848e84a2d4261011e494ba3c9e8f6,204,102.00,3.91,1,5,4,0.019809,0.449606,TopoStake,pog(D=3_omega=1.00),1.84,1132,0
227,0,0x6d6b2734a20229ddd7fd4a1470ba3e3bad4e4a85,12.639281,1772366726,ac7713abf86df2228df66d9ca4a12755027f83a9b4898669c3b2e822b17ff7f6,211,105.50,3.56,1,5,4,0.019788,0.449202,TopoStake,pog(D=3_omega=1.00),1.65,1133,0
227,1,0x28672c71695142588ed26ada6f4b18b8b6c12308,30.714353,1772366728,8a8cab5b43937d30af02624adef63df2ea5b365cd6c573e9f9621b4b20a4d811,204,102.00,3.75,2,5,4,0.019773,0.449224,TopoStake,pog(D=3_omega=1.00),1.54,1134,0
227,2,0x30509a8084fdfe6fe24d9c9a817c209ad194f8e3,35.699144,1772366730,a53b1d13ebbd8860cf27d793bb0135c24f0ef0c03a456f9373647a1420c970c1,216,72.00,3.64,1,5,4,0.019784,0.449598,TopoStake,pog(D=3_omega=1.00),2.44,1135,0
227,3,0x408bb0bf84df50b21c53c74420987f172d4036a1,5.790077,1772366733,a53990d6a3095cd49e9ad531336d8297b0b0671bbff67935b8409181d2c66cd2,230,115.00,3.26,1,5,3,0.019803,0.449988,TopoStake,pog(D=3_omega=1.00),2.43,1136,0
227,4,0x1796dc61e715f15a2d27dfa32bd34780f12a8c24,23.756850,1772366734,33967f80dd879379e053da832094a1c11bf03df9bb0a104894d4000f5f74881e,231,115.50,3.56,1,5,4,0.019778,0.449330,TopoStake,pog(D=3_omega=1.00),2.11,1137,0
228,0,0xeaa5003682d7289190651081ae2bee847097afc5,4.746880,1772366736,4b4eb634117f3230c8bcc21b13febfd685d28d5f2223fcc6bfcc19b0b9b7f8c0,124,124.00,3.52,1,5,4,0.019779,0.449651,TopoStake,pog(D=3_omega=1.00),1.45,1138,0
228,1,0x6064b9f5883bf9737dfe314ff68c56e09e68ac89,12.188685,1772366738,19021eada22ba916509689038c63cb4ba67f3968ccdc47859d0617145ef06814,184,92.00,4.29,1,6,4,0.019754,0.448907,TopoStake,pog(D=3_omega=1.00),1.46,1139,0
228,2,0x5cd626f4b83428b146919d30f4b3e481d259a9dc,16.077107,1772366740,ee7cad1ff888dcce4776b7228c13d1a9f8e8b8aae35b3de81970cd0e4eea4e21,224,74.67,3.88,1,5,4,0.019738,0.448884,TopoStake,pog(D=3_omega=1.00),2.50,1140,0
228,3,0x075e1d95c7891e1c00414ca1aa9a7a8cf6270019,56.231858,1772366742,7c428c151764564a24b43dcf93634f6ffd5ef99a5f4cab2333ae0678be70f658,192,96.00,3.93,1,6,4,0.019729,0.449029,TopoStake,pog(D=3_omega=1.00),2.52,1141,0
228,4,0xc24b36dee27726233c3bbd9e1f028f98b6b2a424,4.399682,1772366745,bfce15bccd9a51f7bb066aeb4ab95117a41f04d5e45dc0bd86801919abaa3aae,246,123.00,2.95,2,5,3,0.019776,0.449451,TopoStake,pog(D=3_omega=1.00),2.29,1142,0
229,0,0xbc3f8508d26048f2064aa8c068f4c94d08d77d18,11.057013,1772366746,db50516f3fe8408524d4188f583a239f1f00571629b627fbae1d29e2869ae32a,236,118.00,4.03,1,6,4,0.019749,0.448657,TopoStake,pog(D=3_omega=1.00),2.14,1143,0
229,1,0x269cdf52f97e1d9f14b7be895155a7b294f0b21d,17.735020,1772366748,1fbca95cf872529372fc7c3af6a3902f6105f1c6b7111e15e9730dbc34057e8b,127,127.00,4.22,1,6,4,0.019733,0.448513,TopoStake,pog(D=3_omega=1.00),1.47,1144,0
229,2,0x07902d0371763a00d97ed9ba16ff0a206cb0fd19,68.659798,1772366750,faa25919debefd1ca4013a72ff11bfabcb733433d7712fc71b6621f7982bd228,237,118.50,3.76,1,5,4,0.019733,0.448514,TopoStake,pog(D=3_omega=1.00),1.61,1145,0
229,3,0x016d3fc36beee7caa8fbd6c1caa42461dd7f9850,25.912650,1772366752,329b32160d3d526ca8b439698012959313c302638f971569f0a5dc2eeaa0f666,190,95.00,2.82,1,4,3,0.019789,0.449161,TopoStake,pog(D=3_omega=1.00),1.56,1146,0
229,4,0x13f9dadc05f6c237b03411e2aed1800cf21a5d89,57.377109,1772366754,9c034aa968af3fd71f1e54de8f3087273018aafd16de09992ba5e6fc3d95c99d,200,66.67,3.13,1,4,3,0.019793,0.449511,TopoStake,pog(D=3_omega=1.00),2.42,1147,0
230,0,0x30509a8084fdfe6fe24d9c9a817c209ad194f8e3,36.700639,1772366757,8a80c5efa98efed837d0a93f1fe11b1bb5e008df3790dcc6b004c6e7c7fb19cb,237,118.50,2.97,1,5,3,0.019841,0.449947,TopoStake,pog(D=3_omega=1.00),2.22,1148,0
230,1,0x1d1d2c63625de70b1e5ef40056bd2deb89d7fef2,7.061469,1772366758,7c876851585f3e50f1f4df75a255d004ec0d21c5c186ff8b59b9a70f9040fdf6,220,110.00,3.29,1,5,3,0.019860,0.450332,TopoStake,pog(D=3_omega=1.00),1.97,1149,0
230,2,0x8c11ec9090dd820c076e57e899d9c604c79d6b32,22.578107,1772366760,fb61528a5a31e1e30fed353d5ae2df2c1cf7adf78667cdc6f80c1c4e23bf22f1,117,117.00,3.63,1,5,4,0.019837,0.449811,TopoStake,pog(D=3_omega=1.00),1.24,1150,0
230,3,0xdcf2130496e27a8094ab996aea4aa77788d65869,10.498479,1772366762,b65eb2cfc2569b9e72352cbb7c14339cfc4018733399d584859f25c4966b9450,198,99.00,4.09,1,6,4,0.019837,0.449812,TopoStake,pog(D=3_omega=1.00),1.63,1151,0
230,4,0x213068cb42718d1dd6d00a6d94d62a3def0e68eb,12.368330,1772366764,e83d70841106fe84c58392deee29a653b1a861f09d85d423cb50018ab813d619,200,66.67,4.03,1,5,4,0.019818,0.449873,TopoStake,pog(D=3_omega=1.00),2.50,1152,0
231,0,0x719361397abe003a91af76243e5f9c7a0cd4279f,16.548455,1772366766,c85832b9ed1c41e33770fd40b7f4bea1373ad938d5cebc2e08e6ca33a68262dc,190,95.00,3.67,1,5,4,0.019803,0.449848,TopoStake,pog(D=3_omega=1.00),2.45,1153,0
231,1,0x269cdf52f97e1d9f14b7be895155a7b294f0b21d,18.736037,1772366769,ffc1ac00a95f43707439d8166ed430cd06e2cf83c1184d82dc2d214fa2518424,197,98.50,3.59,1,5,4,0.019794,0.449996,TopoStake,pog(D=3_omega=1.00),2.28,1154,0
231,2,0x1796dc61e715f15a2d27dfa32bd34780f12a8c24,24.757768,1772366770,9690b0d557f89a7fe674170baea6c15671fb6e1161397080f2d3f17b6b521825,250,125.00,3.54,1,5,4,0.019788,0.450196,TopoStake,pog(D=3_omega=1.00),2.00,1155,0
231,3,0x016d3fc36beee7caa8fbd6c1caa42461dd7f9850,26.913722,1772366772,6e8f28f5143e629ac46b8e6e0b35c20c74d26d06b12f97fca3f03bf137319ee6,62,62.00,3.39,1,5,4,0.019790,0.450512,TopoStake,pog(D=3_omega=1.00),1.68,1156,0
231,4,0x786f26993bf015cd2da6fb5d3ccd1879e01246ab,12.287317,1772366774,315e2dbd4edd09785392082418471f867e384dd5ae36f5143a0229808f402873,196,98.00,3.10,1,4,3,0.019795,0.450861,TopoStake,pog(D=3_omega=1.00),1.51,1157,0
232,0,0x377eaef292051bbf8ada05b2af76a3f3b9d722a7,22.070930,1772366776,47d9aac5c073605b9dda0b19079b30b34ff77112942c69c531a2029fe79f0e1c,172,57.33,4.02,1,5,4,0.019779,0.450814,TopoStake,pog(D=3_omega=1.00),2.53,1158,0
232,1,0xaadc5fea232580cb8fba739ac5d05a48559c7e52,13.350575,1772366778,8d8d5edc4d0f0141158d3ef84d1d06151315e72bc1f5049efdc065d37bfaa95c,207,103.50,3.61,1,5,4,0.019778,0.451062,TopoStake,pog(D=3_omega=1.00),2.46,1159,0
232,2,0x377eaef292051bbf8ada05b2af76a3f3b9d722a7,23.071940,1772366781,9fcefee0d8f57e9a62d90af6ae9963506cf129d816cf7d67a38af0a432b91c1f,203,101.50,4.24,1,6,4,0.019764,0.451126,TopoStake,pog(D=3_omega=1.00),2.40,1160,0
232,3,0x786f26993bf015cd2da6fb5d3ccd1879e01246ab,13.288151,1772366783,e4ecd4f601a5579b52d2f9c319d6eb99c369e1a773d240cfd6e830fbc9ed7391,239,119.50,3.59,1,5,4,0.019764,0.451126,TopoStake,pog(D=3_omega=1.00),2.00,1161,0
232,4,0x50f7fa851f9314d682e36da5caa4635039b5305d,26.133069,1772366785,d4dc4a390d6d056cba622acb2b5172d5edba44a2158f3aab6d464ac5027344b8,116,58.00,4.10,1,5,4,0.019750,0.451169,TopoStake,pog(D=3_omega=1.00),1.65,1162,0
233,0,0x07902d0371763a00d97ed9ba16ff0a206cb0fd19,69.661616,1772366787,f0028d6b8afb11741b67fc864fc13e44e763399ad73dd8ee7ff812320fc73559,229,114.50,3.42,1,5,3,0.019750,0.451170,TopoStake,pog(D=3_omega=1.00),1.53,1163,0
233,1,0x9bdb1c7ad4bd8fe797b07c08117c74a591dbab2d,4.433476,1772366789,d3ce810ff048ba7b51eeeee1890cc02ed050a3cc4c500097c860da7589068126,200,66.67,2.73,1,4,3,0.019813,0.451617,TopoStake,pog(D=3_omega=1.00),2.46,1164,0
233,2,0x7e40df5d801345015e84c843908efc6683665fa4,13.659788,1772366791,ee3a8778f63dd17eb6d5af19d7b4c1f083c72c6f6c807fd8b68373c1077e2572,232,116.00,3.74,1,5,4,0.019787,0.450822,TopoStake,pog(D=3_omega=1.00),2.47,1165,0
233,3,0x075e1d95c7891e1c00414ca1aa9a7a8cf6270019,57.234013,1772366794,b690ed064e579b2882708cc87d732f56f91117f77b1c8cb72fb4cb1bc3b5720f,242,121.00,3.24,1,5,3,0.019774,0.450879,TopoStake,pog(D=3_omega=1.00),2.17,1166,0
233,4,0x28672c71695142588ed26ada6f4b18b8b6c12308,31.715219,1772366796,3970d69f8f0bf84cc3e0eb2c72e863d82f01c39c1044b1c6aebcbc52a97f5ec2,239,119.50,3.00,1,5,3,0.019774,0.450880,TopoStake,pog(D=3_omega=1.00),1.82,1167,0
234,0,0x075e1d95c7891e1c00414ca1aa9a7a8cf6270019,58.235207,1772366798,b3b8c8d29a6e5e9af61ff163125581b756c767c959e4a80413e1bf524e53fdd9,190,95.00,3.66,1,5,4,0.019831,0.451653,TopoStake,pog(D=3_omega=1.00),1.60,1168,0
234,1,0x075e1d95c7891e1c00414ca1aa9a7a8cf6270019,59.236112,1772366800,c945e174b0d8e1f8d009648b7ed5b6bff249def1ddd02f99fee2ac3ae4681971,191,95.50,3.04,1,5,3,0.019878,0.452078,TopoStake,pog(D=3_omega=1.00),1.53,1169,0
234,2,0x0d91704595bff3aec25d40822498a51c62b05e3a,47.631111,1772366802,cf4b50c638cef2e02244cceb1a8ee5a046a8196b5ac3355b820f655cb27a883c,228,76.00,3.10,1,5,3,0.019926,0.452505,TopoStake,pog(D=3_omega=1.00),2.52,1170,0
234,3,0x5cd626f4b83428b146919d30f4b3e481d259a9dc,17.077751,1772366805,6f42b0b9ea826fe5f4b3e41a49579c9518e26a9c3faf2a5b4f59ac84182fe429,201,100.50,3.19,1,5,3,0.019958,0.452898,TopoStake,pog(D=3_omega=1.00),2.41,1171,0
234,4,0xea287b266dbe2c2d402fd91814bcfc4c95d6b0fd,3.147292,1772366806,5020c048c9d6b92ae8a482729d08e69ec5ed0f3b1f5187162ec1820dd6e5972c,220,110.00,3.91,2,6,4,0.019949,0.453050,TopoStake,pog(D=3_omega=1.00),2.23,1172,0
235,0,0x60705151f1f537cacd5b801f3ef1b31dc3f605de,2.289321,1772366808,7bba21be0e93e07a6555b485889e6283add617b965bdebe690e810bdbb51a63e,139,139.00,3.87,1,6,4,0.019921,0.452084,TopoStake,pog(D=3_omega=1.00),1.45,1173,0
235,1,0x075e1d95c7891e1c00414ca1aa9a7a8cf6270019,60.237391,1772366810,847edd4330c92837ccae53f6389bb3dd94eb3c24f14e1c2bf7d4fb445a12b4dd,219,109.50,4.24,1,6,4,0.019922,0.452085,TopoStake,pog(D=3_omega=1.00),1.68,1174,0
235,2,0x26d553a2f4343b3a7dc88bbd87b3d0a25d3838d9,17.223414,1772366812,43c4589df837330d4e59e763951081da58f13b1976ebf50371a942ffab2d4384,212,106.00,3.13,1,5,3,0.019970,0.452510,TopoStake,pog(D=3_omega=1.00),1.57,1175,0
235,3,0x8719ca31b72ae8a5404006763c53d5ad503dbcb0,8.105628,1772366814,7f6af4d53e9388926a1b83d617bcb91218ea22b26df73fa668c5e1d0e27ba347,183,61.00,3.78,1,5,4,0.019962,0.452654,TopoStake,pog(D=3_omega=1.00),2.56,1176,0
235,4,0xe6ebb0cdfd04183d498964e5efc4096ba77b17d6,4.278269,1772366816,58445fcd17827c27085011c0af907a578494fd84046d4a47d3ed65e05683ef77,194,97.00,4.18,2,6,4,0.019940,0.452235,TopoStake,pog(D=3_omega=1.00),2.51,1177,0
236,0,0x075e1d95c7891e1c00414ca1aa9a7a8cf6270019,61.238507,1772366819,755cddc09255acc75fe511c1081b54e9241305d26485ff2bd7d568ac8ce47b36,229,114.50,4.08,1,6,4,0.019914,0.451415,TopoStake,pog(D=3_omega=1.00),2.44,1178,0
236,1,0x9ba702916c26a8583a7f277d6932b3c0d9927ce0,9.189987,1772366820,671cacd56a982dad194284c4b18d7552ac6ff9c3c91d3c40c4a8feef134b4008,245,122.50,3.16,1,5,3,0.019914,0.451416,TopoStake,pog(D=3_omega=1.00),2.07,1179,0
236,2,0x687bf2437a044a3e42ff2f8a79a8e54ba9601f70,8.056799,1772366822,d125bf1c505aad55bdf090aeabd9db5ae354c6acd61d50b3a75bdb4953bd5d61,35,35.00,3.74,2,4,4,0.019895,0.451143,TopoStake,pog(D=3_omega=1.00),1.37,1180,0
236,3,0x075e1d95c7891e1c00414ca1aa9a7a8cf6270019,61.238518,1772366824,fb658ce467c49b32694dd21769af48b114678270fc7e6f7e4a6513998ece3dbf,214,107.00,3.77,1,5,4,0.019874,0.450706,TopoStake,pog(D=3_omega=1.00),1.49,1181,0
236,4,0x34412315480562da4810040fd15c81f99880e1ab,8.890012,1772366826,f98efdfdd9fd6871d6a99d088052448b3442ddad44aeba1146e066b4ee2fbe84,218,109.00,3.12,1,5,3,0.019923,0.451131,TopoStake,pog(D=3_omega=1.00),1.49,1182,0
237,0,0x282f43759e22b50aa7989261c51c367f325c3f91,11.352348,1772366828,01d48d5306a133ea8d53c69e52853574c3c4b055973cd852c8927b1207985cc6,190,63.33,3.87,1,6,4,0.019904,0.450806,TopoStake,pog(D=3_omega=1.00),2.54,1183,0
237,1,0x0d91704595bff3aec25d40822498a51c62b05e3a,48.632678,1772366831,0fce0b959d1fb3fa849f00ab2f8599998bde144ef09576b144bcca27593a02d6,214,107.00,3.87,2,6,4,0.019887,0.450675,TopoStake,pog(D=3_omega=1.00),2.41,1184,0
237,2,0x0d91704595bff3aec25d40822498a51c62b05e3a,49.633928,1772366832,98b8f8096aba8254cfbb426ae22ab25c69687d554340b62b6ce49ba704343107,250,125.00,3.18,1,5,3,0.019920,0.451066,TopoStake,pog(D=3_omega=1.00),2.09,1185,0
237,3,0xea287b266dbe2c2d402fd91814bcfc4c95d6b0fd,4.147714,1772366834,7db29fb85097cb76e2afd04c7bedbb071db84a74389f34b74474262a33a0ae57,128,128.00,3.49,2,5,4,0.019953,0.451456,TopoStake,pog(D=3_omega=1.00),1.36,1186,0
237,4,0x07902d0371763a00d97ed9ba16ff0a206cb0fd19,70.664051,1772366836,57250cf954eaef2995b7cc38e5dad2c11616d0e7306f3056fbc0458bb019ff14,199,99.50,4.09,1,6,4,0.019927,0.450609,TopoStake,pog(D=3_omega=1.00),1.50,1187,0
238,0,0x50f7fa851f9314d682e36da5caa4635039b5305d,26.132853,1772366838,d9e072ba6fbb9409d8e90fe198eef478cd5acf998860f09fa31dc8169c1011a4,224,112.00,2.89,2,4,3,0.019989,0.451048,TopoStake,pog(D=3_omega=1.00),1.52,1188,0
238,1,0x075e1d95c7891e1c00414ca1aa9a7a8cf6270019,62.239971,1772366840,17fcb954355b7ba258562ec1183c3b541bfd557e4bc5e72d16bf8129922630fe,200,66.67,3.23,1,5,3,0.019991,0.451372,TopoStake,pog(D=3_omega=1.00),2.51,1189,0
238,2,0x2abf89d7c96c80fcff9dec1fe92803573094ee35,2.211502,1772366843,7616d69bd547b81c03e9e780a88324791439412a0369447dd542d89709dd98cb,221,110.50,3.05,1,5,3,0.020041,0.451793,TopoStake,pog(D=3_omega=1.00),2.30,1190,0
238,3,0x07902d0371763a00d97ed9ba16ff0a206cb0fd19,71.665300,1772366844,85101d0dbb5b28d604554dd3dcaa5cea7f3917ecf1bc144463f9a26de5d4feac,242,121.00,3.59,1,5,4,0.020012,0.450773,TopoStake,pog(D=3_omega=1.00),2.02,1191,0
238,4,0x016d3fc36beee7caa8fbd6c1caa42461dd7f9850,27.915068,1772366846,5c2d9cb0da1275697088cca72ef24e07ab9b613a0b0d873c541b075f66ef68da,60,60.00,2.97,2,4,3,0.020074,0.451210,TopoStake,pog(D=3_omega=1.00),1.52,1192,0
239,0,0x0d91704595bff3aec25d40822498a51c62b05e3a,50.634718,1772366848,760c0a1a94a9bfc94cf1361625144dc507f0b3c476c1ba4e8770fdd36dc16942,209,104.50,3.13,1,4,3,0.020075,0.451210,TopoStake,pog(D=3_omega=1.00),1.53,1193,0
239,1,0xb990cdf21950e6086c350175c4bc504e45858230,15.127628,1772366850,dc2f3ded48cf034ee0885546476ba07a9363cc1af2aeb89e1830c44797076aca,193,96.50,3.32,1,5,3,0.020114,0.451937,TopoStake,pog(D=3_omega=1.00),1.50,1194,0
239,2,0x13f9dadc05f6c237b03411e2aed1800cf21a5d89,58.380372,1772366852,7e9b1e1b0f965d6a9c2dbbd96818c4040c8f0940f2b7d187f8c9e7067ca0f613,194,64.67,4.06,1,5,4,0.020101,0.452033,TopoStake,pog(D=3_omega=1.00),2.48,1195,0
239,3,0xf13caa2c5f6f6cf61e51290bfa7826a9140b4faf,9.035065,1772366855,051167fdca683f651382a726b12f794ddd4b79d7feb71962f3af6bc0f4197e6c,227,113.50,2.94,1,5,3,0.020146,0.452435,TopoStake,pog(D=3_omega=1.00),2.31,1196,0
239,4,0x30509a8084fdfe6fe24d9c9a817c209ad194f8e3,37.702012,1772366856,a38bbf8a7677a1b98b4dd47661793fa4c61dbd0a8397f0146d3d41a009ef8b33,174,87.00,4.22,1,6,4,0.020126,0.452119,TopoStake,pog(D=3_omega=1.00),2.40,1197,0
240,0,0x1cb1274c711a6c2e4e1596846e6ac604eeefb358,23.426530,1772366858,82ae08425aa5d67616d60dcb40d4a95751ba11d1884cdb15960a72f01540449d,169,169.00,3.38,1,5,3,0.020143,0.452488,TopoStake,pog(D=3_omega=1.00),1.55,1198,0
240,1,0x13f9dadc05f6c237b03411e2aed1800cf21a5d89,59.381487,1772366860,53298f2d6489d4ded15e09dbfdb977e14c9871bd7d90a1b90770b27e23f7ae09,225,112.50,3.41,1,5,4,0.020141,0.452769,TopoStake,pog(D=3_omega=1.00),1.56,1199,0
240,2,0x07902d0371763a00d97ed9ba16ff0a206cb0fd19,72.666134,1772366862,b357a17a858791b47a7d2dcdfc4264be587980e7ceeba65d5da782e0f8468415,224,112.00,3.10,1,5,3,0.020186,0.453170,TopoStake,pog(D=3_omega=1.00),1.47,1200,0
240,3,0x2abf89d7c96c80fcff9dec1fe92803573094ee35,3.212479,1772366864,20894a66945580a439a5245cc1d7048894dd5558927295ba07f8f884a486a863,186,62.00,2.66,1,4,3,0.020248,0.453602,TopoStake,pog(D=3_omega=1.00),2.53,1201,0
240,4,0xd3997be86c88837e3fd467517b943590b28fa641,6.047322,1772366866,823d8ca4c62a7c295388f779fd1a2b67b05b8bd7b195608a56967fd940313337,176,88.00,3.53,1,5,4,0.020221,0.452646,TopoStake,pog(D=3_omega=1.00),2.47,1202,0
241,0,0x075e1d95c7891e1c00414ca1aa9a7a8cf6270019,63.241460,1772366869,4d61b18683709acaa458988ea5a480e9b7c0cbbafdfc44d97b46ffaa0f484921,238,119.00,3.97,1,6,4,0.020197,0.452033,TopoStake,pog(D=3_omega=1.00),2.41,1203,0
241,1,0x1cb1274c711a6c2e4e1596846e6ac604eeefb358,24.427615,1772366870,00519bd57cf6e63f9be1a293395943f5247bfc6997a10b7833fcbab385050da4,250,125.00,3.09,1,5,3,0.020246,0.452449,TopoStake,pog(D=3_omega=1.00),2.15,1204,0
241,2,0x7e40df5d801345015e84c843908efc6683665fa4,14.660597,1772366872,4b4c92b1651b8735525e68527d06ac9230533a3452ae05242595a2816a123b12,80,80.00,3.70,2,5,4,0.020246,0.452735,TopoStake,pog(D=3_omega=1.00),1.66,1205,0
241,3,0x786f26993bf015cd2da6fb5d3ccd1879e01246ab,14.288058,1772366874,057df2677fde1743ee6169b481ada623c80057257d2329f184293afa36ce32d6,194,97.00,3.43,1,5,3,0.020233,0.452814,TopoStake,pog(D=3_omega=1.00),1.47,1206,0
241,4,0x377eaef292051bbf8ada05b2af76a3f3b9d722a7,23.071608,1772366876,9ce9c4547af27ac38ebe41a900d09cd4f7ac5bf4c40efe51398875eb441698c2,227,75.67,4.03,1,5,4,0.020219,0.452876,TopoStake,pog(D=3_omega=1.00),2.49,1207,0
242,0,0x63f4973c0df8a5358405f396dc0673a463c48de9,13.900461,1772366878,50ec188b365f757d7a889177db4a7eb1cbadc1d6887d1a935b2f1ce72e15eb17,201,100.50,3.62,1,5,4,0.020217,0.453128,TopoStake,pog(D=3_omega=1.00),2.41,1208,0
242,1,0xeaa5003682d7289190651081ae2bee847097afc5,5.746455,1772366881,ed64998da6dda2caf80e5a9c868e94e9e6a67882e15f66b10e0cf47e9900b0eb,245,122.50,3.56,1,5,4,0.020203,0.453166,TopoStake,pog(D=3_omega=1.00),2.29,1209,0
242,2,0x1d1d2c63625de70b1e5ef40056bd2deb89d7fef2,8.061033,1772366882,c7fd79db2e6dba4e86822e6b354dcd4cac8504382c028c48a40e60a48cef6e0d,195,97.50,4.26,1,6,4,0.020179,0.452512,TopoStake,pog(D=3_omega=1.00),2.16,1210,0
242,3,0xcdc82b7c868072205a399d0f68e6e3ad3bfd1ca6,9.202098,1772366884,dbfd906815c9a9d7cc89f6b1190e86d74504095381023ca086a52bfc33b64cb3,87,87.00,3.83,1,5,4,0.020158,0.452066,TopoStake,pog(D=3_omega=1.00),1.75,1211,0
242,4,0x49b57eb4dace37c8819daf079c9c674f766d4f38,7.225352,1772366886,97028189e817880b1e97def1a0be9a439507cff53ae296113361edf10f1d564c,214,107.00,3.57,1,5,4,0.020138,0.451761,TopoStake,pog(D=3_omega=1.00),1.48,1212,0
243,0,0x24898fcb116b48cb2b6fd5d3b4eb599fee0f4633,10.055468,1772366888,ea4cec371e92e40a77daec6ada5bf8236af665f3987c44faddfa435629dd25b3,205,68.33,3.95,1,6,4,0.020116,0.451256,TopoStake,pog(D=3_omega=1.00),2.44,1213,0
243,1,0x8c11ec9090dd820c076e57e899d9c604c79d6b32,23.578413,1772366890,2a44945158c2346bbba3acbaf8e3af159bc4a3f3dc05df6ddd5de79ab1c81e2f,190,95.00,3.66,1,5,4,0.020097,0.451013,TopoStake,pog(D=3_omega=1.00),2.49,1214,0
243,2,0x49b57eb4dace37c8819daf079c9c674f766d4f38,8.226285,1772366893,88e6cc933b52e430498c14c51820c8e75da279b2ea3aa1ce191457497f25f5c0,184,92.00,4.12,1,6,4,0.020096,0.451272,TopoStake,pog(D=3_omega=1.00),2.43,1215,0
243,3,0x26d553a2f4343b3a7dc88bbd87b3d0a25d3838d9,18.224034,1772366894,a44f13b15b37f0d424b1622f1c83d239a4c6504f86dab00ef72da25712a5457d,229,114.50,3.81,1,6,4,0.020075,0.450829,TopoStake,pog(D=3_omega=1.00),2.25,1216,0
243,4,0xd46407aa7b668c72de3cf1c1a12b7fa2e308a1b2,8.981138,1772366896,c9f22439040a496591e7e6fc1ceabfb877c99aaa6b035921533d262bdbf78314,164,164.00,3.76,1,5,4,0.020075,0.450829,TopoStake,pog(D=3_omega=1.00),1.44,1217,0
244,0,0x075e1d95c7891e1c00414ca1aa9a7a8cf6270019,64.243319,1772366898,fe545227cfbec34f62d288295fcc17d7708d8920b0d522c195bba92abe7ab401,205,102.50,3.92,1,5,4,0.020055,0.450479,TopoStake,pog(D=3_omega=1.00),1.52,1218,0
244,1,0x1796dc61e715f15a2d27dfa32bd34780f12a8c24,25.758587,1772366900,88bb98c676fd9fee1d7959d5fafc4222d80df5188d53ac57cc67d310241bb6e2,196,65.33,3.09,1,5,3,0.020105,0.450892,TopoStake,pog(D=3_omega=1.00),2.54,1219,0
244,2,0x07902d0371763a00d97ed9ba16ff0a206cb0fd19,73.668415,1772366902,0fa9fc80ee78ce11a95add519b7402050820c45fc683b9177aa7616cbe8ef764,186,93.00,3.30,1,5,3,0.020106,0.451193,TopoStake,pog(D=3_omega=1.00),2.45,1220,0
244,3,0x07902d0371763a00d97ed9ba16ff0a206cb0fd19,74.669665,1772366904,22ff88a7bb3503e9f934113963389c13ab28450f32bc2befe70c21858bbe465c,250,125.00,2.72,1,4,3,0.020167,0.451620,TopoStake,pog(D=3_omega=1.00),1.94,1221,0
244,4,0x6064b9f5883bf9737dfe314ff68c56e09e68ac89,13.188990,1772366906,416874a10b7d6cd3ef259d3f7c1f23dc0312854eba36d068cbf1a6521bb96b62,10,10.00,3.20,2,4,3,0.020229,0.452046,TopoStake,pog(D=3_omega=1.00),2.00,1222,0
245,0,0x13f9dadc05f6c237b03411e2aed1800cf21a5d89,60.383622,1772366908,e0bd14afd76da003475499a3ba19d31e4a6b3342b068454016baa9183ebbaee7,199,99.50,3.80,1,5,4,0.020214,0.452050,TopoStake,pog(D=3_omega=1.00),1.54,1223,0
245,1,0x50f7fa851f9314d682e36da5caa4635039b5305d,27.133746,1772366910,9d9f2d098510038083b0d8bd97ec500c5f1e0ca2b5d4d6fefccaf050b167d1eb,192,96.00,3.05,2,4,3,0.020258,0.452444,TopoStake,pog(D=3_omega=1.00),1.50,1224,0
245,2,0xf82400c4f426bdbd2bc687ffef1f22c1a381c851,1.045904,1772366912,44d1ed3657887788e0828fe4c2d7f4cac5e4809eb360ded02040df9887be8393,221,73.67,3.31,1,5,3,0.020260,0.452758,TopoStake,pog(D=3_omega=1.00),2.48,1225,0
245,3,0x016d3fc36beee7caa8fbd6c1caa42461dd7f9850,28.916478,1772366915,abe03536c4099983b571d859b6e97163e574c649370e23d784e9b17d7f94395a,181,90.50,3.94,1,6,4,0.020230,0.451701,TopoStake,pog(D=3_omega=1.00),2.45,1226,0
245,4,0x075e1d95c7891e1c00414ca1aa9a7a8cf6270019,65.244469,1772366916,e553d9cf35ab31748a6cbd45d82c98c71f30ef4a22d594bb2bf54e0cc4fc3433,250,125.00,3.07,1,4,3,0.020235,0.452031,TopoStake,pog(D=3_omega=1.00),2.07,1227,0
246,0,0x075e1d95c7891e1c00414ca1aa9a7a8cf6270019,66.244699,1772366918,dfbe14ced3ffbf4b9a56338c39173a86afdafd64c107a0cbdda3c25f661f7c90,50,50.00,3.26,1,5,3,0.020284,0.452439,TopoStake,pog(D=3_omega=1.00),1.72,1228,0
246,1,0x24898fcb116b48cb2b6fd5d3b4eb599fee0f4633,11.056380,1772366920,0d9f1296ac09ecb51edc213f645c2c91e478f37cc6673f99a22cef22154f5b9e,192,96.00,3.12,1,5,3,0.020335,0.452847,TopoStake,pog(D=3_omega=1.00),1.43,1229,0
246,2,0x49b57eb4dace37c8819daf079c9c674f766d4f38,9.227225,1772366922,a2dde8ce7602ef73350b9dc69708900cff237d90da7efa6210afb1d480389018,182,91.00,3.56,2,5,4,0.020317,0.452675,TopoStake,pog(D=3_omega=1.00),1.48,1230,0
246,3,0x81193196c1dbdbf80709d43a5af5ce21c201fbd7,8.831812,1772366924,530eb13d1086772b392c116822d7ccd0005c79f43cd6f33f26be3337c8318148,176,58.67,3.77,1,6,4,0.020298,0.452346,TopoStake,pog(D=3_omega=1.00),2.41,1231,0
246,4,0x075e1d95c7891e1c00414ca1aa9a7a8cf6270019,67.245688,1772366927,d9efdac272ad864a5f49d929800101ce0f0beb12c5a508a2c5ca41d817eb7475,216,108.00,3.81,1,6,4,0.020277,0.451954,TopoStake,pog(D=3_omega=1.00),2.50,1232,0
247,0,0x50f7fa851f9314d682e36da5caa4635039b5305d,28.134771,1772366928,f4b933c8e1509f9d83917d3a19a48a29613d2e31f81fe22f3b23193b81e9f427,250,125.00,3.02,1,5,3,0.020329,0.452360,TopoStake,pog(D=3_omega=1.00),2.10,1233,0
247,1,0xf5ecb44daf07a1d1073dbc89baf04bd7541fa517,5.054820,1772366930,152bdce7f6aeac57c2b45405b4c061bf9d5380d5eb9ca67df18c5ce657200f0d,99,99.00,3.37,1,5,3,0.020332,0.452672,TopoStake,pog(D=3_omega=1.00),1.43,1234,0
247,2,0xe478b1e4d1538274c0c70cbd7df877f9abab2f62,11.292981,1772366932,5799ea066b5606d93a8f3977c00beca1b886c009f41366f9850cc747291630b4,228,114.00,4.02,1,5,4,0.020307,0.451973,TopoStake,pog(D=3_omega=1.00),1.50,1235,0
247,3,0xc24b36dee27726233c3bbd9e1f028f98b6b2a424,5.399520,1772366934,3fd1d0bf7dc9d4d5928ec21ac95220cea663125df9577f0bac466344e688ca58,211,70.33,4.03,2,5,4,0.020290,0.451815,TopoStake,pog(D=3_omega=1.00),2.47,1236,0
247,4,0x1796dc61e715f15a2d27dfa32bd34780f12a8c24,26.759672,1772366936,c82c006f1f548072892a1041ab001bc61fc32efa4f272b94acc12303918682cf,173,86.50,4.00,1,6,4,0.020265,0.451130,TopoStake,pog(D=3_omega=1.00),2.46,1237,0
248,0,0x34412315480562da4810040fd15c81f99880e1ab,9.890236,1772366939,9ade9167c56a9cec6e809fe66027a7e66ce6ca69a97bb4a1a5e6aaacfd471aa5,230,115.00,3.19,1,5,3,0.020267,0.451427,TopoStake,pog(D=3_omega=1.00),2.35,1238,0
248,1,0x3d92e045fb1847aae132b40ebfcc471a32f687de,16.135127,1772366940,c1e56405c657bdd01c99f3574630f509ff0836bca72b431e536e61d4281f6490,219,109.50,3.92,1,5,4,0.020267,0.451427,TopoStake,pog(D=3_omega=1.00),2.09,1239,0
248,2,0x9c39f7fffaa5c5cfab20dfdd05663497918580c1,6.416059,1772366942,28d193965d38f5751582a50cf7f00cc4839c5bbf71316d76c17bdcb2e12a7d63,51,51.00,3.92,1,5,4,0.020255,0.451536,TopoStake,pog(D=3_omega=1.00),1.88,1240,0
248,3,0xb990cdf21950e6086c350175c4bc504e45858230,16.128090,1772366944,f45a5564f2955d3c0b29b141eff724d5574cc3ae1c35741dfba534d557f4c55b,208,104.00,4.05,1,6,4,0.020232,0.450971,TopoStake,pog(D=3_omega=1.00),1.50,1241,0
248,4,0x95ab54d268473cce82094026afefdbd5cadf418b,9.589965,1772366946,d0f575fc301b70de2317967f8389576456a8ea0dd26a6c1c189304b9050477f5,197,65.67,4.09,1,5,4,0.020221,0.451065,TopoStake,pog(D=3_omega=1.00),2.54,1242,0
249,0,0x34d94cc0534eb50dec7956bea31407428d6d5ef8,5.073387,1772366948,46690b40dc28bda3cf0a5a303e7ef3936a361844d2d4104f1e6b1a33cb92a9b6,219,109.50,4.44,1,6,5,0.020202,0.450766,TopoStake,pog(D=4_omega=1.00),2.52,1243,0
249,1,0x1d1d2c63625de70b1e5ef40056bd2deb89d7fef2,9.060885,1772366951,6a4f4a9add466db484be5e34ffae99be8dcec271c7fa4c156c0cf2ec12c4d12a,233,116.50,3.64,1,5,4,0.020177,0.450048,TopoStake,pog(D=4_omega=1.00),2.33,1244,0
249,2,0x016d3fc36beee7caa8fbd6c1caa42461dd7f9850,29.917781,1772366952,5ea6c52fe5846166c4c2da03344f7bae466d2e0375a5fd4af31805b6f2e92ce3,246,123.00,3.75,1,5,4,0.020157,0.449671,TopoStake,pog(D=4_omega=1.00),2.11,1245,0
249,3,0x30509a8084fdfe6fe24d9c9a817c209ad194f8e3,38.703592,1772366954,c8ebbfdace2f2624da37a9d10154d7d7e609470feccb6375c5479d6dd6e748fe,84,84.00,3.06,1,4,3,0.020163,0.449998,TopoStake,pog(D=4_omega=1.00),1.61,1246,0
249,4,0x0d91704595bff3aec25d40822498a51c62b05e3a,51.636521,1772366956,9722952edfb5ea0a4860679eae147c61a8a93e474fc9d15dc4ecd15c57c735c2,191,95.50,3.35,1,5,3,0.020179,0.450355,TopoStake,pog(D=4_omega=1.00),1.49,1247,0
250,0,0xc577329e86aaecb006f17fb90499c54671119935,4.306418,1772366958,2a12362c4db473c90081637222d8131a98949beae39fd12bbfb940f1f93365cc,205,68.33,3.39,2,5,3,0.020210,0.450728,TopoStake,pog(D=3_omega=1.00),2.44,1248,0
250,1,0xc774b0fee7cabbef3b1ae14bf36db3df0d32c1df,11.167786,1772366960,4b24ee0add4ff0864740d3a3f69a0e287eb2137518fb763c17b81f2c06e7a1cf,208,104.00,3.86,1,6,4,0.020185,0.449921,TopoStake,pog(D=3_omega=1.00),2.42,1249,0
250,2,0x30509a8084fdfe6fe24d9c9a817c209ad194f8e3,39.704493,1772366963,7b80d0a8f7687a6d7151dc7e191344a99b0b8a685dadcd686f57643a2ea409b0,238,119.00,3.83,1,5,4,0.020167,0.449737,TopoStake,pog(D=3_omega=1.00),2.37,1250,0
250,3,0xf13caa2c5f6f6cf61e51290bfa7826a9140b4faf,10.034827,1772366965,cb5bec0ded61fe85c1e2b382ce4f049b8a37387f4a24eb370ad23d8634d8a0b1,207,103.50,3.25,1,5,3,0.020184,0.450094,TopoStake,pog(D=3_omega=1.00),1.91,1251,0
250,4,0x719361397abe003a91af76243e5f9c7a0cd4279f,17.548421,1772366967,82b17282a462778e0e4a8c57447bd861bc3a5d27674706c4ea73495ba8e8fb92,212,106.00,4.25,1,6,4,0.020166,0.449830,TopoStake,pog(D=3_omega=1.00),1.68,1252,0
251,0,0x9bdb1c7ad4bd8fe797b07c08117c74a591dbab2d,5.433082,1772366969,4ff8a362b9b92ed438e860e59190c210e0c8212adb775438354b879842e9022c,205,102.50,3.80,1,5,4,0.020156,0.449971,TopoStake,pog(D=3_omega=1.00),1.63,1253,0
251,1,0x50f7fa851f9314d682e36da5caa4635039b5305d,29.135204,1772366971,07741a2b54bd4755386b1673a825702c3d2354f8ff31a30e26f00e837658fe73,209,69.67,3.71,1,5,4,0.020132,0.449274,TopoStake,pog(D=3_omega=1.00),2.47,1254,0
251,2,0x07902d0371763a00d97ed9ba16ff0a206cb0fd19,75.671718,1772366973,f1f31a19e8df7cffeebf51a45749626285187ee37bc16a2ba2051749ad270459,206,103.00,3.19,1,5,3,0.020136,0.449584,TopoStake,pog(D=3_omega=1.00),2.37,1255,0
251,3,0xdcf2130496e27a8094ab996aea4aa77788d65869,11.498055,1772366975,c8e93eaed059a1ffdc3419435c3031086e56cf8e85436ef3471b1e6fbcc9dacf,250,125.00,2.78,1,4,3,0.020196,0.450001,TopoStake,pog(D=3_omega=1.00),2.13,1256,0
251,4,0xd46407aa7b668c72de3cf1c1a12b7fa2e308a1b2,9.981562,1772366977,46027176b7bfecb9125530b14aa6ccdddfa93ccb773bb8f61c4269835291b5d9,54,54.00,3.98,2,5,4,0.020179,0.449845,TopoStake,pog(D=3_omega=1.00),1.56,1257,0
252,0,0x075e1d95c7891e1c00414ca1aa9a7a8cf6270019,68.247897,1772366979,014acf1a6c28a2047f0e5d1ee499488c2f65766210d01269ec2843b40365bdb5,193,96.50,3.89,1,5,4,0.020160,0.449563,TopoStake,pog(D=3_omega=1.00),1.47,1258,0
252,1,0x4a217e35f6402e7f62a49f6d62e27c6585c2f3fd,12.488590,1772366981,a3375ab5ee4351268002dd4b94060cdb0af57b0535725161693768b86a298d02,216,108.00,3.09,1,5,3,0.020211,0.449964,TopoStake,pog(D=3_omega=1.00),1.50,1259,0
252,2,0x3513d672439a59c26cc5711f2b715ccb4810a774,18.298372,1772366983,a563e672ccb694221bf4ea7eb896c834985b786bd9984c137faff49bc21df6e3,220,73.33,3.68,1,5,4,0.020195,0.449915,TopoStake,pog(D=3_omega=1.00),2.46,1260,0
252,3,0x0d91704595bff3aec25d40822498a51c62b05e3a,52.637852,1772366986,fa351d77a76e3dbf6bef2e84c32ee8c45e1221228122fd0bcb5b5db9f28358a5,233,116.50,3.73,1,5,4,0.020186,0.450081,TopoStake,pog(D=3_omega=1.00),2.42,1261,0
252,4,0x377eaef292051bbf8ada05b2af76a3f3b9d722a7,24.072398,1772366987,49c90a37aab0f537e731e3cfb86ba51d2196a3ceb991a4cf4f96bb3f5c9a090d,250,125.00,3.18,1,5,3,0.020218,0.450450,TopoStake,pog(D=3_omega=1.00),2.19,1262,0
253,0,0x13f9dadc05f6c237b03411e2aed1800cf21a5d89,61.386346,1772366989,429814078966bed13f05b761c15f2318304ef1797a8b010aeeb32bd6578264e8,129,129.00,3.67,1,5,4,0.020216,0.450703,TopoStake,pog(D=3_omega=1.00),1.54,1263,0
253,1,0xac61c91e7d24df824351a6c4e562a75f0cf646f8,11.244742,1772366991,8743f39cb9a75b5e500e1bea6af11de11fdf7143403c2c885f4cf360cc3c0677,213,106.50,3.13,1,5,3,0.020257,0.451086,TopoStake,pog(D=3_omega=1.00),1.57,1264,0
253,2,0x016d3fc36beee7caa8fbd6c1caa42461dd7f9850,30.918348,1772366993,2ee4fcbe76cd03d4caf1a13e3c5299babc206ec28075148c25ab0864dd10d4ba,176,88.00,4.02,1,6,4,0.020257,0.451087,TopoStake,pog(D=3_omega=1.00),1.49,1265,0
253,3,0x81193196c1dbdbf80709d43a5af5ce21c201fbd7,9.832248,1772366995,6f7d79e74108a6d4f000774fc02c3c6e3bdf5d4f8ede171f9ffad3789127f860,193,64.33,3.13,1,4,3,0.020263,0.451409,TopoStake,pog(D=3_omega=1.00),2.55,1266,0
253,4,0x07902d0371763a00d97ed9ba16ff0a206cb0fd19,76.673611,1772366997,c3759d1d473ce6134a089c1624bacfdd3b8cdab1dee14f5548072783e19515d1,207,103.50,4.00,1,6,4,0.020244,0.451100,TopoStake,pog(D=3_omega=1.00),2.39,1267,0
254,0,0x7e40df5d801345015e84c843908efc6683665fa4,15.660950,1772366999,013d856168c2020c7f64ccae66a473082fde46cd7f5e72298fa13b9b2415a6cd,250,125.00,2.75,2,4,3,0.020244,0.451100,TopoStake,pog(D=3_omega=1.00),2.10,1268,0
254,1,0x63f4973c0df8a5358405f396dc0673a463c48de9,14.901034,1772367001,97c5197c723d4846f32fe565c90424e889ed69fc653a75a27689acd46d2e054d,48,48.00,3.35,2,5,3,0.020232,0.451176,TopoStake,pog(D=3_omega=1.00),1.44,1269,0
254,2,0x34412315480562da4810040fd15c81f99880e1ab,9.889665,1772367003,8713bbc7b2bca15269526bbdff07247609605137c2a0f0c21e1dc301297d2de5,201,100.50,3.64,1,5,4,0.020219,0.451231,TopoStake,pog(D=3_omega=1.00),1.50,1270,0
254,3,0x30405867b72597aaeb27803bb2c7f3f5fc7d5384,5.505352,1772367005,cd501f3f9dee2a0a34133e9433974ecd831a666a879eef17daf8954d1384297c,190,95.00,3.98,1,6,4,0.020201,0.450914,TopoStake,pog(D=3_omega=1.00),1.52,1271,0
254,4,0x30509a8084fdfe6fe24d9c9a817c209ad194f8e3,40.705638,1772367007,05ee8ccbd76f5d4da9f57c83b4ec05105e52ad16d28fa048d05d2bba7357449e,205,68.33,3.48,1,5,4,0.020177,0.450216,TopoStake,pog(D=3_omega=1.00),2.46,1272,0
255,0,0x5cd626f4b83428b146919d30f4b3e481d259a9dc,18.077934,1772367010,1e3d30ff63016fb6eeb6a66116b256f794d14c8e9ce88fa6c60e093d51b93643,208,104.00,3.16,1,5,3,0.020194,0.450567,TopoStake,pog(D=3_omega=1.00),2.26,1273,0
255,1,0xa3786e459f289a76c0e8af8ad834e3d0c6d47199,23.730701,1772367011,f9e23ff2ce8381672c5ffa5bc18c5cd9f20920ceb4ae9520b052fcc77d8e2555,229,114.50,3.81,1,6,4,0.020185,0.450710,TopoStake,pog(D=3_omega=1.00),2.17,1274,0
255,2,0x30509a8084fdfe6fe24d9c9a817c209ad194f8e3,41.706660,1772367013,90ef551c3e1c24ed5919d3b8c69b3ad7adeb4d26d9858f814b22a7f01d1ec54e,77,77.00,4.51,3,6,5,0.020182,0.450941,TopoStake,pog(D=3_omega=1.00),1.65,1275,0
255,3,0x28672c71695142588ed26ada6f4b18b8b6c12308,32.715855,1772367015,4366e3bf4f409fb0b01e8cbbb49996c745e6434aa9291a4b78f782ece3815c3a,208,104.00,3.35,1,5,3,0.020200,0.451290,TopoStake,pog(D=3_omega=1.00),1.50,1276,0
255,4,0x687bf2437a044a3e42ff2f8a79a8e54ba9601f70,9.056578,1772367017,a68bd0fc9ea8f73df4a4145d366cd21c69519424d6e5e7e99ec4510b5bdb9912,219,73.00,3.69,1,5,4,0.020208,0.451625,TopoStake,pog(D=3_omega=1.00),2.54,1277,0
256,0,0x016d3fc36beee7caa8fbd6c1caa42461dd7f9850,31.919364,1772367019,378e540a2f58118f43acd469fd5b3800e81d7c5fbc2b6a32b03c90759edb36b3,200,100.00,3.68,1,5,4,0.020188,0.451232,TopoStake,pog(D=3_omega=1.00),2.40,1278,0
256,1,0x63f4973c0df8a5358405f396dc0673a463c48de9,15.901998,1772367022,1c134d7263608f92d84fab2d36cf0b8de5db9742164d210ad48ec0c44fbb0b0a,250,125.00,3.12,2,4,3,0.020195,0.451550,TopoStake,pog(D=3_omega=1.00),2.36,1279,0
256,2,0x1d1d2c63625de70b1e5ef40056bd2deb89d7fef2,10.061738,1772367023,756c7804860bcfc359611c6e9a966dd2b96cb5dc250d87cdfd923f3cdded43c7,218,109.00,3.63,2,5,4,0.020183,0.451614,TopoStake,pog(D=3_omega=1.00),2.09,1280,0
256,3,0x075e1d95c7891e1c00414ca1aa9a7a8cf6270019,69.249968,1772367025,133858212038afbf25c92e271f7813324260a42c2f6a1a021f3e1de62ed1d209,80,80.00,3.69,1,5,4,0.020165,0.451304,TopoStake,pog(D=3_omega=1.00),1.57,1281,0
256,4,0x6064b9f5883bf9737dfe314ff68c56e09e68ac89,14.189217,1772367027,6dc7e46d6d52e3e87d940aac774efe34ddebc2137fb03276ce9d35a5049d5ec6,193,96.50,3.29,2,5,3,0.020214,0.451697,TopoStake,pog(D=3_omega=1.00),1.54,1282,0
257,0,0x311eb133eb413ac3f21249889bb101e5d40820ce,12.131237,1772367029,aa435db93c685554585090ddf6e47d880cfae91dfbd524424e6d84cc23d6a7c3,173,86.50,3.92,1,5,4,0.020200,0.451725,TopoStake,pog(D=3_omega=1.00),1.51,1283,0
257,1,0x28672c71695142588ed26ada6f4b18b8b6c12308,33.716958,1772367031,dc0a34c7ea7f38245b866cf1196b259065fdba0a8961261cf03a3c49caddd968,219,73.00,3.58,1,5,4,0.020184,0.451637,TopoStake,pog(D=3_omega=1.00),2.52,1284,0
257,2,0x81193196c1dbdbf80709d43a5af5ce21c201fbd7,10.832916,1772367034,42d2218d2b57ac6bce86521c6140754fcf32bc3ad1e5ff96a020cd10e015251d,194,97.00,3.55,1,5,4,0.020193,0.451968,TopoStake,pog(D=3_omega=1.00),2.31,1285,0
257,3,0x687bf2437a044a3e42ff2f8a79a8e54ba9601f70,10.057453,1772367035,5660b39e65260ebccbd36ce5e9106d5ba06520741e1ef8c609f8102e4cf0f3a7,245,122.50,3.80,1,6,4,0.020193,0.451969,TopoStake,pog(D=3_omega=1.00),2.15,1286,0
257,4,0x4a217e35f6402e7f62a49f6d62e27c6585c2f3fd,13.489282,1772367037,43413f75b7dc2130ad4df0f44e6a2de95d31b88cfe2f4f2fc3e43796e436ed01,41,41.00,4.17,3,5,4,0.020174,0.451644,TopoStake,pog(D=3_omega=1.00),1.83,1287,0
258,0,0x075e1d95c7891e1c00414ca1aa9a7a8cf6270019,70.251200,1772367039,e51a1b341ce3bcfe2f587ffc33b634ad5fc4d89169e26d7033649b0db0aaa60a,220,110.00,3.64,1,5,4,0.020160,0.451644,TopoStake,pog(D=3_omega=1.00),1.59,1288,0
258,1,0x1796dc61e715f15a2d27dfa32bd34780f12a8c24,27.761447,1772367041,b1da4f8464576c8a009cc50fc314101d5ab63591e725ae0a89daf3b4d20e5dc9,161,80.50,3.11,1,5,3,0.020210,0.452035,TopoStake,pog(D=3_omega=1.00),1.47,1289,0
258,2,0x07902d0371763a00d97ed9ba16ff0a206cb0fd19,76.675125,1772367043,050c1ff96ac13a1c60811b9b0ddac11e787d60e844394a3427ab4eed28abad05,188,62.67,3.36,2,5,3,0.020211,0.452320,TopoStake,pog(D=3_omega=1.00),2.38,1290,0
258,3,0x28672c71695142588ed26ada6f4b18b8b6c12308,34.717863,1772367046,f4c8c4ccf5a97965700601e3a09b574fdcffa413237d135dc45829486f30fa33,232,116.00,2.75,1,4,3,0.020268,0.452725,TopoStake,pog(D=3_omega=1.00),2.20,1291,0
258,4,0x81d019380961f92c2031b0a7fba69f7675145088,6.480135,1772367047,11b656ebfa5411f2679f2d97871da586364283eaa9a28a5176eefa53a7e69456,231,115.50,3.60,1,5,4,0.020268,0.452726,TopoStake,pog(D=3_omega=1.00),1.90,1292,0
259,0,0x07902d0371763a00d97ed9ba16ff0a206cb0fd19,77.676195,1772367049,e20db151d7e3b2be3538cf866b96f620bad95dd730d4aa76c1c5a91dec8ba8f5,68,68.00,3.57,1,5,4,0.020246,0.452174,TopoStake,pog(D=3_omega=1.00),1.53,1293,0
259,1,0x63f4973c0df8a5358405f396dc0673a463c48de9,16.902897,1772367051,9025e024c1578f5bcf28895084facfdb1c797b52a852b01e5086aaef18862ed6,209,104.50,2.76,1,4,3,0.020304,0.452579,TopoStake,pog(D=3_omega=1.00),1.48,1294,0
259,2,0x1cb1274c711a6c2e4e1596846e6ac604eeefb358,25.427720,1772367053,d1c88bbb30e27b6f5a69327ce57dcd438aafc113dca7210cb84918b2bd8a3103,199,99.50,3.53,1,5,4,0.020293,0.452676,TopoStake,pog(D=3_omega=1.00),1.46,1295,0
259,3,0x07902d0371763a00d97ed9ba16ff0a206cb0fd19,78.677321,1772367055,076269e57140c57ad3c49b40500555b137df99205d8bb12c9105c253c42f5661,198,66.00,3.51,1,5,4,0.020291,0.452944,TopoStake,pog(D=3_omega=1.00),2.35,1296,0
259,4,0x89100a8056319ba37491b32ba255004180607bc2,19.793824,1772367058,c3e98ec1bb93a228d5c9189773683a3ec0432cf8b5d27c2fdfd8e05aa3706ca4,250,125.00,2.76,1,4,3,0.020350,0.453347,TopoStake,pog(D=3_omega=1.00),2.09,1297,0
260,0,0x4a217e35f6402e7f62a49f6d62e27c6585c2f3fd,14.490263,1772367059,07921ba6a64ab3fd0fd15beba4a70c72eea2e789eb09665d27b961b1656fed05,196,98.00,3.89,2,5,4,0.020342,0.453540,TopoStake,pog(D=3_omega=1.00),1.89,1298,0
260,1,0xcdfb7a191f0bf929991735127c8d1b4e5b99de22,0.025323,1772367061,0b73e10ddda74b462ba48852f883a357cf825c073ff27f8549ad0aeb07084df5,117,117.00,3.74,2,5,4,0.020329,0.453560,TopoStake,pog(D=3_omega=1.00),1.19,1299,0
260,2,0x24898fcb116b48cb2b6fd5d3b4eb599fee0f4633,12.057057,1772367063,a2f94cb36595ef5f713a898c5927c82dafcc064474cdd934c08ee2d98e6f0434,194,97.00,4.52,1,6,5,0.020329,0.453561,TopoStake,pog(D=3_omega=1.00),1.51,1300,0
260,3,0xc24b36dee27726233c3bbd9e1f028f98b6b2a424,6.399445,1772367065,56d93c973198d749818c9bd3726e661aeb84683bfc603f6b92fee327803d2830,222,74.00,3.58,1,5,4,0.020312,0.453452,TopoStake,pog(D=3_omega=1.00),2.48,1301,0
260,4,0x71f297f96355f349d66f0e9b681e7d4e11224660,12.170208,1772367067,1d93a893c63914f1ccd3fc3e86e60220ab41cb1309a8f1322864c6379584ed29,208,104.00,4.00,1,6,4,0.020290,0.452877,TopoStake,pog(D=3_omega=1.00),2.45,1302,0
261,0,0x34412315480562da4810040fd15c81f99880e1ab,10.890131,1772367070,84129d03a220f73283d153b7e4ea30adf015608f44db33bef8ddb2c7e33521e0,218,109.00,3.92,1,5,4,0.020274,0.452765,TopoStake,pog(D=3_omega=1.00),2.39,1303,0
261,1,0x4a217e35f6402e7f62a49f6d62e27c6585c2f3fd,15.490810,1772367071,50e4a6c0f607c46f0dccf28eb5b15c7dd69ab987c98ad9ffedf457fd6d81c846,250,125.00,3.97,1,6,4,0.020274,0.452765,TopoStake,pog(D=3_omega=1.00),2.19,1304,0
261,2,0x13f9dadc05f6c237b03411e2aed1800cf21a5d89,62.388824,1772367073,8d87645c60bf9d7708c504cfad4cacfe15a38910472d0a7bcf0097a79de1cbc2,59,59.00,3.90,2,5,4,0.020261,0.452808,TopoStake,pog(D=3_omega=1.00),1.98,1305,0
261,3,0xf5ecb44daf07a1d1073dbc89baf04bd7541fa517,6.054441,1772367075,f93c0b1a4a9a787d6d2c43a6edd8fce5f78f6aaff8afcb3f1e66bcd2e44ac2bc,194,97.00,3.13,2,5,3,0.020301,0.453180,TopoStake,pog(D=3_omega=1.00),1.49,1306,0
261,4,0xaadc5fea232580cb8fba739ac5d05a48559c7e52,14.349583,1772367077,0875d96494ac237cfa6cd66311f60454161a1149562e036797cf30b506460865,205,68.33,3.87,1,6,4,0.020278,0.452541,TopoStake,pog(D=3_omega=1.00),2.50,1307,0
262,0,0x30509a8084fdfe6fe24d9c9a817c209ad194f8e3,42.707913,1772367080,d99e97ba178e4d439269d850e10b04a95d217266087b67f55021f0d84ddc63a2,230,115.00,4.30,1,6,4,0.020264,0.452543,TopoStake,pog(D=3_omega=1.00),2.51,1308,0
262,1,0x07902d0371763a00d97ed9ba16ff0a206cb0fd19,79.679327,1772367081,bba11160f2c216b97100202a9f56118544e1dd533513b43e17e730fd8c2cbf56,250,125.00,3.23,1,5,3,0.020282,0.452884,TopoStake,pog(D=3_omega=1.00),2.37,1309,0
262,2,0x0d91704595bff3aec25d40822498a51c62b05e3a,53.639759,1772367083,e0c266bfdb53d8d0f3993c61bd98eee543a77ed6c92367762493c9bfab312ae1,153,153.00,2.85,2,4,3,0.020340,0.453284,TopoStake,pog(D=3_omega=1.00),1.42,1310,0
262,3,0x34412315480562da4810040fd15c81f99880e1ab,10.889991,1772367085,036294b851c20a238c3c5264f91870da512d5c516d68ed012bb6629b2e2cbb28,207,103.50,3.22,1,5,3,0.020370,0.453638,TopoStake,pog(D=3_omega=1.00),1.50,1311,0
262,4,0x377eaef292051bbf8ada05b2af76a3f3b9d722a7,25.072837,1772367087,9caaf2605a2226aab40a68e8f324a78018671b3438bbb74da7939c904f1d6525,202,101.00,3.98,1,6,4,0.020352,0.453412,TopoStake,pog(D=3_omega=1.00),1.52,1312,0
263,0,0x30509a8084fdfe6fe24d9c9a817c209ad194f8e3,43.709180,1772367089,ec87a8a2ea812d1e6bf0c3908aa9a436a8fd1e1e707e77468532f407235c289a,214,71.33,3.64,1,5,4,0.020350,0.453663,TopoStake,pog(D=3_omega=1.00),2.47,1313,0
263,1,0x07902d0371763a00d97ed9ba16ff0a206cb0fd19,80.680258,1772367092,e2e202797980f18cf0340d823b3b439467ee922d8560d943a8f633fe7d072eab,215,107.50,3.33,1,5,3,0.020368,0.454002,TopoStake,pog(D=3_omega=1.00),2.39,1314,0
263,2,0x2abf89d7c96c80fcff9dec1fe92803573094ee35,4.211472,1772367093,7b2f7814bd3218e2e79e894aa618860a74780ad6759db8c1329e61f154ec1b1a,250,125.00,2.76,1,4,3,0.020368,0.454002,TopoStake,pog(D=3_omega=1.00),2.02,1315,0
263,3,0x49b57eb4dace37c8819daf079c9c674f766d4f38,10.227206,1772367095,9052ce591f5f9db49c74b6418e2526793ab952b4930657391a65bb98b9efef89,30,30.00,3.60,1,5,4,0.020344,0.453205,TopoStake,pog(D=3_omega=1.00),1.97,1316,0
263,4,0x07902d0371763a00d97ed9ba16ff0a206cb0fd19,80.680244,1772367097,9700b3e43adc41c365e3073682d6da628d6adbded7fd1eae2d7bc0f96466098c,204,102.00,3.84,1,6,4,0.020325,0.452893,TopoStake,pog(D=3_omega=1.00),1.55,1317,0
264,0,0x95ab54d268473cce82094026afefdbd5cadf418b,10.589840,1772367099,fb7d37b7e80b0d8d53a7ab14ebb053f1ae8103ab23c9497d9ea8d9b63148e4f9,213,106.50,2.77,2,4,3,0.020384,0.453291,TopoStake,pog(D=3_omega=1.00),1.50,1318,0
264,1,0xa5a12d96532497871d73549e55ab377e3dcb3a40,2.090450,1772367101,a3d5ffda8548e3d6561aced92d3302be8b696fbcf320ac1dcaac62ee85414dee,193,64.33,4.45,1,6,5,0.020366,0.453012,TopoStake,pog(D=3_omega=1.00),2.50,1319,0
264,2,0x075e1d95c7891e1c00414ca1aa9a7a8cf6270019,71.253364,1772367104,c417428e25b560b12a9fadbfb8325a8706cc810e3e5d7d6b4225e0fce76263e4,208,104.00,4.05,1,6,4,0.020339,0.452063,TopoStake,pog(D=3_omega=1.00),2.44,1320,0
264,3,0x0d91704595bff3aec25d40822498a51c62b05e3a,54.640940,1772367105,ee670bd158e034e8420e345219bee14c7db61b82fd2c87d76ae1d0d9ec5fc677,250,125.00,3.08,1,5,3,0.020339,0.452063,TopoStake,pog(D=3_omega=1.00),2.11,1321,0
264,4,0x07902d0371763a00d97ed9ba16ff0a206cb0fd19,81.681322,1772367107,8cb7d5dc9da479caf3382d942b9a4a9415b9e14a4eaec887a10dc8fb91eb11f7,67,67.00,3.48,2,5,3,0.020369,0.452416,TopoStake,pog(D=3_omega=1.00),1.51,1322,0
265,0,0xa3786e459f289a76c0e8af8ad834e3d0c6d47199,24.730526,1772367109,967ef4549cf5fceea11504ec0416e1230faafd60a2ff6e09b64f36ea3ea21b66,175,87.50,2.74,2,4,3,0.020428,0.452813,TopoStake,pog(D=3_omega=1.00),1.53,1323,0
265,1,0xd46407aa7b668c72de3cf1c1a12b7fa2e308a1b2,10.981493,1772367111,8c3aa717f4f2abcb650faeb5adb0ae5e7949886c6d4aca9c1fa9dd7952f38f39,203,67.67,4.42,2,6,5,0.020425,0.453048,TopoStake,pog(D=3_omega=1.00),2.44,1324,0
265,2,0xa447d277b02012c2afd9ddcbbe123f27cc971963,6.798521,1772367113,7ecced40d8863969e23e51098ecf591f9a212dc7499b9d50492fc8608e4dbcd6,202,101.00,3.80,1,5,4,0.020408,0.452807,TopoStake,pog(D=3_omega=1.00),2.48,1325,0
265,3,0x075e1d95c7891e1c00414ca1aa9a7a8cf6270019,71.253504,1772367116,b795e6feffa1c87c8e3928e827a91552c9b6669c71206988f405cafa4aa9df8e,250,125.00,3.43,1,5,3,0.020386,0.452279,TopoStake,pog(D=3_omega=1.00),2.26,1326,0
265,4,0x89100a8056319ba37491b32ba255004180607bc2,20.794440,1772367117,a1d1487469b176e54e6bb7c148f6f1eb28f49d6a12b4781ecd1d18b75604864a,250,125.00,3.11,1,5,3,0.020433,0.452660,TopoStake,pog(D=3_omega=1.00),2.00,1327,0
266,0,0x377eaef292051bbf8ada05b2af76a3f3b9d722a7,26.073840,1772367119,2f101b0dde2f4bca74f9924a4f4f1ba695e9e41a4e561430233c08828e86f012,64,64.00,4.02,2,5,4,0.020426,0.452859,TopoStake,pog(D=3_omega=1.00),1.62,1328,0
266,1,0x687bf2437a044a3e42ff2f8a79a8e54ba9601f70,11.057035,1772367121,d89fa4a7eeb1b74bd7b75ea41084beab4680c1067f2cd5e557a9080484da5607,179,89.50,3.67,1,5,4,0.020425,0.453117,TopoStake,pog(D=3_omega=1.00),1.47,1329,0
266,2,0x6414c6a8400ff3419cd81855d09de2848d770e0e,5.137756,1772367123,e49151e2edfeed93bd794ab48778bfdd5d739fe33f98135887917aff9bfd7d81,219,73.00,3.77,1,5,4,0.020407,0.452873,TopoStake,pog(D=3_omega=1.00),2.48,1330,0
266,3,0x63f4973c0df8a5358405f396dc0673a463c48de9,17.903524,1772367125,3dd0d4c3a54a687a7d3f70aeea4f5ead4a436ecca482bd5258f3ed7f8ca6ca52,218,109.00,4.01,1,5,4,0.020383,0.452164,TopoStake,pog(D=3_omega=1.00),2.49,1331,0
266,4,0x07902d0371763a00d97ed9ba16ff0a206cb0fd19,82.682607,1772367128,d058103b7e4b8daa98dc75c841ef5dd502c80b46ba3df3e6cb46b5ffd6efdea3,221,110.50,3.41,1,5,3,0.020373,0.452280,TopoStake,pog(D=3_omega=1.00),2.27,1332,0
267,0,0xd46407aa7b668c72de3cf1c1a12b7fa2e308a1b2,11.982386,1772367130,8ddbb82754fcb3a396a019071a284ac052ea26a8cddc500df479c7e060c38d49,250,125.00,2.80,2,4,3,0.020433,0.452675,TopoStake,pog(D=3_omega=1.00),2.02,1333,0
267,1,0x719361397abe003a91af76243e5f9c7a0cd4279f,18.548421,1772367132,1f9b02d98a80dce745b95f0ca3d60157e7b6f69436e13014aca14a6f9e272b8d,107,53.50,3.93,1,5,4,0.020416,0.452534,TopoStake,pog(D=3_omega=1.00),1.15,1334,0
267,2,0x49b57eb4dace37c8819daf079c9c674f766d4f38,11.228050,1772367134,07b4e83872dd8fd4f10ed4e6a823976c48281685e6e41c4b5f80411dc809ceba,199,99.50,3.90,1,5,4,0.020416,0.452535,TopoStake,pog(D=3_omega=1.00),1.53,1335,0
267,3,0xfdc414c57908f0e2a6a926079902d4688d553610,0.154406,1772367136,290e3dfdd7a16b23c3dbed657c462079c1dad28389c16eb572ffc0c6566a66b9,181,60.33,3.94,2,6,4,0.020389,0.452430,TopoStake,pog(D=3_omega=1.00),2.58,1336,0
267,4,0x0d91704595bff3aec25d40822498a51c62b05e3a,55.641611,1772367139,8541a5899395c00c5a0cefac8d86c6df7693eb89230649bb06b0d4797a1c649c,228,114.00,4.77,1,6,5,0.020360,0.451425,TopoStake,pog(D=3_omega=1.00),2.48,1337,0
268,0,0x49b57eb4dace37c8819daf079c9c674f766d4f38,12.228922,1772367140,1eb31a2ea9c5feefb0e65d6d74f438c8f0dfc8163845d2d513075ab540570d90,250,125.00,3.15,1,5,3,0.020390,0.451774,TopoStake,pog(D=3_omega=1.00),2.24,1338,0
268,1,0xb990cdf21950e6086c350175c4bc504e45858230,17.128082,1772367142,9210c785d4fe0e446dff2c8672316bdba7d9050f38091cf90eefb8c9ff8b9b49,126,126.00,3.87,2,6,4,0.020374,0.451646,TopoStake,pog(D=3_omega=1.00),1.50,1339,0
268,2,0xea287b266dbe2c2d402fd91814bcfc4c95d6b0fd,5.146275,1772367144,45aff4072ee98be387426c32a06a8f39cdec6922cea511da402380ade2c62ccb,205,102.50,4.10,1,5,4,0.020363,0.451733,TopoStake,pog(D=3_omega=1.00),1.50,1340,0
268,3,0x07902d0371763a00d97ed9ba16ff0a206cb0fd19,83.684325,1772367146,aa6dc80f3478758e9aa0d5ea1ea06a7fccfddeee9bb9bde050aea53a6420ffa3,205,68.33,4.04,1,6,4,0.020340,0.451016,TopoStake,pog(D=3_omega=1.00),2.51,1341,0
268,4,0xb990cdf21950e6086c350175c4bc504e45858230,18.129043,1772367148,7c0dc639985800f6da05b478a625e7fc526911539c711952137f953003ee8a9f,208,104.00,2.75,1,4,3,0.020399,0.451408,TopoStake,pog(D=3_omega=1.00),2.53,1342,0
269,0,0x28672c71695142588ed26ada6f4b18b8b6c12308,34.717789,1772367151,a6934d266e00bde12d5636f6392570613616350b2abd4b88e0513c7c7651811d,210,105.00,3.95,1,5,4,0.020389,0.451512,TopoStake,pog(D=3_omega=1.00),2.43,1343,0
269,1,0xa9105f442328d397529b8e4e9e656fa89016ff45,4.452491,1772367152,5b3eb42def89fc96b1d19e72f9798008bda18c84937c09d31615167868aea9f7,250,125.00,3.54,1,5,4,0.020389,0.451512,TopoStake,pog(D=3_omega=1.00),2.19,1344,0
269,2,0x63f4973c0df8a5358405f396dc0673a463c48de9,18.904403,1772367154,1d78935c85be63d6c5353391f1341d8a7c867b94b85e9793927c3f01e0c344ff,37,37.00,4.00,2,5,4,0.020365,0.450736,TopoStake,pog(D=3_omega=1.00),1.97,1345,0
269,3,0x3d92e045fb1847aae132b40ebfcc471a32f687de,17.134281,1772367156,4d63774ad8115591d343fb58b3e11839239d4618b36c70f6224be197a079b7d7,216,108.00,3.46,1,5,4,0.020356,0.450877,TopoStake,pog(D=3_omega=1.00),1.49,1346,0
269,4,0x075e1d95c7891e1c00414ca1aa9a7a8cf6270019,72.255454,1772367158,8e3fd78743bb0ae3ef0a3b25957e90f7ec4412d2224f74971451327b62fdfd1f,212,106.00,3.91,1,5,4,0.020345,0.450950,TopoStake,pog(D=3_omega=1.00),1.53,1347,0
270,0,0x24898fcb116b48cb2b6fd5d3b4eb599fee0f4633,13.057966,1772367160,fd9639131b78d23f149c9febfaa00fee9406c13b7da83d94fc3d69b4dda053c4,186,62.00,3.20,1,5,3,0.020392,0.451327,TopoStake,pog(D=3_omega=1.00),2.45,1348,0
270,1,0x282f43759e22b50aa7989261c51c367f325c3f91,12.351542,1772367163,510f1fd82b27785daf7f4213715082b569a42da00f2fa3bc8ca7079ff7a043ab,202,101.00,3.49,1,5,4,0.020376,0.451291,TopoStake,pog(D=3_omega=1.00),2.45,1349,0
270,2,0x50f7fa851f9314d682e36da5caa4635039b5305d,30.136350,1772367164,86047de7c97ee0f00b89e79bc3885eba25f82391862a0158648f7bb0d07e94d7,220,110.00,3.76,1,6,4,0.020360,0.451162,TopoStake,pog(D=3_omega=1.00),2.17,1350,0
270,3,0x075e1d95c7891e1c00414ca1aa9a7a8cf6270019,73.256433,1772367166,d520c87e346fd3e3f7c52f92ebd847701a9d8cca77775c1e5548243ec29c88e9,109,109.00,3.38,2,5,3,0.020363,0.451451,TopoStake,pog(D=3_omega=1.00),1.43,1351,0
270,4,0xc24b36dee27726233c3bbd9e1f028f98b6b2a424,7.399570,1772367168,69789f67902b46b562cd4aac6b9f8e0f083e330c5812952a838c3a1b520f5efe,186,93.00,3.15,2,5,3,0.020410,0.451826,TopoStake,pog(D=3_omega=1.00),1.47,1352,0
271,0,0x3d92e045fb1847aae132b40ebfcc471a32f687de,18.135266,1772367170,4796888d8f63c20b59f49bf2b7103a05f67a33954e03da054d49a629378d0607,173,86.50,3.90,1,6,4,0.020389,0.451354,TopoStake,pog(D=3_omega=1.00),1.57,1353,0
271,1,0x3513d672439a59c26cc5711f2b715ccb4810a774,19.298547,1772367172,22b81a44b9ea7e91a4b7d2c57c32e26741434289f8331e8f4e314b9478562daa,188,62.67,4.00,1,5,4,0.020379,0.451440,TopoStake,pog(D=3_omega=1.00),2.46,1354,0
271,2,0x1cb1274c711a6c2e4e1596846e6ac604eeefb358,26.428756,1772367175,87cfedfc5f64e87b3cf9702f1716075dab477f101dafe2ae14449555f9ccfaad,221,110.50,3.79,1,5,4,0.020370,0.451593,TopoStake,pog(D=3_omega=1.00),2.38,1355,0
271,3,0x0d91704595bff3aec25d40822498a51c62b05e3a,56.643362,1772367176,7a46618909d95a6da9f66e77e486c9ab6fa8f7a8a5f2c1367d95eb9154d991e0,220,110.00,3.32,1,5,3,0.020369,0.451843,TopoStake,pog(D=3_omega=1.00),2.05,1356,0
271,4,0x07902d0371763a00d97ed9ba16ff0a206cb0fd19,84.686259,1772367178,455a2152f12fcfc50030b1d5b129a5dca97e2b19bf55acc76a78850023ae2b03,137,137.00,3.15,2,4,3,0.020399,0.452187,TopoStake,pog(D=3_omega=1.00),1.35,1357,0
272,0,0x60705151f1f537cacd5b801f3ef1b31dc3f605de,2.286149,1772367180,97382b3f89b82bfea759ec447c13d53f29fa7c7b3811bdc0f718a18abb14e384,200,100.00,2.80,1,4,3,0.020458,0.452575,TopoStake,pog(D=3_omega=1.00),1.53,1358,0
272,1,0x30509a8084fdfe6fe24d9c9a817c209ad194f8e3,44.710863,1772367182,526d7834c5dc2b6e3757cc4a6e2045503a8441b3b5be6ad4b21a1a330f0ceba3,177,88.50,4.16,2,6,4,0.020431,0.451647,TopoStake,pog(D=3_omega=1.00),1.49,1359,0
272,2,0x63f4973c0df8a5358405f396dc0673a463c48de9,19.905258,1772367184,6c49d1661c1c516c52e2bfd1dfbe48a04759a928376fac81aba7e73a81894516,200,66.67,3.40,1,5,4,0.020448,0.451977,TopoStake,pog(D=3_omega=1.00),2.48,1360,0
272,3,0x269cdf52f97e1d9f14b7be895155a7b294f0b21d,19.735887,1772367187,2b939f58b0b1889cf4194fcdfda089a6fc124fa70474c84284bac4311af50427,238,119.00,3.51,1,5,4,0.020440,0.452143,TopoStake,pog(D=3_omega=1.00),2.33,1361,0
272,4,0x28672c71695142588ed26ada6f4b18b8b6c12308,34.717753,1772367188,105a07bcd9e574ef5af0662e75cd63eb904bb14f09d221e009c136dadab0f118,250,125.00,3.53,1,5,4,0.020432,0.452292,TopoStake,pog(D=3_omega=1.00),2.10,1362,0
273,0,0xdcf2130496e27a8094ab996aea4aa77788d65869,12.496673,1772367190,481a1d22f64397f63a3391964a85e42f0a5870fd0644bb2f3041558bf66cff8a,65,65.00,3.74,2,5,4,0.020439,0.452606,TopoStake,pog(D=3_omega=1.00),1.46,1363,0
273,1,0x13f9dadc05f6c237b03411e2aed1800cf21a5d89,63.392111,1772367192,63f03f4e713c7719f7377d7f28030cf0b96b95dd20497ec47fbaa19e6d48ace6,200,100.00,3.99,1,5,4,0.020423,0.452482,TopoStake,pog(D=3_omega=1.00),1.49,1364,0
273,2,0x213068cb42718d1dd6d00a6d94d62a3def0e68eb,13.366809,1772367194,19cac5973357c3eac5c908d861a7825df65ec222667af465d9351c525a99e368,207,103.50,3.02,1,5,3,0.020459,0.452839,TopoStake,pog(D=3_omega=1.00),1.48,1365,0
273,3,0x016d3fc36beee7caa8fbd6c1caa42461dd7f9850,32.921577,1772367196,93bce4c0aaa565573fb0fcf89bbdb01b7baf61845d7b750d84b45c6785cf5ea8,231,77.00,3.65,1,5,4,0.020444,0.452808,TopoStake,pog(D=3_omega=1.00),2.51,1366,0
273,4,0xa7e4d4d949807065ebf85adc1be8c382c7236c15,3.200725,1772367198,0392fde358669654a8d68ee519382903f2f284a6cab04c3a81e6958f1239c9b0,250,125.00,3.06,1,4,3,0.020449,0.453106,TopoStake,pog(D=3_omega=1.00),2.17,1367,0
274,0,0x13f9dadc05f6c237b03411e2aed1800cf21a5d89,64.393244,1772367200,eca2a4b05ad6c4cdfe85e19c838e0742307dc21904c26bf0d0a00c8174f3feb8,119,119.00,3.76,1,6,4,0.020423,0.452240,TopoStake,pog(D=3_omega=1.00),1.42,1368,0
274,1,0x30405867b72597aaeb27803bb2c7f3f5fc7d5384,6.505016,1772367202,f81c9bc8e4ed28d6c6df4460bc27a56e11895140536dfe78ad6e9d6b9ce0eb08,212,106.00,3.08,2,5,3,0.020460,0.452596,TopoStake,pog(D=3_omega=1.00),1.60,1369,0
274,2,0xb990cdf21950e6086c350175c4bc504e45858230,19.129769,1772367204,6159bf7e2aa616330b09c5863397644f4e04f9ac4109d6d1f602174da5c1c66d,206,103.00,3.51,1,5,4,0.020438,0.452030,TopoStake,pog(D=3_omega=1.00),1.50,1370,0
274,3,0x075e1d95c7891e1c00414ca1aa9a7a8cf6270019,74.258133,1772367206,ebb0ed475ff7f1eb4444d802ab44955144fbe3c97b94b563b8c63fb97a49b26d,192,64.00,3.98,1,5,4,0.020429,0.452151,TopoStake,pog(D=3_omega=1.00),2.44,1371,0
274,4,0xa3786e459f289a76c0e8af8ad834e3d0c6d47199,25.730760,1772367208,fbd16aadccde3fc929f8c992ec6e8c031a96da58e900bfc860281321d1ad6242,201,100.50,3.11,1,5,3,0.020476,0.452521,TopoStake,pog(D=3_omega=1.00),2.45,1372,0
275,0,0x1796dc61e715f15a2d27dfa32bd34780f12a8c24,28.762867,1772367211,6f1d795fe36fc2c5451ceec88e7b052e7ef15a2b4d20516d13042a4edfcb7f92,212,106.00,4.18,1,6,4,0.020473,0.452747,TopoStake,pog(D=3_omega=1.00),2.39,1373,0
275,1,0xf13caa2c5f6f6cf61e51290bfa7826a9140b4faf,11.034068,1772367212,982ce9f25c224c490f9a574ff93417e0c5217d98466de64192d658a94409e438,250,125.00,3.27,1,5,3,0.020474,0.453016,TopoStake,pog(D=3_omega=1.00),2.19,1374,0
275,2,0x13f9dadc05f6c237b03411e2aed1800cf21a5d89,65.394391,1772367214,69a27d0ac988f6a45d097d77bd5b992b769042c96ec3c238c5769799241a51cd,49,49.00,4.43,1,6,5,0.020456,0.452751,TopoStake,pog(D=3_omega=1.00),2.00,1375,0
275,3,0x213068cb42718d1dd6d00a6d94d62a3def0e68eb,14.367904,1772367216,f2a0569f144383c4661e27cdfaccc3ca393e01bb2eb9e36015f757614c9fe5a5,188,94.00,2.96,1,5,3,0.020494,0.453105,TopoStake,pog(D=3_omega=1.00),1.46,1376,0
275,4,0x687bf2437a044a3e42ff2f8a79a8e54ba9601f70,12.057430,1772367218,755df295bc473c9be8e06743bbfe7585e47869a87c5f02bea1b42cd8338e0104,211,70.33,3.55,1,5,4,0.020480,0.453093,TopoStake,pog(D=3_omega=1.00),2.55,1377,0
276,0,0x075e1d95c7891e1c00414ca1aa9a7a8cf6270019,75.259275,1772367221,7b6bf176332f66038f51056236fcfbeab58e9b6c0829d7929235de90c59edbce,218,109.00,3.87,1,5,4,0.020463,0.452918,TopoStake,pog(D=3_omega=1.00),2.52,1378,0
276,1,0x4ba33404d90c4ae989714d9d174cd882cffb7994,21.116736,1772367222,765a381f2e89c33871c8212e8fb28d8e2e04556be26544c3b5ac24f2efc91f76,250,125.00,3.05,2,5,3,0.020510,0.453284,TopoStake,pog(D=3_omega=1.00),2.12,1379,0
276,2,0x6d6b2734a20229ddd7fd4a1470ba3e3bad4e4a85,13.637117,1772367224,794c410c539d494e41365a6079643bfb2b72266601fc2682f3f59b40f641a706,86,86.00,4.15,1,6,4,0.020503,0.453471,TopoStake,pog(D=3_omega=1.00),1.37,1380,0
276,3,0x37cc7a82e66d4f4c2ae13b9ee895d3af1a1d7a05,8.253948,1772367226,c4b7e4e1a483fed781f3930eef116c7dbfff8e6a16beb34e0dbeb489fd0d05d9,244,122.00,3.64,1,5,4,0.020488,0.453435,TopoStake,pog(D=3_omega=1.00),1.85,1381,0
276,4,0x1cb1274c711a6c2e4e1596846e6ac604eeefb358,27.429715,1772367228,13b2fd68dafe48c73c73c3c6e1869ddb9f7becc940a1363ee0aa51bd5f8e4005,212,70.67,4.01,1,6,4,0.020468,0.453010,TopoStake,pog(D=3_omega=1.00),2.47,1382,0
277,0,0x07902d0371763a00d97ed9ba16ff0a206cb0fd19,85.688849,1772367230,0c729e21569fd129e7988398d9e5e062233b7be79feff95289e8a849bfdfee0a,221,110.50,3.49,1,5,4,0.020467,0.453264,TopoStake,pog(D=3_omega=1.00),2.53,1383,0
277,1,0x50f7fa851f9314d682e36da5caa4635039b5305d,31.136957,1772367233,ea27d11b86935006cc1bea1c0fc91b69ec3411d49529957aef4b3db4bd787b57,210,105.00,2.64,1,4,3,0.020524,0.453643,TopoStake,pog(D=3_omega=1.00),2.27,1384,0
277,2,0x606627477c3734932f47972f83c27cf4e3b35b4f,9.367337,1772367234,061baa6685dd8018851cfaeeb66bd2f9853ab4b0fc7acd8ede8fb527ac29aacb,226,113.00,3.27,1,5,3,0.020526,0.453923,TopoStake,pog(D=3_omega=1.00),2.04,1385,0
277,3,0x07902d0371763a00d97ed9ba16ff0a206cb0fd19,86.689922,1772367236,32adea4f531f5a23360ab8d7e674cf275bd35ec8c217b91fb26e7ff1f8689873,115,115.00,3.63,1,5,4,0.020507,0.453559,TopoStake,pog(D=3_omega=1.00),1.30,1386,0
277,4,0xb990cdf21950e6086c350175c4bc504e45858230,20.130547,1772367238,9a66279bfb91a4bc00f22eaba4a87e1a48ccb12ad41d6dea2043155e0247cdb6,201,100.50,2.78,1,4,3,0.020565,0.453937,TopoStake,pog(D=3_omega=1.00),1.65,1387,0
278,0,0x28672c71695142588ed26ada6f4b18b8b6c12308,35.718010,1772367240,c00c78952306f1d479719d5398c5a4732e2d599f9b9d7a7eade60d5e85dcbd7d,206,68.67,4.02,1,5,4,0.020556,0.454082,TopoStake,pog(D=3_omega=1.00),2.53,1388,0
278,1,0x1cb1274c711a6c2e4e1596846e6ac604eeefb358,28.430733,1772367242,d84135addfe2313d3db981067c47676096abf114a14b8fb2857ca7000bea5e16,196,98.00,3.67,1,5,4,0.020563,0.454390,TopoStake,pog(D=3_omega=1.00),2.45,1389,0
278,2,0xcdc82b7c868072205a399d0f68e6e3ad3bfd1ca6,10.200769,1772367245,c64bdf8589e55bdaa2b2af8d9171e9237f94723a19e7a37708ac89629120f6a8,225,112.50,3.48,1,5,4,0.020563,0.454640,TopoStake,pog(D=3_omega=1.00),2.40,1390,0
278,3,0x26d553a2f4343b3a7dc88bbd87b3d0a25d3838d9,18.222643,1772367246,50f2ce6f81d35273ea51b24f2d2a8721f8d70d06907da37ebe01462e5bcb4b78,249,124.50,3.58,1,5,4,0.020563,0.454641,TopoStake,pog(D=3_omega=1.00),2.06,1391,0
278,4,0x07902d0371763a00d97ed9ba16ff0a206cb0fd19,87.691177,1772367248,71011f0d90f78303acae9aca63821d0cfb2a97a222334934269088514aafd16f,53,53.00,3.79,3,5,4,0.020553,0.454712,TopoStake,pog(D=3_omega=1.00),1.96,1392,0
279,0,0x13f9dadc05f6c237b03411e2aed1800cf21a5d89,66.395970,1772367250,f20420c8103e3b6b5a9012ac757382f6788834df921613cc02a761053298f11a,187,93.50,2.73,2,4,3,0.020611,0.455088,TopoStake,pog(D=3_omega=1.00),1.57,1393,0
279,1,0x28672c71695142588ed26ada6f4b18b8b6c12308,36.718964,1772367252,34b780aeabd4843a5f93c6b36cb902b91f108edaa31cd6c5c6d850612b931ee5,197,65.67,3.15,1,5,3,0.020648,0.455436,TopoStake,pog(D=3_omega=1.00),2.44,1394,0
279,2,0x075e1d95c7891e1c00414ca1aa9a7a8cf6270019,76.261142,1772367254,4acd746396c2119783f76ca3a6e71b5952940c8201fbf10abeccb5b3d78cf748,226,113.00,3.53,1,5,4,0.020655,0.455741,TopoStake,pog(D=3_omega=1.00),2.44,1395,0
279,3,0x282f43759e22b50aa7989261c51c367f325c3f91,13.352155,1772367256,21cfda454983e7216040492ffc012ca51cdc9d75177f363107fb51578aa8305e,250,125.00,3.04,1,5,3,0.020702,0.456102,TopoStake,pog(D=3_omega=1.00),2.03,1396,0
279,4,0x9ba702916c26a8583a7f277d6932b3c0d9927ce0,10.186794,1772367258,69dd736d6e5e0b78d0c1b498db3b05b3f6a6e55b3fd06e77a0986a5d7bc835d7,130,130.00,3.75,1,5,4,0.020686,0.456044,TopoStake,pog(D=3_omega=1.00),1.32,1397,0
280,0,0x30509a8084fdfe6fe24d9c9a817c209ad194f8e3,45.712171,1772367260,ca1d6ba0a29f80802b1f24c9648fed39246c46caaa1d7ea6af4cfd4a38092070,203,101.50,3.65,1,5,4,0.020668,0.455711,TopoStake,pog(D=3_omega=1.00),1.65,1398,0
280,1,0x07902d0371763a00d97ed9ba16ff0a206cb0fd19,88.692362,1772367262,9333220374225925693d1b6e0f24a45b6b5c7c2ceec0d81e5a4e768508733c30,235,78.33,3.34,1,5,3,0.020684,0.456030,TopoStake,pog(D=3_omega=1.00),2.51,1399,0
280,2,0xa447d277b02012c2afd9ddcbbe123f27cc971963,7.798778,1772367264,a5d1a8ce39c0d1fa1aaaf86b88cd6826a665b4d495b8d55284eb81446c8c34ac,213,106.50,2.75,1,4,3,0.020742,0.456403,TopoStake,pog(D=3_omega=1.00),2.49,1400,0
280,3,0x4a217e35f6402e7f62a49f6d62e27c6585c2f3fd,16.489844,1772367267,cd93a16cad6cac5aea5dc29149edc65424dde8747958c189418d21efe3e90386,215,107.50,3.46,1,5,3,0.020721,0.455950,TopoStake,pog(D=3_omega=1.00),2.36,1401,0
280,4,0x07902d0371763a00d97ed9ba16ff0a206cb0fd19,89.693487,1772367268,12b7299665d438e0178ca463feeab43aa868a183f5e4a264d8ffb99c37cfcb43,227,113.50,3.66,1,5,4,0.020709,0.456000,TopoStake,pog(D=3_omega=1.00),2.06,1402,0
281,0,0x075e1d95c7891e1c00414ca1aa9a7a8cf6270019,77.262538,1772367270,2fd0ae57faf2067b2e1183f4dd1984e2e50f1c2beed3eb1ec4d8ba060ec444a9,97,97.00,2.67,1,4,3,0.020768,0.456373,TopoStake,pog(D=3_omega=1.00),1.59,1403,0
281,1,0x30405867b72597aaeb27803bb2c7f3f5fc7d5384,7.505613,1772367272,c42151f95c8bb93135de1576054ae67144a952b4b312a456287b8cf0cc5a3c80,180,90.00,3.11,1,5,3,0.020814,0.456731,TopoStake,pog(D=3_omega=1.00),1.55,1404,0
281,2,0x8c11ec9090dd820c076e57e899d9c604c79d6b32,24.577711,1772367274,fcfa62c627f1dfdc539fdd15c96fabd202669158e6f756a5f4dcd53fbea96474,221,73.67,3.57,1,5,4,0.020793,0.456253,TopoStake,pog(D=3_omega=1.00),2.47,1405,0
281,3,0x4ba33404d90c4ae989714d9d174cd882cffb7994,22.116768,1772367276,037c6d5a2a162e24d335754045566b087e26dc2cfa2853b8c26d8f7fca9db4e7,182,91.00,4.21,1,6,4,0.020788,0.456458,TopoStake,pog(D=3_omega=1.00),2.49,1406,0
281,4,0x30405867b72597aaeb27803bb2c7f3f5fc7d5384,8.506624,1772367279,396539ac905a95159a97994cd5bfcf064133534435134511ec30fad9529e6f9d,205,102.50,4.44,1,6,4,0.020781,0.456649,TopoStake,pog(D=3_omega=1.00),2.44,1407,0
282,0,0x8c11ec9090dd820c076e57e899d9c604c79d6b32,25.578474,1772367280,239bd0fc33452fc4c48a974398fc94ae79dcd693cad9a038baa0d4abbb340101,250,125.00,3.50,1,5,4,0.020761,0.456225,TopoStake,pog(D=3_omega=1.00),2.21,1408,0
282,1,0x3d92e045fb1847aae132b40ebfcc471a32f687de,19.136004,1772367282,bdf45963f8e89f09a1dc43011669dbe62eafcb660c4f56c56348b7f6ea17d34e,51,51.00,4.45,2,6,4,0.020758,0.456429,TopoStake,pog(D=3_omega=1.00),1.98,1409,0
282,2,0xcb7977f4997b4252c0152e135dd79b3cfe35c1a5,6.612389,1772367284,82caeedc87792af2687bef22c3c0cd9f86a8be642aba4ff073af212c14bb9bc7,205,102.50,3.93,1,5,4,0.020748,0.456530,TopoStake,pog(D=3_omega=1.00),1.51,1410,0
282,3,0x0d91704595bff3aec25d40822498a51c62b05e3a,57.645157,1772367286,eb124339fa8f3599984cfad97f5d7da3c975bb069b090d2bfd2be5f8e7a00887,186,93.00,4.24,1,6,4,0.020726,0.455976,TopoStake,pog(D=3_omega=1.00),1.49,1411,0
282,4,0x07902d0371763a00d97ed9ba16ff0a206cb0fd19,90.694445,1772367288,975570addce9234626de262ae51596f3207da81dd0626c41d671e87cf36f07ac,211,70.33,3.26,1,5,3,0.020753,0.456305,TopoStake,pog(D=3_omega=1.00),2.52,1412,0
283,0,0xd61b00c297972877b45f8d7f4d67fdaf20c67c59,4.317002,1772367291,565fddf9c573b15a56ef23cc40aa728c134ba8fb7e293ff440a20e4d1aca62ba,235,117.50,2.74,1,4,3,0.020812,0.456676,TopoStake,pog(D=3_omega=1.00),2.26,1413,0
283,1,0x53be6e527cc5a7d850b5eae27b9cef342e0665f2,11.040665,1772367292,9ab6e0322ae00a0e4bbc3eca0ebaaa36e4c5b97a3ea0dcd603a6fe8d965d8e04,194,97.00,4.37,1,6,5,0.020812,0.456676,TopoStake,pog(D=3_omega=1.00),2.14,1414,0
283,2,0xd67aaaf210c0c36ddcb7055222d168b5c9dd1b36,9.178806,1772367294,90f16bf8dd223d6eb5ecceb5c1c130fc20d7320cd7f93d7246083cc4a2643e38,71,71.00,3.54,2,5,4,0.020794,0.456400,TopoStake,pog(D=3_omega=1.00),1.92,1415,0
283,3,0x13f9dadc05f6c237b03411e2aed1800cf21a5d89,67.397542,1772367296,aa056e59a3c4eeddff60a8cd7492c6eff7f93d932b6a2f0f2333941b304f6bc2,201,100.50,3.90,1,5,4,0.020774,0.456014,TopoStake,pog(D=3_omega=1.00),1.45,1416,0
283,4,0xbc3f8508d26048f2064aa8c068f4c94d08d77d18,12.053152,1772367298,9052fa708106be841a023878cbffd16f2b0e22c7e181edae343d16c7eeca5e71,212,106.00,3.06,1,5,3,0.020810,0.456357,TopoStake,pog(D=3_omega=1.00),1.51,1417,0
284,0,0xd1cd4b808ce6b2841ad42746b64c5a047e857ef0,13.234880,1772367300,4b3b228d4afeaacde386e8f400d6ff89ea426552f5d613a520f18f95dec117d8,211,70.33,4.24,1,6,4,0.020794,0.456169,TopoStake,pog(D=3_omega=1.00),2.43,1418,0
284,1,0xd39dbd3662315e3935ec08e6b6028e73b3c09de2,11.914073,1772367303,a8bf9211af0901935b8a45bfa096199e79189b8dfb437f60f1623425c12fa1da,221,110.50,3.77,2,6,4,0.020778,0.456096,TopoStake,pog(D=3_omega=1.00),2.34,1419,0
284,2,0x213068cb42718d1dd6d00a6d94d62a3def0e68eb,15.368444,1772367304,68e254ce9a7b64225ab766dfec15e4f60d6dc215bbd895e318a8447c4d0d1ff6,191,95.50,4.53,1,6,5,0.020761,0.455887,TopoStake,pog(D=3_omega=1.00),2.27,1420,0
284,3,0xcdc82b7c868072205a399d0f68e6e3ad3bfd1ca6,10.200449,1772367306,e41a76d322a920eb1af2a55321b268b6d7f91748574f0c5877f24d0f8c7ca044,126,126.00,3.62,1,5,4,0.020761,0.455887,TopoStake,pog(D=3_omega=1.00),1.63,1421,0
284,4,0x81d019380961f92c2031b0a7fba69f7675145088,7.478637,1772367308,51a99faa8940f2ae57f434f114498da9cb0cfd3755d4a06700ca1618114f1cae,195,97.50,3.54,1,5,4,0.020729,0.455568,TopoStake,pog(D=3_omega=1.00),1.46,1422,0
285,0,0xc24b36dee27726233c3bbd9e1f028f98b6b2a424,8.399381,1772367310,554d0c18976347a4e5daa5caee1238c352125922c01fe8ebf056d72a5065a94f,202,101.00,3.63,1,5,4,0.020729,0.455569,TopoStake,pog(D=3_omega=1.00),1.54,1423,0
285,1,0x53be6e527cc5a7d850b5eae27b9cef342e0665f2,12.040953,1772367312,4e48693dd03bd81ff6dca08c46b9c7f18b67bf77b5f20f824a32b27fce08712f,186,62.00,4.04,1,6,4,0.020709,0.455126,TopoStake,pog(D=3_omega=1.00),2.51,1424,0
285,2,0x1cb1274c711a6c2e4e1596846e6ac604eeefb358,29.431881,1772367315,7c4848c413d9ae7646d0141451106070402a2edaafb3b1783db9a2aa8cd7736c,222,111.00,3.41,1,5,4,0.020693,0.454914,TopoStake,pog(D=3_omega=1.00),2.23,1425,0
285,3,0xa3786e459f289a76c0e8af8ad834e3d0c6d47199,26.731134,1772367316,579346dbc37c9887198f33ecb375780661449a35b1a6e89ed1134732a7d9329a,221,110.50,3.48,1,5,4,0.020693,0.455168,TopoStake,pog(D=3_omega=1.00),1.98,1426,0
285,4,0x0d91704595bff3aec25d40822498a51c62b05e3a,58.646297,1772367318,f929bb1d4609973919957cb2c22523083b897a7c9e2e31d016d4750f9086c6b4,104,104.00,4.19,2,5,4,0.020693,0.455169,TopoStake,pog(D=3_omega=1.00),1.45,1427,0
286,0,0xac61c91e7d24df824351a6c4e562a75f0cf646f8,11.242330,1772367320,0eac3910d5421781e34b9977ca3ac48e8688c7d0f6a219141e707f1fc86038c4,223,111.50,3.26,1,5,3,0.020720,0.455495,TopoStake,pog(D=3_omega=1.00),1.60,1428,0
286,1,0x2abf89d7c96c80fcff9dec1fe92803573094ee35,5.209746,1772367322,acd26b59a7815f132707d4a9b5c3059ee0c71ca46dd20a3d54dbc744903dbecd,207,69.00,4.05,1,6,4,0.020703,0.455222,TopoStake,pog(D=3_omega=1.00),2.51,1429,0
286,2,0x6d6b2734a20229ddd7fd4a1470ba3e3bad4e4a85,14.637585,1772367324,a494e03c4e5455e3210d2b1097f0e87c4282aa8bffe77e2bc2d55fdb0a86ed91,207,103.50,3.67,1,5,4,0.020680,0.454531,TopoStake,pog(D=3_omega=1.00),2.46,1430,0
286,3,0x07902d0371763a00d97ed9ba16ff0a206cb0fd19,91.696819,1772367327,c4c3f18ce4d5ab22b3f68c9a5156641aebf5580779bf36ee20ece3ded193f791,229,114.50,3.60,1,5,4,0.020666,0.454517,TopoStake,pog(D=3_omega=1.00),2.29,1431,0
286,4,0x719361397abe003a91af76243e5f9c7a0cd4279f,19.548703,1772367328,011c53797675bd1b4b68a376a70e3b1f03417c1e450a1e4bb9adb25e6202430b,250,125.00,2.80,1,4,3,0.020666,0.454517,TopoStake,pog(D=3_omega=1.00),2.15,1432,0
287,0,0x763be7657fec175a3de5f1ee0a506722872c886d,5.019382,1772367330,9cb9e072b437aa2018d4189aeffffd7d96a119af27642019c7f438f580343fc3,46,46.00,3.63,1,5,4,0.020656,0.454619,TopoStake,pog(D=3_omega=1.00),1.98,1433,0
287,1,0xeb82a21cb3d0dd781eb22ad74bb7cd9b4d2a06ec,4.905775,1772367332,ab172689a5f201ce836bf65e83bcca549d6553e06c677915cc2849b6c953f1a6,173,86.50,3.65,1,5,4,0.020633,0.453905,TopoStake,pog(D=3_omega=1.00),1.50,1434,0
287,2,0x0d91704595bff3aec25d40822498a51c62b05e3a,59.647583,1772367334,64839a6fb5c4bdfae76a394e8ea330735aaa5b8ca11b87fe680806b29ed7d91f,202,67.33,4.14,1,6,4,0.020610,0.453174,TopoStake,pog(D=3_omega=1.00),2.50,1435,0
287,3,0x075e1d95c7891e1c00414ca1aa9a7a8cf6270019,78.265022,1772367336,c9495ddb5db10f34e91e62866cf4d75b74beaeea3174135095a5dcc5d3b938bb,198,99.00,3.32,1,5,3,0.020638,0.453501,TopoStake,pog(D=3_omega=1.00),2.52,1436,0
287,4,0x6064b9f5883bf9737dfe314ff68c56e09e68ac89,15.187895,1772367339,0703d8bf1a5fadb35510c8a9cb935ec7f252700545e6e09b5514cbd6cf925554,226,113.00,3.04,1,5,3,0.020683,0.453854,TopoStake,pog(D=3_omega=1.00),2.28,1437,0
288,0,0x30509a8084fdfe6fe24d9c9a817c209ad194f8e3,46.713542,1772367340,c3e8a7b8523704007298180fb437dc00cfbf0c47f32f1bb186d18bf28786d292,218,109.00,3.82,1,5,4,0.020670,0.453856,TopoStake,pog(D=3_omega=1.00),1.95,1438,0
288,1,0x13f9dadc05f6c237b03411e2aed1800cf21a5d89,68.399665,1772367342,f8844f8a77bea5115b8c22c7cfa475f6e23ca9348eddac60b0573e006d992ade,37,37.00,3.62,2,5,4,0.020685,0.454167,TopoStake,pog(D=3_omega=1.00),1.97,1439,0
288,2,0xc577329e86aaecb006f17fb90499c54671119935,5.304558,1772367344,5d041a24fcacdcd5beb20cc23fe1547597a571a36b8d8d41df665d2c0ec864df,197,98.50,3.07,1,4,3,0.020721,0.454506,TopoStake,pog(D=3_omega=1.00),1.51,1440,0
288,3,0xf13caa2c5f6f6cf61e51290bfa7826a9140b4faf,12.033456,1772367346,529ee4c139f11a8b0484d9ed56d654ff2981c198d4f5bc86b24b240fafb458f8,212,70.67,3.95,2,6,4,0.020698,0.453798,TopoStake,pog(D=3_omega=1.00),2.46,1441,0
288,4,0x30509a8084fdfe6fe24d9c9a817c209ad194f8e3,47.713671,1772367348,96037f4e51c9e1402c19261a85552fc6a7ce062617a03d4b2768b56efa9fa654,202,101.00,4.13,1,6,4,0.020682,0.453573,TopoStake,pog(D=3_omega=1.00),2.42,1442,0
289,0,0xfb35fdafcfc84561a42700a4a1c274edeb75bdc1,4.042969,1772367351,ee5e9bc057335a9705a4132000590e8a74d2219d3b5919ff20edc7634ebf8d6d,244,122.00,3.34,1,5,3,0.020698,0.453884,TopoStake,pog(D=3_omega=1.00),2.27,1443,0
289,1,0x13f9dadc05f6c237b03411e2aed1800cf21a5d89,69.400747,1772367352,9e848c912c30f1033ff9ede8d1f067f8b385b6a903a5d749fc7928268f1ac91f,214,107.00,3.82,1,5,4,0.020674,0.453113,TopoStake,pog(D=3_omega=1.00),2.07,1444,0
289,2,0x075e1d95c7891e1c00414ca1aa9a7a8cf6270019,79.266371,1772367354,eb4e7bbb94be09583a3e0d5e80879859b3db1359676f70e35e996f073c1c9011,65,65.00,3.25,2,4,3,0.020711,0.453451,TopoStake,pog(D=3_omega=1.00),1.71,1445,0
289,3,0x07902d0371763a00d97ed9ba16ff0a206cb0fd19,91.697628,1772367356,acfd6746d461c5e2b189340270d5f2dca0a90b6f0ef519e661a055002b5940f3,199,99.50,3.12,1,5,3,0.020756,0.453802,TopoStake,pog(D=3_omega=1.00),1.50,1446,0
289,4,0xf13caa2c5f6f6cf61e51290bfa7826a9140b4faf,13.034298,1772367358,e21a203c58732e98a742573bcdb669c8cb21045c4681932860680319f3469b9f,216,72.00,2.75,1,4,3,0.020813,0.454166,TopoStake,pog(D=3_omega=1.00),2.53,1447,0
290,0,0x30509a8084fdfe6fe24d9c9a817c209ad194f8e3,48.714829,1772367360,dd214234fb43d76e979d1d62e2dfb98567c24e8abeccb5be9fa7b2bd0b42b1c6,205,102.50,4.23,1,6,4,0.020797,0.454069,TopoStake,pog(D=3_omega=1.00),2.57,1448,0
290,1,0x075e1d95c7891e1c00414ca1aa9a7a8cf6270019,80.267400,1772367362,148f234e735aed090dbc40b9f67a1b44dffa57115c36d9503ad139060f348540,244,122.00,3.36,1,5,3,0.020814,0.454378,TopoStake,pog(D=3_omega=1.00),2.26,1449,0
290,2,0xcdc82b7c868072205a399d0f68e6e3ad3bfd1ca6,11.201009,1772367364,67e0e16a6736b7999d74dc635a0671b5797ad354fed241bf155c25a80c68f502,146,146.00,3.12,1,5,3,0.020860,0.454728,TopoStake,pog(D=3_omega=1.00),1.33,1450,0
290,3,0x5cd626f4b83428b146919d30f4b3e481d259a9dc,19.077094,1772367366,db1606110a5c72aa30d3671166a1246ec755b18f1d0f41750304d13d856bfaa3,205,102.50,3.65,1,5,4,0.020860,0.454729,TopoStake,pog(D=3_omega=1.00),1.53,1451,0
290,4,0x075e1d95c7891e1c00414ca1aa9a7a8cf6270019,81.268115,1772367368,fb2621795f397a7ada07c0137fa7876f82e8b4fe573f034b922548254303f172,214,107.00,4.04,1,6,4,0.020849,0.454805,TopoStake,pog(D=3_omega=1.00),1.56,1452,0
291,0,0x63f4973c0df8a5358405f396dc0673a463c48de9,20.905370,1772367370,b2da4266c11a29898d128addde1aaff5c05a74709eb9684b248ddc060cb18360,230,76.67,3.10,1,5,3,0.020896,0.455154,TopoStake,pog(D=3_omega=1.00),2.48,1453,0
291,1,0x213068cb42718d1dd6d00a6d94d62a3def0e68eb,16.368708,1772367372,d8546e5e883645e5dd717aca8cfdd3305b9a3d89fadf65accddf8f036dbf3e2e,215,107.50,3.52,1,5,4,0.020887,0.455312,TopoStake,pog(D=3_omega=1.00),2.47,1454,0
291,2,0x016d3fc36beee7caa8fbd6c1caa42461dd7f9850,33.923615,1772367375,350f487b52394cf43d91facc5a8bd4c73d1a12e128a34141243f971fa11c0003,225,112.50,3.50,1,5,3,0.020875,0.455346,TopoStake,pog(D=3_omega=1.00),2.20,1455,0
291,3,0x07902d0371763a00d97ed9ba16ff0a206cb0fd19,92.699281,1772367376,6029f4aad0f2e699649d77278986fa7dee43d05deca7bc4c90a07dbcb0304eb3,238,119.00,3.04,1,4,3,0.020878,0.455626,TopoStake,pog(D=3_omega=1.00),1.95,1456,0
291,4,0xcdc82b7c868072205a399d0f68e6e3ad3bfd1ca6,11.200880,1772367378,5294ae911c5687f0e524ba8421351988bd41bedd8b928b27ad3dccab8cc103a2,101,101.00,2.81,2,4,3,0.020934,0.455986,TopoStake,pog(D=3_omega=1.00),1.11,1457,0
292,0,0x606627477c3734932f47972f83c27cf4e3b35b4f,10.366824,1772367380,a07ab4b217984c6932a63e5a63a3d7834f87daa8f476adf0213e79b8f7cee4cd,196,98.00,3.58,1,5,4,0.020917,0.455699,TopoStake,pog(D=3_omega=1.00),1.56,1458,0
292,1,0xe478b1e4d1538274c0c70cbd7df877f9abab2f62,12.291129,1772367382,5d2bd206659d6aed7d07157fbfb1cc4e46fcf6682a86823845bb589a79fbf3c8,190,63.33,3.54,1,5,4,0.020898,0.455360,TopoStake,pog(D=3_omega=1.00),2.39,1459,0
292,2,0x016d3fc36beee7caa8fbd6c1caa42461dd7f9850,34.924799,1772367384,dc28d6e2e1de815fb4761760ef884acba9bda4dacda9cd8241940085fec9450b,199,99.50,4.08,2,5,4,0.020882,0.455155,TopoStake,pog(D=3_omega=1.00),2.46,1460,0
292,3,0x1cb1274c711a6c2e4e1596846e6ac604eeefb358,30.432857,1772367387,be8c6686fd2682f319aaede9e79338016ecb07272aed51eb3bce56790d5da6c1,243,121.50,3.02,1,4,3,0.020886,0.455435,TopoStake,pog(D=3_omega=1.00),2.28,1461,0
292,4,0x89100a8056319ba37491b32ba255004180607bc2,21.793455,1772367388,ecec70537b021fb9439efc646fc57cdf7c3b6469cca6626ab1b35006312f60c2,223,111.50,3.46,1,5,4,0.020886,0.455435,TopoStake,pog(D=3_omega=1.00),2.04,1462,0
293,0,0x13f9dadc05f6c237b03411e2aed1800cf21a5d89,70.401639,1772367390,a0ebdc47602634ea9daa8986e45b4efb6f3f5b6fa358d66b02322787a533cd2e,65,65.00,4.08,1,5,4,0.020878,0.455605,TopoStake,pog(D=3_omega=1.00),1.75,1463,0
293,1,0xd46407aa7b668c72de3cf1c1a12b7fa2e308a1b2,12.981141,1772367392,3f281dc92a4b91755b4fda35264c3052243222049d1f9f6c80eb7dc2a06b45e2,211,105.50,2.97,1,5,3,0.020914,0.455937,TopoStake,pog(D=3_omega=1.00),1.53,1464,0
293,2,0x016d3fc36beee7caa8fbd6c1caa42461dd7f9850,35.925981,1772367394,2154aadc19e4979983b064f1f65ae5d3626848eb99682437eddf0f66284482d2,189,63.00,3.95,1,5,4,0.020898,0.455817,TopoStake,pog(D=3_omega=1.00),2.50,1465,0
293,3,0x1cb1274c711a6c2e4e1596846e6ac604eeefb358,30.432854,1772367396,f37eb39a94d48bb7d110d73c50b8abed36c7fca109a9d26c3ce078a55ba709d7,217,108.50,3.02,1,4,3,0.020903,0.456096,TopoStake,pog(D=3_omega=1.00),2.45,1466,0
293,4,0x606627477c3734932f47972f83c27cf4e3b35b4f,11.367607,1772367399,33729a8c5f0533ac0bc74bd94431578bc5130ab76cde537f0c704b870965d0b3,190,95.00,3.56,1,5,4,0.020902,0.456347,TopoStake,pog(D=3_omega=1.00),2.38,1467,0
294,0,0x4414c05be2cf328f38d2e3ef4b705d6b894f044a,7.074596,1772367400,bf47c2281135c19feecf96499bbf4725aa5ba7600e907c54e6bbb1380d3658f3,250,125.00,3.54,1,5,4,0.020885,0.456058,TopoStake,pog(D=3_omega=1.00),2.18,1468,0
294,1,0x016d3fc36beee7caa8fbd6c1caa42461dd7f9850,36.927107,1772367402,588b1f3fcee1616d62e6cf89f34429f7f58f33ff2006be2949513c2f9bf2fdd6,97,97.00,4.00,2,5,4,0.020864,0.455556,TopoStake,pog(D=3_omega=1.00),1.54,1469,0
294,2,0x7e40df5d801345015e84c843908efc6683665fa4,16.659779,1772367404,09ef545a497000734ceb6ab96519460bc781c27d7b823cd17c78196f6e43f206,189,94.50,3.05,1,4,3,0.020870,0.455837,TopoStake,pog(D=3_omega=1.00),1.50,1470,0
294,3,0x58a21eeb7ab18ba8adf1296e66a4487076e95dac,13.084385,1772367406,86cf5749e5e71eef2b51da716ae51d191560b53185bc7a28108588ae6ee08861,203,101.50,3.38,1,5,3,0.020857,0.455866,TopoStake,pog(D=3_omega=1.00),1.48,1471,0
294,4,0x28672c71695142588ed26ada6f4b18b8b6c12308,37.719806,1772367408,a96f8962f280cca348fd4856eeadd4b0624b3183564d05d9481f33931132d827,213,71.00,4.01,1,5,4,0.020841,0.455747,TopoStake,pog(D=3_omega=1.00),2.46,1472,0
295,0,0xcb7977f4997b4252c0152e135dd79b3cfe35c1a5,7.612019,1772367411,dd3c096bdeea201147156b3ffea31eb80cfba63dd95f883374445df645726b89,228,114.00,3.49,1,5,4,0.020848,0.456035,TopoStake,pog(D=3_omega=1.00),2.33,1473,0
295,1,0x13f9dadc05f6c237b03411e2aed1800cf21a5d89,71.403092,1772367412,a81aa5ad8163bf1dc740688bce1d73f4cc7a9a32eaf13bc240e77646bed1b382,220,110.00,4.17,1,6,4,0.020848,0.456035,TopoStake,pog(D=3_omega=1.00),2.30,1474,0
295,2,0x07902d0371763a00d97ed9ba16ff0a206cb0fd19,93.700853,1772367414,12f0f82b003ef2e32948d9218cb85a1f4f5859ea5cb07bf301cfe692c199979e,79,79.00,3.29,2,5,3,0.020884,0.456365,TopoStake,pog(D=3_omega=1.00),1.92,1475,0
295,3,0x075e1d95c7891e1c00414ca1aa9a7a8cf6270019,82.269979,1772367416,0720c2af2e8db6b4ca18adadace01144af4cdb77eca278d076ba606f854138e0,211,105.50,2.75,1,4,3,0.020940,0.456721,TopoStake,pog(D=3_omega=1.00),1.49,1476,0
295,4,0x4ba33404d90c4ae989714d9d174cd882cffb7994,23.116625,1772367418,1829753da3316ba68483ccbfe3ffdefaa56cb6e227bf947d3c1d225a1b418d26,223,74.33,3.27,1,5,3,0.020985,0.457064,TopoStake,pog(D=3_omega=1.00),2.51,1477,0
296,0,0x30509a8084fdfe6fe24d9c9a817c209ad194f8e3,49.716235,1772367420,ccf1f80b26834089cf3666982685c6a7861eeac2d1a702e6857f90bcb05aa587,197,98.50,4.38,1,6,4,0.020978,0.457246,TopoStake,pog(D=3_omega=1.00),2.46,1478,0
296,1,0x63f4973c0df8a5358405f396dc0673a463c48de9,21.906084,1772367423,f9bb2841796ec28eeacf4dc0b9c0ec18167b41d73437967ea528cf77521f818a,245,122.50,3.22,1,5,3,0.020995,0.457548,TopoStake,pog(D=3_omega=1.00),2.27,1479,0
296,2,0xbc3f8508d26048f2064aa8c068f4c94d08d77d18,13.053000,1772367424,fb04ae4da687d457c31cc10f40ad9f9d6219604a950353fc2c3ba335829d742e,224,112.00,3.62,2,5,4,0.020987,0.457704,TopoStake,pog(D=3_omega=1.00),1.98,1480,0
296,3,0xd67aaaf210c0c36ddcb7055222d168b5c9dd1b36,10.178897,1772367426,b4e62257368754fd88062ea2317ec79a560e97d8fb2a9273d86555c3d2bf0966,88,88.00,4.36,1,6,4,0.020971,0.457567,TopoStake,pog(D=3_omega=1.00),1.55,1481,0
296,4,0xa7e4d4d949807065ebf85adc1be8c382c7236c15,4.199389,1772367428,5093d7812659511533196f4bf2bdf911b9b6503e9c36387487d3bf4d1212dfa5,209,104.50,3.88,1,5,4,0.020952,0.457211,TopoStake,pog(D=3_omega=1.00),1.42,1482,0
297,0,0x49b57eb4dace37c8819daf079c9c674f766d4f38,13.227949,1772367430,7c4ba9df2297b0b4bb7c59482311b20ddc1cc0b5bad88e6541bcdd0fb9e0a591,200,66.67,3.92,1,6,4,0.020929,0.456451,TopoStake,pog(D=3_omega=1.00),2.54,1483,0
297,1,0x13f9dadc05f6c237b03411e2aed1800cf21a5d89,72.403827,1772367432,74e1b53763191f18dab80768acc7fd07cd4a7edafd18fa43cb2024dff0944bf0,188,94.00,3.99,1,6,4,0.020913,0.456323,TopoStake,pog(D=3_omega=1.00),2.45,1484,0
297,2,0xcb7977f4997b4252c0152e135dd79b3cfe35c1a5,7.611829,1772367435,9e5fdd37b0bafb617ee11815aa59a064a5123002ee6570d27249b1718878eb49,225,112.50,2.89,1,5,3,0.020949,0.456650,TopoStake,pog(D=3_omega=1.00),2.20,1485,0
297,3,0x213068cb42718d1dd6d00a6d94d62a3def0e68eb,17.369353,1772367436,72155bf55b1a12993d36145f89641c176da6f48421b944402a30b7fc7e3e95f5,198,99.00,4.13,1,6,4,0.020929,0.456178,TopoStake,pog(D=3_omega=1.00),2.04,1486,0
297,4,0x30509a8084fdfe6fe24d9c9a817c209ad194f8e3,50.717582,1772367438,7ccd2a84e9747f0beda53776ac660bf8479b9a3fdb43cabf4e33a591a2ab03ab,153,153.00,3.62,2,5,4,0.020917,0.456222,TopoStake,pog(D=3_omega=1.00),1.31,1487,0
298,0,0xeaa5003682d7289190651081ae2bee847097afc5,6.742840,1772367440,e659f28aa17ba3ba1c56462aff3b804f04ce5772f887618c6ffe982bc0778ba9,199,99.50,3.45,1,5,4,0.020917,0.456222,TopoStake,pog(D=3_omega=1.00),1.44,1488,0
298,1,0x52e05d9fa4faa167f30baba23c710e4f49115288,4.131889,1772367442,ef62d53771cf7bcfe4e2355e4766e229a3a6e7c6790b7a9c10f4e28838b41d60,202,67.33,4.29,1,6,4,0.020895,0.455687,TopoStake,pog(D=3_omega=1.00),2.50,1489,0
298,2,0xcb7977f4997b4252c0152e135dd79b3cfe35c1a5,8.612597,1772367444,5c4f1576df1879dc321c27f72e71e32719cbba87378bbefd9d4ceea8c0542fae,186,93.00,3.84,1,5,4,0.020872,0.454916,TopoStake,pog(D=3_omega=1.00),2.54,1490,0
298,3,0x075e1d95c7891e1c00414ca1aa9a7a8cf6270019,83.271618,1772367447,fd2304d12ebfd5cb6e8e788a024d9272da1b05d33c88a7ed8b67b6692808a5b7,218,109.00,4.14,1,5,4,0.020852,0.454493,TopoStake,pog(D=3_omega=1.00),2.44,1491,0
298,4,0x53be6e527cc5a7d850b5eae27b9cef342e0665f2,13.041510,1772367449,feee0a1c1c61bb6fe3fed25639d31c0d785b1554a161c0c6f1ad4b275dcc0c3c,250,125.00,3.07,1,5,3,0.020898,0.454834,TopoStake,pog(D=3_omega=1.00),2.05,1492,0
299,0,0x13f9dadc05f6c237b03411e2aed1800cf21a5d89,73.405334,1772367451,8a0d5e2ff84674e8a19889ed26bf3d4afdf1d3d42bd1398a9e0f6988ad52986d,155,77.50,3.47,1,5,4,0.020882,0.454675,TopoStake,pog(D=3_omega=1.00),1.64,1493,0
299,1,0xd3997be86c88837e3fd467517b943590b28fa641,7.043843,1772367453,9a5be8b53570b5a998e67f5d62c168117488395115a9aa018e09ae08b4b8b387,207,103.50,3.06,1,5,3,0.020919,0.455002,TopoStake,pog(D=3_omega=1.00),1.52,1494,0
299,2,0x13f9dadc05f6c237b03411e2aed1800cf21a5d89,74.406321,1772367455,92b520b100c1e724ca1561159596a15463669c584bf5b14a47668fdd2858d55c,184,61.33,4.09,2,6,4,0.020898,0.454479,TopoStake,pog(D=3_omega=1.00),2.50,1495,0
299,3,0x95ab54d268473cce82094026afefdbd5cadf418b,11.587872,1772367458,e3b869db2863f2fbc845f4e1bf2f79f04da3552337381db5b6ea287359bf362f,230,115.00,2.88,1,5,3,0.020935,0.454805,TopoStake,pog(D=3_omega=1.00),2.28,1496,0
299,4,0x075e1d95c7891e1c00414ca1aa9a7a8cf6270019,84.272962,1772367459,e540b0a69325ce4b0603a147c854646aaa0a51d4f60911ff76c0ccd0a17d6add,190,95.00,4.29,1,6,4,0.020918,0.454527,TopoStake,pog(D=3_omega=1.00),2.24,1497,0
300,0,0x1796dc61e715f15a2d27dfa32bd34780f12a8c24,29.764896,1772367461,a908f644345f735c886fd07ecce56b2c3221b10fd69a01b58287d36cbfa69516,171,171.00,3.04,2,5,3,0.020964,0.454867,TopoStake,pog(D=3_omega=1.00),1.40,1498,0
300,1,0x4a217e35f6402e7f62a49f6d62e27c6585c2f3fd,17.489532,1772367463,b548cc20b3428dbc3563e266c3788e492d8e702db93c8a523f092bb09e1ac0be,196,98.00,3.37,2,5,3,0.020962,0.455101,TopoStake,pog(D=3_omega=1.00),1.57,1499,0
300,2,0x71f297f96355f349d66f0e9b681e7d4e11224660,13.169461,1772367465,3cafb2a65f125d31486d7947c438bb4b2a26b00ac2bf1b16ae8e36340535bedd,206,103.00,3.67,1,5,4,0.020950,0.455137,TopoStake,pog(D=3_omega=1.00),1.50,1500,0
300,3,0x408bb0bf84df50b21c53c74420987f172d4036a1,6.786448,1772367467,db45b99968d9a03ea9cf37fb382eba8e714403d63e7c60aa3af4d4d6c18b4002,202,67.33,3.97,1,5,4,0.020935,0.454981,TopoStake,pog(D=3_omega=1.00),2.52,1501,0
300,4,0x075e1d95c7891e1c00414ca1aa9a7a8cf6270019,85.273951,1772367470,c2013c00cd59010535d6c4a7f0ee0c76f12319028a1f1a29f6ee71ae269a26f4,190,95.00,3.52,1,5,4,0.020913,0.454431,TopoStake,pog(D=3_omega=1.00),2.42,1502,0
301,0,0x4ba33404d90c4ae989714d9d174cd882cffb7994,24.117146,1772367471,ee03980a64e6a782282eca91056b6ae9778cf1d3149cfa971d3b61dce5e1cb82,246,123.00,3.02,2,5,3,0.020960,0.454770,TopoStake,pog(D=3_omega=1.00),2.09,1503,0
301,1,0x0d91704595bff3aec25d40822498a51c62b05e3a,60.649663,1772367473,8e42e5a3017a6648bbccc74b60d8dd7b3d4ce6aee1f3c54452a84f4eddc1051f,94,94.00,4.26,2,6,4,0.020953,0.454950,TopoStake,pog(D=3_omega=1.00),1.38,1504,0
301,2,0x60705151f1f537cacd5b801f3ef1b31dc3f605de,3.284413,1772367475,3126c811fcf549a16c3a3423a70e0b7a7f8a8aa6a39f015ca224a0a477a1a496,229,114.50,3.34,1,5,3,0.020978,0.455262,TopoStake,pog(D=3_omega=1.00),1.84,1505,0
301,3,0x26d553a2f4343b3a7dc88bbd87b3d0a25d3838d9,19.221768,1772367477,3eeb6228fe22dfa04e7ed530f76621a9bd0bcb57d3574294edda1f15e95c0444,181,90.50,4.08,2,6,4,0.020954,0.454456,TopoStake,pog(D=3_omega=1.00),1.54,1506,0
301,4,0x89100a8056319ba37491b32ba255004180607bc2,22.793274,1772367479,3e843a322fdf2c0387dc4215a3e21396166565e086856e00fbe183c78dead08b,201,67.00,3.71,1,5,4,0.020944,0.454522,TopoStake,pog(D=3_omega=1.00),2.48,1507,0
302,0,0x0d91704595bff3aec25d40822498a51c62b05e3a,61.650885,1772367482,d464b4255a2dd603237cae9712c6753f201b2f487447739115d058fca3a3d788,190,95.00,3.73,1,5,4,0.020936,0.454688,TopoStake,pog(D=3_omega=1.00),2.43,1508,0
302,1,0xb990cdf21950e6086c350175c4bc504e45858230,21.130615,1772367483,9adfdfe53ce84de6fc2ffec813bb5a2fceed1e319877029acefa3f767afbae4d,250,125.00,3.15,1,5,3,0.020936,0.454688,TopoStake,pog(D=3_omega=1.00),2.18,1509,0
302,2,0x2abf89d7c96c80fcff9dec1fe92803573094ee35,6.209728,1772367485,f9579ab1c76fb575d28200f763dcb53cb2ad6b8167d267b2abeb78596436a385,103,103.00,4.04,1,5,4,0.020927,0.454829,TopoStake,pog(D=3_omega=1.00),1.84,1510,0
302,3,0x0d91704595bff3aec25d40822498a51c62b05e3a,61.650920,1772367487,fe4e76b10cbfe3a286ee54f124b25ba39f1fb7e5b69ff9d3257d55386784fbc7,181,90.50,3.66,1,5,4,0.020906,0.454239,TopoStake,pog(D=3_omega=1.00),1.58,1511,0
302,4,0x07902d0371763a00d97ed9ba16ff0a206cb0fd19,94.703952,1772367489,cf91118113482a42906bfc63dc42a8eb0c3d8227de384f27b0edd0eb0d219e51,195,97.50,3.27,1,5,3,0.020906,0.454240,TopoStake,pog(D=3_omega=1.00),1.52,1512,0
303,0,0x34d94cc0534eb50dec7956bea31407428d6d5ef8,6.070557,1772367491,d40cce4838b5f3ed983d1a4554cd209ef1a9be8782afe2d9be914eaf019e69a0,205,68.33,2.75,1,4,3,0.020959,0.454590,TopoStake,pog(D=3_omega=1.00),2.47,1513,0
303,1,0x1cb1274c711a6c2e4e1596846e6ac604eeefb358,31.433773,1772367494,b2ef63f66136b8b29d8778d46336536aa9e3c446a57a1ad8c5f553161c3444dc,225,112.50,3.60,1,5,4,0.020938,0.453976,TopoStake,pog(D=3_omega=1.00),2.30,1514,0
303,2,0x07902d0371763a00d97ed9ba16ff0a206cb0fd19,95.705089,1772367495,299910097644f876147a183eb956911ebeca673d08867b4b17d60d5a17296db5,250,125.00,3.50,1,5,4,0.020937,0.454225,TopoStake,pog(D=3_omega=1.00),2.13,1515,0
303,3,0x9bdb1c7ad4bd8fe797b07c08117c74a591dbab2d,6.430267,1772367497,92c7131a092e0cca9eb76d157ac872e4d0d22ef5474a59827bdaff536d374495,39,39.00,2.95,2,4,3,0.020992,0.454574,TopoStake,pog(D=3_omega=1.00),2.00,1516,0
303,4,0x50f7fa851f9314d682e36da5caa4635039b5305d,32.138380,1772367499,865b5412d823bb45e0222e4e7206feface617aefa2aef215a9980b6b83185271,198,99.00,3.72,2,5,4,0.020970,0.453979,TopoStake,pog(D=3_omega=1.00),1.48,1517,0
304,0,0x58a21eeb7ab18ba8adf1296e66a4487076e95dac,14.084730,1772367501,b3e593326012e0cbeeea1e0dd4112b2cd0ccc56547084993aa34d6f20b7c620a,210,70.00,3.37,1,5,3,0.020970,0.454234,TopoStake,pog(D=3_omega=1.00),2.49,1518,0
304,1,0x71f297f96355f349d66f0e9b681e7d4e11224660,14.170168,1772367503,626b413cdfcd4025ed4d16fa8835f49254a5fe87dce604955472fccbf36ddc2e,206,103.00,3.81,1,5,4,0.020956,0.454184,TopoStake,pog(D=3_omega=1.00),2.44,1519,0
304,2,0x13f9dadc05f6c237b03411e2aed1800cf21a5d89,75.408426,1772367506,2ae015d59ad1cd5c89fa546c37f6ba89ab8f7bfdc312e9000b16d9cc0f92469c,232,116.00,3.82,1,5,4,0.020941,0.454128,TopoStake,pog(D=3_omega=1.00),2.39,1520,0
304,3,0xa9105f442328d397529b8e4e9e656fa89016ff45,5.449498,1772367508,1e5d508e3426d0159faa615710356b23a8a4d846fcb4a02554ebb9720c4cee3e,250,125.00,2.98,1,5,3,0.020977,0.454450,TopoStake,pog(D=3_omega=1.00),2.18,1521,0
304,4,0x30509a8084fdfe6fe24d9c9a817c209ad194f8e3,50.717866,1772367510,47771c39561bb64144ac29affdb4101cd19fa3fddde754b50803b1154da7ccb5,163,81.50,3.63,1,5,4,0.020955,0.453772,TopoStake,pog(D=3_omega=1.00),1.69,1522,0
305,0,0x687bf2437a044a3e42ff2f8a79a8e54ba9601f70,13.056620,1772367512,61a49f25011557f87cab784bd088500a05217ff478962f440ba22d9fd4181375,230,115.00,3.28,1,5,3,0.020955,0.453772,TopoStake,pog(D=3_omega=1.00),1.52,1523,0
305,1,0xac61c91e7d24df824351a6c4e562a75f0cf646f8,12.241799,1772367514,e9f6da612ca8548b6ad22477656f7f5d0c0419a299578660fe4bf276ee41baff,224,74.67,3.79,1,5,4,0.020955,0.453889,TopoStake,pog(D=3_omega=1.00),2.44,1524,0
305,2,0x26d553a2f4343b3a7dc88bbd87b3d0a25d3838d9,20.222664,1772367516,d2dd240067505152a137492fc2cce774820a1ea76f6f1dab9c85d524638048e7,196,98.00,4.01,1,6,4,0.020939,0.453654,TopoStake,pog(D=3_omega=1.00),2.46,1525,0
305,3,0x269cdf52f97e1d9f14b7be895155a7b294f0b21d,20.736017,1772367518,ecc2df5fceccadcd5e3e533061f424c892572f13e64e5796dd02d404a61ddf9e,210,105.00,3.67,1,5,4,0.020929,0.453770,TopoStake,pog(D=3_omega=1.00),2.30,1526,0
305,4,0x89100a8056319ba37491b32ba255004180607bc2,23.794098,1772367520,4e1485507d0caea53e3b711383433a8da8315ea640f35a91ef766d432f4a45de,149,149.00,3.58,1,5,4,0.020920,0.453891,TopoStake,pog(D=3_omega=1.00),1.41,1527,0
306,0,0x311eb133eb413ac3f21249889bb101e5d40820ce,13.129323,1772367522,fa3da456f0833ac631a23c556bee7709e822270acd44433b5bfc540a6e69b289,203,101.50,3.85,1,5,4,0.020920,0.453891,TopoStake,pog(D=3_omega=1.00),1.61,1528,0
306,1,0x0d91704595bff3aec25d40822498a51c62b05e3a,61.651291,1772367524,88ca53357beb95e6ceaca74010147ee0a970be0847d367557febf84f47c64b25,202,67.33,3.56,1,5,4,0.020898,0.453873,TopoStake,pog(D=3_omega=1.00),2.50,1529,0
306,2,0x07902d0371763a00d97ed9ba16ff0a206cb0fd19,96.706266,1772367526,2f5ca628925c7d276c62372ed331d8b88849c39351139f58d6cd1cce41b9737c,186,93.00,3.27,1,5,3,0.020922,0.454181,TopoStake,pog(D=3_omega=1.00),2.41,1530,0
306,3,0x5cd626f4b83428b146919d30f4b3e481d259a9dc,20.077202,1772367529,f9958aa8e4d03575d26b925ec27ea8c63223c069247dd6a1335ca844d6b53123,250,125.00,2.68,1,4,3,0.020976,0.454527,TopoStake,pog(D=3_omega=1.00),2.27,1531,0
306,4,0x282f43759e22b50aa7989261c51c367f325c3f91,14.351428,1772367530,4475e03cc8bbfd5f8e94160281324fce700357c4e27f293720e466dd3dae23d0,209,104.50,3.92,1,6,4,0.020966,0.454617,TopoStake,pog(D=3_omega=1.00),2.12,1532,0
307,0,0x4a217e35f6402e7f62a49f6d62e27c6585c2f3fd,18.490088,1772367532,8bba211e48b0d90f36e5ce1c4170b1855875ce62f43b91184d4a4b2577b3809e,144,144.00,3.92,2,6,4,0.020966,0.454618,TopoStake,pog(D=3_omega=1.00),1.48,1533,0
307,1,0x282f43759e22b50aa7989261c51c367f325c3f91,15.352119,1772367534,0ee8129b5bfa22694ecf5bf5f6ce0b5de787e20773c55a5c06d43dca69fdef77,215,107.50,3.63,2,5,4,0.020940,0.454606,TopoStake,pog(D=3_omega=1.00),1.52,1534,0
307,2,0xea287b266dbe2c2d402fd91814bcfc4c95d6b0fd,6.143913,1772367536,a46f6ba79c0950f63087d8bf5f5ca6c54c7098ae6f08c3ef6dc57f906783b1b0,188,94.00,3.91,1,6,4,0.020940,0.454607,TopoStake,pog(D=3_omega=1.00),1.54,1535,0
307,3,0x075e1d95c7891e1c00414ca1aa9a7a8cf6270019,86.276770,1772367538,8dd674557d3e7cd8076ef8e8707e2a500ee307b77e376d3ea3d2e1b7ff0caa1b,197,65.67,4.10,1,6,4,0.020905,0.453979,TopoStake,pog(D=3_omega=1.00),2.48,1536,0
307,4,0xb7b4ee0a72bc410bf6d32b9cd3f3e11fc756d6f1,4.063257,1772367541,dc2f331f723fcf5feafe86bb7130ffdef16eed84015ffc7f8c2e922e1fb26e99,226,113.00,3.01,1,5,3,0.020950,0.454311,TopoStake,pog(D=3_omega=1.00),2.34,1537,0
308,0,0x282f43759e22b50aa7989261c51c367f325c3f91,16.353013,1772367542,91bb283d8efc1d78e2b220b96d7aee67680389a83a9958c1aaa887d78ed95129,207,103.50,3.81,1,6,4,0.020927,0.453546,TopoStake,pog(D=3_omega=1.00),2.00,1538,0
308,1,0xc24b36dee27726233c3bbd9e1f028f98b6b2a424,9.398541,1772367544,4bd094375342c816af36317622415c126737d486b246b27e716f596e6703aa9a,91,91.00,3.84,1,6,4,0.020914,0.453557,TopoStake,pog(D=3_omega=1.00),1.53,1539,0
308,2,0x8c11ec9090dd820c076e57e899d9c604c79d6b32,26.577503,1772367546,c32d1acdffdc4a19be3d5bbe7f6c47f005ffa2a93d50d601ad1e5391cc085af0,202,101.00,3.98,1,6,4,0.020895,0.453192,TopoStake,pog(D=3_omega=1.00),1.50,1540,0
308,3,0x0d91704595bff3aec25d40822498a51c62b05e3a,62.652625,1772367548,0ba1af68fabb7972fa59026319851cbbe6f17f27d5f0d3ef9267130e21a3b175,193,96.50,4.17,1,6,4,0.020890,0.453401,TopoStake,pog(D=3_omega=1.00),1.49,1541,0
308,4,0x58a21eeb7ab18ba8adf1296e66a4487076e95dac,15.085414,1772367550,8497a80f69cbe6c1180f8e796a9fa5530eda4e7ee6b445926c9ced9e2832a7b8,234,78.00,3.21,1,5,3,0.020915,0.453706,TopoStake,pog(D=3_omega=1.00),2.41,1542,0
309,0,0xa7e4d4d949807065ebf85adc1be8c382c7236c15,5.199454,1772367553,7be1ff015eb73bae1a91568ef9ddc597f5f4af9e85b75abeece9897cdd91e93f,230,115.00,3.82,1,5,4,0.020901,0.453678,TopoStake,pog(D=3_omega=1.00),2.43,1543,0
309,1,0xd1cd4b808ce6b2841ad42746b64c5a047e857ef0,14.234612,1772367554,8c7d3adad3082c4275e383e564a4d04247b6be3efff7a9761a315940365d7010,213,106.50,3.77,1,6,4,0.020879,0.452979,TopoStake,pog(D=3_omega=1.00),2.14,1544,0
309,2,0x53be6e527cc5a7d850b5eae27b9cef342e0665f2,14.041901,1772367556,09fe58fd89a32d0b3743d13f53e83cbc0b7065203290f06b761aed9a12bc6c4d,136,136.00,3.94,3,5,4,0.020865,0.452902,TopoStake,pog(D=3_omega=1.00),1.38,1545,0
309,3,0xb2a7fe70a6f3137d38f6cb4c3ec6dd1e24f2d5f4,9.409371,1772367558,7f2b17440dfddffc6ed089aff11ae45fa2fbbca4ed9677bd98331bfc46d95bc1,242,121.00,3.51,1,5,4,0.020865,0.452902,TopoStake,pog(D=3_omega=1.00),1.56,1546,0
309,4,0x30509a8084fdfe6fe24d9c9a817c209ad194f8e3,51.719189,1772367560,880dc376b3402de0f00b1f4289353091b180795a1162a4f6f13764a39812379c,181,90.50,4.33,1,6,4,0.020831,0.452432,TopoStake,pog(D=3_omega=1.00),1.55,1547,0
310,0,0x1796dc61e715f15a2d27dfa32bd34780f12a8c24,30.766003,1772367562,d68377c9a58403c78dc3f8471a223a20613c0c6e863c04b637ec7cca56e16eeb,198,66.00,3.41,1,5,3,0.020847,0.452725,TopoStake,pog(D=3_omega=1.00),2.56,1548,0
310,1,0x07902d0371763a00d97ed9ba16ff0a206cb0fd19,97.708752,1772367565,6491697f17c70da7e4be9665c4df476d1c8e5857d398ccadeb8177c02b38873a,222,111.00,3.29,1,5,3,0.020846,0.452953,TopoStake,pog(D=3_omega=1.00),2.50,1549,0
310,2,0xcdc82b7c868072205a399d0f68e6e3ad3bfd1ca6,12.200610,1772367566,9afb13b1a8e706f5e7b8381b40e64410e1fa274f17170d6f172d2fb0d5887453,250,125.00,2.76,1,4,3,0.020846,0.452953,TopoStake,pog(D=3_omega=1.00),2.29,1550,0
310,3,0x016d3fc36beee7caa8fbd6c1caa42461dd7f9850,37.928697,1772367568,f6564a0040dfd5889ff62d3d207dbad044be9258523fe33876e63edd21c65ab1,82,82.00,3.51,1,5,4,0.020830,0.452707,TopoStake,pog(D=3_omega=1.00),1.78,1551,0
310,4,0xe478b1e4d1538274c0c70cbd7df877f9abab2f62,13.290813,1772367570,59057d5f036167636abc6ab0851f61a3383078fccf137d830f3e2fd9b3b03aca,185,92.50,3.07,2,4,3,0.020835,0.452975,TopoStake,pog(D=3_omega=1.00),1.47,1552,0
311,0,0x786f26993bf015cd2da6fb5d3ccd1879e01246ab,15.284692,1772367572,000b9470f716f6749bdcd3a0603436edebea391dc604d51c64dd3b8d6737ebfe,205,102.50,4.04,1,6,4,0.020819,0.452800,TopoStake,pog(D=3_omega=1.00),1.50,1553,0
311,1,0x30509a8084fdfe6fe24d9c9a817c209ad194f8e3,52.720245,1772367574,07bd39e977f4bec8a7cd633ea16a15652bf819719ba678ec55e0c13f1af2127b,171,57.00,3.96,1,5,4,0.020806,0.452772,TopoStake,pog(D=3_omega=1.00),2.53,1554,0
311,2,0x13f9dadc05f6c237b03411e2aed1800cf21a5d89,76.411093,1772367576,0e8acdedd09b6d7c07250c32086abdfabb2ec1054c6b23d15fb0c78f13987279,206,103.00,3.26,1,5,3,0.020822,0.453063,TopoStake,pog(D=3_omega=1.00),2.38,1555,0
311,3,0x719361397abe003a91af76243e5f9c7a0cd4279f,20.547464,1772367579,2038b4a46082df4e7166b577256dc6327aad60ce2a27c6d0d6140502aedfced0,250,125.00,2.96,2,5,3,0.020858,0.453379,TopoStake,pog(D=3_omega=1.00),2.18,1556,0
311,4,0x50f7fa851f9314d682e36da5caa4635039b5305d,33.139468,1772367581,8f2bc6d6c6a338e392d0a372106bd1f6bd4e91b1834692dedbc2a9f582f4956f,214,107.00,3.79,1,5,4,0.020858,0.453379,TopoStake,pog(D=3_omega=1.00),1.85,1557,0
312,0,0x50f7fa851f9314d682e36da5caa4635039b5305d,33.139458,1772367583,7e703d7938a3431d6d07ed4d347affd511162dd1297eedc3e2cd5b4856faeb39,239,119.50,3.42,1,5,3,0.020848,0.453476,TopoStake,pog(D=3_omega=1.00),1.66,1558,0
312,1,0x95ab54d268473cce82094026afefdbd5cadf418b,12.587955,1772367585,539b74c310cc382117912336bb547b8d8371e453b1b7a345a99d45373bc56926,190,95.00,3.38,1,5,3,0.020849,0.453728,TopoStake,pog(D=3_omega=1.00),1.56,1559,0
312,2,0x4a217e35f6402e7f62a49f6d62e27c6585c2f3fd,19.490727,1772367587,805488a84b918708f7fad1e44b64fc9c6721b9950ffef99db259c1aa9a2e9376,185,61.67,4.46,1,6,5,0.020833,0.453492,TopoStake,pog(D=3_omega=1.00),2.48,1560,0
312,3,0x786f26993bf015cd2da6fb5d3ccd1879e01246ab,16.285471,1772367590,6f71ab04a221280b674544c507a657ed4366fe7d12f761685812fdc39b2eead0,197,98.50,3.63,1,5,4,0.020822,0.453548,TopoStake,pog(D=3_omega=1.00),2.52,1561,0
312,4,0x30509a8084fdfe6fe24d9c9a817c209ad194f8e3,53.721315,1772367591,80b72f98576b7474ae15c0dd924bcd11290fc072248427867b3ebb38fdf635c9,202,101.00,3.99,1,5,4,0.020810,0.453546,TopoStake,pog(D=3_omega=1.00),2.32,1562,0
313,0,0xac61c91e7d24df824351a6c4e562a75f0cf646f8,13.242149,1772367593,f1d69e403b989d1c8ed2f60b1e4ce476f3031db9ae48809e4b7eabf98a01ba74,165,165.00,3.42,1,5,3,0.020827,0.453835,TopoStake,pog(D=3_omega=1.00),1.48,1563,0
313,1,0x50f7fa851f9314d682e36da5caa4635039b5305d,34.140392,1772367595,7c51fdea9cc88ab03af1c6ea5e390db938f5a35b4a6f905262175fc895379ca7,250,125.00,3.98,1,6,4,0.020811,0.453638,TopoStake,pog(D=3_omega=1.00),1.59,1564,0
313,2,0x0d91704595bff3aec25d40822498a51c62b05e3a,63.653977,1772367597,e7eb7fab96707168cd883abca41dd65d262b71847796d98e5654621901b9773d,102,51.00,3.56,2,5,4,0.020813,0.453889,TopoStake,pog(D=3_omega=1.00),1.24,1565,0
313,3,0x49b57eb4dace37c8819daf079c9c674f766d4f38,14.228119,1772367599,8cd4a063cfa8e8af9c9c258ebe07483482e1d3e008b494345aa56eb449705f36,211,70.33,3.27,1,5,3,0.020837,0.454190,TopoStake,pog(D=3_omega=1.00),2.52,1566,0
313,4,0xf13caa2c5f6f6cf61e51290bfa7826a9140b4faf,14.033813,1772367602,9c0fb6ce2cd05a968179d126e4b4f328e07b718aadf144485a2e411446a6f8ea,204,102.00,3.92,1,6,4,0.020823,0.454089,TopoStake,pog(D=3_omega=1.00),2.51,1567,0
314,0,0x408bb0bf84df50b21c53c74420987f172d4036a1,7.786471,1772367603,fcb95a02c45a1b7ece495993ee2b1b6f60cdbada0b8de627f91fe5f23d238054,211,105.50,4.16,2,6,4,0.020808,0.453966,TopoStake,pog(D=3_omega=1.00),2.36,1568,0
314,1,0xd39dbd3662315e3935ec08e6b6028e73b3c09de2,12.912684,1772367605,0e21a44820f9f1ceda3009a23162c08f3a4c3e23a91fd95f1bdca6b2121ea34c,164,164.00,3.65,2,5,4,0.020789,0.453509,TopoStake,pog(D=3_omega=1.00),1.54,1569,0
314,2,0x13f9dadc05f6c237b03411e2aed1800cf21a5d89,77.413038,1772367607,df44d78727700a621564859487f5c73719194ccba4f6c29738b11bfe47b8f13f,186,93.00,4.41,1,6,5,0.020773,0.453274,TopoStake,pog(D=3_omega=1.00),1.83,1570,0
314,3,0xc339f8bf978200eb65afce6c7121402eda949097,8.062978,1772367609,6cd3e8ef7d321d7318a24ea861c5ceafdf59a1a03ab23eeadfcd8610474aff47,232,116.00,3.15,1,5,3,0.020809,0.453587,TopoStake,pog(D=3_omega=1.00),1.76,1571,0
314,4,0xb990cdf21950e6086c350175c4bc504e45858230,22.130828,1772367611,ff6179b5786d4241bc287292ef206fd44f50e80bb361e29abcecb2cce96086cc,214,71.33,4.36,1,6,4,0.020789,0.453140,TopoStake,pog(D=3_omega=1.00),2.54,1572,0
315,0,0xea287b266dbe2c2d402fd91814bcfc4c95d6b0fd,7.144201,1772367614,ffa96eec83b1e06d56876541819aa8d6c35a5789f20dc5c9d794519c87cf6758,206,103.00,3.96,1,5,4,0.020781,0.453279,TopoStake,pog(D=3_omega=1.00),2.41,1573,0
315,1,0x30509a8084fdfe6fe24d9c9a817c209ad194f8e3,54.722502,1772367615,dc7692647d0911b81d6569073c7e6bb51cca46c9b6320a01958ce8923fe5a971,198,99.00,3.97,2,6,4,0.020761,0.452759,TopoStake,pog(D=3_omega=1.00),2.23,1574,0
315,2,0xd1cd4b808ce6b2841ad42746b64c5a047e857ef0,15.234887,1772367617,0d28b0a04f81939d567e0d156dddefe5e416a2d7cdd31e8a2db2bf81640bd5e9,156,156.00,3.28,1,5,3,0.020778,0.453046,TopoStake,pog(D=3_omega=1.00),1.34,1575,0
315,3,0xc4dc29db975b952e04358340e56b68fa4ba63fbc,3.522851,1772367619,6383db778db5166e1103b6c4c826bc564f3ef2651447abf4a8fc5b34935a6cb7,202,101.00,3.99,1,6,4,0.020765,0.453003,TopoStake,pog(D=3_omega=1.00),1.59,1576,0
315,4,0x6d6b2734a20229ddd7fd4a1470ba3e3bad4e4a85,15.636620,1772367621,8413e56d9feeda197ddd2b1e2260671c3f6b1c6ace2243403153abe0874cb82d,207,103.50,3.61,1,5,4,0.020742,0.452229,TopoStake,pog(D=3_omega=1.00),1.53,1577,0
316,0,0x1cb1274c711a6c2e4e1596846e6ac604eeefb358,32.434674,1772367623,df93484ae9db152dba5a1f45bbcf9ba20d3a17f3570ecde0d9b4cf1f19a5eb78,191,63.67,3.68,1,5,4,0.020729,0.452196,TopoStake,pog(D=3_omega=1.00),2.47,1578,0
316,1,0x016d3fc36beee7caa8fbd6c1caa42461dd7f9850,38.929750,1772367626,e4ea7a858d404ced369f3246caa19303d8fee976e7800a0aefd5bae5d40dff9a,228,114.00,3.41,1,5,4,0.020728,0.452433,TopoStake,pog(D=3_omega=1.00),2.29,1579,0
316,2,0xb2a7fe70a6f3137d38f6cb4c3ec6dd1e24f2d5f4,10.409539,1772367627,42194c33606beef26cf26ec67f0eff73951073d0d657e8c958fa48da2c1c744d,250,125.00,3.12,1,4,3,0.020728,0.452433,TopoStake,pog(D=3_omega=1.00),1.98,1580,0
316,3,0x13f9dadc05f6c237b03411e2aed1800cf21a5d89,78.414491,1772367629,90569036eebd68b2352ece9c8f0011e14691f724de1f24a1e55d6808bff818e7,36,36.00,4.39,3,6,5,0.020711,0.452100,TopoStake,pog(D=3_omega=1.00),1.61,1581,0
316,4,0x377eaef292051bbf8ada05b2af76a3f3b9d722a7,27.074253,1772367631,ce0c30d9b0468216c41b560025783c30362b0c000f731de1eb3cafc900b234bb,221,110.50,3.06,1,5,3,0.020747,0.452411,TopoStake,pog(D=3_omega=1.00),1.50,1582,0
317,0,0xc4dc29db975b952e04358340e56b68fa4ba63fbc,4.523765,1772367633,a2fddc141597fbf83b240c91ee6ba65596cf050832fad34b6553bd0be3d15bdc,199,66.33,3.59,1,5,4,0.020742,0.452617,TopoStake,pog(D=3_omega=1.00),2.47,1583,0
317,1,0x6d6b2734a20229ddd7fd4a1470ba3e3bad4e4a85,16.637394,1772367636,48235add884c91a797c2e29ff0308a0f93d9e851dd3b6865d895d8d34bdbaf27,209,104.50,3.67,1,5,4,0.020721,0.451886,TopoStake,pog(D=3_omega=1.00),2.40,1584,0
317,2,0xa3786e459f289a76c0e8af8ad834e3d0c6d47199,26.729752,1772367637,d7106984763a38656f778009e10e0c01ccbd45f357dbb675cebcd5f8d4e31ba8,250,125.00,3.65,1,5,4,0.020721,0.451887,TopoStake,pog(D=3_omega=1.00),2.30,1585,0
317,3,0xcdc82b7c868072205a399d0f68e6e3ad3bfd1ca6,13.200672,1772367639,712c98103b1fc88ddfdf13b06a9aaf07fa18b12f3f70eade4e3182ce5d6c451d,53,53.00,4.55,3,6,5,0.020716,0.452075,TopoStake,pog(D=3_omega=1.00),1.92,1586,0
317,4,0xd46407aa7b668c72de3cf1c1a12b7fa2e308a1b2,13.980537,1772367641,8f3970c9a37e4e56ee3e93d2826d30593a3790f2cabb924f7b7dfae099cae623,210,105.00,3.67,2,5,4,0.020701,0.451854,TopoStake,pog(D=3_omega=1.00),1.48,1587,0
318,0,0x377eaef292051bbf8ada05b2af76a3f3b9d722a7,28.075224,1772367643,a0b41894c9354e9890afe2b138d10f5bab5279791166eeac3944c30b0e7add5e,207,103.50,3.88,1,5,4,0.020701,0.451855,TopoStake,pog(D=3_omega=1.00),1.44,1588,0
318,1,0x13f9dadc05f6c237b03411e2aed1800cf21a5d89,79.415769,1772367645,b2918d8a039c42cd1ee09ce2a72f46f6f9049099db6f37b9699c5f1e3ac8dbb6,186,62.00,3.62,2,5,4,0.020683,0.451926,TopoStake,pog(D=3_omega=1.00),2.46,1589,0
318,2,0x07902d0371763a00d97ed9ba16ff0a206cb0fd19,97.711740,1772367648,14c8935dbba6f6fb064f7bdf1f337d832feae45232d58e47cad1aa2a4ba7a8fb,228,114.00,2.91,1,4,3,0.020719,0.452237,TopoStake,pog(D=3_omega=1.00),2.25,1590,0
318,3,0x28672c71695142588ed26ada6f4b18b8b6c12308,38.720388,1772367649,ce04a9647bfd0c929fc4a6a134731b6d0ac66fae221d43b60498f0d5bcef5f08,250,125.00,2.76,1,4,3,0.020769,0.452571,TopoStake,pog(D=3_omega=1.00),1.88,1591,0
318,4,0x311eb133eb413ac3f21249889bb101e5d40820ce,14.129347,1772367651,3a412923a18aad63b2271dbcdea8f38d11019f696b4cc3240d78e6a72d3c2e9e,27,27.00,3.78,2,5,4,0.020773,0.452841,TopoStake,pog(D=3_omega=1.00),2.00,1592,0
319,0,0xc4dc29db975b952e04358340e56b68fa4ba63fbc,5.524576,1772367653,959612e5a3d09b11c90f1684fc1e7342e560ea8b86708e4ebb3f33be8600ec91,203,101.50,3.56,1,5,4,0.020759,0.452703,TopoStake,pog(D=3_omega=1.00),1.54,1593,0
319,1,0xa068e3c9a21c8d8be636cd2d285895979ec3262e,6.950963,1772367655,f61f799a31193691c9d0be581527a89567ae9cbc8ca1cc41c0e49bece1125a8b,198,99.00,3.72,1,5,4,0.020738,0.452035,TopoStake,pog(D=3_omega=1.00),1.53,1594,0
319,2,0xd1cd4b808ce6b2841ad42746b64c5a047e857ef0,16.235613,1772367657,fe62ea893219e8beeb3ede9ad6b536a0a242f26deac220bc4e8cbdd5d9101efa,190,63.33,4.36,1,6,5,0.020718,0.451492,TopoStake,pog(D=3_omega=1.00),2.58,1595,0
319,3,0x13f9dadc05f6c237b03411e2aed1800cf21a5d89,80.417079,1772367660,643156bc856cf2c2becffc999f3f993881e8a228c4dcc31ccc6e2c5ac944bbd0,201,100.50,3.88,1,6,4,0.020705,0.451474,TopoStake,pog(D=3_omega=1.00),2.44,1596,0
319,4,0x07902d0371763a00d97ed9ba16ff0a206cb0fd19,98.713401,1772367661,e10fcb6bf51e9bbc45875b7a5b4890144b4ecdf3bb15b417c3d4d18f35247dab,250,125.00,2.95,1,5,3,0.020741,0.451783,TopoStake,pog(D=3_omega=1.00),2.11,1597,0
320,0,0x606627477c3734932f47972f83c27cf4e3b35b4f,12.367201,1772367663,02b9599cfd00a476f6727f72efee1b3919b43ae21f86bf0e90586c5c026291e9,140,140.00,2.81,1,4,3,0.020792,0.452117,TopoStake,pog(D=3_omega=1.00),1.37,1598,0
320,1,0xa3786e459f289a76c0e8af8ad834e3d0c6d47199,27.729724,1772367665,4c6819e0c2563714ece8c0a6f1f905c2741399b085a70c8f578f5f2207ebfcfd,179,89.50,3.65,2,5,4,0.020792,0.452118,TopoStake,pog(D=3_omega=1.00),1.50,1599,0
320,2,0x9ba702916c26a8583a7f277d6932b3c0d9927ce0,11.184876,1772367667,bb3b9ef92753a3a2de5943a41f53356e072692eb099bc32cc2d3e2b6147ba1b3,206,103.00,4.21,1,6,4,0.020788,0.452315,TopoStake,pog(D=3_omega=1.00),1.49,1600,0
320,3,0x0d91704595bff3aec25d40822498a51c62b05e3a,64.655575,1772367669,05c0268b6f38f32ce3c7943f8a6e329aff28b23b490700a56693ebb6de104791,202,67.33,3.59,1,5,4,0.020771,0.452019,TopoStake,pog(D=3_omega=1.00),2.57,1601,0
320,4,0x30509a8084fdfe6fe24d9c9a817c209ad194f8e3,55.723537,1772367672,a4a4d502174bc043a58d684d97c022cb172f4be42a8bb10b3945ca6196f399e0,216,108.00,3.13,1,5,3,0.020795,0.452315,TopoStake,pog(D=3_omega=1.00),2.23,1602,0
321,0,0x7e40df5d801345015e84c843908efc6683665fa4,17.659756,1772367673,ee43547b2a549dc215d4188f37d51a1a68b51ecab2b91d0233e76fefd64bebf4,234,117.00,3.33,1,5,3,0.020812,0.452598,TopoStake,pog(D=3_omega=1.00),2.10,1603,0
321,1,0xb990cdf21950e6086c350175c4bc504e45858230,23.131722,1772367675,f88b7bb649eaff4437bd32de5c6dc7706fa787e2beb3c1b1c123ec405ae74198,116,116.00,3.52,1,5,4,0.020800,0.452625,TopoStake,pog(D=3_omega=1.00),1.28,1604,0
321,2,0x71f297f96355f349d66f0e9b681e7d4e11224660,15.170706,1772367677,73e28a8796dec5e62d963e7b061fcbe4b6f743890049b22d016a06a946d0b466,200,100.00,3.98,1,5,4,0.020793,0.452772,TopoStake,pog(D=3_omega=1.00),1.49,1605,0
321,3,0xea287b266dbe2c2d402fd91814bcfc4c95d6b0fd,8.144623,1772367679,6cceb9223414ae5730e393578bff4fd0acb93c2e89d0962dfa94c2daf8158f32,199,66.33,4.00,1,5,4,0.020793,0.452773,TopoStake,pog(D=3_omega=1.00),2.54,1606,0
321,4,0x0d91704595bff3aec25d40822498a51c62b05e3a,65.656660,1772367681,f5901bb90448af72407efe65e47c970f6de934679668cc45aee86e944c0ff4e9,198,99.00,4.11,1,6,4,0.020774,0.452326,TopoStake,pog(D=3_omega=1.00),2.55,1607,0
322,0,0x075e1d95c7891e1c00414ca1aa9a7a8cf6270019,87.280608,1772367684,be38907552e981daffb6ffe8f9aa8c86e957a77dcb4e5c0613481d841c1c149f,236,118.00,3.27,1,5,3,0.020798,0.452620,TopoStake,pog(D=3_omega=1.00),2.31,1608,0
322,1,0x4414c05be2cf328f38d2e3ef4b705d6b894f044a,8.072902,1772367685,dc76414fa23e92606e713645b3c6bbdddcf5fc1455117d81fd061c5515b21748,232,116.00,3.02,1,5,3,0.020839,0.452939,TopoStake,pog(D=3_omega=1.00),1.92,1609,0
322,2,0x4414c05be2cf328f38d2e3ef4b705d6b894f044a,9.073292,1772367687,158bec6488b97c82590d9eb5c08dab0394d90196ee674898f6c7f1f093ed1a4d,88,88.00,3.75,1,5,4,0.020820,0.452477,TopoStake,pog(D=3_omega=1.00),1.20,1610,0
322,3,0x13f9dadc05f6c237b03411e2aed1800cf21a5d89,81.418830,1772367689,32ac6b9d7a9205f05fba8da45dcf0f5e1b725254225197da5b868d2af5cd799b,193,96.50,3.88,1,6,4,0.020802,0.452092,TopoStake,pog(D=3_omega=1.00),1.47,1611,0
322,4,0x13f9dadc05f6c237b03411e2aed1800cf21a5d89,82.419900,1772367691,c2b7c13b2e2a686e32b0585193fa86557fb86fab4d688d3800aa76ba9fc3bc98,222,111.00,3.05,1,5,3,0.020838,0.452399,TopoStake,pog(D=3_omega=1.00),1.50,1612,0
323,0,0x1796dc61e715f15a2d27dfa32bd34780f12a8c24,31.767621,1772367693,25665ff3b4457016478cb47ead735997a89b5a343da12f6a1e2f87fe3cd508b0,202,67.33,3.04,1,5,3,0.020875,0.452705,TopoStake,pog(D=3_omega=1.00),2.37,1613,0
323,1,0x075e1d95c7891e1c00414ca1aa9a7a8cf6270019,88.281869,1772367696,6aea8c87fc85986827f9460730b6afe9f182b7e11a94daf6218f2a716dd76ee5,241,120.50,3.27,1,5,3,0.020874,0.452925,TopoStake,pog(D=3_omega=1.00),2.35,1614,0
323,2,0x37cc7a82e66d4f4c2ae13b9ee895d3af1a1d7a05,9.251415,1772367697,37f811cc93319fd92d9505d30459c33d757bce6e95fc328ef99a4f17db2688c6,250,125.00,3.18,1,5,3,0.020915,0.453243,TopoStake,pog(D=3_omega=1.00),2.18,1615,0
323,3,0x075e1d95c7891e1c00414ca1aa9a7a8cf6270019,89.283110,1772367699,104beb2f58f5a9f12a8b8c8d257060edb3511a382d79aba460d1425348841d63,144,144.00,4.03,1,6,4,0.020897,0.452856,TopoStake,pog(D=3_omega=1.00),1.44,1616,0
323,4,0xc577329e86aaecb006f17fb90499c54671119935,6.302773,1772367701,8e1750b7f7a01d790ac50acb034ddf0b85615d44e46112aeeba16a4127f2a27d,226,113.00,3.11,1,5,3,0.020897,0.452856,TopoStake,pog(D=3_omega=1.00),1.52,1617,0
324,0,0xe478b1e4d1538274c0c70cbd7df877f9abab2f62,14.290999,1772367703,1f2df0dc47d79250a63ba9323602d998fe45f52f41c85132cb644042e7e22f40,195,97.50,3.92,1,6,4,0.020918,0.452574,TopoStake,pog(D=3_omega=1.00),1.52,1618,0
324,1,0x606627477c3734932f47972f83c27cf4e3b35b4f,12.366810,1772367706,13610a16f081a755d4900ef574f543b0a459a3c815db49751a9c4d3e08220c71,196,65.33,4.02,1,5,4,0.020903,0.452440,TopoStake,pog(D=3_omega=1.00),2.41,1619,0
324,2,0x13f9dadc05f6c237b03411e2aed1800cf21a5d89,83.421100,1772367707,7727a0116076125444d42bd2d2e99cf214b2d8aa73dc55430b1e906727a391c9,249,124.50,3.55,1,5,4,0.020888,0.452182,TopoStake,pog(D=3_omega=1.00),2.21,1620,0
324,3,0xc4dc29db975b952e04358340e56b68fa4ba63fbc,6.525188,1772367709,69d1b2b52ce5211fc6186e5ed7e6ffa27ca39d555e2d25b0382a1c4650594773,130,130.00,2.98,2,5,3,0.020925,0.452487,TopoStake,pog(D=3_omega=1.00),1.47,1621,0
324,4,0x07902d0371763a00d97ed9ba16ff0a206cb0fd19,99.715578,1772367711,b633b8ef18f6c352444be56d5a895e098780f2fae9a506f92c939996d70795d2,221,110.50,3.67,1,5,4,0.020904,0.451896,TopoStake,pog(D=3_omega=1.00),1.49,1622,0
325,0,0xc4dc29db975b952e04358340e56b68fa4ba63fbc,7.526225,1772367713,59d44fc54e3afd36eb3ca4fad7b39092618ac4dcdb460dc2db98cd2f38534cb8,179,89.50,2.73,1,4,3,0.020954,0.452225,TopoStake,pog(D=3_omega=1.00),1.60,1623,0
325,1,0x377eaef292051bbf8ada05b2af76a3f3b9d722a7,29.075974,1772367715,4ab8237f9d6bae5aae648ea1c90ea6baac73c2ea0f54c986d2be320981d8996e,211,70.33,3.68,1,5,4,0.020934,0.451728,TopoStake,pog(D=3_omega=1.00),2.46,1624,0
325,2,0x016d3fc36beee7caa8fbd6c1caa42461dd7f9850,38.930236,1772367718,28d40bf777dc13a69ff4768f9b57741d2e3af77eb06290d6f896c56760d54846,214,107.00,3.51,1,5,4,0.020930,0.451934,TopoStake,pog(D=3_omega=1.00),2.29,1625,0
325,3,0xd67aaaf210c0c36ddcb7055222d168b5c9dd1b36,11.177826,1772367719,2d31572c8fa94dc54fc474b783741f896c71fd59045050abbc63aecf0fa47cbf,243,121.50,3.10,1,4,3,0.020934,0.452192,TopoStake,pog(D=3_omega=1.00),2.07,1626,0
325,4,0xf13caa2c5f6f6cf61e51290bfa7826a9140b4faf,15.033972,1772367721,0b17c854e66196e7cb7dc5f532541472e462e0c52f17311e9d141110cc4d23c0,101,101.00,3.76,1,5,4,0.020917,0.451888,TopoStake,pog(D=3_omega=1.00),1.25,1627,0
326,0,0x13f9dadc05f6c237b03411e2aed1800cf21a5d89,84.422031,1772367723,7b73b489b9897372383334938c350c029f39bf5da18528a0b0cf962b696f0062,228,114.00,4.11,1,6,4,0.020903,0.451814,TopoStake,pog(D=3_omega=1.00),1.65,1628,0
326,1,0x6064b9f5883bf9737dfe314ff68c56e09e68ac89,16.186533,1772367725,fdbd5b0fc7a6a4f2275e7b40f19eb90d2587650e970cb49729e286818bd0e581,203,101.50,3.00,1,5,3,0.020941,0.452118,TopoStake,pog(D=3_omega=1.00),1.56,1629,0
326,2,0x075e1d95c7891e1c00414ca1aa9a7a8cf6270019,90.284650,1772367727,dc4e1d483c03ea881f1affbe4935f62a338a0efd6afa4935259b5b655384fa1e,195,65.00,3.86,1,5,4,0.020928,0.452087,TopoStake,pog(D=3_omega=1.00),2.46,1630,0
326,3,0x687bf2437a044a3e42ff2f8a79a8e54ba9601f70,14.056086,1772367730,519922db14fe442172f28597f50b6ce2f73ca824c76efc065d9869aa4446cf75,250,125.00,3.10,1,5,3,0.020969,0.452403,TopoStake,pog(D=3_omega=1.00),2.26,1631,0
326,4,0xa9a524611994a27dd3134d643379aa14edf7cb39,8.078956,1772367731,8e47296202471e54fd0e4209f364b4aa3cb5267451608403aa06e28a053e800a,206,103.00,3.81,1,5,4,0.020955,0.452241,TopoStake,pog(D=3_omega=1.00),1.98,1632,0
327,0,0xac61c91e7d24df824351a6c4e562a75f0cf646f8,14.242223,1772367733,4ed98b9929eb2446194064354861bf2c8093faf7553b453d42b50418f72efd7b,133,133.00,3.73,1,5,4,0.020936,0.451769,TopoStake,pog(D=3_omega=1.00),1.29,1633,0
327,1,0x0d91704595bff3aec25d40822498a51c62b05e3a,66.658238,1772367735,a3f624a0d6674af3fd18eb52df5ab8059d48af4f221b3109b9c1d7cad080c5b3,237,118.50,4.02,1,6,4,0.020921,0.451609,TopoStake,pog(D=3_omega=1.00),1.49,1634,0
327,2,0x53be6e527cc5a7d850b5eae27b9cef342e0665f2,15.042820,1772367737,5cba6d4dec68f70006e1e133fbfdfceae846dcebbef1a4d184e13a948714f01d,204,68.00,3.41,1,5,3,0.020945,0.451900,TopoStake,pog(D=3_omega=1.00),2.55,1635,0
327,3,0x13f9dadc05f6c237b03411e2aed1800cf21a5d89,85.423240,1772367739,ecd31a3fc72eb7af25b72eff72fe5233524b3c13c429f02a87d530dfeb6a5d2b,216,108.00,3.43,1,5,4,0.020931,0.451812,TopoStake,pog(D=3_omega=1.00),2.35,1636,0
327,4,0xc774b0fee7cabbef3b1ae14bf36db3df0d32c1df,12.163298,1772367742,8a0ee57a1e2b9465ee0d7d6c9110e2a650bd2718d046804df4092add8d1dab28,250,125.00,2.94,1,5,3,0.020969,0.452114,TopoStake,pog(D=3_omega=1.00),2.23,1637,0
328,0,0xa3786e459f289a76c0e8af8ad834e3d0c6d47199,28.730204,1772367743,732bd4e1917c48965446407d18b179a0b871c0d5259fe4aed16f945bb2f7cc33,212,106.00,3.95,1,5,4,0.020953,0.451847,TopoStake,pog(D=3_omega=1.00),2.02,1638,0
328,1,0xd67aaaf210c0c36ddcb7055222d168b5c9dd1b36,12.178147,1772367745,bf1180d2f6afb24ab589bcda7a4ad4882b5cf9ff2b5d9b94676fbe22e0a0723d,75,75.00,4.36,1,6,5,0.020949,0.452040,TopoStake,pog(D=3_omega=1.00),1.52,1639,0
328,2,0x07902d0371763a00d97ed9ba16ff0a206cb0fd19,100.717606,1772367747,25faa8a08da496f04cf0c7a2254530aaf9cac878a63abfc02b2aff5feed4f63e,192,96.00,3.78,1,5,4,0.020933,0.451761,TopoStake,pog(D=3_omega=1.00),1.44,1640,0
328,3,0x50f7fa851f9314d682e36da5caa4635039b5305d,35.140891,1772367749,bd0f1f8cdf906ee5f97fcd9c6d69d1ba695fd70ffa8704a8a24224fbb44a5a08,183,91.50,2.78,1,4,3,0.020981,0.452087,TopoStake,pog(D=3_omega=1.00),1.62,1641,0
328,4,0x1796dc61e715f15a2d27dfa32bd34780f12a8c24,32.769125,1772367751,a73f0daf95146b17d0a2a1a5b7eddf403715f8edc8c7c0fa301aa9aca5606279,192,64.00,3.32,1,5,3,0.020982,0.452327,TopoStake,pog(D=3_omega=1.00),2.53,1642,0
329,0,0x58a21eeb7ab18ba8adf1296e66a4487076e95dac,16.085294,1772367754,fa422729437cce27de7ef34a55e774845885a392a8a7613e42a94224649ad4b8,230,115.00,3.31,1,5,3,0.020981,0.452548,TopoStake,pog(D=3_omega=1.00),2.38,1643,0
329,1,0x13f9dadc05f6c237b03411e2aed1800cf21a5d89,86.424829,1772367755,7a7f646d1291b4f1b72be953f90589d66463a9ced58ee7086b31df7a44bf3077,233,116.50,3.87,1,5,4,0.020967,0.452504,TopoStake,pog(D=3_omega=1.00),2.06,1644,0
329,2,0xd1cd4b808ce6b2841ad42746b64c5a047e857ef0,17.236148,1772367757,a792663bfe1b9b17c8b921c1548b3e78dcc1923b1cbe919e747088ae40970bd3,149,149.00,3.28,2,5,3,0.021005,0.452804,TopoStake,pog(D=3_omega=1.00),1.38,1645,0
329,3,0x269cdf52f97e1d9f14b7be895155a7b294f0b21d,21.735729,1772367759,0f1a98b4bd8dba00497eb6c059d55bb1f83bd6d47681c5b8c463d6f2e6324dab,208,104.00,3.93,1,6,4,0.020993,0.452812,TopoStake,pog(D=3_omega=1.00),1.52,1646,0
329,4,0x0d91704595bff3aec25d40822498a51c62b05e3a,67.659396,1772367761,3d51645e19119ecc5c496414ba081bf76d313d2a4d1c4cd68788c67fd7a2d83c,203,101.50,3.61,1,5,4,0.020984,0.452932,TopoStake,pog(D=3_omega=1.00),1.39,1647,0
330,0,0x075e1d95c7891e1c00414ca1aa9a7a8cf6270019,91.286482,1772367763,9a1a16de0141bf03b02afb8417a8c6d1d1b0eb0210327ceaa189f52576e8b135,229,76.33,3.23,1,5,3,0.021008,0.453219,TopoStake,pog(D=3_omega=1.00),2.52,1648,0
330,1,0x213068cb42718d1dd6d00a6d94d62a3def0e68eb,18.368285,1772367766,9f856d29f60634267daa3134a48552770760acf0d0bdfbc5688b0ece8b479bd6,198,99.00,3.04,1,5,3,0.021049,0.453530,TopoStake,pog(D=3_omega=1.00),2.35,1649,0
330,2,0x6064b9f5883bf9737dfe314ff68c56e09e68ac89,17.187313,1772367767,9bffcd02eb9bc1bdc8fc08cb0048192049047857b093c07ff228b6f61107c73c,224,112.00,3.67,1,5,4,0.021037,0.453561,TopoStake,pog(D=3_omega=1.00),2.03,1650,0
330,3,0x24898fcb116b48cb2b6fd5d3b4eb599fee0f4633,14.057210,1772367769,6bd9695f32cd66a806fb5f1e6faf578cbc55d70b2bc26aa071d23715a52996d6,72,72.00,3.82,2,5,4,0.021025,0.453556,TopoStake,pog(D=3_omega=1.00),1.67,1651,0
330,4,0x95ab54d268473cce82094026afefdbd5cadf418b,13.587172,1772367771,980b836b0d74b83aac5f8c580440cbffd2a5c5a9aeee66eadda0486497c98b36,215,107.50,3.56,1,5,4,0.021010,0.453374,TopoStake,pog(D=3_omega=1.00),1.45,1652,0
331,0,0x13f9dadc05f6c237b03411e2aed1800cf21a5d89,87.425943,1772367773,7dfce7c9787e0dcaef0525590fc04f5f261bf4dfbc4f53884ba6bba0bf82c9ee,199,99.50,4.47,2,6,5,0.020995,0.453164,TopoStake,pog(D=3_omega=1.00),1.48,1653,0
331,1,0xe478b1e4d1538274c0c70cbd7df877f9abab2f62,15.291481,1772367775,5c1582c5cbeac6d2a2e87e554cd5fdd033302e4d248b8f77f2058e065b963f08,182,60.67,3.07,2,4,3,0.021033,0.453462,TopoStake,pog(D=3_omega=1.00),2.51,1654,0
331,2,0x7e40df5d801345015e84c843908efc6683665fa4,18.659868,1772367778,2b1cf6e3cdb8d8a28532057411867d759f3d0fe8e21ab54d04310ad85058cd15,208,104.00,3.92,1,5,4,0.021019,0.453382,TopoStake,pog(D=3_omega=1.00),2.46,1655,0
331,3,0x3513d672439a59c26cc5711f2b715ccb4810a774,20.296729,1772367779,4b2b1887bd7838944e543f3779fe9d395c7b4c82408cd0898736867c5a185609,250,125.00,3.30,1,5,3,0.021007,0.453408,TopoStake,pog(D=3_omega=1.00),2.17,1656,0
331,4,0xcb7977f4997b4252c0152e135dd79b3cfe35c1a5,9.610972,1772367781,3d82f83302c59bcddeaa65bb4ffb2b87f67ded05607beeceb5dc1df0c79e06cd,136,136.00,3.72,1,5,4,0.020997,0.453480,TopoStake,pog(D=3_omega=1.00),1.35,1657,0
332,0,0xc774b0fee7cabbef3b1ae14bf36db3df0d32c1df,13.164066,1772367783,633edb4f5f3d7efa538054dcbb7ce9328bf90c07b45d2a38df1e9c8df3148e79,218,109.00,4.16,1,6,4,0.020997,0.453480,TopoStake,pog(D=3_omega=1.00),1.60,1658,0
332,1,0x786f26993bf015cd2da6fb5d3ccd1879e01246ab,17.285556,1772367785,4d30c033aeddd2ac95b766d583eedb191cccb38706b6c64888fece1db04c029f,178,59.33,4.01,2,5,4,0.020982,0.453238,TopoStake,pog(D=3_omega=1.00),2.58,1659,0
332,2,0x07902d0371763a00d97ed9ba16ff0a206cb0fd19,101.719426,1772367787,76689d2c90bc891ac1d8807f53069b4db210ce53f02d332f1f0e94a90c5b3e60,200,100.00,4.12,1,5,4,0.020970,0.453225,TopoStake,pog(D=3_omega=1.00),2.55,1660,0
332,3,0x13f9dadc05f6c237b03411e2aed1800cf21a5d89,88.427297,1772367790,22f672fbbbcd53dcaeb9ba766152b6f56e6a463cf0ca23849a20d9bdd822ecc8,250,125.00,2.72,1,4,3,0.021017,0.453546,TopoStake,pog(D=3_omega=1.00),2.22,1661,0
332,4,0xc4dc29db975b952e04358340e56b68fa4ba63fbc,8.526862,1772367791,1389d19ac22d2fc83fc437099662920f56e1bef633266fde332bc577ceebcfcd,231,115.50,2.97,1,4,3,0.021056,0.453843,TopoStake,pog(D=3_omega=1.00),1.85,1662,0
333,0,0x5cd626f4b83428b146919d30f4b3e481d259a9dc,21.076477,1772367793,57d89e5770308033506ff7a1c12d211a02f383393f020967fef0fdebf25a64c1,100,100.00,3.72,2,5,4,0.021037,0.453402,TopoStake,pog(D=3_omega=1.00),1.01,1663,0
333,1,0x075e1d95c7891e1c00414ca1aa9a7a8cf6270019,92.288042,1772367795,c803b30de720398c7a7ba447ef4e73444fd1cd1964588618c74f9ec80e490c18,191,95.50,4.02,1,6,4,0.021027,0.453498,TopoStake,pog(D=3_omega=1.00),1.54,1664,0
333,2,0x50f7fa851f9314d682e36da5caa4635039b5305d,36.141981,1772367797,2d05fff939d175c21a8bcb174b2344be86c24102dfa3414dfc362e731b9a13c0,218,72.67,3.06,1,5,3,0.021068,0.453807,TopoStake,pog(D=3_omega=1.00),2.47,1665,0
333,3,0xdcf2130496e27a8094ab996aea4aa77788d65869,13.493661,1772367800,bcb5dbf02322429cb7f6d8513767c5adf6e5749d662d651365da7142ef7aed8e,203,101.50,3.23,1,5,3,0.021069,0.454043,TopoStake,pog(D=3_omega=1.00),2.34,1666,0
333,4,0x377eaef292051bbf8ada05b2af76a3f3b9d722a7,30.076991,1772367801,1f7a1605cf9f338b6be52403c495d57947c541a4b5a96f65d0b66df72ee09dde,222,111.00,3.90,1,5,4,0.021054,0.453810,TopoStake,pog(D=3_omega=1.00),2.17,1667,0
334,0,0x13f9dadc05f6c237b03411e2aed1800cf21a5d89,89.428597,1772367803,dbee14ad8afda028d9d9004c1da89deddde6a917fe12151338100e8394d8c3fc,121,121.00,3.70,1,5,4,0.021050,0.454011,TopoStake,pog(D=3_omega=1.00),1.55,1668,0
334,1,0x016d3fc36beee7caa8fbd6c1caa42461dd7f9850,39.931925,1772367805,fd1c97b094e4939cd1b85bb0edb5386b92081d3b5cc04c4ed0d3a9ef270ecd17,228,114.00,3.01,1,5,3,0.021050,0.454011,TopoStake,pog(D=3_omega=1.00),1.57,1669,0
334,2,0x1796dc61e715f15a2d27dfa32bd34780f12a8c24,33.770769,1772367807,e5af2fcf08494d2c2e8d5cfa00fda4e5d6ae59bad95c983c8b9df0e1ee96874a,182,91.00,3.14,2,4,3,0.021054,0.454271,TopoStake,pog(D=3_omega=1.00),1.43,1670,0
334,3,0x07902d0371763a00d97ed9ba16ff0a206cb0fd19,102.721169,1772367809,16f66c77a9bb0dbe5c51a09834f6594b937293ee4203551054aad8e349269dc7,183,61.00,3.34,2,5,3,0.021053,0.454495,TopoStake,pog(D=3_omega=1.00),2.50,1671,0
334,4,0x8d9e46becf415ca26aa698c9657087e6554aabda,6.368350,1772367812,fc89b685238156508005d9c4cf388e0c4238f8be852386a74e51274f8308b50b,237,118.50,2.60,1,4,3,0.021101,0.454813,TopoStake,pog(D=3_omega=1.00),2.25,1672,0
335,0,0x7e40df5d801345015e84c843908efc6683665fa4,19.661101,1772367813,fe83edd6ed6b51fc0aa4858f247f17b6160187e138f002457ddf7ab4384ea58a,205,102.50,3.63,1,5,4,0.021081,0.454214,TopoStake,pog(D=3_omega=1.00),2.15,1673,0
335,1,0x5cd626f4b83428b146919d30f4b3e481d259a9dc,22.077370,1772367815,2e2be3424e07b4aa84cf938939184a65dd8090be178dec872e4e990a18abf52d,145,145.00,3.54,2,5,4,0.021070,0.454256,TopoStake,pog(D=3_omega=1.00),1.35,1674,0
335,2,0x1d1d2c63625de70b1e5ef40056bd2deb89d7fef2,11.056387,1772367817,161ded93b50d6cae083879ee8726f6c3afde3b77ff91f52fb4d658f55adac0b3,207,103.50,3.92,2,6,4,0.021061,0.454367,TopoStake,pog(D=3_omega=1.00),1.57,1675,0
335,3,0x49b57eb4dace37c8819daf079c9c674f766d4f38,15.227875,1772367819,4adde46975141d0e11c35094dd49a6acbb11480401b16a3b7e79b0a2f084d47f,192,64.00,3.74,1,5,4,0.021044,0.454055,TopoStake,pog(D=3_omega=1.00),2.44,1676,0
335,4,0x26d553a2f4343b3a7dc88bbd87b3d0a25d3838d9,21.222470,1772367821,f44acf1eafaa47d3343f02d8592c1252cab927f52312c33c77ebd5edf434f31f,195,97.50,4.04,1,6,4,0.021030,0.453962,TopoStake,pog(D=3_omega=1.00),2.52,1677,0
336,0,0x075e1d95c7891e1c00414ca1aa9a7a8cf6270019,93.289577,1772367824,ba0a37580ed740c9348a4d7f26c638e59260ee622fd8878a8bfd6920238826f9,211,105.50,3.73,2,5,4,0.021020,0.454050,TopoStake,pog(D=3_omega=1.00),2.46,1678,0
336,1,0xa068e3c9a21c8d8be636cd2d285895979ec3262e,7.950251,1772367825,b4068f81da972876f98850975be32b9e184a0aa864bbfd6651fb5edc3e505049,250,125.00,3.04,1,5,3,0.021061,0.454355,TopoStake,pog(D=3_omega=1.00),2.12,1679,0
336,2,0x377eaef292051bbf8ada05b2af76a3f3b9d722a7,31.077550,1772367827,233ec33118cc992f43677fc4c3dcceb51ecbfd1fa53597ea80758b34316fbedf,100,100.00,4.49,2,6,5,0.021042,0.453872,TopoStake,pog(D=3_omega=1.00),1.43,1680,0
336,3,0x30509a8084fdfe6fe24d9c9a817c209ad194f8e3,56.725786,1772367829,cc1da3ccfe534ee37878b97a1e44cdf4c1c7defa6d4df1067f2b5ff7a02e49c1,219,109.50,3.65,2,5,4,0.021039,0.454071,TopoStake,pog(D=3_omega=1.00),1.51,1681,0
336,4,0x71f297f96355f349d66f0e9b681e7d4e11224660,15.169989,1772367831,8ebfd0fc4bb593c6fe96f4bebbfe926830e3dbb7ed4a60f6fa29cbe59d09821d,174,58.00,3.38,1,5,3,0.021054,0.454341,TopoStake,pog(D=3_omega=1.00),2.46,1682,0
337,0,0xac61c91e7d24df824351a6c4e562a75f0cf646f8,15.242804,1772367834,dcf9328693c3acd1af7d37784954d9baeadc45c32b07141c9738790238922594,198,99.00,3.82,1,5,4,0.021040,0.454233,TopoStake,pog(D=3_omega=1.00),2.43,1683,0
337,1,0x30405867b72597aaeb27803bb2c7f3f5fc7d5384,9.503749,1772367835,793821e9d6dc6cb65f736da071eeff34edfbdc56eda319602bdfa8a235c53839,236,118.00,3.93,1,6,4,0.021027,0.454117,TopoStake,pog(D=3_omega=1.00),2.30,1684,0
337,2,0x07902d0371763a00d97ed9ba16ff0a206cb0fd19,103.723133,1772367837,59ee4c5be7650c59a0ece2b58818efca0e0e428b13b34b71c36b2cdf012f6314,106,106.00,3.59,2,5,4,0.021009,0.453746,TopoStake,pog(D=3_omega=1.00),1.80,1685,0
337,3,0xcdc82b7c868072205a399d0f68e6e3ad3bfd1ca6,14.200688,1772367839,9fef05aed078090cd3376bb99a8b51371f45386225e0633f1ece3ba954bdaab5,192,96.00,2.81,2,4,3,0.021056,0.454063,TopoStake,pog(D=3_omega=1.00),1.49,1686,0
337,4,0x606627477c3734932f47972f83c27cf4e3b35b4f,13.367249,1772367841,8ee645b223c3fbabfd785f52cb8a065d49dc2a97f01f50f8549085c07e6f04d3,196,98.00,3.61,1,5,4,0.021042,0.453872,TopoStake,pog(D=3_omega=1.00),1.49,1687,0
338,0,0x07902d0371763a00d97ed9ba16ff0a206cb0fd19,104.724097,1772367843,5763b17553d67cf29f60605216190103138b69dfd9c1706de1b689c8118b1165,209,69.67,3.67,1,5,4,0.021026,0.453623,TopoStake,pog(D=3_omega=1.00),2.40,1688,0
338,1,0x1cb1274c711a6c2e4e1596846e6ac604eeefb358,33.435535,1772367846,a46235cbb4ec2fea9d8086ea7fa0a2e2b36bfb11cd5dc2986369307071c657d1,250,125.00,2.73,1,4,3,0.021074,0.453938,TopoStake,pog(D=3_omega=1.00),2.30,1689,0
338,2,0x30509a8084fdfe6fe24d9c9a817c209ad194f8e3,57.726769,1772367847,194d1e6b23192bff373adb3695a3e4c0555a0d4db0ab96e6058451e665495460,221,110.50,3.49,1,5,4,0.021073,0.454148,TopoStake,pog(D=3_omega=1.00),2.00,1690,0
338,3,0x0d91704595bff3aec25d40822498a51c62b05e3a,68.661087,1772367849,292b7d5c3bf7aef1699eee6e183d454766151a175b53553a7f2a0212e0838f60,140,140.00,3.46,2,5,4,0.021088,0.454416,TopoStake,pog(D=3_omega=1.00),1.35,1691,0
338,4,0x5cd626f4b83428b146919d30f4b3e481d259a9dc,23.078228,1772367851,196a648634f50336ad29923c240e4bf062824cfa39d09ad3a84b9b2ee4af63d8,195,97.50,3.32,2,5,3,0.021088,0.454416,TopoStake,pog(D=3_omega=1.00),1.51,1692,0
339,0,0xea287b266dbe2c2d402fd91814bcfc4c95d6b0fd,9.144149,1772367853,d3fcd33be80aacc6e7b59917f0a5b7a749305364905f4dc989f9115c8d6a3515,205,102.50,4.02,1,6,4,0.021080,0.454543,TopoStake,pog(D=3_omega=1.00),1.48,1693,0
339,1,0x0d91704595bff3aec25d40822498a51c62b05e3a,68.661092,1772367855,b645cf0ca077b345e599c5e7448e291086a242063fc1d4a366a9578c9cc65d00,193,64.33,4.06,1,6,4,0.021062,0.454145,TopoStake,pog(D=3_omega=1.00),2.45,1694,0
339,2,0x07902d0371763a00d97ed9ba16ff0a206cb0fd19,105.725660,1772367858,b4cb474e30f466f2be121ab229b64476b1a8ed597ceefd09c7da7768a34fe9da,230,115.00,3.22,1,5,3,0.021085,0.454425,TopoStake,pog(D=3_omega=1.00),2.21,1695,0
339,3,0x1d1d2c63625de70b1e5ef40056bd2deb89d7fef2,12.057024,1772367860,f3f2865948735f9b5341efcee1a09898c10650432e88e227337a12a03a795d87,250,125.00,2.83,1,4,3,0.021133,0.454739,TopoStake,pog(D=3_omega=1.00),1.93,1696,0
339,4,0xc4dc29db975b952e04358340e56b68fa4ba63fbc,9.526998,1772367862,09daad2150240cfc7031b66ad0306f3431f87e30d7c1ca5e176ef0102ee20e4d,119,59.50,3.61,1,5,4,0.021117,0.454454,TopoStake,pog(D=3_omega=1.00),1.47,1697,0
340,0,0x53be6e527cc5a7d850b5eae27b9cef342e0665f2,16.043644,1772367864,60cd1771c86a1f61b4025f4767a9a6700692b1fb5509523b16cbcaf2770312ee,205,102.50,3.70,1,5,4,0.021099,0.454069,TopoStake,pog(D=3_omega=1.00),1.49,1698,0
340,1,0xc339f8bf978200eb65afce6c7121402eda949097,9.061960,1772367866,faa59c57ff6ac195cd03a1f82bffc9d06969dce1742cbb2f8120d48bedad6884,206,68.67,3.37,1,5,3,0.021086,0.454004,TopoStake,pog(D=3_omega=1.00),2.48,1699,0
340,2,0x213068cb42718d1dd6d00a6d94d62a3def0e68eb,19.368765,1772367869,9e19829b37e4a776f5db1d18b4ff51b4c6cfeabe42c9c275a3ce260bb1672c3f,191,95.50,4.39,1,6,4,0.021067,0.453587,TopoStake,pog(D=3_omega=1.00),2.48,1700,0
340,3,0x13f9dadc05f6c237b03411e2aed1800cf21a5d89,89.429875,1772367870,b64163ff5017d6d114671ff60914f6bec8d23e2e2c52606a82e3a015b04d1784,250,125.00,3.53,1,5,4,0.021056,0.453611,TopoStake,pog(D=3_omega=1.00),2.22,1701,0
340,4,0x1cb1274c711a6c2e4e1596846e6ac604eeefb358,34.436550,1772367872,30e59f1975ddec58a1a9ae343bdcaec016f2ced96997bc36e5e3b20d5634cca7,102,102.00,3.09,1,5,3,0.021093,0.453901,TopoStake,pog(D=3_omega=1.00),1.59,1702,0
341,0,0x8d9e46becf415ca26aa698c9657087e6554aabda,7.369053,1772367874,42d8445f406692040ae10735e52841a6e71be4494ebe853d02a55bfe227e19a2,197,98.50,3.65,1,5,4,0.021092,0.454117,TopoStake,pog(D=3_omega=1.00),1.43,1703,0
341,1,0x13f9dadc05f6c237b03411e2aed1800cf21a5d89,90.430409,1772367876,579d66be3a9c7c277e9a4a262da01d61854f3e4c8dc3eaf6bd1fc5b595086dd2,214,107.00,3.72,1,5,4,0.021073,0.453611,TopoStake,pog(D=3_omega=1.00),1.50,1704,0
341,2,0xa3786e459f289a76c0e8af8ad834e3d0c6d47199,29.729924,1772367878,9a2ef4aec8b5f3c32682cfeb9dd37856b64087126a5dcf1015fe5ffca76525f7,201,67.00,3.01,1,5,3,0.021110,0.453901,TopoStake,pog(D=3_omega=1.00),2.48,1705,0
341,3,0x58a21eeb7ab18ba8adf1296e66a4487076e95dac,17.085740,1772367881,65b28ca7f00eca9b0716bd53f6f695518b6f59069137c5b14923f41d164e6a8d,204,102.00,4.30,1,6,4,0.021106,0.454086,TopoStake,pog(D=3_omega=1.00),2.51,1706,0
341,4,0x13f9dadc05f6c237b03411e2aed1800cf21a5d89,91.431435,1772367882,e1d5e1cd6c8bdf808c84ac4726e3da5b9cc2e12da4d99e6a4019ce80193aae16,250,125.00,3.88,1,5,4,0.021106,0.454086,TopoStake,pog(D=3_omega=1.00),2.17,1707,0
342,0,0x0d91704595bff3aec25d40822498a51c62b05e3a,69.662330,1772367884,e35f0e1b37c1b9525652b333b8563eb90d6d9d7fd72fb6382897c94809b18440,40,40.00,3.55,2,5,4,0.021144,0.454375,TopoStake,pog(D=3_omega=1.00),1.95,1708,0
342,1,0x89100a8056319ba37491b32ba255004180607bc2,24.793294,1772367886,958b9fb1b4f2e0814418589e141a1e6ede67924728fc058d476e1fd0a7c33ed2,191,95.50,3.24,1,5,3,0.021144,0.454375,TopoStake,pog(D=3_omega=1.00),1.45,1709,0
342,2,0x0d91704595bff3aec25d40822498a51c62b05e3a,70.663273,1772367888,8690768493e293e6977a80d5f1b672127bebf9cd4a14c0d77d2c8d08e32a4125,180,90.00,3.86,1,5,4,0.021159,0.454809,TopoStake,pog(D=3_omega=1.00),1.57,1710,0
342,3,0x8719ca31b72ae8a5404006763c53d5ad503dbcb0,9.097981,1772367890,190468ceaa8a2a4d0c400aa31744fe26432f341aef0f82562b6e11e805af338d,212,70.67,3.35,1,5,3,0.021182,0.455085,TopoStake,pog(D=3_omega=1.00),2.49,1711,0
342,4,0x0d91704595bff3aec25d40822498a51c62b05e3a,71.664283,1772367893,33d58ee1401d6ce465e7e6d29dcc7e5acc9bc52b4c099c290021981630fc0733,156,78.00,4.04,1,6,4,0.021164,0.454660,TopoStake,pog(D=3_omega=1.00),2.51,1712,0
343,0,0x30509a8084fdfe6fe24d9c9a817c209ad194f8e3,58.727682,1772367894,fff0fa3f1a12221ed670e42080b5105f4ca7e9254b6ce7ef129a698b04e0c4ee,250,125.00,3.26,1,5,3,0.021188,0.454936,TopoStake,pog(D=3_omega=1.00),2.20,1713,0
343,1,0xd46407aa7b668c72de3cf1c1a12b7fa2e308a1b2,14.979913,1772367896,378451483403b441b859598701be511bd07481e380fa94a9022ea0e4b4f56cda,147,147.00,3.34,1,5,3,0.021204,0.455200,TopoStake,pog(D=3_omega=1.00),1.47,1714,0
343,2,0x07902d0371763a00d97ed9ba16ff0a206cb0fd19,106.728192,1772367898,5eac0248dfcc61eb4ed530625266fdc5c91adfd9a688768b481810c6cc154cdd,199,99.50,3.93,1,5,4,0.021189,0.455059,TopoStake,pog(D=3_omega=1.00),1.49,1715,0
343,3,0xaadc5fea232580cb8fba739ac5d05a48559c7e52,15.345183,1772367900,eb164ca02e5cd07fee0f66e64901f599c2a4e7da825947ea3e0def5b88f816bb,196,65.33,2.75,1,4,3,0.021237,0.455370,TopoStake,pog(D=3_omega=1.00),2.56,1716,0
343,4,0x3d92e045fb1847aae132b40ebfcc471a32f687de,20.134719,1772367903,ba99da5d57564fcc13bd6430f6b6985f8af278e49c694487be435e1fa965a0d2,177,88.50,4.35,2,6,4,0.021223,0.455241,TopoStake,pog(D=3_omega=1.00),2.45,1717,0
344,0,0x4ba33404d90c4ae989714d9d174cd882cffb7994,25.114887,1772367904,496567ce0c5a71987c6e16159bca5ae236bcc2a93da5bfc0b8ad79735e90d5c9,232,116.00,4.00,1,5,4,0.021212,0.455284,TopoStake,pog(D=3_omega=1.00),2.38,1718,0
344,1,0x52e05d9fa4faa167f30baba23c710e4f49115288,5.129396,1772367906,e8c26207247eabe3d71e60ccce69ca9c59e9da0f802d725afa2b684c9061bb6a,119,119.00,4.46,1,6,4,0.021205,0.455435,TopoStake,pog(D=3_omega=1.00),1.53,1719,0
344,2,0x8c11ec9090dd820c076e57e899d9c604c79d6b32,27.576642,1772367908,31b72580457a4e4035bc007e121520bbd7e7521863e80ea03250436c07b93787,244,122.00,4.00,2,5,4,0.021184,0.454776,TopoStake,pog(D=3_omega=1.00),1.67,1720,0
344,3,0x763be7657fec175a3de5f1ee0a506722872c886d,6.015582,1772367910,afd9e2e89cb1a1a7f574050e967f34190f877e42348c4ee2276be337c6b2cc93,203,101.50,4.25,1,6,4,0.021184,0.454777,TopoStake,pog(D=3_omega=1.00),1.57,1721,0
344,4,0x07902d0371763a00d97ed9ba16ff0a206cb0fd19,107.729299,1772367912,f0773ee55800de136474dc0a4454b17342e30e0d9b199c303856471e2fdced45,176,58.67,3.69,1,5,4,0.021158,0.454335,TopoStake,pog(D=3_omega=1.00),2.46,1722,0
345,0,0x71f297f96355f349d66f0e9b681e7d4e11224660,16.170500,1772367915,111ae34c8bce07e1d7a6e31490ed7fcd55e210e98b128fadbc5c4eb167583770,242,121.00,2.64,1,4,3,0.021206,0.454645,TopoStake,pog(D=3_omega=1.00),2.24,1723,0
345,1,0x719361397abe003a91af76243e5f9c7a0cd4279f,21.546880,1772367916,1157ae056479fcbc8c110286fdc1f304f1becb9c7ba688a57192368c2f1f2145,184,92.00,3.88,1,5,4,0.021192,0.454577,TopoStake,pog(D=3_omega=1.00),2.22,1724,0
345,2,0x81d019380961f92c2031b0a7fba69f7675145088,7.473899,1772367918,ff9f0d396d2fbcbc69087bbcb18e6a9f45cd4894205f37bf2e99e21ec3232124,155,155.00,3.72,1,5,4,0.021183,0.454659,TopoStake,pog(D=3_omega=1.00),1.50,1725,0
345,3,0x075e1d95c7891e1c00414ca1aa9a7a8cf6270019,94.292821,1772367920,9bf43fb8b3c008ae869f3cbea1735301e41d1b3638bff0f9f72a134a176320a2,215,107.50,3.70,1,5,4,0.021164,0.454153,TopoStake,pog(D=3_omega=1.00),1.64,1726,0
345,4,0xd39dbd3662315e3935ec08e6b6028e73b3c09de2,13.911094,1772367922,86dd5ed4c72fcb499df6e4cc879e1713485e406562a56b70f5ef0ff8c4ed8816,193,96.50,3.16,1,5,3,0.021202,0.454451,TopoStake,pog(D=3_omega=1.00),1.55,1727,0
346,0,0x763be7657fec175a3de5f1ee0a506722872c886d,7.016361,1772367924,db7bde896ddc89a6b751cbb036864d1a26f46db6bf028531fc7aa6e4f0003f84,180,60.00,4.50,1,6,5,0.021187,0.454229,TopoStake,pog(D=3_omega=1.00),2.49,1728,0
346,1,0xd1cd4b808ce6b2841ad42746b64c5a047e857ef0,18.236142,1772367926,a9e2d30385a815d1ff8a0ec87b5a117d33d91e91fda5c71ccd0facd8939c1a43,203,101.50,3.68,1,5,4,0.021168,0.453686,TopoStake,pog(D=3_omega=1.00),2.42,1729,0
346,2,0x9ba702916c26a8583a7f277d6932b3c0d9927ce0,12.183994,1772367929,b7c2efd1256077c1bc40467dc69b9e481d940c60be20db702f379e154e3cb85c,220,110.00,3.79,1,6,4,0.021156,0.453695,TopoStake,pog(D=3_omega=1.00),2.22,1730,0
346,3,0x1cb1274c711a6c2e4e1596846e6ac604eeefb358,35.437531,1772367930,ee0c63478c93a3a54a8dc626c392ff3f62bd32279a3750c0a7ffdc7512855b1e,204,102.00,3.61,1,5,4,0.021140,0.453408,TopoStake,pog(D=3_omega=1.00),1.99,1731,0
346,4,0x07902d0371763a00d97ed9ba16ff0a206cb0fd19,108.731198,1772367932,2f594ac1f4c7cc7bb9bd0dcd290d73f0ce9d40b93518484634f243e75f9726bd,135,135.00,3.70,1,5,4,0.021139,0.453624,TopoStake,pog(D=3_omega=1.00),1.33,1732,0
347,0,0xa447d277b02012c2afd9ddcbbe123f27cc971963,8.795537,1772367934,9710f29eebdc9318483c46917373651d4365cb6e20f115ab92c0acd042dc0bd5,205,102.50,2.83,2,4,3,0.021187,0.453933,TopoStake,pog(D=3_omega=1.00),1.56,1733,0
347,1,0x34412315480562da4810040fd15c81f99880e1ab,11.885253,1772367936,9e1f5de0584253483474e460fd921cb709272f02d5e95cbb949d691fe02ef36f,201,67.00,3.54,1,5,4,0.021169,0.453493,TopoStake,pog(D=3_omega=1.00),2.50,1734,0
347,2,0x13f9dadc05f6c237b03411e2aed1800cf21a5d89,92.432964,1772367938,248827a644989950791a32c60d6cf9b7155aff0a742a18827e15befd799d1e0a,182,91.00,3.98,1,6,4,0.021153,0.453193,TopoStake,pog(D=3_omega=1.00),2.42,1735,0
347,3,0xa9a524611994a27dd3134d643379aa14edf7cb39,9.078158,1772367940,74bec69dadcc0d5e4e211e163eac0f51bb0ff39a1961f05e58af31fc0c23ebaf,250,125.00,2.91,1,5,3,0.021189,0.453478,TopoStake,pog(D=3_omega=1.00),2.10,1736,0
347,4,0x30509a8084fdfe6fe24d9c9a817c209ad194f8e3,59.728600,1772367942,3ff683844b7b44e08abb419e96d99e05e2f79371d4c0d4c8f690b38f98ad90d6,97,97.00,3.61,1,5,4,0.021171,0.453039,TopoStake,pog(D=3_omega=1.00),1.33,1737,0
348,0,0x24898fcb116b48cb2b6fd5d3b4eb599fee0f4633,15.057719,1772367944,f1ad120f8e2c95f265da95a1f35b18d947e89bdc7a1699323b2e3ce2800955b7,232,116.00,3.35,1,5,3,0.021187,0.453301,TopoStake,pog(D=3_omega=1.00),1.70,1738,0
348,1,0xb7b4ee0a72bc410bf6d32b9cd3f3e11fc756d6f1,5.060818,1772367946,6f5003509ddd4ecfa2dd5700f9eaee41591868fd63c749aebe859f5ca430da39,182,91.00,3.58,1,5,4,0.021172,0.453150,TopoStake,pog(D=3_omega=1.00),1.55,1739,0
348,2,0x07902d0371763a00d97ed9ba16ff0a206cb0fd19,109.732585,1772367948,52322a79ca9a4121c8ffea7d62d630d706d5ec5478a547f59611b8a360756664,222,74.00,3.95,1,6,4,0.021152,0.452486,TopoStake,pog(D=3_omega=1.00),2.54,1740,0
348,3,0x016d3fc36beee7caa8fbd6c1caa42461dd7f9850,40.933583,1772367950,1273e3cdcb75bac40202732a79a78bad0fee4dba7806087d3c022bd2caaddfdf,208,104.00,2.76,1,4,3,0.021200,0.452793,TopoStake,pog(D=3_omega=1.00),2.36,1741,0
348,4,0x9bdb1c7ad4bd8fe797b07c08117c74a591dbab2d,7.427886,1772367953,f8d61c2c6bec5e707ef62584363216b4c1c2ee207150f4d1a8a6171a8ad385ef,224,112.00,2.94,1,4,3,0.021202,0.453043,TopoStake,pog(D=3_omega=1.00),2.12,1742,0
349,0,0x07902d0371763a00d97ed9ba16ff0a206cb0fd19,110.733671,1772367955,1839e6d0c782b7f630c71e1608ea85c56fa3dc1fd8db066ec69ba048e5d954a6,203,101.50,3.78,1,5,4,0.021183,0.452523,TopoStake,pog(D=3_omega=1.00),1.83,1743,0
349,1,0x26d553a2f4343b3a7dc88bbd87b3d0a25d3838d9,22.223005,1772367957,be58c22f1f25d94d598b5470cde99ae614fc73a704bbf777efd4772c4106754a,250,125.00,2.80,1,4,3,0.021183,0.452524,TopoStake,pog(D=3_omega=1.00),1.72,1744,0
349,2,0x1d1d2c63625de70b1e5ef40056bd2deb89d7fef2,13.057091,1772367959,c0de7d12eaa8f39f5e3aaa6f513d1397087e282c45f47b0fadc612dce128b637,109,54.50,3.70,1,5,4,0.021174,0.452619,TopoStake,pog(D=3_omega=1.00),1.21,1745,0
349,3,0x07902d0371763a00d97ed9ba16ff0a206cb0fd19,110.733721,1772367961,0b55cccf7068b212a3cf4c06e5113005c7741d3bff7624c7001f50a6bc91364a,209,69.67,3.65,1,5,4,0.021159,0.452354,TopoStake,pog(D=3_omega=1.00),2.48,1746,0
349,4,0xcb7977f4997b4252c0152e135dd79b3cfe35c1a5,9.609816,1772367963,66078a753b394060e97db230d0aefcf34b6fab41d876de22158f7b6e6fc9c9de,248,124.00,2.65,1,4,3,0.021207,0.452661,TopoStake,pog(D=3_omega=1.00),2.28,1747,0
350,0,0x53be6e527cc5a7d850b5eae27b9cef342e0665f2,17.044675,1772367965,0c58ef6e0d014d959469a27780886620473da0b1d70c32e31b10cbe361cfffd7,177,88.50,4.24,1,6,4,0.021189,0.452263,TopoStake,pog(D=3_omega=1.00),2.32,1748,0
350,1,0x4a217e35f6402e7f62a49f6d62e27c6585c2f3fd,20.489455,1772367967,5b6f6f5d36e419e53de54e82d4732d2dc97d4372af5f5d07ea69639bcf89c88b,168,168.00,3.36,1,5,3,0.021176,0.452234,TopoStake,pog(D=3_omega=1.00),1.48,1749,0
350,2,0x4a217e35f6402e7f62a49f6d62e27c6585c2f3fd,21.490510,1772367969,c7f568df63cb60d5f759b4d7cded9372f3b9bf01cc8967593ad931c2c783484c,213,106.50,3.59,1,5,4,0.021166,0.452283,TopoStake,pog(D=3_omega=1.00),1.65,1750,0
350,3,0x8c11ec9090dd820c076e57e899d9c604c79d6b32,28.577228,1772367971,6f6cd9be19b06766a44715d7e29208e1570e82915157fe9695168ccd69aff4a4,204,68.00,3.59,1,5,4,0.021156,0.452351,TopoStake,pog(D=3_omega=1.00),2.45,1751,0
350,4,0x4ba33404d90c4ae989714d9d174cd882cffb7994,26.114933,1772367973,a994404a7fd9dff6352609e7f54fb14ec3a8bed34cb4d357ca9705f18b57c839,204,102.00,4.17,1,6,4,0.021151,0.452520,TopoStake,pog(D=3_omega=1.00),2.48,1752,0
351,0,0x4414c05be2cf328f38d2e3ef4b705d6b894f044a,10.072121,1772367976,40e1646daf25d4f0028d4baf227d14a6740067b0c60a97c3d2f44986ec85a653,225,112.50,4.45,1,6,5,0.021144,0.452678,TopoStake,pog(D=3_omega=1.00),2.43,1753,0
351,1,0x07902d0371763a00d97ed9ba16ff0a206cb0fd19,111.735359,1772367978,bdace09cdd5373dc4fe8a0a04ec40da3cf7a8ac08e9e4fc577512d590e93b33a,248,124.00,3.80,1,5,4,0.021127,0.452328,TopoStake,pog(D=3_omega=1.00),2.13,1754,0
351,2,0x28672c71695142588ed26ada6f4b18b8b6c12308,39.720332,1772367980,0bdcd899cfd761518cd48b0771f3c6c1ad5c787ce8c8a4c559cf2fbcd7f78745,148,74.00,2.84,1,4,3,0.021175,0.452633,TopoStake,pog(D=3_omega=1.00),1.57,1755,0
351,3,0x4a217e35f6402e7f62a49f6d62e27c6585c2f3fd,22.491465,1772367982,14f882fe2e7d5e16014d04d5c657ba8b588929c258508afccee1c71195346972,193,96.50,3.63,2,5,4,0.021177,0.452870,TopoStake,pog(D=3_omega=1.00),1.52,1756,0
351,4,0x0d91704595bff3aec25d40822498a51c62b05e3a,72.666424,1772367984,7cf777bc32346740410d394b0081497a460d3be3937c9dacf92570ea99795612,192,64.00,3.72,1,5,4,0.021168,0.452966,TopoStake,pog(D=3_omega=1.00),2.43,1757,0
352,0,0x26d553a2f4343b3a7dc88bbd87b3d0a25d3838d9,23.223391,1772367987,e7a7f331345148464c23c9656fd5c479887470a37e22751134ce65d37e97e3a7,192,96.00,3.11,1,5,3,0.021190,0.453236,TopoStake,pog(D=3_omega=1.00),2.36,1758,0
352,1,0x28672c71695142588ed26ada6f4b18b8b6c12308,40.721263,1772367988,de64cf2bcef853bad1471c1f72b95274acaf370b893042f0b82120a2db62ef1c,235,117.50,3.64,1,5,4,0.021182,0.453347,TopoStake,pog(D=3_omega=1.00),2.23,1759,0
352,2,0x60705151f1f537cacd5b801f3ef1b31dc3f605de,4.280978,1772367990,b569c927da58bdddabe902b5162afc50fcdf28ca7280a5358dfe99242f907eb3,158,158.00,3.57,2,5,4,0.021184,0.453583,TopoStake,pog(D=3_omega=1.00),1.44,1760,0
352,3,0xfb35fdafcfc84561a42700a4a1c274edeb75bdc1,5.038945,1772367992,f3e71b9d28f00bbde5ea9073a80a3c2befaf0f639df89a5fce4d6dd73e53b7cd,192,96.00,4.12,1,6,4,0.021163,0.452895,TopoStake,pog(D=3_omega=1.00),1.54,1761,0
352,4,0x0d91704595bff3aec25d40822498a51c62b05e3a,73.667526,1772367994,9a4b19584fd64b22b110b3491fd6614982ed1b1bfa68859740a63632e3dc2d37,223,74.33,4.02,1,6,4,0.021143,0.452224,TopoStake,pog(D=3_omega=1.00),2.50,1762,0
353,0,0x95ab54d268473cce82094026afefdbd5cadf418b,14.586317,1772367996,ba5bff833d70af5ffadd042dddc4b407bad79a70fb10ac1cbd2a18c9eab42316,197,98.50,3.23,1,5,3,0.021166,0.452495,TopoStake,pog(D=3_omega=1.00),2.47,1763,0
353,1,0x53be6e527cc5a7d850b5eae27b9cef342e0665f2,18.045415,1772367999,2c00daf40a4616587f27cd42e4d211fec06962377862ed7c57794a7c02b9602d,185,92.50,4.43,1,6,5,0.021152,0.452314,TopoStake,pog(D=3_omega=1.00),2.45,1764,0
353,2,0x60705151f1f537cacd5b801f3ef1b31dc3f605de,5.281871,1772368000,8d9a6ac0c38d87905863ebfdc1197424124fe0da45e6b98ef4cb8e0efa863d48,250,125.00,3.44,1,5,3,0.021140,0.452309,TopoStake,pog(D=3_omega=1.00),2.26,1765,0
353,3,0x71f297f96355f349d66f0e9b681e7d4e11224660,17.171110,1772368002,cc2c35f2918c779f299c700bf793b9445708e6b363a0b162b025bf6ba15960ba,103,103.00,4.27,1,6,4,0.021120,0.451646,TopoStake,pog(D=3_omega=1.00),1.63,1766,0
353,4,0x30509a8084fdfe6fe24d9c9a817c209ad194f8e3,60.730078,1772368004,f9e8b251ab68dc3f9cd29deaa3ba9b94f226ac814439627fcfd04706bf45de6f,187,93.50,3.98,1,5,4,0.021107,0.451610,TopoStake,pog(D=3_omega=1.00),1.52,1767,0
354,0,0x13f9dadc05f6c237b03411e2aed1800cf21a5d89,93.435514,1772368006,5f3a3edb43e8ec3cb1b22cdfda87dd7d91ec5b68762ac7a557b3641ef4f7014c,234,78.00,3.41,1,5,3,0.021122,0.451869,TopoStake,pog(D=3_omega=1.00),2.51,1768,0
354,1,0x1cb1274c711a6c2e4e1596846e6ac604eeefb358,36.438120,1772368008,b8466fca62a82dc1214342c224456788ddd3f7cd9cf38586543cad18e8bf8720,203,101.50,3.07,1,5,3,0.021158,0.452150,TopoStake,pog(D=3_omega=1.00),2.46,1769,0
354,2,0x07902d0371763a00d97ed9ba16ff0a206cb0fd19,112.737118,1772368011,483d0c6fdcf386ebeec06132ba92cbfb01502ebdf05604930690e62dd9895d4b,238,119.00,3.45,1,5,4,0.021157,0.452366,TopoStake,pog(D=3_omega=1.00),2.45,1770,0
354,3,0xa9a524611994a27dd3134d643379aa14edf7cb39,10.078080,1772368012,f5074fc45717b9c00fcd6a0d3d2842701fd021914274be9795bcaaf3f17d42d5,250,125.00,2.68,1,4,3,0.021205,0.452668,TopoStake,pog(D=3_omega=1.00),2.13,1771,0
354,4,0x9ba702916c26a8583a7f277d6932b3c0d9927ce0,13.184463,1772368014,6feba1edee4e2f1857dff2b910936485494543dbdfa2b0e1f5d1cb74524fe045,51,51.00,3.67,1,5,4,0.021188,0.452311,TopoStake,pog(D=3_omega=1.00),2.00,1772,0
355,0,0x07902d0371763a00d97ed9ba16ff0a206cb0fd19,113.738411,1772368016,abfa7f2c4ce94f24f9ca8eb3ccebdc8fc1435b038f05b99021d33e3c870e6c7b,197,98.50,3.70,1,5,4,0.021173,0.452044,TopoStake,pog(D=3_omega=1.00),1.51,1773,0
355,1,0x07902d0371763a00d97ed9ba16ff0a206cb0fd19,114.739306,1772368018,f074abcefd14740a43b249e3a0bee7306a1e455509f28e6fdca3b9350f5d26f2,185,92.50,2.81,1,4,3,0.021221,0.452346,TopoStake,pog(D=3_omega=1.00),1.50,1774,0
355,2,0x89100a8056319ba37491b32ba255004180607bc2,25.793588,1772368020,7ef2a69234658f308f62d8f634c114278666ffc3f420eba23821dc2249e35f40,198,66.00,2.71,1,4,3,0.021269,0.452648,TopoStake,pog(D=3_omega=1.00),2.48,1775,0
355,3,0x81d019380961f92c2031b0a7fba69f7675145088,8.474078,1772368023,701a92131fefa599689c5116a5c0efde2325f0cc0dccbf9e976472328d34d9e0,186,93.00,3.81,1,5,4,0.021262,0.452792,TopoStake,pog(D=3_omega=1.00),2.47,1776,0
355,4,0x0d91704595bff3aec25d40822498a51c62b05e3a,74.668795,1772368024,4b42d569189e57e07fa7e8f3826dba22a730d5fc51ed6f47968aaf36eb188ee1,250,125.00,3.66,1,5,4,0.021262,0.452793,TopoStake,pog(D=3_omega=1.00),2.23,1777,0
356,0,0x016d3fc36beee7caa8fbd6c1caa42461dd7f9850,41.934927,1772368026,7de078e7c787323daf52da78bbf9d82a5c6a92e3b4789e47edf7589caaf5b07c,46,46.00,3.50,2,5,4,0.021285,0.453060,TopoStake,pog(D=3_omega=1.00),1.96,1778,0
356,1,0x07902d0371763a00d97ed9ba16ff0a206cb0fd19,115.740387,1772368028,dfaec90d8a5be191391bd9bb2fe35581451458da9c8cc736460ede65f6ab705a,189,94.50,3.05,1,4,3,0.021288,0.453305,TopoStake,pog(D=3_omega=1.00),1.52,1779,0
356,2,0xcb7977f4997b4252c0152e135dd79b3cfe35c1a5,10.609990,1772368030,b509a5f69f261c66d13878d7cbb997cf81ea2eafaac773f70ad0f0685385d849,206,103.00,2.77,1,4,3,0.021337,0.453605,TopoStake,pog(D=3_omega=1.00),1.47,1780,0
356,3,0x30405867b72597aaeb27803bb2c7f3f5fc7d5384,10.503158,1772368033,4837e4d64f1b170ab4ad607605068cf2eacc09ea095ff9b2d2098788118f8599,201,67.00,4.27,2,6,4,0.021320,0.453280,TopoStake,pog(D=3_omega=1.00),2.41,1781,0
356,4,0x7e40df5d801345015e84c843908efc6683665fa4,20.661159,1772368034,44249a932413190efce15bf9a98207f6f0fa80d322f03a2fa988ee05df8dce7b,204,102.00,3.42,1,5,3,0.021303,0.452939,TopoStake,pog(D=3_omega=1.00),2.18,1782,0
357,0,0x07902d0371763a00d97ed9ba16ff0a206cb0fd19,116.741510,1772368036,3a061768cf2124b004f00258701c0241ca81711ac77cfbe4b4495ea908347fd6,134,134.00,3.42,2,5,3,0.021292,0.452982,TopoStake,pog(D=3_omega=1.00),1.31,1783,0
357,1,0x07902d0371763a00d97ed9ba16ff0a206cb0fd19,117.742535,1772368038,50d8d6e02d564a95151ea0d0244d1820052bb98a854e61ba0c9332066475d461,207,103.50,2.81,1,4,3,0.021342,0.453282,TopoStake,pog(D=3_omega=1.00),1.63,1784,0
357,2,0x81d019380961f92c2031b0a7fba69f7675145088,8.473979,1772368040,2e8c4cff3b506010239c97d4a8f6eabaae5198490767e5971060eab7eb2395f5,222,111.00,2.74,1,4,3,0.021342,0.453282,TopoStake,pog(D=3_omega=1.00),1.47,1785,0
357,3,0x1d1d2c63625de70b1e5ef40056bd2deb89d7fef2,14.057691,1772368042,ba1c2bdb44b5f2ad1ebd1464c2bcea4134bdbd62f4875f985a592411622ddfa7,200,66.67,3.65,1,5,4,0.021373,0.453125,TopoStake,pog(D=3_omega=1.00),2.48,1786,0
357,4,0x58a21eeb7ab18ba8adf1296e66a4487076e95dac,17.084601,1772368044,2075ac30976893dc2c06f7300c9462e05e5c9f69a60cf6e6d40ac8389ae7f243,202,101.00,3.64,1,5,4,0.021358,0.452903,TopoStake,pog(D=3_omega=1.00),2.47,1787,0
358,0,0x30509a8084fdfe6fe24d9c9a817c209ad194f8e3,61.731343,1772368046,5559b9adfeb04196550167d5bc71a93984278024596eeb22112f6e708311652e,203,101.50,3.83,2,5,4,0.021345,0.452854,TopoStake,pog(D=3_omega=1.00),2.29,1788,0
358,1,0x13f9dadc05f6c237b03411e2aed1800cf21a5d89,94.437393,1772368048,28e85df1a67bae62d12fb73f3d8693db5c87b5297131efd1dd8612e4cb24a73f,152,152.00,3.24,1,5,3,0.021360,0.453109,TopoStake,pog(D=3_omega=1.00),1.41,1789,0
358,2,0x30405867b72597aaeb27803bb2c7f3f5fc7d5384,11.504059,1772368050,aeba62d483d2a5e93e8dee2269759ea0b02a9f79fd4632cd82dfb47f1d4802ff,182,91.00,3.03,1,4,3,0.021395,0.453387,TopoStake,pog(D=3_omega=1.00),1.65,1790,0
358,3,0x8c11ec9090dd820c076e57e899d9c604c79d6b32,29.577667,1772368052,9547bbc208ebd2c7d3cbcb1f82c4c8f080bfd031d85095c7f62f28dc465ea8cd,197,98.50,3.48,1,4,4,0.021379,0.453085,TopoStake,pog(D=3_omega=1.00),1.50,1791,0
358,4,0x786f26993bf015cd2da6fb5d3ccd1879e01246ab,18.284592,1772368054,6c6b47f6118137f47d02514d6d89e756b0e49915d971f9d1a401f53ce221d19d,193,64.33,4.11,1,6,4,0.021373,0.453250,TopoStake,pog(D=3_omega=1.00),2.44,1792,0
359,0,0x81193196c1dbdbf80709d43a5af5ce21c201fbd7,10.825456,1772368057,29d63febb56c04e25ff7b41c5d2b58ea344846c2fb84011429914992f1e558e7,185,92.50,4.01,1,5,4,0.021361,0.453241,TopoStake,pog(D=3_omega=1.00),2.49,1793,0
359,1,0x6064b9f5883bf9737dfe314ff68c56e09e68ac89,18.185703,1772368058,3fa6e27055e1e2d2cab7e4da536cd778b1c81ac3a3b34ac53ababa70079b50fd,246,123.00,3.83,2,6,4,0.021345,0.452908,TopoStake,pog(D=3_omega=1.00),2.29,1794,0
359,2,0x24898fcb116b48cb2b6fd5d3b4eb599fee0f4633,16.058233,1772368060,ec2220856e3a0eabeaf27545c9db73c19f1e3a53bf4e904cef749a508e842d3c,86,86.00,3.87,1,5,4,0.021332,0.452886,TopoStake,pog(D=3_omega=1.00),1.69,1795,0
359,3,0x6414c6a8400ff3419cd81855d09de2848d770e0e,6.131958,1772368062,5adfe173c891a722aab4dd8d88e6906e2c2fd6546cd2e90000fe6f54598ec6e3,189,94.50,3.71,1,5,4,0.021319,0.452803,TopoStake,pog(D=3_omega=1.00),1.53,1796,0
359,4,0x075e1d95c7891e1c00414ca1aa9a7a8cf6270019,95.297035,1772368064,8248affe8005c08b570d95fd35115a260703a9d1a24261cf1e720b33fa2c8062,193,96.50,3.96,1,5,4,0.021300,0.452211,TopoStake,pog(D=3_omega=1.00),1.53,1797,0
360,0,0x016d3fc36beee7caa8fbd6c1caa42461dd7f9850,42.935950,1772368066,ae7232e48052e0a9b1c430a5ecdb46d058313daab853acfd73de0e726265ee95,195,65.00,3.24,1,5,3,0.021335,0.452496,TopoStake,pog(D=3_omega=1.00),2.48,1798,0
360,1,0x07902d0371763a00d97ed9ba16ff0a206cb0fd19,118.744442,1772368068,839ece0c8fa626f1fa3aeb35c9dd8e6bf8e82984386fd8bbb5bf8a8c29f23c61,195,97.50,3.12,2,4,3,0.021338,0.452739,TopoStake,pog(D=3_omega=1.00),2.43,1799,0
360,2,0x50f7fa851f9314d682e36da5caa4635039b5305d,37.143560,1772368070,9c51e3e09b7a7b717a9884b91d1a4a0b2a556dcc1e3ad14077389d56cfa10d1c,250,125.00,2.77,2,4,3,0.021387,0.453036,TopoStake,pog(D=3_omega=1.00),2.08,1800,0
360,3,0x075e1d95c7891e1c00414ca1aa9a7a8cf6270019,96.298028,1772368072,49b58ecbfd16f42e5e9f4a2403c23111b6d146b4fb9be793703dfdd9e0d9ab71,51,51.00,3.45,2,5,4,0.021386,0.453253,TopoStake,pog(D=3_omega=1.00),2.00,1801,0
360,4,0x13f9dadc05f6c237b03411e2aed1800cf21a5d89,95.438727,1772368074,8c0d87ece55053de46f865504d6e0d03c81790df5928c24a43ae92de97f0c337,194,97.00,3.15,1,5,3,0.021386,0.453253,TopoStake,pog(D=3_omega=1.00),1.56,1802,0
361,0,0x075e1d95c7891e1c00414ca1aa9a7a8cf6270019,96.298041,1772368076,248028e364ab4c9236452863f83500084eb376c494ead499ca8c987ea40219eb,211,105.50,2.93,1,5,3,0.021421,0.453529,TopoStake,pog(D=3_omega=1.00),1.49,1803,0
361,1,0x269cdf52f97e1d9f14b7be895155a7b294f0b21d,22.735418,1772368078,34b0a35592277b16424cfc1b1965b560a26a331bcfac751e0be94b3a9a3340cc,191,63.67,3.23,2,5,3,0.021456,0.453813,TopoStake,pog(D=3_omega=1.00),2.43,1804,0
361,2,0xb7b4ee0a72bc410bf6d32b9cd3f3e11fc756d6f1,6.060942,1772368081,dc879ec15adceb4cbfe319bf3842fd123f1e024574b4dc173111ffdf347638cc,209,104.50,3.56,1,5,4,0.021447,0.453901,TopoStake,pog(D=3_omega=1.00),2.40,1805,0
361,3,0xd46407aa7b668c72de3cf1c1a12b7fa2e308a1b2,15.979469,1772368082,c03ab0d0c72e79c3b7d15bfaf1a9dc43cc91c5b057510900238ff21c5bd801aa,210,105.00,3.72,1,6,4,0.021427,0.453295,TopoStake,pog(D=3_omega=1.00),2.05,1806,0
361,4,0x28672c71695142588ed26ada6f4b18b8b6c12308,41.722005,1772368084,eadaf175e3cafd8a93ab21ecaf035dd63e65632407271a1cda04440f9d9b0d32,145,145.00,3.81,1,5,4,0.021414,0.453195,TopoStake,pog(D=3_omega=1.00),1.51,1807,0
362,0,0x26d553a2f4343b3a7dc88bbd87b3d0a25d3838d9,24.224129,1772368086,855521af19342917a410b9052c9dc01de13940e5c8aa3cf33ea63745652453bc,201,100.50,3.56,1,5,4,0.021416,0.453426,TopoStake,pog(D=3_omega=1.00),1.53,1808,0
362,1,0x07902d0371763a00d97ed9ba16ff0a206cb0fd19,119.746158,1772368088,cb19469f0619832356a82c75fb7bcffd859d5eda2fc2edf85325826a3181ab51,184,92.00,3.80,1,5,4,0.021407,0.453556,TopoStake,pog(D=3_omega=1.00),1.47,1809,0
362,2,0x81d019380961f92c2031b0a7fba69f7675145088,9.474539,1772368090,69104e5ee4d640bfdfff5b44954ae159d21b8062b3176ef5b008e06c845153ff,190,63.33,2.79,1,4,3,0.021456,0.453852,TopoStake,pog(D=3_omega=1.00),2.53,1810,0
362,3,0xc774b0fee7cabbef3b1ae14bf36db3df0d32c1df,14.162568,1772368093,34d2f15d144f1e37c73bbde9035d9cfd02388569cc709e6c51e38287888406c8,238,119.00,3.53,1,5,4,0.021439,0.453434,TopoStake,pog(D=3_omega=1.00),2.45,1811,0
362,4,0x7e40df5d801345015e84c843908efc6683665fa4,21.661525,1772368094,8416d81af9564d8fe20e237ae4e89c288b8e4d6636fc12a50a9af826cfcd4672,231,115.50,3.96,1,5,4,0.021439,0.453434,TopoStake,pog(D=3_omega=1.00),2.18,1812,0
363,0,0xcb7977f4997b4252c0152e135dd79b3cfe35c1a5,11.610371,1772368096,8f23034eb50c6c41a6dc668a52aaf9a0f9c03bda7011bde47423f87543c705a7,46,46.00,3.61,2,5,4,0.021429,0.453489,TopoStake,pog(D=3_omega=1.00),1.89,1813,0
363,1,0xd39dbd3662315e3935ec08e6b6028e73b3c09de2,14.910649,1772368098,4c95676ffdefd18e41d29df22dcd7c8e461b0c4acac5daa78872ced68964d476,189,94.50,4.15,1,6,4,0.021412,0.453179,TopoStake,pog(D=3_omega=1.00),1.43,1814,0
363,2,0x3513d672439a59c26cc5711f2b715ccb4810a774,21.295521,1772368100,913ab632b5cf769f5c02bb4df6ca703b836ce7ead21a4a06e5eae1eec9ed883c,208,69.33,4.58,1,6,5,0.021398,0.453008,TopoStake,pog(D=3_omega=1.00),2.56,1815,0
363,3,0x53be6e527cc5a7d850b5eae27b9cef342e0665f2,19.046498,1772368103,a46d254d36519cf8b7b6fa3e8483699f2dbe16b2d75d4e87959bc2157ddcb85d,186,93.00,3.82,1,5,4,0.021388,0.453050,TopoStake,pog(D=3_omega=1.00),2.50,1816,0
363,4,0xa7e4d4d949807065ebf85adc1be8c382c7236c15,6.196480,1772368104,db3ad72f80e3d9a7a5ebdce789f747e0ae92d9b6624a96bfd5eb010cf902de4c,250,125.00,3.41,1,5,3,0.021376,0.453054,TopoStake,pog(D=3_omega=1.00),2.30,1817,0
364,0,0x81193196c1dbdbf80709d43a5af5ce21c201fbd7,11.826327,1772368106,42370b6537877aee7fe060d7a33cf7289a9e6cfc8092a62bf4cc7a49cba81bf2,129,129.00,3.67,1,5,4,0.021357,0.452452,TopoStake,pog(D=3_omega=1.00),1.32,1818,0
364,1,0x13f9dadc05f6c237b03411e2aed1800cf21a5d89,96.440637,1772368108,927ffb5c594e7d5b45268ef37ef4d8e30bca1b1064dad3dcb639679dfecf1616,202,101.00,3.94,1,5,4,0.021341,0.452139,TopoStake,pog(D=3_omega=1.00),1.63,1819,0
364,2,0xa447d277b02012c2afd9ddcbbe123f27cc971963,9.795291,1772368110,f2080cb841083eed985ec9fcae87cf3d0a03ecf03f2b17b9bdff0f948ff392a9,189,94.50,3.16,1,5,3,0.021376,0.452414,TopoStake,pog(D=3_omega=1.00),1.48,1820,0
364,3,0xd39dbd3662315e3935ec08e6b6028e73b3c09de2,15.911306,1772368112,072b108a8f20b616c3403b99298e006765ce3cffed5bb9bb2ed5b59f4cb8cd36,208,69.33,3.46,1,5,4,0.021358,0.452015,TopoStake,pog(D=3_omega=1.00),2.49,1821,0
364,4,0x075e1d95c7891e1c00414ca1aa9a7a8cf6270019,97.299541,1772368115,45f34d4426954e100f229e24cac154ecc6ca2cce671008d59d355c46ad4c8871,194,97.00,4.52,1,6,5,0.021345,0.451902,TopoStake,pog(D=3_omega=1.00),2.45,1822,0
365,0,0x13f9dadc05f6c237b03411e2aed1800cf21a5d89,97.441727,1772368116,6f6da23a28731cef6faa4c4e6628542ca6bba1ac91fb07fd8f971925fa87f884,250,125.00,3.16,1,5,3,0.021380,0.452184,TopoStake,pog(D=3_omega=1.00),2.27,1823,0
365,1,0x30509a8084fdfe6fe24d9c9a817c209ad194f8e3,62.732382,1772368118,ea83dd4ded8964ec1146d393431c1bc4e5d46aaac1ec5b1c465c2d9746eff95d,113,113.00,3.04,2,5,3,0.021415,0.452457,TopoStake,pog(D=3_omega=1.00),1.42,1824,0
365,2,0xd61b00c297972877b45f8d7f4d67fdaf20c67c59,4.309745,1772368120,7b58e332c267a44f54f31db8e76760552dfe7d9174328ff128e55e250dc035d2,189,94.50,3.33,1,5,3,0.021429,0.452708,TopoStake,pog(D=3_omega=1.00),1.56,1825,0
365,3,0x49b57eb4dace37c8819daf079c9c674f766d4f38,16.227142,1772368122,4327daead79d9c875dd9960321a17cec28704b989812f8bc822ba6fb54b5071f,193,96.50,4.47,1,6,5,0.021409,0.452031,TopoStake,pog(D=3_omega=1.00),1.53,1826,0
365,4,0x07902d0371763a00d97ed9ba16ff0a206cb0fd19,120.748193,1772368124,0cf8b4b0262dff217d54b802bd62700f347b590ed1533778051c3e99db43dc5f,201,67.00,4.00,1,6,4,0.021395,0.451933,TopoStake,pog(D=3_omega=1.00),2.50,1827,0
366,0,0x30405867b72597aaeb27803bb2c7f3f5fc7d5384,12.504702,1772368127,59834417a7e326e63119e130648114e4c8b4b3e835091b5bf61a88e658ff82fa,224,112.00,2.64,1,4,3,0.021444,0.452227,TopoStake,pog(D=3_omega=1.00),2.26,1828,0
366,1,0x26d553a2f4343b3a7dc88bbd87b3d0a25d3838d9,25.224836,1772368128,4930cba2b6fde7deb3b8dd324ec7742eaad3163539fe4597e8631894f10d2928,218,109.00,3.49,1,5,4,0.021428,0.451938,TopoStake,pog(D=3_omega=1.00),2.00,1829,0
366,2,0x269cdf52f97e1d9f14b7be895155a7b294f0b21d,23.736220,1772368130,b635d9c4c5cfd14c79f35a82d5c774fed585a52b6776a396d1aa45577c3eb718,133,133.00,3.77,1,5,4,0.021428,0.451938,TopoStake,pog(D=3_omega=1.00),1.29,1830,0
366,3,0x0d91704595bff3aec25d40822498a51c62b05e3a,75.670000,1772368132,17ec46565b57bbbd0eceb10ba369dc37b898b66341db013edd3ccfed7c1ab6d0,205,102.50,3.67,1,5,4,0.021420,0.452049,TopoStake,pog(D=3_omega=1.00),1.62,1831,0
366,4,0x07902d0371763a00d97ed9ba16ff0a206cb0fd19,121.749500,1772368134,83926d55a807eb2d8bb2cc4f0c69e3baafa4667f32d61329e0e5c8cfba13a569,193,96.50,3.22,1,5,3,0.021441,0.452310,TopoStake,pog(D=3_omega=1.00),1.47,1832,0
367,0,0xe478b1e4d1538274c0c70cbd7df877f9abab2f62,16.290160,1772368136,692915b5606c61c5a449969552211e46869a6ea46cad29ddd0b82905e6c2f0f5,193,64.33,2.78,1,4,3,0.021490,0.452603,TopoStake,pog(D=3_omega=1.00),2.49,1833,0
367,1,0x075e1d95c7891e1c00414ca1aa9a7a8cf6270019,98.301150,1772368139,3436e3f0245484e9a365a21a36f1eba7e3b2394de3a612abb05cffc07d68ff97,225,112.50,3.89,1,5,4,0.021477,0.452500,TopoStake,pog(D=3_omega=1.00),2.39,1834,0
367,2,0xc4dc29db975b952e04358340e56b68fa4ba63fbc,10.526059,1772368140,52c8a91297eedf99bc457e455b02e771e441ed5c7aa93c862c13ab2f06bb114a,250,125.00,3.12,1,5,3,0.021512,0.452779,TopoStake,pog(D=3_omega=1.00),2.13,1835,0
367,3,0x4a217e35f6402e7f62a49f6d62e27c6585c2f3fd,23.491559,1772368142,e3b2ed4343795d9a9182e28b7a92d37acd75afc8888fab343260a260a0a68c47,128,128.00,3.66,1,5,4,0.021495,0.452428,TopoStake,pog(D=3_omega=1.00),1.41,1836,0
367,4,0x1cb1274c711a6c2e4e1596846e6ac604eeefb358,37.439160,1772368144,b1f17eeeb84605be39cdbb109b339bb66bb459224058fcb61ef8369a43eb0fd0,235,117.50,3.66,1,5,4,0.021486,0.452523,TopoStake,pog(D=3_omega=1.00),1.69,1837,0
368,0,0x37cc7a82e66d4f4c2ae13b9ee895d3af1a1d7a05,10.248409,1772368146,b90a02f68a83aca2e1f474462fdfda45e3f3d1716b31ffc6ab04dbd848ef85b1,204,68.00,3.55,1,5,4,0.021485,0.452732,TopoStake,pog(D=3_omega=1.00),2.55,1838,0
368,1,0x075e1d95c7891e1c00414ca1aa9a7a8cf6270019,99.302475,1772368148,5485a0b106c6c6dec3627a65bebabfa43ca883fdaa3c2cca6cc0b63ed5c3f5a5,209,104.50,3.97,1,6,4,0.021468,0.452356,TopoStake,pog(D=3_omega=1.00),2.42,1839,0
368,2,0x13f9dadc05f6c237b03411e2aed1800cf21a5d89,98.442855,1772368151,1c1a4c425dc25def95b4f9be111bca8409574d3158086e7675127cf77d686c52,242,121.00,3.07,1,5,3,0.021503,0.452637,TopoStake,pog(D=3_omega=1.00),2.19,1840,0
368,3,0xdcf2130496e27a8094ab996aea4aa77788d65869,14.492010,1772368152,a9fd7cbea535daafef6082bbf39015104608200fab39fdba4d900b8b9d3ff10a,250,125.00,2.90,1,5,3,0.021538,0.452906,TopoStake,pog(D=3_omega=1.00),1.93,1841,0
368,4,0x71f297f96355f349d66f0e9b681e7d4e11224660,18.171558,1772368154,8204d3f5f73edf0fafcd4eddf9a2ad94ef76a49b5373da84c0a318ca351147f9,56,56.00,3.91,2,5,4,0.021523,0.452705,TopoStake,pog(D=3_omega=1.00),1.50,1842,0
369,0,0x8c11ec9090dd820c076e57e899d9c604c79d6b32,30.578204,1772368156,8a175b2fcf616501d17028cff541a0ec0c6be26375c0445460598ca3784a5008,201,100.50,3.86,1,5,4,0.021511,0.452672,TopoStake,pog(D=3_omega=1.00),1.51,1843,0
369,1,0x4a217e35f6402e7f62a49f6d62e27c6585c2f3fd,24.492613,1772368158,a23d4c67ff3424d5ea1fe98c531fcd7e0a02cb92ac0cb35d0a7d4f6f0eddc9cb,192,64.00,4.27,1,6,4,0.021506,0.452842,TopoStake,pog(D=3_omega=1.00),2.60,1844,0
369,2,0x24898fcb116b48cb2b6fd5d3b4eb599fee0f4633,17.058915,1772368160,0bf372147a23ce754ef3f66df3c692684229f5e8c7ad0915113b7536b820a401,198,99.00,3.59,1,5,4,0.021497,0.452960,TopoStake,pog(D=3_omega=1.00),2.44,1845,0
369,3,0x1796dc61e715f15a2d27dfa32bd34780f12a8c24,34.772479,1772368163,1c3979ce070ad3614658395271efbc1ccb7aad6911b581f039659d40b0d2d5a2,209,104.50,3.40,1,5,4,0.021484,0.452898,TopoStake,pog(D=3_omega=1.00),2.26,1846,0
369,4,0xeb82a21cb3d0dd781eb22ad74bb7cd9b4d2a06ec,5.900136,1772368164,d27c3f7a0a92868653fd436afa2f9ddc9d7fd4c061fab586e9f82c9438fe24d8,236,118.00,3.29,1,5,3,0.021482,0.453091,TopoStake,pog(D=3_omega=1.00),2.01,1847,0
370,0,0x269cdf52f97e1d9f14b7be895155a7b294f0b21d,24.737160,1772368166,867e0ce7814a585c7b045e4d8db6293afbd71f83ddc73d3b458eb69889ed639f,79,79.00,3.94,1,5,4,0.021462,0.452472,TopoStake,pog(D=3_omega=1.00),1.23,1848,0
370,1,0x34412315480562da4810040fd15c81f99880e1ab,12.884626,1772368168,0c6c424b09009bb73e60b85aa976daf4cedfc5274de596ed139127147793257d,205,102.50,3.58,1,5,4,0.021454,0.452587,TopoStake,pog(D=3_omega=1.00),1.51,1849,0
370,2,0x53be6e527cc5a7d850b5eae27b9cef342e0665f2,20.047789,1772368170,269a23def8b6ea4f955a9b02c9afa515de6d198bb3ca09dcac9128e0942d4781,211,70.33,4.03,1,6,4,0.021439,0.452307,TopoStake,pog(D=3_omega=1.00),2.45,1850,0
370,3,0x37cc7a82e66d4f4c2ae13b9ee895d3af1a1d7a05,11.249350,1772368172,dfe4e60895eb8d89d128ba28223d144996b6bc514452ec789419c55840385c89,192,96.00,3.53,1,5,4,0.021427,0.452325,TopoStake,pog(D=3_omega=1.00),2.48,1851,0
370,4,0x5cd626f4b83428b146919d30f4b3e481d259a9dc,24.077208,1772368175,c08fc72763e761e69e86e36b2c8ebcf1eebfc880b442e4b1463482f7d41339c7,199,99.50,3.83,1,6,4,0.021411,0.451996,TopoStake,pog(D=3_omega=1.00),2.38,1852,0
371,0,0xa3786e459f289a76c0e8af8ad834e3d0c6d47199,30.729401,1772368176,4aed2ffaa83b69e778c4ac3b1821827319f0ec2bfb550db74ab3693615927114,250,125.00,3.90,1,6,4,0.021402,0.452092,TopoStake,pog(D=3_omega=1.00),2.14,1853,0
371,1,0x1d1d2c63625de70b1e5ef40056bd2deb89d7fef2,15.057413,1772368178,24e685ad77143bc130946656014a317fdb97f8550f7a2f004bb1be6680dbdd78,41,41.00,4.49,3,5,5,0.021397,0.452254,TopoStake,pog(D=3_omega=1.00),2.00,1854,0
371,2,0x54f496e5c1d9f95a916cf7f5b62e9c98e64a3dc5,3.016203,1772368180,641cb63d11193b47043a5323414f0f1d9229c0d71a8061c7628c382c77264c66,186,93.00,3.69,1,5,4,0.021383,0.452080,TopoStake,pog(D=3_omega=1.00),1.49,1855,0
371,3,0x8c11ec9090dd820c076e57e899d9c604c79d6b32,31.578982,1772368182,062e49ad3ca91b6e99f899564847be3cee086f17c6c0b7baa18fa201766f3bd7,171,57.00,4.29,1,5,4,0.021363,0.451395,TopoStake,pog(D=3_omega=1.00),2.47,1856,0
371,4,0x075e1d95c7891e1c00414ca1aa9a7a8cf6270019,100.304516,1772368184,38dc291e7f6a8d42953824f2cd97cfbbab1e81dc328310dc16cb0d0fb65694fe,198,99.00,4.13,1,6,4,0.021358,0.451570,TopoStake,pog(D=3_omega=1.00),2.46,1857,0
372,0,0x1cb1274c711a6c2e4e1596846e6ac604eeefb358,38.440151,1772368187,cba23ed136c989dac55a210de8655ecca4363d27097c8abd1844dd860baea2e8,221,110.50,2.91,1,5,3,0.021393,0.451849,TopoStake,pog(D=3_omega=1.00),2.33,1858,0
372,1,0xf13caa2c5f6f6cf61e51290bfa7826a9140b4faf,16.032152,1772368188,e3512341b28550d8c0ac1a7e7bfc457fe577b081cc084463c1efc143ceb3affd,230,115.00,3.44,1,5,4,0.021393,0.452062,TopoStake,pog(D=3_omega=1.00),2.01,1859,0
372,2,0x0d91704595bff3aec25d40822498a51c62b05e3a,76.671264,1772368190,081f99ba94982c6144ecf11200dccc27b0b31746c75ea64788ec0eec0796664b,79,79.00,3.99,1,6,4,0.021379,0.451934,TopoStake,pog(D=3_omega=1.00),1.43,1860,0
372,3,0x52e05d9fa4faa167f30baba23c710e4f49115288,6.128772,1772368192,593580f6521ece9a6edef0cf87258522427bf8540d08c069c661bb3ec23bc130,215,107.50,3.20,1,5,3,0.021379,0.451934,TopoStake,pog(D=3_omega=1.00),1.53,1861,0
372,4,0x30509a8084fdfe6fe24d9c9a817c209ad194f8e3,63.733807,1772368194,7b88cc3a9fe0129d9d2032221fff32525db4f532c83d67e3763546474aaa31ad,195,65.00,3.94,1,5,4,0.021382,0.451579,TopoStake,pog(D=3_omega=1.00),2.48,1862,0
373,0,0x1796dc61e715f15a2d27dfa32bd34780f12a8c24,35.773709,1772368196,b76d98ebddd7f48056859122c022983a39e1b314929c05d7724d4e3da66f6454,198,99.00,3.23,1,5,3,0.021395,0.451825,TopoStake,pog(D=3_omega=1.00),2.50,1863,0
373,1,0x53be6e527cc5a7d850b5eae27b9cef342e0665f2,21.048779,1772368199,4943522dd4d386d4caaa49335ecd30c9402bd3533738cc2f0cb7f195e6501ddd,234,117.00,3.22,1,5,3,0.021393,0.452017,TopoStake,pog(D=3_omega=1.00),2.18,1864,0
373,2,0xa5a12d96532497871d73549e55ab377e3dcb3a40,3.082069,1772368200,0f846b5546917cfbdae2c88dcf5b88bc44d7ad0fb12f43ba0f4c954b88bbf322,224,112.00,3.36,1,5,3,0.021383,0.452047,TopoStake,pog(D=3_omega=1.00),2.00,1865,0
373,3,0x075e1d95c7891e1c00414ca1aa9a7a8cf6270019,101.305770,1772368202,dba9805ac46784b9ec8712a3a0e0fcc8babb337d2363016157d8aa809965ee58,103,103.00,4.15,1,6,4,0.021362,0.451357,TopoStake,pog(D=3_omega=1.00),1.38,1866,0
373,4,0x07902d0371763a00d97ed9ba16ff0a206cb0fd19,122.752753,1772368204,06f72f6fab0af3d7effb0e303fc3def85d4640e7fa213ac407d92ff7e82125cb,232,116.00,3.13,1,5,3,0.021397,0.451635,TopoStake,pog(D=3_omega=1.00),1.64,1867,0
374,0,0x0d91704595bff3aec25d40822498a51c62b05e3a,77.672349,1772368206,f890b6d999daca42bd8d41b73899afb6c8bfa59d05c8a52a0f5068b53bbdae01,210,105.00,2.80,1,4,3,0.021445,0.451923,TopoStake,pog(D=3_omega=1.00),1.52,1868,0
374,1,0x282f43759e22b50aa7989261c51c367f325c3f91,17.349564,1772368208,b718f244a3e27e8e0282c3271f226814c574a14a6ecd1a575e5d3540b969c911,195,65.00,3.13,1,5,3,0.021466,0.452178,TopoStake,pog(D=3_omega=1.00),2.48,1869,0
374,2,0x075e1d95c7891e1c00414ca1aa9a7a8cf6270019,102.306937,1772368211,e49ec82b91afa9be5fd5298957760fc29ef94dcb26179289407cc739329a2c98,226,113.00,3.83,1,6,4,0.021453,0.452119,TopoStake,pog(D=3_omega=1.00),2.48,1870,0
374,3,0x07902d0371763a00d97ed9ba16ff0a206cb0fd19,123.753929,1772368212,89c8838656177b6c4be71f4c8192ae6bb549bed735a28705e862d044b335d951,243,121.50,3.09,1,5,3,0.021489,0.452396,TopoStake,pog(D=3_omega=1.00),2.00,1871,0
374,4,0x13f9dadc05f6c237b03411e2aed1800cf21a5d89,99.445217,1772368214,a19405e01d815b7277def8348f47cf08f7677b6d7641d39387fe75ead4f2fedd,102,102.00,2.84,2,4,3,0.021489,0.452396,TopoStake,pog(D=3_omega=1.00),1.18,1872,0
375,0,0x13f9dadc05f6c237b03411e2aed1800cf21a5d89,100.446172,1772368216,23e90548aa4a5dc3c9e4c90c460e41cf50763a4ae8574bcd29ea55ac16279e1c,193,96.50,3.03,1,5,3,0.021570,0.452947,TopoStake,pog(D=3_omega=1.00),1.50,1873,0
375,1,0x63f4973c0df8a5358405f396dc0673a463c48de9,22.903355,1772368218,3c57f1a5afda732466a9d2cf58e0abe7ddcf44ca09fe9665dd71390a2a4f3c06,180,60.00,3.13,1,5,3,0.021604,0.453212,TopoStake,pog(D=3_omega=1.00),2.56,1874,0
375,2,0x1796dc61e715f15a2d27dfa32bd34780f12a8c24,36.774962,1772368220,091885213677238a3e3c51a703aacbff83f7dda393ade63a6c719af848898d7d,186,93.00,3.66,1,5,4,0.021595,0.453285,TopoStake,pog(D=3_omega=1.00),2.47,1875,0
375,3,0x1796dc61e715f15a2d27dfa32bd34780f12a8c24,37.776117,1772368222,fc2a959e22189babce9241e8e785744da6c562ef00ede1651842e93f5cd92921,233,116.50,3.30,1,5,3,0.021593,0.453475,TopoStake,pog(D=3_omega=1.00),2.12,1876,0
375,4,0x6064b9f5883bf9737dfe314ff68c56e09e68ac89,19.185165,1772368224,d161489d6cc7b8a0ad0a42acb687785e18d769f5da97da0580e6d1e6877da858,135,135.00,3.51,1,5,4,0.021591,0.453671,TopoStake,pog(D=3_omega=1.00),1.33,1877,0
376,0,0x07902d0371763a00d97ed9ba16ff0a206cb0fd19,124.754717,1772368226,349d2e824ee24ebd185fe6f5436afdab629ed6f9e1826cf81e40f4b6d7ad82c3,213,106.50,3.85,1,5,4,0.021579,0.453668,TopoStake,pog(D=3_omega=1.00),1.70,1878,0
376,1,0x07902d0371763a00d97ed9ba16ff0a206cb0fd19,125.755622,1772368228,546fd3f82e8f4f7a10eaab245caaa5c56c04c7679b86709c3edfa7442e479d0c,183,91.50,2.80,1,4,3,0.021627,0.453953,TopoStake,pog(D=3_omega=1.00),1.51,1879,0
376,2,0x075e1d95c7891e1c00414ca1aa9a7a8cf6270019,103.308483,1772368230,37744801a5588c12968636b4de4f8bc9708bc8eb0b1cc7f8c279a4653b85992a,190,63.33,2.72,1,4,3,0.021675,0.454238,TopoStake,pog(D=3_omega=1.00),2.48,1880,0
376,3,0x30509a8084fdfe6fe24d9c9a817c209ad194f8e3,64.735164,1772368233,3d65f5bd2627e1c6d983300e40c23e3857a3e4c117d1b61e6e83ec25a79ab721,226,113.00,2.99,1,5,3,0.021710,0.454512,TopoStake,pog(D=3_omega=1.00),2.31,1881,0
376,4,0xa9105f442328d397529b8e4e9e656fa89016ff45,6.444825,1772368234,cb0f0d9fe86239940494c1a8a97f238f5b966d1985701a724d1ec9b3ce6befe7,223,111.50,3.35,1,5,3,0.021724,0.454754,TopoStake,pog(D=3_omega=1.00),2.14,1882,0
377,0,0x1796dc61e715f15a2d27dfa32bd34780f12a8c24,38.776789,1772368236,cbba478de6db0f643a7ced5b59ba240a8fe58f918cf01402eaf34a74a827ec0d,103,103.00,3.75,1,5,4,0.021705,0.454169,TopoStake,pog(D=3_omega=1.00),1.31,1883,0
377,1,0x075e1d95c7891e1c00414ca1aa9a7a8cf6270019,104.309642,1772368238,45aa5cc88b4ecc48099e024a5048f7aca0a7811620a7ad4193e8c0d9e4a5d4a4,217,108.50,3.41,1,5,3,0.021704,0.454372,TopoStake,pog(D=3_omega=1.00),1.55,1884,0
377,2,0x30509a8084fdfe6fe24d9c9a817c209ad194f8e3,65.736325,1772368240,f08765d5dd66d3a25c2a1dfd3110867ac8112e853ab4d28150ba28dd86b059d0,179,89.50,3.16,1,5,3,0.021740,0.454645,TopoStake,pog(D=3_omega=1.00),1.52,1885,0
377,3,0x282f43759e22b50aa7989261c51c367f325c3f91,18.350448,1772368242,ea7f4a078d78e4fb38f9c60a2f4e0615e133c9c43e13495a7c29a10890ae9141,188,62.67,3.36,2,5,3,0.021754,0.454887,TopoStake,pog(D=3_omega=1.00),2.48,1886,0
377,4,0x311eb133eb413ac3f21249889bb101e5d40820ce,15.126489,1772368244,5f4f766238dd1f9de2d88d20585dfacbbf99402d25468ce62bf455be9b5fcb1b,176,88.00,3.69,1,5,4,0.021741,0.454846,TopoStake,pog(D=3_omega=1.00),2.45,1887,0
378,0,0x016d3fc36beee7caa8fbd6c1caa42461dd7f9850,43.937739,1772368247,fe86fb343c03af44b940a2bdf9ef6fc937176c3ed556965bf544fdb6810fd327,218,109.00,3.55,1,5,4,0.021727,0.454666,TopoStake,pog(D=3_omega=1.00),2.31,1888,0
378,1,0x719361397abe003a91af76243e5f9c7a0cd4279f,22.546146,1772368248,8684f5249a84f9426ba32f6106ee906e303dda76bb95184e2c11d5dac75326aa,250,125.00,3.20,1,4,3,0.021727,0.454667,TopoStake,pog(D=3_omega=1.00),2.19,1889,0
378,2,0x28672c71695142588ed26ada6f4b18b8b6c12308,42.722522,1772368250,bf49546b38104d3d5c35f06b86e603a14fa96c0b282852bb186c6deda2c901e7,51,51.00,3.84,2,5,4,0.021717,0.454727,TopoStake,pog(D=3_omega=1.00),1.98,1890,0
378,3,0xcdfb7a191f0bf929991735127c8d1b4e5b99de22,0.014311,1772368252,70a0c81aaa3a3b05bb16d32b01968db2e6b39bba3079aae3d96e1ad2a4b5f961,210,105.00,3.64,1,5,4,0.021718,0.454947,TopoStake,pog(D=3_omega=1.00),1.49,1891,0
378,4,0xc577329e86aaecb006f17fb90499c54671119935,7.299815,1772368254,cb235d6524c78b65f90f8830bee227f6d18e9c942d5aee2b9318bd9da3716d89,210,70.00,4.46,1,6,5,0.021696,0.454206,TopoStake,pog(D=3_omega=1.00),2.52,1892,0
379,0,0x269cdf52f97e1d9f14b7be895155a7b294f0b21d,25.737975,1772368257,ec621c1fdbfa776e740805ec1d65768dabfb1bfca7a978607593eab398b291d0,215,107.50,3.86,1,6,4,0.021677,0.453707,TopoStake,pog(D=3_omega=1.00),2.50,1893,0
379,1,0x0d91704595bff3aec25d40822498a51c62b05e3a,78.674101,1772368258,d13440724bfbb62631163a3819125a152526f9f57535913b5879734e17425861,250,125.00,3.53,1,5,4,0.021677,0.453707,TopoStake,pog(D=3_omega=1.00),2.08,1894,0
379,2,0x95ab54d268473cce82094026afefdbd5cadf418b,15.585492,1772368260,c5124649e00dbc256d10bc2ffaa656b471db6c2d21cfc1b9bdf84bef04c57f3d,33,33.00,3.64,2,5,4,0.021698,0.453958,TopoStake,pog(D=3_omega=1.00),1.94,1895,0
379,3,0x71f297f96355f349d66f0e9b681e7d4e11224660,19.172123,1772368262,66a9f4f890e5a9e5b62916eb80561c89723c5973f40cf52e620041c19fb19c56,179,89.50,4.27,1,6,4,0.021698,0.453959,TopoStake,pog(D=3_omega=1.00),1.52,1896,0
379,4,0xa3786e459f289a76c0e8af8ad834e3d0c6d47199,31.729146,1772368264,f2d91e3f42e2db5c786268989fbd46ae8092d7735471f813b48119d482861f68,217,72.33,4.08,1,5,4,0.021672,0.453779,TopoStake,pog(D=3_omega=1.00),2.54,1897,0
380,0,0x269cdf52f97e1d9f14b7be895155a7b294f0b21d,25.737940,1772368266,cdb8c441bd43185e0046494e88b1184527e1e3079d04789e1a602b72d2f5df99,177,88.50,4.28,1,6,4,0.021667,0.453943,TopoStake,pog(D=3_omega=1.00),2.47,1898,0
380,1,0x075e1d95c7891e1c00414ca1aa9a7a8cf6270019,105.311174,1772368269,7ca4ee25c186780091f2c98dad07cd42bcd25ea42650e6c6fd63c5438cf0ca92,172,86.00,3.50,1,5,4,0.021659,0.454068,TopoStake,pog(D=3_omega=1.00),2.42,1899,0
380,2,0x4414c05be2cf328f38d2e3ef4b705d6b894f044a,11.071466,1772368270,6582ccb7714ababd45a3d9cd1830b1e43353c8c26c905a28f74d2d51167d72ff,246,123.00,2.96,1,5,3,0.021695,0.454339,TopoStake,pog(D=3_omega=1.00),2.09,1900,0
380,3,0x606627477c3734932f47972f83c27cf4e3b35b4f,14.365808,1772368272,a7430cade8aeac7125f98ad5612a0724121b674e47d48050dff44dd021f627fc,124,124.00,3.86,2,5,4,0.021678,0.454004,TopoStake,pog(D=3_omega=1.00),1.29,1901,0
380,4,0x4a217e35f6402e7f62a49f6d62e27c6585c2f3fd,25.492963,1772368274,3a1542e341cd0b2d4ee560d62f37f0ec8fd7362019c85fb0d9eb51ba6dd9f75a,233,116.50,3.71,1,5,4,0.021678,0.454004,TopoStake,pog(D=3_omega=1.00),1.65,1902,0
381,0,0x075e1d95c7891e1c00414ca1aa9a7a8cf6270019,106.312499,1772368276,9ff80a5c3d7ece65ec31e23098de79ee60816020f7dca4ca8ad0d79bbf7c52ab,196,98.00,3.65,2,5,4,0.021670,0.454118,TopoStake,pog(D=3_omega=1.00),1.52,1903,0
381,1,0xdcf2130496e27a8094ab996aea4aa77788d65869,15.491264,1772368278,b2c64d620dcc0f68ea6d8661089e8be642ad2b50b8a00f3941ea00ab874155af,184,92.00,3.06,1,5,3,0.021706,0.454389,TopoStake,pog(D=3_omega=1.00),1.57,1904,0
381,2,0x52e05d9fa4faa167f30baba23c710e4f49115288,7.128870,1772368280,d2a77c7f930e39a354c0e77ca5b83eb4722cc93e55333267c2ae0b0c1e3bdc35,215,71.67,3.96,1,5,4,0.021692,0.454211,TopoStake,pog(D=3_omega=1.00),2.40,1905,0
381,3,0x7e40df5d801345015e84c843908efc6683665fa4,22.661173,1772368283,f54ab178616267c1fceca308138eae73de12d3716e4e71e7c490e45ae78a70de,229,114.50,3.86,1,5,4,0.021673,0.453695,TopoStake,pog(D=3_omega=1.00),2.27,1906,0
381,4,0x377eaef292051bbf8ada05b2af76a3f3b9d722a7,32.077784,1772368285,b7522619a0c8583574aaaf559b4aa7095e647fc77c3327451e357daa31eed122,248,124.00,3.42,2,5,3,0.021663,0.453747,TopoStake,pog(D=3_omega=1.00),1.98,1907,0
382,0,0x30405867b72597aaeb27803bb2c7f3f5fc7d5384,13.504955,1772368287,c6e06dd7877604a4bf076e2ffedc4468ec354ae362ad30f2abd38293816d6b48,158,79.00,3.53,1,5,4,0.021664,0.453747,TopoStake,pog(D=3_omega=1.00),1.51,1908,0
382,1,0x50f7fa851f9314d682e36da5caa4635039b5305d,38.143910,1772368289,2054bada614442195ef03e47137fcc0ff252bb9b3478df85d754811f5937be46,195,97.50,3.48,1,5,4,0.021649,0.453493,TopoStake,pog(D=3_omega=1.00),1.58,1909,0
382,2,0x71f297f96355f349d66f0e9b681e7d4e11224660,20.172978,1772368291,5c6570bb28c0b4056caafce12e71ffa9725df8b33071d69673287e495b3a4154,180,60.00,3.34,1,5,3,0.021647,0.453680,TopoStake,pog(D=3_omega=1.00),2.45,1910,0
382,3,0xdb45667100590f9cfe78a899c3b02c5cd37008f1,1.018610,1772368294,1f6b8efa4e582984b1732aeb6b60e063bb8ec6f5f9bc5cfbfd24a5e6036da0dc,200,100.00,3.83,1,5,4,0.021636,0.453687,TopoStake,pog(D=3_omega=1.00),2.46,1911,0
382,4,0x50f7fa851f9314d682e36da5caa4635039b5305d,39.144795,1772368295,6e2e40017e54f7172b3c77fa75d70213941aa069a79fdece46293ac6f50ec3d2,212,106.00,4.06,1,6,4,0.021614,0.452974,TopoStake,pog(D=3_omega=1.00),2.39,1912,0
383,0,0x54f496e5c1d9f95a916cf7f5b62e9c98e64a3dc5,4.015893,1772368297,c5929763d1e88e0dad33d506e6f9fabc21e506419582cccace6318e938c7104d,133,133.00,3.23,2,5,3,0.021613,0.453172,TopoStake,pog(D=3_omega=1.00),1.67,1913,0
383,1,0x13f9dadc05f6c237b03411e2aed1800cf21a5d89,101.449031,1772368299,9f8f430a48ddc8c416a09144e091d66974a4fcd7a72954c4f9cbe668f6162099,188,94.00,4.29,2,5,4,0.021613,0.453173,TopoStake,pog(D=3_omega=1.00),1.46,1914,0
383,2,0xc774b0fee7cabbef3b1ae14bf36db3df0d32c1df,14.161131,1772368301,4bce934b4026103d7f5caae009bd97a26fa84c158c7f1e857e76affa1721c638,199,99.50,2.97,1,5,3,0.021626,0.452773,TopoStake,pog(D=3_omega=1.00),1.52,1915,0
383,3,0x3513d672439a59c26cc5711f2b715ccb4810a774,22.295324,1772368303,039fa00761d233d4356c022b5e2c99cded8210d394b54b6ac2d35c8e1df4c58a,199,66.33,3.89,1,5,4,0.021611,0.452548,TopoStake,pog(D=3_omega=1.00),2.50,1916,0
383,4,0xbc3f8508d26048f2064aa8c068f4c94d08d77d18,14.047238,1772368306,96d2851c93064b1a1f02baf20810dd89e96695aba72bbf1c84b3c9dbede2c519,215,107.50,3.77,1,5,4,0.021601,0.452589,TopoStake,pog(D=3_omega=1.00),2.38,1917,0
384,0,0x07902d0371763a00d97ed9ba16ff0a206cb0fd19,126.759168,1772368307,cdc53e560e6e9db7a85a43f09de398ec2da642f79ceb2e0dfb7ca1a8508a1fef,196,98.00,4.43,1,6,4,0.021587,0.452349,TopoStake,pog(D=3_omega=1.00),2.37,1918,0
384,1,0x1796dc61e715f15a2d27dfa32bd34780f12a8c24,39.778172,1772368309,043c09b2f5de3dc616f734350203d0a88271140f36a9c1d2bbf84c056545361b,119,119.00,2.76,1,4,3,0.021633,0.452630,TopoStake,pog(D=3_omega=1.00),1.72,1919,0
384,2,0x30509a8084fdfe6fe24d9c9a817c209ad194f8e3,66.737457,1772368311,0c1f8dfc5d09b15c9fd930c2297e5a9894bf741685be7025cf2500c61548a48a,171,85.50,3.40,1,5,3,0.021632,0.452833,TopoStake,pog(D=3_omega=1.00),1.53,1920,0
384,3,0x1d1d2c63625de70b1e5ef40056bd2deb89d7fef2,16.057308,1772368313,a460eda1035996e38750b6992f10cd3f4c3868528b288d25a0583583614ed22c,199,99.50,3.42,1,5,4,0.021646,0.453071,TopoStake,pog(D=3_omega=1.00),1.53,1921,0
384,4,0x13f9dadc05f6c237b03411e2aed1800cf21a5d89,102.450435,1772368315,0ac3e68790dc8b71f71995173f3179ced70cf374aa9ef8c94c5656fbe1b3bf38,209,69.67,3.65,1,5,4,0.021633,0.452927,TopoStake,pog(D=3_omega=1.00),2.38,1922,0
385,0,0x07902d0371763a00d97ed9ba16ff0a206cb0fd19,127.759902,1772368318,abdf7e4d3f6763bb9d95ea6c29c151c3e794401f99d2b32ee59652a70f4cf1f7,227,113.50,2.96,2,5,3,0.021666,0.453185,TopoStake,pog(D=3_omega=1.00),2.25,1923,0
385,1,0xa9a524611994a27dd3134d643379aa14edf7cb39,11.076087,1772368319,bbedeecfe620b3ef3e848de00dbe8e4d2f55b7c41cd6f414fe02d735489edc4d,250,125.00,2.77,1,4,3,0.021712,0.453464,TopoStake,pog(D=3_omega=1.00),2.04,1924,0
385,2,0x30509a8084fdfe6fe24d9c9a817c209ad194f8e3,67.738466,1772368321,1d8b8f9d13ef454fb609c3323a60be2ad1a35c023fd5d36b1e54cf0daf9f69c3,37,37.00,3.95,1,5,4,0.021696,0.453123,TopoStake,pog(D=3_omega=1.00),2.00,1925,0
385,3,0x408bb0bf84df50b21c53c74420987f172d4036a1,8.782571,1772368323,4f2f5779c092f3ad2b0163fe995771a6e8175195c622990708e7797afbfa1b66,215,107.50,3.39,1,5,4,0.021710,0.453361,TopoStake,pog(D=3_omega=1.00),1.48,1926,0
385,4,0x13f9dadc05f6c237b03411e2aed1800cf21a5d89,103.451625,1772368325,29eb38702f5df71a3736fa28091bab142d97794b0619024cac6530a9c93ab605,210,105.00,3.62,1,5,4,0.021710,0.453361,TopoStake,pog(D=3_omega=1.00),1.52,1927,0
386,0,0x2abf89d7c96c80fcff9dec1fe92803573094ee35,7.204567,1772368327,b75f653f37c300c1b474252c2e53bd9203dea4e24105dd95564dcd1f630be577,178,59.33,3.07,1,5,3,0.021744,0.453619,TopoStake,pog(D=3_omega=1.00),2.49,1928,0
386,1,0xea287b266dbe2c2d402fd91814bcfc4c95d6b0fd,10.141499,1772368330,395c1e16d17ccf5eb8c309790f8af5160f384d8fb9458a3eb68296b1d27b1b99,197,98.50,3.70,1,5,4,0.021725,0.453104,TopoStake,pog(D=3_omega=1.00),2.45,1929,0
386,2,0x3513d672439a59c26cc5711f2b715ccb4810a774,23.296279,1772368331,ae2c51dec5fff0dedc11b1aca7d68e696c793da4a783f5e09bbe7df5d3c78ae1,209,104.50,4.00,1,6,4,0.021709,0.452728,TopoStake,pog(D=3_omega=1.00),2.25,1930,0
386,3,0x3513d672439a59c26cc5711f2b715ccb4810a774,24.296854,1772368333,2e5480170e15fb83bffd23163b111766a0e0bfbf11351bc46f180f677ae5ae37,117,117.00,3.98,1,5,4,0.021699,0.452788,TopoStake,pog(D=3_omega=1.00),1.68,1931,0
386,4,0x30509a8084fdfe6fe24d9c9a817c209ad194f8e3,68.739597,1772368335,9fbe50370b5f7a5ce8788c5b61659566021652658e880a66398923e9607df1b0,182,91.00,3.91,1,5,4,0.021690,0.452873,TopoStake,pog(D=3_omega=1.00),1.55,1932,0
387,0,0x1cb1274c711a6c2e4e1596846e6ac604eeefb358,39.440994,1772368337,016e7d678e576d398c224d5bba0cc305808f0a0f70dc5b3f6f623fe72e5f065b,192,96.00,3.30,2,5,3,0.021690,0.452873,TopoStake,pog(D=3_omega=1.00),1.55,1933,0
387,1,0x3d92e045fb1847aae132b40ebfcc471a32f687de,21.134765,1772368339,5a4a7dfe653d25b36f3f2c5c67d5ff9a2fcbb9d41d27b096eda96d73da2bde12,198,66.00,3.44,1,5,4,0.021703,0.453298,TopoStake,pog(D=3_omega=1.00),2.49,1934,0
387,2,0x53be6e527cc5a7d850b5eae27b9cef342e0665f2,22.049634,1772368342,e7255a320a8593cfed2330e21cc08a1f8a816c0dd4dc7d5ce9ec7ae66b4ceaa9,210,105.00,3.74,1,5,4,0.021692,0.453318,TopoStake,pog(D=3_omega=1.00),2.39,1935,0
387,3,0x07902d0371763a00d97ed9ba16ff0a206cb0fd19,128.761888,1772368343,1a19e4bbe916c9daa2eab6aa9b8c3f57db10c67c5c0e06ba6eb9960181cb9e89,240,120.00,3.33,1,5,3,0.021682,0.453346,TopoStake,pog(D=3_omega=1.00),2.11,1936,0
387,4,0xcb7977f4997b4252c0152e135dd79b3cfe35c1a5,12.609484,1772368345,646c69575e8e9690b6801350ee234f2074c55fe8381b28467227e289ed29743a,134,134.00,2.81,1,4,3,0.021728,0.453624,TopoStake,pog(D=3_omega=1.00),1.29,1937,0
388,0,0x7e40df5d801345015e84c843908efc6683665fa4,23.662141,1772368347,dc69ddc08d2b621f1d28729678784aca90b9c24e2e67545a2ea961aaa0b9ede6,171,85.50,4.22,1,6,4,0.021713,0.453336,TopoStake,pog(D=3_omega=1.00),1.54,1938,0
388,1,0xd67aaaf210c0c36ddcb7055222d168b5c9dd1b36,13.174963,1772368349,69c4d97c0586a337c3d8b7abdb036b575ca5ee73c17f076e18cd719b8e1e4850,216,108.00,3.51,1,5,4,0.021704,0.453399,TopoStake,pog(D=3_omega=1.00),1.66,1939,0
388,2,0x1cb1274c711a6c2e4e1596846e6ac604eeefb358,40.441970,1772368351,a0971ec2e706cfdeaa7ed96d8fa6af3fd68d50a4b1ec9c7e8d2911739371c831,214,71.33,3.96,1,5,4,0.021688,0.453119,TopoStake,pog(D=3_omega=1.00),2.46,1940,0
388,3,0xac768e60b9269babb15cb1e36ee843243d7c7543,3.689107,1772368354,ccfe55baf80c8cafe1fbc11e91d768421e77308bc5900a7208ddab048a9591a8,218,109.00,3.42,1,5,4,0.021688,0.453320,TopoStake,pog(D=3_omega=1.00),2.40,1941,0
388,4,0x7e40df5d801345015e84c843908efc6683665fa4,24.663230,1772368355,9671c1476296924fd9724e30a732314a6c3aae8f6d7851a98a16af2a5860fce9,223,111.50,3.91,1,6,4,0.021668,0.452655,TopoStake,pog(D=3_omega=1.00),2.22,1942,0
389,0,0x54f496e5c1d9f95a916cf7f5b62e9c98e64a3dc5,5.016239,1772368357,3af795d443ca55c2bbb9ce9a63e6c16c4ab52d3584873c6e4b5c1ce461b4db54,146,146.00,3.43,1,5,3,0.021659,0.452741,TopoStake,pog(D=3_omega=1.00),1.47,1943,0
389,1,0x3d92e045fb1847aae132b40ebfcc471a32f687de,22.135776,1772368359,1c02cabd290a3e4f9625924c0e50a3cd18eefcfbd12fad7a59043eebec1abda0,188,94.00,4.14,1,5,4,0.021640,0.452107,TopoStake,pog(D=3_omega=1.00),1.48,1944,0
389,2,0x1796dc61e715f15a2d27dfa32bd34780f12a8c24,40.779243,1772368361,b87fde8ec787dfce32121e7c13caaf8d1bed18c4dc7c8846aeb311ad8a17ac51,214,107.00,4.00,1,5,4,0.021629,0.452128,TopoStake,pog(D=3_omega=1.00),1.54,1945,0
389,3,0x13f9dadc05f6c237b03411e2aed1800cf21a5d89,104.453563,1772368363,b043b26eae315dcdc2840b990be678e06f895ff29e8e2abfa7d957edd01a6a79,219,73.00,3.30,1,5,3,0.021629,0.452326,TopoStake,pog(D=3_omega=1.00),2.45,1946,0
389,4,0xcb7977f4997b4252c0152e135dd79b3cfe35c1a5,13.610182,1772368366,3e4d88b78e8373b74603613adc239283f0ccc10bee5dbdc726826c118bd3502a,218,109.00,2.98,1,5,3,0.021662,0.452582,TopoStake,pog(D=3_omega=1.00),2.32,1947,0
390,0,0x075e1d95c7891e1c00414ca1aa9a7a8cf6270019,107.314778,1772368367,4f13cecb42752c16299cdae7eb1719b79ca2570a16ab6939e3cca974d5a188a5,185,92.50,4.20,1,6,4,0.021647,0.452314,TopoStake,pog(D=3_omega=1.00),2.32,1948,0
390,1,0x53be6e527cc5a7d850b5eae27b9cef342e0665f2,23.050855,1772368369,fcd64dcc53a21d19e96937475277b503407e56fedfcae9a6a992f0e74716c3b7,173,173.00,3.11,1,5,3,0.021682,0.452580,TopoStake,pog(D=3_omega=1.00),1.45,1949,0
390,2,0x52e05d9fa4faa167f30baba23c710e4f49115288,8.129759,1772368371,77d3040b49ca72911260a8cb6d6fd06c0ed7d1806c9ade899fbc466754756313,200,100.00,3.56,1,5,4,0.021682,0.452580,TopoStake,pog(D=3_omega=1.00),1.55,1950,0
390,3,0x075e1d95c7891e1c00414ca1aa9a7a8cf6270019,108.315647,1772368373,d3bf58271aea19ef72205834f5926375cb1865721e153a0254adaa7d97bb242d,218,72.67,3.99,1,5,4,0.021654,0.452171,TopoStake,pog(D=3_omega=1.00),2.53,1951,0
390,4,0x311eb133eb413ac3f21249889bb101e5d40820ce,16.126797,1772368375,2754583d3f9f8f7fda6467dd6244eeeea7f820ebeea0e0cb1c7f19b219915933,209,104.50,3.17,1,5,3,0.021689,0.452437,TopoStake,pog(D=3_omega=1.00),2.49,1952,0
391,0,0xa3786e459f289a76c0e8af8ad834e3d0c6d47199,32.729246,1772368378,ed9deb68d3bb677b3460c3521161a18cec7c302e9a8c6023cd1b7b906e38e22f,215,107.50,3.59,1,5,4,0.021676,0.452292,TopoStake,pog(D=3_omega=1.00),2.49,1953,0
391,1,0x24898fcb116b48cb2b6fd5d3b4eb599fee0f4633,18.059828,1772368379,e767496e062d4b5e369428e06e5a2c7377f67f1623eb37e9f66a30ad28b670be,204,102.00,4.07,1,6,4,0.021671,0.452465,TopoStake,pog(D=3_omega=1.00),2.37,1954,0
391,2,0x0d91704595bff3aec25d40822498a51c62b05e3a,79.674958,1772368381,16a75b9246017931c791f688967f8fdf3d085f5b7a32aa6f1d10cdfae4f63c53,165,165.00,3.62,2,5,4,0.021658,0.452413,TopoStake,pog(D=3_omega=1.00),1.48,1955,0
391,3,0x49b57eb4dace37c8819daf079c9c674f766d4f38,17.226769,1772368383,bf730672c9192f7b4230cb785a5d3a1e28054aa2795bfd29eebcdff584a84b4a,227,113.50,3.30,1,5,3,0.021678,0.452657,TopoStake,pog(D=3_omega=1.00),1.59,1956,0
391,4,0xc577329e86aaecb006f17fb90499c54671119935,8.299796,1772368385,4910f062b007b1af2710302d1639460c61e8a5f7d8d142bae08c244306b8fb05,186,93.00,3.97,1,6,4,0.021665,0.452586,TopoStake,pog(D=3_omega=1.00),1.44,1957,0
392,0,0x26d553a2f4343b3a7dc88bbd87b3d0a25d3838d9,25.223425,1772368387,8b950178715bbc6d77fdbff53be2b1ad60d53f06537e80818d2ed03af68904c4,193,64.33,3.98,1,6,4,0.021648,0.452144,TopoStake,pog(D=3_omega=1.00),2.45,1958,0
392,1,0xd46407aa7b668c72de3cf1c1a12b7fa2e308a1b2,16.978053,1772368390,4920a9e0fd488324126c58d56b4dcf35fa1db9d6af378e9d40b06130424d1f1b,212,106.00,3.69,1,5,4,0.021639,0.452241,TopoStake,pog(D=3_omega=1.00),2.44,1959,0
392,2,0x016d3fc36beee7caa8fbd6c1caa42461dd7f9850,43.938562,1772368391,93fff9dbe646690f48bfb9ffceeec8752f84b3e74de9f8f236466887d5168d21,215,107.50,3.91,2,5,4,0.021626,0.452152,TopoStake,pog(D=3_omega=1.00),2.21,1960,0
392,3,0x26d553a2f4343b3a7dc88bbd87b3d0a25d3838d9,26.224484,1772368393,238b34e53e3dd59763ed2e307e635b28f2b79526db6ccb01c779d3b014549251,84,84.00,3.17,1,4,3,0.021627,0.452376,TopoStake,pog(D=3_omega=1.00),1.68,1961,0
392,4,0x1d1d2c63625de70b1e5ef40056bd2deb89d7fef2,17.057607,1772368395,583a34577328a71eef62f96c36c6aa768ff822e5d7d261f60d4735dfe994ea6a,219,109.50,3.85,2,5,4,0.021619,0.452495,TopoStake,pog(D=3_omega=1.00),1.50,1962,0
393,0,0xf5ecb44daf07a1d1073dbc89baf04bd7541fa517,7.045056,1772368397,234b2aacf7d250c2241f4c1b8254c11e42a9759e95994ceca6de93c3e2bb0cb5,184,92.00,3.64,1,5,4,0.021606,0.452400,TopoStake,pog(D=3_omega=1.00),1.54,1963,0
393,1,0x81d019380961f92c2031b0a7fba69f7675145088,10.473200,1772368399,3bd8b25680800742024d13a940354e589bcf9e3073442dbf8fb63cc391bf97f8,208,69.33,4.09,1,6,4,0.021588,0.451874,TopoStake,pog(D=3_omega=1.00),2.57,1964,0
393,2,0x07902d0371763a00d97ed9ba16ff0a206cb0fd19,129.764575,1772368402,ae59a4373da3fb189867ab6ddaf386dc0bf0cdecf215b9cbcf3771abb983c6d9,232,116.00,3.61,1,5,4,0.021572,0.451508,TopoStake,pog(D=3_omega=1.00),2.37,1965,0
393,3,0xa9105f442328d397529b8e4e9e656fa89016ff45,7.443886,1772368403,218889ab7c65c39efb1eb3626d37b7bc52d879fc40b528de8bc0e9f34ffd5947,250,125.00,2.81,1,4,3,0.021572,0.451508,TopoStake,pog(D=3_omega=1.00),2.08,1966,0
393,4,0x0d91704595bff3aec25d40822498a51c62b05e3a,80.676417,1772368405,f51793ce88a44e6c686254b6038b708ed00400a54ed8e5ca9a0f52f80c08ddcf,46,46.00,3.72,1,5,4,0.021554,0.451002,TopoStake,pog(D=3_omega=1.00),1.96,1967,0
394,0,0x26d553a2f4343b3a7dc88bbd87b3d0a25d3838d9,27.225508,1772368407,96b15d660f182fa407cabb99dad624a1d566410716c7363e2ca0f57283a7113c,207,103.50,3.25,2,5,3,0.021574,0.451246,TopoStake,pog(D=3_omega=1.00),1.48,1968,0
394,1,0x0d91704595bff3aec25d40822498a51c62b05e3a,81.677438,1772368409,8b7b50381a34b744d5ee62eff0fbca7260b7082ba7905e2ee0202ccd0944d2d3,188,94.00,3.74,1,5,4,0.021566,0.451389,TopoStake,pog(D=3_omega=1.00),1.49,1969,0
394,2,0xea287b266dbe2c2d402fd91814bcfc4c95d6b0fd,11.141973,1772368411,3c4fe7e618671fffb9c27af0429b7acf6798455e96a1b5f1e3f5ffe774353ead,208,69.33,3.17,1,5,3,0.021587,0.451632,TopoStake,pog(D=3_omega=1.00),2.50,1970,0
394,3,0x6064b9f5883bf9737dfe314ff68c56e09e68ac89,20.185043,1772368414,c86a5759059a0c4eab85a003b80e3be8f9f3e31b7999c6a75e6819ae26806b02,189,94.50,4.08,1,6,4,0.021571,0.451288,TopoStake,pog(D=3_omega=1.00),2.47,1971,0
394,4,0x075e1d95c7891e1c00414ca1aa9a7a8cf6270019,109.317608,1772368415,c41ad149b17de66323e47776eab3fc1c7474a0dfdad4a7d686e9d0a3d5763111,250,125.00,3.74,1,5,4,0.021571,0.451289,TopoStake,pog(D=3_omega=1.00),2.19,1972,0
395,0,0x1cb1274c711a6c2e4e1596846e6ac604eeefb358,41.442929,1772368417,513473a3fc3a84f9451e49b0bcc718aacb655d99fe0599f7f1d0c780935c5f8b,49,49.00,3.47,2,5,4,0.021606,0.451552,TopoStake,pog(D=3_omega=1.00),1.92,1973,0
395,1,0x075e1d95c7891e1c00414ca1aa9a7a8cf6270019,110.317864,1772368419,839a88343e593ed22674bcb0bfc579f298efde513925bce863fdd232346473a2,192,96.00,3.48,1,5,4,0.021605,0.451751,TopoStake,pog(D=3_omega=1.00),1.57,1974,0
395,2,0x81d019380961f92c2031b0a7fba69f7675145088,11.474199,1772368421,23c69c198e8abd7e78e451c7e5fd4adc4080e66e99a5f5487897ba283272201a,197,65.67,3.08,1,5,3,0.021640,0.452014,TopoStake,pog(D=3_omega=1.00),2.53,1975,0
395,3,0x53be6e527cc5a7d850b5eae27b9cef342e0665f2,24.051757,1772368423,3566ffd9575cd8882562f4d7b0ac4906aba9a7e3d2598d6e8356602ca77966e0,186,93.00,3.72,1,5,4,0.021625,0.451683,TopoStake,pog(D=3_omega=1.00),2.48,1976,0
395,4,0x54f496e5c1d9f95a916cf7f5b62e9c98e64a3dc5,6.016521,1772368426,6e66b4b12e49a10f3edec374ed19e3cc140b358f61f6bba9780ab828dc9406d3,250,125.00,3.44,1,5,4,0.021615,0.451742,TopoStake,pog(D=3_omega=1.00),2.36,1977,0
396,0,0xa9105f442328d397529b8e4e9e656fa89016ff45,8.443924,1772368427,aa0e5100ab8fe719dc6614e5bf0eb0dc68742420055dfc3d7e1b057c449a96e1,240,120.00,4.18,1,5,4,0.021615,0.451743,TopoStake,pog(D=3_omega=1.00),2.32,1978,0
396,1,0xaadc5fea232580cb8fba739ac5d05a48559c7e52,16.342227,1772368429,1910de174f32c280cab65558868ff726f1bc0e1fa93fe441589208bd0edecdbf,62,62.00,3.90,1,5,4,0.021598,0.451304,TopoStake,pog(D=3_omega=1.00),1.94,1979,0
396,2,0x377eaef292051bbf8ada05b2af76a3f3b9d722a7,32.077473,1772368431,8229aa5b602a1055fa4a1bf091867b5cefca652cf2e67e68bd099830247f9adc,195,97.50,4.41,2,6,4,0.021585,0.451165,TopoStake,pog(D=3_omega=1.00),1.49,1980,0
396,3,0x687bf2437a044a3e42ff2f8a79a8e54ba9601f70,15.052481,1772368433,dec58302b16a546267b6f5a6d984f6c53bebeea55e73b10e13466a96a4a0d8b2,187,62.33,3.60,1,5,4,0.021580,0.451322,TopoStake,pog(D=3_omega=1.00),2.50,1981,0
396,4,0xd67aaaf210c0c36ddcb7055222d168b5c9dd1b36,14.175270,1772368435,9013d16576cf2100457fa52dcf825bbb0db82210a9515d810a3beb802d6e80b8,205,102.50,3.80,1,5,4,0.021566,0.451127,TopoStake,pog(D=3_omega=1.00),2.53,1982,0
397,0,0xc339f8bf978200eb65afce6c7121402eda949097,10.058631,1772368438,f48826df9e33324cefabe4cd6801613df90c01a809054cae8650971880bbb874,227,113.50,3.84,1,5,4,0.021552,0.450887,TopoStake,pog(D=3_omega=1.00),2.41,1983,0
397,1,0xa9105f442328d397529b8e4e9e656fa89016ff45,9.444143,1772368439,a47f799213e90fb5de1d00fc25f7e2b6e962688ce3358b52b66874f0dd054fc2,234,117.00,4.27,1,6,4,0.021552,0.450887,TopoStake,pog(D=3_omega=1.00),2.27,1984,0
397,2,0x408bb0bf84df50b21c53c74420987f172d4036a1,8.781698,1772368441,9e5811e217aae23c546a4798967916c5b102364560e91ab15cd7b04f3542b80a,75,75.00,4.04,3,5,4,0.021535,0.450482,TopoStake,pog(D=3_omega=1.00),1.99,1985,0
397,3,0x075e1d95c7891e1c00414ca1aa9a7a8cf6270019,111.319165,1772368443,d0a51916c62430a1c40305520658f85afc592c76ad641ff9e5226ce653424506,188,94.00,3.59,2,5,4,0.021518,0.450048,TopoStake,pog(D=3_omega=1.00),1.50,1986,0
397,4,0x26d553a2f4343b3a7dc88bbd87b3d0a25d3838d9,28.226111,1772368445,e14f4ea61618de29e76133f5d8f110911b4e3858e2429d49f8c3c9c639459756,220,73.33,3.19,1,5,3,0.021553,0.450311,TopoStake,pog(D=3_omega=1.00),2.46,1987,0
398,0,0xac768e60b9269babb15cb1e36ee843243d7c7543,4.689453,1772368447,87589e354844cb8d41e6a2ea7c3699b522210c3242e7aed02b02086af56caea7,231,115.50,3.69,1,5,4,0.021546,0.450452,TopoStake,pog(D=3_omega=1.00),2.47,1988,0
398,1,0x49b57eb4dace37c8819daf079c9c674f766d4f38,18.227459,1772368450,0eff90f62b8b9555653a60fb65be6055261b8fd470df5169a9f51529144a2029,215,107.50,3.79,1,6,4,0.021527,0.449816,TopoStake,pog(D=3_omega=1.00),2.35,1989,0
398,2,0x13f9dadc05f6c237b03411e2aed1800cf21a5d89,105.456976,1772368451,06df31bc70f29a2650d1329d81e429ffdefc44f1401c012d73aba8bb9c67658b,234,117.00,3.83,1,5,4,0.021515,0.449758,TopoStake,pog(D=3_omega=1.00),2.18,1990,0
398,3,0xd3997be86c88837e3fd467517b943590b28fa641,8.036967,1772368453,7ebbf71d99faaa6beacba41691ea229c282fef8df76bebdae0f82d874d2519c9,99,99.00,3.27,2,5,3,0.021547,0.450010,TopoStake,pog(D=3_omega=1.00),1.63,1991,0
398,4,0xc4dc29db975b952e04358340e56b68fa4ba63fbc,11.524298,1772368455,e71b0e93e04badf74eea666284d6e15daa0ec8c1080729e340497603565b83b2,225,112.50,4.12,1,6,4,0.021529,0.449540,TopoStake,pog(D=3_omega=1.00),1.49,1992,0
399,0,0x075e1d95c7891e1c00414ca1aa9a7a8cf6270019,112.320423,1772368457,ea248e7ba6e28a224b94b63f5218e617a73e1fcefc1fd5d1be7ca0fb8fb5da8b,193,96.50,3.81,1,5,4,0.021514,0.449205,TopoStake,pog(D=3_omega=1.00),1.55,1993,0
399,1,0x5cd626f4b83428b146919d30f4b3e481d259a9dc,25.076736,1772368459,06981c55c5ac557dafbe1f4502c6fc04e488b8986f419c873134e4122d2877ae,179,59.67,3.17,1,5,3,0.021549,0.449467,TopoStake,pog(D=3_omega=1.00),2.45,1994,0
399,2,0x07902d0371763a00d97ed9ba16ff0a206cb0fd19,129.766674,1772368462,51f328fcc73b9e074a5f13412a0c12f94cdea0c423f6342d186cc162849de57d,195,97.50,3.96,1,6,4,0.021540,0.449550,TopoStake,pog(D=3_omega=1.00),2.44,1995,0
399,3,0x075e1d95c7891e1c00414ca1aa9a7a8cf6270019,113.321379,1772368463,32d4e7091749fb6bd7e5dacc0dd346b8ff857c034a9e4425b92151d2105217ad,250,125.00,2.75,1,4,3,0.021584,0.449821,TopoStake,pog(D=3_omega=1.00),2.04,1996,0
399,4,0x6d6b2734a20229ddd7fd4a1470ba3e3bad4e4a85,16.631909,1772368465,ad7258c9f562e10c9f533f6856c37b6bd164cccda0905f74fcd19366ec4b3cf9,21,21.00,3.33,2,5,3,0.021620,0.450083,TopoStake,pog(D=3_omega=1.00),2.00,1997,0
400,0,0x6d6b2734a20229ddd7fd4a1470ba3e3bad4e4a85,17.632969,1772368467,380e6cd125c762df52e337395e9b33d33106c82a0fc675ee34dfcdea3f6a2a19,218,109.00,3.64,1,5,4,0.021607,0.449957,TopoStake,pog(D=3_omega=1.00),1.52,1998,0
400,1,0xcdc82b7c868072205a399d0f68e6e3ad3bfd1ca6,15.198343,1772368469,f63067c3adce90cdc881ab741f2482238ace36968b79cbf20d7b283f5bbc5add,213,71.00,3.62,1,5,4,0.021594,0.449875,TopoStake,pog(D=3_omega=1.00),2.49,1999,0
400,2,0x07902d0371763a00d97ed9ba16ff0a206cb0fd19,130.768166,1772368471,420e0d1c2458995d0d9ee4c36655cbab70403450fc3ced0f011f5f4298522a7c,185,92.50,3.55,1,5,4,0.021581,0.449677,TopoStake,pog(D=3_omega=1.00),2.52,2000,0
400,3,0x13f9dadc05f6c237b03411e2aed1800cf21a5d89,106.457839,1772368474,659935840a96e6615a150cfe70446529c0d79ffcb9dc4871e3c7b7981f858e92,239,119.50,2.69,1,4,3,0.021625,0.449948,TopoStake,pog(D=3_omega=1.00),2.30,2001,0
400,4,0x4414c05be2cf328f38d2e3ef4b705d6b894f044a,12.070613,1772368475,347976afd8d7c8a8ed2fa9254056ce2bf6896a720b3c08ba0d77fa9cc1a0b249,250,125.00,3.00,1,5,3,0.021657,0.450199,TopoStake,pog(D=3_omega=1.00),1.98,2002,0
401,0,0x016d3fc36beee7caa8fbd6c1caa42461dd7f9850,44.939565,1772368477,89f646e9bb5e38e43c48eae9fca2c1e235ca8e2bc3f48b1ec9625a18590487e6,65,65.00,3.98,2,5,4,0.021641,0.449891,TopoStake,pog(D=3_omega=1.00),1.69,2003,0
401,1,0x13f9dadc05f6c237b03411e2aed1800cf21a5d89,107.459109,1772368479,a23e84ccac56f9787ac7534987f925d918f5cc04ce4e09238be26cb549526474,184,92.00,3.18,1,4,3,0.021642,0.450111,TopoStake,pog(D=3_omega=1.00),1.48,2004,0
401,2,0x7e40df5d801345015e84c843908efc6683665fa4,25.663555,1772368481,09cd582c546e0303b77fc46c9b3017450915d59cfb18277485cb764d3250133d,184,92.00,3.03,1,5,3,0.021675,0.450361,TopoStake,pog(D=3_omega=1.00),1.50,2005,0
401,3,0x1796dc61e715f15a2d27dfa32bd34780f12a8c24,41.780479,1772368483,4df845cf519bdd720aef37c4d09ba1b1e71408f3e0a00553a02cceead45875d8,217,72.33,3.46,1,5,3,0.021666,0.450449,TopoStake,pog(D=3_omega=1.00),2.47,2006,0
401,4,0x719361397abe003a91af76243e5f9c7a0cd4279f,23.545033,1772368486,6d28e0faa344e6f0dc2b92af329695cefba09d6901a5f11669ab5aa3e269bc11,223,111.50,3.22,1,5,3,0.021666,0.450642,TopoStake,pog(D=3_omega=1.00),2.39,2007,0
402,0,0xea287b266dbe2c2d402fd91814bcfc4c95d6b0fd,12.142160,1772368487,5e2d19f98ca7e5684a8523110243e1a9efdb5dd682606a1516de6d9690abe215,235,117.50,3.75,1,5,4,0.021656,0.450683,TopoStake,pog(D=3_omega=1.00),2.14,2008,0
402,1,0x282f43759e22b50aa7989261c51c367f325c3f91,19.349806,1772368489,60fc666b05133da5cc9021ca4d766224e782d0ae900cf85e8a297127e747de6c,87,87.00,4.16,1,6,4,0.021641,0.450370,TopoStake,pog(D=3_omega=1.00),1.55,2009,0
402,2,0x3513d672439a59c26cc5711f2b715ccb4810a774,25.296823,1772368491,f8d713447511cf1f8df07c4672964273ab5318cd72991e607a39458f7dd60a43,194,97.00,3.98,1,6,4,0.021629,0.450352,TopoStake,pog(D=3_omega=1.00),1.49,2010,0
402,3,0x13f9dadc05f6c237b03411e2aed1800cf21a5d89,108.460248,1772368493,2364b87816b5b4881ccf8e54b27e43f2d16b39d962760f753599ba0074cce13d,196,98.00,3.87,1,5,4,0.021620,0.450424,TopoStake,pog(D=3_omega=1.00),1.51,2011,0
402,4,0x1cb1274c711a6c2e4e1596846e6ac604eeefb358,42.443885,1772368495,5536619679bd5df488e850f0bfd0a8d3f03a86b41573b61262c5f963aed46e0f,194,64.67,2.99,1,5,3,0.021653,0.450673,TopoStake,pog(D=3_omega=1.00),2.47,2012,0
403,0,0x8c11ec9090dd820c076e57e899d9c604c79d6b32,32.578699,1772368498,64a59d650fa620189b3a0f548f27ae248a858e6c31fc1a8fbc5d611f33efe29b,203,101.50,3.40,1,5,4,0.021652,0.450869,TopoStake,pog(D=3_omega=1.00),2.33,2013,0
403,1,0x719361397abe003a91af76243e5f9c7a0cd4279f,24.546150,1772368499,e388aaa1b2610210e3fee5dc7b9c35d9aad8c60e82622021fb0701bf29c3f5cf,194,97.00,4.02,1,6,4,0.021647,0.451023,TopoStake,pog(D=3_omega=1.00),2.24,2014,0
403,2,0x3d92e045fb1847aae132b40ebfcc471a32f687de,23.136248,1772368501,94d8c5edb5d7341a9c29ea4e26267381ec6c8489ef77090077fb04613e54de30,95,95.00,3.87,1,5,4,0.021638,0.451077,TopoStake,pog(D=3_omega=1.00),1.78,2015,0
403,3,0xb2a7fe70a6f3137d38f6cb4c3ec6dd1e24f2d5f4,11.403125,1772368503,0d7401ab21813159eae9f79a50d5ae45e65de224b22e2ffdf0f0e5a10fda3354,182,91.00,4.03,1,5,4,0.021628,0.451099,TopoStake,pog(D=3_omega=1.00),1.47,2016,0
403,4,0x07902d0371763a00d97ed9ba16ff0a206cb0fd19,131.770214,1772368505,ed172322fddb4880b8e3fcba0888a2ece3b150fdb5b9e43a0a9d5b832feeb592,173,57.67,4.18,1,6,4,0.021613,0.450747,TopoStake,pog(D=3_omega=1.00),2.46,2017,0
404,0,0xa3786e459f289a76c0e8af8ad834e3d0c6d47199,33.729534,1772368508,84e16baba132ad4d0fe87327ad7b0c719cccdfc1537c43cb178fbf3e0d939b61,217,108.50,2.66,1,4,3,0.021656,0.451015,TopoStake,pog(D=3_omega=1.00),2.32,2018,0
404,1,0x1d1d2c63625de70b1e5ef40056bd2deb89d7fef2,18.057760,1772368509,d523d31e81940ea8f633699d52815259f6d3c4d2de9880348923e8cfd045255f,198,99.00,4.10,1,6,4,0.021652,0.451183,TopoStake,pog(D=3_omega=1.00),2.20,2019,0
404,2,0x26d553a2f4343b3a7dc88bbd87b3d0a25d3838d9,29.226906,1772368511,7b1a9cc78a870c2933bca0c03943135efc24e4cd93d73b001c6c385ccaf91948,178,178.00,3.63,1,5,4,0.021639,0.451108,TopoStake,pog(D=3_omega=1.00),1.54,2020,0
404,3,0xa3786e459f289a76c0e8af8ad834e3d0c6d47199,34.730452,1772368513,a7717681bf80f9ca0c2caaa08ad5575192b19ed0a902265168cee6eb230ebd95,206,103.00,3.89,1,5,4,0.021633,0.451246,TopoStake,pog(D=3_omega=1.00),1.64,2021,0
404,4,0x9bdb1c7ad4bd8fe797b07c08117c74a591dbab2d,8.424568,1772368515,a0e922a30ce34a348c39730a5b2245f1e8a9dc01e8ecefa62903c32a111118fa,206,103.00,4.32,1,6,4,0.021628,0.451415,TopoStake,pog(D=3_omega=1.00),1.50,2022,0
405,0,0x1796dc61e715f15a2d27dfa32bd34780f12a8c24,42.781646,1772368517,c6fbca93e76f19b1f69ce62b7253018768dcaf0425de520de1fb252608fbe95b,212,70.67,3.71,1,5,4,0.021611,0.450962,TopoStake,pog(D=3_omega=1.00),2.44,2023,0
405,1,0x49b57eb4dace37c8819daf079c9c674f766d4f38,19.228326,1772368520,34fc570f0612f83e499c4aaa4da195a30132501939457b476a7e28a5f297cc32,205,102.50,3.33,1,5,3,0.021611,0.451154,TopoStake,pog(D=3_omega=1.00),2.46,2024,0
405,2,0x1796dc61e715f15a2d27dfa32bd34780f12a8c24,43.782659,1772368521,e0b29961b75ea811769ce3bcb7ea67e85b97e45eaff619b3a82294ea49a93f0d,208,104.00,3.77,1,6,4,0.021600,0.451124,TopoStake,pog(D=3_omega=1.00),2.24,2025,0
405,3,0xbc3f8508d26048f2064aa8c068f4c94d08d77d18,15.046471,1772368523,282c06d38acdc2fa2fa58a3593cac06b3eab5c651b5c89e7da034abbb8fb1edf,150,150.00,3.39,1,5,3,0.021600,0.451331,TopoStake,pog(D=3_omega=1.00),1.47,2026,0
405,4,0x30509a8084fdfe6fe24d9c9a817c209ad194f8e3,69.741741,1772368525,5cd867d2c743a238760dc2fb3519db22888f6b35973c802be400b57ad265f328,185,92.50,4.31,1,6,4,0.021586,0.451121,TopoStake,pog(D=3_omega=1.00),1.60,2027,0
406,0,0x1796dc61e715f15a2d27dfa32bd34780f12a8c24,44.783410,1772368527,30e85a6db829cb6a382b3af12f4ae627b47493f098e8288b633d0eaebfa8e4cb,169,84.50,3.46,1,5,4,0.021586,0.451122,TopoStake,pog(D=3_omega=1.00),1.54,2028,0
406,1,0x30509a8084fdfe6fe24d9c9a817c209ad194f8e3,69.741716,1772368529,a0b5bf769a9457a50f604646064ca733d8cc5b8302500efea9aec4f5346eef74,242,80.67,3.31,1,5,3,0.021587,0.451329,TopoStake,pog(D=3_omega=1.00),2.52,2029,0
406,2,0xa5a12d96532497871d73549e55ab377e3dcb3a40,4.079603,1772368532,38375b71aabfcb3e90d87022929b93dc0aa1eccc6d5e0332570d5e0c3eb5b4d4,249,124.50,3.29,1,5,3,0.021600,0.451556,TopoStake,pog(D=3_omega=1.00),2.34,2030,0
406,3,0x4a217e35f6402e7f62a49f6d62e27c6585c2f3fd,26.492377,1772368533,8f2195e5d17c71459a4d87075fe9c8dabbdb4aa99688e72a11fd493eb7cb93fa,181,90.50,4.24,1,6,4,0.021581,0.450914,TopoStake,pog(D=3_omega=1.00),2.31,2031,0
406,4,0x71f297f96355f349d66f0e9b681e7d4e11224660,21.172745,1772368535,831af55d93620b64661ccb0648b795ef1692447a809bdb7a9bf9c647e8aa9ba7,181,181.00,3.68,1,5,4,0.021573,0.451029,TopoStake,pog(D=3_omega=1.00),1.45,2032,0
407,0,0xd67aaaf210c0c36ddcb7055222d168b5c9dd1b36,15.175706,1772368537,e2bcff91dd2e0fdf980caf111b43122290196724d96b675d1181901f34d29b7b,228,114.00,4.00,1,5,4,0.021562,0.451039,TopoStake,pog(D=3_omega=1.00),1.69,2033,0
407,1,0x50f7fa851f9314d682e36da5caa4635039b5305d,40.145503,1772368539,5d952f485a9d3e6ebd2bc31c73a4b06ead5e68f886572b95a5dc8abb340607a7,201,67.00,3.94,1,5,4,0.021548,0.450825,TopoStake,pog(D=3_omega=1.00),2.51,2034,0
407,2,0x89100a8056319ba37491b32ba255004180607bc2,26.791547,1772368541,ac2078ab8dfe9a1cd7ed73fadd65f6f7c5ddf15557e153f888f289a797ac0ffa,199,99.50,3.30,1,5,3,0.021547,0.451002,TopoStake,pog(D=3_omega=1.00),2.45,2035,0
407,3,0x07902d0371763a00d97ed9ba16ff0a206cb0fd19,132.772560,1772368544,68c84cbd0838aa9bf9d4e7c2977ad6f933de8ff37e0b39a984a9556886a9977a,203,101.50,3.90,1,5,4,0.021539,0.451120,TopoStake,pog(D=3_omega=1.00),2.47,2036,0
407,4,0xc577329e86aaecb006f17fb90499c54671119935,9.299324,1772368545,43e32c2e81b75fc16f5f7504eed3b4d0bbba41b2ce2442cdfee1002265bc6e7b,250,125.00,2.75,1,4,3,0.021539,0.451120,TopoStake,pog(D=3_omega=1.00),2.12,2037,0
408,0,0x0d91704595bff3aec25d40822498a51c62b05e3a,82.679441,1772368547,7832ef974f36c0faffe493c726e8bed4cbeca625d77256bd66eedf44892b2f50,54,54.00,3.85,2,5,4,0.021522,0.450706,TopoStake,pog(D=3_omega=1.00),1.48,2038,0
408,1,0x1796dc61e715f15a2d27dfa32bd34780f12a8c24,45.784761,1772368549,bdf8d3d7ee18ef8cea06f92cb832e8c3a6438a3b4784857c92c90241880b19e6,196,98.00,3.30,1,5,3,0.021542,0.450942,TopoStake,pog(D=3_omega=1.00),1.54,2039,0
408,2,0xbc3f8508d26048f2064aa8c068f4c94d08d77d18,16.047025,1772368551,e8e02a9472b7bb48dc92724eea123153a0c375568e911162da32e69acf6d4548,209,69.67,3.33,1,5,3,0.021543,0.451157,TopoStake,pog(D=3_omega=1.00),2.47,2040,0
408,3,0x07902d0371763a00d97ed9ba16ff0a206cb0fd19,132.772709,1772368553,1b51cd2a64a6795ea2cd11c90ce435e59550620f540db1c7ad1700e09d3f696d,192,96.00,4.31,1,6,4,0.021530,0.450987,TopoStake,pog(D=3_omega=1.00),2.44,2041,0
408,4,0x37cc7a82e66d4f4c2ae13b9ee895d3af1a1d7a05,12.247812,1772368556,e50367933003c1b5538b2e8e6022f496be5befaf3159adeaa3d47904b75e187f,245,122.50,2.72,1,4,3,0.021573,0.451252,TopoStake,pog(D=3_omega=1.00),2.29,2042,0
409,0,0x24898fcb116b48cb2b6fd5d3b4eb599fee0f4633,19.060190,1772368557,8e6aa7962d2cd76f00cc2c502ed6988f6d9ca81421358d1f91b792e255d764db,208,104.00,3.82,1,6,4,0.021558,0.450938,TopoStake,pog(D=3_omega=1.00),2.05,2043,0
409,1,0x075e1d95c7891e1c00414ca1aa9a7a8cf6270019,114.323387,1772368559,21e885c96328f31cab3325d7cd664eab6456f82329cea39ad6ab5af30d21b27a,66,66.00,3.56,1,5,4,0.021546,0.450895,TopoStake,pog(D=3_omega=1.00),1.64,2044,0
409,2,0x8c11ec9090dd820c076e57e899d9c604c79d6b32,33.579526,1772368561,3656b01637e161fbce66c234c390ba3512e34af5630bb4129c16b308cf5ba26b,191,95.50,3.11,2,5,3,0.021580,0.451150,TopoStake,pog(D=3_omega=1.00),1.46,2045,0
409,3,0x1d1d2c63625de70b1e5ef40056bd2deb89d7fef2,19.058287,1772368563,70e2c432cfe538755808fe38ca59c2e76dbd827ed8f08e1d202c17f5f690422d,209,69.67,4.20,1,6,4,0.021575,0.451306,TopoStake,pog(D=3_omega=1.00),2.47,2046,0
409,4,0x37cc7a82e66d4f4c2ae13b9ee895d3af1a1d7a05,13.248842,1772368565,3efd07e4de780883a693f0d8e6c87904270b7fb2a974b19bdb54ca734042f383,198,99.00,3.66,1,5,4,0.021563,0.451253,TopoStake,pog(D=3_omega=1.00),2.52,2047,0
410,0,0xe6ebb0cdfd04183d498964e5efc4096ba77b17d6,5.264850,1772368568,389e8393a97a745d3e4e8fcb7184238118caa4c7bed68a4ac8e7e0644f331a0f,216,108.00,3.84,1,6,4,0.021549,0.450973,TopoStake,pog(D=3_omega=1.00),2.40,2048,0
410,1,0x687bf2437a044a3e42ff2f8a79a8e54ba9601f70,16.052407,1772368569,79c6e5a9e8455d62e490f8ba4a9ae3820a1a80547f8b25f6e10d4c093cfe1d2e,235,117.50,4.07,1,6,4,0.021549,0.450974,TopoStake,pog(D=3_omega=1.00),2.14,2049,0
410,2,0x075e1d95c7891e1c00414ca1aa9a7a8cf6270019,115.324337,1772368571,b5f3091d4ecddbe7c2e0af754f9047edadde10ec1c5569d1f3c33edd0c224b5b,36,36.00,4.03,2,5,4,0.021536,0.450795,TopoStake,pog(D=3_omega=1.00),1.89,2050,0
410,3,0xb990cdf21950e6086c350175c4bc504e45858230,24.130324,1772368573,a0a9498cea4a34c60cc47a1be4e36068108c1b407b1e61044a65c7900e80e7ca,170,85.00,3.07,1,5,3,0.021570,0.451049,TopoStake,pog(D=3_omega=1.00),1.56,2051,0
410,4,0x53be6e527cc5a7d850b5eae27b9cef342e0665f2,25.053055,1772368575,ba1c05cdb43d95114ca38749b99443d552b481aaedac84773beff7e68b21346a,181,90.50,3.97,1,5,4,0.021561,0.451089,TopoStake,pog(D=3_omega=1.00),1.55,2052,0
411,0,0x54f496e5c1d9f95a916cf7f5b62e9c98e64a3dc5,6.015012,1772368577,76268d36d20fc822eb749dab7f70f1fb75b7274c9de26d43525f6df6f0fcf13b,196,65.33,3.46,2,5,4,0.021552,0.451142,TopoStake,pog(D=3_omega=1.00),2.44,2053,0
411,1,0x4a217e35f6402e7f62a49f6d62e27c6585c2f3fd,27.493001,1772368580,f2ad2b280f9a4e60e5413abc084132dbcadb2d6054ef43f1e764baf0e34af49f,208,104.00,4.14,1,5,4,0.021534,0.450564,TopoStake,pog(D=3_omega=1.00),2.46,2054,0
411,2,0x1cb1274c711a6c2e4e1596846e6ac604eeefb358,43.444836,1772368581,335c04f95114bfa6a1215c96cad71fe50b13746dbf104995866180eeb1b92dfa,237,118.50,3.51,1,5,4,0.021526,0.450688,TopoStake,pog(D=3_omega=1.00),2.24,2055,0
411,3,0x13f9dadc05f6c237b03411e2aed1800cf21a5d89,109.463338,1772368583,1e666eee4998cc68beab9059504caabe90551eb4f32e93c88af9aeb4eefb32a3,129,129.00,3.64,2,5,4,0.021526,0.450881,TopoStake,pog(D=3_omega=1.00),1.47,2056,0
411,4,0x63f4973c0df8a5358405f396dc0673a463c48de9,23.902336,1772368585,fb9850292dbe35d617d8ecb5a9d60aebef7d50b6db8dbdacfaea7f9a6b2bcb90,212,106.00,3.02,1,5,3,0.021558,0.451125,TopoStake,pog(D=3_omega=1.00),1.74,2057,0
412,0,0x89100a8056319ba37491b32ba255004180607bc2,27.792349,1772368587,1bbd351766e56a9c2b7376cb09c06075edeb84311c3b9b729ccb8b2085a67c05,208,104.00,3.56,1,5,4,0.021548,0.451151,TopoStake,pog(D=3_omega=1.00),1.47,2058,0
412,1,0x377eaef292051bbf8ada05b2af76a3f3b9d722a7,33.078212,1772368589,87c6cd8033cbaf7bfdbb0c6d43304cbb4c9e0d284ef37ed826a27fc092e8d1d3,184,61.33,3.97,2,5,4,0.021541,0.451271,TopoStake,pog(D=3_omega=1.00),2.44,2059,0
412,2,0x8c11ec9090dd820c076e57e899d9c604c79d6b32,34.580303,1772368591,049f5ec18a342de4a092422339841f4d387b67dbeac930b4f5b78ad8277ecf23,184,92.00,3.68,1,5,4,0.021536,0.451417,TopoStake,pog(D=3_omega=1.00),2.43,2060,0
412,3,0x3d92e045fb1847aae132b40ebfcc471a32f687de,24.136981,1772368594,c90c206b7db4ac11c8b2884bedfff36d1f9154ac6c4d836bcf025a4abfd2835b,195,97.50,4.25,1,6,4,0.021531,0.451573,TopoStake,pog(D=3_omega=1.00),2.43,2061,0
412,4,0x30509a8084fdfe6fe24d9c9a817c209ad194f8e3,70.743338,1772368595,9d85d90f2eacccd22347cac84e4497c1a9fcb1311c5c0352d9442adc77ae2862,239,119.50,3.92,1,5,4,0.021522,0.451594,TopoStake,pog(D=3_omega=1.00),2.28,2062,0
413,0,0x377eaef292051bbf8ada05b2af76a3f3b9d722a7,34.079059,1772368597,acffd6a0d5f939303535f40d23a53bcc5e7835b2801185d640b090cd8def2803,96,96.00,3.47,2,5,4,0.021535,0.451817,TopoStake,pog(D=3_omega=1.00),1.64,2063,0
413,1,0x0d91704595bff3aec25d40822498a51c62b05e3a,83.680831,1772368599,5f332859cccc844236a6c00cb5a8868581528fee11e45620d01137ebadd100a8,210,105.00,3.58,1,5,4,0.021530,0.451963,TopoStake,pog(D=3_omega=1.00),1.51,2064,0
413,2,0x95ab54d268473cce82094026afefdbd5cadf418b,16.583985,1772368601,6afba3524d995956b41fc8b0b3158f4971f802c9c9156dd6f45a9c711ec10aa0,180,90.00,3.27,1,5,3,0.021549,0.452196,TopoStake,pog(D=3_omega=1.00),1.51,2065,0
413,3,0x3513d672439a59c26cc5711f2b715ccb4810a774,26.297163,1772368603,92932cb56ee28668b6b72394f0aad67a19681f340d9d4369a17bbb45197d0c8a,207,69.00,4.33,1,6,5,0.021536,0.452052,TopoStake,pog(D=3_omega=1.00),2.45,2066,0
413,4,0xd39dbd3662315e3935ec08e6b6028e73b3c09de2,16.908579,1772368606,9891eaac6049fbb837abb8ad769201ad8703946ac071983daf475b12bb3d7757,214,107.00,3.83,1,5,4,0.021528,0.452143,TopoStake,pog(D=3_omega=1.00),2.40,2067,0
414,0,0xcdc82b7c868072205a399d0f68e6e3ad3bfd1ca6,16.198436,1772368607,60ec359c293b3ca731ec192da60b1bf9ae1c686edc9af8cd764e251dfe904bdd,219,109.50,4.57,1,6,5,0.021515,0.452015,TopoStake,pog(D=3_omega=1.00),2.41,2068,0
414,1,0x30509a8084fdfe6fe24d9c9a817c209ad194f8e3,71.743868,1772368609,53e0c928508645b9851777cee942617adf655baeb18b590e0ce0a6b67e1b106b,105,105.00,3.68,1,5,4,0.021502,0.451832,TopoStake,pog(D=3_omega=1.00),1.87,2069,0
414,2,0x07902d0371763a00d97ed9ba16ff0a206cb0fd19,133.775707,1772368611,d0ee8aa9f42141e2ac695580ae84e5da4a9fab6d4a21f272ba9986dc251d4dfb,196,98.00,3.44,1,5,4,0.021515,0.452055,TopoStake,pog(D=3_omega=1.00),1.46,2070,0
414,3,0x07902d0371763a00d97ed9ba16ff0a206cb0fd19,134.776587,1772368613,f530a4f060e05cf5fdddf3152cd3a1601e4dbfff78793898bf844bb150dd1f23,186,93.00,2.80,1,4,3,0.021557,0.452316,TopoStake,pog(D=3_omega=1.00),1.51,2071,0
414,4,0x1796dc61e715f15a2d27dfa32bd34780f12a8c24,46.786093,1772368615,617485ca8a6e77fddffeb32cf5226044e0addb5ab19052b5a5c4bb13fd45b7af,222,74.00,2.76,1,4,3,0.021600,0.452577,TopoStake,pog(D=3_omega=1.00),2.48,2072,0
415,0,0x50f7fa851f9314d682e36da5caa4635039b5305d,41.146437,1772368618,6c9eedf9bdb36810abf2690aa5f0b35a95bf26806782530a50b4fa720777db3a,215,107.50,3.22,1,5,3,0.021601,0.452789,TopoStake,pog(D=3_omega=1.00),2.40,2073,0
415,1,0x7e40df5d801345015e84c843908efc6683665fa4,26.664056,1772368619,161ac49bce602fa115f90ce5606557a7a8f7f9708f4c79190c6bebc5198a59fa,250,125.00,3.24,1,4,3,0.021600,0.452962,TopoStake,pog(D=3_omega=1.00),2.17,2074,0
415,2,0x58a21eeb7ab18ba8adf1296e66a4487076e95dac,18.081733,1772368621,c8e605142f727e39300727f7a54be41975cbe9fcbd3fc8b030ba918a58997844,98,98.00,3.35,2,5,3,0.021592,0.453056,TopoStake,pog(D=3_omega=1.00),1.44,2075,0
415,3,0xa068e3c9a21c8d8be636cd2d285895979ec3262e,8.944722,1772368623,8c34691e35c51756c53fbd1ff9ea46de419cade4b6bea68a2e13bd796726b33a,194,97.00,4.01,1,5,4,0.021579,0.452972,TopoStake,pog(D=3_omega=1.00),1.48,2076,0
415,4,0x687bf2437a044a3e42ff2f8a79a8e54ba9601f70,17.052108,1772368625,bd83178c689bcb1a257fbd30790d09652b4bb8d70a3bdf14c6efd5dfd12da70b,208,69.33,4.44,2,6,5,0.021563,0.452540,TopoStake,pog(D=3_omega=1.00),2.50,2077,0
416,0,0x3513d672439a59c26cc5711f2b715ccb4810a774,27.298095,1772368627,0b8246487f286c732fbe48f39edf5491cc21739a0fd22429e12c1ea5ddc4788b,195,97.50,3.89,1,5,4,0.021550,0.452414,TopoStake,pog(D=3_omega=1.00),2.51,2078,0
416,1,0xc774b0fee7cabbef3b1ae14bf36db3df0d32c1df,15.159761,1772368630,94c0ef1f66a1e4fca8dac976f0f53c750eee6986c6dc77b0d07c0a99a91eee14,174,87.00,3.73,1,5,4,0.021543,0.452516,TopoStake,pog(D=3_omega=1.00),2.51,2079,0
416,2,0x016d3fc36beee7caa8fbd6c1caa42461dd7f9850,45.941104,1772368631,728400f86ab572c4856868ff5dc4f259ed3c40d84c55029c184f3917c294151e,224,112.00,3.88,1,5,4,0.021529,0.452293,TopoStake,pog(D=3_omega=1.00),2.26,2080,0
416,3,0x075e1d95c7891e1c00414ca1aa9a7a8cf6270019,116.326178,1772368633,a6cac1f5a7c5b228df3d6c2d70b65ed2f4955147570a7198fd31962ce8126009,75,75.00,3.28,1,4,3,0.021530,0.452494,TopoStake,pog(D=3_omega=1.00),1.67,2081,0
416,4,0xdcf2130496e27a8094ab996aea4aa77788d65869,16.489852,1772368635,42f5f6f58c0c886412b67a9bfea009494a80b4206656b193d9401af164757026,202,101.00,3.10,1,5,3,0.021530,0.452495,TopoStake,pog(D=3_omega=1.00),1.54,2082,0
417,0,0x28672c71695142588ed26ada6f4b18b8b6c12308,43.722789,1772368637,a84948877e25c43726cf2512176e85611013bf7a3a801c9179b8c33efd338717,205,102.50,3.89,1,5,4,0.021551,0.452569,TopoStake,pog(D=3_omega=1.00),1.50,2083,0
417,1,0xe478b1e4d1538274c0c70cbd7df877f9abab2f62,17.288463,1772368639,4996268c81c4102e7f704a2ecb2a868e62de5925b57ca7472febe5fbc7ebe309,187,62.33,3.60,1,5,4,0.021550,0.452754,TopoStake,pog(D=3_omega=1.00),2.39,2084,0
417,2,0x075e1d95c7891e1c00414ca1aa9a7a8cf6270019,117.327199,1772368642,7d07a46728116e06af267dabfcfe23fa84869b866e7ab0a482c067004dd96407,208,104.00,3.92,1,5,4,0.021538,0.452632,TopoStake,pog(D=3_omega=1.00),2.44,2085,0
417,3,0x49b57eb4dace37c8819daf079c9c674f766d4f38,20.228615,1772368643,45f0afd3ede11ae2ec56c038bfc75043286a98dbb4c1ea0825db91dbc8c014d4,250,125.00,2.95,1,5,3,0.021572,0.452881,TopoStake,pog(D=3_omega=1.00),2.12,2086,0
417,4,0xf13caa2c5f6f6cf61e51290bfa7826a9140b4faf,17.029036,1772368645,a9fda89df1e3624098fb7fc2f868afa39bbdb63d8578be07e23c67a54d67825e,113,113.00,3.96,2,6,4,0.021560,0.452877,TopoStake,pog(D=3_omega=1.00),1.36,2087,0
418,0,0x24898fcb116b48cb2b6fd5d3b4eb599fee0f4633,20.060589,1772368647,deb4ca9c91e0c0902b90a7496c5ac7e84bad608d86d2c8aa641ce2045a8555ef,208,104.00,4.38,1,6,5,0.021548,0.452728,TopoStake,pog(D=3_omega=1.00),1.64,2088,0
418,1,0x687bf2437a044a3e42ff2f8a79a8e54ba9601f70,18.052989,1772368649,caa3a7d450e6f7977eba65972ed13b27d4db93966ad0a49b5ab462565f66db47,214,107.00,3.61,2,5,4,0.021537,0.452711,TopoStake,pog(D=3_omega=1.00),1.49,2089,0
418,2,0x1796dc61e715f15a2d27dfa32bd34780f12a8c24,47.787312,1772368651,78fdd5285596ef22f6f8a0aaa76c5e044da2bee7de021bd3a1a859291cd9f0a4,171,57.00,3.72,1,5,4,0.021525,0.452616,TopoStake,pog(D=3_omega=1.00),2.44,2090,0
418,3,0xac61c91e7d24df824351a6c4e562a75f0cf646f8,16.237889,1772368654,69079b74ca1fd5b4f13c947118a6b2ffdc51994da0e5f6b45244d5db679fca3e,233,116.50,3.25,1,5,3,0.021526,0.452826,TopoStake,pog(D=3_omega=1.00),2.41,2091,0
418,4,0x9c39f7fffaa5c5cfab20dfdd05663497918580c1,7.404523,1772368655,78ffc99658164f802c92e3e0e7463181458baeacc48dc133dfc01e5af584c744,213,106.50,3.85,1,6,4,0.021513,0.452627,TopoStake,pog(D=3_omega=1.00),2.21,2092,0
419,0,0x95ab54d268473cce82094026afefdbd5cadf418b,17.584481,1772368657,54ebb97a5eb24e0a17c9a9a895f01b59c520f75681d82d5f96a9f52c1c5ac49d,153,153.00,3.92,1,5,4,0.021496,0.452135,TopoStake,pog(D=3_omega=1.00),1.51,2093,0
419,1,0xcb7977f4997b4252c0152e135dd79b3cfe35c1a5,14.608773,1772368659,430260782d5d87b515aa152379a0fa6cfef12faa34dc0ad0c90c2661f551935e,210,105.00,4.40,1,6,5,0.021484,0.452011,TopoStake,pog(D=3_omega=1.00),1.61,2094,0
419,2,0x6414c6a8400ff3419cd81855d09de2848d770e0e,7.128186,1772368661,b112de1d12ac109ba9b068418be386ae2c70a14e3e21950ccec33a0081920d45,180,60.00,4.14,1,6,4,0.021470,0.451781,TopoStake,pog(D=3_omega=1.00),2.46,2095,0
419,3,0x07902d0371763a00d97ed9ba16ff0a206cb0fd19,135.779291,1772368663,6b2074e91485395fe83cf8c0cf50e1675243eaa359d7b2d59bbfe46df456d299,181,90.50,3.93,1,5,4,0.021453,0.451268,TopoStake,pog(D=3_omega=1.00),2.45,2096,0
419,4,0xc4dc29db975b952e04358340e56b68fa4ba63fbc,12.523597,1772368666,4c7bf9fc226e8c35a52457684c3a696a2b520ad261d0c7513f156d6523ce2d7a,249,124.50,2.72,2,4,3,0.021495,0.451527,TopoStake,pog(D=3_omega=1.00),2.22,2097,0
420,0,0x075e1d95c7891e1c00414ca1aa9a7a8cf6270019,118.329113,1772368667,721308482f921e1d2ab1b22938aaed15f2cdeeafd07b0180a09d5d9b5972ce29,214,107.00,3.75,2,5,4,0.021481,0.451225,TopoStake,pog(D=3_omega=1.00),2.00,2098,0
420,1,0x075e1d95c7891e1c00414ca1aa9a7a8cf6270019,119.329528,1772368669,cdb19d68b7c98e834ce9a3e4dec08eee34debe6613ee547c1cb3b3ee6c8fa57d,85,85.00,3.11,1,5,3,0.021514,0.451474,TopoStake,pog(D=3_omega=1.00),1.61,2099,0
420,2,0x282f43759e22b50aa7989261c51c367f325c3f91,20.349524,1772368671,b0d976989c1f989013651ee2b31546e6033e1d33e4df29127589147401ba999c,227,113.50,3.11,1,5,3,0.021548,0.451722,TopoStake,pog(D=3_omega=1.00),1.55,2100,0
420,3,0x13f9dadc05f6c237b03411e2aed1800cf21a5d89,110.466779,1772368673,23e085e22cbde0f145788719129dddabf69552f09eb1e9857e858a1b2ace513a,212,70.67,3.98,2,6,4,0.021537,0.451706,TopoStake,pog(D=3_omega=1.00),2.50,2101,0
420,4,0xac768e60b9269babb15cb1e36ee843243d7c7543,5.688558,1772368675,cf63d38ba76ae4558a5a31a4c1af438b6f8210005d5f68cb9d37b31deae55c00,210,105.00,3.09,1,5,3,0.021567,0.451945,TopoStake,pog(D=3_omega=1.00),2.48,2102,0
421,0,0x075e1d95c7891e1c00414ca1aa9a7a8cf6270019,120.330715,1772368678,2f31a2e1c6607df99f735d76c10573a2e4e87c98614e1a9b465651799d737fe8,224,112.00,3.91,1,6,4,0.021550,0.451363,TopoStake,pog(D=3_omega=1.00),2.32,2103,0
421,1,0x377eaef292051bbf8ada05b2af76a3f3b9d722a7,35.080020,1772368679,8072b5d4a54288bf087644e04ab7163ab68ba01bf688d1af6461af072e1603dc,250,125.00,3.05,1,5,3,0.021550,0.451363,TopoStake,pog(D=3_omega=1.00),2.01,2104,0
421,2,0x1cb1274c711a6c2e4e1596846e6ac604eeefb358,44.445466,1772368681,cbfa7b9149e19c35508827da0372417f2510d283e743cc455da5400e077f0e47,47,47.00,3.55,2,5,4,0.021545,0.451514,TopoStake,pog(D=3_omega=1.00),1.96,2105,0
421,3,0x13f9dadc05f6c237b03411e2aed1800cf21a5d89,111.467915,1772368683,c242d7f40ff9510d64ee3e3e0b587ca27a81feaeb8f4b957303d30a01870ab94,204,102.00,3.54,1,5,4,0.021545,0.451514,TopoStake,pog(D=3_omega=1.00),1.46,2106,0
421,4,0xa447d277b02012c2afd9ddcbbe123f27cc971963,10.792404,1772368685,7fe988071182fcf0792806dd1c33cca8a284ba2498e3df13ae6e52f644ca8fd7,212,70.67,3.04,1,5,3,0.021575,0.451940,TopoStake,pog(D=3_omega=1.00),2.44,2107,0
422,0,0xac768e60b9269babb15cb1e36ee843243d7c7543,6.689581,1772368687,b6a15355cb93cf72c5f480cdba77f80d71700c369de1b37f3f14e06fd13bc03d,200,100.00,3.54,1,5,4,0.021560,0.451587,TopoStake,pog(D=3_omega=1.00),2.54,2108,0
422,1,0xb990cdf21950e6086c350175c4bc504e45858230,25.130719,1772368690,5e4f89b8c657eb201234ab760f603d5cfb5bf2a3788c9803e11dab4f99dd1dea,219,109.50,3.91,1,6,4,0.021543,0.451046,TopoStake,pog(D=3_omega=1.00),2.40,2109,0
422,2,0xaadc5fea232580cb8fba739ac5d05a48559c7e52,17.341352,1772368691,fdf8bc28f0f1be0a5fa075671050a126ef91f4b4b196df87d4304c1683572077,208,104.00,3.87,1,5,4,0.021534,0.451091,TopoStake,pog(D=3_omega=1.00),2.20,2110,0
422,3,0x53be6e527cc5a7d850b5eae27b9cef342e0665f2,26.054010,1772368693,d2ffdde9c3f6a10c9c5ca44b588289efc4ec9578339100d4ee7fd19b917338a0,148,148.00,4.20,1,6,4,0.021521,0.450948,TopoStake,pog(D=3_omega=1.00),1.51,2111,0
422,4,0x0d91704595bff3aec25d40822498a51c62b05e3a,84.682427,1772368695,a7440edd36511720d735c457a5f26678e0dce422026443073eb6923f7282d95e,222,111.00,3.47,1,5,4,0.021513,0.451017,TopoStake,pog(D=3_omega=1.00),1.73,2112,0
423,0,0xd1cd4b808ce6b2841ad42746b64c5a047e857ef0,19.232174,1772368697,176f5a865387bdf8710b08c793f22aaaba2b83ca6863c8ccea0a5798ce39f8a4,235,78.33,3.32,1,5,3,0.021531,0.451245,TopoStake,pog(D=3_omega=1.00),2.47,2113,0
423,1,0x07902d0371763a00d97ed9ba16ff0a206cb0fd19,136.781667,1772368699,0900b9727ae8956b4f0630b13a35cdafe0fd07a88771033f852a20d332c23ff1,221,110.50,3.88,1,6,4,0.021520,0.451189,TopoStake,pog(D=3_omega=1.00),2.47,2114,0
423,2,0x763be7657fec175a3de5f1ee0a506722872c886d,8.011192,1772368702,d5764cf4a27ed2d415a8a9facaf78dc7f28eb5f0db1f93c41dc48eea1d819dbd,229,114.50,2.64,1,4,3,0.021561,0.451445,TopoStake,pog(D=3_omega=1.00),2.20,2115,0
423,3,0x075e1d95c7891e1c00414ca1aa9a7a8cf6270019,120.330952,1772368703,bf0b5217abe364c1782930eaaf5692a68407d7523ca2ac2d53a24eb263651e70,217,108.50,3.63,1,5,4,0.021544,0.450979,TopoStake,pog(D=3_omega=1.00),2.01,2116,0
423,4,0x30405867b72597aaeb27803bb2c7f3f5fc7d5384,14.503452,1772368705,b7330767f03e174e26cea84065bb853a247711b492ab0dbc0e2a691513ec8729,44,44.00,3.66,2,5,4,0.021578,0.451225,TopoStake,pog(D=3_omega=1.00),1.95,2117,0
424,0,0x1796dc61e715f15a2d27dfa32bd34780f12a8c24,48.788582,1772368707,5e5a5c59a15c6c28ea98999e83b4b1d302682725eede819dc2c5a073dee526ef,200,100.00,3.58,1,5,4,0.021578,0.451226,TopoStake,pog(D=3_omega=1.00),1.44,2118,0
424,1,0x13f9dadc05f6c237b03411e2aed1800cf21a5d89,112.469576,1772368709,c9e91314ef1532fbebf90fa65fbab9d829ca8db4cb09aabadfff7940786fb5d5,207,69.00,3.35,1,5,3,0.021566,0.451197,TopoStake,pog(D=3_omega=1.00),2.55,2119,0
424,2,0x28672c71695142588ed26ada6f4b18b8b6c12308,44.723491,1772368712,6e61f6577cf1e2163e9dbe9e7c320dbf6f5f74df6a411b239a52e11ee9ab4fb4,216,108.00,3.05,1,5,3,0.021596,0.451434,TopoStake,pog(D=3_omega=1.00),2.44,2120,0
424,3,0x269cdf52f97e1d9f14b7be895155a7b294f0b21d,26.737376,1772368713,7db84024332d2c46a4954bdf8abb49a0992958ea79e884d28992f0df16465e09,214,107.00,3.54,1,5,4,0.021596,0.451616,TopoStake,pog(D=3_omega=1.00),2.22,2121,0
424,4,0x763be7657fec175a3de5f1ee0a506722872c886d,9.012192,1772368715,fabd93f95c38500c392fe8485e8ae1eaeadf709b74ba3c8fa3466fc2f579d60c,159,159.00,3.56,1,5,4,0.021588,0.451695,TopoStake,pog(D=3_omega=1.00),1.38,2122,0
425,0,0xbc3f8508d26048f2064aa8c068f4c94d08d77d18,17.046657,1772368717,b9abb3a5f4f980de795146a6b94f772ac1486b72dbc2509970c89232eef84452,207,103.50,3.70,1,5,4,0.021572,0.451266,TopoStake,pog(D=3_omega=1.00),1.62,2123,0
425,1,0x30509a8084fdfe6fe24d9c9a817c209ad194f8e3,72.745710,1772368719,476da73eb40daba97499e5492896616c80610199fb1ece101669e62a2407af04,188,62.67,4.33,1,6,4,0.021559,0.451100,TopoStake,pog(D=3_omega=1.00),2.59,2124,0
425,2,0x71f297f96355f349d66f0e9b681e7d4e11224660,22.173175,1772368721,a98d20c3366a2a74f11bc840e6f6241f5ac2fe2e4cdbf1e897a8d48d7b1afef1,186,93.00,3.29,1,5,3,0.021572,0.451317,TopoStake,pog(D=3_omega=1.00),2.46,2125,0
425,3,0x1796dc61e715f15a2d27dfa32bd34780f12a8c24,49.789706,1772368724,ddcdffc54ae0b52965b38035c3b6a4ecb1412c8679b2190db7f294f9984ee4e6,195,97.50,3.83,1,5,4,0.021561,0.451326,TopoStake,pog(D=3_omega=1.00),2.47,2126,0
425,4,0x13f9dadc05f6c237b03411e2aed1800cf21a5d89,113.470974,1772368725,81e972bb66a91a738588d574e5c9f3e45dbe316847a64ecbe62af44b8e6b8f89,250,125.00,3.20,1,5,3,0.021563,0.451533,TopoStake,pog(D=3_omega=1.00),2.16,2127,0
426,0,0x0d91704595bff3aec25d40822498a51c62b05e3a,85.683777,1772368727,a1555faba786840c1fcae2f7670d1fe08a1892bce350dd393de326d117236dea,98,98.00,3.16,2,5,3,0.021594,0.451769,TopoStake,pog(D=3_omega=1.00),1.43,2128,0
426,1,0x26d553a2f4343b3a7dc88bbd87b3d0a25d3838d9,30.227048,1772368729,81d272e60ab6df5f5a4df5f9c3f8e0cdba9391a54c06905a726c9b55a6191a5c,208,104.00,3.33,1,5,3,0.021612,0.451994,TopoStake,pog(D=3_omega=1.00),1.47,2129,0
426,2,0x0d91704595bff3aec25d40822498a51c62b05e3a,86.684760,1772368731,d1715d14b9cac552ce6da2435a10833ff378496a32f372b2625090bee8a95461,214,71.33,3.67,1,5,4,0.021605,0.452126,TopoStake,pog(D=3_omega=1.00),2.48,2130,0
426,3,0x89100a8056319ba37491b32ba255004180607bc2,28.792575,1772368733,3ac6b5b08e70c3cd67f51dfef71c2169c3ab74dd51ed36985460cb813b1f1b4d,188,94.00,3.22,1,5,3,0.021623,0.452352,TopoStake,pog(D=3_omega=1.00),2.34,2131,0
426,4,0x28672c71695142588ed26ada6f4b18b8b6c12308,45.724476,1772368736,4262d03a0e8f869e0654930fb2ea5061257bf0b5aae61f7f5467bb4418eb9ae2,216,108.00,3.88,2,5,4,0.021616,0.452473,TopoStake,pog(D=3_omega=1.00),2.27,2132,0
427,0,0x2abf89d7c96c80fcff9dec1fe92803573094ee35,8.202360,1772368737,640139d52dd27e457623c312133f748e34a6626760a3a35506e9618b6837ab4f,249,124.50,3.53,1,5,4,0.021616,0.452473,TopoStake,pog(D=3_omega=1.00),1.97,2133,0
427,1,0x07902d0371763a00d97ed9ba16ff0a206cb0fd19,137.783680,1772368739,db5a85241be39594e190e7d42a96de8b7f4209ec106e4a6481d9895059d7ae76,39,39.00,4.00,3,5,4,0.021599,0.452011,TopoStake,pog(D=3_omega=1.00),1.64,2134,0
427,2,0x8d9e46becf415ca26aa698c9657087e6554aabda,8.363507,1772368741,4f080ebad526b0fb9cabf7e9c32ab3318c684fc64fcdb2b6924c04ca44e30488,203,101.50,2.74,1,4,3,0.021640,0.452264,TopoStake,pog(D=3_omega=1.00),1.51,2135,0
427,3,0x3d92e045fb1847aae132b40ebfcc471a32f687de,25.137579,1772368743,18d0a6b23a32aa92c9ba54a1cf6f48b56f3fd3abab4244b16b5236aefc69d7c4,236,78.67,3.68,1,5,4,0.021624,0.451800,TopoStake,pog(D=3_omega=1.00),2.46,2136,0
427,4,0xa3786e459f289a76c0e8af8ad834e3d0c6d47199,35.730065,1772368746,84443739a5e99a115d5bba30345a05763857253427cdddf05409262fa8903549,186,93.00,3.91,1,5,4,0.021615,0.451834,TopoStake,pog(D=3_omega=1.00),2.52,2137,0
428,0,0xa9a524611994a27dd3134d643379aa14edf7cb39,12.073076,1772368747,4dd84635b2701f6445b0d88ba6575c4025d479070a3c5f893b77ef2ddb87a73f,203,101.50,4.19,1,6,4,0.021610,0.451990,TopoStake,pog(D=3_omega=1.00),2.35,2138,0
428,1,0x07902d0371763a00d97ed9ba16ff0a206cb0fd19,138.784840,1772368749,d75a8726c8d56bfb77a11532e894b91e0aa7ca58d48590cc64d77d838ec09625,115,115.00,3.71,2,5,4,0.021596,0.451665,TopoStake,pog(D=3_omega=1.00),1.47,2139,0
428,2,0x50f7fa851f9314d682e36da5caa4635039b5305d,42.147868,1772368751,2e24cfdb95e968f49678b4964270b6f4dbe47729324e35290f271d66a615f63f,183,91.50,2.72,1,4,3,0.021596,0.451666,TopoStake,pog(D=3_omega=1.00),1.48,2140,0
428,3,0x0d91704595bff3aec25d40822498a51c62b05e3a,87.685751,1772368753,fc554fcca02f76b4ed25d76d0792e5d4e03c7939003c36a571e9bfa5ac3039fd,201,100.50,3.35,1,5,3,0.021635,0.452087,TopoStake,pog(D=3_omega=1.00),1.47,2141,0
428,4,0x07902d0371763a00d97ed9ba16ff0a206cb0fd19,139.785825,1772368755,59e812e947ecf930ac0ffa2e128383031e6a623630344858785b2d1dd378efb8,174,87.00,3.17,1,5,3,0.021654,0.452311,TopoStake,pog(D=3_omega=1.00),1.47,2142,0
429,0,0xcb7977f4997b4252c0152e135dd79b3cfe35c1a5,15.608829,1772368758,c60ec8e122692f22398062d1cfd5a92c28fd5139fafbd679edd39a1c362c3d1c,250,83.33,2.67,1,4,3,0.021695,0.452564,TopoStake,pog(D=3_omega=1.00),2.32,2143,0
429,1,0xd67aaaf210c0c36ddcb7055222d168b5c9dd1b36,16.174876,1772368759,71bbb30cad5001877fb110eee67f26711e9f795d0a1385ff1b6b62a036de5fff,204,102.00,4.23,1,6,4,0.021682,0.452346,TopoStake,pog(D=3_omega=1.00),2.32,2144,0
429,2,0xac768e60b9269babb15cb1e36ee843243d7c7543,7.690001,1772368761,026082124a5ff41fd03a73c0f96c8ae113fd42ae1be63282e5b9225abff3a1e9,148,148.00,3.82,1,5,4,0.021669,0.452136,TopoStake,pog(D=3_omega=1.00),1.52,2145,0
429,3,0x3d92e045fb1847aae132b40ebfcc471a32f687de,26.138388,1772368763,a62fb978329e248ab29a59ef2ac1d670186ebf5942a72e0d08bcafcfefe2024b,200,100.00,4.12,1,6,4,0.021652,0.451644,TopoStake,pog(D=3_omega=1.00),1.67,2146,0
429,4,0x0d91704595bff3aec25d40822498a51c62b05e3a,88.686577,1772368765,a9c4cb7abb1cc8262ec352ae01f7e09f431ce7bc7f52c59fc235359de742ddec,194,97.00,4.03,1,5,4,0.021643,0.451700,TopoStake,pog(D=3_omega=1.00),1.50,2147,0
430,0,0x50f7fa851f9314d682e36da5caa4635039b5305d,43.148890,1772368767,ad4e23dc132880397c7606e4d14d5f1da14d84f32a8afb968c0eb24d40222de0,225,75.00,3.16,1,5,3,0.021662,0.451925,TopoStake,pog(D=3_omega=1.00),2.50,2148,0
430,1,0xd1cd4b808ce6b2841ad42746b64c5a047e857ef0,20.232752,1772368770,dd78acec3d9ebb332bfb87063b34870776c9fc526d8001e9ec84bf74b787ca1e,189,94.50,3.21,1,5,3,0.021661,0.452092,TopoStake,pog(D=3_omega=1.00),2.38,2149,0
430,2,0x58a21eeb7ab18ba8adf1296e66a4487076e95dac,19.081655,1772368771,daa0ba8c8b03ee3944cb65a8255caf9fb5f0ea5e75ee2594346716909fbd70c4,218,109.00,3.83,1,5,4,0.021650,0.452064,TopoStake,pog(D=3_omega=1.00),2.15,2150,0
430,3,0x89100a8056319ba37491b32ba255004180607bc2,29.793607,1772368773,71f9846366fa5c3aba69458604acd745f47cff51e635d609b6fb82c8d488e76d,97,97.00,4.02,1,5,4,0.021638,0.451996,TopoStake,pog(D=3_omega=1.00),1.40,2151,0
430,4,0xb990cdf21950e6086c350175c4bc504e45858230,26.131354,1772368775,976a37c50b0e3804ab39211ff3102047cd88ad023721fd302289513a1eee7829,188,94.00,3.96,1,5,4,0.021631,0.452117,TopoStake,pog(D=3_omega=1.00),1.61,2152,0
431,0,0x016d3fc36beee7caa8fbd6c1caa42461dd7f9850,46.942346,1772368777,4d44994a25af21c232afdcefe7353243c83dc95ac629b6fc655bd8acced31020,190,95.00,4.02,1,5,4,0.021623,0.452164,TopoStake,pog(D=3_omega=1.00),1.52,2153,0
431,1,0x13f9dadc05f6c237b03411e2aed1800cf21a5d89,114.472878,1772368779,447675b7fca5723dec90b2042b3b143d898f95126b135e5632ec51e28ad8e472,188,62.67,3.19,1,4,3,0.021623,0.452360,TopoStake,pog(D=3_omega=1.00),2.43,2154,0
431,2,0xa3786e459f289a76c0e8af8ad834e3d0c6d47199,36.730722,1772368782,2ae6f2c39bdfe7cfb274ba8888412b288cef3a998fd7c179a8ce69742acd0567,250,125.00,2.98,1,5,3,0.021653,0.452592,TopoStake,pog(D=3_omega=1.00),2.26,2155,0
431,3,0xac768e60b9269babb15cb1e36ee843243d7c7543,8.690737,1772368783,3b665ea0fa360df885f67bae2eae3821f9a19f1df21e4e6e89cbbabca933b725,205,102.50,4.17,1,6,4,0.021649,0.452749,TopoStake,pog(D=3_omega=1.00),2.18,2156,0
431,4,0x13f9dadc05f6c237b03411e2aed1800cf21a5d89,115.474137,1772368785,7d24d3ebd7b2cac3e944cc1d7ff3c7d66c2c3f24eb6d2ad8a391c7c0d5c1f98d,81,81.00,4.12,1,6,4,0.021633,0.452295,TopoStake,pog(D=3_omega=1.00),1.79,2157,0
432,0,0x07902d0371763a00d97ed9ba16ff0a206cb0fd19,140.787970,1772368787,7700164a15e625d19d40176af1118a0fc10b38c45e082a031c622e2a5df93e89,167,83.50,3.13,1,4,3,0.021663,0.452527,TopoStake,pog(D=3_omega=1.00),1.46,2158,0
432,1,0xcb7977f4997b4252c0152e135dd79b3cfe35c1a5,16.609491,1772368789,baee1086abf899b3a41622318d2557353ab9cfb67a4aa9300ad8ab2a50817a07,189,94.50,2.81,1,4,3,0.021704,0.452778,TopoStake,pog(D=3_omega=1.00),1.51,2159,0
432,2,0x07902d0371763a00d97ed9ba16ff0a206cb0fd19,141.788921,1772368791,a9e1d8b6c7746e48d5a4a6aeeb704530ec3ea79d2851e4488ddf05d7a31bf68b,197,65.67,4.12,1,6,4,0.021691,0.452580,TopoStake,pog(D=3_omega=1.00),2.50,2160,0
432,3,0x606627477c3734932f47972f83c27cf4e3b35b4f,14.362537,1772368794,99a88e6b1e6cfb249b40ac12c667ea378d94d19697699c94320997c3c8049f8d,215,107.50,2.66,1,4,3,0.021732,0.452830,TopoStake,pog(D=3_omega=1.00),2.26,2161,0
432,4,0x49b57eb4dace37c8819daf079c9c674f766d4f38,21.228306,1772368795,b71be8e071e7e57274eee10e683d148aae618d3cd4d4ee7c479fb318fb02b877,218,109.00,3.57,1,5,4,0.021732,0.452830,TopoStake,pog(D=3_omega=1.00),2.02,2162,0
433,0,0x6d6b2734a20229ddd7fd4a1470ba3e3bad4e4a85,18.632084,1772368797,d3f61e6ec5d6ac25972e7f83f7b1e4e1cd764fb93e30bf12d65cc4ed40379d57,42,42.00,4.21,2,6,4,0.021721,0.452828,TopoStake,pog(D=3_omega=1.00),1.90,2163,0
433,1,0x89100a8056319ba37491b32ba255004180607bc2,30.794369,1772368799,6699ed1109b001f2e26bd960ecc112074f4274e3cbc9f1cbe46852ca61438bc8,188,94.00,3.64,1,5,4,0.021709,0.452743,TopoStake,pog(D=3_omega=1.00),1.54,2164,0
433,2,0x0d91704595bff3aec25d40822498a51c62b05e3a,89.687937,1772368801,5eb4a1a80b59d291a49629cb86c1673fda82ee5b112f84b04cc160dd5df37da7,193,64.33,3.91,2,5,4,0.021703,0.452868,TopoStake,pog(D=3_omega=1.00),2.49,2165,0
433,3,0x50f7fa851f9314d682e36da5caa4635039b5305d,44.149953,1772368803,e6231a480804e3390cfb42a1f9142ee5d9a1ed11d185df95dd459ea40343d359,208,104.00,3.24,1,5,3,0.021721,0.453090,TopoStake,pog(D=3_omega=1.00),2.42,2166,0
433,4,0xf5ecb44daf07a1d1073dbc89baf04bd7541fa517,8.042556,1772368805,c2e7569a2a48acba204afc0df48cf5b2d93bb25d80bcc7d9fc89193e03f5e4d8,226,113.00,3.12,1,5,3,0.021721,0.453256,TopoStake,pog(D=3_omega=1.00),2.19,2167,0
434,0,0x13f9dadc05f6c237b03411e2aed1800cf21a5d89,116.475307,1772368807,0e4ff48df93e4947960bcd37a31e70e49a636f85c061b5fe64654cd1d6855845,140,140.00,3.99,1,6,4,0.021704,0.452769,TopoStake,pog(D=3_omega=1.00),1.52,2168,0
434,1,0x213068cb42718d1dd6d00a6d94d62a3def0e68eb,20.363984,1772368809,85b59f75046f91268fe63c1709641c5ac5b4f1c32f86b07cb2a213903c728778,233,116.50,3.14,1,5,3,0.021734,0.452999,TopoStake,pog(D=3_omega=1.00),1.63,2169,0
434,2,0xa447d277b02012c2afd9ddcbbe123f27cc971963,11.792758,1772368811,e5de489e034c3736febc6f390fc003495cfc6a174a3a8a7cc10df628c2b8517f,214,71.33,3.63,1,5,4,0.021723,0.452966,TopoStake,pog(D=3_omega=1.00),2.53,2170,0
434,3,0x0d91704595bff3aec25d40822498a51c62b05e3a,90.689067,1772368813,8b9bcbf013c1be9fb366e63d35a774b88c7d87f71a2494d1a19038f2c5331237,202,101.00,3.54,1,5,4,0.021708,0.452629,TopoStake,pog(D=3_omega=1.00),2.45,2171,0
434,4,0x13f9dadc05f6c237b03411e2aed1800cf21a5d89,117.476628,1772368816,51a031815d2ae07319367abcc83095ed34f91953e17dfcb83c3c5e7872242e6a,229,114.50,3.17,1,5,3,0.021727,0.452850,TopoStake,pog(D=3_omega=1.00),2.33,2172,0
435,0,0xa447d277b02012c2afd9ddcbbe123f27cc971963,12.793722,1772368817,b1a20691151e7ce6377061cd6425b4f564634c9ddc552183ba3b61b8231566e0,236,118.00,3.00,1,4,3,0.021757,0.453080,TopoStake,pog(D=3_omega=1.00),2.00,2173,0
435,1,0xfb35fdafcfc84561a42700a4a1c274edeb75bdc1,6.033740,1772368819,5a23b329d5b6199d2d98969afc9abe679331cd8c16eba80500c237cf07936bdc,145,145.00,3.53,1,5,4,0.021757,0.453081,TopoStake,pog(D=3_omega=1.00),1.21,2174,0
435,2,0x13f9dadc05f6c237b03411e2aed1800cf21a5d89,118.477852,1772368821,5fa8e27ddc4d0bf3954888ba09f43e507423326505904c82845eb3cbef7dc03f,213,106.50,3.92,1,5,4,0.021726,0.452222,TopoStake,pog(D=3_omega=1.00),1.58,2175,0
435,3,0x377eaef292051bbf8ada05b2af76a3f3b9d722a7,36.079985,1772368823,a91f34b63a857d33eeb98ae1ea59e83e014b4fdfe59863a09fa5aa9ae8811b54,208,69.33,3.08,1,5,3,0.021756,0.452452,TopoStake,pog(D=3_omega=1.00),2.47,2176,0
435,4,0x50f7fa851f9314d682e36da5caa4635039b5305d,45.151153,1772368825,749f634f19521d619c1dd4963081ac3751e16c9dbe15d5706ac73bf09393a1ab,179,89.50,3.63,1,5,4,0.021752,0.452599,TopoStake,pog(D=3_omega=1.00),2.46,2177,0
436,0,0x13f9dadc05f6c237b03411e2aed1800cf21a5d89,119.478900,1772368828,0f8b0597c532622efed6ca662ac75e2758b62fc1cee1bec656f52d42e54842c8,232,116.00,3.26,1,5,3,0.021751,0.452775,TopoStake,pog(D=3_omega=1.00),2.21,2178,0
436,1,0x49b57eb4dace37c8819daf079c9c674f766d4f38,22.228261,1772368829,0c557c5d778d13f2fd8025e4dfc5eb344915b33b3e4057e085df90a6db7317c3,244,122.00,3.21,1,5,3,0.021751,0.452775,TopoStake,pog(D=3_omega=1.00),1.83,2179,0
436,2,0xd39dbd3662315e3935ec08e6b6028e73b3c09de2,17.907836,1772368831,39cff0ca615e501c5aecc7fe0ecab05a62666e2b952ce8fa42d23d7d828fbaa5,14,14.00,4.29,3,5,4,0.021741,0.452774,TopoStake,pog(D=3_omega=1.00),1.86,2180,0
436,3,0x28672c71695142588ed26ada6f4b18b8b6c12308,45.724384,1772368833,04c0d92e42e4b8839ab5a749572f17777d6c78d04db99c45ad6f593522876525,189,94.50,4.67,1,6,5,0.021729,0.452656,TopoStake,pog(D=3_omega=1.00),1.48,2181,0
436,4,0x50f7fa851f9314d682e36da5caa4635039b5305d,46.152277,1772368835,f7a6649e92543153cee530af06a76aeb5e8d8ea741a880427a0ab2dbe2c22041,228,76.00,3.65,1,5,4,0.021728,0.452835,TopoStake,pog(D=3_omega=1.00),2.45,2182,0
437,0,0xfb35fdafcfc84561a42700a4a1c274edeb75bdc1,7.034676,1772368838,88e11690676e32d5a3cccc96df5059b80906179436b3735962cdeb734b646bee,205,102.50,3.27,1,5,3,0.021728,0.453013,TopoStake,pog(D=3_omega=1.00),2.39,2183,0
437,1,0x30509a8084fdfe6fe24d9c9a817c209ad194f8e3,73.747195,1772368839,aceb4aa6cca9d879c2da30df9d1005ff11f6505207e7db18024b7b8515598c34,229,114.50,3.93,2,5,4,0.021711,0.452497,TopoStake,pog(D=3_omega=1.00),2.24,2184,0
437,2,0x377eaef292051bbf8ada05b2af76a3f3b9d722a7,37.080841,1772368841,d96c71799785f6ee5051edd39bd20e49ed25272e17c45f1ac95af5f83fdb9fd3,82,82.00,3.22,2,5,3,0.021723,0.452708,TopoStake,pog(D=3_omega=1.00),1.80,2185,0
437,3,0x1796dc61e715f15a2d27dfa32bd34780f12a8c24,50.791315,1772368843,5fb85f884b32a7f2532c59233692d1584eb8b8e99497124b575604429b778a6c,189,94.50,3.68,1,5,4,0.021719,0.452858,TopoStake,pog(D=3_omega=1.00),1.51,2186,0
437,4,0x13f9dadc05f6c237b03411e2aed1800cf21a5d89,119.479311,1772368845,b15f1ed900a7a0dfd478b084dbf5e726e450168ec30e7e8ff850c75e114f15dc,194,97.00,3.37,1,5,3,0.021720,0.453059,TopoStake,pog(D=3_omega=1.00),1.46,2187,0
438,0,0x377eaef292051bbf8ada05b2af76a3f3b9d722a7,38.081748,1772368847,68971ea5a823bd44e763d6e34fd06b9c8ae4939177a06d70ceeb0537c3061d6a,197,65.67,3.17,1,5,3,0.021751,0.453288,TopoStake,pog(D=3_omega=1.00),2.45,2188,0
438,1,0xd61b00c297972877b45f8d7f4d67fdaf20c67c59,5.304074,1772368849,24ec89091f84cad6688b73067a358a80ca0fb1451cf47bd4718c8d4225bcc420,202,101.00,3.63,2,5,4,0.021747,0.453443,TopoStake,pog(D=3_omega=1.00),2.49,2189,0
438,2,0x1796dc61e715f15a2d27dfa32bd34780f12a8c24,51.792263,1772368852,e1f0c11eb5964f78b94883f01d604f012bc3a5ac483f4285e3bfa85b75ee8e32,174,87.00,4.44,2,6,5,0.021730,0.452864,TopoStake,pog(D=3_omega=1.00),2.44,2190,0
438,3,0x0d91704595bff3aec25d40822498a51c62b05e3a,91.690437,1772368853,ecf57886fe20bd8ceaa33f95dfff144a90b9c1179854034c02398e2437527276,250,125.00,3.33,1,5,3,0.021732,0.453064,TopoStake,pog(D=3_omega=1.00),2.09,2191,0
438,4,0xd3997be86c88837e3fd467517b943590b28fa641,9.035017,1772368855,9201f20d0acbc470e0ce8b0d66a0b36a64b0eb219c84363b61273cab6285f2ac,26,26.00,3.19,2,5,3,0.021751,0.453283,TopoStake,pog(D=3_omega=1.00),1.77,2192,0
439,0,0x63f4973c0df8a5358405f396dc0673a463c48de9,24.901655,1772368857,b8639df4b72e79c5c40dfd24b9af2869305598dd78a4db086d6a3c4f5adc3524,204,102.00,4.02,1,6,4,0.021735,0.452849,TopoStake,pog(D=3_omega=1.00),1.51,2193,0
439,1,0x4414c05be2cf328f38d2e3ef4b705d6b894f044a,13.068324,1772368859,97dc10a3e0b1a07e39e77d8185d97af2685a9cd353ea742ff15539e43660b694,192,64.00,3.61,1,5,4,0.021725,0.452870,TopoStake,pog(D=3_omega=1.00),2.46,2194,0
439,2,0x282f43759e22b50aa7989261c51c367f325c3f91,21.349238,1772368862,879e400ebcfcda45ad8c78328f77e9e1d03211705865c7f4017d0aa91d51883f,199,99.50,3.78,1,5,4,0.021711,0.452585,TopoStake,pog(D=3_omega=1.00),2.45,2195,0
439,3,0x075e1d95c7891e1c00414ca1aa9a7a8cf6270019,121.333769,1772368863,e9937a65370e634f85c93cff87c5b7fdcee4538eec2d6bc613f363efe6a755b2,239,119.50,3.82,1,6,4,0.021701,0.452574,TopoStake,pog(D=3_omega=1.00),2.28,2196,0
439,4,0x26d553a2f4343b3a7dc88bbd87b3d0a25d3838d9,31.227598,1772368865,3b692dcef34a08169efecee8b247ac6faff8a39db19ac59aa789b48983008c66,127,127.00,3.23,1,5,3,0.021732,0.452811,TopoStake,pog(D=3_omega=1.00),1.38,2197,0
440,0,0x075e1d95c7891e1c00414ca1aa9a7a8cf6270019,122.334401,1772368867,9b3aa82c7adce975d2acedbad59f6f986f26a39679efdeabfd78c3f8c4ea6676,198,99.00,3.82,1,5,4,0.021725,0.452933,TopoStake,pog(D=3_omega=1.00),1.59,2198,0
440,1,0x1796dc61e715f15a2d27dfa32bd34780f12a8c24,52.793514,1772368869,c441b3156419e1a254c0048b6569383aa07c20d660fd0156c008e3d64c8dc4d8,209,104.50,3.14,1,5,3,0.021757,0.453170,TopoStake,pog(D=3_omega=1.00),1.54,2199,0
440,2,0x786f26993bf015cd2da6fb5d3ccd1879e01246ab,19.279745,1772368871,cd375d1de9edd741a06811747c67f6872e6d3ae9a38723ee6649cb2885a7c53b,190,63.33,3.36,1,5,3,0.021759,0.453370,TopoStake,pog(D=3_omega=1.00),2.46,2200,0
440,3,0x075e1d95c7891e1c00414ca1aa9a7a8cf6270019,123.335481,1772368874,ab9f9a4dd8b1aae1bc3135d99bcef8ec5e2cec9b13663449d5426e22521d3ec7,209,104.50,3.99,1,5,4,0.021747,0.453297,TopoStake,pog(D=3_omega=1.00),2.38,2201,0
440,4,0xd61b00c297972877b45f8d7f4d67fdaf20c67c59,6.304506,1772368875,2bcc22d343954039a91afd508645e6ff49eb5ff8df8f177e8df86334f903b877,250,125.00,3.04,1,5,3,0.021779,0.453533,TopoStake,pog(D=3_omega=1.00),2.05,2202,0
441,0,0x0d91704595bff3aec25d40822498a51c62b05e3a,92.690868,1772368877,459c3e16d53d9cb11c05410532f9d17344ce409e5528e84c6cbea32057260c93,102,102.00,4.28,1,6,4,0.021762,0.452979,TopoStake,pog(D=3_omega=1.00),1.50,2203,0
441,1,0x016d3fc36beee7caa8fbd6c1caa42461dd7f9850,47.943797,1772368879,8a54779f6ed934f8a269da226499518d954bccfcddfc132c0d857d040404be08,235,117.50,3.31,1,5,3,0.021762,0.452979,TopoStake,pog(D=3_omega=1.00),1.77,2204,0
441,2,0x9ba702916c26a8583a7f277d6932b3c0d9927ce0,14.179109,1772368881,4a0deb85e9aa9ba5e1476ea475e4bcb4132d993c94c7a3e0b3717653ff1bfdf4,216,108.00,3.10,1,4,3,0.021781,0.453387,TopoStake,pog(D=3_omega=1.00),1.50,2205,0
441,3,0xe478b1e4d1538274c0c70cbd7df877f9abab2f62,18.287935,1772368883,e355ad37f7618be537c40dc094aebc48fd7c849b8592e572f261044b5583747d,210,70.00,3.63,1,5,4,0.021767,0.453147,TopoStake,pog(D=3_omega=1.00),2.50,2206,0
441,4,0x606627477c3734932f47972f83c27cf4e3b35b4f,14.361846,1772368886,e2754de12de07cf58bf45982f05eace4c14a1a46d28162563c68f72e19b65e82,180,90.00,3.99,1,5,4,0.021755,0.453039,TopoStake,pog(D=3_omega=1.00),2.38,2207,0
442,0,0x0d91704595bff3aec25d40822498a51c62b05e3a,93.692047,1772368887,b4e11bd60e844e1b4ffffbbbefea7671d80ded6303f86fd68fbd95ca62b507be,250,125.00,3.60,2,5,4,0.021742,0.452794,TopoStake,pog(D=3_omega=1.00),2.18,2208,0
442,1,0x1796dc61e715f15a2d27dfa32bd34780f12a8c24,53.794419,1772368889,fa8466dfdd352c35c9f21b8937bc1bfa03ce2f409498839ac88c3110a7c01b2d,39,39.00,3.10,2,5,3,0.021761,0.453011,TopoStake,pog(D=3_omega=1.00),1.97,2209,0
442,2,0xf13caa2c5f6f6cf61e51290bfa7826a9140b4faf,18.027970,1772368891,47c05fe02b2142fea3ac60c86875044cc6938cceecf36e258ec3a3b874fad70f,179,89.50,3.39,1,5,3,0.021764,0.453210,TopoStake,pog(D=3_omega=1.00),1.53,2210,0
442,3,0x0d91704595bff3aec25d40822498a51c62b05e3a,94.692231,1772368893,e00e92025177fc3a79c54394836469bde2aa2834994b09091c3d74151cd43747,180,90.00,4.29,1,6,4,0.021752,0.453084,TopoStake,pog(D=3_omega=1.00),1.46,2211,0
442,4,0x13f9dadc05f6c237b03411e2aed1800cf21a5d89,120.481298,1772368895,41fd830381cb62ddce74c88849c2d7a2938a399fad038b3367c3d7449d232fcb,200,66.67,3.23,1,5,3,0.021771,0.453301,TopoStake,pog(D=3_omega=1.00),2.50,2212,0
443,0,0x408bb0bf84df50b21c53c74420987f172d4036a1,9.779352,1772368898,81702790af2227acf9e91955f9c0c10b4aceb1b0c6bd6afefc634f7d93af5b2f,229,114.50,2.92,1,4,3,0.021801,0.453527,TopoStake,pog(D=3_omega=1.00),2.32,2213,0
443,1,0x13f9dadc05f6c237b03411e2aed1800cf21a5d89,121.482456,1772368899,60acf7f19652cd939c0acc140897d0532ee92ccd1e229d9d0b4a5a8fe4f57c16,213,106.50,3.60,2,5,4,0.021786,0.453153,TopoStake,pog(D=3_omega=1.00),2.08,2214,0
443,2,0x719361397abe003a91af76243e5f9c7a0cd4279f,25.544372,1772368901,f94dfffdcd44955eb6f2d2ca216cb821c2b296cac0b5e4b3efc98928328365f7,134,134.00,3.25,1,4,3,0.021816,0.453379,TopoStake,pog(D=3_omega=1.00),1.31,2215,0
443,3,0x81d019380961f92c2031b0a7fba69f7675145088,12.471684,1772368903,d807ddaeb3ec92ddd95b1050099588c6f69b91cff33f9e822d95985cddb29ae7,218,109.00,3.85,1,5,4,0.021807,0.453406,TopoStake,pog(D=3_omega=1.00),1.54,2216,0
443,4,0x07902d0371763a00d97ed9ba16ff0a206cb0fd19,142.793592,1772368905,f44fb86637f9a2f008a8102ff51387d5e770feb2b73c7038e284148ac45664bd,211,105.50,3.73,1,5,4,0.021793,0.453091,TopoStake,pog(D=3_omega=1.00),1.54,2217,0
444,0,0x9bdb1c7ad4bd8fe797b07c08117c74a591dbab2d,9.422486,1772368907,9c058c16d9cbaf4b8219a45e95b1bb6ca370f625e02ae14fb7ecb9f4bd353cb2,181,90.50,2.72,1,4,3,0.021832,0.453335,TopoStake,pog(D=3_omega=1.00),1.49,2218,0
444,1,0x49b57eb4dace37c8819daf079c9c674f766d4f38,23.227909,1772368910,95f09890a1f0e9d723780f5ef7c89f1ddc5b6f2749108f713983f4c61c960f5a,208,69.33,3.61,1,5,4,0.021816,0.452925,TopoStake,pog(D=3_omega=1.00),2.40,2219,0
444,2,0xf6e059718dbd0a0956726ab97d06bad5efc6cd18,1.980418,1772368911,ea6e1b7ba3b18f0852c68157ea3562211b458dfe7560d134756044c10037ff1c,203,101.50,3.90,1,6,4,0.021806,0.452933,TopoStake,pog(D=3_omega=1.00),2.26,2220,0
444,3,0x2abf89d7c96c80fcff9dec1fe92803573094ee35,9.201501,1772368913,33b2b3a5b0907f0204947e27ba73229a7cfbf18ab1bc8ff118dcd7f8514265cf,165,165.00,3.79,2,5,4,0.021806,0.452934,TopoStake,pog(D=3_omega=1.00),1.49,2221,0
444,4,0x30509a8084fdfe6fe24d9c9a817c209ad194f8e3,74.748306,1772368915,72ae35ce7dc8a0de5a8fe9799fff5c98183ba58447f0df3960e7d13ba631186b,238,119.00,3.72,2,5,4,0.021790,0.452500,TopoStake,pog(D=3_omega=1.00),1.65,2222,0
445,0,0x30509a8084fdfe6fe24d9c9a817c209ad194f8e3,75.749376,1772368917,a56e6ac38d72755deae0ff399b216470a29900f43989103d35a1a41d3784af23,216,72.00,3.42,1,5,4,0.021801,0.452708,TopoStake,pog(D=3_omega=1.00),2.48,2223,0
445,1,0xeaa5003682d7289190651081ae2bee847097afc5,7.731366,1772368919,94e9f6bc6384064734b26c704d5dacbea03b276caa067d3b25fb7552dc86bdf5,210,105.00,3.40,1,5,4,0.021813,0.452915,TopoStake,pog(D=3_omega=1.00),2.55,2224,0
445,2,0x49b57eb4dace37c8819daf079c9c674f766d4f38,24.228906,1772368922,8642ca07ce82ff8286989b9b0299a419456a5a1a35f9119944b6391ca0d8a36e,218,109.00,4.34,1,6,5,0.021796,0.452423,TopoStake,pog(D=3_omega=1.00),2.52,2225,0
445,3,0x075e1d95c7891e1c00414ca1aa9a7a8cf6270019,124.337636,1772368923,374bfc07e5e605494c1985f990e5070b9be415ddfbe979fe7a681a960d74f4c3,207,103.50,3.90,1,6,4,0.021787,0.452431,TopoStake,pog(D=3_omega=1.00),2.31,2226,0
445,4,0x30509a8084fdfe6fe24d9c9a817c209ad194f8e3,76.750445,1772368925,b645be9ed53258359dd0856ffd8b0a7498a708a00d84efb61d2680a3f4c8f260,151,151.00,2.99,1,5,3,0.021818,0.452665,TopoStake,pog(D=3_omega=1.00),1.44,2227,0
446,0,0x24898fcb116b48cb2b6fd5d3b4eb599fee0f4633,21.061082,1772368927,b40d65bcd2600785b931edd03e00769bc15046782e35326d3dd25b95d123213d,183,91.50,3.24,1,5,3,0.021830,0.452872,TopoStake,pog(D=3_omega=1.00),1.51,2228,0
446,1,0x49b57eb4dace37c8819daf079c9c674f766d4f38,25.229931,1772368929,12ac06875a84bc7e9527175260440495ca46d6ee791c79503e03e674e4fb0e36,176,88.00,3.67,1,5,4,0.021819,0.452848,TopoStake,pog(D=3_omega=1.00),1.47,2229,0
446,2,0x4ba33404d90c4ae989714d9d174cd882cffb7994,27.109743,1772368931,0c04db5b3a98f697b6a9c0b34322ab50ba8791a9d4cc0939877654d0d0b6365b,199,66.33,4.03,1,6,4,0.021810,0.452861,TopoStake,pog(D=3_omega=1.00),2.49,2230,0
446,3,0x1cb1274c711a6c2e4e1596846e6ac604eeefb358,45.446205,1772368933,5e80db823452a6dfcc59d2f46544e3dab554a6118c09a7d53995fd1a003a7f25,212,106.00,4.46,1,6,5,0.021801,0.452939,TopoStake,pog(D=3_omega=1.00),2.50,2231,0
446,4,0x075e1d95c7891e1c00414ca1aa9a7a8cf6270019,125.338616,1772368936,c73e09f1674f161578f30adfd7dc71d1e14332b073875b298e63603591cfe166,250,125.00,3.42,1,5,4,0.021800,0.453101,TopoStake,pog(D=3_omega=1.00),2.34,2232,0
447,0,0x075e1d95c7891e1c00414ca1aa9a7a8cf6270019,126.339856,1772368937,452002a9243e8f022f15e3dd4c4bd06e9fe3674b23449fbf2d8ced5b8d137891,250,125.00,3.04,1,5,3,0.021832,0.453334,TopoStake,pog(D=3_omega=1.00),1.88,2233,0
447,1,0xac61c91e7d24df824351a6c4e562a75f0cf646f8,17.236712,1772368939,7807dd44d9c64b727166fdefbaab833f672c7c415dd48d2e1d56bf577b7658cb,93,93.00,3.05,1,5,3,0.021863,0.453566,TopoStake,pog(D=3_omega=1.00),1.27,2234,0
447,2,0x07902d0371763a00d97ed9ba16ff0a206cb0fd19,143.795645,1772368941,bda39c35a401696c289951e46988ad70507213796a84d67f8df42e791e47e0d2,198,99.00,4.01,1,6,4,0.021851,0.453402,TopoStake,pog(D=3_omega=1.00),1.43,2235,0
447,3,0xa447d277b02012c2afd9ddcbbe123f27cc971963,13.793568,1772368943,f61acf97963603270de050a6a9d172111018ec349d7879bf677584cc702a640b,209,69.67,2.79,1,4,3,0.021889,0.453644,TopoStake,pog(D=3_omega=1.00),2.52,2236,0
447,4,0x269cdf52f97e1d9f14b7be895155a7b294f0b21d,27.737080,1772368945,f5d9258068ac71f75a7fe8f61ad25727556ce020197f1a845a550541e0cd455e,190,95.00,3.44,1,5,3,0.021876,0.453383,TopoStake,pog(D=3_omega=1.00),2.45,2237,0
448,0,0x4ba33404d90c4ae989714d9d174cd882cffb7994,28.110458,1772368947,fef0ef5e9e3e2298e2d4608d4818ddbdfdbd1c80efda9dff4740a24536a1f5f6,250,125.00,3.60,1,5,4,0.021867,0.453475,TopoStake,pog(D=3_omega=1.00),2.31,2238,0
448,1,0x786f26993bf015cd2da6fb5d3ccd1879e01246ab,20.280311,1772368949,7bd7333c086f127828303a1d04d6950f8b1e0b4104c261e12e34f307b2f0660f,94,94.00,4.37,1,6,4,0.021859,0.453570,TopoStake,pog(D=3_omega=1.00),1.63,2239,0
448,2,0x311eb133eb413ac3f21249889bb101e5d40820ce,17.124161,1772368951,ac7a4e7ef8d0a5feced7e1bc724c32a5c2e1cf6b5130302cd285755611624fcb,193,96.50,3.79,1,5,4,0.021848,0.453525,TopoStake,pog(D=3_omega=1.00),1.62,2240,0
448,3,0x6064b9f5883bf9737dfe314ff68c56e09e68ac89,20.181827,1772368953,328aaf745153c67deea8a9a11da47ae33d1e716fd77b5180646b150e44399ce5,183,91.50,3.70,2,5,4,0.021835,0.453347,TopoStake,pog(D=3_omega=1.00),1.52,2241,0
448,4,0x24898fcb116b48cb2b6fd5d3b4eb599fee0f4633,22.061828,1772368955,0c3881def9f97bc424fac6ece9959f4c72a0c277bddf2348ffbce373ffa01127,200,66.67,3.90,1,5,4,0.021824,0.453292,TopoStake,pog(D=3_omega=1.00),2.44,2242,0
449,0,0x075e1d95c7891e1c00414ca1aa9a7a8cf6270019,127.340750,1772368958,35d72521f05eb49291def00297484c104d150eb6c0a953dd387eaf08e220ba15,218,109.00,3.57,1,5,4,0.021814,0.453279,TopoStake,pog(D=3_omega=1.00),2.46,2243,0
449,1,0x606627477c3734932f47972f83c27cf4e3b35b4f,15.362504,1772368959,cc862a97a6901a022aa1ef6f9d08e4f7ec13fa143254e62593a41f782db58aa5,250,125.00,3.06,1,5,3,0.021845,0.453511,TopoStake,pog(D=3_omega=1.00),2.11,2244,0
449,2,0x07902d0371763a00d97ed9ba16ff0a206cb0fd19,144.797202,1772368961,a1fee906f891c6b0ed23a5f2ad1894fec55b7c8227e9a19b32fda5ec5e3f6968,110,110.00,3.72,2,5,4,0.021832,0.453287,TopoStake,pog(D=3_omega=1.00),1.35,2245,0
449,3,0xcdc82b7c868072205a399d0f68e6e3ad3bfd1ca6,17.196830,1772368963,454b4df5c3690a6b0f60323fa1ce2a8d18392865aaffa2cf4e42dc34a1f6322c,200,100.00,2.78,1,4,3,0.021832,0.453287,TopoStake,pog(D=3_omega=1.00),1.58,2246,0
449,4,0x50f7fa851f9314d682e36da5caa4635039b5305d,47.153278,1772368965,ce9e3eb8363acbcf39cac2c90f7450be7ca6735dee98482cb2d5b837e5e87f7b,182,91.00,3.64,2,5,4,0.021820,0.453105,TopoStake,pog(D=3_omega=1.00),1.48,2247,0
450,0,0x28672c71695142588ed26ada6f4b18b8b6c12308,46.724978,1772368967,42daa0ba6d5d499b9ec285c88afa394bb9daa8bf751fb6ca3dfbfae1b8c7cbc3,184,61.33,3.35,1,5,3,0.021819,0.453283,TopoStake,pog(D=3_omega=1.00),2.48,2248,0
450,1,0x8c11ec9090dd820c076e57e899d9c604c79d6b32,35.579409,1772368970,828951f5cedbc81ba3b7d49d5118830379cae7169b6ea80c55348391f26fd8a0,213,106.50,3.59,2,5,4,0.021819,0.453452,TopoStake,pog(D=3_omega=1.00),2.41,2249,0
450,2,0x30509a8084fdfe6fe24d9c9a817c209ad194f8e3,77.751764,1772368971,3a841eb7393e5e2678699a4a109c737c3a5c3f61b1e24f2c02c52fcdc42edbbb,201,100.50,4.06,1,6,4,0.021814,0.453584,TopoStake,pog(D=3_omega=1.00),2.32,2250,0
450,3,0xf13caa2c5f6f6cf61e51290bfa7826a9140b4faf,19.028013,1772368973,6bfe6b45ea15ea0e3cbbec161ef5990f1367ad052b8d28ba4fdcb4107f4494e6,177,177.00,3.34,1,5,3,0.021825,0.453789,TopoStake,pog(D=3_omega=1.00),1.47,2251,0
450,4,0x07902d0371763a00d97ed9ba16ff0a206cb0fd19,144.797550,1772368975,a589e280b6240d31a5521183996213e57025738ee9a0cdf53c93b175c4973a2d,222,111.00,4.12,1,6,4,0.021814,0.453699,TopoStake,pog(D=3_omega=1.00),1.62,2252,0
451,0,0x1796dc61e715f15a2d27dfa32bd34780f12a8c24,54.795900,1772368977,754f708cba086cfba0f1f902f57c59480ea17007a1fc7566419a61b26d17cc62,220,110.00,2.85,1,4,3,0.021852,0.453939,TopoStake,pog(D=3_omega=1.00),1.56,2253,0
451,1,0x377eaef292051bbf8ada05b2af76a3f3b9d722a7,39.082747,1772368979,592435766c61059ec53da7786610d4dc3633a0c18ebc4a2f5d77a083cfb4bf12,199,66.33,3.34,1,5,3,0.021855,0.454134,TopoStake,pog(D=3_omega=1.00),2.46,2254,0
451,2,0xa447d277b02012c2afd9ddcbbe123f27cc971963,14.794116,1772368982,cff4b547eb4f0fd9e9c647397c5d38d9aa33f37cb996194f69074ebefe043313,217,108.50,3.47,1,5,4,0.021851,0.454284,TopoStake,pog(D=3_omega=1.00),2.44,2255,0
451,3,0xa7e4d4d949807065ebf85adc1be8c382c7236c15,7.190362,1772368983,9364210a837a4509156eea3721d991b91119c8ed3b3ad2d129ef31ce5a6a5d16,244,122.00,3.37,1,5,3,0.021838,0.454041,TopoStake,pog(D=3_omega=1.00),2.23,2256,0
451,4,0x016d3fc36beee7caa8fbd6c1caa42461dd7f9850,48.945320,1772368985,632bfcb6221411dd19ae14b3cd753b4ecb806677b8fbb8118f0054bcab7f5b79,103,103.00,3.99,3,6,4,0.021821,0.453533,TopoStake,pog(D=3_omega=1.00),1.45,2257,0
452,0,0xbc3f8508d26048f2064aa8c068f4c94d08d77d18,18.045446,1772368987,8e633f8ddf1bfc525fa931a11ba09f86913596eec5c92503ec0c3f2ff1679653,199,99.50,3.20,1,4,3,0.021821,0.453719,TopoStake,pog(D=3_omega=1.00),1.53,2258,0
452,1,0x07902d0371763a00d97ed9ba16ff0a206cb0fd19,145.798922,1772368989,01741818582a99c305b087234286110df2148a9c39183fc78122ba61fd4e0cbb,212,70.67,4.36,1,6,4,0.021809,0.453583,TopoStake,pog(D=3_omega=1.00),2.51,2259,0
452,2,0x60705151f1f537cacd5b801f3ef1b31dc3f605de,6.274152,1772368991,d2468d15d720610502caaf344edb508c683c1c9a3c265f4406c5a2b2556f29fa,189,94.50,2.76,1,4,3,0.021848,0.453822,TopoStake,pog(D=3_omega=1.00),2.53,2260,0
452,3,0x763be7657fec175a3de5f1ee0a506722872c886d,10.011054,1772368993,0b511200ec8515b50de1ece3984fa27d33d6b3d2581712cf240e57d6b9e51629,176,88.00,4.16,1,6,4,0.021831,0.453270,TopoStake,pog(D=3_omega=1.00),2.43,2261,0
452,4,0x075e1d95c7891e1c00414ca1aa9a7a8cf6270019,128.342761,1772368995,f5a8f19f8c77670099164e9197f1ecbbc2210a6d7386d74b56e8954b0d5472c3,196,98.00,3.58,1,5,4,0.021816,0.452908,TopoStake,pog(D=3_omega=1.00),2.32,2262,0
453,0,0x13f9dadc05f6c237b03411e2aed1800cf21a5d89,122.485461,1772368997,535f8db9cce9ce0db4c2eaffac1813e65230ca42e6a78565d14b9995f2040d39,147,147.00,3.22,1,5,3,0.021847,0.453138,TopoStake,pog(D=3_omega=1.00),1.38,2263,0
453,1,0x30509a8084fdfe6fe24d9c9a817c209ad194f8e3,78.752957,1772368999,0621f2151afe661715accfab40cddeae952e2780cd4304db984595af4a52bca4,205,102.50,3.07,1,5,3,0.021876,0.453359,TopoStake,pog(D=3_omega=1.00),1.60,2264,0
453,2,0x311eb133eb413ac3f21249889bb101e5d40820ce,18.124761,1772369001,62ed65acf58f4774a643c97c523b67cc037e9517e50ac17ad7eaa8c97d8e3ec7,208,104.00,3.40,1,5,4,0.021888,0.453562,TopoStake,pog(D=3_omega=1.00),1.48,2265,0
453,3,0x07902d0371763a00d97ed9ba16ff0a206cb0fd19,146.800087,1772369003,2bb4c4b05096926c2a436f8aa8d7a3eeaa0dac2d8134622cecff3499d2596fb7,191,63.67,3.56,1,5,4,0.021876,0.453423,TopoStake,pog(D=3_omega=1.00),2.47,2266,0
453,4,0x07902d0371763a00d97ed9ba16ff0a206cb0fd19,147.801077,1772369005,23d1542939c4f206a66e90903685e4624f803bbea941422e34974fca40882f69,206,103.00,2.66,1,4,3,0.021915,0.453662,TopoStake,pog(D=3_omega=1.00),2.50,2267,0
454,0,0x408bb0bf84df50b21c53c74420987f172d4036a1,10.779951,1772369008,1e76b5d030957076e55c3c2c8626a5750a17c7f1d6cd12bbb4ccb939266ef89a,239,119.50,2.68,1,4,3,0.021954,0.453900,TopoStake,pog(D=3_omega=1.00),2.16,2268,0
454,1,0x4414c05be2cf328f38d2e3ef4b705d6b894f044a,14.068255,1772369009,2f5d69d4736095b811f7b8c7563e3c604f5be2026d9476b9f587ef8784d45c7f,223,111.50,3.59,1,5,4,0.021939,0.453560,TopoStake,pog(D=3_omega=1.00),2.03,2269,0
454,2,0x0d91704595bff3aec25d40822498a51c62b05e3a,95.694626,1772369011,153181667fc69dcd37c4bbd99dd63eba9772e3ad226976b6378b5c1b1e02854c,113,113.00,4.03,1,5,4,0.021925,0.453300,TopoStake,pog(D=3_omega=1.00),1.31,2270,0
454,3,0x26d553a2f4343b3a7dc88bbd87b3d0a25d3838d9,32.228091,1772369013,a511c485e54ce16aa1c5c660536da88efba02378665eadecaaee899cda3cde69,215,107.50,3.18,1,5,3,0.021943,0.453511,TopoStake,pog(D=3_omega=1.00),1.57,2271,0
454,4,0x0d91704595bff3aec25d40822498a51c62b05e3a,96.695676,1772369015,e907902995be9d60de3468e0918c24abed3399fe910c443babff01d09a57ce2b,203,67.67,3.75,1,5,4,0.021937,0.453634,TopoStake,pog(D=3_omega=1.00),2.50,2272,0
455,0,0xe478b1e4d1538274c0c70cbd7df877f9abab2f62,19.288083,1772369017,e1ba3e6fe1cf68ee73854e4073ac7cb06104033cee0a4fe2ff5a070a8453efe1,219,109.50,3.24,1,5,3,0.021955,0.453845,TopoStake,pog(D=3_omega=1.00),2.38,2273,0
455,1,0xbc3f8508d26048f2064aa8c068f4c94d08d77d18,19.045937,1772369020,18ade391bb0f16b8be8d286f6871b684c09fc28d7fada88ff972aa3fd861dfcc,228,114.00,4.02,1,5,4,0.021944,0.453759,TopoStake,pog(D=3_omega=1.00),2.43,2274,0
455,2,0x30509a8084fdfe6fe24d9c9a817c209ad194f8e3,79.754079,1772369021,8b563108a85f160d80f9f82c6fd97669cf4d79fe9b6ab1748508978a3cca336c,223,111.50,4.18,1,6,4,0.021932,0.453654,TopoStake,pog(D=3_omega=1.00),2.39,2275,0
455,3,0x13f9dadc05f6c237b03411e2aed1800cf21a5d89,123.486936,1772369023,bd8656c26f2b2cd504d44ff2f2fdfaf3ad8cc2a8051eab996a4be91c04fdd6e2,84,84.00,3.35,1,4,3,0.021944,0.453856,TopoStake,pog(D=3_omega=1.00),1.81,2276,0
455,4,0xa7e4d4d949807065ebf85adc1be8c382c7236c15,8.190508,1772369025,8875e070b5d8e8875171ba23eca215d61606714669e90d8fa48daac7ad9ede22,184,92.00,3.04,1,5,3,0.021973,0.454076,TopoStake,pog(D=3_omega=1.00),1.44,2277,0
456,0,0x58a21eeb7ab18ba8adf1296e66a4487076e95dac,20.080777,1772369027,7166490850eb7dd5fd54f3aadbcba7c660983d1878fdaf77971312250aae0ddb,208,69.33,3.87,1,6,4,0.021957,0.453602,TopoStake,pog(D=3_omega=1.00),2.52,2278,0
456,1,0x213068cb42718d1dd6d00a6d94d62a3def0e68eb,21.363639,1772369029,472395156b55f487c0403142b19333d132a4809fdb00f2a117ce74684169928e,186,93.00,3.97,1,5,4,0.021945,0.453537,TopoStake,pog(D=3_omega=1.00),2.48,2279,0
456,2,0x30509a8084fdfe6fe24d9c9a817c209ad194f8e3,80.754512,1772369032,efd1ce3645e94a6c2c8f57d91f536d4af27bd9820f101cfee11fbcf4d8833eb0,247,123.50,3.51,1,5,3,0.021935,0.453510,TopoStake,pog(D=3_omega=1.00),2.35,2280,0
456,3,0xd3997be86c88837e3fd467517b943590b28fa641,10.034886,1772369033,05a7eddd8ea9696ccba18871a271d0eb411eb0392436a1a9fc1ef4fc2214ed45,250,125.00,3.34,1,5,3,0.021935,0.453510,TopoStake,pog(D=3_omega=1.00),2.04,2281,0
456,4,0x1796dc61e715f15a2d27dfa32bd34780f12a8c24,55.797234,1772369035,2c7558c21ccd07c8bd2b5f12b56e068612c65352091b4a8610549cd17f7575a8,27,27.00,4.26,3,6,4,0.021919,0.453142,TopoStake,pog(D=3_omega=1.00),1.96,2282,0
457,0,0x49b57eb4dace37c8819daf079c9c674f766d4f38,26.230323,1772369037,b929f7b6bc4786fdded34057bcde4bb856f880a8d314c005e2ab4233a42a629a,188,94.00,3.26,1,5,3,0.021922,0.453335,TopoStake,pog(D=3_omega=1.00),1.51,2283,0
457,1,0x075e1d95c7891e1c00414ca1aa9a7a8cf6270019,129.344336,1772369039,5b6d5bff9e3a51c324f75054825fc61503e90b40240463e9c340315f92021ebf,168,84.00,4.09,1,6,4,0.021913,0.453370,TopoStake,pog(D=3_omega=1.00),1.49,2284,0
457,2,0x311eb133eb413ac3f21249889bb101e5d40820ce,19.125479,1772369041,a34665a1885cf2c7c69a1e0f85c1740ff407129b7a07e92ee3cda5dc543e30e1,199,66.33,3.22,1,5,3,0.021944,0.453598,TopoStake,pog(D=3_omega=1.00),2.46,2285,0
457,3,0xb990cdf21950e6086c350175c4bc504e45858230,27.130908,1772369044,9a13cfd33fdcd9d643d4eccd325f3f7bf2ec60f01aeead880eaf45c28d2185e4,179,89.50,3.64,1,5,4,0.021932,0.453489,TopoStake,pog(D=3_omega=1.00),2.47,2286,0
457,4,0x0d91704595bff3aec25d40822498a51c62b05e3a,97.696921,1772369045,9a7a3db8157c9a7af3b9c004546d9918b232f4b85f05d8e86ae99f917974c0e9,214,107.00,3.89,1,5,4,0.021924,0.453552,TopoStake,pog(D=3_omega=1.00),2.30,2287,0
458,0,0xfb35fdafcfc84561a42700a4a1c274edeb75bdc1,8.034259,1772369047,1b3996562da0a52385ca0c41fec29f875269d62cc632da9a1fe638805426ae92,178,178.00,3.09,1,5,3,0.021942,0.453762,TopoStake,pog(D=3_omega=1.00),1.48,2288,0
458,1,0x075e1d95c7891e1c00414ca1aa9a7a8cf6270019,130.345416,1772369049,7306b06eb9cb7b6e9b8f41ba4178770b928b96fb9f0990783db94156a6ecad64,185,92.50,4.03,1,5,4,0.021926,0.453276,TopoStake,pog(D=3_omega=1.00),1.64,2289,0
458,2,0x0d91704595bff3aec25d40822498a51c62b05e3a,98.697833,1772369051,eb2c003712ee29eef2ffd6711604975c1bbfc637292f135857425e92ea39b6c1,201,67.00,3.13,2,5,3,0.021958,0.453503,TopoStake,pog(D=3_omega=1.00),2.53,2290,0
458,3,0x07902d0371763a00d97ed9ba16ff0a206cb0fd19,148.803628,1772369053,546c7609574fcc932f460fdcea6cc77e175557444ff0822118cdfd4ac865126e,214,107.00,3.21,1,5,3,0.021977,0.453713,TopoStake,pog(D=3_omega=1.00),2.55,2291,0
458,4,0x30405867b72597aaeb27803bb2c7f3f5fc7d5384,15.502294,1772369056,d674648c90b0f9a5ff5c36fd13b89284cec832f0a894dbc33cd968a438bb2e9e,208,104.00,2.75,1,4,3,0.022015,0.453949,TopoStake,pog(D=3_omega=1.00),2.28,2292,0
459,0,0xdcf2130496e27a8094ab996aea4aa77788d65869,17.488028,1772369057,9ae90f2d3a1490a033013986f19f208c9e17e92a02b429bbf0de1e696f1a0fd6,230,115.00,3.56,2,5,4,0.022002,0.453721,TopoStake,pog(D=3_omega=1.00),2.04,2293,0
459,1,0xdb45667100590f9cfe78a899c3b02c5cd37008f1,2.012816,1772369059,63662bbe46dc46286f0886a3f0163edec22c1b7dbf89a0a38db7bfebd4c90c52,79,79.00,4.00,1,5,4,0.021989,0.453545,TopoStake,pog(D=3_omega=1.00),1.49,2294,0
459,2,0x13f9dadc05f6c237b03411e2aed1800cf21a5d89,124.488831,1772369061,6f07d7a284d99f9024efdd947b5d82ffccf9a1cf28c81fac7501f24b119de629,207,103.50,4.09,1,6,4,0.021971,0.452965,TopoStake,pog(D=3_omega=1.00),1.51,2295,0
459,3,0xb990cdf21950e6086c350175c4bc504e45858230,28.131898,1772369063,4af2258ab1c04615cc43b7fd7e38817504542c06b820aa0bcbffda5336d967e2,205,102.50,3.04,1,5,3,0.022000,0.453183,TopoStake,pog(D=3_omega=1.00),1.47,2296,0
459,4,0xea287b266dbe2c2d402fd91814bcfc4c95d6b0fd,13.138575,1772369065,16e111e88fe638f668915d339a3afeacce65071f27a98ab496091a631aea3015,212,70.67,4.06,1,5,4,0.021991,0.453269,TopoStake,pog(D=3_omega=1.00),2.49,2297,0
460,0,0x0d91704595bff3aec25d40822498a51c62b05e3a,99.698971,1772369068,f40fd3173824a63be0d703e7ebd6cc5846f6f0c3c0dcb2bafa753cdb814727c1,199,99.50,3.98,1,6,4,0.021977,0.452984,TopoStake,pog(D=3_omega=1.00),2.50,2298,0
460,1,0x213068cb42718d1dd6d00a6d94d62a3def0e68eb,22.364622,1772369069,44eda40cb1336dcb57befa7324e7581c4264870c874928727fbd539421278c5a,250,125.00,3.23,1,5,3,0.021997,0.453193,TopoStake,pog(D=3_omega=1.00),2.10,2299,0
460,2,0x075e1d95c7891e1c00414ca1aa9a7a8cf6270019,131.346744,1772369071,b38973e68948bcdc673e2975863ec7270c61877a4508108087de5c03019392ec,135,135.00,3.70,2,5,4,0.021986,0.453179,TopoStake,pog(D=3_omega=1.00),1.32,2300,0
460,3,0x71f297f96355f349d66f0e9b681e7d4e11224660,23.172199,1772369073,7a579f384a83353a24b55ac82389604f99e705c7ab70c39afa648bb6139b0ee4,210,105.00,3.09,1,5,3,0.022017,0.453405,TopoStake,pog(D=3_omega=1.00),1.63,2301,0
460,4,0x95ab54d268473cce82094026afefdbd5cadf418b,18.582361,1772369075,209282fb524159d268e2029bebd053a3baff44cd7ed20fc1f68f3ebcebfe65f8,171,85.50,3.95,1,5,4,0.022017,0.453405,TopoStake,pog(D=3_omega=1.00),1.48,2302,0
461,0,0x24898fcb116b48cb2b6fd5d3b4eb599fee0f4633,23.062715,1772369077,854ccf2419d8da87186be5795e82683d69958c0687dbe602b3104fd35b8636fd,198,66.00,4.51,1,6,5,0.022005,0.453275,TopoStake,pog(D=3_omega=1.00),2.53,2303,0
461,1,0xd1cd4b808ce6b2841ad42746b64c5a047e857ef0,21.231815,1772369079,188a8b3ffc69f2d88370edda208e0c256f6c1edb52d4febe0ff5438aa65a3995,229,114.50,3.52,1,5,4,0.021995,0.453271,TopoStake,pog(D=3_omega=1.00),2.43,2304,0
461,2,0x28672c71695142588ed26ada6f4b18b8b6c12308,47.725785,1772369081,bc22224c2bdae9e5fd88df316fd8a484064f0d6be03e41497c9ed28ca229d26e,222,111.00,3.82,1,6,4,0.021984,0.453234,TopoStake,pog(D=3_omega=1.00),2.24,2305,0
461,3,0x377eaef292051bbf8ada05b2af76a3f3b9d722a7,40.083652,1772369083,6619ce8c6a829be17ac9c3f524420ed2a36659bd44b812b6c4ae8cd09ee09123,163,163.00,3.50,1,5,4,0.021983,0.453404,TopoStake,pog(D=3_omega=1.00),1.48,2306,0
461,4,0xb2a7fe70a6f3137d38f6cb4c3ec6dd1e24f2d5f4,12.399623,1772369085,2804b4acab827be9f7484c441461a6444c711e4969322adf5bc1ff39a09e5c23,223,111.50,3.71,1,5,4,0.021980,0.453551,TopoStake,pog(D=3_omega=1.00),1.66,2307,0
462,0,0xdcf2130496e27a8094ab996aea4aa77788d65869,18.488165,1772369087,4f3b72cee08012de23bb7a50ace7579f5025ee4d279ee0e6d4afc8520cd3ef54,220,110.00,4.35,2,6,4,0.021965,0.453235,TopoStake,pog(D=3_omega=1.00),1.59,2308,0
462,1,0x1796dc61e715f15a2d27dfa32bd34780f12a8c24,56.798436,1772369089,a7f49ffdf00b3726bd3cdfd53283d9448ba6312b2d13bb4458335ac1b0b929e5,214,71.33,4.03,1,5,4,0.021954,0.453095,TopoStake,pog(D=3_omega=1.00),2.54,2309,0
462,2,0xaadc5fea232580cb8fba739ac5d05a48559c7e52,18.339046,1772369091,80d065463546e49fad8c6b260db3d6488b2a091a41c218271df55b495ce0239e,196,98.00,3.36,1,5,3,0.021956,0.453286,TopoStake,pog(D=3_omega=1.00),2.40,2310,0
462,3,0x13f9dadc05f6c237b03411e2aed1800cf21a5d89,125.490784,1772369094,7cdbe9b42f272055f177464f5c1ca7a9bd5826e383bb091007e6884624f21aa4,194,97.00,4.29,1,6,4,0.021944,0.453134,TopoStake,pog(D=3_omega=1.00),2.39,2311,0
462,4,0x4ba33404d90c4ae989714d9d174cd882cffb7994,29.110036,1772369095,d987d88d396f490a98182e129969abd83ef3a5be34ad9d50af1c301a9c2689c1,250,125.00,2.98,1,5,3,0.021944,0.453135,TopoStake,pog(D=3_omega=1.00),2.06,2312,0
463,0,0xd46407aa7b668c72de3cf1c1a12b7fa2e308a1b2,17.974510,1772369097,a1a901740c171803e735fa373321020a2b97183ccb74e14d3ab5604078f75a89,75,75.00,4.53,1,6,4,0.021936,0.453238,TopoStake,pog(D=3_omega=1.00),1.76,2313,0
463,1,0x3d92e045fb1847aae132b40ebfcc471a32f687de,27.137896,1772369099,d15f48458e8ec9c638396e4855f024f0534d045844c0eb49fed637d95e1544c4,217,108.50,3.86,1,5,4,0.021924,0.453068,TopoStake,pog(D=3_omega=1.00),1.58,2314,0
463,2,0x8c11ec9090dd820c076e57e899d9c604c79d6b32,36.579892,1772369101,b79f53fde636667b4874088dac1702227bd4b408b96cfd82dd86ef8976226770,198,66.00,3.97,2,5,4,0.021916,0.453123,TopoStake,pog(D=3_omega=1.00),2.51,2315,0
463,3,0x016d3fc36beee7caa8fbd6c1caa42461dd7f9850,49.946712,1772369103,44a10acf9b5d1ffe164648fba567abc90d51ac49a4f1306dc09e2bf52036dc33,201,100.50,4.01,1,6,4,0.021911,0.453252,TopoStake,pog(D=3_omega=1.00),2.43,2316,0
463,4,0xe478b1e4d1538274c0c70cbd7df877f9abab2f62,20.288556,1772369106,6a12148affbbe5af82e2b55d67f74315e796ce629ad53e943eba1983126b2d3c,250,125.00,3.06,1,4,3,0.021911,0.453434,TopoStake,pog(D=3_omega=1.00),2.28,2317,0
464,0,0x075e1d95c7891e1c00414ca1aa9a7a8cf6270019,132.348437,1772369108,f1b45d12867ca240ab187c800a4802955185a92cc614feae641b098fbbc24291,244,122.00,3.98,1,5,4,0.021900,0.453366,TopoStake,pog(D=3_omega=1.00),2.05,2318,0
464,1,0x0d91704595bff3aec25d40822498a51c62b05e3a,100.700417,1772369110,6d2726020edb1d278f6fe05e2dc70cbea7f2098460d73d434a7a015b279b2a78,142,71.00,3.33,1,5,3,0.021900,0.453366,TopoStake,pog(D=3_omega=1.00),1.59,2319,0
464,2,0x213068cb42718d1dd6d00a6d94d62a3def0e68eb,23.365021,1772369112,c63db9d0b81ddbc4201c47177867c82dc5390ffc5be244a2c3df9921b12a9fa2,197,98.50,3.31,1,5,3,0.021919,0.453573,TopoStake,pog(D=3_omega=1.00),1.46,2320,0
464,3,0x13f9dadc05f6c237b03411e2aed1800cf21a5d89,125.491086,1772369114,c252b7623698d100c8bfe632bf8570bdea81ff510fb17730431a6697b114a25b,197,65.67,3.61,1,5,4,0.021909,0.453566,TopoStake,pog(D=3_omega=1.00),2.49,2321,0
464,4,0x28672c71695142588ed26ada6f4b18b8b6c12308,48.726458,1772369117,35b74395a76e3b0f447593c914389b092e308fa8517314d81467e7adf41c142a,236,118.00,2.95,1,5,3,0.021937,0.453782,TopoStake,pog(D=3_omega=1.00),2.33,2322,0
465,0,0x60705151f1f537cacd5b801f3ef1b31dc3f605de,7.273886,1772369118,a91caacc99e0841b64ac17c8ee07aa3c86b8e8402422234cc1c33363fb35fea5,226,113.00,3.45,1,5,3,0.021937,0.453954,TopoStake,pog(D=3_omega=1.00),2.05,2323,0
465,1,0x0d91704595bff3aec25d40822498a51c62b05e3a,101.701364,1772369120,3aaee67d006eeda6ac74a4ca818838b32da1ddddf6daef2bf9a557d71a2bd2e0,110,110.00,4.21,2,6,4,0.021920,0.453451,TopoStake,pog(D=3_omega=1.00),1.45,2324,0
465,2,0xdc2bc9a639e2bc25c5f57e628a7cd55f6a3d023b,0.057588,1772369122,91860048c9fa7b51ada5e374cbffef6c3a808bfe1bf123014a49ca0a20809753,204,102.00,3.31,1,5,3,0.021920,0.453452,TopoStake,pog(D=3_omega=1.00),1.66,2325,0
465,3,0xc577329e86aaecb006f17fb90499c54671119935,10.295622,1772369124,fcb554503704d2ebc8cdeb9ad72721debcbbcb1bee4ad358e6b9425ff27cc730,179,89.50,4.53,1,6,5,0.021921,0.453043,TopoStake,pog(D=3_omega=1.00),1.49,2326,0
465,4,0x269cdf52f97e1d9f14b7be895155a7b294f0b21d,28.737523,1772369126,35cd4587a1959f6b7339b0d2110d232f0e77a4865ca382b1f0878f4cb2442f34,223,74.33,3.96,1,6,4,0.021906,0.452688,TopoStake,pog(D=3_omega=1.00),2.44,2327,0
466,0,0x3513d672439a59c26cc5711f2b715ccb4810a774,28.296396,1772369129,d544f27b521d05d4418f80d699c5ce271790dc47971daff3dcde3fd662f47ea8,200,100.00,3.48,1,5,4,0.021898,0.452780,TopoStake,pog(D=3_omega=1.00),2.31,2328,0
466,1,0x377eaef292051bbf8ada05b2af76a3f3b9d722a7,41.084796,1772369130,d5ef473bc8df782ad0ed2bae348f829d9046c51552b3ecc8b894133b87ec3fd9,250,125.00,3.79,1,5,4,0.021890,0.452856,TopoStake,pog(D=3_omega=1.00),2.26,2329,0
466,2,0x719361397abe003a91af76243e5f9c7a0cd4279f,26.544183,1772369132,5340627ead4ba75edd9da64368669db7610e9715d6adca305e9aa5fe6df34715,147,147.00,3.61,1,5,4,0.021887,0.453002,TopoStake,pog(D=3_omega=1.00),1.59,2330,0
466,3,0x50f7fa851f9314d682e36da5caa4635039b5305d,48.154392,1772369134,5d54c77a8b8fb0c4582ef00f03d8c0c336c19675f3b5f245bf60689699b99c1c,207,103.50,3.98,2,5,4,0.021878,0.453034,TopoStake,pog(D=3_omega=1.00),1.48,2331,0
466,4,0xfb35fdafcfc84561a42700a4a1c274edeb75bdc1,9.034384,1772369136,566a74cf5cfef93d375a7a4b900b07970948983c79f91b70585ae9d8dfe56eab,182,60.67,3.34,1,4,3,0.021877,0.453198,TopoStake,pog(D=3_omega=1.00),2.47,2332,0
467,0,0x0d91704595bff3aec25d40822498a51c62b05e3a,102.702492,1772369138,f419b7aba09a24543bfd4da23d5f94c8a316dd73c80b902768ea0a0775d2dcb4,185,92.50,3.95,1,5,4,0.021862,0.452764,TopoStake,pog(D=3_omega=1.00),2.44,2333,0
467,1,0x58a21eeb7ab18ba8adf1296e66a4487076e95dac,21.080842,1772369140,e1524b00e9e1d4b0f34b899ea467634370d9c9f3f1f9afd12eb02560fb22cfc1,250,125.00,3.12,1,5,3,0.021881,0.452970,TopoStake,pog(D=3_omega=1.00),2.19,2334,0
467,2,0x0d91704595bff3aec25d40822498a51c62b05e3a,103.703717,1772369142,e6bb38c3475f38038e5c9ba866804c8cecd67f4d18870a6867537f713518b452,110,110.00,3.84,1,5,4,0.021871,0.452921,TopoStake,pog(D=3_omega=1.00),1.45,2335,0
467,3,0x28672c71695142588ed26ada6f4b18b8b6c12308,49.727624,1772369144,abbac8112341737b3ffc6cd26ef6cc28baca491e05f586d245c5fc215a728787,205,102.50,3.20,1,5,3,0.021890,0.453127,TopoStake,pog(D=3_omega=1.00),1.68,2336,0
467,4,0x50f7fa851f9314d682e36da5caa4635039b5305d,49.155294,1772369146,1b9aa8d14072260dc7360554b33cd9d07c0dc09af19ba7967eacd6ed79d92d8c,185,92.50,3.57,1,5,4,0.021890,0.453299,TopoStake,pog(D=3_omega=1.00),1.53,2337,0
468,0,0x58a21eeb7ab18ba8adf1296e66a4487076e95dac,22.081337,1772369148,45959e1d51ae09ee5071dd1f6cb5ac9a380f0f38b3fdb8a8093590081a517c0c,226,75.33,3.33,1,5,3,0.021890,0.453462,TopoStake,pog(D=3_omega=1.00),2.48,2338,0
468,1,0xcb7977f4997b4252c0152e135dd79b3cfe35c1a5,17.607872,1772369151,70bf7a5d20d52603ef68af5f5fe0bae72d9c57cbf43feb8b7f8e44e6a3b73c5f,191,95.50,3.93,1,5,4,0.021879,0.453431,TopoStake,pog(D=3_omega=1.00),2.50,2339,0
468,2,0xc4dc29db975b952e04358340e56b68fa4ba63fbc,13.521308,1772369152,557c83df7c38a309becc5337e8f7fd148ea7ebe8807bf2f7a7d2744768f2c71f,233,116.50,4.14,2,6,4,0.021867,0.453247,TopoStake,pog(D=3_omega=1.00),2.39,2340,0
468,3,0x7e40df5d801345015e84c843908efc6683665fa4,27.662614,1772369154,562046a48a0d7572a1be890c1d1c42b61cefb21ca0db2164409cfb9424adbf75,119,119.00,3.79,3,5,4,0.021854,0.452974,TopoStake,pog(D=3_omega=1.00),1.74,2341,0
468,4,0x377eaef292051bbf8ada05b2af76a3f3b9d722a7,42.085510,1772369156,7185a0716897794616a3eb13d946455a8a021a08ccb9707a1f85ca9451ff8353,184,92.00,3.47,1,5,3,0.021845,0.453030,TopoStake,pog(D=3_omega=1.00),1.50,2342,0
469,0,0x50f7fa851f9314d682e36da5caa4635039b5305d,50.156492,1772369158,dd9729088e429bab7cf969c95359a1d2e97f8feffc45dbf0ad27c7d67f312e68,203,101.50,3.56,1,5,4,0.021842,0.453176,TopoStake,pog(D=3_omega=1.00),1.55,2343,0
469,1,0x13f9dadc05f6c237b03411e2aed1800cf21a5d89,126.493706,1772369160,354a441cd847be9a80964b4586259cd45093eb96d8e385dbe968778f16ea0661,203,67.67,3.33,1,5,3,0.021842,0.453344,TopoStake,pog(D=3_omega=1.00),2.45,2344,0
469,2,0xa9105f442328d397529b8e4e9e656fa89016ff45,10.438834,1772369163,c4a3ca01c5d5ffd53d04c6bfde01868bf7d07b939871010ab170c271e8cf8ac8,212,106.00,2.97,2,5,3,0.021870,0.453557,TopoStake,pog(D=3_omega=1.00),2.27,2345,0
469,3,0x075e1d95c7891e1c00414ca1aa9a7a8cf6270019,132.349657,1772369164,998eeeec923bc6d3c71414dfdce420d263d24f80e19c946ac38d13be1c1655d5,198,99.00,3.70,1,5,4,0.021870,0.453557,TopoStake,pog(D=3_omega=1.00),2.02,2346,0
469,4,0x6d6b2734a20229ddd7fd4a1470ba3e3bad4e4a85,19.630558,1772369166,955829ef11f627ec5702457c5fccbcfa60fad752cd242f09cfd5de7e076df0d4,136,136.00,3.28,2,5,3,0.021900,0.453779,TopoStake,pog(D=3_omega=1.00),1.35,2347,0
470,0,0x07902d0371763a00d97ed9ba16ff0a206cb0fd19,149.808392,1772369168,6a0bdb9f8203c138e3f422a6c6e693deeeca528a542a33a56145f9af6c5c9c66,182,91.00,3.77,2,5,4,0.021889,0.453686,TopoStake,pog(D=3_omega=1.00),1.49,2348,0
470,1,0x53be6e527cc5a7d850b5eae27b9cef342e0665f2,27.054367,1772369170,15ece6046eca4b2b39c1b566a479bc00cfed49be3f0f4cfc32ee0c10b91372d8,186,93.00,2.75,1,4,3,0.021926,0.453916,TopoStake,pog(D=3_omega=1.00),1.51,2349,0
470,2,0xb990cdf21950e6086c350175c4bc504e45858230,29.132550,1772369172,69086db16cd69d148a5c59e9084c84e66429d836f66af4c5066efb2e5a57eb3e,220,73.33,3.52,1,5,4,0.021917,0.453952,TopoStake,pog(D=3_omega=1.00),2.47,2350,0
470,3,0x8c11ec9090dd820c076e57e899d9c604c79d6b32,37.580401,1772369174,ea8b71fa4dae7d1d0da4ed2280ae221ac331f14ab320aebf744c87d224111a41,205,102.50,3.90,1,5,4,0.021909,0.454039,TopoStake,pog(D=3_omega=1.00),2.36,2351,0
470,4,0x95ab54d268473cce82094026afefdbd5cadf418b,19.582338,1772369176,b381c492382a99848a8dad7a2a0d9758fcc0ef2572c937777f424bd6b8936d1f,143,143.00,3.92,1,6,4,0.021904,0.454173,TopoStake,pog(D=3_omega=1.00),1.50,2352,0
471,0,0x0d91704595bff3aec25d40822498a51c62b05e3a,104.704931,1772369178,ed2bfe886076e323aacf24528076936e9a433c4909ddedba30b970f91142fae2,229,114.50,4.53,1,6,5,0.021904,0.454173,TopoStake,pog(D=3_omega=1.00),1.70,2353,0
471,1,0x89100a8056319ba37491b32ba255004180607bc2,31.793688,1772369180,4188b6e7ac622488b673d4df12e8cdb665f9599dc4e77c240a3ba6817a01b8a6,190,95.00,3.26,1,5,3,0.021924,0.454378,TopoStake,pog(D=3_omega=1.00),1.64,2354,0
471,2,0xcb7977f4997b4252c0152e135dd79b3cfe35c1a5,18.608729,1772369182,b547a026ad0dbaee52a9700a90ae9d38d212877ef496f3df7d433d5076081eb7,205,68.33,3.84,1,5,4,0.021917,0.454487,TopoStake,pog(D=3_omega=1.00),2.46,2355,0
471,3,0x0d91704595bff3aec25d40822498a51c62b05e3a,105.705902,1772369185,68c12379fa58b7eb9f23df5f90a3a2bbd60c9be7d92b4c08b39432e94db0f3cc,193,96.50,4.21,1,6,4,0.021905,0.454335,TopoStake,pog(D=3_omega=1.00),2.48,2356,0
471,4,0x8719ca31b72ae8a5404006763c53d5ad503dbcb0,10.088680,1772369186,8ea4b00af46139e9951ff255c5c0393cf265fadc71890ccc55b6f605005bd56f,250,125.00,3.19,1,5,3,0.021925,0.454538,TopoStake,pog(D=3_omega=1.00),2.14,2357,0
472,0,0x2abf89d7c96c80fcff9dec1fe92803573094ee35,10.200967,1772369188,022a073e4dfa3b231ee06f3b47e7793ecb2a42768fa625966523c003e17cc4c4,148,148.00,4.13,1,6,4,0.021911,0.454169,TopoStake,pog(D=3_omega=1.00),1.47,2358,0
472,1,0x6064b9f5883bf9737dfe314ff68c56e09e68ac89,21.181284,1772369190,11641a3d0792c3c658a2342125fae2797ea0189388239c6f1997447df8458458,242,121.00,3.71,1,5,4,0.021896,0.453799,TopoStake,pog(D=3_omega=1.00),1.64,2359,0
472,2,0x269cdf52f97e1d9f14b7be895155a7b294f0b21d,29.738106,1772369192,8381f61d24dbcd74d65434a6aa78a49e869404ab8845576eef0782fccdda26a1,213,71.00,3.84,1,5,4,0.021885,0.453745,TopoStake,pog(D=3_omega=1.00),2.46,2360,0
472,3,0x13f9dadc05f6c237b03411e2aed1800cf21a5d89,127.495470,1772369194,174759b3dd562af297384ed6285273ced19516d29d27ccc292ac978944ceb777,195,97.50,3.64,1,5,4,0.021877,0.453840,TopoStake,pog(D=3_omega=1.00),2.49,2361,0
472,4,0xf5ecb44daf07a1d1073dbc89baf04bd7541fa517,9.040348,1772369197,debcd2d01feef39bab0f25291d69bf5b426b546d8be285f52a7091d904c558d2,250,125.00,2.87,1,5,3,0.021905,0.454052,TopoStake,pog(D=3_omega=1.00),2.29,2362,0
473,0,0x2abf89d7c96c80fcff9dec1fe92803573094ee35,11.202139,1772369198,c14ee49234a1f1858e699f368439cd4d43d5fc86542b2f2bd918856892e1ff79,199,99.50,4.04,1,6,4,0.021890,0.453615,TopoStake,pog(D=3_omega=1.00),2.14,2363,0
473,1,0xfb35fdafcfc84561a42700a4a1c274edeb75bdc1,10.034967,1772369200,e22c4bf1485b095d34b248d71e9459297e45e70fafe62785085c4329ae7ed193,158,158.00,3.79,1,5,4,0.021876,0.453284,TopoStake,pog(D=3_omega=1.00),1.45,2364,0
473,2,0x07902d0371763a00d97ed9ba16ff0a206cb0fd19,150.810366,1772369202,419c49aca1d8518800dc171467be7ee52a0fa715ace379561037f4d9a826ae5a,198,99.00,3.91,1,5,4,0.021861,0.452898,TopoStake,pog(D=3_omega=1.00),1.47,2365,0
473,3,0x763be7657fec175a3de5f1ee0a506722872c886d,11.010374,1772369204,c59e24687dd856c5a07954b599c96564575f5ba98c375b2488c72ce40ab4fe01,205,68.33,2.75,1,4,3,0.021897,0.453127,TopoStake,pog(D=3_omega=1.00),2.46,2366,0
473,4,0x1cb1274c711a6c2e4e1596846e6ac604eeefb358,46.447077,1772369206,4337856a96c71987e3f516ec05054a481ff399f29eb02922d1001d57ae041937,215,107.50,3.60,1,5,4,0.021883,0.452784,TopoStake,pog(D=3_omega=1.00),2.47,2367,0
474,0,0x54f496e5c1d9f95a916cf7f5b62e9c98e64a3dc5,7.010402,1772369209,7b0d060abd23291290206966c6ea479c9d27e8bee1a9fadb1a68f242b859ee11,221,110.50,3.42,1,5,3,0.021881,0.452937,TopoStake,pog(D=3_omega=1.00),2.19,2368,0
474,1,0x0d91704595bff3aec25d40822498a51c62b05e3a,106.707578,1772369211,2482f1ccd9f64518d7df67b5992bd0914690ccdd7175fb34dd87c3efa8f0fbeb,215,107.50,4.23,2,5,4,0.021865,0.452431,TopoStake,pog(D=3_omega=1.00),2.02,2369,0
474,2,0xb990cdf21950e6086c350175c4bc504e45858230,30.133439,1772369213,50ab709d030193813bc7250ecec7128c3401dafeae01fdae2d5bae79fd1d4d33,154,77.00,3.32,1,5,3,0.021885,0.452634,TopoStake,pog(D=3_omega=1.00),1.62,2370,0
474,3,0xd46407aa7b668c72de3cf1c1a12b7fa2e308a1b2,18.974945,1772369215,1d49c192cf43e4e7a2e98ec4ef355cecf787102d4c57e96a07282cd750705420,206,103.00,4.03,1,6,4,0.021886,0.452635,TopoStake,pog(D=3_omega=1.00),1.44,2371,0
474,4,0x0d91704595bff3aec25d40822498a51c62b05e3a,107.708309,1772369217,bfbf51ea1a36097e9c4a44db9d5445d74f253099fbd704d9b13cb57c86b6110f,222,74.00,3.92,1,5,4,0.021866,0.452592,TopoStake,pog(D=3_omega=1.00),2.56,2372,0
475,0,0x1cb1274c711a6c2e4e1596846e6ac604eeefb358,47.448181,1772369220,ed12fc35fd827b8fc2a812fd8f324f5aca32a7375c4d2866e818b9f73f0bb354,209,104.50,3.09,1,5,3,0.021887,0.452795,TopoStake,pog(D=3_omega=1.00),2.35,2373,0
475,1,0x719361397abe003a91af76243e5f9c7a0cd4279f,27.544797,1772369221,099d864bbac0ce97ccff907d21437cb647713318b7a76d13f51fd635dce817fd,243,121.50,3.46,1,5,4,0.021886,0.452947,TopoStake,pog(D=3_omega=1.00),2.12,2374,0
475,2,0x07902d0371763a00d97ed9ba16ff0a206cb0fd19,151.811972,1772369223,0728881d311471dbead05a5e35b298977f0021a9c5ec4f7784605255e0f3e4dd,85,85.00,3.91,1,5,4,0.021877,0.452988,TopoStake,pog(D=3_omega=1.00),1.45,2375,0
475,3,0xf13caa2c5f6f6cf61e51290bfa7826a9140b4faf,20.027224,1772369225,d1728871e9534d06d122466b5f36dbdc4820a897b431baac3b06ae537b47323f,213,106.50,2.75,1,4,3,0.021913,0.453217,TopoStake,pog(D=3_omega=1.00),1.51,2376,0
475,4,0x1796dc61e715f15a2d27dfa32bd34780f12a8c24,57.800136,1772369227,d77aace50ab14f2b438eb14b4f65f45c9afab25093f4809b4f103686f84ed3e5,201,67.00,4.22,2,6,4,0.021902,0.453133,TopoStake,pog(D=3_omega=1.00),2.47,2377,0
476,0,0xbc3f8508d26048f2064aa8c068f4c94d08d77d18,20.045374,1772369229,7f2cc12c14700ec3cd5ef426173feec1158c1d432d210f73ec4ddd3fc51f2083,187,93.50,3.28,1,5,3,0.021905,0.453319,TopoStake,pog(D=3_omega=1.00),2.47,2378,0
476,1,0x7e40df5d801345015e84c843908efc6683665fa4,28.663275,1772369232,2daf92385e1410e8413cb4c8f0897c90becef37de8f4ebff1d00ded98c876cc6,196,98.00,4.31,1,6,4,0.021893,0.453227,TopoStake,pog(D=3_omega=1.00),2.47,2379,0
476,2,0x07902d0371763a00d97ed9ba16ff0a206cb0fd19,152.813173,1772369233,64af0135e89b383631c59e60f101354ca20f4da0d99dffcdd4a3c95a0045ee8a,250,125.00,3.26,1,5,3,0.021885,0.453297,TopoStake,pog(D=3_omega=1.00),2.25,2380,0
476,3,0xa9a524611994a27dd3134d643379aa14edf7cb39,13.070154,1772369235,87c5e24dda64eec093224275a7487bf4654867075b8c9322a44cac7cfc2c8b04,82,82.00,2.68,1,4,3,0.021922,0.453524,TopoStake,pog(D=3_omega=1.00),1.61,2381,0
476,4,0x1d1d2c63625de70b1e5ef40056bd2deb89d7fef2,20.054521,1772369237,72d83977721f210bc2440042d1f46b060ebc50d495baf66177b71c49d356c9ec,182,91.00,3.69,2,5,4,0.021908,0.453231,TopoStake,pog(D=3_omega=1.00),1.55,2382,0
477,0,0x54f496e5c1d9f95a916cf7f5b62e9c98e64a3dc5,8.011165,1772369239,be7adc3e41ba19cda289edd562467779eab4d9d268411ec9a0228a700a2e3051,214,71.33,3.88,2,5,4,0.021897,0.453132,TopoStake,pog(D=3_omega=1.00),2.68,2383,0
477,1,0x50f7fa851f9314d682e36da5caa4635039b5305d,51.157605,1772369241,32b480a37d877033ad4ab5fb7a29d2086b66b7bb4ef12d3bb0eb27f0b2c0981d,188,94.00,4.23,1,5,4,0.021881,0.452654,TopoStake,pog(D=3_omega=1.00),2.50,2384,0
477,2,0x408bb0bf84df50b21c53c74420987f172d4036a1,11.779561,1772369244,d913a64d087385fe01dc4004c009e21ba715eceac70e4efb5e9a2c3e374d69d1,212,106.00,3.27,1,4,3,0.021881,0.452830,TopoStake,pog(D=3_omega=1.00),2.42,2385,0
477,3,0x1cb1274c711a6c2e4e1596846e6ac604eeefb358,48.449463,1772369245,4fb9743af787be59da6d9c65893e45760729d3c5960440bb5dddb416cb557067,234,117.00,3.56,1,5,4,0.021867,0.452503,TopoStake,pog(D=3_omega=1.00),2.18,2386,0
477,4,0xa068e3c9a21c8d8be636cd2d285895979ec3262e,9.940253,1772369247,d4d2de9f8edf47be8256dba31cd87b9dcf1561a9f5cbfc4ef729f4860655247c,141,141.00,3.46,1,5,4,0.021866,0.452654,TopoStake,pog(D=3_omega=1.00),1.33,2387,0
478,0,0x5cd626f4b83428b146919d30f4b3e481d259a9dc,26.073014,1772369249,da2fc259593121ea8d9133d7072431fbe92ddf5d494ec0b35f2b967fa5df77da,194,97.00,4.34,1,6,4,0.021852,0.452260,TopoStake,pog(D=3_omega=1.00),1.54,2388,0
478,1,0x07902d0371763a00d97ed9ba16ff0a206cb0fd19,153.814266,1772369251,943a0206de67a69f02f2352a93fba9513ccdae33d9effd46470288c5feb0c1d1,223,111.50,4.04,2,6,4,0.021852,0.452260,TopoStake,pog(D=3_omega=1.00),1.58,2389,0
478,2,0x58a21eeb7ab18ba8adf1296e66a4487076e95dac,23.081553,1772369253,c0e97d8be566c59f82d791c7764be3b9e4b37f1eafc081920d574428cab851cf,209,69.67,2.79,1,4,3,0.021879,0.452503,TopoStake,pog(D=3_omega=1.00),2.53,2390,0
478,3,0x6064b9f5883bf9737dfe314ff68c56e09e68ac89,22.181900,1772369256,c7ec36425d81cad4b8ce30d4162c9bd595927ee60f729abbf060676e63b602d4,190,95.00,3.98,1,5,4,0.021869,0.452485,TopoStake,pog(D=3_omega=1.00),2.44,2391,0
478,4,0x52e05d9fa4faa167f30baba23c710e4f49115288,9.125693,1772369257,37de7754ca6742977b69493c03d6945c07e1894c0326a6418c72d47367bbbc38,239,119.50,3.74,1,5,4,0.021859,0.452449,TopoStake,pog(D=3_omega=1.00),2.18,2392,0
479,0,0x1cb1274c711a6c2e4e1596846e6ac604eeefb358,49.450241,1772369259,0e124fbf69acbba7abc27902ac3767eb52bfd4ae3582a3edd46379949ec85835,113,113.00,3.77,2,5,4,0.021844,0.452013,TopoStake,pog(D=3_omega=1.00),1.49,2393,0
479,1,0x0d91704595bff3aec25d40822498a51c62b05e3a,108.709729,1772369261,e137cb0fb227e88c4d23168bdc648339ead4b1f9cab8a918496c190a321491a5,222,111.00,3.54,1,5,4,0.021844,0.452013,TopoStake,pog(D=3_omega=1.00),1.61,2394,0
479,2,0x07902d0371763a00d97ed9ba16ff0a206cb0fd19,154.815544,1772369263,9647c677157df0fd4894d6e5ad5c4586ce1ff8ca689f12b45d21f70101327300,207,69.00,3.25,1,5,3,0.021844,0.452014,TopoStake,pog(D=3_omega=1.00),2.51,2395,0
479,3,0x28672c71695142588ed26ada6f4b18b8b6c12308,50.728329,1772369265,77f407adb6c1ef03852ee8d271cf3e12ac8590630bf151b4370a627ec2bdabad,192,96.00,2.73,1,4,3,0.021880,0.452241,TopoStake,pog(D=3_omega=1.00),2.34,2396,0
479,4,0x28672c71695142588ed26ada6f4b18b8b6c12308,51.729419,1772369268,5f93c4eeb69a6c381191405c21366e9f7d17686732b7c28c6430d7b3569ab4b4,218,109.00,3.45,1,5,4,0.021880,0.452407,TopoStake,pog(D=3_omega=1.00),2.20,2397,0
480,0,0x54f496e5c1d9f95a916cf7f5b62e9c98e64a3dc5,9.011772,1772369269,b29685ea01063cb67ded39648b1ae5e056983738d0f4a4707d815df56fa5fabc,211,105.50,3.66,2,5,4,0.021880,0.452579,TopoStake,pog(D=3_omega=1.00),2.02,2398,0
480,1,0x50f7fa851f9314d682e36da5caa4635039b5305d,52.158742,1772369271,9dd71cad439c533a1472b3bdcff1778247179c7faf83b97eed63fdcc53fb4933,61,61.00,4.41,1,5,5,0.021865,0.452131,TopoStake,pog(D=3_omega=1.00),1.95,2399,0
480,2,0x311eb133eb413ac3f21249889bb101e5d40820ce,20.124791,1772369273,3498a72ad79b7e573bef12dbd9ec535fb7c2685171c933668d6eae09bbcfb2be,201,100.50,3.29,1,5,3,0.021865,0.452302,TopoStake,pog(D=3_omega=1.00),1.46,2400,0
480,3,0x8c11ec9090dd820c076e57e899d9c604c79d6b32,38.580531,1772369275,53e8457fccc095cc53c622f47539221c452ee97d02f6c6d5b90376edbe0e793b,206,68.67,3.58,1,5,4,0.021854,0.452199,TopoStake,pog(D=3_omega=1.00),2.58,2401,0
480,4,0x07902d0371763a00d97ed9ba16ff0a206cb0fd19,155.816781,1772369277,16a40d27c51db2db1552ab64cd3339585d8228d70a811a2fc1510d9578dc8805,185,92.50,4.03,1,6,4,0.021850,0.452333,TopoStake,pog(D=3_omega=1.00),2.48,2402,0
481,0,0x1cb1274c711a6c2e4e1596846e6ac604eeefb358,49.450184,1772369280,1710ddedda0ea32b38bd711bb91f3a8593d30f5f9e5411b53e279aa39a0905de,250,125.00,2.79,1,4,3,0.021887,0.452559,TopoStake,pog(D=3_omega=1.00),2.20,2403,0
481,1,0x016d3fc36beee7caa8fbd6c1caa42461dd7f9850,50.948693,1772369282,e95f062c6d2c3920b5bac8a47cf3c60d54fc5c71f3a66375c48a2c3d492b9a29,223,111.50,3.47,1,5,4,0.021886,0.452709,TopoStake,pog(D=3_omega=1.00),1.83,2404,0
481,2,0x1796dc61e715f15a2d27dfa32bd34780f12a8c24,58.801017,1772369284,ead67fde401c6b29e0367e8038d74145f0e8cd87db6cb90391ed11069a220ced,195,97.50,3.14,1,4,3,0.021885,0.452868,TopoStake,pog(D=3_omega=1.00),1.62,2405,0
481,3,0x719361397abe003a91af76243e5f9c7a0cd4279f,28.544968,1772369286,e4247aa2c7d48a21729a9b611013e002c3da05ff38e46954e9c50a0e45f1bad3,181,90.50,3.32,1,5,3,0.021888,0.453051,TopoStake,pog(D=3_omega=1.00),1.48,2406,0
481,4,0x13f9dadc05f6c237b03411e2aed1800cf21a5d89,128.498995,1772369288,ade76a28bf9564b4d1b9a95d626a841b1b2ddb0efbe7371c331ec5ab2204031a,186,62.00,3.94,1,5,4,0.021880,0.453111,TopoStake,pog(D=3_omega=1.00),2.49,2407,0
482,0,0x4414c05be2cf328f38d2e3ef4b705d6b894f044a,15.066459,1772369291,c3241f255fab1d70714cde8d17d00d43ce0bee5fcbc10ff4f7a04357a39d8696,230,115.00,2.97,1,5,3,0.021907,0.453320,TopoStake,pog(D=3_omega=1.00),2.49,2408,0
482,1,0xd67aaaf210c0c36ddcb7055222d168b5c9dd1b36,17.171651,1772369292,5809c1948292f346ca4b90d7083150473e281e84a51f5b9294b3faadd09ad063,213,106.50,3.77,1,5,4,0.021894,0.453086,TopoStake,pog(D=3_omega=1.00),2.28,2409,0
482,2,0x50f7fa851f9314d682e36da5caa4635039b5305d,53.159715,1772369294,dfe7ae5b48789f35361254df55de6527f5136bc1143cef0ef650211363ae2e07,151,151.00,3.93,1,5,4,0.021882,0.452892,TopoStake,pog(D=3_omega=1.00),1.51,2410,0
482,3,0xb990cdf21950e6086c350175c4bc504e45858230,31.134093,1772369296,c7c189e1142a6c1e4d837177a54ea11d4efe4a853509f0087c81254570f54634,234,117.00,3.40,1,5,3,0.021882,0.452892,TopoStake,pog(D=3_omega=1.00),1.66,2411,0
482,4,0x0d91704595bff3aec25d40822498a51c62b05e3a,108.709895,1772369298,968bd7f236c4e9250665692ccc45b9bba9098f4eac7575d5d60892937f696489,180,90.00,4.00,1,5,4,0.021875,0.453166,TopoStake,pog(D=3_omega=1.00),1.52,2412,0
483,0,0xd39dbd3662315e3935ec08e6b6028e73b3c09de2,18.905254,1772369300,7b6b2106621fd04d39b14b9c845ed44329fdd041acf2a56786d7f9b4bcb43dbd,180,90.00,3.32,1,5,3,0.021895,0.453366,TopoStake,pog(D=3_omega=1.00),1.49,2413,0
483,1,0x26d553a2f4343b3a7dc88bbd87b3d0a25d3838d9,33.227974,1772369302,092c91bd5897fd9264e7599b88dcf8952e2d31a537bc39da423e0aaa7fb59e55,239,79.67,4.57,2,6,5,0.021883,0.453219,TopoStake,pog(D=3_omega=1.00),2.55,2414,0
483,2,0x075e1d95c7891e1c00414ca1aa9a7a8cf6270019,133.353537,1772369305,42626df6225af4a5fd4d3575a8fdb71eaa65f5b1491a362d622d3c2c0236c9b0,224,112.00,3.62,1,5,4,0.021877,0.453335,TopoStake,pog(D=3_omega=1.00),2.44,2415,0
483,3,0x408bb0bf84df50b21c53c74420987f172d4036a1,12.780227,1772369306,3826849d1756eaaf0de62eb3e2f21faedac710b96bca14ebf7be60abca8f5043,222,111.00,2.97,1,5,3,0.021905,0.453551,TopoStake,pog(D=3_omega=1.00),2.04,2416,0
483,4,0x016d3fc36beee7caa8fbd6c1caa42461dd7f9850,51.949848,1772369308,b67bfeacf473c46722afb1cd49a67d5ea128f8755df8cce8bb111c7874870155,130,130.00,3.55,2,4,4,0.021892,0.453246,TopoStake,pog(D=3_omega=1.00),1.31,2417,0
484,0,0x07902d0371763a00d97ed9ba16ff0a206cb0fd19,156.818875,1772369310,ae432c3e50c7dd0ed5c37f7428ede7dc76841055cd3cb32fbd504d61a637cc6a,222,111.00,3.13,1,4,3,0.021892,0.453406,TopoStake,pog(D=3_omega=1.00),1.58,2418,0
484,1,0x13f9dadc05f6c237b03411e2aed1800cf21a5d89,129.500729,1772369312,3a2261570a29f5a9dd5010668da04d2f91fc3fcd4a8422eed2c7635b3596bcfc,208,104.00,2.75,1,4,3,0.021928,0.453630,TopoStake,pog(D=3_omega=1.00),1.54,2419,0
484,2,0x1796dc61e715f15a2d27dfa32bd34780f12a8c24,59.801957,1772369314,671534b3f45ebd2c15561b654e9012c30836f08933fd58444de74b3dbca67226,225,75.00,3.00,1,4,3,0.021955,0.453837,TopoStake,pog(D=3_omega=1.00),2.44,2420,0
484,3,0xd3997be86c88837e3fd467517b943590b28fa641,11.033151,1772369317,db9ec186f6b4d008b97863379959a7c6c99bff7004b86c95e82d7998057c12ab,211,105.50,3.27,1,5,3,0.021958,0.454019,TopoStake,pog(D=3_omega=1.00),2.39,2421,0
484,4,0x95ab54d268473cce82094026afefdbd5cadf418b,19.581206,1772369318,5bd72c22b553f89f052029e0d0dd82f50c0360749d41e984b2bce0250b402846,197,98.50,4.14,2,6,4,0.021943,0.453674,TopoStake,pog(D=3_omega=1.00),2.25,2422,0
485,0,0x075e1d95c7891e1c00414ca1aa9a7a8cf6270019,134.354833,1772369320,5b9ada64e694a3b202e10d821589ac4284bd057ba3e72528d40a17e45d122db6,76,76.00,4.58,1,6,5,0.021932,0.453550,TopoStake,pog(D=3_omega=1.00),1.78,2423,0
485,1,0x49b57eb4dace37c8819daf079c9c674f766d4f38,27.229659,1772369322,84b6fdfff6173f501e766eeeed82969b2329e03e53c0b91893cc67207aae9dbc,199,99.50,3.21,1,5,3,0.021960,0.453765,TopoStake,pog(D=3_omega=1.00),1.53,2424,0
485,2,0x8d9e46becf415ca26aa698c9657087e6554aabda,9.360543,1772369324,e944b3ec4128fe40d01f72a3c178ec47ba723d2e2daedcf529adc79a55fc9472,188,94.00,3.91,1,6,4,0.021952,0.453791,TopoStake,pog(D=3_omega=1.00),1.47,2425,0
485,3,0xc24b36dee27726233c3bbd9e1f028f98b6b2a424,10.385873,1772369326,ab3c92a7fc632a0d3c6bb6478a4e5ee64481f470770f3e9333f864c0537dcbad,200,66.67,3.64,1,5,4,0.021937,0.453357,TopoStake,pog(D=3_omega=1.00),2.45,2426,0
485,4,0x1796dc61e715f15a2d27dfa32bd34780f12a8c24,60.803036,1772369329,e365cdee4514aec90a714bf7879add668dc277aa87fd1464a4eaefa9f05c1f0b,211,105.50,4.01,1,6,4,0.021923,0.452983,TopoStake,pog(D=3_omega=1.00),2.48,2427,0
486,0,0x1cb1274c711a6c2e4e1596846e6ac604eeefb358,50.451276,1772369330,4673b6e9525c0268dcff7d6507237994dc7fc765c8b56ab05dd05e1af5279393,248,124.00,3.23,1,5,3,0.021925,0.453165,TopoStake,pog(D=3_omega=1.00),2.07,2428,0
486,1,0x30509a8084fdfe6fe24d9c9a817c209ad194f8e3,80.756334,1772369332,16feff8a904e8e364d1332f61bd93c672b4846933d4b8339744d67a9e56eea63,140,140.00,3.41,1,5,3,0.021925,0.453313,TopoStake,pog(D=3_omega=1.00),1.30,2429,0
486,2,0x28672c71695142588ed26ada6f4b18b8b6c12308,52.730343,1772369334,05cec1255d5a8d7344a07447a789a30191368697a62b6478015dd5774333796c,211,105.50,3.36,1,5,3,0.021935,0.453503,TopoStake,pog(D=3_omega=1.00),1.64,2430,0
486,3,0x07902d0371763a00d97ed9ba16ff0a206cb0fd19,157.820519,1772369336,27a0dd502863cbdd3901e3d03c2c8fed401600bc1e6e07d4a216fad5b8c6ae5a,195,97.50,3.52,1,5,4,0.021935,0.453666,TopoStake,pog(D=3_omega=1.00),1.44,2431,0
486,4,0x6d6b2734a20229ddd7fd4a1470ba3e3bad4e4a85,20.630358,1772369338,6fc659a4325bedc3825ed2b682f7dc31ab3bd64ddac9052609a251d1e1e0fbb8,197,65.67,2.72,1,4,3,0.021971,0.453889,TopoStake,pog(D=3_omega=1.00),2.52,2432,0
487,0,0x9ba702916c26a8583a7f277d6932b3c0d9927ce0,15.176924,1772369341,8b07fea89ed398f91cf114cefaf1762fec7776e2b6ba87255a50f42b4d72b77b,212,106.00,3.59,1,5,4,0.021960,0.453804,TopoStake,pog(D=3_omega=1.00),2.44,2433,0
487,1,0x1cb1274c711a6c2e4e1596846e6ac604eeefb358,51.451945,1772369342,b9f7cc4d02e908fd7d06eb99f3d4a42fc349d1d0120e24883a3be7469e8de662,228,114.00,3.54,1,5,4,0.021947,0.453567,TopoStake,pog(D=3_omega=1.00),2.14,2434,0
487,2,0x13f9dadc05f6c237b03411e2aed1800cf21a5d89,130.502314,1772369344,35bf4221315f3ba9f61e4474caff85a2962ad0029eb06e44a2cc4f7aeb90bd79,125,125.00,3.58,1,5,4,0.021947,0.453715,TopoStake,pog(D=3_omega=1.00),1.41,2435,0
487,3,0x7e40df5d801345015e84c843908efc6683665fa4,29.664068,1772369346,bb7d139dc1a2007ffb36ac0051324b27713ce1674deb96b20d4352475dc333ca,198,99.00,3.09,1,5,3,0.021947,0.453715,TopoStake,pog(D=3_omega=1.00),1.49,2436,0
487,4,0x13f9dadc05f6c237b03411e2aed1800cf21a5d89,131.503308,1772369348,4128561fe101e31f803817b3fa5263ded3df0550788ab55c7bf9f98b14878499,170,85.00,3.36,1,5,3,0.021966,0.453998,TopoStake,pog(D=3_omega=1.00),1.51,2437,0
488,0,0xf82400c4f426bdbd2bc687ffef1f22c1a381c851,2.026012,1772369350,f34c462802b5f08e893afbdcce6aade749338f44b8aad6309994f9a5b6fbb455,188,62.67,3.04,1,4,3,0.021993,0.454204,TopoStake,pog(D=3_omega=1.00),2.50,2438,0
488,1,0x0d91704595bff3aec25d40822498a51c62b05e3a,109.711378,1772369353,004b0d12c0dc1a8646d5e48e9c2953bb7d8798c559eb8e9d12bf482510d9a29c,173,86.50,3.92,1,6,4,0.021976,0.453649,TopoStake,pog(D=3_omega=1.00),2.43,2439,0
488,2,0x6064b9f5883bf9737dfe314ff68c56e09e68ac89,23.182547,1772369354,a834fda8fc4de6ed799bb428614b5525656779bf6ecf147d853d4df8804cc194,250,125.00,3.18,1,5,3,0.021995,0.453846,TopoStake,pog(D=3_omega=1.00),2.01,2440,0
488,3,0x0d91704595bff3aec25d40822498a51c62b05e3a,110.712585,1772369356,0919983fae7aedb2b26cec27efbac3e092fc3de33a1c97e2f34054ff62502f48,109,109.00,3.73,2,5,4,0.021985,0.453822,TopoStake,pog(D=3_omega=1.00),1.33,2441,0
488,4,0xb990cdf21950e6086c350175c4bc504e45858230,32.134753,1772369358,81252ef47c66373155fa0bdc7443262c791af01c52883e46a57992fce04c62cf,199,99.50,3.30,1,5,3,0.021985,0.453822,TopoStake,pog(D=3_omega=1.00),1.56,2442,0
489,0,0x687bf2437a044a3e42ff2f8a79a8e54ba9601f70,19.048939,1772369360,de0cdd0da4d281d4d7f8f739118b574f06505c103209f82f10deadb6ddd923cd,218,109.00,4.08,1,5,4,0.021978,0.453923,TopoStake,pog(D=3_omega=1.00),1.52,2443,0
489,1,0x28672c71695142588ed26ada6f4b18b8b6c12308,53.731211,1772369362,666bf26c30c1d9c07db87e9b740cef408f3b729ccb028db14838b7e9e594e19c,212,70.67,3.81,1,5,4,0.021966,0.453773,TopoStake,pog(D=3_omega=1.00),2.53,2444,0
489,2,0x60705151f1f537cacd5b801f3ef1b31dc3f605de,8.272756,1772369364,821de202db2339938e4d9fa511d0dbb6b526d0e4b00d7aa901884265f27a7731,217,108.50,3.59,1,5,4,0.021967,0.453941,TopoStake,pog(D=3_omega=1.00),2.38,2445,0
489,3,0x71f297f96355f349d66f0e9b681e7d4e11224660,23.170691,1772369367,d845fd02129e609b56aeff5c9ea5694c6e9287604de0934951efc67675e88aa6,207,103.50,4.06,1,6,4,0.021952,0.453474,TopoStake,pog(D=3_omega=1.00),2.32,2446,0
489,4,0x075e1d95c7891e1c00414ca1aa9a7a8cf6270019,135.356883,1772369369,5b6df2f54483b2eb44afcc6da2d7aa8406a3e922b3bb1083cf7e28f54bd2366e,230,115.00,3.88,1,5,4,0.021942,0.453441,TopoStake,pog(D=3_omega=1.00),2.07,2447,0
490,0,0xcdfb7a191f0bf929991735127c8d1b4e5b99de22,1.004750,1772369371,65e2431aade042441a19841038aa559f919ad28e1195d13cd3c48a994fffa67d,156,78.00,3.06,1,5,3,0.021970,0.453655,TopoStake,pog(D=3_omega=1.00),1.63,2448,0
490,1,0x282f43759e22b50aa7989261c51c367f325c3f91,22.347831,1772369373,d4ad69862e57308e4c3d6c58fd68a9cdc6b3119adae4fc331530f99be113ee91,212,106.00,4.45,1,6,5,0.021952,0.453084,TopoStake,pog(D=3_omega=1.00),1.58,2449,0
490,2,0x075e1d95c7891e1c00414ca1aa9a7a8cf6270019,136.357637,1772369375,10d5b1cdab23acb10cf51c368e1162e00a18483e07d5165296fcdeef8ac5bd43,183,61.00,3.89,1,6,4,0.021942,0.453042,TopoStake,pog(D=3_omega=1.00),2.53,2450,0
490,3,0x34412315480562da4810040fd15c81f99880e1ab,13.876187,1772369377,08ca684f065c3eddf4a1bc9ae7577957991d959fd4f7f65ea42f1a7f0aa80d5c,234,117.00,3.15,1,5,3,0.021970,0.453255,TopoStake,pog(D=3_omega=1.00),2.43,2451,0
490,4,0x71f297f96355f349d66f0e9b681e7d4e11224660,24.171736,1772369380,d41fb5ee074916d0395c26352cdd85c5159cac497d1ef9b3ad3a05b01369931c,204,102.00,4.02,1,6,4,0.021957,0.452995,TopoStake,pog(D=3_omega=1.00),2.36,2452,0
491,0,0x13f9dadc05f6c237b03411e2aed1800cf21a5d89,132.504871,1772369381,e17abf2bd6d30422e6a23a54f39dcceb026f21198e1c361249e724674f2d3a0f,250,125.00,3.89,1,5,4,0.021947,0.452993,TopoStake,pog(D=3_omega=1.00),2.18,2453,0
491,1,0x58a21eeb7ab18ba8adf1296e66a4487076e95dac,24.081544,1772369383,505d403314ae0240cdc297793cd01359c9ca9873268a822f66a18c2155c4576b,65,65.00,3.15,2,5,3,0.021974,0.453197,TopoStake,pog(D=3_omega=1.00),1.89,2454,0
491,2,0xcb7977f4997b4252c0152e135dd79b3cfe35c1a5,19.608298,1772369385,537c803418988a15d4b87ab29b163f353ba0bcbee9195f1245aa608ffbbe1dfa,196,98.00,4.01,1,5,4,0.021964,0.453185,TopoStake,pog(D=3_omega=1.00),1.52,2455,0
491,3,0x50f7fa851f9314d682e36da5caa4635039b5305d,54.160563,1772369387,2af193b9c40edecaadbe02882cb40145d6be9bec153a6b51a353c1286745fe58,196,65.33,4.27,1,6,4,0.021953,0.453052,TopoStake,pog(D=3_omega=1.00),2.50,2456,0
491,4,0x6414c6a8400ff3419cd81855d09de2848d770e0e,8.123432,1772369389,108a6f01cbcf1bd34769a1b484012a64809595c43363ec0a5a1b0fa5167f4506,185,92.50,3.35,1,5,3,0.021954,0.453219,TopoStake,pog(D=3_omega=1.00),2.45,2457,0
492,0,0xcb7977f4997b4252c0152e135dd79b3cfe35c1a5,20.609046,1772369392,cf6313d146ea247e0ac7ca6ffd0d8bd12d7ddfc8dd5ba3aef75516cf98ce8f4f,206,103.00,3.93,1,5,4,0.021938,0.452743,TopoStake,pog(D=3_omega=1.00),2.46,2458,0
492,1,0xd67aaaf210c0c36ddcb7055222d168b5c9dd1b36,18.171678,1772369393,9a8e855baf31408ef2d8e4d8f660965e921c93f8c717530b4f377f75418f2c66,204,102.00,4.25,1,6,4,0.021928,0.452650,TopoStake,pog(D=3_omega=1.00),2.38,2459,0
492,2,0x50f7fa851f9314d682e36da5caa4635039b5305d,55.161498,1772369395,71c04199207cc54e36b28c8fc5b2f15692fed4d943f9d67c8bec61cacba87e22,167,167.00,3.81,1,5,4,0.021916,0.452477,TopoStake,pog(D=3_omega=1.00),1.51,2460,0
492,3,0x6064b9f5883bf9737dfe314ff68c56e09e68ac89,24.182798,1772369397,5f1845ffafafa0c9d7e4af4508f976b760bb4707ee79acc20ec23b49519dc2bf,225,112.50,3.41,1,5,4,0.021917,0.452648,TopoStake,pog(D=3_omega=1.00),1.59,2461,0
492,4,0x13f9dadc05f6c237b03411e2aed1800cf21a5d89,133.505732,1772369399,17720a2163bbb9de80f674d3c921ccaa412add0007abef4a93840cd2735b068a,188,62.67,3.85,1,5,4,0.021907,0.452631,TopoStake,pog(D=3_omega=1.00),2.48,2462,0
493,0,0x6414c6a8400ff3419cd81855d09de2848d770e0e,9.124381,1772369401,49d1423551a6448c8ddb1002259d95ffd87da530f09e49b4eb76726244eab084,193,96.50,3.08,1,5,3,0.021934,0.452835,TopoStake,pog(D=3_omega=1.00),2.48,2463,0
493,1,0x311eb133eb413ac3f21249889bb101e5d40820ce,21.125039,1772369404,63868542583e3277fcb2401fddbf1ef69d8c04f5393058f1062b828acb5ee7e2,218,109.00,3.82,1,5,4,0.021919,0.452388,TopoStake,pog(D=3_omega=1.00),2.46,2464,0
493,2,0xcb7977f4997b4252c0152e135dd79b3cfe35c1a5,21.609852,1772369405,bf443b562312f153b1157a2695d4c6fea987dac3cc436251502a61c1d2bdb182,250,125.00,3.62,1,5,4,0.021919,0.452388,TopoStake,pog(D=3_omega=1.00),2.16,2465,0
493,3,0x24898fcb116b48cb2b6fd5d3b4eb599fee0f4633,24.062841,1772369407,c5678cfcd67aaf798a82f3a25162a7485be01d62e76992f6e3180da571197e9e,81,81.00,4.53,3,6,5,0.021909,0.452333,TopoStake,pog(D=3_omega=1.00),1.93,2466,0
493,4,0xc4dc29db975b952e04358340e56b68fa4ba63fbc,14.520095,1772369409,57c1f47b13c5ac76d9ee552eba0cf4e96c56ef99b4794a06ca378c4e16c06a18,211,105.50,3.49,1,5,4,0.021899,0.452305,TopoStake,pog(D=3_omega=1.00),1.51,2467,0
494,0,0xa447d277b02012c2afd9ddcbbe123f27cc971963,15.792667,1772369411,ea1bb8484d18119ea01ed3096db67f500ac20eae0406545a65ae1ec57d786fc9,173,86.50,3.70,1,5,4,0.021899,0.452306,TopoStake,pog(D=3_omega=1.00),1.47,2468,0
494,1,0x49b57eb4dace37c8819daf079c9c674f766d4f38,28.230041,1772369413,1277318a14ff199ad7b15998a6d6902b8b2989dbfa4112d2d592edef4825ead7,220,73.33,3.46,1,5,3,0.021874,0.451841,TopoStake,pog(D=3_omega=1.00),2.45,2469,0
494,2,0x28672c71695142588ed26ada6f4b18b8b6c12308,54.732172,1772369415,79e3e626b0d9d495410032737e8bac4374ca784fef404df651f52ecff85fc0cb,188,94.00,3.88,1,6,4,0.021866,0.451888,TopoStake,pog(D=3_omega=1.00),2.46,2470,0
494,3,0x8d9e46becf415ca26aa698c9657087e6554aabda,10.360841,1772369418,780bfc95d13b24b05616536676b72870ddfd11f2b5c0b46c5317a4a95d656913,245,122.50,3.58,1,5,4,0.021866,0.452051,TopoStake,pog(D=3_omega=1.00),2.28,2471,0
494,4,0x13f9dadc05f6c237b03411e2aed1800cf21a5d89,134.507087,1772369419,130d3950e13214bea21b92b030ef5ea79ed917324637846e75c2e0c299bafc73,230,115.00,3.68,1,5,4,0.021852,0.451674,TopoStake,pog(D=3_omega=1.00),2.08,2472,0
495,0,0x07902d0371763a00d97ed9ba16ff0a206cb0fd19,158.824738,1772369421,94ea633e5ca4f16b527bb5c137920a1d6de4e7b8eb5e12cee96123f9f2d306bc,75,75.00,3.04,1,5,3,0.021879,0.451878,TopoStake,pog(D=3_omega=1.00),1.51,2473,0
495,1,0x7e40df5d801345015e84c843908efc6683665fa4,30.664554,1772369423,3bd9348d176026b1121dd1c5144053f6367b3090cc56fe34981f717da7a9f503,183,91.50,2.75,1,4,3,0.021914,0.452098,TopoStake,pog(D=3_omega=1.00),1.49,2474,0
495,2,0x4ba33404d90c4ae989714d9d174cd882cffb7994,30.108312,1772369425,0853fc4fc40443ee85c7a36509fae91d1fe87d3055ad6c9c3844646792b133dd,206,103.00,3.32,1,5,3,0.021907,0.452186,TopoStake,pog(D=3_omega=1.00),1.53,2475,0
495,3,0x52e05d9fa4faa167f30baba23c710e4f49115288,10.125709,1772369427,fdf5e7e0d2d3a740ec115fe12c7e05377afe0f36ab291178b191a34977ab3ace,190,63.33,4.52,1,6,5,0.021899,0.452262,TopoStake,pog(D=3_omega=1.00),2.52,2476,0
495,4,0x213068cb42718d1dd6d00a6d94d62a3def0e68eb,24.363737,1772369430,b43c4a5add509b64aa25da8055e4ae6227afe9e58e009dcdd8080c620e8006b6,192,96.00,3.96,2,5,4,0.021885,0.451868,TopoStake,pog(D=3_omega=1.00),2.49,2477,0
496,0,0x282f43759e22b50aa7989261c51c367f325c3f91,23.348260,1772369431,c406369b41f588950fcb16a1d474b1a158794e04d949ae1e8049c4a4e4f1102a,250,125.00,3.65,1,5,4,0.021875,0.451843,TopoStake,pog(D=3_omega=1.00),2.31,2478,0
496,1,0x26d553a2f4343b3a7dc88bbd87b3d0a25d3838d9,34.228558,1772369433,fa748479a7f697c1689e732f5699749ba464626399cac499d3b1cd5625ddc24b,148,148.00,3.77,1,5,4,0.021865,0.451802,TopoStake,pog(D=3_omega=1.00),1.61,2479,0
496,2,0x89100a8056319ba37491b32ba255004180607bc2,32.793939,1772369435,f64b5f5cba7be3755ac36f98e8efb1cdda7811d68ee46fb317d568d4eb327a79,210,105.00,3.72,1,5,4,0.021865,0.451802,TopoStake,pog(D=3_omega=1.00),1.46,2480,0
496,3,0xdcf2130496e27a8094ab996aea4aa77788d65869,19.486898,1772369437,e1a7a631fc8fcbd2bcacbd1b7d3b4ed31d018d9a5a619081f3a08e4ed69a737b,178,89.00,3.89,1,5,4,0.021852,0.452018,TopoStake,pog(D=3_omega=1.00),1.53,2481,0
496,4,0x07902d0371763a00d97ed9ba16ff0a206cb0fd19,159.826171,1772369439,9e53436457c4e72a2388d001d0e34fc046940309cfb25bebce69ab8a44114ad6,201,67.00,4.05,1,5,4,0.021841,0.451876,TopoStake,pog(D=3_omega=1.00),2.54,2482,0
497,0,0xfb35fdafcfc84561a42700a4a1c274edeb75bdc1,11.034582,1772369442,2665b654f3b6405a01ea225ce976b10193290244d144b71cadd44feae48b312e,235,117.50,2.62,1,4,3,0.021876,0.452095,TopoStake,pog(D=3_omega=1.00),2.26,2483,0
497,1,0x50f7fa851f9314d682e36da5caa4635039b5305d,56.162869,1772369443,696e8f9cb5f929362a8fecc548433021d7ed3aa6c1c6ea357f100332ebe03ca0,177,88.50,3.89,1,5,4,0.021862,0.451745,TopoStake,pog(D=3_omega=1.00),2.25,2484,0
497,2,0x52e05d9fa4faa167f30baba23c710e4f49115288,11.126552,1772369445,2791cae3fcc4f89f3d1e4fde95cd9a77595f3d66b9dc33207c45eed56d7ddf1a,179,179.00,3.38,2,5,3,0.021863,0.451915,TopoStake,pog(D=3_omega=1.00),1.47,2485,0
497,3,0x8c11ec9090dd820c076e57e899d9c604c79d6b32,39.580722,1772369447,1fe5bce171b2bed205816ab249687d44d59bb5b8e2b58e3f7780d7c17583ee10,209,104.50,3.98,1,5,4,0.021849,0.451562,TopoStake,pog(D=3_omega=1.00),1.51,2486,0
497,4,0x377eaef292051bbf8ada05b2af76a3f3b9d722a7,43.085829,1772369449,c73b2f5a2cf9e5d304b8fb3977e7ad5d39bc90f21ba3aca6a03ce9737edf7a31,200,100.00,4.12,1,6,4,0.021849,0.451563,TopoStake,pog(D=3_omega=1.00),1.56,2487,0
498,0,0x30509a8084fdfe6fe24d9c9a817c209ad194f8e3,81.757632,1772369451,c5af9944081373a42dd20d02b62f8ff15421f6f767a9daaa0eefbb604b583def,167,83.50,3.68,1,5,4,0.021842,0.451830,TopoStake,pog(D=3_omega=1.00),1.49,2488,0
498,1,0x53be6e527cc5a7d850b5eae27b9cef342e0665f2,28.055248,1772369453,f34bf08ecd4bcd99085817115a405ff4ea3b9720713eab5015bafe14760523db,225,75.00,3.37,1,5,3,0.021851,0.452016,TopoStake,pog(D=3_omega=1.00),2.44,2489,0
498,2,0x07902d0371763a00d97ed9ba16ff0a206cb0fd19,160.827722,1772369456,5e1f9bfec32e49a87ad8962b0f3a26de1b1968cec3a501cdf07fd2ac1742b94f,228,114.00,3.43,1,5,4,0.021843,0.452052,TopoStake,pog(D=3_omega=1.00),2.27,2490,0
498,3,0x9c39f7fffaa5c5cfab20dfdd05663497918580c1,8.399099,1772369457,ee62e8356861bae22fe3e3ab14fee761ca3fcf70e9e4149308f10365e24fe4c5,236,118.00,2.88,1,4,3,0.021878,0.452270,TopoStake,pog(D=3_omega=1.00),1.86,2491,0
498,4,0x1d1d2c63625de70b1e5ef40056bd2deb89d7fef2,21.053941,1772369459,b20568d24641e02af72310916ea47310d2248dacf307647abdc1666d68672152,95,95.00,3.79,1,5,4,0.021863,0.451800,TopoStake,pog(D=3_omega=1.00),1.04,2492,0
499,0,0xb990cdf21950e6086c350175c4bc504e45858230,33.135303,1772369461,8644f2e656220cd15095e4b9eecf5e52db5f18092f88fc79e7d9c5709bceb572,197,98.50,3.75,1,5,4,0.021852,0.451726,TopoStake,pog(D=3_omega=1.00),1.64,2493,0
499,1,0xb7b4ee0a72bc410bf6d32b9cd3f3e11fc756d6f1,7.051293,1772369463,ff9a239ea86f19de0e0055a4ead2a8b4ef4b7ffe5cc2502d589f59d6b2a14372,230,76.67,4.03,1,5,4,0.021846,0.451825,TopoStake,pog(D=3_omega=1.00),2.47,2494,0
499,2,0x016d3fc36beee7caa8fbd6c1caa42461dd7f9850,52.951880,1772369465,9ed360c390979b4cb96b7b0c27e5ce0ed76140d5d59dd7bb64b611986e6fd0ae,205,102.50,3.85,1,6,4,0.021831,0.451338,TopoStake,pog(D=3_omega=1.00),2.49,2495,0
499,3,0x6d6b2734a20229ddd7fd4a1470ba3e3bad4e4a85,21.630531,1772369468,54ca14b731d194e2f7ec13f24a3b8c867aa8cf34da068fc1c1e7457600ba0687,216,108.00,3.06,1,4,3,0.021830,0.451491,TopoStake,pog(D=3_omega=1.00),2.30,2496,0
499,4,0x075e1d95c7891e1c00414ca1aa9a7a8cf6270019,137.360825,1772369469,f06d656b41a979b4b34c033f8766eb584bb393540baf86268fe54e5574e1ee0d,194,97.00,3.62,1,5,4,0.021820,0.451426,TopoStake,pog(D=3_omega=1.00),2.07,2497,0
