epoch,slot,miner,proposer_stake,timestamp,block_hash,tx_count,throughput,avg_path_length,min_path_length,max_path_length,median_path_length,stake_concentration,gini_coefficient,consensus_type,consensus_state,avg_tx_delay_s,block_production_success,block_production_failed
0,2,0xfdc414c57908f0e2a6a926079902d4688d553610,0.180452,1772384864,50cc7c48409e1bbdfdc09afa8accd5b6110e7f1e8d4b77c9f5a026a65c3ef271,1,0.00,1.00,1,1,1,0.024404,0.600012,Minotaur,minotaur(pow_w:0.50),0.00,0,0
0,3,0x81d019380961f92c2031b0a7fba69f7675145088,0.494753,1772384866,a161a2dbfea6940d13839237bbf1a95cb9b7494486a25b93831732511ff8295f,193,38.60,4.82,1,6,5,0.024057,0.595340,Minotaur,minotaur(pow_w:0.50),1.50,1,0
0,4,0x26d553a2f4343b3a7dc88bbd87b3d0a25d3838d9,3.219450,1772384868,ba14c14f3463a9c974ad8e37100e42ab897dabeeb61ea081b6f058a9ce0ed58c,189,94.50,3.70,1,5,4,0.023779,0.592435,Minotaur,minotaur(pow_w:0.50),1.47,2,0
1,0,0xbc3f8508d26048f2064aa8c068f4c94d08d77d18,3.068419,1772384870,0cb731287afdc693b0e28dad9a45b6cfe1153c1d0098fe857d47d7e2b7504157,207,103.50,3.75,1,5,4,0.024022,0.595239,Minotaur,minotaur(pow_w:0.50),1.42,3,0
1,1,0xac768e60b9269babb15cb1e36ee843243d7c7543,3.718318,1772384872,f2d637011463a46869fb4be78f737a2881ded13814c832a6e5ae1160b7a89691,221,73.67,4.23,1,6,4,0.024224,0.597656,Minotaur,minotaur(pow_w:0.50),2.36,4,0
1,2,0x34412315480562da4810040fd15c81f99880e1ab,1.898233,1772384874,72f536ca9361e9b8eff6f9f23126d5c3441128dfeb5413a6734bd906337b6779,250,125.00,4.04,2,6,4,0.024531,0.600691,Minotaur,minotaur(pow_w:0.50),2.14,5,0
1,3,0x8719ca31b72ae8a5404006763c53d5ad503dbcb0,0.116985,1772384877,05249a2f388a810c8e2ae49129e57a2fcc2a4930726244184e84e9c21c411afe,146,73.00,4.02,1,6,4,0.024498,0.601591,Minotaur,minotaur(pow_w:0.50),1.67,6,0
1,4,0x1796dc61e715f15a2d27dfa32bd34780f12a8c24,1.724381,1772384878,7abeb83642ce65183f8278c4faaa4a2bad2e74c3f79f86bb38debbdd55654c75,228,114.00,4.18,1,6,4,0.024150,0.596356,Minotaur,minotaur(pow_w:0.50),1.61,7,0
2,0,0x606627477c3734932f47972f83c27cf4e3b35b4f,3.377647,1772384880,ad8b25b1be1c78fd716354070ff95581e2551fe7141282510da2319c9178a9a7,101,101.00,3.35,2,5,3,0.024086,0.596831,Minotaur,minotaur(pow_w:0.50),1.08,8,0
2,1,0xb990cdf21950e6086c350175c4bc504e45858230,0.122758,1772384882,680db3199f02e1484abf5d3eef34c25f6505b2cb84e169f71690a8ce7849d30f,214,107.00,3.63,1,5,4,0.024301,0.599203,Minotaur,minotaur(pow_w:0.50),1.56,9,0
2,2,0xfdc414c57908f0e2a6a926079902d4688d553610,1.182172,1772384884,9c868e3cfc992cb8623b3c217bf82d570e5d44cf6b04e04311ee6ea21472980d,196,98.00,4.05,1,5,4,0.023964,0.594005,Minotaur,minotaur(pow_w:0.50),1.39,10,0
2,3,0xb7b4ee0a72bc410bf6d32b9cd3f3e11fc756d6f1,0.083489,1772384886,fd52b843f3279ca25c96c4d724a2f30498822f204bba6f49b5cb14ad0a3fe7a0,208,104.00,4.79,1,6,5,0.023807,0.593368,Minotaur,minotaur(pow_w:0.50),1.50,11,0
2,4,0xdcf2130496e27a8094ab996aea4aa77788d65869,4.505567,1772384888,06703a40bc221dae09ec5566dc5da6a795d1c04b453756bc50d3ce8cafaefcb3,250,83.33,3.82,1,6,4,0.023477,0.587815,Minotaur,minotaur(pow_w:0.50),2.24,12,0
3,0,0xe6ebb0cdfd04183d498964e5efc4096ba77b17d6,4.294313,1772384891,880bc4ceac84e6144a202e44417a98a5406b55755d1bece8d1472007af6aef1b,190,95.00,3.96,1,5,4,0.023849,0.591315,Minotaur,minotaur(pow_w:0.50),1.73,13,0
3,1,0x26d553a2f4343b3a7dc88bbd87b3d0a25d3838d9,4.221310,1772384892,4e18205345c0967d20f5f20a7e278cd553f2397ce74c9027aa501b4469b75c38,208,104.00,4.06,1,6,4,0.024171,0.594484,Minotaur,minotaur(pow_w:0.50),1.57,14,0
3,2,0xeb82a21cb3d0dd781eb22ad74bb7cd9b4d2a06ec,2.924305,1772384894,794fe50a5a9181d9a67058316e55faf3141d4ecf8642f517deb31ab5b1bbb414,109,109.00,3.87,2,6,4,0.024468,0.597387,Minotaur,minotaur(pow_w:0.50),1.01,15,0
3,3,0xbc3f8508d26048f2064aa8c068f4c94d08d77d18,4.070319,1772384896,71326f6bf657c1b5a1ff78b27e41b1e744863ab3f842d2e88e8853e575a41512,196,98.00,4.06,1,6,4,0.024557,0.599135,Minotaur,minotaur(pow_w:0.50),1.51,16,0
3,4,0x7e40df5d801345015e84c843908efc6683665fa4,0.659619,1772384898,eb8c57cbcf58d4a3534a608485995d7028290bbbd83082cbd97ab14f2d60858d,176,88.00,4.31,1,6,4,0.024808,0.601697,Minotaur,minotaur(pow_w:0.50),1.45,17,0
4,0,0x3513d672439a59c26cc5711f2b715ccb4810a774,1.292505,1772384900,06bc20a53f51cf070c65d5ec260a0f1422ab285d627f5d93275c3b83c48f6fbb,222,111.00,3.28,1,5,3,0.024556,0.599295,Minotaur,minotaur(pow_w:0.50),1.20,18,0
4,1,0x6414c6a8400ff3419cd81855d09de2848d770e0e,0.156016,1772384902,3e02151c9dcd1590f1a97d5912ec67b5a24a81598297481d82c0a8a5ffa7b95c,191,63.67,3.87,1,5,4,0.024399,0.598657,Minotaur,minotaur(pow_w:0.50),1.82,19,0
4,2,0x7e40df5d801345015e84c843908efc6683665fa4,1.661779,1772384905,05ad6c2e4c13268d26d56a872da863f6159314234076f67ab22b6e1cce1f0cf7,234,117.00,4.01,2,6,4,0.024085,0.593737,Minotaur,minotaur(pow_w:0.50),1.58,20,0
4,3,0x50f7fa851f9314d682e36da5caa4635039b5305d,0.105906,1772384906,7682da8d8faa8e37de306da4e3a620e63065b54089f5c411c1ac86e042ce6f93,215,107.50,3.40,1,5,3,0.024085,0.593741,Minotaur,minotaur(pow_w:0.50),1.51,21,0
4,4,0x95ab54d268473cce82094026afefdbd5cadf418b,0.599148,1772384908,04d6f5c9b34422d8d846ffbd3ef5b8a25ffd8efdba5e7bf0a943a75958bf361d,109,109.00,3.39,2,5,3,0.023984,0.593748,Minotaur,minotaur(pow_w:0.50),1.00,22,0
5,0,0xb2a7fe70a6f3137d38f6cb4c3ec6dd1e24f2d5f4,1.422698,1772384910,5c73573189051b2d9bf695bc36b29f3bd3a0062168388693a37b1773bc7aa6ca,197,98.50,4.48,1,6,5,0.023436,0.585625,Minotaur,minotaur(pow_w:0.50),1.52,23,0
5,1,0xd46407aa7b668c72de3cf1c1a12b7fa2e308a1b2,1.991269,1772384912,119bc411d0b44b3fa64ba1f384ef299fc3d8dff16b7389207bf4f690563c56a8,222,111.00,4.21,1,6,4,0.023310,0.585094,Minotaur,minotaur(pow_w:0.50),1.50,24,0
5,2,0x89100a8056319ba37491b32ba255004180607bc2,2.787007,1772384914,2b15c31e92f35e1540f6ea5babcd68414d49462c478af246429379db98e65755,250,83.33,3.80,1,5,4,0.023258,0.585584,Minotaur,minotaur(pow_w:0.50),2.18,25,0
5,3,0x1cb1274c711a6c2e4e1596846e6ac604eeefb358,0.407731,1772384917,26268a835f949422e10799e9aa8e602de829803b1527fba48215a36f3adf1672,208,104.00,3.78,1,6,4,0.023258,0.585593,Minotaur,minotaur(pow_w:0.50),1.86,26,0
5,4,0x34412315480562da4810040fd15c81f99880e1ab,2.899253,1772384918,dadb50a69ec463dd74a80e9399996a1e1c38597593f8e3e31122ec0826ee9f79,214,107.00,3.55,1,5,4,0.023258,0.585596,Minotaur,minotaur(pow_w:0.50),1.55,27,0
6,0,0xa3786e459f289a76c0e8af8ad834e3d0c6d47199,4.726773,1772384920,5c57702ec5bfcf4d4f86e24bb2db90c3577dcaa6aa4a5d4da928f9ff0e079be0,85,85.00,3.94,1,6,4,0.023066,0.583486,Minotaur,minotaur(pow_w:0.50),1.00,28,0
6,1,0x89100a8056319ba37491b32ba255004180607bc2,2.786897,1772384922,6f138c2b695759bd683cfee2667b21f6f0ad3403618fdfb6b0534d89ef38d3ba,219,109.50,4.31,1,6,4,0.023346,0.586340,Minotaur,minotaur(pow_w:0.50),1.47,29,0
6,2,0x6d6b2734a20229ddd7fd4a1470ba3e3bad4e4a85,1.642854,1772384924,e4b7b6e0dbe402e1b61665c00f2aba3e45b5d716ef3b55d1e70df505fb82178d,211,105.50,3.89,1,6,4,0.023381,0.587627,Minotaur,minotaur(pow_w:0.50),1.45,30,0
6,3,0x606627477c3734932f47972f83c27cf4e3b35b4f,4.379327,1772384926,c7a8172ed00060fc4d657f7d23c519dfd7ec67c69972c2bac87d1fc9c444ad89,244,81.33,3.51,1,5,4,0.023277,0.587278,Minotaur,minotaur(pow_w:0.50),2.18,31,0
6,4,0x81193196c1dbdbf80709d43a5af5ce21c201fbd7,0.838409,1772384928,e9601a270f4cf6f4acdd9ad0f0cfcb49a4275e11f4636ac0dee807243f6f0f67,239,119.50,3.69,1,5,4,0.023277,0.587286,Minotaur,minotaur(pow_w:0.50),1.98,32,0
7,0,0x8d9e46becf415ca26aa698c9657087e6554aabda,0.388436,1772384931,a407cdbb4e1346deb9504a497d53445f0d04afcce8ffb2e34b7e05f6edc9405c,112,56.00,3.92,1,5,4,0.023080,0.585186,Minotaur,minotaur(pow_w:0.50),1.29,33,0
7,1,0x4a217e35f6402e7f62a49f6d62e27c6585c2f3fd,1.492497,1772384932,7f6d3cc5649be45ace40493de2e578532dc2d439d7b904e3461700899af03bbf,186,93.00,3.73,1,5,4,0.022833,0.581404,Minotaur,minotaur(pow_w:0.50),1.56,34,0
7,2,0x63f4973c0df8a5358405f396dc0673a463c48de9,3.900597,1772384934,7dacdb5eecf0636ebe1d07fc904a2637c625162735d9ccd67d7a719dee2a3b46,112,112.00,3.68,1,5,4,0.022717,0.580684,Minotaur,minotaur(pow_w:0.50),0.99,35,0
7,3,0x81193196c1dbdbf80709d43a5af5ce21c201fbd7,1.839479,1772384936,3880b602d41334448699c7a4848d6f5533d1a89ecf9c7b63721e9bf3d2cc462d,198,99.00,3.60,1,5,4,0.022870,0.582780,Minotaur,minotaur(pow_w:0.50),1.48,36,0
7,4,0x26d553a2f4343b3a7dc88bbd87b3d0a25d3838d9,5.221920,1772384938,1fb81037ba81642619e3c38077e7a28be5a21e9ca66ec3ca786b097d28a6d007,211,105.50,3.93,1,6,4,0.022789,0.582593,Minotaur,minotaur(pow_w:0.50),1.33,37,0
8,0,0x58a21eeb7ab18ba8adf1296e66a4487076e95dac,4.092504,1772384940,a1f3daebcc19c494c42678cb622592a95651b5385611b2bdae121e6a359b2a75,241,80.33,3.75,1,6,4,0.023075,0.585476,Minotaur,minotaur(pow_w:0.50),2.12,38,0
8,1,0xaadc5fea232580cb8fba739ac5d05a48559c7e52,1.355623,1772384943,0a48aaeb3fe3ab40444970512cde5e96c1e643c392a375ae80ab6f9749cd6dd1,205,102.50,3.75,1,5,4,0.023230,0.587464,Minotaur,minotaur(pow_w:0.50),1.79,39,0
8,2,0x9bdb1c7ad4bd8fe797b07c08117c74a591dbab2d,0.448692,1772384944,d1e1f744df96ee84b46c346a7a5e8e558be073c149934e906f33a6f2b7b447d1,204,102.00,4.36,1,6,4,0.023230,0.587469,Minotaur,minotaur(pow_w:0.50),1.64,40,0
8,3,0x1cb1274c711a6c2e4e1596846e6ac604eeefb358,1.409571,1772384946,ecc480c3e6052053b7979f2bfcf9e546bf8df9715dd3a1300d024806f2c659a3,115,115.00,3.70,1,5,4,0.022857,0.582743,Minotaur,minotaur(pow_w:0.50),1.01,41,0
8,4,0xdcf2130496e27a8094ab996aea4aa77788d65869,5.506897,1772384948,ea55a2816afd310320b29b5fa057ebfcf2c3b8fec4628ddc1c560863da7b2073,194,97.00,3.51,1,5,4,0.022727,0.581546,Minotaur,minotaur(pow_w:0.50),1.51,42,0
9,0,0x89100a8056319ba37491b32ba255004180607bc2,3.788757,1772384950,23122392de720dfba034d790325975479818429f54be30524b9c665eda40876d,215,107.50,3.88,1,6,4,0.023011,0.584325,Minotaur,minotaur(pow_w:0.50),1.49,43,0
9,1,0xfdc414c57908f0e2a6a926079902d4688d553610,2.183592,1772384952,ddf59e7d9475aca1c601a1e923893dc551b9608ba19d86d6d7931814be1750ef,229,114.50,3.87,1,6,4,0.023114,0.585959,Minotaur,minotaur(pow_w:0.50),1.27,44,0
9,2,0xac768e60b9269babb15cb1e36ee843243d7c7543,4.719908,1772384954,bc368dd0896bb86d40eeae83a193e598f2bc024f66451b8e7bce2148cb2c8d3d,207,69.00,4.75,1,6,5,0.023055,0.586252,Minotaur,minotaur(pow_w:0.50),2.15,45,0
9,3,0xa447d277b02012c2afd9ddcbbe123f27cc971963,1.808415,1772384957,5737b8b6886997f2ad523fc8842a6c08cd44e754c8b959a911fa7c3591a0c56b,162,81.00,4.11,1,5,4,0.023240,0.588436,Minotaur,minotaur(pow_w:0.50),1.69,46,0
9,4,0xe6ebb0cdfd04183d498964e5efc4096ba77b17d6,5.295753,1772384958,9cce159e58c857a31b09c5bc2954e2143c583ffbabf2fb033354c3b606c2a9f5,216,108.00,3.60,1,6,4,0.023140,0.587781,Minotaur,minotaur(pow_w:0.50),1.50,47,0
10,0,0xa3786e459f289a76c0e8af8ad834e3d0c6d47199,5.728503,1772384960,9116514c86ae2fb340d84e000afae5bc7e0b98dce103e9940d5d8746f4e89a9c,122,122.00,4.24,1,7,4,0.023369,0.590170,Minotaur,minotaur(pow_w:0.50),0.99,48,0
10,1,0xac768e60b9269babb15cb1e36ee843243d7c7543,5.721408,1772384962,d28e8d8a3054c282390bf45b4f0aeb174da97b00d14b0e5872ddad5722e5129d,201,100.50,4.16,1,6,4,0.023630,0.592652,Minotaur,minotaur(pow_w:0.50),1.48,49,0
10,2,0xac768e60b9269babb15cb1e36ee843243d7c7543,6.723658,1772384964,264775cbb4ea9db2ac4f965dbc9117f8149bba1e63fa0f6ce93891a13e3a0ecc,227,113.50,3.85,1,6,4,0.023881,0.594963,Minotaur,minotaur(pow_w:0.50),1.43,50,0
10,3,0x49b57eb4dace37c8819daf079c9c674f766d4f38,1.231080,1772384966,aa7629964559777407a17371fe1220d172bd9d99bb324855b101a82025ee2049,244,81.33,3.98,1,6,4,0.024213,0.597629,Minotaur,minotaur(pow_w:0.50),2.04,51,0
10,4,0x89100a8056319ba37491b32ba255004180607bc2,4.790907,1772384969,94a77bb9c2733384a8b2cd3995d11409c828f13ba6635e549aa8fbcbd314abb1,156,78.00,4.00,2,5,4,0.024214,0.597637,Minotaur,minotaur(pow_w:0.50),1.56,52,0
11,0,0x408bb0bf84df50b21c53c74420987f172d4036a1,0.798804,1772384970,e91178a075e5ea3b50676252ea13007bd73294b08abbede3ae5b52ae752695b6,226,113.00,3.92,2,6,4,0.024193,0.597826,Minotaur,minotaur(pow_w:0.50),1.61,53,0
11,1,0x7e40df5d801345015e84c843908efc6683665fa4,2.663299,1772384972,186b4ddb4d89ca253e7bb6dc07a5d47d3c7dfdd21fbfba4aa0c249e9e90bf50f,99,99.00,3.67,1,5,4,0.023988,0.595329,Minotaur,minotaur(pow_w:0.50),0.99,54,0
11,2,0xbc3f8508d26048f2064aa8c068f4c94d08d77d18,5.071229,1772384974,ac22afdd8293108172a95d9ded866e7a37ca7749decd3131e50d4a31f1ca0296,196,98.00,3.50,1,5,3,0.023947,0.596074,Minotaur,minotaur(pow_w:0.50),1.50,55,0
11,3,0x282f43759e22b50aa7989261c51c367f325c3f91,0.352377,1772384976,b6e4ddb7e70ca9773367bddd7889181cd8ec0d4658ae0dd4c325ca43332ec20e,195,97.50,4.23,1,6,4,0.024107,0.597899,Minotaur,minotaur(pow_w:0.50),1.41,56,0
11,4,0x606627477c3734932f47972f83c27cf4e3b35b4f,4.378777,1772384978,7d3e7a4cb669fc3eada956854893f1eef4f6f240f6092bc9a51c53b669cf2e2f,250,83.33,3.90,1,6,4,0.023868,0.594148,Minotaur,minotaur(pow_w:0.50),2.26,57,0
12,0,0xf5ecb44daf07a1d1073dbc89baf04bd7541fa517,0.067770,1772384981,10ab65ce2144d304ccf93f11d34c06be78c6c8b71e1d28effd417f62135774d3,211,105.50,3.72,1,5,4,0.023965,0.595638,Minotaur,minotaur(pow_w:0.50),1.88,58,0
12,1,0xc24b36dee27726233c3bbd9e1f028f98b6b2a424,2.412219,1772384982,572418705a2d28f5d2fc54ffc67a561f8ff50a3744580efc4602a7f1568f4234,216,108.00,3.97,1,6,4,0.023965,0.595640,Minotaur,minotaur(pow_w:0.50),1.55,59,0
12,2,0x30509a8084fdfe6fe24d9c9a817c209ad194f8e3,2.655589,1772384984,86c23fc12693f9542f274df62b5788dd4c2ef7f16e5745efef30f0e8690752f8,86,86.00,4.09,1,6,4,0.023897,0.595975,Minotaur,minotaur(pow_w:0.50),1.00,60,0
12,3,0x7e40df5d801345015e84c843908efc6683665fa4,3.665149,1772384986,f6d27effcf804ebfd458c7320f24dc6ccbd6d340b8c3786db583a4e54c7d6db8,192,96.00,3.28,1,5,3,0.023849,0.596462,Minotaur,minotaur(pow_w:0.50),1.48,61,0
12,4,0xeaa5003682d7289190651081ae2bee847097afc5,0.761145,1772384988,5a821b81c1bd731905ce66507976dc4f120425daae6c4d58faef23768c142073,198,99.00,3.33,1,5,3,0.023880,0.597628,Minotaur,minotaur(pow_w:0.50),1.23,62,0
13,0,0x4ba33404d90c4ae989714d9d174cd882cffb7994,1.118102,1772384990,6fd25dfc175aadb7ac1f011a85a20c5188836d69ab3b31b60ba89e859ed98286,205,102.50,4.29,1,6,4,0.023681,0.594972,Minotaur,minotaur(pow_w:0.50),1.16,63,0
13,1,0xbc3f8508d26048f2064aa8c068f4c94d08d77d18,6.073069,1772384993,ead9bdfe7eedd847c857fb8cd1a7cda5c8dbf2f9732d500d4c5cec383149b34b,212,70.67,4.32,1,6,4,0.023512,0.593012,Minotaur,minotaur(pow_w:0.50),2.06,64,0
13,2,0x63f4973c0df8a5358405f396dc0673a463c48de9,4.902037,1772384994,d3ecfc4d3b9c1c470d6c67abd5fe1069e46791c76de2448d4d7482ea190f696b,241,120.50,4.32,1,6,4,0.023725,0.595167,Minotaur,minotaur(pow_w:0.50),1.73,65,0
13,3,0x0d91704595bff3aec25d40822498a51c62b05e3a,0.570076,1772384996,303f724c2b4f577cd9f964455b72c9c7e5859772e3ec8d58d1da69af2fd4cbcd,108,108.00,3.70,1,5,4,0.023841,0.596670,Minotaur,minotaur(pow_w:0.50),1.04,66,0
13,4,0xe6ebb0cdfd04183d498964e5efc4096ba77b17d6,6.296553,1772384998,69a43d5c9ee230f01d6cf154c3772bb129fda5eb262b9be184d18def10f83d98,184,92.00,3.28,1,5,3,0.023631,0.593457,Minotaur,minotaur(pow_w:0.50),1.46,67,0
14,0,0xe478b1e4d1538274c0c70cbd7df877f9abab2f62,2.298966,1772385000,7a342d33113aa57f3c47fe80664bcf480c84763998246fa9e7329abf8bbc7e61,204,102.00,4.17,1,6,4,0.023846,0.595577,Minotaur,minotaur(pow_w:0.50),1.45,68,0
14,1,0x8c11ec9090dd820c076e57e899d9c604c79d6b32,1.565269,1772385002,8b29e5d94b7bde5aff8951856a111fc6c820673f4b2e266926cfafbce6897ff7,186,62.00,4.02,1,6,4,0.023763,0.595536,Minotaur,minotaur(pow_w:0.50),2.31,69,0
14,2,0xa9105f442328d397529b8e4e9e656fa89016ff45,0.470194,1772385004,e95de101a7b85496ed39bb4e640ac97bfe67393f10dbc643e91496707fca92da,224,112.00,4.08,1,6,4,0.023763,0.595543,Minotaur,minotaur(pow_w:0.50),2.01,70,0
14,3,0x719361397abe003a91af76243e5f9c7a0cd4279f,3.542696,1772385007,fe567a7ab455ae969706ffba885910fc51e1d1e914e193fe4f8bff0602f5595a,192,96.00,3.66,1,5,4,0.023549,0.592042,Minotaur,minotaur(pow_w:0.50),1.58,71,0
14,4,0xa9105f442328d397529b8e4e9e656fa89016ff45,1.472054,1772385009,a6a38cadd3d56979a7bbe3a9a3e806ace85751a2cfa5b193c7b090296388adef,198,99.00,3.80,1,5,4,0.023556,0.593009,Minotaur,minotaur(pow_w:0.50),1.52,72,0
15,0,0xc4dc29db975b952e04358340e56b68fa4ba63fbc,0.543261,1772385011,0b49e2ca948ad7b8f2b0c51ad6a697438b5eee26936971149d566258b566f441,202,101.00,3.70,1,5,4,0.023417,0.591544,Minotaur,minotaur(pow_w:0.50),1.49,73,0
15,1,0x49b57eb4dace37c8819daf079c9c674f766d4f38,2.232260,1772385013,acfdaf581193b018341d4c7b71148b1b5ffb09ec39e087a09976bec54b581cd4,218,109.00,3.67,1,5,4,0.023214,0.588176,Minotaur,minotaur(pow_w:0.50),1.42,74,0
15,2,0x687bf2437a044a3e42ff2f8a79a8e54ba9601f70,1.065379,1772385015,2f0e2f6bce05ad64f60d21aeca4bddf6ac9298538ddd894ecb8ed02e9a63b614,223,74.33,3.91,1,6,4,0.023131,0.587943,Minotaur,minotaur(pow_w:0.50),2.23,75,0
15,3,0xeaa5003682d7289190651081ae2bee847097afc5,1.762935,1772385017,74f5a048c564115e6192f9d7a5f8aaab5dd0f6dbb74f5f6080f5294c48fa09ca,250,125.00,3.72,1,5,4,0.022968,0.585719,Minotaur,minotaur(pow_w:0.50),1.92,76,0
15,4,0xaadc5fea232580cb8fba739ac5d05a48559c7e52,2.356733,1772385019,6126a18de336ba3c681663d2a11cce89aeccc94d29081caf072ca94c9e5c26ed,113,56.50,4.35,1,6,5,0.022968,0.585723,Minotaur,minotaur(pow_w:0.50),1.42,77,0
16,0,0x53be6e527cc5a7d850b5eae27b9cef342e0665f2,0.041236,1772385021,07a004210d9195850378991a2319cc78cfb45a0634c901a8bbf31c7ebbdbe2ba,112,112.00,4.37,2,6,4,0.022782,0.584426,Minotaur,minotaur(pow_w:0.50),1.07,78,0
16,1,0x07902d0371763a00d97ed9ba16ff0a206cb0fd19,2.530739,1772385023,73555e1738ba70fa0c1db5098510f663ff28ec3d525942080291f39d2bc1cdfa,204,102.00,3.43,1,5,3,0.022558,0.579700,Minotaur,minotaur(pow_w:0.50),1.48,79,0
16,2,0xe6ebb0cdfd04183d498964e5efc4096ba77b17d6,7.298353,1772385025,9e501c0799c942250832a87e5799e90fa8ebc8fc02aef596a0be576175bf19fe,250,83.33,2.79,1,4,3,0.022498,0.579718,Minotaur,minotaur(pow_w:0.50),2.26,80,0
16,3,0x63f4973c0df8a5358405f396dc0673a463c48de9,5.902827,1772385027,a6b3b3105e908833ade02a0634e378254566251885bea47074baba5e193a074d,225,112.50,3.97,1,6,4,0.022743,0.581999,Minotaur,minotaur(pow_w:0.50),2.02,81,0
16,4,0xa7e4d4d949807065ebf85adc1be8c382c7236c15,0.217086,1772385030,3581d869999f5de622289936836877ecd307a782529f343c80374c41e781f076,164,82.00,3.65,2,5,4,0.022893,0.583767,Minotaur,minotaur(pow_w:0.50),1.70,82,0
17,0,0xd39dbd3662315e3935ec08e6b6028e73b3c09de2,0.922010,1772385031,3dfe132c2d6ad0e78ca1562bf4c04263793d38d6c2158e92e7648f3f42d8c281,192,96.00,3.87,1,6,4,0.022683,0.579687,Minotaur,minotaur(pow_w:0.50),1.53,83,0
17,1,0xeb82a21cb3d0dd781eb22ad74bb7cd9b4d2a06ec,3.924915,1772385033,442d74f31d760d3147bf03c0b60365cb750509ebb55909113e9e83bcaae60fcb,103,103.00,4.59,1,6,5,0.022519,0.577167,Minotaur,minotaur(pow_w:0.50),0.99,84,0
17,2,0xac768e60b9269babb15cb1e36ee843243d7c7543,7.725398,1772385035,7536703765fa258e0367363f8416f547946c99cb0ab72e89f2de14a8063e8829,204,102.00,4.01,1,6,4,0.022542,0.578202,Minotaur,minotaur(pow_w:0.50),1.48,85,0
17,3,0xdcf2130496e27a8094ab996aea4aa77788d65869,6.508257,1772385037,61faa2ac18d0167098d95f767b21db4426d45a868141071a5d9fff9654e6dce7,232,77.33,3.91,1,6,4,0.022792,0.580413,Minotaur,minotaur(pow_w:0.50),2.15,86,0
17,4,0xe184aeec69f3313df03bef8752946c65f0a70021,0.090237,1772385040,d1c092f68b10c109a51044309af6952959d5e0837cbde1b721a5e3111843a6ff,250,125.00,3.94,1,6,4,0.022963,0.582314,Minotaur,minotaur(pow_w:0.50),1.82,87,0
18,0,0xeb82a21cb3d0dd781eb22ad74bb7cd9b4d2a06ec,4.926875,1772385041,fb424ee9ed8851d019beb5b0f348efb67ca03d36ae7cf65888c0f70614cd803e,98,49.00,3.97,1,6,4,0.022749,0.577819,Minotaur,minotaur(pow_w:0.50),1.02,88,0
18,1,0x719361397abe003a91af76243e5f9c7a0cd4279f,4.544356,1772385043,08ca9c4d06963cc2ae7271165a773a1b8c759f5cc5b7c9727052d4872e779ba6,98,98.00,3.96,1,5,4,0.022822,0.579141,Minotaur,minotaur(pow_w:0.50),0.94,89,0
18,2,0xb2a7fe70a6f3137d38f6cb4c3ec6dd1e24f2d5f4,2.423548,1772385045,d10554af28d4cb1473530338c0e04622e48f3019bfeb4f314488f97b09ddc512,250,83.33,3.77,1,5,4,0.022869,0.580229,Minotaur,minotaur(pow_w:0.50),2.22,90,0
18,3,0xd3997be86c88837e3fd467517b943590b28fa641,0.058021,1772385048,aa29e872010850788d06f1e345a00c618a8d129ca94d2af8f3d4e766cf0d8ca0,203,101.50,4.15,1,6,4,0.022792,0.579997,Minotaur,minotaur(pow_w:0.50),1.86,91,0
18,4,0xaadc5fea232580cb8fba739ac5d05a48559c7e52,3.357543,1772385049,1357a2d4a29e332465cdb23d606377f1dacef90b5ae16bf697a0c0dd1ad7946d,236,118.00,4.06,1,6,4,0.022582,0.575381,Minotaur,minotaur(pow_w:0.50),1.69,92,0
19,0,0x1796dc61e715f15a2d27dfa32bd34780f12a8c24,2.723641,1772385051,812f2f84850c674e55853f9e68f9aaa9f4d415a63955157405082a4151f1ab44,98,98.00,4.39,1,6,5,0.022560,0.576089,Minotaur,minotaur(pow_w:0.50),1.03,93,0
19,1,0x719361397abe003a91af76243e5f9c7a0cd4279f,5.546756,1772385053,1d4b558490ff42a36aa1988651cf87d528d51f4193f5fd2e7d8ad89170350005,200,100.00,3.35,1,5,3,0.022502,0.576149,Minotaur,minotaur(pow_w:0.50),1.43,94,0
19,2,0xa5a12d96532497871d73549e55ab377e3dcb3a40,0.109732,1772385055,72f86bfada88ee6c0bf5da99f2c768360d12f66ee72291dd650727b6804fb69b,238,79.33,3.74,1,5,4,0.022599,0.577561,Minotaur,minotaur(pow_w:0.50),2.11,95,0
19,3,0x9c39f7fffaa5c5cfab20dfdd05663497918580c1,0.426448,1772385058,cc68a27217b7c9411330141713c446f4569470ee4be018d2858e739451ccbe9f,219,109.50,4.13,1,6,4,0.022397,0.573139,Minotaur,minotaur(pow_w:0.50),1.94,96,0
19,4,0xa9105f442328d397529b8e4e9e656fa89016ff45,2.473464,1772385059,4f5e2d6b0f623da370a06ff8d62104c7d16e6e7599a3aa9e7cef749db5de9873,234,117.00,4.10,1,6,4,0.022397,0.573142,Minotaur,minotaur(pow_w:0.50),1.64,97,0
20,0,0xeaa5003682d7289190651081ae2bee847097afc5,2.763655,1772385061,46595947fba4f352cd2136d8ff99c6ca7df06aeea9c745dc18826e94a2cdc870,108,108.00,3.74,1,5,4,0.022326,0.572836,Minotaur,minotaur(pow_w:0.50),1.00,98,0
20,1,0x8c11ec9090dd820c076e57e899d9c604c79d6b32,1.564529,1772385063,ec1d88f93b8f0c96aa8a18b4b87e4cef43090f5cb3c9b2c9dc59a76080380885,210,105.00,4.41,1,6,5,0.022270,0.572784,Minotaur,minotaur(pow_w:0.50),1.43,99,0
20,2,0x26d553a2f4343b3a7dc88bbd87b3d0a25d3838d9,6.222950,1772385065,7c9a04473006e08302c5020c7c8480946f0a1780eb0121ba5e09703d792ac6d8,220,73.33,4.02,1,6,4,0.022151,0.571405,Minotaur,minotaur(pow_w:0.50),2.37,100,0
20,3,0xb2a7fe70a6f3137d38f6cb4c3ec6dd1e24f2d5f4,3.425398,1772385068,d4ebb84688ff415b7ba5360b42b887ef86a4a8e84a2aeabf4f7a423a1e2c1351,250,125.00,3.74,1,5,4,0.022151,0.571411,Minotaur,minotaur(pow_w:0.50),1.90,101,0
20,4,0x269cdf52f97e1d9f14b7be895155a7b294f0b21d,0.724563,1772385069,b80cc02291762482abc1a3ee41925582c074be430d30c5ab3163658f8aca1e0f,116,58.00,4.33,1,6,4,0.022276,0.573007,Minotaur,minotaur(pow_w:0.50),1.13,102,0
21,0,0x1796dc61e715f15a2d27dfa32bd34780f12a8c24,3.725421,1772385071,b49c542fe4cd901290dce42e24d2be58db8c423586e02686fa5702c51a6be118,106,106.00,3.62,2,5,4,0.022114,0.570120,Minotaur,minotaur(pow_w:0.50),1.00,103,0
21,1,0x4a217e35f6402e7f62a49f6d62e27c6585c2f3fd,2.492407,1772385073,b2dc5f0ba4936a0d02b998586eedbc1c9771275253a9bbc5cafc44702bc2bdc9,209,104.50,3.14,1,5,3,0.022107,0.570857,Minotaur,minotaur(pow_w:0.50),1.16,104,0
21,2,0xdcf2130496e27a8094ab996aea4aa77788d65869,7.510377,1772385075,f4e16ff78b86011b2328c7c8f961bc3909b2f5f98e6640d2e5440d728c761462,235,78.33,3.63,1,5,4,0.022036,0.570410,Minotaur,minotaur(pow_w:0.50),1.97,105,0
21,3,0xc4dc29db975b952e04358340e56b68fa4ba63fbc,1.544851,1772385078,841bbc5476be77e06ac25b0b60e080d3c39b39545bab9fc00ee04c24255cd73b,129,64.50,3.96,1,5,4,0.022218,0.572337,Minotaur,minotaur(pow_w:0.50),1.42,106,0
21,4,0x63f4973c0df8a5358405f396dc0673a463c48de9,6.904077,1772385080,e0ee91173ee2cfb527098a6591d976154537e78e8fbc56fdb5225bd05e03e187,197,98.50,3.81,1,5,4,0.022098,0.570857,Minotaur,minotaur(pow_w:0.50),1.45,107,0
22,0,0x016d3fc36beee7caa8fbd6c1caa42461dd7f9850,0.878239,1772385082,c21604250bea2650e8bd896548796cefdbc11baf52002a33499f15be385fa467,198,99.00,3.58,1,5,4,0.022244,0.572598,Minotaur,minotaur(pow_w:0.50),1.44,108,0
22,1,0x606627477c3734932f47972f83c27cf4e3b35b4f,5.379867,1772385084,5223e513092396fe9abd834f0b5928b81b330f9cb0f4989f3a0f11572ad7bd81,250,125.00,3.08,1,5,3,0.022092,0.570005,Minotaur,minotaur(pow_w:0.50),1.16,109,0
22,2,0x1796dc61e715f15a2d27dfa32bd34780f12a8c24,4.727381,1772385086,8cba0d286a729d33692b91eea71ab2e2e3eac8bf3bb9ddbb992189ff109bbe1c,215,71.67,3.68,1,5,4,0.022159,0.571193,Minotaur,minotaur(pow_w:0.50),1.86,110,0
22,3,0x606627477c3734932f47972f83c27cf4e3b35b4f,6.382007,1772385089,ebd675f9cb77535854ac11e44ecf63c8cb8672e1cabaedc45a328bc8f1c1e663,203,101.50,3.42,1,5,3,0.022193,0.572134,Minotaur,minotaur(pow_w:0.50),1.61,111,0
22,4,0xa3786e459f289a76c0e8af8ad834e3d0c6d47199,6.729293,1772385090,7ce05d26bd431ce43a015fd347ad21680d4311d693fdf6ab107fcf6a89f3c486,187,93.50,3.65,1,5,4,0.022193,0.572137,Minotaur,minotaur(pow_w:0.50),1.45,112,0
23,0,0x58a21eeb7ab18ba8adf1296e66a4487076e95dac,5.093094,1772385092,c869e567c32338a91f7f08baa14ac39925f3c3f23d8e9529210a6d6345994991,97,97.00,4.27,1,6,4,0.022319,0.573706,Minotaur,minotaur(pow_w:0.50),0.98,113,0
23,1,0x63f4973c0df8a5358405f396dc0673a463c48de9,7.905937,1772385094,a0b46994da44c34ad94b91c0551a082eb1e32472208b54cc432c1d01efe5f32c,216,108.00,3.86,1,5,4,0.022365,0.574646,Minotaur,minotaur(pow_w:0.50),1.38,114,0
23,2,0xac768e60b9269babb15cb1e36ee843243d7c7543,8.727118,1772385096,cae55e206f06dfbda1ba9cd5a72a622631a2971b2dad7f7ce3e618f1446df797,250,83.33,3.54,1,5,4,0.022540,0.576478,Minotaur,minotaur(pow_w:0.50),2.17,115,0
23,3,0xd46407aa7b668c72de3cf1c1a12b7fa2e308a1b2,2.991909,1772385098,9e7a3370e8c97bc90a0007f1741c419cb54ff433a8e43ebbebe839b5b24d86ba,189,94.50,3.92,1,6,4,0.022540,0.576481,Minotaur,minotaur(pow_w:0.50),1.81,116,0
23,4,0xe6ebb0cdfd04183d498964e5efc4096ba77b17d6,8.299773,1772385100,661a9f411e6509263809d7804a0d67174a732fdb460935f40c5891c0bb5a2743,95,95.00,3.97,2,5,4,0.022485,0.576511,Minotaur,minotaur(pow_w:0.50),1.00,117,0
24,0,0xf6e059718dbd0a0956726ab97d06bad5efc6cd18,1.014477,1772385102,f410817d230efbcdcc1996fe3925007ef3f3352f07d20a5b25413d1045d2c303,205,102.50,4.06,1,6,4,0.022672,0.578370,Minotaur,minotaur(pow_w:0.50),1.47,118,0
24,1,0xd46407aa7b668c72de3cf1c1a12b7fa2e308a1b2,3.992739,1772385104,43d66f9e723f050dbf870caf39e83d87343e6ca639ee79eeeb0215ece15bc16a,235,78.33,3.67,1,5,4,0.022525,0.576041,Minotaur,minotaur(pow_w:0.50),2.32,119,0
24,2,0xe478b1e4d1538274c0c70cbd7df877f9abab2f62,3.299596,1772385106,3ea7458c4f142559b8eef325fc5276a18fbc98e49fcf0e9c7a265b23f38b6db8,239,119.50,3.87,1,5,4,0.022513,0.576678,Minotaur,minotaur(pow_w:0.50),1.91,120,0
24,3,0xc577329e86aaecb006f17fb90499c54671119935,0.318942,1772385108,807cf5c9a2a55bce3cab7534d93271467198b27d31a8ca513724ef73a8b44998,102,51.00,4.11,1,5,4,0.022513,0.576680,Minotaur,minotaur(pow_w:0.50),1.35,121,0
24,4,0x30509a8084fdfe6fe24d9c9a817c209ad194f8e3,3.656129,1772385110,6716519f5c1ca82eb77387b36dfc0825479b543121c1a35efbdb0cd54704d6a8,103,103.00,4.08,3,6,4,0.022339,0.573042,Minotaur,minotaur(pow_w:0.50),1.00,122,0
25,0,0xe6ebb0cdfd04183d498964e5efc4096ba77b17d6,9.301663,1772385112,edf20a10a0b536587cb48d9f590414703ad925ac5445058262109592f3052657,225,112.50,3.31,1,6,3,0.022312,0.573497,Minotaur,minotaur(pow_w:0.50),1.39,123,0
25,1,0x7e40df5d801345015e84c843908efc6683665fa4,4.665759,1772385114,22994117ef208d30a02d6b298f9ecf27da92d8f4536e0f6b3b4482051de841f5,234,78.00,4.01,1,6,4,0.022530,0.575444,Minotaur,minotaur(pow_w:0.50),2.23,124,0
25,2,0x26d553a2f4343b3a7dc88bbd87b3d0a25d3838d9,7.225100,1772385117,933387929630612ca70aea5a4a317127855ba93af56d998140a50cab2ba04fc7,220,110.00,3.43,1,5,3,0.022544,0.576136,Minotaur,minotaur(pow_w:0.50),1.91,125,0
25,3,0xdcf2130496e27a8094ab996aea4aa77788d65869,8.511257,1772385118,424047607ff4300aa6815fb8fbff49d935ef4223f98fcd8ed190cd0365696d48,206,103.00,3.84,1,6,4,0.022544,0.576138,Minotaur,minotaur(pow_w:0.50),1.49,126,0
25,4,0x89100a8056319ba37491b32ba255004180607bc2,5.791787,1772385120,1b9fec9173f2d894d49d9a4866f7e447624c9e1a116c929c5b8d485b2a86d12b,94,94.00,3.99,1,5,4,0.022720,0.577906,Minotaur,minotaur(pow_w:0.50),0.99,127,0
26,0,0x58a21eeb7ab18ba8adf1296e66a4487076e95dac,6.094974,1772385122,30c0ccfd5124a82e10520cd59c0f28a19b01872d5ebb6b6ce772a31f6b07bd47,179,89.50,3.77,1,6,4,0.022777,0.578998,Minotaur,minotaur(pow_w:0.50),1.49,128,0
26,1,0xd39dbd3662315e3935ec08e6b6028e73b3c09de2,1.922260,1772385124,bd16e2b7a7732edb12ba77cf8f199cc8fbce337946a28d2682d9a0e7432cdb87,243,81.00,3.87,1,6,4,0.022845,0.580113,Minotaur,minotaur(pow_w:0.50),2.19,129,0
26,2,0xa9105f442328d397529b8e4e9e656fa89016ff45,3.473734,1772385127,5b026f9a2282573f21cbf3cfef53d83c9b85904dfd2c35dd2d174c756480c173,121,60.50,4.51,1,6,5,0.022738,0.579023,Minotaur,minotaur(pow_w:0.50),1.69,130,0
26,3,0x4a217e35f6402e7f62a49f6d62e27c6585c2f3fd,3.494277,1772385128,611cd11f86e481eca7c329a2ed5fb49017feeeefaa61c3df3a1a218d96b36c0d,180,90.00,3.72,1,5,4,0.022696,0.579286,Minotaur,minotaur(pow_w:0.50),1.52,131,0
26,4,0x4ba33404d90c4ae989714d9d174cd882cffb7994,2.118762,1772385130,a5d2300d4e9d5f023f6d04fd396f9ece236ae915e7979d698f399561283e30bc,93,93.00,3.69,1,5,4,0.022654,0.579472,Minotaur,minotaur(pow_w:0.50),1.00,132,0
27,0,0x07902d0371763a00d97ed9ba16ff0a206cb0fd19,3.532159,1772385132,a5f3b89c962651788339b773d609df61b94e73100bf53ecf85f313bd8144cc13,192,96.00,4.50,1,6,5,0.022557,0.578522,Minotaur,minotaur(pow_w:0.50),1.45,133,0
27,1,0x5cd626f4b83428b146919d30f4b3e481d259a9dc,0.073533,1772385134,f0b9877b08985c877db7b292c7274eb24da24f00dc72c151d02e671a748f3c32,250,83.33,2.79,1,4,3,0.022517,0.578639,Minotaur,minotaur(pow_w:0.50),2.08,134,0
27,2,0xc24b36dee27726233c3bbd9e1f028f98b6b2a424,3.411559,1772385137,f6ebcb6fd87f46760dbe08472cee5cd300ab4e502e54b21ecfca3df02e9f1235,110,55.00,3.90,2,5,4,0.022339,0.574550,Minotaur,minotaur(pow_w:0.50),1.42,135,0
27,3,0x606627477c3734932f47972f83c27cf4e3b35b4f,6.381537,1772385138,2d16da3641ea268eea870a6f11d352c29a6faa53cb1d59f009cbbf57348d5563,219,109.50,3.99,1,6,4,0.022295,0.574550,Minotaur,minotaur(pow_w:0.50),1.48,136,0
27,4,0xa447d277b02012c2afd9ddcbbe123f27cc971963,2.808925,1772385140,c152a2155f90536aec3476e185826df65dc9faa7f9e21a7b1484a79068e7e76f,87,87.00,3.71,2,5,4,0.022367,0.575699,Minotaur,minotaur(pow_w:0.50),1.00,137,0
28,0,0xbc3f8508d26048f2064aa8c068f4c94d08d77d18,7.074159,1772385142,40a56f427a97424600e98b6d6ea83d8f2557cebcc13596f37f7e6272cd6b248f,191,95.50,3.52,1,5,3,0.022299,0.575300,Minotaur,minotaur(pow_w:0.50),1.42,138,0
28,1,0xe478b1e4d1538274c0c70cbd7df877f9abab2f62,3.299236,1772385145,b4c39d442e7af93fafcbd47dd2bc0c9521896de4b667b57069d2c55677bf3897,250,83.33,4.30,1,6,4,0.022394,0.576670,Minotaur,minotaur(pow_w:0.50),2.23,139,0
28,2,0x0d91704595bff3aec25d40822498a51c62b05e3a,1.570406,1772385146,84c1be3e1a85498e83a60247f6c57a8264d3635d5bee088467c7076353ace326,161,80.50,4.03,1,5,4,0.022394,0.576672,Minotaur,minotaur(pow_w:0.50),1.76,140,0
28,3,0x719361397abe003a91af76243e5f9c7a0cd4279f,6.548116,1772385148,8c683c9b43f65332d1843217afbfd00fdc7e495c62cf4fc41ff21c59b11b09e1,98,98.00,3.37,2,5,3,0.022228,0.574973,Minotaur,minotaur(pow_w:0.50),1.01,141,0
28,4,0x6414c6a8400ff3419cd81855d09de2848d770e0e,1.155796,1772385150,7a6e3fd7af83ecdd1f31cd7fa1956591bf6cae588f37c714aac8963863a67edc,212,106.00,3.88,1,5,4,0.022299,0.576053,Minotaur,minotaur(pow_w:0.50),1.51,142,0
29,0,0x016d3fc36beee7caa8fbd6c1caa42461dd7f9850,1.880159,1772385152,2af0568d219160a080fc2051ff676db3cb156b9f0fe1b03249405f23b4b6beb6,219,73.00,3.86,1,6,4,0.022169,0.574022,Minotaur,minotaur(pow_w:0.50),2.34,143,0
29,1,0x26d553a2f4343b3a7dc88bbd87b3d0a25d3838d9,7.224860,1772385155,7537a0fd2cc9f2ed8acb5c5bbaca8baf89cdf6f70ea6f548f2d553a3cda66ebb,249,124.50,3.18,1,5,3,0.022067,0.572741,Minotaur,minotaur(pow_w:0.50),1.87,144,0
29,2,0xd1cd4b808ce6b2841ad42746b64c5a047e857ef0,0.237684,1772385156,36d45bf82c2b87d2d8e3af2978c94898ecaa65308298334317b5d4f9028723fd,160,80.00,3.73,1,5,4,0.022159,0.574025,Minotaur,minotaur(pow_w:0.50),1.36,145,0
29,3,0xe478b1e4d1538274c0c70cbd7df877f9abab2f62,4.300676,1772385158,898f150c896d360b90563a900f325feb7f973b42f544c003ca4e018cea6f940a,109,109.00,3.68,1,5,4,0.021999,0.570450,Minotaur,minotaur(pow_w:0.50),0.98,146,0
29,4,0x606627477c3734932f47972f83c27cf4e3b35b4f,7.382207,1772385160,c9f11fb7093fa48aaa5ff7dc1c71d41120c8ce41796fe3e7ec96d645256c439b,208,104.00,4.00,1,6,4,0.021985,0.570892,Minotaur,minotaur(pow_w:0.50),1.46,147,0
30,0,0xeaa5003682d7289190651081ae2bee847097afc5,3.764695,1772385163,4539ceef5a07c7c5760309e02593693a090b97e79da28cad43eb13bb08086b24,250,83.33,3.69,2,5,4,0.021985,0.570896,Minotaur,minotaur(pow_w:0.50),2.15,148,0
30,1,0x8c11ec9090dd820c076e57e899d9c604c79d6b32,2.565879,1772385164,004c9f4bfa218ab67af5e8a302048c36566d57a90c9822d5dd8fef20eaf9d5b8,131,65.50,4.29,1,6,4,0.022079,0.572155,Minotaur,minotaur(pow_w:0.50),1.62,149,0
30,2,0x26d553a2f4343b3a7dc88bbd87b3d0a25d3838d9,8.226350,1772385166,86caebd0d2a1debf82e0af4eb02ce0cadb1ad8d7512a5702d8a58e7ac173a3c7,108,108.00,4.31,1,6,5,0.021968,0.571539,Minotaur,minotaur(pow_w:0.50),1.10,150,0
30,3,0xa068e3c9a21c8d8be636cd2d285895979ec3262e,0.966031,1772385168,a133b19fc14ec832e647118a8e30928ba0cf1cc9a723298432d0f261c12afdf0,224,112.00,3.72,1,6,4,0.022087,0.573007,Minotaur,minotaur(pow_w:0.50),1.51,151,0
30,4,0x719361397abe003a91af76243e5f9c7a0cd4279f,7.550016,1772385170,6df8932ce6e427655309c4624c70e3cde314886961f368b50e6985a5e55f8a18,212,106.00,4.31,1,6,4,0.021955,0.570662,Minotaur,minotaur(pow_w:0.50),1.33,152,0
31,0,0xb7b4ee0a72bc410bf6d32b9cd3f3e11fc756d6f1,1.083199,1772385173,3d3b8c6a5b173e4e12614b84497ae3f42b4d479a3ca2c2246f898fed8edf0e20,250,83.33,3.76,1,5,4,0.022047,0.571857,Minotaur,minotaur(pow_w:0.50),2.14,153,0
31,1,0x606627477c3734932f47972f83c27cf4e3b35b4f,8.384557,1772385174,489cda82ae7b1d3cc057c752666b6dc09c0f80a9935956a73a9a2bd9c8d1482c,141,70.50,3.90,1,6,4,0.021920,0.569656,Minotaur,minotaur(pow_w:0.50),1.77,154,0
31,2,0xeb82a21cb3d0dd781eb22ad74bb7cd9b4d2a06ec,5.926255,1772385176,6cff98f08b9f812f3e4ca30b9877fa4bfbb0514c201fc79534ac863526a871f8,99,99.00,3.76,3,5,4,0.022038,0.571064,Minotaur,minotaur(pow_w:0.50),1.01,155,0
31,3,0xa3786e459f289a76c0e8af8ad834e3d0c6d47199,7.729443,1772385178,d501456ed34d775db7358b38bff9b1680d83d0340166e4f24a40a95e455615c5,204,102.00,4.01,1,6,4,0.022072,0.571890,Minotaur,minotaur(pow_w:0.50),1.50,156,0
31,4,0x63f4973c0df8a5358405f396dc0673a463c48de9,8.907597,1772385180,e6be56af05f3429b17cdefe22b609f85e2d7645d8dd204e48e1a00b2a7ecf02a,195,97.50,4.32,1,6,4,0.022164,0.573009,Minotaur,minotaur(pow_w:0.50),1.44,157,0
32,0,0x30405867b72597aaeb27803bb2c7f3f5fc7d5384,0.515974,1772385183,508f35b982e83e6ea18d39e3b2f679d11576cc44620e7c26eaf7c8b2c03f3d5f,250,83.33,3.62,1,5,4,0.022292,0.574504,Minotaur,minotaur(pow_w:0.50),2.04,158,0
32,1,0x89100a8056319ba37491b32ba255004180607bc2,6.793077,1772385184,45509bf1de2bb8914ccc1780461794ffb68977dd75a2f0e2d3d3a1a16ade3825,151,75.50,3.60,1,4,4,0.022292,0.574507,Minotaur,minotaur(pow_w:0.50),1.54,159,0
32,2,0x28672c71695142588ed26ada6f4b18b8b6c12308,0.689228,1772385186,5fc98ed8371031e10ceaa6ec351beddd371f65576b1952f0a13001d42cb4ef11,100,100.00,4.01,2,6,4,0.022349,0.575424,Minotaur,minotaur(pow_w:0.50),1.03,160,0
32,3,0xac768e60b9269babb15cb1e36ee843243d7c7543,8.726158,1772385188,83c6003c5dd5bb7ff1a3409e420913474c9125949e1d366fdbf2237a721a2f40,193,96.50,3.56,1,5,4,0.022209,0.572585,Minotaur,minotaur(pow_w:0.50),1.42,161,0
32,4,0xa3786e459f289a76c0e8af8ad834e3d0c6d47199,8.731333,1772385190,af1bab603a306b95d0a1cf8b1dc430baf6aaf817907580aad39d58cdc4bd11a8,250,83.33,3.87,1,6,4,0.022325,0.573942,Minotaur,minotaur(pow_w:0.50),2.12,162,0
33,0,0x58a21eeb7ab18ba8adf1296e66a4487076e95dac,7.096624,1772385193,be7be26c29471a31cb738a4091a267d1c0fe00da7174be2ab4a2c063411cf2e2,198,99.00,4.17,1,6,4,0.022326,0.573947,Minotaur,minotaur(pow_w:0.50),1.71,163,0
33,1,0xa3786e459f289a76c0e8af8ad834e3d0c6d47199,9.733303,1772385194,c847238b467a7a0dbcff85aa62cf731864da6d80700aed28f5ae9da3c5e688e3,234,117.00,3.90,1,6,4,0.022501,0.576089,Minotaur,minotaur(pow_w:0.50),1.61,164,0
33,2,0xaadc5fea232580cb8fba739ac5d05a48559c7e52,4.357133,1772385196,cff4388460e705a0c864b96982293c73ef5c9ef50dd9979df4c993f17cebda4c,111,111.00,4.15,1,6,4,0.022642,0.577669,Minotaur,minotaur(pow_w:0.50),0.99,165,0
33,3,0xac768e60b9269babb15cb1e36ee843243d7c7543,9.728558,1772385198,c492e9e1d9341c10598099f2f9da9cbc57878aea8b9cd79f201b83a76d705da8,199,99.50,4.22,1,6,4,0.022614,0.577976,Minotaur,minotaur(pow_w:0.50),1.43,166,0
33,4,0x311eb133eb413ac3f21249889bb101e5d40820ce,0.132209,1772385200,4e787fbe8a5158e5c390fdc92fd3cb04458be11db2e28a514b70375a5a9779ed,250,83.33,3.93,1,6,4,0.022750,0.579456,Minotaur,minotaur(pow_w:0.50),2.21,167,0
34,0,0x6064b9f5883bf9737dfe314ff68c56e09e68ac89,2.189079,1772385203,33dd9e00b05be8df4aac4cb051ad5278532d0d65b4124ef0ed5ee5129ebba8bc,149,74.50,3.73,2,5,4,0.022593,0.575812,Minotaur,minotaur(pow_w:0.50),1.82,168,0
34,1,0xa3786e459f289a76c0e8af8ad834e3d0c6d47199,10.734283,1772385204,4f5f5e52f88543c8b4ba93ca8261926799915588b6d13e17aa0cbd8570422340,209,104.50,3.86,2,6,4,0.022499,0.574820,Minotaur,minotaur(pow_w:0.50),1.47,169,0
34,2,0x30509a8084fdfe6fe24d9c9a817c209ad194f8e3,4.657549,1772385206,97f6fbd683ce93e8d71392d391743b182146d0189369b5e33e03950daace3e78,87,87.00,4.25,1,6,4,0.022661,0.576433,Minotaur,minotaur(pow_w:0.50),0.99,170,0
34,3,0x07902d0371763a00d97ed9ba16ff0a206cb0fd19,4.534019,1772385208,acdb6b3a46310ed3fc7ec7a31a4ba7d10fa859e325b3c0c0fe062b542eb3b5e4,250,125.00,3.31,1,5,3,0.022640,0.576815,Minotaur,minotaur(pow_w:0.50),1.28,171,0
34,4,0xeaa5003682d7289190651081ae2bee847097afc5,4.765565,1772385211,37127a43da7e4a63421cb0d803f120debec4cdadf2a85ff4b9a3af8bcd13ce55,250,83.33,2.82,2,4,3,0.022614,0.577079,Minotaur,minotaur(pow_w:0.50),2.04,172,0
35,0,0x282f43759e22b50aa7989261c51c367f325c3f91,1.352347,1772385212,04ab2e4ab5944e8a9f14c8b4bb8e6804d7b58bcbc844db733d36bb3d8cc94891,131,65.50,4.29,2,6,4,0.022614,0.577081,Minotaur,minotaur(pow_w:0.50),1.41,173,0
35,1,0x30509a8084fdfe6fe24d9c9a817c209ad194f8e3,5.659989,1772385214,e953376c9d8f72350d4b6bc9868b7f119ccd17134d76f3c45b54c1d5e34b36a2,108,108.00,3.93,1,6,4,0.022496,0.575236,Minotaur,minotaur(pow_w:0.50),1.06,174,0
35,2,0xe478b1e4d1538274c0c70cbd7df877f9abab2f62,5.302206,1772385216,2c015784720ad33383d9ba639c2632f453e70a512e31c527dc8fb5f61cafb104,211,105.50,3.26,1,5,3,0.022504,0.575901,Minotaur,minotaur(pow_w:0.50),1.38,175,0
35,3,0x30405867b72597aaeb27803bb2c7f3f5fc7d5384,0.515614,1772385218,9e93bc21c6877d14caa4f4fb1eba4da70f2644b0c6c3810d81af02c97cf9a447,227,75.67,3.96,1,6,4,0.022500,0.576408,Minotaur,minotaur(pow_w:0.50),2.26,176,0
35,4,0x1796dc61e715f15a2d27dfa32bd34780f12a8c24,5.728111,1772385221,fe3ef4dcb66a01e56d5c0c6868c13bfff1dca63ad1739d701e39deefdd2219b0,223,111.50,3.52,2,5,4,0.022360,0.573367,Minotaur,minotaur(pow_w:0.50),1.79,177,0
36,0,0x7e40df5d801345015e84c843908efc6683665fa4,5.666949,1772385222,c1287f1fd3861d55394cfab8a9de58442d3c6c0c309f2075197e39b3a1dee72e,231,115.50,3.40,1,5,3,0.022368,0.573921,Minotaur,minotaur(pow_w:0.50),1.51,178,0
36,1,0x0d91704595bff3aec25d40822498a51c62b05e3a,2.570726,1772385224,377f4051c79239b9e52343f596244a1e5abb4fcb4afa2e09e289dac8f6208f5d,104,104.00,3.28,1,5,3,0.022374,0.574390,Minotaur,minotaur(pow_w:0.50),0.95,179,0
36,2,0x63f4973c0df8a5358405f396dc0673a463c48de9,9.909617,1772385226,1f3ce6cdf8c7a4435efba1008f88c4b28d07f8981a76d6349e904af1e4d87888,217,108.50,3.18,1,5,3,0.022293,0.573683,Minotaur,minotaur(pow_w:0.50),1.23,180,0
36,3,0x4a217e35f6402e7f62a49f6d62e27c6585c2f3fd,4.494277,1772385229,0d3db404e285321372b9e674261fa47cf7a800ad57b08a8e808f8f9278763d1b,225,75.00,3.63,1,5,4,0.022416,0.575074,Minotaur,minotaur(pow_w:0.50),1.98,181,0
36,4,0xa5a12d96532497871d73549e55ab377e3dcb3a40,1.110042,1772385230,3cbcf6cf941e9d3e4f9bd706ac08551076dd332dc50c869617d175b4edc119cd,207,103.50,3.70,1,5,4,0.022416,0.575075,Minotaur,minotaur(pow_w:0.50),1.59,182,0
37,0,0x8c11ec9090dd820c076e57e899d9c604c79d6b32,3.566099,1772385232,66b40c10789186a29cde7b38d4300a71f18ec8c31deeea683145484e0d9f339c,101,101.00,4.16,2,5,4,0.022295,0.572914,Minotaur,minotaur(pow_w:0.50),1.00,183,0
37,1,0x30509a8084fdfe6fe24d9c9a817c209ad194f8e3,6.661889,1772385234,1c92ae7f64f1e5f96e2f4724620378cf19edb79ae96b68b20e8b709960677930,198,99.00,4.19,1,6,4,0.022241,0.572740,Minotaur,minotaur(pow_w:0.50),1.48,184,0
37,2,0x719361397abe003a91af76243e5f9c7a0cd4279f,8.551856,1772385236,a048fdd566c777cc4a19431c8dc9bc707d4e8986a8d6c3d9c539e41d443bbd44,250,125.00,3.30,1,5,3,0.022272,0.573447,Minotaur,minotaur(pow_w:0.50),1.23,185,0
37,3,0x1cb1274c711a6c2e4e1596846e6ac604eeefb358,2.408831,1772385239,3586798d5bfc986f5c0fa1a7033ad2432ede14ac0c00241d1c6dfc329d28e486,227,75.67,3.80,1,5,4,0.022353,0.574506,Minotaur,minotaur(pow_w:0.50),1.89,186,0
37,4,0xa3786e459f289a76c0e8af8ad834e3d0c6d47199,11.734723,1772385240,6651a910985de8dd553dd8a87705922676c43eddf3672ce7dd23441f7fd00d36,221,110.50,3.50,1,5,4,0.022267,0.573624,Minotaur,minotaur(pow_w:0.50),1.60,187,0
38,0,0x63f4973c0df8a5358405f396dc0673a463c48de9,10.911727,1772385242,dcf56c432715777d324bed0139640553c3a9acc0be399228fa841c99fb42bc5f,113,113.00,4.47,1,6,5,0.022430,0.575146,Minotaur,minotaur(pow_w:0.50),1.00,188,0
38,1,0x95ab54d268473cce82094026afefdbd5cadf418b,1.597738,1772385244,e5fc198a16eba0c81cb43978e1b92817b217c68c61c3423b89517da0048c3214,214,107.00,3.61,1,5,4,0.022567,0.576584,Minotaur,minotaur(pow_w:0.50),1.41,189,0
38,2,0xeb82a21cb3d0dd781eb22ad74bb7cd9b4d2a06ec,6.927625,1772385246,02b75fc62047afd080bb6accdc3be8c260b4289de99c2ceb20fba99059a5b15c,198,66.00,4.30,1,6,5,0.022460,0.574966,Minotaur,minotaur(pow_w:0.50),2.36,190,0
38,3,0x687bf2437a044a3e42ff2f8a79a8e54ba9601f70,2.065479,1772385249,092e18fceaa21da0f6c670c09569280b63c2c2dc2599636e874f9005c28dcf63,250,125.00,4.12,1,6,4,0.022491,0.575631,Minotaur,minotaur(pow_w:0.50),2.00,191,0
38,4,0x282f43759e22b50aa7989261c51c367f325c3f91,2.353047,1772385250,7df7d4d5b7d0d37bfab6c059f92875c7130bfcbb4b01d9fcbee2df35a0d545c5,132,66.00,3.81,1,6,4,0.022396,0.574412,Minotaur,minotaur(pow_w:0.50),1.61,192,0
39,0,0x07902d0371763a00d97ed9ba16ff0a206cb0fd19,5.536019,1772385252,cccdd2fbdc1ef2d6e05325b2e517fa2f7840baf34653faeb5b79fb6164a9e992,110,110.00,4.04,3,6,4,0.022309,0.573377,Minotaur,minotaur(pow_w:0.50),1.00,193,0
39,1,0x6d6b2734a20229ddd7fd4a1470ba3e3bad4e4a85,2.641984,1772385254,06c113798b2d5348197fbf5425f3d6fd8ab14acc171ca1a62ab5a194a7a5d926,250,83.33,2.84,1,4,3,0.022304,0.573744,Minotaur,minotaur(pow_w:0.50),2.18,194,0
39,2,0x719361397abe003a91af76243e5f9c7a0cd4279f,9.553926,1772385257,1911de91aea567067f5507dde31f4ccf089a48650a9525f4a58589f99bef2f21,135,67.50,3.67,1,6,4,0.022225,0.572919,Minotaur,minotaur(pow_w:0.50),1.73,195,0
39,3,0x606627477c3734932f47972f83c27cf4e3b35b4f,9.384767,1772385258,35eb3613a610a7a2cd662c32c26148bbe46a4535c7470f4c44d6ae73e7dfeb3c,226,113.00,3.85,1,5,4,0.022225,0.572921,Minotaur,minotaur(pow_w:0.50),1.62,196,0
39,4,0xa3786e459f289a76c0e8af8ad834e3d0c6d47199,12.735693,1772385260,e1622bd41dde45b5387d2693abd60e92192407ca0b1ce6cdfad8d0af24e11dd9,109,109.00,3.68,1,5,4,0.022315,0.574105,Minotaur,minotaur(pow_w:0.50),0.98,197,0
40,0,0x4ba33404d90c4ae989714d9d174cd882cffb7994,3.119272,1772385262,b7226f9e4786908cb9230fb085e435033534e5c35129a3b20ccc27c802e2433b,200,100.00,4.31,1,6,4,0.022487,0.575576,Minotaur,minotaur(pow_w:0.50),1.52,198,0
40,1,0xaadc5fea232580cb8fba739ac5d05a48559c7e52,5.358433,1772385265,a65954af278e2d09090b8e5344d45761ec74131b19675373a183be39affc0743,250,83.33,4.30,1,6,4,0.022419,0.575102,Minotaur,minotaur(pow_w:0.50),2.15,199,0
40,2,0x24898fcb116b48cb2b6fd5d3b4eb599fee0f4633,0.050324,1772385266,853ff2d5dc3de3f114670353df86e177c7b5540f8569f478a6b0aaa4dabe5c01,148,74.00,4.30,1,6,4,0.022419,0.575104,Minotaur,minotaur(pow_w:0.50),1.49,200,0
40,3,0xd46407aa7b668c72de3cf1c1a12b7fa2e308a1b2,4.993569,1772385268,7d459f4b25fff52489fcced6d8aa288673c7710e632cf39d4e7f1256f662a952,100,100.00,3.67,1,5,4,0.022263,0.571872,Minotaur,minotaur(pow_w:0.50),1.02,201,0
40,4,0x58a21eeb7ab18ba8adf1296e66a4487076e95dac,8.098134,1772385270,27c2a01dd89b43a3826e5d2ee2ec61ad8d8ac78ad75783c2a046cb5b57f1c469,173,86.50,3.83,1,5,4,0.022242,0.572078,Minotaur,minotaur(pow_w:0.50),1.45,202,0
41,0,0xea287b266dbe2c2d402fd91814bcfc4c95d6b0fd,0.159884,1772385272,cdc15aa1e6cea0940b22fe411c61c37afb6f90d80261aeceda333a8b01fce56d,245,81.67,3.77,1,5,4,0.022294,0.572977,Minotaur,minotaur(pow_w:0.50),2.16,203,0
41,1,0x606627477c3734932f47972f83c27cf4e3b35b4f,10.385737,1772385275,264a747a8afa67bc5cd0e991fd23f4db492a57bf4699288a2742d8a32e636236,235,117.50,4.14,1,6,4,0.022156,0.569640,Minotaur,minotaur(pow_w:0.50),1.86,204,0
41,2,0xac768e60b9269babb15cb1e36ee843243d7c7543,10.730268,1772385276,d4407982a41ad748506b16d6a87f978fb635d7ceded1b34d1060af9006d64b1d,127,63.50,3.81,1,5,4,0.022262,0.570927,Minotaur,minotaur(pow_w:0.50),1.31,205,0
41,3,0x7e40df5d801345015e84c843908efc6683665fa4,6.667339,1772385278,b481b73c02208b9940fea60795ef2c2b9def0cfacae3235ad1d0aea6c25046fa,100,100.00,3.87,1,6,4,0.022373,0.572187,Minotaur,minotaur(pow_w:0.50),1.00,206,0
41,4,0xa7e4d4d949807065ebf85adc1be8c382c7236c15,1.216716,1772385280,8ae95495f2fa5f399335f60a4956280510df0566d08f6b58f2bd0a0f4022add5,204,102.00,3.41,1,5,3,0.022388,0.572727,Minotaur,minotaur(pow_w:0.50),1.45,207,0
42,0,0x37cc7a82e66d4f4c2ae13b9ee895d3af1a1d7a05,0.260825,1772385282,af5318f6f0114fd4b3577d46dd7f27df5646effe507864ab4e535692f495f592,250,83.33,3.78,1,6,4,0.022276,0.570759,Minotaur,minotaur(pow_w:0.50),2.20,208,0
42,1,0x26d553a2f4343b3a7dc88bbd87b3d0a25d3838d9,9.227390,1772385285,d837963faace8dc4204c4338c49e6957149e410bed3c17e559f59bf4a98f3aa2,161,80.50,3.84,1,6,4,0.022142,0.567569,Minotaur,minotaur(pow_w:0.50),1.78,209,0
42,2,0x37cc7a82e66d4f4c2ae13b9ee895d3af1a1d7a05,1.262415,1772385286,0bc32f7786235e26beaa3a9aea0a0356e53fe35be86a770a06b8a0658948acb8,236,118.00,3.83,1,6,4,0.022215,0.568621,Minotaur,minotaur(pow_w:0.50),1.58,210,0
42,3,0x6414c6a8400ff3419cd81855d09de2848d770e0e,2.156796,1772385288,949f5852bcc92df99fea2c95cafffe93299d537a5f1f15104858fcce310259f6,95,95.00,3.85,1,5,4,0.022106,0.566672,Minotaur,minotaur(pow_w:0.50),0.94,211,0
42,4,0x34412315480562da4810040fd15c81f99880e1ab,3.896423,1772385290,1d72d31b1e9c372f097b66d2ddda83257f1cd20af9cbd1a36131641db7f8471f,202,67.33,4.00,1,6,4,0.022018,0.565463,Minotaur,minotaur(pow_w:0.50),2.33,212,0
43,0,0x6d6b2734a20229ddd7fd4a1470ba3e3bad4e4a85,3.642934,1772385293,920e2153a830204bc8c0d0b68fd933c9c59c53a059ff6f02f036d09ce61fef74,250,125.00,4.11,2,6,4,0.021969,0.565384,Minotaur,minotaur(pow_w:0.50),2.00,213,0
43,1,0xa3786e459f289a76c0e8af8ad834e3d0c6d47199,13.737343,1772385294,e991727b77e1b73b43d441c5e83aaf696b30cce980508c014833658b0c13daf2,137,68.50,3.67,1,5,4,0.021969,0.565386,Minotaur,minotaur(pow_w:0.50),1.50,214,0
43,2,0x6d6b2734a20229ddd7fd4a1470ba3e3bad4e4a85,4.644234,1772385296,3436f460a87d403b09fbd26ee7ef89e7860f8d38c33fb220292b10030e35fec5,118,118.00,4.25,1,6,4,0.022085,0.566553,Minotaur,minotaur(pow_w:0.50),0.98,215,0
43,3,0xd39dbd3662315e3935ec08e6b6028e73b3c09de2,2.921870,1772385298,cb0017d2f1439323e7cbe18d3a903f647f4a74093c674649ec3508084b10ef0c,194,97.00,3.60,1,5,4,0.022051,0.566675,Minotaur,minotaur(pow_w:0.50),1.46,216,0
43,4,0x30509a8084fdfe6fe24d9c9a817c209ad194f8e3,7.663799,1772385300,af2feb41254edd743057e3c56f8a75ace1cc4de7faaffe1e28070bff8704fba3,205,68.33,4.42,1,6,5,0.021981,0.566017,Minotaur,minotaur(pow_w:0.50),2.39,217,0
44,0,0x719361397abe003a91af76243e5f9c7a0cd4279f,9.553546,1772385303,c9f92c0c7d4bc9b3a7103764824ab021aef066a62e27ae4d73a519c47b306230,250,125.00,3.42,1,5,4,0.022013,0.566772,Minotaur,minotaur(pow_w:0.50),1.91,218,0
44,1,0xd46407aa7b668c72de3cf1c1a12b7fa2e308a1b2,5.994959,1772385304,e729ed8005612e0e5a6e794afc0cb310bb16a7b1b5276bfa5ad9a500320546ba,96,48.00,4.01,2,5,4,0.022086,0.567807,Minotaur,minotaur(pow_w:0.50),1.31,219,0
44,2,0xe6ebb0cdfd04183d498964e5efc4096ba77b17d6,10.302043,1772385306,d6cea530d5e9bf128580bf143ffa3137c8466423c429e5ea84177957526e46ec,103,103.00,3.89,1,5,4,0.022080,0.568149,Minotaur,minotaur(pow_w:0.50),1.00,220,0
44,3,0xdcf2130496e27a8094ab996aea4aa77788d65869,9.510217,1772385308,a10b8b0b3a6d0c140d622fbff4cebcc97ffc005181c5f1ae4f83c54ff467b02a,174,87.00,4.05,1,6,4,0.022166,0.569252,Minotaur,minotaur(pow_w:0.50),1.53,221,0
44,4,0x60705151f1f537cacd5b801f3ef1b31dc3f605de,0.301714,1772385311,77b93231561bd4df20cf42710702e54f978b985316b7a02411ba50a1fae68f64,250,83.33,3.84,1,5,4,0.022234,0.570188,Minotaur,minotaur(pow_w:0.50),2.07,222,0
45,0,0x34412315480562da4810040fd15c81f99880e1ab,4.898633,1772385312,af1d4f1c7b2d856f70dc6848b8e2f55c6d1abae19617343626629e363210193c,121,60.50,4.10,2,5,4,0.022107,0.567126,Minotaur,minotaur(pow_w:0.50),1.62,223,0
45,1,0x07902d0371763a00d97ed9ba16ff0a206cb0fd19,6.537869,1772385314,ae7c4df4094d54461f4627bd5eb00f8bfeeca4fa59fa2b4f14d215e3ef714f0e,106,106.00,4.00,1,6,4,0.022077,0.567222,Minotaur,minotaur(pow_w:0.50),1.00,224,0
45,2,0xbc3f8508d26048f2064aa8c068f4c94d08d77d18,8.074999,1772385316,9f9d27c42f0d897948a4644ce55a79d3ab7881be75365b385127b7534c51e9ff,242,121.00,2.65,1,4,3,0.022081,0.567645,Minotaur,minotaur(pow_w:0.50),1.38,225,0
45,3,0x89100a8056319ba37491b32ba255004180607bc2,7.792727,1772385318,0294dfa6937a806cc393725dfece53fcf0555eb0084b439e0eaf557c4f1af2f5,199,66.33,4.28,1,6,4,0.022117,0.568388,Minotaur,minotaur(pow_w:0.50),2.34,226,0
45,4,0xe478b1e4d1538274c0c70cbd7df877f9abab2f62,6.303276,1772385321,88ef60f6bd32ab94125607c27e0481641db1516693e655ac7242c34e10de8306,250,125.00,3.88,1,6,4,0.022145,0.569038,Minotaur,minotaur(pow_w:0.50),2.18,227,0
46,0,0xbc3f8508d26048f2064aa8c068f4c94d08d77d18,9.076909,1772385322,b230baeff508b0f2af20f438d2a11ebacf683a990b61928be7bc8c28d94dac3f,135,67.50,4.15,2,6,4,0.022142,0.569351,Minotaur,minotaur(pow_w:0.50),1.55,228,0
46,1,0x3513d672439a59c26cc5711f2b715ccb4810a774,2.290375,1772385324,1d7ea3f475004a436c8a389d532c1b0060ef51625c716f556983b70d108a7e87,104,104.00,4.20,1,6,4,0.022195,0.570183,Minotaur,minotaur(pow_w:0.50),0.99,229,0
46,2,0xdcf2130496e27a8094ab996aea4aa77788d65869,10.512497,1772385326,f6d13c925d56bb5b6b4a9d5929631e39879bb3d85a9b0a3c0249013085751cf0,200,100.00,3.72,1,5,4,0.022111,0.569040,Minotaur,minotaur(pow_w:0.50),1.43,230,0
46,3,0x606627477c3734932f47972f83c27cf4e3b35b4f,11.386447,1772385328,f2bb3220f8d7ec0b8b9b0d0df76cd110088d14d81cd727c7ea511aa365cbcc7d,242,80.67,3.84,1,5,4,0.022191,0.570077,Minotaur,minotaur(pow_w:0.50),2.18,231,0
46,4,0x269cdf52f97e1d9f14b7be895155a7b294f0b21d,1.723043,1772385331,04bcf9078c4700fdc0165452acf1210fdfd7f0aa9a17e5b9b8ec0f82055d840c,187,93.50,3.70,1,5,4,0.022287,0.571278,Minotaur,minotaur(pow_w:0.50),1.84,232,0
47,0,0xcb7977f4997b4252c0152e135dd79b3cfe35c1a5,0.623953,1772385332,d6e7d503e9922987e6e94111fe765f85703d91b535a887d6eb725a87bc9f74df,195,97.50,3.59,1,5,4,0.022191,0.569740,Minotaur,minotaur(pow_w:0.50),1.53,233,0
47,1,0x719361397abe003a91af76243e5f9c7a0cd4279f,10.554246,1772385334,380db6e58e1cc674802073fd6371431328d8f534bbd469afa05ec630ac954473,87,87.00,4.22,1,6,4,0.022075,0.567083,Minotaur,minotaur(pow_w:0.50),1.00,234,0
47,2,0xe184aeec69f3313df03bef8752946c65f0a70021,1.088417,1772385336,11155ecb4269558d1082cdc45e038a1e7d0a4912bc17fb17c5a8ad78946d4fb6,198,99.00,3.68,1,5,4,0.022153,0.568050,Minotaur,minotaur(pow_w:0.50),1.41,235,0
47,3,0xeaa5003682d7289190651081ae2bee847097afc5,4.764315,1772385339,ccd23944c77cf7ab117fb3c3528f3321da42cf8dbf2809d323b38f50c8818262,245,81.67,3.82,1,6,4,0.022153,0.568053,Minotaur,minotaur(pow_w:0.50),2.13,236,0
47,4,0xeaa5003682d7289190651081ae2bee847097afc5,4.764295,1772385340,86041d2c27307f423d7aec178cd2cbd0b817151fe9585d7ea1d33df45e9949f9,108,54.00,4.29,1,5,5,0.022153,0.568055,Minotaur,minotaur(pow_w:0.50),1.56,237,0
48,0,0xe478b1e4d1538274c0c70cbd7df877f9abab2f62,7.304426,1772385342,77cdeece933f97ed94282c05786e5269464ccb5cee62cb47152236ca9242ae8e,100,100.00,4.31,1,6,4,0.022101,0.568221,Minotaur,minotaur(pow_w:0.50),1.00,238,0
48,1,0x34412315480562da4810040fd15c81f99880e1ab,5.899413,1772385344,c0704712d0a73c74459f2b4589b8361aebec9fbfd053d731c8ef6ceb60174fc3,185,92.50,4.09,2,6,4,0.022113,0.568711,Minotaur,minotaur(pow_w:0.50),1.48,239,0
48,2,0x4414c05be2cf328f38d2e3ef4b705d6b894f044a,2.084929,1772385346,0de8fa93e3ca5a0c3eb8ff45d3b856d64ee57480b58c0ee7ecf0710bab5f75df,203,67.67,3.91,1,6,4,0.022099,0.568833,Minotaur,minotaur(pow_w:0.50),2.16,240,0
48,3,0xa3786e459f289a76c0e8af8ad834e3d0c6d47199,14.738173,1772385349,00b6aa5a6eed59ba3476450e0f55ac40b96a1a9eb430eaba7786c6aa5ddd01d2,247,123.50,3.91,1,5,4,0.022012,0.567519,Minotaur,minotaur(pow_w:0.50),1.91,241,0
48,4,0xc774b0fee7cabbef3b1ae14bf36db3df0d32c1df,1.169667,1772385350,d53a46316a7f99c1b391d95423d38dc2d8a63493e5f473aad86baf009d6ef820,122,61.00,4.25,1,6,4,0.022163,0.568814,Minotaur,minotaur(pow_w:0.50),1.30,242,0
49,0,0x5cd626f4b83428b146919d30f4b3e481d259a9dc,1.072573,1772385352,54360f520b057a0e0698e7cb3c7dad19dfe6ae7986ea7f1a2ad9b437b5612c60,91,91.00,3.90,1,5,4,0.022059,0.566833,Minotaur,minotaur(pow_w:0.50),0.99,243,0
49,1,0xeaa5003682d7289190651081ae2bee847097afc5,6.766265,1772385354,1d81ce63779c5cbbacbabd376e566af0aa07a9082ee0dd2c72d50c8d8a6af2d8,220,110.00,3.81,1,6,4,0.021954,0.564701,Minotaur,minotaur(pow_w:0.50),1.27,244,0
49,2,0x30405867b72597aaeb27803bb2c7f3f5fc7d5384,1.516734,1772385356,787fb179189810a4c6ad9650d14b0fade34f60cfaa4d67a8b8f887016ef1baeb,222,74.00,4.19,1,6,4,0.021955,0.565022,Minotaur,minotaur(pow_w:0.50),2.06,245,0
49,3,0x0d91704595bff3aec25d40822498a51c62b05e3a,3.571876,1772385359,4668677a11fb6fd376fa3938561c1081e22cda02a259f1bcec42e267a6dbd2a0,130,65.00,3.58,2,5,4,0.021859,0.563266,Minotaur,minotaur(pow_w:0.50),1.68,246,0
49,4,0x81d019380961f92c2031b0a7fba69f7675145088,1.492023,1772385361,06513d6da7a624bba3fc9261abae3cd83b02ea1770a04d8449ecdd20e8420771,189,94.50,3.32,1,5,3,0.021802,0.562943,Minotaur,minotaur(pow_w:0.50),1.44,247,0
50,0,0x81d019380961f92c2031b0a7fba69f7675145088,2.494103,1772385363,c8749fbabd22b25433e16ae41d84e32f3938f73068162acd99da21d4649d3a03,209,104.50,3.73,1,5,4,0.021707,0.561126,Minotaur,minotaur(pow_w:0.50),1.45,248,0
50,1,0x6414c6a8400ff3419cd81855d09de2848d770e0e,3.157956,1772385365,ce560d1c934ceaf808ff1ac0d778b26e5affc6bbc7e20addb9389f92cd25cc4f,250,83.33,3.70,1,5,4,0.021631,0.560102,Minotaur,minotaur(pow_w:0.50),2.26,249,0
50,2,0x81193196c1dbdbf80709d43a5af5ce21c201fbd7,2.837089,1772385368,c9d43ac08d780c0ab9525892b0df5ec9a09cf6a650276259907ce2f534882b09,168,84.00,4.00,2,5,4,0.021631,0.560105,Minotaur,minotaur(pow_w:0.50),1.73,250,0
50,3,0xaadc5fea232580cb8fba739ac5d05a48559c7e52,6.358843,1772385369,cef4b0846636e635f096af6d27495b45156640e513c3ccc16724de98a2ee7241,201,100.50,4.07,2,6,4,0.021631,0.560107,Minotaur,minotaur(pow_w:0.50),1.55,251,0
50,4,0x07902d0371763a00d97ed9ba16ff0a206cb0fd19,7.539669,1772385371,0aa283a5f9e964c03cb251c84cb29fc77a65f952d2a61753d4264c96eaea968e,93,93.00,4.20,1,6,4,0.021555,0.559501,Minotaur,minotaur(pow_w:0.50),0.98,252,0
51,0,0x30509a8084fdfe6fe24d9c9a817c209ad194f8e3,8.665679,1772385373,3d3ac11e420ca33fa4916162e8aad1f9d608e4a7c401bc1172a9a02951ff4736,250,83.33,2.76,1,4,3,0.021569,0.559981,Minotaur,minotaur(pow_w:0.50),2.13,253,0
51,1,0x89100a8056319ba37491b32ba255004180607bc2,8.794647,1772385376,adef8e65ad133568aa83c40869ba1646a12b0f0537bdc0d81c8d1ecaf48306fb,149,74.50,3.43,2,5,4,0.021602,0.560692,Minotaur,minotaur(pow_w:0.50),1.64,254,0
51,2,0x89100a8056319ba37491b32ba255004180607bc2,8.794627,1772385377,a207a7156b029ae94f0e3ddb50ff844c88aae25c2e01da559f8eea36ef5bd678,228,114.00,3.83,1,6,4,0.021602,0.560693,Minotaur,minotaur(pow_w:0.50),1.52,255,0
51,3,0xbc3f8508d26048f2064aa8c068f4c94d08d77d18,10.077319,1772385379,28b9fe44af8bb3e6f4dbcebf7bc4065071a29eafce883627ea260f1f331425d3,92,92.00,3.93,1,5,4,0.021688,0.562174,Minotaur,minotaur(pow_w:0.50),0.99,256,0
51,4,0x8c11ec9090dd820c076e57e899d9c604c79d6b32,4.566579,1772385381,88742a7241fe069b1aa99ed47e9b32a188791113e7164317eefa83c1b6e31a10,225,112.50,4.29,1,6,4,0.021744,0.562973,Minotaur,minotaur(pow_w:0.50),1.44,257,0
52,0,0xe6ebb0cdfd04183d498964e5efc4096ba77b17d6,11.302973,1772385384,0f6f41c0e10d763e0f83d6b24c6fbd55a49338268fdafca6d15f47ac28ef31cc,250,83.33,4.00,1,6,4,0.021703,0.562938,Minotaur,minotaur(pow_w:0.50),2.26,258,0
52,1,0x95ab54d268473cce82094026afefdbd5cadf418b,2.598188,1772385385,7ec42dcb3eef88f4718649131dae65510f527b4bc57da0b6eb25dbb7a633af2b,168,84.00,4.09,1,6,4,0.021778,0.563982,Minotaur,minotaur(pow_w:0.50),1.88,259,0
52,2,0x07902d0371763a00d97ed9ba16ff0a206cb0fd19,8.541969,1772385387,cbddc2612cee575135878c6e0e0fc88adcba51311776a96ba74cf29f57910b14,99,99.00,4.42,1,6,5,0.021704,0.562974,Minotaur,minotaur(pow_w:0.50),0.99,260,0
52,3,0x1796dc61e715f15a2d27dfa32bd34780f12a8c24,6.728871,1772385389,e1a534874e9fec66a02da987189259218e6f3aca83562ff7a4bea13dd093ebfd,250,125.00,2.62,1,4,3,0.021731,0.563546,Minotaur,minotaur(pow_w:0.50),1.33,261,0
52,4,0x30509a8084fdfe6fe24d9c9a817c209ad194f8e3,9.666959,1772385391,7213105dc4dd77475587ae88fd2ded2b81b73a597241cff2f43bb9b1c0956a7f,232,77.33,3.31,1,5,3,0.021726,0.563742,Minotaur,minotaur(pow_w:0.50),2.02,262,0
53,0,0x30509a8084fdfe6fe24d9c9a817c209ad194f8e3,10.668799,1772385394,fb1a51b8d331ed4e322b62ec1fb28ef98bf5e10ea2b0c72b830367739e44906c,186,93.00,3.39,1,5,4,0.021770,0.564424,Minotaur,minotaur(pow_w:0.50),1.48,263,0
53,1,0x13f9dadc05f6c237b03411e2aed1800cf21a5d89,0.272842,1772385396,959d6047e015b635d641ce54d88caa92648e6742d37f1deff886ce45d8a3620b,175,87.50,3.31,1,5,3,0.021830,0.565235,Minotaur,minotaur(pow_w:0.50),1.48,264,0
53,2,0x63f4973c0df8a5358405f396dc0673a463c48de9,11.912237,1772385398,0943516c39ee1f30992b066f7a0b331a1bc57b8cff1760109684b6c542f1fdb6,210,105.00,3.08,1,5,3,0.021718,0.562399,Minotaur,minotaur(pow_w:0.50),1.53,265,0
53,3,0x89100a8056319ba37491b32ba255004180607bc2,10.797587,1772385400,8b5ec45d6b04641937a90e1b59feaac2393efc152f2e0bc909204e266e3e4697,229,114.50,3.56,2,5,4,0.021797,0.563521,Minotaur,minotaur(pow_w:0.50),1.31,266,0
53,4,0xa3786e459f289a76c0e8af8ad834e3d0c6d47199,15.738853,1772385403,d1dc28435d017b8e7bfbff196b7cc5ed9ec9d28cac272dd3a6daa7801d24df30,250,83.33,3.85,1,6,4,0.021797,0.563523,Minotaur,minotaur(pow_w:0.50),2.06,267,0
54,0,0x4a217e35f6402e7f62a49f6d62e27c6585c2f3fd,4.492587,1772385404,256502a55c83c6de38b506e27ebf5d2d7b8932c64283082d408a086a7c782f79,127,63.50,4.23,1,6,4,0.021797,0.563525,Minotaur,minotaur(pow_w:0.50),1.54,268,0
54,1,0x95ab54d268473cce82094026afefdbd5cadf418b,3.598958,1772385406,f7d72bf30b6e9e91a0b81e2f9b8a1977d1328ad768613f9f9c954b8d6a461c37,102,102.00,3.66,1,5,4,0.021893,0.564643,Minotaur,minotaur(pow_w:0.50),1.02,269,0
54,2,0x606627477c3734932f47972f83c27cf4e3b35b4f,12.387577,1772385408,daf7bb20578f5c957d3fb5ef1e359d9cf06ff1a134432dd5ad71bf08ca12fded,207,103.50,4.31,1,6,4,0.021835,0.564267,Minotaur,minotaur(pow_w:0.50),1.44,270,0
54,3,0x9bdb1c7ad4bd8fe797b07c08117c74a591dbab2d,1.445012,1772385410,3e3c6d3030af7943bee6bf57d317a550d4cc28a10deff28a1241572d314ec918,250,83.33,3.60,1,5,4,0.021835,0.564270,Minotaur,minotaur(pow_w:0.50),2.25,271,0
54,4,0xe478b1e4d1538274c0c70cbd7df877f9abab2f62,8.305526,1772385412,141d9605e90f8dc473b08f29dd2864296d044e80c97954b53562cabb23292c43,153,76.50,3.74,1,5,4,0.021918,0.565391,Minotaur,minotaur(pow_w:0.50),1.76,272,0
55,0,0x58a21eeb7ab18ba8adf1296e66a4487076e95dac,9.099094,1772385414,ae61fc54d5eb70b2bb4661a622baf680e41620800fa2920ac6feecb9438aa19e,115,115.00,4.01,1,6,4,0.021842,0.564078,Minotaur,minotaur(pow_w:0.50),0.98,273,0
55,1,0xcdfb7a191f0bf929991735127c8d1b4e5b99de22,0.043968,1772385416,9dd0e0d66d826c2af14a2d389d5267d04e0e82a7c94016a71d7b63289e02fd5e,218,109.00,3.89,1,6,4,0.021871,0.564623,Minotaur,minotaur(pow_w:0.50),1.39,274,0
55,2,0x30509a8084fdfe6fe24d9c9a817c209ad194f8e3,11.670279,1772385418,fd5fd61bb6df0c4a25ba01b95b81e864ab25b2d1230a6347b811eaa48b6e71a6,244,81.33,4.27,1,6,4,0.021757,0.561577,Minotaur,minotaur(pow_w:0.50),2.34,275,0
55,3,0xbc3f8508d26048f2064aa8c068f4c94d08d77d18,11.079069,1772385421,1729a17276f7d77d3709799c8be25853d83abf82a90321fa340d65b33268656a,191,95.50,3.52,1,5,4,0.021757,0.561581,Minotaur,minotaur(pow_w:0.50),1.77,276,0
55,4,0x28672c71695142588ed26ada6f4b18b8b6c12308,1.688798,1772385422,6e8ec3dcadc2a8a97d055a1301054948edd6752e9df1d373a0890930a7962691,209,104.50,4.30,1,6,4,0.021816,0.562435,Minotaur,minotaur(pow_w:0.50),1.52,277,0
56,0,0x63f4973c0df8a5358405f396dc0673a463c48de9,12.914237,1772385424,d84d143469c2d53e29a124a35b7916c1a3731a154c76ac0478592660f6251fdc,109,109.00,3.55,1,5,4,0.021729,0.560797,Minotaur,minotaur(pow_w:0.50),0.95,278,0
56,1,0x606627477c3734932f47972f83c27cf4e3b35b4f,13.389887,1772385426,ca410c98457084f1c8c7f7d6a7b70b2b7262bda036721b6b712a099c6fc1034e,250,83.33,3.49,1,5,3,0.021815,0.561910,Minotaur,minotaur(pow_w:0.50),2.28,279,0
56,2,0x8c11ec9090dd820c076e57e899d9c604c79d6b32,5.568659,1772385428,172ba2af26f489fb9718f8e2fa9966360be8c82ad7ae509d5b85f1cd0d362cb6,199,99.50,3.72,1,5,4,0.021815,0.561911,Minotaur,minotaur(pow_w:0.50),1.87,280,0
56,3,0xc24b36dee27726233c3bbd9e1f028f98b6b2a424,4.410759,1772385430,974057cc4cfbbf5a16e48cfd6d7469169eb95ccfa3182d2edba7dc52fc388627,108,108.00,4.27,1,6,4,0.021788,0.561935,Minotaur,minotaur(pow_w:0.50),1.00,281,0
56,4,0xeb82a21cb3d0dd781eb22ad74bb7cd9b4d2a06ec,7.928065,1772385432,0f1eebca264edd9eb6438a8c65b76b35c6f8b3252bf4d4780201938167ad5b29,222,111.00,3.99,1,6,4,0.021743,0.561772,Minotaur,minotaur(pow_w:0.50),1.50,282,0
57,0,0xaadc5fea232580cb8fba739ac5d05a48559c7e52,7.359153,1772385434,019394f3f9870142743fa2cea974b2c824c60d5afc124aedbb50163b902f2d17,237,79.00,3.87,1,6,4,0.021751,0.562182,Minotaur,minotaur(pow_w:0.50),2.33,283,0
57,1,0x0d91704595bff3aec25d40822498a51c62b05e3a,4.572966,1772385436,50125440bc25b698a20715cafcb1f31203440668df09e6bc65d7cfa071b5dc91,128,64.00,4.45,1,6,5,0.021750,0.562475,Minotaur,minotaur(pow_w:0.50),1.93,284,0
57,2,0x49b57eb4dace37c8819daf079c9c674f766d4f38,3.230420,1772385438,1f306e43a6a6c48e29a091739b5fc27cd6377b12a99ffac827538ab857e31dc3,123,123.00,3.30,1,5,3,0.021707,0.562293,Minotaur,minotaur(pow_w:0.50),1.03,285,0
57,3,0x016d3fc36beee7caa8fbd6c1caa42461dd7f9850,2.879629,1772385440,d68d8f82ae0ec054d88b81829c25dcfa9abf1bc84f3ded6e94503b6ea9635df4,188,94.00,3.97,2,6,4,0.021644,0.561740,Minotaur,minotaur(pow_w:0.50),1.54,286,0
57,4,0x3513d672439a59c26cc5711f2b715ccb4810a774,3.291265,1772385442,3e39557ab898c155f0a9c73681ad0d36c00ca47d000cc244e67aa0b7c488ddf0,248,82.67,3.03,1,4,3,0.021577,0.560908,Minotaur,minotaur(pow_w:0.50),2.09,287,0
58,0,0xeaa5003682d7289190651081ae2bee847097afc5,7.767805,1772385445,1f2f1a8608fb2d7904373ab83037d87970ebcc2272ad6aa2459bbc95823a6e0b,213,106.50,3.80,1,5,4,0.021515,0.560307,Minotaur,minotaur(pow_w:0.50),1.75,288,0
58,1,0x30509a8084fdfe6fe24d9c9a817c209ad194f8e3,11.670059,1772385446,b612b36671f29405e0d58b9cee626106900709d52c96d7d9ac85eeece5f1039e,176,88.00,4.37,1,6,5,0.021515,0.560308,Minotaur,minotaur(pow_w:0.50),1.61,289,0
58,2,0xbc3f8508d26048f2064aa8c068f4c94d08d77d18,12.080859,1772385448,f70d6c6477495b73bed162bc6a8869e98a83749ed00e8cc4231744a33fd9f364,115,115.00,3.24,1,5,3,0.021577,0.561252,Minotaur,minotaur(pow_w:0.50),0.97,290,0
58,3,0xdcf2130496e27a8094ab996aea4aa77788d65869,11.513687,1772385450,0abca32819e586abf514229fcf7284b310c339bc6fa4505a101c887b059384ed,163,81.50,4.26,2,6,4,0.021644,0.562207,Minotaur,minotaur(pow_w:0.50),1.45,291,0
58,4,0x26d553a2f4343b3a7dc88bbd87b3d0a25d3838d9,10.228230,1772385453,74b5072eacd6d2559aaba03c418a3e6f0b001a96344684b16d6bd36079d1e1b3,250,83.33,3.94,1,5,4,0.021702,0.563037,Minotaur,minotaur(pow_w:0.50),2.05,292,0
59,0,0xeb82a21cb3d0dd781eb22ad74bb7cd9b4d2a06ec,8.930305,1772385454,d73e8e4c2de36067f34f74f5e92ac0150c60e5afa463558171be7e2f05727fa7,109,54.50,3.76,1,5,4,0.021740,0.563671,Minotaur,minotaur(pow_w:0.50),1.44,293,0
59,1,0x13f9dadc05f6c237b03411e2aed1800cf21a5d89,1.274412,1772385456,b26b04416bd623783ab2f553c60661c71e0c25048083b182bf40e3155a781340,101,101.00,3.93,1,6,4,0.021759,0.564121,Minotaur,minotaur(pow_w:0.50),0.99,294,0
59,2,0x63f4973c0df8a5358405f396dc0673a463c48de9,13.916397,1772385458,fe13c6152d768072c710dfe6ff85ecf91f7e9d90bb91c418b10448b0723f3ecb,243,121.50,2.86,1,5,3,0.021668,0.562229,Minotaur,minotaur(pow_w:0.50),1.29,295,0
59,3,0x26d553a2f4343b3a7dc88bbd87b3d0a25d3838d9,11.229230,1772385460,bc7fab107eb789072b90866ac2dcbc2bfb85bf8804f63fe42ec75e44534c1715,234,78.00,3.56,2,5,4,0.021758,0.563319,Minotaur,minotaur(pow_w:0.50),1.90,296,0
59,4,0x07902d0371763a00d97ed9ba16ff0a206cb0fd19,9.543789,1772385463,e5695460f0f8785ac180e7989643189797e516e3b0608340a27f2beee622c524,125,62.50,3.86,1,5,4,0.021758,0.563321,Minotaur,minotaur(pow_w:0.50),1.33,297,0
60,0,0xd1cd4b808ce6b2841ad42746b64c5a047e857ef0,1.236144,1772385465,db62461148155da3756452eb5b381ff56fe951529f4d42fe01faa0273ee2ac99,194,97.00,2.73,1,4,3,0.021833,0.564538,Minotaur,minotaur(pow_w:0.50),1.46,298,0
60,1,0xeaa5003682d7289190651081ae2bee847097afc5,7.767545,1772385467,ea9d1ebd7cda680e76b310e9eca6956f47653b43aa0713ef1f0fe026267d381e,205,102.50,3.92,2,6,4,0.021742,0.562589,Minotaur,minotaur(pow_w:0.50),1.44,299,0
60,2,0x49b57eb4dace37c8819daf079c9c674f766d4f38,4.232040,1772385469,1f98ca94fad11cca1eba0e310264f8b90104104d70bc06b589c2a57765e4ae18,221,73.67,4.07,1,6,4,0.021743,0.562897,Minotaur,minotaur(pow_w:0.50),2.27,300,0
60,3,0x07902d0371763a00d97ed9ba16ff0a206cb0fd19,10.545609,1772385472,82c71d6dd1010a3e324aa4846dbfd964839cb8cc4004d1b0db7d9aef06fdbc60,218,109.00,3.91,2,5,4,0.021743,0.562900,Minotaur,minotaur(pow_w:0.50),1.91,301,0
60,4,0x606627477c3734932f47972f83c27cf4e3b35b4f,13.389477,1772385473,6b440397b9e5c577e67818aadbe7ea4b0710a39d3287eddedef6117e476cc0de,199,99.50,2.77,2,4,3,0.021732,0.563205,Minotaur,minotaur(pow_w:0.50),1.55,302,0
61,0,0x9ba702916c26a8583a7f277d6932b3c0d9927ce0,0.192757,1772385475,7f7315de229ddb4e590b28636f6cde3c1cc3e7c506dd271e5792722bd68468a8,98,98.00,3.55,1,5,4,0.021809,0.564221,Minotaur,minotaur(pow_w:0.50),0.96,303,0
61,1,0xd1cd4b808ce6b2841ad42746b64c5a047e857ef0,2.238084,1772385477,07c82b53311c7d90ca58a8ed21a5cc350643ad3a042a47d34e2896cf69d583d4,211,105.50,3.67,1,5,4,0.021704,0.561489,Minotaur,minotaur(pow_w:0.50),1.42,304,0
61,2,0xbc3f8508d26048f2064aa8c068f4c94d08d77d18,13.082229,1772385479,383b6f24d5098dcb0e5b0b8e0d36f2d544e5ff2caafa70e3aa5e76a796600dd3,250,83.33,3.83,1,6,4,0.021629,0.560250,Minotaur,minotaur(pow_w:0.50),2.17,305,0
61,3,0x687bf2437a044a3e42ff2f8a79a8e54ba9601f70,3.064699,1772385482,3ad0507bb0fdd68ef72e4e40e43e0a0df52988f6c25f7a614699720879799e74,211,105.50,4.22,1,6,4,0.021629,0.560253,Minotaur,minotaur(pow_w:0.50),1.76,306,0
61,4,0x7e40df5d801345015e84c843908efc6683665fa4,7.667629,1772385484,d8c970957fecd646452406505b993c37abec053cc12eb59cdbc9c0973006200d,197,98.50,3.77,1,5,4,0.021635,0.560455,Minotaur,minotaur(pow_w:0.50),1.48,307,0
62,0,0xeaa5003682d7289190651081ae2bee847097afc5,8.769475,1772385486,9b72b545beda1796daf579631ac04dc10c349b418287b5e9dcc6e7c99e90a90d,223,111.50,3.50,1,5,3,0.021632,0.560704,Minotaur,minotaur(pow_w:0.50),1.47,308,0
62,1,0x30405867b72597aaeb27803bb2c7f3f5fc7d5384,2.516574,1772385488,75ab546528fd94d3786d108d68643280ae4bd0c78c2f201a19f0653a4d0642ff,238,79.33,4.25,1,6,4,0.021644,0.561063,Minotaur,minotaur(pow_w:0.50),2.30,309,0
62,2,0xaadc5fea232580cb8fba739ac5d05a48559c7e52,8.359943,1772385491,94bec9890419d21a74e78d285aeafba138d178213312ef12c46bf3a548423d9a,203,101.50,3.46,1,5,4,0.021573,0.559944,Minotaur,minotaur(pow_w:0.50),1.91,310,0
62,3,0xbc3f8508d26048f2064aa8c068f4c94d08d77d18,14.084209,1772385492,5413efc4af9c9d6a876271e1138e63aeb0b1fca596239202dcfc5a6c15b37a23,200,100.00,4.45,1,6,5,0.021579,0.560215,Minotaur,minotaur(pow_w:0.50),1.51,311,0
62,4,0xa3786e459f289a76c0e8af8ad834e3d0c6d47199,16.739293,1772385494,662bdae3bc9351c46cc69a4cfa408eb2434acb27fa949a1fcadced7b6a44d50e,108,108.00,4.34,1,6,4,0.021659,0.561207,Minotaur,minotaur(pow_w:0.50),0.98,312,0
63,0,0x26d553a2f4343b3a7dc88bbd87b3d0a25d3838d9,12.230110,1772385496,cfaf14c203719f3b4dba389b2ef16309937976abb18282c33d547a62179bfc14,168,84.00,4.34,2,6,4,0.021772,0.562303,Minotaur,minotaur(pow_w:0.50),1.53,313,0
63,1,0x719361397abe003a91af76243e5f9c7a0cd4279f,11.554576,1772385499,1e40b168643e6585df6d67cf39d8514bd2a2f8482d790f9a093501c543fcec35,250,83.33,3.85,1,5,4,0.021772,0.562305,Minotaur,minotaur(pow_w:0.50),2.21,314,0
63,2,0xa5a12d96532497871d73549e55ab377e3dcb3a40,2.108352,1772385500,90f79fc4f353f26d06ea45647b1e830f63073b7057034043b33927cc6111897c,140,70.00,3.83,1,5,4,0.021870,0.563834,Minotaur,minotaur(pow_w:0.50),1.79,315,0
63,3,0x282f43759e22b50aa7989261c51c367f325c3f91,3.351677,1772385502,c161bebea54bc2d43f344c46f44f46eb2393073139b41e38b8f89cc44f7965ea,100,100.00,4.01,1,5,4,0.021794,0.562467,Minotaur,minotaur(pow_w:0.50),1.00,316,0
63,4,0x4414c05be2cf328f38d2e3ef4b705d6b894f044a,3.085829,1772385504,0c8cdb3f228aed2f9112198620884e289b9d9565d616989016d0939ef8e7008c,201,100.50,3.84,1,5,4,0.021733,0.561838,Minotaur,minotaur(pow_w:0.50),1.49,317,0
64,0,0x49b57eb4dace37c8819daf079c9c674f766d4f38,5.233910,1772385506,bd06a68f8dc2329532badb7ea5e0a675f3c7b9d8470eb3cb7dd1deaee17888b7,250,83.33,3.92,1,6,4,0.021669,0.561003,Minotaur,minotaur(pow_w:0.50),2.24,318,0
64,1,0x34412315480562da4810040fd15c81f99880e1ab,6.899603,1772385509,5efd09b2372ef223e764bc0a04e10e2ea59a4f7f86d80976e81ca75b1a954042,238,119.00,3.95,1,6,4,0.021669,0.561006,Minotaur,minotaur(pow_w:0.50),1.85,319,0
64,2,0xfdc414c57908f0e2a6a926079902d4688d553610,3.180162,1772385511,fdf5e7bd733f3cca08b2079a266a0c03dda473972213d0dcdde5aa49760e35c0,199,99.50,3.99,1,6,4,0.021654,0.561138,Minotaur,minotaur(pow_w:0.50),1.58,320,0
64,3,0xe478b1e4d1538274c0c70cbd7df877f9abab2f62,9.305576,1772385513,ed0c4bc773ee04b95892da07f32851a8888a849eb57e43d0798ea4e6c9f11a08,245,122.50,4.78,1,6,5,0.021592,0.560328,Minotaur,minotaur(pow_w:0.50),1.47,321,0
64,4,0xbc3f8508d26048f2064aa8c068f4c94d08d77d18,15.084999,1772385515,a7d2fdf93f707ade9a54a8fc75efc51b048ae98ab00bdb1eb535be53eeffa48f,164,82.00,3.88,1,6,4,0.021606,0.560708,Minotaur,minotaur(pow_w:0.50),1.35,322,0
65,0,0xd46407aa7b668c72de3cf1c1a12b7fa2e308a1b2,6.993819,1772385518,b02dac99c7b167f44e0bbd10704b80f6abc53e523bbc6a566ee47a5e5e68105f,250,83.33,4.28,1,6,4,0.021606,0.560711,Minotaur,minotaur(pow_w:0.50),2.10,323,0
65,1,0x8c11ec9090dd820c076e57e899d9c604c79d6b32,6.568879,1772385519,41e85c7642d1e9cf57c73a9f7aeded6e502dae466c5e4624d236f58d9555bcaf,132,66.00,4.02,2,5,4,0.021606,0.560712,Minotaur,minotaur(pow_w:0.50),1.58,324,0
65,2,0x89100a8056319ba37491b32ba255004180607bc2,10.796417,1772385521,09afd8264eccb73541cdd00efd46781589f7a690a152c3401eddb4c92f89edbf,83,83.00,4.18,1,6,4,0.021587,0.560768,Minotaur,minotaur(pow_w:0.50),0.99,325,0
65,3,0xd39dbd3662315e3935ec08e6b6028e73b3c09de2,3.921410,1772385523,96e259118b9e66eb8de4cf554e449ebca3c2a490003ea0a3710874bbed3aa743,237,79.00,3.84,1,6,4,0.021619,0.561308,Minotaur,minotaur(pow_w:0.50),2.39,326,0
65,4,0x4a217e35f6402e7f62a49f6d62e27c6585c2f3fd,5.492307,1772385526,2c47ce4cbcbb0fe96a10a5a7b988a12a5546736321989a6b373bebcffe16f9af,222,111.00,4.39,1,6,5,0.021619,0.561312,Minotaur,minotaur(pow_w:0.50),2.10,327,0
66,0,0x30509a8084fdfe6fe24d9c9a817c209ad194f8e3,12.670319,1772385527,dc301d6522155c1c2e0ecb2a09cb08ce243cd78c0261f795b72b510dc206e0c6,155,77.50,3.70,1,5,4,0.021566,0.560898,Minotaur,minotaur(pow_w:0.50),1.64,328,0
66,1,0x719361397abe003a91af76243e5f9c7a0cd4279f,12.555726,1772385529,574692f4bc367c20bfdaaad04f412f5baf5a79cd9b793a661a1a33cdeda2d504,103,103.00,3.37,1,5,3,0.021587,0.561697,Minotaur,minotaur(pow_w:0.50),0.97,329,0
66,2,0xe478b1e4d1538274c0c70cbd7df877f9abab2f62,10.307076,1772385531,6daf1bdd1f634f5f399851108e36f4f5557dca6d3e632885902df3b897bab47a,212,106.00,3.87,1,5,4,0.021639,0.562475,Minotaur,minotaur(pow_w:0.50),1.43,330,0
66,3,0x606627477c3734932f47972f83c27cf4e3b35b4f,14.389807,1772385533,c03f2a8cc74eb4a56a4e871ee99b27f0da54fac46ad6d8b22c6c25940dd0f9ee,210,70.00,3.99,1,6,4,0.021663,0.562939,Minotaur,minotaur(pow_w:0.50),2.25,331,0
66,4,0x63f4973c0df8a5358405f396dc0673a463c48de9,14.917887,1772385536,f072717b00b625fe33401ffc112c47e883507d50bf5c64b76ee6c0ce4c98c097,250,125.00,3.68,1,5,4,0.021736,0.563880,Minotaur,minotaur(pow_w:0.50),1.92,332,0
67,0,0x269cdf52f97e1d9f14b7be895155a7b294f0b21d,2.723033,1772385537,82efaa2131f89e474044d4170a084e0c7a5191ac3d4db508a277326f21cc804d,115,57.50,3.56,1,5,4,0.021814,0.564843,Minotaur,minotaur(pow_w:0.50),1.30,333,0
67,1,0xcb7977f4997b4252c0152e135dd79b3cfe35c1a5,1.622563,1772385539,201121d716d242209f63b5f41d240e31f033cd7244035d58b1e46894a96fe267,117,117.00,3.44,2,5,4,0.021746,0.563750,Minotaur,minotaur(pow_w:0.50),0.90,334,0
67,2,0xdcf2130496e27a8094ab996aea4aa77788d65869,12.515467,1772385541,b8d2a29379042d3b1fd6b0d11d141ce9a1287f17bc5f687867264e37d2e2e70a,202,67.33,4.05,1,6,4,0.021665,0.562114,Minotaur,minotaur(pow_w:0.50),2.21,335,0
67,3,0x4a217e35f6402e7f62a49f6d62e27c6585c2f3fd,6.493647,1772385544,6211ba3e4003a7d3d27584a5b260fd8114fddd861e3f3ee60681e85606e3714e,238,119.00,4.01,2,5,4,0.021713,0.562830,Minotaur,minotaur(pow_w:0.50),1.95,336,0
67,4,0x4a217e35f6402e7f62a49f6d62e27c6585c2f3fd,7.495587,1772385545,87769fa8a37a5c65ca085975bca94601130e182b5ea694e0ecf46e8b8ccd6b0e,194,97.00,3.60,2,5,4,0.021690,0.562825,Minotaur,minotaur(pow_w:0.50),1.47,337,0
68,0,0x9ba702916c26a8583a7f277d6932b3c0d9927ce0,1.194067,1772385547,b16fcc94d8f9124d1cdaefe9d68506ec6365541f698b6e3a13b6a6d8a1dbf4c6,105,105.00,3.60,1,5,4,0.021679,0.562957,Minotaur,minotaur(pow_w:0.50),0.97,338,0
68,1,0x07902d0371763a00d97ed9ba16ff0a206cb0fd19,11.546919,1772385549,0de276b471bebbd90f2b599affdccd994735a55da86d9e399c4fbd77c32ea373,219,109.50,3.57,1,5,4,0.021594,0.561081,Minotaur,minotaur(pow_w:0.50),1.24,339,0
68,2,0x3513d672439a59c26cc5711f2b715ccb4810a774,4.292385,1772385552,c00897c91d0a743d24ddc2173c37792bdd57878c4ebf0356d558fd14260e0810,250,83.33,2.84,1,4,3,0.021594,0.561083,Minotaur,minotaur(pow_w:0.50),1.92,340,0
68,3,0x6064b9f5883bf9737dfe314ff68c56e09e68ac89,3.187569,1772385553,1ce370ddc4ad59523187c0051ab75f4c065ce505c025bd505b794cdee748a3d7,136,68.00,3.82,1,5,4,0.021581,0.561353,Minotaur,minotaur(pow_w:0.50),1.29,341,0
68,4,0xa3786e459f289a76c0e8af8ad834e3d0c6d47199,17.740403,1772385555,ab5a44ce80df6bc65f74d532d63fbb127cf1877211cedcd5b12ddeb88ad83b62,76,76.00,3.71,1,5,4,0.021520,0.560501,Minotaur,minotaur(pow_w:0.50),0.99,342,0
69,0,0x30509a8084fdfe6fe24d9c9a817c209ad194f8e3,13.670999,1772385557,bf21669c1e5a4a9cfb7e28b250e49096c31e5f39bcdf127594bfc8e57b2475c2,215,107.50,4.16,1,6,4,0.021625,0.561529,Minotaur,minotaur(pow_w:0.50),1.46,343,0
69,1,0x58a21eeb7ab18ba8adf1296e66a4487076e95dac,10.099844,1772385559,28899d8da72348ce6591a40a9b045cb2b9471b71717a803d4b69f3e78f812dfc,250,83.33,3.32,1,5,3,0.021683,0.562362,Minotaur,minotaur(pow_w:0.50),2.30,344,0
69,2,0xeaa5003682d7289190651081ae2bee847097afc5,9.771135,1772385562,52eac3691d0a67734ff06b19a172b693219bcd97d3f6472c9835ef7bcaed0525,193,96.50,3.91,1,5,4,0.021699,0.562762,Minotaur,minotaur(pow_w:0.50),1.82,345,0
69,3,0xac768e60b9269babb15cb1e36ee843243d7c7543,11.728218,1772385563,de9610e7e9481e6778ebc6f28b089836887e5d65879747edf742de24fcfb30ce,209,104.50,4.30,2,6,4,0.021712,0.563107,Minotaur,minotaur(pow_w:0.50),1.53,346,0
69,4,0xc4dc29db975b952e04358340e56b68fa4ba63fbc,2.541831,1772385565,69c2ee6d2798101f31f369233e1ca51ef77f9f65cf05a60a612b50a0f5a1bf1f,91,91.00,4.02,3,5,4,0.021746,0.563670,Minotaur,minotaur(pow_w:0.50),1.00,347,0
70,0,0x719361397abe003a91af76243e5f9c7a0cd4279f,13.557566,1772385567,0b3bb1e18d21b19366b91262d02e4193c63f6bfef825857dfb0014c2c10eeca1,232,77.33,3.61,1,5,4,0.021677,0.562471,Minotaur,minotaur(pow_w:0.50),2.17,348,0
70,1,0x30509a8084fdfe6fe24d9c9a817c209ad194f8e3,14.673409,1772385570,70b580fd510bfa378b70d2cf2b17cc800eeccbc0c1097d6f22591eed5e77cce7,140,70.00,3.95,1,5,4,0.021731,0.563244,Minotaur,minotaur(pow_w:0.50),1.55,349,0
70,2,0xeb82a21cb3d0dd781eb22ad74bb7cd9b4d2a06ec,9.930255,1772385572,76192156c1f5b3ae490fb8db6b35cc44731eaa0692d3d1d33db1dd76eb30d487,201,100.50,3.44,1,5,4,0.021796,0.564101,Minotaur,minotaur(pow_w:0.50),1.51,350,0
70,3,0xcb7977f4997b4252c0152e135dd79b3cfe35c1a5,2.624253,1772385574,cbafc0e9901b3a5a8df63a51c092a47403c147a8559868c2ff6ee005f29bb285,184,92.00,4.11,1,6,4,0.021808,0.564407,Minotaur,minotaur(pow_w:0.50),1.58,351,0
70,4,0x606627477c3734932f47972f83c27cf4e3b35b4f,15.391867,1772385576,c03f951dd2f0ba1923873e5cd0987f315822b1503c86f7b53bf515d649ccdc48,240,80.00,4.17,1,6,4,0.021741,0.563210,Minotaur,minotaur(pow_w:0.50),2.27,352,0
71,0,0x07902d0371763a00d97ed9ba16ff0a206cb0fd19,12.549159,1772385579,6d525abd46d1827991cb38d87f78a7ae64c6faf7ee5954df82eda73eb8b78be2,250,125.00,3.66,1,5,4,0.021812,0.564124,Minotaur,minotaur(pow_w:0.50),1.96,353,0
71,1,0xac768e60b9269babb15cb1e36ee843243d7c7543,12.728998,1772385580,5438eeba5c697eecf24ba068c07f7237e55022209dfc402e7106dc0ae9373234,103,51.50,2.70,1,4,3,0.021851,0.564750,Minotaur,minotaur(pow_w:0.50),1.08,354,0
71,2,0xc4dc29db975b952e04358340e56b68fa4ba63fbc,3.544031,1772385582,513e20ad81fde9fb0330d050caa27472fb818490d61f44ba2478f0f5234fb690,86,86.00,3.86,1,5,4,0.021892,0.565363,Minotaur,minotaur(pow_w:0.50),0.98,355,0
71,3,0x30509a8084fdfe6fe24d9c9a817c209ad194f8e3,15.675249,1772385584,82713f8d285e79c33fef458807894126491d9abf4b5b33e31cabdbbcc1e4a27b,225,112.50,3.63,1,5,4,0.021834,0.564692,Minotaur,minotaur(pow_w:0.50),1.28,356,0
71,4,0xd61b00c297972877b45f8d7f4d67fdaf20c67c59,0.329481,1772385587,a850f10faeecd4c0c4021194c9fdd8a01d817f7de44eb20109698c45ad5fa495,250,83.33,3.37,1,5,3,0.021835,0.564695,Minotaur,minotaur(pow_w:0.50),2.03,357,0
72,0,0x63f4973c0df8a5358405f396dc0673a463c48de9,15.918627,1772385588,5011ea3fd93e82835d10c204f8cf673a485c20ff85ca13e240060b5e9e7f4f60,120,60.00,4.47,1,6,5,0.021906,0.565588,Minotaur,minotaur(pow_w:0.50),1.52,358,0
72,1,0x63f4973c0df8a5358405f396dc0673a463c48de9,16.919677,1772385590,bb6f19aa0e0098f91644d9668a73a8976e3044356a30718aabb0380f501b410f,107,107.00,3.60,2,5,4,0.021887,0.564100,Minotaur,minotaur(pow_w:0.50),1.07,359,0
72,2,0xac768e60b9269babb15cb1e36ee843243d7c7543,13.729688,1772385592,6840aab232333fd296404329507277a60c440cbdbcf3477352423a9dff0a38bb,205,102.50,3.63,1,5,4,0.021970,0.565034,Minotaur,minotaur(pow_w:0.50),1.46,360,0
72,3,0x63f4973c0df8a5358405f396dc0673a463c48de9,17.921707,1772385595,a7f51d6a4b3769e506a16a129ecfcbfcc7f56c4eb0f05a9411826cfcf8e04e5f,250,83.33,3.89,1,6,4,0.022018,0.565743,Minotaur,minotaur(pow_w:0.50),2.14,361,0
72,4,0x30405867b72597aaeb27803bb2c7f3f5fc7d5384,3.517604,1772385596,b3d0c7b7445951fe0ba7c7463780ca252409b567b31644fca1f218600d4ff096,134,67.00,3.68,1,5,4,0.022018,0.565744,Minotaur,minotaur(pow_w:0.50),1.45,362,0
73,0,0x63f4973c0df8a5358405f396dc0673a463c48de9,17.921667,1772385598,2f10cb7b39b0230ae3b990dee092db4dfdec20b251b2a716d00472b96dbae86d,105,105.00,3.40,1,5,3,0.021960,0.565023,Minotaur,minotaur(pow_w:0.50),0.99,363,0
73,1,0xeaa5003682d7289190651081ae2bee847097afc5,10.772815,1772385600,4a05f03ecf6c0b4ff09022fcd1d171b4599349f72bfe63cf64561bf80398da5e,209,104.50,3.54,1,5,4,0.022051,0.565956,Minotaur,minotaur(pow_w:0.50),1.40,364,0
73,2,0xd39dbd3662315e3935ec08e6b6028e73b3c09de2,4.922800,1772385602,0923415702f37a1ffb1c72ea9a7311d1e87c78bd013cfcad7d26869ca33d5506,218,72.67,4.21,1,6,4,0.022067,0.566330,Minotaur,minotaur(pow_w:0.50),2.28,365,0
73,3,0x3513d672439a59c26cc5711f2b715ccb4810a774,5.293205,1772385604,17b3fcc333b0a6fe5750f4a6ad4a4486e866b3da84d7b73228135b5e88af0946,124,62.00,4.29,1,6,4,0.022067,0.566331,Minotaur,minotaur(pow_w:0.50),1.98,366,0
73,4,0xa3786e459f289a76c0e8af8ad834e3d0c6d47199,18.742053,1772385606,08030d4bb2923d47cf62d2ca1b986c2d994728f0e813d933b14304a0e11e5614,161,161.00,4.04,1,5,4,0.022027,0.566219,Minotaur,minotaur(pow_w:0.50),1.26,367,0
74,0,0x8c11ec9090dd820c076e57e899d9c604c79d6b32,7.568869,1772385608,f895d8d0dd483ae6e469bc9f58cb62ed761a51dd53ef2315ddfc45d6098a8320,213,106.50,4.28,1,6,4,0.022124,0.567172,Minotaur,minotaur(pow_w:0.50),1.42,368,0
74,1,0x408bb0bf84df50b21c53c74420987f172d4036a1,1.793554,1772385610,92fc92e6af2253c6e3b1d7526f2d2befaf70b6450860c202e95fbfa818a5eb92,209,69.67,4.00,1,6,4,0.022107,0.567253,Minotaur,minotaur(pow_w:0.50),2.30,369,0
74,2,0x89100a8056319ba37491b32ba255004180607bc2,11.797747,1772385613,0132fc25a3e04e4ef75780e47b32cdd94d2d04d01ae95b961fb42316928edb3d,249,124.50,3.56,1,5,4,0.022107,0.567255,Minotaur,minotaur(pow_w:0.50),1.90,370,0
74,3,0x30509a8084fdfe6fe24d9c9a817c209ad194f8e3,16.677559,1772385614,d12645d56547520a59cf5d19f00b4d8eeadc92ab1fbc26e89fc881c548b49ad7,103,51.50,3.85,1,6,4,0.022055,0.566228,Minotaur,minotaur(pow_w:0.50),1.31,371,0
74,4,0x58a21eeb7ab18ba8adf1296e66a4487076e95dac,11.101354,1772385616,1e30d3eb3a99744298dc7077d6d777f67330c6da6ceb48188b59c73695c3eef2,110,110.00,3.44,1,5,3,0.022129,0.567091,Minotaur,minotaur(pow_w:0.50),0.99,372,0
75,0,0xe6ebb0cdfd04183d498964e5efc4096ba77b17d6,12.302063,1772385618,e5cc60ae84875bbe32bd6816fc5cf8e5980b50b4387f9cf53c8b7a1e4a33b12c,217,108.50,3.77,1,5,4,0.022146,0.567463,Minotaur,minotaur(pow_w:0.50),1.31,373,0
75,1,0x1796dc61e715f15a2d27dfa32bd34780f12a8c24,7.728721,1772385621,b8f3c6159aa923cd75eb89c5f0b69e16abab6d076c9ccdb7ba0aee7c504ad843,230,76.67,3.99,1,6,4,0.022175,0.567944,Minotaur,minotaur(pow_w:0.50),2.00,374,0
75,2,0xe478b1e4d1538274c0c70cbd7df877f9abab2f62,11.308276,1772385622,157bd42cbeee6d87c6416d04eab1c07ef7352f9aacb84d4c220404affd936004,189,94.50,3.34,1,5,3,0.022158,0.568007,Minotaur,minotaur(pow_w:0.50),1.51,375,0
75,3,0xeaa5003682d7289190651081ae2bee847097afc5,11.774715,1772385624,17d31dcf6c6f055473f76db8ae8979b08592633990f7907147ffc7425b0941fd,96,96.00,4.04,1,5,4,0.022176,0.568358,Minotaur,minotaur(pow_w:0.50),0.99,376,0
75,4,0xbc3f8508d26048f2064aa8c068f4c94d08d77d18,15.083959,1772385626,4b3724a012b8fe0abf69da35cec897fcf6e788376fd9ce1f6989bfec26b93bb5,196,98.00,4.18,1,6,4,0.022198,0.568726,Minotaur,minotaur(pow_w:0.50),1.41,377,0
76,0,0x26d553a2f4343b3a7dc88bbd87b3d0a25d3838d9,13.231400,1772385629,62d3b023771a53b8e3a39edddaecf96424e303767b2ed0f2430e9113f10595d1,241,80.33,4.12,1,6,4,0.022253,0.569483,Minotaur,minotaur(pow_w:0.50),2.15,378,0
76,1,0x4a217e35f6402e7f62a49f6d62e27c6585c2f3fd,8.495977,1772385630,065dc9fee01bb2a82ce0295f5b8cd07c39c8f38e73ff99836288f2f25c32343e,150,75.00,3.85,1,5,4,0.022253,0.569484,Minotaur,minotaur(pow_w:0.50),1.59,379,0
76,2,0xc24b36dee27726233c3bbd9e1f028f98b6b2a424,5.410989,1772385632,3127a3f578defe0cd62855752d4f386b3af9c7472a56fdb61a7643cd46cde352,88,88.00,3.62,1,4,4,0.022242,0.569651,Minotaur,minotaur(pow_w:0.50),1.01,380,0
76,3,0xd61b00c297972877b45f8d7f4d67fdaf20c67c59,1.330301,1772385634,10e881b39c081545f1e4cf8de26c48e9114c232731f1633f73af1ac9096ed305,221,110.50,3.99,1,6,4,0.022202,0.569510,Minotaur,minotaur(pow_w:0.50),1.42,381,0
76,4,0x07902d0371763a00d97ed9ba16ff0a206cb0fd19,13.549639,1772385636,3bf75aa2f5b710c51ff0e10aa0c5359d4a7a8b985a5dea428eb8a22de0bf3810,222,74.00,4.49,1,6,5,0.022122,0.567786,Minotaur,minotaur(pow_w:0.50),2.45,382,0
77,0,0x0d91704595bff3aec25d40822498a51c62b05e3a,5.572076,1772385639,a9619e294491143624c174d8cfe18c9522636b9ea60c4b9bce140f9a3ea2a5c3,239,119.50,2.74,1,4,3,0.022160,0.568407,Minotaur,minotaur(pow_w:0.50),1.94,383,0
77,1,0xac768e60b9269babb15cb1e36ee843243d7c7543,14.731868,1772385640,6a0c13e1948795bbd41a24391b9406c58b567ebb663464e0b60dd49041f2a89c,215,107.50,3.21,1,5,3,0.022160,0.568409,Minotaur,minotaur(pow_w:0.50),1.52,384,0
77,2,0xd39dbd3662315e3935ec08e6b6028e73b3c09de2,4.922570,1772385642,208be8069dbd5186ef2de69dc23c26ce8e3102b93ea9d8095a872ec204301d0d,111,111.00,4.01,2,5,4,0.022209,0.569116,Minotaur,minotaur(pow_w:0.50),0.98,385,0
77,3,0x8c11ec9090dd820c076e57e899d9c604c79d6b32,8.570529,1772385644,5b313c946c5ce62ec4e8df34b5ab0d54d8ee2e88035d621f3dbb7db937c934b7,216,72.00,4.42,1,6,5,0.022164,0.568872,Minotaur,minotaur(pow_w:0.50),2.36,386,0
77,4,0xeaa5003682d7289190651081ae2bee847097afc5,12.776425,1772385647,cdd6b3c4809f56cdf016c3c8a9356215939c64e8cacf5f16e30753e5e0d90c69,250,125.00,4.08,1,6,4,0.022153,0.569009,Minotaur,minotaur(pow_w:0.50),2.16,387,0
78,0,0x9bdb1c7ad4bd8fe797b07c08117c74a591dbab2d,2.444112,1772385648,adae6d417f582eced65ebbf47fee412a25a0010f5128bc3d5da63c67d0f15734,155,77.50,4.39,1,6,4,0.022153,0.569011,Minotaur,minotaur(pow_w:0.50),1.52,388,0
78,1,0x89100a8056319ba37491b32ba255004180607bc2,12.798507,1772385650,2524549174cb7d5e194468f070d4c3aaceb82d9730fcc2d1455b466427c0ed91,85,85.00,3.66,1,5,4,0.022114,0.568263,Minotaur,minotaur(pow_w:0.50),0.98,389,0
78,2,0x26d553a2f4343b3a7dc88bbd87b3d0a25d3838d9,13.231100,1772385652,0967105926f6d702e8df754acad4fe9b95eeeb3f30ab0785123eb496e0fcfba8,204,102.00,3.77,1,5,4,0.022143,0.568718,Minotaur,minotaur(pow_w:0.50),1.34,390,0
78,3,0x63f4973c0df8a5358405f396dc0673a463c48de9,18.923237,1772385655,4f8cebaefac2b15431cf06db3d501a415b78ce1eb607668b3ebfa4ab35c8a253,243,81.00,3.79,1,6,4,0.022175,0.569222,Minotaur,minotaur(pow_w:0.50),1.92,391,0
78,4,0xcb7977f4997b4252c0152e135dd79b3cfe35c1a5,3.625853,1772385656,51af71786d775a842ca1df36662261c5059f6b19d910fee44ba3a1083d863b37,125,62.50,3.62,1,5,4,0.022260,0.570094,Minotaur,minotaur(pow_w:0.50),1.22,392,0
79,0,0xdcf2130496e27a8094ab996aea4aa77788d65869,13.516597,1772385658,b8c7489d24e395e2cb0be5769d495b6031c6688822e1db456d0a6117f433daca,102,102.00,4.31,1,6,4,0.022203,0.569427,Minotaur,minotaur(pow_w:0.50),1.00,393,0
79,1,0xeb82a21cb3d0dd781eb22ad74bb7cd9b4d2a06ec,10.931275,1772385660,89ca9c9e7135678cb2848ef9e7d2ba56b656bc6f4dd4343b20ea1172f3fe7629,220,110.00,3.99,1,6,4,0.022236,0.569935,Minotaur,minotaur(pow_w:0.50),1.42,394,0
79,2,0x58a21eeb7ab18ba8adf1296e66a4487076e95dac,12.102984,1772385663,255121247155a2fc6547f16c3c0be98aa63fc7a8055acba180c2f8bf21ee4de0,247,82.33,3.99,1,6,4,0.022246,0.570194,Minotaur,minotaur(pow_w:0.50),2.17,395,0
79,3,0x30509a8084fdfe6fe24d9c9a817c209ad194f8e3,17.678199,1772385664,014c800b11b5ef6e45cf245811bed8c6a3b84ca72b512030c692c29bb915d6da,134,67.00,3.96,1,6,4,0.022266,0.570527,Minotaur,minotaur(pow_w:0.50),1.72,396,0
79,4,0xc774b0fee7cabbef3b1ae14bf36db3df0d32c1df,2.167467,1772385666,b8d8c9051db96defd2f0b2c7a7c12dc75dd535161f927bbf32edb33eceabe7a3,104,104.00,3.38,1,5,4,0.022336,0.571339,Minotaur,minotaur(pow_w:0.50),0.99,397,0
80,0,0x8719ca31b72ae8a5404006763c53d5ad503dbcb0,1.111585,1772385668,e9bcd38d83d7a4a3742c25ef93729b63f4c242e777935dbdc2784d2ee7513fbc,193,96.50,3.98,1,6,4,0.022265,0.569998,Minotaur,minotaur(pow_w:0.50),1.53,398,0
80,1,0x0d91704595bff3aec25d40822498a51c62b05e3a,5.571776,1772385670,bcfcfe8065d0d2b8245fa6d56a253b8d715197e46f84a0767f95c7e7390aea74,234,78.00,4.13,1,6,4,0.022266,0.570000,Minotaur,minotaur(pow_w:0.50),2.17,399,0
80,2,0x4414c05be2cf328f38d2e3ef4b705d6b894f044a,4.086849,1772385673,aa6b55eef4bc08d7ed9f3e02533b9825c79045029642df7d614931247194ee77,169,84.50,3.44,1,5,3,0.022146,0.568035,Minotaur,minotaur(pow_w:0.50),1.66,400,0
80,3,0x3513d672439a59c26cc5711f2b715ccb4810a774,6.294285,1772385674,a07d55e77d3e15c8034c74d80a4927382292d193d634509133340bafb9a43293,193,96.50,4.02,1,6,4,0.022146,0.568037,Minotaur,minotaur(pow_w:0.50),1.56,401,0
80,4,0x49b57eb4dace37c8819daf079c9c674f766d4f38,5.232260,1772385676,267206f0d57a952194770a1e5f8f904bed5f6f0f3590b4d31f46b3548e1cae16,94,94.00,3.71,1,5,4,0.022061,0.567504,Minotaur,minotaur(pow_w:0.50),0.97,402,0
81,0,0xa3786e459f289a76c0e8af8ad834e3d0c6d47199,19.743363,1772385678,163a4eebff1baa4af7bc816016f415a85b1acbdeb3b8b0275c6ec882ab6a1e65,186,93.00,3.92,1,6,4,0.022019,0.567255,Minotaur,minotaur(pow_w:0.50),1.46,403,0
81,1,0xeaa5003682d7289190651081ae2bee847097afc5,13.777655,1772385681,1740cc6165989c3398a230e519b7e47d36eb10613a3be9a373130d077bff1188,250,83.33,4.30,1,6,4,0.022105,0.568138,Minotaur,minotaur(pow_w:0.50),2.22,404,0
81,2,0xd46407aa7b668c72de3cf1c1a12b7fa2e308a1b2,6.992179,1772385682,d34bc0f73aac13f063ae1cd50bdd9294fdd03b0b8461a1d26c6cdc971c54a3db,136,68.00,4.45,1,6,5,0.022105,0.568139,Minotaur,minotaur(pow_w:0.50),1.69,405,0
81,3,0x4a217e35f6402e7f62a49f6d62e27c6585c2f3fd,9.496487,1772385684,86eacb2f081f0b07745a946215ba524443e7204d9286606eb5fcc7f9a9d94d12,117,117.00,3.88,1,5,4,0.022079,0.568096,Minotaur,minotaur(pow_w:0.50),1.09,406,0
81,4,0x95ab54d268473cce82094026afefdbd5cadf418b,4.597908,1772385686,ca70647d486257a8138393558282062926f824a929ae45ba3626f458ddd41b3f,197,98.50,3.57,1,5,4,0.022074,0.568308,Minotaur,minotaur(pow_w:0.50),1.44,407,0
82,0,0xa3786e459f289a76c0e8af8ad834e3d0c6d47199,20.745753,1772385688,47b7404fd252c99e1b663940eb562a8867a202eb0b33efd0a4035b5063f6d4f9,189,63.00,4.37,1,6,5,0.022026,0.567958,Minotaur,minotaur(pow_w:0.50),2.44,408,0
82,1,0xd3997be86c88837e3fd467517b943590b28fa641,1.054311,1772385691,70794efe079cbfe2f9e044455231eb31ed8075bc3334e69a0664099fce8cb23f,154,77.00,4.32,2,5,4,0.022119,0.568839,Minotaur,minotaur(pow_w:0.50),1.82,409,0
82,2,0x6064b9f5883bf9737dfe314ff68c56e09e68ac89,4.187099,1772385692,3ce90be1a56d2b8f27e36be99915c9c1908fc5204155e484fdbe6fe0a39945db,207,103.50,4.14,1,6,4,0.022040,0.567013,Minotaur,minotaur(pow_w:0.50),1.51,410,0
82,3,0x28672c71695142588ed26ada6f4b18b8b6c12308,2.687148,1772385694,a6d53667f7ff8c00657f095422cf47931ff6b2632a8d0e77602314e017463e6e,108,108.00,3.75,1,5,4,0.021989,0.566546,Minotaur,minotaur(pow_w:0.50),0.97,411,0
82,4,0xd39dbd3662315e3935ec08e6b6028e73b3c09de2,5.924210,1772385696,22407cb0920642321efeb94941ccf74f880f3b88ec8686342672dde831a6a747,216,108.00,3.56,1,5,4,0.021926,0.565394,Minotaur,minotaur(pow_w:0.50),1.24,412,0
83,0,0xeb82a21cb3d0dd781eb22ad74bb7cd9b4d2a06ec,11.933395,1772385699,e6cc71098209c8b77d2e8d842066fa5d3e3d3afc4105eeffd26377d3a8851e85,218,72.67,4.45,1,6,5,0.021926,0.565396,Minotaur,minotaur(pow_w:0.50),1.95,413,0
83,1,0x213068cb42718d1dd6d00a6d94d62a3def0e68eb,0.362429,1772385700,ab3407e1198b9a146a93b6753575c2858c10a7900cc4fa344f9fc9e6a94cd3c6,119,59.50,4.05,1,6,4,0.021890,0.565223,Minotaur,minotaur(pow_w:0.50),1.55,414,0
83,2,0x1796dc61e715f15a2d27dfa32bd34780f12a8c24,8.729911,1772385702,5e6b2a5d02925ffd2c666a95ba37bd27cdbfa782c6bf263dd0a779f9a700d812,104,104.00,3.69,1,5,4,0.021807,0.563063,Minotaur,minotaur(pow_w:0.50),0.97,415,0
83,3,0x07902d0371763a00d97ed9ba16ff0a206cb0fd19,14.551239,1772385704,cc53879aaf23f73a84ccb2342bbcbe5cc14de98f606802c5695be87b4175b139,250,125.00,3.21,1,5,3,0.021796,0.563184,Minotaur,minotaur(pow_w:0.50),1.17,416,0
83,4,0xcb7977f4997b4252c0152e135dd79b3cfe35c1a5,4.626383,1772385707,5996c60402913f027c5a94c4360fb376ccd992d259b352dcde8b3cc418bfc9d7,245,81.67,2.84,1,4,3,0.021833,0.563817,Minotaur,minotaur(pow_w:0.50),1.83,417,0
84,0,0x6414c6a8400ff3419cd81855d09de2848d770e0e,3.155166,1772385708,9709ff0b05377d2c696c9c36309af626020de5052f900bf22cd87b7a51af4444,205,102.50,4.20,1,6,4,0.021787,0.563421,Minotaur,minotaur(pow_w:0.50),1.53,418,0
84,1,0x3513d672439a59c26cc5711f2b715ccb4810a774,7.294765,1772385710,cf1708088875f2e4ff27b8d8a937d2d9896c08596f032b199c1a4e054c36bb10,109,109.00,4.15,2,6,4,0.021729,0.562487,Minotaur,minotaur(pow_w:0.50),1.06,419,0
84,2,0xe478b1e4d1538274c0c70cbd7df877f9abab2f62,12.308316,1772385712,0bf816ca35f581d29b39871b52e1eddbb7c85f7d41e712d52f43fb2381b2ef3e,202,101.00,3.75,1,5,4,0.021705,0.562452,Minotaur,minotaur(pow_w:0.50),1.40,420,0
84,3,0x34412315480562da4810040fd15c81f99880e1ab,7.899853,1772385714,1e7a68cad535d582d6f37f59473ef5f1a695dbc20ad1064f4da96034b01da858,235,78.33,3.96,1,6,4,0.021723,0.562763,Minotaur,minotaur(pow_w:0.50),2.19,421,0
84,4,0x89100a8056319ba37491b32ba255004180607bc2,13.799977,1772385717,e819ec5d678a781014b855ab2aae08ec6a73e7d3ce71f96f3df1e89c32ea4e0b,191,95.50,4.08,1,6,4,0.021704,0.562770,Minotaur,minotaur(pow_w:0.50),1.72,422,0
85,0,0xdcf2130496e27a8094ab996aea4aa77788d65869,14.518317,1772385718,878cf35a02c9e7afec4513376ec41bd1c1e986e009eecbb5a0f92069c822b36a,218,109.00,3.84,1,5,4,0.021734,0.563278,Minotaur,minotaur(pow_w:0.50),1.50,423,0
85,1,0x63f4973c0df8a5358405f396dc0673a463c48de9,19.923787,1772385720,51198ebf339f04b578572e5b06e57aa153445bfc7995f428355059bd985838b4,104,104.00,3.80,1,6,4,0.021769,0.563847,Minotaur,minotaur(pow_w:0.50),0.96,424,0
85,2,0xa3786e459f289a76c0e8af8ad834e3d0c6d47199,21.746883,1772385722,235d78c4b78a8d8e1005503ff40ae56380dbdf69a31d8f135b36edaf843b62ed,231,77.00,3.53,1,5,4,0.021847,0.564670,Minotaur,minotaur(pow_w:0.50),2.16,425,0
85,3,0xeaa5003682d7289190651081ae2bee847097afc5,13.777315,1772385725,aecce58a13525545b9f047cf5021924a4320e2d3b4e9ff813e9ab522a8f349c9,213,106.50,4.23,1,6,4,0.021847,0.564673,Minotaur,minotaur(pow_w:0.50),1.89,426,0
85,4,0x37cc7a82e66d4f4c2ae13b9ee895d3af1a1d7a05,2.258885,1772385726,db7a757afcc5e3a7e90739be21e31de46def0b42dd486d68d0f672be85d5c752,224,112.00,4.38,1,6,4,0.021875,0.565118,Minotaur,minotaur(pow_w:0.50),1.75,427,0
86,0,0xe6ebb0cdfd04183d498964e5efc4096ba77b17d6,13.303453,1772385728,fb11fbbb17f6c777810b9b4a9db45a9c3e3ff063b6a83f1bc25c10a0af7dc41b,78,78.00,4.13,1,6,4,0.021810,0.563831,Minotaur,minotaur(pow_w:0.50),1.00,428,0
86,1,0xac768e60b9269babb15cb1e36ee843243d7c7543,15.732248,1772385730,55b471cce12e0e41d6f2a2cd932eff2587ef16de52e4ea1c77e86812049f58c2,201,100.50,3.97,1,6,4,0.021834,0.564209,Minotaur,minotaur(pow_w:0.50),1.41,429,0
86,2,0x1cb1274c711a6c2e4e1596846e6ac604eeefb358,3.406091,1772385733,c311a010a2c7d8410caba994be3b64e6375392b375e9510c6088e49f16c29d45,233,77.67,3.89,1,6,4,0.021834,0.564211,Minotaur,minotaur(pow_w:0.50),2.10,430,0
86,3,0x30509a8084fdfe6fe24d9c9a817c209ad194f8e3,18.678589,1772385734,341942ae533987335f7aa1329bfcc05b4300a776a069858b32e2bfe72510522d,116,58.00,3.67,2,5,4,0.021820,0.564081,Minotaur,minotaur(pow_w:0.50),1.49,431,0
86,4,0x89100a8056319ba37491b32ba255004180607bc2,14.801887,1772385736,0b4a0f37b5b4fc1f12a32ecc778e0d008ac2031c78e5f708a72c0e2347f4d682,98,98.00,3.34,1,5,3,0.021886,0.564854,Minotaur,minotaur(pow_w:0.50),0.98,432,0
87,0,0x30509a8084fdfe6fe24d9c9a817c209ad194f8e3,19.679489,1772385738,c006208890ecb969df9525d9aa83576e67a15315703b53144cbc1b25b452f8cd,179,89.50,3.97,1,5,4,0.021920,0.565405,Minotaur,minotaur(pow_w:0.50),1.44,433,0
87,1,0x7e40df5d801345015e84c843908efc6683665fa4,8.667329,1772385740,2efdde3d56f90f2c1a235bcff3b721ac193cfd9688d2d5fbd78a63512fd56a28,231,77.00,3.27,1,5,3,0.021992,0.566173,Minotaur,minotaur(pow_w:0.50),2.10,434,0
87,2,0x7e40df5d801345015e84c843908efc6683665fa4,9.669439,1772385743,2778a715616e4fcc2ddc9d2f878dc072e5a25dcd6f56ae42b855e4c934d345af,213,106.50,3.45,1,5,3,0.021977,0.566229,Minotaur,minotaur(pow_w:0.50),1.59,435,0
87,3,0x719361397abe003a91af76243e5f9c7a0cd4279f,14.557166,1772385744,0f2a5086d5cceafaab30c14ac74fff87e7984cfc2fffc472ec71121a22923444,209,104.50,3.39,1,5,3,0.021977,0.566230,Minotaur,minotaur(pow_w:0.50),1.52,436,0
87,4,0x606627477c3734932f47972f83c27cf4e3b35b4f,16.392847,1772385746,b601cda4ead986a504a7800113bcf2a3a34c5ff74d1f74aecc098e44afeaa95f,101,101.00,3.74,1,5,4,0.022001,0.566878,Minotaur,minotaur(pow_w:0.50),0.98,437,0
88,0,0x63f4973c0df8a5358405f396dc0673a463c48de9,20.925907,1772385748,a9a86574c7718ccecfb3a3d2b121ecffe733071f23162b7d4f619406369fba97,244,81.33,3.48,1,5,3,0.022045,0.567584,Minotaur,minotaur(pow_w:0.50),2.27,438,0
88,1,0x26d553a2f4343b3a7dc88bbd87b3d0a25d3838d9,14.232530,1772385751,95fcf65e9caa79fb1fad64f3360b5dce3689f67b24b445fff97369c564bbc917,248,124.00,3.67,1,5,4,0.022125,0.568385,Minotaur,minotaur(pow_w:0.50),1.88,439,0
88,2,0xbc3f8508d26048f2064aa8c068f4c94d08d77d18,16.085239,1772385752,24fd0294d1e79058f8c37d16c21b2325ff21db179022210444ce443913dbdcaa,111,55.50,3.84,1,6,4,0.022151,0.568797,Minotaur,minotaur(pow_w:0.50),1.31,440,0
88,3,0xeb82a21cb3d0dd781eb22ad74bb7cd9b4d2a06ec,11.932915,1772385754,84ff76b9d248244558ed29105a6d56dffbd9d88ee369ff2df90d33c3499b03e3,91,91.00,4.05,1,6,4,0.022192,0.569444,Minotaur,minotaur(pow_w:0.50),0.98,441,0
88,4,0xa3786e459f289a76c0e8af8ad834e3d0c6d47199,21.746673,1772385756,f722f425c7672b9479f08e636de5f5fb7491d41834018ea6a803fa41590e2941,206,103.00,3.95,1,6,4,0.022200,0.569682,Minotaur,minotaur(pow_w:0.50),1.53,442,0
89,0,0x8c11ec9090dd820c076e57e899d9c604c79d6b32,9.571999,1772385759,114aefb2e26078c4575aa0b078a91de4e119f6387009e7b9bd3cbb2e5c54282e,250,83.33,4.18,1,6,4,0.022283,0.570499,Minotaur,minotaur(pow_w:0.50),2.24,443,0
89,1,0x3d92e045fb1847aae132b40ebfcc471a32f687de,0.120445,1772385760,0fe19b8fe18694b3892861be8ec473098f67da2c7ad21e597d9d8b9e23caf11c,172,86.00,4.14,1,6,4,0.022273,0.570613,Minotaur,minotaur(pow_w:0.50),1.79,444,0
89,2,0x786f26993bf015cd2da6fb5d3ccd1879e01246ab,0.282882,1772385762,b93214f773a08751a4c9bf39448a10cba4c1573691ff744cd4bb18bc3c9f1ed8,116,116.00,3.81,1,5,4,0.022191,0.568414,Minotaur,minotaur(pow_w:0.50),1.01,445,0
89,3,0xac768e60b9269babb15cb1e36ee843243d7c7543,16.734148,1772385764,122c0d5d71979214f91e0ff7efe6fe43934f541cf96b835bf887e4ea842d8368,224,112.00,4.04,1,6,4,0.022111,0.566267,Minotaur,minotaur(pow_w:0.50),1.48,446,0
89,4,0x8c11ec9090dd820c076e57e899d9c604c79d6b32,10.573649,1772385766,90db99adfcded3c58eb2941d8d7bfd207342cab69c84b70eb687011747b6d80f,250,83.33,3.96,1,6,4,0.022111,0.566269,Minotaur,minotaur(pow_w:0.50),2.29,447,0
90,0,0xcdfb7a191f0bf929991735127c8d1b4e5b99de22,1.042698,1772385769,debd9d8b7510b4ada341e3f47663701578a97a7a95b0614ea8a2c1d3b7453240,171,85.50,4.06,1,6,4,0.022155,0.566937,Minotaur,minotaur(pow_w:0.50),1.68,448,0
90,1,0xd1cd4b808ce6b2841ad42746b64c5a047e857ef0,3.237784,1772385770,52c30e14a01c5a6743c7bb69e589af19a2d171be3bcd2711f969e6dca7164e66,191,95.50,4.34,1,6,5,0.022035,0.564706,Minotaur,minotaur(pow_w:0.50),1.54,449,0
90,2,0x3d92e045fb1847aae132b40ebfcc471a32f687de,1.121435,1772385772,d98916316d4c59c7ca7d523084690ec3b571b32f4493a99800e696a25301c84f,113,113.00,3.93,1,6,4,0.021978,0.563794,Minotaur,minotaur(pow_w:0.50),0.96,450,0
90,3,0x30509a8084fdfe6fe24d9c9a817c209ad194f8e3,20.681539,1772385774,0bad7440b2430de12bf682f208ba4498e1ee9c3862bffb3812d50edf4789a6dd,204,102.00,3.81,1,5,4,0.021905,0.562052,Minotaur,minotaur(pow_w:0.50),1.30,451,0
90,4,0xd46407aa7b668c72de3cf1c1a12b7fa2e308a1b2,7.992399,1772385777,47b2fbf19cd28530dd90951b2492bbdb5bf0b00dd52c32e20d336970f203a72c,250,83.33,3.44,2,5,4,0.021978,0.562801,Minotaur,minotaur(pow_w:0.50),2.02,452,0
91,0,0x30509a8084fdfe6fe24d9c9a817c209ad194f8e3,21.684029,1772385778,4851eec66e68cff2a1bb5840d95e563e9323cf82e3f95393eaf45c18fe487768,130,65.00,3.79,1,5,4,0.021978,0.562802,Minotaur,minotaur(pow_w:0.50),1.35,453,0
91,1,0x4414c05be2cf328f38d2e3ef4b705d6b894f044a,5.087899,1772385780,380ca3fcac0b0bee86c104df9e78ac049ec81687e3004aafa185a3dd71e40aa8,106,106.00,3.29,1,5,3,0.022035,0.563543,Minotaur,minotaur(pow_w:0.50),0.96,454,0
91,2,0xac768e60b9269babb15cb1e36ee843243d7c7543,16.734038,1772385782,5024152b527e1e5ccd9585cd750ed63df4bc984b36f0a974bd7f4a654dbab351,217,108.50,3.83,1,6,4,0.021991,0.563224,Minotaur,minotaur(pow_w:0.50),1.39,455,0
91,3,0x26d553a2f4343b3a7dc88bbd87b3d0a25d3838d9,15.233360,1772385785,6773c03371491bacca13e78481358dd197b23ce0c22e5f67c7db5c44022875fd,201,67.00,3.82,2,5,4,0.022033,0.563888,Minotaur,minotaur(pow_w:0.50),2.10,456,0
91,4,0x1796dc61e715f15a2d27dfa32bd34780f12a8c24,9.731771,1772385786,57fe0767cd925349e350228e075375424b74f6b9464c1513cc04b5391a34c7c0,159,79.50,3.91,1,5,4,0.022063,0.564414,Minotaur,minotaur(pow_w:0.50),1.81,457,0
92,0,0x49b57eb4dace37c8819daf079c9c674f766d4f38,6.233190,1772385788,4eb73a3262d7203877c7ea7217d7b444c60b6d494ae4eb8b3b3b9d9e5ec64067,82,82.00,3.24,1,5,3,0.022053,0.564515,Minotaur,minotaur(pow_w:0.50),1.00,458,0
92,1,0x30509a8084fdfe6fe24d9c9a817c209ad194f8e3,22.684949,1772385790,437b02d9b325e82ee6f899160911d8b3f1d09a76b1a38795a9a77aaaba2d2e58,189,94.50,3.94,1,6,4,0.022018,0.564368,Minotaur,minotaur(pow_w:0.50),1.44,459,0
92,2,0x30509a8084fdfe6fe24d9c9a817c209ad194f8e3,23.687439,1772385792,c1c8eb6015a3fced7fc4d3a2f5531a3f6ff4ddf9b804dc5daa2a2b8d26473f12,250,83.33,3.40,1,5,3,0.022101,0.565174,Minotaur,minotaur(pow_w:0.50),2.21,460,0
92,3,0x53be6e527cc5a7d850b5eae27b9cef342e0665f2,1.035636,1772385795,3a6d4c61a599f22c00eb7d1cfaa0c26f08fab756ec40082b50e214fddc5e9877,153,76.50,3.29,1,5,3,0.022190,0.565979,Minotaur,minotaur(pow_w:0.50),1.73,461,0
92,4,0x8d9e46becf415ca26aa698c9657087e6554aabda,1.381756,1772385796,31e25d0e0677a6222a7c9ca016db00832db70b5fc9848f3d019d5b27ec17e1fb,196,98.00,3.51,2,5,3,0.022117,0.564184,Minotaur,minotaur(pow_w:0.50),1.48,462,0
93,0,0xcb7977f4997b4252c0152e135dd79b3cfe35c1a5,5.627493,1772385798,7e773b9a976ae730f815bc593cd859e7faf488fcb45386d1fc41e61c24df211f,77,77.00,3.65,1,5,4,0.022048,0.562560,Minotaur,minotaur(pow_w:0.50),0.94,463,0
93,1,0xac61c91e7d24df824351a6c4e562a75f0cf646f8,0.243568,1772385800,e4f7fc53f0ce0e42d4beca41b5d09800f6e0aca46721c32dbddf4e4db8152645,214,71.33,4.17,1,6,4,0.022008,0.562305,Minotaur,minotaur(pow_w:0.50),2.30,464,0
93,2,0xc4dc29db975b952e04358340e56b68fa4ba63fbc,4.544291,1772385803,bb0f8dd6e75c2b3712e63d649ffc8331b05ad20ff04e1a9d5cd0fe69062f9971,250,125.00,3.88,1,6,4,0.022008,0.562308,Minotaur,minotaur(pow_w:0.50),2.13,465,0
93,3,0x89100a8056319ba37491b32ba255004180607bc2,15.803087,1772385804,bee23ad52fb3de2654ea71205e9c4c9c8586978fcfe40ce84b0ec5dc9450eb82,138,69.00,3.72,1,5,4,0.021931,0.560170,Minotaur,minotaur(pow_w:0.50),1.60,466,0
93,4,0xd1cd4b808ce6b2841ad42746b64c5a047e857ef0,4.238564,1772385806,b309a2812751406b055ac64fbf9ccbf62bb5070cd90947b03aafc2d1956b23fe,94,94.00,3.89,2,5,4,0.021916,0.560319,Minotaur,minotaur(pow_w:0.50),0.99,467,0
94,0,0x63f4973c0df8a5358405f396dc0673a463c48de9,21.927867,1772385808,484a62b2f6fd170e7ff89d36c5a91582183045c90701003a1069e43c63f96874,204,68.00,3.81,1,6,4,0.021868,0.559826,Minotaur,minotaur(pow_w:0.50),2.17,468,0
94,1,0xc774b0fee7cabbef3b1ae14bf36db3df0d32c1df,3.167837,1772385811,f50974150c0278e1c3395bca5f48e3d56e2ab05a9fdc9360c698f406c75b2b9a,250,125.00,3.60,2,5,4,0.021942,0.560562,Minotaur,minotaur(pow_w:0.50),1.89,469,0
94,2,0xeb82a21cb3d0dd781eb22ad74bb7cd9b4d2a06ec,12.934355,1772385812,1a98e0ea00932ead282b60ba0f6c5064815fdf317586ea20d340a44cea6ad9d5,116,58.00,3.96,2,5,4,0.021942,0.560563,Minotaur,minotaur(pow_w:0.50),1.48,470,0
94,3,0x30405867b72597aaeb27803bb2c7f3f5fc7d5384,4.516644,1772385814,8a2702f8512cd0962cf234ea2ef99ce7ae1bc4f299d31fb841a2bafd328d7209,101,101.00,3.88,1,6,4,0.021897,0.559919,Minotaur,minotaur(pow_w:0.50),0.98,471,0
94,4,0xcb7977f4997b4252c0152e135dd79b3cfe35c1a5,6.629453,1772385816,e78fe36e9da9057fe432b6be040eb6b54ea46987ab0e359e21a561f605cc053e,213,106.50,3.47,1,5,4,0.021850,0.559443,Minotaur,minotaur(pow_w:0.50),1.37,472,0
95,0,0x719361397abe003a91af76243e5f9c7a0cd4279f,15.557376,1772385819,73169fa243fc6a4e78c37db872653be93657167b6586f7abeaa77d1d5dc900d2,245,81.67,4.11,1,6,4,0.021818,0.559320,Minotaur,minotaur(pow_w:0.50),2.03,473,0
95,1,0x58a21eeb7ab18ba8adf1296e66a4487076e95dac,13.102954,1772385820,f5489af975288daa6b2e99a695fccd29156f41814db4a9eeecf7aa435ffef2e3,137,68.50,4.04,1,5,4,0.021847,0.559832,Minotaur,minotaur(pow_w:0.50),1.60,474,0
95,2,0xbc3f8508d26048f2064aa8c068f4c94d08d77d18,17.085559,1772385822,1dcdd1d9e77c3c89dec528012c0125718478216e6ac56c6da2f2f3fb0be88570,87,87.00,4.09,1,5,4,0.021859,0.560111,Minotaur,minotaur(pow_w:0.50),1.00,475,0
95,3,0xbc3f8508d26048f2064aa8c068f4c94d08d77d18,18.087589,1772385824,bb2f995833b548b62f43e5d3561bd20e4f336a6174fd3fda14615789dbac1e99,203,101.50,4.30,1,6,4,0.021898,0.560758,Minotaur,minotaur(pow_w:0.50),1.46,476,0
95,4,0x8c11ec9090dd820c076e57e899d9c604c79d6b32,11.574819,1772385826,a3467bf8590988fb3a18350702749e3ce15f98ebc4c369bffde55b7b00d37b42,201,67.00,4.26,2,6,4,0.021942,0.561438,Minotaur,minotaur(pow_w:0.50),2.38,477,0
96,0,0x3d92e045fb1847aae132b40ebfcc471a32f687de,2.122945,1772385829,b4e331a6579dfb74041e374aa15fb7f478ba0cd80562ad2c4b4ac7755afaa5bc,220,110.00,4.17,1,6,4,0.021943,0.561638,Minotaur,minotaur(pow_w:0.50),2.01,478,0
96,1,0xaadc5fea232580cb8fba739ac5d05a48559c7e52,9.358703,1772385830,fbd5797f51039ce748f5481c74e9d1a7c985464b74aff1d9233db23fa6d11253,214,107.00,4.00,1,5,4,0.021943,0.561639,Minotaur,minotaur(pow_w:0.50),1.59,479,0
96,2,0xac768e60b9269babb15cb1e36ee843243d7c7543,17.735688,1772385832,3a41ee35c89bde6f7fef346a338f9110c573390ee268200387440fd58c114822,91,91.00,4.31,1,6,4,0.021929,0.561694,Minotaur,minotaur(pow_w:0.50),0.99,480,0
96,3,0xe478b1e4d1538274c0c70cbd7df877f9abab2f62,13.309566,1772385834,9d9f8986718ef04fe5c47095f16a8ab80a859a93de6b29536e0c830d0f742df9,185,92.50,3.85,1,6,4,0.021970,0.562331,Minotaur,minotaur(pow_w:0.50),1.49,481,0
96,4,0xe478b1e4d1538274c0c70cbd7df877f9abab2f62,14.311786,1772385836,e1501110400d00802f77e981d23a902af64af7c2c4ac3f951ca8c58dd8761d80,227,75.67,3.95,1,5,4,0.021982,0.562588,Minotaur,minotaur(pow_w:0.50),2.12,482,0
97,0,0x63f4973c0df8a5358405f396dc0673a463c48de9,22.930017,1772385838,1a98475467e29f0f0961718cd9f1e800d920cb65724dfaa2502b461cc13b0ebf,203,101.50,4.00,1,6,4,0.022000,0.562949,Minotaur,minotaur(pow_w:0.50),1.69,483,0
97,1,0xeaa5003682d7289190651081ae2bee847097afc5,14.778575,1772385840,29bf67ef80a0e2325b343c4c9706af4d420d56d409de3573e33c03f9deb84936,115,115.00,3.74,2,5,4,0.022074,0.563691,Minotaur,minotaur(pow_w:0.50),1.01,484,0
97,2,0xe478b1e4d1538274c0c70cbd7df877f9abab2f62,15.313766,1772385842,8780c216f5495da427f6d26c7b2b518f0b47dd62a5532895c5029f716f12204a,171,85.50,4.37,1,6,5,0.022094,0.564065,Minotaur,minotaur(pow_w:0.50),1.56,485,0
97,3,0x58a21eeb7ab18ba8adf1296e66a4487076e95dac,14.103564,1772385844,5fae276f1d20830169dc66331896dccbb007833354d67151dc4c9841b96948df,213,71.00,3.87,1,6,4,0.022118,0.564482,Minotaur,minotaur(pow_w:0.50),2.32,486,0
97,4,0x52e05d9fa4faa167f30baba23c710e4f49115288,0.139439,1772385847,29731cc8bd1aae49bc94b361e83a7cc48b235fd4dfddc17d2b64479af1320f14,234,117.00,3.97,1,6,4,0.022133,0.564775,Minotaur,minotaur(pow_w:0.50),2.01,487,0
98,0,0x1796dc61e715f15a2d27dfa32bd34780f12a8c24,10.732011,1772385848,1b4bc77c7015b76c65c15b0c6cb7da5b60b8507de1a86b45c1ebfa48063d5132,197,98.50,3.99,1,6,4,0.022058,0.562650,Minotaur,minotaur(pow_w:0.50),1.49,488,0
98,1,0xb2a7fe70a6f3137d38f6cb4c3ec6dd1e24f2d5f4,3.418298,1772385850,f37e5e3b1f735ce0153c7fdc98b133385cc715fb81b5821020c71d5139c401b1,105,105.00,3.28,1,5,3,0.022051,0.562810,Minotaur,minotaur(pow_w:0.50),0.90,489,0
98,2,0x3513d672439a59c26cc5711f2b715ccb4810a774,8.295305,1772385852,0498bcb1b0d134c2604413a81bc8f84c79ec68ae5290e8db5bbfaad1b70b449c,224,74.67,4.19,1,6,4,0.021997,0.561984,Minotaur,minotaur(pow_w:0.50),2.36,490,0
98,3,0x6064b9f5883bf9737dfe314ff68c56e09e68ac89,5.186599,1772385855,fe15c3000bfb7bb8a7c3471fc7d4d43257cf907f1f677168ad91f4a88ba14d03,250,125.00,3.72,1,5,4,0.021975,0.561953,Minotaur,minotaur(pow_w:0.50),2.09,491,0
98,4,0x0d91704595bff3aec25d40822498a51c62b05e3a,6.571836,1772385856,389864bbb5de244dd58c90c5f370edebf1a1e4ce1ccfd3579bb34bd5cd211428,127,63.50,3.81,1,5,4,0.021933,0.561593,Minotaur,minotaur(pow_w:0.50),1.50,492,0
99,0,0xfdc414c57908f0e2a6a926079902d4688d553610,4.179382,1772385858,380093202ee71d9ed06d3489ab52856b63d2a96f641f3e8a11742736a86622ed,98,98.00,3.37,2,5,3,0.021900,0.561432,Minotaur,minotaur(pow_w:0.50),1.00,493,0
99,1,0xb2a7fe70a6f3137d38f6cb4c3ec6dd1e24f2d5f4,4.420438,1772385860,1a40fec7ce87af84d39d9fa86287f393b7a325adfdfb15a4c775eb0ee623ccaf,217,72.33,4.76,1,6,5,0.021852,0.560881,Minotaur,minotaur(pow_w:0.50),2.49,494,0
99,2,0x60705151f1f537cacd5b801f3ef1b31dc3f605de,1.297714,1772385863,ae57233292de94cb4379e809d7357c561524dbc1bebb8fa26287b7ce037b3851,250,125.00,4.16,1,6,4,0.021805,0.560343,Minotaur,minotaur(pow_w:0.50),2.15,495,0
99,3,0x687bf2437a044a3e42ff2f8a79a8e54ba9601f70,4.062659,1772385864,9e2dd685c27f1f982e903078c81c5b2155b27921fbc531f453d62f18fb30c3ff,138,69.00,4.21,1,6,4,0.021805,0.560344,Minotaur,minotaur(pow_w:0.50),1.61,496,0
99,4,0xc24b36dee27726233c3bbd9e1f028f98b6b2a424,6.410679,1772385866,6dd9ac6a764e14f9ebd0d345431ff0cbe21f5a93fe5ef36e2a607aa3e88d614d,92,92.00,3.85,1,5,4,0.021691,0.558114,Minotaur,minotaur(pow_w:0.50),1.05,497,0
100,0,0x37cc7a82e66d4f4c2ae13b9ee895d3af1a1d7a05,3.258415,1772385868,424d7a258ceca1816c10a1ebf3594f12d784adc4220371f8b43040129004a7b8,215,107.50,4.02,1,6,4,0.021657,0.557913,Minotaur,minotaur(pow_w:0.50),1.45,498,0
100,1,0x282f43759e22b50aa7989261c51c367f325c3f91,4.350357,1772385871,28f3e24d56bb7e07fd0b26d00fb821d7f62b89054e1607d78acbb13a3bf9263e,250,83.33,3.99,1,6,4,0.021604,0.556992,Minotaur,minotaur(pow_w:0.50),2.14,499,0
100,2,0x30509a8084fdfe6fe24d9c9a817c209ad194f8e3,24.688109,1772385872,1e656a70444ddd6240c710e745af9dace58a5a3584e4c5b2db30ace8f71c79de,130,65.00,4.02,2,6,4,0.021605,0.556993,Minotaur,minotaur(pow_w:0.50),1.39,500,0
100,3,0xdcf2130496e27a8094ab996aea4aa77788d65869,15.517747,1772385874,571e61376d0c2a9ec1fa5a85a80adad3907750ba1442b9458b1dec4b3ad258d6,109,109.00,3.30,1,5,3,0.021685,0.557759,Minotaur,minotaur(pow_w:0.50),1.00,501,0
100,4,0x07902d0371763a00d97ed9ba16ff0a206cb0fd19,15.551929,1772385876,cf2e1a36cdf7562ef427d668c36aae98aa533d33ace05d14237a98eede1aab31,193,96.50,3.87,1,5,4,0.021708,0.558177,Minotaur,minotaur(pow_w:0.50),1.44,502,0
101,0,0x4a217e35f6402e7f62a49f6d62e27c6585c2f3fd,10.496587,1772385879,9348b7e6151bebfb5d9277f3bb6b0673d69112d04f1dfdec8692ae7e8b5d5aac,250,83.33,2.74,1,4,3,0.021731,0.558564,Minotaur,minotaur(pow_w:0.50),2.15,503,0
101,1,0x269cdf52f97e1d9f14b7be895155a7b294f0b21d,3.721013,1772385880,ebf570a88c525bf7662f72467d5ba80f3203d6530494e13fbba39e1fec1316ec,180,90.00,3.62,1,6,4,0.021722,0.558684,Minotaur,minotaur(pow_w:0.50),1.63,504,0
101,2,0x213068cb42718d1dd6d00a6d94d62a3def0e68eb,1.361749,1772385882,a4204af284686c54d776ea81b29500ef6c42dfde3925dcf24ff071b95f295c4e,117,117.00,3.74,2,5,4,0.021672,0.557929,Minotaur,minotaur(pow_w:0.50),1.01,505,0
101,3,0xdcf2130496e27a8094ab996aea4aa77788d65869,16.519567,1772385884,0c6732f3b83b06ad43687ba35f88eb3b65b21ae801615b84a4e20da1fa7bdd6a,215,107.50,3.57,1,5,4,0.021608,0.556353,Minotaur,minotaur(pow_w:0.50),1.46,506,0
101,4,0xe478b1e4d1538274c0c70cbd7df877f9abab2f62,16.315466,1772385886,6d1bae4d375dba8570a02cb0ccdc1cdfaac6e4ba83b0b91d9196abc37dd88a7e,249,83.00,3.82,1,6,4,0.021608,0.556354,Minotaur,minotaur(pow_w:0.50),2.20,507,0
102,0,0xeaa5003682d7289190651081ae2bee847097afc5,15.779845,1772385889,63cd5c47a73110db268923231ea47293fcd9b58c754b6310502f1f3738335b9e,155,77.50,4.20,2,6,4,0.021663,0.557373,Minotaur,minotaur(pow_w:0.50),1.92,508,0
102,1,0xac768e60b9269babb15cb1e36ee843243d7c7543,18.736918,1772385890,6c43f7b2c21cad64cd26347bcc1eba5495e6655351d363378461cc64f6882790,189,94.50,4.46,1,6,5,0.021686,0.557743,Minotaur,minotaur(pow_w:0.50),1.56,509,0
102,2,0x6414c6a8400ff3419cd81855d09de2848d770e0e,4.154526,1772385892,adc877b8cd376cd28f0024c9138621ba82a0c1a305b73e30eee8fde7794da703,97,97.00,3.85,1,6,4,0.021727,0.558380,Minotaur,minotaur(pow_w:0.50),0.99,510,0
102,3,0xdcf2130496e27a8094ab996aea4aa77788d65869,17.521967,1772385894,cbd6f3cadbc3b1dfc012ef56a6d42ed1c8ec1849187e18fe16c47ce6807ca22b,213,71.00,3.88,1,6,4,0.021679,0.557731,Minotaur,minotaur(pow_w:0.50),2.31,511,0
102,4,0x4a217e35f6402e7f62a49f6d62e27c6585c2f3fd,11.498257,1772385897,3d5f8982f5fcc4f04d93b936032e991c011c6dc11bba502ff85222132a8a3b33,240,120.00,3.88,1,5,4,0.021712,0.558308,Minotaur,minotaur(pow_w:0.50),2.00,512,0
103,0,0xac768e60b9269babb15cb1e36ee843243d7c7543,19.737818,1772385898,c62e0c2f507a876be4d2f91cb276c48960e462fecd18d930ea307b5c548e1ab9,113,56.50,3.73,1,5,4,0.021709,0.558459,Minotaur,minotaur(pow_w:0.50),1.25,513,0
103,1,0xdc2bc9a639e2bc25c5f57e628a7cd55f6a3d023b,0.091806,1772385900,c8a5da21a864a384d54684584eb4bed3776a73aebe9fbf8bd705194c8353feaa,102,102.00,3.75,1,5,4,0.021754,0.559102,Minotaur,minotaur(pow_w:0.50),0.99,514,0
103,2,0xd67aaaf210c0c36ddcb7055222d168b5c9dd1b36,0.179451,1772385902,c6f4075c373f7f5a5021c76dd4cc6245a282c1aa3be2af733d7b1fbf3c1cbc8b,215,107.50,4.47,1,6,5,0.021683,0.557032,Minotaur,minotaur(pow_w:0.50),1.47,515,0
103,3,0xcb7977f4997b4252c0152e135dd79b3cfe35c1a5,7.631043,1772385904,07b09a1b7b14efcc3dcb4099b5879ddf3c392846e16aeb1e93816927b7bf39c4,250,83.33,3.83,1,5,4,0.021683,0.557034,Minotaur,minotaur(pow_w:0.50),2.14,516,0
103,4,0x4414c05be2cf328f38d2e3ef4b705d6b894f044a,6.088649,1772385907,71fe2637e68222b047e21291cece2524d67a7116da2724f1afb15269c02dee09,143,71.50,4.34,1,5,4,0.021586,0.554892,Minotaur,minotaur(pow_w:0.50),1.64,517,0
104,0,0x34412315480562da4810040fd15c81f99880e1ab,8.899823,1772385909,9ba4d7cb5308f1681f3d7a2a7e954bc25f9c9d3f93340e8ed4bfd6fe1eff0586,177,88.50,4.03,1,6,4,0.021586,0.554895,Minotaur,minotaur(pow_w:0.50),1.63,518,0
104,1,0x6d6b2734a20229ddd7fd4a1470ba3e3bad4e4a85,5.640194,1772385911,8a0e9719724281ab1ae254d317ae0fa35acd9ab6a6ab4176b1b28b75c417e5ed,197,98.50,3.99,1,6,4,0.021568,0.554906,Minotaur,minotaur(pow_w:0.50),1.48,519,0
104,2,0x719361397abe003a91af76243e5f9c7a0cd4279f,16.557736,1772385913,0fa01896a84790d320340fb853987162f7525cbd7eceade3eddb4c84ae4726ac,226,75.33,3.58,1,5,4,0.021530,0.554627,Minotaur,minotaur(pow_w:0.50),2.21,520,0
104,3,0xc4dc29db975b952e04358340e56b68fa4ba63fbc,5.544391,1772385915,a28c2802cf6f8084136e148eba5a9e92e44a2c74ba526fdaf22035b4a95d5650,250,125.00,3.92,1,5,4,0.021530,0.554628,Minotaur,minotaur(pow_w:0.50),1.75,521,0
104,4,0xdb45667100590f9cfe78a899c3b02c5cd37008f1,0.041586,1772385917,63b1fc992a41429d662fa4057044e2801cc5c8f4c14bc01751c2a66f1f00c189,18,18.00,3.83,3,5,4,0.021492,0.554308,Minotaur,minotaur(pow_w:0.50),1.94,522,0
105,0,0x26d553a2f4343b3a7dc88bbd87b3d0a25d3838d9,16.233700,1772385919,04734c1a3891fc86e5d1fcca9b3e1e27444e4178d753007a8ab4bc250a6e6955,207,103.50,4.20,1,6,4,0.021422,0.552185,Minotaur,minotaur(pow_w:0.50),1.41,523,0
105,1,0x8d9e46becf415ca26aa698c9657087e6554aabda,2.381356,1772385921,78d2507c20c00a9cea3273963e4621a1626240b6073d5d5846db51f584f73b73,219,73.00,3.68,1,5,4,0.021446,0.552600,Minotaur,minotaur(pow_w:0.50),2.22,524,0
105,2,0x30405867b72597aaeb27803bb2c7f3f5fc7d5384,5.517604,1772385924,af58f06893305fe7908a25808bd8933258862dc250be816d969cc32786d871df,224,112.00,3.70,1,5,4,0.021390,0.551505,Minotaur,minotaur(pow_w:0.50),1.86,525,0
105,3,0xe478b1e4d1538274c0c70cbd7df877f9abab2f62,17.316576,1772385926,71e811b7606e765b48d7c7761729bc7a4ea38bc96fee25d9bd5db067bf12212c,206,103.00,3.66,1,5,4,0.021352,0.551156,Minotaur,minotaur(pow_w:0.50),1.53,526,0
105,4,0x1cb1274c711a6c2e4e1596846e6ac604eeefb358,4.405471,1772385928,9f49899d4ce0539818a1921946339df8f27e013fe6de7d387bbe19148d20e41a,211,105.50,3.95,1,6,4,0.021382,0.551695,Minotaur,minotaur(pow_w:0.50),1.49,527,0
106,0,0x8c11ec9090dd820c076e57e899d9c604c79d6b32,12.576089,1772385930,450df51bb4697f85910caebca513096b079ffdd8dba79051ee192a648afabf6a,250,83.33,3.48,1,5,4,0.021337,0.551106,Minotaur,minotaur(pow_w:0.50),2.26,528,0
106,1,0xa3786e459f289a76c0e8af8ad834e3d0c6d47199,22.747393,1772385933,5ddb824ad16a934ca2725f17c2116d22cf0afda099d7b62bc6b3a4169f55a264,250,125.00,4.22,1,6,4,0.021340,0.551309,Minotaur,minotaur(pow_w:0.50),2.00,529,0
106,2,0xa447d277b02012c2afd9ddcbbe123f27cc971963,3.802465,1772385934,9d130612a8858a7402726d92ed13cfda773c82d5422c6e6d8971526b79aaebf0,117,58.50,4.21,1,5,4,0.021340,0.551310,Minotaur,minotaur(pow_w:0.50),1.41,530,0
106,3,0xdcf2130496e27a8094ab996aea4aa77788d65869,18.523957,1772385936,fdb39a2e00e8d7e24b9cd537404380adc765e2577a543d181383825aac90b815,95,95.00,3.39,1,5,4,0.021293,0.550558,Minotaur,minotaur(pow_w:0.50),0.95,531,0
106,4,0x6064b9f5883bf9737dfe314ff68c56e09e68ac89,6.187119,1772385938,d0b530a080480f739d470e473b305035ebb99b581475924a972ae830ccbdcbfb,238,79.33,3.81,1,5,4,0.021329,0.551145,Minotaur,minotaur(pow_w:0.50),2.12,532,0
107,0,0x58a21eeb7ab18ba8adf1296e66a4487076e95dac,15.104994,1772385941,8a85fdf379be1f99306f953db305dceeb9433dd5181deb6e4a87b45e321ba5c1,205,102.50,3.84,1,5,4,0.021295,0.550881,Minotaur,minotaur(pow_w:0.50),1.79,533,0
107,1,0x58a21eeb7ab18ba8adf1296e66a4487076e95dac,16.107024,1772385942,c352c4fd7b52085cb6f08d980482acd7d617f364274b6137f5793b3626a7a5e9,203,101.50,3.88,1,5,4,0.021311,0.551182,Minotaur,minotaur(pow_w:0.50),1.58,534,0
107,2,0xac768e60b9269babb15cb1e36ee843243d7c7543,20.738298,1772385944,23dd28c9fe53ad5e61f3a07bda72af03fbc48b06f23cebb6b4cf18e117185ecf,93,93.00,4.03,2,5,4,0.021333,0.551541,Minotaur,minotaur(pow_w:0.50),1.00,535,0
107,3,0xd61b00c297972877b45f8d7f4d67fdaf20c67c59,2.329421,1772385946,d67d6809905a743406bb1e98c156b57fe41ec869f89e2df50251d87b7817f355,184,92.00,3.68,1,5,4,0.021380,0.552175,Minotaur,minotaur(pow_w:0.50),1.33,536,0
107,4,0xe6ebb0cdfd04183d498964e5efc4096ba77b17d6,14.303413,1772385949,ce0c3a456b3254583f2032087b5f22f591bfbb5240bde085b9a2ee7d7e3eebbe,245,81.67,4.38,1,6,4,0.021324,0.551064,Minotaur,minotaur(pow_w:0.50),2.14,537,0
108,0,0x8c11ec9090dd820c076e57e899d9c604c79d6b32,13.578479,1772385950,a7eac7b15f1015d36606d3ea77723576113ef52359fbf103ca098dc6b31d7d00,158,79.00,4.18,1,6,4,0.021324,0.551064,Minotaur,minotaur(pow_w:0.50),1.67,538,0
108,1,0x1796dc61e715f15a2d27dfa32bd34780f12a8c24,11.732121,1772385952,bcae39604b076151ec8e8442e504a4b9f5810a9fe67974d38910a746cf3535f9,106,106.00,4.14,1,6,4,0.021342,0.551550,Minotaur,minotaur(pow_w:0.50),1.00,539,0
108,2,0xa447d277b02012c2afd9ddcbbe123f27cc971963,4.803215,1772385954,45c4fbcf6ea8e651e08ae44d3af2a736afc2a42a2b03349e124402293d5516e5,205,102.50,3.25,1,5,3,0.021339,0.551690,Minotaur,minotaur(pow_w:0.50),1.44,540,0
108,3,0xa447d277b02012c2afd9ddcbbe123f27cc971963,4.803205,1772385957,9f66af76905c89612cf9cdb1d04951a6896f1465cab449c87e6ee2ae973d709f,250,83.33,3.44,1,5,3,0.021339,0.551692,Minotaur,minotaur(pow_w:0.50),2.00,541,0
108,4,0xac768e60b9269babb15cb1e36ee843243d7c7543,21.739958,1772385958,bfe2f5e810a86253f1c1a1caf6c6b804aa445eb80246637e45629483d6d9780c,126,63.00,3.78,1,5,4,0.021297,0.551178,Minotaur,minotaur(pow_w:0.50),1.39,542,0
109,0,0x606627477c3734932f47972f83c27cf4e3b35b4f,17.393187,1772385960,9c0634d675025195fc4bc11f05a5950690abef908ce33dce60b9d8b4932c0798,109,109.00,3.88,1,6,4,0.021348,0.551807,Minotaur,minotaur(pow_w:0.50),1.00,543,0
109,1,0x7e40df5d801345015e84c843908efc6683665fa4,10.669319,1772385962,bdc2826aa1d37aa2c5cd71187738a7b03121dd9966faf6e73f66fd77a37e14fe,231,115.50,3.59,1,5,4,0.021375,0.552304,Minotaur,minotaur(pow_w:0.50),1.43,544,0
109,2,0xe184aeec69f3313df03bef8752946c65f0a70021,1.082627,1772385964,fd668468f0136c1f7e7df887a77f302d96b16e62aa980ec472fe24ce69bec623,250,83.33,3.48,1,5,3,0.021366,0.552401,Minotaur,minotaur(pow_w:0.50),2.10,545,0
109,3,0xac768e60b9269babb15cb1e36ee843243d7c7543,22.740988,1772385967,f535524159ef99119f3393925c6382792b620ab75b3a54e0b098018b9ebfcea5,148,74.00,3.95,1,6,4,0.021304,0.550768,Minotaur,minotaur(pow_w:0.50),1.68,546,0
109,4,0xd3997be86c88837e3fd467517b943590b28fa641,2.053781,1772385969,196d1eacdf94ae0ddba2511016929d1cd4fdb746cf76ebbdab6deec5f3a1e053,215,107.50,3.91,1,5,4,0.021359,0.551426,Minotaur,minotaur(pow_w:0.50),1.46,547,0
110,0,0xeb82a21cb3d0dd781eb22ad74bb7cd9b4d2a06ec,13.933835,1772385971,b1e24378bac6e76d9dc06eaafefc3760f15a431766949dc94176779162416422,195,97.50,4.12,1,6,4,0.021303,0.550244,Minotaur,minotaur(pow_w:0.50),1.44,548,0
110,1,0x49b57eb4dace37c8819daf079c9c674f766d4f38,7.233220,1772385973,7e0dc0c8c6c5a009a986d96a63e2bdc93449faa7bc7fec64225bc83eab0656c6,225,75.00,3.96,1,6,4,0.021311,0.550454,Minotaur,minotaur(pow_w:0.50),2.28,549,0
110,2,0xcb7977f4997b4252c0152e135dd79b3cfe35c1a5,8.631693,1772385976,3826ede0b1f844d03f716417631734c6327120b76c38d2b955969af48afeace8,166,83.00,4.06,1,6,4,0.021282,0.550340,Minotaur,minotaur(pow_w:0.50),1.86,550,0
110,3,0x4a217e35f6402e7f62a49f6d62e27c6585c2f3fd,12.498497,1772385977,6bf4602ddeaf1ed19d2232b71fe57f236e402d1eef5a5142f9d3c8bd1260fc80,233,116.50,4.24,1,6,4,0.021262,0.550308,Minotaur,minotaur(pow_w:0.50),1.52,551,0
110,4,0x58a21eeb7ab18ba8adf1296e66a4487076e95dac,17.107604,1772385979,d300009e44d568bbea7a46754ee754bd0c7e716851111fc623c3e0635ecabe7e,109,109.00,3.57,1,5,4,0.021261,0.550464,Minotaur,minotaur(pow_w:0.50),0.96,552,0
111,0,0xd61b00c297972877b45f8d7f4d67fdaf20c67c59,3.331541,1772385981,d42905cc7740c7dfae434ae4cce6aa6e31691cf0b63e8884dd7fbd98460724a2,221,110.50,3.76,1,5,4,0.021285,0.550917,Minotaur,minotaur(pow_w:0.50),1.15,553,0
111,1,0x58a21eeb7ab18ba8adf1296e66a4487076e95dac,18.109744,1772385984,02de2d61d51d2e577945bb477902f8d833d2714001509af8e940005bdfaa2666,192,64.00,4.41,1,6,4,0.021285,0.550918,Minotaur,minotaur(pow_w:0.50),1.96,554,0
111,2,0xe6ebb0cdfd04183d498964e5efc4096ba77b17d6,15.304653,1772385985,0f9a74cdd2925226602fa95b3bef40a9327c09ef33ccff483e8db8d8a6e294d5,237,118.50,3.90,1,5,4,0.021285,0.550919,Minotaur,minotaur(pow_w:0.50),1.70,555,0
111,3,0x3d92e045fb1847aae132b40ebfcc471a32f687de,2.121255,1772385987,fba1034e1bf1e135b31d1ced3aa43b2c940187d21883ad213dfd4b150c474e09,103,103.00,4.28,3,6,4,0.021328,0.551682,Minotaur,minotaur(pow_w:0.50),1.00,556,0
111,4,0x4a217e35f6402e7f62a49f6d62e27c6585c2f3fd,13.499537,1772385989,b58adbd4320d84768bedddce67310310aa1d6f78e5331880b60236f852d9cca8,215,107.50,3.88,1,5,4,0.021273,0.550504,Minotaur,minotaur(pow_w:0.50),1.45,557,0
112,0,0x26d553a2f4343b3a7dc88bbd87b3d0a25d3838d9,17.235280,1772385991,db20c8f64ea277d98ca1ce8815eb2529215f25f4d94120a40570be5f6f19d64d,233,77.67,3.59,1,5,4,0.021278,0.550667,Minotaur,minotaur(pow_w:0.50),2.17,558,0
112,1,0x63f4973c0df8a5358405f396dc0673a463c48de9,23.929687,1772385994,d4c2cea266c2d6cfe556e9eb92651060195e385583040f1f90ab80ad4e863b8f,221,110.50,3.90,1,6,4,0.021301,0.551087,Minotaur,minotaur(pow_w:0.50),1.81,559,0
112,2,0x26d553a2f4343b3a7dc88bbd87b3d0a25d3838d9,18.237430,1772385996,6d420a7cdf3ab457d46f451a5ab90b33b320b98a057bf24acf1a502c6f04198f,193,96.50,3.63,1,5,4,0.021359,0.551765,Minotaur,minotaur(pow_w:0.50),1.48,560,0
112,3,0x30509a8084fdfe6fe24d9c9a817c209ad194f8e3,25.687849,1772385998,96d8df50ae1fd2a484f0b175a8b271a56f6bd7d16f80461904e46a4e1e16855c,202,101.00,3.73,1,6,4,0.021388,0.552248,Minotaur,minotaur(pow_w:0.50),1.43,561,0
112,4,0xd46407aa7b668c72de3cf1c1a12b7fa2e308a1b2,8.991429,1772386000,b64bb91a113af24373bbcac7754a78a44d096d1e2c7061bb78aa4036f6bbacaa,248,82.67,3.31,1,5,3,0.021454,0.552953,Minotaur,minotaur(pow_w:0.50),2.04,562,0
113,0,0x26d553a2f4343b3a7dc88bbd87b3d0a25d3838d9,19.239400,1772386003,32ff7663d082536f227b37c3f2f9c08bb7c975aaa1731b98a152d7a94fbbdfa2,243,121.50,3.95,1,6,4,0.021454,0.552955,Minotaur,minotaur(pow_w:0.50),1.74,563,0
113,1,0xa3786e459f289a76c0e8af8ad834e3d0c6d47199,22.746843,1772386004,accd187154c1331389e54c982e15980f99d749b8a5bfffeda652cf7596d628fc,218,109.00,3.75,1,6,4,0.021487,0.553520,Minotaur,minotaur(pow_w:0.50),1.52,564,0
113,2,0x719361397abe003a91af76243e5f9c7a0cd4279f,16.556946,1772386006,37d6a132b4a7d2349d0d1788dc1fe7fd678d22e378be0c9857ace94692a84b73,91,91.00,4.11,1,6,4,0.021537,0.554124,Minotaur,minotaur(pow_w:0.50),0.96,565,0
113,3,0x07902d0371763a00d97ed9ba16ff0a206cb0fd19,16.553209,1772386008,bb494ab83742241456e811f96020ff9f919ac26fc20290a1e991ea62f12e3407,238,79.33,3.76,2,5,4,0.021555,0.554488,Minotaur,minotaur(pow_w:0.50),2.25,566,0
113,4,0x213068cb42718d1dd6d00a6d94d62a3def0e68eb,2.362469,1772386011,dd6cc41a5501103029adcd723490ea06d5ab0d3b334a38fdcc1cf272fed8c49a,250,125.00,2.78,1,4,3,0.021555,0.554490,Minotaur,minotaur(pow_w:0.50),1.98,567,0
114,0,0x30509a8084fdfe6fe24d9c9a817c209ad194f8e3,26.690159,1772386012,47f695f6304a403d8cc751387d49050f1cf56c0684226c7869d17fcc66828cf0,130,65.00,3.63,2,5,4,0.021519,0.553679,Minotaur,minotaur(pow_w:0.50),1.34,568,0
114,1,0x282f43759e22b50aa7989261c51c367f325c3f91,4.348987,1772386014,285b44b6d9f236b662ffacef88a196e20cba0bebe4cc5e67938179054a09d1ac,100,100.00,3.22,1,5,3,0.021588,0.554375,Minotaur,minotaur(pow_w:0.50),0.97,569,0
114,2,0xa9105f442328d397529b8e4e9e656fa89016ff45,4.466784,1772386016,454daf0c01a5482fde2fe99687b7995c9ddb0ea949943cb919943cba6bcfc048,221,110.50,3.88,1,6,4,0.021544,0.553743,Minotaur,minotaur(pow_w:0.50),1.36,570,0
114,3,0xc4dc29db975b952e04358340e56b68fa4ba63fbc,6.543671,1772386018,195a15d97e69e3a18ce80cfd1624330ac4a08e8f5dc6ccd15c74902e2041e524,241,80.33,3.71,1,5,4,0.021544,0.553744,Minotaur,minotaur(pow_w:0.50),2.18,571,0
114,4,0x30509a8084fdfe6fe24d9c9a817c209ad194f8e3,27.691109,1772386020,1d9e0e7cd4f0c8f2902df6f5c00310cfd7f4d774247f56c7eb8c7f253470f3fb,148,74.00,3.66,1,5,4,0.021468,0.552885,Minotaur,minotaur(pow_w:0.50),1.56,572,0
115,0,0x30405867b72597aaeb27803bb2c7f3f5fc7d5384,6.518664,1772386022,2e5e3387c0109646b73ae02d0659d84d54d77d0c76114839cd6eca3f3a938d53,112,112.00,3.33,1,5,3,0.021541,0.553579,Minotaur,minotaur(pow_w:0.50),1.00,573,0
115,1,0x26d553a2f4343b3a7dc88bbd87b3d0a25d3838d9,20.241300,1772386024,9b72133e590ee431bdf1fb717c7d94869fc0529070c67e8ec00e971da478bb09,201,100.50,3.49,1,5,4,0.021508,0.553320,Minotaur,minotaur(pow_w:0.50),1.44,574,0
115,2,0xa3786e459f289a76c0e8af8ad834e3d0c6d47199,23.747543,1772386026,b70bc8b32868253aa25af1b8af62aa9a947e78b40b775bfd6c379a6ba08d566b,250,83.33,3.62,1,6,4,0.021543,0.553884,Minotaur,minotaur(pow_w:0.50),2.20,575,0
115,3,0xa3786e459f289a76c0e8af8ad834e3d0c6d47199,23.747533,1772386028,39747adaed3fe46abfbc3c1b28bcb2724376e573af8c6ecc0324d59f0eda40f6,214,107.00,4.26,1,6,4,0.021543,0.553884,Minotaur,minotaur(pow_w:0.50),1.85,576,0
115,4,0xeb82a21cb3d0dd781eb22ad74bb7cd9b4d2a06ec,14.935455,1772386030,04a97465f34b2eacc6c653cdcd3cf70b44eb7b45c03a05d813be40a2577678f9,111,111.00,4.39,1,6,4,0.021595,0.554510,Minotaur,minotaur(pow_w:0.50),1.08,577,0
116,0,0x26d553a2f4343b3a7dc88bbd87b3d0a25d3838d9,21.243710,1772386032,325a608013ad277a58a8017d2f048c75d81e5e28a154579c0f082320148add21,206,103.00,3.94,1,6,4,0.021603,0.554725,Minotaur,minotaur(pow_w:0.50),1.46,578,0
116,1,0xdb45667100590f9cfe78a899c3b02c5cd37008f1,1.042426,1772386034,d42d4cf55c1cf702b7eca5a569fcfc9f4439960dd2826c9ab2834de00d75a63e,246,82.00,3.72,1,6,4,0.021643,0.555284,Minotaur,minotaur(pow_w:0.50),2.29,579,0
116,2,0xe6ebb0cdfd04183d498964e5efc4096ba77b17d6,16.305183,1772386037,f355709c80f34aba1829da986c03c4431969d456cc96f8fc56d317ded75daf22,207,103.50,4.13,1,6,4,0.021643,0.555286,Minotaur,minotaur(pow_w:0.50),1.92,580,0
116,3,0xd46407aa7b668c72de3cf1c1a12b7fa2e308a1b2,8.991139,1772386038,d83e2b78358816a4ff4c8072625adb9e298b7bb6baf6cf5b40e0966ca39f9004,225,112.50,4.21,1,6,4,0.021643,0.555286,Minotaur,minotaur(pow_w:0.50),1.58,581,0
116,4,0xa9a524611994a27dd3134d643379aa14edf7cb39,0.085050,1772386040,627391339545a70fc8690d12323e0b07b7f6500037383cf6924861c16e942281,93,93.00,3.67,1,5,4,0.021636,0.555528,Minotaur,minotaur(pow_w:0.50),0.92,582,0
117,0,0x26d553a2f4343b3a7dc88bbd87b3d0a25d3838d9,22.246090,1772386042,4a336a5e39b029bda7f87747e1848e7c7428200d5a36feb341f9bf470592c0d9,225,75.00,3.54,1,5,4,0.021571,0.553566,Minotaur,minotaur(pow_w:0.50),2.21,583,0
117,1,0xfdc414c57908f0e2a6a926079902d4688d553610,5.179552,1772386045,4009183e00db0f5195d236adf484585600d905d94b6630d256545e13bdbc85cf,247,123.50,3.76,1,6,4,0.021615,0.554124,Minotaur,minotaur(pow_w:0.50),1.87,584,0
117,2,0x0d91704595bff3aec25d40822498a51c62b05e3a,7.570846,1772386046,c58f3af50f18845b1ef8f87b6702b918071c3174e89abb4903bff63c73001b73,124,62.00,4.85,3,6,5,0.021615,0.554125,Minotaur,minotaur(pow_w:0.50),1.23,585,0
117,3,0x606627477c3734932f47972f83c27cf4e3b35b4f,18.394597,1772386048,aba2204334b2209f7766dfdec793e179ca21980bf1894bb96855a2c78fdae35e,100,100.00,3.09,1,5,3,0.021547,0.553568,Minotaur,minotaur(pow_w:0.50),1.00,586,0
117,4,0xe6ebb0cdfd04183d498964e5efc4096ba77b17d6,17.307283,1772386050,b83b003512be9785ce6037947452d9eb80f7e2cccd72722aab9986c6508a46df,219,109.50,3.57,1,5,4,0.021571,0.554017,Minotaur,minotaur(pow_w:0.50),1.24,587,0
118,0,0x95ab54d268473cce82094026afefdbd5cadf418b,5.596058,1772386053,045b8b3caf1136bbc72362fa8911b6c4cd570fa1b89e083d9b6cdb64ac715e6d,241,80.33,3.96,1,6,4,0.021590,0.554369,Minotaur,minotaur(pow_w:0.50),1.92,588,0
118,1,0xd39dbd3662315e3935ec08e6b6028e73b3c09de2,6.922590,1772386054,6a17d0f1a04a28aa9b8bab5a40d54c0e5f9e3b7a34c162bc8a7f8d83eb4dc768,116,58.00,4.40,2,6,5,0.021552,0.553984,Minotaur,minotaur(pow_w:0.50),1.34,589,0
118,2,0x58a21eeb7ab18ba8adf1296e66a4487076e95dac,19.111254,1772386056,5087e6de3127e3c3cf83be9253dc9fae8282d9b84a004d864223eef2206944aa,123,123.00,4.44,1,6,5,0.021521,0.553765,Minotaur,minotaur(pow_w:0.50),1.02,590,0
118,3,0xc24b36dee27726233c3bbd9e1f028f98b6b2a424,7.410999,1772386058,d6ee7f034aef487bbd9a3889a5bb7da612f7b8adec2d4e1dcf86bbca52a81e5b,227,75.67,3.84,1,6,4,0.021548,0.554264,Minotaur,minotaur(pow_w:0.50),2.32,591,0
118,4,0x606627477c3734932f47972f83c27cf4e3b35b4f,19.396687,1772386061,2c11197ddddc261330ce874898022c023ef488c592ac7bae581ba1826699bc4d,226,113.00,3.90,1,6,4,0.021519,0.554088,Minotaur,minotaur(pow_w:0.50),1.91,592,0
119,0,0x6414c6a8400ff3419cd81855d09de2848d770e0e,5.154876,1772386062,db600cf74ffb7402d5fe092f59590fe366207541e1a9877d24d1cb76a27018d8,239,119.50,3.70,1,5,4,0.021547,0.554579,Minotaur,minotaur(pow_w:0.50),1.66,593,0
119,1,0xeaa5003682d7289190651081ae2bee847097afc5,16.779875,1772386064,7487561bab00354e94f5fb7f384503a6d9b13627337759c3285247d80a164f6e,106,106.00,3.89,1,5,4,0.021508,0.554094,Minotaur,minotaur(pow_w:0.50),0.98,594,0
119,2,0x28672c71695142588ed26ada6f4b18b8b6c12308,3.685948,1772386066,564cf577a036a3c3549e4aa09466b5cd5633fb56ee9428d06c8444b7157fb3b9,215,107.50,4.41,1,6,5,0.021523,0.554379,Minotaur,minotaur(pow_w:0.50),1.35,595,0
119,3,0x58a21eeb7ab18ba8adf1296e66a4487076e95dac,20.113454,1772386069,affa61997175eea5454cf9f43b173cd2f0696567128c4e23f2d3b3776e64b8e1,250,83.33,3.65,1,5,4,0.021477,0.553614,Minotaur,minotaur(pow_w:0.50),2.22,596,0
119,4,0xa447d277b02012c2afd9ddcbbe123f27cc971963,5.803335,1772386070,f28e7954979b2c0f6919468be57fc59a6e8e328d75a2fbaffe584531181c1946,147,73.50,3.90,1,5,4,0.021507,0.554120,Minotaur,minotaur(pow_w:0.50),1.75,597,0
120,0,0xdb45667100590f9cfe78a899c3b02c5cd37008f1,1.042106,1772386072,f2db6ee399b21e60ead5c2c1b0cbd9bf08536009baf3336b09ca5eae60e23b54,116,116.00,3.58,1,6,4,0.021471,0.553731,Minotaur,minotaur(pow_w:0.50),1.00,598,0
120,1,0x8c11ec9090dd820c076e57e899d9c604c79d6b32,14.578319,1772386074,5c6061c96d7e9c82911ad23fb1bc04b6681c1984c61f9fb087b70b9f667e1395,203,101.50,4.18,1,6,4,0.021413,0.552166,Minotaur,minotaur(pow_w:0.50),1.37,599,0
120,2,0xeb82a21cb3d0dd781eb22ad74bb7cd9b4d2a06ec,15.936965,1772386077,ed610025f2b124f0c0bf02337074fe91aa4879311128967b005c460ba95144bb,250,83.33,4.12,1,6,4,0.021417,0.552347,Minotaur,minotaur(pow_w:0.50),2.13,600,0
120,3,0x34412315480562da4810040fd15c81f99880e1ab,9.900013,1772386078,84fc947b34448012c33227ada85eac2c9cafdca4c428f54e0a450568737a9337,150,75.00,4.15,1,6,4,0.021417,0.552348,Minotaur,minotaur(pow_w:0.50),1.67,601,0
120,4,0xd39dbd3662315e3935ec08e6b6028e73b3c09de2,7.923520,1772386080,e75b51fd4e9c00749e4ad447ebc0d8aa566715b919be1fdd38542d954bcc4a4b,115,115.00,4.02,1,6,4,0.021411,0.552604,Minotaur,minotaur(pow_w:0.50),1.00,602,0
121,0,0xd46407aa7b668c72de3cf1c1a12b7fa2e308a1b2,9.991579,1772386082,17bf7895b96ef2e6a47f892dda5973d3e355ea7fe2b54a59095bb353a9694cfc,213,106.50,4.49,1,6,5,0.021385,0.552467,Minotaur,minotaur(pow_w:0.50),1.45,603,0
121,1,0x95ab54d268473cce82094026afefdbd5cadf418b,6.596838,1772386084,795c81222197d17aba4efbf7154dd196b3bc3138b763d0dca43df671eab6cfe4,250,83.33,3.79,1,5,4,0.021368,0.552487,Minotaur,minotaur(pow_w:0.50),2.29,604,0
121,2,0x719361397abe003a91af76243e5f9c7a0cd4279f,17.558626,1772386087,ee04e0cd2fea381905a7e5093fea9fe645f41e08531fd6a837c3aa48f116f408,160,80.00,4.31,1,6,4,0.021336,0.552191,Minotaur,minotaur(pow_w:0.50),1.76,605,0
121,3,0xc4dc29db975b952e04358340e56b68fa4ba63fbc,7.544491,1772386089,8f37566901cbba13a7ccb002868ef5ac06ac52f185fc6d58a95690c3c74abafc,194,97.00,3.88,2,5,4,0.021354,0.552529,Minotaur,minotaur(pow_w:0.50),1.58,606,0
121,4,0xa447d277b02012c2afd9ddcbbe123f27cc971963,6.804245,1772386091,e3c28f118072b0c7debafb496b87bfc2cdcc3a228e61c0708fceef9b3aa4ad5d,171,85.50,3.61,1,5,4,0.021326,0.552329,Minotaur,minotaur(pow_w:0.50),1.46,607,0
122,0,0x26d553a2f4343b3a7dc88bbd87b3d0a25d3838d9,23.248150,1772386093,3ef777f8260cecdee33feb3905f9a5cca3ca122adb66ed44311b13c375131fa5,250,83.33,3.37,1,5,3,0.021295,0.552030,Minotaur,minotaur(pow_w:0.50),2.34,608,0
122,1,0xd3997be86c88837e3fd467517b943590b28fa641,3.054451,1772386096,3bd48a2fffde6e77b261d30b0033e602717183bd4e70c99829f8e399ba4520d1,238,119.00,3.69,1,6,4,0.021295,0.552032,Minotaur,minotaur(pow_w:0.50),1.89,609,0
122,2,0xeaa5003682d7289190651081ae2bee847097afc5,17.781725,1772386097,85293989a7dca524bf5beca2360fcffa51c63a72cbe66ef5de1e41ac1daef2fc,199,99.50,4.21,2,6,4,0.021290,0.551669,Minotaur,minotaur(pow_w:0.50),1.54,610,0
122,3,0xe6ebb0cdfd04183d498964e5efc4096ba77b17d6,18.309183,1772386099,1a1abc00f239048f588e148b454988a56cc109f4044d284eff5bc4cefce312f9,97,97.00,4.32,1,6,5,0.021308,0.552003,Minotaur,minotaur(pow_w:0.50),0.98,611,0
122,4,0x311eb133eb413ac3f21249889bb101e5d40820ce,1.124989,1772386101,f3b28196f98552657ae6cad34564477abb18669f25d2dce84d04f208ded79087,219,109.50,4.11,1,6,4,0.021328,0.552375,Minotaur,minotaur(pow_w:0.50),1.45,612,0
123,0,0xb2a7fe70a6f3137d38f6cb4c3ec6dd1e24f2d5f4,5.420738,1772386104,3b3377a8ad700dcda6f089d3de3684731d54f1ea7fcdcbf1eacd9208aa230756,239,79.67,3.61,1,5,4,0.021328,0.552376,Minotaur,minotaur(pow_w:0.50),1.96,613,0
123,1,0xe6ebb0cdfd04183d498964e5efc4096ba77b17d6,19.311313,1772386105,9e77b45661b9fb975cd78f9cd0cdc21f76ad68c08cda0d98803633e3400828ce,210,105.00,4.26,1,6,4,0.021272,0.550857,Minotaur,minotaur(pow_w:0.50),1.55,614,0
123,2,0x6064b9f5883bf9737dfe314ff68c56e09e68ac89,7.187579,1772386107,5a6fe04909d1798c6ed086a932cdab9a380743124db591baac6f5a9ba1e7169e,103,103.00,3.95,1,6,4,0.021259,0.550844,Minotaur,minotaur(pow_w:0.50),1.04,615,0
123,3,0xa068e3c9a21c8d8be636cd2d285895979ec3262e,1.958711,1772386109,445273060d3c6baec0187bcb02979072b6e2311c3ee830fb2fbc5d152b7e2e93,202,101.00,3.80,1,6,4,0.021230,0.550566,Minotaur,minotaur(pow_w:0.50),1.47,616,0
123,4,0xc4dc29db975b952e04358340e56b68fa4ba63fbc,8.545921,1772386111,62d1315ea6c90dffe4d36ac2fc5b33d8ddf7b593d276aecd17a23f7816d02b64,233,77.67,4.15,1,6,4,0.021178,0.549383,Minotaur,minotaur(pow_w:0.50),2.30,617,0
124,0,0xa447d277b02012c2afd9ddcbbe123f27cc971963,7.806535,1772386114,60504f1add89f2cc609263675e2ee70cb70b2d169568aa46045e0eba9e0a09bd,169,84.50,3.78,1,5,4,0.021155,0.549292,Minotaur,minotaur(pow_w:0.50),1.85,618,0
124,1,0x89100a8056319ba37491b32ba255004180607bc2,16.800927,1772386115,ea411b62811c8c58441129cf82bbf4fbfdbd7399b86e26a62afec248801540c1,187,93.50,3.60,1,6,4,0.021129,0.549082,Minotaur,minotaur(pow_w:0.50),1.64,619,0
124,2,0x075e1d95c7891e1c00414ca1aa9a7a8cf6270019,0.129685,1772386117,fc8ae64d70101766dd8a3ea1972e4bb0e3c8907bc6d83aea4201fa6f392cb8c8,79,79.00,3.86,2,5,4,0.021142,0.549324,Minotaur,minotaur(pow_w:0.50),0.97,620,0
124,3,0x30405867b72597aaeb27803bb2c7f3f5fc7d5384,7.519664,1772386119,9e9490f0d71fb8a300b6ddecfaa90c4cd96b1793b11271ebcf12ac32ecb29c07,245,81.67,3.09,1,5,3,0.021082,0.547461,Minotaur,minotaur(pow_w:0.50),2.08,621,0
124,4,0xdcf2130496e27a8094ab996aea4aa77788d65869,19.524517,1772386122,a80f89776ca3f095616c8f8eff500f7ea69de7fa11ec6fa00ecc61c4534521e7,226,113.00,3.56,1,5,4,0.021082,0.547463,Minotaur,minotaur(pow_w:0.50),1.69,622,0
125,0,0x49b57eb4dace37c8819daf079c9c674f766d4f38,8.233310,1772386123,63dc52a6993e6b33edc34273bfce61a13d2125dd3955886cc36554b446432fcf,193,96.50,4.05,1,5,4,0.021107,0.547890,Minotaur,minotaur(pow_w:0.50),1.47,623,0
125,1,0x26d553a2f4343b3a7dc88bbd87b3d0a25d3838d9,24.250270,1772386125,7ef02c2574131a22bfcd2a9dbbefe9f6457c7a6d7bf091f35ad0df4d654e4191,118,118.00,3.97,1,6,4,0.021083,0.547725,Minotaur,minotaur(pow_w:0.50),0.99,624,0
125,2,0xeb82a21cb3d0dd781eb22ad74bb7cd9b4d2a06ec,16.938085,1772386127,6b30bb80202ffdfe328fa9f3edeacd3e7579de64877868bbba93a2dab1b35d89,234,117.00,3.70,1,6,4,0.021127,0.548312,Minotaur,minotaur(pow_w:0.50),1.34,625,0
125,3,0xa447d277b02012c2afd9ddcbbe123f27cc971963,8.808265,1772386130,ec4ad364ea9ad7884ca46cb92de6b3936ff47188cae7c7825439df90640eb61b,250,83.33,4.06,1,6,4,0.021140,0.548537,Minotaur,minotaur(pow_w:0.50),1.96,626,0
125,4,0x89100a8056319ba37491b32ba255004180607bc2,17.801587,1772386131,c855f3f47e5e304ab686e680272207b465910dbc237fb8bdd7132600f5a4ac08,115,57.50,3.75,1,6,4,0.021140,0.548538,Minotaur,minotaur(pow_w:0.50),1.57,627,0
126,0,0xf6e059718dbd0a0956726ab97d06bad5efc6cd18,2.006797,1772386133,e5f5b6fb3b13100493f27ab6264a62afa7563fc761531e505c7885eeb61e51a1,101,101.00,3.85,1,6,4,0.021157,0.548824,Minotaur,minotaur(pow_w:0.50),0.98,628,0
126,1,0xe478b1e4d1538274c0c70cbd7df877f9abab2f62,18.316586,1772386135,c6c992b82df8b45ff8f25961e3c989da2ce58b21b8f3ac9c0df9157a43359c0f,230,115.00,3.70,1,6,4,0.021106,0.547652,Minotaur,minotaur(pow_w:0.50),1.46,629,0
126,2,0xe478b1e4d1538274c0c70cbd7df877f9abab2f62,19.319076,1772386138,889fc7fae9fdcd490124403451c9a5fb4c85d0e9c1f901920a1bd365f4f7e362,250,83.33,4.08,1,6,4,0.021124,0.547979,Minotaur,minotaur(pow_w:0.50),2.19,630,0
126,3,0x63f4973c0df8a5358405f396dc0673a463c48de9,24.930167,1772386139,5c9e680c70e282505e16344d2898b1e9c668f3c36620ab52b321bffdb14637fb,135,67.50,4.07,1,5,4,0.021124,0.547980,Minotaur,minotaur(pow_w:0.50),1.63,631,0
126,4,0x719361397abe003a91af76243e5f9c7a0cd4279f,18.560046,1772386141,6b763856ebbed0c4a68eb7acfa4dc1b931d97b9a34432a118dac0862f07e5137,100,100.00,3.46,1,5,3,0.021193,0.548967,Minotaur,minotaur(pow_w:0.50),1.01,632,0
127,0,0x30509a8084fdfe6fe24d9c9a817c209ad194f8e3,28.690939,1772386143,190f8048426d8cd678dd6b0cd48c6336fe851712d7dc62fbc76278fe1b8e8538,214,107.00,3.75,1,5,4,0.021211,0.549291,Minotaur,minotaur(pow_w:0.50),1.47,633,0
127,1,0xeaa5003682d7289190651081ae2bee847097afc5,18.782095,1772386145,f69ac896fa0534653bb3eedd67655c7bb9ce5287ac79cfaab5de1c8deb8b790f,250,83.33,3.19,1,5,3,0.021273,0.549932,Minotaur,minotaur(pow_w:0.50),2.12,634,0
127,2,0xa7e4d4d949807065ebf85adc1be8c382c7236c15,2.210516,1772386148,d4e8ca159fdff7a55d3ba393b6d06f6cfeece66a2601d459902d654329d95bce,250,125.00,4.36,1,6,5,0.021292,0.550250,Minotaur,minotaur(pow_w:0.50),1.86,635,0
127,3,0x63f4973c0df8a5358405f396dc0673a463c48de9,25.931087,1772386149,2b62ae0ca9869b7180103d3dd284c39e2561a45715123a5345e10928ada182d4,121,60.50,4.10,2,6,4,0.021292,0.550250,Minotaur,minotaur(pow_w:0.50),1.33,636,0
127,4,0x7e40df5d801345015e84c843908efc6683665fa4,11.669799,1772386151,a6f55898b6410be691d765261f253b5cb786baab4ab499bc027720009e59454c,121,121.00,3.65,1,6,4,0.021290,0.549730,Minotaur,minotaur(pow_w:0.50),0.97,637,0
128,0,0xe478b1e4d1538274c0c70cbd7df877f9abab2f62,20.320306,1772386153,2d637440d955c5706b8adc1761b722ef9e71ce5192c58425c994544aaa5d6028,249,83.00,3.37,1,5,3,0.021280,0.549819,Minotaur,minotaur(pow_w:0.50),2.16,638,0
128,1,0x8c11ec9090dd820c076e57e899d9c604c79d6b32,15.580139,1772386156,dab3a4d23426e1c7aec7296403cb879a9a708d0fb5fb2a8ccfd5f7a8b7d4eef3,189,94.50,3.94,1,6,4,0.021305,0.550280,Minotaur,minotaur(pow_w:0.50),1.65,639,0
128,2,0x269cdf52f97e1d9f14b7be895155a7b294f0b21d,4.719483,1772386157,fd17a6d44b5adc15f72ea0aa6d7e1f24d3a254cea08fe1deefc83f8a2de50e75,241,120.50,4.17,1,6,4,0.021310,0.550453,Minotaur,minotaur(pow_w:0.50),1.64,640,0
128,3,0x6064b9f5883bf9737dfe314ff68c56e09e68ac89,8.188999,1772386159,fdb2f13d80537d52c369f4704d28559265a7caa0ce2f6e8e02d9c2eeb70da2c9,109,109.00,3.66,1,5,4,0.021270,0.549883,Minotaur,minotaur(pow_w:0.50),0.99,641,0
128,4,0xe6ebb0cdfd04183d498964e5efc4096ba77b17d6,20.311763,1772386161,207f19e75aea02defe0682b890cfd272a7c0f5f3e8d5724a9357a986b46b63e5,231,115.50,3.86,1,6,4,0.021245,0.549685,Minotaur,minotaur(pow_w:0.50),1.33,642,0
129,0,0xd67aaaf210c0c36ddcb7055222d168b5c9dd1b36,1.179471,1772386164,accced9c9880ea28e806d91af0695e40d745b8b8a1e1834bb5578e22cc446a29,244,81.33,4.14,1,6,4,0.021270,0.550114,Minotaur,minotaur(pow_w:0.50),2.09,643,0
129,1,0x26d553a2f4343b3a7dc88bbd87b3d0a25d3838d9,25.252240,1772386165,81330d423b3d1bde8abb1a1c1cc02b3895cc445093f87f59070ae4737da8a290,121,60.50,3.84,1,5,4,0.021216,0.548645,Minotaur,minotaur(pow_w:0.50),1.50,644,0
129,2,0xcb7977f4997b4252c0152e135dd79b3cfe35c1a5,9.632243,1772386167,d9421fda747cd0bb2c80e2ee0cd89e59ab10aeffb6f2ec7bdc2d2328ac65e6dd,87,87.00,3.85,1,5,4,0.021260,0.549220,Minotaur,minotaur(pow_w:0.50),0.98,645,0
129,3,0x6d6b2734a20229ddd7fd4a1470ba3e3bad4e4a85,6.639744,1772386169,7b070d1b375846891913e9703727a1e2210ab1523d9ce98b9131eaf7c8f214a2,223,111.50,4.20,1,6,4,0.021241,0.549202,Minotaur,minotaur(pow_w:0.50),1.50,646,0
129,4,0x30509a8084fdfe6fe24d9c9a817c209ad194f8e3,29.693129,1772386171,e8be090d830e268c49aa3d4bee8f372c55f777bc6a64ee948076ad5fd58b342d,246,82.00,3.64,2,5,4,0.021209,0.548868,Minotaur,minotaur(pow_w:0.50),2.22,647,0
130,0,0x719361397abe003a91af76243e5f9c7a0cd4279f,19.561946,1772386174,893cc0642c49565a6ca336f178ed72e1ef0d70e78004ea0e813fbc27e9468c3d,187,93.50,3.32,1,5,3,0.021271,0.549497,Minotaur,minotaur(pow_w:0.50),1.59,648,0
130,1,0x9bdb1c7ad4bd8fe797b07c08117c74a591dbab2d,3.439562,1772386175,bc5d8a58d830e4446eca06c7342627aec5c2a25afd8b2f9e5e8ac677fad74bf7,217,108.50,3.75,1,5,4,0.021291,0.549839,Minotaur,minotaur(pow_w:0.50),1.53,649,0
130,2,0x5cd626f4b83428b146919d30f4b3e481d259a9dc,2.066783,1772386177,fcceb79c82f62bd1991fc47b22cb934d99e2d23e321d90dab74f52564bf44476,104,104.00,3.55,1,5,4,0.021247,0.549056,Minotaur,minotaur(pow_w:0.50),0.95,650,0
130,3,0x49b57eb4dace37c8819daf079c9c674f766d4f38,9.234050,1772386179,e734c5ea7ab7e0887c37b63ff616c5a9fe405f91763d4b64f9d6bf3128537d9d,226,75.33,3.86,1,6,4,0.021197,0.547888,Minotaur,minotaur(pow_w:0.50),2.17,651,0
130,4,0x34412315480562da4810040fd15c81f99880e1ab,10.900093,1772386182,1f16ba3820d2b7c9c1b9d4de3181d72df1464ed8c66c83b3ce7d986a9b9005e0,250,125.00,4.06,1,6,4,0.021176,0.547826,Minotaur,minotaur(pow_w:0.50),2.02,652,0
131,0,0x95ab54d268473cce82094026afefdbd5cadf418b,7.597498,1772386183,a174da1b76786a773dd7d1d52a51c79cf460ef4d4cad87e4a9e52e7569821608,160,80.00,4.12,1,6,4,0.021176,0.547827,Minotaur,minotaur(pow_w:0.50),1.73,653,0
131,1,0xd46407aa7b668c72de3cf1c1a12b7fa2e308a1b2,10.993019,1772386185,adb4eaf24ed27d22863c15da180ac072c2e49031bd15069ee005534e22ed7c92,109,109.00,4.34,2,6,4,0.021134,0.547612,Minotaur,minotaur(pow_w:0.50),1.00,654,0
131,2,0x606627477c3734932f47972f83c27cf4e3b35b4f,20.397867,1772386187,7f395f74e826f7c7704dde9f43d7944bcb8311c3c7675271fb1a4366d83d3864,223,111.50,3.80,1,5,4,0.021120,0.547648,Minotaur,minotaur(pow_w:0.50),1.32,655,0
131,3,0x4414c05be2cf328f38d2e3ef4b705d6b894f044a,6.085899,1772386190,4720ecb74a5d261b64e79429942d385bcfaf63bfde851ae6bdefceb9d33103d3,247,82.33,3.58,1,5,4,0.021143,0.548050,Minotaur,minotaur(pow_w:0.50),1.94,656,0
131,4,0xa3786e459f289a76c0e8af8ad834e3d0c6d47199,24.747103,1772386191,932aea66a004e5a7c1ea9735ee16b1783ebe5ea41e7113b37670f214f65fbdfb,113,56.50,4.16,1,6,4,0.021110,0.547675,Minotaur,minotaur(pow_w:0.50),1.29,657,0
132,0,0xbc3f8508d26048f2064aa8c068f4c94d08d77d18,19.085849,1772386193,110f089793f973263ebe7ec866f5615aa1ce9c85a01898fdf51df926a953cf11,91,91.00,4.07,1,6,4,0.021150,0.548213,Minotaur,minotaur(pow_w:0.50),0.97,658,0
132,1,0x8d9e46becf415ca26aa698c9657087e6554aabda,3.381046,1772386195,da2c91ab3ed943f388819669a37f3dd915377eebfa2ada39239043f768ebfb41,189,94.50,4.23,1,6,4,0.021167,0.548505,Minotaur,minotaur(pow_w:0.50),1.43,659,0
132,2,0x4a217e35f6402e7f62a49f6d62e27c6585c2f3fd,14.500057,1772386198,1c57b64ace1618a0a0e8985acc45a8b59333265e530337e06b593abe92108777,250,83.33,3.63,1,5,4,0.021124,0.547694,Minotaur,minotaur(pow_w:0.50),2.20,660,0
132,3,0x89100a8056319ba37491b32ba255004180607bc2,18.801677,1772386199,8086f72438165c2b6fa9db85c072389ef4a0c39bbd0e4d04546c08bb445893c3,148,74.00,3.66,1,5,4,0.021124,0.547695,Minotaur,minotaur(pow_w:0.50),1.69,661,0
132,4,0xc774b0fee7cabbef3b1ae14bf36db3df0d32c1df,4.165097,1772386201,2f8ad587da1eeb87608f561131f77b5c886ce2dbf25a19184775b8f9d74a4736,111,111.00,4.00,2,6,4,0.021139,0.548095,Minotaur,minotaur(pow_w:0.50),1.00,662,0
133,0,0xbc3f8508d26048f2064aa8c068f4c94d08d77d18,20.087659,1772386203,a48aac474197d932a7372a30c4104d447075be0b626ed6d8eeca49df03de4e2f,199,99.50,3.97,1,5,4,0.021098,0.547431,Minotaur,minotaur(pow_w:0.50),1.44,663,0
133,1,0xbc3f8508d26048f2064aa8c068f4c94d08d77d18,21.090029,1772386205,ea1e41e546925fdb135556e2b0799072a72cf8ea6e87524c8eee113ffeedadf9,240,80.00,4.30,1,6,4,0.021119,0.547772,Minotaur,minotaur(pow_w:0.50),2.27,664,0
133,2,0xd46407aa7b668c72de3cf1c1a12b7fa2e308a1b2,11.995029,1772386207,7535d078da5198bd3b8bc0c5a00cb47af3e9f941bb851d58bad206dd53d0f425,169,84.50,4.35,1,6,4,0.021119,0.547773,Minotaur,minotaur(pow_w:0.50),1.85,665,0
133,3,0x49b57eb4dace37c8819daf079c9c674f766d4f38,10.236240,1772386209,45ee6cb064ecd580f9cdb176bfeb0fdde55d227c8eb43a761347ec8471ab79b3,97,97.00,3.92,2,5,4,0.021109,0.547850,Minotaur,minotaur(pow_w:0.50),1.02,666,0
133,4,0x1796dc61e715f15a2d27dfa32bd34780f12a8c24,12.731571,1772386211,e3024bdc650c5733fa7b5f08962dfedd04b7818206fadfc6f82f54a690a257c8,216,108.00,3.79,1,6,4,0.021092,0.547840,Minotaur,minotaur(pow_w:0.50),1.40,667,0
134,0,0xeb82a21cb3d0dd781eb22ad74bb7cd9b4d2a06ec,17.939675,1772386213,e4c0308d079bbdb9fa365e0f87949f1ca575a73deb10ad351fef00f681bb90fc,236,78.67,3.26,1,5,3,0.021084,0.547948,Minotaur,minotaur(pow_w:0.50),2.04,668,0
134,1,0x30509a8084fdfe6fe24d9c9a817c209ad194f8e3,30.694579,1772386216,867b0db4573e9812e67608ea1d0c53de8e064b586ce700836b8e93bfcdeaf28a,221,110.50,4.12,1,6,4,0.021084,0.547949,Minotaur,minotaur(pow_w:0.50),1.59,669,0
134,2,0x34412315480562da4810040fd15c81f99880e1ab,11.901333,1772386218,4499cc094ef0e28f063a8eac6fb98f89d7d0e8ab0fc9385836bc5725ca8cc0f6,177,88.50,3.45,2,5,3,0.021145,0.548563,Minotaur,minotaur(pow_w:0.50),1.52,670,0
134,3,0xcdc82b7c868072205a399d0f68e6e3ad3bfd1ca6,0.194991,1772386220,0ded4241f5599aca3f3a1bbe4f8b6eb8f9bdcfa118e822abcb21557aabc02d63,207,103.50,3.96,1,6,4,0.021134,0.548600,Minotaur,minotaur(pow_w:0.50),1.43,671,0
134,4,0xdc2bc9a639e2bc25c5f57e628a7cd55f6a3d023b,1.090786,1772386222,7e7a3f417085f16427fea766ed738abde2541e439e04fbb3ca2927b46b364cf6,226,75.33,3.47,1,5,4,0.021078,0.546852,Minotaur,minotaur(pow_w:0.50),2.17,672,0
135,0,0xac768e60b9269babb15cb1e36ee843243d7c7543,23.740498,1772386225,68bfe2ddcf756867e0f8216d6ed592eef78d44cf48e27efbd77e6ff0bdba2331,200,100.00,4.46,1,6,5,0.021078,0.546853,Minotaur,minotaur(pow_w:0.50),1.92,673,0
135,1,0x95ab54d268473cce82094026afefdbd5cadf418b,8.598268,1772386226,0e65399e02a9a4b09341054b9f5682058a553ccccb61754e6bb1cf55eecb0fa2,235,117.50,4.03,1,6,4,0.021060,0.545882,Minotaur,minotaur(pow_w:0.50),1.75,674,0
135,2,0xeaa5003682d7289190651081ae2bee847097afc5,19.783805,1772386228,1587c7362fa64591bcaa74f814d2a577875006b135aea5eb5f21ccac495d289e,81,81.00,4.27,1,6,4,0.021036,0.545732,Minotaur,minotaur(pow_w:0.50),0.99,675,0
135,3,0x26d553a2f4343b3a7dc88bbd87b3d0a25d3838d9,26.252520,1772386230,51742df9596d7e932499b3eb348b55a5e006a55e2e5a86253cef1fb83a94fa0e,201,67.00,4.24,1,6,4,0.021055,0.546026,Minotaur,minotaur(pow_w:0.50),2.37,676,0
135,4,0x213068cb42718d1dd6d00a6d94d62a3def0e68eb,3.361719,1772386233,47b8e1aaffcba482c2dcd4a34ef20900d5e8e65fd6cb9744d6571a71c7953270,250,125.00,3.85,1,6,4,0.021098,0.546590,Minotaur,minotaur(pow_w:0.50),1.98,677,0
136,0,0xe478b1e4d1538274c0c70cbd7df877f9abab2f62,21.321436,1772386234,921098ad9dae3322d5ea7c87e09c2a5635cd88e9248a79b91878256a6946c430,118,59.00,3.71,2,5,4,0.021054,0.545763,Minotaur,minotaur(pow_w:0.50),1.42,678,0
136,1,0x34412315480562da4810040fd15c81f99880e1ab,12.903253,1772386236,5cf2709153f85e0ea6216273c273e4ed51492aae134b78f7abf8af473aa9e877,98,98.00,3.93,1,5,4,0.021078,0.546233,Minotaur,minotaur(pow_w:0.50),0.99,679,0
136,2,0xa068e3c9a21c8d8be636cd2d285895979ec3262e,2.959671,1772386238,4a01f0cf498418d80302cecfcd67081e7a0cc98ce9c2f830b345d64c9167a385,205,102.50,3.86,1,6,4,0.021071,0.546323,Minotaur,minotaur(pow_w:0.50),1.28,680,0
136,3,0x49b57eb4dace37c8819daf079c9c674f766d4f38,11.238120,1772386241,b043fab0bbe0bafd0cda2a7158eb01252678d505320d5940b59001fd1794e01b,234,78.00,4.24,1,6,4,0.021026,0.545393,Minotaur,minotaur(pow_w:0.50),2.03,681,0
136,4,0x6064b9f5883bf9737dfe314ff68c56e09e68ac89,9.190579,1772386242,ca64ba0d779ed51e4d5a88636a5c3b74e9a92f50b2f785a2159bd47fa7d6e7ad,162,81.00,3.99,1,6,4,0.021012,0.545400,Minotaur,minotaur(pow_w:0.50),1.59,682,0
137,0,0x606627477c3734932f47972f83c27cf4e3b35b4f,21.399827,1772386244,6fd49c245f0ed793a60fce6da38ebd4da6db7369723bfb82b24ccd614bb82a41,120,120.00,3.71,1,5,4,0.020991,0.545304,Minotaur,minotaur(pow_w:0.50),0.99,683,0
137,1,0xe478b1e4d1538274c0c70cbd7df877f9abab2f62,22.322296,1772386246,48c11ef55958340001a8c3dcfc374ac46d4ebe1b654cf8e75ed0e9ba555decc4,229,114.50,3.62,1,5,4,0.021015,0.545748,Minotaur,minotaur(pow_w:0.50),1.38,684,0
137,2,0x63f4973c0df8a5358405f396dc0673a463c48de9,26.931277,1772386248,31bcc30ef8c68f7181199f89d868253e96b0a52a5229b82e88ff70d169227f12,250,83.33,4.07,1,6,4,0.021041,0.546214,Minotaur,minotaur(pow_w:0.50),2.06,685,0
137,3,0xbc3f8508d26048f2064aa8c068f4c94d08d77d18,21.089509,1772386251,f4f533ee83aad56b064e366f1d222f6ebc96710c86ac4e8c956bd10578132e92,197,98.50,3.69,2,5,4,0.021041,0.546216,Minotaur,minotaur(pow_w:0.50),1.60,686,0
137,4,0xb2a7fe70a6f3137d38f6cb4c3ec6dd1e24f2d5f4,6.421518,1772386252,3cdb19d357420099859f154da71a0ce2ba2b0f63b452fdaa1d388f5f7790df60,215,107.50,4.33,1,6,4,0.021063,0.546621,Minotaur,minotaur(pow_w:0.50),1.55,687,0
138,0,0xdcf2130496e27a8094ab996aea4aa77788d65869,20.525267,1772386254,d681fdd2db25ae1c7370b3b126f7d0f952c51e39898e499a4f8b1d60ca23ecea,98,98.00,4.22,1,6,4,0.021032,0.546259,Minotaur,minotaur(pow_w:0.50),0.99,688,0
138,1,0x6414c6a8400ff3419cd81855d09de2848d770e0e,6.153956,1772386256,33a725c94bc6fabc5d8b7ad3e8e9b69326e62c4271ab8239ffef5956bfe9e855,244,81.33,3.81,1,6,4,0.021052,0.546598,Minotaur,minotaur(pow_w:0.50),2.34,689,0
138,2,0xcb7977f4997b4252c0152e135dd79b3cfe35c1a5,10.633453,1772386259,0cc305a7f72f4b6af4ff9956f6a29997044690f43ce4585d59264a6958dea1b5,227,113.50,3.94,1,6,4,0.021019,0.546201,Minotaur,minotaur(pow_w:0.50),1.92,690,0
138,3,0x5cd626f4b83428b146919d30f4b3e481d259a9dc,3.068003,1772386260,47d081be589af204ab65107d96d2ca7671c0d9fa0082836748a87ba872bf0598,106,53.00,4.33,1,6,4,0.021003,0.546180,Minotaur,minotaur(pow_w:0.50),1.44,691,0
138,4,0xac768e60b9269babb15cb1e36ee843243d7c7543,24.742488,1772386262,aedf9e2a2f7d75e1de2cdcac103b3053a229ff98f0799b7c7bcb8ecec4926857,115,115.00,3.96,1,6,4,0.020959,0.545265,Minotaur,minotaur(pow_w:0.50),0.99,692,0
139,0,0x13f9dadc05f6c237b03411e2aed1800cf21a5d89,2.268652,1772386264,458fd6936008a4dcd7cc6feaa061ca2e02bdd1d1a540e4d995e4d6784f38b996,225,112.50,4.03,1,6,4,0.020994,0.545756,Minotaur,minotaur(pow_w:0.50),1.43,693,0
139,1,0x58a21eeb7ab18ba8adf1296e66a4487076e95dac,21.113214,1772386267,21dd903ee5fdca498c8f50e0d92b30980b81df66dd6ad94d969678f8f6358d46,250,83.33,3.04,1,5,3,0.020948,0.544666,Minotaur,minotaur(pow_w:0.50),2.00,694,0
139,2,0x719361397abe003a91af76243e5f9c7a0cd4279f,20.563146,1772386268,7c22166ffd9d571fa95981b6f13a063e6c2009003053f2fd3987f7c6d8d8e4e2,178,89.00,3.85,1,6,4,0.020969,0.545033,Minotaur,minotaur(pow_w:0.50),1.53,695,0
139,3,0xc774b0fee7cabbef3b1ae14bf36db3df0d32c1df,5.166447,1772386270,05aa939d65f01db5d08fe9a00590080ebd22c69fcae8716f5231e93af2b50bae,78,78.00,3.72,1,5,4,0.020988,0.545337,Minotaur,minotaur(pow_w:0.50),1.01,696,0
139,4,0x26d553a2f4343b3a7dc88bbd87b3d0a25d3838d9,27.254690,1772386272,45019ba249df9037b1e6a83f5a86adda7f89d184e4348ffa9318273f8fd47e23,183,91.50,3.99,1,6,4,0.020952,0.544855,Minotaur,minotaur(pow_w:0.50),1.57,697,0
140,0,0xbc3f8508d26048f2064aa8c068f4c94d08d77d18,22.091559,1772386274,9c076af8ef7f35112e28848372d8dd7c263548a5ce3c9da6f96639dc62f40081,241,80.33,3.69,1,6,4,0.020995,0.545424,Minotaur,minotaur(pow_w:0.50),2.33,698,0
140,1,0x63f4973c0df8a5358405f396dc0673a463c48de9,26.930997,1772386277,ecf135018595559514f10947645a828dc0a14d23cfcf61ff9d0aedca5eb23e02,248,124.00,4.23,1,6,4,0.020995,0.545425,Minotaur,minotaur(pow_w:0.50),1.96,699,0
140,2,0x63f4973c0df8a5358405f396dc0673a463c48de9,27.932237,1772386278,dc9f7eaa4141de3e395038e1cb9171e8538123afaa63cca13830f68aa45f8cc9,125,62.50,3.72,2,5,4,0.021060,0.546386,Minotaur,minotaur(pow_w:0.50),1.30,700,0
140,3,0xc577329e86aaecb006f17fb90499c54671119935,1.308132,1772386280,6d0f8040ff44638c82490c3a17727262c93975422d235fbb5a68058c0f06bac1,102,102.00,3.38,1,5,4,0.021104,0.546942,Minotaur,minotaur(pow_w:0.50),0.98,701,0
140,4,0x95ab54d268473cce82094026afefdbd5cadf418b,9.598608,1772386282,cb28a868cb030e03978edac29ed6ebc2872684400422f81f145eed4475ce8e41,221,110.50,3.95,1,6,4,0.021055,0.545572,Minotaur,minotaur(pow_w:0.50),1.33,702,0
141,0,0x1cb1274c711a6c2e4e1596846e6ac604eeefb358,5.404561,1772386285,04ee3280b3e7a64c5023a834b1e53a9a2df55c1cce6a545393fc8ca57a8204bf,250,83.33,4.34,1,6,4,0.021034,0.545491,Minotaur,minotaur(pow_w:0.50),2.22,703,0
141,1,0x1796dc61e715f15a2d27dfa32bd34780f12a8c24,13.733171,1772386286,5561a6c7eef6505d782804c5cd9da93839299c3c75a7283580e9e83050b9c1fe,143,71.50,3.59,2,5,4,0.020999,0.545024,Minotaur,minotaur(pow_w:0.50),1.66,704,0
141,2,0x4a217e35f6402e7f62a49f6d62e27c6585c2f3fd,15.500507,1772386288,83e3cb4ad5601c82a09f51e85de2e878c4be7bedfb02d5fef2b55070f9920a10,69,69.00,3.17,1,5,3,0.020994,0.545134,Minotaur,minotaur(pow_w:0.50),0.99,705,0
141,3,0xeaa5003682d7289190651081ae2bee847097afc5,20.785165,1772386290,cdcfefdade30188aa63cf28288958e18702d3d7b4c9ccd79b1c1f264f5f4afc6,213,106.50,3.60,1,5,4,0.020994,0.545273,Minotaur,minotaur(pow_w:0.50),1.37,706,0
141,4,0x58a21eeb7ab18ba8adf1296e66a4487076e95dac,22.114764,1772386292,fd4106d56fd1a73c83c72d8d4c242c2ba13f9578b0e103424ca001ee0dcd710c,233,77.67,4.21,1,6,4,0.020994,0.545274,Minotaur,minotaur(pow_w:0.50),2.18,707,0
142,0,0xbc3f8508d26048f2064aa8c068f4c94d08d77d18,23.093849,1772386294,628ef15666a6b2c86fe50fe15437b7176e8c9990c3853a6333f4f29be4743064,158,79.00,3.91,1,5,4,0.021017,0.545669,Minotaur,minotaur(pow_w:0.50),1.76,708,0
142,1,0x26d553a2f4343b3a7dc88bbd87b3d0a25d3838d9,28.256960,1772386296,8d14db1189d096c068dc5a145cd3c79576e3755751a04dfe92e513ed28d18634,104,104.00,4.24,1,6,4,0.021043,0.546117,Minotaur,minotaur(pow_w:0.50),1.03,709,0
142,2,0x8c11ec9090dd820c076e57e899d9c604c79d6b32,16.581019,1772386298,7cfa16b66f68717c5d1d7c488c7b36e94973a74f73448979e6aaa3e65de11a43,223,111.50,3.78,1,6,4,0.021087,0.546658,Minotaur,minotaur(pow_w:0.50),1.47,710,0
142,3,0xa3786e459f289a76c0e8af8ad834e3d0c6d47199,25.746943,1772386300,b48a95c47b1d4bf3c9b21b1f5a4f0b110d484b78659feb312f0f34585c66032e,233,77.67,4.04,1,6,4,0.021091,0.546822,Minotaur,minotaur(pow_w:0.50),2.28,711,0
142,4,0xa3786e459f289a76c0e8af8ad834e3d0c6d47199,26.749423,1772386303,5a59199ab5a67100d5653ae7bd887145eb8076c4de9395b98f79d5f9ec459af7,250,125.00,4.17,1,6,4,0.021125,0.547326,Minotaur,minotaur(pow_w:0.50),2.00,712,0
143,0,0x7e40df5d801345015e84c843908efc6683665fa4,12.670819,1772386304,e0d931a4caff8f6ce5608c872dab562b4a17ccb6de1831d82bfe8be3bd281bed,126,63.00,4.42,1,6,5,0.021163,0.547827,Minotaur,minotaur(pow_w:0.50),1.52,713,0
143,1,0x63f4973c0df8a5358405f396dc0673a463c48de9,28.932987,1772386306,2bb8b527885a16fb122d7d67dad638dcdc863d6b35c53927c779ce13fd730745,94,94.00,3.46,1,5,4,0.021153,0.547876,Minotaur,minotaur(pow_w:0.50),0.98,714,0
143,2,0xaadc5fea232580cb8fba739ac5d05a48559c7e52,10.354963,1772386308,abd690678defcfe0a7a52afd92e4e2a2b82e7e7c4f51958466353e5a93321623,236,118.00,3.53,1,5,4,0.021198,0.548420,Minotaur,minotaur(pow_w:0.50),1.25,715,0
143,3,0x26d553a2f4343b3a7dc88bbd87b3d0a25d3838d9,29.259030,1772386310,f8b41ff44b481a52f2be886708a602ca95dc350333013146b304f9fc1fce6eb6,218,72.67,4.26,1,6,4,0.021180,0.548364,Minotaur,minotaur(pow_w:0.50),2.01,716,0
143,4,0xe478b1e4d1538274c0c70cbd7df877f9abab2f62,23.324156,1772386313,12f46dfee27ed66d6cefedab5916f78620b994de4b37edf4b10593a80ae213a6,145,72.50,3.89,1,5,4,0.021180,0.548366,Minotaur,minotaur(pow_w:0.50),1.77,717,0
144,0,0xc24b36dee27726233c3bbd9e1f028f98b6b2a424,8.410609,1772386315,c40378dbb94f6dd0df6c9c50ba0f935cfbc45652c805db4aea5cf0cddb07d1bb,211,105.50,4.02,1,6,4,0.021180,0.548368,Minotaur,minotaur(pow_w:0.50),1.51,718,0
144,1,0x58a21eeb7ab18ba8adf1296e66a4487076e95dac,23.116124,1772386317,d010a2fb226449be53952f7263f910033afca28f567dc475f6fe151dd623770f,208,104.00,4.00,1,6,4,0.021155,0.548164,Minotaur,minotaur(pow_w:0.50),1.51,719,0
144,2,0x26d553a2f4343b3a7dc88bbd87b3d0a25d3838d9,29.258970,1772386319,c0818d88809e3a1328e9244b03ff033cd2820279faddbba1fecb2f0d251dc4e7,240,80.00,3.88,1,6,4,0.021180,0.548580,Minotaur,minotaur(pow_w:0.50),2.16,720,0
144,3,0xeaa5003682d7289190651081ae2bee847097afc5,20.784865,1772386322,0a5a2c0774d6d4c73dc0674dd18b28b4d9f1b18e9e999cbe79eec0c6e9920bb1,207,103.50,3.74,1,5,4,0.021225,0.549111,Minotaur,minotaur(pow_w:0.50),1.76,721,0
144,4,0x786f26993bf015cd2da6fb5d3ccd1879e01246ab,1.279492,1772386323,98f57ef2f7a4dd8f68c3df39de05cc2b52ce57d6992c09f0c7324c15c3084f87,231,115.50,4.26,1,6,4,0.021225,0.549111,Minotaur,minotaur(pow_w:0.50),1.58,722,0
145,0,0x408bb0bf84df50b21c53c74420987f172d4036a1,2.789174,1772386325,3b2ca6f4c00fc35f258cca2444fc3b633ec5c12f46490685c38e387f51fe172a,113,113.00,4.06,1,6,4,0.021192,0.548024,Minotaur,minotaur(pow_w:0.50),1.01,723,0
145,1,0xd46407aa7b668c72de3cf1c1a12b7fa2e308a1b2,12.995089,1772386327,c72b599adcec23a66a966fa55a3f9666d14dcfa7e965c355c48605b68caf30fa,226,113.00,3.45,1,5,4,0.021149,0.547045,Minotaur,minotaur(pow_w:0.50),1.26,724,0
145,2,0x1cb1274c711a6c2e4e1596846e6ac604eeefb358,6.405521,1772386329,05ed1b11a2b289393876c4128d5a5c3862901560915ca83e3dd0fce0c0a6ca20,231,77.00,3.80,2,5,4,0.021139,0.547087,Minotaur,minotaur(pow_w:0.50),1.96,725,0
145,3,0xcb7977f4997b4252c0152e135dd79b3cfe35c1a5,11.633663,1772386332,6b992d4aabd2473d1e1246251ee5ee6092b4e7714f719a8049731f0c0ba6d327,233,116.50,3.55,1,5,4,0.021108,0.546694,Minotaur,minotaur(pow_w:0.50),1.78,726,0
145,4,0x26d553a2f4343b3a7dc88bbd87b3d0a25d3838d9,30.260890,1772386334,48613f1d3e6817a68b6c6db8d8869ab215d3c93436cba62b188c9fc20b4ef033,195,97.50,4.26,1,6,4,0.021093,0.546685,Minotaur,minotaur(pow_w:0.50),1.43,727,0
146,0,0x26d553a2f4343b3a7dc88bbd87b3d0a25d3838d9,31.262910,1772386336,a97e661c4ea39148245b67b0218a3c2f4c575a22283c3d5775dc5c9c068f997b,204,102.00,3.73,1,5,4,0.021141,0.547230,Minotaur,minotaur(pow_w:0.50),1.46,728,0
146,1,0x8d9e46becf415ca26aa698c9657087e6554aabda,4.382196,1772386338,d181df067fdb445c25820865ac026c980dcb3911e74275271db61ad89b830340,216,72.00,3.69,1,6,4,0.021191,0.547790,Minotaur,minotaur(pow_w:0.50),2.13,729,0
146,2,0x2abf89d7c96c80fcff9dec1fe92803573094ee35,0.214525,1772386341,ce63892b51c022b96f72c7257c4eda17ae735c8c9bc693e998c3c1f42827a60f,228,114.00,3.78,2,5,4,0.021153,0.547182,Minotaur,minotaur(pow_w:0.50),1.73,730,0
146,3,0x3513d672439a59c26cc5711f2b715ccb4810a774,9.292965,1772386342,bc5dc5746bd2b8839579ed4ef681122bb09616560d4ad989fd4c9850e05da9e9,220,110.00,3.74,1,6,4,0.021101,0.545535,Minotaur,minotaur(pow_w:0.50),1.65,731,0
146,4,0x95ab54d268473cce82094026afefdbd5cadf418b,10.600538,1772386344,133df7dd0738a29e32647a7468074e65107333fe0a15be688a5ae770872d7a64,86,86.00,3.84,1,5,4,0.021079,0.545407,Minotaur,minotaur(pow_w:0.50),0.99,732,0
147,0,0xbc3f8508d26048f2064aa8c068f4c94d08d77d18,24.094399,1772386346,89e57ba8300773555886de08312e9d029a6902132445706ba7da8d7ddeb77d10,185,92.50,4.37,1,6,5,0.021062,0.545344,Minotaur,minotaur(pow_w:0.50),1.45,733,0
147,1,0xdcf2130496e27a8094ab996aea4aa77788d65869,21.526847,1772386349,a8b26ff4075faafb92eef0fbc4ae9bd74628bd48fc520c3e4815c5451fbfcb35,229,76.33,4.19,1,6,4,0.021088,0.545785,Minotaur,minotaur(pow_w:0.50),2.14,734,0
147,2,0x63f4973c0df8a5358405f396dc0673a463c48de9,29.934967,1772386350,2c43f9242a66711176238b57f1c37b24b085b66fddf46a4efcd4078b04b006b5,176,88.00,3.97,1,5,4,0.021088,0.545785,Minotaur,minotaur(pow_w:0.50),1.68,735,0
147,3,0xc4dc29db975b952e04358340e56b68fa4ba63fbc,9.545101,1772386352,66f84e1c4b6c54daaaf1fbd8a3b94d1c9eae021a46637839f0a9631bca48de72,109,109.00,3.69,1,5,4,0.021133,0.546303,Minotaur,minotaur(pow_w:0.50),1.04,736,0
147,4,0x30509a8084fdfe6fe24d9c9a817c209ad194f8e3,31.694989,1772386354,9846e397652a2a3f6a50651d91127dfc6ada6a68101e44db50bd320d657ae321,191,95.50,3.69,1,5,4,0.021112,0.546171,Minotaur,minotaur(pow_w:0.50),1.40,737,0
148,0,0xe6ebb0cdfd04183d498964e5efc4096ba77b17d6,21.312333,1772386356,822b15fab148c655c1b816cf0dfb08bdc078c743022979493bc6e3bf230ce6e6,250,125.00,3.36,1,5,3,0.021162,0.546723,Minotaur,minotaur(pow_w:0.50),1.23,738,0
148,1,0xcb7977f4997b4252c0152e135dd79b3cfe35c1a5,12.635323,1772386359,1f7320c0b5cd7f33a22e89303d0e680972143af54ee54e6fedc8ad7c7cfbe8db,250,83.33,4.07,1,6,4,0.021162,0.546725,Minotaur,minotaur(pow_w:0.50),1.87,739,0
148,2,0x95ab54d268473cce82094026afefdbd5cadf418b,11.602208,1772386360,6fb5bee0892c3c0e2f7a1f3e3e1060faab0938a216655d47224cd27582753440,133,66.50,4.30,1,6,4,0.021179,0.547036,Minotaur,minotaur(pow_w:0.50),1.47,740,0
148,3,0xc24b36dee27726233c3bbd9e1f028f98b6b2a424,9.412169,1772386362,3a44f5f1b66f99a3c01d3cf7327e2943daaf3dc8023f7313b57a7c66d323ba09,118,118.00,4.49,1,6,5,0.021153,0.547005,Minotaur,minotaur(pow_w:0.50),1.00,741,0
148,4,0x3d92e045fb1847aae132b40ebfcc471a32f687de,3.119855,1772386364,25b7a49e7f1670e5476d848203d91fe1c767cdf1118b92736702f7eee73896a4,183,91.50,3.99,1,6,4,0.021131,0.546841,Minotaur,minotaur(pow_w:0.50),1.46,742,0
149,0,0xa3786e459f289a76c0e8af8ad834e3d0c6d47199,27.750113,1772386367,fa2cad786b48bad40b5b1b5adc82026fb75df645fe49c3e6fec6ebd0cab2af13,250,83.33,3.90,1,5,4,0.021089,0.545945,Minotaur,minotaur(pow_w:0.50),2.34,743,0
149,1,0xd67aaaf210c0c36ddcb7055222d168b5c9dd1b36,2.178931,1772386368,79d84de28cd0a91a7bb3a13ebabb17f8f6326cc30e0e56b1b2642af42cc69a93,168,84.00,4.36,2,6,4,0.021126,0.546430,Minotaur,minotaur(pow_w:0.50),1.92,744,0
149,2,0xd67aaaf210c0c36ddcb7055222d168b5c9dd1b36,3.180031,1772386370,bd37fdd9e03d48f8b46bb35b61e70f4d63dfe88cb172e6fae94ea364d39f31aa,115,115.00,4.03,1,6,4,0.021081,0.545351,Minotaur,minotaur(pow_w:0.50),1.03,745,0
149,3,0x4a217e35f6402e7f62a49f6d62e27c6585c2f3fd,16.501867,1772386372,4ac79803925d6e59ce9337da3a772e5b3e5d8885bed3cbe045f60a8fa8c38ebb,220,110.00,3.88,1,6,4,0.021040,0.544453,Minotaur,minotaur(pow_w:0.50),1.43,746,0
149,4,0x9bdb1c7ad4bd8fe797b07c08117c74a591dbab2d,4.438902,1772386374,4c1e6b29408e4975f2429546d44628fa792f3e3425bff4d7c1f6986c2b1ee5ed,250,83.33,3.58,1,5,4,0.021041,0.544587,Minotaur,minotaur(pow_w:0.50),2.22,747,0
150,0,0x30509a8084fdfe6fe24d9c9a817c209ad194f8e3,32.697219,1772386377,74fb5eb0da62bc9d6104b72a32e9994d319176dd223001e53ad27df85077aff3,154,77.00,3.79,2,5,4,0.021041,0.544588,Minotaur,minotaur(pow_w:0.50),1.68,748,0
150,1,0xc24b36dee27726233c3bbd9e1f028f98b6b2a424,10.413849,1772386378,20e8ccf5296d692af93f93f69649a78bbee249fbf4966795ea8d049df452d621,198,99.00,3.44,1,5,4,0.021055,0.544539,Minotaur,minotaur(pow_w:0.50),1.55,749,0
150,2,0x687bf2437a044a3e42ff2f8a79a8e54ba9601f70,5.058589,1772386380,351c373ee7e40e5026227504d5854ceaef56ebdbe79dece28551d99de8e84f4a,87,87.00,3.87,1,6,4,0.021037,0.544447,Minotaur,minotaur(pow_w:0.50),0.97,750,0
150,3,0xa3786e459f289a76c0e8af8ad834e3d0c6d47199,28.751693,1772386382,a62827585ed7f320c151c3789a31bdce77ebd654da4d92f7db7509bedb9c6c72,225,112.50,3.73,1,5,4,0.021002,0.543923,Minotaur,minotaur(pow_w:0.50),1.34,751,0
150,4,0xe478b1e4d1538274c0c70cbd7df877f9abab2f62,23.323516,1772386384,edb09eacf72deea85fd361e6dca3f2f122b33b189ce5c1994e148857b6cd878f,219,73.00,4.18,1,6,4,0.021040,0.544407,Minotaur,minotaur(pow_w:0.50),2.12,752,0
151,0,0xe6ebb0cdfd04183d498964e5efc4096ba77b17d6,22.314553,1772386386,199f77e58af7b7c2ead3f34ff0905cd22fc08933957b7144429b53edc9a9692f,144,72.00,4.06,1,6,4,0.021040,0.544407,Minotaur,minotaur(pow_w:0.50),1.72,753,0
151,1,0x3513d672439a59c26cc5711f2b715ccb4810a774,10.293375,1772386388,a15e089eee9aa431ac3beff2801cf272447a21ab67959b0d7ed4ed15dd7d6b09,97,97.00,4.07,1,6,4,0.021080,0.545148,Minotaur,minotaur(pow_w:0.50),1.01,754,0
151,2,0x4414c05be2cf328f38d2e3ef4b705d6b894f044a,7.084709,1772386390,1072ce0a1994c90e3fdbbba227da5b395b07a703631904955dd8ab748f7d5529,185,92.50,3.72,1,5,4,0.021061,0.545025,Minotaur,minotaur(pow_w:0.50),1.49,755,0
151,3,0xc4dc29db975b952e04358340e56b68fa4ba63fbc,10.546641,1772386392,ebec9a5a0b0f3fde8b2d08e1eac5d3b8ef78e2d6a9e7eef56a10d3b880e0ce4f,213,71.00,3.85,1,6,4,0.021032,0.544716,Minotaur,minotaur(pow_w:0.50),2.26,756,0
151,4,0xe478b1e4d1538274c0c70cbd7df877f9abab2f62,24.324856,1772386395,19de50a78dd6a9d3f6d01f1dd85ff42c6106ba53edfeb82cf53b78138eac70a0,212,106.00,3.60,1,5,4,0.021014,0.544590,Minotaur,minotaur(pow_w:0.50),1.91,757,0
152,0,0x30405867b72597aaeb27803bb2c7f3f5fc7d5384,7.516994,1772386396,23ec55425df1fec1094dd8f0bc1b57a9f5eaf2cdf7f9791bcf35b725f5e7d90e,123,61.50,4.22,1,6,4,0.021038,0.544999,Minotaur,minotaur(pow_w:0.50),1.68,758,0
152,1,0x4a217e35f6402e7f62a49f6d62e27c6585c2f3fd,17.504147,1772386398,d2c76dd808c16c27799ecee70943a80a2a5cde6cbffae09149c677978dda7aa4,110,110.00,3.47,1,4,4,0.021011,0.544718,Minotaur,minotaur(pow_w:0.50),0.97,759,0
152,2,0x9ba702916c26a8583a7f277d6932b3c0d9927ce0,2.187667,1772386400,3ff8811afc4ecda7e0009957f006196578020a1e84030de423c703114e2b405e,248,82.67,3.62,1,5,4,0.021014,0.544910,Minotaur,minotaur(pow_w:0.50),2.27,760,0
152,3,0x58a21eeb7ab18ba8adf1296e66a4487076e95dac,24.117774,1772386403,eb83aa491516a252d97e9bf9e5e9c3d28d93502f198bb4d82bd6c2d9bca4d7c4,208,104.00,3.69,1,5,4,0.020970,0.543829,Minotaur,minotaur(pow_w:0.50),1.90,761,0
152,4,0xbc3f8508d26048f2064aa8c068f4c94d08d77d18,25.096119,1772386404,6d818aa6c7d051effd2327ec9fc010daad5add899c1a0b100f47143ef91a4c8f,250,125.00,3.90,1,6,4,0.020994,0.544208,Minotaur,minotaur(pow_w:0.50),1.74,762,0
153,0,0x3513d672439a59c26cc5711f2b715ccb4810a774,11.295005,1772386406,3470084cbc45fdaee519dd28df7fbe1440b742bbf1ee1a907043ddc3ca41a602,3,3.00,1.00,1,1,1,0.021020,0.544638,Minotaur,minotaur(pow_w:0.50),0.00,763,0
153,1,0x7e40df5d801345015e84c843908efc6683665fa4,13.670749,1772386408,cec67433fe3b4013ddbed6ce86e14a67c090bfac530c9fda0ec263c4b7c00017,196,98.00,3.78,1,5,4,0.021004,0.544563,Minotaur,minotaur(pow_w:0.50),1.34,764,0
153,2,0x58a21eeb7ab18ba8adf1296e66a4487076e95dac,25.120204,1772386411,9d6f2d1bc2020ffb84c15f598f6d564d3f6bd522dac34950e0848ca5ea44afaa,238,79.33,3.45,1,5,3,0.020995,0.544630,Minotaur,minotaur(pow_w:0.50),2.06,765,0
153,3,0xa068e3c9a21c8d8be636cd2d285895979ec3262e,3.960381,1772386412,b495a9a7c70aa41974f8fad8afc86bc3b981d2a95b3015de9d0d26481541cbdc,194,97.00,4.08,2,5,4,0.020995,0.544631,Minotaur,minotaur(pow_w:0.50),1.56,766,0
153,4,0xaadc5fea232580cb8fba739ac5d05a48559c7e52,11.356243,1772386414,9e158c23cfe37270cc74e001095fc5fb126404863a1bed83ef51382ed5a021bb,118,118.00,4.34,1,6,4,0.020957,0.543949,Minotaur,minotaur(pow_w:0.50),1.02,767,0
154,0,0xa447d277b02012c2afd9ddcbbe123f27cc971963,8.805325,1772386416,54c03f6d1dd9037b30b784449fc5a314d47f2061730bc93ab499533400eee704,200,100.00,4.42,1,6,5,0.020941,0.543858,Minotaur,minotaur(pow_w:0.50),1.51,768,0
154,1,0x52e05d9fa4faa167f30baba23c710e4f49115288,1.135709,1772386418,610d89560001c601eff8d7df2e18882f9fea5b954d0232905d3bdea3e66f8c9f,250,83.33,3.46,1,6,3,0.020918,0.543668,Minotaur,minotaur(pow_w:0.50),2.26,769,0
154,2,0x30509a8084fdfe6fe24d9c9a817c209ad194f8e3,33.698869,1772386421,159913c1ecfff97778659b6ef6836f2f957299cc3503e3a6abc17734af0ec2e5,221,110.50,3.93,1,6,4,0.020871,0.542313,Minotaur,minotaur(pow_w:0.50),2.00,770,0
154,3,0xaadc5fea232580cb8fba739ac5d05a48559c7e52,12.358183,1772386422,f219e600cbba66ce9b97579b3bdbbb807cafb5d339317e10afb6436d3d46fe0f,225,112.50,3.42,2,5,3,0.020872,0.542313,Minotaur,minotaur(pow_w:0.50),1.63,771,0
154,4,0x269cdf52f97e1d9f14b7be895155a7b294f0b21d,5.718013,1772386424,7208b7bb247d02ec48778b7a873ec3230f2d03cc5375ac435105102f28eee632,105,105.00,4.29,1,6,4,0.020910,0.542841,Minotaur,minotaur(pow_w:0.50),0.99,772,0
155,0,0x606627477c3734932f47972f83c27cf4e3b35b4f,22.400287,1772386426,ac805b8a840d238485038845468440ee05fb3ea287accd3dd1b4b6268e97d674,224,112.00,3.58,1,5,4,0.020877,0.542406,Minotaur,minotaur(pow_w:0.50),1.44,773,0
155,1,0xc24b36dee27726233c3bbd9e1f028f98b6b2a424,11.414109,1772386429,36e4e4c2876996dbdc2b8c9519f511970c7b663f70e91151f0f2548ac7dd376c,250,83.33,3.56,1,5,4,0.020877,0.542407,Minotaur,minotaur(pow_w:0.50),2.12,774,0
155,2,0x28672c71695142588ed26ada6f4b18b8b6c12308,4.684948,1772386430,3187d5553d1ddf44678b1826dfef879eab31d8505bccd9b0ec517f84b576e28e,135,67.50,4.04,1,6,4,0.020879,0.542627,Minotaur,minotaur(pow_w:0.50),1.73,775,0
155,3,0xa3786e459f289a76c0e8af8ad834e3d0c6d47199,29.753363,1772386432,ebccfdc399b4ef8f495bbf9abfef53d5d5a8b4718a7d7f401cdd6b46ea2a14eb,93,93.00,3.63,2,5,4,0.020843,0.542038,Minotaur,minotaur(pow_w:0.50),1.00,776,0
155,4,0x30405867b72597aaeb27803bb2c7f3f5fc7d5384,8.517604,1772386434,136875141503e6dac65afe68d5fb6822cf799f6b3c1b079403bb18b15a808153,193,96.50,4.22,1,6,4,0.020882,0.542510,Minotaur,minotaur(pow_w:0.50),1.49,777,0
156,0,0x719361397abe003a91af76243e5f9c7a0cd4279f,21.562326,1772386436,3b9fbc760e6e9f3b425dd3b041b3290e28af042acbac859e1f761d56aaa47af4,250,83.33,3.44,1,5,4,0.020858,0.542291,Minotaur,minotaur(pow_w:0.50),2.26,778,0
156,1,0xbc3f8508d26048f2064aa8c068f4c94d08d77d18,26.095799,1772386439,afa0b3afe401e96c163955e3f2bfb70ab20ce08d88968919627acb7337b0984e,220,110.00,3.92,1,5,4,0.020872,0.542587,Minotaur,minotaur(pow_w:0.50),1.86,779,0
156,2,0xbc3f8508d26048f2064aa8c068f4c94d08d77d18,27.097779,1772386440,df410b212f4ba2a927c606aa6f6d0da2213756790c571f47486f28ab19f6eb8d,199,99.50,4.30,1,6,4,0.020899,0.543032,Minotaur,minotaur(pow_w:0.50),1.54,780,0
156,3,0xeaa5003682d7289190651081ae2bee847097afc5,21.785985,1772386442,e43de379eaf8f07b7f453cd78c1dd9d7b5d0b6e18ff3b520e7c73639d9dc778c,109,109.00,4.38,1,6,4,0.020929,0.543476,Minotaur,minotaur(pow_w:0.50),1.00,781,0
156,4,0x4ba33404d90c4ae989714d9d174cd882cffb7994,4.109902,1772386444,4d921637761e289844d3a684c1ded42e8f32ddc845bc5fb61d4fabc07366ea8e,227,75.67,4.21,1,6,4,0.020943,0.543756,Minotaur,minotaur(pow_w:0.50),2.34,782,0
157,0,0x60705151f1f537cacd5b801f3ef1b31dc3f605de,2.293014,1772386447,720957152fa4bc84e1fbae597f94670699396d7ad2e5626c16dca8b1e454cd99,225,112.50,4.37,1,6,4,0.020906,0.543083,Minotaur,minotaur(pow_w:0.50),2.03,783,0
157,1,0xdcf2130496e27a8094ab996aea4aa77788d65869,21.525847,1772386448,5ca0a77792441df82a9cf018782aa02f8accbaecc37c16ba0becd5afb563da8d,131,65.50,4.28,1,6,4,0.020906,0.543083,Minotaur,minotaur(pow_w:0.50),1.46,784,0
157,2,0x075e1d95c7891e1c00414ca1aa9a7a8cf6270019,1.129095,1772386450,9aeb389b332d4b4a838c5b4f84f94bd3630e7779872d17ae5e00e5120d4eb397,93,93.00,3.95,1,5,4,0.020878,0.542277,Minotaur,minotaur(pow_w:0.50),0.99,785,0
157,3,0x9bdb1c7ad4bd8fe797b07c08117c74a591dbab2d,5.439572,1772386452,60751e5d0e1396872818af6148b5127dfb1ec04404e3b60af92597cf59a2e0fe,221,110.50,2.99,2,5,3,0.020832,0.540924,Minotaur,minotaur(pow_w:0.50),1.43,786,0
157,4,0x4414c05be2cf328f38d2e3ef4b705d6b894f044a,8.086179,1772386454,2bc2a510504ceae3c0936aa2fb8a3f7e1d79418d69248097d1e97042499c4993,221,73.67,3.63,1,5,4,0.020799,0.540447,Minotaur,minotaur(pow_w:0.50),2.14,787,0
158,0,0x4ba33404d90c4ae989714d9d174cd882cffb7994,5.112032,1772386457,595198b44e9b637607243a8fac8f247b7aca7bf6797944c8923c91a79a14b9e9,231,115.50,3.97,1,6,4,0.020774,0.540189,Minotaur,minotaur(pow_w:0.50),1.89,788,0
158,1,0xe478b1e4d1538274c0c70cbd7df877f9abab2f62,25.325476,1772386458,d4038bcfd8cbb6a41a8812d52f2924155752e9d47934b59ead3e608243f53aa7,199,99.50,4.45,1,6,5,0.020741,0.539640,Minotaur,minotaur(pow_w:0.50),1.59,789,0
158,2,0xc4dc29db975b952e04358340e56b68fa4ba63fbc,11.548181,1772386460,5f03cd768a558f78a725e9b127446fb698919c5d67d929a712a1942fb3a87c44,105,105.00,4.03,1,6,4,0.020765,0.540050,Minotaur,minotaur(pow_w:0.50),0.99,790,0
158,3,0xac768e60b9269babb15cb1e36ee843243d7c7543,25.742818,1772386462,b6111e492ae57bc82edd019b4c2da096d2540d1cfac2dfb5d127b010fd462688,238,79.33,3.59,1,5,4,0.020749,0.539936,Minotaur,minotaur(pow_w:0.50),2.39,791,0
158,4,0x4ba33404d90c4ae989714d9d174cd882cffb7994,6.113912,1772386465,db19cee1b62a722645ae23051ee6f0b8e0a574d330b02890ce698850b7fa6454,186,93.00,3.92,1,6,4,0.020774,0.540341,Minotaur,minotaur(pow_w:0.50),1.94,792,0
159,0,0x786f26993bf015cd2da6fb5d3ccd1879e01246ab,2.279162,1772386466,42564a700bd3fc3ca46d848f24bda380380f64509be86942ceda971ba4ddff3d,222,111.00,4.48,1,6,5,0.020744,0.539923,Minotaur,minotaur(pow_w:0.50),1.73,793,0
159,1,0x719361397abe003a91af76243e5f9c7a0cd4279f,22.564216,1772386468,c5b598f9bdae77fceceea65cfdf4ea249ff41f7828ae9bdfb13ac97e586aed97,100,100.00,4.09,2,5,4,0.020702,0.538859,Minotaur,minotaur(pow_w:0.50),1.02,794,0
159,2,0x606627477c3734932f47972f83c27cf4e3b35b4f,23.402327,1772386470,0d978558ea5a1e1a33e8d10d9fffd680a57602395e1f7c9a1b431cfdfe7666b7,241,80.33,3.73,1,5,4,0.020718,0.539163,Minotaur,minotaur(pow_w:0.50),2.34,795,0
159,3,0x6414c6a8400ff3419cd81855d09de2848d770e0e,7.153876,1772386473,218c6a7fd9233013121d1c6b3ae683c30a5cf399bf60e3a8a959b299bb803e63,238,119.00,3.59,1,5,4,0.020736,0.539505,Minotaur,minotaur(pow_w:0.50),1.96,796,0
159,4,0x7e40df5d801345015e84c843908efc6683665fa4,14.672569,1772386474,df508ccd9eb36e59c388f792754b202492eb545187e95e5f6c4d63497cea3baf,201,100.50,4.01,1,6,4,0.020709,0.539187,Minotaur,minotaur(pow_w:0.50),1.57,797,0
160,0,0x89100a8056319ba37491b32ba255004180607bc2,19.800217,1772386476,e1d488720d1b341cb85d21ed11908c85e7060a65c644685603b490c96047a1bd,116,116.00,3.37,1,5,3,0.020702,0.539295,Minotaur,minotaur(pow_w:0.50),0.97,798,0
160,1,0x2abf89d7c96c80fcff9dec1fe92803573094ee35,1.215395,1772386478,5c1f2d219d3404247383eabe98ce947cf76408f0dea49c9f254f50763ea12e4d,219,109.50,3.84,1,6,4,0.020710,0.539521,Minotaur,minotaur(pow_w:0.50),1.35,799,0
160,2,0xdcf2130496e27a8094ab996aea4aa77788d65869,22.526497,1772386481,c004225ee8372b54e4fdce4e232a8e7bec83acfaca23b735f632a103288debd6,250,83.33,3.72,1,5,4,0.020666,0.538195,Minotaur,minotaur(pow_w:0.50),2.08,800,0
160,3,0xa3786e459f289a76c0e8af8ad834e3d0c6d47199,30.754733,1772386482,b107622cb7a71ade7abcd65d0f3d34b770804c64f91d3e42bbdbf50a14585490,118,59.00,3.94,1,5,4,0.020681,0.538468,Minotaur,minotaur(pow_w:0.50),1.35,801,0
160,4,0xd1cd4b808ce6b2841ad42746b64c5a047e857ef0,5.234464,1772386484,5166cc8eb5dc3f7023ba749d6ca21fd7dcd4d87fc11446859810fa0ecfca448f,92,92.00,4.17,1,6,4,0.020719,0.538950,Minotaur,minotaur(pow_w:0.50),0.99,802,0
161,0,0x7e40df5d801345015e84c843908efc6683665fa4,15.673649,1772386486,4270eace475f43dff134c5531baccd4f9583ee5ec09c59cb090687b17cc94430,191,95.50,3.93,1,6,4,0.020686,0.538408,Minotaur,minotaur(pow_w:0.50),1.51,803,0
161,1,0xa3786e459f289a76c0e8af8ad834e3d0c6d47199,31.755583,1772386489,5d31f0fa22938e7f2cb99090bc299075b5ccf4a2f2120e3c38cf4acca95e3cf0,250,83.33,3.42,1,5,3,0.020686,0.538409,Minotaur,minotaur(pow_w:0.50),2.15,804,0
161,2,0x4a217e35f6402e7f62a49f6d62e27c6585c2f3fd,18.505667,1772386490,f7df48f95eccefaea01d0b919f3b1141c6b30e0d2c4e3a165f9336a7afc35091,138,69.00,4.19,1,6,4,0.020682,0.538517,Minotaur,minotaur(pow_w:0.50),1.72,805,0
161,3,0x9bdb1c7ad4bd8fe797b07c08117c74a591dbab2d,6.441402,1772386492,ac3e05be47a67a2166a550271b834e90ea3eab047ff3a8d3bfe7fd1ad0be9078,92,92.00,3.62,1,5,4,0.020726,0.539214,Minotaur,minotaur(pow_w:0.50),1.01,806,0
161,4,0xeb82a21cb3d0dd781eb22ad74bb7cd9b4d2a06ec,17.937025,1772386494,240f7c18cd10664944012868d835fb9f9fd6246c06bb181cfdce4571794d08e7,198,99.00,3.64,1,5,4,0.020697,0.538809,Minotaur,minotaur(pow_w:0.50),1.44,807,0
162,0,0x28672c71695142588ed26ada6f4b18b8b6c12308,5.685208,1772386496,011379133eb1d01fe1e3c61877ea1453086bc374e881544339e2686d67cff720,241,80.33,4.01,1,6,4,0.020699,0.538987,Minotaur,minotaur(pow_w:0.50),2.24,808,0
162,1,0x408bb0bf84df50b21c53c74420987f172d4036a1,3.789834,1772386499,6c764cd291209c8dd03568120936683a443760a1473c26b6cd6c89fea39a512b,218,109.00,3.70,2,5,4,0.020667,0.538490,Minotaur,minotaur(pow_w:0.50),1.83,809,0
162,2,0x95ab54d268473cce82094026afefdbd5cadf418b,12.601988,1772386500,dea6abf42811b282a4a5f9d8a0ffa46f51067d52b416a0ed7c9e1ed6676f84c2,209,104.50,3.69,1,5,4,0.020631,0.537771,Minotaur,minotaur(pow_w:0.50),1.54,810,0
162,3,0x34412315480562da4810040fd15c81f99880e1ab,13.902743,1772386502,744d17fbdcd83a6e5459b94a0532b34574aa5967604562e3eb40a7f97eb6f89b,86,86.00,4.36,1,6,5,0.020618,0.537746,Minotaur,minotaur(pow_w:0.50),1.00,811,0
162,4,0x81193196c1dbdbf80709d43a5af5ce21c201fbd7,3.828439,1772386504,31d043f61cd17aa1d04d95c1409aed49a7acacfaddd9ea8c9a36eb6ba41b4ab1,202,101.00,3.95,1,6,4,0.020609,0.537810,Minotaur,minotaur(pow_w:0.50),1.39,812,0
163,0,0xd39dbd3662315e3935ec08e6b6028e73b3c09de2,8.921310,1772386506,7d44127f7d9caad1daa86cc0f2df9f7b897bbfa85061f290302f83d9bde57ad2,244,81.33,3.83,1,6,4,0.020573,0.537079,Minotaur,minotaur(pow_w:0.50),2.08,813,0
163,1,0x9bdb1c7ad4bd8fe797b07c08117c74a591dbab2d,7.443262,1772386509,e9e8b2d7550991223742860727845522405452acd415ae7de1351456208b244e,133,66.50,4.43,2,6,5,0.020551,0.536872,Minotaur,minotaur(pow_w:0.50),1.74,814,0
163,2,0x4a217e35f6402e7f62a49f6d62e27c6585c2f3fd,19.506417,1772386511,7f0e17beb7100a03f116c82386ae16b7c340d4aee28a9bd65890f3c154b4fabb,212,106.00,3.75,1,5,4,0.020524,0.536566,Minotaur,minotaur(pow_w:0.50),1.61,815,0
163,3,0xac768e60b9269babb15cb1e36ee843243d7c7543,26.744128,1772386513,45dbd7c1c280b431ea05002d9c569ffd5c8ccd9098abc7d454a009de9010a9bb,187,93.50,3.65,1,5,4,0.020531,0.536768,Minotaur,minotaur(pow_w:0.50),1.42,816,0
163,4,0x213068cb42718d1dd6d00a6d94d62a3def0e68eb,4.360019,1772386515,392062c6818fd1a7e89a533dbcab5953645a451b58358ce2935ad08bebf3399e,236,78.67,3.77,1,6,4,0.020556,0.537178,Minotaur,minotaur(pow_w:0.50),2.16,817,0
164,0,0x89100a8056319ba37491b32ba255004180607bc2,20.802027,1772386518,97270acc05999064a49234d994ec4530e1b204705c875d0fb94e83833e4824c2,250,125.00,3.70,1,5,4,0.020521,0.536512,Minotaur,minotaur(pow_w:0.50),1.86,818,0
164,1,0xaadc5fea232580cb8fba739ac5d05a48559c7e52,13.358273,1772386519,3318890d48995c68d18f2658d7b5c336f1cf30227eee95a8b5adbbb429495435,114,57.00,3.89,2,5,4,0.020521,0.536513,Minotaur,minotaur(pow_w:0.50),1.25,819,0
164,2,0x58a21eeb7ab18ba8adf1296e66a4487076e95dac,25.119164,1772386521,80a59cac53f7beb7630b3cf36212894217b282d235d385883907c697f86bd294,107,107.00,4.35,1,6,4,0.020520,0.536750,Minotaur,minotaur(pow_w:0.50),1.00,820,0
164,3,0x58a21eeb7ab18ba8adf1296e66a4487076e95dac,26.121634,1772386523,6709b0870aabcbd5fa9eda1ecd22307de6dac974e00f5f869c7b4b7f65e7d52d,250,83.33,3.78,1,5,4,0.020541,0.537112,Minotaur,minotaur(pow_w:0.50),2.24,821,0
164,4,0x34412315480562da4810040fd15c81f99880e1ab,14.904493,1772386526,3e842faf6d2cac98cbccba8a01744dc56e8dbfb2f3b7cbce1fdc122f3c6b64ba,190,95.00,3.82,1,6,4,0.020564,0.537492,Minotaur,minotaur(pow_w:0.50),1.89,822,0
165,0,0xe6ebb0cdfd04183d498964e5efc4096ba77b17d6,23.314073,1772386527,9992d5457db5fcafe1af57a78fbb2986e90780c78d927ed9b8078d1f6bb34783,232,116.00,4.07,1,6,4,0.020558,0.537576,Minotaur,minotaur(pow_w:0.50),1.70,823,0
165,1,0x30509a8084fdfe6fe24d9c9a817c209ad194f8e3,34.700109,1772386529,edf5b113d0e8d2d1fe6f1b2b27c5448af8f271fddda465ebd46084cfcf30d750,115,115.00,4.09,1,6,4,0.020573,0.537880,Minotaur,minotaur(pow_w:0.50),0.97,824,0
165,2,0x63f4973c0df8a5358405f396dc0673a463c48de9,30.934347,1772386531,3d9eb757e5ff5884a45f3b687a36f0fa38f8701aff72639bbf61954a28d4e571,250,125.00,3.29,1,5,3,0.020618,0.538400,Minotaur,minotaur(pow_w:0.50),1.18,825,0
165,3,0x9bdb1c7ad4bd8fe797b07c08117c74a591dbab2d,8.445152,1772386534,fb6c2e83842a31b541256e1c3174c1e4d66841c566b408357156e1974da7386b,242,80.67,3.64,1,5,4,0.020618,0.538401,Minotaur,minotaur(pow_w:0.50),1.80,826,0
165,4,0x6414c6a8400ff3419cd81855d09de2848d770e0e,8.155426,1772386535,c9682189d9b57a66a0c39814a626e8d4f8fd4af5d939abc7ae54851007fb5590,120,60.00,3.86,1,5,4,0.020595,0.538145,Minotaur,minotaur(pow_w:0.50),1.19,827,0
166,0,0xa068e3c9a21c8d8be636cd2d285895979ec3262e,4.960361,1772386537,9dff3c00551f787ab4cf1392118995a5f86914f5d21f93c6f115b59f4847cd78,94,94.00,4.04,1,6,4,0.020570,0.537856,Minotaur,minotaur(pow_w:0.50),0.99,828,0
166,1,0xd67aaaf210c0c36ddcb7055222d168b5c9dd1b36,4.180211,1772386539,0557b28c80db7fd6aaeebb04f8bc1aa61875f5ed097307ba6aa8fe5b16abe387,195,65.00,4.28,1,6,4,0.020538,0.537261,Minotaur,minotaur(pow_w:0.50),2.36,829,0
166,2,0x37cc7a82e66d4f4c2ae13b9ee895d3af1a1d7a05,4.254355,1772386542,ecc6c633322f99f7ca5302d0d1e18968b2c8ef71ca522655be7e2a42f78c6453,250,125.00,3.93,1,5,4,0.020503,0.536561,Minotaur,minotaur(pow_w:0.50),2.15,830,0
166,3,0xd46407aa7b668c72de3cf1c1a12b7fa2e308a1b2,13.995349,1772386543,f724fa130cf08b9a59cfa42f67b585de0fe5090370d329f036b72522cd7f63c1,123,61.50,4.00,1,6,4,0.020469,0.535846,Minotaur,minotaur(pow_w:0.50),1.59,831,0
166,4,0xc24b36dee27726233c3bbd9e1f028f98b6b2a424,12.414199,1772386545,0a4f3b1566209aee4d7bc6f675244f402358ab9ccd4dc3f1b9f5726bcf25dda0,97,97.00,3.69,1,5,4,0.020460,0.535885,Minotaur,minotaur(pow_w:0.50),0.96,832,0
167,0,0xe478b1e4d1538274c0c70cbd7df877f9abab2f62,26.325796,1772386547,ca0084d883683157c403f4582aca33c3c7f4d031ee38470f2837ad912dcf4154,224,112.00,3.86,1,6,4,0.020447,0.535831,Minotaur,minotaur(pow_w:0.50),1.31,833,0
167,1,0x7e40df5d801345015e84c843908efc6683665fa4,16.675489,1772386550,2a2feacef1801f4bc7815306b3ada855eb29bee50401a2a0f87cb86ab61916fb,250,83.33,4.06,1,6,4,0.020447,0.535832,Minotaur,minotaur(pow_w:0.50),2.07,834,0
167,2,0xd67aaaf210c0c36ddcb7055222d168b5c9dd1b36,5.182561,1772386551,b2dba55b9907db5c172ba4d795e0184a5c292c1448821345dadeb21e84ecb507,122,61.00,3.46,1,5,4,0.020444,0.535944,Minotaur,minotaur(pow_w:0.50),1.47,835,0
167,3,0x7e40df5d801345015e84c843908efc6683665fa4,17.676689,1772386553,794b4532b0c552a2a9cf822950bb955ce7d1111f890e3f1df7d26fbea34f16f9,94,94.00,3.79,1,5,4,0.020413,0.535360,Minotaur,minotaur(pow_w:0.50),1.00,836,0
167,4,0x269cdf52f97e1d9f14b7be895155a7b294f0b21d,6.719083,1772386555,7102883f0faa6cbe057e311e7bd1dba4cc20aaeec22c66cc7a6150ad101d7202,245,122.50,3.38,1,5,3,0.020413,0.535514,Minotaur,minotaur(pow_w:0.50),1.29,837,0
168,0,0x07902d0371763a00d97ed9ba16ff0a206cb0fd19,17.550579,1772386558,f44ad549cc74ee5cfb4b0ae794a3f9b018e28a259c90a46639bb9f7710714c37,224,74.67,3.64,1,5,4,0.020386,0.535131,Minotaur,minotaur(pow_w:0.50),1.77,838,0
168,1,0x6064b9f5883bf9737dfe314ff68c56e09e68ac89,10.188849,1772386559,107580b5df6bc523e94289fe265f01904cdb2d69488fe4c3464d54aed4aab37d,204,102.00,2.84,2,4,3,0.020386,0.535131,Minotaur,minotaur(pow_w:0.50),1.58,839,0
168,2,0xdcf2130496e27a8094ab996aea4aa77788d65869,23.526927,1772386561,9bcb0ccfa303dca9d5a6b68413f09a0336a64229ab53bcb67f4a71eb0c1063ac,103,103.00,3.84,1,6,4,0.020367,0.535121,Minotaur,minotaur(pow_w:0.50),0.98,840,0
168,3,0x786f26993bf015cd2da6fb5d3ccd1879e01246ab,3.278972,1772386563,fd5dbebe3ba1f38ad4fbb5040b92b3c4304e83af74daaea43cec7a6c9c860b2f,217,108.50,3.87,1,5,4,0.020382,0.535417,Minotaur,minotaur(pow_w:0.50),1.44,841,0
168,4,0x1796dc61e715f15a2d27dfa32bd34780f12a8c24,14.730991,1772386566,9cc2e1619dc1d95cb8e9f5d57407f588e981d97933d5957aee47ddbe6361b40d,246,82.00,4.00,1,6,4,0.020346,0.534594,Minotaur,minotaur(pow_w:0.50),2.24,842,0
169,0,0x3513d672439a59c26cc5711f2b715ccb4810a774,12.295615,1772386567,1975517d796d98effe79a3f800064afb5740ca30345da1f42388ad5e69cf2519,154,77.00,3.40,1,5,3,0.020339,0.534651,Minotaur,minotaur(pow_w:0.50),1.56,843,0
169,1,0xb2a7fe70a6f3137d38f6cb4c3ec6dd1e24f2d5f4,7.419518,1772386569,cd6507a5899f4e04bc760cf17fe226c36261b314f33332cd246ee3ec73e36423,98,98.00,3.85,1,5,4,0.020325,0.534574,Minotaur,minotaur(pow_w:0.50),1.00,844,0
169,2,0xdcf2130496e27a8094ab996aea4aa77788d65869,24.529037,1772386571,b72bb918f7dddb97a038fa3383e2b22803427c004cf525df7f2fcdc318c3b2d8,221,110.50,4.33,1,6,4,0.020300,0.534244,Minotaur,minotaur(pow_w:0.50),1.46,845,0
169,3,0x7e40df5d801345015e84c843908efc6683665fa4,18.678969,1772386574,ad74fb615fe190a3f20292b8d2c0a0beba33618ce7457782718d0d9ca064f61d,250,83.33,3.85,2,5,4,0.020317,0.534577,Minotaur,minotaur(pow_w:0.50),2.14,846,0
169,4,0xdcf2130496e27a8094ab996aea4aa77788d65869,25.531527,1772386575,f82c3d148a2b06b7de980cebbc339e3c3bf399917efd95b7941e731c232c801c,137,68.50,3.53,1,5,4,0.020317,0.534578,Minotaur,minotaur(pow_w:0.50),1.61,847,0
170,0,0xf6e059718dbd0a0956726ab97d06bad5efc6cd18,3.005267,1772386577,f7714e972554b5739534ca7702d5a8b232380f06017d324bc0b473f9fba60af6,98,98.00,3.93,2,6,4,0.020339,0.535083,Minotaur,minotaur(pow_w:0.50),1.00,848,0
170,1,0x6414c6a8400ff3419cd81855d09de2848d770e0e,9.155936,1772386579,1409ca07f3d52e1a0828941ba9ba8b881b4cf61443786b3e3a99949f53988d33,194,97.00,3.69,1,5,4,0.020303,0.534191,Minotaur,minotaur(pow_w:0.50),1.43,849,0
170,2,0x6414c6a8400ff3419cd81855d09de2848d770e0e,10.158026,1772386581,836b67a2038973b56cef1bf10fd12ec8437ada591e1debefa6b5b4e2a6485306,209,69.67,3.80,1,6,4,0.020281,0.533985,Minotaur,minotaur(pow_w:0.50),2.33,850,0
170,3,0xd46407aa7b668c72de3cf1c1a12b7fa2e308a1b2,14.995819,1772386584,97471ae21963f34b40e242f28af836089cfe848d382574a40729eef6e8f80463,250,125.00,4.05,3,6,4,0.020263,0.533825,Minotaur,minotaur(pow_w:0.50),2.10,851,0
170,4,0xd39dbd3662315e3935ec08e6b6028e73b3c09de2,9.921780,1772386585,19d1742de290abbad8bf50484b36264109d15f141cf6c39b981c47ca4df9a202,129,64.50,4.06,1,6,4,0.020263,0.533825,Minotaur,minotaur(pow_w:0.50),1.47,852,0
171,0,0x4a217e35f6402e7f62a49f6d62e27c6585c2f3fd,20.507597,1772386587,46fc340ad1c8a8c89f76fe4bbb30c9bdc590e4088a3ca25782b79d7db8073d73,87,87.00,4.60,1,6,5,0.020237,0.533693,Minotaur,minotaur(pow_w:0.50),1.00,853,0
171,1,0xdcf2130496e27a8094ab996aea4aa77788d65869,26.532367,1772386589,e0e1a981ffc13ea87f8ab12ea6b04c16c8b7870c28e705959e039900788d37ce,236,78.67,3.55,1,5,4,0.020244,0.533890,Minotaur,minotaur(pow_w:0.50),2.21,854,0
171,2,0x30509a8084fdfe6fe24d9c9a817c209ad194f8e3,35.702019,1772386592,beb7ef66e5c065496b2bf4dd7f5383c79a0331f3f629f7d536d5ada8d7786989,243,121.50,3.90,1,6,4,0.020244,0.533892,Minotaur,minotaur(pow_w:0.50),1.89,855,0
171,3,0xe478b1e4d1538274c0c70cbd7df877f9abab2f62,26.325366,1772386593,8fc4498327d79af46e2889ca7a42aa1091b226a759f4d1cb54bf877fe6999f68,115,57.50,3.34,1,5,3,0.020288,0.534399,Minotaur,minotaur(pow_w:0.50),1.27,856,0
171,4,0xe6ebb0cdfd04183d498964e5efc4096ba77b17d6,24.314603,1772386595,8beb4721c82446846c3fcc36b11cdf3943ca853c3414d42b544c80c54c5a9a65,111,111.00,3.94,1,6,4,0.020309,0.534750,Minotaur,minotaur(pow_w:0.50),0.98,857,0
172,0,0x6064b9f5883bf9737dfe314ff68c56e09e68ac89,11.189469,1772386597,8277882ee0a38770e2cfa716e6023b0acf98c88d07b763adc47c0b3e208f2dc1,226,75.33,3.98,1,6,4,0.020325,0.535055,Minotaur,minotaur(pow_w:0.50),2.37,858,0
172,1,0xd46407aa7b668c72de3cf1c1a12b7fa2e308a1b2,15.996959,1772386600,c225a2b6711eaf6ee2d2c518cfd1e77662154d85bd90b92d79496302e58347b4,238,119.00,3.85,1,5,4,0.020309,0.534917,Minotaur,minotaur(pow_w:0.50),1.85,859,0
172,2,0xe6ebb0cdfd04183d498964e5efc4096ba77b17d6,25.316813,1772386601,b13f5cc0087fb8c7b20dae731b0dbc9764930eedbffa3ee77b85912284f3b433,101,50.50,4.17,1,5,4,0.020309,0.534918,Minotaur,minotaur(pow_w:0.50),1.32,860,0
172,3,0x81d019380961f92c2031b0a7fba69f7675145088,3.484583,1772386603,04b30500bab841d65084a7a6eba8bfc0ab28e0b8d82ca0f4c52dcd23aab5fc21,115,115.00,4.12,2,6,4,0.020327,0.535224,Minotaur,minotaur(pow_w:0.50),0.98,861,0
172,4,0x63f4973c0df8a5358405f396dc0673a463c48de9,30.933677,1772386605,4644bf9e37003182cbf69107ebaf015384b9a90a2255fdcc66bc9113742e4c90,211,105.50,3.59,1,5,4,0.020292,0.534412,Minotaur,minotaur(pow_w:0.50),1.29,862,0
173,0,0x30509a8084fdfe6fe24d9c9a817c209ad194f8e3,36.702979,1772386608,360a7ab1dd73bb88b8ed5eb78c3286c53ea119ef2f7344affdcf18f358ff0435,216,72.00,3.73,2,5,4,0.020323,0.534850,Minotaur,minotaur(pow_w:0.50),1.96,863,0
173,1,0xe6ebb0cdfd04183d498964e5efc4096ba77b17d6,26.317913,1772386609,5b59a8fbbb81a29a925aecb23db3d74717e10ae6cefed9ffd4715e16b7227844,178,89.00,3.39,1,5,3,0.020369,0.535352,Minotaur,minotaur(pow_w:0.50),1.48,864,0
173,2,0x687bf2437a044a3e42ff2f8a79a8e54ba9601f70,6.058529,1772386611,bffa9215e7e790d8834aafbd43395c20f0a10f8a399ebd60e70ed370467f9cde,92,92.00,4.11,1,6,4,0.020389,0.535678,Minotaur,minotaur(pow_w:0.50),0.98,865,0
173,3,0x95ab54d268473cce82094026afefdbd5cadf418b,13.601758,1772386613,a7ed62deeb3264d71cd065bb28536b7c39ef3a62ba46a1fb4b4563a3671ad1aa,213,106.50,3.73,1,5,4,0.020360,0.535229,Minotaur,minotaur(pow_w:0.50),1.49,866,0
173,4,0x4414c05be2cf328f38d2e3ef4b705d6b894f044a,9.086899,1772386616,b949d82461c8aafb233bbf0a6f84c0c2c24e374e2d4376792a935c7a245b1bb7,239,79.67,4.26,1,6,4,0.020349,0.535229,Minotaur,minotaur(pow_w:0.50),2.08,867,0
174,0,0xc774b0fee7cabbef3b1ae14bf36db3df0d32c1df,6.164797,1772386617,0de66ddb8c2e42eef36e70da5e0328cf44ebf770775a531104fcac9537fe3a30,151,75.50,4.01,1,6,4,0.020349,0.535229,Minotaur,minotaur(pow_w:0.50),1.57,868,0
174,1,0x3513d672439a59c26cc5711f2b715ccb4810a774,13.296105,1772386619,435fbff01f47533c0d2ed07563cc8fa4a80fc94029e7500345764b3335ca65cc,83,83.00,4.06,1,5,4,0.020299,0.534541,Minotaur,minotaur(pow_w:0.50),1.00,869,0
174,2,0xc4dc29db975b952e04358340e56b68fa4ba63fbc,12.549071,1772386621,5e3b4c51a603bdd7ae12a17a651121bbcfdd8d8bc36ce5b0b4c9fdde08e31547,226,113.00,3.76,1,5,4,0.020288,0.534505,Minotaur,minotaur(pow_w:0.50),1.44,870,0
174,3,0x3d92e045fb1847aae132b40ebfcc471a32f687de,4.119745,1772386624,0ccb56cb9d096d30ff1e362b2b767f59adba67bf65a75f32c6e7212160b8e87e,236,78.67,3.73,1,5,4,0.020275,0.534417,Minotaur,minotaur(pow_w:0.50),2.06,871,0
174,4,0x8c11ec9090dd820c076e57e899d9c604c79d6b32,17.579819,1772386625,8d68900049034c87e5b247477ba8beee232b075f23de2f0778434d3424d30eed,147,73.50,4.05,2,5,4,0.020275,0.534418,Minotaur,minotaur(pow_w:0.50),1.34,872,0
175,0,0x63f4973c0df8a5358405f396dc0673a463c48de9,31.935557,1772386627,2e19b6caf4b45b4290d9d40e602b901a8b1aa8581e10a75ee3b56586c8c35d1e,110,110.00,4.14,1,6,4,0.020241,0.533802,Minotaur,minotaur(pow_w:0.50),0.98,873,0
175,1,0x34412315480562da4810040fd15c81f99880e1ab,15.906033,1772386629,351233d83b7a078fccbc15d4a630d6b1ef2eebc969a611d6286c0cc3b5b813f4,189,94.50,3.47,1,5,4,0.020273,0.534254,Minotaur,minotaur(pow_w:0.50),1.37,874,0
175,2,0xac768e60b9269babb15cb1e36ee843243d7c7543,27.745338,1772386632,9b5b0faf6d50b08d5aab4a0ec57b89b8df6a9c8eecb6f7e7e5a03999dbdd716b,250,83.33,3.92,1,6,4,0.020268,0.534335,Minotaur,minotaur(pow_w:0.50),2.23,875,0
175,3,0xfdc414c57908f0e2a6a926079902d4688d553610,6.175072,1772386633,78242bac596d604261e2a6e9794c546516d7a537ac49a0e846fe4a08b35ec8df,146,73.00,4.10,2,6,4,0.020291,0.534737,Minotaur,minotaur(pow_w:0.50),1.78,876,0
175,4,0x3513d672439a59c26cc5711f2b715ccb4810a774,14.298235,1772386635,d991f283fecc27923dece5ecd34470b468d10abaecba14673e3fdc7fa32af3da,102,102.00,4.73,1,6,5,0.020263,0.534269,Minotaur,minotaur(pow_w:0.50),1.00,877,0
176,0,0xac768e60b9269babb15cb1e36ee843243d7c7543,28.746728,1772386637,24c917d4e507f8cadcab89265143416a5e6c7683c10f42e638d31dbc8680d676,190,95.00,3.89,1,5,4,0.020254,0.534279,Minotaur,minotaur(pow_w:0.50),1.40,878,0
176,1,0x1796dc61e715f15a2d27dfa32bd34780f12a8c24,15.731811,1772386639,96309241d81e3e7dd87fd5b047c4046e02a4007ad6317d2935e28cf96f7d574b,250,83.33,3.86,1,6,4,0.020278,0.534688,Minotaur,minotaur(pow_w:0.50),2.26,879,0
176,2,0xd46407aa7b668c72de3cf1c1a12b7fa2e308a1b2,15.996639,1772386641,2755a738ceb772d2b39785f248801d0e58f6e5e85f5f52a42fb800d2eb8226d7,231,115.50,3.42,1,5,3,0.020273,0.534743,Minotaur,minotaur(pow_w:0.50),1.80,880,0
176,3,0xa5a12d96532497871d73549e55ab377e3dcb3a40,3.098412,1772386643,c44080d11a34ada19d7eeea58525608d367e063babaa39aa3a9f366490d1d347,119,119.00,3.88,1,5,4,0.020267,0.534791,Minotaur,minotaur(pow_w:0.50),1.00,881,0
176,4,0xf13caa2c5f6f6cf61e51290bfa7826a9140b4faf,0.028724,1772386645,a0204e5fd3d888101ca1ff583e8d42ea0d1c60ef00d4f50d88ee15509adbfebe,209,104.50,3.99,1,6,4,0.020232,0.533914,Minotaur,minotaur(pow_w:0.50),1.42,882,0
177,0,0x07902d0371763a00d97ed9ba16ff0a206cb0fd19,18.551859,1772386647,31b91fd22c2ffe75f7dfa1ee8495db52ec25969e50e9e0a99363a7b98ceff34d,237,79.00,4.17,1,6,4,0.020190,0.532491,Minotaur,minotaur(pow_w:0.50),2.29,883,0
177,1,0xdcf2130496e27a8094ab996aea4aa77788d65869,26.531857,1772386649,d6d8c98155aea1d5c874fc9348d789f83be5951cd2c921718400dc2d87c0dedd,244,122.00,2.83,1,4,3,0.020190,0.532492,Minotaur,minotaur(pow_w:0.50),1.86,884,0
177,2,0xe478b1e4d1538274c0c70cbd7df877f9abab2f62,27.325866,1772386651,fbe5fbdc7534e897d19016cb9e71de8245663410772aae21585ad43af6316fe7,85,85.00,3.72,2,5,4,0.020209,0.532949,Minotaur,minotaur(pow_w:0.50),1.00,885,0
177,3,0xd46407aa7b668c72de3cf1c1a12b7fa2e308a1b2,16.997729,1772386653,d7c9d91e5f7003fba8f5643693ac2ca7055d807217b72bf7ddba9b21ae12f3b9,192,96.00,4.05,1,6,4,0.020230,0.533314,Minotaur,minotaur(pow_w:0.50),1.41,886,0
177,4,0x7e40df5d801345015e84c843908efc6683665fa4,19.679679,1772386655,834c53d7e24e27ff1d3bfdb47af413247e642437c36decc740d3febe0aab957b,238,79.33,3.80,1,5,4,0.020227,0.533397,Minotaur,minotaur(pow_w:0.50),2.21,887,0
178,0,0x81d019380961f92c2031b0a7fba69f7675145088,4.486243,1772386658,394824047623167f60db6795cf170850605d1798f6efc2c0a63e689794489672,237,118.50,3.54,1,5,4,0.020230,0.533567,Minotaur,minotaur(pow_w:0.50),1.82,888,0
178,1,0x2abf89d7c96c80fcff9dec1fe92803573094ee35,2.216135,1772386659,d417d7f3ad51757f3e9c73e48f2dba46abac6f47af58fe170b963b030e38a41f,187,93.50,3.78,2,6,4,0.020230,0.533567,Minotaur,minotaur(pow_w:0.50),1.55,889,0
178,2,0xdc2bc9a639e2bc25c5f57e628a7cd55f6a3d023b,2.088516,1772386661,c4e951609532208cfec1d39bbf0cafe4303d87839b94a455798c0e8608a17af6,91,91.00,3.57,1,5,4,0.020162,0.531897,Minotaur,minotaur(pow_w:0.50),0.95,890,0
178,3,0x81193196c1dbdbf80709d43a5af5ce21c201fbd7,4.829449,1772386663,b0dc1faadef0e7dac9539ef1c4fd0a660cd9da760719686492d58e8a3daf057d,197,65.67,4.39,1,6,5,0.020124,0.530882,Minotaur,minotaur(pow_w:0.50),2.39,891,0
178,4,0xa3786e459f289a76c0e8af8ad834e3d0c6d47199,32.755223,1772386666,b383775974a9aa5d685cd3e2dacefc7cc90af1115fad65b970bf5db19fed2665,250,125.00,3.98,2,6,4,0.020094,0.530249,Minotaur,minotaur(pow_w:0.50),1.92,892,0
179,0,0x81d019380961f92c2031b0a7fba69f7675145088,5.488003,1772386667,c5526380b4ccfc0770e9c01204319732b2ee9394340f24b3236076ba3281b7c0,99,49.50,4.34,2,5,4,0.020094,0.530249,Minotaur,minotaur(pow_w:0.50),1.11,893,0
179,1,0x606627477c3734932f47972f83c27cf4e3b35b4f,24.402807,1772386669,5462d992187f2a5f08d751ec2e1c8f35c73c15ccb2a791ee7afb5a969a3969d8,90,90.00,3.46,1,5,4,0.020097,0.530177,Minotaur,minotaur(pow_w:0.50),0.94,894,0
179,2,0xa068e3c9a21c8d8be636cd2d285895979ec3262e,5.960911,1772386671,cdfb29f4b0070c259d411cff4e6b3c1e5a6daea991fd526a54c51fb5e518b08a,235,78.33,3.54,1,5,4,0.020111,0.530455,Minotaur,minotaur(pow_w:0.50),2.29,895,0
179,3,0xeaa5003682d7289190651081ae2bee847097afc5,22.785955,1772386674,336c3ef626efda4f9e81a66cbdd8edc919395709d517a73635c88008c6408409,250,125.00,4.30,1,6,4,0.020083,0.529950,Minotaur,minotaur(pow_w:0.50),1.97,896,0
179,4,0x63f4973c0df8a5358405f396dc0673a463c48de9,32.937057,1772386675,7314b993a6b8977398132ec3b6e2f934e85b93fa5ecdc1dc87b9eefcea5ba2d5,129,64.50,4.39,1,6,5,0.020083,0.529950,Minotaur,minotaur(pow_w:0.50),1.62,897,0
180,0,0x269cdf52f97e1d9f14b7be895155a7b294f0b21d,7.720413,1772386677,ad8efe7540d926b5c7aa4d3aa3916fb20bcace51d900bd0af7ffe545ba501c19,104,104.00,3.54,1,5,4,0.020116,0.530402,Minotaur,minotaur(pow_w:0.50),0.95,898,0
180,1,0xac768e60b9269babb15cb1e36ee843243d7c7543,29.748798,1772386679,2a76e8a713b73e90bd8c0ac8847a9348475edce44559924144633a1a7fe338db,241,80.33,3.50,1,5,4,0.020091,0.530094,Minotaur,minotaur(pow_w:0.50),2.13,899,0
180,2,0xdcf2130496e27a8094ab996aea4aa77788d65869,27.532427,1772386682,5a037aac907ffd5e47e4e33d4e4f04e2ef6acf0a93567d6e1207c4e65be53a35,250,125.00,4.00,1,6,4,0.020117,0.530499,Minotaur,minotaur(pow_w:0.50),1.83,900,0
180,3,0xcb7977f4997b4252c0152e135dd79b3cfe35c1a5,13.633583,1772386683,16f563ca24ce0f00d418c34d4f5e8149e5e472466cbd8c723db44ba60b7beab9,102,51.00,3.85,1,6,4,0.020117,0.530499,Minotaur,minotaur(pow_w:0.50),1.19,901,0
180,4,0xe6ebb0cdfd04183d498964e5efc4096ba77b17d6,27.318293,1772386685,a3ffbf7c0432dcd678f5f1b824542c2a6be71ec3968c73a59375d32d47c1ddc1,97,97.00,4.29,1,6,4,0.020126,0.530816,Minotaur,minotaur(pow_w:0.50),0.98,902,0
181,0,0x28672c71695142588ed26ada6f4b18b8b6c12308,6.685458,1772386687,2e3156ec6228700939b616d73144830c446fbf1ce25e163eb3a660f6772d448a,206,103.00,3.96,1,6,4,0.020146,0.531139,Minotaur,minotaur(pow_w:0.50),1.29,903,0
181,1,0x8d9e46becf415ca26aa698c9657087e6554aabda,5.380996,1772386690,88339f52d41c4f0431c44ae64a3c4f8a847c38eaca016e2f0b93cb24c5cf4f05,250,83.33,3.62,1,5,4,0.020120,0.530722,Minotaur,minotaur(pow_w:0.50),1.96,904,0
181,2,0xb2a7fe70a6f3137d38f6cb4c3ec6dd1e24f2d5f4,8.420718,1772386691,4cc589eeeba8d98a7472413b58f1f0a62f821f1d78f8796c02c46f7bdc792b0d,149,74.50,3.72,1,5,4,0.020120,0.530722,Minotaur,minotaur(pow_w:0.50),1.44,905,0
181,3,0xcdc82b7c868072205a399d0f68e6e3ad3bfd1ca6,1.192351,1772386693,38c0be269360d8540b513225d90f473c4a2c390b42db7a872ac1380aee8f8409,98,98.00,4.42,2,6,5,0.020068,0.529866,Minotaur,minotaur(pow_w:0.50),1.00,906,0
181,4,0x63f4973c0df8a5358405f396dc0673a463c48de9,33.937807,1772386695,585033a67a4697f8f1586e9761008d3580481e23a8d0c88ef3572a6ddd91b35b,217,108.50,3.57,1,5,4,0.020029,0.528665,Minotaur,minotaur(pow_w:0.50),1.37,907,0
182,0,0x408bb0bf84df50b21c53c74420987f172d4036a1,4.789734,1772386698,6bf018f53737c4517afca42861fa7cb0c457eef38de16c2ccf21d8ea01056a3f,250,83.33,3.69,1,5,4,0.020063,0.529131,Minotaur,minotaur(pow_w:0.50),2.05,908,0
182,1,0x49b57eb4dace37c8819daf079c9c674f766d4f38,12.235350,1772386699,d9d1b18d8cc2c7da11158d392e4f44700554b92e30bf0002453e6a5411d81c0b,134,67.00,3.72,1,5,4,0.020033,0.528468,Minotaur,minotaur(pow_w:0.50),1.31,909,0
182,2,0x6064b9f5883bf9737dfe314ff68c56e09e68ac89,12.190899,1772386701,253935cff894e9676965ca19377beba2970d6448a1e0a59bc0c1c60399bc4cbd,91,91.00,4.01,2,6,4,0.020019,0.528367,Minotaur,minotaur(pow_w:0.50),1.00,910,0
182,3,0x4a217e35f6402e7f62a49f6d62e27c6585c2f3fd,21.508747,1772386703,8e3c399ef860870491ab52b8551173eb2a60af23002c1cf84d7295c797c61dba,219,109.50,3.83,1,6,4,0.020005,0.528244,Minotaur,minotaur(pow_w:0.50),1.41,911,0
182,4,0x4414c05be2cf328f38d2e3ef4b705d6b894f044a,10.087399,1772386705,2189a27d19c6712082403c2a36f796664dd350f8bfd87253650075c907e3ac87,250,83.33,3.72,1,6,4,0.020005,0.528245,Minotaur,minotaur(pow_w:0.50),2.33,912,0
183,0,0x408bb0bf84df50b21c53c74420987f172d4036a1,5.791014,1772386708,3fb722d736fc9d47ac9cd748b549422dc30f1fbd3c5988d590a3c16cf523036e,152,76.00,3.89,1,5,4,0.019993,0.528268,Minotaur,minotaur(pow_w:0.50),1.93,913,0
183,1,0xeb82a21cb3d0dd781eb22ad74bb7cd9b4d2a06ec,18.936925,1772386710,487884639f67a4bfb68bf3bebc6e25d85fd8a1ba4f90c1ff0e39d1546dd42bca,223,111.50,3.67,1,6,4,0.019965,0.527724,Minotaur,minotaur(pow_w:0.50),1.57,914,0
183,2,0x2abf89d7c96c80fcff9dec1fe92803573094ee35,3.216435,1772386712,02ead03e369065211cf941335484ad06da732b8f6f09932f083b024358770be5,199,99.50,3.96,1,6,4,0.019965,0.527861,Minotaur,minotaur(pow_w:0.50),1.45,915,0
183,3,0x63f4973c0df8a5358405f396dc0673a463c48de9,34.940167,1772386714,6d624d61c495d65cbf2ae93e7a32e41450cf01e1e1c1e7f8765bea06efae1eb5,250,83.33,3.64,1,5,4,0.019932,0.527024,Minotaur,minotaur(pow_w:0.50),2.20,916,0
183,4,0x30405867b72597aaeb27803bb2c7f3f5fc7d5384,9.517074,1772386717,abebf80c2b70dcb89438f7b4ef2c183ac9bb7a5dbac926bc4cc351ed29fea810,218,109.00,3.67,1,5,4,0.019932,0.527025,Minotaur,minotaur(pow_w:0.50),1.83,917,0
184,0,0xbc3f8508d26048f2064aa8c068f4c94d08d77d18,28.096079,1772386718,fd7bcae77b7e95aafab56c52a3b0224b8300ff32fb3688aa1999bcf1727fe40d,213,106.50,3.51,1,5,4,0.019932,0.527026,Minotaur,minotaur(pow_w:0.50),1.48,918,0
184,1,0x30509a8084fdfe6fe24d9c9a817c209ad194f8e3,37.703749,1772386720,3e2ca50dfe61c30ffbb0b1db4d02413048d7e97f6e6299856e0497c1a843de3d,87,87.00,3.99,1,6,4,0.019933,0.527176,Minotaur,minotaur(pow_w:0.50),0.98,919,0
184,2,0xa7e4d4d949807065ebf85adc1be8c382c7236c15,3.205926,1772386722,7e68d36676baeb0380497e20285053438c5a8cf901030b8da16144dd12cd4e19,242,121.00,3.28,1,5,3,0.019974,0.527659,Minotaur,minotaur(pow_w:0.50),1.15,920,0
184,3,0x1796dc61e715f15a2d27dfa32bd34780f12a8c24,16.733211,1772386725,662103137d96f0de68f55a5cbb1427fe6e22f8499eddbac425ac1834bf4f88d3,250,83.33,3.88,1,6,4,0.019940,0.526803,Minotaur,minotaur(pow_w:0.50),1.87,921,0
184,4,0x63f4973c0df8a5358405f396dc0673a463c48de9,34.940097,1772386726,ea73e29ca0d454b02d286e25599d749a90b65951f1f81e3fb852d49bc764d1a7,111,55.50,3.30,1,5,3,0.019936,0.526865,Minotaur,minotaur(pow_w:0.50),1.19,922,0
185,0,0x63f4973c0df8a5358405f396dc0673a463c48de9,35.941097,1772386728,384631fc54f3162bd6cfee8242ef28b678b1e7c751c66376abc8f8e909c99f7d,100,100.00,3.63,1,5,4,0.019971,0.527326,Minotaur,minotaur(pow_w:0.50),0.99,923,0
185,1,0x49b57eb4dace37c8819daf079c9c674f766d4f38,13.235960,1772386730,f85a61260ff33c96dda6f08f8257b2d9713631ac9709fca3ba9a920a3eefa865,204,102.00,3.41,2,5,3,0.020008,0.527786,Minotaur,minotaur(pow_w:0.50),1.22,924,0
185,2,0x26d553a2f4343b3a7dc88bbd87b3d0a25d3838d9,32.261440,1772386733,5109ac39b197dace44ea0cc7fc71de8bc621c573b7bc1ff76f956bb891f91abd,250,83.33,3.98,1,6,4,0.020008,0.527787,Minotaur,minotaur(pow_w:0.50),2.02,925,0
185,3,0x58a21eeb7ab18ba8adf1296e66a4487076e95dac,27.121444,1772386734,1356f7902362db4487363669b9c6388d6e61a0189a07ca03986ea6e3a19a25e1,154,77.00,3.81,1,5,4,0.020024,0.528134,Minotaur,minotaur(pow_w:0.50),1.47,926,0
185,4,0x1cb1274c711a6c2e4e1596846e6ac604eeefb358,7.403701,1772386736,6bcfa5492de408497c1ba77cb726eb3091a5cc93ef8b49021245884afda77243,100,100.00,3.90,1,5,4,0.020042,0.528427,Minotaur,minotaur(pow_w:0.50),1.03,927,0
186,0,0x63f4973c0df8a5358405f396dc0673a463c48de9,36.943077,1772386738,0a2d53b9d979cd6564088219e6b7b3a53164bf41fe512476f823b5ab4fb467ff,194,97.00,3.41,1,5,4,0.020017,0.528088,Minotaur,minotaur(pow_w:0.50),1.40,928,0
186,1,0x58a21eeb7ab18ba8adf1296e66a4487076e95dac,28.122384,1772386740,7b214f6a89229d644d299fc94049fb7f0659a0bd8e53576954a1447bd53c2182,250,83.33,3.57,1,5,4,0.020017,0.528089,Minotaur,minotaur(pow_w:0.50),2.17,929,0
186,2,0x1796dc61e715f15a2d27dfa32bd34780f12a8c24,17.734111,1772386743,001914178c3ecc944088e3e038e862731bdabc80dd91ed34e538bd716de4523e,130,65.00,4.05,2,5,4,0.020017,0.528090,Minotaur,minotaur(pow_w:0.50),1.58,930,0
186,3,0x30509a8084fdfe6fe24d9c9a817c209ad194f8e3,38.705969,1772386745,d70eeebfc795dedabb14ef05283f843a55a8b4c30ba2b09be040f604af23da71,211,105.50,3.37,2,5,3,0.020034,0.528509,Minotaur,minotaur(pow_w:0.50),1.56,931,0
186,4,0xa3786e459f289a76c0e8af8ad834e3d0c6d47199,33.755403,1772386747,cf29015e557d06c943be4e665c72af81a9c55f89eb02558fd0dc02dbcc4809de,192,96.00,3.41,1,5,4,0.020076,0.528986,Minotaur,minotaur(pow_w:0.50),1.41,932,0
187,0,0x07902d0371763a00d97ed9ba16ff0a206cb0fd19,19.553229,1772386749,ba1820ec945ddd8f1db5dea5c572963c646bd37e628fac4b3cbd7e19feb48974,199,66.33,4.16,1,6,4,0.020107,0.529420,Minotaur,minotaur(pow_w:0.50),2.26,933,0
187,1,0x8c11ec9090dd820c076e57e899d9c604c79d6b32,18.579639,1772386752,0ccbb8ce8e0a577a24b10f8227ee4d9aa121fbd44eb5c7fda06a5ca8bf878643,250,125.00,2.80,1,4,3,0.020108,0.529557,Minotaur,minotaur(pow_w:0.50),2.18,934,0
187,2,0x89100a8056319ba37491b32ba255004180607bc2,21.800987,1772386753,3407d4e7a39bb246c106de6e310303b40f1717d7cb9a184dc644f2f64b972341,162,81.00,4.22,1,6,4,0.020107,0.529658,Minotaur,minotaur(pow_w:0.50),1.86,935,0
187,3,0x6064b9f5883bf9737dfe314ff68c56e09e68ac89,13.192469,1772386755,bfca1e9a04e237314546133f5f8bf13e280228b768d88d034056d74401cdad31,90,90.00,3.93,2,5,4,0.020113,0.529850,Minotaur,minotaur(pow_w:0.50),1.00,936,0
187,4,0x49b57eb4dace37c8819daf079c9c674f766d4f38,14.238200,1772386757,dec0d092a306001ac1ec8f760d4ba68ad0e1aba522cd590faf03228b47051ead,233,116.50,3.79,2,5,4,0.020100,0.529758,Minotaur,minotaur(pow_w:0.50),1.24,937,0
188,0,0xcb7977f4997b4252c0152e135dd79b3cfe35c1a5,14.633753,1772386760,0d2aaaba19f46e96b84425459cb91d2033e4e7a4be8614330a5afc503efa6eca,250,83.33,3.90,1,6,4,0.020090,0.529741,Minotaur,minotaur(pow_w:0.50),2.13,938,0
188,1,0x30405867b72597aaeb27803bb2c7f3f5fc7d5384,10.518754,1772386761,d9cb56a41317ff58d68ef4de281a17ebbeee78832494c5260e9d73f99cd9d102,167,83.50,4.10,1,6,4,0.020090,0.529742,Minotaur,minotaur(pow_w:0.50),1.61,939,0
188,2,0xac768e60b9269babb15cb1e36ee843243d7c7543,30.750428,1772386763,18888f897ce755a043fde88eade20f5159731b19befe16be299c27788401947c,108,108.00,3.78,2,5,4,0.020062,0.529563,Minotaur,minotaur(pow_w:0.50),1.10,940,0
188,3,0xdcf2130496e27a8094ab996aea4aa77788d65869,28.532547,1772386765,271c681abcc6dbabb7e6f8839ae640ac8ff3fd11c5eac966ba1e971e54a2b1f9,234,117.00,3.88,1,6,4,0.020086,0.529952,Minotaur,minotaur(pow_w:0.50),1.34,941,0
188,4,0x1796dc61e715f15a2d27dfa32bd34780f12a8c24,18.735931,1772386768,6d5f8182efbed4c1c239db16b1f5209097f4a78c336ff6a71340aade8dca6873,250,83.33,3.92,1,6,4,0.020086,0.529953,Minotaur,minotaur(pow_w:0.50),1.98,942,0
189,0,0x49b57eb4dace37c8819daf079c9c674f766d4f38,15.240610,1772386769,dea4af0d537fcf3a760b690c18ae8e3a575ca3fa50e79c9670fc4b83ba037096,143,71.50,3.27,1,5,3,0.020104,0.530381,Minotaur,minotaur(pow_w:0.50),1.38,943,0
189,1,0x719361397abe003a91af76243e5f9c7a0cd4279f,23.563516,1772386771,c371fb978a98bfd262faf0a64149d03687e1799724c51c1269302645e8bb39d6,93,93.00,3.81,1,6,4,0.020096,0.530393,Minotaur,minotaur(pow_w:0.50),0.99,944,0
189,2,0x606627477c3734932f47972f83c27cf4e3b35b4f,25.404187,1772386773,51529712c42cbefb6486af9b7b964434b84d71c53e0e3e67cc3ea2a17bf42486,233,116.50,3.77,1,5,4,0.020105,0.530638,Minotaur,minotaur(pow_w:0.50),1.39,945,0
189,3,0xa3786e459f289a76c0e8af8ad834e3d0c6d47199,34.757073,1772386776,33765f2e81ffbeb991fe312ac03f889986147e3f0950a4a8997ef2f9741e2b4d,247,82.33,3.66,1,5,4,0.020117,0.530902,Minotaur,minotaur(pow_w:0.50),1.98,946,0
189,4,0x30509a8084fdfe6fe24d9c9a817c209ad194f8e3,39.707569,1772386777,c704b872e1843ed4e7e348ca6331031bb6fe60f733a24eaa94a87b8a45c7bbf7,114,57.00,4.29,2,5,4,0.020149,0.531327,Minotaur,minotaur(pow_w:0.50),1.33,947,0
190,0,0xc774b0fee7cabbef3b1ae14bf36db3df0d32c1df,7.164187,1772386779,cf398d6f5c6ebf3d04bfce58af6f0c0103f99292dddcf9354119c7981d428ada,121,121.00,3.31,1,5,3,0.020190,0.531792,Minotaur,minotaur(pow_w:0.50),1.01,948,0
190,1,0xac768e60b9269babb15cb1e36ee843243d7c7543,31.752608,1772386781,7ded1a410c3d9a0c663979efc27905d74ec9e071508b56c70cc49e918383e2fa,199,99.50,3.87,1,5,4,0.020165,0.531427,Minotaur,minotaur(pow_w:0.50),1.38,949,0
190,2,0x606627477c3734932f47972f83c27cf4e3b35b4f,26.406547,1772386784,7fed511a18f8fbb3b32feca0ba718d71497f16d46bef23d77a3a411f1c86f21f,231,77.00,4.00,2,6,4,0.020165,0.531428,Minotaur,minotaur(pow_w:0.50),2.00,950,0
190,3,0x282f43759e22b50aa7989261c51c367f325c3f91,5.344137,1772386785,d066eecf2cb158882818fa6fb3ddb8d012543a229ca59b9b107772e89372e7c0,124,62.00,3.79,1,5,4,0.020190,0.531811,Minotaur,minotaur(pow_w:0.50),1.40,951,0
190,4,0xd67aaaf210c0c36ddcb7055222d168b5c9dd1b36,6.181091,1772386787,d366a09d246a86dd6bab88d438476489a6ccb6393584df98dcf85a729231abe3,109,109.00,3.99,1,5,4,0.020162,0.531219,Minotaur,minotaur(pow_w:0.50),0.99,952,0
191,0,0x4414c05be2cf328f38d2e3ef4b705d6b894f044a,11.088029,1772386789,609ae1e7a59f794865a58c4d819415a1c14bd9ef66f4c3cdd72f547c871bba67,189,94.50,3.87,2,5,4,0.020135,0.530717,Minotaur,minotaur(pow_w:0.50),1.47,953,0
191,1,0x606627477c3734932f47972f83c27cf4e3b35b4f,26.406457,1772386791,fae1bab2fa5612e955990c319d496982c0990638a7556724aecf4ad610930c03,235,78.33,3.80,1,6,4,0.020117,0.530566,Minotaur,minotaur(pow_w:0.50),2.12,954,0
191,2,0x81d019380961f92c2031b0a7fba69f7675145088,6.487593,1772386793,54fff61be73ecc0b8f0466778e0fb5fb08e28bb3bf222dfbbf8577e4ea81cdda,176,88.00,3.71,1,5,4,0.020131,0.530828,Minotaur,minotaur(pow_w:0.50),1.80,955,0
191,3,0x4a217e35f6402e7f62a49f6d62e27c6585c2f3fd,22.510307,1772386795,3d67dccf5f75347fd12055d23a7d7c2d04d57fa47b6587fd082f65b64303f56c,96,96.00,3.67,1,5,4,0.020105,0.530359,Minotaur,minotaur(pow_w:0.50),1.00,956,0
191,4,0x4414c05be2cf328f38d2e3ef4b705d6b894f044a,12.090339,1772386797,8b5f497956a415853303a6d8401459003ee735beb136a29560a87c4e7050785d,182,91.00,3.62,1,5,4,0.020111,0.530569,Minotaur,minotaur(pow_w:0.50),1.45,957,0
192,0,0xbc3f8508d26048f2064aa8c068f4c94d08d77d18,29.096149,1772386799,f6248d6c97d801d34bb047856db05aadf34f49a4fcd713b29ba863792d86c269,236,78.67,3.85,1,6,4,0.020096,0.530429,Minotaur,minotaur(pow_w:0.50),2.33,958,0
192,1,0x58a21eeb7ab18ba8adf1296e66a4487076e95dac,29.123024,1772386802,3820d98ea0b94b29dda0d823aec0247a9285c9578af3286d9c5c345129effe57,226,113.00,4.24,1,6,4,0.020115,0.530781,Minotaur,minotaur(pow_w:0.50),2.00,959,0
192,2,0x9ba702916c26a8583a7f277d6932b3c0d9927ce0,3.185747,1772386803,8d19ffbba67d4f43e7947f7120b9d39cca7a838c14547ba3647f9859e88806d6,213,106.50,4.02,2,5,4,0.020134,0.531114,Minotaur,minotaur(pow_w:0.50),1.55,960,0
192,3,0x58a21eeb7ab18ba8adf1296e66a4487076e95dac,30.125114,1772386805,4080cd24095393ccc7f97d70799b134ec06b6ecc5785a8aaae2d19f91355c1e8,78,78.00,3.51,1,5,4,0.020102,0.530266,Minotaur,minotaur(pow_w:0.50),0.97,961,0
192,4,0x4414c05be2cf328f38d2e3ef4b705d6b894f044a,13.092579,1772386807,27a2a1ce4340ae194e108101724bf87dec25ffa82acae0132f9fa76d19db2e5f,237,79.00,3.83,1,6,4,0.020122,0.530626,Minotaur,minotaur(pow_w:0.50),2.27,962,0
193,0,0x606627477c3734932f47972f83c27cf4e3b35b4f,27.408077,1772386810,186ca53e78ae6ca83a42e8408cd445947d9efc13223e297426c5e44627137399,245,122.50,3.96,1,6,4,0.020109,0.530511,Minotaur,minotaur(pow_w:0.50),1.98,963,0
193,1,0xeaa5003682d7289190651081ae2bee847097afc5,22.784635,1772386811,720164d1f832965ddd36b4d9740c97ee383c7db05c287c0b8acfb25b37c59709,104,52.00,3.72,1,5,4,0.020125,0.530774,Minotaur,minotaur(pow_w:0.50),1.15,964,0
193,2,0xc24b36dee27726233c3bbd9e1f028f98b6b2a424,13.413799,1772386813,dafbc0f335216cfa9c4f645bb052ddc5330f30eab775a30d6188b1e700468339,98,98.00,4.46,1,6,5,0.020131,0.530979,Minotaur,minotaur(pow_w:0.50),0.99,965,0
193,3,0xc774b0fee7cabbef3b1ae14bf36db3df0d32c1df,8.165927,1772386815,6fbbbcbdb4a0e6261fb1c072e49f30a1f4fd8100ba3fead7d5e782e08c297d0a,170,85.00,3.85,1,6,4,0.020118,0.530868,Minotaur,minotaur(pow_w:0.50),1.45,966,0
193,4,0xa3786e459f289a76c0e8af8ad834e3d0c6d47199,35.757763,1772386817,5216bc2d692ea39f1fc79593678175adfc750e62ccf6991234fa39859653c23e,234,78.00,3.88,1,5,4,0.020118,0.530870,Minotaur,minotaur(pow_w:0.50),2.15,967,0
194,0,0xbc3f8508d26048f2064aa8c068f4c94d08d77d18,30.098189,1772386819,4ebcff07cbb4f1599cec0bcff5ca4d768394ce43576282506d7ce7cbe6222165,136,68.00,4.24,1,6,4,0.020095,0.530567,Minotaur,minotaur(pow_w:0.50),1.62,968,0
194,1,0xac768e60b9269babb15cb1e36ee843243d7c7543,32.754558,1772386821,53bca1bdf54331bc5959d972c27fae5793434676f66e5710ccf78d0a4f6abca8,98,98.00,4.15,1,6,4,0.020147,0.531321,Minotaur,minotaur(pow_w:0.50),1.01,969,0
194,2,0x606627477c3734932f47972f83c27cf4e3b35b4f,28.408967,1772386823,7fc7a664f58b2e4b3cea331ff907f9f6546059744535617f4f268dcdc1c9dfee,189,94.50,4.03,1,6,4,0.020173,0.531707,Minotaur,minotaur(pow_w:0.50),1.46,970,0
194,3,0x606627477c3734932f47972f83c27cf4e3b35b4f,29.411457,1772386826,1ca11e552cf6d397c1652fa663f8cd9943520de351edd6067f85323533d7a807,250,83.33,3.66,1,5,4,0.020189,0.532004,Minotaur,minotaur(pow_w:0.50),2.28,971,0
194,4,0x377eaef292051bbf8ada05b2af76a3f3b9d722a7,0.037927,1772386827,80cd5139faaf9527f49ddb4d48f610bbd38031913bf002499cbb9aa15684f39a,153,76.50,3.61,1,5,4,0.020208,0.532316,Minotaur,minotaur(pow_w:0.50),1.73,972,0
195,0,0xac61c91e7d24df824351a6c4e562a75f0cf646f8,1.236178,1772386829,56bdbb802c80353e329fa8a8fd0283172e80df43d42e272e239d0c30b3dc6be3,107,107.00,3.41,1,5,3,0.020169,0.531001,Minotaur,minotaur(pow_w:0.50),0.99,973,0
195,1,0x30509a8084fdfe6fe24d9c9a817c209ad194f8e3,40.708309,1772386831,46a746b4980d4f8bc405d4a69c2138731268b16dc6e11184d810d7a7ac78f9c6,204,102.00,4.03,1,6,4,0.020133,0.529864,Minotaur,minotaur(pow_w:0.50),1.47,974,0
195,2,0x6064b9f5883bf9737dfe314ff68c56e09e68ac89,14.194049,1772386833,5ea2e248aa4ca150676f7ed6c38d4ad38878e88735dff0c8264a0432bd4d3904,250,83.33,3.36,1,5,3,0.020173,0.530320,Minotaur,minotaur(pow_w:0.50),2.16,975,0
195,3,0x4414c05be2cf328f38d2e3ef4b705d6b894f044a,14.094679,1772386836,f553c86ea8027115e0b16341bbeafc6f13dab42de2401e088c947ef22b16dad0,153,76.50,3.92,1,5,4,0.020173,0.530321,Minotaur,minotaur(pow_w:0.50),1.73,976,0
195,4,0xa3786e459f289a76c0e8af8ad834e3d0c6d47199,36.758943,1772386838,8bef649278916679df8294c94cc6fc568488784307779d8cc85fa66f2381cb00,231,115.50,4.00,1,6,4,0.020162,0.530259,Minotaur,minotaur(pow_w:0.50),1.53,977,0
196,0,0xeaa5003682d7289190651081ae2bee847097afc5,23.785285,1772386840,95ca3db8f2586c53cb3dcf2f9c7536db98a4693bc08ae9fe31bb2e6a0e0ead20,205,102.50,4.19,1,6,4,0.020194,0.530690,Minotaur,minotaur(pow_w:0.50),1.48,978,0
196,1,0x89100a8056319ba37491b32ba255004180607bc2,22.801197,1772386842,db67937748ca36de1f6647c3edf2ec5253e489e7b030e951b7004abdfa2b165e,230,76.67,4.25,1,6,4,0.020201,0.530910,Minotaur,minotaur(pow_w:0.50),2.30,979,0
196,2,0x30509a8084fdfe6fe24d9c9a817c209ad194f8e3,41.710649,1772386845,7f36a9a9800b3339251a9e2c48c30480051a042db4118a6c4d2f2592c1b5898b,142,71.00,3.87,1,5,4,0.020201,0.530911,Minotaur,minotaur(pow_w:0.50),1.85,980,0
196,3,0x8c11ec9090dd820c076e57e899d9c604c79d6b32,19.580349,1772386846,d72180487430e6a488091727325135a27c455a5cad0929c7e6798bede6b501fd,221,110.50,3.43,1,5,3,0.020201,0.530912,Minotaur,minotaur(pow_w:0.50),1.57,981,0
196,4,0x63f4973c0df8a5358405f396dc0673a463c48de9,36.941977,1772386848,9a6e6ec43695e9c1f9e9d481a3e43c92cf23c60513f892dd536172c1e53831a5,97,97.00,3.78,1,5,4,0.020200,0.531021,Minotaur,minotaur(pow_w:0.50),0.98,982,0
197,0,0x30509a8084fdfe6fe24d9c9a817c209ad194f8e3,41.710579,1772386850,c9852da7c7dde4bbf61efc7097c1b8d15e7c5b5f22e814f9094cf4f150e13467,250,83.33,3.50,1,5,4,0.020233,0.531437,Minotaur,minotaur(pow_w:0.50),2.16,983,0
197,1,0xac768e60b9269babb15cb1e36ee843243d7c7543,33.756148,1772386853,378200e072ae8029e03e4dafc6d3c40669fc948969d99074d97cdfb223d6f68c,172,86.00,3.33,1,5,3,0.020274,0.531887,Minotaur,minotaur(pow_w:0.50),1.73,984,0
197,2,0xa447d277b02012c2afd9ddcbbe123f27cc971963,9.803525,1772386854,75961ba05d22b8ac3996cc9e5b7bc17b3a13db401968743b4026a00b418d50af,179,89.50,3.94,1,6,4,0.020300,0.532278,Minotaur,minotaur(pow_w:0.50),1.52,985,0
197,3,0xd61b00c297972877b45f8d7f4d67fdaf20c67c59,3.323081,1772386856,80bbd6f41950765600def44b585992a229d0a05d3bb83664b9a680a555481229,93,93.00,3.47,1,5,3,0.020280,0.532062,Minotaur,minotaur(pow_w:0.50),0.99,986,0
197,4,0x89100a8056319ba37491b32ba255004180607bc2,22.801057,1772386858,c14f3de83d34a9df30f1b04ffb31383ce3349b544ce573637c5b856f55cd84d2,173,86.50,4.42,1,6,5,0.020248,0.531239,Minotaur,minotaur(pow_w:0.50),1.44,987,0
198,0,0x2abf89d7c96c80fcff9dec1fe92803573094ee35,4.217515,1772386861,b85ccee882062b1c773d6e30568fbd70122425d621292ea5385d3b18a9d1a153,250,83.33,3.94,1,6,4,0.020253,0.531420,Minotaur,minotaur(pow_w:0.50),2.20,988,0
198,1,0x687bf2437a044a3e42ff2f8a79a8e54ba9601f70,7.058089,1772386862,baa8f8615bacee354db22bc271b45b8726cd908982d17d5e4afdd970970e0d76,167,83.50,3.69,1,5,4,0.020253,0.531421,Minotaur,minotaur(pow_w:0.50),1.62,989,0
198,2,0x89100a8056319ba37491b32ba255004180607bc2,23.803497,1772386864,a191e748f019acefbac4e6a3c4b6383e31f3e6dbcb5f518d73f8090ffc01ae49,100,100.00,3.68,1,5,4,0.020228,0.531032,Minotaur,minotaur(pow_w:0.50),0.99,990,0
198,3,0x26d553a2f4343b3a7dc88bbd87b3d0a25d3838d9,33.261710,1772386866,1ad193ad69f5435247e3b4fd86cb7627286d75821d8d8661dbe259aa5a238589,191,95.50,3.86,1,6,4,0.020235,0.531232,Minotaur,minotaur(pow_w:0.50),1.41,991,0
198,4,0x4414c05be2cf328f38d2e3ef4b705d6b894f044a,15.096639,1772386869,6355340e008c3919bd4ec402f9444664e8c922ba7bf80bfcaf23734c36da75e8,250,83.33,3.69,1,6,4,0.020259,0.531602,Minotaur,minotaur(pow_w:0.50),2.16,992,0
199,0,0xc774b0fee7cabbef3b1ae14bf36db3df0d32c1df,9.167857,1772386870,3f6c62de8f3e1f470bf151c9f03a97e8c6479754053c9b2d1f664528e9d699fc,156,78.00,4.01,2,6,4,0.020259,0.531603,Minotaur,minotaur(pow_w:0.50),1.76,993,0
199,1,0xe6ebb0cdfd04183d498964e5efc4096ba77b17d6,28.318483,1772386872,26908f799039b586daefbde3a09f0421ae856b441a6f92f1f1fee1b6c025be2c,114,114.00,4.01,1,6,4,0.020228,0.531344,Minotaur,minotaur(pow_w:0.50),0.98,994,0
199,2,0x81d019380961f92c2031b0a7fba69f7675145088,7.487813,1772386874,188afe964c487d2dd97f7243db97183c2b1f00d9df5b4396977bcd26e50c0703,209,104.50,4.24,1,6,4,0.020243,0.531615,Minotaur,minotaur(pow_w:0.50),1.46,995,0
199,3,0x719361397abe003a91af76243e5f9c7a0cd4279f,24.564776,1772386877,8dde701b8ca5a39244459e65135f967763f451c1f05bfa2bca1a659c6d45586b,250,83.33,3.72,1,5,4,0.020219,0.531249,Minotaur,minotaur(pow_w:0.50),2.24,996,0
199,4,0xac768e60b9269babb15cb1e36ee843243d7c7543,34.757768,1772386878,2dd37fb4dfb7158ea11270c112b17d4a7dfa55565811f3f4b0880742590d45f8,159,79.50,3.96,1,5,4,0.020219,0.531249,Minotaur,minotaur(pow_w:0.50),1.50,997,0
200,0,0x30509a8084fdfe6fe24d9c9a817c209ad194f8e3,42.711959,1772386880,2ed15b23c459ea51dce3ed6aa42b5f7df4f4c3baa6bacfa617dc830dfc474d57,99,99.00,3.95,1,5,4,0.020254,0.531858,Minotaur,minotaur(pow_w:0.50),1.00,998,0
200,1,0x81193196c1dbdbf80709d43a5af5ce21c201fbd7,5.830059,1772386882,0a021fd9dbb8a96a666d8babe34c6e3b0a84735968991f5556e5f430dd4e0d30,208,104.00,3.26,1,5,3,0.020295,0.532303,Minotaur,minotaur(pow_w:0.50),1.49,999,0
200,2,0x6d6b2734a20229ddd7fd4a1470ba3e3bad4e4a85,7.635234,1772386884,6ece5aa7942ee241781c5d9a274c1a74eaee2429dcf7ca4e6a4ffc2b92e45df3,234,78.00,3.86,2,6,4,0.020268,0.531752,Minotaur,minotaur(pow_w:0.50),2.13,1000,0
200,3,0xcb7977f4997b4252c0152e135dd79b3cfe35c1a5,15.634313,1772386886,7b58232a218fa8fd4745704e0d2dcbe5cd30efc1f10ec4681b3b23aabb882230,179,89.50,3.70,1,5,4,0.020268,0.531752,Minotaur,minotaur(pow_w:0.50),1.61,1001,0
200,4,0xd39dbd3662315e3935ec08e6b6028e73b3c09de2,10.919790,1772386888,987103fcec43dd23f380fdbba19b4ce102d29863cbf1b38e341e30f8f59041e2,108,108.00,4.22,1,7,4,0.020259,0.531750,Minotaur,minotaur(pow_w:0.50),1.04,1002,0
201,0,0x63f4973c0df8a5358405f396dc0673a463c48de9,37.944077,1772386890,0ffb27299e0c7ff3c3da1b145a239edd7c68c76ba55540d861d69fccf7284386,211,105.50,4.45,1,6,5,0.020241,0.531580,Minotaur,minotaur(pow_w:0.50),1.55,1003,0
201,1,0x4a217e35f6402e7f62a49f6d62e27c6585c2f3fd,23.511227,1772386892,aa1af8f76a283c1868a8a62964c946cf20616547c62f5931565f2fe5a9cd58dd,250,125.00,3.54,1,5,4,0.020273,0.532003,Minotaur,minotaur(pow_w:0.50),1.36,1004,0
201,2,0xdcf2130496e27a8094ab996aea4aa77788d65869,29.533887,1772386895,66e6ffe70770a9f6e17ea97b4ff76c1efaa4bb6935aad7e2a6e0a426ba5b0a0c,226,75.33,3.55,1,5,4,0.020279,0.532176,Minotaur,minotaur(pow_w:0.50),2.03,1005,0
201,3,0xbc3f8508d26048f2064aa8c068f4c94d08d77d18,31.098549,1772386896,dec1cc9bd1721ede83ca8c1e81a840609cbdd86741e0381fc127c57ea0b54d09,142,71.00,3.99,1,5,4,0.020295,0.532464,Minotaur,minotaur(pow_w:0.50),1.53,1006,0
201,4,0x26d553a2f4343b3a7dc88bbd87b3d0a25d3838d9,34.263960,1772386898,e5d446b310b02c28c4fd8c6f571fb29e7f9d3a0002e310a164736850fc55995e,83,83.00,4.19,1,6,4,0.020315,0.532809,Minotaur,minotaur(pow_w:0.50),1.00,1007,0
202,0,0x8719ca31b72ae8a5404006763c53d5ad503dbcb0,2.101865,1772386900,27aad2aa6144b125ab901ab008e1fb2fbc50e3a94553f6c6aecb625763336dee,207,103.50,3.69,1,6,4,0.020340,0.533172,Minotaur,minotaur(pow_w:0.50),1.41,1008,0
202,1,0x606627477c3734932f47972f83c27cf4e3b35b4f,30.412237,1772386903,56d87b08ee39743c321f904480ef9fb09f56fd26268c95884239a59996142104,241,80.33,4.12,1,6,4,0.020340,0.533173,Minotaur,minotaur(pow_w:0.50),2.10,1009,0
202,2,0x30509a8084fdfe6fe24d9c9a817c209ad194f8e3,43.713849,1772386904,11c9d9c8e7e8574f87be6cc7eb90c2942ab0e4ae549bbe1c25848f0f9301bb33,130,65.00,3.71,2,5,4,0.020323,0.532547,Minotaur,minotaur(pow_w:0.50),1.59,1010,0
202,3,0xcb7977f4997b4252c0152e135dd79b3cfe35c1a5,16.635133,1772386906,6f2bfa422ae15ec93ecbcaf07135a36d76e811016ef8f6b95255947a3473a7e3,92,92.00,3.37,2,5,3,0.020365,0.532986,Minotaur,minotaur(pow_w:0.50),1.00,1011,0
202,4,0xbc3f8508d26048f2064aa8c068f4c94d08d77d18,32.099259,1772386908,8816dbeb6666d715cae086f1e2d4eec74dcdb30f6b6972f9e182e708a16e8a47,212,106.00,4.32,1,6,4,0.020358,0.533017,Minotaur,minotaur(pow_w:0.50),1.50,1012,0
203,0,0x49b57eb4dace37c8819daf079c9c674f766d4f38,16.239980,1772386910,6d1db4d2088d663fa08a98b29c303286fbe37adb15d4d57ebc01e15b5e2c555c,169,56.33,4.16,1,6,4,0.020378,0.533359,Minotaur,minotaur(pow_w:0.50),2.37,1013,0
203,1,0x58a21eeb7ab18ba8adf1296e66a4487076e95dac,31.126494,1772386913,1b8d2d9213da19adb04fb5949882b9cdf8081a4c011c3103abaf3b3140b06f94,250,125.00,3.97,1,6,4,0.020370,0.533364,Minotaur,minotaur(pow_w:0.50),1.91,1014,0
203,2,0xcb7977f4997b4252c0152e135dd79b3cfe35c1a5,17.637213,1772386915,2ae82f154ab5f96bd5e3ab2d271b7a3cf55a857e9573088e31ff1bfe88418aa1,123,61.50,3.93,1,5,4,0.020388,0.533680,Minotaur,minotaur(pow_w:0.50),1.29,1015,0
203,3,0x63f4973c0df8a5358405f396dc0673a463c48de9,38.946387,1772386917,4fb0159db07ac094cd2e1055156d4968a7aa94d23e2aa161707b10c1b5b9d337,174,87.00,4.13,1,5,4,0.020382,0.533728,Minotaur,minotaur(pow_w:0.50),1.45,1016,0
203,4,0xd46407aa7b668c72de3cf1c1a12b7fa2e308a1b2,17.997289,1772386919,8986d394ef42cf6bb7746def7ea90b1026bd3e375d2805a62abedb1a319254e9,246,82.00,3.48,1,5,4,0.020415,0.534144,Minotaur,minotaur(pow_w:0.50),2.23,1017,0
204,0,0xbc3f8508d26048f2064aa8c068f4c94d08d77d18,33.100739,1772386922,ae70d696330132e2fde95b9385f0cab112851bac608c2a9873865626a0d8c617,232,116.00,3.83,1,5,4,0.020415,0.534146,Minotaur,minotaur(pow_w:0.50),1.87,1018,0
204,1,0xc774b0fee7cabbef3b1ae14bf36db3df0d32c1df,10.168467,1772386923,f761849d9bc167efa7cdf3c5ce98e97e7d81b9e900b5198c96cb3065adf249af,195,97.50,4.30,1,6,4,0.020437,0.534484,Minotaur,minotaur(pow_w:0.50),1.49,1019,0
204,2,0xeb82a21cb3d0dd781eb22ad74bb7cd9b4d2a06ec,19.936855,1772386925,21a3a4ceb2fbf118d2dd3d763b952c05afa4216e5e1d5530bff3293036093ccb,92,92.00,3.85,1,5,4,0.020417,0.534261,Minotaur,minotaur(pow_w:0.50),0.99,1020,0
204,3,0x4a217e35f6402e7f62a49f6d62e27c6585c2f3fd,24.513137,1772386927,de06be868558fa3fe87b2029545a28f11e4679e9065da7f8a7d99ff1fec3b312,188,94.00,4.02,1,6,4,0.020415,0.534372,Minotaur,minotaur(pow_w:0.50),1.45,1021,0
204,4,0xa068e3c9a21c8d8be636cd2d285895979ec3262e,6.960991,1772386929,53cbdd3124eb6d223930a7bf6874015c6074b7d9f75c2c9a6e029c06862ceb3b,217,72.33,3.48,1,5,4,0.020422,0.534566,Minotaur,minotaur(pow_w:0.50),2.09,1022,0
205,0,0x606627477c3734932f47972f83c27cf4e3b35b4f,31.413307,1772386931,a73d936ba453adea76b972a30c4d181b6cab76ac229b8c8ab5615b8c1717143a,168,84.00,4.23,1,6,4,0.020396,0.534146,Minotaur,minotaur(pow_w:0.50),1.80,1023,0
205,1,0x63f4973c0df8a5358405f396dc0673a463c48de9,39.948657,1772386933,f1d9bcd663e86ddeea6cda09830952a22fee09bc319d1ef7fea852de7a8576b6,132,132.00,3.70,1,5,4,0.020415,0.534452,Minotaur,minotaur(pow_w:0.50),1.02,1024,0
205,2,0x26d553a2f4343b3a7dc88bbd87b3d0a25d3838d9,35.265660,1772386935,499e242df675086f1c1019fe4b90796d36ec47c9b4138ec2f146c163f8cbf1c7,215,107.50,3.56,1,6,4,0.020449,0.534865,Minotaur,minotaur(pow_w:0.50),1.54,1025,0
205,3,0x07902d0371763a00d97ed9ba16ff0a206cb0fd19,20.553829,1772386937,d1f563fc51b2a98213e305dbaeac3ad385b7fa9c05c73ea6ed0056e6dc7455c4,232,77.33,3.65,1,6,4,0.020474,0.535230,Minotaur,minotaur(pow_w:0.50),2.20,1026,0
205,4,0x95ab54d268473cce82094026afefdbd5cadf418b,14.600718,1772386940,f30f963d1a0bdb8d39a1af602e70041042df8267b9c53a493c26e52b8a6ab5e3,250,125.00,2.76,1,4,3,0.020474,0.535231,Minotaur,minotaur(pow_w:0.50),1.94,1027,0
206,0,0x30509a8084fdfe6fe24d9c9a817c209ad194f8e3,44.714299,1772386941,37bf839a2d0ac5887b3d6ca46fdc023455155035e6ff132d8040bdf7653194a7,106,53.00,4.42,2,6,5,0.020473,0.535367,Minotaur,minotaur(pow_w:0.50),1.15,1028,0
206,1,0x9bdb1c7ad4bd8fe797b07c08117c74a591dbab2d,9.442402,1772386943,0895014df70dc7d2f7042b2f8383f27a355a5d2410504f8954cd4fe9ee1ebb09,74,74.00,3.34,1,5,4,0.020514,0.535797,Minotaur,minotaur(pow_w:0.50),0.99,1029,0
206,2,0x95ab54d268473cce82094026afefdbd5cadf418b,14.600598,1772386945,554a3045f7b0c311f7ebc8de24621cb50e59f8f4eca8641e2ba7f00bef72856f,233,77.67,3.62,1,5,4,0.020493,0.535547,Minotaur,minotaur(pow_w:0.50),2.21,1030,0
206,3,0x0d91704595bff3aec25d40822498a51c62b05e3a,8.562966,1772386948,40902c16242c17c79742f9f2b253a37ea27e02ad02757ab0f4275d1176cafad6,236,118.00,4.17,1,6,4,0.020481,0.535492,Minotaur,minotaur(pow_w:0.50),2.07,1031,0
206,4,0x58a21eeb7ab18ba8adf1296e66a4487076e95dac,32.127384,1772386949,3679f7c8cd9228f1f475da6b38daacd5e1efd2d3dcac4728c6e05d51d865e8be,112,56.00,3.45,2,5,3,0.020459,0.535206,Minotaur,minotaur(pow_w:0.50),1.50,1032,0
207,0,0xc24b36dee27726233c3bbd9e1f028f98b6b2a424,14.414219,1772386951,735334229b45c7fdfa9d9269c1344e2ded87525cdd5cc1be4fb80320d8871366,86,86.00,4.05,3,5,4,0.020478,0.535516,Minotaur,minotaur(pow_w:0.50),1.00,1033,0
207,1,0x95ab54d268473cce82094026afefdbd5cadf418b,15.602838,1772386953,55273d31201b7dd7c2bebc3d7edaf23fe9a5ac92de2ca3216c02ad0e98de65b5,204,102.00,3.93,1,6,4,0.020466,0.535439,Minotaur,minotaur(pow_w:0.50),1.44,1034,0
207,2,0xfb35fdafcfc84561a42700a4a1c274edeb75bdc1,0.042634,1772386955,2abbe5028bddded90974b8561baf402d7b83db8c7082ce1225fbb7c9a791acea,199,66.33,4.23,1,6,4,0.020456,0.535407,Minotaur,minotaur(pow_w:0.50),2.33,1035,0
207,3,0xeaa5003682d7289190651081ae2bee847097afc5,24.786555,1772386958,41233f7fdb13e9159c18866689c8a5002764b6bf2ddaaa4505fd6a325491dc23,234,117.00,3.90,1,5,4,0.020456,0.535408,Minotaur,minotaur(pow_w:0.50),1.86,1036,0
207,4,0x89100a8056319ba37491b32ba255004180607bc2,24.804377,1772386960,c325098bb6db59224d17e06563e2e3e6413db00513a8712af2cd3c1db375f174,200,100.00,4.26,1,6,4,0.020462,0.535600,Minotaur,minotaur(pow_w:0.50),1.50,1037,0
208,0,0x687bf2437a044a3e42ff2f8a79a8e54ba9601f70,8.058149,1772386962,59e0a298def81cbe17d1e5d8e62db98855e664844ba6a281efdcb65150ad2c14,208,104.00,3.93,1,6,4,0.020468,0.535775,Minotaur,minotaur(pow_w:0.50),1.48,1038,0
208,1,0xdcf2130496e27a8094ab996aea4aa77788d65869,30.534667,1772386964,d6a6f1668936516daac74796b667636967160f43c233b9d64dec36782ebe527a,206,68.67,3.70,1,6,4,0.020445,0.535444,Minotaur,minotaur(pow_w:0.50),2.19,1039,0
208,2,0xac768e60b9269babb15cb1e36ee843243d7c7543,35.757888,1772386967,d94c11105a7122eb1896375a414c62ef8e27dd0d6ed47832927ef3502979dc0e,242,121.00,3.92,1,5,4,0.020460,0.535721,Minotaur,minotaur(pow_w:0.50),1.82,1040,0
208,3,0xc774b0fee7cabbef3b1ae14bf36db3df0d32c1df,11.168927,1772386968,0bb7c1afa1492340a63b52888ec78e3398e328c67c81dda1e522c2b5b0497330,216,108.00,4.05,1,6,4,0.020485,0.536080,Minotaur,minotaur(pow_w:0.50),1.52,1041,0
208,4,0xe478b1e4d1538274c0c70cbd7df877f9abab2f62,28.325056,1772386970,b8cf3919afc86afeaaef1ec6da8d1f8bb9ba7566ef58622f45882c5e5618ea82,113,113.00,4.11,1,5,4,0.020467,0.535906,Minotaur,minotaur(pow_w:0.50),0.99,1042,0
209,0,0xeaa5003682d7289190651081ae2bee847097afc5,25.788435,1772386972,6e2ffbea8b2778f5dbcca20e85671b9da825084c002bd4a2696a746d62851f18,232,116.00,4.08,1,6,4,0.020479,0.536144,Minotaur,minotaur(pow_w:0.50),1.53,1043,0
209,1,0x95ab54d268473cce82094026afefdbd5cadf418b,16.604598,1772386975,bc14204b524288f98f4616b36dc8e167c735edbca4a2375f842eb5eba9ab7760,233,77.67,4.17,1,6,4,0.020479,0.536145,Minotaur,minotaur(pow_w:0.50),2.25,1044,0
209,2,0x9c39f7fffaa5c5cfab20dfdd05663497918580c1,0.407428,1772386976,0b9b250f5ae87296bf6bd249818cbfce3a8a9a5f7af67c47fbd8624a358e492f,139,69.50,4.31,1,6,4,0.020478,0.536358,Minotaur,minotaur(pow_w:0.50),1.70,1045,0
209,3,0xaadc5fea232580cb8fba739ac5d05a48559c7e52,14.355173,1772386978,5243829e635a358f8c3cf04683de57b2111479f224647650cd084b12006a8a60,112,112.00,4.04,1,6,4,0.020442,0.535153,Minotaur,minotaur(pow_w:0.50),1.08,1046,0
209,4,0x26d553a2f4343b3a7dc88bbd87b3d0a25d3838d9,36.267440,1772386980,85126f04e8b1460e33e97b593989d89f8ed436200fca6d6709e7310b9704a815,184,92.00,4.29,1,6,4,0.020429,0.535058,Minotaur,minotaur(pow_w:0.50),1.42,1047,0
210,0,0x07902d0371763a00d97ed9ba16ff0a206cb0fd19,21.555849,1772386982,d79b51e83312917a43713949bdac8172e7a3903ff178402e185d8398482883c8,207,69.00,3.66,1,5,4,0.020455,0.535416,Minotaur,minotaur(pow_w:0.50),2.21,1048,0
210,1,0x13f9dadc05f6c237b03411e2aed1800cf21a5d89,3.264792,1772386985,044cef31b803553ae531dd02e45f7b8443f396429d9cda462ce82413cac13e6e,236,118.00,2.79,1,4,3,0.020455,0.535560,Minotaur,minotaur(pow_w:0.50),1.88,1049,0
210,2,0xbc3f8508d26048f2064aa8c068f4c94d08d77d18,34.102089,1772386986,8fc3f44a3a8a040dad88f53d4ca41e3b040ecec05f4b25ab5374972da91b7381,180,90.00,3.12,1,5,3,0.020423,0.534749,Minotaur,minotaur(pow_w:0.50),1.48,1050,0
210,3,0x8c11ec9090dd820c076e57e899d9c604c79d6b32,20.580189,1772386988,1de0d031e59b5e2880cca85039a629aaf347c62fcf09dea8a383479f8f196802,86,86.00,4.19,1,6,4,0.020445,0.535079,Minotaur,minotaur(pow_w:0.50),0.99,1051,0
210,4,0x26d553a2f4343b3a7dc88bbd87b3d0a25d3838d9,37.269450,1772386990,15a0a2a813ee526343cf28b7d65fcd59ee90050b66a06fe1a343723051f1cad3,212,70.67,4.07,1,6,4,0.020443,0.535196,Minotaur,minotaur(pow_w:0.50),2.40,1052,0
211,0,0xcb7977f4997b4252c0152e135dd79b3cfe35c1a5,18.638363,1772386993,1349a30ab2513aa98b3773adb4262bcfb58701236b444a347c88ead24ff97f2d,250,125.00,3.83,1,5,4,0.020469,0.535571,Minotaur,minotaur(pow_w:0.50),2.05,1053,0
211,1,0xb2a7fe70a6f3137d38f6cb4c3ec6dd1e24f2d5f4,9.418538,1772386994,6226820cab77385fa875aa23c6ec429bfed91e1b0955a2640adcbeb5237f7eb8,118,59.00,4.15,1,5,4,0.020469,0.535571,Minotaur,minotaur(pow_w:0.50),1.32,1054,0
211,2,0x58a21eeb7ab18ba8adf1296e66a4487076e95dac,33.127834,1772386996,f0fd064a7351ddaa9352909eb3199257be8b2ba1be883fe7cbf9a2e8f51c8d4e,119,119.00,4.39,1,6,5,0.020443,0.535357,Minotaur,minotaur(pow_w:0.50),1.06,1055,0
211,3,0xf6e059718dbd0a0956726ab97d06bad5efc6cd18,4.003027,1772386998,28cb60891f29657a79749f53b3285211eb46d3ad272ac3413c7dfd84d20c5b9c,250,125.00,3.88,1,6,4,0.020463,0.535667,Minotaur,minotaur(pow_w:0.50),1.27,1056,0
211,4,0x408bb0bf84df50b21c53c74420987f172d4036a1,6.790234,1772387001,5528dc2cbdab12b0024fc5162e5fa33453d82eeb8a420fa7840c0bd742889841,242,80.67,3.65,1,5,4,0.020463,0.535668,Minotaur,minotaur(pow_w:0.50),1.96,1057,0
212,0,0xeaa5003682d7289190651081ae2bee847097afc5,26.790525,1772387002,1e10623e4ac312c2d7575eaba0b58123428926b4f23706424ea7a65dec9c1db0,140,70.00,3.51,1,5,4,0.020463,0.535668,Minotaur,minotaur(pow_w:0.50),1.34,1058,0
212,1,0x58a21eeb7ab18ba8adf1296e66a4487076e95dac,34.130244,1772387004,fe91a24875e3ddb770e9ee08b8f19397acdfe2f7fa509f37e91e715bdaa1f655,97,97.00,4.30,1,6,5,0.020471,0.535885,Minotaur,minotaur(pow_w:0.50),0.99,1059,0
212,2,0xdcf2130496e27a8094ab996aea4aa77788d65869,31.536677,1772387006,080a5dc427dbeaa86134e085c58ca38641856a8f059c0e0d6716a852ee9bce03,247,123.50,3.80,1,6,4,0.020492,0.536193,Minotaur,minotaur(pow_w:0.50),1.32,1060,0
212,3,0x3513d672439a59c26cc5711f2b715ccb4810a774,15.296815,1772387009,63f51661eb851dd1b97060d816e697e4c90a8830d5118b2ecc24d9fcb7fa8f94,250,83.33,3.79,1,5,4,0.020492,0.536194,Minotaur,minotaur(pow_w:0.50),2.04,1061,0
212,4,0x4ba33404d90c4ae989714d9d174cd882cffb7994,7.110842,1772387010,41638f527fb79bb259631aaec274f6b2843750c56f7657abe7585ee0ef5c3c69,143,71.50,3.97,2,5,4,0.020508,0.536466,Minotaur,minotaur(pow_w:0.50),1.60,1062,0
213,0,0xdcf2130496e27a8094ab996aea4aa77788d65869,32.539167,1772387012,27d65b6c456a2bd5b88530410c157fa3868c71b290361aeb72d3161c28231527,98,98.00,4.54,1,6,5,0.020472,0.535998,Minotaur,minotaur(pow_w:0.50),1.00,1063,0
213,1,0xd46407aa7b668c72de3cf1c1a12b7fa2e308a1b2,17.996229,1772387014,5c76b949152f0f76af8cfda8e730dd4ae090719fc7fa2567e7e9acc50db47e33,221,110.50,3.91,2,6,4,0.020490,0.536286,Minotaur,minotaur(pow_w:0.50),1.48,1064,0
213,2,0x49b57eb4dace37c8819daf079c9c674f766d4f38,17.241300,1772387017,9f56cbf251e60b96c90702197d965b4fee4038778513501a26d080b61ae40056,233,77.67,3.87,1,5,4,0.020484,0.536318,Minotaur,minotaur(pow_w:0.50),2.15,1065,0
213,3,0x269cdf52f97e1d9f14b7be895155a7b294f0b21d,8.719453,1772387018,c70cbf1ab88926064583bd4d8c945fd7ced00125bed74559849ef20e8966f7aa,144,72.00,3.94,1,6,4,0.020484,0.536318,Minotaur,minotaur(pow_w:0.50),1.82,1066,0
213,4,0xac768e60b9269babb15cb1e36ee843243d7c7543,36.759518,1772387020,d5044b8c99d94122776fc1a5e9310e36890b18eed503561b823dd885cdfe712e,95,95.00,3.72,1,5,4,0.020454,0.536024,Minotaur,minotaur(pow_w:0.50),0.99,1067,0
214,0,0x4a217e35f6402e7f62a49f6d62e27c6585c2f3fd,25.514417,1772387022,11fac790c6aa0db9915b3be12f9794be9f635a2bb472460e0c247437adddb872,206,103.00,3.83,1,5,4,0.020479,0.536367,Minotaur,minotaur(pow_w:0.50),1.47,1068,0
214,1,0xeb82a21cb3d0dd781eb22ad74bb7cd9b4d2a06ec,20.937675,1772387025,b8a0f380d33350c644f181397bd2fae74adcbce09853557fba5ec518f50fd06f,250,83.33,3.60,1,5,4,0.020484,0.536556,Minotaur,minotaur(pow_w:0.50),2.30,1069,0
214,2,0x4ba33404d90c4ae989714d9d174cd882cffb7994,8.111712,1772387026,10ce66d6accf7e1e95d2bbd25e8833464c5d8bb5baaefd99bc914edb77ce76f3,211,105.50,4.08,1,6,4,0.020484,0.536557,Minotaur,minotaur(pow_w:0.50),1.98,1070,0
214,3,0x30509a8084fdfe6fe24d9c9a817c209ad194f8e3,45.714229,1772387028,c32887554ee222d0e09a776db98b0601e96794f1536e787b8ea8b00bc798cb4a,94,94.00,4.47,2,6,5,0.020460,0.536323,Minotaur,minotaur(pow_w:0.50),1.00,1071,0
214,4,0x07902d0371763a00d97ed9ba16ff0a206cb0fd19,22.557749,1772387030,c3e407f02e6e210a4dcfef6436e664e5f3bf6ca147582aab4401d322f901e7ec,209,104.50,3.40,1,5,3,0.020499,0.536737,Minotaur,minotaur(pow_w:0.50),1.38,1072,0
215,0,0xa3786e459f289a76c0e8af8ad834e3d0c6d47199,37.759063,1772387032,ad610e58eeecd42c9a187dc8e29487c6e4399ba1eb77c2fbe9efcdd25c93649f,250,83.33,2.75,1,4,3,0.020499,0.536738,Minotaur,minotaur(pow_w:0.50),1.97,1073,0
215,1,0xbc3f8508d26048f2064aa8c068f4c94d08d77d18,35.102529,1772387035,17dfbd82dd7959658520fabce5fc9e38b017e2dfb3df44119085147967180e3d,89,44.50,4.03,1,6,4,0.020525,0.537104,Minotaur,minotaur(pow_w:0.50),1.76,1074,0
215,2,0x6064b9f5883bf9737dfe314ff68c56e09e68ac89,14.191979,1772387036,4cfa079d54ec9ef1e277908c02f9cd83a23339679da90462f40ae1d8554cffff,238,119.00,4.34,1,6,4,0.020525,0.537105,Minotaur,minotaur(pow_w:0.50),1.68,1075,0
215,3,0xa3786e459f289a76c0e8af8ad834e3d0c6d47199,38.759903,1772387038,9c69467bfe5de47fcaacf8456682c0067091d40a4fe403abbf9271578566bb21,121,121.00,3.64,1,5,4,0.020512,0.536991,Minotaur,minotaur(pow_w:0.50),0.98,1076,0
215,4,0x9bdb1c7ad4bd8fe797b07c08117c74a591dbab2d,10.443602,1772387040,7bbe3a86f740fdba6f81992f8000299b4c4d442dc921a57bb42486a586179c29,227,113.50,4.20,1,6,4,0.020539,0.537366,Minotaur,minotaur(pow_w:0.50),1.39,1077,0
216,0,0xf13caa2c5f6f6cf61e51290bfa7826a9140b4faf,1.027074,1772387043,c569978339232a9bcd71acc0c9035ec3d7b3099c13f037d15ea5c76407a5cd2a,250,83.33,3.74,1,5,4,0.020539,0.537367,Minotaur,minotaur(pow_w:0.50),2.06,1078,0
216,1,0x4ba33404d90c4ae989714d9d174cd882cffb7994,9.112492,1772387044,55a593d24e69df54bd3eddeeae5778955e0b13c6f9495bef14484d4d2cb7806d,119,59.50,4.24,1,6,4,0.020539,0.537368,Minotaur,minotaur(pow_w:0.50),1.36,1079,0
216,2,0x58a21eeb7ab18ba8adf1296e66a4487076e95dac,35.132314,1772387046,e3fc1d7679c8fc534b1145dfc30624394024dcff1348d649a516827a18170ecd,117,117.00,4.55,1,6,5,0.020483,0.535968,Minotaur,minotaur(pow_w:0.50),1.04,1080,0
216,3,0x63f4973c0df8a5358405f396dc0673a463c48de9,40.949597,1772387048,fe9072a640133d3339515ef644088366fc629419f4ba1958d28dcef07ab71bce,223,111.50,3.84,1,6,4,0.020504,0.536289,Minotaur,minotaur(pow_w:0.50),1.30,1081,0
216,4,0x89100a8056319ba37491b32ba255004180607bc2,25.805687,1772387051,f1769bc1394cd0c731e97456e80e32ee9a73f7d647603a52f8b92be0eaef5250,231,77.00,3.48,1,5,4,0.020534,0.536682,Minotaur,minotaur(pow_w:0.50),1.99,1082,0
217,0,0x4414c05be2cf328f38d2e3ef4b705d6b894f044a,16.096519,1772387052,39fb12adb86730930ebef49da1cd3540f09e078f36988da55c2b844aa4c8d87b,203,101.50,3.91,1,6,4,0.020540,0.536862,Minotaur,minotaur(pow_w:0.50),1.57,1083,0
217,1,0xc774b0fee7cabbef3b1ae14bf36db3df0d32c1df,12.169267,1772387054,79dd625bb2533cb26fe1450cb757eb966c4f98c92859e2631d83141857d0ce31,97,97.00,3.89,1,6,4,0.020530,0.536821,Minotaur,minotaur(pow_w:0.50),0.99,1084,0
217,2,0x6064b9f5883bf9737dfe314ff68c56e09e68ac89,15.192919,1772387056,d74800519c7656eea7a0746a2ed6d28e3820bf24f483b3667a8287e9255aa502,206,103.00,3.94,1,5,4,0.020514,0.536672,Minotaur,minotaur(pow_w:0.50),1.50,1085,0
217,3,0x719361397abe003a91af76243e5f9c7a0cd4279f,25.564486,1772387059,140f9d6e6ddd79c8afbc844834e8a0223059283a0fa67222cffbdeff3c63ef2f,250,83.33,3.82,1,5,4,0.020502,0.536588,Minotaur,minotaur(pow_w:0.50),2.08,1086,0
217,4,0x63f4973c0df8a5358405f396dc0673a463c48de9,41.951757,1772387060,57c5222d2ab185d34d50be1ad577776d614955d4ecaebcae7b1224b0205c7ec0,110,55.00,3.78,1,5,4,0.020502,0.536588,Minotaur,minotaur(pow_w:0.50),1.26,1087,0
218,0,0xa447d277b02012c2afd9ddcbbe123f27cc971963,10.802325,1772387062,5509469c077994d19631318defa7693946ac6f6313ebc82a2975f9e4315d36db,107,107.00,3.64,1,5,4,0.020539,0.537135,Minotaur,minotaur(pow_w:0.50),0.99,1088,0
218,1,0x786f26993bf015cd2da6fb5d3ccd1879e01246ab,4.276432,1772387064,4ad37350300aaa6c4e401802b529b1f2159cb938b9351d2415285e0193ecb738,198,99.00,3.49,1,5,4,0.020520,0.536931,Minotaur,minotaur(pow_w:0.50),1.45,1089,0
218,2,0x95ab54d268473cce82094026afefdbd5cadf418b,17.605158,1772387067,826ca69a45f59669082a3a3975f59359af449c008bf4208f6100b27895759be5,250,83.33,3.86,1,6,4,0.020491,0.536301,Minotaur,minotaur(pow_w:0.50),2.13,1090,0
218,3,0x07902d0371763a00d97ed9ba16ff0a206cb0fd19,22.557269,1772387068,d94e4156239bd6bb64e59c86d9e2736129029867dfae980a5e6488beded67f06,154,77.00,4.38,1,6,4,0.020484,0.536302,Minotaur,minotaur(pow_w:0.50),1.58,1091,0
218,4,0xc577329e86aaecb006f17fb90499c54671119935,2.302752,1772387070,b1a7d871492143d1f12dd3d0c63bce72ace72cb52363a51c3871a8a1a35ce46e,78,78.00,2.69,1,4,3,0.020484,0.536441,Minotaur,minotaur(pow_w:0.50),1.05,1092,0
219,0,0xbc3f8508d26048f2064aa8c068f4c94d08d77d18,35.101959,1772387072,c380d3fb4d7564a80ba170167e0f23baee60b9cb216f17913ed7f9d9ef126cb6,220,110.00,3.90,1,6,4,0.020452,0.535567,Minotaur,minotaur(pow_w:0.50),1.46,1093,0
219,1,0x89100a8056319ba37491b32ba255004180607bc2,26.807517,1772387074,6e18a031007f1c65b2722870e466e53ac363a5fe9c41d0fff3a77977748ab68b,242,80.67,4.20,1,6,4,0.020472,0.535867,Minotaur,minotaur(pow_w:0.50),2.28,1094,0
219,2,0x63f4973c0df8a5358405f396dc0673a463c48de9,42.952657,1772387077,7b4be93c4723bc16e5108b14dbdc470292840bdb133f7c73743ea77db49b908e,187,93.50,4.04,1,6,4,0.020479,0.536060,Minotaur,minotaur(pow_w:0.50),1.95,1095,0
219,3,0x719361397abe003a91af76243e5f9c7a0cd4279f,26.565386,1772387079,ff10608f7afed5cc221f868453b77f883d3f4d00f2ce235a7c871ac24a0c7871,210,105.00,3.60,1,5,4,0.020511,0.536448,Minotaur,minotaur(pow_w:0.50),1.48,1096,0
219,4,0xc774b0fee7cabbef3b1ae14bf36db3df0d32c1df,13.171137,1772387081,49416b32cb43de4ab84b7bc2122b6121c4c8a68678e9c17e2da4986e0db5604f,199,99.50,3.83,1,5,4,0.020518,0.536622,Minotaur,minotaur(pow_w:0.50),1.47,1097,0
220,0,0xdcf2130496e27a8094ab996aea4aa77788d65869,33.540617,1772387083,65ef17d1ad7cfaf4f24ed4c81cc51fcd48164d28ab1cb1dcb86dfc919a0e7b3d,234,78.00,3.86,1,5,4,0.020503,0.536485,Minotaur,minotaur(pow_w:0.50),2.23,1098,0
220,1,0xd61b00c297972877b45f8d7f4d67fdaf20c67c59,4.322821,1772387086,220f9a742a94247c82bbe859cdb5284d25d2668dab5ffc0af4435b6e5fe0863e,244,122.00,3.92,1,5,4,0.020503,0.536486,Minotaur,minotaur(pow_w:0.50),1.82,1099,0
220,2,0xbc3f8508d26048f2064aa8c068f4c94d08d77d18,36.104329,1772387087,1abfb6ad5d197bdf639a17bbf4259c93657bee1e36c78fc353808e0f44f71af7,217,108.50,4.44,1,6,5,0.020491,0.536126,Minotaur,minotaur(pow_w:0.50),1.49,1100,0
220,3,0xa9a524611994a27dd3134d643379aa14edf7cb39,1.077730,1772387089,91d4a804b67b239db52c8a840d171a6da039bb532651c1f4afe556285515759c,114,114.00,4.10,1,6,4,0.020513,0.536441,Minotaur,minotaur(pow_w:0.50),0.94,1101,0
220,4,0xe6ebb0cdfd04183d498964e5efc4096ba77b17d6,29.318403,1772387091,9e02d2444bc7a91575fed168aefbe49ccf83528b668c2b5688c51d4c7faa122c,250,83.33,3.64,1,5,4,0.020479,0.535350,Minotaur,minotaur(pow_w:0.50),2.26,1102,0
221,0,0xa068e3c9a21c8d8be636cd2d285895979ec3262e,7.961261,1772387094,8cae91dd4d50119b1de99913f4b73cc5ce2215bd7a850cc73083a2001057ad28,197,98.50,4.15,1,6,4,0.020489,0.535594,Minotaur,minotaur(pow_w:0.50),1.87,1103,0
221,1,0x1796dc61e715f15a2d27dfa32bd34780f12a8c24,19.734021,1772387095,728610663f10106e2506e56ec119cec96e8c9a19d748923adfd00dc50eed7f4d,189,94.50,4.43,1,6,5,0.020466,0.535235,Minotaur,minotaur(pow_w:0.50),1.57,1104,0
221,2,0x9bdb1c7ad4bd8fe797b07c08117c74a591dbab2d,10.443032,1772387097,a30b6bc2b41f00fb8827b2464a48971143285f8e4a9b132c4e4f5d2c64dfd194,118,118.00,3.35,1,5,3,0.020462,0.535304,Minotaur,minotaur(pow_w:0.50),0.98,1105,0
221,3,0xd39dbd3662315e3935ec08e6b6028e73b3c09de2,11.919640,1772387099,a0110410fc7ae75c57ff43470f6af4128ece73d48b8cb94b51f6d4ed74a7feea,205,102.50,3.64,1,5,4,0.020443,0.535075,Minotaur,minotaur(pow_w:0.50),1.35,1106,0
221,4,0xcb7977f4997b4252c0152e135dd79b3cfe35c1a5,19.638433,1772387102,98da31716845d775e03a7d1266145e4d0f831fe00ab6740a28b2dfcbc0911bfe,195,65.00,4.41,1,6,4,0.020426,0.534913,Minotaur,minotaur(pow_w:0.50),2.09,1107,0
222,0,0x81d019380961f92c2031b0a7fba69f7675145088,8.488223,1772387103,c44f06a903fd8328c40b4e7647e01eb43936a6990226982847009adcac686ea1,178,89.00,4.25,1,6,4,0.020421,0.534962,Minotaur,minotaur(pow_w:0.50),1.78,1108,0
222,1,0x269cdf52f97e1d9f14b7be895155a7b294f0b21d,9.719563,1772387105,d995d9f05e2f4af8cc04f96de73ebdc880d55c13bc26724f41b8b78b97e62a2f,100,100.00,3.65,1,5,4,0.020399,0.534624,Minotaur,minotaur(pow_w:0.50),1.05,1109,0
222,2,0xdcf2130496e27a8094ab996aea4aa77788d65869,34.542817,1772387107,e21d522f5087df1ab38fcbb2f8de53e8f481d885419a251744c5327370e0a8b5,214,107.00,3.59,1,5,4,0.020379,0.534354,Minotaur,minotaur(pow_w:0.50),1.38,1110,0
222,3,0xe478b1e4d1538274c0c70cbd7df877f9abab2f62,29.326136,1772387110,387c5afbc2eee20e29879134c942c3f0b7d32d97b07377325727c8989ecbee25,250,83.33,3.94,1,6,4,0.020379,0.534355,Minotaur,minotaur(pow_w:0.50),2.15,1111,0
222,4,0x07902d0371763a00d97ed9ba16ff0a206cb0fd19,23.557669,1772387111,53251679563117a540b27660f57acd98bb0bbc463839b5b83463ef3371380128,138,69.00,4.02,2,6,4,0.020379,0.534356,Minotaur,minotaur(pow_w:0.50),1.66,1112,0
223,0,0x4414c05be2cf328f38d2e3ef4b705d6b894f044a,17.097019,1772387113,8ec3c3c50a140fcfa1b3de2a55440932419b289875698c8dd848f157c6ecde19,109,109.00,2.77,1,4,3,0.020391,0.534719,Minotaur,minotaur(pow_w:0.50),1.00,1113,0
223,1,0x4a217e35f6402e7f62a49f6d62e27c6585c2f3fd,26.516087,1772387115,df088f4738807bbdcdb424ceb222748c80d72474d584460a3dc948ac3f18e1ad,213,106.50,3.94,1,6,4,0.020382,0.534698,Minotaur,minotaur(pow_w:0.50),1.39,1114,0
223,2,0xc24b36dee27726233c3bbd9e1f028f98b6b2a424,15.414669,1772387118,c79358a1e5a7729cc6dcdeaad673581eb45bb3e8d3c8c1fde90d459281676b25,250,83.33,3.62,1,5,4,0.020388,0.534853,Minotaur,minotaur(pow_w:0.50),2.12,1115,0
223,3,0xd46407aa7b668c72de3cf1c1a12b7fa2e308a1b2,18.997569,1772387119,dc60d398c5ffeb5b7535eeefcc296cc14e4d3ac421a3311e2b6c41c188035cdb,140,70.00,3.99,2,6,4,0.020388,0.534853,Minotaur,minotaur(pow_w:0.50),1.59,1116,0
223,4,0xeaa5003682d7289190651081ae2bee847097afc5,27.790415,1772387121,3026a2502c75c6aa114b817fd90e4aa989c971c4f5744202ecf20080fd81ee9f,95,95.00,3.84,1,5,4,0.020371,0.534800,Minotaur,minotaur(pow_w:0.50),0.99,1117,0
224,0,0xe478b1e4d1538274c0c70cbd7df877f9abab2f62,30.327376,1772387123,dbe9ac4b1658f5b3cffd6df789eaf17881087b15b4ac52f1bdb58ec982a9e978,218,109.00,4.24,1,6,4,0.020379,0.535006,Minotaur,minotaur(pow_w:0.50),1.42,1118,0
224,1,0x719361397abe003a91af76243e5f9c7a0cd4279f,27.566996,1772387125,04ed9d547aca932c1f3868b08883903b2967a4ed036295898efbcccb2d21e451,250,83.33,3.98,1,6,4,0.020390,0.535247,Minotaur,minotaur(pow_w:0.50),2.23,1119,0
224,2,0x9c39f7fffaa5c5cfab20dfdd05663497918580c1,1.406828,1772387128,a60ee8393056c712ba42f6fe2374594e9b72efa2b82d839eabfb3de3f4c0dbed,146,73.00,3.95,2,5,4,0.020390,0.535248,Minotaur,minotaur(pow_w:0.50),1.68,1120,0
224,3,0xeb82a21cb3d0dd781eb22ad74bb7cd9b4d2a06ec,21.938645,1772387129,44c1cc018848b5982fb6ac82bc64dbd4a593ed499236b16d25079bcc70bb7d04,198,99.00,4.10,1,6,4,0.020365,0.534410,Minotaur,minotaur(pow_w:0.50),1.47,1121,0
224,4,0x606627477c3734932f47972f83c27cf4e3b35b4f,32.412897,1772387131,ba1d202dd1ee98b71b611f3624824ba8074cacbac9eeedff5063a7a8f8aa5c63,115,115.00,3.93,1,6,4,0.020363,0.534530,Minotaur,minotaur(pow_w:0.50),0.97,1122,0
225,0,0x58a21eeb7ab18ba8adf1296e66a4487076e95dac,36.133784,1772387133,859de01dcef2967e8713fc6c67064a167fa522a1f42b72195b1362c08f09d96a,250,83.33,3.49,1,5,4,0.020378,0.534788,Minotaur,minotaur(pow_w:0.50),2.25,1123,0
225,1,0x95ab54d268473cce82094026afefdbd5cadf418b,18.606078,1772387136,05c38f9b6419197eccc1cb533aa1be96a94279c61557298423ec2fd201558080,222,111.00,3.97,1,5,4,0.020378,0.534789,Minotaur,minotaur(pow_w:0.50),1.82,1124,0
225,2,0xdcf2130496e27a8094ab996aea4aa77788d65869,34.542447,1772387137,9752038ab9d1d7c859c35ed63345535eb79d1b358ce689401024b881ae8b55ee,208,104.00,4.52,1,6,5,0.020391,0.535096,Minotaur,minotaur(pow_w:0.50),1.47,1125,0
225,3,0x719361397abe003a91af76243e5f9c7a0cd4279f,28.568336,1772387139,e6d9014b32f351628b041ff06b4aaa8cdeef97240abd72389790979f52ded13e,82,82.00,4.00,1,6,4,0.020409,0.535370,Minotaur,minotaur(pow_w:0.50),0.99,1126,0
225,4,0xac768e60b9269babb15cb1e36ee843243d7c7543,37.760458,1772387141,455141f9d769709cd44fd5207a384dbe24c07f947cdb89f0ce9b3dde1027c23a,219,109.50,3.73,1,5,4,0.020417,0.535571,Minotaur,minotaur(pow_w:0.50),1.31,1127,0
226,0,0x786f26993bf015cd2da6fb5d3ccd1879e01246ab,5.278102,1772387144,9b5f9372c4381cb9f56fb8199ef120c0149c12e852147f15ac7ccc1dce07a5ab,247,82.33,4.01,1,6,4,0.020439,0.535905,Minotaur,minotaur(pow_w:0.50),1.97,1128,0
226,1,0xe478b1e4d1538274c0c70cbd7df877f9abab2f62,31.329646,1772387145,ef4a3e78915cbac9c3ab5fc5b0965ade1c55de5b1d1ce40643d79a9232324d90,131,65.50,4.08,2,6,4,0.020412,0.535359,Minotaur,minotaur(pow_w:0.50),1.44,1129,0
226,2,0x8c11ec9090dd820c076e57e899d9c604c79d6b32,21.580569,1772387147,39febf93ae3d91ee4b4e9c5f569985a1061cfc3bfc84ae99c8d6f43774cd5b28,97,97.00,4.04,1,6,4,0.020425,0.535598,Minotaur,minotaur(pow_w:0.50),0.97,1130,0
226,3,0x30509a8084fdfe6fe24d9c9a817c209ad194f8e3,46.714819,1772387149,d24b3ff431733b65624fdf578b133e7d4b19a3dd0db53f7bba9c8ad56d29f540,199,99.50,4.14,1,6,4,0.020422,0.535698,Minotaur,minotaur(pow_w:0.50),1.55,1131,0
226,4,0x282f43759e22b50aa7989261c51c367f325c3f91,6.341747,1772387152,8fb424254ad7e79e0d5dcf554a1ed17bd6394d2af40af819ff2f7c2500315652,250,83.33,3.33,1,5,3,0.020458,0.536092,Minotaur,minotaur(pow_w:0.50),2.07,1132,0
227,0,0x60705151f1f537cacd5b801f3ef1b31dc3f605de,3.287444,1772387153,f14525dec8617cb8baea3a56bf6268aaf5b6f17f31c1c85fecede844fedb4871,142,71.00,3.92,1,6,4,0.020433,0.535627,Minotaur,minotaur(pow_w:0.50),1.64,1133,0
227,1,0x719361397abe003a91af76243e5f9c7a0cd4279f,29.570356,1772387155,1327a4013be69d88965f2b98ef72a95c97a5d06329b04232921fc0a36098851f,113,113.00,4.23,1,6,4,0.020403,0.534859,Minotaur,minotaur(pow_w:0.50),0.99,1134,0
227,2,0x49b57eb4dace37c8819daf079c9c674f766d4f38,18.241190,1772387157,c70ab6242e69bb02885476b1ae96b741dde5933105749d9a8fae2c5b5b2ea541,206,103.00,3.87,1,5,4,0.020413,0.535067,Minotaur,minotaur(pow_w:0.50),1.49,1135,0
227,3,0x408bb0bf84df50b21c53c74420987f172d4036a1,6.788774,1772387159,17b60e5713522497155dd4ec7102e8564cc7a16a33473c6fdc3534232ddb4a3e,227,75.67,3.74,1,6,4,0.020405,0.535063,Minotaur,minotaur(pow_w:0.50),2.22,1136,0
227,4,0x71f297f96355f349d66f0e9b681e7d4e11224660,0.148110,1772387162,b7d0a6e6932f34c0d43682df377fe45bac7c15cf9a43629196e475895c9555ad,231,115.50,3.76,2,5,4,0.020381,0.534627,Minotaur,minotaur(pow_w:0.50),1.77,1137,0
228,0,0xdcf2130496e27a8094ab996aea4aa77788d65869,35.543027,1772387164,41c4023c45937a19f173c83abceb290dd5cb52083f80864ce17c523988cf7a25,219,109.50,4.07,1,6,4,0.020347,0.533461,Minotaur,minotaur(pow_w:0.50),1.57,1138,0
228,1,0xe6ebb0cdfd04183d498964e5efc4096ba77b17d6,30.319573,1772387166,d3056a5a1b93f85d628723ed1145b8bee6c440cc266894b3c77e794b304db3f9,208,104.00,4.03,1,5,4,0.020365,0.533734,Minotaur,minotaur(pow_w:0.50),1.49,1139,0
228,2,0x0d91704595bff3aec25d40822498a51c62b05e3a,9.561946,1772387168,eaa9c1859508dfd9ebc8745132ee88632ee763642f94fef6064de5148254bca8,227,75.67,4.07,2,6,4,0.020376,0.533950,Minotaur,minotaur(pow_w:0.50),2.27,1140,0
228,3,0x58a21eeb7ab18ba8adf1296e66a4487076e95dac,37.135624,1772387171,137c7adc43f20264dd6b1683ec09ebdc653ae41fe18c999313944a06b18507a4,250,125.00,3.35,1,5,3,0.020355,0.533666,Minotaur,minotaur(pow_w:0.50),1.86,1141,0
228,4,0xa3786e459f289a76c0e8af8ad834e3d0c6d47199,39.760553,1772387172,76cdc34b2e373bc275cc9c369209ff434829364d5c631b553dc079efc8763ba7,128,64.00,3.88,1,6,4,0.020355,0.533667,Minotaur,minotaur(pow_w:0.50),1.24,1142,0
229,0,0xaadc5fea232580cb8fba739ac5d05a48559c7e52,15.355023,1772387174,466785a0c40d7eb6b0918da06c5acf6a2767b7a9be0cf63ca6070d16a0b085ba,111,111.00,4.36,1,6,4,0.020400,0.534330,Minotaur,minotaur(pow_w:0.50),0.99,1143,0
229,1,0xe6ebb0cdfd04183d498964e5efc4096ba77b17d6,31.321743,1772387176,c2f77f8e49df74347517174218f0e86b9564b8ede3f2259424eb2b2747e1e414,213,71.00,4.34,2,6,4,0.020388,0.534228,Minotaur,minotaur(pow_w:0.50),2.43,1144,0
229,2,0xdcf2130496e27a8094ab996aea4aa77788d65869,36.544987,1772387179,ecda40500ef390024e31aa89e9c4d5e9ac75a22246c3fee433cacff9357dbd12,250,125.00,4.09,2,6,4,0.020400,0.534448,Minotaur,minotaur(pow_w:0.50),1.96,1145,0
229,3,0xeb82a21cb3d0dd781eb22ad74bb7cd9b4d2a06ec,22.939305,1772387180,c55c6e3f104fbc6a953e5f27215b5e3bfee0ee6a76fa6dbcc7fdb008bd38f1fc,117,58.50,3.97,3,5,4,0.020419,0.534725,Minotaur,minotaur(pow_w:0.50),1.27,1146,0
229,4,0x26d553a2f4343b3a7dc88bbd87b3d0a25d3838d9,38.270250,1772387182,577476bd22a55668d29cc5f09d3854cef1bcd76a9901e058b5f3605102b83e0f,98,98.00,4.00,1,6,4,0.020418,0.534842,Minotaur,minotaur(pow_w:0.50),0.99,1147,0
230,0,0xd39dbd3662315e3935ec08e6b6028e73b3c09de2,12.920810,1772387184,5021c978acb84c15e470e4fa4fb9cf9decfa6514ab7218247e0fa018d1409c3c,213,71.00,3.69,1,6,4,0.020440,0.535171,Minotaur,minotaur(pow_w:0.50),2.36,1148,0
230,1,0xc24b36dee27726233c3bbd9e1f028f98b6b2a424,16.415339,1772387187,3333015d11756d510852af591e69b0a0930d5391859225f3a6c55084cfbc1476,220,110.00,4.39,1,6,5,0.020424,0.535021,Minotaur,minotaur(pow_w:0.50),2.09,1149,0
230,2,0xeb82a21cb3d0dd781eb22ad74bb7cd9b4d2a06ec,23.940215,1772387188,b20c4ce2f468bfc5f50747d10e481cc7daf1164dd046a20fb73bec708877f727,151,75.50,3.96,1,6,4,0.020414,0.534975,Minotaur,minotaur(pow_w:0.50),1.57,1150,0
230,3,0x26d553a2f4343b3a7dc88bbd87b3d0a25d3838d9,39.272290,1772387190,90429bdb8cb17f976c66167a22a54a9a91befa596f8966ea3bf646b837b13d5b,104,104.00,4.01,1,5,4,0.020415,0.535097,Minotaur,minotaur(pow_w:0.50),0.97,1151,0
230,4,0x95ab54d268473cce82094026afefdbd5cadf418b,19.607578,1772387192,7a598bb3e4f45a0b1e025575820c650f9a0e44f74d45f3b29b62690426afbfd1,228,76.00,3.69,1,6,4,0.020438,0.535434,Minotaur,minotaur(pow_w:0.50),2.38,1152,0
231,0,0xdcf2130496e27a8094ab996aea4aa77788d65869,37.545967,1772387195,52080d62db3dbc267600182ea8228bedf4630a3b230d75536ff4fa4d32bd5473,227,113.50,4.22,1,6,4,0.020432,0.535458,Minotaur,minotaur(pow_w:0.50),2.00,1153,0
231,1,0xac61c91e7d24df824351a6c4e562a75f0cf646f8,2.234448,1772387196,398574ec9211ec249a49571d8a9cc0cd9a1b32fd7162891da076b7623fba5968,131,65.50,3.97,1,6,4,0.020452,0.535749,Minotaur,minotaur(pow_w:0.50),1.63,1154,0
231,2,0x4ba33404d90c4ae989714d9d174cd882cffb7994,10.112142,1772387198,feec096f7089f9a35b6ae601fbb2e1b62b565ed1918850286747c6ceba6f73fe,106,106.00,3.96,1,6,4,0.020421,0.534900,Minotaur,minotaur(pow_w:0.50),0.98,1155,0
231,3,0xeb82a21cb3d0dd781eb22ad74bb7cd9b4d2a06ec,24.941175,1772387200,2d106467f621a80c78b61e3b3760765f296f1cc5e430f8d31098fb54b48edae9,186,93.00,4.54,2,6,5,0.020402,0.534636,Minotaur,minotaur(pow_w:0.50),1.43,1156,0
231,4,0x719361397abe003a91af76243e5f9c7a0cd4279f,30.571836,1772387203,7896fa1111ab018ad556c145b7476bdb1e9a0bcfae66c3a459c952ad54f2b97f,250,83.33,4.00,2,6,4,0.020404,0.534769,Minotaur,minotaur(pow_w:0.50),2.08,1157,0
232,0,0x8c11ec9090dd820c076e57e899d9c604c79d6b32,22.581959,1772387204,aa3b128bf4f4ca81e61953818e07ec7c30b5c135522bff04d17fac4f5d904da0,134,67.00,3.82,1,5,4,0.020414,0.534968,Minotaur,minotaur(pow_w:0.50),1.57,1158,0
232,1,0x07902d0371763a00d97ed9ba16ff0a206cb0fd19,24.557699,1772387206,0b403852daaaf853bd36161ebdbef407dfcdbad599ab29f0abdd30444373d8d7,105,105.00,4.14,1,6,4,0.020412,0.535066,Minotaur,minotaur(pow_w:0.50),1.00,1159,0
232,2,0x282f43759e22b50aa7989261c51c367f325c3f91,7.342747,1772387208,9445e0ad6f2db8ab8a40951f4fb5ddd90b69a4832576afba998d94a45a8b5acc,202,101.00,2.66,1,4,3,0.020413,0.535181,Minotaur,minotaur(pow_w:0.50),1.25,1160,0
232,3,0xac768e60b9269babb15cb1e36ee843243d7c7543,38.762248,1772387210,32b41af847daca1e951bafb0b5b9c70ca622d5cfc49ab2b611079fcc65bf1bd6,250,83.33,3.83,1,6,4,0.020390,0.534788,Minotaur,minotaur(pow_w:0.50),2.04,1161,0
232,4,0x4a217e35f6402e7f62a49f6d62e27c6585c2f3fd,27.517647,1772387212,97fe28ff2030edc360df4dce3e9c5237e6d5d6669850ff09ab049a6dd1891af9,128,64.00,3.90,1,5,4,0.020411,0.535104,Minotaur,minotaur(pow_w:0.50),1.53,1162,0
233,0,0x6414c6a8400ff3419cd81855d09de2848d770e0e,11.153986,1772387214,24cf1fb9bbc66ee06706498cf9a3d246051890cd2ff710088cb00519fcf377c5,119,119.00,3.70,1,5,4,0.020417,0.535265,Minotaur,minotaur(pow_w:0.50),1.00,1163,0
233,1,0xe478b1e4d1538274c0c70cbd7df877f9abab2f62,32.329696,1772387216,b6e57e2834dcfc054ab6d6a3a9bf309694d07b5e134585a5b5b12f15b35926d0,223,111.50,3.95,1,6,4,0.020399,0.535071,Minotaur,minotaur(pow_w:0.50),1.51,1164,0
233,2,0x60705151f1f537cacd5b801f3ef1b31dc3f605de,4.287884,1772387218,2ac17f10a86a71f0cc1770693909a1cea245e6cb271c28a50ea89443ed349b35,219,73.00,3.96,1,5,4,0.020411,0.535304,Minotaur,minotaur(pow_w:0.50),2.38,1165,0
233,3,0x24898fcb116b48cb2b6fd5d3b4eb599fee0f4633,1.032754,1772387221,1d210a80f67a465ea31db142fc82c7d0a3f7a98738e123e69763692cd787e1db,249,124.50,4.16,2,6,4,0.020411,0.535304,Minotaur,minotaur(pow_w:0.50),2.00,1166,0
233,4,0xa068e3c9a21c8d8be636cd2d285895979ec3262e,8.961971,1772387223,2b8f886cd470defb76722cf5359eb3b64435b62dba060c7641833acf065209fc,108,54.00,3.70,1,5,4,0.020379,0.534238,Minotaur,minotaur(pow_w:0.50),1.23,1167,0
234,0,0x07902d0371763a00d97ed9ba16ff0a206cb0fd19,25.559539,1772387225,1893540498f27d8ba91a22747120b1533c1a47a79b18a06623d67c8aa8baedb1,213,106.50,4.30,1,6,4,0.020358,0.533923,Minotaur,minotaur(pow_w:0.50),1.51,1168,0
234,1,0x26d553a2f4343b3a7dc88bbd87b3d0a25d3838d9,40.274170,1772387227,7adb1f951393b5c1b2d2ebb80dc7ccdc117cf45d12e44e26f577de490ae82797,250,83.33,2.78,1,4,3,0.020358,0.533924,Minotaur,minotaur(pow_w:0.50),2.15,1169,0
234,2,0x95ab54d268473cce82094026afefdbd5cadf418b,20.609348,1772387230,1eb75581c37d6e28ceeb6cc431a7de928bdf91be6600634730d709b2ebcf8eb3,123,61.50,3.83,2,5,4,0.020381,0.534265,Minotaur,minotaur(pow_w:0.50),1.64,1170,0
234,3,0x49b57eb4dace37c8819daf079c9c674f766d4f38,19.242560,1772387231,bb0eafb918b23e50a833f4d6fb8def3041005a17e5183f249284f7346244560c,209,104.50,4.46,1,6,5,0.020381,0.534265,Minotaur,minotaur(pow_w:0.50),1.52,1171,0
234,4,0xdcf2130496e27a8094ab996aea4aa77788d65869,38.546897,1772387233,b351c6c9030e469f5e4c6468eadf13039e2abf2c18693a5c0384a6e479a3137f,101,101.00,3.83,1,6,4,0.020370,0.534344,Minotaur,minotaur(pow_w:0.50),1.00,1172,0
235,0,0x282f43759e22b50aa7989261c51c367f325c3f91,8.345017,1772387235,97b543742275c1b93ed96ea5984cf764da15431310f6f48955cdc260c5cfc476,235,117.50,3.79,1,5,4,0.020391,0.534642,Minotaur,minotaur(pow_w:0.50),1.33,1173,0
235,1,0x606627477c3734932f47972f83c27cf4e3b35b4f,33.414257,1772387238,cb9ccf7fa22b74f3014009f7c6c5f28fde4adebe49a2f240c21d33e9da3d31f2,246,82.00,3.81,2,6,4,0.020391,0.534643,Minotaur,minotaur(pow_w:0.50),1.98,1174,0
235,2,0x719361397abe003a91af76243e5f9c7a0cd4279f,31.572756,1772387239,6e6ca395c3055cb3fd337f41e80d8fc385c58348504dc76612e181d25ccbe81d,110,55.00,3.69,2,5,4,0.020382,0.534539,Minotaur,minotaur(pow_w:0.50),1.48,1175,0
235,3,0x7e40df5d801345015e84c843908efc6683665fa4,20.676259,1772387241,ec612f9ea7fb36030cc4c2b9bb4e60ef7b5b3d4c4b4b5966ad200e2a483bbea5,101,101.00,3.93,1,5,4,0.020393,0.534741,Minotaur,minotaur(pow_w:0.50),0.97,1176,0
235,4,0xac768e60b9269babb15cb1e36ee843243d7c7543,39.763248,1772387243,d23b475f7e89a37e4513c62d2ef69d1cfea5175df63623dafdcb193e3711c306,219,109.50,3.30,1,5,3,0.020388,0.534805,Minotaur,minotaur(pow_w:0.50),1.25,1177,0
236,0,0x2abf89d7c96c80fcff9dec1fe92803573094ee35,4.213565,1772387246,b25a08783a59938c5808d56633445e7f8fccfd0a9e05abfee028c212ac869636,250,83.33,4.00,2,6,4,0.020388,0.534806,Minotaur,minotaur(pow_w:0.50),1.91,1178,0
236,1,0xe6ebb0cdfd04183d498964e5efc4096ba77b17d6,32.323483,1772387247,ceb90bc965f634dbbce5595ede64373ecd24c8d7ff9882dd9056d50d676dbc0e,140,70.00,3.76,1,5,4,0.020410,0.535119,Minotaur,minotaur(pow_w:0.50),1.46,1179,0
236,2,0x58a21eeb7ab18ba8adf1296e66a4487076e95dac,38.136124,1772387249,69735be3223fd8176dd54d7dad453daa91cda47a4fe92b3ce0f20d365ad07829,114,114.00,4.11,1,6,4,0.020394,0.534708,Minotaur,minotaur(pow_w:0.50),1.00,1180,0
236,3,0x95ab54d268473cce82094026afefdbd5cadf418b,21.611208,1772387251,09e17432f4f37c71fb1ce8a78f8939645710aa55486ef1ef3aa6d054ee7b959b,187,93.50,3.87,1,5,4,0.020414,0.534988,Minotaur,minotaur(pow_w:0.50),1.51,1181,0
236,4,0xe6ebb0cdfd04183d498964e5efc4096ba77b17d6,33.324573,1772387254,77e87ecc32cffe5704febbf8e4d10e08523891bd1e16a68d8ebfb5ad83d79fd8,238,79.33,4.21,1,6,4,0.020410,0.535066,Minotaur,minotaur(pow_w:0.50),2.18,1182,0
237,0,0xa068e3c9a21c8d8be636cd2d285895979ec3262e,9.963811,1772387255,1bb463caacd5d48a362906461af1e2fecdb7b0e2a533256f4b3f991285a33bc7,148,74.00,4.34,1,6,4,0.020423,0.535295,Minotaur,minotaur(pow_w:0.50),1.91,1183,0
237,1,0xb7b4ee0a72bc410bf6d32b9cd3f3e11fc756d6f1,2.064469,1772387257,2e590e3781c635aeef52139edc89179f5a2ce2ad435743a48609497af23fd98c,104,104.00,4.19,1,6,4,0.020403,0.535013,Minotaur,minotaur(pow_w:0.50),0.98,1184,0
237,2,0x63f4973c0df8a5358405f396dc0673a463c48de9,43.953107,1772387259,c33e67dfae339c4fde65b2fc47360450012ff48784c200ba9f1a45794cc9cfe3,217,108.50,3.85,1,6,4,0.020373,0.534154,Minotaur,minotaur(pow_w:0.50),1.43,1185,0
237,3,0x4414c05be2cf328f38d2e3ef4b705d6b894f044a,18.097529,1772387261,8453d8a9b85088e950a3eb6a36b45ba162372d1d534ea9559396d903f8218939,250,83.33,3.58,2,5,4,0.020400,0.534516,Minotaur,minotaur(pow_w:0.50),2.18,1186,0
237,4,0x49b57eb4dace37c8819daf079c9c674f766d4f38,20.243280,1772387264,6257bfb5c7065f3f34d87f5e2344180a538d14ba2dd24589015a64a3ff5d04a1,161,80.50,4.02,1,6,4,0.020392,0.534496,Minotaur,minotaur(pow_w:0.50),1.84,1187,0
238,0,0x7e40df5d801345015e84c843908efc6683665fa4,21.678309,1772387265,0fb52684db944169b841df3db7de477b7ea6bf70cc5f77d0e140d13afd5c71f0,202,101.00,4.00,1,6,4,0.020387,0.534528,Minotaur,minotaur(pow_w:0.50),1.55,1188,0
238,1,0xe478b1e4d1538274c0c70cbd7df877f9abab2f62,33.331486,1772387267,610e598875dc6d1a1cd7faf6d9d82ec3297bbd84451b8788ff017eb81c05b755,100,100.00,3.48,1,5,3,0.020383,0.534592,Minotaur,minotaur(pow_w:0.50),0.99,1189,0
238,2,0xc774b0fee7cabbef3b1ae14bf36db3df0d32c1df,14.171687,1772387269,a5b2c4226546559b007b3cce645a5efedee2825fd438b1abdd04c0aeccdcf36f,197,65.67,3.94,2,6,4,0.020396,0.534804,Minotaur,minotaur(pow_w:0.50),2.37,1190,0
238,3,0xb2a7fe70a6f3137d38f6cb4c3ec6dd1e24f2d5f4,10.417078,1772387272,9f0b9a86310de40fc30823b6700b1e5cda1b9e00ada97dae47bfae9aab7a6416,250,125.00,3.89,1,5,4,0.020396,0.534805,Minotaur,minotaur(pow_w:0.50),2.06,1191,0
238,4,0x13f9dadc05f6c237b03411e2aed1800cf21a5d89,4.263512,1772387273,dd6d0b5b6dad022f88295ffbc842700ef8b82755a16780b8d3c2062a4135598c,137,68.50,4.40,2,6,4,0.020377,0.534543,Minotaur,minotaur(pow_w:0.50),1.61,1192,0
239,0,0xc774b0fee7cabbef3b1ae14bf36db3df0d32c1df,14.171637,1772387275,f9f12caa416f3a9c0589ad5d33772cd987a126f96341b5811c8b29508ab7ba79,99,99.00,3.02,2,4,3,0.020350,0.533918,Minotaur,minotaur(pow_w:0.50),0.97,1193,0
239,1,0xc4dc29db975b952e04358340e56b68fa4ba63fbc,13.544801,1772387277,3ac31b9c1e51ddb71ec09924350bf53477399c61424bcc17f6901a18efd04e63,198,99.00,4.07,1,5,4,0.020336,0.533801,Minotaur,minotaur(pow_w:0.50),1.45,1194,0
239,2,0x58a21eeb7ab18ba8adf1296e66a4487076e95dac,39.137654,1772387280,d5ca1f921eb85f6488862af8ea7d22ab1c60bda00e54027cb37c583b04fbd159,250,83.33,3.67,1,5,4,0.020322,0.533661,Minotaur,minotaur(pow_w:0.50),2.22,1195,0
239,3,0xa447d277b02012c2afd9ddcbbe123f27cc971963,11.802215,1772387281,10ac30d168fd1cc284d486122c147617b398ed775a2506703c87da7283d68dad,154,77.00,3.97,1,5,4,0.020342,0.533947,Minotaur,minotaur(pow_w:0.50),1.82,1196,0
239,4,0xcb7977f4997b4252c0152e135dd79b3cfe35c1a5,20.638363,1772387283,6f143f4ff3e38e6a0aa344521cf8cf5b491f1aa2781e315ff53ae38862121cca,113,113.00,3.60,1,6,3,0.020325,0.533776,Minotaur,minotaur(pow_w:0.50),0.99,1197,0
240,0,0x81193196c1dbdbf80709d43a5af5ce21c201fbd7,6.828449,1772387285,ecf391680c10ebd584db304414cd96c483c8eeaa99473619b2a52628776b5a29,219,109.50,4.17,1,6,4,0.020320,0.533811,Minotaur,minotaur(pow_w:0.50),1.43,1198,0
240,1,0x719361397abe003a91af76243e5f9c7a0cd4279f,32.573226,1772387288,1720db4a5b95c665ebfb0e0443277216eb2c85b7d9645035843feae88c315170,250,83.33,3.95,1,6,4,0.020297,0.533378,Minotaur,minotaur(pow_w:0.50),2.13,1199,0
240,2,0x30509a8084fdfe6fe24d9c9a817c209ad194f8e3,47.716049,1772387289,18cdba8baabe4492a771d08d9dd1a6aa00524e939cae833976b16b9d727ba7c0,148,74.00,3.82,2,5,4,0.020297,0.533378,Minotaur,minotaur(pow_w:0.50),1.68,1200,0
240,3,0x89100a8056319ba37491b32ba255004180607bc2,27.807187,1772387291,bcf2cdc2031459f84476f168a17c770f86baf1ae7f57cdb2890162e5dca09f80,111,111.00,3.39,1,5,3,0.020339,0.533947,Minotaur,minotaur(pow_w:0.50),1.00,1201,0
240,4,0x63f4973c0df8a5358405f396dc0673a463c48de9,44.955357,1772387293,0315af71eda9f15e9ef1ba215c049c416cfdf521677bec31d908cecabb041bce,190,95.00,3.94,1,6,4,0.020344,0.534096,Minotaur,minotaur(pow_w:0.50),1.51,1202,0
241,0,0x0d91704595bff3aec25d40822498a51c62b05e3a,10.563146,1772387295,10bcbbd9483a4ad967d063da9198a1ac4090f18d05100635f97f427ef440703f,250,83.33,3.63,1,5,4,0.020371,0.534454,Minotaur,minotaur(pow_w:0.50),2.24,1203,0
241,1,0xcdc82b7c868072205a399d0f68e6e3ad3bfd1ca6,2.188751,1772387298,00a976bfff262ad0e378ca15c9db6a1880cdc8a20ffa70d1e5e5562ef6a327bb,213,106.50,3.19,1,5,3,0.020371,0.534455,Minotaur,minotaur(pow_w:0.50),1.74,1204,0
241,2,0xdcf2130496e27a8094ab996aea4aa77788d65869,39.548567,1772387299,4ffe67d6b7bf89ea45b68b6519d32fc7e5c82e52dba0cde2923d4f968fd424be,237,118.50,3.63,1,5,4,0.020323,0.533344,Minotaur,minotaur(pow_w:0.50),1.54,1205,0
241,3,0x81193196c1dbdbf80709d43a5af5ce21c201fbd7,7.830759,1772387301,f7e2ecedf91798a4623f38ca0c0a03c4256321f4fd5183d7cd2a5dff89ccf038,92,92.00,3.73,1,5,4,0.020343,0.533626,Minotaur,minotaur(pow_w:0.50),0.97,1206,0
241,4,0x213068cb42718d1dd6d00a6d94d62a3def0e68eb,5.355199,1772387303,685f828c13bb25dcf43a5125102bcda82829030bba27fde0bf4442e0966d4bd3,235,78.33,3.81,1,6,4,0.020321,0.533256,Minotaur,minotaur(pow_w:0.50),2.22,1207,0
242,0,0xcb7977f4997b4252c0152e135dd79b3cfe35c1a5,21.640363,1772387306,e514b091f0e061ae3b6b599cd9e5753047ceb50342f54c925f130df79542fa23,233,116.50,3.68,1,5,4,0.020321,0.533256,Minotaur,minotaur(pow_w:0.50),1.87,1208,0
242,1,0x1cb1274c711a6c2e4e1596846e6ac604eeefb358,8.400181,1772387307,0794fee2c3861cd530abcd581c015c85b715235059070fb0a9a67771cf236a37,181,90.50,4.16,1,6,4,0.020317,0.533303,Minotaur,minotaur(pow_w:0.50),1.50,1209,0
242,2,0xeaa5003682d7289190651081ae2bee847097afc5,28.790735,1772387309,8eacc0823e78a11215bc0c6935581e463a98281cc669e8d11a64b84bca7c30b4,92,92.00,3.54,1,5,4,0.020296,0.532944,Minotaur,minotaur(pow_w:0.50),0.96,1210,0
242,3,0xa3786e459f289a76c0e8af8ad834e3d0c6d47199,40.760453,1772387311,4c0ac44665bcfc9f0f2eb0165a9a1526564b66af7cbf7e403fb3d3bb1e172b2e,183,91.50,4.32,1,6,4,0.020301,0.533121,Minotaur,minotaur(pow_w:0.50),1.43,1211,0
242,4,0xbc3f8508d26048f2064aa8c068f4c94d08d77d18,37.103169,1772387314,56d6934eff63fc75566a62128d88ade9522cdfdd467ace0b69a7aecbf8e93d04,238,79.33,4.26,1,6,4,0.020323,0.533452,Minotaur,minotaur(pow_w:0.50),2.11,1212,0
243,0,0xbc3f8508d26048f2064aa8c068f4c94d08d77d18,38.104529,1772387315,05cc802dbdc7b80d5c19110e48c12ebd617bcdbbe2d034656237b672a9dbc304,136,68.00,4.32,1,6,4,0.020339,0.533709,Minotaur,minotaur(pow_w:0.50),1.54,1213,0
243,1,0x07902d0371763a00d97ed9ba16ff0a206cb0fd19,25.558669,1772387317,a1fac9fdb8ae7ce2eaacfd999fd0bae79a43bce7dbf1ae7ef38b647cdbe15312,99,99.00,4.42,2,6,4,0.020357,0.533966,Minotaur,minotaur(pow_w:0.50),1.06,1214,0
243,2,0x1796dc61e715f15a2d27dfa32bd34780f12a8c24,20.732781,1772387319,132c8a494b7bc074cee24bb6ed8057cff273a14eb14afc39a3f4f592e2402c66,199,99.50,2.60,1,4,3,0.020358,0.534087,Minotaur,minotaur(pow_w:0.50),1.25,1215,0
243,3,0x606627477c3734932f47972f83c27cf4e3b35b4f,34.414537,1772387321,5a062e86fd4b06d3c182a4d522ec8df8546a5530e5a7b7ddc5e5157b44f2602e,213,71.00,3.30,1,5,3,0.020353,0.534109,Minotaur,minotaur(pow_w:0.50),1.99,1216,0
243,4,0xbc3f8508d26048f2064aa8c068f4c94d08d77d18,39.105439,1772387324,c1946c7daee38e5c1a48cadcfbb982469f8299eafd55f0ec277f3f555c237e94,227,113.50,3.68,1,5,4,0.020366,0.534349,Minotaur,minotaur(pow_w:0.50),1.71,1217,0
244,0,0xa068e3c9a21c8d8be636cd2d285895979ec3262e,10.964151,1772387325,055246f506a998e66681c45d16b9e0f377129648ba73da3ef6ac2482d8a690ed,201,100.50,4.24,1,6,4,0.020384,0.534604,Minotaur,minotaur(pow_w:0.50),1.51,1218,0
244,1,0x269cdf52f97e1d9f14b7be895155a7b294f0b21d,10.719423,1772387327,e887a685fca607bf358bcb8151aeb93c946cf0efa9ce98d858424daa44ccab57,104,104.00,4.37,1,6,5,0.020366,0.534372,Minotaur,minotaur(pow_w:0.50),0.98,1219,0
244,2,0xbc3f8508d26048f2064aa8c068f4c94d08d77d18,40.107409,1772387329,77aa1cd244467c3062b5aeb6f7245feca1d145e2039714e27237c7c06c4b4537,239,119.50,3.48,1,5,4,0.020348,0.534104,Minotaur,minotaur(pow_w:0.50),1.25,1220,0
244,3,0xa5a12d96532497871d73549e55ab377e3dcb3a40,4.093502,1772387332,c05d711ed53b1f396169e3d5bf0939265ee13d2f72ae7bfae98415aa85746232,240,80.00,4.44,2,6,4,0.020348,0.534105,Minotaur,minotaur(pow_w:0.50),1.96,1221,0
244,4,0x719361397abe003a91af76243e5f9c7a0cd4279f,33.574336,1772387333,9aa7553d2bcd83b3d626988ce791c312dce1753346dc4dcbfe58a22c055097ac,105,52.50,4.25,2,6,4,0.020321,0.533468,Minotaur,minotaur(pow_w:0.50),1.41,1222,0
245,0,0xd46407aa7b668c72de3cf1c1a12b7fa2e308a1b2,19.996379,1772387335,f1cfee43d5d512c147cc2b100a3b98aee5404562897675d2450f051df18aac4c,110,110.00,3.78,1,5,4,0.020333,0.533668,Minotaur,minotaur(pow_w:0.50),0.99,1223,0
245,1,0xcb7977f4997b4252c0152e135dd79b3cfe35c1a5,22.641943,1772387337,4f79361a2cb10ea79295afeaac3ae4a89b75636a08766352db623fc29f964e1b,217,108.50,3.85,1,6,4,0.020327,0.533666,Minotaur,minotaur(pow_w:0.50),1.35,1224,0
245,2,0xa447d277b02012c2afd9ddcbbe123f27cc971963,12.802815,1772387340,b77fd04b10f5c4f396f816f30d5b0208db19c93650eba9605f6324f0c9d573cf,214,71.33,4.14,1,6,4,0.020324,0.533744,Minotaur,minotaur(pow_w:0.50),1.95,1225,0
245,3,0xdcf2130496e27a8094ab996aea4aa77788d65869,40.549137,1772387341,0bd6dca1fbf762ee03407695bd5f8216bbb4acd62b31eeaa8820bf7b99710ab5,131,65.50,3.73,1,5,4,0.020308,0.533581,Minotaur,minotaur(pow_w:0.50),1.63,1226,0
245,4,0x606627477c3734932f47972f83c27cf4e3b35b4f,35.416637,1772387343,e64dd14910ce08914fd5b21cea911a376760cdc5545ef0d89ff97326f2361b27,99,99.00,3.71,1,5,4,0.020329,0.533885,Minotaur,minotaur(pow_w:0.50),0.97,1227,0
246,0,0xbc3f8508d26048f2064aa8c068f4c94d08d77d18,40.107239,1772387345,0733ae5168a2439a27d22bbef43a438ac3783ad2ffb0e02b70054ccf5121a6f6,221,110.50,3.62,1,5,4,0.020342,0.534124,Minotaur,minotaur(pow_w:0.50),1.32,1228,0
246,1,0x269cdf52f97e1d9f14b7be895155a7b294f0b21d,11.721623,1772387348,bbcfd04242906a6c9fe1646fd2e27de967602275af8f85022022d7890d23c0fa,237,79.00,4.24,1,6,4,0.020362,0.534398,Minotaur,minotaur(pow_w:0.50),2.11,1229,0
246,2,0x28672c71695142588ed26ada6f4b18b8b6c12308,7.681288,1772387349,b57877456c12e30bd4dd20a2ce835eed89969ee79eb378016b15b813512f31e5,162,81.00,3.83,1,5,4,0.020362,0.534399,Minotaur,minotaur(pow_w:0.50),1.58,1230,0
246,3,0x9bdb1c7ad4bd8fe797b07c08117c74a591dbab2d,11.442782,1772387351,40d9592b9e1ba99f7960d03f6deeea4eb7d579f772ef531116d475faaf870c44,92,92.00,3.55,2,5,4,0.020339,0.534011,Minotaur,minotaur(pow_w:0.50),1.00,1231,0
246,4,0x58a21eeb7ab18ba8adf1296e66a4487076e95dac,40.138524,1772387353,4dd63e65315e77aea5b287370a55dffde2481874078c6171c19d49cde6e38037,201,100.50,3.60,1,5,4,0.020322,0.533806,Minotaur,minotaur(pow_w:0.50),1.40,1232,0
247,0,0x30509a8084fdfe6fe24d9c9a817c209ad194f8e3,48.716499,1772387355,a2fc98afd1269e0da1c6d858a809e64d2ffb29b994db1bc65962b09db55bd981,229,76.33,3.78,1,5,4,0.020342,0.534066,Minotaur,minotaur(pow_w:0.50),2.21,1233,0
247,1,0xb2a7fe70a6f3137d38f6cb4c3ec6dd1e24f2d5f4,11.417798,1772387358,ff6ce7a7c325c565e7e4922f705f282d661b31cc8d4392b244eb2fe987534ecf,250,125.00,3.44,1,5,4,0.020342,0.534067,Minotaur,minotaur(pow_w:0.50),1.85,1234,0
247,2,0xa447d277b02012c2afd9ddcbbe123f27cc971963,13.803945,1772387359,1c1e5d5e3cc5fb4e0bda79482bf4102f61d31ba7c0bb21f32ad0518a2ac4f882,109,54.50,4.30,2,6,4,0.020372,0.534431,Minotaur,minotaur(pow_w:0.50),1.25,1235,0
247,3,0x6064b9f5883bf9737dfe314ff68c56e09e68ac89,16.192309,1772387361,bceb2cd0a1f2987dd88682337c6216047918433c23027dd733a4c5c7a875f05b,118,118.00,3.64,1,6,4,0.020340,0.534064,Minotaur,minotaur(pow_w:0.50),1.00,1236,0
247,4,0x34412315480562da4810040fd15c81f99880e1ab,16.901223,1772387363,a3def2cfffff6570f850429adc55ac39301d5ec236534e6637785a54c07533c0,210,105.00,3.88,1,6,4,0.020329,0.533998,Minotaur,minotaur(pow_w:0.50),1.48,1237,0
248,0,0x26d553a2f4343b3a7dc88bbd87b3d0a25d3838d9,41.274170,1772387365,531cf25dd6d597b191014f07ff8245f1791c03eeaf1eaac5807268d2fef776f3,237,79.00,3.95,1,6,4,0.020319,0.533951,Minotaur,minotaur(pow_w:0.50),2.12,1238,0
248,1,0xd61b00c297972877b45f8d7f4d67fdaf20c67c59,5.321981,1772387368,5b56581277842343ecf9c1c0e5a389143eebc393b1868140905cc3b29ca97850,208,104.00,3.81,1,6,4,0.020339,0.534271,Minotaur,minotaur(pow_w:0.50),1.71,1239,0
248,2,0x311eb133eb413ac3f21249889bb101e5d40820ce,2.114779,1772387370,b28038126ffa8881740176cdfd899b05951c9de4486da7fd6f2d3c99ae0e2006,197,98.50,4.48,1,6,5,0.020314,0.533760,Minotaur,minotaur(pow_w:0.50),1.52,1240,0
248,3,0x30509a8084fdfe6fe24d9c9a817c209ad194f8e3,49.718869,1772387372,4c5beaacd48ba752a8b5fbcffcd046e3d13d4f99088df02a620f7f203bc23647,202,101.00,3.62,1,5,4,0.020285,0.532912,Minotaur,minotaur(pow_w:0.50),1.44,1241,0
248,4,0x4ba33404d90c4ae989714d9d174cd882cffb7994,11.112222,1772387374,a3ec739241ff30bd320eb0b73b5d3337d6f64224c2a84fc7cfc1dc2fe991ad52,250,83.33,3.37,1,5,3,0.020316,0.533276,Minotaur,minotaur(pow_w:0.50),2.30,1242,0
249,0,0x075e1d95c7891e1c00414ca1aa9a7a8cf6270019,2.122585,1772387377,471cfc414f61be04dba99ba968737d07b8d483ef931c8596b700a88ad8de60ba,193,96.50,4.32,1,6,4,0.020299,0.533016,Minotaur,minotaur(pow_w:0.50),1.95,1243,0
249,1,0x63f4973c0df8a5358405f396dc0673a463c48de9,45.957067,1772387378,9240412aac0a41b3c683d127e8a772683c4f35ec0366de01ee9ef472fd829ba9,242,121.00,3.31,1,5,3,0.020270,0.532156,Minotaur,minotaur(pow_w:0.50),1.71,1244,0
249,2,0x3513d672439a59c26cc5711f2b715ccb4810a774,16.294525,1772387380,c462087a270e3dda775efcb8b007331ce147d2ba3138b55423e4b5105c82e392,140,140.00,3.57,1,6,4,0.020296,0.532503,Minotaur,minotaur(pow_w:0.50),0.98,1245,0
249,3,0xa9a524611994a27dd3134d643379aa14edf7cb39,2.077540,1772387382,99b6bee04c8918a74d33a219ecc483ec0bbebfb99a6f37d0ef12e2d052c4de8c,223,74.33,3.75,1,5,4,0.020285,0.532424,Minotaur,minotaur(pow_w:0.50),2.22,1246,0
249,4,0x28672c71695142588ed26ada6f4b18b8b6c12308,8.681738,1772387385,a62e6308fe452dd13851bc79a99aa2943b4c48376d21b878de05e7e579e00b22,240,120.00,3.71,1,5,4,0.020256,0.531547,Minotaur,minotaur(pow_w:0.50),1.88,1247,0
250,0,0x606627477c3734932f47972f83c27cf4e3b35b4f,36.418527,1772387386,fb83c2f40dbfdf9954af73bef855a7490c86069d9334e44818dea7ace076db58,140,70.00,3.87,1,5,4,0.020236,0.531203,Minotaur,minotaur(pow_w:0.50),1.56,1248,0
250,1,0xeb82a21cb3d0dd781eb22ad74bb7cd9b4d2a06ec,25.942065,1772387388,3a2d173b643b8239116da0ecf2bf3fc411e4ba9d36656315f452b7960e6cb03c,101,101.00,3.37,1,5,4,0.020250,0.531440,Minotaur,minotaur(pow_w:0.50),0.95,1249,0
250,2,0x1796dc61e715f15a2d27dfa32bd34780f12a8c24,21.734251,1772387390,da8c41d1a278b074ac5ee6d65b723f1ddc538a08e14cc07e644c610c671a269a,233,116.50,3.95,1,6,4,0.020251,0.531556,Minotaur,minotaur(pow_w:0.50),1.33,1250,0
250,3,0x8c11ec9090dd820c076e57e899d9c604c79d6b32,23.581209,1772387393,2015475d58405dc9ab3d8a004a5170c229483b9e6eb433d6b892c2b9060449b2,250,83.33,3.38,1,5,3,0.020246,0.531591,Minotaur,minotaur(pow_w:0.50),2.04,1251,0
250,4,0x4a217e35f6402e7f62a49f6d62e27c6585c2f3fd,28.517037,1772387394,6d42b787db1aa21b14c4458727406eb947a6db664cf104475cf81d1a95987437,126,63.00,4.18,1,6,4,0.020244,0.531683,Minotaur,minotaur(pow_w:0.50),1.54,1252,0
251,0,0x6d6b2734a20229ddd7fd4a1470ba3e3bad4e4a85,7.630484,1772387396,041f55bdbdfa3d0153638f0e3fe4d730b12dc5b1beba5cfd1b4628c6ac6a8a09,96,96.00,3.74,2,5,4,0.020248,0.531836,Minotaur,minotaur(pow_w:0.50),1.06,1253,0
251,1,0x8c11ec9090dd820c076e57e899d9c604c79d6b32,24.582429,1772387398,637625946915790058d0af2295a80f2a21e9231c16110c3c3b0f0971468d0b8a,202,101.00,3.58,1,5,4,0.020226,0.531440,Minotaur,minotaur(pow_w:0.50),1.49,1254,0
251,2,0x0d91704595bff3aec25d40822498a51c62b05e3a,11.564126,1772387400,17092bc69cf877cf3636118f7803c2dcaf757210c1c06aa2d683bf0b72940dec,250,83.33,4.00,1,6,4,0.020226,0.531534,Minotaur,minotaur(pow_w:0.50),2.32,1255,0
251,3,0xa068e3c9a21c8d8be636cd2d285895979ec3262e,11.964441,1772387403,d8333efb9479c4dcff75ab89a19e441c2c73b76a063ccbfb8594e40043ecc233,176,88.00,3.27,1,5,3,0.020226,0.531534,Minotaur,minotaur(pow_w:0.50),1.89,1256,0
251,4,0x28672c71695142588ed26ada6f4b18b8b6c12308,9.682968,1772387404,e22688bc7673bc5fcc97b24b7ab1e77297f29852a53b9a4c5c329821deafbe5c,219,109.50,4.38,1,6,4,0.020209,0.531341,Minotaur,minotaur(pow_w:0.50),1.53,1257,0
252,0,0xa068e3c9a21c8d8be636cd2d285895979ec3262e,12.966621,1772387406,0edd05a5ac8ae5ee488a6d0b10fcdbb911931923457033cecd150142f1b91d81,89,89.00,3.63,2,5,4,0.020190,0.531044,Minotaur,minotaur(pow_w:0.50),0.96,1258,0
252,1,0xac768e60b9269babb15cb1e36ee843243d7c7543,40.763778,1772387408,60e48a2b4f40a3ca9beac829f592e35a3689a559efcfdcad4a6109c3b8663bbf,202,67.33,4.24,1,6,4,0.020175,0.530872,Minotaur,minotaur(pow_w:0.50),2.33,1259,0
252,2,0x28672c71695142588ed26ada6f4b18b8b6c12308,10.683828,1772387411,4f44907fa936927aff1a5c39c946268bb5721c2b276b5d7a6ac2cf87feae18a0,250,125.00,3.84,1,6,4,0.020194,0.531146,Minotaur,minotaur(pow_w:0.50),2.03,1260,0
252,3,0xac768e60b9269babb15cb1e36ee843243d7c7543,41.766248,1772387412,77ce987f313844603f70333a694ec822745ce58d27b142249784b54945992bdb,115,57.50,3.71,1,5,4,0.020176,0.530853,Minotaur,minotaur(pow_w:0.50),1.52,1261,0
252,4,0x1796dc61e715f15a2d27dfa32bd34780f12a8c24,22.736491,1772387414,ec7ffd4609b45d686764a092d0c9e02b23cc58aad5c701462b90e2342161e972,107,107.00,4.04,1,5,4,0.020196,0.531174,Minotaur,minotaur(pow_w:0.50),0.97,1262,0
253,0,0x89100a8056319ba37491b32ba255004180607bc2,28.807867,1772387416,679180cc5d8f0e50d6c7969b808175d744cb40691fcceef865239ebaf7c7807a,210,105.00,3.20,1,5,3,0.020193,0.531238,Minotaur,minotaur(pow_w:0.50),1.36,1263,0
253,1,0xbc3f8508d26048f2064aa8c068f4c94d08d77d18,41.108939,1772387419,4a98d1cee27b76cb7e19355d825f1a2dc72632a0d5a1dc3c389e562de3fac69a,250,83.33,3.89,1,6,4,0.020197,0.531383,Minotaur,minotaur(pow_w:0.50),2.02,1264,0
253,2,0xdcf2130496e27a8094ab996aea4aa77788d65869,41.549397,1772387420,49bd2f039efa33e36be32fe649c6bb74e33993ace2ffbf995a14337dac3b23d9,144,72.00,4.25,1,6,4,0.020197,0.531384,Minotaur,minotaur(pow_w:0.50),1.58,1265,0
253,3,0x719361397abe003a91af76243e5f9c7a0cd4279f,34.574416,1772387422,609fa1f6f2bed3e989dc7458bfbb75ca24e298d3a68736f790a0fe014d313e22,109,109.00,3.99,2,6,4,0.020236,0.531949,Minotaur,minotaur(pow_w:0.50),1.07,1266,0
253,4,0x0d91704595bff3aec25d40822498a51c62b05e3a,11.563926,1772387424,9f6b2ab843a90bb765ce240cdd96a8ca69eb8d05f70566f7b9fdac2c250026a9,229,114.50,3.80,1,5,4,0.020247,0.532167,Minotaur,minotaur(pow_w:0.50),1.47,1267,0
254,0,0x3d92e045fb1847aae132b40ebfcc471a32f687de,5.113575,1772387427,1c63a2ee9c1ae7d6075a0bac1ceede31f751e25e69594da675c83bb9ae40cb0e,250,83.33,3.23,1,5,3,0.020230,0.531930,Minotaur,minotaur(pow_w:0.50),2.09,1268,0
254,1,0xea287b266dbe2c2d402fd91814bcfc4c95d6b0fd,1.140814,1772387428,b6bc8b7cb9ff74abe34844d7a615c04cf09c4ff0185e9ffb663da00cd20add62,160,80.00,3.86,1,5,4,0.020230,0.531931,Minotaur,minotaur(pow_w:0.50),1.57,1269,0
254,2,0x7e40df5d801345015e84c843908efc6683665fa4,22.677989,1772387430,4f007b3b494f24b808b1c1a5d98ffdb583375771ce510406b4a0fd72ffd66f3e,111,111.00,4.07,1,6,4,0.020176,0.530418,Minotaur,minotaur(pow_w:0.50),0.99,1270,0
254,3,0x606627477c3734932f47972f83c27cf4e3b35b4f,37.418987,1772387432,142ca2d9c0cb52c30c98e09ffbf36f6d7a7174f7f4917f732cf76be025d32550,231,115.50,3.48,1,5,3,0.020172,0.530465,Minotaur,minotaur(pow_w:0.50),1.36,1271,0
254,4,0xa447d277b02012c2afd9ddcbbe123f27cc971963,14.804325,1772387434,18def844997bdb3c40c652057b5f87d6ceb80dabd9bbfa04eb041232981d86d6,227,75.67,3.62,1,5,4,0.020187,0.530698,Minotaur,minotaur(pow_w:0.50),2.12,1272,0
255,0,0xd39dbd3662315e3935ec08e6b6028e73b3c09de2,13.920580,1772387437,c34c66442953d44815b70aa7bb5b59c05c002763da453dfc0c1234b4b4bc49ff,141,70.50,3.64,1,5,4,0.020174,0.530584,Minotaur,minotaur(pow_w:0.50),1.67,1273,0
255,1,0x30509a8084fdfe6fe24d9c9a817c209ad194f8e3,50.720609,1772387439,62e0898518fefea019319db1ebf8e7a1b8ba764461ed6b74b94d8dd3075e010c,190,95.00,4.64,1,6,5,0.020160,0.530436,Minotaur,minotaur(pow_w:0.50),1.49,1274,0
255,2,0xbc3f8508d26048f2064aa8c068f4c94d08d77d18,42.110259,1772387441,4d3fb5c6c3e522785c6d169b1697c6426f56f6017d82226fc209321709fdb6e6,217,108.50,3.32,1,5,3,0.020190,0.530792,Minotaur,minotaur(pow_w:0.50),1.35,1275,0
255,3,0x687bf2437a044a3e42ff2f8a79a8e54ba9601f70,9.055529,1772387443,5d9ff7abe27be35e6cf4b8b00f698e04a5b653065396c9238a17432ef138eea7,224,74.67,4.27,1,6,4,0.020210,0.531098,Minotaur,minotaur(pow_w:0.50),2.38,1276,0
255,4,0xeb82a21cb3d0dd781eb22ad74bb7cd9b4d2a06ec,26.943735,1772387446,5893927b7942b8db31fa60c8ed71330ffd4fc798661857478417e5dad98c9c8f,192,96.00,3.78,2,5,4,0.020210,0.531099,Minotaur,minotaur(pow_w:0.50),1.78,1277,0
256,0,0x4414c05be2cf328f38d2e3ef4b705d6b894f044a,19.097219,1772387447,fbc468c9eb1460cb8c7b9e4c9f65eed3ba4ab0bc02d443d1a6197527435f20eb,201,100.50,4.10,1,6,4,0.020191,0.530895,Minotaur,minotaur(pow_w:0.50),1.57,1278,0
256,1,0xb2a7fe70a6f3137d38f6cb4c3ec6dd1e24f2d5f4,12.417858,1772387449,8ae3a066d7408cf77187d846bbc071f4dcd284371addc23ed889e56642f10799,91,91.00,4.03,1,5,4,0.020184,0.530881,Minotaur,minotaur(pow_w:0.50),0.97,1279,0
256,2,0xe6ebb0cdfd04183d498964e5efc4096ba77b17d6,34.324223,1772387451,adec856b5aacee5cfec92c00743c8b983df5afb272b18502175ce7e0dee809fb,204,102.00,4.22,1,6,4,0.020168,0.530693,Minotaur,minotaur(pow_w:0.50),1.40,1280,0
256,3,0x4a217e35f6402e7f62a49f6d62e27c6585c2f3fd,29.517427,1772387454,9cad2c203501c6c23dde56183474e060c70e342c1cfb7baa1deff6d23920aa89,250,83.33,3.98,1,6,4,0.020178,0.530893,Minotaur,minotaur(pow_w:0.50),2.08,1281,0
256,4,0xa068e3c9a21c8d8be636cd2d285895979ec3262e,13.968181,1772387455,2a29b8419c05c01749c01d055d9ab0146ef6c4a89d45fd68646fc51d10cd245f,109,54.50,3.71,1,5,4,0.020178,0.530894,Minotaur,minotaur(pow_w:0.50),1.42,1282,0
257,0,0xeb82a21cb3d0dd781eb22ad74bb7cd9b4d2a06ec,27.945585,1772387457,0a0c39bd5e1c113782605b1e19194e45bcf47588dca8fe5e48380d2c4300f6a1,101,101.00,4.36,1,6,5,0.020164,0.530732,Minotaur,minotaur(pow_w:0.50),1.00,1283,0
257,1,0xa447d277b02012c2afd9ddcbbe123f27cc971963,15.805455,1772387459,e3849c200988ae5b1bb24a5cade2ab2256568fb4a11fa4ecf122fe9747f01a02,219,109.50,3.83,1,6,4,0.020167,0.530856,Minotaur,minotaur(pow_w:0.50),1.38,1284,0
257,2,0x4ba33404d90c4ae989714d9d174cd882cffb7994,12.113182,1772387462,14a278a06fe54c1230f58e23b94c5426522b755fe5e0bd6f372f8bebad9e3bb3,250,83.33,3.51,1,5,4,0.020167,0.530857,Minotaur,minotaur(pow_w:0.50),2.02,1285,0
257,3,0x95ab54d268473cce82094026afefdbd5cadf418b,22.611538,1772387463,dc0c11e64680777beebcf693031f1e2bafc2bfe657fa30d7d7cfc17d9b882737,117,58.50,4.38,1,6,4,0.020155,0.530756,Minotaur,minotaur(pow_w:0.50),1.48,1286,0
257,4,0x89100a8056319ba37491b32ba255004180607bc2,29.809827,1772387465,a26cc13793f842b49461f49e33264e046a8ab29d6d04a5109efd3fb583a75baf,98,98.00,4.51,1,6,5,0.020151,0.530787,Minotaur,minotaur(pow_w:0.50),1.01,1287,0
258,0,0x52e05d9fa4faa167f30baba23c710e4f49115288,2.127149,1772387467,cf094526781d3411c52c8f89a45cb4822747b20db8e6362f695e6ad88eb20bbe,212,106.00,3.89,1,6,4,0.020156,0.530956,Minotaur,minotaur(pow_w:0.50),1.43,1288,0
258,1,0x81d019380961f92c2031b0a7fba69f7675145088,9.485683,1772387469,6ff175f54b672dda2805cd8b349e2bf6d8b04a04b1d007bdde605ad0dcf5c0dc,248,82.67,3.89,1,6,4,0.020128,0.530096,Minotaur,minotaur(pow_w:0.50),2.12,1289,0
258,2,0xb2a7fe70a6f3137d38f6cb4c3ec6dd1e24f2d5f4,13.419638,1772387472,df6d7b1e2fa264ed6a603a0c853e3ab897c5f1c9c370291f3f0698b6df2dba77,154,77.00,3.84,2,5,4,0.020128,0.530096,Minotaur,minotaur(pow_w:0.50),1.58,1290,0
258,3,0x95ab54d268473cce82094026afefdbd5cadf418b,23.612428,1772387473,92dac45dc1afaa72028bf96d090d102af5d2395a730597cb234edf968988d8e9,227,113.50,4.32,1,6,4,0.020114,0.529912,Minotaur,minotaur(pow_w:0.50),1.56,1291,0
258,4,0x30509a8084fdfe6fe24d9c9a817c209ad194f8e3,51.722349,1772387475,a98571d151f0d2c6cccb31dae3b3918a12010c3d73b525bf154d6710ad748987,105,105.00,4.38,1,6,5,0.020111,0.529987,Minotaur,minotaur(pow_w:0.50),1.00,1292,0
259,0,0x81d019380961f92c2031b0a7fba69f7675145088,9.485593,1772387477,04523fc786a7122a96c6cb9518fa3c1257705e0f6e826e84632360e8375dfad8,250,125.00,3.26,1,6,3,0.020142,0.530340,Minotaur,minotaur(pow_w:0.50),1.26,1293,0
259,1,0xc774b0fee7cabbef3b1ae14bf36db3df0d32c1df,15.171667,1772387480,e501ba1a9ccf9d8699ee3e47ca0ec728ca2452d190beb1c9ad89d5397f431deb,231,77.00,3.77,1,5,4,0.020122,0.530025,Minotaur,minotaur(pow_w:0.50),1.84,1294,0
259,2,0xeb82a21cb3d0dd781eb22ad74bb7cd9b4d2a06ec,28.947445,1772387481,c73f86510bd027f6900debd6ed50bc55993a5baa346fe8120f8656dcf810725f,193,96.50,3.92,1,5,4,0.020123,0.530026,Minotaur,minotaur(pow_w:0.50),1.54,1295,0
259,3,0xd39dbd3662315e3935ec08e6b6028e73b3c09de2,14.921900,1772387483,9428b95e7cf5e864fc13928ee23b64d436c5c69d8b24ce58ba88289ca66efc74,111,111.00,3.94,1,6,4,0.020126,0.530158,Minotaur,minotaur(pow_w:0.50),0.96,1296,0
259,4,0xbc3f8508d26048f2064aa8c068f4c94d08d77d18,43.112069,1772387485,b8664e5230c97510575b3fa0a4afe6066d08a707471baa134488b1d9aa4956fa,169,84.50,4.56,1,6,5,0.020113,0.530032,Minotaur,minotaur(pow_w:0.50),1.50,1297,0
260,0,0x1cb1274c711a6c2e4e1596846e6ac604eeefb358,9.399061,1772387488,56c8e64b6839136bce3912b2ecda167ea0dbd69dec988c475d5b5da38cbe3e6e,224,74.67,4.18,1,6,4,0.020133,0.530353,Minotaur,minotaur(pow_w:0.50),2.14,1298,0
260,1,0x58a21eeb7ab18ba8adf1296e66a4487076e95dac,41.139514,1772387489,88971eeb9ccee261aba8b4786b2f891b25a0ad1e308ac53e14e48d65745b1739,135,67.50,3.49,1,5,4,0.020133,0.530354,Minotaur,minotaur(pow_w:0.50),1.50,1299,0
260,2,0xe478b1e4d1538274c0c70cbd7df877f9abab2f62,34.331266,1772387491,75dc161e8b97433baaa3e9cccada63de8905c4f83dd2416a1273839cf8310b3d,90,90.00,3.87,1,5,4,0.020151,0.530604,Minotaur,minotaur(pow_w:0.50),0.99,1300,0
260,3,0x26d553a2f4343b3a7dc88bbd87b3d0a25d3838d9,42.274870,1772387493,330b798a6000e537db07107fe20145ffd49d08cc1302de7b18db455a9602a6e3,208,104.00,4.04,1,6,4,0.020161,0.530787,Minotaur,minotaur(pow_w:0.50),1.43,1301,0
260,4,0x408bb0bf84df50b21c53c74420987f172d4036a1,7.787784,1772387495,108e8a8063766c15eab1c9086b9fc829d16ebb1ee3bde7c4a5a343ad92a58a4d,250,83.33,3.74,1,6,4,0.020180,0.531080,Minotaur,minotaur(pow_w:0.50),2.16,1302,0
261,0,0x311eb133eb413ac3f21249889bb101e5d40820ce,3.115589,1772387498,d199805276e5b5dafb9f19312c451a5168c79c34b0199b82160f7f7855995636,194,97.00,3.56,1,5,4,0.020158,0.530687,Minotaur,minotaur(pow_w:0.50),1.66,1303,0
261,1,0xf13caa2c5f6f6cf61e51290bfa7826a9140b4faf,2.023764,1772387500,499eba98069890492aa5b0013a8a3ecc42f6583eba94776c72fb8a0f80ddad70,215,107.50,3.62,1,5,4,0.020132,0.529975,Minotaur,minotaur(pow_w:0.50),1.50,1304,0
261,2,0x4a217e35f6402e7f62a49f6d62e27c6585c2f3fd,29.517027,1772387502,0892cfc31e5fc4b92bb216eca7a45d712225bf03709b068812a15a81d402c408,203,101.50,4.12,1,6,4,0.020104,0.529102,Minotaur,minotaur(pow_w:0.50),1.50,1305,0
261,3,0x8d9e46becf415ca26aa698c9657087e6554aabda,6.374476,1772387504,6bbe084993c7426759d717d776c100c4f2a6a126ef8a3e84c90d5779bcd7188a,250,83.33,3.56,1,5,4,0.020108,0.529245,Minotaur,minotaur(pow_w:0.50),2.23,1306,0
261,4,0xdcf2130496e27a8094ab996aea4aa77788d65869,42.549617,1772387507,bb3b084c406befc3296c33a15985a42c617049214f47de314b9320096fdff2a9,250,125.00,3.73,1,5,4,0.020086,0.528812,Minotaur,minotaur(pow_w:0.50),1.92,1307,0
262,0,0x2abf89d7c96c80fcff9dec1fe92803573094ee35,5.212455,1772387508,e88a2581892831781f26f908629120dba749cf78865e5149c319577a87ef6761,152,76.00,4.00,1,6,4,0.020105,0.529103,Minotaur,minotaur(pow_w:0.50),1.46,1308,0
262,1,0x26d553a2f4343b3a7dc88bbd87b3d0a25d3838d9,43.277210,1772387510,c4c58846eb0e55a1df482822261b4f0c01791fec8d3d3624f64a71c392e8854a,94,94.00,3.73,1,5,4,0.020081,0.528584,Minotaur,minotaur(pow_w:0.50),0.96,1309,0
262,2,0x3513d672439a59c26cc5711f2b715ccb4810a774,17.295415,1772387512,4be6d42b6eda791986244972992b325ea3da430b3dc0d52ea93670f68d54082c,202,101.00,3.57,1,5,4,0.020101,0.528887,Minotaur,minotaur(pow_w:0.50),1.18,1310,0
262,3,0xd46407aa7b668c72de3cf1c1a12b7fa2e308a1b2,20.996489,1772387515,533c00b6bd0424cf011a57da852b9de6bd9eb44190b4774bd5282271c57532cb,250,83.33,3.92,1,5,4,0.020091,0.528847,Minotaur,minotaur(pow_w:0.50),2.02,1311,0
262,4,0x63f4973c0df8a5358405f396dc0673a463c48de9,46.957027,1772387516,b19c116d6b5acf6036a92d6247e1732fd87236a2c7289d6fb248127d1788ce2e,96,48.00,3.98,2,6,4,0.020091,0.528848,Minotaur,minotaur(pow_w:0.50),1.27,1312,0
263,0,0xa3786e459f289a76c0e8af8ad834e3d0c6d47199,41.760833,1772387518,0b62e071c0f586f321def316200c3c87dc96a2d238fa30f962abe3f24ba29336,91,91.00,3.58,1,5,4,0.020108,0.529194,Minotaur,minotaur(pow_w:0.50),0.97,1313,0
263,1,0x63f4973c0df8a5358405f396dc0673a463c48de9,47.957867,1772387520,c2b91dbb8d52de7b8b30f18e2ca89fa8d8db13be3af95797ef5ca840b64c0419,220,73.33,4.17,1,6,4,0.020126,0.529446,Minotaur,minotaur(pow_w:0.50),2.41,1314,0
263,2,0xe478b1e4d1538274c0c70cbd7df877f9abab2f62,35.333066,1772387523,784490bbdae68cfe10415d4c1f3f17c3e436f45c1f897007ce5b2785c40faacc,250,125.00,3.62,1,5,4,0.020126,0.529447,Minotaur,minotaur(pow_w:0.50),1.99,1315,0
263,3,0x81d019380961f92c2031b0a7fba69f7675145088,10.487473,1772387524,8ed29adf805e8aaedbbda355159f6e27b2cebfb228015892d3df6824e6db64e6,105,52.50,4.14,2,5,4,0.020136,0.529655,Minotaur,minotaur(pow_w:0.50),1.18,1316,0
263,4,0x8c11ec9090dd820c076e57e899d9c604c79d6b32,25.583629,1772387526,7f86ba677caa045b40ac88459e237f0c4ef991e9fdf5078aab29841236ba0573,120,120.00,3.67,1,5,4,0.020119,0.529355,Minotaur,minotaur(pow_w:0.50),0.97,1317,0
264,0,0x26d553a2f4343b3a7dc88bbd87b3d0a25d3838d9,44.279060,1772387528,c6ced73ba4ba1385ca10c009a5b67fe1b90f92120a13efd421941fee52fbf862,226,113.00,3.99,1,6,4,0.020118,0.529447,Minotaur,minotaur(pow_w:0.50),1.31,1318,0
264,1,0xf6e059718dbd0a0956726ab97d06bad5efc6cd18,3.997867,1772387531,c23300939120b79d14d7adec5a956b7bf67eb7dc0d2b663313f90bc9dc49558a,250,83.33,3.67,1,5,4,0.020138,0.529764,Minotaur,minotaur(pow_w:0.50),2.08,1319,0
264,2,0x606627477c3734932f47972f83c27cf4e3b35b4f,38.420097,1772387532,ea5f84b47cbbb0be032c37896fc96057dc1f3e1856fb0e106e22c0327156695d,119,59.50,3.80,2,5,4,0.020113,0.529151,Minotaur,minotaur(pow_w:0.50),1.42,1320,0
264,3,0xe478b1e4d1538274c0c70cbd7df877f9abab2f62,36.334016,1772387534,eb0877d7b7c3fbd00fe36d190f76bacabc9c6a20d65fa1bb2d7b801feeef66a1,107,107.00,3.72,1,5,4,0.020127,0.529378,Minotaur,minotaur(pow_w:0.50),1.00,1321,0
264,4,0x8719ca31b72ae8a5404006763c53d5ad503dbcb0,3.097825,1772387536,54880a518c5825f2b54465beca15bb0e712efd949f4ffcd778e2d240f4e27396,194,97.00,3.97,1,6,4,0.020138,0.529589,Minotaur,minotaur(pow_w:0.50),1.43,1322,0
265,0,0x81193196c1dbdbf80709d43a5af5ce21c201fbd7,8.830739,1772387539,3ebee7d238ff77a154e2ac8e09d89a0437cd7403317a66ff2c92ccb5e6040125,250,83.33,4.12,1,6,4,0.020112,0.528868,Minotaur,minotaur(pow_w:0.50),2.09,1323,0
265,1,0xeb82a21cb3d0dd781eb22ad74bb7cd9b4d2a06ec,29.947955,1772387540,a94b7e924b16b5eaa88db2ffdd837581862ba63d72280851caa216773314da4b,127,63.50,4.14,2,6,4,0.020092,0.528523,Minotaur,minotaur(pow_w:0.50),1.54,1324,0
265,2,0xac768e60b9269babb15cb1e36ee843243d7c7543,42.765968,1772387542,755a4d14ec7739d8a65a05f53b1a4a463b3811f1b3a165a2d275e92607a77335,109,109.00,4.02,1,6,4,0.020096,0.528669,Minotaur,minotaur(pow_w:0.50),0.98,1325,0
265,3,0x81193196c1dbdbf80709d43a5af5ce21c201fbd7,9.831969,1772387544,d33131856253924970f508e9d00cd340da8807f1ad3b3077ea09eda7bfb5688a,189,94.50,3.90,1,5,4,0.020114,0.528943,Minotaur,minotaur(pow_w:0.50),1.49,1326,0
265,4,0xac768e60b9269babb15cb1e36ee843243d7c7543,43.767848,1772387546,298a32bfaeffa41e459b747dcc798f1a4335c261f4ce7d90cea267ae38136c62,250,83.33,3.90,1,6,4,0.020096,0.528627,Minotaur,minotaur(pow_w:0.50),2.17,1327,0
266,0,0xd39dbd3662315e3935ec08e6b6028e73b3c09de2,15.923020,1772387549,90a429dde8082afa43c77115a73897d23d582a17f0b1e78e47b41bd935370ae0,147,73.50,3.94,1,6,4,0.020096,0.528628,Minotaur,minotaur(pow_w:0.50),1.53,1328,0
266,1,0xe6ebb0cdfd04183d498964e5efc4096ba77b17d6,35.325753,1772387551,32894a298bc83fdf5d8b29c536d8424a49db4509fc32524d19c94cdfb9c4872b,208,104.00,4.55,1,6,5,0.020084,0.528521,Minotaur,minotaur(pow_w:0.50),1.50,1329,0
266,2,0xc24b36dee27726233c3bbd9e1f028f98b6b2a424,17.413399,1772387553,c438f2801ea7e32ed0cefcb880eab6153e6b12d6bc9483bb82b3e94badd291ab,181,90.50,3.99,1,6,4,0.020094,0.528713,Minotaur,minotaur(pow_w:0.50),1.49,1330,0
266,3,0x58a21eeb7ab18ba8adf1296e66a4487076e95dac,42.139694,1772387555,4c79d9b21a22170652055b82d381d1eecc07e304462abe90a5c5a94b27120b13,228,76.00,3.89,1,6,4,0.020084,0.528664,Minotaur,minotaur(pow_w:0.50),2.19,1331,0
266,4,0x4a217e35f6402e7f62a49f6d62e27c6585c2f3fd,30.518947,1772387558,147c3d35855e1fa60840aa97cbe4cb9b07c09d25bf15467a26c01a08f685fb71,239,119.50,3.84,1,5,4,0.020101,0.528910,Minotaur,minotaur(pow_w:0.50),1.82,1332,0
267,0,0xdcf2130496e27a8094ab996aea4aa77788d65869,43.550637,1772387559,31b73c56c6a5550a5c70655371dc50a7844e8513a50cc201dc00ec19c7645b81,121,60.50,3.69,2,5,4,0.020106,0.529065,Minotaur,minotaur(pow_w:0.50),1.22,1333,0
267,1,0xdcf2130496e27a8094ab996aea4aa77788d65869,44.551637,1772387561,b8f39074e0f59809507f06b5e281daa3a4c3385d1c9dc5779d037327ae1352d0,101,101.00,3.97,2,5,4,0.020125,0.529352,Minotaur,minotaur(pow_w:0.50),1.00,1334,0
267,2,0xdcf2130496e27a8094ab996aea4aa77788d65869,45.553897,1772387563,79be25a8b6c60f3503b22f191f4d2c6994a724cfc88fc6b005b3aecd80287d7b,230,76.67,3.87,1,6,4,0.020144,0.529655,Minotaur,minotaur(pow_w:0.50),2.38,1335,0
267,3,0x6064b9f5883bf9737dfe314ff68c56e09e68ac89,17.192269,1772387566,8f5dec469854fb1fb584ce3097cd946ef9ff873c801fefe6bbac64aee900c0c6,240,120.00,3.91,1,5,4,0.020165,0.529968,Minotaur,minotaur(pow_w:0.50),1.88,1336,0
267,4,0x719361397abe003a91af76243e5f9c7a0cd4279f,35.575266,1772387567,82a2af09c9d1c643a89dfdf22224ac7457c1f718569e1e26f2c5764b1af5abb2,127,63.50,3.82,1,6,4,0.020155,0.529899,Minotaur,minotaur(pow_w:0.50),1.29,1337,0
268,0,0x81d019380961f92c2031b0a7fba69f7675145088,11.488263,1772387569,7fdefa3f4f3752f6a4e940c06aceb2b24cc07494d8b08fac66046bc9cec056db,104,104.00,3.68,1,5,4,0.020165,0.530082,Minotaur,minotaur(pow_w:0.50),0.98,1338,0
268,1,0xac768e60b9269babb15cb1e36ee843243d7c7543,43.767658,1772387571,c998debc80d6bcff7a5773700f4440981792d534984dfe551878f948b64ab0b0,250,83.33,3.66,1,5,4,0.020148,0.529835,Minotaur,minotaur(pow_w:0.50),2.32,1339,0
268,2,0xc339f8bf978200eb65afce6c7121402eda949097,0.053504,1772387574,4dbc594408de4f36b2a7c02b797222b3dd903caa9b5a6afb34bc5a7fea7c03f3,236,118.00,3.83,1,6,4,0.020167,0.530112,Minotaur,minotaur(pow_w:0.50),1.92,1340,0
268,3,0x6414c6a8400ff3419cd81855d09de2848d770e0e,12.152726,1772387575,7bc092d52612ff2569aeaaefa206785224a4818b68673a438fb1eb45cb46d3cf,131,65.50,4.36,1,6,4,0.020167,0.530112,Minotaur,minotaur(pow_w:0.50),1.52,1341,0
268,4,0x07902d0371763a00d97ed9ba16ff0a206cb0fd19,26.558119,1772387577,06745b65f248608ab5aa18d0f32d712f10ae7f609e0dad8009a1a526018ec2b1,95,95.00,4.03,1,6,4,0.020151,0.529906,Minotaur,minotaur(pow_w:0.50),1.00,1342,0
269,0,0xa3786e459f289a76c0e8af8ad834e3d0c6d47199,42.762403,1772387579,f85d6e183ee63bab63a6a9608d239ba290c596d6d23180562a6e0ce492248e00,230,115.00,2.70,1,4,3,0.020151,0.530010,Minotaur,minotaur(pow_w:0.50),1.29,1343,0
269,1,0x63f4973c0df8a5358405f396dc0673a463c48de9,47.957247,1772387582,df8c2c39f37961119bc2c8d11c26118f42660651d8353e405690325e6e75375d,213,71.00,4.24,1,7,4,0.020168,0.530256,Minotaur,minotaur(pow_w:0.50),2.14,1344,0
269,2,0x719361397abe003a91af76243e5f9c7a0cd4279f,36.576076,1772387583,1481526b011d0f62bd858ec05edbbe396fa1f3253877e99322a35d2095d4a112,157,78.50,3.73,1,5,4,0.020168,0.530257,Minotaur,minotaur(pow_w:0.50),1.71,1345,0
269,3,0x687bf2437a044a3e42ff2f8a79a8e54ba9601f70,10.056149,1772387585,76764a597e3b13eb2d5aeac2e89f56f6e9cd752d69d6dc4dbb916b4df1b9133c,106,106.00,3.95,2,5,4,0.020179,0.530453,Minotaur,minotaur(pow_w:0.50),1.03,1346,0
269,4,0xe6ebb0cdfd04183d498964e5efc4096ba77b17d6,36.327193,1772387587,d934645244fd33c90ba8458f64b67ccedbacd23cbc4f3cb7f4ab94944bfcbd7d,196,98.00,3.77,1,5,4,0.020160,0.530132,Minotaur,minotaur(pow_w:0.50),1.49,1347,0
270,0,0x1796dc61e715f15a2d27dfa32bd34780f12a8c24,23.736741,1772387590,867c291c5bdf33926025c1ac15a4f5b526f73838c23cb13b509043c41c994946,246,82.00,4.12,1,6,4,0.020171,0.530310,Minotaur,minotaur(pow_w:0.50),2.14,1348,0
270,1,0xe6ebb0cdfd04183d498964e5efc4096ba77b17d6,37.329653,1772387591,90acafa1bcde17d65142b5399fac1fa66c6f1475594485400f316ed86c8fb74b,147,73.50,3.35,2,5,3,0.020171,0.530310,Minotaur,minotaur(pow_w:0.50),1.69,1349,0
270,2,0x8c11ec9090dd820c076e57e899d9c604c79d6b32,26.585229,1772387593,cdfeb8cf529c285f6d6fe0ad387901130c76057f04b082b39ae90ed17824f287,104,104.00,4.07,2,6,4,0.020182,0.530513,Minotaur,minotaur(pow_w:0.50),1.00,1350,0
270,3,0xdcf2130496e27a8094ab996aea4aa77788d65869,46.555947,1772387595,0cfb1b884357e0b33189373c79367fab56b71f212bc601e9f02d42214ab16722,199,99.50,4.20,1,6,4,0.020182,0.530602,Minotaur,minotaur(pow_w:0.50),1.45,1351,0
270,4,0xa3786e459f289a76c0e8af8ad834e3d0c6d47199,43.764373,1772387597,b3635353712d5cfcba034eb41797d489a7886d74f8b0e93754ac86e22fc240cc,240,80.00,3.87,1,5,4,0.020182,0.530603,Minotaur,minotaur(pow_w:0.50),2.14,1352,0
271,0,0x4ba33404d90c4ae989714d9d174cd882cffb7994,12.111982,1772387600,19b89f158b7250da22c8dbb6dccd3c9d9128b945530868f8998748c5a79aff9b,156,78.00,4.22,1,5,4,0.020200,0.530863,Minotaur,minotaur(pow_w:0.50),1.56,1353,0
271,1,0xac768e60b9269babb15cb1e36ee843243d7c7543,44.769848,1772387602,716cb50720b842f906c6301c7f99f006886ce1a353fd1c33ec51cccf9a85c493,171,85.50,4.36,1,6,4,0.020184,0.530641,Minotaur,minotaur(pow_w:0.50),1.56,1354,0
271,2,0xd46407aa7b668c72de3cf1c1a12b7fa2e308a1b2,21.996459,1772387604,4999e9f943ff4f8f92709a8380accbf81560041a255e1d7863b81124ad799766,228,114.00,3.94,1,6,4,0.020203,0.530928,Minotaur,minotaur(pow_w:0.50),1.46,1355,0
271,3,0xa9105f442328d397529b8e4e9e656fa89016ff45,5.452294,1772387606,e92cacbc18e7ed980d547f45cba0e22a5ccea9302cdb0ef3bff54e9a1a8d3409,250,83.33,3.78,1,5,4,0.020197,0.530942,Minotaur,minotaur(pow_w:0.50),2.24,1356,0
271,4,0xeaa5003682d7289190651081ae2bee847097afc5,29.789565,1772387608,490adf2a3234f300e9711efc39b0e1d1a85989fbdad188dcddc25f62a84de6a5,154,77.00,3.75,1,5,4,0.020198,0.530942,Minotaur,minotaur(pow_w:0.50),1.77,1357,0
272,0,0xa9105f442328d397529b8e4e9e656fa89016ff45,6.453764,1772387610,459639f1b6c92a6a61eb3f849f44f938fd9121ede402f63686895fdbeb82597a,97,97.00,4.15,2,6,4,0.020177,0.530563,Minotaur,minotaur(pow_w:0.50),1.00,1358,0
272,1,0xbc3f8508d26048f2064aa8c068f4c94d08d77d18,44.113039,1772387612,10750c91cef1dce40dcac48838e213395c613bf9c9600b2cf596db4fe202a5ed,205,102.50,3.60,1,5,4,0.020155,0.530133,Minotaur,minotaur(pow_w:0.50),1.44,1359,0
272,2,0xf6e059718dbd0a0956726ab97d06bad5efc6cd18,4.998177,1772387614,b656cfd5a938a04dadacbd27eac0363e767ba30fb50de3a5fe29fa837fb71c1a,212,70.67,4.26,1,6,4,0.020173,0.530388,Minotaur,minotaur(pow_w:0.50),2.40,1360,0
272,3,0x89100a8056319ba37491b32ba255004180607bc2,30.810657,1772387617,29dc51b6a6245c6cb2d1c91494f70f420faa6ff16ec30b59f21d5afa3a040a73,250,125.00,3.64,1,5,4,0.020173,0.530389,Minotaur,minotaur(pow_w:0.50),2.06,1361,0
272,4,0x9c39f7fffaa5c5cfab20dfdd05663497918580c1,2.404038,1772387618,4f8857e7ee792a76e0363ebc8dbf2c7923a823afed0bc32b82a76e90196343f6,158,79.00,3.92,2,6,4,0.020150,0.529848,Minotaur,minotaur(pow_w:0.50),1.53,1362,0
273,0,0x30509a8084fdfe6fe24d9c9a817c209ad194f8e3,52.723529,1772387620,c60a416afb5e7bf3d2a13179c58deb6128af25d190e5a707d5d796460be3bbba,94,94.00,4.05,1,6,4,0.020128,0.529186,Minotaur,minotaur(pow_w:0.50),1.00,1363,0
273,1,0xdcf2130496e27a8094ab996aea4aa77788d65869,46.555667,1772387622,78ec201b9c62b473587bb7ee4e9bc7cc104193a637db4a53d17e2a2edbabeaee,242,121.00,3.19,1,5,3,0.020155,0.529524,Minotaur,minotaur(pow_w:0.50),1.14,1364,0
273,2,0x719361397abe003a91af76243e5f9c7a0cd4279f,37.576876,1772387625,4bb27efad16838abcfdbffe5eb5d1e7e3c285b2ba2d8ec32c8d9d6ec9749287d,224,74.67,3.92,1,5,4,0.020175,0.529831,Minotaur,minotaur(pow_w:0.50),1.79,1365,0
273,3,0xbc3f8508d26048f2064aa8c068f4c94d08d77d18,45.114979,1772387626,af0c985bd3ec11a9d57677422b3b7f2a0f84c6f2b7169734f9163aa96cd49ea0,224,112.00,3.96,1,5,4,0.020186,0.530025,Minotaur,minotaur(pow_w:0.50),1.59,1366,0
273,4,0x4a217e35f6402e7f62a49f6d62e27c6585c2f3fd,31.519437,1772387628,37f82059fb47e59d56bb895457fdfa6a8d298ab55ebae86f53cf8d841b84731d,98,98.00,4.41,2,6,4,0.020205,0.530305,Minotaur,minotaur(pow_w:0.50),1.00,1367,0
274,0,0x8c11ec9090dd820c076e57e899d9c604c79d6b32,27.586829,1772387630,80cb608f6f9c715c230b0ec4a12e73e8bc6b9e099fc7e6992f1456561bfa26da,224,74.67,3.61,1,5,4,0.020210,0.530462,Minotaur,minotaur(pow_w:0.50),2.32,1368,0
274,1,0x1cb1274c711a6c2e4e1596846e6ac604eeefb358,9.397661,1772387633,a29c037b7df89b4ba23e614ab7a53365e01d93271cc5f0aec4095bca5ce8ad49,240,120.00,4.18,2,6,4,0.020210,0.530564,Minotaur,minotaur(pow_w:0.50),2.01,1369,0
274,2,0xb2a7fe70a6f3137d38f6cb4c3ec6dd1e24f2d5f4,14.420258,1772387634,0ead8e84e745c780d3457b110f6fe403bdeb97a5a6b2d6e1edd259b71c75d8e4,138,69.00,3.59,2,5,4,0.020210,0.530564,Minotaur,minotaur(pow_w:0.50),1.55,1370,0
274,3,0x07902d0371763a00d97ed9ba16ff0a206cb0fd19,27.559819,1772387636,44a025234cc11e63a83ed9ebdcf49409dfb130ae12fd3b7cfed57a0d0a28d9a4,92,92.00,4.43,2,6,4,0.020197,0.530414,Minotaur,minotaur(pow_w:0.50),1.00,1371,0
274,4,0xe6ebb0cdfd04183d498964e5efc4096ba77b17d6,38.330213,1772387638,c538ec41c9bfa1cccc44c5161ec12b0a7034ecbc3533e4697507d595b7921d4b,250,83.33,2.65,1,4,3,0.020197,0.530501,Minotaur,minotaur(pow_w:0.50),2.19,1372,0
275,0,0x07902d0371763a00d97ed9ba16ff0a206cb0fd19,28.562299,1772387641,7adb06c9a32dd9faa068ff0870c8a16674b41009f2ffdc6b7f1a792dbc21065f,198,99.00,4.02,1,7,4,0.020208,0.530701,Minotaur,minotaur(pow_w:0.50),2.06,1373,0
275,1,0xc4dc29db975b952e04358340e56b68fa4ba63fbc,14.544041,1772387642,6aff5085453d957daaa57bba08499f23075e289b60fd151349d33e3093a54d6b,250,125.00,2.85,2,4,3,0.020208,0.530702,Minotaur,minotaur(pow_w:0.50),1.76,1374,0
275,2,0xfdc414c57908f0e2a6a926079902d4688d553610,7.166232,1772387644,c59a808f07dcad56c5bba646a2b3f716d4fa1a5ad3303f3cc42dba2e70fbb2ff,13,13.00,3.54,2,5,4,0.020195,0.530544,Minotaur,minotaur(pow_w:0.50),1.92,1375,0
275,3,0x07902d0371763a00d97ed9ba16ff0a206cb0fd19,28.562259,1772387646,02ab939fb32559ce22dc78c7f9f584fcdeee3fe90e4bf2c4e5eb192cb895bccb,201,100.50,4.79,1,6,5,0.020174,0.530146,Minotaur,minotaur(pow_w:0.50),1.39,1376,0
275,4,0xa3786e459f289a76c0e8af8ad834e3d0c6d47199,44.765553,1772387649,85495d6c82f8754673a4ae4e33ea72fcf06f6ac447057526786cff8df77fcaf9,250,83.33,2.81,1,4,3,0.020175,0.530248,Minotaur,minotaur(pow_w:0.50),2.16,1377,0
276,0,0x52e05d9fa4faa167f30baba23c710e4f49115288,3.127979,1772387650,b8307067f6d3d21b45c0a72c7bf63597cd6ac6dba5ee7eb35e80cacc1df6a904,137,68.50,4.35,1,6,4,0.020193,0.530501,Minotaur,minotaur(pow_w:0.50),1.78,1378,0
276,1,0x7e40df5d801345015e84c843908efc6683665fa4,23.678139,1772387652,367a120b3baea1eeebfd318ce2b712ee7aac2ce3de7ab5c37b8718079c071b36,95,95.00,3.85,1,6,4,0.020168,0.529792,Minotaur,minotaur(pow_w:0.50),1.02,1379,0
276,2,0x30405867b72597aaeb27803bb2c7f3f5fc7d5384,11.511454,1772387654,d0fb92dd29d82bce82f6e6f05b8484494a311cc477a2f5f5e0a261dfd3bd6d16,232,116.00,3.32,1,5,3,0.020164,0.529851,Minotaur,minotaur(pow_w:0.50),1.35,1380,0
276,3,0xb2a7fe70a6f3137d38f6cb4c3ec6dd1e24f2d5f4,15.420938,1772387656,1bb5600a321bcc105f9913aebc76bfc0ff01e6b4644417a04e6779265347f771,250,83.33,3.46,1,5,4,0.020147,0.529587,Minotaur,minotaur(pow_w:0.50),2.08,1381,0
276,4,0x8c11ec9090dd820c076e57e899d9c604c79d6b32,28.588869,1772387658,6a06ca96e91d358f6fd3ebf4786759dbd4124068368169ace26a31eb30bf2a89,148,74.00,4.33,1,6,4,0.020135,0.529457,Minotaur,minotaur(pow_w:0.50),1.70,1382,0
277,0,0x6064b9f5883bf9737dfe314ff68c56e09e68ac89,18.192609,1772387660,b84d5112103aff5cff4182310b2132e9e8296b373cc7904698ae480372831c08,119,119.00,4.32,1,6,4,0.020136,0.529545,Minotaur,minotaur(pow_w:0.50),1.06,1383,0
277,1,0xa7e4d4d949807065ebf85adc1be8c382c7236c15,4.199306,1772387662,142aa3356fd7d9119e3ba677800b03a473a86c56f9928c5bb5f42ef3f6b9e73b,195,97.50,3.82,1,6,4,0.020126,0.529513,Minotaur,minotaur(pow_w:0.50),1.44,1384,0
277,2,0x1796dc61e715f15a2d27dfa32bd34780f12a8c24,23.736051,1772387664,3a21fa792bd655dd9b03e42dfb711a3ba9a53857ea47d6f512e036c740df9a99,225,75.00,3.84,1,6,4,0.020102,0.528924,Minotaur,minotaur(pow_w:0.50),2.23,1385,0
277,3,0x3513d672439a59c26cc5711f2b715ccb4810a774,18.296615,1772387667,43cb2ec1b1004d91ff71cbbb1e0272cfa11591fd07ef72fac197b05005fa9b4b,178,89.00,3.31,1,5,3,0.020098,0.528971,Minotaur,minotaur(pow_w:0.50),1.80,1386,0
277,4,0xeb82a21cb3d0dd781eb22ad74bb7cd9b4d2a06ec,30.947645,1772387668,d707a539a7f2aa7e2c7d85a92ae80156197b453db567e19a14f0029d115ef4a0,191,95.50,3.88,1,5,4,0.020089,0.528929,Minotaur,minotaur(pow_w:0.50),1.49,1387,0
278,0,0x0d91704595bff3aec25d40822498a51c62b05e3a,12.564116,1772387670,7f9cc5b72ab69e05ee9a38f4b02bcc4e513182384acb903b0a7bd284c28b3714,86,86.00,3.98,1,6,4,0.020093,0.529062,Minotaur,minotaur(pow_w:0.50),0.98,1388,0
278,1,0x4414c05be2cf328f38d2e3ef4b705d6b894f044a,20.095849,1772387672,3215cee3818a99b1c39ceba54e4aba1b59bd83bcdff3e78753d3921c0e673eec,227,75.67,3.15,1,5,3,0.020077,0.528860,Minotaur,minotaur(pow_w:0.50),2.05,1389,0
278,2,0x26d553a2f4343b3a7dc88bbd87b3d0a25d3838d9,45.280200,1772387675,f0ec0c1d49822c6448f840edefa369c6e12926739ddef0cc83d8acace5b367b0,205,102.50,3.93,1,6,4,0.020070,0.528847,Minotaur,minotaur(pow_w:0.50),1.83,1390,0
278,3,0x606627477c3734932f47972f83c27cf4e3b35b4f,39.419647,1772387676,56b05594891dc96532ca8599ccc29091db052b5b86a8f52b73f0bd044c0fa3ed,215,107.50,3.97,1,6,4,0.020088,0.529109,Minotaur,minotaur(pow_w:0.50),1.60,1391,0
278,4,0x81d019380961f92c2031b0a7fba69f7675145088,12.489583,1772387678,c9e75800b245385073715eda350d486b575fee24c9d7b406c3c4848990e7da02,94,94.00,3.63,1,5,4,0.020100,0.529326,Minotaur,minotaur(pow_w:0.50),0.96,1392,0
279,0,0x719361397abe003a91af76243e5f9c7a0cd4279f,38.578576,1772387680,224d235a1a7e3f1c22532ce1d6657ef31158b0cce8740a4098934ac3052442e2,217,108.50,3.59,1,5,4,0.020085,0.529108,Minotaur,minotaur(pow_w:0.50),1.39,1393,0
279,1,0x58a21eeb7ab18ba8adf1296e66a4487076e95dac,43.140784,1772387683,2dbebe296e4e94175e9d638e54d8d7c381fe6671dc4e1272382073c41f72887c,250,83.33,3.86,1,5,4,0.020096,0.529299,Minotaur,minotaur(pow_w:0.50),2.12,1394,0
279,2,0x786f26993bf015cd2da6fb5d3ccd1879e01246ab,6.274482,1772387684,cc9bc56f09d55b85c6fa5ff95dc3b5957e8d8ee9238cc3973bb3dd68cee76173,130,65.00,3.97,1,5,4,0.020096,0.529299,Minotaur,minotaur(pow_w:0.50),1.41,1395,0
279,3,0x58a21eeb7ab18ba8adf1296e66a4487076e95dac,44.142044,1772387686,6d67e0245684f2b4130c41985c0e3de37261f87a7e1e227f69d16fbd4c20cb03,119,119.00,4.27,1,6,4,0.020090,0.529088,Minotaur,minotaur(pow_w:0.50),1.06,1396,0
279,4,0xfdc414c57908f0e2a6a926079902d4688d553610,8.167732,1772387688,a57e7fe13c937a18cfd2a3c5c47ac64fe31fc58dccdd0e7392463efb2d5d7c51,213,106.50,3.96,1,6,4,0.020107,0.529318,Minotaur,minotaur(pow_w:0.50),1.52,1397,0
280,0,0xcb7977f4997b4252c0152e135dd79b3cfe35c1a5,23.640333,1772387691,62d852acf3cbc48c9fc56e7c1986360fd12d9ae4709d8faae77503a1a591ad02,207,69.00,4.71,1,6,5,0.020087,0.528947,Minotaur,minotaur(pow_w:0.50),2.34,1398,0
280,1,0x07902d0371763a00d97ed9ba16ff0a206cb0fd19,29.564399,1772387692,2a79f4bc9e9a7305b6e917362a6edb9d7d3fe7e6ccd63b383c299c17a2452def,217,108.50,4.15,1,6,4,0.020083,0.528977,Minotaur,minotaur(pow_w:0.50),2.00,1399,0
280,2,0xd1cd4b808ce6b2841ad42746b64c5a047e857ef0,6.224764,1772387694,670367569d26115e04c79e4a044e04f56606e799d3e7270509327e21232a8664,117,117.00,2.88,1,4,3,0.020084,0.529078,Minotaur,minotaur(pow_w:0.50),1.05,1400,0
280,3,0x4414c05be2cf328f38d2e3ef4b705d6b894f044a,21.097629,1772387696,c1fd4601627ed4e113162f5c8042dcaf4c3aaf9c8e7ecf7d89995b7e55dbae2d,172,86.00,3.85,1,6,4,0.020063,0.528623,Minotaur,minotaur(pow_w:0.50),1.45,1401,0
280,4,0xaadc5fea232580cb8fba739ac5d05a48559c7e52,16.352163,1772387698,d7b9c0d49991a790db8d0b5bb9aa23efb1abb934b14438c3420b3f0baa2c594a,230,76.67,4.00,1,6,4,0.020056,0.528623,Minotaur,minotaur(pow_w:0.50),2.33,1402,0
281,0,0x687bf2437a044a3e42ff2f8a79a8e54ba9601f70,11.057099,1772387701,81e3443836eb1778f45a78a2d748ff3df88f00dbd160dcb338af346dac757c98,211,105.50,4.45,1,6,5,0.020045,0.528524,Minotaur,minotaur(pow_w:0.50),1.94,1403,0
281,1,0x58a21eeb7ab18ba8adf1296e66a4487076e95dac,45.143954,1772387702,774bb78f28d53347416594c559df28519cb8b3161483b15118d13605372d7700,200,100.00,3.87,1,5,4,0.020028,0.528238,Minotaur,minotaur(pow_w:0.50),1.53,1404,0
281,2,0x4414c05be2cf328f38d2e3ef4b705d6b894f044a,22.099849,1772387704,60fb79db06f89b786aa40588bbbcfc61b42d474cc6041fc023a1032343dc8121,100,100.00,3.96,1,5,4,0.020045,0.528477,Minotaur,minotaur(pow_w:0.50),0.97,1405,0
281,3,0x58a21eeb7ab18ba8adf1296e66a4487076e95dac,46.144894,1772387706,3c795227e32b2f634f20ede23485b6a5c3a45992c64fe6caf44cf9468921336e,213,71.00,3.85,1,6,4,0.020040,0.528481,Minotaur,minotaur(pow_w:0.50),2.30,1406,0
281,4,0x6d6b2734a20229ddd7fd4a1470ba3e3bad4e4a85,8.629514,1772387709,bfbbe771365ed84c21a523846deb8d5b89751df7e9a4fddb219f227da2e0e5fb,250,125.00,3.95,1,6,4,0.020040,0.528482,Minotaur,minotaur(pow_w:0.50),1.98,1407,0
282,0,0xd46407aa7b668c72de3cf1c1a12b7fa2e308a1b2,22.998109,1772387710,336d4bd5eb02a3c3834fbfe0d48b6cddcc9f291cc1d773ee844d822ff8422b1a,124,62.00,3.71,2,5,4,0.020039,0.528409,Minotaur,minotaur(pow_w:0.50),1.22,1408,0
282,1,0xd46407aa7b668c72de3cf1c1a12b7fa2e308a1b2,23.999009,1772387712,21ac3165817d93fdf2f345d69f8f53cfcd05f29954d3957619c755e676d71ef3,92,92.00,3.80,1,5,4,0.020034,0.528424,Minotaur,minotaur(pow_w:0.50),0.98,1409,0
282,2,0xeb82a21cb3d0dd781eb22ad74bb7cd9b4d2a06ec,31.948165,1772387714,ab5d492441da535e199a7cbb0c8b7ab4d6f8429524e3688de0eb6e0f85213371,211,105.50,3.94,2,5,4,0.020030,0.528459,Minotaur,minotaur(pow_w:0.50),1.41,1410,0
282,3,0xb2a7fe70a6f3137d38f6cb4c3ec6dd1e24f2d5f4,16.421718,1772387717,fbd4ae682dfd63f9c4d54f67c72aa252648ee968771e5cd5e127c820cc0b9cee,234,78.00,3.94,2,6,4,0.020034,0.528608,Minotaur,minotaur(pow_w:0.50),2.05,1411,0
282,4,0xe478b1e4d1538274c0c70cbd7df877f9abab2f62,37.334416,1772387718,20c0ceec5e44683230697d60aed8437bf983d46c10d3a21507a5cc590bd5468b,155,77.50,4.13,1,6,4,0.020023,0.528499,Minotaur,minotaur(pow_w:0.50),1.68,1412,0
283,0,0x687bf2437a044a3e42ff2f8a79a8e54ba9601f70,12.058849,1772387720,b5d8719675979dd88b69f539407005134b339d93acceea89b2466500124c6151,100,100.00,4.17,1,5,4,0.020032,0.528671,Minotaur,minotaur(pow_w:0.50),1.05,1413,0
283,1,0x37cc7a82e66d4f4c2ae13b9ee895d3af1a1d7a05,5.244555,1772387722,bd8d9a609ce3d92390081426624972176d3a7500a3c7ea0c69bc484ee7140ab0,190,95.00,3.76,1,5,4,0.020016,0.528421,Minotaur,minotaur(pow_w:0.50),1.46,1414,0
283,2,0x26d553a2f4343b3a7dc88bbd87b3d0a25d3838d9,46.281880,1772387725,89d4801cde7ff4302fc218b362106e342045f2eb06b5731b8752214970589159,243,81.00,3.97,1,6,4,0.019994,0.527905,Minotaur,minotaur(pow_w:0.50),2.28,1415,0
283,3,0x37cc7a82e66d4f4c2ae13b9ee895d3af1a1d7a05,6.246945,1772387726,930eee28daf6326bbe0d8ab006211d7a2533bf3088023756ccdf19cbec42b7ee,183,91.50,3.84,2,6,4,0.019994,0.527905,Minotaur,minotaur(pow_w:0.50),1.84,1416,0
283,4,0x1796dc61e715f15a2d27dfa32bd34780f12a8c24,24.737191,1772387728,2e66a440efb38332049cf78a969497558d5f61f8b11d64259bc5db37e4469a02,105,105.00,4.05,1,6,4,0.019972,0.527444,Minotaur,minotaur(pow_w:0.50),1.02,1417,0
284,0,0x49b57eb4dace37c8819daf079c9c674f766d4f38,21.240930,1772387730,96e88d8b35813d97893877aae15120c10515d74aa1e2043e88d97ce3db6650c3,222,111.00,3.22,1,5,3,0.019969,0.527513,Minotaur,minotaur(pow_w:0.50),1.38,1418,0
284,1,0x63f4973c0df8a5358405f396dc0673a463c48de9,47.955917,1772387732,78591fb355b41756d125975e3e4458e181d70a9bf5bca9d373a40763c30837f4,230,76.67,3.78,1,6,4,0.019963,0.527501,Minotaur,minotaur(pow_w:0.50),2.15,1419,0
284,2,0x4a217e35f6402e7f62a49f6d62e27c6585c2f3fd,32.520567,1772387734,e803209135939c59cc9d045fd37a24d9de05ad13945506d20f975b0f257030ea,192,96.00,3.58,1,5,4,0.019983,0.527813,Minotaur,minotaur(pow_w:0.50),1.86,1420,0
284,3,0x1796dc61e715f15a2d27dfa32bd34780f12a8c24,25.739361,1772387736,5281c12b1c0755d0538bb6a7147a8d535aafd620a4d3b0f05cbf3e9f400b12ab,113,113.00,3.69,1,5,4,0.019987,0.527964,Minotaur,minotaur(pow_w:0.50),1.12,1421,0
284,4,0x6064b9f5883bf9737dfe314ff68c56e09e68ac89,19.193779,1772387738,eb7f7bceeaf764f4231b0bd5f16551840bc587fc3163a5f69d6487153cb0ad93,220,110.00,3.28,1,5,3,0.019985,0.528036,Minotaur,minotaur(pow_w:0.50),1.48,1422,0
285,0,0x81193196c1dbdbf80709d43a5af5ce21c201fbd7,10.832499,1772387740,4c655fcbde3fd8039e34e4676328905be4a8d23f08f0e18cb9a03eeb46c3e6ac,243,81.00,3.95,1,6,4,0.019976,0.528009,Minotaur,minotaur(pow_w:0.50),2.10,1423,0
285,1,0x3513d672439a59c26cc5711f2b715ccb4810a774,19.297915,1772387743,84aa160b696ff1971ef7572c12929ed379a3cc9162a14730230773fbe7d1bef4,232,116.00,4.05,1,6,4,0.019976,0.528010,Minotaur,minotaur(pow_w:0.50),1.74,1424,0
285,2,0xbc3f8508d26048f2064aa8c068f4c94d08d77d18,46.114929,1772387744,ac8e5c1402a073bd679a4760454b162d9da18fb32612911edc795d26dd68345d,223,111.50,3.90,1,5,4,0.019968,0.527971,Minotaur,minotaur(pow_w:0.50),1.56,1425,0
285,3,0x282f43759e22b50aa7989261c51c367f325c3f91,9.342547,1772387746,d7a6ff8c46aceb8958e082aa079835a8726bb133269f2795941b00f979568c73,106,106.00,4.26,1,6,4,0.019985,0.528237,Minotaur,minotaur(pow_w:0.50),0.98,1426,0
285,4,0xdcf2130496e27a8094ab996aea4aa77788d65869,47.556807,1772387748,caa8e01b60d6e3ec5ae3bbf89c88359aa32171e6ba40e10c78eb83e63c5cc9fa,244,81.33,3.80,1,6,4,0.019967,0.527912,Minotaur,minotaur(pow_w:0.50),2.22,1427,0
286,0,0x95ab54d268473cce82094026afefdbd5cadf418b,24.610898,1772387751,8577d40fea4035edac6fdc31823336af865b9c584298d4cfff450c178e5f50c3,166,83.00,3.95,2,6,4,0.019986,0.528207,Minotaur,minotaur(pow_w:0.50),1.70,1428,0
286,1,0xd1cd4b808ce6b2841ad42746b64c5a047e857ef0,7.225854,1772387752,cda7d086f2bbebdcf4a6f590c041192ba0afc38e1b250ca9489aaa278f72a110,199,99.50,4.51,1,6,5,0.019986,0.528208,Minotaur,minotaur(pow_w:0.50),1.65,1429,0
286,2,0x606627477c3734932f47972f83c27cf4e3b35b4f,40.419747,1772387754,8932cac0a54a8a4e4e63d79077f2925d07e306dc046ecc786f76d1a52b5b7329,112,112.00,3.91,1,6,4,0.019966,0.527813,Minotaur,minotaur(pow_w:0.50),0.98,1430,0
286,3,0x30509a8084fdfe6fe24d9c9a817c209ad194f8e3,53.724739,1772387756,adca4566b8c44d329d1344c3a939aa50112357c67f75a4db8a68d6c5a0915577,188,94.00,3.66,1,5,4,0.019978,0.528025,Minotaur,minotaur(pow_w:0.50),1.46,1431,0
286,4,0xaadc5fea232580cb8fba739ac5d05a48559c7e52,17.353673,1772387758,e1f98568cb6dcdad76feb92dde3e66817a42fa48417db8cadd68eaefc571da19,232,77.33,3.33,1,5,3,0.020003,0.528348,Minotaur,minotaur(pow_w:0.50),2.04,1432,0
287,0,0x81d019380961f92c2031b0a7fba69f7675145088,13.490923,1772387760,a111b117d2c02743fa76609e5af0ea4bd2312a152e65024d68ccb3ec01a93437,238,119.00,4.36,1,6,4,0.020003,0.528348,Minotaur,minotaur(pow_w:0.50),1.73,1433,0
287,1,0x8d9e46becf415ca26aa698c9657087e6554aabda,7.374486,1772387762,b1fab3753784dadb0b4116d0f67b16d35cfbbaf9db8bc6a7ed118b47712433bf,108,108.00,3.61,2,5,4,0.019978,0.528091,Minotaur,minotaur(pow_w:0.50),1.04,1434,0
287,2,0xc4dc29db975b952e04358340e56b68fa4ba63fbc,15.542961,1772387764,87104dd5ca337358209682111263dbd67a835dc60e7ea79b1e05b77c38a76456,217,108.50,3.69,1,5,4,0.019958,0.527690,Minotaur,minotaur(pow_w:0.50),1.38,1435,0
287,3,0x63f4973c0df8a5358405f396dc0673a463c48de9,48.957417,1772387766,563de3ac50bf161c496f0733f69981020cf456f28440fc8800bffc79297e4cc8,250,83.33,3.67,1,5,4,0.019945,0.527553,Minotaur,minotaur(pow_w:0.50),2.25,1436,0
287,4,0x49b57eb4dace37c8819daf079c9c674f766d4f38,22.242920,1772387769,7704fefcd6555bd48c7cf6dbb10562b2249bfa7a5b74650bb5f264b66c8bc0ab,154,77.00,3.54,1,5,4,0.019965,0.527862,Minotaur,minotaur(pow_w:0.50),1.73,1437,0
288,0,0x81d019380961f92c2031b0a7fba69f7675145088,14.491853,1772387770,b636dae1f3c06654b231b53ae6670a3685425ffc7aa799b1c8dddf194e8d7416,221,110.50,3.91,1,6,4,0.019960,0.527852,Minotaur,minotaur(pow_w:0.50),1.43,1438,0
288,1,0xdcf2130496e27a8094ab996aea4aa77788d65869,48.558287,1772387772,f0c2566109c03469f047f3dc9ab79ba38eeded7c6e2bbcf8682ce42172f9ad79,105,105.00,3.42,1,5,4,0.019946,0.527686,Minotaur,minotaur(pow_w:0.50),0.88,1439,0
288,2,0x8c11ec9090dd820c076e57e899d9c604c79d6b32,29.588809,1772387774,150d822efddd7d20a3ffee3977db092149ddcd0819fee7da13d6e37e0b150214,250,83.33,3.81,1,6,4,0.019966,0.527980,Minotaur,minotaur(pow_w:0.50),2.09,1440,0
288,3,0x49b57eb4dace37c8819daf079c9c674f766d4f38,23.245090,1772387777,e5b7ae72f20b79f57641217c2c9075951e1e3f9a0133f336187378ab75b98499,147,73.50,3.93,1,6,4,0.019966,0.527981,Minotaur,minotaur(pow_w:0.50),1.67,1441,0
288,4,0xd46407aa7b668c72de3cf1c1a12b7fa2e308a1b2,25.000459,1772387778,c5d1028343a080366160b966ba70071d38aa124d2274f5e92af16e1386890e6c,216,108.00,4.09,2,6,4,0.019962,0.528067,Minotaur,minotaur(pow_w:0.50),1.52,1442,0
289,0,0x34412315480562da4810040fd15c81f99880e1ab,17.899613,1772387780,497ee9dece3ad57232dd8926cca37964520c9eb4d3b6e4b0c74ac1d5b37304b7,103,103.00,3.74,1,5,4,0.019959,0.528125,Minotaur,minotaur(pow_w:0.50),0.97,1443,0
289,1,0x26d553a2f4343b3a7dc88bbd87b3d0a25d3838d9,46.281330,1772387782,d49dd4a3ad38930ffaf3cc6048798e034f43beb9624660706fc3d6486bf22431,234,78.00,3.90,1,6,4,0.019949,0.528058,Minotaur,minotaur(pow_w:0.50),2.32,1444,0
289,2,0xea287b266dbe2c2d402fd91814bcfc4c95d6b0fd,2.137934,1772387785,5bd94d6d742c6097c89db08bf4315dbb88fa2c06044bf06e11d2da184b3a8599,238,119.00,3.82,2,5,4,0.019966,0.528314,Minotaur,minotaur(pow_w:0.50),1.92,1445,0
289,3,0x719361397abe003a91af76243e5f9c7a0cd4279f,39.579956,1772387786,3517f026ee1e9505632ac9046473327278b78ca40d4984d79231b17ea8563348,177,88.50,4.07,1,6,4,0.019966,0.528314,Minotaur,minotaur(pow_w:0.50),1.50,1446,0
289,4,0xa3786e459f289a76c0e8af8ad834e3d0c6d47199,45.765563,1772387788,a22bff4ae1dc3ab8ecdda04f8072c923fa94c20ec7038e7527e25efc73b4aabc,90,90.00,3.79,1,5,4,0.019952,0.527700,Minotaur,minotaur(pow_w:0.50),0.99,1447,0
290,0,0xdb45667100590f9cfe78a899c3b02c5cd37008f1,2.026846,1772387790,1847580dc66635da0270169b42a87e08c6ac544f0e3b17310115a0b45fa4d7c9,193,96.50,4.35,2,6,4,0.019968,0.527937,Minotaur,minotaur(pow_w:0.50),1.52,1448,0
290,1,0x8c11ec9090dd820c076e57e899d9c604c79d6b32,30.590089,1772387793,66f441910e15520894d5a264ff95a3df34fbf9ef1a1bf8b66cc6e1e1d67c598d,250,83.33,4.08,1,6,4,0.019943,0.527111,Minotaur,minotaur(pow_w:0.50),2.16,1449,0
290,2,0xd39dbd3662315e3935ec08e6b6028e73b3c09de2,16.922570,1772387794,8869fbffabbe5f7ce972efb0b96a644de66971c7f447119a0fe6ab98557df13c,156,78.00,4.19,1,6,4,0.019943,0.527111,Minotaur,minotaur(pow_w:0.50),1.72,1450,0
290,3,0x4414c05be2cf328f38d2e3ef4b705d6b894f044a,23.101069,1772387796,fb857b894ada8496e761cad6eeca26e4832fe9a50547755c8e037623127eaa65,115,115.00,4.52,1,6,5,0.019932,0.527011,Minotaur,minotaur(pow_w:0.50),1.00,1451,0
290,4,0xe6ebb0cdfd04183d498964e5efc4096ba77b17d6,39.330793,1772387798,b07a0edc9865d8cb410ea794a02132cefd7402e2a60c2de6c7355557bf715171,205,102.50,3.80,1,6,4,0.019927,0.527000,Minotaur,minotaur(pow_w:0.50),1.45,1452,0
291,0,0x30509a8084fdfe6fe24d9c9a817c209ad194f8e3,54.726689,1772387801,143475aa9676685fd260cc3634b46fc05c2aefc151142339d37ba72338ee83ae,247,82.33,3.89,1,6,4,0.019937,0.527181,Minotaur,minotaur(pow_w:0.50),2.09,1453,0
291,1,0xd46407aa7b668c72de3cf1c1a12b7fa2e308a1b2,26.001259,1772387802,d5c2c57bec488be84a33eaf89ab26fb673f2432b1a2e1e976a24106d285af3b8,128,64.00,3.53,2,5,4,0.019962,0.527500,Minotaur,minotaur(pow_w:0.50),1.47,1454,0
291,2,0x13f9dadc05f6c237b03411e2aed1800cf21a5d89,5.259032,1772387804,8affa1b35860716d206d87aab7fbe9f89090b039941affe3a2f27a4e410e04ac,102,102.00,3.90,1,5,4,0.019960,0.527561,Minotaur,minotaur(pow_w:0.50),0.98,1455,0
291,3,0xcdfb7a191f0bf929991735127c8d1b4e5b99de22,2.025368,1772387806,8b175e792a2e0399eaa7b47d25c1665c45e5a8edaaa7f2f822290fef6e5f04d9,231,115.50,3.00,1,5,3,0.019938,0.527047,Minotaur,minotaur(pow_w:0.50),1.29,1456,0
291,4,0x63f4973c0df8a5358405f396dc0673a463c48de9,49.958587,1772387809,d80e8759da963836a189bc4d68d00e59f3df5141fce7c18c5f102bc82edb26fd,200,66.67,4.26,1,6,4,0.019913,0.526211,Minotaur,minotaur(pow_w:0.50),2.21,1457,0
292,0,0xdcf2130496e27a8094ab996aea4aa77788d65869,49.560447,1772387810,2576bfcdf559dcff84b435a7ef0a0641f8b22faffd1247f48512cd48c2ef8f73,250,125.00,3.58,1,5,4,0.019933,0.526516,Minotaur,minotaur(pow_w:0.50),1.93,1458,0
292,1,0xa068e3c9a21c8d8be636cd2d285895979ec3262e,14.965811,1772387812,b83dd0fc1b9a166cb71beb6efc945d367ded1d1cc7d6b897332f07367fcbcb9a,13,13.00,4.00,1,5,4,0.019953,0.526807,Minotaur,minotaur(pow_w:0.50),1.85,1459,0
292,2,0xe6ebb0cdfd04183d498964e5efc4096ba77b17d6,40.333153,1772387814,279732c9c21c77d77edddbe389f23f7252c9c36a129f5ccded8cd51229a8227e,207,103.50,4.38,1,6,4,0.019940,0.526649,Minotaur,minotaur(pow_w:0.50),1.47,1460,0
292,3,0x89100a8056319ba37491b32ba255004180607bc2,31.810227,1772387816,4b8bc44ecfd431aedb7af6ca36878d44ce84af7a896ecff560f06ce8c75f7cbe,237,79.00,3.96,1,6,4,0.019951,0.526840,Minotaur,minotaur(pow_w:0.50),2.21,1461,0
292,4,0x58a21eeb7ab18ba8adf1296e66a4487076e95dac,47.146244,1772387819,299951bd08fc594bbb7604660ff263982d98b70fdbaad1cf16e868bfc07861cf,174,87.00,3.97,1,6,4,0.019954,0.526967,Minotaur,minotaur(pow_w:0.50),1.81,1462,0
293,0,0x26d553a2f4343b3a7dc88bbd87b3d0a25d3838d9,47.283360,1772387820,f19875056e81b1a37cbe0e5bccbda60c1a54235d4cd5e30248ec569155e4597a,229,114.50,3.87,1,6,4,0.019971,0.527241,Minotaur,minotaur(pow_w:0.50),1.58,1463,0
293,1,0x81d019380961f92c2031b0a7fba69f7675145088,15.492293,1772387822,87640473bbed93356e3ac8366a4288a2d68bebc95ccc2fb064a082c29fc2648a,92,92.00,3.85,1,6,4,0.019988,0.527505,Minotaur,minotaur(pow_w:0.50),0.98,1464,0
293,2,0xd61b00c297972877b45f8d7f4d67fdaf20c67c59,6.319591,1772387824,1080d528cf5ece9a01ae9495d24a5cc0f1479f94040aae5edb747d5eec49e945,247,82.33,3.72,1,5,4,0.019976,0.527350,Minotaur,minotaur(pow_w:0.50),2.20,1465,0
293,3,0x7e40df5d801345015e84c843908efc6683665fa4,24.679019,1772387827,727473fdf0fa99e1eeb341d1870fb18eee588f5d536165ea535a63c41b226d83,178,89.00,4.40,1,6,4,0.019955,0.526893,Minotaur,minotaur(pow_w:0.50),1.92,1466,0
293,4,0x89100a8056319ba37491b32ba255004180607bc2,32.811877,1772387828,eaea31996dfc31503e3f7cd44def4a3c7238ba0eccfde693c17a9622656c4b47,246,123.00,3.54,2,5,4,0.019955,0.526893,Minotaur,minotaur(pow_w:0.50),1.77,1467,0
294,0,0x89100a8056319ba37491b32ba255004180607bc2,33.812847,1772387830,9d8c200b96a50f50be8add5cbd31950350335ccc64cc1340b4958c7449f4bd73,101,101.00,3.86,1,6,4,0.019959,0.527035,Minotaur,minotaur(pow_w:0.50),0.96,1468,0
294,1,0xc774b0fee7cabbef3b1ae14bf36db3df0d32c1df,15.168547,1772387832,e873f3aa0e1231b367df306d65fd976046a9a367deffd28182cdab83606aa0b4,250,83.33,3.89,1,6,4,0.019963,0.527187,Minotaur,minotaur(pow_w:0.50),2.38,1469,0
294,2,0xc24b36dee27726233c3bbd9e1f028f98b6b2a424,18.412959,1772387835,912e76ed58553d6dd1cc7116f122571c719c6fb8cc5d79c5c7b84b1041ca503c,161,80.50,3.89,1,5,4,0.019963,0.527188,Minotaur,minotaur(pow_w:0.50),2.01,1470,0
294,3,0x6d6b2734a20229ddd7fd4a1470ba3e3bad4e4a85,9.629444,1772387836,1a48e881bd6365d934cf11812a0a9fea5d8c6e0d241e3bf23aeb788b36da4843,205,102.50,4.02,1,6,4,0.019941,0.526957,Minotaur,minotaur(pow_w:0.50),1.61,1471,0
294,4,0x1796dc61e715f15a2d27dfa32bd34780f12a8c24,26.740591,1772387838,2c5813a153390aba621c30de7048d8d785542dc1893858da3ca0b278917d1263,83,83.00,3.61,1,5,4,0.019923,0.526638,Minotaur,minotaur(pow_w:0.50),0.95,1472,0
295,0,0xdcf2130496e27a8094ab996aea4aa77788d65869,50.560127,1772387840,485dd0b1563af0bc2ba1653956f24f684cd456ba40a149ca24a9c28ff5fa1f03,250,83.33,3.34,1,5,3,0.019921,0.526706,Minotaur,minotaur(pow_w:0.50),2.28,1473,0
295,1,0x1796dc61e715f15a2d27dfa32bd34780f12a8c24,27.743071,1772387843,21d56aae3c65584f210a4659ef5ecec4043f00da0bd42f5a39bca4fc22fa328d,250,125.00,3.95,1,5,4,0.019941,0.527002,Minotaur,minotaur(pow_w:0.50),1.91,1474,0
295,2,0xa068e3c9a21c8d8be636cd2d285895979ec3262e,15.967641,1772387844,1803da0ac7f49b7e1b4c3ef6b6c960bdc01ffd4026d3cdf3cc4024c609bd426b,117,58.50,3.38,2,5,3,0.019940,0.527072,Minotaur,minotaur(pow_w:0.50),1.31,1475,0
295,3,0xd61b00c297972877b45f8d7f4d67fdaf20c67c59,7.321191,1772387846,8d2f54f4724ef2d43543c0142160ddfc1e335647b8116d4970517aead09a9148,91,91.00,4.32,1,6,5,0.019928,0.526924,Minotaur,minotaur(pow_w:0.50),1.00,1476,0
295,4,0xc4dc29db975b952e04358340e56b68fa4ba63fbc,16.544491,1772387848,599ab509c9e3da23e6935c107482be197dcaa514cf4021f715099ec2041bd61e,188,94.00,4.49,1,6,5,0.019909,0.526520,Minotaur,minotaur(pow_w:0.50),1.43,1477,0
296,0,0x4ba33404d90c4ae989714d9d174cd882cffb7994,13.110802,1772387851,d892794ab5d60ee413262cfb179a90dac85b6a5f832a94304f14ab822cc309d8,248,82.67,3.70,1,5,4,0.019897,0.526394,Minotaur,minotaur(pow_w:0.50),2.02,1478,0
296,1,0x377eaef292051bbf8ada05b2af76a3f3b9d722a7,1.028647,1772387852,80760e665181ea00e20beef035a513f07a9e1d8abd25395ae6ca3122ec198e02,119,59.50,4.40,1,6,4,0.019897,0.526394,Minotaur,minotaur(pow_w:0.50),1.31,1479,0
296,2,0xf6e059718dbd0a0956726ab97d06bad5efc6cd18,5.998487,1772387854,fdbf885e1912188571867f46e8490ad8a024135680de3b9e8d7aa5d27ea6eb7f,100,100.00,3.46,1,5,4,0.019857,0.525323,Minotaur,minotaur(pow_w:0.50),1.04,1480,0
296,3,0xeaa5003682d7289190651081ae2bee847097afc5,30.787645,1772387856,e606150bff4f82f3955c2971d3ea0a7781ca8947aaf39e7d42978859219f87a9,211,105.50,3.72,2,5,4,0.019837,0.524846,Minotaur,minotaur(pow_w:0.50),1.45,1481,0
296,4,0xb2a7fe70a6f3137d38f6cb4c3ec6dd1e24f2d5f4,17.421888,1772387859,280b36bb8b68f7203bceda4c5a575e114d5836d60742b8a2edd65f45ad63c22d,250,83.33,4.25,1,6,4,0.019838,0.524958,Minotaur,minotaur(pow_w:0.50),2.22,1482,0
297,0,0xa068e3c9a21c8d8be636cd2d285895979ec3262e,16.968431,1772387860,0f3c1c2b97117e05499b32ecb3ceb30afd57ee29574a8db8edfa37c05362dd4b,148,74.00,4.15,1,6,4,0.019838,0.524958,Minotaur,minotaur(pow_w:0.50),1.70,1483,0
297,1,0xac768e60b9269babb15cb1e36ee843243d7c7543,45.769588,1772387862,646dcf823d94b90b21ef16ccb6c99b86fad9468c247afab871752efa4cd65090,105,105.00,4.35,1,6,5,0.019817,0.524736,Minotaur,minotaur(pow_w:0.50),1.08,1484,0
297,2,0x37cc7a82e66d4f4c2ae13b9ee895d3af1a1d7a05,7.246665,1772387864,5af4c5ab39a70ff2476fb4b34f759292d757334a0552cf8e5e7ea96f2924dcac,211,105.50,4.01,1,6,4,0.019832,0.524956,Minotaur,minotaur(pow_w:0.50),1.39,1485,0
297,3,0x719361397abe003a91af76243e5f9c7a0cd4279f,40.580156,1772387866,9ba641d89ce7b586c3478370394fb2d9195a893e47e2eded3847a8216d7dc699,231,77.00,3.77,1,6,4,0.019813,0.524540,Minotaur,minotaur(pow_w:0.50),2.21,1486,0
297,4,0xa447d277b02012c2afd9ddcbbe123f27cc971963,16.803835,1772387869,501e4ae20d70ef7bcceec185c87ae78cee71d62e94bdd993e3514b1254899446,250,125.00,3.81,1,5,4,0.019823,0.524724,Minotaur,minotaur(pow_w:0.50),1.83,1487,0
298,0,0xd46407aa7b668c72de3cf1c1a12b7fa2e308a1b2,27.001669,1772387870,3eab299cec42b059b5233a56d2e42cef81cb349162ceca114f9f786d7d50a2e0,113,56.50,3.45,1,5,3,0.019812,0.524584,Minotaur,minotaur(pow_w:0.50),1.23,1488,0
298,1,0xe6ebb0cdfd04183d498964e5efc4096ba77b17d6,41.335013,1772387872,989e613553509d4b8cf3d618d59dc3e181337b86b057ff2bf81ab9a2ad97f84d,107,107.00,4.05,2,5,4,0.019810,0.524642,Minotaur,minotaur(pow_w:0.50),0.98,1489,0
298,2,0x26d553a2f4343b3a7dc88bbd87b3d0a25d3838d9,48.283560,1772387874,08c5b07da084f2c7311cccda587f721afabc85fb620a1054d15efe63c855af4f,221,110.50,4.06,1,6,4,0.019821,0.524844,Minotaur,minotaur(pow_w:0.50),1.24,1490,0
298,3,0xd46407aa7b668c72de3cf1c1a12b7fa2e308a1b2,28.002689,1772387877,023d7abc7af8898a6004ad5d290c04213427f1925bb610e473ace3744514ff69,250,83.33,3.76,1,6,4,0.019821,0.524845,Minotaur,minotaur(pow_w:0.50),2.03,1491,0
298,4,0x4414c05be2cf328f38d2e3ef4b705d6b894f044a,24.102289,1772387878,1a84d02d8701375e35c1d0326be31b76a48fa1b05811ea4159d7325cb0166792,130,65.00,3.77,1,5,4,0.019821,0.524906,Minotaur,minotaur(pow_w:0.50),1.42,1492,0
299,0,0xe478b1e4d1538274c0c70cbd7df877f9abab2f62,38.333906,1772387880,032c7a73940f27f594169da359083fbb94cc4d39d90d33dec33f382832c767bc,113,113.00,3.85,1,6,4,0.019816,0.524927,Minotaur,minotaur(pow_w:0.50),0.98,1493,0
299,1,0x8c11ec9090dd820c076e57e899d9c604c79d6b32,30.589259,1772387882,b0de79620726da551b856af205f3630450e9d3bc2fc5517116cb9d219f296bd2,213,106.50,4.02,1,6,4,0.019824,0.525092,Minotaur,minotaur(pow_w:0.50),1.42,1494,0
299,2,0x30509a8084fdfe6fe24d9c9a817c209ad194f8e3,55.727199,1772387885,4fd8074d86a9fd54a0f27e3a38fb2849c496377bd1617b8639ac621be75344f6,205,68.33,4.06,1,6,4,0.019824,0.525092,Minotaur,minotaur(pow_w:0.50),2.16,1495,0
299,3,0x8c11ec9090dd820c076e57e899d9c604c79d6b32,30.589249,1772387886,ea0704f951f247741498c6554b2ddda24510ab0401aef306f82f46d8623fc1eb,150,75.00,3.42,2,5,3,0.019848,0.525404,Minotaur,minotaur(pow_w:0.50),1.73,1496,0
299,4,0x30509a8084fdfe6fe24d9c9a817c209ad194f8e3,56.728619,1772387888,b27090fd5cefceb26aa6c9c73ba02ff21568377824ccb246474039cde64d0337,109,109.00,4.23,1,5,4,0.019850,0.525502,Minotaur,minotaur(pow_w:0.50),0.99,1497,0
300,0,0x4ba33404d90c4ae989714d9d174cd882cffb7994,14.111592,1772387890,ed09ef395659c2dd018e44587abd24abe8ed42fc3125b48542e0937bc3188dbc,229,114.50,3.35,1,5,3,0.019874,0.525813,Minotaur,minotaur(pow_w:0.50),1.45,1498,0
300,1,0x719361397abe003a91af76243e5f9c7a0cd4279f,41.582446,1772387893,34901b72ca26895f07b947a8809844f2c2361b0821cc7b2ed2f3232c4c81a87a,235,78.33,4.33,1,6,4,0.019874,0.525814,Minotaur,minotaur(pow_w:0.50),2.16,1499,0
300,2,0x81d019380961f92c2031b0a7fba69f7675145088,16.494033,1772387894,db6115be06a01bcf8c1edd19cf5508a7be957c0d86abb0cf4d217d1305ecf601,140,70.00,3.92,2,5,4,0.019872,0.525823,Minotaur,minotaur(pow_w:0.50),1.74,1500,0
300,3,0x9ba702916c26a8583a7f277d6932b3c0d9927ce0,4.175937,1772387896,70295aa5536ef0582e46cf3b9287fdb9b7c77d319b0de43d15764a2207677ef3,98,98.00,3.83,1,5,4,0.019860,0.525667,Minotaur,minotaur(pow_w:0.50),1.00,1501,0
300,4,0x719361397abe003a91af76243e5f9c7a0cd4279f,42.583816,1772387898,2a23175f0346103cd86efb12028996caf91a8f69e087baf5798ad9bc59278aed,185,92.50,3.54,1,5,4,0.019838,0.525110,Minotaur,minotaur(pow_w:0.50),1.48,1502,0
301,0,0xeb82a21cb3d0dd781eb22ad74bb7cd9b4d2a06ec,32.948605,1772387900,ee6b89dcd845138626314e2c23c9dc2787fd7178b3a171ba5e2e32aad9283781,231,77.00,3.64,1,5,4,0.019850,0.525314,Minotaur,minotaur(pow_w:0.50),2.17,1503,0
301,1,0x30509a8084fdfe6fe24d9c9a817c209ad194f8e3,57.730749,1772387903,e52cd9010bad7c89f566be47564b6f523d078c0b65258ba359c6992c9bfe939f,248,124.00,4.01,2,6,4,0.019850,0.525315,Minotaur,minotaur(pow_w:0.50),1.82,1504,0
301,2,0xc24b36dee27726233c3bbd9e1f028f98b6b2a424,19.414379,1772387905,c0e0de77dc56a4be935eaf7e7689f1a4c13d9bffd1c740dd5e328b6556550137,102,51.00,3.42,1,5,4,0.019878,0.525754,Minotaur,minotaur(pow_w:0.50),1.09,1505,0
301,3,0x89100a8056319ba37491b32ba255004180607bc2,34.814737,1772387907,01f3aa85d9004808b06d0553bd23ddd35264350deec79d3c76f5c59846dc1b0e,188,94.00,4.02,1,6,4,0.019869,0.525708,Minotaur,minotaur(pow_w:0.50),1.51,1506,0
301,4,0xe6ebb0cdfd04183d498964e5efc4096ba77b17d6,42.336823,1772387909,4d44d9536b359d1c12701288dd40ae3e07c2d1f8f753c02ec298cafafb4f24b9,230,76.67,3.77,2,5,4,0.019874,0.525858,Minotaur,minotaur(pow_w:0.50),2.19,1507,0
302,0,0x408bb0bf84df50b21c53c74420987f172d4036a1,8.785304,1772387912,c27179f607752994d87ed6f7393f3c6b2b82f69095ff1d784338c0ecd207ebda,183,91.50,3.88,1,6,4,0.019885,0.526048,Minotaur,minotaur(pow_w:0.50),1.64,1508,0
302,1,0x60705151f1f537cacd5b801f3ef1b31dc3f605de,4.281174,1772387914,1d5702a81fc0e343663a46264ca2f251e8059574d950855eba5ea97f1d549b8a,206,103.00,3.59,1,5,4,0.019867,0.525706,Minotaur,minotaur(pow_w:0.50),1.51,1509,0
302,2,0xb2a7fe70a6f3137d38f6cb4c3ec6dd1e24f2d5f4,18.422798,1772387916,3e1c8b54866b81bbc9120bc0a3199015348030063fe22f304f3f94368f025085,199,99.50,4.09,1,6,4,0.019845,0.525144,Minotaur,minotaur(pow_w:0.50),1.45,1510,0
302,3,0x6064b9f5883bf9737dfe314ff68c56e09e68ac89,20.194539,1772387918,d77442bf6d95c7ffee09e95661ede986bf552072eb64c3561008f1350fdf3f24,229,76.33,4.15,1,6,4,0.019845,0.525144,Minotaur,minotaur(pow_w:0.50),2.37,1511,0
302,4,0x1796dc61e715f15a2d27dfa32bd34780f12a8c24,28.743571,1772387921,d4a5256c6b0f727d11857be3b456f732955c178c952d7a2e223c8fbdac9a1ac1,191,95.50,3.87,1,6,4,0.019837,0.525117,Minotaur,minotaur(pow_w:0.50),1.81,1512,0
303,0,0x687bf2437a044a3e42ff2f8a79a8e54ba9601f70,13.058629,1772387922,4d7010687b577967b647825fbec85cfe067fdfe9841265d41dfe329d3da22bb8,205,102.50,3.35,1,5,3,0.019837,0.525118,Minotaur,minotaur(pow_w:0.50),1.54,1513,0
303,1,0x30509a8084fdfe6fe24d9c9a817c209ad194f8e3,58.731579,1772387924,af76924878f48c0cb4e1834e602e4ebd85347a45f4e1accd1d5ee1d1f4676492,89,89.00,3.76,1,5,4,0.019823,0.524915,Minotaur,minotaur(pow_w:0.50),0.96,1514,0
303,2,0x213068cb42718d1dd6d00a6d94d62a3def0e68eb,5.349079,1772387926,07baafa1b6c1a06d74cb7f9452e29adda573b942e859f1e2ba366fdbc271dc98,245,81.67,3.29,1,5,3,0.019848,0.525224,Minotaur,minotaur(pow_w:0.50),2.09,1515,0
303,3,0xac768e60b9269babb15cb1e36ee843243d7c7543,46.771158,1772387929,bbe559d75bc96c7d044d466f3106bcba82f21117abe37590bcda5b77e7c9bed0,222,111.00,3.53,1,5,4,0.019827,0.524718,Minotaur,minotaur(pow_w:0.50),1.83,1516,0
303,4,0xd39dbd3662315e3935ec08e6b6028e73b3c09de2,17.922270,1772387930,b4eead5547d290c40cae9893436a57fa6adae51ab92b289b7651e368ac64205f,203,101.50,4.08,2,6,4,0.019842,0.524955,Minotaur,minotaur(pow_w:0.50),1.52,1517,0
304,0,0x3513d672439a59c26cc5711f2b715ccb4810a774,20.298255,1772387932,b86f4a6172022656494b46cd0912087257ea3ecca163bf760e74a1922e66e75a,82,82.00,4.62,1,6,5,0.019832,0.524868,Minotaur,minotaur(pow_w:0.50),0.98,1518,0
304,1,0x8719ca31b72ae8a5404006763c53d5ad503dbcb0,4.096465,1772387934,a6185d284e7559fc2e1888288f8a3d2e4db0fb5c214abef47616c6364121f196,219,73.00,3.86,1,5,4,0.019824,0.524832,Minotaur,minotaur(pow_w:0.50),2.28,1519,0
304,2,0x58a21eeb7ab18ba8adf1296e66a4487076e95dac,48.147524,1772387937,07c46abbac025ab9e5ca69e68ff74d865f692539d668d0bca325efaa8b13167f,233,116.50,4.19,1,6,4,0.019802,0.524255,Minotaur,minotaur(pow_w:0.50),1.94,1520,0
304,3,0x49b57eb4dace37c8819daf079c9c674f766d4f38,24.245670,1772387938,bcaa3233e85bd2cc6c32172a4752d3ee400b03d3934f0f8c8c544fba3442cc28,130,65.00,4.04,1,6,4,0.019818,0.524521,Minotaur,minotaur(pow_w:0.50),1.31,1521,0
304,4,0x4a217e35f6402e7f62a49f6d62e27c6585c2f3fd,33.519727,1772387940,1109216b0e518f2cdc5ac13e860b66a05003e436e2901744b7e3f13e1b3355dc,97,97.00,3.72,1,5,4,0.019814,0.524538,Minotaur,minotaur(pow_w:0.50),0.97,1522,0
305,0,0xfdc414c57908f0e2a6a926079902d4688d553610,9.167272,1772387942,a5d80fba9a3da6def178a804f304dfb4b724e7997128900b86d3febaabe5510e,224,112.00,3.56,1,5,4,0.019817,0.524668,Minotaur,minotaur(pow_w:0.50),1.25,1523,0
305,1,0x4a217e35f6402e7f62a49f6d62e27c6585c2f3fd,34.521927,1772387945,6f7f5a79eed019e8ac514b1527ea628c67552b51b1eb0835178b0d5c91c71911,211,70.33,4.66,1,6,5,0.019799,0.524332,Minotaur,minotaur(pow_w:0.50),2.08,1524,0
305,2,0x81d019380961f92c2031b0a7fba69f7675145088,17.494643,1772387946,19b2ac84c7602d95da8d3e48e905d3cdbd2c9b7e35b17032fa8f49697499c9e6,223,111.50,3.78,1,5,4,0.019804,0.524468,Minotaur,minotaur(pow_w:0.50),1.69,1525,0
305,3,0x1796dc61e715f15a2d27dfa32bd34780f12a8c24,28.743331,1772387948,c2f8a6fee5f63a13b75f7ea608ea2f2b25c9e684b9a2e38aef80d1c3b1fc08bd,118,118.00,3.72,2,5,4,0.019793,0.524346,Minotaur,minotaur(pow_w:0.50),0.99,1526,0
305,4,0xc774b0fee7cabbef3b1ae14bf36db3df0d32c1df,16.168967,1772387950,ac6e7b18d2eb6a35ba20dc0e260857874de5076bd7354a7397ccac4efcc66f47,242,121.00,3.14,1,5,3,0.019792,0.524413,Minotaur,minotaur(pow_w:0.50),1.22,1527,0
306,0,0x4414c05be2cf328f38d2e3ef4b705d6b894f044a,25.102659,1772387953,df3ccd7fdc0ab63ba24aa4ad2674afa06ed67149580e1ed4f0bf4c46d0626e2c,227,75.67,3.99,1,5,4,0.019781,0.524246,Minotaur,minotaur(pow_w:0.50),1.90,1528,0
306,1,0xe6ebb0cdfd04183d498964e5efc4096ba77b17d6,43.338293,1772387954,a1da3027167eff22ee78c008335ab29bf977a917171d63309275d01e0aec4a13,177,88.50,3.95,1,5,4,0.019781,0.524247,Minotaur,minotaur(pow_w:0.50),1.54,1529,0
306,2,0xe478b1e4d1538274c0c70cbd7df877f9abab2f62,39.335286,1772387956,4215edc09f31d5306949cd173414042dc2b241492df6853994dbb0cda4e5acb9,107,107.00,3.99,1,6,4,0.019792,0.524445,Minotaur,minotaur(pow_w:0.50),0.99,1530,0
306,3,0xe478b1e4d1538274c0c70cbd7df877f9abab2f62,40.336936,1772387958,f0580848a2adccf0a3c24fdb0203be505d02c6a49346683206b73f0a4de18122,166,83.00,4.01,1,6,4,0.019801,0.524607,Minotaur,minotaur(pow_w:0.50),1.51,1531,0
306,4,0x58a21eeb7ab18ba8adf1296e66a4487076e95dac,49.148584,1772387961,da6791f14ff25e00ce3472d2eba322df03fe5afe75647eb21e959ce2e2575cab,250,83.33,4.04,1,6,4,0.019810,0.524768,Minotaur,minotaur(pow_w:0.50),2.20,1532,0
307,0,0x07902d0371763a00d97ed9ba16ff0a206cb0fd19,30.562829,1772387962,5bba0d9dad41ef062c412113c07238758ffff38245c957dc2ef1fd8277e31834,171,85.50,3.96,1,5,4,0.019826,0.525034,Minotaur,minotaur(pow_w:0.50),1.79,1533,0
307,1,0x30405867b72597aaeb27803bb2c7f3f5fc7d5384,12.510804,1772387964,6f438889006e1aeb6240da2b7d4a79b3e2d5eefe7c70a887c08d8bd3cf871cc0,106,106.00,2.82,1,4,3,0.019827,0.525117,Minotaur,minotaur(pow_w:0.50),0.99,1534,0
307,2,0xc24b36dee27726233c3bbd9e1f028f98b6b2a424,20.415619,1772387966,443b13bbfb04c8e7449c77cefaa4139c8fbaa9306c861d1a85824f760d7b1e9d,202,101.00,3.52,1,5,4,0.019812,0.524890,Minotaur,minotaur(pow_w:0.50),1.46,1535,0
307,3,0x016d3fc36beee7caa8fbd6c1caa42461dd7f9850,3.857049,1772387968,12a02abb0b2825cf127136fd9e85cfc96228d8e2b7f8f41cf2c216724e274dd5,250,83.33,3.98,1,6,4,0.019804,0.524846,Minotaur,minotaur(pow_w:0.50),2.24,1536,0
307,4,0x282f43759e22b50aa7989261c51c367f325c3f91,10.342677,1772387971,c463001f38f3ab3a36a0ce35956190a45eef0a2694dc19e6461acdf5cb4d491d,139,69.50,3.25,2,5,3,0.019782,0.524251,Minotaur,minotaur(pow_w:0.50),1.66,1537,0
308,0,0x34d94cc0534eb50dec7956bea31407428d6d5ef8,0.057787,1772387973,1e39517deb5f54df3e20c11dd2e9f78166bca953976122cf456f4604bc75730f,225,112.50,3.89,1,6,4,0.019766,0.523958,Minotaur,minotaur(pow_w:0.50),1.48,1538,0
308,1,0x63f4973c0df8a5358405f396dc0673a463c48de9,50.959477,1772387975,d69604bea815cbd0103c6db97048eba4a1906699953b20ed67202fdc327d521b,194,97.00,3.73,1,5,4,0.019740,0.523062,Minotaur,minotaur(pow_w:0.50),1.47,1539,0
308,2,0x3513d672439a59c26cc5711f2b715ccb4810a774,21.300065,1772387977,d85820639c1e53b77a6414667a6fc01ff1b4c3bd90e7cffd91cdcf3ca586f9cd,250,83.33,3.50,1,5,4,0.019758,0.523347,Minotaur,minotaur(pow_w:0.50),2.20,1540,0
308,3,0x6414c6a8400ff3419cd81855d09de2848d770e0e,13.150136,1772387980,d03f52f1d762a8a806a07b1b5823e6f442ed8b31a80c7298ee886a20fb025d4d,247,123.50,3.90,1,5,4,0.019751,0.523324,Minotaur,minotaur(pow_w:0.50),1.89,1541,0
308,4,0x81d019380961f92c2031b0a7fba69f7675145088,18.495513,1772387982,5812a04cb6498272595bf0e575ee3a174bdbb89dc3d853532f1c2cfa191121cd,181,90.50,3.93,1,6,4,0.019737,0.523112,Minotaur,minotaur(pow_w:0.50),1.49,1542,0
309,0,0xe6ebb0cdfd04183d498964e5efc4096ba77b17d6,44.338923,1772387984,4c8dae68da3f2a90d49af3b132c9ea1fd7ad0b9e279267696c189a80db73c78e,221,110.50,3.74,2,5,4,0.019727,0.523042,Minotaur,minotaur(pow_w:0.50),1.39,1543,0
309,1,0x687bf2437a044a3e42ff2f8a79a8e54ba9601f70,14.058809,1772387986,f45b2ceec5da2bd819a46fa4338dec268baa30241236b927c8582dc6a963e13a,240,80.00,4.01,1,6,4,0.019740,0.523242,Minotaur,minotaur(pow_w:0.50),2.22,1544,0
309,2,0x282f43759e22b50aa7989261c51c367f325c3f91,11.344817,1772387989,ac865e2880c108b57fd89ae03fe5be74fe09dc03d8c9ed0ea10098512bede7a1,178,89.00,3.84,2,6,4,0.019726,0.523051,Minotaur,minotaur(pow_w:0.50),1.82,1545,0
309,3,0x3d92e045fb1847aae132b40ebfcc471a32f687de,6.109665,1772387990,6409b6a0c1b823909c634bc9e28dee79449dee02876f98600f548541534a30d9,224,112.00,3.77,1,6,4,0.019711,0.522787,Minotaur,minotaur(pow_w:0.50),1.50,1546,0
309,4,0xe6ebb0cdfd04183d498964e5efc4096ba77b17d6,45.341223,1772387992,f1f3935b92e59a5bee0387efcc55c2a5c819b7dfecba4ee38803bcc5cfaf8ebe,107,107.00,3.99,1,5,4,0.019691,0.522321,Minotaur,minotaur(pow_w:0.50),0.99,1547,0
310,0,0x63f4973c0df8a5358405f396dc0673a463c48de9,51.961827,1772387994,717afd0e6ac674a6f8f70ab253f4cce98093afdfa8b579c6a91873b0e02b5df3,213,71.00,4.02,1,6,4,0.019704,0.522521,Minotaur,minotaur(pow_w:0.50),2.33,1548,0
310,1,0x63f4973c0df8a5358405f396dc0673a463c48de9,52.964317,1772387997,66a78dae88a2cc30f1dce69ebf7922ee7bd4ac36e2a27919ae7a103b8629ba9b,250,125.00,3.55,1,5,4,0.019722,0.522812,Minotaur,minotaur(pow_w:0.50),1.91,1549,0
310,2,0x719361397abe003a91af76243e5f9c7a0cd4279f,43.585296,1772387998,ff10efdb23fde1f0fb49c35caff3a02318e48732f7f8f2b7639575b8d43cd7ff,101,50.50,3.77,1,5,4,0.019741,0.523102,Minotaur,minotaur(pow_w:0.50),1.34,1550,0
310,3,0x8c11ec9090dd820c076e57e899d9c604c79d6b32,31.589149,1772388000,f961f91e0fa9a01568e75fa27be63cee62977847a53a8b419f18078cdf69d58b,105,105.00,3.87,1,5,4,0.019753,0.523288,Minotaur,minotaur(pow_w:0.50),0.99,1551,0
310,4,0xb2a7fe70a6f3137d38f6cb4c3ec6dd1e24f2d5f4,18.422008,1772388002,7867c165254152d271948f7034eea871aaf9b8602a6c009656eb49cbaeeb041f,200,100.00,4.07,1,6,4,0.019754,0.523394,Minotaur,minotaur(pow_w:0.50),1.41,1552,0
311,0,0x07902d0371763a00d97ed9ba16ff0a206cb0fd19,31.563539,1772388005,6ab1f3cd6c57a12568be2c229b24ae1e993323a60f7b3daf369a41f9532b2c9a,245,81.67,4.29,1,6,4,0.019744,0.523309,Minotaur,minotaur(pow_w:0.50),2.18,1553,0
311,1,0x13f9dadc05f6c237b03411e2aed1800cf21a5d89,6.259332,1772388006,d01bd4632836c55438bd7c3aef2618e02c24f42bf0d1b9c114f4ab0e0a43275a,125,62.50,2.87,1,4,3,0.019744,0.523309,Minotaur,minotaur(pow_w:0.50),1.50,1554,0
311,2,0x0d91704595bff3aec25d40822498a51c62b05e3a,13.563106,1772388008,a58c381f9890dbcf8025b7cf89ea27b5013ea84adc023ddc903983952d67baa2,99,99.00,3.11,1,5,3,0.019726,0.522934,Minotaur,minotaur(pow_w:0.50),0.99,1555,0
311,3,0xe478b1e4d1538274c0c70cbd7df877f9abab2f62,41.339006,1772388010,b6c8d1e6efe5363deca2d4944d9c5a748fe60c16ac22bcf56b9e35f38d3e846c,238,119.00,3.18,2,5,3,0.019712,0.522725,Minotaur,minotaur(pow_w:0.50),1.31,1556,0
311,4,0x377eaef292051bbf8ada05b2af76a3f3b9d722a7,2.027877,1772388013,ccb474d6e319759cb147c57213c3afdf8c621767b303074832357edc63ad36cd,241,80.33,3.94,1,6,4,0.019721,0.522897,Minotaur,minotaur(pow_w:0.50),2.02,1557,0
312,0,0x408bb0bf84df50b21c53c74420987f172d4036a1,9.786484,1772388014,868f81b8492f0f1394a26df961f176bfdfa8b61032d988f4c501c78fd5411341,153,76.50,3.68,1,5,4,0.019698,0.522103,Minotaur,minotaur(pow_w:0.50),1.52,1558,0
312,1,0x89100a8056319ba37491b32ba255004180607bc2,35.815957,1772388016,1b6b42e58018d979878e91f904a939f8f1e06c48829fe9de93327131d5dd35fc,112,112.00,3.71,2,5,4,0.019681,0.521784,Minotaur,minotaur(pow_w:0.50),1.00,1559,0
312,2,0x30405867b72597aaeb27803bb2c7f3f5fc7d5384,13.512304,1772388018,73dc85f6137074cc0055cd063d46a1567c97545d502b25cf49c960e5262f7e67,198,99.00,3.86,1,6,4,0.019686,0.521932,Minotaur,minotaur(pow_w:0.50),1.43,1560,0
312,3,0x719361397abe003a91af76243e5f9c7a0cd4279f,44.586156,1772388021,a187c05b7ccd7a16135e007d010c7c0842d421a40a1d8e6dd62c12a01335b94d,250,83.33,3.49,1,5,4,0.019672,0.521711,Minotaur,minotaur(pow_w:0.50),2.24,1561,0
312,4,0xac768e60b9269babb15cb1e36ee843243d7c7543,47.772308,1772388022,17c4810dfac279fbeb7ae82d8ee3b9e0e91838ad78ab8f1fc308be01f3c51409,157,78.50,3.83,1,5,4,0.019672,0.521711,Minotaur,minotaur(pow_w:0.50),1.65,1562,0
313,0,0x30509a8084fdfe6fe24d9c9a817c209ad194f8e3,59.733249,1772388024,bf292644f8574ebdff15af2047328de16914a8699469eed1b9bc0c8e0073fa1a,84,84.00,3.93,1,5,4,0.019699,0.522140,Minotaur,minotaur(pow_w:0.50),0.99,1563,0
313,1,0x28672c71695142588ed26ada6f4b18b8b6c12308,11.678958,1772388026,376855396aa34f8789a0e5e1edd5b8fd7161e72718081b3012d50bb66136e27b,189,94.50,3.39,1,5,3,0.019723,0.522441,Minotaur,minotaur(pow_w:0.50),1.39,1564,0
313,2,0xe6ebb0cdfd04183d498964e5efc4096ba77b17d6,46.342883,1772388029,b82313bd67893646ed41fcbd20e5f676b7aa2c8ecde82519c6450f07ffd38ba1,250,83.33,3.59,1,5,4,0.019708,0.522183,Minotaur,minotaur(pow_w:0.50),2.30,1565,0
313,3,0x8c11ec9090dd820c076e57e899d9c604c79d6b32,32.590909,1772388030,6f13314cc3771f1ed8959c56cbc22018c60194336d673bdfba2a479887149954,215,107.50,4.13,1,6,4,0.019721,0.522392,Minotaur,minotaur(pow_w:0.50),1.95,1566,0
313,4,0xd61b00c297972877b45f8d7f4d67fdaf20c67c59,8.321141,1772388032,579af504d4895bcef9166f1f7f5452b51a93d8e91749cfce0320c5fc1b40d970,124,124.00,4.20,1,6,4,0.019723,0.522500,Minotaur,minotaur(pow_w:0.50),1.01,1567,0
314,0,0xa3786e459f289a76c0e8af8ad834e3d0c6d47199,46.765093,1772388034,cfb1bb9a91d17b5190ca847af966c913e963b3c24273403d4c669bed0f32bc2b,201,100.50,4.44,1,6,5,0.019705,0.522146,Minotaur,minotaur(pow_w:0.50),1.38,1568,0
314,1,0x282f43759e22b50aa7989261c51c367f325c3f91,12.346657,1772388037,f737381148ac128fc2a928426f9d19455827cd1e0324e9bd641328b78444ecd4,250,83.33,4.16,1,6,4,0.019718,0.522358,Minotaur,minotaur(pow_w:0.50),2.28,1569,0
314,2,0x4a217e35f6402e7f62a49f6d62e27c6585c2f3fd,35.523297,1772388038,0f3f19f93569d6938c685a573b43f71212440339b1249491b0333441a6f9cfc0,172,86.00,4.00,1,6,4,0.019704,0.522115,Minotaur,minotaur(pow_w:0.50),1.70,1570,0
314,3,0xcb7977f4997b4252c0152e135dd79b3cfe35c1a5,24.638863,1772388040,4bfdabee73d17a64759e43d8798a3ace223b863d9dccebdd76ac9052274f9bb4,96,96.00,3.60,1,5,4,0.019708,0.522248,Minotaur,minotaur(pow_w:0.50),0.96,1571,0
314,4,0x7e40df5d801345015e84c843908efc6683665fa4,24.677039,1772388042,6cec1aa384779c987de57cfb5b3899e31e3364037ab1c770fc11b27f4dec4e50,195,97.50,4.27,1,6,4,0.019703,0.522278,Minotaur,minotaur(pow_w:0.50),1.43,1572,0
315,0,0x6d6b2734a20229ddd7fd4a1470ba3e3bad4e4a85,10.628184,1772388045,a8dd5f06c6175eb3b10c245e2a226817e56149c9750489d86e6b0641669b4bf9,250,83.33,3.46,1,6,3,0.019698,0.522297,Minotaur,minotaur(pow_w:0.50),2.22,1573,0
315,1,0x4414c05be2cf328f38d2e3ef4b705d6b894f044a,25.101789,1772388046,abf161756f11a99f6179a82cf5b2c2bc5f3725f0c9dcf90e8af19c6198804bf9,178,89.00,3.71,1,5,4,0.019682,0.522004,Minotaur,minotaur(pow_w:0.50),1.92,1574,0
315,2,0xdcf2130496e27a8094ab996aea4aa77788d65869,51.560617,1772388048,96719f43fb312a307079efc6b93fbec54a9e48f0da86b9b8d1021a9cc4e6c580,98,98.00,3.81,1,5,4,0.019678,0.522032,Minotaur,minotaur(pow_w:0.50),0.99,1575,0
315,3,0x30509a8084fdfe6fe24d9c9a817c209ad194f8e3,60.734849,1772388050,3465ad9860d927f8394edcab7a9f76a4e48488ed654d255162b6961845ee6ef2,176,88.00,3.97,1,5,4,0.019695,0.522306,Minotaur,minotaur(pow_w:0.50),1.44,1576,0
315,4,0x4414c05be2cf328f38d2e3ef4b705d6b894f044a,26.102719,1772388052,018a1864cc23cff7d54c9b3d47fc2e200c41df42fc08a80662fafb992e19b88e,250,83.33,3.36,1,5,3,0.019720,0.522604,Minotaur,minotaur(pow_w:0.50),2.18,1577,0
316,0,0x719361397abe003a91af76243e5f9c7a0cd4279f,45.587446,1772388055,1cc6271083a481430da2b1a41da9e4ede310c0c36e892e1bea3f514adb8aaf2f,238,119.00,3.89,1,6,4,0.019716,0.522648,Minotaur,minotaur(pow_w:0.50),1.86,1578,0
316,1,0xac768e60b9269babb15cb1e36ee843243d7c7543,48.772808,1772388057,bdc6c8ae89acfcd8285d5499349945c0d6c2083a1c3fd2129f893d284e9ef011,115,57.50,4.00,2,5,4,0.019728,0.522831,Minotaur,minotaur(pow_w:0.50),1.26,1579,0
316,2,0x63f4973c0df8a5358405f396dc0673a463c48de9,53.964787,1772388059,0365655cc41bfbb00fd9f0288e5ab36080206bbb5f219bd7cbf998ddf20dbe9a,209,104.50,3.91,1,6,4,0.019743,0.523078,Minotaur,minotaur(pow_w:0.50),1.43,1580,0
316,3,0x4414c05be2cf328f38d2e3ef4b705d6b894f044a,27.105029,1772388061,61f07da55e0899b69a0df652eb2d15ef8c6fe90d4657e0d6b978761ffea6d056,244,81.33,3.59,1,5,4,0.019762,0.523363,Minotaur,minotaur(pow_w:0.50),2.12,1581,0
316,4,0xcb7977f4997b4252c0152e135dd79b3cfe35c1a5,25.640563,1772388064,b1ee144e524f48f29c81b691ef15f4eaec012691404782d7d7602a55818ac14d,172,86.00,3.96,2,5,4,0.019759,0.523406,Minotaur,minotaur(pow_w:0.50),1.60,1582,0
317,0,0x9bdb1c7ad4bd8fe797b07c08117c74a591dbab2d,12.437902,1772388066,4d5bdf70ad92cccbe3b18d5495ac45cadc2e0b353cdabda172022aa677781ba6,181,90.50,4.28,1,6,4,0.019755,0.523436,Minotaur,minotaur(pow_w:0.50),1.48,1583,0
317,1,0xa447d277b02012c2afd9ddcbbe123f27cc971963,17.803075,1772388068,db52566ccba794506ef2e34480dc712866c02fcba9c83b62f1a8dcbb6cf0439e,216,108.00,3.62,1,5,4,0.019740,0.523185,Minotaur,minotaur(pow_w:0.50),1.42,1584,0
317,2,0xd61b00c297972877b45f8d7f4d67fdaf20c67c59,9.322721,1772388070,c6fc0eef8ef768b86ee01fbefa73f09d90b07a3f63886a601b839acb01d9b2c9,250,83.33,3.50,1,5,3,0.019730,0.523067,Minotaur,minotaur(pow_w:0.50),2.27,1585,0
317,3,0x4a217e35f6402e7f62a49f6d62e27c6585c2f3fd,36.523837,1772388072,862b636113bbcb219d2e45613cc0513ad1c615c4ea0fb9907065b2b816b612a9,250,125.00,4.51,1,6,5,0.019730,0.523067,Minotaur,minotaur(pow_w:0.50),2.02,1586,0
317,4,0x016d3fc36beee7caa8fbd6c1caa42461dd7f9850,4.857399,1772388074,998b60c1a513bf8f012e01c4180ab4733bdc82c3b06257ad444e3f2d3ef1bd1c,25,25.00,3.88,3,5,4,0.019718,0.522871,Minotaur,minotaur(pow_w:0.50),1.92,1587,0
318,0,0x606627477c3734932f47972f83c27cf4e3b35b4f,41.418587,1772388076,994933c89b92056b4aa666e0303bdd7912693a41fcdacfafa1784a464923c34d,197,98.50,3.02,1,4,3,0.019697,0.522351,Minotaur,minotaur(pow_w:0.50),1.41,1588,0
318,1,0x63f4973c0df8a5358405f396dc0673a463c48de9,54.967067,1772388078,79e9a12cb07d14a010418aa8f1bd8775dd632c4835d3121f08ff95c2cae3e22b,250,83.33,3.68,1,5,4,0.019705,0.522509,Minotaur,minotaur(pow_w:0.50),2.14,1589,0
318,2,0x49b57eb4dace37c8819daf079c9c674f766d4f38,25.245080,1772388081,83cc6b9b2e66f4657f9830c6b1d77dca1e9e8b413d981e5a2d543b5eed968558,206,103.00,3.59,2,5,4,0.019725,0.522792,Minotaur,minotaur(pow_w:0.50),1.78,1590,0
318,3,0x6064b9f5883bf9737dfe314ff68c56e09e68ac89,21.194409,1772388082,c982f1412e4b751803af42b5bc6490e389573b7718baafd5fee43e14be449cbf,171,85.50,3.91,1,6,4,0.019720,0.522805,Minotaur,minotaur(pow_w:0.50),1.54,1591,0
318,4,0x89100a8056319ba37491b32ba255004180607bc2,36.817187,1772388084,da9555de8a66be86375879190c22ed18393ab855fd45d78c028c37df6a0fe7a3,117,117.00,3.70,1,5,4,0.019713,0.522769,Minotaur,minotaur(pow_w:0.50),0.94,1592,0
319,0,0xa9105f442328d397529b8e4e9e656fa89016ff45,7.450954,1772388086,9ee5adeff1231e110d7d4659ccabfceb7820d8145f3d4ae2c5e82b1fdf37936d,200,66.67,3.83,1,6,4,0.019718,0.522904,Minotaur,minotaur(pow_w:0.50),2.21,1593,0
319,1,0xdcf2130496e27a8094ab996aea4aa77788d65869,52.561927,1772388089,e05e0403d71b233c049f2ae3030418af2415117fa9ba3f15e75a1f84ba00686e,217,108.50,3.71,1,5,4,0.019699,0.522513,Minotaur,minotaur(pow_w:0.50),1.76,1594,0
319,2,0xc774b0fee7cabbef3b1ae14bf36db3df0d32c1df,17.169917,1772388090,e684844cf781c0318d8c04381794a8643d5006b048d61c3fe40fc4c906af597e,201,100.50,4.02,1,6,4,0.019716,0.522782,Minotaur,minotaur(pow_w:0.50),1.47,1595,0
319,3,0x4414c05be2cf328f38d2e3ef4b705d6b894f044a,28.106409,1772388092,0f1fbfb823c95d6ba34b5275f6c51a32c8c44024d0671d2653ca65114b933804,80,80.00,3.84,1,6,4,0.019705,0.522635,Minotaur,minotaur(pow_w:0.50),0.96,1596,0
319,4,0x8c11ec9090dd820c076e57e899d9c604c79d6b32,33.591559,1772388094,e8d20598b870b1b9069c6cdcbf3d53664a9b3a2114ceee2c01ab001232b0ef21,199,66.33,3.84,1,6,4,0.019703,0.522679,Minotaur,minotaur(pow_w:0.50),2.35,1597,0
320,0,0x606627477c3734932f47972f83c27cf4e3b35b4f,42.420957,1772388097,a4ddcf97e112e3c79fa193e7b5b069d555ab2c769d61191a516987d9a11bf176,250,125.00,4.24,1,6,4,0.019705,0.522793,Minotaur,minotaur(pow_w:0.50),2.02,1598,0
320,1,0x26d553a2f4343b3a7dc88bbd87b3d0a25d3838d9,48.281210,1772388099,79b27f1e1b364a8143cb21153c0a7c72be0ff64f48af94c60a62f5d642bf8bea,126,63.00,3.77,1,5,4,0.019714,0.522961,Minotaur,minotaur(pow_w:0.50),1.53,1599,0
320,2,0x3d92e045fb1847aae132b40ebfcc471a32f687de,7.109545,1772388101,d8b536a18953d695c47cee715d73bc30dbc3042f3a222aa8047379b37b4a8e84,200,100.00,3.78,1,6,4,0.019728,0.523192,Minotaur,minotaur(pow_w:0.50),1.47,1600,0
320,3,0xa447d277b02012c2afd9ddcbbe123f27cc971963,18.805215,1772388103,ea88e10514b6eca1684d0245c80e338e8cf9e42b766ec3e271c01b38acaee286,226,75.33,3.84,1,5,4,0.019709,0.522778,Minotaur,minotaur(pow_w:0.50),2.28,1601,0
320,4,0x89100a8056319ba37491b32ba255004180607bc2,37.819057,1772388105,e83f8b88bac07f738b33dea0bf5b1ff8139e64b0444df14d5d71a2696ac2486c,168,84.00,3.61,1,5,4,0.019700,0.522701,Minotaur,minotaur(pow_w:0.50),1.91,1602,0
321,0,0xe6ebb0cdfd04183d498964e5efc4096ba77b17d6,47.344243,1772388107,b2e88d8a6aedc87af499fdb27c35f48a36b6abf8ae75e49ee2270a09b89e689f,76,76.00,4.01,2,5,4,0.019705,0.522844,Minotaur,minotaur(pow_w:0.50),1.00,1603,0
321,1,0x63f4973c0df8a5358405f396dc0673a463c48de9,55.968857,1772388109,82421d4140c09e424b8cdb23585f1be681028fb630c8563653ebb887e616db79,184,92.00,4.21,1,6,4,0.019718,0.523057,Minotaur,minotaur(pow_w:0.50),1.44,1604,0
321,2,0x719361397abe003a91af76243e5f9c7a0cd4279f,46.588066,1772388111,4c9ea9f3b9ed1820fba7468033ff7ed13d7413710924584e21f3df3e5c924fab,240,80.00,3.51,1,5,4,0.019737,0.523337,Minotaur,minotaur(pow_w:0.50),2.12,1605,0
321,3,0xa9105f442328d397529b8e4e9e656fa89016ff45,8.452834,1772388114,0f9c63c4db6e6f86e392a1d3c2d8b77e5c108bf070a54f4d8155128df1e7f187,151,75.50,3.88,1,5,4,0.019750,0.523523,Minotaur,minotaur(pow_w:0.50),1.64,1606,0
321,4,0xc24b36dee27726233c3bbd9e1f028f98b6b2a424,21.416759,1772388115,0a99f080679192b118d67225a0b009a9799da909d939737aa9beb8d7497b4915,222,111.00,3.83,1,5,4,0.019732,0.523166,Minotaur,minotaur(pow_w:0.50),1.59,1607,0
322,0,0xac61c91e7d24df824351a6c4e562a75f0cf646f8,3.226178,1772388117,e1612ddb259da1d8e617429f15dc5cdd46d48d6afb2475e2b95df2bedf5f9c33,89,89.00,3.85,1,5,4,0.019724,0.523126,Minotaur,minotaur(pow_w:0.50),0.96,1608,0
322,1,0x4a217e35f6402e7f62a49f6d62e27c6585c2f3fd,37.523757,1772388119,a9ab8a73277a1da3ccec2530985be0918f56cca6abe2ea61b5fd8a3de3d622e1,212,106.00,3.92,2,6,4,0.019703,0.522511,Minotaur,minotaur(pow_w:0.50),1.32,1609,0
322,2,0x63f4973c0df8a5358405f396dc0673a463c48de9,56.971137,1772388122,adaebb3ccdde38c4df49db0be0fdff0005df2cabf02879589aeca2a1e637ca5e,250,83.33,3.70,2,5,4,0.019703,0.522511,Minotaur,minotaur(pow_w:0.50),1.97,1610,0
322,3,0x4ba33404d90c4ae989714d9d174cd882cffb7994,15.111692,1772388123,7ecad300e0eda77020e2cd2fa5893af8d049bcdfe60741c7ef8e9b48a3d2e879,119,59.50,3.70,2,5,4,0.019703,0.522512,Minotaur,minotaur(pow_w:0.50),1.31,1611,0
322,4,0x4414c05be2cf328f38d2e3ef4b705d6b894f044a,29.107949,1772388125,999c32919e38f9cf03b991c938b09b5372acc67dcfa58250480f550580f18d13,109,109.00,4.49,2,6,4,0.019710,0.522622,Minotaur,minotaur(pow_w:0.50),1.00,1612,0
323,0,0xaadc5fea232580cb8fba739ac5d05a48559c7e52,18.352473,1772388127,b471cb1ef82ded2494a724832b283b326059047c60e0186cfce5935a492a202b,227,113.50,3.74,1,6,4,0.019709,0.522681,Minotaur,minotaur(pow_w:0.50),1.36,1613,0
323,1,0xe478b1e4d1538274c0c70cbd7df877f9abab2f62,42.340166,1772388130,e2affd79f920005c8eb06c593dc7c0ab3e0d98b149ed1f0c8d4f327e5885ad7f,250,83.33,4.32,1,6,4,0.019699,0.522573,Minotaur,minotaur(pow_w:0.50),2.18,1614,0
323,2,0x4a217e35f6402e7f62a49f6d62e27c6585c2f3fd,37.523627,1772388131,f0b3696ffc369d4f7615ec1580e733aafcbd418fc316da7e1eaa1c3b94047d77,121,60.50,4.16,3,6,4,0.019707,0.522727,Minotaur,minotaur(pow_w:0.50),1.56,1615,0
323,3,0xc4dc29db975b952e04358340e56b68fa4ba63fbc,17.544321,1772388133,939c8af647945ac045950f490846b77ae98712da64ca4ce5cc66af8f8d8d8973,110,110.00,3.56,1,5,4,0.019712,0.522857,Minotaur,minotaur(pow_w:0.50),0.96,1616,0
323,4,0x4414c05be2cf328f38d2e3ef4b705d6b894f044a,30.110129,1772388135,55266d2911a3786ded09e8d6eb6231285f5212e8430847f0712f3b6c43db4608,220,110.00,3.62,1,5,4,0.019702,0.522712,Minotaur,minotaur(pow_w:0.50),1.29,1617,0
324,0,0x89100a8056319ba37491b32ba255004180607bc2,38.819457,1772388138,4722e095d4cbc3603daf6ff15cd529d69bba7577fe99157fb05e3c4e5a190176,250,83.33,3.94,1,6,4,0.019702,0.522713,Minotaur,minotaur(pow_w:0.50),2.04,1618,0
324,1,0x63f4973c0df8a5358405f396dc0673a463c48de9,57.972147,1772388139,dcb31978d1484d5eb62cc655c11e46b06efde2ea1c4f7cc9bbca749d13caf3bb,125,62.50,4.00,1,6,4,0.019702,0.522713,Minotaur,minotaur(pow_w:0.50),1.29,1619,0
324,2,0xa3786e459f289a76c0e8af8ad834e3d0c6d47199,47.766383,1772388141,9632feaebfd78c64236c92b7548fe6f50185e22eb90094b30ce63410e0212079,87,87.00,3.45,1,5,4,0.019728,0.523132,Minotaur,minotaur(pow_w:0.50),0.98,1620,0
324,3,0xa3786e459f289a76c0e8af8ad834e3d0c6d47199,48.768283,1772388143,5ad1a8c6a2fef0fc2260ad39accfb4590a21d1e51f3b01a330ca130e7425a93f,194,97.00,4.27,1,6,4,0.019741,0.523341,Minotaur,minotaur(pow_w:0.50),1.44,1621,0
324,4,0xeaa5003682d7289190651081ae2bee847097afc5,31.787265,1772388146,04fa85810212320776b5427cd42aedb1c5a4ed9b142867311981a7d8ba6fe5d5,250,83.33,4.23,1,6,4,0.019754,0.523562,Minotaur,minotaur(pow_w:0.50),2.18,1622,0
325,0,0x89100a8056319ba37491b32ba255004180607bc2,39.820587,1772388147,ae6fc03b380eaa83a50c6a7669ab57e0be813bbb8aa355fb02ae94e3ed47819a,156,78.00,4.48,1,6,5,0.019754,0.523563,Minotaur,minotaur(pow_w:0.50),1.79,1623,0
325,1,0xcb7977f4997b4252c0152e135dd79b3cfe35c1a5,26.641583,1772388149,cf5b34a0b8bf60a3db285fa120076370067fe9d79b6bc677fb1c10b34a938779,117,117.00,3.93,1,6,4,0.019761,0.523785,Minotaur,minotaur(pow_w:0.50),1.09,1624,0
325,2,0xd1cd4b808ce6b2841ad42746b64c5a047e857ef0,8.223304,1772388151,281624a32864407e6fee9c3845609bd496aef17a02cd70efa680f849909b76b8,193,96.50,4.28,1,6,4,0.019757,0.523814,Minotaur,minotaur(pow_w:0.50),1.49,1625,0
325,3,0x687bf2437a044a3e42ff2f8a79a8e54ba9601f70,15.058999,1772388154,19e9157a3154dbfc358d22cc08f06ff08c6ec5ab2d187c2a9093ab69ceab9d4f,250,83.33,3.75,1,5,4,0.019739,0.523445,Minotaur,minotaur(pow_w:0.50),2.12,1626,0
325,4,0x4414c05be2cf328f38d2e3ef4b705d6b894f044a,30.109849,1772388155,0d98c236a4e965a5636718e7a6f6c4e90e6cfce0b2288ea680722980a904de2d,148,74.00,3.74,1,5,4,0.019727,0.523264,Minotaur,minotaur(pow_w:0.50),1.68,1627,0
326,0,0xb2a7fe70a6f3137d38f6cb4c3ec6dd1e24f2d5f4,19.422958,1772388157,4ab2db71065f5cd0b9b36078a40194d855d1bb74e16518d9f03e29ba385849bb,112,112.00,3.96,1,6,4,0.019726,0.523331,Minotaur,minotaur(pow_w:0.50),0.99,1628,0
326,1,0xa9105f442328d397529b8e4e9e656fa89016ff45,9.454574,1772388159,e4b67ace7bd63a260acc6efdb9751eaa40bb97b35c67973e64f10b88af2f4356,197,98.50,4.35,1,6,4,0.019717,0.523268,Minotaur,minotaur(pow_w:0.50),1.46,1629,0
326,2,0x719361397abe003a91af76243e5f9c7a0cd4279f,47.588956,1772388162,09bc5305f092a93b949a1fe86d6db4829068f9e42a71b1c4ad6da3cd44fb6041,250,83.33,3.69,1,5,4,0.019700,0.522933,Minotaur,minotaur(pow_w:0.50),2.32,1630,0
326,3,0xaadc5fea232580cb8fba739ac5d05a48559c7e52,19.354593,1772388163,13e99c9289f14bab9e3e75df9517cc7e168a380732db73853749317fe8b1b4a7,170,85.00,3.85,1,5,4,0.019712,0.523125,Minotaur,minotaur(pow_w:0.50),1.84,1631,0
326,4,0xe478b1e4d1538274c0c70cbd7df877f9abab2f62,43.341036,1772388165,3c470b7c091c4f7284ad0a1d295b686c662bba6c6ff8cd7a10a79e00eeea907d,110,110.00,4.35,2,6,4,0.019703,0.523049,Minotaur,minotaur(pow_w:0.50),1.00,1632,0
327,0,0xa9105f442328d397529b8e4e9e656fa89016ff45,10.456994,1772388167,885c5c60f7c2e9e8f0267c6fbe72212ab680f257965473704f003528570db571,174,87.00,3.97,1,5,4,0.019712,0.523214,Minotaur,minotaur(pow_w:0.50),1.48,1633,0
327,1,0x4a217e35f6402e7f62a49f6d62e27c6585c2f3fd,38.524377,1772388169,9655b4a028d77dbfc61c40023abbe49db7df722a4ca6468aaaa60966b734611e,250,83.33,3.68,1,5,4,0.019696,0.522914,Minotaur,minotaur(pow_w:0.50),2.17,1634,0
327,2,0x719361397abe003a91af76243e5f9c7a0cd4279f,48.590566,1772388171,efb0d079f0f2954760dcf8cbc29877f6cab834b3f5953dee32fbda9ea223759c,177,88.50,3.89,2,5,4,0.019696,0.522914,Minotaur,minotaur(pow_w:0.50),1.72,1635,0
327,3,0xeaa5003682d7289190651081ae2bee847097afc5,32.788415,1772388173,e5aa833ab3d14eeaacd533efa0cf8dbecfacf5c05dba8a7060f59424d88e89fa,106,106.00,3.84,1,5,4,0.019714,0.523247,Minotaur,minotaur(pow_w:0.50),1.02,1636,0
327,4,0xe478b1e4d1538274c0c70cbd7df877f9abab2f62,44.342606,1772388175,28b2561bd9ecadda0c77eb92547abb54e7ca185b34863fd952aca6b365492c69,195,97.50,4.25,1,6,4,0.019715,0.523338,Minotaur,minotaur(pow_w:0.50),1.47,1637,0
328,0,0x81d019380961f92c2031b0a7fba69f7675145088,19.495913,1772388178,05f2b66d7318f323038d18c9c91d602c421866123e1a5b62c3f60bca0284f529,250,83.33,3.96,1,5,4,0.019724,0.523502,Minotaur,minotaur(pow_w:0.50),2.32,1638,0
328,1,0xaadc5fea232580cb8fba739ac5d05a48559c7e52,20.355453,1772388179,99a0d3ea87aa832118c8f1f27adb2f330d0d9cc51d5bb7c162e4f3b30954e925,182,91.00,3.72,1,5,4,0.019715,0.523419,Minotaur,minotaur(pow_w:0.50),1.87,1639,0
328,2,0x30509a8084fdfe6fe24d9c9a817c209ad194f8e3,61.736109,1772388181,2d5c76d664fb25a5372a5215eb1a955c7cdd755c20d777d21724384e9d8fbaec,108,108.00,4.44,1,6,5,0.019707,0.523360,Minotaur,minotaur(pow_w:0.50),1.00,1640,0
328,3,0xa068e3c9a21c8d8be636cd2d285895979ec3262e,17.966051,1772388183,818b8bd5b1bdb5447288ce0e2e8d725b579dbd87df28f94f1c6c4f410f4944ba,200,100.00,3.24,1,5,3,0.019729,0.523647,Minotaur,minotaur(pow_w:0.50),1.38,1641,0
328,4,0x63f4973c0df8a5358405f396dc0673a463c48de9,58.972527,1772388185,23d1e870bf7d6c3dd77763725627d74ff49c3e88c97448eddaf95aaa323519be,217,72.33,4.29,1,6,4,0.019719,0.523509,Minotaur,minotaur(pow_w:0.50),2.31,1642,0
329,0,0x4414c05be2cf328f38d2e3ef4b705d6b894f044a,31.110649,1772388187,d80604edcaec3909c3d72b7c5c81e14ea096250b04e67d523c0836266ff29e12,190,95.00,3.62,1,5,4,0.019739,0.523782,Minotaur,minotaur(pow_w:0.50),1.87,1643,0
329,1,0x7e40df5d801345015e84c843908efc6683665fa4,25.678249,1772388189,8c8a97eb537e54c9b85ce872fcd5ae4a69ae82ae871d68e009e6ae4015aac9ed,101,101.00,3.96,1,6,4,0.019739,0.523848,Minotaur,minotaur(pow_w:0.50),0.99,1644,0
329,2,0xa068e3c9a21c8d8be636cd2d285895979ec3262e,18.968141,1772388191,bc13c1085c771758ed6c05df976932735ab79c29207891042d136b7e9c10f018,220,110.00,3.48,1,5,3,0.019734,0.523858,Minotaur,minotaur(pow_w:0.50),1.42,1645,0
329,3,0x1cb1274c711a6c2e4e1596846e6ac604eeefb358,9.391701,1772388194,f0a588f3eed9bdc7fceba96cca367990496df0664b448cc206fecaf79051e167,228,76.00,4.22,1,6,4,0.019725,0.523754,Minotaur,minotaur(pow_w:0.50),2.25,1646,0
329,4,0x016d3fc36beee7caa8fbd6c1caa42461dd7f9850,5.858239,1772388195,e811e81a3809fb5ae8c0a00f9d456c7810d6fe4f1b96f32e371bc0e5f01f5aa8,178,89.00,3.66,1,5,4,0.019725,0.523754,Minotaur,minotaur(pow_w:0.50),1.97,1647,0
330,0,0x8c11ec9090dd820c076e57e899d9c604c79d6b32,34.592969,1772388197,d4058376ccf72fa1021386d67f13e3f6b55562b637a6c6395c2f5e7062ff6c13,113,113.00,3.14,1,5,3,0.019689,0.522939,Minotaur,minotaur(pow_w:0.50),0.99,1648,0
330,1,0xeaa5003682d7289190651081ae2bee847097afc5,33.790125,1772388199,bf2b4aeb26bc3f061278e24dffbbba66b5867f230d7985319c7e6105107fd08a,234,78.00,4.15,1,6,4,0.019691,0.523054,Minotaur,minotaur(pow_w:0.50),2.40,1649,0
330,2,0x6064b9f5883bf9737dfe314ff68c56e09e68ac89,22.194459,1772388202,d47bdceff2bf20c2d9d0c8351837ee7a51097c3e0d874afdb5d42be76f886b51,240,120.00,4.20,1,6,4,0.019692,0.523154,Minotaur,minotaur(pow_w:0.50),2.13,1650,0
330,3,0x30509a8084fdfe6fe24d9c9a817c209ad194f8e3,62.737929,1772388203,42f87085397e8bfe728600bed5c9507f6eae622639e55a1e378e3bbb1407ed77,152,76.00,3.86,1,5,4,0.019685,0.523131,Minotaur,minotaur(pow_w:0.50),1.79,1651,0
330,4,0xeb82a21cb3d0dd781eb22ad74bb7cd9b4d2a06ec,33.948065,1772388205,6c2bf26a97a30d757159aa2af4f4244f7373444745a85564216ce75a44c25041,84,84.00,3.55,1,5,4,0.019708,0.523415,Minotaur,minotaur(pow_w:0.50),1.00,1652,0
331,0,0xbc3f8508d26048f2064aa8c068f4c94d08d77d18,47.111349,1772388207,c7feac957a88fd662c0b0730144e8c77a643594d1fe1dc0dfd51043e5c81bb78,221,110.50,4.03,1,6,4,0.019709,0.523507,Minotaur,minotaur(pow_w:0.50),1.43,1653,0
331,1,0x49b57eb4dace37c8819daf079c9c674f766d4f38,26.245470,1772388209,6cb00922b650513c9b058d2a259229dc953f4a37f3df28d4e49466c82c0a1d81,249,83.00,4.14,1,6,4,0.019709,0.523508,Minotaur,minotaur(pow_w:0.50),2.18,1654,0
331,2,0x30509a8084fdfe6fe24d9c9a817c209ad194f8e3,63.738699,1772388211,86eba2debd8d5b1f847450c8d9230397bac5c34226e2483a4102247635201e4f,153,76.50,4.05,2,6,4,0.019709,0.523508,Minotaur,minotaur(pow_w:0.50),1.71,1655,0
331,3,0xc24b36dee27726233c3bbd9e1f028f98b6b2a424,22.416719,1772388213,57a6afbe32753db85019669887b04e5cdc82bc0cac0794e34b6a5f8a5b29d051,107,107.00,3.44,1,5,3,0.019733,0.523792,Minotaur,minotaur(pow_w:0.50),1.05,1656,0
331,4,0x28672c71695142588ed26ada6f4b18b8b6c12308,12.679858,1772388215,909759023ffb135bb5f83edea0035237aa03372021756c62f0d1699a0430226d,181,90.50,4.08,2,6,4,0.019726,0.523763,Minotaur,minotaur(pow_w:0.50),1.48,1657,0
332,0,0xeb82a21cb3d0dd781eb22ad74bb7cd9b4d2a06ec,34.950175,1772388218,0a40751239b80c636144572cc28ce041249463d38d1e28fce86f0c436aa48b88,250,83.33,3.59,1,5,4,0.019711,0.523519,Minotaur,minotaur(pow_w:0.50),2.15,1658,0
332,1,0xaadc5fea232580cb8fba739ac5d05a48559c7e52,21.356113,1772388219,1ef6cd9e366f27b8fe582a0910b6519b1a7b53dfa35087e4e716ff02c5b83403,250,125.00,4.13,1,6,4,0.019711,0.523520,Minotaur,minotaur(pow_w:0.50),1.90,1659,0
332,2,0x269cdf52f97e1d9f14b7be895155a7b294f0b21d,11.713503,1772388221,cfd382c59ef28a758291d22f0a43fdd75da4e86ee72f6e57e960044fa1f58e08,36,36.00,4.39,3,6,4,0.019704,0.523465,Minotaur,minotaur(pow_w:0.50),1.92,1660,0
332,3,0xa3786e459f289a76c0e8af8ad834e3d0c6d47199,49.770073,1772388223,903465d403dcf078ad02237d9257055773d76b0dc3d2ea8457a29686aef7e7eb,206,103.00,3.59,1,5,4,0.019689,0.523202,Minotaur,minotaur(pow_w:0.50),1.41,1661,0
332,4,0xd39dbd3662315e3935ec08e6b6028e73b3c09de2,18.919930,1772388225,c86ba98879b61f7691542ab82aa57493dab1300fa00c6a909695c6ff7c12b381,238,79.33,4.18,2,6,4,0.019702,0.523445,Minotaur,minotaur(pow_w:0.50),2.27,1662,0
333,0,0xac768e60b9269babb15cb1e36ee843243d7c7543,49.773208,1772388227,35930ea300f078196611090d89de327011e4924b6378d2e6af85be3db277ea0e,146,73.00,4.53,1,6,5,0.019702,0.523445,Minotaur,minotaur(pow_w:0.50),1.87,1663,0
333,1,0xa447d277b02012c2afd9ddcbbe123f27cc971963,19.805765,1772388229,d577abc1e9064822c92bbc603a1026714f125f898334715dab6f4f5c5912b1c9,109,109.00,4.06,1,6,4,0.019705,0.523559,Minotaur,minotaur(pow_w:0.50),1.07,1664,0
333,2,0xaadc5fea232580cb8fba739ac5d05a48559c7e52,22.356293,1772388231,184ea3d9b33c72f567d5fa7c890abe8b353142dd50781f552338aa6da0f488ea,182,91.00,3.50,1,5,4,0.019696,0.523472,Minotaur,minotaur(pow_w:0.50),1.49,1665,0
333,3,0x26d553a2f4343b3a7dc88bbd87b3d0a25d3838d9,49.281970,1772388233,97a2bf9e76111e35afe62aa4c3cc1ad9c1f2c0fa0ec4fb01bb38548b31f9f372,243,81.00,4.35,1,6,4,0.019689,0.523430,Minotaur,minotaur(pow_w:0.50),2.30,1666,0
333,4,0xbc3f8508d26048f2064aa8c068f4c94d08d77d18,47.111139,1772388235,962a1133de6efe3eb96493d53cb3c534cc7637d5bcf1bf5c05568d3270df912a,187,93.50,3.80,2,6,4,0.019689,0.523431,Minotaur,minotaur(pow_w:0.50),1.76,1667,0
334,0,0xcdc82b7c868072205a399d0f68e6e3ad3bfd1ca6,3.181701,1772388237,52ea5a79644b8deb440490c7135c036b4908d25054fd02dd6e1a4fa02656017c,106,106.00,4.32,1,6,4,0.019712,0.523812,Minotaur,minotaur(pow_w:0.50),1.00,1668,0
334,1,0x606627477c3734932f47972f83c27cf4e3b35b4f,43.420867,1772388239,b8938e1a747e60eff562f1a7a9e770fd666ebf62a52dac5ea7470f46e3bfc90b,219,109.50,3.56,1,5,4,0.019691,0.523202,Minotaur,minotaur(pow_w:0.50),1.40,1669,0
334,2,0x719361397abe003a91af76243e5f9c7a0cd4279f,49.590986,1772388241,8bbd05ca4c91e9a15c1a3f5eff714fff3aa15ce38fd98d9d1340cc812b120020,237,79.00,3.62,1,5,4,0.019699,0.523351,Minotaur,minotaur(pow_w:0.50),2.08,1670,0
334,3,0xbc3f8508d26048f2064aa8c068f4c94d08d77d18,48.112119,1772388244,596e7f53e7c1d37d7219e6105fdf197dd91b5899bbac3398210d88335abb8628,139,69.50,3.94,1,5,4,0.019712,0.523557,Minotaur,minotaur(pow_w:0.50),1.39,1671,0
334,4,0x30405867b72597aaeb27803bb2c7f3f5fc7d5384,14.512454,1772388246,4ae264569d2a189aad1750dfbb3cd076c3811bddb579a508c474ef41a3f5a94b,184,92.00,4.29,1,6,4,0.019723,0.523740,Minotaur,minotaur(pow_w:0.50),1.55,1672,0
335,0,0x9ba702916c26a8583a7f277d6932b3c0d9927ce0,5.174917,1772388248,a38cbe18c96d322c31487c1ac2821ce9ee1f23e013ac429075d2fc2b4e832374,214,107.00,3.51,1,5,4,0.019711,0.523551,Minotaur,minotaur(pow_w:0.50),1.46,1673,0
335,1,0xeaa5003682d7289190651081ae2bee847097afc5,34.792055,1772388250,55421820c3570f6c905a5cdb8ffef500c119d619e70e9e8c96e9444b4acc5c9b,216,72.00,3.50,1,5,4,0.019691,0.523061,Minotaur,minotaur(pow_w:0.50),2.24,1674,0
335,2,0x8719ca31b72ae8a5404006763c53d5ad503dbcb0,5.095605,1772388253,57fd82415384a5134140036090adca61c7dd913a88557e4cf97f113ea8c1bdd6,250,125.00,4.35,1,6,4,0.019693,0.523162,Minotaur,minotaur(pow_w:0.50),1.92,1675,0
335,3,0x8d9e46becf415ca26aa698c9657087e6554aabda,8.371546,1772388254,0f747c68eb7791b0deaf8f2268985ea6d941a67de3e243a4362564df94954d35,127,63.50,4.08,1,6,4,0.019673,0.522659,Minotaur,minotaur(pow_w:0.50),1.41,1676,0
335,4,0xbc3f8508d26048f2064aa8c068f4c94d08d77d18,49.113819,1772388256,90aec7f3909e4bef51da65c66b58e447ae2184875d77b3027e12a3ff69f0f584,97,97.00,3.62,1,5,4,0.019656,0.522294,Minotaur,minotaur(pow_w:0.50),0.97,1677,0
336,0,0x30405867b72597aaeb27803bb2c7f3f5fc7d5384,15.514484,1772388258,3fd45770997b5e84544913b9265d84a3817cde287deb125238eef19347084439,205,68.33,4.24,1,6,4,0.019668,0.522479,Minotaur,minotaur(pow_w:0.50),2.35,1678,0
336,1,0xa068e3c9a21c8d8be636cd2d285895979ec3262e,19.969751,1772388261,7b3abd393d0e88005d15134ed567fcafe4b8abb36a9221505777bfef08fae27b,250,125.00,3.51,1,5,4,0.019668,0.522480,Minotaur,minotaur(pow_w:0.50),1.98,1679,0
336,2,0x0d91704595bff3aec25d40822498a51c62b05e3a,14.562946,1772388262,90430d2e35d10d7f5b98abf627cf69c4ede6b0cf69ce503e2badd6492623563e,129,64.50,4.29,1,6,4,0.019659,0.522391,Minotaur,minotaur(pow_w:0.50),1.14,1680,0
336,3,0xb2a7fe70a6f3137d38f6cb4c3ec6dd1e24f2d5f4,20.424058,1772388264,acdfb6332b116a138966ac73df1a81c979f6780e02ab54017abf987aaa931f40,108,108.00,3.38,2,6,3,0.019647,0.522194,Minotaur,minotaur(pow_w:0.50),0.99,1681,0
336,4,0xc24b36dee27726233c3bbd9e1f028f98b6b2a424,23.417949,1772388266,0236d51fc91450e98ec3b93c8ddf932cec148b7a887de4f76505410a5c482ef3,216,72.00,4.16,1,6,4,0.019638,0.522115,Minotaur,minotaur(pow_w:0.50),2.38,1682,0
337,0,0x719361397abe003a91af76243e5f9c7a0cd4279f,50.592046,1772388269,29af61f462fa9503d9a567f6a049afdf90a88116af44a2bd6b7061c34f63a37c,250,125.00,3.98,1,5,4,0.019632,0.522096,Minotaur,minotaur(pow_w:0.50),2.11,1683,0
337,1,0x95ab54d268473cce82094026afefdbd5cadf418b,24.605808,1772388270,01b451f68b230a43cdcedd88870efe80c7102c96a0ca3c214c00f04a8e4249cb,120,60.00,3.80,1,5,4,0.019632,0.522097,Minotaur,minotaur(pow_w:0.50),1.72,1684,0
337,2,0x58a21eeb7ab18ba8adf1296e66a4487076e95dac,50.147154,1772388272,de037fbb59a131fe9edcd3b8bf0bd5104e7e338f9face88900c31a9315a9c358,94,94.00,4.55,2,6,5,0.019639,0.522330,Minotaur,minotaur(pow_w:0.50),1.00,1685,0
337,3,0x89100a8056319ba37491b32ba255004180607bc2,40.820437,1772388274,c71c6770e711702f45b8e158d9ba9a97d2c499710348b922d2d869d3650a2efc,236,78.67,3.86,1,5,4,0.019652,0.522546,Minotaur,minotaur(pow_w:0.50),2.20,1686,0
337,4,0xd61b00c297972877b45f8d7f4d67fdaf20c67c59,10.323381,1772388277,e482ef77f3b448289d66f6257888e24c99452b338b242ac04bef6c8e5f51eff5,243,121.50,3.91,2,6,4,0.019658,0.522682,Minotaur,minotaur(pow_w:0.50),1.83,1687,0
338,0,0xbc3f8508d26048f2064aa8c068f4c94d08d77d18,50.115699,1772388278,eaf6f3727232114f4e3725dd2dc469d4ce2d2058b9b9c2e2655d77a3a5270185,111,55.50,4.49,1,6,5,0.019642,0.522376,Minotaur,minotaur(pow_w:0.50),1.18,1688,0
338,1,0xe6ebb0cdfd04183d498964e5efc4096ba77b17d6,48.344363,1772388280,dbecc74f82a8c33f58525d65af3dca1de7c145fb1e0deb233d3b7170590c430c,103,103.00,4.20,2,6,4,0.019655,0.522579,Minotaur,minotaur(pow_w:0.50),0.99,1689,0
338,2,0x016d3fc36beee7caa8fbd6c1caa42461dd7f9850,6.858539,1772388282,438b6fb37fed0722921489f97116e67b65b3b753c7faf04c5189dbadaeda5300,214,107.00,4.07,1,6,4,0.019666,0.522751,Minotaur,minotaur(pow_w:0.50),1.25,1690,0
338,3,0x719361397abe003a91af76243e5f9c7a0cd4279f,51.593116,1772388285,259eceb47ba7a8b09bc9a2690d3fc0af99e8cb43da2c7431aeea8df7395e76c7,250,83.33,3.27,1,4,3,0.019666,0.522751,Minotaur,minotaur(pow_w:0.50),2.00,1691,0
338,4,0x13f9dadc05f6c237b03411e2aed1800cf21a5d89,7.257692,1772388286,01f5f52eee23ce368dc9886951bc4dae0f41327c4aecca8588b0e6da6a4eef02,131,65.50,3.88,1,5,4,0.019679,0.522994,Minotaur,minotaur(pow_w:0.50),1.64,1692,0
339,0,0x13f9dadc05f6c237b03411e2aed1800cf21a5d89,8.258622,1772388288,8c05427c32bdf96c246be31451e0b4d7f1ad8180d5f8fec1c82741ed33ea4f4f,95,95.00,3.13,1,5,3,0.019662,0.522596,Minotaur,minotaur(pow_w:0.50),0.98,1693,0
339,1,0x81d019380961f92c2031b0a7fba69f7675145088,20.496673,1772388290,b0acbf71ff90e16df076196a255ab6a3e6df0e2293b07101f927945ffb86e40f,250,83.33,3.00,2,5,3,0.019644,0.522221,Minotaur,minotaur(pow_w:0.50),2.16,1694,0
339,2,0x606627477c3734932f47972f83c27cf4e3b35b4f,44.422717,1772388293,7e1900956835c00e87e59db1874ac0c3a7e3bec4b92c872a7e54c555c4465162,204,102.00,3.67,1,5,4,0.019644,0.522221,Minotaur,minotaur(pow_w:0.50),1.74,1695,0
339,3,0x4414c05be2cf328f38d2e3ef4b705d6b894f044a,32.110589,1772388294,983e875594af8c9836069012d1193f9495638ad5e5cec2390cd2a100f133be0e,232,116.00,3.67,1,5,4,0.019653,0.522370,Minotaur,minotaur(pow_w:0.50),1.65,1696,0
339,4,0xb2a7fe70a6f3137d38f6cb4c3ec6dd1e24f2d5f4,21.425918,1772388296,46006ffd3f6e407b35110b6492ea66b8a483082bcaf5d59631eb75e579b7905a,110,110.00,3.89,2,6,4,0.019652,0.522441,Minotaur,minotaur(pow_w:0.50),1.00,1697,0
340,0,0x63f4973c0df8a5358405f396dc0673a463c48de9,59.973457,1772388298,848bdc811fad81b69e3e8a348ca59297981f02a8e5b90021b5a76db2095c019c,215,107.50,4.17,1,6,4,0.019645,0.522377,Minotaur,minotaur(pow_w:0.50),1.40,1698,0
340,1,0xb2a7fe70a6f3137d38f6cb4c3ec6dd1e24f2d5f4,22.428048,1772388301,2bad50c451fa3ff5610d89864f52c2efeac39d3b1287f2c62174e66408897ff9,250,83.33,3.60,1,5,4,0.019664,0.522643,Minotaur,minotaur(pow_w:0.50),2.03,1699,0
340,2,0x4a217e35f6402e7f62a49f6d62e27c6585c2f3fd,39.524787,1772388302,ea7b219785b306bccc4f3543937b488b3c5b37385439defb802f2f7a1eea0c89,110,55.00,4.24,1,6,4,0.019657,0.522592,Minotaur,minotaur(pow_w:0.50),1.17,1700,0
340,3,0x13f9dadc05f6c237b03411e2aed1800cf21a5d89,9.261012,1772388304,99050f49ebf31e428b42e3bd89a55b994f62df4f9fd11b237fbe3dec6941fc3e,108,108.00,3.54,1,5,4,0.019661,0.522716,Minotaur,minotaur(pow_w:0.50),0.99,1701,0
340,4,0xa3786e459f289a76c0e8af8ad834e3d0c6d47199,50.771673,1772388306,4343fcf966e344080bb43d207d2d6087fb55cf0936eb739bb09734e3ca4b1dd1,225,112.50,2.88,1,5,3,0.019645,0.522365,Minotaur,minotaur(pow_w:0.50),1.26,1702,0
341,0,0x4a217e35f6402e7f62a49f6d62e27c6585c2f3fd,40.525817,1772388309,784b207dcb6c124b0f36df255e3433996c5855fb49c44e454ec3cc1b9c87fbd0,226,75.33,4.06,1,6,4,0.019658,0.522587,Minotaur,minotaur(pow_w:0.50),2.04,1703,0
341,1,0x1796dc61e715f15a2d27dfa32bd34780f12a8c24,29.742391,1772388310,70fe5346bbcc88978e2f602d884b94e54b5aae9f99bef2738e545d73e46f455b,154,77.00,3.77,1,5,4,0.019663,0.522710,Minotaur,minotaur(pow_w:0.50),1.62,1704,0
341,2,0x606627477c3734932f47972f83c27cf4e3b35b4f,45.424937,1772388312,ffaba4db5e207ddc911bbc3c138c581dd3598a278958b16cba15dd04f50b5392,93,93.00,3.40,1,5,3,0.019661,0.522762,Minotaur,minotaur(pow_w:0.50),0.98,1705,0
341,3,0xe6ebb0cdfd04183d498964e5efc4096ba77b17d6,49.346133,1772388314,af55a77fbcc78052bc00a17e0715b5202bda858079deb7dd957cdbd600ef75e0,212,106.00,3.61,1,5,4,0.019670,0.522921,Minotaur,minotaur(pow_w:0.50),1.44,1706,0
341,4,0xe6ebb0cdfd04183d498964e5efc4096ba77b17d6,50.348533,1772388316,ac720cf1d6eaed60b803673463209d20a5569433f94097ef6b3925a703aaebf1,241,80.33,4.05,1,6,4,0.019681,0.523092,Minotaur,minotaur(pow_w:0.50),2.12,1707,0
342,0,0xdcf2130496e27a8094ab996aea4aa77788d65869,53.561867,1772388319,7a181e128e42d9a365b3cd961f5abe6e844653e2ffa082f70c65f39ddc885f24,141,70.50,4.25,1,6,4,0.019694,0.523285,Minotaur,minotaur(pow_w:0.50),1.65,1708,0
342,1,0xeb82a21cb3d0dd781eb22ad74bb7cd9b4d2a06ec,34.949175,1772388320,4912ddc26f1d0e560249ead2906eae4b0d86af4ce2216f848627560307e38ec8,195,97.50,3.98,2,5,4,0.019708,0.523538,Minotaur,minotaur(pow_w:0.50),1.47,1709,0
342,2,0x6064b9f5883bf9737dfe314ff68c56e09e68ac89,23.194729,1772388322,f27ac74c6b3756dbadc8926668c82339b9315aa680420a387e19993243535fe1,100,100.00,4.15,1,6,4,0.019709,0.523631,Minotaur,minotaur(pow_w:0.50),0.98,1710,0
342,3,0xa3786e459f289a76c0e8af8ad834e3d0c6d47199,51.773773,1772388324,bec7646fc4173adf95142769a1ae18acd6773d466387045b00262565f285da0c,187,93.50,3.87,1,5,4,0.019703,0.523595,Minotaur,minotaur(pow_w:0.50),1.36,1711,0
342,4,0x63f4973c0df8a5358405f396dc0673a463c48de9,60.975717,1772388327,dc2979c483324e91af4f2a563802da0f73b7e4b7c6135b1277d95243bd87e0a5,250,83.33,4.12,1,6,4,0.019716,0.523826,Minotaur,minotaur(pow_w:0.50),2.08,1712,0
343,0,0xc577329e86aaecb006f17fb90499c54671119935,3.292672,1772388328,d67c28044932e444b7a5d6b79688d51c5c60e22899e32cfc29134412e5a6f8c3,169,84.50,3.73,1,5,4,0.019716,0.523826,Minotaur,minotaur(pow_w:0.50),1.58,1713,0
343,1,0x63f4973c0df8a5358405f396dc0673a463c48de9,60.975667,1772388330,e80b97b07645fa20940e9a4a913587031bca148e1a2e6cae543b22ced08b657c,116,116.00,4.09,3,6,4,0.019695,0.523230,Minotaur,minotaur(pow_w:0.50),1.01,1714,0
343,2,0x4414c05be2cf328f38d2e3ef4b705d6b894f044a,33.111299,1772388332,2c13a0dd4a9baa34751427eb4a537c393b7ca137b302c6c5c19efc942f14108a,219,109.50,3.55,1,5,4,0.019714,0.523494,Minotaur,minotaur(pow_w:0.50),1.41,1715,0
343,3,0x408bb0bf84df50b21c53c74420987f172d4036a1,10.784464,1772388335,1d36bc98adcdb76f8da95b9e9dc35b916991e06a7bd2638eb77a3dd57994a22c,250,83.33,3.88,1,6,4,0.019715,0.523569,Minotaur,minotaur(pow_w:0.50),2.08,1716,0
343,4,0x2abf89d7c96c80fcff9dec1fe92803573094ee35,6.205665,1772388336,5f917f43645869e48a4b2530144ae38735ddc51e23d75df0da0a281d9b1f66d5,154,77.00,3.75,2,5,4,0.019715,0.523569,Minotaur,minotaur(pow_w:0.50),1.60,1717,0
344,0,0x9c39f7fffaa5c5cfab20dfdd05663497918580c1,3.397708,1772388338,380b7db6e7ee84d0081cadcacf936a66c17fa126748fdd61a72c2579654e8c8b,111,111.00,3.82,1,6,4,0.019696,0.523121,Minotaur,minotaur(pow_w:0.50),0.99,1718,0
344,1,0xe6ebb0cdfd04183d498964e5efc4096ba77b17d6,51.349753,1772388340,9aed6cb8a72cb391f5736405afe370244c50447072ddf734b6d1e41974a4e27e,196,98.00,4.07,1,6,4,0.019676,0.522524,Minotaur,minotaur(pow_w:0.50),1.41,1719,0
344,2,0x34412315480562da4810040fd15c81f99880e1ab,18.896933,1772388343,689d95810dedcb118b5b7b742e6a03fdb055d6395becd53ddd8e1ebd94caac9d,249,83.00,4.15,1,6,4,0.019688,0.522740,Minotaur,minotaur(pow_w:0.50),2.09,1720,0
344,3,0x26d553a2f4343b3a7dc88bbd87b3d0a25d3838d9,50.282660,1772388344,6a41716ab8e732a2795992358d34d9db0de65b681f8233eed64c135199fcdf1c,91,45.50,4.31,3,6,4,0.019678,0.522616,Minotaur,minotaur(pow_w:0.50),1.36,1721,0
344,4,0xe478b1e4d1538274c0c70cbd7df877f9abab2f62,45.343396,1772388346,94ee8a78a081967e7da756d87242b28350dee1ede1a4fdd046ec47fb83f8fe30,88,88.00,3.59,1,5,4,0.019690,0.522794,Minotaur,minotaur(pow_w:0.50),0.99,1722,0
345,0,0x687bf2437a044a3e42ff2f8a79a8e54ba9601f70,16.058699,1772388348,3e34dacfb0c16b59d3426c84681d8ad8aa02e4840d47a3aebeddd10c55882720,229,114.50,4.14,1,6,4,0.019699,0.522940,Minotaur,minotaur(pow_w:0.50),1.53,1723,0
345,1,0xd46407aa7b668c72de3cf1c1a12b7fa2e308a1b2,28.999019,1772388350,2c0e4789c29bda8c6558199abbeeebe6e9674555b5a1f8740c8a03fb4b94516c,234,78.00,3.73,1,5,4,0.019687,0.522780,Minotaur,minotaur(pow_w:0.50),2.06,1724,0
345,2,0xdcf2130496e27a8094ab996aea4aa77788d65869,54.563517,1772388353,6b9a42c089992c9e5b42ed92c12ea703a678016292b1530e6be8c80e3a43036a,199,99.50,3.93,1,5,4,0.019684,0.522820,Minotaur,minotaur(pow_w:0.50),1.73,1725,0
345,3,0xd46407aa7b668c72de3cf1c1a12b7fa2e308a1b2,30.000989,1772388354,b5921263da0faa45597160af859905e7fbcce6a6bfce9e44ef48a5939d2c526f,188,94.00,3.96,1,5,4,0.019684,0.522820,Minotaur,minotaur(pow_w:0.50),1.49,1726,0
345,4,0xf6e059718dbd0a0956726ab97d06bad5efc6cd18,6.995457,1772388356,f704436efe446d172b579db8c37bd4aca1ce4044be7d1b7dcd0dc38638ef102f,100,100.00,3.71,1,5,4,0.019682,0.522864,Minotaur,minotaur(pow_w:0.50),0.94,1727,0
346,0,0x7e40df5d801345015e84c843908efc6683665fa4,26.678509,1772388358,d72c3cbc6a8ed204e7523d40d02c24e02dbc94915b99a60f90183d3653ba77e6,233,77.67,3.59,1,5,4,0.019664,0.522451,Minotaur,minotaur(pow_w:0.50),2.22,1728,0
346,1,0xbc3f8508d26048f2064aa8c068f4c94d08d77d18,51.116019,1772388361,fed60aded603ee9065a4fbcefd0603b805e81e4352b98306469be4277652b3f1,250,125.00,3.52,1,5,4,0.019660,0.522469,Minotaur,minotaur(pow_w:0.50),1.98,1729,0
346,2,0xaadc5fea232580cb8fba739ac5d05a48559c7e52,23.357423,1772388362,7512290791640ede697c9bf10f29764f8fd7865700af0883639c0bc3f76f56dd,128,64.00,4.49,2,6,5,0.019672,0.522669,Minotaur,minotaur(pow_w:0.50),1.45,1730,0
346,3,0x89100a8056319ba37491b32ba255004180607bc2,41.821997,1772388364,d633b623b55e155422dbfc68ddee7f9d842a46e3c4c436156c940145d4eeaa37,83,83.00,4.37,1,6,5,0.019665,0.522629,Minotaur,minotaur(pow_w:0.50),0.99,1731,0
346,4,0x719361397abe003a91af76243e5f9c7a0cd4279f,52.593726,1772388366,d64199ef2fc01abedcf0d202622b14d674f7fd07c66ead754de930c33cf7b03b,222,74.00,3.78,1,6,4,0.019671,0.522762,Minotaur,minotaur(pow_w:0.50),2.35,1732,0
347,0,0x63f4973c0df8a5358405f396dc0673a463c48de9,61.977487,1772388369,aeca315c95d6329a00a61204c77a8e00907823bc66012d5d9af0b5ca566bd89f,250,125.00,3.83,1,5,4,0.019684,0.522998,Minotaur,minotaur(pow_w:0.50),2.08,1733,0
347,1,0xac768e60b9269babb15cb1e36ee843243d7c7543,50.773008,1772388370,23bee2d1aed1a89f5576db0514091bb7fbdb5a2a0ac8ec5a1840f5e05e6fc2e1,124,62.00,3.56,1,5,4,0.019704,0.523259,Minotaur,minotaur(pow_w:0.50),1.45,1734,0
347,2,0xa068e3c9a21c8d8be636cd2d285895979ec3262e,20.969911,1772388372,a5f3b5561adf6320bc142a537c6a5d2e532f21904644657fdb917b0cfffbe791,95,95.00,3.96,1,6,4,0.019715,0.523440,Minotaur,minotaur(pow_w:0.50),0.99,1735,0
347,3,0x07902d0371763a00d97ed9ba16ff0a206cb0fd19,32.561199,1772388374,eb26ee2cc4185aeb6ff2fda895c95aed8c7610beecc6e99d0b8c992201f3abc1,216,108.00,4.26,1,6,4,0.019707,0.523363,Minotaur,minotaur(pow_w:0.50),1.47,1736,0
347,4,0xd46407aa7b668c72de3cf1c1a12b7fa2e308a1b2,31.001739,1772388377,b0397cb92347a0dada64e85e995709c04c42a1be52237171a41fa1b76c67160e,250,83.33,2.78,1,4,3,0.019707,0.523363,Minotaur,minotaur(pow_w:0.50),2.08,1737,0
348,0,0x6d6b2734a20229ddd7fd4a1470ba3e3bad4e4a85,11.626604,1772388378,b1fd1c2f497258a12af772383a913e9052cb46503521abe929276c9dfd2718a6,151,75.50,3.91,1,5,4,0.019705,0.523414,Minotaur,minotaur(pow_w:0.50),1.58,1738,0
348,1,0x3513d672439a59c26cc5711f2b715ccb4810a774,22.298665,1772388380,2fe9b975eb83205f1fa16258287134e9bd0bd2228fb75105067eb0a96eea47cb,99,99.00,3.66,1,5,4,0.019691,0.523152,Minotaur,minotaur(pow_w:0.50),0.98,1739,0
348,2,0x408bb0bf84df50b21c53c74420987f172d4036a1,10.783974,1772388382,ab52604a7e853dc5117abe1b9070be748a852ead1944a700b16f9a4b4bf4a6a3,228,114.00,3.73,1,5,4,0.019683,0.523086,Minotaur,minotaur(pow_w:0.50),1.32,1740,0
348,3,0x49b57eb4dace37c8819daf079c9c674f766d4f38,26.243800,1772388385,2f242fc21e15824c01f37d73188ce71611f52f54593f415808b3ad14a1816984,250,83.33,3.56,1,5,4,0.019668,0.522798,Minotaur,minotaur(pow_w:0.50),1.94,1741,0
348,4,0x07902d0371763a00d97ed9ba16ff0a206cb0fd19,32.561129,1772388386,bdde8bd06114330993fa124ad656f4bcfa51950a8b1541d730f3e0bc7286bd19,133,66.50,4.07,1,6,4,0.019668,0.522798,Minotaur,minotaur(pow_w:0.50),1.39,1742,0
349,0,0xa9105f442328d397529b8e4e9e656fa89016ff45,11.457504,1772388388,90ce070c886ade7e202538e545450c43c5a6fa39bd58f5abab2952bdf97890ba,104,104.00,2.83,2,4,3,0.019663,0.522865,Minotaur,minotaur(pow_w:0.50),1.01,1743,0
349,1,0xeaa5003682d7289190651081ae2bee847097afc5,35.793145,1772388390,8a831d05a80c607786212f929cf45b620d12d24a8a1a9e95143a88d0732b0d33,236,78.67,3.80,1,6,4,0.019648,0.522588,Minotaur,minotaur(pow_w:0.50),2.39,1744,0
349,2,0xb2a7fe70a6f3137d38f6cb4c3ec6dd1e24f2d5f4,23.428268,1772388393,5d87506b029134275f9e68a9e6dca40ebb4ce07faa2278b02e927ba25033be7e,221,110.50,4.26,1,6,4,0.019649,0.522695,Minotaur,minotaur(pow_w:0.50),2.00,1745,0
349,3,0x8c11ec9090dd820c076e57e899d9c604c79d6b32,35.593339,1772388394,2b769a1ae94dc3af867244107d1b2da2426d5e42bf12b49fc5a89209a7094321,129,64.50,4.36,2,6,4,0.019643,0.522645,Minotaur,minotaur(pow_w:0.50),1.60,1746,0
349,4,0x687bf2437a044a3e42ff2f8a79a8e54ba9601f70,17.060479,1772388396,edc9d72c3cefaa7a30cd69ce10411dea357bf9f2178439be847f929ec5613344,101,101.00,4.18,1,6,4,0.019644,0.522739,Minotaur,minotaur(pow_w:0.50),1.05,1747,0
350,0,0xe478b1e4d1538274c0c70cbd7df877f9abab2f62,46.345216,1772388398,7f7cf5e5c8b0e04631a697fbcff0e203f88fef2e935ff027f1e08cfa9cb1d5b8,216,108.00,3.70,1,6,4,0.019633,0.522582,Minotaur,minotaur(pow_w:0.50),1.38,1748,0
350,1,0xc24b36dee27726233c3bbd9e1f028f98b6b2a424,24.419189,1772388401,a8931a575041e19f485bb626023427490a293d47bbb26fdc659bcaf126c3174e,250,83.33,4.02,1,6,4,0.019642,0.522736,Minotaur,minotaur(pow_w:0.50),2.24,1749,0
350,2,0xf6e059718dbd0a0956726ab97d06bad5efc6cd18,7.997347,1772388402,772995985197fef7eff82f73075382576898261468933985a34d704e085b4dbb,184,92.00,4.00,1,6,4,0.019642,0.522736,Minotaur,minotaur(pow_w:0.50),1.74,1750,0
350,3,0x408bb0bf84df50b21c53c74420987f172d4036a1,11.786264,1772388404,9b3df99852b53cc8a0ce8f9c5da907f8a3c1d2912ee3faff4fc8d1f83a31f695,96,96.00,3.71,1,5,4,0.019625,0.522357,Minotaur,minotaur(pow_w:0.50),1.01,1751,0
350,4,0x30509a8084fdfe6fe24d9c9a817c209ad194f8e3,64.737799,1772388406,d2f3dab974a2baa952b08e4822664259d3f821363f023556be7bd939bdd7297b,241,120.50,3.51,1,5,4,0.019610,0.522079,Minotaur,minotaur(pow_w:0.50),1.36,1752,0
351,0,0x2abf89d7c96c80fcff9dec1fe92803573094ee35,7.206055,1772388409,317a79d22c430d9071a1018980155ca1556ad0e797e3bc0cbd493725f52d7b50,250,83.33,3.35,2,5,3,0.019631,0.522350,Minotaur,minotaur(pow_w:0.50),2.11,1753,0
351,1,0xd61b00c297972877b45f8d7f4d67fdaf20c67c59,11.323191,1772388410,10750e0cfe6b0103068cc1d3850b90f92838e6d3063d911bafe287041b6b9143,143,71.50,3.65,1,5,4,0.019614,0.521940,Minotaur,minotaur(pow_w:0.50),1.59,1754,0
351,2,0x4a217e35f6402e7f62a49f6d62e27c6585c2f3fd,41.526397,1772388412,ddda991af8f188d276dbb3af4fcb61243d0fed96bfe38184f88cf47c92b7a24e,103,103.00,4.36,1,6,5,0.019599,0.521646,Minotaur,minotaur(pow_w:0.50),0.98,1755,0
351,3,0x63f4973c0df8a5358405f396dc0673a463c48de9,62.978237,1772388414,6336723dd31af076c2f725538847e41daa6de3629f120771ab188eafbfc4d8e0,204,102.00,3.65,1,5,4,0.019604,0.521767,Minotaur,minotaur(pow_w:0.50),1.40,1756,0
351,4,0x4414c05be2cf328f38d2e3ef4b705d6b894f044a,34.112999,1772388416,bb07b0c062d0174b5649fa0fce2deed17b4acb2a2ec8c00e8d42cfb8e57c81e6,233,77.67,3.51,1,5,4,0.019624,0.522026,Minotaur,minotaur(pow_w:0.50),2.13,1757,0
352,0,0x269cdf52f97e1d9f14b7be895155a7b294f0b21d,12.713583,1772388419,009266395a1c7b23707b76a4acea3a820f3e04d014bff72370e25c18244bbb52,210,105.00,3.81,1,5,4,0.019624,0.522100,Minotaur,minotaur(pow_w:0.50),1.83,1758,0
352,1,0x49b57eb4dace37c8819daf079c9c674f766d4f38,27.244780,1772388420,79bb1cefa035bd3f113152c5bf0af3ad3a78ce82f7d79e6d5a1308935e35789f,215,107.50,3.66,1,5,4,0.019610,0.521859,Minotaur,minotaur(pow_w:0.50),1.61,1759,0
352,2,0xb2a7fe70a6f3137d38f6cb4c3ec6dd1e24f2d5f4,24.429338,1772388422,50ab96987c4dfb5fbd879bb391d135f72804fc76a7906a162195c18ff6fbd2c7,86,86.00,4.05,1,6,4,0.019606,0.521878,Minotaur,minotaur(pow_w:0.50),0.99,1760,0
352,3,0x1796dc61e715f15a2d27dfa32bd34780f12a8c24,30.742271,1772388424,9dbfd0de42bf155f77bf69b2ee4738cb381ece543464a72ef91d5fb00bfe6d34,208,69.33,4.29,2,6,4,0.019600,0.521860,Minotaur,minotaur(pow_w:0.50),2.38,1761,0
352,4,0x07902d0371763a00d97ed9ba16ff0a206cb0fd19,33.561759,1772388427,3a7a469096cd8f775da66dc20bba9edd0bc9746231831f3fa8a6729ecdf4b775,250,125.00,3.36,1,5,3,0.019598,0.521900,Minotaur,minotaur(pow_w:0.50),2.06,1762,0
353,0,0x26d553a2f4343b3a7dc88bbd87b3d0a25d3838d9,51.282680,1772388428,52ea91a905137a2236c1ec3d9fc19988e0c397cea07ecc4b6998348ebd7f8660,120,60.00,2.73,1,4,3,0.019598,0.521962,Minotaur,minotaur(pow_w:0.50),1.48,1763,0
353,1,0xcb7977f4997b4252c0152e135dd79b3cfe35c1a5,27.640443,1772388430,3d983c4d16c65e911ab939b24de121ff98a35482fc733d7e8db913dc462ef90e,103,103.00,3.84,1,6,4,0.019609,0.522147,Minotaur,minotaur(pow_w:0.50),0.98,1764,0
353,2,0x37cc7a82e66d4f4c2ae13b9ee895d3af1a1d7a05,8.243175,1772388432,3ea403259ebe244f6aef85203d78db6ee590cce2d7916090f653fabf593c5da1,197,98.50,4.28,1,6,4,0.019605,0.522168,Minotaur,minotaur(pow_w:0.50),1.53,1765,0
353,3,0xc4dc29db975b952e04358340e56b68fa4ba63fbc,18.543741,1772388435,5d5954da1bb532961462f424e87253afb651e8886c5e37c28567c80aeb8e405d,250,83.33,4.00,1,6,4,0.019589,0.521786,Minotaur,minotaur(pow_w:0.50),2.29,1766,0
353,4,0xd46407aa7b668c72de3cf1c1a12b7fa2e308a1b2,32.002829,1772388436,02c1ccf007f9ce3cc5995d73f35a45e4dc36c2cd37f8e8b4f2b0f223d68239f8,176,88.00,3.84,2,5,4,0.019579,0.521654,Minotaur,minotaur(pow_w:0.50),1.72,1767,0
354,0,0x719361397abe003a91af76243e5f9c7a0cd4279f,53.595416,1772388438,bc1f1a541e1ee7c70e548e05ee5ff56b144b130b31fc1e83f2c60cb2af205b14,105,105.00,3.86,1,5,4,0.019577,0.521705,Minotaur,minotaur(pow_w:0.50),0.99,1768,0
354,1,0xa3786e459f289a76c0e8af8ad834e3d0c6d47199,52.775153,1772388440,65b04ebf582d0e4ff245caeafb34840ccbc49d291651e7c29339e1fd539527be,248,82.67,3.74,1,5,4,0.019590,0.521940,Minotaur,minotaur(pow_w:0.50),2.29,1769,0
354,2,0xdcf2130496e27a8094ab996aea4aa77788d65869,54.562657,1772388443,caa416bcc6f1a719f2a3361ecc527984ae146e4f130cc50cf45f14e0def508fc,227,113.50,4.19,1,6,4,0.019603,0.522162,Minotaur,minotaur(pow_w:0.50),1.94,1770,0
354,3,0xa3786e459f289a76c0e8af8ad834e3d0c6d47199,53.777413,1772388444,ffe773bb0c3a6b7e716e4b63b5f48cabba00f9a7fb72c8e59ef581f86995ee10,133,66.50,3.82,1,5,4,0.019616,0.522406,Minotaur,minotaur(pow_w:0.50),1.59,1771,0
354,4,0x4ba33404d90c4ae989714d9d174cd882cffb7994,16.109622,1772388446,bde40dbcc36cd586e90322351e1ac41e02055287a4eede2b2576503c93a2deaa,87,87.00,4.43,2,6,4,0.019629,0.522630,Minotaur,minotaur(pow_w:0.50),1.00,1772,0
355,0,0x49b57eb4dace37c8819daf079c9c674f766d4f38,28.245300,1772388448,080a29fdb73cf00c559fcf9dfec23fc7f544f00b7535016b4598a2d076fe29c6,197,98.50,4.47,1,6,5,0.019618,0.522464,Minotaur,minotaur(pow_w:0.50),1.47,1773,0
355,1,0x606627477c3734932f47972f83c27cf4e3b35b4f,46.425587,1772388450,4595c4ed41e726b3d0f92ddb82db897f9e2e63c3b23bd3f71b729fbd8ddb368c,250,83.33,3.80,1,6,4,0.019618,0.522465,Minotaur,minotaur(pow_w:0.50),2.28,1774,0
355,2,0xbc3f8508d26048f2064aa8c068f4c94d08d77d18,52.116229,1772388452,ad1fa25348ba867db2d208f27123158ceac6456378c5c83f061c6fbe04ed2cf2,186,93.00,3.68,1,5,4,0.019622,0.522629,Minotaur,minotaur(pow_w:0.50),1.73,1775,0
355,3,0xb2a7fe70a6f3137d38f6cb4c3ec6dd1e24f2d5f4,25.431038,1772388454,d057eb8c4b465ae5cf375b7ca351a3452becb17be29382391f604e50d820b6ed,97,97.00,4.37,2,6,4,0.019634,0.522835,Minotaur,minotaur(pow_w:0.50),1.00,1776,0
355,4,0xdb45667100590f9cfe78a899c3b02c5cd37008f1,3.022686,1772388456,0b619341eb8ca5d133b1be2d49a9ec3cb83cb00653cc3aaac6ed7929e58cd0cc,215,107.50,4.30,1,6,4,0.019628,0.522826,Minotaur,minotaur(pow_w:0.50),1.42,1777,0
356,0,0xd39dbd3662315e3935ec08e6b6028e73b3c09de2,19.919120,1772388458,92a4beb3ac0771903f21bafef1d7b1c364f23ffd550e6ef87647fbdaafd00e80,226,75.33,4.14,1,6,4,0.019608,0.522213,Minotaur,minotaur(pow_w:0.50),2.33,1778,0
356,1,0xdcf2130496e27a8094ab996aea4aa77788d65869,55.563817,1772388461,3e3b07021a4b5ffe59834a375d00ea124b24b07963aa87e9c613e6026f284ed3,244,122.00,4.46,1,6,5,0.019599,0.522110,Minotaur,minotaur(pow_w:0.50),2.00,1779,0
356,2,0x719361397abe003a91af76243e5f9c7a0cd4279f,54.597636,1772388462,f89669dfb309297697ac36fdceb45837e8fc8ead3f55370e54413720bcdbb393,126,63.00,4.15,1,5,4,0.019613,0.522353,Minotaur,minotaur(pow_w:0.50),1.46,1780,0
356,3,0xa5a12d96532497871d73549e55ab377e3dcb3a40,5.083602,1772388464,0a8a3b27fb8839722e4855c9f3c9bf7024fa72ef721e70e6b39f1e84d23a4227,99,99.00,3.72,1,5,4,0.019626,0.522583,Minotaur,minotaur(pow_w:0.50),0.98,1781,0
356,4,0x26d553a2f4343b3a7dc88bbd87b3d0a25d3838d9,52.283310,1772388466,729102047ba2fa3b052207b3f2e9ebde15f5ad90341ded33411b49582b638ae2,206,103.00,4.05,1,5,4,0.019607,0.522097,Minotaur,minotaur(pow_w:0.50),1.30,1782,0
357,0,0x30509a8084fdfe6fe24d9c9a817c209ad194f8e3,65.739769,1772388469,009d96e94c87eb32f93e5c5af757a2ca62e88ddb4dd19d3d32fb81d7874d14a3,250,83.33,3.76,1,6,4,0.019607,0.522097,Minotaur,minotaur(pow_w:0.50),2.11,1783,0
357,1,0x63f4973c0df8a5358405f396dc0673a463c48de9,63.980047,1772388470,bdc4ebb438dd57205c51236e84002414232c83cec68da5d16abb4ae447fe22e5,159,79.50,3.40,1,5,3,0.019639,0.522561,Minotaur,minotaur(pow_w:0.50),1.53,1784,0
357,2,0x4414c05be2cf328f38d2e3ef4b705d6b894f044a,35.114689,1772388472,05fd12faf47b05f5cc0ddefb7a276f53f62c338c8a3b7667fd93d0bbfbe4a423,108,108.00,3.69,1,5,4,0.019658,0.522815,Minotaur,minotaur(pow_w:0.50),0.97,1785,0
357,3,0x1cb1274c711a6c2e4e1596846e6ac604eeefb358,10.390381,1772388474,d8062bae3ebdaa670092da84d9061dd2f5e4ddb896fe2cbc274bc356c8db0dc4,217,72.33,3.84,1,6,4,0.019659,0.522890,Minotaur,minotaur(pow_w:0.50),2.26,1786,0
357,4,0x4a217e35f6402e7f62a49f6d62e27c6585c2f3fd,42.527787,1772388477,83a1da9c32aaa73abf39ee48a1c6fab005a70e36ad66f37c49ee4ac6d9735801,250,125.00,3.58,1,5,4,0.019644,0.522584,Minotaur,minotaur(pow_w:0.50),2.11,1787,0
358,0,0xac768e60b9269babb15cb1e36ee843243d7c7543,51.772748,1772388478,9f647aa70c3bddce82d9579f35c87818dc14059b5f93eceee7d14ab3af54eda1,135,67.50,3.61,1,5,4,0.019649,0.522709,Minotaur,minotaur(pow_w:0.50),1.65,1788,0
358,1,0xe478b1e4d1538274c0c70cbd7df877f9abab2f62,47.346926,1772388480,dc60c1d2e657b42d1fd5854a48e730ad74a6606360ef112ff5a0d3f99d8c0774,96,96.00,3.92,1,6,4,0.019660,0.522889,Minotaur,minotaur(pow_w:0.50),0.98,1789,0
358,2,0xd46407aa7b668c72de3cf1c1a12b7fa2e308a1b2,33.003439,1772388482,3b3e26d4e0033d7936a3e57e552fef0642e367492b37e2826c9d9d7d14ee4c76,211,70.33,4.00,1,6,4,0.019668,0.523039,Minotaur,minotaur(pow_w:0.50),2.36,1790,0
358,3,0x0d91704595bff3aec25d40822498a51c62b05e3a,15.561876,1772388485,baafc1aee6998b3f399fb0ffb2f7405970ad0e66213d94f6f8bf85c8d96538fd,250,125.00,3.93,2,5,4,0.019668,0.523089,Minotaur,minotaur(pow_w:0.50),1.94,1791,0
358,4,0xac768e60b9269babb15cb1e36ee843243d7c7543,52.773608,1772388486,015b79f36b54baa407a02beff235f0fa1febacb4aad5061070cb5ce7188c893c,119,59.50,3.31,1,5,3,0.019668,0.523089,Minotaur,minotaur(pow_w:0.50),1.18,1792,0
359,0,0xcb7977f4997b4252c0152e135dd79b3cfe35c1a5,28.641803,1772388488,98fee9e619e1897602bfb6e8c018b41c9ef735319446812548a08a8ae3ff1fde,107,107.00,3.78,1,6,4,0.019679,0.523287,Minotaur,minotaur(pow_w:0.50),0.94,1793,0
359,1,0xb2a7fe70a6f3137d38f6cb4c3ec6dd1e24f2d5f4,26.432898,1772388490,c93f1e99052603464becf19915b8bda8f75e26f3868567959c1bff319d6001b4,187,62.33,4.23,2,6,4,0.019676,0.523307,Minotaur,minotaur(pow_w:0.50),2.43,1794,0
359,2,0xd61b00c297972877b45f8d7f4d67fdaf20c67c59,12.323271,1772388493,d33727dc00c8dbed4994750e6479be941c1686d5449a7a163686c194528ff991,250,125.00,4.20,1,6,4,0.019671,0.523300,Minotaur,minotaur(pow_w:0.50),2.06,1795,0
359,3,0x4414c05be2cf328f38d2e3ef4b705d6b894f044a,36.116659,1772388494,f40eae189b3e7339bb38d9e01c8185397155f4ab10bc3cb58b3528d0e537f26a,117,58.50,4.45,2,6,5,0.019671,0.523301,Minotaur,minotaur(pow_w:0.50),1.48,1796,0
359,4,0xd46407aa7b668c72de3cf1c1a12b7fa2e308a1b2,34.005829,1772388496,70efc72ad357afb8cb8f1cde942b848b6fdd213b2966204ed8a7cfc1fe7c398e,103,103.00,3.92,1,5,4,0.019658,0.523129,Minotaur,minotaur(pow_w:0.50),1.00,1797,0
360,0,0x4a217e35f6402e7f62a49f6d62e27c6585c2f3fd,43.528907,1772388498,1a2f235ad65033f7c00b25b2d292f66121a83eba36c823bafe175f0c861f8e36,227,75.67,3.74,1,6,4,0.019657,0.523183,Minotaur,minotaur(pow_w:0.50),2.36,1798,0
360,1,0x1796dc61e715f15a2d27dfa32bd34780f12a8c24,31.744071,1772388501,4574af32f0205e2340398096af6533087dcf186f9a2e1b3e6d6d39f587eaa62c,250,125.00,3.64,1,5,4,0.019657,0.523184,Minotaur,minotaur(pow_w:0.50),1.99,1799,0
360,2,0x34412315480562da4810040fd15c81f99880e1ab,19.896433,1772388502,d284866650ece2c664e57698e93455c902204e7455e73ec9a48c9e4c56916214,144,72.00,3.38,2,5,3,0.019661,0.523349,Minotaur,minotaur(pow_w:0.50),1.45,1800,0
360,3,0xdc2bc9a639e2bc25c5f57e628a7cd55f6a3d023b,3.071696,1772388504,ae3ae8a31410e7543aa07721e0b12a7f9870abbb3dd2c2c8014476e76f6c4a67,101,101.00,3.83,1,6,4,0.019652,0.523236,Minotaur,minotaur(pow_w:0.50),0.98,1801,0
360,4,0x4ba33404d90c4ae989714d9d174cd882cffb7994,17.110972,1772388506,917e6f422dbfa9f6d39cac64ebf4c97cdf958fdd0cb4e984e891dc5bd3fdefd5,189,94.50,4.65,1,6,5,0.019632,0.522623,Minotaur,minotaur(pow_w:0.50),1.48,1802,0
361,0,0x606627477c3734932f47972f83c27cf4e3b35b4f,47.426757,1772388509,148c8e2151493ddc80de91980dcc247dc3023dd7cee7df089096853c71683e38,229,76.33,4.37,1,6,4,0.019621,0.522459,Minotaur,minotaur(pow_w:0.50),2.27,1803,0
361,1,0xbc3f8508d26048f2064aa8c068f4c94d08d77d18,53.116709,1772388510,d49e7333e8922fc1dfc2b80b9136aeef1c86800d298745fb6887dad5d8d60eb8,151,75.50,3.66,1,5,4,0.019630,0.522599,Minotaur,minotaur(pow_w:0.50),1.58,1804,0
361,2,0x07902d0371763a00d97ed9ba16ff0a206cb0fd19,34.562209,1772388512,c5ba2020308871c6e87486717794cd08c72a41333032c3cdd59b9e9920b660ed,107,107.00,4.41,2,6,4,0.019641,0.522797,Minotaur,minotaur(pow_w:0.50),1.00,1805,0
361,3,0x687bf2437a044a3e42ff2f8a79a8e54ba9601f70,18.061479,1772388514,669701ddc41de254b9c2b36ac41a3f166ead881b981e065a0bf6ca97c26caaf8,248,124.00,2.65,1,4,3,0.019641,0.522852,Minotaur,minotaur(pow_w:0.50),1.30,1806,0
361,4,0x719361397abe003a91af76243e5f9c7a0cd4279f,55.597976,1772388516,e5041cc206740ec48e0734b923249639bedf365594bcf139aa64db9acbd0112d,250,83.33,3.71,1,6,4,0.019631,0.522710,Minotaur,minotaur(pow_w:0.50),2.11,1807,0
362,0,0x26d553a2f4343b3a7dc88bbd87b3d0a25d3838d9,53.285310,1772388519,7f2b41c483fdf75c4350bfaa1ce4f1d571da48dd15c61b92bc373a910d71a139,160,80.00,4.02,1,5,4,0.019644,0.522939,Minotaur,minotaur(pow_w:0.50),1.74,1808,0
362,1,0x408bb0bf84df50b21c53c74420987f172d4036a1,12.787564,1772388521,5b02b37760261707514a3981c2c83cd7e44c2659314eb1a92ccaae5264214954,213,106.50,3.82,2,6,4,0.019656,0.523130,Minotaur,minotaur(pow_w:0.50),1.46,1809,0
362,2,0x213068cb42718d1dd6d00a6d94d62a3def0e68eb,6.345959,1772388523,035b4f3524ff346b7fa7336d327abaf52cdcec1ab83d7a9aa0a61ed156416b16,206,103.00,3.61,1,5,4,0.019642,0.522882,Minotaur,minotaur(pow_w:0.50),1.48,1810,0
362,3,0x07902d0371763a00d97ed9ba16ff0a206cb0fd19,35.564599,1772388525,11770a03a6e08cdb9f35122442237c12153963c22f5007cef1a0d4fcbc4b293a,235,78.33,3.54,1,5,4,0.019624,0.522448,Minotaur,minotaur(pow_w:0.50),2.01,1811,0
362,4,0x6d6b2734a20229ddd7fd4a1470ba3e3bad4e4a85,12.626164,1772388528,d3cad16eafae9bbc698c764bbd983a8ac40d7b5c3d5094ab3470ae413e92d13c,131,65.50,2.82,1,4,3,0.019625,0.522515,Minotaur,minotaur(pow_w:0.50),1.55,1812,0
363,0,0x26d553a2f4343b3a7dc88bbd87b3d0a25d3838d9,54.287340,1772388530,3f1ccd51c01d2b80bb7ec93f59fc61898fd1f3553c180a1fb3f36c8e4b8eeacf,195,97.50,3.62,1,5,4,0.019611,0.522250,Minotaur,minotaur(pow_w:0.50),1.56,1813,0
363,1,0xe478b1e4d1538274c0c70cbd7df877f9abab2f62,48.348476,1772388532,b4493c901bf5b0587389d36881cf1ac890fbc7dd0e347ecb70ae0bdb26056dee,230,115.00,3.72,1,6,4,0.019623,0.522461,Minotaur,minotaur(pow_w:0.50),1.43,1814,0
363,2,0x3513d672439a59c26cc5711f2b715ccb4810a774,23.299305,1772388534,aef00f2a39a24d8dbb811b2d2619a02c3b3eb08982716caf49e3b1bde3e95c2e,228,76.00,4.02,1,6,4,0.019632,0.522610,Minotaur,minotaur(pow_w:0.50),2.25,1815,0
363,3,0x30509a8084fdfe6fe24d9c9a817c209ad194f8e3,66.740709,1772388537,d685b83fe59f0f5bf5def0d54a7bee3cb75fe93c08e80a21361b625622fd6d57,153,76.50,3.95,1,5,4,0.019625,0.522549,Minotaur,minotaur(pow_w:0.50),1.67,1816,0
363,4,0x49b57eb4dace37c8819daf079c9c674f766d4f38,29.246980,1772388538,81710202c1db528fc29bc73e818716b88c41d0d2bf2679380e82f110d33d1c2e,203,101.50,3.41,1,5,3,0.019644,0.522810,Minotaur,minotaur(pow_w:0.50),1.49,1817,0
364,0,0x9c39f7fffaa5c5cfab20dfdd05663497918580c1,4.397818,1772388540,18427377060c3ebcf8ba85e0774f3c3a40891ef2be04ae1d1dcfebec1836d5de,96,96.00,3.81,1,5,4,0.019641,0.522832,Minotaur,minotaur(pow_w:0.50),0.94,1818,0
364,1,0x377eaef292051bbf8ada05b2af76a3f3b9d722a7,3.023817,1772388542,77b716630e3fa47c8b9d61ce2fb73d648290a3e7d1c828a10eae5670eeee631a,230,76.67,4.05,1,6,4,0.019622,0.522329,Minotaur,minotaur(pow_w:0.50),2.27,1819,0
364,2,0x282f43759e22b50aa7989261c51c367f325c3f91,13.343487,1772388545,c6ccb605292bc27a7f3abb39bd0e9cb59fbcc133d4b20bda270b6c00de4cbc01,219,109.50,3.53,1,5,4,0.019622,0.522329,Minotaur,minotaur(pow_w:0.50),1.97,1820,0
364,3,0xf6e059718dbd0a0956726ab97d06bad5efc6cd18,8.996967,1772388546,e01cd764de736460c442b085e36f06a0709c9c2c5c33399e6d53e0ccc456144e,194,97.00,3.84,1,6,4,0.019603,0.521708,Minotaur,minotaur(pow_w:0.50),1.54,1821,0
364,4,0xe6ebb0cdfd04183d498964e5efc4096ba77b17d6,52.349993,1772388548,d3aabe57d638f8e25d811bab58c95c7866450e97ef7cf95f230e824f227eca34,104,104.00,3.61,1,5,4,0.019573,0.521139,Minotaur,minotaur(pow_w:0.50),0.99,1822,0
365,0,0x408bb0bf84df50b21c53c74420987f172d4036a1,13.789294,1772388550,e6d5b52454d129ad4741acb71bd6c4bad904427406d7cd08f387bec5a70251e4,197,98.50,3.98,1,6,4,0.019584,0.521311,Minotaur,minotaur(pow_w:0.50),1.37,1823,0
365,1,0xe6ebb0cdfd04183d498964e5efc4096ba77b17d6,53.351923,1772388553,7fa4c064bdb079182fbb024ac8bf90e424f104edaab1c7f8e769cfd706780f9a,236,78.67,3.55,1,5,4,0.019571,0.521107,Minotaur,minotaur(pow_w:0.50),1.91,1824,0
365,2,0x3d92e045fb1847aae132b40ebfcc471a32f687de,8.107445,1772388554,85c6132a26d92f0806b316978ab9fe446df212088071a75439540967431dbb0a,203,101.50,4.17,1,6,4,0.019583,0.521287,Minotaur,minotaur(pow_w:0.50),1.61,1825,0
365,3,0x89100a8056319ba37491b32ba255004180607bc2,42.822187,1772388556,77a63dbdaf2263aea4c538db3492ff9d05d6416ee3f976024aa810f0e38337fe,109,109.00,3.83,1,5,4,0.019566,0.520904,Minotaur,minotaur(pow_w:0.50),0.98,1826,0
365,4,0xe184aeec69f3313df03bef8752946c65f0a70021,2.058547,1772388558,2e5d14b00f2a951aca0bdf933792111dbf6d1c96beba1d6d8668315f3604e4fa,216,108.00,3.85,1,6,4,0.019571,0.521021,Minotaur,minotaur(pow_w:0.50),1.31,1827,0
366,0,0xc774b0fee7cabbef3b1ae14bf36db3df0d32c1df,18.166137,1772388561,1c2197acfebc1a56c06359b74ad763ad9d0cce1febc17175f05e2ae979f00509,250,83.33,3.97,1,6,4,0.019571,0.521021,Minotaur,minotaur(pow_w:0.50),2.01,1828,0
366,1,0x49b57eb4dace37c8819daf079c9c674f766d4f38,30.247710,1772388562,fcc87f5ce92e3c12bd93d211ca1a342104a7862acfb6512cc739bf122a51d6fd,137,68.50,4.09,1,5,4,0.019541,0.520182,Minotaur,minotaur(pow_w:0.50),1.44,1829,0
366,2,0xac768e60b9269babb15cb1e36ee843243d7c7543,53.773998,1772388564,0d87106dbaad5a9329db388f183e7c90788a3fb7630063d5449220299b85ab76,115,115.00,4.04,2,6,4,0.019538,0.520210,Minotaur,minotaur(pow_w:0.50),1.00,1830,0
366,3,0xa068e3c9a21c8d8be636cd2d285895979ec3262e,21.970351,1772388566,57b66d6d5e70871867b9e334fd3233fd941b7901271168f1bf61cd953c86294f,225,112.50,3.86,1,6,4,0.019550,0.520394,Minotaur,minotaur(pow_w:0.50),1.31,1831,0
366,4,0x0d91704595bff3aec25d40822498a51c62b05e3a,15.561106,1772388569,f0adb51a3cfb184b4d47a94ecc3d5932d8d59c84a209ec1b50825bb8d76c3031,206,68.67,4.20,1,6,4,0.019542,0.520322,Minotaur,minotaur(pow_w:0.50),2.06,1832,0
367,0,0x606627477c3734932f47972f83c27cf4e3b35b4f,48.427787,1772388570,057fb44d14845faec561c2c6fe50792a7e06466898a87b69104fb0729bc6a6ae,234,117.00,3.29,1,5,3,0.019542,0.520323,Minotaur,minotaur(pow_w:0.50),1.68,1833,0
367,1,0x63f4973c0df8a5358405f396dc0673a463c48de9,64.980067,1772388572,0ce4d5680a2b7c2d1ba40a00388802967cb63290f0139337bfeb41d5c2af99ac,109,109.00,3.66,1,5,4,0.019538,0.520291,Minotaur,minotaur(pow_w:0.50),0.98,1834,0
367,2,0xe6ebb0cdfd04183d498964e5efc4096ba77b17d6,54.353743,1772388574,ab9a294c37f6bd6b85eed63d6bb9784733a1d5e3d10f81a33983ae5b3088aba4,195,97.50,3.59,1,5,4,0.019556,0.520539,Minotaur,minotaur(pow_w:0.50),1.44,1835,0
367,3,0xdcf2130496e27a8094ab996aea4aa77788d65869,56.563967,1772388577,483262da6210788a29e7f4294ce7f783f1ac136c850dae10fcaac393e49548bc,250,83.33,3.99,1,6,4,0.019568,0.520735,Minotaur,minotaur(pow_w:0.50),2.05,1836,0
367,4,0xf6e059718dbd0a0956726ab97d06bad5efc6cd18,9.997687,1772388578,7f72a3e4e22cc495afc98043f20ee1daf072ca9a47c635a0775021c2cb29e888,127,63.50,3.89,1,5,4,0.019581,0.520971,Minotaur,minotaur(pow_w:0.50),1.57,1837,0
368,0,0x4414c05be2cf328f38d2e3ef4b705d6b894f044a,37.116899,1772388580,32bbbac8ea977c9144a4b634b13047032f38a9a95d517bdf34dc02e1cb0faf57,104,104.00,3.71,1,5,4,0.019566,0.520655,Minotaur,minotaur(pow_w:0.50),0.99,1838,0
368,1,0x719361397abe003a91af76243e5f9c7a0cd4279f,56.598916,1772388582,3bd039e6842be94016def82d2710fcf2b39a02ec39ed7cf79864e0eab4cc6a9a,200,100.00,3.99,1,6,4,0.019567,0.520759,Minotaur,minotaur(pow_w:0.50),1.49,1839,0
368,2,0xf6e059718dbd0a0956726ab97d06bad5efc6cd18,10.998637,1772388584,61215309f5ff663f0f92f0679cda19c4d497f9536249bf1678328e7d369fc8ac,219,73.00,3.67,1,5,4,0.019580,0.520985,Minotaur,minotaur(pow_w:0.50),2.21,1840,0
368,3,0xa068e3c9a21c8d8be636cd2d285895979ec3262e,22.972151,1772388587,7fff1424fcfc69250c4fef3c3a4ad9ab5d5e4f5d33f1dd82fc812468f697555e,198,99.00,3.70,1,5,4,0.019565,0.520690,Minotaur,minotaur(pow_w:0.50),1.82,1841,0
368,4,0xcb7977f4997b4252c0152e135dd79b3cfe35c1a5,29.642553,1772388589,be814869c1c499591c7e592235f44bc0108f20359791ebbfc54a98a8fa10b867,220,110.00,4.30,1,6,4,0.019558,0.520619,Minotaur,minotaur(pow_w:0.50),1.54,1842,0
369,0,0x28672c71695142588ed26ada6f4b18b8b6c12308,13.678448,1772388591,fda86a03f91ca700771fa6a44983670c5425fecd4a40f2ac06edd85349ee1e11,195,97.50,4.11,1,6,4,0.019555,0.520636,Minotaur,minotaur(pow_w:0.50),1.53,1843,0
369,1,0x719361397abe003a91af76243e5f9c7a0cd4279f,57.601006,1772388593,e92bc0cd415dcfe6727b14adf3ef30292ba8b3a8a7db2e71de5d08ca14a67bbe,250,83.33,3.60,2,5,4,0.019542,0.520420,Minotaur,minotaur(pow_w:0.50),2.32,1844,0
369,2,0xd1cd4b808ce6b2841ad42746b64c5a047e857ef0,9.221364,1772388596,05e2c001dedc25bf8ae4989255bbb359a65d22af1af205a4060a000790e1e4f6,250,125.00,3.89,1,5,4,0.019555,0.520657,Minotaur,minotaur(pow_w:0.50),1.88,1845,0
369,3,0x6414c6a8400ff3419cd81855d09de2848d770e0e,14.146096,1772388597,2ea3466f2c5eeaa7bf993742cf1129b47d8a0a8edd01c89c524213c64cd23353,115,57.50,3.94,2,6,4,0.019555,0.520657,Minotaur,minotaur(pow_w:0.50),1.56,1846,0
369,4,0x719361397abe003a91af76243e5f9c7a0cd4279f,58.603466,1772388599,ff1f2cdefe505c7697e1c8efbe1227f088ae1faaefc45f7cabc980a3367c9b43,95,95.00,3.88,1,6,4,0.019543,0.520451,Minotaur,minotaur(pow_w:0.50),0.97,1847,0
370,0,0xdcf2130496e27a8094ab996aea4aa77788d65869,57.565037,1772388601,0f59d5e1c81d2655a6630491bef6fb651c7c7205af4006af76fda0de92db9bc6,234,117.00,3.68,1,5,4,0.019557,0.520687,Minotaur,minotaur(pow_w:0.50),1.12,1848,0
370,1,0x81d019380961f92c2031b0a7fba69f7675145088,20.493403,1772388604,48ab96e3700bd2049881f7a26c14ce6626d5ddf7060105d34554643445a84982,250,83.33,3.99,1,5,4,0.019570,0.520912,Minotaur,minotaur(pow_w:0.50),1.90,1849,0
370,2,0x26d553a2f4343b3a7dc88bbd87b3d0a25d3838d9,55.289000,1772388605,c99ae2235d967a1d86faf3fe08fef4d6510e85fc3afea72735e6aaa16d5aba1f,141,70.50,3.72,1,5,4,0.019561,0.520817,Minotaur,minotaur(pow_w:0.50),1.38,1850,0
370,3,0x63f4973c0df8a5358405f396dc0673a463c48de9,65.981697,1772388607,07b8efb87b90194227a64ad97f32769fc8ed8737d9e8412ef9c939da2d31d160,115,115.00,3.71,1,5,4,0.019573,0.521029,Minotaur,minotaur(pow_w:0.50),0.97,1851,0
370,4,0x8719ca31b72ae8a5404006763c53d5ad503dbcb0,6.093465,1772388609,96c381fa69ca513c05c07266adf89af4ee7e325f190db214f0bd10ab31124253,250,83.33,3.48,1,5,3,0.019592,0.521275,Minotaur,minotaur(pow_w:0.50),2.26,1852,0
371,0,0x63f4973c0df8a5358405f396dc0673a463c48de9,66.984147,1772388612,b315fc4fb37dab215f6ba0458dad67734596902c8e0851ff097c8697537ac5ae,225,112.50,4.19,1,6,4,0.019592,0.521276,Minotaur,minotaur(pow_w:0.50),1.89,1853,0
371,1,0x4414c05be2cf328f38d2e3ef4b705d6b894f044a,38.118549,1772388613,9fb918043326a8328ec40730a2c3ce1268399c705e09f52081acaf41ac201d0f,219,109.50,3.57,1,5,4,0.019574,0.520835,Minotaur,minotaur(pow_w:0.50),1.66,1854,0
371,2,0x7e40df5d801345015e84c843908efc6683665fa4,27.678309,1772388615,42e78f7989295ab929a9bf39db5b9af06a2d2f0ce0079b5697f141d188a8cb69,122,122.00,3.94,1,6,4,0.019576,0.520939,Minotaur,minotaur(pow_w:0.50),1.00,1855,0
371,3,0xb2a7fe70a6f3137d38f6cb4c3ec6dd1e24f2d5f4,27.434258,1772388617,10aced3bd35d17d25a8986e186627aae54cbd37159f6aaa7d680bc993a95f5cb,228,114.00,3.46,1,6,3,0.019571,0.520945,Minotaur,minotaur(pow_w:0.50),1.36,1856,0
371,4,0x606627477c3734932f47972f83c27cf4e3b35b4f,49.428407,1772388620,2589da3eb6a11f9f28656f712ff08aef102d9954a2833a634c33e13892d272c5,250,83.33,4.32,1,6,4,0.019566,0.520939,Minotaur,minotaur(pow_w:0.50),2.17,1857,0
372,0,0x719361397abe003a91af76243e5f9c7a0cd4279f,59.605596,1772388621,71116091135ea0a1caa0f6e88125c13434702ba9655c76d75caf8bf11ae8ddab,169,84.50,3.64,1,5,4,0.019575,0.521086,Minotaur,minotaur(pow_w:0.50),1.79,1858,0
372,1,0xa3786e459f289a76c0e8af8ad834e3d0c6d47199,54.776633,1772388623,01ddc8cb2ba4269d616d9161a98e0d246e2fe0fa2d1d0fe24caed3435190aeeb,92,92.00,3.86,1,5,4,0.019589,0.521320,Minotaur,minotaur(pow_w:0.50),1.00,1859,0
372,2,0x4414c05be2cf328f38d2e3ef4b705d6b894f044a,39.119659,1772388625,74017e11ce46653e00cf3c52d4ea7041f71801e2a7f8efbf9f459af04cb64e2e,197,98.50,4.32,1,6,4,0.019600,0.521515,Minotaur,minotaur(pow_w:0.50),1.52,1860,0
372,3,0x9bdb1c7ad4bd8fe797b07c08117c74a591dbab2d,13.434522,1772388627,d39e65f58c3bce797e827d29a74adac34b914a9bd7d41deae38262f764a76163,237,79.00,3.79,1,6,4,0.019603,0.521619,Minotaur,minotaur(pow_w:0.50),2.20,1861,0
372,4,0xd46407aa7b668c72de3cf1c1a12b7fa2e308a1b2,35.006709,1772388629,42770302c1a122d271646fe8f688cbac16283cd5e6ede1b2d26b11e73a9d8d77,238,119.00,3.67,1,5,4,0.019603,0.521619,Minotaur,minotaur(pow_w:0.50),1.74,1862,0
373,0,0xe6ebb0cdfd04183d498964e5efc4096ba77b17d6,55.355713,1772388631,8eaaf41c10291547547ee3dd8bbbd7be4fa38e3fb677d8409025de901df21ef8,104,104.00,3.77,1,5,4,0.019589,0.521430,Minotaur,minotaur(pow_w:0.50),1.03,1863,0
373,1,0x8c11ec9090dd820c076e57e899d9c604c79d6b32,36.592179,1772388633,8d1401e3504511810372e1001446d7f8b2b60757d092cfb6d0fff8c3a706da00,197,98.50,4.06,1,6,4,0.019601,0.521627,Minotaur,minotaur(pow_w:0.50),1.48,1864,0
373,2,0x26d553a2f4343b3a7dc88bbd87b3d0a25d3838d9,56.289830,1772388635,f0defa2b0360011e3d6949bd01bef28cc9733e52a46d4eb6cc01ecd497af3bf6,233,77.67,4.01,1,6,4,0.019601,0.521716,Minotaur,minotaur(pow_w:0.50),2.30,1865,0
373,3,0x4414c05be2cf328f38d2e3ef4b705d6b894f044a,40.121929,1772388638,a20cf012085b462e526bd029852a108d86d78afa72c737e34692fc77ea69e01a,188,94.00,3.89,1,5,4,0.019613,0.521927,Minotaur,minotaur(pow_w:0.50),1.86,1866,0
373,4,0x95ab54d268473cce82094026afefdbd5cadf418b,25.602958,1772388639,26aa845ee5003c25167629d37593129367c55836f9c942527aa2c4f37a740e59,182,91.00,3.87,1,6,4,0.019616,0.522029,Minotaur,minotaur(pow_w:0.50),1.57,1867,0
374,0,0x4414c05be2cf328f38d2e3ef4b705d6b894f044a,41.123739,1772388641,18412484760e93bb13b1035af0cf8730ce242c49031bb5e13c5d6294e7073894,88,88.00,4.35,1,6,5,0.019610,0.522012,Minotaur,minotaur(pow_w:0.50),0.98,1868,0
374,1,0x26d553a2f4343b3a7dc88bbd87b3d0a25d3838d9,57.291640,1772388643,09d9dd25b2d6a2a8d4ccef3de0e57567ccae6b19cab8289e9a0cbe9a727f9fca,206,68.67,3.83,1,6,4,0.019613,0.522115,Minotaur,minotaur(pow_w:0.50),2.37,1869,0
374,2,0x53be6e527cc5a7d850b5eae27b9cef342e0665f2,2.009716,1772388646,a7cd30120d85df037283ba6d42b143362b2604ca9eee251ee20348f12fd77d26,241,120.50,3.78,1,5,4,0.019626,0.522325,Minotaur,minotaur(pow_w:0.50),1.86,1870,0
374,3,0xe6ebb0cdfd04183d498964e5efc4096ba77b17d6,56.357433,1772388647,28ef4986c9453edaa5c92b53656bd1eaf434a7e72de515f9049991d288f8fd4a,206,103.00,3.45,1,5,4,0.019606,0.521637,Minotaur,minotaur(pow_w:0.50),1.50,1871,0
374,4,0xd46407aa7b668c72de3cf1c1a12b7fa2e308a1b2,36.007469,1772388649,f439af6ae16dfeb7ef4bdc2062e96089af354f8cb6e151d2070e340b89aa2bf7,99,99.00,3.97,1,6,4,0.019618,0.521837,Minotaur,minotaur(pow_w:0.50),0.99,1872,0
375,0,0xa9105f442328d397529b8e4e9e656fa89016ff45,12.457234,1772388651,0e2a28dcc31309d0de7ef484f44282ca45796825f16ad8ddf9ec72be98a2193f,207,103.50,3.84,1,6,4,0.019618,0.521903,Minotaur,minotaur(pow_w:0.50),1.48,1873,0
375,1,0xa447d277b02012c2afd9ddcbbe123f27cc971963,20.803545,1772388654,3dbc5d1c81efaa894a03efc831e84a1b2cbad7709358fd8e82ab7edab6dcdcbf,250,83.33,3.74,1,5,4,0.019618,0.521903,Minotaur,minotaur(pow_w:0.50),2.17,1874,0
375,2,0xaadc5fea232580cb8fba739ac5d05a48559c7e52,24.355203,1772388655,bdb037ca028baade936a6cf94f30138ba2603129f45d2dbfad977f761339cd38,161,80.50,3.53,1,6,4,0.019596,0.521537,Minotaur,minotaur(pow_w:0.50),1.65,1875,0
375,3,0x89100a8056319ba37491b32ba255004180607bc2,43.823317,1772388657,b08c83484ff8e14586a2dbcdc140a2b14a606d0802d85d841d5a28dc236a772a,112,112.00,4.25,1,5,4,0.019589,0.521509,Minotaur,minotaur(pow_w:0.50),0.98,1876,0
375,4,0xc339f8bf978200eb65afce6c7121402eda949097,0.042734,1772388659,e5ec2cfa9b17f1f5d6abf62efedcf8385ef9c64f8425b8cc4cea724539248775,213,106.50,3.83,1,6,4,0.019594,0.521626,Minotaur,minotaur(pow_w:0.50),1.44,1877,0
376,0,0x016d3fc36beee7caa8fbd6c1caa42461dd7f9850,6.854539,1772388661,2da6b18af68bd62a17251942736801d1b778b65f3b543de492086c9adf24544f,243,81.00,4.25,1,6,4,0.019573,0.520875,Minotaur,minotaur(pow_w:0.50),2.29,1878,0
376,1,0xe6ebb0cdfd04183d498964e5efc4096ba77b17d6,57.358223,1772388663,75bb4316ce0e10c0ddca16dbdc8e249b64e4c01ca7e8460200f360ecccc9b92a,163,81.50,3.26,1,5,3,0.019573,0.520876,Minotaur,minotaur(pow_w:0.50),1.87,1879,0
376,2,0x606627477c3734932f47972f83c27cf4e3b35b4f,50.429657,1772388665,d6e759f9e22bc989e731c9a3ccc324f1b428fbbad92317019f54d99ae1744289,89,89.00,4.04,1,6,4,0.019569,0.520667,Minotaur,minotaur(pow_w:0.50),1.00,1880,0
376,3,0x606627477c3734932f47972f83c27cf4e3b35b4f,51.431397,1772388667,690f7a307992463682c47ad75a29764466363b37d0cbf32d1223b3b8c410b06c,176,88.00,3.63,1,5,4,0.019577,0.520815,Minotaur,minotaur(pow_w:0.50),1.49,1881,0
376,4,0x282f43759e22b50aa7989261c51c367f325c3f91,14.344437,1772388669,9d43f150b0a9fd5dc8bc20070dcaa93ae0b8bb6935caeda1cc120ce2b533f99f,239,79.67,3.65,1,5,4,0.019586,0.520971,Minotaur,minotaur(pow_w:0.50),2.23,1882,0
377,0,0x63f4973c0df8a5358405f396dc0673a463c48de9,66.983507,1772388672,da9d57c95abc6347853a9b148ca97de68501fb4f08a667daf9206839b7345e3c,199,99.50,3.85,1,6,4,0.019586,0.520972,Minotaur,minotaur(pow_w:0.50),1.78,1883,0
377,1,0xeb82a21cb3d0dd781eb22ad74bb7cd9b4d2a06ec,35.946805,1772388673,b97b98777ca46eebec7466edc3f54409b7145360166bd77509cd50a283d07c56,202,101.00,3.63,1,5,4,0.019604,0.521216,Minotaur,minotaur(pow_w:0.50),1.65,1884,0
377,2,0xa3786e459f289a76c0e8af8ad834e3d0c6d47199,55.778123,1772388675,0de1c189437b7a0363ad7bb3cd3d3c09b43b70d5da3a8f112ba9f8db79ebdf6f,109,109.00,4.11,1,6,4,0.019604,0.521271,Minotaur,minotaur(pow_w:0.50),0.98,1885,0
377,3,0x6414c6a8400ff3419cd81855d09de2848d770e0e,15.146326,1772388677,3daff878924783c62711e92d441456c77eb1fc4b62b8a8ad6a79e07ce3bd5e24,229,76.33,4.25,1,6,4,0.019615,0.521459,Minotaur,minotaur(pow_w:0.50),2.40,1886,0
377,4,0xdcf2130496e27a8094ab996aea4aa77788d65869,58.566787,1772388680,16f05e43387093da15f06c3eb626928a6e4f2a35ad25143dedf9448584ca8c6b,250,125.00,3.82,1,5,4,0.019615,0.521459,Minotaur,minotaur(pow_w:0.50),2.03,1887,0
378,0,0x269cdf52f97e1d9f14b7be895155a7b294f0b21d,13.713333,1772388681,6f99a7e3e3c00b879a3733adc6291d92d0c0fd0768b6d427f7bfc0447ed9c609,127,63.50,3.98,1,6,4,0.019628,0.521679,Minotaur,minotaur(pow_w:0.50),1.56,1888,0
378,1,0x58a21eeb7ab18ba8adf1296e66a4487076e95dac,51.145404,1772388683,7dfd15eb646f279f7229f945d6fc47818e0f90ea613ceb853a9aef50bf4049b3,109,109.00,3.58,1,5,4,0.019615,0.521445,Minotaur,minotaur(pow_w:0.50),0.95,1889,0
378,2,0x63f4973c0df8a5358405f396dc0673a463c48de9,67.985367,1772388685,ee0590bbf0463bf6ae385dbf3b6405e4c9bc11a65f9fc39f46c9f98f7d0def51,250,83.33,3.82,1,6,4,0.019624,0.521589,Minotaur,minotaur(pow_w:0.50),2.25,1890,0
378,3,0x786f26993bf015cd2da6fb5d3ccd1879e01246ab,7.266172,1772388688,57cb25096193b7fd00b2f34569cb14f1312bf45c81f85b7a0f6948a288a487a0,250,125.00,3.61,1,5,4,0.019642,0.521841,Minotaur,minotaur(pow_w:0.50),2.08,1891,0
378,4,0xac768e60b9269babb15cb1e36ee843243d7c7543,54.775068,1772388689,c0a84ead616d7441afa5d88dc4dcc595380717814045d2d1b1f1e250c4bcf964,120,60.00,4.13,1,6,4,0.019626,0.521443,Minotaur,minotaur(pow_w:0.50),1.55,1892,0
379,0,0x49b57eb4dace37c8819daf079c9c674f766d4f38,31.247490,1772388691,7eb8f7279de76a8deba27e4f715ac9130162c1c442d996fe340620d36913d582,101,101.00,4.06,1,6,4,0.019636,0.521620,Minotaur,minotaur(pow_w:0.50),0.98,1893,0
379,1,0x7e40df5d801345015e84c843908efc6683665fa4,28.679929,1772388693,471af2740b55f0fd697ccf5c17d54ae7f34f7990a5c093b63992202b82978c51,203,101.50,3.83,1,6,4,0.019634,0.521646,Minotaur,minotaur(pow_w:0.50),1.40,1894,0
379,2,0xa3786e459f289a76c0e8af8ad834e3d0c6d47199,56.780213,1772388696,3a21613ad00b6597b90e9a1b30bc7a59ddfb012d74bfd1c9c768d205ce6cbe6c,250,83.33,3.42,1,5,3,0.019629,0.521651,Minotaur,minotaur(pow_w:0.50),2.10,1895,0
379,3,0xa068e3c9a21c8d8be636cd2d285895979ec3262e,23.973211,1772388697,5226d559b55250694ea1c979f86e3ad48d59247418d47d6222a88436db9ae19f,124,62.00,4.36,1,6,4,0.019641,0.521837,Minotaur,minotaur(pow_w:0.50),1.63,1896,0
379,4,0xeb82a21cb3d0dd781eb22ad74bb7cd9b4d2a06ec,36.947515,1772388699,d83b3a9129d17d9409f1cc222f31055933f973e2a630a107ad4dd9ba35e64964,99,99.00,4.34,1,6,4,0.019634,0.521789,Minotaur,minotaur(pow_w:0.50),0.99,1897,0
380,0,0xc4dc29db975b952e04358340e56b68fa4ba63fbc,19.542891,1772388701,535e172fd5909f511855c4b47b1f8540bd55bbe289fbb33a4d0866934f0598b2,197,98.50,4.01,1,6,4,0.019634,0.521872,Minotaur,minotaur(pow_w:0.50),1.46,1898,0
380,1,0x6064b9f5883bf9737dfe314ff68c56e09e68ac89,24.192899,1772388703,9abd4aad36b9eff8bb5088159b3debe8f00f613ca3501f8209b2c668c38f8d07,248,82.67,3.67,1,5,4,0.019625,0.521749,Minotaur,minotaur(pow_w:0.50),2.23,1899,0
380,2,0xc4dc29db975b952e04358340e56b68fa4ba63fbc,20.545351,1772388706,61c90f8453d3b04b5819c17f5fb81803542c30e5ae37e353d6a728d2c7738625,136,68.00,3.96,1,5,4,0.019618,0.521699,Minotaur,minotaur(pow_w:0.50),1.86,1900,0
380,3,0x4a217e35f6402e7f62a49f6d62e27c6585c2f3fd,44.529497,1772388707,1d6ecdbe8c9c79f0f64317e42a4b34f9592cd38748449b2e26f9d11e06573925,199,99.50,3.73,1,5,4,0.019609,0.521590,Minotaur,minotaur(pow_w:0.50),1.49,1901,0
380,4,0xf82400c4f426bdbd2bc687ffef1f22c1a381c851,0.028051,1772388709,1267843bc19655a312d95c17aee8cb704ebbb778244d79f214c83d61b4a0d771,104,104.00,3.67,3,5,4,0.019614,0.521710,Minotaur,minotaur(pow_w:0.50),0.96,1902,0
381,0,0x58a21eeb7ab18ba8adf1296e66a4487076e95dac,52.147614,1772388711,f2dc50c7d361dca6adae7333dc692d1a00fb725e95770efb3ac4cbba969e5701,234,78.00,3.93,1,6,4,0.019593,0.520958,Minotaur,minotaur(pow_w:0.50),2.23,1903,0
381,1,0x30509a8084fdfe6fe24d9c9a817c209ad194f8e3,67.741009,1772388714,b5e72e787183742f8c676beb195352f761014a15e6fd93f4fd366da11e971be6,223,111.50,3.90,1,5,4,0.019602,0.521109,Minotaur,minotaur(pow_w:0.50),1.84,1904,0
381,2,0xbc3f8508d26048f2064aa8c068f4c94d08d77d18,54.115959,1772388715,d07806c6d984e7a57cf9631f6b713d43b840e437fbe0b9002c42b912ff5a14d8,215,107.50,3.35,1,5,3,0.019602,0.521110,Minotaur,minotaur(pow_w:0.50),1.55,1905,0
381,3,0x30509a8084fdfe6fe24d9c9a817c209ad194f8e3,67.740949,1772388717,e64b703f79f984fc72b825d5329286b632091aed987bcb1ce03120102bb93514,103,103.00,4.23,1,6,4,0.019612,0.521275,Minotaur,minotaur(pow_w:0.50),0.99,1906,0
381,4,0x28672c71695142588ed26ada6f4b18b8b6c12308,14.679478,1772388719,5d6940fe6b6844302089ab8306a0eff1c375f0f145024f23c37e5cde7d84eed8,250,83.33,3.32,1,5,3,0.019630,0.521514,Minotaur,minotaur(pow_w:0.50),2.14,1907,0
382,0,0x95ab54d268473cce82094026afefdbd5cadf418b,26.603058,1772388722,24b30147a581d35844a61393941a7d17f5ad38c8434c544d0bd15502dd153a53,230,115.00,3.59,1,5,4,0.019617,0.521323,Minotaur,minotaur(pow_w:0.50),1.76,1908,0
382,1,0xd46407aa7b668c72de3cf1c1a12b7fa2e308a1b2,37.008849,1772388723,15c79ebd38dd6a65355d2b7865d1156a77cbef9dc3f0818853ae1ba905c0fee1,212,106.00,4.37,1,6,5,0.019612,0.521307,Minotaur,minotaur(pow_w:0.50),1.56,1909,0
382,2,0xac768e60b9269babb15cb1e36ee843243d7c7543,55.775678,1772388725,a10993272c4f8b767058bb2a2f2bdea696c668e1e8b7bb2cf29253b1ab2a4595,100,100.00,3.73,1,6,4,0.019612,0.521381,Minotaur,minotaur(pow_w:0.50),0.98,1910,0
382,3,0x4414c05be2cf328f38d2e3ef4b705d6b894f044a,42.125009,1772388727,8d2d8d108162991dbda2e4757925aaa1b0903e68a9190aa8fef1c263307d2d79,194,97.00,3.84,1,6,4,0.019623,0.521555,Minotaur,minotaur(pow_w:0.50),1.25,1911,0
382,4,0xc24b36dee27726233c3bbd9e1f028f98b6b2a424,24.415779,1772388729,43384ea1a3fd522b7f335d08ef7de1ec81c370c98d4c21bb5d0ea7c3f81f67a0,241,80.33,3.85,1,6,4,0.019626,0.521656,Minotaur,minotaur(pow_w:0.50),2.07,1912,0
383,0,0xdcf2130496e27a8094ab996aea4aa77788d65869,59.567487,1772388731,e63c44c2309714b63685d2ad1f4be1b5557c784b885277af1a00f6226b2bcb58,135,67.50,4.07,2,6,4,0.019619,0.521605,Minotaur,minotaur(pow_w:0.50),1.21,1913,0
383,1,0xf82400c4f426bdbd2bc687ffef1f22c1a381c851,1.030151,1772388733,fbc9fb769791df89b57831e5349737e2bb4d5d8ed36749c7daba81699f8adb10,107,107.00,4.01,1,5,4,0.019632,0.521822,Minotaur,minotaur(pow_w:0.50),1.03,1914,0
383,2,0x89100a8056319ba37491b32ba255004180607bc2,44.824687,1772388735,c6191827484c5090845b2206ba767dc3375fae8920d207028d0fae468cfce1eb,208,104.00,3.88,1,6,4,0.019612,0.521125,Minotaur,minotaur(pow_w:0.50),1.46,1915,0
383,3,0x49b57eb4dace37c8819daf079c9c674f766d4f38,32.249130,1772388737,a9f0de55252566c5f886a325f32e3070b917f2d654cb5a16ecb1dd01cd34ed0a,228,76.00,3.85,1,6,4,0.019617,0.521240,Minotaur,minotaur(pow_w:0.50),2.31,1916,0
383,4,0x63f4973c0df8a5358405f396dc0673a463c48de9,68.987357,1772388740,d741a8cc42790079b7300eab0363b90a57aa949877e5e4d7abc2cad278003bca,250,125.00,3.91,1,5,4,0.019614,0.521271,Minotaur,minotaur(pow_w:0.50),1.88,1917,0
384,0,0xbc3f8508d26048f2064aa8c068f4c94d08d77d18,55.116799,1772388741,3993755d9e14c80ff6d916910aceef6662e4d7a645a216d82cfda53f1be50ca2,115,57.50,3.71,1,5,4,0.019632,0.521519,Minotaur,minotaur(pow_w:0.50),1.43,1918,0
384,1,0x81193196c1dbdbf80709d43a5af5ce21c201fbd7,10.823009,1772388743,ae18ddcc0d541bcd5c13a35d61cd2bb3c53ddf2c929e4191774a43f9c524fae9,98,98.00,4.26,1,6,4,0.019643,0.521683,Minotaur,minotaur(pow_w:0.50),0.99,1919,0
384,2,0x8d9e46becf415ca26aa698c9657087e6554aabda,9.367326,1772388745,379cf7cd0d9a8e8f75b29dcf333452032d52b30bb812e0ea8064e3536c66449d,228,114.00,3.83,1,6,4,0.019628,0.521386,Minotaur,minotaur(pow_w:0.50),1.34,1920,0
384,3,0x1796dc61e715f15a2d27dfa32bd34780f12a8c24,32.743001,1772388748,5b2ad2fccb1529f4323ac45f2bfa17c85ee4e373566e144d1798b591920481c5,245,81.67,3.58,1,5,4,0.019613,0.521057,Minotaur,minotaur(pow_w:0.50),1.94,1921,0
384,4,0x07902d0371763a00d97ed9ba16ff0a206cb0fd19,36.563739,1772388749,7d5a9dfdc35a6866a43849d9a9a99e599ff4f25110e80faf24361bf8c7df16d7,121,60.50,3.35,1,5,3,0.019611,0.521088,Minotaur,minotaur(pow_w:0.50),1.36,1922,0
385,0,0x4ba33404d90c4ae989714d9d174cd882cffb7994,18.110632,1772388751,305492622fb4ac673735c2b50f49af862ccdf3d411f56707f4927bae828748c2,103,103.00,2.70,1,4,3,0.019611,0.521144,Minotaur,minotaur(pow_w:0.50),0.96,1923,0
385,1,0xa3786e459f289a76c0e8af8ad834e3d0c6d47199,57.781063,1772388753,ad321b5f03713817e255c931f157b78be355e7a7d3bdfafd16062093bda24f30,180,90.00,4.43,1,6,4,0.019601,0.520991,Minotaur,minotaur(pow_w:0.50),1.44,1924,0
385,2,0x07902d0371763a00d97ed9ba16ff0a206cb0fd19,37.564679,1772388756,8d913540482616baa5dae39ae424449aae02092a9f7b07840165b9e9c8e610f5,250,83.33,4.24,2,6,4,0.019612,0.521185,Minotaur,minotaur(pow_w:0.50),2.22,1925,0
385,3,0xeb82a21cb3d0dd781eb22ad74bb7cd9b4d2a06ec,37.948965,1772388757,e707438429869b5326ad90bfb49405404b1b35e9afc4ff8a0e799c1450c68a26,142,71.00,2.90,1,4,3,0.019612,0.521186,Minotaur,minotaur(pow_w:0.50),1.58,1926,0
385,4,0x1796dc61e715f15a2d27dfa32bd34780f12a8c24,33.744031,1772388759,13cbe6c63d3e21a69c733f09e142240d990756efcfa696af1264749134182c07,86,86.00,3.93,2,5,4,0.019613,0.521274,Minotaur,minotaur(pow_w:0.50),1.00,1927,0
386,0,0xe6ebb0cdfd04183d498964e5efc4096ba77b17d6,58.358063,1772388761,7b35d8760d0dd498ec5c7b18910780f167194bdbe3a3707da7629441d3661ba1,205,102.50,3.33,1,5,3,0.019611,0.521311,Minotaur,minotaur(pow_w:0.50),1.48,1928,0
386,1,0x34412315480562da4810040fd15c81f99880e1ab,20.894733,1772388763,741070f3ab58a39d0d175d77abad3f6623402d275500edc74e7f258819ed5c2f,232,77.33,3.97,1,6,4,0.019623,0.521512,Minotaur,minotaur(pow_w:0.50),2.23,1929,0
386,2,0x34412315480562da4810040fd15c81f99880e1ab,21.896983,1772388766,0194f8ea37d05d8e1d335e85787c23df4622978e0c11d463ccd536d0fad2fff3,226,113.00,4.00,1,6,4,0.019614,0.521410,Minotaur,minotaur(pow_w:0.50),1.88,1930,0
386,3,0x95ab54d268473cce82094026afefdbd5cadf418b,27.604718,1772388767,83352f25959bea11190ab660e9fbb99cc0fe3adad79a1da39247162af56ae8fd,217,108.50,4.14,1,6,4,0.019614,0.521410,Minotaur,minotaur(pow_w:0.50),1.52,1931,0
386,4,0x8d9e46becf415ca26aa698c9657087e6554aabda,10.369566,1772388769,3dc58908654b1822bc911d6e970ed32e35e95251ad595ab1a13d7fa39b460a85,108,108.00,4.41,1,6,5,0.019609,0.521396,Minotaur,minotaur(pow_w:0.50),1.00,1932,0
387,0,0xe478b1e4d1538274c0c70cbd7df877f9abab2f62,49.348526,1772388771,bec2ec90c66badcab09e4e70a1971acd21f042cb25584629eb4c06074efb99c8,237,118.50,3.56,1,5,4,0.019595,0.521086,Minotaur,minotaur(pow_w:0.50),1.30,1933,0
387,1,0x4414c05be2cf328f38d2e3ef4b705d6b894f044a,43.126999,1772388774,e6e523ff5225fd627cabf42bc0426052d3087bc0b5a3b3ab4bffc15cb07819cc,247,82.33,3.89,1,5,4,0.019601,0.521217,Minotaur,minotaur(pow_w:0.50),1.83,1934,0
387,2,0xc4dc29db975b952e04358340e56b68fa4ba63fbc,21.546711,1772388775,4086d868fe3567aaec0fd542729caa07a6f8726f0fe484f8f26e6e70865101be,100,50.00,4.07,2,5,4,0.019601,0.521218,Minotaur,minotaur(pow_w:0.50),1.29,1935,0
387,3,0x30509a8084fdfe6fe24d9c9a817c209ad194f8e3,68.742699,1772388777,7b17c78791e493e31b7c674226bdfa93b6b01f12d4427ae2bab019a8d2c9e326,112,112.00,3.62,1,5,4,0.019593,0.521133,Minotaur,minotaur(pow_w:0.50),1.00,1936,0
387,4,0xeaa5003682d7289190651081ae2bee847097afc5,36.791605,1772388779,3ae6e0d17727bbfe6506a74b2077169e06434ffe097ffc43c283f6d6b95c81b2,196,98.00,3.32,1,5,3,0.019610,0.521368,Minotaur,minotaur(pow_w:0.50),1.39,1937,0
388,0,0x719361397abe003a91af76243e5f9c7a0cd4279f,60.604886,1772388782,c4010afeed6d69827a87fb58017bfc50249f85211e5a1c87026ddd9d92e0104b,235,78.33,4.29,1,6,4,0.019610,0.521420,Minotaur,minotaur(pow_w:0.50),2.14,1938,0
388,1,0x58a21eeb7ab18ba8adf1296e66a4487076e95dac,53.149134,1772388783,cd2da87ff7037f96c0c3ba89fe4838660197cddd14d9c3b1c287e52a3d6d4e6d,182,91.00,3.83,1,5,4,0.019610,0.521420,Minotaur,minotaur(pow_w:0.50),1.59,1939,0
388,2,0x89100a8056319ba37491b32ba255004180607bc2,45.826457,1772388785,ad528142bee10fb275c3300c8bfdc83c564c29c10c44b2b63fa4cb1ae5d0674a,117,117.00,3.87,1,5,4,0.019632,0.521796,Minotaur,minotaur(pow_w:0.50),1.03,1940,0
388,3,0xe6ebb0cdfd04183d498964e5efc4096ba77b17d6,59.360083,1772388787,255fab2d611030dcca030247a020a4efefdcd1b3a888744c1e851b30097cdc0c,190,95.00,3.83,1,6,4,0.019637,0.521916,Minotaur,minotaur(pow_w:0.50),1.50,1941,0
388,4,0x606627477c3734932f47972f83c27cf4e3b35b4f,52.432557,1772388789,8d7b091c56b2b6b6f436c055038c1b048e3a3fdd458b9a36684433f6466396b9,231,77.00,4.06,1,6,4,0.019649,0.522120,Minotaur,minotaur(pow_w:0.50),2.15,1942,0
389,0,0x1cb1274c711a6c2e4e1596846e6ac604eeefb358,11.389741,1772388792,4b71c56b2f264946d15c5e251ba780ce56b829ee19b1391f6f63489a923ca7d3,179,89.50,3.74,1,5,4,0.019649,0.522120,Minotaur,minotaur(pow_w:0.50),1.71,1943,0
389,1,0x016d3fc36beee7caa8fbd6c1caa42461dd7f9850,7.854749,1772388793,3da15e09514d2f4ed436dcb8d101ac01050938b1642b36e8637d8f78f4bfc644,210,105.00,3.63,1,5,4,0.019635,0.521832,Minotaur,minotaur(pow_w:0.50),1.60,1944,0
389,2,0xdcf2130496e27a8094ab996aea4aa77788d65869,60.567917,1772388795,340043ac14bf695568e76c40d402375d4b855d5ae1f26cf24bd42de3e31ee570,113,113.00,3.12,1,5,3,0.019619,0.521453,Minotaur,minotaur(pow_w:0.50),0.95,1945,0
389,3,0xdc2bc9a639e2bc25c5f57e628a7cd55f6a3d023b,4.070536,1772388797,d6b84a4e7ddaa9462961382b778c98a22f69025504b9c1e6eb53b1e8f0a231c9,232,77.33,3.89,1,6,4,0.019632,0.521667,Minotaur,minotaur(pow_w:0.50),2.29,1946,0
389,4,0x0d91704595bff3aec25d40822498a51c62b05e3a,16.560996,1772388800,54e401481ed88faa460681ede69080c1b3bfa9f39f1271afc9a1f2ad9326b195,203,101.50,4.35,1,6,4,0.019614,0.521175,Minotaur,minotaur(pow_w:0.50),1.96,1947,0
390,0,0x1796dc61e715f15a2d27dfa32bd34780f12a8c24,34.745561,1772388801,80eda3edd006a575ffe289f5711dc187b496ccbc19744ff5aead06f4b75a3779,229,114.50,3.32,1,5,3,0.019603,0.521013,Minotaur,minotaur(pow_w:0.50),1.60,1948,0
390,1,0xe6ebb0cdfd04183d498964e5efc4096ba77b17d6,60.362193,1772388803,3ccac5ac45298fa23e54c147854a70e4f2d8def243daa87ac16781407bc17367,122,122.00,3.31,1,5,3,0.019601,0.521050,Minotaur,minotaur(pow_w:0.50),0.97,1949,0
390,2,0x3513d672439a59c26cc5711f2b715ccb4810a774,24.298135,1772388805,d3263b3d95c4068f433a2007d2f069b35327415b64c3bd6c6cb5b97e4b4b2395,210,70.00,4.00,1,6,4,0.019614,0.521253,Minotaur,minotaur(pow_w:0.50),2.21,1950,0
390,3,0x3513d672439a59c26cc5711f2b715ccb4810a774,25.300625,1772388808,e658456fa43eb836417aa7bfef59dc33aaebc9f25bdc510e76867c3ce8cbfa07,250,125.00,3.91,1,5,4,0.019607,0.521190,Minotaur,minotaur(pow_w:0.50),2.10,1951,0
390,4,0xeaa5003682d7289190651081ae2bee847097afc5,37.793645,1772388809,a12b1f1598fd4fdb5ad10171d3aebce8beacdae719c05c05dbd8e66e6a0e7d55,136,68.00,3.91,1,5,4,0.019601,0.521162,Minotaur,minotaur(pow_w:0.50),1.51,1952,0
391,0,0x606627477c3734932f47972f83c27cf4e3b35b4f,52.432337,1772388811,b58b68d3092fe9aab07e1a20f8511c2f97d73f7d814450fd2e0790cca859b3c8,103,103.00,4.24,1,6,4,0.019601,0.521238,Minotaur,minotaur(pow_w:0.50),1.00,1953,0
391,1,0xac768e60b9269babb15cb1e36ee843243d7c7543,56.776508,1772388813,6f00830740af8ccb0ff1da0f5b1c12aba6d1f6e93463aa824241a45d200c9a12,243,81.00,3.54,1,5,4,0.019609,0.521378,Minotaur,minotaur(pow_w:0.50),2.36,1954,0
391,2,0xa447d277b02012c2afd9ddcbbe123f27cc971963,21.803255,1772388816,19c7d66911a0752b10ad5a9121dfa498a1419543906feea7a3e9a2fa822b914a,243,121.50,3.93,1,6,4,0.019620,0.521550,Minotaur,minotaur(pow_w:0.50),1.93,1955,0
391,3,0x8c11ec9090dd820c076e57e899d9c604c79d6b32,37.592929,1772388817,7f8065fe4135edf7a7cc400ac80baec914d096fa6d6fd24b475b0c52b0ee3c22,109,54.50,3.71,2,6,4,0.019611,0.521463,Minotaur,minotaur(pow_w:0.50),1.47,1956,0
391,4,0x719361397abe003a91af76243e5f9c7a0cd4279f,61.606396,1772388819,3876c180520a541001f47bf0a31b7e20acbe466b86459d4865f3e7b6f022ecf5,104,104.00,4.13,1,6,4,0.019611,0.521526,Minotaur,minotaur(pow_w:0.50),0.99,1957,0
392,0,0x58a21eeb7ab18ba8adf1296e66a4487076e95dac,54.150014,1772388821,356da4d4b62443cbee169ea17000028305d1a2e32c6200b73abc4144df785c48,179,89.50,3.82,1,5,4,0.019624,0.521749,Minotaur,minotaur(pow_w:0.50),1.53,1958,0
392,1,0x6064b9f5883bf9737dfe314ff68c56e09e68ac89,25.193069,1772388824,d02bfc87ab30d23eb15c78505dc8602326b41bdcdd3da071563b6c24131758d1,250,83.33,3.87,1,5,4,0.019634,0.521899,Minotaur,minotaur(pow_w:0.50),2.14,1959,0
392,2,0x30405867b72597aaeb27803bb2c7f3f5fc7d5384,15.509134,1772388825,a77d656dee0dcd7832e4e9ba2b52134663ed13b55e1745f90ebe27bc3182ccc4,139,69.50,3.81,1,5,4,0.019627,0.521858,Minotaur,minotaur(pow_w:0.50),1.50,1960,0
392,3,0x719361397abe003a91af76243e5f9c7a0cd4279f,62.608126,1772388827,5428343be7dc6e4083283166cbbd437b81380f7bbb1a5daae448a7405f34a666,101,101.00,3.37,1,5,4,0.019615,0.521685,Minotaur,minotaur(pow_w:0.50),0.97,1961,0
392,4,0xd46407aa7b668c72de3cf1c1a12b7fa2e308a1b2,38.008889,1772388829,44ee0f620109bef85f695828ed71e9aa3d7b9881889857b4d8914589b6a2c602,209,104.50,3.81,1,5,4,0.019629,0.521907,Minotaur,minotaur(pow_w:0.50),1.52,1962,0
393,0,0x58a21eeb7ab18ba8adf1296e66a4487076e95dac,55.152394,1772388831,5d1c4b835b96e876ff3f450a99d96c1d87868e57b5df477f049a1c287b77988c,231,77.00,3.86,1,5,4,0.019629,0.521971,Minotaur,minotaur(pow_w:0.50),2.18,1963,0
393,1,0x49b57eb4dace37c8819daf079c9c674f766d4f38,33.250710,1772388833,7b70b438d3cea5ad8649a3d83420a53fdb490dc26e0f55adb7a2f28dfe16eb24,245,122.50,3.98,1,5,4,0.019638,0.522121,Minotaur,minotaur(pow_w:0.50),1.80,1964,0
393,2,0xa3786e459f289a76c0e8af8ad834e3d0c6d47199,58.782863,1772388835,b4d63988468361f06a50322d06c0de42e19ce94a648292809905ad6ac5fe432b,95,95.00,4.04,1,6,4,0.019636,0.522146,Minotaur,minotaur(pow_w:0.50),1.00,1965,0
393,3,0xb7b4ee0a72bc410bf6d32b9cd3f3e11fc756d6f1,3.050619,1772388837,fe071e0550dc2e0fe49315032f570b4447d6e04725e4ebad111128947da1fed3,198,99.00,4.21,1,6,4,0.019647,0.522337,Minotaur,minotaur(pow_w:0.50),1.48,1966,0
393,4,0x4ba33404d90c4ae989714d9d174cd882cffb7994,19.111522,1772388839,49f982a7143a2d6c3b33acdb9eab8c82a39fc13d6c24412a3be0952e2a6c46bb,250,83.33,3.84,1,6,4,0.019629,0.521751,Minotaur,minotaur(pow_w:0.50),2.32,1967,0
394,0,0x6064b9f5883bf9737dfe314ff68c56e09e68ac89,26.194269,1772388842,c4162c66e5f1b9d6003c5f077b43fe004ee043a2790763a4a6d1e4967e361a5b,161,80.50,4.35,1,6,4,0.019619,0.521621,Minotaur,minotaur(pow_w:0.50),2.13,1968,0
394,1,0xd1cd4b808ce6b2841ad42746b64c5a047e857ef0,9.219004,1772388844,1fb6d37b62b6c22ac05f2e7e13b42d2288548674213a2e8e0dcbc81388617c9d,208,104.00,3.83,1,5,4,0.019613,0.521595,Minotaur,minotaur(pow_w:0.50),1.66,1969,0
394,2,0x49b57eb4dace37c8819daf079c9c674f766d4f38,34.251490,1772388846,d7b11bb4b69d4475e4154a213deda6b457350405e69b81854b752c0a6f73a730,214,107.00,3.84,1,6,4,0.019598,0.521259,Minotaur,minotaur(pow_w:0.50),1.52,1970,0
394,3,0xac768e60b9269babb15cb1e36ee843243d7c7543,57.778638,1772388848,8d37b7affb1f899e290d895e640384f41e12092c079d1b1b0440a8fb269fd506,227,75.67,3.67,1,6,4,0.019596,0.521285,Minotaur,minotaur(pow_w:0.50),2.29,1971,0
394,4,0x30509a8084fdfe6fe24d9c9a817c209ad194f8e3,69.743999,1772388851,670ca3ffcfe25288784482ab756a2d991778cd4af512bbd955e5b41ba1519e25,213,106.50,3.88,1,6,4,0.019607,0.521460,Minotaur,minotaur(pow_w:0.50),1.95,1972,0
395,0,0x7e40df5d801345015e84c843908efc6683665fa4,29.680959,1772388852,2c47d66dcf629a4898ca2a82343f34c3b8be865c324a8691ffd38dcf15d342e5,211,105.50,3.44,1,5,4,0.019607,0.521460,Minotaur,minotaur(pow_w:0.50),1.61,1973,0
395,1,0x213068cb42718d1dd6d00a6d94d62a3def0e68eb,7.345069,1772388854,6736632a50ebcd66aefbb4c98b66950bceb0f269492fe1b93c115bcc1fc6bcd0,98,98.00,3.41,1,5,3,0.019620,0.521704,Minotaur,minotaur(pow_w:0.50),0.98,1974,0
395,2,0xa3786e459f289a76c0e8af8ad834e3d0c6d47199,59.784583,1772388856,f8e256b699ff9487039acd6efc131ef6d0a74e8fdecaf8502fc235afd234b529,215,107.50,3.65,1,5,4,0.019604,0.521310,Minotaur,minotaur(pow_w:0.50),1.41,1975,0
395,3,0xa9105f442328d397529b8e4e9e656fa89016ff45,13.457774,1772388858,3895bec66da2ef761265c4e7a1e5746a530a51b186c3c5c42ad409c53a102ffa,220,73.33,4.09,1,6,4,0.019616,0.521501,Minotaur,minotaur(pow_w:0.50),2.30,1976,0
395,4,0x49b57eb4dace37c8819daf079c9c674f766d4f38,35.253570,1772388861,c3728c4d1941fe2d268b7d4d1131567ae3c1fbc916394535abff2328829be167,221,110.50,3.68,1,5,4,0.019603,0.521259,Minotaur,minotaur(pow_w:0.50),1.98,1977,0
396,0,0x687bf2437a044a3e42ff2f8a79a8e54ba9601f70,19.060299,1772388862,28d176dddb1796fcf3be083935652c30c46ff41b53c92d942fcd8b97ec27dfb2,221,110.50,4.00,1,6,4,0.019602,0.521289,Minotaur,minotaur(pow_w:0.50),1.52,1978,0
396,1,0x3513d672439a59c26cc5711f2b715ccb4810a774,26.301325,1772388864,1f61b0ce9e2e1ae225f9c55d496b6ecdbefa3f510f59b654a99d1e6985297c2c,99,99.00,3.82,1,5,4,0.019592,0.521150,Minotaur,minotaur(pow_w:0.50),0.98,1979,0
396,2,0xa9a524611994a27dd3134d643379aa14edf7cb39,3.064870,1772388866,c0f0f57120882a5eaab13caa9a99748726e672ad7bec6ee7dd76e6817efc99d3,232,116.00,3.72,1,5,4,0.019586,0.521115,Minotaur,minotaur(pow_w:0.50),1.24,1980,0
396,3,0x30405867b72597aaeb27803bb2c7f3f5fc7d5384,16.509784,1772388869,0700b9bb39fcc4ed06e82e2aa1d976fd17c102e89d1fe084b181a8599b0ac51e,238,79.33,3.71,1,5,4,0.019568,0.520526,Minotaur,minotaur(pow_w:0.50),1.93,1981,0
396,4,0x269cdf52f97e1d9f14b7be895155a7b294f0b21d,14.712483,1772388870,a14964f18bd44fc635c860fa213a11c772f73985404063cf1220fe691dfd448c,119,59.50,3.67,2,5,4,0.019556,0.520357,Minotaur,minotaur(pow_w:0.50),1.38,1982,0
397,0,0xac768e60b9269babb15cb1e36ee843243d7c7543,58.780478,1772388872,9d71d5e05c559526cb3f8e51c8677303f80d91efc57fad4967214864d6bd1aec,90,90.00,3.56,1,5,4,0.019544,0.520163,Minotaur,minotaur(pow_w:0.50),0.98,1983,0
397,1,0x28672c71695142588ed26ada6f4b18b8b6c12308,15.680348,1772388874,a468d6dafb78c3c904f1f5ac1f362a5a8c59fbbb3a074940faa704271b3f603d,250,83.33,4.04,1,6,4,0.019555,0.520343,Minotaur,minotaur(pow_w:0.50),2.47,1984,0
397,2,0x4a217e35f6402e7f62a49f6d62e27c6585c2f3fd,45.528717,1772388877,2e879a1e9c5636ada78b22882c573eb3adf74c41420c3a745d739927e79f6091,250,125.00,3.51,1,5,4,0.019544,0.520164,Minotaur,minotaur(pow_w:0.50),2.21,1985,0
397,3,0x606627477c3734932f47972f83c27cf4e3b35b4f,53.434217,1772388878,909596535138d3eb596a7960bec572638f0e1e4cd1fbac9e3ec9437b64b1a44a,141,70.50,3.49,1,5,3,0.019544,0.520164,Minotaur,minotaur(pow_w:0.50),1.78,1986,0
397,4,0x07902d0371763a00d97ed9ba16ff0a206cb0fd19,37.563289,1772388880,0497fa2d08057fcff12a0f20fe0e26f9fa625e8cf4361bdceb3c8a57f893e92e,105,105.00,3.55,1,5,4,0.019552,0.520303,Minotaur,minotaur(pow_w:0.50),0.94,1987,0
398,0,0xac768e60b9269babb15cb1e36ee843243d7c7543,59.782908,1772388882,ef71ac79b414df6516cecaf11e5e984cab9909d4820ee3ad47dfbbe37f2d80ae,250,83.33,2.68,1,4,3,0.019552,0.520349,Minotaur,minotaur(pow_w:0.50),2.20,1988,0
398,1,0x07902d0371763a00d97ed9ba16ff0a206cb0fd19,38.565739,1772388885,eee708f4426de074610235a7e4cdf5f33e4bfa8ff94df0acace4adca6526c46e,232,116.00,3.93,1,6,4,0.019563,0.520528,Minotaur,minotaur(pow_w:0.50),1.88,1989,0
398,2,0x1cb1274c711a6c2e4e1596846e6ac604eeefb358,12.390901,1772388886,d5c02c3bc000a4ed01dae1b0c9b88fd389237443fc49c7ced7e0569dd87944e1,189,94.50,2.80,1,4,3,0.019564,0.520604,Minotaur,minotaur(pow_w:0.50),1.57,1990,0
398,3,0x63f4973c0df8a5358405f396dc0673a463c48de9,69.987087,1772388888,20c08cebf9e6b14da1f9fbdca439b697c5274bfc8d1f104eb7d01896f32b0690,111,111.00,3.59,1,5,4,0.019551,0.520335,Minotaur,minotaur(pow_w:0.50),0.99,1991,0
398,4,0x606627477c3734932f47972f83c27cf4e3b35b4f,54.435137,1772388890,ca616025a8fcc8b60ed576689819721ce4654457bf577076a6acb5936afa2843,190,95.00,3.52,1,5,4,0.019567,0.520567,Minotaur,minotaur(pow_w:0.50),1.50,1992,0
399,0,0xeb82a21cb3d0dd781eb22ad74bb7cd9b4d2a06ec,38.948535,1772388893,f3a6b0b1dd66150d0ffed664f122557087df79e85a272aa8b0eef9659f200eac,250,83.33,3.66,1,5,4,0.019567,0.520568,Minotaur,minotaur(pow_w:0.50),2.18,1993,0
399,1,0xdcf2130496e27a8094ab996aea4aa77788d65869,61.569347,1772388894,9eca1c873b4698af43c873d5b64574c80db957159cd0f54ed99c62d472083301,164,82.00,3.93,1,5,4,0.019576,0.520705,Minotaur,minotaur(pow_w:0.50),1.72,1994,0
399,2,0x07902d0371763a00d97ed9ba16ff0a206cb0fd19,39.567549,1772388896,e015459e3a97210fb415a9c085c54255849a2b419ab3cde21d2b74f8aa174bd7,118,118.00,3.92,2,5,4,0.019588,0.520915,Minotaur,minotaur(pow_w:0.50),1.05,1995,0
399,3,0xea287b266dbe2c2d402fd91814bcfc4c95d6b0fd,3.128754,1772388898,54069ffee07ec7f59c0bed3bf050c376eca0a2800cc95903ee352ebf81b1fc62,237,118.50,2.74,1,4,3,0.019589,0.521001,Minotaur,minotaur(pow_w:0.50),1.34,1996,0
399,4,0x63f4973c0df8a5358405f396dc0673a463c48de9,70.988847,1772388900,55ee7b55629e404bed3938f4336a3537de45acd3e627392494eb13d8af9bb5bd,221,73.67,4.09,1,6,4,0.019571,0.520412,Minotaur,minotaur(pow_w:0.50),2.12,1997,0
400,0,0x719361397abe003a91af76243e5f9c7a0cd4279f,63.609406,1772388903,4a386009107ce009fbab7bc314be77a72ac8f7e0b2e650a2def0f81a233a471c,250,125.00,3.66,1,5,4,0.019571,0.520412,Minotaur,minotaur(pow_w:0.50),1.95,1998,0
400,1,0x606627477c3734932f47972f83c27cf4e3b35b4f,55.437537,1772388904,ad92b5e12b680ba2087b921c7e9bd0d2b44241e7b1eaa6bbec8bb82b925af15c,126,63.00,3.90,1,5,4,0.019601,0.520870,Minotaur,minotaur(pow_w:0.50),1.41,1999,0
400,2,0x26d553a2f4343b3a7dc88bbd87b3d0a25d3838d9,58.290920,1772388906,fe34d40af12bedbce941aa6566219a9992e32af10dde9ab691837d87a1a9a4ea,126,126.00,3.73,1,5,4,0.019610,0.521013,Minotaur,minotaur(pow_w:0.50),0.96,2000,0
400,3,0xf13caa2c5f6f6cf61e51290bfa7826a9140b4faf,3.011184,1772388908,4ccc066add7bf313555d4540c1b7a380def417f12c16567f471c4572099a072d,224,74.67,3.75,1,6,4,0.019620,0.521181,Minotaur,minotaur(pow_w:0.50),2.29,2001,0
400,4,0xd39dbd3662315e3935ec08e6b6028e73b3c09de2,20.916780,1772388911,09d48e8d999f969bd10446db0c53d6be6c6e0446361288dfc6dff21b3bf7bb89,245,122.50,4.16,1,6,4,0.019602,0.520575,Minotaur,minotaur(pow_w:0.50),1.91,2002,0
401,0,0xa3786e459f289a76c0e8af8ad834e3d0c6d47199,60.786313,1772388912,130e03bede466847fb9dbb29938a7208d23222a6627dc0b90fcfb9c1f531597b,142,71.00,4.58,1,6,5,0.019593,0.520463,Minotaur,minotaur(pow_w:0.50),1.32,2003,0
401,1,0x4a217e35f6402e7f62a49f6d62e27c6585c2f3fd,45.528227,1772388914,66648b948beb36506eda6371a8be8bb978e50b0ff40653e896ac45658499fdaa,103,103.00,4.31,1,6,4,0.019605,0.520655,Minotaur,minotaur(pow_w:0.50),0.99,2004,0
401,2,0x13f9dadc05f6c237b03411e2aed1800cf21a5d89,10.257122,1772388916,61872f9d23a0f24df3c7aef8360285c3684dd1bd1bdf9c84972afa08741eb1bc,210,105.00,3.54,1,5,4,0.019609,0.520762,Minotaur,minotaur(pow_w:0.50),1.26,2005,0
401,3,0x89100a8056319ba37491b32ba255004180607bc2,46.827037,1772388919,aeb5bb5cd998f4c5ff1785027e8ac5189a0b9f534b5589226e4538f1cf186671,242,80.67,3.12,1,4,3,0.019609,0.520762,Minotaur,minotaur(pow_w:0.50),1.87,2006,0
401,4,0xac61c91e7d24df824351a6c4e562a75f0cf646f8,4.220658,1772388920,ea0072eaa67a0d5f678a6534f7a615142d448e88c9df5eef3764c7141efe9906,193,96.50,3.92,1,6,4,0.019613,0.520879,Minotaur,minotaur(pow_w:0.50),1.54,2007,0
402,0,0x0d91704595bff3aec25d40822498a51c62b05e3a,17.561896,1772388922,50d467c44607faa1cd866ffe661b2322a2e39ae437efce425c8b15fb300c7399,80,80.00,4.11,2,6,4,0.019596,0.520399,Minotaur,minotaur(pow_w:0.50),1.00,2008,0
402,1,0xa447d277b02012c2afd9ddcbbe123f27cc971963,22.803485,1772388924,d60306866ad0103bb71ad5db8aa4f60ffce4c9307113274a860b86d4f29e9bf0,211,105.50,3.18,1,5,3,0.019585,0.520243,Minotaur,minotaur(pow_w:0.50),1.41,2009,0
402,2,0x89100a8056319ba37491b32ba255004180607bc2,47.828907,1772388927,1abf01cd7d024317bf6ce2a90ffa65896abe23368ee7e2d77f8ebcb9985378fd,250,83.33,3.49,1,5,3,0.019585,0.520243,Minotaur,minotaur(pow_w:0.50),1.94,2010,0
402,3,0xeb82a21cb3d0dd781eb22ad74bb7cd9b4d2a06ec,38.948175,1772388928,aaff27b539b3c132353a9eba232e6d29ccbd570369439ee363cb85586afa2a21,112,56.00,3.96,1,6,4,0.019585,0.520244,Minotaur,minotaur(pow_w:0.50),1.26,2011,0
402,4,0x1796dc61e715f15a2d27dfa32bd34780f12a8c24,35.745461,1772388930,17f8948c1311a89ebd50ac50b58c771227bdcd29098795115d8f6026258f54fa,99,99.00,4.11,1,6,4,0.019586,0.520320,Minotaur,minotaur(pow_w:0.50),0.99,2012,0
403,0,0x30509a8084fdfe6fe24d9c9a817c209ad194f8e3,70.745249,1772388932,eee4bbc32843221383a52ec50ad2374d2f8ecf4a9cb9080b2e37c9b98cede86f,208,104.00,3.22,1,5,3,0.019584,0.520350,Minotaur,minotaur(pow_w:0.50),1.42,2013,0
403,1,0x30509a8084fdfe6fe24d9c9a817c209ad194f8e3,71.747739,1772388934,b60a0ef209d7b2e7b2dfa7a6cf384471e1ff892d24bd425e82a1e3229eca11a7,250,83.33,3.40,2,5,3,0.019601,0.520578,Minotaur,minotaur(pow_w:0.50),2.18,2014,0
403,2,0x606627477c3734932f47972f83c27cf4e3b35b4f,56.438497,1772388937,d1e0964390c79c1e737d7bb381a6d4d30d64b0ef425cab2849190950cc585043,200,100.00,3.30,1,5,3,0.019618,0.520813,Minotaur,minotaur(pow_w:0.50),1.85,2015,0
403,3,0xe6ebb0cdfd04183d498964e5efc4096ba77b17d6,61.363053,1772388939,29c5ebcd9076082069edacf0faa935524f5db39312ad6c3853fa8adb48203776,178,89.00,3.67,1,5,4,0.019627,0.520970,Minotaur,minotaur(pow_w:0.50),1.45,2016,0
403,4,0x58a21eeb7ab18ba8adf1296e66a4487076e95dac,56.153634,1772388941,194e923bbb214be542f428d56893b51365c949c2e186a87b20be70b7c2f12517,234,117.00,4.08,1,6,4,0.019639,0.521163,Minotaur,minotaur(pow_w:0.50),1.48,2017,0
404,0,0x49b57eb4dace37c8819daf079c9c674f766d4f38,36.255010,1772388943,938d013f23e718d791b79eb0c104a335e5b71429d412bdf5bee0b457c25bd867,248,82.67,3.86,1,6,4,0.019648,0.521309,Minotaur,minotaur(pow_w:0.50),2.18,2018,0
404,1,0x3513d672439a59c26cc5711f2b715ccb4810a774,27.302835,1772388945,7331f3263ff72be857181a09872bbbb444e4dab1e72ea6d757af8ff73b825acb,141,70.50,3.91,1,6,4,0.019648,0.521309,Minotaur,minotaur(pow_w:0.50),1.60,2019,0
404,2,0xfdc414c57908f0e2a6a926079902d4688d553610,10.159512,1772388947,0c8d71467991f95a3d2c6e96c20e2968aa12e4d5703de712a1934a417bc9f585,96,96.00,3.84,1,5,4,0.019641,0.521314,Minotaur,minotaur(pow_w:0.50),1.01,2020,0
404,3,0x786f26993bf015cd2da6fb5d3ccd1879e01246ab,8.264552,1772388949,8a990a3304ecafd445f9e3de63d3cd7485436cf7fba485c44c27e74667b41179,223,111.50,4.74,1,6,5,0.019627,0.521005,Minotaur,minotaur(pow_w:0.50),1.52,2021,0
404,4,0x37cc7a82e66d4f4c2ae13b9ee895d3af1a1d7a05,9.240395,1772388951,8b810710089f04c08589f57c08fbd4e77a7684cf27dcf65e71320fd6709d03cb,234,78.00,3.99,1,6,4,0.019611,0.520642,Minotaur,minotaur(pow_w:0.50),2.28,2022,0
405,0,0xdcf2130496e27a8094ab996aea4aa77788d65869,62.569987,1772388954,10999e0b6ac3b07c7eb2358241137cfdbe5f8cdbadfff1b45d8545bdff605dc7,250,125.00,3.87,1,6,4,0.019597,0.520305,Minotaur,minotaur(pow_w:0.50),2.00,2023,0
405,1,0xd46407aa7b668c72de3cf1c1a12b7fa2e308a1b2,39.010039,1772388955,b067387585feb35815e97f1ae9f6b4e8b53a6ec44d070b1d25c69cfc6aad8ab8,119,59.50,3.99,1,5,4,0.019609,0.520512,Minotaur,minotaur(pow_w:0.50),1.34,2024,0
405,2,0x687bf2437a044a3e42ff2f8a79a8e54ba9601f70,20.060409,1772388957,f683a5769877284a79e25c02e4678ee457bce37a72b9306e77935f471fd8402a,99,99.00,3.93,1,5,4,0.019609,0.520578,Minotaur,minotaur(pow_w:0.50),0.98,2025,0
405,3,0x07902d0371763a00d97ed9ba16ff0a206cb0fd19,40.569379,1772388959,e7348d809dfef095474ab12b90684254944116e1da922c288a8f58d4aab5b3f4,225,112.50,3.77,1,5,4,0.019600,0.520452,Minotaur,minotaur(pow_w:0.50),1.31,2026,0
405,4,0xa3786e459f289a76c0e8af8ad834e3d0c6d47199,61.786953,1772388962,c29e4b749568aa136282f540ed69505b6122f2f61242eb40afe769a8be1f3838,250,83.33,2.87,1,4,3,0.019601,0.520538,Minotaur,minotaur(pow_w:0.50),1.94,2027,0
406,0,0x606627477c3734932f47972f83c27cf4e3b35b4f,57.440037,1772388963,728b9856688c06a58559d917d08c289ea49154482643481851c93573816d7737,116,58.00,4.21,2,6,4,0.019612,0.520728,Minotaur,minotaur(pow_w:0.50),1.33,2028,0
406,1,0x8c11ec9090dd820c076e57e899d9c604c79d6b32,38.592399,1772388965,bbb337cea3adf2ea23511691c48183ef6db23b8c4711ba4efdc86df170efb1d9,98,98.00,3.66,2,5,4,0.019622,0.520883,Minotaur,minotaur(pow_w:0.50),0.98,2029,0
406,2,0x0d91704595bff3aec25d40822498a51c62b05e3a,18.563586,1772388967,eb58a01915b5d4bef1be3c536fe7f9f37898ba42b22031bd582bda13419dc8e1,174,87.00,4.18,1,6,4,0.019622,0.520937,Minotaur,minotaur(pow_w:0.50),1.49,2030,0
406,3,0x213068cb42718d1dd6d00a6d94d62a3def0e68eb,8.346029,1772388970,723c858805fbf3a84a33122ad7cfbce172ecf167f8e3ef73353385f835937933,250,83.33,3.24,1,5,3,0.019612,0.520785,Minotaur,minotaur(pow_w:0.50),2.15,2031,0
406,4,0xa5a12d96532497871d73549e55ab377e3dcb3a40,6.080562,1772388971,8e495b6c902a4f6f2b895221a036b58a12f819bedc31fefb5d5002a349f9114c,205,102.50,3.55,1,5,4,0.019596,0.520417,Minotaur,minotaur(pow_w:0.50),1.70,2032,0
407,0,0xa3786e459f289a76c0e8af8ad834e3d0c6d47199,62.788013,1772388973,fda5f6dfff43b02d4cf3f00cf6c9194036facba3e748610487cef49b78526898,94,94.00,4.14,1,6,4,0.019580,0.520002,Minotaur,minotaur(pow_w:0.50),0.98,2033,0
407,1,0xdcf2130496e27a8094ab996aea4aa77788d65869,63.570887,1772388975,650918157643666a0c31aed48c0eb001a05f28415f63f85f066800e7420c03c6,206,103.00,4.23,1,6,4,0.019592,0.520200,Minotaur,minotaur(pow_w:0.50),1.49,2034,0
407,2,0xdcf2130496e27a8094ab996aea4aa77788d65869,64.573267,1772388978,75db97253e1b896cd4a39605a2b1284c7ea4c8eb7104b2e8001c14382330f985,238,79.33,3.84,1,5,4,0.019605,0.520403,Minotaur,minotaur(pow_w:0.50),2.08,2035,0
407,3,0x63f4973c0df8a5358405f396dc0673a463c48de9,71.990567,1772388979,ea232230c52749f1b03d02617904b008e48898e538e8b3ad1e914e2b97010d72,167,83.50,3.95,2,5,4,0.019605,0.520403,Minotaur,minotaur(pow_w:0.50),1.60,2036,0
407,4,0x687bf2437a044a3e42ff2f8a79a8e54ba9601f70,21.062469,1772388981,aa3da5066c2aa9a9dc4dd1ca61e19611f76ca146b1177069d7629f6d1a6edf20,105,105.00,3.67,1,5,4,0.019634,0.520845,Minotaur,minotaur(pow_w:0.50),1.00,2037,0
408,0,0xdcf2130496e27a8094ab996aea4aa77788d65869,65.574877,1772388983,bab2a2a05a2199ef28a2554c8926495a2a123b52f2d8a756bf4c060adf717501,190,95.00,3.78,1,5,4,0.019625,0.520729,Minotaur,minotaur(pow_w:0.50),1.47,2038,0
408,1,0x63f4973c0df8a5358405f396dc0673a463c48de9,72.991557,1772388986,48fb3dcd9701f996c4588fe167ee10987d616bec6a1e38033dac72dee8fe9294,243,81.00,3.84,1,6,4,0.019638,0.520944,Minotaur,minotaur(pow_w:0.50),2.16,2039,0
408,2,0x9bdb1c7ad4bd8fe797b07c08117c74a591dbab2d,14.433282,1772388987,0de98ba6253bfcf3a007d46de9f2cd31555255d267fa487b9da9989059c70e7a,127,63.50,3.76,1,5,4,0.019655,0.521178,Minotaur,minotaur(pow_w:0.50),1.65,2040,0
408,3,0x4ba33404d90c4ae989714d9d174cd882cffb7994,20.111402,1772388989,6440143b292f8341907d75e9f4742b12ad16f66297805f25183953d58355da8f,97,97.00,3.65,1,5,4,0.019643,0.520973,Minotaur,minotaur(pow_w:0.50),0.98,2041,0
408,4,0x89100a8056319ba37491b32ba255004180607bc2,47.828297,1772388991,c9558497b378e62090fc06ada819a0a196a7bc4a51bfcfcb6b29911496a410d6,230,115.00,4.49,1,6,4,0.019634,0.520839,Minotaur,minotaur(pow_w:0.50),1.47,2042,0
409,0,0x6d6b2734a20229ddd7fd4a1470ba3e3bad4e4a85,13.623414,1772388993,53fd321332c3ec2570ed473b4fd477fc748a288632036de17f34c11754880962,246,82.00,3.81,1,6,4,0.019638,0.520954,Minotaur,minotaur(pow_w:0.50),2.13,2043,0
409,1,0x30509a8084fdfe6fe24d9c9a817c209ad194f8e3,72.749069,1772388995,0cc89587f5d3b4c323c73f7ec466ebc829841cefcc5e898bb1f4b2e0c5b6f084,218,109.00,3.67,1,5,4,0.019626,0.520714,Minotaur,minotaur(pow_w:0.50),1.84,2044,0
409,2,0xc24b36dee27726233c3bbd9e1f028f98b6b2a424,25.414479,1772388997,f352a14a2fb3c4d3783a27228853514b7dca8979f444dd2570fcb53a5f4fca35,88,88.00,3.40,1,5,4,0.019642,0.520938,Minotaur,minotaur(pow_w:0.50),1.00,2045,0
409,3,0xbc3f8508d26048f2064aa8c068f4c94d08d77d18,56.115319,1772388999,7066b010b56cf0700cad2e4a853bbcacc9a25249d1f059455bbf8dbdba7d2459,194,97.00,3.91,1,6,4,0.019636,0.520893,Minotaur,minotaur(pow_w:0.50),1.42,2046,0
409,4,0x786f26993bf015cd2da6fb5d3ccd1879e01246ab,9.266502,1772389001,361c216c60df02c1c59fc9ba2a374b375a396bf27500ab6f2fb61888a40669bb,242,80.67,4.24,1,6,4,0.019644,0.521028,Minotaur,minotaur(pow_w:0.50),2.33,2047,0
410,0,0x4414c05be2cf328f38d2e3ef4b705d6b894f044a,43.124869,1772389004,f5462680fbdb5584f375358eb69700fc0fe899971721bf5998c64b06fbd7485c,185,92.50,4.03,1,6,4,0.019644,0.521028,Minotaur,minotaur(pow_w:0.50),1.79,2048,0
410,1,0xe478b1e4d1538274c0c70cbd7df877f9abab2f62,50.348726,1772389005,33c298e4b2550e1f86327eecf1a7997602a7c35ddedfc11c83b89ad2d556fd8d,189,94.50,4.01,2,6,4,0.019646,0.521122,Minotaur,minotaur(pow_w:0.50),1.57,2049,0
410,2,0x9bdb1c7ad4bd8fe797b07c08117c74a591dbab2d,15.434072,1772389007,aeed33c8afa66016209bf505e398b355837975bb55afe916cba999132c68abb5,99,99.00,3.96,1,6,4,0.019652,0.521246,Minotaur,minotaur(pow_w:0.50),0.98,2050,0
410,3,0xa447d277b02012c2afd9ddcbbe123f27cc971963,22.802775,1772389009,e57ba22474d1608d504e4f0592fb0ac805b63741fec60472d50065116f97e9a3,237,79.00,3.65,1,5,4,0.019640,0.521060,Minotaur,minotaur(pow_w:0.50),2.16,2051,0
410,4,0xbc3f8508d26048f2064aa8c068f4c94d08d77d18,57.117669,1772389012,c802291b066fc3b57bf42b2b5be482107259e864403a7bd1d4f1caad6839eea9,152,76.00,3.66,1,6,4,0.019632,0.520985,Minotaur,minotaur(pow_w:0.50),1.86,2052,0
411,0,0xc24b36dee27726233c3bbd9e1f028f98b6b2a424,26.416279,1772389013,384220e8d9c83fef0d832a5e03bbdbbc49569305e36973471cfed36b0b97aaf4,174,87.00,4.39,1,6,4,0.019632,0.520985,Minotaur,minotaur(pow_w:0.50),1.51,2053,0
411,1,0x269cdf52f97e1d9f14b7be895155a7b294f0b21d,15.712003,1772389015,1f3096f54a900ef9decd467baf7ef59bfb0af8a10b310f7c3f40d3a57720b172,115,115.00,3.79,1,6,4,0.019635,0.521086,Minotaur,minotaur(pow_w:0.50),0.94,2054,0
411,2,0x49b57eb4dace37c8819daf079c9c674f766d4f38,37.255770,1772389017,bc614d292fc66e49cf64e7ef38819e11ce3fce92a1a69dc23adeb2891a8a1423,233,77.67,3.44,1,5,4,0.019623,0.520896,Minotaur,minotaur(pow_w:0.50),2.31,2055,0
411,3,0x63f4973c0df8a5358405f396dc0673a463c48de9,73.992557,1772389020,7868965ab2c322c289c86fb5ca67ed4d8de5181062cae9059598d2e503e9aaf8,241,120.50,3.87,1,6,4,0.019623,0.520896,Minotaur,minotaur(pow_w:0.50),1.93,2056,0
411,4,0xa3786e459f289a76c0e8af8ad834e3d0c6d47199,63.789493,1772389021,ed55600f76e6b1d02f863e35cbb870c38910a6744e72eaf5b45834013a85692c,115,57.50,3.64,1,5,4,0.019623,0.520897,Minotaur,minotaur(pow_w:0.50),1.30,2057,0
412,0,0x30405867b72597aaeb27803bb2c7f3f5fc7d5384,17.509454,1772389023,775c8f5c1f542592624b41a4a18fb708b0211609291fac68215f8982b90b81cf,100,100.00,4.09,1,6,4,0.019652,0.521324,Minotaur,minotaur(pow_w:0.50),0.99,2058,0
412,1,0xa3786e459f289a76c0e8af8ad834e3d0c6d47199,64.790483,1772389025,495fde6a48f33fa1166017efc555472deee5e0eb27e822933a5456b8aa76be5b,216,108.00,3.40,1,5,4,0.019642,0.521160,Minotaur,minotaur(pow_w:0.50),1.33,2059,0
412,2,0x30509a8084fdfe6fe24d9c9a817c209ad194f8e3,73.749689,1772389028,37a57728662b42ab6821234ac7ea0a250ab5aff77c2fd58942e7aff7c21afd77,224,74.67,4.31,2,6,4,0.019654,0.521363,Minotaur,minotaur(pow_w:0.50),2.05,2060,0
412,3,0xe478b1e4d1538274c0c70cbd7df877f9abab2f62,51.349576,1772389029,4749fe408f4116c398f1f2aab066eea0caea38ec8dd3a14b590de83baa50fd98,144,72.00,3.60,2,5,4,0.019654,0.521363,Minotaur,minotaur(pow_w:0.50),1.53,2061,0
412,4,0x58a21eeb7ab18ba8adf1296e66a4487076e95dac,57.155354,1772389031,b6eb4492718abf973a22790527028e111bd61ad03a5b749ff3894feacab2b9b1,97,97.00,4.11,2,6,4,0.019677,0.521708,Minotaur,minotaur(pow_w:0.50),1.00,2062,0
413,0,0x6414c6a8400ff3419cd81855d09de2848d770e0e,15.142786,1772389033,b752eaac7ff02136334ee8bba561c395c809332bf0d8885dfc977d53d574a5eb,215,107.50,3.94,1,6,4,0.019685,0.521841,Minotaur,minotaur(pow_w:0.50),1.39,2063,0
413,1,0x81193196c1dbdbf80709d43a5af5ce21c201fbd7,11.822429,1772389036,78e38a38c2bea10e856019a7d66e090fb66499cbb6f556fe11eb9cfb1bb7a928,250,83.33,3.78,1,6,4,0.019673,0.521639,Minotaur,minotaur(pow_w:0.50),2.14,2064,0
413,2,0x95ab54d268473cce82094026afefdbd5cadf418b,28.602998,1772389037,277fe1117558ddb77e77b754a4713c98c416c151a3c497844a7c6be6ed8ece87,126,63.00,4.03,2,5,4,0.019673,0.521639,Minotaur,minotaur(pow_w:0.50),1.62,2065,0
413,3,0xeb82a21cb3d0dd781eb22ad74bb7cd9b4d2a06ec,39.947955,1772389039,4134fe4638b9e616726ea5fe364fce70d8620efd60064f8c4f9f0d9f7c0902aa,106,106.00,4.30,1,6,4,0.019668,0.521634,Minotaur,minotaur(pow_w:0.50),0.98,2066,0
413,4,0x49b57eb4dace37c8819daf079c9c674f766d4f38,37.255550,1772389041,d107759c7c8b0ffd2ebc326c9680a3b9f777b2643e0e00f427518cd53e738731,199,99.50,4.01,1,6,4,0.019668,0.521707,Minotaur,minotaur(pow_w:0.50),1.49,2067,0
414,0,0x4a217e35f6402e7f62a49f6d62e27c6585c2f3fd,46.529147,1772389044,2c712ccbc201c0dc9f60457faeb5266ad37ddb5a02312b53f040433c973fea60,218,72.67,3.77,1,5,4,0.019667,0.521741,Minotaur,minotaur(pow_w:0.50),2.17,2068,0
414,1,0x8d9e46becf415ca26aa698c9657087e6554aabda,11.369086,1772389045,f62f3baf3d3633700bfd0a09f0ce44017901db48b9419fd655c1c69ca372a25d,226,113.00,3.71,1,5,4,0.019671,0.521844,Minotaur,minotaur(pow_w:0.50),1.79,2069,0
414,2,0x63f4973c0df8a5358405f396dc0673a463c48de9,74.993417,1772389047,3da29f41e46f3c0cabca0d7badaa17a93f30675183e4f34fa667a721ebcc90f6,84,84.00,3.74,1,5,4,0.019657,0.521563,Minotaur,minotaur(pow_w:0.50),1.00,2070,0
414,3,0x63f4973c0df8a5358405f396dc0673a463c48de9,75.995427,1772389049,94e85179bf3ffe4601e94d52b0c6bf2b02c58eb8619caea5d35489356e742678,203,101.50,3.54,1,5,4,0.019674,0.521794,Minotaur,minotaur(pow_w:0.50),1.45,2071,0
414,4,0xdcf2130496e27a8094ab996aea4aa77788d65869,66.576577,1772389051,c955254c1859bc932af93133a6971ffd660ed77dd8186535e9547b97122f5413,250,83.33,3.57,1,5,4,0.019692,0.522024,Minotaur,minotaur(pow_w:0.50),2.19,2072,0
415,0,0xa068e3c9a21c8d8be636cd2d285895979ec3262e,24.970661,1772389053,5b18cf2427d38b453803a42a53b3f03b665cab6ad9ff0c986b39fbf7d0d12e3e,141,70.50,3.99,2,5,4,0.019705,0.522235,Minotaur,minotaur(pow_w:0.50),1.62,2073,0
415,1,0xa5a12d96532497871d73549e55ab377e3dcb3a40,7.080712,1772389055,6d734efb819676d46c2d0373134dbe5890c19a288fd853feb775f3887b06f832,108,108.00,4.31,1,5,5,0.019698,0.522177,Minotaur,minotaur(pow_w:0.50),1.00,2074,0
415,2,0x8c11ec9090dd820c076e57e899d9c604c79d6b32,39.593379,1772389057,a2fc9a0c307bf0f08ddcf9747a9840cd7e5fc7183d92c440f5f4717900830daf,220,110.00,4.03,1,6,4,0.019682,0.521787,Minotaur,minotaur(pow_w:0.50),1.47,2075,0
415,3,0xc774b0fee7cabbef3b1ae14bf36db3df0d32c1df,19.162507,1772389059,3e5b3679d16c09f5d973c47503e808d477690d5351272dcd183910fbb7fd292f,232,77.33,4.10,1,6,4,0.019682,0.521847,Minotaur,minotaur(pow_w:0.50),2.32,2076,0
415,4,0x30509a8084fdfe6fe24d9c9a817c209ad194f8e3,74.750849,1772389062,2430d072175ec45ff9422c6ef5ee16586a822461555bfa81e4fc5e465b4af441,159,79.50,3.90,1,6,4,0.019672,0.521700,Minotaur,minotaur(pow_w:0.50),1.81,2077,0
416,0,0xfdc414c57908f0e2a6a926079902d4688d553610,11.160372,1772389064,9b12fcbb2c60d2b152b26265c19c40b887aa92a6163aa5b9f0ce93bfa53631b7,198,99.00,3.40,1,5,4,0.019689,0.521921,Minotaur,minotaur(pow_w:0.50),1.54,2078,0
416,1,0xc24b36dee27726233c3bbd9e1f028f98b6b2a424,27.416889,1772389066,66ff1c413233c00f6f71aa6cb6449a19dca5c42b8334a84807012a3b58459fe9,199,99.50,4.68,1,6,5,0.019676,0.521626,Minotaur,minotaur(pow_w:0.50),1.49,2079,0
416,2,0x58a21eeb7ab18ba8adf1296e66a4487076e95dac,58.157074,1772389068,2176dbe067b06127bb27aa3d3d0868dab0860d94fe68f676391112f8ae568aeb,239,79.67,3.87,1,6,4,0.019670,0.521593,Minotaur,minotaur(pow_w:0.50),2.22,2080,0
416,3,0x2abf89d7c96c80fcff9dec1fe92803573094ee35,8.200825,1772389071,e0f549e2bec75d73db6870d14cb077f1d7a8aff515fedf743b2a41da90a72a9b,207,103.50,3.85,1,6,4,0.019679,0.521741,Minotaur,minotaur(pow_w:0.50),1.73,2081,0
416,4,0x719361397abe003a91af76243e5f9c7a0cd4279f,64.608956,1772389073,c8b9a59be33a0a47f2dbf09a13525d6ed2bdbed4f17d58c4af6d64a67bc779fb,205,102.50,3.77,1,6,4,0.019663,0.521369,Minotaur,minotaur(pow_w:0.50),1.60,2082,0
417,0,0xcb7977f4997b4252c0152e135dd79b3cfe35c1a5,30.639713,1772389075,32d03dcf78b780ac9b9a457013d9b8e395b50096d977a8cb4f7a3dcda27b958a,194,97.00,3.78,1,5,4,0.019675,0.521559,Minotaur,minotaur(pow_w:0.50),1.48,2083,0
417,1,0x6d6b2734a20229ddd7fd4a1470ba3e3bad4e4a85,14.624794,1772389077,5219fd6387460d200f533de1ddfe839f300805841dd4a76e6379d2a2e734aea1,231,77.00,4.22,2,6,4,0.019671,0.521573,Minotaur,minotaur(pow_w:0.50),2.36,2084,0
417,2,0xeaa5003682d7289190651081ae2bee847097afc5,38.791755,1772389080,f26bf6c798f0d513bb89da7af29147387bcc3f2d8e2e29d6ab1eba5d3240f62a,171,85.50,3.63,1,5,4,0.019659,0.521362,Minotaur,minotaur(pow_w:0.50),1.80,2085,0
417,3,0x687bf2437a044a3e42ff2f8a79a8e54ba9601f70,22.063369,1772389081,7c717d2c621adb7739a9ec5648c789b40db294329229413fbb6a6401e9caaaf1,216,108.00,4.44,2,6,4,0.019659,0.521405,Minotaur,minotaur(pow_w:0.50),1.58,2086,0
417,4,0x58a21eeb7ab18ba8adf1296e66a4487076e95dac,59.159054,1772389083,acc970dee662f330e6619ed75e17ca9b7c0e67d92be39db3e0501e9778a9172f,99,99.00,3.86,1,5,4,0.019650,0.521318,Minotaur,minotaur(pow_w:0.50),0.99,2087,0
418,0,0x49b57eb4dace37c8819daf079c9c674f766d4f38,38.257310,1772389085,e2e3c99d2bca709a926ff11d1d4d2c53e722fe1365425626d174689966a2e84d,236,78.67,3.85,1,6,4,0.019659,0.521477,Minotaur,minotaur(pow_w:0.50),2.19,2088,0
418,1,0xc577329e86aaecb006f17fb90499c54671119935,4.286472,1772389088,fa2f7c60b38001225af614bc29d98238846019dc4580ded640c0af22373cbcc2,249,124.50,3.90,1,6,4,0.019659,0.521511,Minotaur,minotaur(pow_w:0.50),1.88,2089,0
418,2,0x719361397abe003a91af76243e5f9c7a0cd4279f,65.610686,1772389089,542ea358ae5a5ede775430c09f7f493c437d2b4788efc4605f3cb0bc3f69ce46,97,48.50,4.24,1,5,4,0.019642,0.521042,Minotaur,minotaur(pow_w:0.50),1.15,2090,0
418,3,0x26d553a2f4343b3a7dc88bbd87b3d0a25d3838d9,59.291540,1772389091,43c2d244aff9542a99e1e8e6478310db9ad8b80a81441ee1d2ab22f0a4f12fc4,117,117.00,3.70,1,5,4,0.019654,0.521240,Minotaur,minotaur(pow_w:0.50),0.99,2091,0
418,4,0x408bb0bf84df50b21c53c74420987f172d4036a1,14.786574,1772389093,550192f7a10fedc3a1f6aa980a2267c60aaa76eea9150f0ba71a99147f79177e,236,78.67,3.72,1,6,4,0.019663,0.521392,Minotaur,minotaur(pow_w:0.50),2.28,2092,0
419,0,0x30509a8084fdfe6fe24d9c9a817c209ad194f8e3,75.752589,1772389096,d9dba8f07baccf7c8598b8aba3543472e2eaefabb19a4e45c41f43fd7459d1f8,250,125.00,3.56,1,5,4,0.019651,0.521175,Minotaur,minotaur(pow_w:0.50),1.99,2093,0
419,1,0x8c11ec9090dd820c076e57e899d9c604c79d6b32,40.595359,1772389097,8c3a6a1aece0c2332007e5a8c870c741a1f08e20d26258d7e67f3676a5c43e91,90,45.00,3.51,2,5,4,0.019668,0.521393,Minotaur,minotaur(pow_w:0.50),1.27,2094,0
419,2,0xaadc5fea232580cb8fba739ac5d05a48559c7e52,25.352173,1772389099,739df624dbed0ee3448bff8e2a5576f5880321e5ad6c3a3d6d4b0044a1cdf3cb,108,108.00,4.24,1,6,4,0.019668,0.521463,Minotaur,minotaur(pow_w:0.50),0.98,2095,0
419,3,0xe6ebb0cdfd04183d498964e5efc4096ba77b17d6,62.363733,1772389101,cfddcda257beb91edb42b731b2b9ec50db8d9787d56a1ff9ed514d7e25b70e0e,226,75.33,4.27,1,6,4,0.019662,0.521403,Minotaur,minotaur(pow_w:0.50),2.42,2096,0
419,4,0xf82400c4f426bdbd2bc687ffef1f22c1a381c851,2.028831,1772389104,95c032ab7bbedc6a542430e052ff41036d36d6450065ad43954ed366857d0aa3,250,125.00,4.03,1,6,4,0.019672,0.521583,Minotaur,minotaur(pow_w:0.50),2.14,2097,0
420,0,0xdcf2130496e27a8094ab996aea4aa77788d65869,67.577487,1772389105,446743bc8f2aaccb141a11c18a50e82aef24e4261db900da635a4fc74e606086,127,63.50,3.91,1,6,4,0.019654,0.520957,Minotaur,minotaur(pow_w:0.50),1.65,2098,0
420,1,0xa3786e459f289a76c0e8af8ad834e3d0c6d47199,65.791913,1772389107,be87beaed44f3943c4b30202adb4f98019dbd732c6cbdc7697078d768a21dde9,90,90.00,3.92,1,5,4,0.019667,0.521165,Minotaur,minotaur(pow_w:0.50),1.00,2099,0
420,2,0x7e40df5d801345015e84c843908efc6683665fa4,30.679189,1772389109,5bb3af0ccb34c27d36c6032aba5a8279e4eb6496877417ffa3f172e35304ae74,174,87.00,4.31,1,6,4,0.019679,0.521356,Minotaur,minotaur(pow_w:0.50),1.39,2100,0
420,3,0xe478b1e4d1538274c0c70cbd7df877f9abab2f62,52.349886,1772389111,7e156dec579b4e464876eff17388307021464daabd0a2dcfa6fb8533dc78354e,250,83.33,3.42,1,5,3,0.019675,0.521361,Minotaur,minotaur(pow_w:0.50),2.23,2101,0
420,4,0x1796dc61e715f15a2d27dfa32bd34780f12a8c24,36.745921,1772389114,88a81adfac33f0ae34a73872093c211129c93d6d031771acda318167018962fe,219,109.50,4.09,1,6,4,0.019681,0.521482,Minotaur,minotaur(pow_w:0.50),1.78,2102,0
421,0,0xe6ebb0cdfd04183d498964e5efc4096ba77b17d6,63.366113,1772389115,0a9a6e129f8ca0ef12e110d471e43552f564e598b8b0426d8221a9d2eb115e9b,221,110.50,3.41,1,5,3,0.019679,0.521506,Minotaur,minotaur(pow_w:0.50),1.50,2103,0
421,1,0xd46407aa7b668c72de3cf1c1a12b7fa2e308a1b2,40.009289,1772389117,6dce23f49343e017ccfb3dcf39bacbbad26c52100fa86cb0bb09aa2844ed96ea,106,106.00,3.89,1,6,4,0.019690,0.521685,Minotaur,minotaur(pow_w:0.50),0.96,2104,0
421,2,0x89100a8056319ba37491b32ba255004180607bc2,48.829597,1772389119,36c50ab762d3f74343f80f9dffa0e2e1344047523dcff7ecf04b2f3fd1490654,238,79.33,3.81,1,5,4,0.019690,0.521739,Minotaur,minotaur(pow_w:0.50),2.32,2105,0
421,3,0xa3786e459f289a76c0e8af8ad834e3d0c6d47199,66.793513,1772389122,a40164467cc8a788284081d4a3173a85a30e6775c6fd688e2aacdd29f999e637,214,107.00,3.81,2,5,4,0.019694,0.521850,Minotaur,minotaur(pow_w:0.50),1.76,2106,0
421,4,0xac768e60b9269babb15cb1e36ee843243d7c7543,60.782928,1772389123,946f51f18115d45345b106499c9cb80199f0da6c2f3f9ece2877825dcb4390e4,177,88.50,4.34,1,6,5,0.019706,0.522047,Minotaur,minotaur(pow_w:0.50),1.67,2107,0
422,0,0xe6ebb0cdfd04183d498964e5efc4096ba77b17d6,64.367043,1772389125,45374984c5e5b929ecad70f49eff1c02fc8d88d50f9915ae88f9bb552ec508d1,105,105.00,3.91,1,5,4,0.019716,0.522216,Minotaur,minotaur(pow_w:0.50),0.96,2108,0
422,1,0xac61c91e7d24df824351a6c4e562a75f0cf646f8,5.219358,1772389127,7b1b42b9a563ca68ac2123e5b70b1d435183d43f59f6f1d688883e197dfb621b,230,76.67,3.95,1,6,4,0.019727,0.522394,Minotaur,minotaur(pow_w:0.50),2.28,2109,0
422,2,0x89100a8056319ba37491b32ba255004180607bc2,49.831637,1772389130,39e373ea47ab30121b86b5720b5031cb00a8025181571e020d52a3101ee8c42c,201,100.50,4.10,1,6,4,0.019710,0.521971,Minotaur,minotaur(pow_w:0.50),1.89,2110,0
422,3,0x89100a8056319ba37491b32ba255004180607bc2,50.833937,1772389131,59050a2482ba2f0fc913116b84d1bb1e3ec240b6a0b52a8122faa00f5019a033,231,115.50,3.98,1,6,4,0.019715,0.522081,Minotaur,minotaur(pow_w:0.50),1.56,2111,0
422,4,0x30509a8084fdfe6fe24d9c9a817c209ad194f8e3,76.753109,1772389133,d6b399868313f444478ec451c9b0a1456e27a1abca243ae23d553084b985ff92,100,100.00,3.84,1,5,4,0.019720,0.522192,Minotaur,minotaur(pow_w:0.50),0.99,2112,0
423,0,0xbc3f8508d26048f2064aa8c068f4c94d08d77d18,58.118099,1772389135,d168212614ee74ad4f0570375822856d210b6cb54ede7e73938d336f8f5e036e,250,83.33,3.18,1,5,3,0.019737,0.522416,Minotaur,minotaur(pow_w:0.50),2.12,2113,0
423,1,0x81d019380961f92c2031b0a7fba69f7675145088,21.489413,1772389138,9dee8fc947e82f0a9cd81361afa1473943358e5d3981c500779485cee4112404,232,116.00,4.19,1,6,4,0.019737,0.522416,Minotaur,minotaur(pow_w:0.50),1.82,2114,0
423,2,0xd39dbd3662315e3935ec08e6b6028e73b3c09de2,21.915860,1772389139,5670fd86126b1d06eafc3a18d17c39f93bafffe2c06d1105c20e6c1fdf34dcab,128,64.00,3.74,1,5,4,0.019736,0.522442,Minotaur,minotaur(pow_w:0.50),1.46,2115,0
423,3,0x606627477c3734932f47972f83c27cf4e3b35b4f,58.439237,1772389141,6ecf21645213b375eee3499ef6c029582a6af20ecdcfa1875d557d27d6cffb02,100,100.00,4.50,1,6,5,0.019727,0.522338,Minotaur,minotaur(pow_w:0.50),0.98,2116,0
423,4,0x4a217e35f6402e7f62a49f6d62e27c6585c2f3fd,47.530507,1772389143,0e6d6e0fb09ed6fd9491ea9e49fcf96bd08e47135c56dbf64fd0b670839e357f,218,109.00,3.56,1,5,4,0.019736,0.522471,Minotaur,minotaur(pow_w:0.50),1.36,2117,0
424,0,0xf6e059718dbd0a0956726ab97d06bad5efc6cd18,11.995107,1772389146,101037e1cb5f7f9808e5b8fa26c8a7c35d62f44f797b5da4633bb61b6548f9d0,242,80.67,3.67,1,5,4,0.019739,0.522571,Minotaur,minotaur(pow_w:0.50),1.98,2118,0
424,1,0xfdc414c57908f0e2a6a926079902d4688d553610,12.161512,1772389147,1c46a79efb07f02d899496b540096a8e8b764eaba4bf1fb1cab1c8e6852e2b58,127,63.50,3.90,1,5,4,0.019726,0.522301,Minotaur,minotaur(pow_w:0.50),1.57,2119,0
424,2,0xa3786e459f289a76c0e8af8ad834e3d0c6d47199,67.794983,1772389149,1176e637854e3ef7fb952041dcffb35ecad92e38a8d455c3f6dc7f4114bf1ae7,100,100.00,4.85,1,6,5,0.019712,0.522026,Minotaur,minotaur(pow_w:0.50),0.99,2120,0
424,3,0x89100a8056319ba37491b32ba255004180607bc2,51.834717,1772389151,aad32f47320ca26bd370279c66c3084b04fcec201d60321f1bbce73fba13bf17,192,96.00,4.21,2,6,4,0.019725,0.522225,Minotaur,minotaur(pow_w:0.50),1.48,2121,0
424,4,0x1796dc61e715f15a2d27dfa32bd34780f12a8c24,37.747601,1772389153,3a3de37e12b0c66c7cc79fb57a40044eabca290bcbd4f537e7d851a3361f70c2,250,83.33,3.82,1,6,4,0.019730,0.522335,Minotaur,minotaur(pow_w:0.50),2.20,2122,0
425,0,0x213068cb42718d1dd6d00a6d94d62a3def0e68eb,9.346429,1772389155,a69ea94c43026c3cfb037134b12c6d0c100a3acb9e29c0ed39f649d60f7eaf32,160,80.00,3.38,1,5,3,0.019729,0.522358,Minotaur,minotaur(pow_w:0.50),1.79,2123,0
425,1,0xc24b36dee27726233c3bbd9e1f028f98b6b2a424,28.418229,1772389157,d7cda9372569cdbfa614bc785630457956d97a296080d92de1184b27e0c49a0c,105,105.00,3.68,1,5,4,0.019714,0.522030,Minotaur,minotaur(pow_w:0.50),0.99,2124,0
425,2,0x9c39f7fffaa5c5cfab20dfdd05663497918580c1,5.393878,1772389159,8a0e833bbece802be60dae31784e44787183451bb3c2a0f37374245ce054f539,187,93.50,3.91,1,6,4,0.019709,0.522015,Minotaur,minotaur(pow_w:0.50),1.46,2125,0
425,3,0x269cdf52f97e1d9f14b7be895155a7b294f0b21d,16.713003,1772389161,d03fa73d2346cc1355ee725481b6038a0185bbf1fa50554d8777132c10d448e6,237,79.00,4.08,2,6,4,0.019693,0.521592,Minotaur,minotaur(pow_w:0.50),2.33,2126,0
425,4,0x4414c05be2cf328f38d2e3ef4b705d6b894f044a,44.125149,1772389164,2960ba7ced698306080650d449d9e115f2c8b47b04b55971a2fb2ad785189ec8,173,86.50,3.64,1,5,4,0.019693,0.521592,Minotaur,minotaur(pow_w:0.50),1.76,2127,0
426,0,0xe478b1e4d1538274c0c70cbd7df877f9abab2f62,53.351706,1772389166,c844e850d59fe90280f93ca230e0ce5ccc3b3b369ee093a4550ba77fe311f366,197,98.50,3.98,1,6,4,0.019683,0.521515,Minotaur,minotaur(pow_w:0.50),1.51,2128,0
426,1,0xa068e3c9a21c8d8be636cd2d285895979ec3262e,25.970511,1772389168,f08edcb060228b77ffdd3cf445e35bfdbdae8583c9f19affeb59549523a357e7,194,97.00,3.99,1,6,4,0.019689,0.521634,Minotaur,minotaur(pow_w:0.50),1.43,2129,0
426,2,0x13f9dadc05f6c237b03411e2aed1800cf21a5d89,10.254602,1772389170,b3c33b5aa666dd3a19ac3e9c14bdfbf90e38842c87dd39ea45602068a840a450,194,64.67,4.28,1,6,4,0.019682,0.521578,Minotaur,minotaur(pow_w:0.50),2.29,2130,0
426,3,0x81d019380961f92c2031b0a7fba69f7675145088,22.490363,1772389173,482728beeeaea4dfb1b5a53087a1e359c7faf3f40dcac283fee35ac1661fd89d,250,125.00,2.96,1,5,3,0.019669,0.521275,Minotaur,minotaur(pow_w:0.50),1.96,2131,0
426,4,0xc4dc29db975b952e04358340e56b68fa4ba63fbc,22.544111,1772389175,4a097135f230a687a2965aa1730d7fe9cd194163e809bf9f1a2c33b78dd2d8db,119,59.50,3.71,1,5,4,0.019660,0.521184,Minotaur,minotaur(pow_w:0.50),1.30,2132,0
427,0,0x606627477c3734932f47972f83c27cf4e3b35b4f,59.440987,1772389177,c9fdccea42c0099a60c2f4f7774ec285fdd346202a444f1d0c35dd9f72631bb0,191,95.50,3.71,1,5,4,0.019652,0.521085,Minotaur,minotaur(pow_w:0.50),1.49,2133,0
427,1,0x89100a8056319ba37491b32ba255004180607bc2,52.837037,1772389179,59474ce0a5c669b0f0cdb4d29e06e1b738e45e2408d5f89df0a90341526ceeb5,250,83.33,3.57,1,5,4,0.019660,0.521228,Minotaur,minotaur(pow_w:0.50),2.18,2134,0
427,2,0x89100a8056319ba37491b32ba255004180607bc2,53.839527,1772389182,62eed9bd1e4a66dd4c003c1a60633ec2c4243fd13613d2ff49fa9e49cc6fd919,250,125.00,3.98,1,6,4,0.019666,0.521338,Minotaur,minotaur(pow_w:0.50),2.04,2135,0
427,3,0xd46407aa7b668c72de3cf1c1a12b7fa2e308a1b2,41.011209,1772389183,085549892e2f89fef672c4d8a389dbbeb0a05a89949769aaed4c7d91da803f14,116,58.00,3.85,1,6,4,0.019672,0.521452,Minotaur,minotaur(pow_w:0.50),1.41,2136,0
427,4,0xb2a7fe70a6f3137d38f6cb4c3ec6dd1e24f2d5f4,28.431608,1772389185,0916479e5f98740f2d727f8764cc9bb6d28c5efb4e94654291fcbd2051f0e9db,86,86.00,3.91,2,5,4,0.019672,0.521521,Minotaur,minotaur(pow_w:0.50),0.97,2137,0
428,0,0x719361397abe003a91af76243e5f9c7a0cd4279f,66.610836,1772389187,09d2f1893d3a35828f14adcc33b51bf33702f38092cf415bf01c592a8536fbc4,235,78.33,4.21,1,6,4,0.019666,0.521497,Minotaur,minotaur(pow_w:0.50),2.35,2138,0
428,1,0xa3786e459f289a76c0e8af8ad834e3d0c6d47199,68.796513,1772389190,28b6c9dbc7e0c43d2e03b3a37c10cf195221f4cab366be536f90b3d620ff9458,162,81.00,3.84,1,5,4,0.019678,0.521683,Minotaur,minotaur(pow_w:0.50),1.80,2139,0
428,2,0xb2a7fe70a6f3137d38f6cb4c3ec6dd1e24f2d5f4,29.433918,1772389191,4decf354d6c07b35001f32b3a21e3205d5110679d8a6d883d64539e68fddee6d,199,99.50,4.18,1,6,4,0.019691,0.521887,Minotaur,minotaur(pow_w:0.50),1.47,2140,0
428,3,0x49b57eb4dace37c8819daf079c9c674f766d4f38,39.258730,1772389193,142205eab8f4f53dba79a360df17bcac8162d3810b866cc717c4df2cc48e014b,111,111.00,4.41,1,6,5,0.019685,0.521880,Minotaur,minotaur(pow_w:0.50),0.99,2141,0
428,4,0x30509a8084fdfe6fe24d9c9a817c209ad194f8e3,77.755159,1772389195,091ba29149b2bbfee311584ef9edc97a8c1dbb3fce15be381b487d842a5e1d00,214,71.33,3.81,1,6,4,0.019685,0.521918,Minotaur,minotaur(pow_w:0.50),2.34,2142,0
429,0,0x786f26993bf015cd2da6fb5d3ccd1879e01246ab,9.264672,1772389198,ab4c0fc30c94bfc70ec46f66b3c0cf1f2d1ea5e577de69f0d8e7e16f6607aef3,243,121.50,3.46,2,5,4,0.019701,0.522141,Minotaur,minotaur(pow_w:0.50),1.87,2143,0
429,1,0xac768e60b9269babb15cb1e36ee843243d7c7543,61.783278,1772389199,f66f54b1819c206d11a6cabb3957f07a7910ca8401ea3a66d10b5da415adf125,218,109.00,4.03,1,6,4,0.019687,0.521803,Minotaur,minotaur(pow_w:0.50),1.52,2144,0
429,2,0x58a21eeb7ab18ba8adf1296e66a4487076e95dac,60.160264,1772389201,9067cd5c6a2641e60f0d046286e1c6f1ced197de2113472156989dea9fb07c41,87,87.00,3.77,1,5,4,0.019696,0.521969,Minotaur,minotaur(pow_w:0.50),0.94,2145,0
429,3,0x52e05d9fa4faa167f30baba23c710e4f49115288,4.113339,1772389203,ce1af4efa1de853554e68066997490e18f0f7641a7c2395136c55550b89c4754,219,73.00,3.81,1,6,4,0.019705,0.522121,Minotaur,minotaur(pow_w:0.50),2.23,2146,0
429,4,0x1796dc61e715f15a2d27dfa32bd34780f12a8c24,38.748571,1772389206,1d67f2a53bffdfa0aa39524d9bce433f038b166c46a3dbf83a52347432335a88,197,98.50,3.88,1,5,4,0.019705,0.522122,Minotaur,minotaur(pow_w:0.50),1.81,2147,0
430,0,0xb2a7fe70a6f3137d38f6cb4c3ec6dd1e24f2d5f4,30.434848,1772389207,6313397b6f0fd8e6104756cd2bb477c546a96976770bee1e51b312d54702d91a,243,121.50,3.29,1,5,3,0.019705,0.522122,Minotaur,minotaur(pow_w:0.50),1.70,2148,0
430,1,0xa447d277b02012c2afd9ddcbbe123f27cc971963,23.802325,1772389209,eb49c409c2af828f275f3a94de7d2c23ab33b5ff7b07105c84559bd52b4b68b5,124,124.00,4.27,1,6,4,0.019699,0.522140,Minotaur,minotaur(pow_w:0.50),1.00,2149,0
430,2,0xe6ebb0cdfd04183d498964e5efc4096ba77b17d6,65.368353,1772389211,f5cb4aea95a9363013d88a04d32379bb3f109a8144daf22023869ede282f2b00,228,114.00,3.43,1,5,3,0.019691,0.522068,Minotaur,minotaur(pow_w:0.50),1.29,2150,0
430,3,0x7e40df5d801345015e84c843908efc6683665fa4,31.680719,1772389214,d1dce6976d6174f5da0dea16117cea712fe556ef966e1947728e43ebb79e8279,237,79.00,3.93,1,6,4,0.019691,0.522069,Minotaur,minotaur(pow_w:0.50),2.05,2151,0
430,4,0x95ab54d268473cce82094026afefdbd5cadf418b,29.602318,1772389215,da41db4b8c7d84eb8bfa2613dd7270d135c55691b13f2207821e4c0816bf97e4,148,74.00,3.42,1,6,3,0.019687,0.522082,Minotaur,minotaur(pow_w:0.50),1.64,2152,0
431,0,0xdcf2130496e27a8094ab996aea4aa77788d65869,68.577297,1772389217,40025ec166c3147b83841060dacc0f95d54d65d5552308416798354a527cfdc4,95,95.00,4.55,2,6,5,0.019682,0.522068,Minotaur,minotaur(pow_w:0.50),1.00,2153,0
431,1,0x6414c6a8400ff3419cd81855d09de2848d770e0e,16.143576,1772389219,97f66dc279acf5e5a3202e6904627d78bc2bbd59339bd65b1c0dc29e1a90fdc8,192,96.00,3.83,1,5,4,0.019694,0.522261,Minotaur,minotaur(pow_w:0.50),1.45,2154,0
431,2,0x28672c71695142588ed26ada6f4b18b8b6c12308,16.679418,1772389221,06e8c461017c7df42a1a152786e0f2041551cdf8e287b9f41fd04775c9f6aae8,250,83.33,3.90,1,6,4,0.019683,0.522078,Minotaur,minotaur(pow_w:0.50),2.22,2155,0
431,3,0x687bf2437a044a3e42ff2f8a79a8e54ba9601f70,23.062949,1772389224,d6bd9ad533f6d1e0c789e9a491721802b479a573c8f0e63acdc8850da5519300,170,85.00,3.69,1,5,4,0.019672,0.521898,Minotaur,minotaur(pow_w:0.50),1.81,2156,0
431,4,0xe478b1e4d1538274c0c70cbd7df877f9abab2f62,54.353066,1772389226,58284276788c34fc114e6e8df776fc92f47d26e98a51113f0f3255d4a22c4c75,205,102.50,3.76,1,6,4,0.019664,0.521809,Minotaur,minotaur(pow_w:0.50),1.56,2157,0
432,0,0xeb82a21cb3d0dd781eb22ad74bb7cd9b4d2a06ec,40.948105,1772389228,b58b4701f0082237656ce936fc7214683fefcc839cac6eacdff7d930e02b0195,200,100.00,3.96,1,6,4,0.019670,0.521922,Minotaur,minotaur(pow_w:0.50),1.50,2158,0
432,1,0xd1cd4b808ce6b2841ad42746b64c5a047e857ef0,10.217444,1772389230,2a7a973ef1119551e804cf08ace3f218df69bdb9c09b73f4824a592c634e21f3,240,80.00,3.98,1,6,4,0.019670,0.521980,Minotaur,minotaur(pow_w:0.50),2.07,2159,0
432,2,0xdcf2130496e27a8094ab996aea4aa77788d65869,69.579057,1772389232,37eacabff1e6ecca53c5638f29ec7f6eea4be1553eae10635d82e1c1ee7058af,146,73.00,3.93,1,6,4,0.019670,0.521981,Minotaur,minotaur(pow_w:0.50),1.45,2160,0
432,3,0x213068cb42718d1dd6d00a6d94d62a3def0e68eb,10.346749,1772389234,321f7e6100878b560c7f5087fc98b5e7e10f3049e8b0949ab5bde3fdab3caf6f,106,106.00,3.93,1,6,4,0.019669,0.521872,Minotaur,minotaur(pow_w:0.50),1.02,2161,0
432,4,0x7e40df5d801345015e84c843908efc6683665fa4,32.681989,1772389236,39a22be9e85c3cde55620aa0187924e1ab3a3b167dc5f5f2331f5ffbf2cde5cd,200,100.00,3.55,1,5,4,0.019655,0.521558,Minotaur,minotaur(pow_w:0.50),1.47,2162,0
433,0,0xbc3f8508d26048f2064aa8c068f4c94d08d77d18,59.119369,1772389238,3aad34a490860aad2a9b4f8813ceb91c0c985715613a744fe5810f2ad8b330b2,250,83.33,3.28,1,5,3,0.019651,0.521571,Minotaur,minotaur(pow_w:0.50),2.21,2163,0
433,1,0x687bf2437a044a3e42ff2f8a79a8e54ba9601f70,24.064819,1772389241,67e09ae37bd62f8650e0aad6d7b5cb585e4cd976bac79859442a6fc5cf942764,138,69.00,4.30,1,6,4,0.019651,0.521572,Minotaur,minotaur(pow_w:0.50),1.73,2164,0
433,2,0x49b57eb4dace37c8819daf079c9c674f766d4f38,40.260460,1772389243,d1840d466a6ac12f14817002fe2c7c0db9e689a51f2d6037168e3b8e941fac73,226,113.00,3.86,1,6,4,0.019644,0.521494,Minotaur,minotaur(pow_w:0.50),1.51,2165,0
433,3,0x34412315480562da4810040fd15c81f99880e1ab,21.892223,1772389245,965431a14d5abd08125308be75b374b499dcc89374b7efc3e7c2eac3a15ceaaa,199,99.50,3.85,1,6,4,0.019643,0.521536,Minotaur,minotaur(pow_w:0.50),1.42,2166,0
433,4,0x13f9dadc05f6c237b03411e2aed1800cf21a5d89,11.256412,1772389247,d5c48b6e4b98786697cd68dc12b1bf69ecbc0a7a81e49f1d9a1f56a43b17ef9d,219,73.00,3.98,1,6,4,0.019635,0.521419,Minotaur,minotaur(pow_w:0.50),2.21,2167,0
434,0,0x30509a8084fdfe6fe24d9c9a817c209ad194f8e3,78.757169,1772389250,2aa31ef6c51d0e31ba32c068f84f58d6000c2c64bd9e7438fcb6f0c869233cbb,140,70.00,3.04,1,5,3,0.019621,0.521125,Minotaur,minotaur(pow_w:0.50),1.63,2168,0
434,1,0x30509a8084fdfe6fe24d9c9a817c209ad194f8e3,79.759029,1772389252,625da9f4486bb025fe8ebf9a92deafb3e8f931ce0cca2ae2e2190c9cb8942b7f,188,94.00,3.42,1,5,4,0.019638,0.521346,Minotaur,minotaur(pow_w:0.50),1.51,2169,0
434,2,0xf13caa2c5f6f6cf61e51290bfa7826a9140b4faf,4.009904,1772389254,d4b0e3080acb1ad5faef943c3621c7ecfd26dc10c5326277b05982ff450e681b,195,97.50,3.35,1,5,3,0.019655,0.521567,Minotaur,minotaur(pow_w:0.50),1.51,2170,0
434,3,0xb2a7fe70a6f3137d38f6cb4c3ec6dd1e24f2d5f4,31.435638,1772389256,161c8f4f3c0177f636d4e7077401550b6590bcdb1285e67326f7132184000aaa,221,73.67,4.31,1,6,4,0.019638,0.521096,Minotaur,minotaur(pow_w:0.50),2.33,2171,0
434,4,0x786f26993bf015cd2da6fb5d3ccd1879e01246ab,10.266282,1772389259,73a1522fd8a4578181c652120b3fa7b6d0819ccb7feecde9773c0beceba32a21,153,76.50,4.27,2,6,4,0.019638,0.521097,Minotaur,minotaur(pow_w:0.50),1.88,2172,0
435,0,0xcdc82b7c868072205a399d0f68e6e3ad3bfd1ca6,4.173591,1772389260,5ab5d99a3b348a6efd46d0b716437067a6fcbc21f797335ecd936b332e26a7b5,226,113.00,4.14,1,6,4,0.019620,0.520775,Minotaur,minotaur(pow_w:0.50),1.64,2173,0
435,1,0xfb35fdafcfc84561a42700a4a1c274edeb75bdc1,0.020274,1772389262,b061fb0ded541546d07418cd05e1605a5b7134390d3255904f757c12a4570493,91,91.00,3.58,2,5,4,0.019604,0.520305,Minotaur,minotaur(pow_w:0.50),0.97,2174,0
435,2,0xbc3f8508d26048f2064aa8c068f4c94d08d77d18,59.119079,1772389264,3301e482c33147ee6f5dc1de4988355b78458443185b8289d3938d136ee06afa,244,81.33,3.87,1,6,4,0.019586,0.519634,Minotaur,minotaur(pow_w:0.50),2.34,2175,0
435,3,0x58a21eeb7ab18ba8adf1296e66a4487076e95dac,61.161614,1772389267,2a5ae7c29df97cd94c3ba9eda73ba2fd3ef4de0f28c979181d58c32f47d8bd2f,225,112.50,4.20,1,6,4,0.019594,0.519761,Minotaur,minotaur(pow_w:0.50),1.94,2176,0
435,4,0x606627477c3734932f47972f83c27cf4e3b35b4f,60.442667,1772389268,18ad7bd5f1f4cd19f3e574cb8b6cdd4df27d925bab9e625c15601e30db206003,230,115.00,4.04,1,6,4,0.019602,0.519916,Minotaur,minotaur(pow_w:0.50),1.57,2177,0
436,0,0x63f4973c0df8a5358405f396dc0673a463c48de9,76.995947,1772389270,4a6f93efbed8807436e03654c3ed9fd044b85dd9ca55a1bad16b04117f4bea84,100,100.00,3.59,1,5,4,0.019611,0.520062,Minotaur,minotaur(pow_w:0.50),0.98,2178,0
436,1,0x30509a8084fdfe6fe24d9c9a817c209ad194f8e3,80.760789,1772389272,0360adcf3ea77bf79917a6c7c38dfe00a0bed0dcd27fa8de90eeb17a2074dbb6,243,81.00,3.48,1,5,4,0.019626,0.520273,Minotaur,minotaur(pow_w:0.50),2.27,2179,0
436,2,0xe478b1e4d1538274c0c70cbd7df877f9abab2f62,55.354616,1772389275,77f650221a46a1482b61a7ef10bc6f27b63d367c6a61d63787f4836bbbc82db2,220,110.00,3.52,1,5,4,0.019626,0.520274,Minotaur,minotaur(pow_w:0.50),1.86,2180,0
436,3,0x58a21eeb7ab18ba8adf1296e66a4487076e95dac,62.163844,1772389276,538fdd2eb1c74427f505ead23a52e1997654e09bd3f0783026cb86110d1af9f8,181,90.50,4.13,1,6,4,0.019632,0.520391,Minotaur,minotaur(pow_w:0.50),1.54,2181,0
436,4,0x07902d0371763a00d97ed9ba16ff0a206cb0fd19,41.568489,1772389278,3b2957888ce9857e593312ffd5d984ba2fe62907f943ab8cb621ca99543f9a61,103,103.00,3.86,1,5,4,0.019641,0.520549,Minotaur,minotaur(pow_w:0.50),0.99,2182,0
437,0,0xaadc5fea232580cb8fba739ac5d05a48559c7e52,26.352833,1772389280,06f9a2dcdc6b5a28a4ed67f9dba2920ff8e99693a7861a56afe64f44ea20cf52,236,118.00,2.67,1,4,3,0.019641,0.520621,Minotaur,minotaur(pow_w:0.50),1.30,2183,0
437,1,0x6d6b2734a20229ddd7fd4a1470ba3e3bad4e4a85,15.624584,1772389283,1897f6906c30acf9e92b6436b5077273b93dcc2accc240a5c57f2f0b8a14c2f8,223,74.33,4.13,1,6,4,0.019635,0.520565,Minotaur,minotaur(pow_w:0.50),2.21,2184,0
437,2,0x63f4973c0df8a5358405f396dc0673a463c48de9,77.998307,1772389284,a36315a8df764d6cc41406b01257837c52759720182d1d8127a9663797e6a375,205,102.50,3.74,1,5,4,0.019623,0.520365,Minotaur,minotaur(pow_w:0.50),1.78,2185,0
437,3,0xd39dbd3662315e3935ec08e6b6028e73b3c09de2,22.915370,1772389286,455b56d7c00220e705fd25e012f7552791a846db4772b6a3bdb548c24f7edbbb,100,100.00,3.71,1,5,4,0.019639,0.520575,Minotaur,minotaur(pow_w:0.50),1.10,2186,0
437,4,0x89100a8056319ba37491b32ba255004180607bc2,54.839677,1772389288,ebadb429175e60fa872f6b5cc4ce08a1c57ebb9407e2aed8fa8750595c7f3807,195,97.50,4.49,1,6,5,0.019631,0.520476,Minotaur,minotaur(pow_w:0.50),1.46,2187,0
438,0,0x3d92e045fb1847aae132b40ebfcc471a32f687de,9.101895,1772389290,c8226b818e82a4fe038e331a4c0eee80236fd5da71a79e5acb561e666553c48a,245,81.67,3.93,2,6,4,0.019637,0.520583,Minotaur,minotaur(pow_w:0.50),2.20,2188,0
438,1,0xe478b1e4d1538274c0c70cbd7df877f9abab2f62,56.356256,1772389293,58e6d1f90d46b5f0f87bad6ce018778e9467548b98060e9a94b53d3b3558323b,150,75.00,4.03,1,5,4,0.019623,0.520242,Minotaur,minotaur(pow_w:0.50),1.82,2189,0
438,2,0x89100a8056319ba37491b32ba255004180607bc2,55.842087,1772389295,a66fa21f1e01300abc6309b751ccd5d612deaa0c759b64cf32d63c3f97cb70d4,206,103.00,4.10,1,6,4,0.019629,0.520359,Minotaur,minotaur(pow_w:0.50),1.50,2190,0
438,3,0xeb82a21cb3d0dd781eb22ad74bb7cd9b4d2a06ec,41.949835,1772389297,3d994f76c95053e1f759f6fcf3ebc222ca95ad8c26dc9c5c57d8cc8882adf889,192,96.00,3.93,1,6,4,0.019635,0.520467,Minotaur,minotaur(pow_w:0.50),1.52,2191,0
438,4,0xc577329e86aaecb006f17fb90499c54671119935,5.285542,1772389299,6309939b002372309ca4f982ee3e8245f253fb05f5010cea16aba4cbde1dd25a,250,83.33,3.91,1,6,4,0.019635,0.520540,Minotaur,minotaur(pow_w:0.50),2.22,2192,0
439,0,0xdcf2130496e27a8094ab996aea4aa77788d65869,70.579457,1772389302,f967fc8567768cd35bff97161915062783ead929115b1e7226d6a26a979b2145,206,103.00,3.97,1,6,4,0.019620,0.520118,Minotaur,minotaur(pow_w:0.50),1.87,2193,0
439,1,0xb990cdf21950e6086c350175c4bc504e45858230,1.081298,1772389304,d53e4e201c8848f9aa30d2399e5c89537ce3ad81528853479b90c972c6355f71,197,98.50,3.86,1,5,4,0.019632,0.520319,Minotaur,minotaur(pow_w:0.50),1.55,2194,0
439,2,0xa3786e459f289a76c0e8af8ad834e3d0c6d47199,69.797433,1772389306,d26c2aea6a9b39695a35eddd3324e53552cb3560b3f20b313bb1d2240f28bd91,205,102.50,3.99,1,6,4,0.019614,0.519701,Minotaur,minotaur(pow_w:0.50),1.46,2195,0
439,3,0xa3786e459f289a76c0e8af8ad834e3d0c6d47199,70.799393,1772389308,1b9909928c53c0bc4271a50836082e6b2cafc9271b77d656f35bcbf5fde5b0be,199,66.33,4.22,2,6,4,0.019626,0.519893,Minotaur,minotaur(pow_w:0.50),2.26,2196,0
439,4,0xe478b1e4d1538274c0c70cbd7df877f9abab2f62,57.358206,1772389311,1918d72147c26c22c1c54ac7cc0d6dda5f67d5ff9e4cccdcd2f69ad3a1d4212d,216,108.00,4.16,1,6,4,0.019639,0.520085,Minotaur,minotaur(pow_w:0.50),2.02,2197,0
440,0,0x13f9dadc05f6c237b03411e2aed1800cf21a5d89,12.257082,1772389313,a31cab02f1efc415d83eb3993a75788a3b2e34ac08ff1049f5e897936e9a9dd9,202,101.00,4.04,1,6,4,0.019646,0.520202,Minotaur,minotaur(pow_w:0.50),1.53,2198,0
440,1,0x9c39f7fffaa5c5cfab20dfdd05663497918580c1,6.394868,1772389315,ed1e335eb373f151994fa6244930677441df7e65c56627822a4f922f2b1d5440,223,111.50,2.88,1,5,3,0.019633,0.519931,Minotaur,minotaur(pow_w:0.50),1.36,2199,0
440,2,0x28672c71695142588ed26ada6f4b18b8b6c12308,17.680068,1772389317,6479ecfec9ce42bbe9e5ca7bdb98592fe962bbc6d6deccfa91fab869ae3740f4,211,105.50,4.11,1,6,4,0.019618,0.519543,Minotaur,minotaur(pow_w:0.50),1.27,2200,0
440,3,0xe478b1e4d1538274c0c70cbd7df877f9abab2f62,58.360136,1772389320,c51f8a78a189e3ced34af99d98d39d2dc3d51975e3f697662636615699aac4c7,245,81.67,3.60,1,5,4,0.019607,0.519382,Minotaur,minotaur(pow_w:0.50),1.86,2201,0
440,4,0xbc3f8508d26048f2064aa8c068f4c94d08d77d18,60.120709,1772389321,d70188603174a44d3f72f42e4817314e40688418f753e047a1912527a85de798,113,56.50,3.96,2,5,4,0.019614,0.519499,Minotaur,minotaur(pow_w:0.50),1.19,2202,0
441,0,0xd46407aa7b668c72de3cf1c1a12b7fa2e308a1b2,42.010779,1772389323,98dee1c2ed708823bb2b77fb981c94b9d06d0c48adbe977ede0181ab0a341a7c,97,97.00,4.31,1,6,4,0.019622,0.519632,Minotaur,minotaur(pow_w:0.50),0.97,2203,0
441,1,0x7e40df5d801345015e84c843908efc6683665fa4,33.683689,1772389325,284ab67c119ef6cc57099fd21d72eee06cdb6b6f9e8e6a11023d8aee3d059c40,250,83.33,3.71,1,5,4,0.019622,0.519698,Minotaur,minotaur(pow_w:0.50),2.27,2204,0
441,2,0x075e1d95c7891e1c00414ca1aa9a7a8cf6270019,3.105805,1772389328,d16e80883d67ca8aaa49b1efb2e6e22a3d21305f43c1e12de9101ec992bd8cba,201,100.50,3.50,1,5,4,0.019622,0.519698,Minotaur,minotaur(pow_w:0.50),1.87,2205,0
441,3,0x606627477c3734932f47972f83c27cf4e3b35b4f,61.443047,1772389329,4a3598046be60195d3ca974d56e6cd0c412404271f64ba15b1d811343decb556,181,90.50,3.04,1,5,3,0.019602,0.519157,Minotaur,minotaur(pow_w:0.50),1.49,2206,0
441,4,0x7e40df5d801345015e84c843908efc6683665fa4,34.685649,1772389331,2a69d1bf613f81948d8732e22b1b9c7e731bc110f72234d8f40c042591fc4e64,98,98.00,3.58,1,5,4,0.019610,0.519301,Minotaur,minotaur(pow_w:0.50),0.95,2207,0
442,0,0xac61c91e7d24df824351a6c4e562a75f0cf646f8,6.219188,1772389333,c01c9adaa7d929edcab895da1105cfe2100f63bf4b8bbe013ccc56bc19326c06,250,83.33,3.38,1,5,3,0.019607,0.519316,Minotaur,minotaur(pow_w:0.50),2.20,2208,0
442,1,0xbc3f8508d26048f2064aa8c068f4c94d08d77d18,61.121549,1772389336,8675f8b8741beb6aa9d3b9b4c8d118c43015d780325ee240c81cf69d1723a2e4,246,123.00,3.95,1,6,4,0.019592,0.518916,Minotaur,minotaur(pow_w:0.50),1.75,2209,0
442,2,0xa068e3c9a21c8d8be636cd2d285895979ec3262e,26.970761,1772389337,86672ba746ace125071a7b58b3a1721f24d39206177762fac112f1b12be61ab5,101,50.50,4.44,3,6,4,0.019600,0.519051,Minotaur,minotaur(pow_w:0.50),1.14,2210,0
442,3,0x269cdf52f97e1d9f14b7be895155a7b294f0b21d,17.713043,1772389339,1d7afc3f225c0a6a98039b3778176d9d5cc6b96cc5e48670ffb3837d088852c7,100,100.00,4.30,1,6,5,0.019594,0.519004,Minotaur,minotaur(pow_w:0.50),0.98,2211,0
442,4,0xeb82a21cb3d0dd781eb22ad74bb7cd9b4d2a06ec,42.951825,1772389341,e4562eafc7831488790e2bfaaee7cf282735bbb67c258476ae57ef0d498be351,246,123.00,3.48,1,5,4,0.019583,0.518837,Minotaur,minotaur(pow_w:0.50),1.12,2212,0
443,0,0x408bb0bf84df50b21c53c74420987f172d4036a1,15.786404,1772389344,186510d2e67ac8e64888ab5ea49c8a709ac44358eb99f194dc4388e069b283a7,250,83.33,4.18,2,6,4,0.019584,0.518916,Minotaur,minotaur(pow_w:0.50),1.97,2213,0
443,1,0xe6ebb0cdfd04183d498964e5efc4096ba77b17d6,65.366993,1772389345,c2493ca0a6e223ef7a542166c6263ac960d6846bf1fd1447febb9a6efc00bc82,122,61.00,3.57,2,5,4,0.019573,0.518714,Minotaur,minotaur(pow_w:0.50),1.44,2214,0
443,2,0x58a21eeb7ab18ba8adf1296e66a4487076e95dac,63.164314,1772389347,05121bb4d42127ffd38b13bf17b9b4fa6cc739cefaef8cb4bf00e02e50720a7f,87,87.00,4.02,1,6,4,0.019583,0.518885,Minotaur,minotaur(pow_w:0.50),0.99,2215,0
443,3,0xe478b1e4d1538274c0c70cbd7df877f9abab2f62,59.360896,1772389349,f15a5ea67a3752c735382b432aebda2b4ed2ff53beb4937617ea84ce885562f1,197,98.50,3.82,2,5,4,0.019591,0.519047,Minotaur,minotaur(pow_w:0.50),1.36,2216,0
443,4,0xa447d277b02012c2afd9ddcbbe123f27cc971963,24.803205,1772389352,6733e0c4b489730c6d239e79d2aba1bcdcbec0751c8c9fe2f66026261b99e9a5,250,83.33,3.94,1,6,4,0.019599,0.519164,Minotaur,minotaur(pow_w:0.50),2.04,2217,0
444,0,0xdcf2130496e27a8094ab996aea4aa77788d65869,71.580847,1772389353,feb8ace4d1048883824137b1a3e12201bb167471b470d17439e9a92ee31cb054,121,60.50,3.74,2,6,4,0.019591,0.519093,Minotaur,minotaur(pow_w:0.50),1.24,2218,0
444,1,0xe6ebb0cdfd04183d498964e5efc4096ba77b17d6,66.367803,1772389355,4abe248af3a0326ae037a55d241565e183ac865b76219bf140d9e29189806b75,113,113.00,3.78,1,5,4,0.019604,0.519290,Minotaur,minotaur(pow_w:0.50),0.98,2219,0
444,2,0xa3786e459f289a76c0e8af8ad834e3d0c6d47199,71.801123,1772389357,96e5410ecdd8982c9fa779237bfe027fc93c96e5b384c82df5ceb1bc29c6b452,226,75.33,4.01,1,6,4,0.019614,0.519461,Minotaur,minotaur(pow_w:0.50),2.37,2220,0
444,3,0x30509a8084fdfe6fe24d9c9a817c209ad194f8e3,80.759769,1772389360,aed1bf01986ba29a3f6563a15f61931a98fb60e16099560e17bc5bfd7b19057d,243,121.50,4.22,2,6,4,0.019626,0.519652,Minotaur,minotaur(pow_w:0.50),2.00,2221,0
444,4,0x81193196c1dbdbf80709d43a5af5ce21c201fbd7,11.819229,1772389361,0404fcb879fd63fbcade7ed84c48d017405f0b5542e9938a10a1b5428958cc8a,140,70.00,3.61,2,5,4,0.019643,0.519868,Minotaur,minotaur(pow_w:0.50),1.59,2222,0
445,0,0x8c11ec9090dd820c076e57e899d9c604c79d6b32,41.593889,1772389363,f637dc2af4750ccaf5a2082de7728478d93408930343741e72d87880d36de8e4,91,91.00,4.01,3,6,4,0.019630,0.519584,Minotaur,minotaur(pow_w:0.50),1.00,2223,0
445,1,0x2abf89d7c96c80fcff9dec1fe92803573094ee35,9.199955,1772389365,8540e68f52a7a2b81f9a8faa6943044eb8cf17a6ed027d9227cc9f67d2596ce6,165,82.50,4.18,1,6,4,0.019629,0.519635,Minotaur,minotaur(pow_w:0.50),1.38,2224,0
445,2,0xa3786e459f289a76c0e8af8ad834e3d0c6d47199,72.803443,1772389368,769b484cdd039394533c676167990f93611b8ef2bde9a3660294358e555dd444,250,83.33,3.70,1,6,4,0.019629,0.519636,Minotaur,minotaur(pow_w:0.50),2.18,2225,0
445,3,0x9c39f7fffaa5c5cfab20dfdd05663497918580c1,7.396328,1772389369,86e0edd358e24e803da2a3dedf44879458de865311ff471f250d415172c7795b,120,60.00,4.29,1,6,4,0.019616,0.519293,Minotaur,minotaur(pow_w:0.50),1.54,2226,0
445,4,0x6064b9f5883bf9737dfe314ff68c56e09e68ac89,27.191379,1772389371,a88c9370019978a63ac4816080fa07f8d0365dd604a9f99fa2705485a60277c0,90,90.00,4.07,1,6,4,0.019614,0.519124,Minotaur,minotaur(pow_w:0.50),0.99,2227,0
446,0,0x408bb0bf84df50b21c53c74420987f172d4036a1,16.787334,1772389373,a297cada0594ba078146d84e501d24b6a4373bbc5a459d76d2c65fb486a3810c,208,104.00,3.77,1,5,4,0.019607,0.519075,Minotaur,minotaur(pow_w:0.50),1.46,2228,0
446,1,0x719361397abe003a91af76243e5f9c7a0cd4279f,67.610766,1772389376,aeb2369e0c1ee2d56597c7a3b9a9bc7c70455408212d8fc6e669665affae1d01,250,83.33,3.53,1,5,4,0.019597,0.518894,Minotaur,minotaur(pow_w:0.50),2.03,2229,0
446,2,0xd46407aa7b668c72de3cf1c1a12b7fa2e308a1b2,43.012719,1772389377,7ec8a64f9463bb6f9e2469e249b696f70c86369f981da7dc781bf82b894b4b86,136,68.00,3.93,1,5,4,0.019607,0.519073,Minotaur,minotaur(pow_w:0.50),1.55,2230,0
446,3,0xc4dc29db975b952e04358340e56b68fa4ba63fbc,23.544251,1772389379,5cb848537bccdd1a6f77c18fce4f033bb197e648b83ebefcfdaa812477b44b78,95,95.00,3.89,1,5,4,0.019607,0.519143,Minotaur,minotaur(pow_w:0.50),1.00,2231,0
446,4,0xbc3f8508d26048f2064aa8c068f4c94d08d77d18,62.122139,1772389381,4312a1c3c11d778b3fe949b23194867b5273083a1f9b03e2761f304ae73f9915,194,97.00,3.63,1,5,4,0.019599,0.519054,Minotaur,minotaur(pow_w:0.50),1.47,2232,0
447,0,0xc24b36dee27726233c3bbd9e1f028f98b6b2a424,29.417859,1772389383,49192b8ebb10240dc8a23989c8f9bf9bb40c2bdec9d80f81c25157d6cf97123b,214,71.33,4.18,1,6,4,0.019608,0.519196,Minotaur,minotaur(pow_w:0.50),2.25,2233,0
447,1,0x26d553a2f4343b3a7dc88bbd87b3d0a25d3838d9,60.291200,1772389386,9c008fb892dac3968002b58b25c3bd37b9d699ade7e0ed338e83927d70efb2fb,181,90.50,3.93,1,6,4,0.019602,0.519174,Minotaur,minotaur(pow_w:0.50),1.83,2234,0
447,2,0x6064b9f5883bf9737dfe314ff68c56e09e68ac89,28.193219,1772389388,f066d7dd156287f778af92038e65ea31a8226eb8a08764bafafac306f5a5c95b,219,109.50,3.84,1,6,4,0.019610,0.519298,Minotaur,minotaur(pow_w:0.50),1.58,2235,0
447,3,0x1796dc61e715f15a2d27dfa32bd34780f12a8c24,39.749341,1772389390,e41d4ae3a1395d8ab176444edab94bc5b49f11ec8442bdcdad0d7d351ef15393,184,92.00,3.88,1,5,4,0.019604,0.519266,Minotaur,minotaur(pow_w:0.50),1.42,2236,0
447,4,0xeaa5003682d7289190651081ae2bee847097afc5,39.790595,1772389392,b73f1168f9cb1804ca90cd1e09314ab1023883a130c4309ceccdf70cc800fff6,250,83.33,3.26,1,5,3,0.019603,0.519298,Minotaur,minotaur(pow_w:0.50),2.23,2237,0
448,0,0xa3786e459f289a76c0e8af8ad834e3d0c6d47199,73.804413,1772389395,bf9d3a4a8745d815ed344a9c9baa3b0e325dcabdf0bb436fa1a4af82810764a6,200,100.00,4.29,1,6,4,0.019603,0.519299,Minotaur,minotaur(pow_w:0.50),1.88,2238,0
448,1,0xa447d277b02012c2afd9ddcbbe123f27cc971963,25.804015,1772389396,3ede1fe959e914f6b719cee0f6920edf3282742db99b20c38622e7187c8ab24c,197,98.50,4.42,1,6,4,0.019614,0.519519,Minotaur,minotaur(pow_w:0.50),1.55,2239,0
448,2,0x30509a8084fdfe6fe24d9c9a817c209ad194f8e3,81.760799,1772389398,c69f4ec488bfdae9e40356072c4cc8abf3f2055185e1a2f746f23dcac9e25862,101,101.00,3.51,2,6,3,0.019607,0.519451,Minotaur,minotaur(pow_w:0.50),0.99,2240,0
448,3,0x13f9dadc05f6c237b03411e2aed1800cf21a5d89,13.258612,1772389400,c1df5122f0c67fc5c7aa73470970816f67f8a380a6c3edbbdd8a79a1268b25a1,250,83.33,3.26,1,5,3,0.019624,0.519666,Minotaur,minotaur(pow_w:0.50),2.24,2241,0
448,4,0xaadc5fea232580cb8fba739ac5d05a48559c7e52,27.353753,1772389403,d8709b7fc2e0a86d2506eef761bc6d22be1d6128655554b6b739c35b4eda8d51,233,116.50,2.88,1,5,3,0.019611,0.519433,Minotaur,minotaur(pow_w:0.50),1.89,2242,0
449,0,0x213068cb42718d1dd6d00a6d94d62a3def0e68eb,11.346919,1772389404,4106afcc5b7078e35028764bc4ae18903538466cabff2ef47935ab0f1d60aa85,219,109.50,4.37,1,6,4,0.019605,0.519378,Minotaur,minotaur(pow_w:0.50),1.45,2243,0
449,1,0x606627477c3734932f47972f83c27cf4e3b35b4f,62.443147,1772389406,3e0bc595fcef58b651f71d9c5cf2b89bac313f15267a6dc4cca0ca34ac3fe9be,93,93.00,3.61,1,5,4,0.019592,0.519084,Minotaur,minotaur(pow_w:0.50),0.96,2244,0
449,2,0x95ab54d268473cce82094026afefdbd5cadf418b,30.601328,1772389408,1df961e5305cadbc463c10f323edd9c560725522210412001e4762f86de582db,238,79.33,3.61,1,5,4,0.019600,0.519225,Minotaur,minotaur(pow_w:0.50),2.24,2245,0
449,3,0xdcf2130496e27a8094ab996aea4aa77788d65869,72.581467,1772389411,6eb92571ac3917d99415b22a8c7af93fc8e17c9c8517022a061010768a7d43b6,211,105.50,4.32,1,6,4,0.019595,0.519213,Minotaur,minotaur(pow_w:0.50),1.86,2246,0
449,4,0xc24b36dee27726233c3bbd9e1f028f98b6b2a424,30.419339,1772389412,62ad91f83c99a34430d64d521949e9e2a307514735f8421c45858c54a1b5c01c,223,111.50,3.93,1,5,4,0.019608,0.519399,Minotaur,minotaur(pow_w:0.50),1.74,2247,0
450,0,0x3513d672439a59c26cc5711f2b715ccb4810a774,28.298995,1772389414,2dda7ae8451e14143b1cf1983e9f77919120c74a53af454e58e6e3a05d353dcb,124,124.00,3.84,1,5,4,0.019603,0.519378,Minotaur,minotaur(pow_w:0.50),0.98,2248,0
450,1,0x30509a8084fdfe6fe24d9c9a817c209ad194f8e3,82.763079,1772389416,cc849626c238b3078d99c8e9ee3b89bfc3d448443de5997ee9a87a3c657806a9,245,81.67,3.73,1,5,4,0.019597,0.519338,Minotaur,minotaur(pow_w:0.50),2.21,2249,0
450,2,0x07902d0371763a00d97ed9ba16ff0a206cb0fd19,42.569309,1772389419,ed8ad2a31728c4acf379834feea1d418fabdfa2fff16e65c92679b88221cca6a,245,122.50,3.33,1,5,3,0.019613,0.519552,Minotaur,minotaur(pow_w:0.50),1.88,2250,0
450,3,0xa5a12d96532497871d73549e55ab377e3dcb3a40,8.079252,1772389420,490c664c3bc29a3ef9e9e0f1ec8300d2b10e87efb841108c866292a69624563d,119,59.50,2.82,2,4,3,0.019613,0.519552,Minotaur,minotaur(pow_w:0.50),1.13,2251,0
450,4,0x30509a8084fdfe6fe24d9c9a817c209ad194f8e3,83.765459,1772389422,09edc020055756ebd402118f91024b28e54b6914c0eea0c323fc850cd55176db,101,101.00,4.02,1,6,4,0.019599,0.519254,Minotaur,minotaur(pow_w:0.50),0.98,2252,0
451,0,0xd39dbd3662315e3935ec08e6b6028e73b3c09de2,23.916050,1772389424,2951d1c1f58e52cd2c74c5b8b7fa78646f03fe97729fa0d42633ff4626c12bb1,210,105.00,3.28,1,5,3,0.019615,0.519467,Minotaur,minotaur(pow_w:0.50),1.29,2253,0
451,1,0xdcf2130496e27a8094ab996aea4aa77788d65869,73.583537,1772389427,5ada727bd8437960a935cf485fa46695ac54af3f5b8430241ec737b035f4b0c8,209,69.67,4.44,1,6,5,0.019608,0.519376,Minotaur,minotaur(pow_w:0.50),2.10,2254,0
451,2,0x719361397abe003a91af76243e5f9c7a0cd4279f,68.611656,1772389428,f078e8a1e86fcfde84ee586bf10af0883c3ef1b1b1f10d4e54d44ccd173bad6d,150,75.00,4.03,1,5,4,0.019608,0.519376,Minotaur,minotaur(pow_w:0.50),1.63,2255,0
451,3,0x3513d672439a59c26cc5711f2b715ccb4810a774,29.301275,1772389430,d3d56ad1ea2627fb82e0f4cb3abca46d7a4cb99927421b3288a5b43f1192c696,99,99.00,3.95,1,5,4,0.019631,0.519739,Minotaur,minotaur(pow_w:0.50),1.00,2256,0
451,4,0x9c39f7fffaa5c5cfab20dfdd05663497918580c1,8.396598,1772389432,98abdbc13356d05d1f48662cfd65060a1fab61a30315f5b3b655584c44c0b9d6,199,99.50,3.70,1,5,4,0.019625,0.519708,Minotaur,minotaur(pow_w:0.50),1.39,2257,0
452,0,0xeb82a21cb3d0dd781eb22ad74bb7cd9b4d2a06ec,43.953395,1772389435,0fc672b4a814630faa4924d829a8cf75f9cd90febffea7835669fdd610ac2465,250,83.33,3.95,1,6,4,0.019611,0.519350,Minotaur,minotaur(pow_w:0.50),2.14,2258,0
452,1,0xe6ebb0cdfd04183d498964e5efc4096ba77b17d6,67.369163,1772389436,7a86e52f7833d1bdbe13a84c6cec76f5cf072646c803d7ca7865ea9bfd8b6378,146,73.00,4.06,1,6,4,0.019611,0.519351,Minotaur,minotaur(pow_w:0.50),1.67,2259,0
452,2,0x81d019380961f92c2031b0a7fba69f7675145088,23.488973,1772389438,6088dd1a7bec01ac82c368be006eb1b93aec888fc5f1746193e15205056dccad,95,95.00,3.97,1,6,4,0.019621,0.519595,Minotaur,minotaur(pow_w:0.50),1.00,2260,0
452,3,0xac768e60b9269babb15cb1e36ee843243d7c7543,62.781868,1772389440,4eed34a6bbc74562609070695268708475a02f5824dbb8e2ac5538b6898e685b,212,106.00,3.74,1,5,4,0.019613,0.519491,Minotaur,minotaur(pow_w:0.50),1.44,2261,0
452,4,0x63f4973c0df8a5358405f396dc0673a463c48de9,78.997917,1772389442,8d41818a6ab8f7e5d75714cf4c0c43a54a3569686ad93029f31d8f7041927bd3,211,70.33,3.70,1,6,4,0.019621,0.519632,Minotaur,minotaur(pow_w:0.50),2.14,2262,0
453,0,0x1796dc61e715f15a2d27dfa32bd34780f12a8c24,40.751221,1772389445,686e986d8746fed2311dd0816b55a69c5105add5d6a08f852e4c032685505cb1,224,112.00,3.67,1,5,4,0.019621,0.519632,Minotaur,minotaur(pow_w:0.50),1.74,2263,0
453,1,0xb990cdf21950e6086c350175c4bc504e45858230,2.082038,1772389447,46702e941356eadb1562a5c95730f6fbcd468ada393090f685f9ac5477fdc238,210,105.00,3.30,1,5,3,0.019635,0.519871,Minotaur,minotaur(pow_w:0.50),1.47,2264,0
453,2,0x58a21eeb7ab18ba8adf1296e66a4487076e95dac,64.165334,1772389449,9c46eec78e9dfdc0ee7c18a0d7de0f10e0cfb7f0bef0519d13f50c89c7ecda06,189,94.50,4.03,2,5,4,0.019618,0.519285,Minotaur,minotaur(pow_w:0.50),1.56,2265,0
453,3,0xa9105f442328d397529b8e4e9e656fa89016ff45,14.454134,1772389451,5433b74d32b30a0251770ba3313e5a63ba09e3e71165c9e2fce092dfcf8db9e1,250,83.33,3.81,1,6,4,0.019627,0.519443,Minotaur,minotaur(pow_w:0.50),2.24,2266,0
453,4,0xdcf2130496e27a8094ab996aea4aa77788d65869,74.584707,1772389454,1d581e6df9b3eb744eb1564916e95f75e7f0b98aec10e66b5364964aff983953,199,99.50,3.72,1,5,4,0.019627,0.519443,Minotaur,minotaur(pow_w:0.50),1.85,2267,0
454,0,0xaadc5fea232580cb8fba739ac5d05a48559c7e52,28.355423,1772389455,cc7f8097c6c13d4cb7cf14af2aadf56a6cfbe5334956d54f3f056b53835370fa,201,100.50,4.04,1,5,4,0.019628,0.519424,Minotaur,minotaur(pow_w:0.50),1.59,2268,0
454,1,0xc774b0fee7cabbef3b1ae14bf36db3df0d32c1df,20.160047,1772389457,8799b12f046c712e999d6d3a948e2cc6cb3f61d7ea8398fc3f13d74a16e7e727,73,73.00,4.41,1,6,5,0.019622,0.519377,Minotaur,minotaur(pow_w:0.50),1.00,2269,0
454,2,0xa3786e459f289a76c0e8af8ad834e3d0c6d47199,74.805763,1772389459,3701dcffc730f0233ec3d127e522e917ff76206105c487138db7b80645ecc370,207,103.50,3.81,1,5,4,0.019613,0.519248,Minotaur,minotaur(pow_w:0.50),1.20,2270,0
454,3,0x3513d672439a59c26cc5711f2b715ccb4810a774,30.302995,1772389462,27758cab71d7c6e84235d26f7bc23501b38fb41de2faf73c012b95ca0874741d,226,75.33,4.19,2,6,4,0.019613,0.519248,Minotaur,minotaur(pow_w:0.50),1.97,2271,0
454,4,0x30405867b72597aaeb27803bb2c7f3f5fc7d5384,18.507904,1772389463,86e926e2daddce5c3a45c80b087fdf3cd8e3db4bb0637857fbcc72c607ce9df5,118,59.00,3.78,1,5,4,0.019620,0.519404,Minotaur,minotaur(pow_w:0.50),1.53,2272,0
455,0,0xac768e60b9269babb15cb1e36ee843243d7c7543,63.783658,1772389465,220cbc350d2ee9ffe6537237c6fee970af1c07719593bd26c94037a9b8ec032b,78,78.00,3.64,1,5,4,0.019610,0.519253,Minotaur,minotaur(pow_w:0.50),1.00,2273,0
455,1,0x30509a8084fdfe6fe24d9c9a817c209ad194f8e3,84.767059,1772389467,459dfa7c014f55a641e45f1700f05cf9c35cb164aefc945e832e19d1abe9e2a9,231,77.00,3.88,1,6,4,0.019618,0.519402,Minotaur,minotaur(pow_w:0.50),2.25,2274,0
455,2,0x6064b9f5883bf9737dfe314ff68c56e09e68ac89,29.194129,1772389470,7dfbda14a91085d1268e4275382892bf13c751297d7dd0e9a22e4946fe2db007,250,125.00,3.25,1,5,3,0.019635,0.519614,Minotaur,minotaur(pow_w:0.50),1.85,2275,0
455,3,0x30405867b72597aaeb27803bb2c7f3f5fc7d5384,19.508614,1772389471,8f5b75ba5cca5a5fc6b3160deefe840e00c8560f1573d9ded365e04532724762,96,48.00,3.78,1,5,4,0.019635,0.519614,Minotaur,minotaur(pow_w:0.50),1.08,2276,0
455,4,0x8c11ec9090dd820c076e57e899d9c604c79d6b32,42.594389,1772389473,69e72fe4a9db23df0609b6d42fc489f4b2e2d931d35eecde8e0a179164dba149,115,115.00,3.64,1,5,4,0.019625,0.519475,Minotaur,minotaur(pow_w:0.50),0.98,2277,0
456,0,0x89100a8056319ba37491b32ba255004180607bc2,56.842017,1772389475,6d0a488e364af01bade54e38ab14b87fc0221780f7f81fcf571286bbb115c0ed,198,99.00,4.12,1,6,4,0.019625,0.519525,Minotaur,minotaur(pow_w:0.50),1.34,2278,0
456,1,0xd39dbd3662315e3935ec08e6b6028e73b3c09de2,24.917610,1772389478,6db81995e1f65aa32b4e0c3452223bba222bf9f36349138fc8ebff9cac3216dc,241,80.33,3.72,1,5,4,0.019630,0.519629,Minotaur,minotaur(pow_w:0.50),1.88,2279,0
456,2,0x6064b9f5883bf9737dfe314ff68c56e09e68ac89,29.194079,1772389479,96ce61de5177214517ee7cedf6df57161450d897b613358317493a2c4410ee94,98,49.00,4.68,1,6,5,0.019623,0.519552,Minotaur,minotaur(pow_w:0.50),1.26,2280,0
456,3,0x8719ca31b72ae8a5404006763c53d5ad503dbcb0,7.087285,1772389481,6b5310bbdf8a06aa8b3777251eb05f62d7b3489299e80d53100b488f14c16ecc,98,98.00,3.88,2,5,4,0.019617,0.519511,Minotaur,minotaur(pow_w:0.50),1.00,2281,0
456,4,0x719361397abe003a91af76243e5f9c7a0cd4279f,69.612206,1772389483,f03df6dba762ce6e96201a48767259e5bf14726553a417768e71052c10926876,196,98.00,4.12,2,6,4,0.019603,0.519139,Minotaur,minotaur(pow_w:0.50),1.42,2282,0
457,0,0xd39dbd3662315e3935ec08e6b6028e73b3c09de2,25.918470,1772389486,f99a613bc0319a595b9f2bb4967cf0f252c5db497ef0d13b63e80a673950fe61,250,83.33,3.72,1,5,4,0.019603,0.519140,Minotaur,minotaur(pow_w:0.50),2.04,2283,0
457,1,0x8c11ec9090dd820c076e57e899d9c604c79d6b32,43.596239,1772389487,bc67986ce18d29ef5a495e1aa324b29992db7ee3f0fda2053df0767d2db492a6,143,71.50,4.78,2,6,5,0.019613,0.519315,Minotaur,minotaur(pow_w:0.50),1.48,2284,0
457,2,0x30509a8084fdfe6fe24d9c9a817c209ad194f8e3,85.769269,1772389489,287ae2b5f832d195d9add2e2793cc349e3beab2d5006d1e77ac5c4753587973f,88,88.00,4.12,1,6,4,0.019606,0.519304,Minotaur,minotaur(pow_w:0.50),1.00,2285,0
457,3,0x30509a8084fdfe6fe24d9c9a817c209ad194f8e3,86.771679,1772389491,e1def175c9675ba46dbb94f08863541c8ec8cab2f054ec99da84676a0d05d70e,245,122.50,3.34,1,5,3,0.019623,0.519515,Minotaur,minotaur(pow_w:0.50),1.34,2286,0
457,4,0x606627477c3734932f47972f83c27cf4e3b35b4f,63.444737,1772389494,f5d5acced4da265d5408c029bba27f2bd87d17f110adbed15aa6350df83eeef8,250,83.33,3.42,1,5,4,0.019640,0.519725,Minotaur,minotaur(pow_w:0.50),1.99,2287,0
458,0,0xcb7977f4997b4252c0152e135dd79b3cfe35c1a5,31.637723,1772389495,8a90671cf1edf1a6637ffed7ba3aca1c4ccf725c1508a24003a1743ef4514d54,152,76.00,3.56,2,5,4,0.019648,0.519864,Minotaur,minotaur(pow_w:0.50),1.62,2288,0
458,1,0xeb82a21cb3d0dd781eb22ad74bb7cd9b4d2a06ec,44.954155,1772389497,c8fa6aba89775a3cd3328f00d106ebb8241db7f114af57cfe679d2cd6a8341df,99,99.00,4.25,1,6,4,0.019643,0.519862,Minotaur,minotaur(pow_w:0.50),1.00,2289,0
458,2,0x4414c05be2cf328f38d2e3ef4b705d6b894f044a,45.123739,1772389499,6059ba52f437feb6db502eae0c24456586868d2e54c996e039a49703fa1d3451,186,93.00,4.01,1,6,4,0.019644,0.519945,Minotaur,minotaur(pow_w:0.50),1.46,2290,0
458,3,0x34412315480562da4810040fd15c81f99880e1ab,22.891863,1772389502,59e8473cb6d50b564582dca4006d77564cbabdeceaf24eacd83bd24615d36d25,248,82.67,3.90,1,5,4,0.019645,0.520023,Minotaur,minotaur(pow_w:0.50),2.01,2291,0
458,4,0xe6ebb0cdfd04183d498964e5efc4096ba77b17d6,68.369363,1772389503,0a08c2a6518a55544785462d7ed29b6c42495404037b3af5785588c318cd39ca,124,62.00,4.11,2,6,4,0.019645,0.520023,Minotaur,minotaur(pow_w:0.50),1.33,2292,0
459,0,0xac768e60b9269babb15cb1e36ee843243d7c7543,64.785448,1772389505,f3322e93e40e43349b3c3987b11c9d6550cd2af7a2ee138e2a0ee92832513d3e,97,97.00,3.94,1,6,4,0.019654,0.520188,Minotaur,minotaur(pow_w:0.50),0.99,2293,0
459,1,0xdcf2130496e27a8094ab996aea4aa77788d65869,75.586227,1772389507,1c0bdf80cecf20e2d967b570a4d35a3f55a3418c3a24319f2fb5fe418419d50e,208,104.00,4.02,1,6,4,0.019663,0.520341,Minotaur,minotaur(pow_w:0.50),1.45,2294,0
459,2,0x30509a8084fdfe6fe24d9c9a817c209ad194f8e3,87.773959,1772389509,a13e646113d301ba8f5c20a599a57c8164bd8951ca4544d1a52f49a0f0b796d6,240,80.00,3.86,1,5,4,0.019675,0.520530,Minotaur,minotaur(pow_w:0.50),2.11,2295,0
459,3,0x3513d672439a59c26cc5711f2b715ccb4810a774,31.303875,1772389511,9f272d4c6d0817840a646c774bd6624712059bb0ae67276461394a952a7b1391,137,68.50,3.28,1,5,3,0.019675,0.520530,Minotaur,minotaur(pow_w:0.50),1.54,2296,0
459,4,0xbc3f8508d26048f2064aa8c068f4c94d08d77d18,63.122929,1772389513,90cd0a059f4d2110bc2778c30a6f78bb0b55aba23c1a4b5283bf46f4352144d8,83,83.00,3.77,1,5,4,0.019692,0.520739,Minotaur,minotaur(pow_w:0.50),1.00,2297,0
460,0,0x26d553a2f4343b3a7dc88bbd87b3d0a25d3838d9,61.292050,1772389515,75d53d6f8308ba45c7973320e3aabfd157a3048589a95b283fdf5ae90874e2ff,180,90.00,4.22,1,6,4,0.019700,0.520868,Minotaur,minotaur(pow_w:0.50),1.47,2298,0
460,1,0xe478b1e4d1538274c0c70cbd7df877f9abab2f62,60.361646,1772389517,8ce3f882bdeeb808d1bb35c8f4f3a2e481c6b234a608052043f626eeee76e221,250,83.33,3.64,1,6,4,0.019707,0.520988,Minotaur,minotaur(pow_w:0.50),2.16,2299,0
460,2,0x075e1d95c7891e1c00414ca1aa9a7a8cf6270019,4.105745,1772389520,8893b077489af10622c710823cfd29cb9e02b30282cd6caa95086904e8222e9f,215,107.50,3.98,1,6,4,0.019713,0.521099,Minotaur,minotaur(pow_w:0.50),1.77,2300,0
460,3,0x37cc7a82e66d4f4c2ae13b9ee895d3af1a1d7a05,10.237135,1772389522,3cdca634dcb10bdb30c03a80dc820b6308c6842a0299f30fd3c5b256fa14df22,197,98.50,3.22,1,5,3,0.019698,0.520644,Minotaur,minotaur(pow_w:0.50),1.48,2301,0
460,4,0x6064b9f5883bf9737dfe314ff68c56e09e68ac89,30.194589,1772389524,35ab09a06384243c0905dcf6801326715481037258bbb7fa9d46225e866419ef,192,96.00,4.15,1,6,4,0.019684,0.520329,Minotaur,minotaur(pow_w:0.50),1.45,2302,0
461,0,0xac768e60b9269babb15cb1e36ee843243d7c7543,65.787308,1772389526,8b7034569cc5449f47ec7fc4c8545b8e179b222515bc21815e6db0d253d553e7,238,79.33,3.72,1,5,4,0.019679,0.520289,Minotaur,minotaur(pow_w:0.50),2.18,2303,0
461,1,0x1cb1274c711a6c2e4e1596846e6ac604eeefb358,13.385691,1772389529,a718663bded4abf7c11a77bc57df32ce9ab0fa9e976d7790fc3b427eb5b07d1f,147,73.50,3.88,1,5,4,0.019688,0.520444,Minotaur,minotaur(pow_w:0.50),1.70,2304,0
461,2,0xac768e60b9269babb15cb1e36ee843243d7c7543,66.788758,1772389530,0167a4f2d80d08c242448e420b9cd4e2858e65d6e2c2e5abfb4d096f2c43f319,181,90.50,3.56,2,5,4,0.019688,0.520445,Minotaur,minotaur(pow_w:0.50),1.55,2305,0
461,3,0x606627477c3734932f47972f83c27cf4e3b35b4f,64.445817,1772389532,0c352776d8f74a5322e1f7493195bfc8eff60801199134f60fe1acd7acab85c3,103,103.00,3.83,1,5,4,0.019696,0.520600,Minotaur,minotaur(pow_w:0.50),0.94,2306,0
461,4,0x6064b9f5883bf9737dfe314ff68c56e09e68ac89,31.196929,1772389534,cec886e9da9c4c63783a730fdfc77f439dac4561762a354cff5e18287680fbe5,187,62.33,3.58,1,5,4,0.019704,0.520740,Minotaur,minotaur(pow_w:0.50),2.40,2307,0
462,0,0x7e40df5d801345015e84c843908efc6683665fa4,35.685949,1772389537,19be25639452788fc500a50e79c9ac732854d2efc286c9f0f30ff4c8d1b0cff8,250,125.00,3.76,2,5,4,0.019699,0.520720,Minotaur,minotaur(pow_w:0.50),2.08,2308,0
462,1,0x95ab54d268473cce82094026afefdbd5cadf418b,31.602348,1772389538,42c616d8adc4b49724efa2ccd41656c2468aca4775037d43f099f114c03d9810,144,72.00,3.47,1,5,3,0.019696,0.520733,Minotaur,minotaur(pow_w:0.50),1.52,2309,0
462,2,0xc4dc29db975b952e04358340e56b68fa4ba63fbc,24.544531,1772389540,386e7b0be9074d6f894413d498934d05a5d8f934ed2b2ecdb87e0b68fa59fc22,99,99.00,4.40,1,6,5,0.019691,0.520717,Minotaur,minotaur(pow_w:0.50),1.00,2310,0
462,3,0xeb82a21cb3d0dd781eb22ad74bb7cd9b4d2a06ec,45.955595,1772389542,e1dd342014236131cbcf1873ed090bc20c39b2e32080c49f0ac1229d7fe0b6f0,236,78.67,3.58,1,5,4,0.019684,0.520628,Minotaur,minotaur(pow_w:0.50),2.23,2311,0
462,4,0x6d6b2734a20229ddd7fd4a1470ba3e3bad4e4a85,16.624214,1772389545,09bc044711d03663fb38065bae98358e398910b265080b7637adcec2a7c06ea5,198,99.00,3.88,1,6,4,0.019684,0.520711,Minotaur,minotaur(pow_w:0.50),2.08,2312,0
463,0,0xaadc5fea232580cb8fba739ac5d05a48559c7e52,29.355403,1772389546,b36d130d8865673ceb8a797b14d219dfd44d7b54222d7bf571e777e43ed8c2df,220,110.00,3.71,1,5,4,0.019674,0.520525,Minotaur,minotaur(pow_w:0.50),1.65,2313,0
463,1,0x2abf89d7c96c80fcff9dec1fe92803573094ee35,10.200495,1772389548,2caf83f7f92fda047f602888723a280932733b37b6ba1d09449bc30f0da6bf5f,94,94.00,4.28,1,6,4,0.019668,0.520477,Minotaur,minotaur(pow_w:0.50),0.97,2314,0
463,2,0x07902d0371763a00d97ed9ba16ff0a206cb0fd19,43.569189,1772389550,47df40edaeb2c2c4733d4d17b8b9d7ea5e9b34d593623fe709f0804b21dabd28,192,96.00,3.69,1,5,4,0.019655,0.520156,Minotaur,minotaur(pow_w:0.50),1.35,2315,0
463,3,0xd39dbd3662315e3935ec08e6b6028e73b3c09de2,26.919350,1772389553,abeddcc19a93b1a6e98b7450c712d9a618745637d6ff0d09bb30b4e42dea7bb5,250,83.33,2.79,1,4,3,0.019655,0.520209,Minotaur,minotaur(pow_w:0.50),2.01,2316,0
463,4,0xa3786e459f289a76c0e8af8ad834e3d0c6d47199,75.807063,1772389554,9cb8d158ba77040ca0dde8325458dbbda30d678ff7d56a1102ea377cae6f0e0a,121,60.50,4.39,1,6,4,0.019655,0.520210,Minotaur,minotaur(pow_w:0.50),1.60,2317,0
464,0,0x1cb1274c711a6c2e4e1596846e6ac604eeefb358,13.385421,1772389556,a8395e5a901a8743f6d57f14653bd1218892b454b9948e5f5e682123f2c98937,110,110.00,4.32,1,6,4,0.019660,0.520326,Minotaur,minotaur(pow_w:0.50),1.17,2318,0
464,1,0x26d553a2f4343b3a7dc88bbd87b3d0a25d3838d9,62.294080,1772389558,c0b311ec84d4b1f82a475dcfe92d59b5a82080bfb7c8b6afc8257e050951b316,203,101.50,3.57,1,5,4,0.019648,0.520095,Minotaur,minotaur(pow_w:0.50),1.44,2319,0
464,2,0x4a217e35f6402e7f62a49f6d62e27c6585c2f3fd,48.528787,1772389561,558966f8bb93fa3d0cf62e0c1777158f830fc9718e44d20142f3bbde158d7da5,250,83.33,3.71,1,6,4,0.019655,0.520214,Minotaur,minotaur(pow_w:0.50),2.22,2320,0
464,3,0x4ba33404d90c4ae989714d9d174cd882cffb7994,21.108012,1772389562,a061a4b2f966bf3773e0d7018c654e7bb6d7b9447c4f94fe56adf70798ec6414,157,78.50,3.60,1,5,4,0.019657,0.520307,Minotaur,minotaur(pow_w:0.50),1.78,2321,0
464,4,0xa447d277b02012c2afd9ddcbbe123f27cc971963,26.803345,1772389564,9bd97317cc925ae9b45c1a5bf6bbd3505633b2763a0e2da427761516466633d2,92,92.00,4.58,1,6,5,0.019648,0.520188,Minotaur,minotaur(pow_w:0.50),0.99,2322,0
465,0,0xe478b1e4d1538274c0c70cbd7df877f9abab2f62,61.363356,1772389566,d1d2cfb624bd2dabc03e4181c09d916c7295c3d7c0b348691480a0a8fd35b262,205,102.50,3.42,1,5,3,0.019641,0.520114,Minotaur,minotaur(pow_w:0.50),1.43,2323,0
465,1,0xaadc5fea232580cb8fba739ac5d05a48559c7e52,30.356143,1772389569,1376e65562a7882981f7dc6ea450821bcdeb474322fa6bfa274d91bc567390b0,232,77.33,3.97,1,6,4,0.019648,0.520224,Minotaur,minotaur(pow_w:0.50),2.06,2324,0
465,2,0xeb82a21cb3d0dd781eb22ad74bb7cd9b4d2a06ec,46.957345,1772389570,efdb4727c090ff6fff0fac0b03900c021011fd66fd17135a4f7e7c9f404c0b76,114,57.00,4.44,1,6,5,0.019648,0.520224,Minotaur,minotaur(pow_w:0.50),1.68,2325,0
465,3,0x9bdb1c7ad4bd8fe797b07c08117c74a591dbab2d,16.430832,1772389572,7842418f7bce14d13929be8e427070f3eada1db4121a708a5ac114bb3a478c8f,95,95.00,4.04,1,6,4,0.019643,0.520260,Minotaur,minotaur(pow_w:0.50),1.04,2326,0
465,4,0x408bb0bf84df50b21c53c74420987f172d4036a1,17.787584,1772389574,0521cc5f2c82fb1529748e561899595dd5a2f4546b6ebc6b15307a9cac287ef8,219,109.50,3.68,1,5,4,0.019633,0.520066,Minotaur,minotaur(pow_w:0.50),1.52,2327,0
466,0,0xcb7977f4997b4252c0152e135dd79b3cfe35c1a5,32.637923,1772389576,bee16cd17897ab6ecb52691c7c4b2a1029ba20cdcc283fb7cf19ed1ec0d4798b,250,83.33,3.51,1,5,4,0.019633,0.520066,Minotaur,minotaur(pow_w:0.50),2.27,2328,0
466,1,0xa068e3c9a21c8d8be636cd2d285895979ec3262e,27.969671,1772389579,00113dbe70b1854c255b1e045a966e3591484767a4e0b9194388580b3aaac482,128,64.00,4.12,1,6,4,0.019628,0.520071,Minotaur,minotaur(pow_w:0.50),1.83,2329,0
466,2,0xe184aeec69f3313df03bef8752946c65f0a70021,3.050937,1772389580,572897c1896d423ec215980b500bdee56f1e2c4da6e21275537415a62b15b810,207,103.50,4.40,1,6,5,0.019622,0.520014,Minotaur,minotaur(pow_w:0.50),1.53,2330,0
466,3,0xbc3f8508d26048f2064aa8c068f4c94d08d77d18,64.124019,1772389582,59863ec5c2521b1e6fce463cbe18c02168375d4bd75d4cd2c24246860701c229,104,104.00,3.94,2,6,4,0.019606,0.519477,Minotaur,minotaur(pow_w:0.50),0.96,2331,0
466,4,0x07902d0371763a00d97ed9ba16ff0a206cb0fd19,44.571259,1772389584,9a44401ee9b8b9346d2d8de724b2bfce95d3369ecebc3ab51cebd346b761412f,213,71.00,4.22,1,6,4,0.019614,0.519605,Minotaur,minotaur(pow_w:0.50),2.41,2332,0
467,0,0x8c11ec9090dd820c076e57e899d9c604c79d6b32,44.596259,1772389587,bd1efe74b966e82b452f9f6c5d2d46574cdf24cdfe2a0dbbf93e16d7f3a8fd31,250,125.00,2.76,2,4,3,0.019614,0.519671,Minotaur,minotaur(pow_w:0.50),2.01,2333,0
467,1,0xa068e3c9a21c8d8be636cd2d285895979ec3262e,28.971671,1772389588,f0213e5eee95dc1856153655de97da0f28dd6178ee6ddb9343e51c1e68876097,120,60.00,4.21,2,6,4,0.019614,0.519728,Minotaur,minotaur(pow_w:0.50),1.35,2334,0
467,2,0xd67aaaf210c0c36ddcb7055222d168b5c9dd1b36,7.155481,1772389590,d68e351128cc956db65525dd3b120cbdf87c89c7ffce0e2550fc751d6aee6492,91,91.00,4.29,1,6,5,0.019608,0.519672,Minotaur,minotaur(pow_w:0.50),0.99,2335,0
467,3,0x9c39f7fffaa5c5cfab20dfdd05663497918580c1,9.397478,1772389592,b2a2156a195f2a93bbb32cf9ed41cc2c4fcd280418cd9fe6b034e1d115546b84,229,76.33,3.75,1,5,4,0.019594,0.519301,Minotaur,minotaur(pow_w:0.50),2.24,2336,0
467,4,0x7e40df5d801345015e84c843908efc6683665fa4,36.686839,1772389595,46a2fc7eaac3b999f1e9b14cb39dde41ef195d4e841c03e72a90ca299ecb0a27,250,125.00,3.98,1,6,4,0.019594,0.519301,Minotaur,minotaur(pow_w:0.50),2.00,2337,0
468,0,0x30509a8084fdfe6fe24d9c9a817c209ad194f8e3,88.774489,1772389596,24d2e75544fa8930cd017730c5a6f93d5d704023e561cecb99ab02d3892240a8,121,60.50,3.63,2,5,4,0.019581,0.518968,Minotaur,minotaur(pow_w:0.50),1.47,2338,0
468,1,0x53be6e527cc5a7d850b5eae27b9cef342e0665f2,3.002416,1772389598,8075beeb3746896a8f6cf8b20d86af7158d15c90d1cb2b1e7a384c25450ebf00,110,110.00,3.35,1,5,3,0.019594,0.519188,Minotaur,minotaur(pow_w:0.50),0.98,2339,0
468,2,0x1cb1274c711a6c2e4e1596846e6ac604eeefb358,14.386931,1772389600,b44bf8d25409cca188845f2a36621dda336decaef783e9dc14cd110fb6cc090c,223,111.50,3.49,1,5,4,0.019579,0.518642,Minotaur,minotaur(pow_w:0.50),1.24,2340,0
468,3,0x016d3fc36beee7caa8fbd6c1caa42461dd7f9850,8.847769,1772389603,8b00c07e59b847a2237fc27c43d40e21362ffc2037d160d1e0d038ec9fffa1b9,250,83.33,3.63,1,5,4,0.019567,0.518429,Minotaur,minotaur(pow_w:0.50),1.95,2341,0
468,4,0xa447d277b02012c2afd9ddcbbe123f27cc971963,27.805115,1772389604,9b0f94be09227706f6ce42a46474ad4a7e5e0dd51a856673b1f5ca7eee570fd8,103,51.50,3.16,1,5,3,0.019567,0.518429,Minotaur,minotaur(pow_w:0.50),1.40,2342,0
469,0,0x719361397abe003a91af76243e5f9c7a0cd4279f,70.613316,1772389606,e6d0733bd0427c7ef4e4c868cd838a2378555114d84342ba442b720f482c31cc,99,99.00,3.62,2,5,4,0.019548,0.518019,Minotaur,minotaur(pow_w:0.50),1.00,2343,0
469,1,0xd46407aa7b668c72de3cf1c1a12b7fa2e308a1b2,44.011329,1772389608,b8fbbf73e1d2d46ee3310e0fd4a780f36c44cf8ce4d3f997e384cc6539a37937,187,93.50,3.66,1,5,4,0.019557,0.518190,Minotaur,minotaur(pow_w:0.50),1.32,2344,0
469,2,0x606627477c3734932f47972f83c27cf4e3b35b4f,65.446877,1772389611,5228de62549e975198bf8b67a84269e84b3b611c8defd866f786997bbad74c74,250,83.33,3.80,1,5,4,0.019557,0.518239,Minotaur,minotaur(pow_w:0.50),2.04,2345,0
469,3,0x4a217e35f6402e7f62a49f6d62e27c6585c2f3fd,49.529787,1772389612,d128843728cd2a50a68ad46ff308fd13e3f90a715a3cfd1b419639b604eba21b,123,61.50,3.69,1,5,4,0.019565,0.518384,Minotaur,minotaur(pow_w:0.50),1.54,2346,0
469,4,0xdcf2130496e27a8094ab996aea4aa77788d65869,76.587587,1772389614,4a6ed1fc6f9aec9b1c4e25f569e675d2f1a483a77136263bc070ffad73d84aae,107,107.00,3.70,1,5,4,0.019567,0.518476,Minotaur,minotaur(pow_w:0.50),1.00,2347,0
470,0,0x213068cb42718d1dd6d00a6d94d62a3def0e68eb,12.345609,1772389616,84a67bde5416907230cffc450865496e3c825f7c6a52fbcfad89ef90ebb409e6,192,96.00,3.91,1,5,4,0.019579,0.518662,Minotaur,minotaur(pow_w:0.50),1.46,2348,0
470,1,0xb2a7fe70a6f3137d38f6cb4c3ec6dd1e24f2d5f4,32.433608,1772389618,63a5580e238d77dcd6cb9ce950e54c663dab78db6a9869de644808c423080687,250,83.33,3.58,1,5,4,0.019567,0.518399,Minotaur,minotaur(pow_w:0.50),2.17,2349,0
470,2,0x6064b9f5883bf9737dfe314ff68c56e09e68ac89,32.198619,1772389621,4557cfc20195dcf7e81c1de519f31421235e3f9b4df956a993afa3ed65c6aacd,129,64.50,4.20,1,6,4,0.019562,0.518394,Minotaur,minotaur(pow_w:0.50),1.72,2350,0
470,3,0xa3786e459f289a76c0e8af8ad834e3d0c6d47199,76.807463,1772389622,a0d1d9af2f2e2124bf1c7d1eab68e168b824cff56d755f5a8778dbb1b2979d1a,197,98.50,3.84,1,5,4,0.019558,0.518379,Minotaur,minotaur(pow_w:0.50),1.61,2351,0
470,4,0x30509a8084fdfe6fe24d9c9a817c209ad194f8e3,89.775209,1772389624,65314913c59481d92c43508b156bdecd5376f6648ff2d065a1753f9efb9fd899,104,104.00,4.21,1,6,4,0.019570,0.518559,Minotaur,minotaur(pow_w:0.50),0.97,2352,0
471,0,0xb990cdf21950e6086c350175c4bc504e45858230,3.082148,1772389626,b5d1899f503dddd3834a4ecc8fae98aeae4b23349f7eff92b911e23e57d378cd,245,81.67,3.37,1,5,3,0.019587,0.518764,Minotaur,minotaur(pow_w:0.50),2.12,2353,0
471,1,0x8c11ec9090dd820c076e57e899d9c604c79d6b32,45.597029,1772389629,65fe8d42c4146400f1fc4b77f1fdcb5dd66fa3ea287276409ef0e93698dc9b37,188,94.00,3.99,1,5,4,0.019571,0.518218,Minotaur,minotaur(pow_w:0.50),1.73,2354,0
471,2,0xe478b1e4d1538274c0c70cbd7df877f9abab2f62,62.364986,1772389630,d7eba6c5c99ded09fa6114302317bff0402f3ab952447c41e0e236f82249faee,184,92.00,4.23,1,6,4,0.019572,0.518288,Minotaur,minotaur(pow_w:0.50),1.53,2355,0
471,3,0x63f4973c0df8a5358405f396dc0673a463c48de9,79.998337,1772389632,eeab9aca2a78ac359e2cde38d91015c42242c5330eef609f958823b71013c10f,116,116.00,3.98,1,5,4,0.019578,0.518399,Minotaur,minotaur(pow_w:0.50),0.98,2356,0
471,4,0xbc3f8508d26048f2064aa8c068f4c94d08d77d18,65.125669,1772389634,b6c75e16ba1d860544f8f16dbfbf7850c724cd8e32888725ab6120af775966d0,196,98.00,3.54,1,5,4,0.019591,0.518595,Minotaur,minotaur(pow_w:0.50),1.46,2357,0
472,0,0xc774b0fee7cabbef3b1ae14bf36db3df0d32c1df,21.160337,1772389637,40f1d4bcc9a919cee2d2813d37ac9a942c3f62d7030cc9dbf1fc812852c141eb,250,83.33,4.27,1,6,4,0.019591,0.518595,Minotaur,minotaur(pow_w:0.50),2.18,2358,0
472,1,0xe478b1e4d1538274c0c70cbd7df877f9abab2f62,63.366056,1772389638,387db07c7e26e018fad084bec2ac0a10a791d0796ff7223c371437ffe1b85c19,169,84.50,3.99,1,5,4,0.019583,0.518471,Minotaur,minotaur(pow_w:0.50),1.76,2359,0
472,2,0x30509a8084fdfe6fe24d9c9a817c209ad194f8e3,90.777539,1772389640,1e257155b64ea28ddbc6b62ef4599e36184e3ed9c58960508309828355021b02,99,99.00,3.97,1,6,4,0.019590,0.518589,Minotaur,minotaur(pow_w:0.50),0.99,2360,0
472,3,0xd46407aa7b668c72de3cf1c1a12b7fa2e308a1b2,45.013429,1772389642,125002cd12d722e7a5c7375d20afa3b02d2714a72a0e9137dd549384529460fc,189,94.50,3.28,1,5,3,0.019607,0.518793,Minotaur,minotaur(pow_w:0.50),1.29,2361,0
472,4,0xe6ebb0cdfd04183d498964e5efc4096ba77b17d6,69.368893,1772389644,bc6b859b9a1245d1621c25b5051951aaf5bbdbfa4f948960dc3c799086ab678b,232,77.33,3.75,1,5,4,0.019607,0.518846,Minotaur,minotaur(pow_w:0.50),2.18,2362,0
473,0,0xc4dc29db975b952e04358340e56b68fa4ba63fbc,25.546031,1772389647,3100d57d8e2ecf934752101cc4556dffd198c6c59dd6bebe55e5d7c5d576da63,250,125.00,4.06,1,6,4,0.019616,0.519006,Minotaur,minotaur(pow_w:0.50),1.92,2363,0
473,1,0x3513d672439a59c26cc5711f2b715ccb4810a774,31.302475,1772389648,732ea37b88e94a440a6bf45cff931e3694a511e61796c295a207bd017e0f76e1,108,54.00,3.75,2,5,4,0.019616,0.519007,Minotaur,minotaur(pow_w:0.50),1.10,2364,0
473,2,0x6d6b2734a20229ddd7fd4a1470ba3e3bad4e4a85,17.625394,1772389650,db34c74d34e3e640ddcbd17fe68a86f01673fd8ba820a83d3217d8f0b15545a5,81,81.00,3.86,2,5,4,0.019611,0.518976,Minotaur,minotaur(pow_w:0.50),0.98,2365,0
473,3,0x26d553a2f4343b3a7dc88bbd87b3d0a25d3838d9,63.295810,1772389652,f91841e3cb699f899d61bc751c82161a88c4552efe29cb52cb127cdbf165b012,223,111.50,3.63,1,5,4,0.019601,0.518807,Minotaur,minotaur(pow_w:0.50),1.31,2366,0
473,4,0x28672c71695142588ed26ada6f4b18b8b6c12308,18.679138,1772389654,295162ec586fe7c633004ec2b3d99704e48250702ac84bb06cdacd62ccc1bb46,250,83.33,3.81,1,6,4,0.019607,0.518916,Minotaur,minotaur(pow_w:0.50),2.08,2367,0
474,0,0xd46407aa7b668c72de3cf1c1a12b7fa2e308a1b2,46.015529,1772389657,3fa44047da47c44d28defde85617232d5f0c63f04da5223d740e1e5f29e614af,152,76.00,3.57,2,5,4,0.019598,0.518767,Minotaur,minotaur(pow_w:0.50),1.59,2368,0
474,1,0x9ba702916c26a8583a7f277d6932b3c0d9927ce0,6.163007,1772389659,bf3f971002b7807c440f9c0b37735213193a980dfd3d768c003ac04509761fcc,181,90.50,3.94,1,5,4,0.019598,0.518835,Minotaur,minotaur(pow_w:0.50),1.48,2369,0
474,2,0x52e05d9fa4faa167f30baba23c710e4f49115288,4.108639,1772389661,3fd8738c944f309d488cc16aa895638ae76ba29fd4837202d51679cda2ff349f,226,113.00,3.75,1,5,4,0.019584,0.518452,Minotaur,minotaur(pow_w:0.50),1.50,2370,0
474,3,0xa447d277b02012c2afd9ddcbbe123f27cc971963,28.805435,1772389663,707a6e6c4e20b7b5352e5b165ab962bac3307070e6f27c87876b46920eb7a7ba,220,73.33,3.86,1,6,4,0.019569,0.518001,Minotaur,minotaur(pow_w:0.50),2.28,2371,0
474,4,0xeb82a21cb3d0dd781eb22ad74bb7cd9b4d2a06ec,47.957185,1772389666,f2bccbc12df408798c5bdd9b71656a97a7c90dbd70265f757aa7cb28d96576fb,197,98.50,3.54,1,5,4,0.019563,0.517938,Minotaur,minotaur(pow_w:0.50),1.80,2372,0
475,0,0xb2a7fe70a6f3137d38f6cb4c3ec6dd1e24f2d5f4,33.434448,1772389667,abf8cab0c27a164670a504fb7ca6b8781f7d9530cd0ccd40a742ee88d24ef4c6,196,98.00,4.10,1,6,4,0.019564,0.518021,Minotaur,minotaur(pow_w:0.50),1.52,2373,0
475,1,0x81193196c1dbdbf80709d43a5af5ce21c201fbd7,12.816959,1772389669,db6b79ebb5b2d91bf6ff8333ca165b223e28b509ae7aef1e72efeed052dfa46b,103,103.00,4.18,1,6,4,0.019559,0.518025,Minotaur,minotaur(pow_w:0.50),0.97,2374,0
475,2,0xeaa5003682d7289190651081ae2bee847097afc5,40.789895,1772389671,9ee7ca59cd21922f04a6ca116e9ed5e4c35f2c7e5b96deeb45151b968e87b010,209,69.67,3.81,1,5,4,0.019547,0.517776,Minotaur,minotaur(pow_w:0.50),2.24,2375,0
475,3,0xa3786e459f289a76c0e8af8ad834e3d0c6d47199,77.808023,1772389674,873389729e677a2ddea9d540cbcca885d9790d07935b6d44f6b7e277e94cd39a,239,119.50,4.19,1,6,4,0.019546,0.517804,Minotaur,minotaur(pow_w:0.50),2.05,2376,0
475,4,0x2abf89d7c96c80fcff9dec1fe92803573094ee35,11.201045,1772389675,7bb33bc6eb99fa4b5f2bc6d82cbd76b6158684b2669aa7125842a08b89c14aa2,115,57.50,4.39,2,6,5,0.019558,0.517990,Minotaur,minotaur(pow_w:0.50),1.37,2377,0
476,0,0xcb7977f4997b4252c0152e135dd79b3cfe35c1a5,33.638213,1772389677,9fbb593306c7705e695aae4005177d9bf24fd85dc52d81b942ccd570448b48ee,106,106.00,3.73,2,6,4,0.019546,0.517703,Minotaur,minotaur(pow_w:0.50),1.00,2378,0
476,1,0x95ab54d268473cce82094026afefdbd5cadf418b,32.601958,1772389679,435f8bf5f6314657ebda34976d5f563db4f98d4f14c96ccc6544cb4bdcae6be2,180,90.00,4.34,1,6,4,0.019541,0.517702,Minotaur,minotaur(pow_w:0.50),1.44,2379,0
476,2,0x60705151f1f537cacd5b801f3ef1b31dc3f605de,5.265394,1772389682,c6f243db47294da4d1a86e8aba41dbd5e9bbde4eaab8ec34d1d01c99e7e68739,240,80.00,4.31,1,6,4,0.019537,0.517685,Minotaur,minotaur(pow_w:0.50),2.18,2380,0
476,3,0xac768e60b9269babb15cb1e36ee843243d7c7543,67.788298,1772389683,593bdd685fef226b2e648df74e4239e179d325df3a688bbc30edb9da94dd4449,143,71.50,4.28,2,6,4,0.019537,0.517685,Minotaur,minotaur(pow_w:0.50),1.60,2381,0
476,4,0x213068cb42718d1dd6d00a6d94d62a3def0e68eb,13.347449,1772389685,42458c113b7bcf362a01ac0261e98badf8a4d3c087cd1a572aca386af0f0144c,96,96.00,3.80,1,6,4,0.019545,0.517837,Minotaur,minotaur(pow_w:0.50),1.00,2382,0
477,0,0x50f7fa851f9314d682e36da5caa4635039b5305d,1.061036,1772389687,d266c6aeee471d4c44486a98f57748eaf761c800796a8a2ef56a6187aa360116,185,92.50,3.73,2,5,4,0.019533,0.517599,Minotaur,minotaur(pow_w:0.50),1.46,2383,0
477,1,0xac61c91e7d24df824351a6c4e562a75f0cf646f8,7.218068,1772389689,24f351236b5771241d2f95923f0c726d532d158f5a7357bea0c8146f6c460fd2,250,83.33,3.25,1,5,3,0.019517,0.517022,Minotaur,minotaur(pow_w:0.50),2.16,2384,0
477,2,0x6064b9f5883bf9737dfe314ff68c56e09e68ac89,33.199739,1772389692,74d496ac772be340dca542d5ec749378a6b57aa3a9e9ed739c7bb8406c9e6305,159,79.50,4.09,1,5,4,0.019503,0.516652,Minotaur,minotaur(pow_w:0.50),1.63,2385,0
477,3,0x786f26993bf015cd2da6fb5d3ccd1879e01246ab,11.264382,1772389694,1f8a56ea8637caf8732e9a669a94a4b12bd2bf8a2b4acaddc7d5364394c898f3,182,91.00,3.86,1,6,4,0.019499,0.516638,Minotaur,minotaur(pow_w:0.50),1.58,2386,0
477,4,0x4a217e35f6402e7f62a49f6d62e27c6585c2f3fd,50.529997,1772389696,ec5187f4cb8a6cf1928caeb01a709c1c2a906ea583aa285aa62de7b74905cde6,193,96.50,4.08,1,5,4,0.019487,0.516345,Minotaur,minotaur(pow_w:0.50),1.47,2387,0
478,0,0xe184aeec69f3313df03bef8752946c65f0a70021,4.050787,1772389698,052b45b0f2c2f816aff4343427eaf6c6b5202e5fd3b78492a028d5230710b3ef,232,77.33,3.50,1,5,4,0.019489,0.516437,Minotaur,minotaur(pow_w:0.50),2.27,2388,0
478,1,0x89100a8056319ba37491b32ba255004180607bc2,57.842357,1772389701,2d515850ca71b52ee29e4bacab459c4e6d9f730323929e3549d85997132ce6ae,250,125.00,3.90,1,6,4,0.019474,0.515980,Minotaur,minotaur(pow_w:0.50),2.00,2389,0
478,2,0x408bb0bf84df50b21c53c74420987f172d4036a1,17.786304,1772389702,dd795e041fe99d359574a8eb7f1aad0c1859fdddcaa3821212ecdd3a43640916,145,72.50,3.95,2,6,4,0.019478,0.516080,Minotaur,minotaur(pow_w:0.50),1.54,2390,0
478,3,0x6414c6a8400ff3419cd81855d09de2848d770e0e,17.141036,1772389704,799f88cb6ac91702eea54bc498366a93b2d2db7ba39715ae3111be80e992ed36,100,100.00,3.65,2,5,4,0.019468,0.515909,Minotaur,minotaur(pow_w:0.50),1.00,2391,0
478,4,0xcdc82b7c868072205a399d0f68e6e3ad3bfd1ca6,5.170041,1772389706,f2ef8525b1212fedc287bb435b11689d7610b1f52303fec3e8b30457205914ce,198,99.00,3.81,1,6,4,0.019458,0.515725,Minotaur,minotaur(pow_w:0.50),1.46,2392,0
479,0,0xeb82a21cb3d0dd781eb22ad74bb7cd9b4d2a06ec,48.958705,1772389709,d8600f68f53d8cabba750ebbdae89f69abeb422b206a329a3d415f85218cfeb4,250,83.33,3.60,2,5,4,0.019444,0.515329,Minotaur,minotaur(pow_w:0.50),2.09,2393,0
479,1,0xa447d277b02012c2afd9ddcbbe123f27cc971963,29.806975,1772389710,ccd6f1af80e4ee8b7b5f302a7610a1fae5548248cab01988c8d819d3107ce172,164,82.00,4.20,2,6,4,0.019444,0.515329,Minotaur,minotaur(pow_w:0.50),1.80,2394,0
479,2,0xac768e60b9269babb15cb1e36ee843243d7c7543,68.788938,1772389712,cea199585c7e7de57708d7e3cbf113f4470668c55cbe3e299b7d642576cf4117,99,99.00,3.48,1,5,3,0.019440,0.515358,Minotaur,minotaur(pow_w:0.50),1.01,2395,0
479,3,0x7e40df5d801345015e84c843908efc6683665fa4,37.686829,1772389714,60a204880af73c100b3e30deb61a6c74f61469a48ff2723d3fdf0b386163c268,208,104.00,4.04,1,6,4,0.019448,0.515510,Minotaur,minotaur(pow_w:0.50),1.50,2396,0
479,4,0x34412315480562da4810040fd15c81f99880e1ab,22.889773,1772389716,9d5c82b0440c275a6f7afd6ee44a9f2f97b65240b67acb1339694f4ed309f0a3,250,83.33,3.43,1,5,3,0.019445,0.515525,Minotaur,minotaur(pow_w:0.50),2.19,2397,0
480,0,0xb2a7fe70a6f3137d38f6cb4c3ec6dd1e24f2d5f4,34.434988,1772389719,0e6f18c2a1a803b6eb4b7081843018af2a36e6c16d2d7551891826156e1db7f5,222,111.00,4.01,1,6,4,0.019437,0.515421,Minotaur,minotaur(pow_w:0.50),1.84,2398,0
480,1,0x30509a8084fdfe6fe24d9c9a817c209ad194f8e3,91.778619,1772389721,2cd1187e5ae32b2275617eeb244371e72f45734618fac317decd18b050f844fc,198,99.00,4.33,1,6,4,0.019433,0.515426,Minotaur,minotaur(pow_w:0.50),1.53,2399,0
480,2,0x63f4973c0df8a5358405f396dc0673a463c48de9,80.999537,1772389723,f18240f0b7a8584228b5054d8bdafd059982ea6f56ae74a52b149a771559272f,197,98.50,3.37,1,5,4,0.019450,0.515628,Minotaur,minotaur(pow_w:0.50),1.44,2400,0
480,3,0x26d553a2f4343b3a7dc88bbd87b3d0a25d3838d9,64.297580,1772389725,77fd50a70294f26872a75140e67ece9e232c5f3d25062dc37f381b6d273c349d,230,76.67,3.64,1,5,4,0.019463,0.515822,Minotaur,minotaur(pow_w:0.50),2.14,2401,0
480,4,0x6d6b2734a20229ddd7fd4a1470ba3e3bad4e4a85,18.626884,1772389728,bd2e7ff8f6b6e3bacb0e6676cc08ad41927280ef2ac415d8e624ea1f82a02686,212,106.00,3.83,2,5,4,0.019470,0.515941,Minotaur,minotaur(pow_w:0.50),1.81,2402,0
481,0,0xdcf2130496e27a8094ab996aea4aa77788d65869,77.588377,1772389729,0e1bb098905a98e82108c44cf898ccf4ca4ffe0037907c04edf956619ae8e80f,194,97.00,3.74,2,5,4,0.019470,0.515942,Minotaur,minotaur(pow_w:0.50),1.47,2403,0
481,1,0x6d6b2734a20229ddd7fd4a1470ba3e3bad4e4a85,18.626844,1772389731,ff2045be2c2449825bea57608a8a0918f075d159b0d5228a64e6cfda3431e82d,84,84.00,3.92,1,5,4,0.019482,0.516118,Minotaur,minotaur(pow_w:0.50),0.98,2404,0
481,2,0xcdc82b7c868072205a399d0f68e6e3ad3bfd1ca6,6.172361,1772389733,4d327fdd058ddd72b37e9767167460e92fafc6ac2c9ae70455aa6c01c9b628c4,250,83.33,3.69,1,5,4,0.019472,0.515961,Minotaur,minotaur(pow_w:0.50),2.28,2405,0
481,3,0x8d9e46becf415ca26aa698c9657087e6554aabda,12.362966,1772389736,6218830c9fe454db6d45e27ade7191ea895378c58691774bd981555c2d56b414,233,116.50,3.56,1,5,4,0.019458,0.515576,Minotaur,minotaur(pow_w:0.50),1.95,2406,0
481,4,0x016d3fc36beee7caa8fbd6c1caa42461dd7f9850,9.847159,1772389737,a4dd461f57e7eff160a801f449957e3b39f2e7ca178871ae8ea2a9c725dd6a34,201,100.50,3.76,1,5,4,0.019446,0.515307,Minotaur,minotaur(pow_w:0.50),1.56,2407,0
482,0,0x0d91704595bff3aec25d40822498a51c62b05e3a,19.558336,1772389739,5c94528cb2979bd09eac0d0484d00ef303d10ec0364b966b35e55b632c8a1d3a,115,115.00,3.09,1,4,3,0.019433,0.514985,Minotaur,minotaur(pow_w:0.50),0.96,2408,0
482,1,0x1796dc61e715f15a2d27dfa32bd34780f12a8c24,41.750541,1772389741,a17d84709d9855737ee9a7fb973d16bfcd005be47aadc542234cf8690a9ddcb0,219,109.50,3.21,1,5,3,0.019424,0.514846,Minotaur,minotaur(pow_w:0.50),1.14,2409,0
482,2,0x213068cb42718d1dd6d00a6d94d62a3def0e68eb,14.348799,1772389744,c859a1cbb60a28ce908b3f7d47666aa32340e3e7e83fd4eed71e828b408e98e3,220,73.33,3.31,2,5,3,0.019424,0.514847,Minotaur,minotaur(pow_w:0.50),1.80,2410,0
482,3,0xa447d277b02012c2afd9ddcbbe123f27cc971963,30.807685,1772389745,9f90b0ff6fe5429053d2f684bbe980030d40751d722199d6775e2607e01ae264,177,88.50,3.67,2,5,4,0.019424,0.514847,Minotaur,minotaur(pow_w:0.50),1.51,2411,0
482,4,0x52e05d9fa4faa167f30baba23c710e4f49115288,5.109979,1772389747,7d1a162588a5698e02654e0bcb7c52bd2147f66fc7a05b3359c13850b0fd63f9,91,91.00,3.60,2,5,4,0.019408,0.514588,Minotaur,minotaur(pow_w:0.50),1.00,2412,0
483,0,0x49b57eb4dace37c8819daf079c9c674f766d4f38,41.257860,1772389749,c642ace6fa3ed236f3d190c5a3eba5592bf607741132d7da9f0b637d5c4be590,215,107.50,4.01,1,6,4,0.019393,0.514186,Minotaur,minotaur(pow_w:0.50),1.41,2413,0
483,1,0x606627477c3734932f47972f83c27cf4e3b35b4f,66.446777,1772389752,71143fb4d02d97b13a5e64fce31298b665aa360bde85b040f3f9bc3be9cff20c,250,83.33,3.80,1,6,4,0.019393,0.514186,Minotaur,minotaur(pow_w:0.50),2.06,2414,0
483,2,0x26d553a2f4343b3a7dc88bbd87b3d0a25d3838d9,65.299530,1772389753,92eb576f55560d857e6449a5b504fa8b0bb48793e12a557d8271d7270ac31588,132,66.00,3.78,1,5,4,0.019399,0.514360,Minotaur,minotaur(pow_w:0.50),1.68,2415,0
483,3,0xd46407aa7b668c72de3cf1c1a12b7fa2e308a1b2,47.016359,1772389755,1838264c73f75f53bc95a47142749bddd790b92d143e9c27f28e1c6825d14d6d,104,104.00,3.77,1,5,4,0.019407,0.514494,Minotaur,minotaur(pow_w:0.50),1.00,2416,0
483,4,0x5cd626f4b83428b146919d30f4b3e481d259a9dc,4.034353,1772389757,c2b36c8896ebed5fe209fec033b5449e42362c9dfdc34dc38c117b856402c077,202,101.00,3.79,1,5,4,0.019407,0.514569,Minotaur,minotaur(pow_w:0.50),1.50,2417,0
484,0,0xa447d277b02012c2afd9ddcbbe123f27cc971963,31.808495,1772389759,1c69bbf49f2b355a3da0a40401c796675063ff3781732f1b164cbbc08e549f26,234,78.00,3.90,1,6,4,0.019392,0.514109,Minotaur,minotaur(pow_w:0.50),2.17,2418,0
484,1,0x81d019380961f92c2031b0a7fba69f7675145088,24.488223,1772389762,a9ced5c740a17e540843f02a765eba92e08a72159b837ed13ef53956a816e105,204,102.00,3.53,1,5,4,0.019388,0.514078,Minotaur,minotaur(pow_w:0.50),1.81,2419,0
484,2,0x0d91704595bff3aec25d40822498a51c62b05e3a,20.560326,1772389763,039bc4416bab2247b89f0d89c998dd1accf35332b5a788955c97d6b9de5621b2,201,100.50,3.71,1,5,4,0.019388,0.514078,Minotaur,minotaur(pow_w:0.50),1.51,2420,0
484,3,0xac768e60b9269babb15cb1e36ee843243d7c7543,69.790498,1772389765,fe82bdc1d2a7c95d506a04b5f2e52e48349ea62a4780be341544b401377b8b4a,89,89.00,3.30,1,5,3,0.019379,0.513951,Minotaur,minotaur(pow_w:0.50),0.97,2421,0
484,4,0x8c11ec9090dd820c076e57e899d9c604c79d6b32,46.597369,1772389767,dd55ff9015d62df6fdef9ac16821a8b3f941450e824595cb5f9b4a7776630dc5,250,83.33,3.98,1,6,4,0.019387,0.514105,Minotaur,minotaur(pow_w:0.50),2.31,2422,0
485,0,0x606627477c3734932f47972f83c27cf4e3b35b4f,67.447867,1772389770,bd5a639f230c76b4a794fc84f7b527c5898da234cefffbca3a014e7800bf44a8,244,122.00,3.99,1,6,4,0.019388,0.514171,Minotaur,minotaur(pow_w:0.50),1.95,2423,0
485,1,0xa068e3c9a21c8d8be636cd2d285895979ec3262e,29.970851,1772389771,a0bac266fffae3de93e0d4a4403b3339c1eb24f331d624d3e843d4cfcc9c1e05,109,54.50,3.75,2,5,4,0.019388,0.514171,Minotaur,minotaur(pow_w:0.50),1.56,2424,0
485,2,0x4a217e35f6402e7f62a49f6d62e27c6585c2f3fd,51.531427,1772389773,5a7a7522b3bc89dd5004250837c73e38581dade7f47b192d577decda9e58defd,93,93.00,4.26,1,6,4,0.019382,0.514111,Minotaur,minotaur(pow_w:0.50),1.00,2425,0
485,3,0xe6ebb0cdfd04183d498964e5efc4096ba77b17d6,70.370213,1772389775,2706118c5f6fc18f76a83b6003e521bb39ab8bb036bff6184a357e65fd745625,228,76.00,3.61,1,5,4,0.019384,0.514203,Minotaur,minotaur(pow_w:0.50),2.29,2426,0
485,4,0x2abf89d7c96c80fcff9dec1fe92803573094ee35,12.201125,1772389778,ef55152f56b542d535a1a1c010b403f9bbe31370056e8bad1422de5838afbe86,234,117.00,4.11,2,6,4,0.019393,0.514358,Minotaur,minotaur(pow_w:0.50),1.99,2427,0
486,0,0xbc3f8508d26048f2064aa8c068f4c94d08d77d18,65.124269,1772389779,ca385fe515d1ca72ff8f810b5c2202af8f70efbf09fbac0e75da00eb6f24efe3,124,62.00,3.66,1,5,4,0.019381,0.514080,Minotaur,minotaur(pow_w:0.50),1.47,2428,0
486,1,0xc24b36dee27726233c3bbd9e1f028f98b6b2a424,31.417179,1772389781,ead999a79d97de5b4f054a67533616dbdcdbcc55a999f41fb03bc7c34d09d1ce,108,108.00,4.34,1,6,4,0.019388,0.514205,Minotaur,minotaur(pow_w:0.50),1.00,2429,0
486,2,0x9bdb1c7ad4bd8fe797b07c08117c74a591dbab2d,17.431022,1772389783,f14ee1475dd43bc53077ac8c141460902950ed1a941f47663d280098046318d4,211,105.50,3.96,1,6,4,0.019383,0.514163,Minotaur,minotaur(pow_w:0.50),1.44,2430,0
486,3,0x58a21eeb7ab18ba8adf1296e66a4487076e95dac,65.164434,1772389785,2cf63f812f61dace528f7cc40478a549b5c9abf51022bfa0dd32fcb38bfe3b9e,248,82.67,3.67,1,5,4,0.019373,0.513978,Minotaur,minotaur(pow_w:0.50),2.10,2431,0
486,4,0x58a21eeb7ab18ba8adf1296e66a4487076e95dac,66.166004,1772389787,ff2c4968b6119a469d0dea524895d52f9499761c514e189ed4ca5e730a4ddaa3,157,78.50,4.04,1,6,4,0.019380,0.514095,Minotaur,minotaur(pow_w:0.50),1.66,2432,0
487,0,0x606627477c3734932f47972f83c27cf4e3b35b4f,67.447697,1772389789,24e2e54067d7745a0cc4aba13c77ccc3eb33c0a071678462913e9126f1ffcc07,101,101.00,3.92,2,6,4,0.019388,0.514227,Minotaur,minotaur(pow_w:0.50),1.01,2433,0
487,1,0x71f297f96355f349d66f0e9b681e7d4e11224660,1.124760,1772389791,a15d08934cd1816a61af9f34c694caac1aa5383394898ab577f9e853cb9d96e2,198,99.00,3.65,2,5,4,0.019395,0.514369,Minotaur,minotaur(pow_w:0.50),1.43,2434,0
487,2,0x34412315480562da4810040fd15c81f99880e1ab,23.891113,1772389793,c99ce1d0e157abf49e8684990cfd72332c994bb5a3de70b9fc57b443fb17f038,227,75.67,3.86,1,5,4,0.019380,0.513797,Minotaur,minotaur(pow_w:0.50),2.22,2435,0
487,3,0xbc3f8508d26048f2064aa8c068f4c94d08d77d18,66.125249,1772389796,8238ba8fe8b1896d32e75e0304f17353eb10642be77e688a8e335f74e4d07ecd,245,122.50,3.98,1,6,4,0.019372,0.513699,Minotaur,minotaur(pow_w:0.50),1.91,2436,0
487,4,0xeaa5003682d7289190651081ae2bee847097afc5,41.791075,1772389797,5a236c9b5ae885271bfae06d9ff10714e5111c9abda43f57cee6b9a50e3213ee,202,101.00,4.27,1,6,4,0.019379,0.513822,Minotaur,minotaur(pow_w:0.50),1.41,2437,0
488,0,0x6414c6a8400ff3419cd81855d09de2848d770e0e,18.141986,1772389799,f42faa2d8eeccc5caa21be524b1265b330b3cf314a13152bd28d1b8d33ddfce3,118,118.00,4.26,1,6,4,0.019378,0.513859,Minotaur,minotaur(pow_w:0.50),1.00,2438,0
488,1,0xdcf2130496e27a8094ab996aea4aa77788d65869,78.588367,1772389801,dd88f1d872f572031afa7b4f6cb3c833b8f4cbcc146398956bb5762e68a3425a,208,69.33,3.95,1,6,4,0.019368,0.513686,Minotaur,minotaur(pow_w:0.50),2.37,2439,0
488,2,0x58a21eeb7ab18ba8adf1296e66a4487076e95dac,67.166824,1772389804,46e9f72abdaae54eada69ccc0e59e8fa4c5b32947efc1ef45f60890d5e55f44e,250,125.00,3.82,1,6,4,0.019380,0.513867,Minotaur,minotaur(pow_w:0.50),2.07,2440,0
488,3,0xeaa5003682d7289190651081ae2bee847097afc5,42.792205,1772389805,0fae76b3ce11ddb7906635c9c9a3de03bdf90d88b09a684e37b6f1e679d27d54,128,64.00,4.02,1,5,4,0.019380,0.513867,Minotaur,minotaur(pow_w:0.50),1.59,2441,0
488,4,0xdcf2130496e27a8094ab996aea4aa77788d65869,79.590787,1772389807,97332a59e4628cb7536e9e360276d8bbfacee50b9558f0bafa2769e2e4d0c903,111,111.00,4.41,1,6,5,0.019386,0.514040,Minotaur,minotaur(pow_w:0.50),0.97,2442,0
489,0,0xa9105f442328d397529b8e4e9e656fa89016ff45,15.452774,1772389809,e40e6c116a124157b26395d33e1aeccab964edf7249cb8d7fd492a0ae63b623e,195,97.50,3.82,1,5,4,0.019398,0.514223,Minotaur,minotaur(pow_w:0.50),1.37,2443,0
489,1,0x9bdb1c7ad4bd8fe797b07c08117c74a591dbab2d,18.433272,1772389812,1fc354cdc021ba4aed649f84c7cd94fac51e82d09b0981542927460e8f146d16,250,83.33,3.72,1,5,4,0.019387,0.514029,Minotaur,minotaur(pow_w:0.50),2.15,2444,0
489,2,0xe478b1e4d1538274c0c70cbd7df877f9abab2f62,64.365386,1772389813,0039713beb6bb7c348c0925dc59cf0682eb449d327358ae43466679ecc8e7b16,126,63.00,3.70,2,5,4,0.019378,0.513858,Minotaur,minotaur(pow_w:0.50),1.40,2445,0
489,3,0xac768e60b9269babb15cb1e36ee843243d7c7543,70.792368,1772389815,96e24f8fb5f347dd145066e262d3687c3c7837d703affa3ef73f1f22e2efff22,82,82.00,4.06,1,5,4,0.019384,0.513966,Minotaur,minotaur(pow_w:0.50),0.99,2446,0
489,4,0xaadc5fea232580cb8fba739ac5d05a48559c7e52,31.354963,1772389817,28cf345fda7a2495bd48a9f204f38df7969cde6f15a5bf8b2152fff810f0a890,208,104.00,3.88,1,6,4,0.019393,0.514120,Minotaur,minotaur(pow_w:0.50),1.45,2447,0
490,0,0x6d6b2734a20229ddd7fd4a1470ba3e3bad4e4a85,19.628504,1772389820,7b233f23687c99abef9d8d6b4775b437d808e048fad22fa900400a8ca0663e63,227,75.67,4.24,1,6,4,0.019388,0.514069,Minotaur,minotaur(pow_w:0.50),2.29,2448,0
490,1,0xe478b1e4d1538274c0c70cbd7df877f9abab2f62,65.366126,1772389821,5b545b6d7ef0f18e3ca3c30f780f6a1d5321bdd83fc2cfab8ce8372133461816,156,78.00,3.71,1,5,4,0.019378,0.513926,Minotaur,minotaur(pow_w:0.50),1.76,2449,0
490,2,0x28672c71695142588ed26ada6f4b18b8b6c12308,19.678958,1772389823,ffc90fc6a6f2833701d51aec9e72a7a014645522fbb4e9e0b62488050dc6cbba,97,97.00,4.03,1,6,4,0.019385,0.514034,Minotaur,minotaur(pow_w:0.50),0.99,2450,0
490,3,0xdcf2130496e27a8094ab996aea4aa77788d65869,80.592547,1772389825,ffdb4fd8805a30d5cf5cd3f12186f2f437890ace3d81b2d16032366b8a0ed927,199,99.50,3.62,1,5,4,0.019376,0.513884,Minotaur,minotaur(pow_w:0.50),1.48,2451,0
490,4,0x30405867b72597aaeb27803bb2c7f3f5fc7d5384,20.506454,1772389827,fb598d547a8896af899d6e53a800f9e3200560418cbbad79f39efe5006b72df9,242,80.67,3.84,1,5,4,0.019388,0.514067,Minotaur,minotaur(pow_w:0.50),2.12,2452,0
491,0,0x30405867b72597aaeb27803bb2c7f3f5fc7d5384,21.507714,1772389829,e7e90864c270afc766e9032fa43e871b1be3a50c4c3774002bb5ce14530f895a,126,63.00,3.63,1,5,4,0.019379,0.513929,Minotaur,minotaur(pow_w:0.50),1.50,2453,0
491,1,0xa5a12d96532497871d73549e55ab377e3dcb3a40,9.076162,1772389831,2ead1c2b691426ca634f7a94d1ec3d7c30bc531de074e027130b5136cbf1abe0,98,98.00,3.50,2,5,4,0.019371,0.513809,Minotaur,minotaur(pow_w:0.50),1.00,2454,0
491,2,0x1d1d2c63625de70b1e5ef40056bd2deb89d7fef2,0.023448,1772389833,d566f407d54f8a385a154d7773ff4e4b04f5c7cead38539501eef3a178cd2d57,164,82.00,4.10,1,6,4,0.019358,0.513474,Minotaur,minotaur(pow_w:0.50),1.49,2455,0
491,3,0x89100a8056319ba37491b32ba255004180607bc2,58.842407,1772389835,34763512f6ab37da772c8095a672e54d3864a296d83af687c5f9140eab288f8a,250,83.33,3.76,1,5,4,0.019358,0.513475,Minotaur,minotaur(pow_w:0.50),2.18,2456,0
491,4,0xac768e60b9269babb15cb1e36ee843243d7c7543,71.794278,1772389838,979e96e79e2d8b6d0451f9246a0e0b878cac0233635c48daca9f06fa182c62bd,135,67.50,3.94,1,5,4,0.019362,0.513574,Minotaur,minotaur(pow_w:0.50),1.70,2457,0
492,0,0xd67aaaf210c0c36ddcb7055222d168b5c9dd1b36,8.155231,1772389839,11862ca2c58bb1e6183d7e2a8c0c3bc7a6cf0daeee7a6d1373e8e45b076e5a50,183,91.50,3.93,1,6,4,0.019371,0.513739,Minotaur,minotaur(pow_w:0.50),1.57,2458,0
492,1,0x34412315480562da4810040fd15c81f99880e1ab,24.893103,1772389841,966e35e61aa7baa0afd465e9159bc21d07a4e02a0a949fd25bef6ade87908867,110,110.00,3.81,1,5,4,0.019358,0.513396,Minotaur,minotaur(pow_w:0.50),0.93,2459,0
492,2,0x4414c05be2cf328f38d2e3ef4b705d6b894f044a,46.122819,1772389843,a650ddf66fe7768f1b35c5709b531152d01658403a0621c63b304e81d7b1743f,223,74.33,3.86,1,6,4,0.019351,0.513314,Minotaur,minotaur(pow_w:0.50),2.24,2460,0
492,3,0xeb82a21cb3d0dd781eb22ad74bb7cd9b4d2a06ec,49.959225,1772389845,53aeb262a8d6641dbd89498eae282ff1b1871d346d1c3a8b0847bd03b93c6542,149,74.50,4.03,1,5,4,0.019351,0.513314,Minotaur,minotaur(pow_w:0.50),1.72,2461,0
492,4,0x606627477c3734932f47972f83c27cf4e3b35b4f,68.449137,1772389847,715212ff9c838aa50258b833e7b63a82d5d2dc77cdf0bc664e2103ac1b26d035,84,84.00,4.07,2,6,4,0.019352,0.513396,Minotaur,minotaur(pow_w:0.50),1.01,2462,0
493,0,0x016d3fc36beee7caa8fbd6c1caa42461dd7f9850,10.847339,1772389849,33888349f936250d2c25d80f3ce06f9e57a1169528b6a7031a594f7f1d3a9cac,203,101.50,3.55,1,5,4,0.019360,0.513537,Minotaur,minotaur(pow_w:0.50),1.44,2463,0
493,1,0x4414c05be2cf328f38d2e3ef4b705d6b894f044a,46.122729,1772389851,b03cb2d526c3b2238d6eb8454b6df18cdeed1b886471a1072e571f6fe5e17446,250,83.33,3.06,1,4,3,0.019348,0.513238,Minotaur,minotaur(pow_w:0.50),2.07,2464,0
493,2,0xeb82a21cb3d0dd781eb22ad74bb7cd9b4d2a06ec,50.960035,1772389854,320b237989332ff1c1a18243ad624f9be18f003db26a92218caa8ee65ee2f560,206,103.00,4.07,1,5,4,0.019348,0.513295,Minotaur,minotaur(pow_w:0.50),1.71,2465,0
493,3,0x4a217e35f6402e7f62a49f6d62e27c6585c2f3fd,52.532857,1772389855,f83e133fa4046789ade44ff20ec59a6844fcc837079e283b9b289328de6c96bc,174,87.00,4.13,1,6,4,0.019349,0.513377,Minotaur,minotaur(pow_w:0.50),1.55,2466,0
493,4,0x30509a8084fdfe6fe24d9c9a817c209ad194f8e3,92.779289,1772389857,074f163a14818f9f07e4465ba3e0723f342ae020a3ae3600f399e4207d8d76f6,107,107.00,3.60,1,5,4,0.019352,0.513468,Minotaur,minotaur(pow_w:0.50),0.97,2467,0
494,0,0x30509a8084fdfe6fe24d9c9a817c209ad194f8e3,93.781769,1772389859,1dbae8b6cb48327d910ea31052dc3d0560fbb8390a58504d1e545a8e835b9bc7,250,83.33,3.31,1,5,3,0.019368,0.513666,Minotaur,minotaur(pow_w:0.50),2.34,2468,0
494,1,0xe6ebb0cdfd04183d498964e5efc4096ba77b17d6,71.371773,1772389862,2f22c34f6df4d42ae6ecd36dcc4ad0969be12461aa8043f32a7c89a722da993d,250,125.00,3.36,1,5,3,0.019384,0.513864,Minotaur,minotaur(pow_w:0.50),1.93,2469,0
494,2,0xdcf2130496e27a8094ab996aea4aa77788d65869,81.594667,1772389863,88d8b95c578f50ecef11c334c7a455101b2ee9a8a75ad7fac65bd9b1b0e2074a,112,56.00,4.16,1,6,4,0.019393,0.514018,Minotaur,minotaur(pow_w:0.50),1.11,2470,0
494,3,0x28672c71695142588ed26ada6f4b18b8b6c12308,20.680498,1772389865,ea4d6a3bda3e2cadd4180b969b963284cceb7ba74dd2010945233d8239ca13f8,113,113.00,3.88,1,6,4,0.019405,0.514204,Minotaur,minotaur(pow_w:0.50),0.99,2471,0
494,4,0x49b57eb4dace37c8819daf079c9c674f766d4f38,42.259360,1772389867,2ba79ad2f44577f2c2c52747cb3fdea7a3f85daa0967749176ae6d8b77143477,203,101.50,3.59,1,5,4,0.019396,0.514063,Minotaur,minotaur(pow_w:0.50),1.43,2472,0
495,0,0x26d553a2f4343b3a7dc88bbd87b3d0a25d3838d9,66.299380,1772389870,c54528a4db9f0f4d9b9c3d7b7b8520b7fad929106aa0a6e426eb3f494bcb13f1,229,76.33,3.83,1,6,4,0.019394,0.514095,Minotaur,minotaur(pow_w:0.50),2.02,2473,0
495,1,0xeb82a21cb3d0dd781eb22ad74bb7cd9b4d2a06ec,51.961615,1772389871,c7e2040e339e91a891d8fe6421e6e39d27c56c69aab4d4da06379d2e86993096,196,98.00,3.83,1,6,4,0.019394,0.514095,Minotaur,minotaur(pow_w:0.50),1.69,2474,0
495,2,0x6064b9f5883bf9737dfe314ff68c56e09e68ac89,34.199959,1772389873,54fa178325f54ca0a83ba078309dc1d1512894097fb68e15e5771d7097dc7c75,97,97.00,3.96,1,6,4,0.019403,0.514291,Minotaur,minotaur(pow_w:0.50),1.00,2475,0
495,3,0xe6ebb0cdfd04183d498964e5efc4096ba77b17d6,72.372663,1772389875,c279fef5c10a584292babc1d517841fa61b0d5ad154b6bafdb58f79e72e87ba3,221,110.50,3.73,1,6,4,0.019399,0.514286,Minotaur,minotaur(pow_w:0.50),1.41,2476,0
495,4,0x9bdb1c7ad4bd8fe797b07c08117c74a591dbab2d,19.433852,1772389877,b5ee1d31e4fabde153a405f691901ee93dfd5e436fc2ae2e9c5767857012cfef,228,76.00,3.99,1,6,4,0.019408,0.514447,Minotaur,minotaur(pow_w:0.50),2.14,2477,0
496,0,0x49b57eb4dace37c8819daf079c9c674f766d4f38,43.261510,1772389880,bdf2ddfc497285d9053f450542c1274b20f695b66a5521d9272087df45c57f1c,138,69.00,3.84,1,5,4,0.019399,0.514288,Minotaur,minotaur(pow_w:0.50),1.64,2478,0
496,1,0x63f4973c0df8a5358405f396dc0673a463c48de9,82.000357,1772389882,0b1f144e374933cbb42174490ce677f8a9ef222f1a52585b1008f075aa863bc2,203,101.50,3.97,1,6,4,0.019397,0.514324,Minotaur,minotaur(pow_w:0.50),1.51,2479,0
496,2,0x89100a8056319ba37491b32ba255004180607bc2,59.843357,1772389884,49cc932f2fe14a9edd17ae4328e95a251c64630fb04d360e9b2cd598ec9dca2a,208,104.00,3.59,1,5,4,0.019409,0.514508,Minotaur,minotaur(pow_w:0.50),1.49,2480,0
496,3,0x07902d0371763a00d97ed9ba16ff0a206cb0fd19,45.570539,1772389886,0246bc6c91ad59c014335a5a9026774652450c3480353b663aeb2ddd4742e46c,206,103.00,3.87,1,6,4,0.019414,0.514605,Minotaur,minotaur(pow_w:0.50),1.47,2481,0
496,4,0xc339f8bf978200eb65afce6c7121402eda949097,1.033204,1772389889,a4e2a77d4a3a7bf65d9a63bf88a961365cf9153c895c2fe188111f8c4bfdfefc,250,83.33,2.75,1,4,3,0.019414,0.514653,Minotaur,minotaur(pow_w:0.50),2.03,2482,0
497,0,0xac768e60b9269babb15cb1e36ee843243d7c7543,72.795618,1772389890,a3fe7fdfe7f62f6a30c402672dea6e17295e57328b08ac8eea450142a4005698,140,70.00,4.22,1,6,4,0.019414,0.514654,Minotaur,minotaur(pow_w:0.50),1.46,2483,0
497,1,0x30509a8084fdfe6fe24d9c9a817c209ad194f8e3,94.783969,1772389892,d3f994d08d0d123c53923d9fcf802359a219ee29df64350c1b4eba8a181cd846,109,109.00,3.91,1,6,4,0.019407,0.514242,Minotaur,minotaur(pow_w:0.50),1.09,2484,0
497,2,0x07902d0371763a00d97ed9ba16ff0a206cb0fd19,46.572969,1772389894,f24496ddb57c9432d075d7b460996b81ab0e56748e848f4fad4bfb0a8cdf8637,205,102.50,3.24,1,5,3,0.019423,0.514438,Minotaur,minotaur(pow_w:0.50),1.40,2485,0
497,3,0x269cdf52f97e1d9f14b7be895155a7b294f0b21d,18.709843,1772389896,1933ae1112f2f8ba486f9d83a6a4b5be1ffedf066dcdc05e15ed71e0af47aab6,250,83.33,2.81,1,4,3,0.019423,0.514490,Minotaur,minotaur(pow_w:0.50),2.03,2486,0
497,4,0x408bb0bf84df50b21c53c74420987f172d4036a1,18.785314,1772389898,09a82d2644f9363691800e16871bb4e5b5279e879e68fa33752b5045ff189c40,133,66.50,3.68,2,5,4,0.019414,0.514320,Minotaur,minotaur(pow_w:0.50),1.29,2487,0
498,0,0x4a217e35f6402e7f62a49f6d62e27c6585c2f3fd,53.533457,1772389900,efc024c13cc3f32f1c86ea012eff37ed7eb3c5f56e7d111728ffd33342abe80c,98,98.00,3.69,1,5,4,0.019404,0.514144,Minotaur,minotaur(pow_w:0.50),1.01,2488,0
498,1,0xa5a12d96532497871d73549e55ab377e3dcb3a40,10.077262,1772389902,ddde9ccf01c225f7c0ba24427448dd236007b67b0eae74a38186197e078e2d10,202,101.00,3.63,1,6,4,0.019407,0.514233,Minotaur,minotaur(pow_w:0.50),1.58,2489,0
498,2,0x60705151f1f537cacd5b801f3ef1b31dc3f605de,5.263274,1772389904,4bc2d56a5eb85d83036494effb7f032fe9939a69bda867c7c60c61ca51dc934a,201,67.00,4.05,1,6,4,0.019394,0.513916,Minotaur,minotaur(pow_w:0.50),2.36,2490,0
498,3,0x58a21eeb7ab18ba8adf1296e66a4487076e95dac,68.167134,1772389907,184a9a289b5a76e67680e636d04ca55e79e599078f20deda39b627c337f835f3,250,125.00,4.12,1,6,4,0.019394,0.513917,Minotaur,minotaur(pow_w:0.50),2.02,2491,0
498,4,0x89100a8056319ba37491b32ba255004180607bc2,60.845217,1772389908,ac68f47922c3ec47ada45626b3109f70802d3eb92ec65c13759bc0f496323158,138,69.00,3.83,1,6,4,0.019380,0.513522,Minotaur,minotaur(pow_w:0.50),1.58,2492,0
499,0,0x49b57eb4dace37c8819daf079c9c674f766d4f38,44.263280,1772389910,a3cfd23bb4a2242d69e335cc8779b74a64731cd3bb240399e1c21de71dc81292,102,102.00,3.82,1,5,4,0.019385,0.513620,Minotaur,minotaur(pow_w:0.50),0.99,2493,0
499,1,0x07902d0371763a00d97ed9ba16ff0a206cb0fd19,47.575289,1772389912,a80c7a8cdbaeb13e9959aa2fb2ee51391b0e52c5dec98e6f6a231fe668bfc1c5,209,69.67,3.89,1,6,4,0.019384,0.513660,Minotaur,minotaur(pow_w:0.50),2.41,2494,0
499,2,0x63f4973c0df8a5358405f396dc0673a463c48de9,83.002037,1772389915,bbf19a99bc4921efdd8fff45ad65d3e574939dfb9d3d537cfbdd42c6c0b16c01,250,125.00,2.78,1,4,3,0.019385,0.513729,Minotaur,minotaur(pow_w:0.50),2.20,2495,0
499,3,0x8c11ec9090dd820c076e57e899d9c604c79d6b32,47.598189,1772389916,9a2798eedcf889b1ddb784064ee127dc66319728ba69516cac822621f7b7ec39,176,88.00,3.61,1,5,4,0.019397,0.513916,Minotaur,minotaur(pow_w:0.50),1.70,2496,0
499,4,0x282f43759e22b50aa7989261c51c367f325c3f91,14.331797,1772389918,d9c10cc4adfeee95aad3aac119f61131079c023767f9d16e0c030cf87d1d9e7a,96,96.00,4.22,1,6,4,0.019397,0.513977,Minotaur,minotaur(pow_w:0.50),0.99,2497,0
