epoch,slot,miner,proposer_stake,timestamp,block_hash,tx_count,throughput,avg_path_length,min_path_length,max_path_length,median_path_length,stake_concentration,gini_coefficient,consensus_type,consensus_state,avg_tx_delay_s,block_production_success,block_production_failed
0,2,0xac768e60b9269babb15cb1e36ee843243d7c7543,3.718328,1773042039,730a42a3237e21711b245d9c92f8913982209aab7464031634d1acb00c942cd1,1,0.00,1.00,1,1,1,0.024404,0.600012,TopoStake,pog(D=0_omega=0.80_beta=0.50),0.00,0,0
0,3,0x13f9dadc05f6c237b03411e2aed1800cf21a5d89,0.278054,1773042041,c1c1515478f8b88d5e953c5f8b5f17cfc76dc5020fafbe4b2c81cc778ff2d2aa,192,32.00,3.91,1,6,4,0.024751,0.603306,TopoStake,pog(D=0_omega=0.80_beta=0.50),2.49,1,0
0,4,0xa447d277b02012c2afd9ddcbbe123f27cc971963,1.809366,1773042043,e84c74aa6dba22e4b3c9a4d49072b0e64b3c1178001e79dad59862ff49c779a2,186,93.00,3.01,1,5,3,0.024418,0.599319,TopoStake,pog(D=0_omega=0.80_beta=0.50),2.45,2,0
1,0,0x7e40df5d801345015e84c843908efc6683665fa4,0.660111,1773042045,e8308ff19179dd1a0414bee6bd98d87cdd9eb3f15f3d82e4622f4818711b5897,192,96.00,3.42,1,5,3,0.024382,0.600093,TopoStake,pog(D=1_omega=0.80_beta=0.50),2.47,3,0
1,1,0x3513d672439a59c26cc5711f2b715ccb4810a774,1.292812,1773042047,048a239e3fed14a13db07cdc7da13b2b1be99db9921dfe72bf026e4653e7f752,190,95.00,3.47,1,5,3,0.024130,0.597878,TopoStake,pog(D=1_omega=0.80_beta=0.50),2.49,4,0
1,2,0x07902d0371763a00d97ed9ba16ff0a206cb0fd19,2.532918,1773042049,0bbc7279b27efc137a6e7d1ec52d0d3b7378fd42d36462d50193a49c08bf281d,204,102.00,3.86,1,5,4,0.023998,0.597464,TopoStake,pog(D=1_omega=0.80_beta=0.50),2.48,5,0
1,3,0x13f9dadc05f6c237b03411e2aed1800cf21a5d89,1.278392,1773042051,72e3ebb052c9c2eccbeba39ff34f0b4da355f21a9317409c4d2df15d1daf352e,204,102.00,2.79,1,4,3,0.024088,0.599268,TopoStake,pog(D=1_omega=0.80_beta=0.50),2.46,6,0
1,4,0x1796dc61e715f15a2d27dfa32bd34780f12a8c24,1.724713,1773042054,f36f30464dcd1d8341cfd5f957a4449d5ecd4b4de4507d1758631cd4b9bfc5f4,175,87.50,3.01,1,5,3,0.023951,0.598634,TopoStake,pog(D=1_omega=0.80_beta=0.50),2.52,7,0
2,0,0x311eb133eb413ac3f21249889bb101e5d40820ce,0.135201,1773042056,cb331e939ba4f6c427df9dd5612c261441410fa794e622a134e786d67f598057,223,111.50,3.30,1,5,3,0.023891,0.598819,TopoStake,pog(D=2_omega=0.80_beta=0.50),2.46,8,0
2,1,0x5cd626f4b83428b146919d30f4b3e481d259a9dc,0.075859,1773042058,61046ed4ae40257962bdb8a23bbaee3036e454d944ce7b3a37c6bcace8397ea4,209,104.50,3.56,1,5,4,0.023562,0.593907,TopoStake,pog(D=2_omega=0.80_beta=0.50),2.47,9,0
2,2,0x8c11ec9090dd820c076e57e899d9c604c79d6b32,1.566524,1773042060,e33da37f71f06360e7cc3d1d8718708f51fc7a4b240726663728d9071ae052b1,202,101.00,4.01,2,6,4,0.023231,0.588404,TopoStake,pog(D=2_omega=0.80_beta=0.50),2.41,10,0
2,3,0xac768e60b9269babb15cb1e36ee843243d7c7543,4.718679,1773042062,f78f9253f6ceeaed79bfb8c132022b2eb3f0fd68ee1eb5b0346272135bda2ddf,205,102.50,4.17,1,6,4,0.023150,0.588229,TopoStake,pog(D=2_omega=0.80_beta=0.50),2.39,11,0
2,4,0xe6ebb0cdfd04183d498964e5efc4096ba77b17d6,4.294607,1773042064,0adb32331443660e320d00fdb1ae59d52437dfe30c1faefe7cc71b1cf7493489,234,117.00,3.88,1,6,4,0.023571,0.591823,TopoStake,pog(D=2_omega=0.80_beta=0.50),2.40,12,0
3,0,0x282f43759e22b50aa7989261c51c367f325c3f91,0.353371,1773042066,bb39ffd3506f7179d2facc941439e674245cd142b0fe9038535a6cd3c87c4d5a,192,96.00,3.99,1,6,4,0.023907,0.595065,TopoStake,pog(D=3_omega=0.80_beta=0.50),2.30,13,0
3,1,0x9bdb1c7ad4bd8fe797b07c08117c74a591dbab2d,0.449124,1773042068,c7cf3152d24a116c276dc3e49d91e62115c9ba5c9e72a6bb3a70c13dfee461c0,217,108.50,3.92,2,5,4,0.023621,0.591387,TopoStake,pog(D=3_omega=0.80_beta=0.50),2.20,14,0
3,2,0xdcf2130496e27a8094ab996aea4aa77788d65869,4.506005,1773042070,4aca87f31e4c7dd65f22a481bb7f70e3aebc08f274838f37b892ee230d6301ca,215,107.50,3.59,1,5,4,0.023356,0.588050,TopoStake,pog(D=3_omega=0.80_beta=0.50),2.07,15,0
3,3,0xc774b0fee7cabbef3b1ae14bf36db3df0d32c1df,1.174397,1773042072,a37b3c62cc3804823c4db70f53bce87508806ac6d8b548d8a47d821cacf3ce96,217,108.50,3.95,1,5,4,0.023699,0.591181,TopoStake,pog(D=3_omega=0.80_beta=0.50),2.01,16,0
3,4,0x719361397abe003a91af76243e5f9c7a0cd4279f,3.544204,1773042074,1500c011acaf7eb8b7507ec5574b4db7594d72aad3d3ae00c7c93affd451a7c0,201,100.50,3.84,1,5,4,0.023541,0.590038,TopoStake,pog(D=3_omega=0.80_beta=0.50),1.83,17,0
4,0,0x2abf89d7c96c80fcff9dec1fe92803573094ee35,0.229301,1773042076,bb573a08b38c37978c0f2a1d05bc2b697ab8ead0c942335782e7c868acdc8880,200,100.00,3.87,1,5,4,0.023725,0.592609,TopoStake,pog(D=3_omega=0.80_beta=0.50),1.86,18,0
4,1,0x07902d0371763a00d97ed9ba16ff0a206cb0fd19,3.533982,1773042078,6ba3384f2071e56249e446249233a784e8b1b63dab0a5cd29d66d2194006250e,238,119.00,3.73,1,5,4,0.023431,0.588165,TopoStake,pog(D=3_omega=0.80_beta=0.50),1.76,19,0
4,2,0x60705151f1f537cacd5b801f3ef1b31dc3f605de,0.305744,1773042080,eb04b51d22fdec5482e3812960ec331032a9eca02f811b8f7c0d33caf715311a,205,102.50,2.79,1,4,3,0.023603,0.590539,TopoStake,pog(D=3_omega=0.80_beta=0.50),1.65,20,0
4,3,0xd39dbd3662315e3935ec08e6b6028e73b3c09de2,0.923570,1773042082,2d83ed8c583dd340971b70d21c50c3356e1b9c4ac3681bd054ad895c722a7cd9,182,91.00,3.93,1,6,4,0.023325,0.586408,TopoStake,pog(D=3_omega=0.80_beta=0.50),1.54,21,0
4,4,0x687bf2437a044a3e42ff2f8a79a8e54ba9601f70,1.066804,1773042084,a83d0cf5a24a665f3c590686ed49542bc9e48dcffd91568fc6da826f41cf863e,182,91.00,4.52,1,6,5,0.023136,0.584519,TopoStake,pog(D=3_omega=0.80_beta=0.50),1.71,22,0
5,0,0x016d3fc36beee7caa8fbd6c1caa42461dd7f9850,0.880551,1773042086,ccca823e64dc677e2c1a1cfee5dce8e0afe2fab8f559d3ae26dad1f2241fd36c,203,101.50,3.81,1,5,4,0.022968,0.582907,TopoStake,pog(D=3_omega=0.80_beta=0.50),1.63,23,0
5,1,0x269cdf52f97e1d9f14b7be895155a7b294f0b21d,0.726413,1773042088,9b3dc7492ccf77c85974d764aa1a942a9d7eb7b24a812fe8d6e8781a9b041ca2,190,95.00,3.02,1,4,3,0.022779,0.580671,TopoStake,pog(D=3_omega=0.80_beta=0.50),1.51,24,0
5,2,0x075e1d95c7891e1c00414ca1aa9a7a8cf6270019,0.142094,1773042090,1439a7da2826168a82b9a0551c586ef1d50924ebf26f9b85c81be5250ce8761d,198,99.00,3.57,1,5,4,0.022573,0.577905,TopoStake,pog(D=3_omega=0.80_beta=0.50),1.47,25,0
5,3,0xbc3f8508d26048f2064aa8c068f4c94d08d77d18,3.068491,1773042092,73dca11f0eb02d9d3e82cfd6fd01a10cf271e514547795ab892383386dc89ced,181,90.50,3.13,1,5,3,0.022297,0.572894,TopoStake,pog(D=3_omega=0.80_beta=0.50),1.50,26,0
5,4,0x07902d0371763a00d97ed9ba16ff0a206cb0fd19,4.535230,1773042094,43d6edba8359b1718f9e95546cc0ff231a90b1f2c7abed732d9c8bf5e99e0da7,201,100.50,4.38,2,6,4,0.022391,0.574881,TopoStake,pog(D=3_omega=0.80_beta=0.50),1.50,27,0
6,0,0xc24b36dee27726233c3bbd9e1f028f98b6b2a424,2.413550,1773042096,a9cc7588a4cdba93ae790262d2a7855f1202348693a272973914befd8d32fe58,216,72.00,2.76,1,4,3,0.022657,0.577677,TopoStake,pog(D=3_omega=0.80_beta=0.50),2.56,28,0
6,1,0xc577329e86aaecb006f17fb90499c54671119935,0.320758,1773042098,5aa6b915a19eace730359aef8dc26ff0dcadaace88ca33727a393a8fec93f894,204,102.00,4.08,1,6,4,0.022658,0.578908,TopoStake,pog(D=3_omega=0.80_beta=0.50),2.50,29,0
6,2,0x4414c05be2cf328f38d2e3ef4b705d6b894f044a,2.089476,1773042100,8d10258d21fe7a59179fd5e8ccaeab30c1b406da582bde4e076f673664eaf987,196,98.00,4.00,1,6,4,0.022408,0.574680,TopoStake,pog(D=3_omega=0.80_beta=0.50),2.52,30,0
6,3,0x4ba33404d90c4ae989714d9d174cd882cffb7994,1.119110,1773042103,443c67019619548903a1f748be434de3c037215714b22d18646238458c06f87a,191,95.50,3.97,1,5,4,0.022369,0.575306,TopoStake,pog(D=3_omega=0.80_beta=0.50),2.61,31,0
6,4,0x075e1d95c7891e1c00414ca1aa9a7a8cf6270019,1.143123,1773042105,c829b8dcca9712b5c084b1aa8c6e5716173ab21901014b774a586e6c284b00d6,203,101.50,4.48,1,6,5,0.022218,0.573609,TopoStake,pog(D=3_omega=0.80_beta=0.50),2.46,32,0
7,0,0x1cb1274c711a6c2e4e1596846e6ac604eeefb358,0.408018,1773042107,2b6299bf36f2a4695b5107fae2f862fd45c1cea3027c02fc8a17c3aa50887313,207,103.50,3.01,1,5,3,0.022071,0.571857,TopoStake,pog(D=3_omega=0.80_beta=0.50),2.36,33,0
7,1,0x6064b9f5883bf9737dfe314ff68c56e09e68ac89,2.192424,1773042109,50c5a8fd3c288da9ca0a7759621f5ad06ee943564fc25f18d5da1747c34cd87f,197,98.50,3.32,1,5,3,0.021844,0.567913,TopoStake,pog(D=3_omega=0.80_beta=0.50),2.33,34,0
7,2,0xe6ebb0cdfd04183d498964e5efc4096ba77b17d6,5.295064,1773042111,02c9aa2636c15e622736cf64c459bdb110e14fa47642e2723acbbef82b6e2237,212,106.00,3.68,1,5,4,0.021817,0.568601,TopoStake,pog(D=3_omega=0.80_beta=0.50),2.22,35,0
7,3,0x07902d0371763a00d97ed9ba16ff0a206cb0fd19,5.536674,1773042113,21201612f971d306e4c1e66403f1d3a12f89ecd8c280369f0812cabf93569a66,209,104.50,4.09,1,6,4,0.022125,0.571581,TopoStake,pog(D=3_omega=0.80_beta=0.50),2.18,36,0
7,4,0x8c11ec9090dd820c076e57e899d9c604c79d6b32,2.566901,1773042115,82f9ec16e348914ee01e3033414be1acff5fe833f8c80dafcefd4ed5d266a7d5,250,125.00,2.78,1,4,3,0.022447,0.574509,TopoStake,pog(D=3_omega=0.80_beta=0.50),1.90,37,0
8,0,0x1796dc61e715f15a2d27dfa32bd34780f12a8c24,2.725201,1773042117,5d2cd92f4437f0a063955b2fd934b3ec40a9a207f47d75f61816e97480715951,171,85.50,3.98,1,6,4,0.022446,0.575568,TopoStake,pog(D=3_omega=0.80_beta=0.50),1.84,38,0
8,1,0x269cdf52f97e1d9f14b7be895155a7b294f0b21d,1.727329,1773042119,575cff2223b16020088d92afbd01313ab54bf58a668a12a82b043215d889b8a2,250,125.00,3.39,1,5,3,0.022458,0.576707,TopoStake,pog(D=3_omega=0.80_beta=0.50),1.93,39,0
8,2,0x1796dc61e715f15a2d27dfa32bd34780f12a8c24,3.726423,1773042121,a156cb5c57266d0a2fdb717b58843811211f9ec2002e2c9a6ab057176a9554a3,226,113.00,3.63,1,5,4,0.022366,0.576237,TopoStake,pog(D=3_omega=0.80_beta=0.50),1.78,40,0
8,3,0x24898fcb116b48cb2b6fd5d3b4eb599fee0f4633,0.053765,1773042123,c97a339e1aa6d3d9d230f21ce19258d03de57a8849c07d78261790bc726175b7,195,97.50,3.34,1,5,3,0.022475,0.578230,TopoStake,pog(D=3_omega=0.80_beta=0.50),1.50,41,0
8,4,0x4414c05be2cf328f38d2e3ef4b705d6b894f044a,3.090329,1773042125,a02545b426f87ca30642fa9427879161eebc2fc7473b298ca0dacba3f8e81fbb,210,105.00,3.63,1,5,4,0.022215,0.572951,TopoStake,pog(D=3_omega=0.80_beta=0.50),1.53,42,0
9,0,0x30405867b72597aaeb27803bb2c7f3f5fc7d5384,0.518622,1773042127,fb25828b3b01ec755813bb9336456e71c928ac5f30e48aa9a4c86a2dc96c8cc1,203,101.50,3.96,1,5,4,0.022257,0.574320,TopoStake,pog(D=3_omega=0.80_beta=0.50),1.52,43,0
9,1,0xaadc5fea232580cb8fba739ac5d05a48559c7e52,1.356117,1773042129,bf2d3c25241848b9b718854a729d12112ddd0b3a1d5cef023eb96467b82394db,186,93.00,3.49,1,4,4,0.022047,0.570776,TopoStake,pog(D=3_omega=0.80_beta=0.50),1.53,44,0
9,2,0x786f26993bf015cd2da6fb5d3ccd1879e01246ab,0.290914,1773042131,909b53427792607e0fa38912bf5931d5721deea55bf34f568ca7b9c41f323faa,187,62.33,4.36,1,6,4,0.021921,0.569500,TopoStake,pog(D=3_omega=0.80_beta=0.50),2.52,45,0
9,3,0x34412315480562da4810040fd15c81f99880e1ab,1.898193,1773042133,5c3ea5cdd83c73b354d68d503b787997c32610c423d7152688af563b5c757ba5,184,92.00,4.04,1,5,4,0.021696,0.565192,TopoStake,pog(D=3_omega=0.80_beta=0.50),2.53,46,0
9,4,0x408bb0bf84df50b21c53c74420987f172d4036a1,0.799031,1773042136,f47e4d3c5099f673d88942f2684accd429567c8650e8e280c2fafaccf39b796f,196,98.00,3.80,1,6,4,0.021624,0.564951,TopoStake,pog(D=3_omega=0.80_beta=0.50),2.51,47,0
10,0,0x07902d0371763a00d97ed9ba16ff0a206cb0fd19,6.538393,1773042137,9a05383ef7922d86d19cecbb7f391df4178ab26edbe5989389a886e959531800,203,101.50,3.59,1,5,4,0.021451,0.562117,TopoStake,pog(D=3_omega=0.80_beta=0.50),2.47,48,0
10,1,0xac768e60b9269babb15cb1e36ee843243d7c7543,5.719208,1773042139,e2f417c9928a844baedf72d4002968431a9102421791011f585bd684c5a696e8,107,107.00,2.57,1,4,3,0.021799,0.564998,TopoStake,pog(D=3_omega=0.80_beta=0.50),1.74,49,0
10,2,0x311eb133eb413ac3f21249889bb101e5d40820ce,1.135448,1773042141,60b312d0e3e36bcb2517196c96b6e83ae21ae3183ab2ba2da9447b5c2ef63145,224,112.00,3.90,1,6,4,0.022063,0.567631,TopoStake,pog(D=3_omega=0.80_beta=0.50),2.30,50,0
10,3,0x3513d672439a59c26cc5711f2b715ccb4810a774,2.292716,1773042143,c0ba283ca63a2b4188d09585847c8df54ebeee8a452ab4a89ce33fd8b0e68bcd,220,110.00,3.59,1,5,4,0.021915,0.565592,TopoStake,pog(D=3_omega=0.80_beta=0.50),2.20,51,0
10,4,0x52e05d9fa4faa167f30baba23c710e4f49115288,0.148266,1773042145,24b5cfe98a7d6ee411818f75d7a034a2035012f44b04f624aaa9b614f212373f,213,106.50,3.75,1,5,4,0.021870,0.565898,TopoStake,pog(D=3_omega=0.80_beta=0.50),2.00,52,0
11,0,0x07902d0371763a00d97ed9ba16ff0a206cb0fd19,7.539113,1773042147,e6d925e4342e480293f5158dbc4d76ff777e566c20dd6a1484c71c13570aa9e2,182,91.00,3.82,1,5,4,0.021640,0.561179,TopoStake,pog(D=3_omega=0.80_beta=0.50),1.78,53,0
11,1,0x50f7fa851f9314d682e36da5caa4635039b5305d,0.105751,1773042149,9f311ac36842fa6f5cfb0dba56fd633e5dc787df759943c8c1597eaa3b691978,238,119.00,2.84,1,4,3,0.022039,0.563972,TopoStake,pog(D=3_omega=0.80_beta=0.50),1.75,54,0
11,2,0x07902d0371763a00d97ed9ba16ff0a206cb0fd19,8.540304,1773042151,44edb46921416d35afcb0912f7306cc9688f73ab2576ed9cbb73359dc611924b,189,94.50,3.40,1,5,3,0.021806,0.559037,TopoStake,pog(D=3_omega=0.80_beta=0.50),1.49,55,0
11,3,0x30509a8084fdfe6fe24d9c9a817c209ad194f8e3,2.657220,1773042153,05e453c231842bc972e58c4ab65724165e3a16a0f153c9f62d4c48633a4226b4,196,98.00,2.74,1,4,3,0.021806,0.559041,TopoStake,pog(D=3_omega=0.80_beta=0.50),1.53,56,0
11,4,0x26d553a2f4343b3a7dc88bbd87b3d0a25d3838d9,3.219500,1773042155,a32ceee10716455a83dd43fd7e0116858cbf53df304ffaf7a67adb515cd03003,206,103.00,3.33,1,5,3,0.022244,0.562502,TopoStake,pog(D=3_omega=0.80_beta=0.50),1.49,57,0
12,0,0x49b57eb4dace37c8819daf079c9c674f766d4f38,1.231551,1773042157,750d19b230ec721e95be1ab2524b3c19134bad18360878a0005f8386087b9d36,186,93.00,3.75,2,5,4,0.022262,0.563760,TopoStake,pog(D=3_omega=0.80_beta=0.50),1.46,58,0
12,1,0x282f43759e22b50aa7989261c51c367f325c3f91,1.354077,1773042159,254b83c0835b6c82253ca7a51ce3944e532de203c31a23fdac1c673a1b0176a7,215,71.67,3.98,1,6,4,0.022120,0.561988,TopoStake,pog(D=3_omega=0.80_beta=0.50),2.47,59,0
12,2,0x49b57eb4dace37c8819daf079c9c674f766d4f38,2.232585,1773042162,a6d36e2f710544eaa627c162bfb5ee3cfc0032d5b6afd8aa9ea54850e496f518,225,112.50,3.89,1,6,4,0.021989,0.560429,TopoStake,pog(D=3_omega=0.80_beta=0.50),2.52,60,0
12,3,0xcdc82b7c868072205a399d0f68e6e3ad3bfd1ca6,0.207515,1773042163,f14a33d87921cf97749e28c1cdf31be8cb0cb3c9980ab1681b1df291dff5fbdc,211,105.50,3.93,1,6,4,0.021928,0.560453,TopoStake,pog(D=3_omega=0.80_beta=0.50),2.50,61,0
12,4,0x07902d0371763a00d97ed9ba16ff0a206cb0fd19,9.541519,1773042165,69cbe87f671fad50ff07ec487477503158e9b02d98a1beef7aabcfb247d19135,107,107.00,3.47,1,5,4,0.021712,0.555987,TopoStake,pog(D=3_omega=0.80_beta=0.50),1.84,62,0
13,0,0x24898fcb116b48cb2b6fd5d3b4eb599fee0f4633,1.054622,1773042167,f3b83ae44c2bd2561c678f0b008de17374e434475dd63560a900ec97f6b1c996,248,124.00,2.72,1,4,3,0.022204,0.558659,TopoStake,pog(D=3_omega=0.80_beta=0.50),2.00,63,0
13,1,0x07902d0371763a00d97ed9ba16ff0a206cb0fd19,10.542790,1773042169,9d4ddfb045c1cdddd51ce4f8e6e66b69b492cc0437f29259ebafede51a29698e,218,109.00,3.52,1,5,4,0.022049,0.556312,TopoStake,pog(D=3_omega=0.80_beta=0.50),1.73,64,0
13,2,0xdcf2130496e27a8094ab996aea4aa77788d65869,5.506978,1773042171,78790fcadf9bad63d2ade4594754723a529c57c8ec2a4708b7660cfc71e8dc2f,234,117.00,2.82,1,4,3,0.022595,0.558948,TopoStake,pog(D=3_omega=0.80_beta=0.50),1.64,65,0
13,3,0x58a21eeb7ab18ba8adf1296e66a4487076e95dac,4.093039,1773042173,e0b68f19270afc461447d134d8c714ee63d1413945fedb6b51503f65a74bb2fd,203,101.50,3.90,1,5,4,0.022760,0.561217,TopoStake,pog(D=3_omega=0.80_beta=0.50),1.51,66,0
13,4,0x1796dc61e715f15a2d27dfa32bd34780f12a8c24,4.727673,1773042175,cde1439bb96400c6caca859a05b86bf66dd1a7b50d0881ad70e550db7acf811b,218,109.00,3.99,1,5,4,0.022818,0.563091,TopoStake,pog(D=3_omega=0.80_beta=0.50),1.48,67,0
14,0,0x24898fcb116b48cb2b6fd5d3b4eb599fee0f4633,2.055613,1773042177,45b0e706da62455da5d6aabf8c64836772e32f4b0db9370ebcfe1b5ff2a2364c,190,95.00,3.28,1,5,3,0.022918,0.565121,TopoStake,pog(D=3_omega=0.80_beta=0.50),1.49,68,0
14,1,0x075e1d95c7891e1c00414ca1aa9a7a8cf6270019,2.145036,1773042179,638e135c4dfb027fc46cd4b5bed47006c5c1e916ea15bce2a7fbb9140a4d0e6b,201,100.50,3.65,1,5,4,0.022827,0.564766,TopoStake,pog(D=3_omega=0.80_beta=0.50),1.47,69,0
14,2,0xc24b36dee27726233c3bbd9e1f028f98b6b2a424,3.414339,1773042181,d5a66cdbfa12d1de911d482907b61c29e309af9859b8889e8418b491aefcbb76,237,79.00,3.15,1,5,3,0.022743,0.564446,TopoStake,pog(D=3_omega=0.80_beta=0.50),2.44,70,0
14,3,0xa3786e459f289a76c0e8af8ad834e3d0c6d47199,4.727214,1773042184,65645df0abc456e1c6c86666c6958beafdfedf40f37e5c44ca9ee78ca13cb104,236,118.00,4.06,1,6,4,0.022745,0.565653,TopoStake,pog(D=3_omega=0.80_beta=0.50),2.46,71,0
14,4,0x24898fcb116b48cb2b6fd5d3b4eb599fee0f4633,3.056646,1773042186,33aeff9443069b84f567d803b9473e7772ae7840f2ad028c5833026e9b2b8a80,179,89.50,4.17,1,6,4,0.022835,0.567503,TopoStake,pog(D=3_omega=0.80_beta=0.50),2.49,72,0
15,0,0x07902d0371763a00d97ed9ba16ff0a206cb0fd19,11.544396,1773042188,4a389712592a59695831ecdd840dc5cc9923ebcbb90aaf507ed29d229eeb54dc,211,105.50,3.62,1,5,4,0.022810,0.568227,TopoStake,pog(D=3_omega=0.80_beta=0.50),2.50,73,0
15,1,0x016d3fc36beee7caa8fbd6c1caa42461dd7f9850,1.881744,1773042190,48c072a83ece825273974469d5df8d00318d283b06b8486f413e03de63426bba,250,125.00,2.81,1,4,3,0.023345,0.570659,TopoStake,pog(D=3_omega=0.80_beta=0.50),2.26,74,0
15,2,0x1d1d2c63625de70b1e5ef40056bd2deb89d7fef2,0.071189,1773042192,317c95c7c10f9e5b81a6698190b67e14ef0834370e0a5f0a29bc0718785c70f5,250,125.00,3.04,1,4,3,0.023235,0.569795,TopoStake,pog(D=3_omega=0.80_beta=0.50),1.90,75,0
15,3,0xf6e059718dbd0a0956726ab97d06bad5efc6cd18,1.015872,1773042194,8fe4b29495a91d3487292d71ba54a027cb6576afb1d38db9e7fccc4487dc32c4,224,112.00,3.71,1,5,4,0.023008,0.565065,TopoStake,pog(D=3_omega=0.80_beta=0.50),1.62,76,0
15,4,0x71f297f96355f349d66f0e9b681e7d4e11224660,0.171154,1773042196,b5fe27aeae1a52a16988e67e3c8c4890d7522056af11e68b0fd63479bf5f7de0,201,100.50,3.75,1,5,4,0.022846,0.562637,TopoStake,pog(D=3_omega=0.80_beta=0.50),1.55,77,0
16,0,0xac768e60b9269babb15cb1e36ee843243d7c7543,6.720257,1773042198,8505313f291b48704e02761e2288b62a84f4f22a781d8f2ee0089f3aafc7a608,186,93.00,3.84,1,5,4,0.022846,0.562642,TopoStake,pog(D=3_omega=0.80_beta=0.50),1.43,78,0
16,1,0x07902d0371763a00d97ed9ba16ff0a206cb0fd19,12.545871,1773042200,78349db8b92090020060f25be2d4bc2f91744d1beb0b990a4edfa3aaa7216f52,198,66.00,3.99,1,6,4,0.022832,0.560522,TopoStake,pog(D=3_omega=0.80_beta=0.50),2.49,79,0
16,2,0x408bb0bf84df50b21c53c74420987f172d4036a1,1.799689,1773042203,7b076c235bfb160fb9ca3dc31e10c65921f1c4d20942f09a8acf7e3d143b6c03,207,103.50,2.81,1,4,3,0.023385,0.562919,TopoStake,pog(D=3_omega=0.80_beta=0.50),2.47,80,0
16,3,0xb2a7fe70a6f3137d38f6cb4c3ec6dd1e24f2d5f4,1.422328,1773042204,b8880f9a548e4f7d29bd3b5e9fc885d254f86a701f824016136f0f9b2a8ee361,207,103.50,3.57,1,5,4,0.023268,0.561872,TopoStake,pog(D=3_omega=0.80_beta=0.50),2.47,81,0
16,4,0xcdc82b7c868072205a399d0f68e6e3ad3bfd1ca6,1.207739,1773042206,49d86ff3d27b6e7619c156dc058e53ff7a520a255869a11117e730d2a352b36a,101,101.00,4.06,1,6,4,0.023129,0.560195,TopoStake,pog(D=3_omega=0.80_beta=0.50),1.94,82,0
17,0,0x606627477c3734932f47972f83c27cf4e3b35b4f,3.377403,1773042208,88ca3266cbff2d3addb8d824283c2310c53f77806e84f8b089cc4cfb4edff3a1,237,118.50,3.40,1,5,3,0.022979,0.558042,TopoStake,pog(D=3_omega=0.80_beta=0.50),2.21,83,0
17,1,0xb2a7fe70a6f3137d38f6cb4c3ec6dd1e24f2d5f4,2.422804,1773042210,82d49a9dedbb8af01eebd3468c5be0dcc313720a8ec603c0aa99c74193180b73,230,115.00,3.63,1,5,4,0.022959,0.558991,TopoStake,pog(D=3_omega=0.80_beta=0.50),1.97,84,0
17,2,0xdb45667100590f9cfe78a899c3b02c5cd37008f1,0.050182,1773042212,abf320930dafaa6d32ac18c8e78132a210956977987ed06b767c40cb537f7530,211,105.50,4.21,1,6,4,0.022883,0.558834,TopoStake,pog(D=3_omega=0.80_beta=0.50),1.75,85,0
17,3,0x07902d0371763a00d97ed9ba16ff0a206cb0fd19,13.547249,1773042214,247e76d16e17c9ff73f4ff0406e7c7e4f9917fe462c53a76a96188cba4b910c6,210,105.00,4.09,1,6,4,0.022669,0.554125,TopoStake,pog(D=3_omega=0.80_beta=0.50),1.71,86,0
17,4,0x719361397abe003a91af76243e5f9c7a0cd4279f,4.545078,1773042216,95e81c2d573e24d0ce2a4628c28963a897ec9888083a831e837be25cbdbf51e3,206,103.00,2.75,2,4,3,0.023231,0.556462,TopoStake,pog(D=3_omega=0.80_beta=0.50),1.52,87,0
18,0,0xb2a7fe70a6f3137d38f6cb4c3ec6dd1e24f2d5f4,3.423650,1773042218,7d3643b4ed69024d9677c493ab0e74b27dd538ef5af736cd0c8663698d97d968,207,69.00,3.77,1,5,4,0.023271,0.558078,TopoStake,pog(D=3_omega=0.80_beta=0.50),2.49,88,0
18,1,0x30405867b72597aaeb27803bb2c7f3f5fc7d5384,1.519225,1773042221,6ae6d8442bd667b2d1f73ba536cab17a80e91c20ea55a94f19a3d9920a57e3c1,190,95.00,4.23,1,6,4,0.023245,0.558939,TopoStake,pog(D=3_omega=0.80_beta=0.50),2.47,89,0
18,2,0x26d553a2f4343b3a7dc88bbd87b3d0a25d3838d9,4.220375,1773042222,29fa7869fa51e73bb28d59dc852a223f74330c05002dcec25a5c8cc4a99bf1de,193,96.50,3.48,1,4,4,0.023113,0.557318,TopoStake,pog(D=3_omega=0.80_beta=0.50),2.46,90,0
18,3,0x1cb1274c711a6c2e4e1596846e6ac604eeefb358,1.408756,1773042224,e432ddeab5cf4cbc3f7840c820a1d82447cf32dcdb466f8ef25ddf31f6a0c4e8,114,114.00,3.63,1,5,4,0.023131,0.558707,TopoStake,pog(D=3_omega=0.80_beta=0.50),1.92,91,0
18,4,0x4414c05be2cf328f38d2e3ef4b705d6b894f044a,4.091018,1773042226,2dd17277a4b528a831a36479e61d5f347abcd198a914998a96d3f90487c0017f,250,125.00,3.47,1,5,4,0.022994,0.556828,TopoStake,pog(D=3_omega=0.80_beta=0.50),2.24,92,0
19,0,0x26d553a2f4343b3a7dc88bbd87b3d0a25d3838d9,5.220885,1773042228,e49defb709b2420aeb8240f56793fb158f39cde0fa23d42c425e8f29c52aff10,226,113.00,3.91,1,5,4,0.023003,0.558047,TopoStake,pog(D=3_omega=0.80_beta=0.50),1.91,93,0
19,1,0x719361397abe003a91af76243e5f9c7a0cd4279f,5.546091,1773042230,a79a4db819981316fa64341282411a61bb775eadb107fd6c4da50a9873d044cb,201,100.50,3.89,1,5,4,0.023071,0.559730,TopoStake,pog(D=3_omega=0.80_beta=0.50),1.71,94,0
19,2,0x786f26993bf015cd2da6fb5d3ccd1879e01246ab,1.291319,1773042232,7b35e98371c0ec4945f6c562b124647d301c2d2d737411c11473f4bd354e12e5,200,100.00,3.90,1,5,4,0.023153,0.561455,TopoStake,pog(D=3_omega=0.80_beta=0.50),1.45,95,0
19,3,0x606627477c3734932f47972f83c27cf4e3b35b4f,4.378454,1773042234,d27e3a56c7b4df0e88fe0ab816fe96aaf39b85cdc1cf0e19710c8a941178b08d,201,100.50,4.03,2,5,4,0.023153,0.561461,TopoStake,pog(D=3_omega=0.80_beta=0.50),1.52,96,0
19,4,0x1796dc61e715f15a2d27dfa32bd34780f12a8c24,5.728915,1773042237,7a60ae6e671b0fafacc59f75e3bac87840b66d68a6ab742dee22be36c44eaca8,198,66.00,3.67,1,5,4,0.023030,0.560548,TopoStake,pog(D=3_omega=0.80_beta=0.50),2.46,97,0
20,0,0x1796dc61e715f15a2d27dfa32bd34780f12a8c24,6.729910,1773042238,0203c1699779e7408d40a9e57157dfd74d865ae591ceb83a6d82dc9989ce6919,201,100.50,3.30,1,5,3,0.023116,0.562251,TopoStake,pog(D=3_omega=0.80_beta=0.50),2.49,98,0
20,1,0xdb45667100590f9cfe78a899c3b02c5cd37008f1,1.051016,1773042240,ab8733e850d793840fa7913526f52152f5231fe936aeb99bd4d80610b172751d,126,126.00,3.36,1,5,3,0.023249,0.564207,TopoStake,pog(D=3_omega=0.80_beta=0.50),1.87,99,0
20,2,0x9c39f7fffaa5c5cfab20dfdd05663497918580c1,0.426878,1773042242,27577cdc6b614e8e7a6d2d9f95243f62536e2814b4d8f89e672a242a59868a5c,208,104.00,4.03,1,6,4,0.023095,0.561656,TopoStake,pog(D=3_omega=0.80_beta=0.50),2.33,100,0
20,3,0x606627477c3734932f47972f83c27cf4e3b35b4f,5.379368,1773042244,800d7e717f7bc8f58385c0ea7441f34711e72b31ac88ee9486f8aa8113483f33,250,125.00,4.07,2,5,4,0.022912,0.558086,TopoStake,pog(D=3_omega=0.80_beta=0.50),2.12,101,0
20,4,0x13f9dadc05f6c237b03411e2aed1800cf21a5d89,2.281232,1773042246,a3f34f8ef5ecda7c212222866c994013974b56189d9e1614b2e32e4c2d5ef125,248,124.00,3.60,1,5,4,0.022974,0.559527,TopoStake,pog(D=3_omega=0.80_beta=0.50),1.79,102,0
21,0,0x24898fcb116b48cb2b6fd5d3b4eb599fee0f4633,4.057595,1773042248,8116984f3a0b3dab632090b2c9850f4295ad7796497bb0b133d0a1bbc64af278,186,93.00,3.08,1,5,3,0.022884,0.559079,TopoStake,pog(D=3_omega=0.80_beta=0.50),1.45,103,0
21,1,0x075e1d95c7891e1c00414ca1aa9a7a8cf6270019,3.146806,1773042250,a698172d3393db89d784cc8e20af26fa6bb35bbce8822ae1386cb1dc41810111,208,69.33,3.60,1,5,4,0.022879,0.560046,TopoStake,pog(D=3_omega=0.80_beta=0.50),2.50,104,0
21,2,0x0d91704595bff3aec25d40822498a51c62b05e3a,0.571558,1773042253,e65ba5e9f23b18f7d5e15f959408895ac999d1ae3b8fff50fc3d9dbb6a6e2528,192,96.00,3.17,1,5,3,0.022830,0.560491,TopoStake,pog(D=3_omega=0.80_beta=0.50),2.44,105,0
21,3,0x606627477c3734932f47972f83c27cf4e3b35b4f,6.380583,1773042254,c725de7455ba681c6cf2f8a32f76fba2828b0ee726991c874dcd94a594795e38,230,115.00,3.22,1,5,3,0.022660,0.557181,TopoStake,pog(D=3_omega=0.80_beta=0.50),2.41,106,0
21,4,0x30509a8084fdfe6fe24d9c9a817c209ad194f8e3,3.658883,1773042256,f4cb43d140e8e37d64c6a6ee6a23ad9d0c673457da4aad695545a010554ea697,130,130.00,3.60,2,5,4,0.022763,0.558958,TopoStake,pog(D=3_omega=0.80_beta=0.50),1.78,107,0
22,0,0x075e1d95c7891e1c00414ca1aa9a7a8cf6270019,4.147804,1773042258,808544cf0c5addc1a08baec6e65727927d1e97f7ab740eceaf3f44e87836e5ef,230,115.00,3.37,1,5,3,0.022737,0.559626,TopoStake,pog(D=3_omega=0.80_beta=0.50),1.95,108,0
22,1,0x60705151f1f537cacd5b801f3ef1b31dc3f605de,1.305604,1773042260,bee697e66dece0b586d2add7a0f1b3c94ac49d59ec85b7ab9386de37eb5b2fa8,218,109.00,3.15,1,5,3,0.022733,0.560461,TopoStake,pog(D=3_omega=0.80_beta=0.50),1.61,109,0
22,2,0x1796dc61e715f15a2d27dfa32bd34780f12a8c24,7.730790,1773042262,0496c53c3ccb77fe6c41d40e767ae5fd23e2ab01e78ebff4f872fa0117bbeca1,200,100.00,4.15,1,6,4,0.022599,0.558286,TopoStake,pog(D=3_omega=0.80_beta=0.50),1.49,110,0
22,3,0xe478b1e4d1538274c0c70cbd7df877f9abab2f62,2.299569,1773042264,903ba99d8481c592db0425cc9b4a7391c43f9890ece5e289e8d0d181e660db68,197,98.50,3.35,2,5,3,0.022755,0.560244,TopoStake,pog(D=3_omega=0.80_beta=0.50),1.59,111,0
22,4,0x282f43759e22b50aa7989261c51c367f325c3f91,2.354743,1773042267,8077016b70b50d48bf7f0f32a34b6d0d27f2add1b67a39041d1ee889ee2bef45,191,63.67,3.99,1,5,4,0.022666,0.559731,TopoStake,pog(D=3_omega=0.80_beta=0.50),2.51,112,0
23,0,0x1796dc61e715f15a2d27dfa32bd34780f12a8c24,8.731764,1773042268,943c7f0b06dcdf13040a828cd51bddb201d9de3d6ced24a82fd81aeb99452e8b,209,104.50,3.77,1,6,4,0.022579,0.559210,TopoStake,pog(D=3_omega=0.80_beta=0.50),2.53,113,0
23,1,0x5cd626f4b83428b146919d30f4b3e481d259a9dc,1.075151,1773042270,bf41168a924439aaec464d7e143f2880458991226136ee12ea1d50967c5dd249,133,133.00,3.29,1,5,3,0.022772,0.561135,TopoStake,pog(D=3_omega=0.80_beta=0.50),1.68,114,0
23,2,0x13f9dadc05f6c237b03411e2aed1800cf21a5d89,3.282348,1773042272,0060fd02a98a507c9c250c98c68bb2ca33b30978db9fdbd8c64b633ff06f30a3,227,113.50,3.91,1,6,4,0.022629,0.558568,TopoStake,pog(D=3_omega=0.80_beta=0.50),1.98,115,0
23,3,0x075e1d95c7891e1c00414ca1aa9a7a8cf6270019,5.149001,1773042274,be27b9973cab99f2c60037a7313396e6ddb5d7326517f28191fc124e38088a50,208,104.00,3.04,1,5,3,0.022583,0.558925,TopoStake,pog(D=3_omega=0.80_beta=0.50),1.71,116,0
23,4,0x1796dc61e715f15a2d27dfa32bd34780f12a8c24,9.732506,1773042276,f9ff5dce75a00157363281de7fca8e95287689436505329ab6fda6f6748f2d50,230,115.00,3.10,1,5,3,0.022583,0.558930,TopoStake,pog(D=3_omega=0.80_beta=0.50),1.48,117,0
24,0,0x075e1d95c7891e1c00414ca1aa9a7a8cf6270019,6.150155,1773042278,257b900c32374e0bc298087587b66401cf26584e59a923120346d369644f6c6d,207,69.00,3.41,2,5,3,0.022615,0.560131,TopoStake,pog(D=3_omega=0.80_beta=0.50),2.52,118,0
24,1,0x269cdf52f97e1d9f14b7be895155a7b294f0b21d,2.728141,1773042281,07fcc6fc8e14a5da54b4b350164be3b5e22a129a6bb3f247851c162436781742,191,95.50,3.13,1,5,3,0.022909,0.563522,TopoStake,pog(D=3_omega=0.80_beta=0.50),2.50,119,0
24,2,0x95ab54d268473cce82094026afefdbd5cadf418b,0.597908,1773042282,ff0f4a7668b905581ff68d50f6e24b137ba07fa7abddac8c7304e66e9d44f3e4,195,97.50,3.58,1,5,4,0.022835,0.563344,TopoStake,pog(D=3_omega=0.80_beta=0.50),2.48,120,0
24,3,0x1796dc61e715f15a2d27dfa32bd34780f12a8c24,10.733578,1773042284,3a4b2a11f1627998aba1ce061339b0ad1f2d4ec81c2d932ac7751c699e49f09c,100,100.00,4.38,1,6,5,0.022674,0.560129,TopoStake,pog(D=3_omega=0.80_beta=0.50),1.99,121,0
24,4,0x4a217e35f6402e7f62a49f6d62e27c6585c2f3fd,1.491662,1773042286,f6e9c23044b64d1ca11808d9fe78b363cb49780c1ecd0e6fc0a19eff2fa9556b,250,125.00,3.33,1,5,3,0.022926,0.561981,TopoStake,pog(D=3_omega=0.80_beta=0.50),2.09,122,0
25,0,0x075e1d95c7891e1c00414ca1aa9a7a8cf6270019,7.151255,1773042288,88c93ec80934377535fb354dc667718783ec9397d37dbb7c50348bbd78f0cb5b,232,116.00,3.61,1,5,4,0.022801,0.560070,TopoStake,pog(D=3_omega=0.80_beta=0.50),1.81,123,0
25,1,0x1d1d2c63625de70b1e5ef40056bd2deb89d7fef2,1.071468,1773042290,8729ef2b15c7832adf9a6b6f78cba3a41d5b811335a17c40a3406d702c2bfe12,194,97.00,3.22,2,5,3,0.022903,0.561744,TopoStake,pog(D=3_omega=0.80_beta=0.50),1.52,124,0
25,2,0xc577329e86aaecb006f17fb90499c54671119935,1.320811,1773042292,fcb0bf0e5c97e87e2f270898befc056951ee46d73fcb31b9226323b3f1a9c468,197,98.50,3.71,1,5,4,0.022762,0.559096,TopoStake,pog(D=3_omega=0.80_beta=0.50),1.44,125,0
25,3,0x016d3fc36beee7caa8fbd6c1caa42461dd7f9850,2.883382,1773042295,a2cef44b454df8ad0efce51c7dfeb72aa5b3d50d9056b6db41859cbf97beb38b,197,65.67,4.04,1,6,4,0.022633,0.556789,TopoStake,pog(D=3_omega=0.80_beta=0.50),2.50,126,0
25,4,0x269cdf52f97e1d9f14b7be895155a7b294f0b21d,3.729119,1773042296,840b3c831584a27852adf91299cb0de85520200c20136f10ffc140de318d68d3,212,106.00,3.16,1,4,3,0.022565,0.556714,TopoStake,pog(D=3_omega=0.80_beta=0.50),2.44,127,0
26,0,0xa3786e459f289a76c0e8af8ad834e3d0c6d47199,5.727633,1773042298,d6990f16216c099f0b2cde600c25f673b89018d116df8ad821bd8f0760eddc0a,99,99.00,3.49,1,5,4,0.022531,0.557169,TopoStake,pog(D=3_omega=0.80_beta=0.50),1.90,128,0
26,1,0x30509a8084fdfe6fe24d9c9a817c209ad194f8e3,4.660120,1773042300,5db2a40577dd9cb07cb18809a069fb662846d7bdbeef25da68f14387e3dca7dd,212,106.00,4.17,1,6,4,0.022572,0.558396,TopoStake,pog(D=3_omega=0.80_beta=0.50),2.33,129,0
26,2,0xcdc82b7c868072205a399d0f68e6e3ad3bfd1ca6,2.208232,1773042302,caa049c6b3554f620207c40534213516dcf82faa8df04e53c3ce9dca50a4d0b9,249,124.50,3.42,2,5,3,0.022572,0.559293,TopoStake,pog(D=3_omega=0.80_beta=0.50),1.88,130,0
26,3,0x07902d0371763a00d97ed9ba16ff0a206cb0fd19,14.551380,1773042304,6fc80b06e65914a3f037156591e000acbc1994032354e5a2d0d6d2383508badd,240,120.00,3.60,1,5,4,0.022478,0.558441,TopoStake,pog(D=3_omega=0.80_beta=0.50),1.54,131,0
26,4,0xc24b36dee27726233c3bbd9e1f028f98b6b2a424,4.415151,1773042306,877c92f7b04dfebadb3b14254843ddd709eabf029530c49f1ff6bddbc05a3b6e,183,91.50,2.77,2,4,3,0.022845,0.560307,TopoStake,pog(D=3_omega=0.80_beta=0.50),1.54,132,0
27,0,0x52e05d9fa4faa167f30baba23c710e4f49115288,1.148279,1773042308,b5f8063070bb87294cf4588b7e8e05c77c905f2e6e22a7883c6e8e1fee8b8edc,187,62.33,3.97,1,6,4,0.022845,0.560310,TopoStake,pog(D=3_omega=0.80_beta=0.50),2.48,133,0
27,1,0x89100a8056319ba37491b32ba255004180607bc2,2.786810,1773042311,3174168caf0d63aed3d20ea48e0d377116a3d5ef63a9b3fd8e8013a3bf173124,194,97.00,3.99,2,5,4,0.022696,0.558432,TopoStake,pog(D=3_omega=0.80_beta=0.50),2.53,134,0
27,2,0x075e1d95c7891e1c00414ca1aa9a7a8cf6270019,8.152575,1773042313,75b6f0a526a485e386a205681a77572d87d82148749c1a323a6fe3a16c864eb8,193,96.50,3.96,1,5,4,0.022622,0.558151,TopoStake,pog(D=3_omega=0.80_beta=0.50),2.45,135,0
27,3,0xa9a524611994a27dd3134d643379aa14edf7cb39,0.094265,1773042315,41dff8edfcc1eb20803549aec1f7e721150365a06119ff2776a42faafefaa76f,250,125.00,3.07,1,5,3,0.022742,0.559817,TopoStake,pog(D=3_omega=0.80_beta=0.50),2.15,136,0
27,4,0x34412315480562da4810040fd15c81f99880e1ab,2.898349,1773042317,f2eba4f179a9ae5c6ddef7c9097db5e7aac6789f50d04ebacd21ba8c8a719c4e,199,99.50,3.69,1,5,4,0.022572,0.556018,TopoStake,pog(D=3_omega=0.80_beta=0.50),1.94,137,0
28,0,0x0d91704595bff3aec25d40822498a51c62b05e3a,1.572831,1773042319,1e0aa507d238999119f9fd845dd38916342e3630c731bcced8d86b1f3a82f141,233,116.50,4.01,1,6,4,0.022503,0.555764,TopoStake,pog(D=3_omega=0.80_beta=0.50),1.82,138,0
28,1,0x26d553a2f4343b3a7dc88bbd87b3d0a25d3838d9,6.221868,1773042321,74f2ed0e2b98789a9ef8aafe5bca9eb57dea0856c7b31d09bda57b1e54798d16,215,107.50,3.29,1,5,3,0.022387,0.553874,TopoStake,pog(D=3_omega=0.80_beta=0.50),1.53,139,0
28,2,0x075e1d95c7891e1c00414ca1aa9a7a8cf6270019,9.153984,1773042323,4140835501c9eed014c6ab012b9d0799abcc7bb77f92c345267c46215cfeca76,189,94.50,3.77,1,5,4,0.022435,0.555179,TopoStake,pog(D=3_omega=0.80_beta=0.50),1.56,140,0
28,3,0x89100a8056319ba37491b32ba255004180607bc2,3.787794,1773042326,4117fd7f968662c43820b21b0e2f818e4fce71fed4da65c42b68261027c384d5,164,54.67,3.14,1,5,3,0.022582,0.556826,TopoStake,pog(D=3_omega=0.80_beta=0.50),2.46,141,0
28,4,0x269cdf52f97e1d9f14b7be895155a7b294f0b21d,4.729512,1773042327,ea359b466da6e70427828bbd0e07554e2859adde8384c4cf0c2af533d02af441,201,100.50,3.88,1,5,4,0.022542,0.557157,TopoStake,pog(D=3_omega=0.80_beta=0.50),2.49,142,0
29,0,0x1796dc61e715f15a2d27dfa32bd34780f12a8c24,11.735184,1773042329,f7688da22aea77ce36a7b1e0fe0ffe747c0e4b0bc66111f192ba1e87c913fd6d,120,120.00,3.53,1,5,4,0.022534,0.557895,TopoStake,pog(D=3_omega=0.80_beta=0.50),1.89,143,0
29,1,0x719361397abe003a91af76243e5f9c7a0cd4279f,6.546880,1773042331,f65316ce633617b3deedf16796087aed41819f3f0c559f19325962a44fdd1875,250,125.00,3.31,1,5,3,0.022762,0.559590,TopoStake,pog(D=3_omega=0.80_beta=0.50),1.97,144,0
29,2,0xac768e60b9269babb15cb1e36ee843243d7c7543,7.721034,1773042333,3cbd52fcc8ca822a375be9a3ae3994b1febc63587f38b0d4c21bfc25542f6fa4,206,103.00,3.84,1,5,4,0.022811,0.560887,TopoStake,pog(D=3_omega=0.80_beta=0.50),1.67,145,0
29,3,0xb2a7fe70a6f3137d38f6cb4c3ec6dd1e24f2d5f4,4.423893,1773042335,9d094c932fd3bb6cf3852b4d5d7046d075d2b7e33aa3d8558d47fb8588f85763,206,103.00,4.05,1,6,4,0.022898,0.562394,TopoStake,pog(D=3_omega=0.80_beta=0.50),1.49,146,0
29,4,0xd61b00c297972877b45f8d7f4d67fdaf20c67c59,0.334500,1773042337,11f19db4899103ba7e14012b5d9246656e4bbe7cc330f3e98ed7f47c65c986c0,213,106.50,4.33,1,6,4,0.022875,0.562888,TopoStake,pog(D=3_omega=0.80_beta=0.50),1.53,147,0
30,0,0xcb7977f4997b4252c0152e135dd79b3cfe35c1a5,0.626763,1773042340,abfdf860deb9173d9baafff874bf58acd137ae488e50ebac2abb9fbbfad077d2,196,65.33,4.36,1,6,5,0.022718,0.559529,TopoStake,pog(D=3_omega=0.80_beta=0.50),2.44,148,0
30,1,0x13f9dadc05f6c237b03411e2aed1800cf21a5d89,4.284206,1773042341,731d7539a5da2ada5c14e46b41430e5fb8ddb735621b418b77aa70fec7aee142,196,98.00,4.15,1,6,4,0.022572,0.556426,TopoStake,pog(D=3_omega=0.80_beta=0.50),2.46,149,0
30,2,0x4414c05be2cf328f38d2e3ef4b705d6b894f044a,5.091869,1773042343,22d01a2f22ee9f95972eb3154c947e9a1999b4d1513e22d3ad19af50372b72f2,127,127.00,2.94,1,5,3,0.022545,0.556814,TopoStake,pog(D=3_omega=0.80_beta=0.50),1.84,150,0
30,3,0x13f9dadc05f6c237b03411e2aed1800cf21a5d89,5.284833,1773042345,e54b3db3c97bc5e39294667a10ce05d6a446858b93c757f0329b38cb114c3297,206,103.00,3.83,1,5,4,0.022544,0.557584,TopoStake,pog(D=3_omega=0.80_beta=0.50),2.20,151,0
30,4,0x58a21eeb7ab18ba8adf1296e66a4487076e95dac,5.093687,1773042347,dc8851ad5fad4af40d41d99062f900b879ba14d145e9da1dc0f660a48d60c79d,250,125.00,3.05,1,5,3,0.022547,0.558360,TopoStake,pog(D=3_omega=0.80_beta=0.50),1.97,152,0
31,0,0xdcf2130496e27a8094ab996aea4aa77788d65869,6.507638,1773042349,dffce79d15d2df36976a1f7fb644f7f2bd17f4745be6daf1b029928702f41ba7,227,113.50,3.93,1,6,4,0.022544,0.558974,TopoStake,pog(D=3_omega=0.80_beta=0.50),1.70,153,0
31,1,0x89100a8056319ba37491b32ba255004180607bc2,4.788747,1773042351,6aca8386fdd8a94962f6a54bec0f0ea737bed29ba898f4095b8b967d9f644062,183,91.50,3.92,1,5,4,0.022585,0.560139,TopoStake,pog(D=3_omega=0.80_beta=0.50),1.49,154,0
31,2,0xdb45667100590f9cfe78a899c3b02c5cd37008f1,2.051277,1773042353,185bc9b68adec62467572509474ac5fc8a1b28cef8285ee4b8bfaddfaffc40da,209,69.67,3.89,1,5,4,0.022571,0.560549,TopoStake,pog(D=3_omega=0.80_beta=0.50),2.44,155,0
31,3,0x786f26993bf015cd2da6fb5d3ccd1879e01246ab,2.291778,1773042356,c3d6d1dbc2ed90dc5d5d324d957e2110f80825923a05d89d1df920eb215ab24f,204,102.00,4.12,1,6,4,0.022473,0.559443,TopoStake,pog(D=3_omega=0.80_beta=0.50),2.41,156,0
31,4,0xb2a7fe70a6f3137d38f6cb4c3ec6dd1e24f2d5f4,5.424695,1773042358,54361bf0745464d96ad9647b91fd6b386dd9b1a369061707b8f76c68ca7caefc,209,104.50,4.08,1,5,4,0.022383,0.558545,TopoStake,pog(D=3_omega=0.80_beta=0.50),2.47,157,0
32,0,0xaadc5fea232580cb8fba739ac5d05a48559c7e52,2.355768,1773042360,c8789063911c721ceb96a3e7825deb2ae0703d4d7fb66f7d010e59b4964b0b61,208,104.00,4.21,1,6,4,0.022388,0.559216,TopoStake,pog(D=4_omega=0.80_beta=0.50),2.38,158,0
32,1,0x30509a8084fdfe6fe24d9c9a817c209ad194f8e3,5.661586,1773042362,35c5e80a55013049b6cd1b2328df0fe672963e68088d570bbafa056f533f7db2,230,115.00,4.20,1,6,4,0.022301,0.558325,TopoStake,pog(D=4_omega=0.80_beta=0.50),2.25,159,0
32,2,0x786f26993bf015cd2da6fb5d3ccd1879e01246ab,3.292743,1773042364,8b3909fc9d2794efe1be300c9e42ad32e7503690b672d1f20e3903adfa10b9b0,250,125.00,3.36,1,5,3,0.022312,0.559061,TopoStake,pog(D=4_omega=0.80_beta=0.50),1.92,160,0
32,3,0x8c11ec9090dd820c076e57e899d9c604c79d6b32,3.567431,1773042366,f987dbf62315c9b51ca7ae6438f5a0d94a34db4c6b4d545737171b897aeb37e8,199,99.50,4.10,1,5,4,0.022253,0.559031,TopoStake,pog(D=4_omega=0.80_beta=0.50),1.58,161,0
32,4,0x1796dc61e715f15a2d27dfa32bd34780f12a8c24,12.736853,1773042368,728b4dc3c11a93c933c54093c5817094b09fcee38338c1c2a34932b1f2a5acdc,202,101.00,4.24,2,6,4,0.022202,0.559061,TopoStake,pog(D=4_omega=0.80_beta=0.50),1.53,162,0
33,0,0x13f9dadc05f6c237b03411e2aed1800cf21a5d89,6.286558,1773042371,c717eb398cc69e2fcb519c7eabfc5bc984ccb0866ff2daaeeb7bf2d273a01105,187,62.33,3.33,1,5,3,0.022417,0.560632,TopoStake,pog(D=3_omega=0.80_beta=0.50),2.50,163,0
33,1,0x07902d0371763a00d97ed9ba16ff0a206cb0fd19,15.554395,1773042372,79d9fac91535febf09bcc794f7d46aebdcb081b4a0166d48d0d6bdbe0fee2d61,212,106.00,3.10,1,5,3,0.022442,0.561588,TopoStake,pog(D=3_omega=0.80_beta=0.50),2.45,164,0
33,2,0xac768e60b9269babb15cb1e36ee843243d7c7543,8.722114,1773042374,4a5f1bdfd90f30a4857088ca52459f9117aeedd3e30bd16f2f84b5c443f4ab8e,146,146.00,2.61,1,4,3,0.022731,0.563209,TopoStake,pog(D=3_omega=0.80_beta=0.50),1.68,165,0
33,3,0x016d3fc36beee7caa8fbd6c1caa42461dd7f9850,3.884492,1773042376,581eb12a0ae235cbb6b7bc3667a5ee7d3f1cb994e445a0b2ddb1ec2ec010d234,213,106.50,3.91,2,6,4,0.022821,0.564593,TopoStake,pog(D=3_omega=0.80_beta=0.50),2.09,166,0
33,4,0x5cd626f4b83428b146919d30f4b3e481d259a9dc,2.075659,1773042378,2b906a36984d41f165edaf87b72e9c0028f13f61e1878954663183f48eaad1fd,250,125.00,3.12,1,4,3,0.022774,0.564669,TopoStake,pog(D=3_omega=0.80_beta=0.50),1.80,167,0
34,0,0xbc3f8508d26048f2064aa8c068f4c94d08d77d18,4.068293,1773042380,5286d7f49457a768cfc8c13ad31b3ff09527c632c7982a91d22cd19f1ed939c4,215,107.50,3.95,2,6,4,0.022676,0.563444,TopoStake,pog(D=3_omega=0.80_beta=0.50),1.50,168,0
34,1,0x8d9e46becf415ca26aa698c9657087e6554aabda,0.386548,1773042382,bdae93fd86ad4265894c9d4c44aba8e0f20abb4e7c42f899b9911bc9f53122bb,198,99.00,4.35,1,6,4,0.022634,0.563506,TopoStake,pog(D=3_omega=0.80_beta=0.50),1.48,169,0
34,2,0x606627477c3734932f47972f83c27cf4e3b35b4f,7.381009,1773042384,3a43a50d63191d3a767334989211b9910a0e35304d63a5a17b738b3d80c29854,187,62.33,3.65,1,5,4,0.022491,0.560347,TopoStake,pog(D=3_omega=0.80_beta=0.50),2.49,170,0
34,3,0x50f7fa851f9314d682e36da5caa4635039b5305d,1.105779,1773042387,489ac64bd2ef0dfb36019530fc644f8bf1fb82a9c7cc630d2a1bfaf848a55e3b,222,111.00,3.64,1,5,4,0.022540,0.561620,TopoStake,pog(D=3_omega=0.80_beta=0.50),2.51,171,0
34,4,0xdc2bc9a639e2bc25c5f57e628a7cd55f6a3d023b,0.098216,1773042389,f24d6b0ab4db832f5af4dcf2d03048c7b1ef002c30eefab5e765d58e2847f210,219,109.50,3.26,1,5,3,0.022418,0.559153,TopoStake,pog(D=3_omega=0.80_beta=0.50),2.49,172,0
35,0,0x0d91704595bff3aec25d40822498a51c62b05e3a,2.573754,1773042391,2cee383a3bbeab5ccde8d01d8630db968c09bd165d793ab4542fd0e2fe446d79,208,104.00,4.53,1,6,5,0.022271,0.555651,TopoStake,pog(D=3_omega=0.80_beta=0.50),2.35,173,0
35,1,0x075e1d95c7891e1c00414ca1aa9a7a8cf6270019,10.155888,1773042393,8d80de6538fca28cbe2e09e73f4f39098092923d9bf379ad356615e96d11af96,250,125.00,3.36,1,5,3,0.022190,0.554925,TopoStake,pog(D=3_omega=0.80_beta=0.50),2.08,174,0
35,2,0x0d91704595bff3aec25d40822498a51c62b05e3a,3.574966,1773042395,5062d704ba6a2c88d05843c9eff26378df8c5325251ed18a5645a38c5e1dc6ec,218,109.00,3.08,1,5,3,0.022311,0.556367,TopoStake,pog(D=3_omega=0.80_beta=0.50),1.71,175,0
35,3,0x07902d0371763a00d97ed9ba16ff0a206cb0fd19,16.555947,1773042397,e9d17841fbf8457dec196421dac2d46b7c55e69089d762bd09321bda29ee9023,178,89.00,3.13,1,5,3,0.022257,0.556247,TopoStake,pog(D=3_omega=0.80_beta=0.50),1.51,176,0
35,4,0x53be6e527cc5a7d850b5eae27b9cef342e0665f2,0.040131,1773042399,1844d47d5851a46219c80663ab68c6f26bf3d757cdc8e146aefe6d30053ed4ab,197,98.50,2.71,1,4,3,0.022542,0.557817,TopoStake,pog(D=3_omega=0.80_beta=0.50),1.50,177,0
36,0,0x269cdf52f97e1d9f14b7be895155a7b294f0b21d,5.729825,1773042402,04ebb0fe902b2aec804c034cf767c12ebeda1d94f1d31582a3613b1a1e93eb5e,180,60.00,3.29,1,5,3,0.022394,0.554204,TopoStake,pog(D=3_omega=0.80_beta=0.50),2.46,178,0
36,1,0x6d6b2734a20229ddd7fd4a1470ba3e3bad4e4a85,1.641503,1773042403,6df30907469a75ed9a6eecc9a348351d6599cb9199a09bcea38c476d4a5bd419,184,92.00,3.47,1,5,4,0.022394,0.554837,TopoStake,pog(D=3_omega=0.80_beta=0.50),2.55,179,0
36,2,0x3513d672439a59c26cc5711f2b715ccb4810a774,3.293110,1773042405,ec750203b50e6982894f8697cb05b12e0ee5d2a9bf38015e05d1d519d86ebb6f,125,125.00,3.50,1,5,3,0.022289,0.553095,TopoStake,pog(D=3_omega=0.80_beta=0.50),1.79,180,0
36,3,0x9c39f7fffaa5c5cfab20dfdd05663497918580c1,1.426871,1773042407,67a39f229f389b15cf7f0375cd808d6f36f8fad61d5d3760a8bf5d072fa7493e,250,125.00,3.84,1,5,4,0.022227,0.552851,TopoStake,pog(D=3_omega=0.80_beta=0.50),2.14,181,0
36,4,0x7e40df5d801345015e84c843908efc6683665fa4,1.659066,1773042409,512d9d0926141521ef991b8c0ac094f17d335d839bcfd53bf40a80040bd1690d,218,109.00,3.95,1,5,4,0.022118,0.550796,TopoStake,pog(D=3_omega=0.80_beta=0.50),1.84,182,0
37,0,0xc339f8bf978200eb65afce6c7121402eda949097,0.076543,1773042411,a20b061307bbbe7f7c0a592b00d6a8ed6c1d9cbdbfcc39df4050d7770e38085d,224,112.00,3.47,1,5,3,0.022016,0.548981,TopoStake,pog(D=3_omega=0.80_beta=0.50),1.67,183,0
37,1,0x07902d0371763a00d97ed9ba16ff0a206cb0fd19,17.557426,1773042413,62c35539bc348426c654ee9836c17fae4a9d8f4b388e82ad1d306eb9e6b8a023,196,98.00,4.27,1,6,4,0.021875,0.545478,TopoStake,pog(D=3_omega=0.80_beta=0.50),1.48,184,0
37,2,0x4414c05be2cf328f38d2e3ef4b705d6b894f044a,6.092662,1773042416,4430071babba8667ad2adeb12c775bcd9b1877e52a43abf87bee1880a6fd9573,207,69.00,2.82,1,4,3,0.022167,0.547044,TopoStake,pog(D=3_omega=0.80_beta=0.50),2.45,185,0
37,3,0x07902d0371763a00d97ed9ba16ff0a206cb0fd19,18.558477,1773042417,fa0245f636ade3cf2cbcd5de32885c71c2d192dd08bd0938b8a6d44b74a641eb,208,104.00,3.90,1,5,4,0.022174,0.547799,TopoStake,pog(D=3_omega=0.80_beta=0.50),2.42,186,0
37,4,0x89100a8056319ba37491b32ba255004180607bc2,5.789705,1773042419,59bb6e48ac844d44b859bafe970313fb6f10c8609bedc32bab5dafd61797d3a1,113,113.00,2.56,1,4,3,0.022483,0.549344,TopoStake,pog(D=3_omega=0.80_beta=0.50),1.78,187,0
38,0,0x8d9e46becf415ca26aa698c9657087e6554aabda,1.387203,1773042421,b08716962abbcf651d0c9dea7c52d02410006c7c19803d686dc4912d40a0042d,200,100.00,3.88,1,5,4,0.022479,0.549893,TopoStake,pog(D=3_omega=0.80_beta=0.50),2.33,188,0
38,1,0x30405867b72597aaeb27803bb2c7f3f5fc7d5384,2.519392,1773042423,149f9ee174003dc97801e85ab9b2ad071b6ec4cb381fb11726a1308e79a0c8e8,250,125.00,3.64,1,5,4,0.022369,0.547732,TopoStake,pog(D=3_omega=0.80_beta=0.50),2.06,189,0
38,2,0xa447d277b02012c2afd9ddcbbe123f27cc971963,2.808162,1773042425,5c2f669901fa003ba7d8bed950ccb2df7ce8a39b9b9a2d872f679b3c96ba9201,227,113.50,3.56,1,5,4,0.022286,0.546926,TopoStake,pog(D=3_omega=0.80_beta=0.50),1.80,190,0
38,3,0x49b57eb4dace37c8819daf079c9c674f766d4f38,3.232855,1773042427,6bb5c7575198bd4b3cdf055fa5882f4d853c082290a558100d8ac23ef3deed11,218,109.00,3.48,1,5,4,0.022212,0.546311,TopoStake,pog(D=3_omega=0.80_beta=0.50),1.46,191,0
38,4,0x4414c05be2cf328f38d2e3ef4b705d6b894f044a,7.093664,1773042429,34c50c7e9583059c59e898a5eb9b1d99a1e29b1b2a95bab0aaf41cd85ed2a99c,181,90.50,3.95,1,6,4,0.022148,0.545950,TopoStake,pog(D=3_omega=0.80_beta=0.50),1.56,192,0
39,0,0x07902d0371763a00d97ed9ba16ff0a206cb0fd19,19.559445,1773042432,a2f8345525729b0c97fa13604d9f2fd2dda94ac7ad10a770572dcd9e61dd39ce,212,70.67,3.87,1,5,4,0.022174,0.547050,TopoStake,pog(D=3_omega=0.80_beta=0.50),2.42,193,0
39,1,0x30509a8084fdfe6fe24d9c9a817c209ad194f8e3,6.663387,1773042433,ee46e073ea2552ad461a6f58a207e6f40be2350f8a0485b3bde838a7c056f896,193,96.50,2.75,1,4,3,0.022488,0.548559,TopoStake,pog(D=3_omega=0.80_beta=0.50),2.45,194,0
39,2,0x075e1d95c7891e1c00414ca1aa9a7a8cf6270019,11.157701,1773042435,67caf44cd548cef5e963bb7dde3e5dfb8e6469d6ff8dbdf2729fbd0d1480674c,115,115.00,3.17,2,5,3,0.022500,0.549438,TopoStake,pog(D=3_omega=0.80_beta=0.50),1.74,195,0
39,3,0x30509a8084fdfe6fe24d9c9a817c209ad194f8e3,7.663918,1773042437,364771ed373cc70e518edd71da5c2cffc7925bfa26578ce55c22e0049481831c,235,117.50,3.11,1,5,3,0.022615,0.550795,TopoStake,pog(D=3_omega=0.80_beta=0.50),1.98,196,0
39,4,0x786f26993bf015cd2da6fb5d3ccd1879e01246ab,4.293389,1773042439,1f6963c3944d9b21c99c7897c9439b0c07edacbb36968c414bd2dceb21b68b67,195,97.50,3.39,1,5,4,0.022648,0.551932,TopoStake,pog(D=3_omega=0.80_beta=0.50),1.70,197,0
40,0,0x0d91704595bff3aec25d40822498a51c62b05e3a,4.575973,1773042441,663d295b02f1e3c9c55f4fd5c73fdafe4e3c47065195d0482b6ad3020e7cdd41,212,106.00,3.98,1,5,4,0.022648,0.551934,TopoStake,pog(D=3_omega=0.80_beta=0.50),1.50,198,0
40,1,0x377eaef292051bbf8ada05b2af76a3f3b9d722a7,0.054069,1773042443,4ac2e8deb9968d10e23ba03aeeb64943e0fce034815bdf63699a1ce8c6f50e7b,197,98.50,3.31,1,5,3,0.022611,0.552123,TopoStake,pog(D=3_omega=0.80_beta=0.50),1.53,199,0
40,2,0xb2a7fe70a6f3137d38f6cb4c3ec6dd1e24f2d5f4,6.425410,1773042445,8bf08f0e84d300688cce17425bdf9cf538138d28f69064c7c171fb1b4c99fbc2,205,68.33,3.67,1,5,4,0.022473,0.548680,TopoStake,pog(D=3_omega=0.80_beta=0.50),2.56,200,0
40,3,0x1796dc61e715f15a2d27dfa32bd34780f12a8c24,13.738592,1773042447,aa132bb2f34578aeab15eedc5e7edc0faf7bffb70822923eac0f571268bd256a,198,99.00,4.20,1,6,4,0.022477,0.549378,TopoStake,pog(D=3_omega=0.80_beta=0.50),2.44,201,0
40,4,0xdcf2130496e27a8094ab996aea4aa77788d65869,7.508342,1773042449,f0e10ff496e4cbba300e9b89ebf391f1086944d6b557bdf2c2f5f6a1d8795d25,113,113.00,3.29,2,5,3,0.022642,0.550780,TopoStake,pog(D=3_omega=0.80_beta=0.50),1.94,202,0
41,0,0x07902d0371763a00d97ed9ba16ff0a206cb0fd19,20.560871,1773042451,257c4d4148bbcf9c51e49ad228db55727db0d3eaf5e0baf44f1f0edc5a481a4c,234,117.00,3.90,1,5,4,0.022669,0.551809,TopoStake,pog(D=3_omega=0.80_beta=0.50),2.23,203,0
41,1,0x58a21eeb7ab18ba8adf1296e66a4487076e95dac,6.094555,1773042453,ca1c6c0ac2ce9a10145eed7c1b01df6e5383d55067351c56230ce4ab4803bbeb,250,125.00,2.83,1,4,3,0.022979,0.553260,TopoStake,pog(D=3_omega=0.80_beta=0.50),1.79,204,0
41,2,0xdcf2130496e27a8094ab996aea4aa77788d65869,8.509459,1773042455,d66cd4e66e6e244a34749f7bf50073a1bf35da38fb3e9242d4d76f8fda38cfe0,209,104.50,3.90,1,5,4,0.022970,0.553768,TopoStake,pog(D=3_omega=0.80_beta=0.50),1.51,205,0
41,3,0x5cd626f4b83428b146919d30f4b3e481d259a9dc,3.076490,1773042457,e717be661b1306642689a3650dd148b441bb3e5282a4f5626426f34f69643da2,196,98.00,4.01,1,5,4,0.023014,0.554930,TopoStake,pog(D=3_omega=0.80_beta=0.50),1.57,206,0
41,4,0x282f43759e22b50aa7989261c51c367f325c3f91,3.355116,1773042459,537c62711ad48f8c336d9a6362fdc2d5bd5168efffaf19c840a16ba3881274a3,199,66.33,4.03,1,6,4,0.022940,0.554404,TopoStake,pog(D=3_omega=0.80_beta=0.50),2.47,207,0
42,0,0xeb82a21cb3d0dd781eb22ad74bb7cd9b4d2a06ec,2.922923,1773042462,b487f52f09d2c68337ee406a074fa07fbe5a332dd13e4e23b46c10239c859c07,180,90.00,3.74,1,6,4,0.022873,0.553992,TopoStake,pog(D=3_omega=0.80_beta=0.50),2.42,208,0
42,1,0x49b57eb4dace37c8819daf079c9c674f766d4f38,4.233656,1773042463,2df7790e31af388795e136aa2ac13c9a07921a90edf5f969ba45a3b05e3a9a10,205,102.50,4.02,1,6,4,0.022797,0.553270,TopoStake,pog(D=3_omega=0.80_beta=0.50),2.45,209,0
42,2,0xa3786e459f289a76c0e8af8ad834e3d0c6d47199,6.727992,1773042465,0f7d816cac1f0ae0bd563e5859d11685413b8511aabde99939dd32ce2544cc9d,104,104.00,3.73,1,5,4,0.022749,0.553271,TopoStake,pog(D=3_omega=0.80_beta=0.50),1.92,210,0
42,3,0x7e40df5d801345015e84c843908efc6683665fa4,2.659898,1773042467,22f78f67235eab528c4b73c765b42ddb857770608e44ed9224bbda0c84953693,209,104.50,4.21,1,6,4,0.022753,0.553974,TopoStake,pog(D=3_omega=0.80_beta=0.50),2.26,211,0
42,4,0x63f4973c0df8a5358405f396dc0673a463c48de9,3.900086,1773042469,adc126e278675196e7c072b45fd0ce2d2920c2911c4f0a7b62b395e756acbad5,250,125.00,3.54,2,5,4,0.022672,0.553076,TopoStake,pog(D=3_omega=0.80_beta=0.50),2.09,212,0
43,0,0x49b57eb4dace37c8819daf079c9c674f766d4f38,5.234183,1773042471,a88fcc5f2becc165b9939a8e64532097dd7679327f38e9aad8f725b172582908,230,115.00,3.52,1,5,4,0.022673,0.553079,TopoStake,pog(D=3_omega=0.80_beta=0.50),1.67,213,0
43,1,0x30509a8084fdfe6fe24d9c9a817c209ad194f8e3,8.665296,1773042473,4233fedcbc5ed5e70953d4e3a23add08551840f6baafe63044721de8925834a9,193,64.33,4.04,1,6,4,0.022646,0.553360,TopoStake,pog(D=3_omega=0.80_beta=0.50),2.48,214,0
43,2,0xdcf2130496e27a8094ab996aea4aa77788d65869,9.510287,1773042476,3264919dd899147da31ce8096ddd6bef8846bf2ef880cff45ae8c1bb2a9b4940,208,104.00,3.35,1,5,3,0.022688,0.554452,TopoStake,pog(D=3_omega=0.80_beta=0.50),2.49,215,0
43,3,0x0d91704595bff3aec25d40822498a51c62b05e3a,5.577150,1773042477,c8256db0e093644c7d9d1b70911a9ccd1bed1ec694007477175f56b82ae0db79,209,104.50,3.97,1,5,4,0.022747,0.555627,TopoStake,pog(D=3_omega=0.80_beta=0.50),2.45,216,0
43,4,0x282f43759e22b50aa7989261c51c367f325c3f91,4.355766,1773042479,d0b7d073cd4f6c63f4ac57825a2be42fd902d021cf0e96448da20fe53b5daa33,124,124.00,2.96,1,5,3,0.022726,0.555907,TopoStake,pog(D=3_omega=0.80_beta=0.50),1.74,217,0
44,0,0x3513d672439a59c26cc5711f2b715ccb4810a774,4.294183,1773042481,076954dd2ff8c10455b78a971a03011c63b66ec35e1d814449322fe7a4c16fd8,249,124.50,3.71,1,6,4,0.022680,0.555882,TopoStake,pog(D=3_omega=0.80_beta=0.50),1.94,218,0
44,1,0x1796dc61e715f15a2d27dfa32bd34780f12a8c24,14.739503,1773042483,8e31041f2777d708a7ef56a5e98b12ca269c58b2dc5bcdf32ba29ba77cab4bc3,250,125.00,3.78,1,5,4,0.022632,0.555778,TopoStake,pog(D=3_omega=0.80_beta=0.50),1.87,219,0
44,2,0x34412315480562da4810040fd15c81f99880e1ab,3.898536,1773042485,698775ba332c31e70fa8de5ac02caf9f42c0b6cbebf548ab1833ed8f491eb170,242,121.00,3.29,1,5,3,0.022792,0.557085,TopoStake,pog(D=3_omega=0.80_beta=0.50),1.68,220,0
44,3,0xa3786e459f289a76c0e8af8ad834e3d0c6d47199,7.728885,1773042487,10800a128ac651ae246166c37e5dc1c2aae571d553463803216a6a52aefff778,185,92.50,4.10,1,6,4,0.022736,0.556800,TopoStake,pog(D=3_omega=0.80_beta=0.50),1.51,221,0
44,4,0x075e1d95c7891e1c00414ca1aa9a7a8cf6270019,12.159874,1773042490,ea1f3b729d7b81a7357b4e3ca0550be2b0bdd91c3ce2802cb60e43e6b914df11,215,71.67,4.29,1,6,4,0.022755,0.557721,TopoStake,pog(D=3_omega=0.80_beta=0.50),2.58,222,0
45,0,0x269cdf52f97e1d9f14b7be895155a7b294f0b21d,6.730662,1773042491,bc3d6fcec3cb6ad4572d6b3a819eeddaaaee9a7a3387e36f96d2cf9bb9bd0543,204,102.00,3.15,1,5,3,0.022859,0.558946,TopoStake,pog(D=3_omega=0.80_beta=0.50),2.48,223,0
45,1,0x8d9e46becf415ca26aa698c9657087e6554aabda,2.388192,1773042493,27d1d340b7cce9a49b292db45ff53855b737c5d3ee37fa92a9bb79d5ceac874a,111,111.00,3.47,1,5,4,0.022857,0.559544,TopoStake,pog(D=3_omega=0.80_beta=0.50),1.82,224,0
45,2,0x49b57eb4dace37c8819daf079c9c674f766d4f38,6.235073,1773042495,e7e02a274bfcc467e733582c838f2fba7e0578fa9043c5ec81e5ef133362f002,250,125.00,3.66,1,5,4,0.022771,0.558465,TopoStake,pog(D=3_omega=0.80_beta=0.50),2.11,225,0
45,3,0x213068cb42718d1dd6d00a6d94d62a3def0e68eb,0.367968,1773042497,df0cfc53cb3fa1f480dde96de32d79c1978554f03850a6dcd45a90fa10bbe1e1,242,121.00,3.91,1,6,4,0.022760,0.558824,TopoStake,pog(D=3_omega=0.80_beta=0.50),1.84,226,0
45,4,0xdcf2130496e27a8094ab996aea4aa77788d65869,10.511226,1773042499,99ae1c6f2889db67989f0249ca19b72c734667219d94912c782fd8f4cd92a4a2,173,86.50,3.77,1,5,4,0.022636,0.555946,TopoStake,pog(D=3_omega=0.80_beta=0.50),1.60,227,0
46,0,0x24898fcb116b48cb2b6fd5d3b4eb599fee0f4633,5.059076,1773042501,45672ac8f5d5bf7345b99064610b07106aa2525f7d1f9529fdfc4a02fed24bb8,202,101.00,3.89,1,5,4,0.022705,0.557097,TopoStake,pog(D=3_omega=0.80_beta=0.50),1.50,228,0
46,1,0x60705151f1f537cacd5b801f3ef1b31dc3f605de,2.304976,1773042504,fea753c9d6010170f5f47054389e1bd4bec1be7665d028cdeec1c813cc42a904,185,61.67,3.53,1,5,4,0.022670,0.557209,TopoStake,pog(D=3_omega=0.80_beta=0.50),2.46,229,0
46,2,0x07902d0371763a00d97ed9ba16ff0a206cb0fd19,21.564230,1773042505,c3868616be2cfbdd4a789c96b798885cf3821ca617e073e51248edb781c9f547,188,94.00,4.23,1,6,4,0.022585,0.556043,TopoStake,pog(D=3_omega=0.80_beta=0.50),2.47,230,0
46,3,0x07902d0371763a00d97ed9ba16ff0a206cb0fd19,22.564920,1773042507,cc4377dfc98b9e0a3b522a648a6cebbb90d76171bbe59de7df726b621cab2616,140,140.00,2.74,2,4,3,0.022856,0.557366,TopoStake,pog(D=3_omega=0.80_beta=0.50),1.72,231,0
46,4,0x07902d0371763a00d97ed9ba16ff0a206cb0fd19,23.566085,1773042509,0de0c1630cb7d3361f734458a47fca7e5a1f120a63f5931d26fc226de3a2fe8d,235,117.50,2.84,1,4,3,0.023141,0.558681,TopoStake,pog(D=3_omega=0.80_beta=0.50),1.95,232,0
47,0,0xd39dbd3662315e3935ec08e6b6028e73b3c09de2,1.921599,1773042511,ffe1db390693b88ec0d3eb0d84a24701192876463d6306f3d815eced18db5921,197,98.50,2.86,1,4,3,0.023441,0.559988,TopoStake,pog(D=3_omega=0.80_beta=0.50),1.61,233,0
47,1,0x53be6e527cc5a7d850b5eae27b9cef342e0665f2,1.040501,1773042513,f091d6d69b301b06c642d119d3342a0e2c968321dc69e7ecf26d7be132f4d5e0,192,96.00,4.56,2,6,5,0.023344,0.558508,TopoStake,pog(D=3_omega=0.80_beta=0.50),1.48,234,0
47,2,0xa7e4d4d949807065ebf85adc1be8c382c7236c15,0.214555,1773042515,4e91058bbe430572bf5218e6e219dbceeff1a84fa50afdaa4eeedc75fd6b94c5,218,72.67,3.50,2,5,4,0.023232,0.556227,TopoStake,pog(D=3_omega=0.80_beta=0.50),2.52,235,0
47,3,0xdcf2130496e27a8094ab996aea4aa77788d65869,11.512194,1773042518,d2fe87741d9d6bc660a64750a4d90710739cf02cfcddef82e1b3beb7c198182e,206,103.00,3.93,1,5,4,0.023106,0.553229,TopoStake,pog(D=3_omega=0.80_beta=0.50),2.45,236,0
47,4,0x13f9dadc05f6c237b03411e2aed1800cf21a5d89,7.290076,1773042519,edf0bdcd3968057f445ad74d2e67386b30236275c340fac3b859bad34ba98950,194,97.00,3.93,1,5,4,0.023183,0.554355,TopoStake,pog(D=3_omega=0.80_beta=0.50),2.52,237,0
48,0,0xd1cd4b808ce6b2841ad42746b64c5a047e857ef0,0.236794,1773042521,af059c71bfe565e2c12591a9825d3f70dc9d1a2e319279dc58bb590fd73d260e,131,131.00,2.85,1,4,3,0.023183,0.555082,TopoStake,pog(D=3_omega=0.80_beta=0.50),1.73,238,0
48,1,0x50f7fa851f9314d682e36da5caa4635039b5305d,2.106580,1773042523,ffd8abcc35aae1e6fc48ba25b33c0d1fe8c3bfc684151e7976dee54ee3714a5a,208,104.00,3.88,1,6,4,0.023059,0.552075,TopoStake,pog(D=3_omega=0.80_beta=0.50),1.84,239,0
48,2,0x07902d0371763a00d97ed9ba16ff0a206cb0fd19,24.567378,1773042525,7124dddb1c0e50bd95c53a12b2e989440f77456cfe0d5394dc3ee07a53de6dfe,223,111.50,3.38,1,5,3,0.022968,0.550748,TopoStake,pog(D=3_omega=0.80_beta=0.50),1.72,240,0
48,3,0xc774b0fee7cabbef3b1ae14bf36db3df0d32c1df,2.172929,1773042527,7d4e3cf873194cc566db1a9c7373caa321e1f54531739b2ddc5317762c901f8e,203,101.50,2.84,2,4,3,0.023269,0.552048,TopoStake,pog(D=3_omega=0.80_beta=0.50),1.45,241,0
48,4,0x8c11ec9090dd820c076e57e899d9c604c79d6b32,4.567827,1773042529,45ce63340811ff9bd13040b8944d8ffac892ee095e61f021ce0bfd033ccba554,176,88.00,4.00,1,5,4,0.023179,0.550713,TopoStake,pog(D=3_omega=0.80_beta=0.50),1.51,242,0
49,0,0xc4dc29db975b952e04358340e56b68fa4ba63fbc,0.540797,1773042532,9a376c40339c8b35d881eb78c76b3b19aa9f049b9fec88bf6408d961e0510b8d,185,61.67,4.12,1,6,4,0.023131,0.550626,TopoStake,pog(D=3_omega=0.80_beta=0.50),2.47,243,0
49,1,0x24898fcb116b48cb2b6fd5d3b4eb599fee0f4633,6.059824,1773042533,6fe028fee0bb0be0999e149231777079b2c11fc0a66bf954f3b730cbbf1ed29a,208,104.00,3.68,1,5,4,0.023013,0.547906,TopoStake,pog(D=3_omega=0.80_beta=0.50),2.50,244,0
49,2,0x13f9dadc05f6c237b03411e2aed1800cf21a5d89,8.290983,1773042535,6f71f2f6bb2714eeb37bb16fcc15aaf7fcefc619491e86555b82c02a6a9bac57,116,116.00,3.49,1,5,4,0.022991,0.548179,TopoStake,pog(D=3_omega=0.80_beta=0.50),1.79,245,0
49,3,0x95ab54d268473cce82094026afefdbd5cadf418b,1.596484,1773042537,c532804542661af7577112c971a189ed4540a3e9dc473c43baa11a9224e58a19,233,116.50,3.02,1,4,3,0.023006,0.549087,TopoStake,pog(D=3_omega=0.80_beta=0.50),1.93,246,0
49,4,0x377eaef292051bbf8ada05b2af76a3f3b9d722a7,1.054543,1773042539,01c0b95842eddecbb26392b96b457d1247b1768e360ae1d36ba31ccd82cc9103,187,93.50,4.44,1,6,5,0.022908,0.547288,TopoStake,pog(D=3_omega=0.80_beta=0.50),1.79,247,0
50,0,0x30509a8084fdfe6fe24d9c9a817c209ad194f8e3,9.666718,1773042541,d208cbf335e1f84cce40eca7e9505d7a3d22f0c06584d1bc98513fd85d52c921,202,101.00,3.56,1,5,4,0.022802,0.545004,TopoStake,pog(D=3_omega=0.80_beta=0.50),1.71,248,0
50,1,0x719361397abe003a91af76243e5f9c7a0cd4279f,7.547691,1773042543,ce0bed4bc13ae5b1fa55db179d18b8d82d66bfbca639da862d4dd43548fe5036,190,63.33,3.35,1,5,3,0.022840,0.546057,TopoStake,pog(D=3_omega=0.80_beta=0.50),2.48,249,0
50,2,0x9bdb1c7ad4bd8fe797b07c08117c74a591dbab2d,1.446678,1773042546,bee63257c69c07bcd4e7a3875f3a261e4d5e65bf85e5de9b60347a08448f2ec6,218,109.00,3.79,1,5,4,0.022842,0.546789,TopoStake,pog(D=3_omega=0.80_beta=0.50),2.44,250,0
50,3,0xfdc414c57908f0e2a6a926079902d4688d553610,0.176458,1773042547,75fbd91775cb55070a66bea484df366cb33fd29752353c138859152ae68c5af4,229,114.50,3.62,1,5,4,0.022743,0.544808,TopoStake,pog(D=3_omega=0.80_beta=0.50),2.41,251,0
50,4,0x13f9dadc05f6c237b03411e2aed1800cf21a5d89,9.292318,1773042549,5303140a1b0da0e13f435830628d155445d7b181d4f7cbb99e677423f56d6737,104,104.00,4.95,1,6,5,0.022625,0.541793,TopoStake,pog(D=3_omega=0.80_beta=0.50),1.97,252,0
51,0,0x016d3fc36beee7caa8fbd6c1caa42461dd7f9850,4.886249,1773042551,369c02ad1c43c68aa1a1acfc795ef4c9f3b52b9d3e7932223224171e3c44babc,250,125.00,2.91,1,4,3,0.022655,0.542765,TopoStake,pog(D=3_omega=0.80_beta=0.50),2.13,253,0
51,1,0x687bf2437a044a3e42ff2f8a79a8e54ba9601f70,2.065094,1773042553,44a4a4c31aa1ba38277f2abedb61714bd96895d6cf9925e7d5e35adbfbf48a41,250,125.00,3.11,1,4,3,0.022614,0.542772,TopoStake,pog(D=3_omega=0.80_beta=0.50),1.76,254,0
51,2,0x3513d672439a59c26cc5711f2b715ccb4810a774,5.295229,1773042555,bc44cdf8a64ed19e8523c9af13fc139724a4baaf2d54babf3d8aaac5c191ef96,211,105.50,3.84,1,5,4,0.022527,0.541340,TopoStake,pog(D=3_omega=0.80_beta=0.50),1.57,255,0
51,3,0x0d91704595bff3aec25d40822498a51c62b05e3a,6.578017,1773042557,31b884a8f3c7857e975372a4145d3698116e4b092dbf364a154b192054f5a868,178,89.00,3.78,1,5,4,0.022492,0.541421,TopoStake,pog(D=3_omega=0.80_beta=0.50),1.47,256,0
51,4,0x13f9dadc05f6c237b03411e2aed1800cf21a5d89,10.293684,1773042560,a9e85060bfa640aba4a043dde7ccd798365dda96df0156d1c7fe76c38b25fa26,182,60.67,3.16,1,5,3,0.022478,0.541824,TopoStake,pog(D=3_omega=0.80_beta=0.50),2.53,257,0
52,0,0xb2a7fe70a6f3137d38f6cb4c3ec6dd1e24f2d5f4,7.425994,1773042561,b2bb1c2a0cfa0dc8eaeb8bc1b4c62ca1956096b1ab3811e0c685c544ee359fad,195,97.50,3.08,1,4,3,0.022523,0.542839,TopoStake,pog(D=3_omega=0.80_beta=0.50),2.50,258,0
52,1,0xa7e4d4d949807065ebf85adc1be8c382c7236c15,1.215360,1773042563,3aaa25d926608be1299e8d158fcb7e8a2e5f5dc9184e3d67c08022dd4ba48051,86,86.00,4.21,1,6,4,0.022521,0.543474,TopoStake,pog(D=3_omega=0.80_beta=0.50),1.94,259,0
52,2,0xdb45667100590f9cfe78a899c3b02c5cd37008f1,3.051381,1773042565,500a4fcfdedef52a86c25e423a3c61efd9ac6a4155434994054e3c406d4e8624,250,125.00,3.87,1,6,4,0.022422,0.541319,TopoStake,pog(D=3_omega=0.80_beta=0.50),2.06,260,0
52,3,0x89100a8056319ba37491b32ba255004180607bc2,6.790378,1773042567,7b04913f177546a68b4d087b1028d0e76dee85140cec7bb78901a877cd9bdac0,209,104.50,4.09,1,6,4,0.022353,0.540666,TopoStake,pog(D=3_omega=0.80_beta=0.50),1.77,261,0
52,4,0x07902d0371763a00d97ed9ba16ff0a206cb0fd19,25.569641,1773042569,657a24e4ff8693a37598a6fcaadee912e36b78fd7545290bd32730c4a64db10c,195,97.50,3.95,1,5,4,0.022353,0.540669,TopoStake,pog(D=3_omega=0.80_beta=0.50),1.59,262,0
53,0,0xac768e60b9269babb15cb1e36ee843243d7c7543,9.723074,1773042571,b9d0cc7b760425935cfe204b571fc37773c1f8dbd31d50e7869570eeb25c4fba,179,89.50,2.88,1,4,3,0.022618,0.542321,TopoStake,pog(D=3_omega=0.80_beta=0.50),1.43,263,0
53,1,0x1796dc61e715f15a2d27dfa32bd34780f12a8c24,15.741648,1773042574,bf0a718aeba07b49fd0f75cd195b78fbe81428e21bd55f7376aefcd352d593b2,182,60.67,3.97,1,5,4,0.022650,0.543234,TopoStake,pog(D=3_omega=0.80_beta=0.50),2.54,264,0
53,2,0x13f9dadc05f6c237b03411e2aed1800cf21a5d89,11.294892,1773042575,96d8b483a5d6576971439016f80439642bf8a9562d93d118550ffd3393f4756d,197,98.50,3.31,1,5,3,0.022772,0.544412,TopoStake,pog(D=3_omega=0.80_beta=0.50),2.45,265,0
53,3,0x269cdf52f97e1d9f14b7be895155a7b294f0b21d,7.731028,1773042577,edc78ef1bc802044f6169121fd0b2153ba1d1f5866e2a9ee4a7e6c25ce32b2bc,132,132.00,3.00,2,5,3,0.022825,0.545420,TopoStake,pog(D=3_omega=0.80_beta=0.50),1.61,266,0
53,4,0x8c11ec9090dd820c076e57e899d9c604c79d6b32,5.568502,1773042579,34f742af7fc9d5470a28fedd365f60dbbe7d707fc398c8e885833aa6c06af3de,250,125.00,3.52,1,5,4,0.022824,0.546062,TopoStake,pog(D=3_omega=0.80_beta=0.50),1.97,267,0
54,0,0xac768e60b9269babb15cb1e36ee843243d7c7543,10.723931,1773042581,89c2c840d5950b46ff46d7b0db4881d11271facb1158839a5338327a1c682216,222,111.00,4.15,1,6,4,0.022790,0.546142,TopoStake,pog(D=3_omega=0.80_beta=0.50),1.76,268,0
54,1,0x719361397abe003a91af76243e5f9c7a0cd4279f,8.548827,1773042583,9310f865a4d96897d06c4d47aef2cf5a41ee3a9ae4105c6447821a363bcb5cc2,218,109.00,4.03,1,6,4,0.022833,0.547083,TopoStake,pog(D=3_omega=0.80_beta=0.50),1.65,269,0
54,2,0x58a21eeb7ab18ba8adf1296e66a4487076e95dac,7.095265,1773042585,ad71d24dcf50a99c84ba9221cff5ab64b7dc789d510d1d02d34486d81b31af54,217,72.33,3.89,1,5,4,0.022843,0.547891,TopoStake,pog(D=3_omega=0.80_beta=0.50),2.45,270,0
54,3,0x075e1d95c7891e1c00414ca1aa9a7a8cf6270019,13.162371,1773042588,8ba00a48311efb79cc93337b36590c50d01e01b956d1113f1829c69ec2e14fa0,216,108.00,4.04,1,5,4,0.022831,0.548311,TopoStake,pog(D=3_omega=0.80_beta=0.50),2.44,271,0
54,4,0x49b57eb4dace37c8819daf079c9c674f766d4f38,7.235886,1773042589,9f846ee6f51412f084d88f39054cff2d77e4a9ebea726e776769711efd579af7,213,106.50,2.98,1,5,3,0.022907,0.549399,TopoStake,pog(D=3_omega=0.80_beta=0.50),2.41,272,0
55,0,0x07902d0371763a00d97ed9ba16ff0a206cb0fd19,26.571150,1773042591,fd5ab7b295666bc4a529c55751da46584ed95987647df9cf706a66074fc94e5a,122,122.00,3.84,1,6,4,0.022897,0.549802,TopoStake,pog(D=3_omega=0.80_beta=0.50),1.85,273,0
55,1,0xdb45667100590f9cfe78a899c3b02c5cd37008f1,4.052204,1773042593,f47f29bb2c91464039e8c45e42ed5a6b92cc5b4eb49a5054a80d1a02a80f517d,250,125.00,2.76,1,4,3,0.023165,0.550990,TopoStake,pog(D=3_omega=0.80_beta=0.50),2.12,274,0
55,2,0x269cdf52f97e1d9f14b7be895155a7b294f0b21d,8.732234,1773042595,92c9aafc8d288c17ab87506a695243b425c41e7e80822ce87b66c3891eaa36e5,244,122.00,4.11,1,5,4,0.023107,0.550714,TopoStake,pog(D=3_omega=0.80_beta=0.50),1.85,275,0
55,3,0x016d3fc36beee7caa8fbd6c1caa42461dd7f9850,5.887652,1773042597,85b326b225098ac563ae80c6b25b559e1453fd22b2914730baf016c618a46cd6,112,56.00,3.65,1,5,4,0.023116,0.551474,TopoStake,pog(D=3_omega=0.80_beta=0.50),1.27,276,0
55,4,0x13f9dadc05f6c237b03411e2aed1800cf21a5d89,12.295993,1773042599,1dff97fb35097eb4d1edbaa0cebe915aae355becbc473b1f93ea0bb442ceb250,201,67.00,3.12,2,4,3,0.023083,0.551554,TopoStake,pog(D=3_omega=0.80_beta=0.50),2.51,277,0
56,0,0x075e1d95c7891e1c00414ca1aa9a7a8cf6270019,14.163479,1773042602,f7ef49ce25d11ace75ca69a77e187e7041db7a5a2273a2f2616935bc09436298,218,109.00,3.00,1,5,3,0.023142,0.552554,TopoStake,pog(D=3_omega=0.80_beta=0.50),2.52,278,0
56,1,0xaadc5fea232580cb8fba739ac5d05a48559c7e52,3.355708,1773042603,873270a46851863faed7b79289fb5a16f6d6f403ee1c9ef3ed59aae8f6a2f02c,215,107.50,3.01,1,5,3,0.023226,0.553611,TopoStake,pog(D=3_omega=0.80_beta=0.50),2.32,279,0
56,2,0x213068cb42718d1dd6d00a6d94d62a3def0e68eb,1.368235,1773042605,d9be9141d27f825d087fe0ed0dbaef20fbdea74c887177c8a6df727c26c78006,105,105.00,4.20,1,6,4,0.023157,0.553089,TopoStake,pog(D=3_omega=0.80_beta=0.50),1.87,280,0
56,3,0x07902d0371763a00d97ed9ba16ff0a206cb0fd19,27.572684,1773042607,4a48029d56963a42fc7969625197c9df963455deec2a527a7ea01eea1e68b662,250,125.00,3.64,2,5,4,0.023061,0.551084,TopoStake,pog(D=3_omega=0.80_beta=0.50),2.22,281,0
56,4,0x1796dc61e715f15a2d27dfa32bd34780f12a8c24,16.742987,1773042609,a8a7fdd71b287f95aa32be0a114474c2c912e3adb70f4ef1f3ee4fdaede24c75,239,119.50,2.78,2,4,3,0.023329,0.552243,TopoStake,pog(D=3_omega=0.80_beta=0.50),1.85,282,0
57,0,0x24898fcb116b48cb2b6fd5d3b4eb599fee0f4633,7.060403,1773042611,b909a37007edd9d74c391d7ca70e8edb0007a49bf81d39ce25d939c105ab7b9f,204,102.00,3.34,2,5,3,0.023445,0.553343,TopoStake,pog(D=3_omega=0.80_beta=0.50),1.44,283,0
57,1,0x1796dc61e715f15a2d27dfa32bd34780f12a8c24,17.743996,1773042613,6aa105242289b80dba8fa8397a088706514f3e32624d6f82575510335d329faf,198,66.00,3.48,1,5,4,0.023426,0.553629,TopoStake,pog(D=3_omega=0.80_beta=0.50),2.54,284,0
57,2,0x1cb1274c711a6c2e4e1596846e6ac604eeefb358,2.408811,1773042616,2c21897418498eef52e8a1e7e00a4ab410a20e5404a9a7c96384126397b8521c,200,100.00,3.23,1,5,3,0.023553,0.554721,TopoStake,pog(D=3_omega=0.80_beta=0.50),2.46,285,0
57,3,0x07902d0371763a00d97ed9ba16ff0a206cb0fd19,28.573982,1773042617,015dd60ba09cb46cd516586de60f31596c3df469a16d6e495143ea030dd0cd41,200,100.00,3.47,1,5,4,0.023470,0.553567,TopoStake,pog(D=3_omega=0.80_beta=0.50),2.46,286,0
57,4,0x07902d0371763a00d97ed9ba16ff0a206cb0fd19,29.574632,1773042619,c59da58ebab594fef46c525fcfe87b1f92401234a0cc6f90a7cda072ea3faaa4,140,140.00,2.74,2,4,3,0.023741,0.554704,TopoStake,pog(D=3_omega=0.80_beta=0.50),1.56,287,0
58,0,0x63f4973c0df8a5358405f396dc0673a463c48de9,3.899148,1773042621,0d595be3963067d59aaebab898b483b81a525da45c118e00ba3662825b8dfe48,232,116.00,2.76,1,4,3,0.024022,0.555835,TopoStake,pog(D=3_omega=0.80_beta=0.50),1.70,288,0
58,1,0x075e1d95c7891e1c00414ca1aa9a7a8cf6270019,15.164902,1773042623,6c02abc750177810be93f505d5ae2d8adb4519cff9c32a9aef1336e52be95928,196,98.00,3.66,1,5,4,0.023957,0.555458,TopoStake,pog(D=3_omega=0.80_beta=0.50),1.59,289,0
58,2,0x1796dc61e715f15a2d27dfa32bd34780f12a8c24,18.744995,1773042625,5d89037ce78bfc5936ee2d8028fb7ef2c96ed9c6ba5b013d3ea234211a2a666e,233,116.50,3.13,1,5,3,0.024042,0.556479,TopoStake,pog(D=3_omega=0.80_beta=0.50),1.52,290,0
58,3,0x63f4973c0df8a5358405f396dc0673a463c48de9,4.900071,1773042627,d7bbb2c95635323c0d3c735423294d8ab5de1a56ceac7026f521a5af02a6ccca,200,100.00,3.33,1,5,3,0.024173,0.557545,TopoStake,pog(D=3_omega=0.80_beta=0.50),1.51,291,0
58,4,0x07902d0371763a00d97ed9ba16ff0a206cb0fd19,30.575937,1773042630,62e181d658f155f3a4cc03cdb5330f5ef241f7e4f4bd35cdabda1cb72344a0f0,207,69.00,3.60,1,5,4,0.024120,0.557413,TopoStake,pog(D=3_omega=0.80_beta=0.50),2.45,292,0
59,0,0xbc3f8508d26048f2064aa8c068f4c94d08d77d18,5.067530,1773042631,99dbe5a78c39b7691d99c39ee935bb9340ab911a82032ce218cda8731199e3de,220,110.00,2.67,1,4,3,0.024404,0.558521,TopoStake,pog(D=3_omega=0.80_beta=0.50),2.40,293,0
59,1,0xa447d277b02012c2afd9ddcbbe123f27cc971963,3.808238,1773042633,21f97d7b28b7cb65e7eba669289b11e08b788aa6b7c8b0a511cdc210b61ba7cf,87,87.00,4.03,1,6,4,0.024352,0.558376,TopoStake,pog(D=3_omega=0.80_beta=0.50),1.93,294,0
59,2,0x763be7657fec175a3de5f1ee0a506722872c886d,0.035656,1773042635,189806ce72259ea6e58bb13ea05186acee3aa8d9c4fb20cb8ee7154665aa4935,250,125.00,3.45,1,5,3,0.024284,0.557928,TopoStake,pog(D=3_omega=0.80_beta=0.50),2.20,295,0
59,3,0x1796dc61e715f15a2d27dfa32bd34780f12a8c24,19.746096,1773042637,f25812876f628a40a38bff78e8dbbffcd092830a3dd4a641f0abb93c263c4a2d,234,117.00,3.74,1,5,4,0.024168,0.555037,TopoStake,pog(D=3_omega=0.80_beta=0.50),1.84,296,0
59,4,0x26d553a2f4343b3a7dc88bbd87b3d0a25d3838d9,7.222421,1773042639,5216cee80e6d4247635791eb88e947869c9eaad7bbc4e1a90616c276abe24b0a,190,95.00,3.37,1,5,3,0.024168,0.555039,TopoStake,pog(D=3_omega=0.80_beta=0.50),1.51,297,0
60,0,0xeaa5003682d7289190651081ae2bee847097afc5,0.757021,1773042641,cc6830ee5299d2656666477d19def7a178c82f03254c6bd2a93985c529ae785e,194,97.00,3.84,2,5,4,0.024145,0.555307,TopoStake,pog(D=3_omega=0.80_beta=0.50),1.52,298,0
60,1,0x07902d0371763a00d97ed9ba16ff0a206cb0fd19,31.577275,1773042644,645fddc5ff4fbbb71ae137e12a3044e2d6df0fe23827c441292321f2eeb32200,193,64.33,4.27,1,6,4,0.024040,0.552944,TopoStake,pog(D=3_omega=0.80_beta=0.50),2.50,299,0
60,2,0x213068cb42718d1dd6d00a6d94d62a3def0e68eb,2.369104,1773042645,4921ba3f2cd41f5c10a32d16c1ddcf46e7f6845c0de18664fda0f06d03100bde,217,108.50,2.80,1,4,3,0.024326,0.554048,TopoStake,pog(D=3_omega=0.80_beta=0.50),2.49,300,0
60,3,0xa447d277b02012c2afd9ddcbbe123f27cc971963,4.809388,1773042647,56c4c65d4a5c94a7224f1c83efc228e6931f4977e26d46206f333bd94f9350dd,105,105.00,3.50,1,5,4,0.024240,0.552859,TopoStake,pog(D=3_omega=0.80_beta=0.50),1.93,301,0
60,4,0x52e05d9fa4faa167f30baba23c710e4f49115288,2.147777,1773042649,a8430981527e370593d9ea9702e0375b7ae73a4f8024443260e5a751129e3370,250,125.00,3.37,1,5,3,0.024186,0.552630,TopoStake,pog(D=3_omega=0.80_beta=0.50),2.26,302,0
61,0,0xa5a12d96532497871d73549e55ab377e3dcb3a40,0.106275,1773042651,297079540e08f169a8e5f18ba63dc2421dc6126d25a0f2af13c80e4070a2daba,226,113.00,3.88,1,5,4,0.024098,0.551255,TopoStake,pog(D=3_omega=0.80_beta=0.50),2.00,303,0
61,1,0x58a21eeb7ab18ba8adf1296e66a4487076e95dac,8.096072,1773042653,ed618785394dea53029f06c66ecc00e393ff5c38c795ba35fceda2a5942445f7,231,115.50,4.10,1,6,4,0.024098,0.551256,TopoStake,pog(D=3_omega=0.80_beta=0.50),1.74,304,0
61,2,0xfdc414c57908f0e2a6a926079902d4688d553610,1.176047,1773042655,e3b5b5745217470fe4659bc0b710cb3c98d6ce152da0e17aeb20de51aa92915b,228,114.00,3.96,1,5,4,0.023973,0.549016,TopoStake,pog(D=3_omega=0.80_beta=0.50),1.62,305,0
61,3,0x07902d0371763a00d97ed9ba16ff0a206cb0fd19,32.578712,1773042657,c6e4c81509aed5fadac4a50e4effc3b8fc7aa582acfdd79ce245fceeaf57c0e9,190,63.33,4.88,2,6,5,0.023875,0.546944,TopoStake,pog(D=3_omega=0.80_beta=0.50),2.49,306,0
61,4,0x311eb133eb413ac3f21249889bb101e5d40820ce,2.133826,1773042660,da53a7c2d2ff8dcd2f2d44e0286d9ec9da1a626f747a96915c914a32ce206b56,204,102.00,2.72,1,4,3,0.024163,0.548045,TopoStake,pog(D=3_omega=0.80_beta=0.50),2.51,307,0
62,0,0x49b57eb4dace37c8819daf079c9c674f766d4f38,8.236411,1773042661,53bbc8169a8233438415e9406dab67466ec96948cfeaa70c7b413a72a98542b3,193,96.50,3.55,1,5,4,0.024075,0.546638,TopoStake,pog(D=3_omega=0.80_beta=0.50),2.53,308,0
62,1,0x1796dc61e715f15a2d27dfa32bd34780f12a8c24,19.746276,1773042663,a4b8a2e9a5f6f0c5ceb0c11383cdb6f450a5daaea0bbf21e2e572c3f3eff5a89,106,106.00,3.81,2,5,4,0.024063,0.547206,TopoStake,pog(D=3_omega=0.80_beta=0.50),1.87,309,0
62,2,0x6064b9f5883bf9737dfe314ff68c56e09e68ac89,3.191012,1773042665,68f41b13c0e2300b9499b3d599445edb13cca74f6a9cf842cde57ef309bad5f5,250,125.00,3.34,1,5,3,0.024190,0.548249,TopoStake,pog(D=3_omega=0.80_beta=0.50),2.04,310,0
62,3,0x282f43759e22b50aa7989261c51c367f325c3f91,5.356110,1773042667,be13a5bad96d0292d387293fa3e7e291cb883ffcc6740ef8845f24d7a7712bbf,223,111.50,3.87,1,5,4,0.024116,0.547606,TopoStake,pog(D=3_omega=0.80_beta=0.50),1.69,311,0
62,4,0x49b57eb4dace37c8819daf079c9c674f766d4f38,9.236882,1773042669,2458b0502a0938f45824f53be8f57c4a41b6d7d005a99f06585feed1c8bd93d0,194,97.00,3.89,1,6,4,0.024068,0.547486,TopoStake,pog(D=3_omega=0.80_beta=0.50),1.55,312,0
63,0,0x5cd626f4b83428b146919d30f4b3e481d259a9dc,4.076263,1773042671,5cfbfb553e6c564c0a7aa456859359cbac927e9832eb0c411db54aaf328b874c,229,76.33,3.95,1,6,4,0.024067,0.548188,TopoStake,pog(D=3_omega=0.80_beta=0.50),2.52,313,0
63,1,0x8d9e46becf415ca26aa698c9657087e6554aabda,3.388503,1773042674,a943efdc8fa2a2ead86ccb01c049a68f0a00164622716ca8a7f690abf1dfe06f,200,100.00,4.00,1,6,4,0.024004,0.547788,TopoStake,pog(D=3_omega=0.80_beta=0.50),2.50,314,0
63,2,0x075e1d95c7891e1c00414ca1aa9a7a8cf6270019,16.167210,1773042675,a43250d3daaf34b59550e8a2efda58092f3a64ffccb12c24df53ae574971f864,243,121.50,3.67,1,5,4,0.023934,0.547181,TopoStake,pog(D=3_omega=0.80_beta=0.50),2.49,315,0
63,3,0x4414c05be2cf328f38d2e3ef4b705d6b894f044a,8.094203,1773042677,e7725f593cf82cb9f0aebd2cc3d959d4f56e11911707da57165101af186d45c6,139,139.00,2.94,1,5,3,0.024014,0.548160,TopoStake,pog(D=3_omega=0.80_beta=0.50),1.76,316,0
63,4,0xaadc5fea232580cb8fba739ac5d05a48559c7e52,4.355753,1773042679,975eda992ee2dfa9d57cb4ed68a8ec2bebb7ca17ac8348c16ca9ca25bbbb0708,229,114.50,3.83,1,5,4,0.023998,0.548632,TopoStake,pog(D=3_omega=0.80_beta=0.50),2.17,317,0
64,0,0x786f26993bf015cd2da6fb5d3ccd1879e01246ab,4.292328,1773042681,f95cb90419d6ea7038eb530dbe6f090c1a7390d41b7074ae6dba014c70d20b8e,238,119.00,4.17,1,6,4,0.023939,0.548253,TopoStake,pog(D=3_omega=0.80_beta=0.50),2.05,318,0
64,1,0x1796dc61e715f15a2d27dfa32bd34780f12a8c24,20.747725,1773042683,630f4f0db1ada43c6d651629ca25b1c10dd87ce38dcd0a3f9945e97a7f7df701,236,118.00,4.22,1,5,4,0.023880,0.547814,TopoStake,pog(D=3_omega=0.80_beta=0.50),1.78,319,0
64,2,0x07902d0371763a00d97ed9ba16ff0a206cb0fd19,33.580697,1773042685,a85d4aa5c967b0e7235bbfee55a0ca514d430c08539404c8aba4454363600700,231,115.50,3.35,1,5,3,0.024010,0.548831,TopoStake,pog(D=3_omega=0.80_beta=0.50),1.53,320,0
64,3,0x408bb0bf84df50b21c53c74420987f172d4036a1,2.798332,1773042687,c060b4138719f032c00d3cf0f31c402f61dc4799f270b00005e28d0ce4db716c,211,70.33,2.82,1,4,3,0.024286,0.549890,TopoStake,pog(D=3_omega=0.80_beta=0.50),2.41,321,0
64,4,0x13f9dadc05f6c237b03411e2aed1800cf21a5d89,13.299122,1773042690,726bd92ed6e8df3dfb51d1b34ba190d17e7d1ed3072c56eab0e2d9b4a64998a9,202,101.00,3.54,1,5,4,0.024208,0.548941,TopoStake,pog(D=3_omega=0.80_beta=0.50),2.49,322,0
65,0,0xac768e60b9269babb15cb1e36ee843243d7c7543,11.724748,1773042691,0431b275040ea595b7608775cf2b68954ca3de93e0865d099ba850b05e4635bf,201,100.50,2.89,1,5,3,0.024249,0.549850,TopoStake,pog(D=3_omega=0.80_beta=0.50),2.45,323,0
65,1,0xc339f8bf978200eb65afce6c7121402eda949097,1.075037,1773042693,1d7de19d6085be4b6129f41d8f5fead8905318d57177681d0c713b36524f6fd2,130,130.00,3.76,1,5,4,0.024272,0.550670,TopoStake,pog(D=3_omega=0.80_beta=0.50),1.75,324,0
65,2,0x2abf89d7c96c80fcff9dec1fe92803573094ee35,1.226655,1773042695,10011489107c75911a99aee9d9edef57780ce2af3dd08933e0415d93e33588ee,184,92.00,4.11,1,6,4,0.024175,0.548574,TopoStake,pog(D=3_omega=0.80_beta=0.50),2.10,325,0
65,3,0xb2a7fe70a6f3137d38f6cb4c3ec6dd1e24f2d5f4,8.426010,1773042697,973da3be9211ae08a440662297940fccb951129d11fb70ded59b1addde2e9f3e,246,123.00,3.73,1,5,4,0.024080,0.546540,TopoStake,pog(D=3_omega=0.80_beta=0.50),1.84,326,0
65,4,0x13f9dadc05f6c237b03411e2aed1800cf21a5d89,14.300255,1773042699,76246650763013f500ab440a080f9d33324c31c4ce016e44c642eef3f8c4a7ca,189,94.50,4.35,1,6,4,0.024066,0.547040,TopoStake,pog(D=3_omega=0.80_beta=0.50),1.56,327,0
66,0,0x13f9dadc05f6c237b03411e2aed1800cf21a5d89,15.301210,1773042701,5cc57e952955ddcc36b60d509f3b6c003b78bbaed1d4f9a69ce85be7b0c4399d,195,97.50,3.07,1,5,3,0.024117,0.547944,TopoStake,pog(D=3_omega=0.80_beta=0.50),1.52,328,0
66,1,0x016d3fc36beee7caa8fbd6c1caa42461dd7f9850,6.888950,1773042704,bc83698d2b4787a24ffc14864c56731f050fbca13f23acfa4e9fcf45b53d3f08,201,67.00,3.01,1,5,3,0.024178,0.548845,TopoStake,pog(D=3_omega=0.80_beta=0.50),2.51,329,0
66,2,0x07902d0371763a00d97ed9ba16ff0a206cb0fd19,34.582255,1773042705,16db8e4cab9194218b4ead3cc08c72a44b6507b81d791e6e8a54957ebed5f92b,187,93.50,3.11,1,4,3,0.024146,0.549008,TopoStake,pog(D=3_omega=0.80_beta=0.50),2.52,330,0
66,3,0x1cb1274c711a6c2e4e1596846e6ac604eeefb358,3.409386,1773042707,5dc29fec06d48168d58b3aab3bdadf4b05a1706f445ffbf7f0ac5addb6a4e1be,139,139.00,2.61,1,4,3,0.024417,0.550042,TopoStake,pog(D=3_omega=0.80_beta=0.50),1.73,331,0
66,4,0x606627477c3734932f47972f83c27cf4e3b35b4f,8.381212,1773042709,3d5e84c9c60b9e091fc9ea4d5123ee56758afe9c0788af4960df35ec99daf986,226,113.00,3.46,1,5,4,0.024346,0.549389,TopoStake,pog(D=3_omega=0.80_beta=0.50),1.92,332,0
67,0,0x26d553a2f4343b3a7dc88bbd87b3d0a25d3838d9,8.223343,1773042711,3b0214a76926002882078e9db76255701d876feecf9bcc1be56de346b767a908,231,115.50,3.68,2,5,4,0.024329,0.549822,TopoStake,pog(D=3_omega=0.80_beta=0.50),1.79,333,0
67,1,0x016d3fc36beee7caa8fbd6c1caa42461dd7f9850,7.889903,1773042713,8ce38ad813192cbbd30c6f305c9610ee8a0e0c9dbe5dee08421ac03995ad9400,197,98.50,3.77,1,5,4,0.024310,0.550185,TopoStake,pog(D=3_omega=0.80_beta=0.50),1.49,334,0
67,2,0x6414c6a8400ff3419cd81855d09de2848d770e0e,0.150302,1773042715,676316db9eaf7b28718ad0d1d631302ad4e4823635fce5fed58cf5ac28388048,192,96.00,3.12,1,4,3,0.024288,0.550464,TopoStake,pog(D=3_omega=0.80_beta=0.50),1.49,335,0
67,3,0x26d553a2f4343b3a7dc88bbd87b3d0a25d3838d9,9.224240,1773042717,22b66383cf164d82c7bc4ec97d2e5fdc027292604868cbacfedf30d466d4f54b,199,66.33,4.00,2,5,4,0.024183,0.547846,TopoStake,pog(D=3_omega=0.80_beta=0.50),2.45,336,0
67,4,0x269cdf52f97e1d9f14b7be895155a7b294f0b21d,9.732751,1773042719,3089e7562162bc3f0c5fca7b034faac35fe79487da656bd6708bbf11283a0612,221,110.50,3.75,1,5,4,0.024175,0.548443,TopoStake,pog(D=3_omega=0.80_beta=0.50),2.45,337,0
68,0,0x687bf2437a044a3e42ff2f8a79a8e54ba9601f70,3.065077,1773042721,596e895b2ca617d7072bb07ab230d1d735762ec4aaf51943732604e5bc790959,107,107.00,3.62,2,5,4,0.024172,0.549096,TopoStake,pog(D=3_omega=0.80_beta=0.50),1.93,338,0
68,1,0x0d91704595bff3aec25d40822498a51c62b05e3a,7.579804,1773042723,5df5e43a5ae097bae3e6639cd136c2633662ec77584f505bf4373cd4a90ce30e,232,116.00,3.70,1,5,4,0.024099,0.548280,TopoStake,pog(D=3_omega=0.80_beta=0.50),2.21,339,0
68,2,0x016d3fc36beee7caa8fbd6c1caa42461dd7f9850,8.891021,1773042725,176174fde193a368ffc916e1ae484c367dfb5cf1856a5f92300b5ef5fc6ee782,248,124.00,3.23,1,5,3,0.024073,0.548484,TopoStake,pog(D=3_omega=0.80_beta=0.50),1.90,340,0
68,3,0x606627477c3734932f47972f83c27cf4e3b35b4f,9.382399,1773042727,5ffee5298d5db39539c0f5f5d270e8eff1d916ffd1af12c4e9244d9b690b338b,199,99.50,3.19,1,4,3,0.024062,0.548943,TopoStake,pog(D=3_omega=0.80_beta=0.50),1.56,341,0
68,4,0x1cb1274c711a6c2e4e1596846e6ac604eeefb358,4.410537,1773042729,d0686353bfc2a7741622505c6ac631999d02a91c3dc900e22b50cdef1a1fc600,215,107.50,3.67,1,5,4,0.024055,0.549476,TopoStake,pog(D=3_omega=0.80_beta=0.50),1.52,342,0
69,0,0x3d92e045fb1847aae132b40ebfcc471a32f687de,0.123298,1773042731,26f7ed677b8f4167862e2387b4f68f73097a81d644eeddc2ee75d2eae80659bb,199,66.33,3.51,1,5,4,0.023996,0.549042,TopoStake,pog(D=3_omega=0.80_beta=0.50),2.47,343,0
69,1,0x408bb0bf84df50b21c53c74420987f172d4036a1,3.799056,1773042734,9b0906520f943d1e20da9001b1fc6f543fac0847c07391d478817fb49c2bdcb6,200,100.00,3.92,1,5,4,0.023894,0.546411,TopoStake,pog(D=3_omega=0.80_beta=0.50),2.50,344,0
69,2,0x52e05d9fa4faa167f30baba23c710e4f49115288,3.148550,1773042736,584724695af967d6ec17adebaeeffa61581bf09bd88f055a10cd5f3e831708d3,195,97.50,3.64,1,5,4,0.023830,0.545815,TopoStake,pog(D=3_omega=0.80_beta=0.50),2.52,345,0
69,3,0x07902d0371763a00d97ed9ba16ff0a206cb0fd19,35.584091,1773042738,8392808de6efadc6fe2eb177745d30c9af7e90ed7f2ff9617e7208e9e4117b54,192,96.00,3.97,1,5,4,0.023760,0.545006,TopoStake,pog(D=3_omega=0.80_beta=0.50),2.44,346,0
69,4,0x13f9dadc05f6c237b03411e2aed1800cf21a5d89,16.302819,1773042740,a43b4902320e622a7db009cdd47cff815593f0f5faa3ee06e2a309a0a855031d,250,125.00,2.79,2,4,3,0.024020,0.546012,TopoStake,pog(D=3_omega=0.80_beta=0.50),2.22,347,0
70,0,0xf5ecb44daf07a1d1073dbc89baf04bd7541fa517,0.062969,1773042742,d959c8c5d9eee2da26b1d653b7ba30271f6e9bd5432f8a6ff59fe3fdf08d1c23,250,125.00,2.97,1,5,3,0.024082,0.546883,TopoStake,pog(D=3_omega=0.80_beta=0.50),1.98,348,0
70,1,0x26d553a2f4343b3a7dc88bbd87b3d0a25d3838d9,10.225304,1773042744,c0288b9e769722a65a6e01a4756985d9651d12cdd28b4a341910cf7c27a658b5,221,110.50,4.04,1,6,4,0.023979,0.544200,TopoStake,pog(D=3_omega=0.80_beta=0.50),1.73,349,0
70,2,0x0d91704595bff3aec25d40822498a51c62b05e3a,8.581047,1773042746,27225a9b6c039b5e876d9da3c4277e8fd926debe16df1fafe781a2540ceb616b,211,105.50,3.76,1,5,4,0.023980,0.544881,TopoStake,pog(D=3_omega=0.80_beta=0.50),1.48,350,0
70,3,0x07902d0371763a00d97ed9ba16ff0a206cb0fd19,36.585472,1773042749,a5d57b7520b60b1066d5c7e987b271df65b48790b1fadf4d7de691afec0a9b07,193,64.33,3.23,1,5,3,0.023963,0.545210,TopoStake,pog(D=3_omega=0.80_beta=0.50),2.55,351,0
70,4,0x1cb1274c711a6c2e4e1596846e6ac604eeefb358,5.411532,1773042750,b443a738b9af9deca392c915dfa39922c12f70a88e7986d4bc41a0c0bdb3d1e6,205,102.50,2.70,1,4,3,0.024225,0.546202,TopoStake,pog(D=3_omega=0.80_beta=0.50),2.41,352,0
71,0,0x26d553a2f4343b3a7dc88bbd87b3d0a25d3838d9,11.226341,1773042752,50f1656cdc22f521903982a23569a98584f10a48947590ad77d98704a08724d3,137,137.00,3.34,2,5,3,0.024176,0.546068,TopoStake,pog(D=3_omega=0.80_beta=0.50),1.80,353,0
71,1,0x8719ca31b72ae8a5404006763c53d5ad503dbcb0,0.110324,1773042754,441fe9ee00c0f2bd0c3032d8545e6fd4317256984b2784e99a4ce52e974fc6a1,241,120.50,3.75,1,5,4,0.024184,0.546789,TopoStake,pog(D=3_omega=0.80_beta=0.50),2.04,354,0
71,2,0x13f9dadc05f6c237b03411e2aed1800cf21a5d89,17.304253,1773042756,909011299c33f14b205a353fd9af01a2ce709ba6506d8517386b8fe0208ae13a,183,91.50,4.13,1,6,4,0.024083,0.544131,TopoStake,pog(D=3_omega=0.80_beta=0.50),1.75,355,0
71,3,0x30509a8084fdfe6fe24d9c9a817c209ad194f8e3,10.668982,1773042758,33258e1a24c623d0795b07fc2c28b7b7528bb7bcab5b9c95d14634093c5603e2,223,111.50,3.09,1,5,3,0.024151,0.545030,TopoStake,pog(D=3_omega=0.80_beta=0.50),1.63,356,0
71,4,0xaadc5fea232580cb8fba739ac5d05a48559c7e52,5.356428,1773042760,d01e0940fddc9e1af7b773b6611cba1e4c89a1fbb3f4c66aafb2322efd13fbc3,213,106.50,3.36,1,5,3,0.024153,0.545702,TopoStake,pog(D=3_omega=0.80_beta=0.50),1.49,357,0
72,0,0x1cb1274c711a6c2e4e1596846e6ac604eeefb358,6.412216,1773042763,2ba9d5cf093085668a7e344ad3917710765614de7de2b4cca34ac044d2ea5771,192,64.00,4.14,1,6,4,0.024104,0.545510,TopoStake,pog(D=3_omega=0.80_beta=0.50),2.52,358,0
72,1,0x075e1d95c7891e1c00414ca1aa9a7a8cf6270019,17.169386,1773042764,c29774ccab7426834bd01f265d0d68c2220a20c713115abea98480fc99e8e95b,178,89.00,3.59,1,5,4,0.024065,0.545602,TopoStake,pog(D=3_omega=0.80_beta=0.50),2.44,359,0
72,2,0x07902d0371763a00d97ed9ba16ff0a206cb0fd19,37.586911,1773042766,48bdc719a133c25f0207b31017a0911ccabc391b16cb4c41facb3e5244c4d348,102,102.00,2.87,2,5,3,0.024129,0.546445,TopoStake,pog(D=3_omega=0.80_beta=0.50),1.78,360,0
72,3,0x4a217e35f6402e7f62a49f6d62e27c6585c2f3fd,2.489615,1773042768,cce7d9956a6ac143f1c8e53b3894ae53f42253687e1596f70204374f0efaa8d8,250,125.00,2.70,1,4,3,0.024387,0.547417,TopoStake,pog(D=3_omega=0.80_beta=0.50),1.98,361,0
72,4,0x8c11ec9090dd820c076e57e899d9c604c79d6b32,6.568773,1773042770,aafa71169c040f1a9efaed4de92ae0a515b85c316912257899037e1b6a072025,212,106.00,3.60,1,5,4,0.024309,0.546297,TopoStake,pog(D=3_omega=0.80_beta=0.50),1.72,362,0
73,0,0x269cdf52f97e1d9f14b7be895155a7b294f0b21d,10.733158,1773042772,d71b2bca73b5a8e08ac6ee5cba6ba92da255869f607f232a00f01e12a3bc24b5,195,97.50,4.24,1,6,4,0.024271,0.546358,TopoStake,pog(D=3_omega=0.80_beta=0.50),1.75,363,0
73,1,0x1cb1274c711a6c2e4e1596846e6ac604eeefb358,7.413069,1773042774,416c84ea8243f7e3b567febd1fe20b801675cd6cef7f66155b1f549c2f98e480,215,107.50,3.69,1,5,4,0.024271,0.546979,TopoStake,pog(D=3_omega=0.80_beta=0.50),1.55,364,0
73,2,0x07902d0371763a00d97ed9ba16ff0a206cb0fd19,38.588338,1773042776,46157ff8b96b74fe89deb96af39d6d67faa928dcaaf40b3854bd1c2dfc1d27cf,218,72.67,3.53,1,5,4,0.024241,0.547110,TopoStake,pog(D=3_omega=0.80_beta=0.50),2.55,365,0
73,3,0x1796dc61e715f15a2d27dfa32bd34780f12a8c24,21.749523,1773042779,306521ec745a7f3bef6542ee01702c7a95a5c4c02879f4391b3ef62c4066f3c8,226,113.00,2.77,1,4,3,0.024501,0.548071,TopoStake,pog(D=3_omega=0.80_beta=0.50),2.41,366,0
73,4,0x28672c71695142588ed26ada6f4b18b8b6c12308,0.688185,1773042780,2c21a6531f97f1bc7214de931f985c5a032061b85ff69fa77b8c8dfad787125d,184,92.00,3.26,1,5,3,0.024603,0.548982,TopoStake,pog(D=3_omega=0.80_beta=0.50),2.51,367,0
74,0,0x07902d0371763a00d97ed9ba16ff0a206cb0fd19,39.589431,1773042782,18d4346b56774627e9e5f903511c23c2af3ba63def5190f45465613985606c7d,135,135.00,3.51,2,5,4,0.024508,0.546742,TopoStake,pog(D=3_omega=0.80_beta=0.50),1.84,368,0
74,1,0xdb45667100590f9cfe78a899c3b02c5cd37008f1,5.052404,1773042784,1db3a7a2782fe6eea3b246fc8a6afc1ff9e3df0a17f4e7c9ae1c97076d3f22de,250,125.00,2.85,1,4,3,0.024772,0.547696,TopoStake,pog(D=3_omega=0.80_beta=0.50),2.16,369,0
74,2,0x07902d0371763a00d97ed9ba16ff0a206cb0fd19,40.590701,1773042786,023941534a8aafac616f23f6d663a756d39f561a4aead49d510b23a662215c92,201,100.50,4.08,1,6,4,0.024717,0.547392,TopoStake,pog(D=3_omega=0.80_beta=0.50),1.95,370,0
74,3,0x30509a8084fdfe6fe24d9c9a817c209ad194f8e3,11.670107,1773042788,981b0a87282b13e2a3a2318f139172b3c6b13c57a118f23c0fa94a62fb5ca5e9,234,117.00,2.77,1,4,3,0.024988,0.548341,TopoStake,pog(D=3_omega=0.80_beta=0.50),1.69,371,0
74,4,0x13f9dadc05f6c237b03411e2aed1800cf21a5d89,18.305788,1773042790,9a4ed9e54b5302280c083c884cafe860910c694155b19ca7051f7438e9519b2c,204,102.00,3.36,1,5,3,0.024988,0.548343,TopoStake,pog(D=3_omega=0.80_beta=0.50),1.49,372,0
75,0,0x58a21eeb7ab18ba8adf1296e66a4487076e95dac,9.096682,1773042792,243b29fa1e98ef38dc34d506e241aff2fe2b145931e5b827ceee869652959974,207,69.00,3.00,1,5,3,0.025056,0.549867,TopoStake,pog(D=3_omega=0.80_beta=0.50),2.57,373,0
75,1,0xa9a524611994a27dd3134d643379aa14edf7cb39,1.091742,1773042794,5efca9fc5c6937403caa045ff05679bce050e85c7ece2f31eef2c1868c713821,183,91.50,3.90,1,5,4,0.025036,0.550248,TopoStake,pog(D=3_omega=0.80_beta=0.50),2.56,374,0
75,2,0x58a21eeb7ab18ba8adf1296e66a4487076e95dac,10.097564,1773042796,aff6982f77e0a0522380312dd5a5cff967b0d3bf0c326ef5bf8a5ab6e870df0e,103,103.00,3.50,1,5,4,0.024945,0.548278,TopoStake,pog(D=3_omega=0.80_beta=0.50),1.88,375,0
75,3,0xa5a12d96532497871d73549e55ab377e3dcb3a40,1.106197,1773042798,93074a378d520002673f6067d23a238793f8ecbb4d1ad0cecc91933127633cc0,250,125.00,3.88,1,5,4,0.024934,0.548816,TopoStake,pog(D=3_omega=0.80_beta=0.50),2.26,376,0
75,4,0xb2a7fe70a6f3137d38f6cb4c3ec6dd1e24f2d5f4,9.426344,1773042800,116a17167d4a1a68cd15a4b8a184451ee645c5c8de47450b4041f282d9e3c3ed,230,115.00,4.07,1,6,4,0.024844,0.546825,TopoStake,pog(D=3_omega=0.80_beta=0.50),1.97,377,0
76,0,0xac768e60b9269babb15cb1e36ee843243d7c7543,12.725220,1773042802,bc377435a4f0a9fd13f5697c63ba71b1ee3efceb703c6841fee5f1037e6808e2,204,102.00,4.19,1,6,4,0.024827,0.547233,TopoStake,pog(D=3_omega=0.80_beta=0.50),1.71,378,0
76,1,0x408bb0bf84df50b21c53c74420987f172d4036a1,4.799692,1773042804,29dcafb529e8318aa23473bc0ec57f4c5ea8a92f7bcb6310b221564e1818d697,193,96.50,4.02,2,5,4,0.024840,0.547999,TopoStake,pog(D=3_omega=0.80_beta=0.50),1.56,379,0
76,2,0xdcf2130496e27a8094ab996aea4aa77788d65869,12.512791,1773042806,6917ed9680bc2446ac55f4a9cb8bde814bd69dbd47703bd07fc25bb440fe0253,187,62.33,3.59,1,5,4,0.024783,0.547607,TopoStake,pog(D=3_omega=0.80_beta=0.50),2.50,380,0
76,3,0x50f7fa851f9314d682e36da5caa4635039b5305d,3.106956,1773042809,9df86dd68a71b9693a45330d5527632d72be700582ba006503d74b25a4c87ecb,210,105.00,3.84,1,5,4,0.024793,0.548321,TopoStake,pog(D=3_omega=0.80_beta=0.50),2.44,381,0
76,4,0x8d9e46becf415ca26aa698c9657087e6554aabda,4.388892,1773042810,f31a7453a260936982e78f96b8bffaac07e4b3f1ad09366b68a6d3df1491be91,191,95.50,3.38,1,5,3,0.024721,0.547491,TopoStake,pog(D=3_omega=0.80_beta=0.50),2.43,382,0
77,0,0x50f7fa851f9314d682e36da5caa4635039b5305d,4.107902,1773042812,a27beba450082c31bd824a3cddf49b6f4d15ef2f2221bbb65ee46eb786c4c2b3,128,128.00,3.60,2,5,4,0.024661,0.546994,TopoStake,pog(D=3_omega=0.80_beta=0.50),1.69,383,0
77,1,0x07902d0371763a00d97ed9ba16ff0a206cb0fd19,41.592928,1773042814,ec90a09075d0465dd491c9be89c4c5c4d29e2402df9ffa5ea63baaa1847cd4d7,233,116.50,3.37,1,5,3,0.024598,0.546425,TopoStake,pog(D=3_omega=0.80_beta=0.50),1.92,384,0
77,2,0x5cd626f4b83428b146919d30f4b3e481d259a9dc,5.076444,1773042816,44b41d9bc4090527e9f20a60581c46a56d318500e0a12ce5530515713edcefad,210,105.00,2.76,1,4,3,0.024859,0.547348,TopoStake,pog(D=3_omega=0.80_beta=0.50),1.58,385,0
77,3,0x34d94cc0534eb50dec7956bea31407428d6d5ef8,0.081402,1773042818,12c8516b6e2b31174ca50992c0a6538b8923ced1888ae6a29470d03b892a1b9e,216,108.00,4.00,1,6,4,0.024859,0.547350,TopoStake,pog(D=3_omega=0.80_beta=0.50),1.40,386,0
77,4,0x63f4973c0df8a5358405f396dc0673a463c48de9,5.900235,1773042820,fa9f6dc6388d3f050d0a7e8af6f56055e580a3756601bac01430af890e226d1d,208,69.33,3.83,1,5,4,0.024761,0.544787,TopoStake,pog(D=3_omega=0.80_beta=0.50),2.54,387,0
78,0,0x30509a8084fdfe6fe24d9c9a817c209ad194f8e3,12.671328,1773042823,bebe028fbc894e491928cec3d855b6ab3c3a2886ad9ea031805213f5fcf6454d,212,106.00,3.62,1,5,4,0.024714,0.544717,TopoStake,pog(D=3_omega=0.80_beta=0.50),2.45,388,0
78,1,0x3513d672439a59c26cc5711f2b715ccb4810a774,6.295157,1773042824,08200f5ad162510995303fd4edca0f6c5592191983cbe56a501944bbbee5b3d6,187,93.50,3.38,1,5,3,0.024724,0.545396,TopoStake,pog(D=3_omega=0.80_beta=0.50),2.41,389,0
78,2,0xb2a7fe70a6f3137d38f6cb4c3ec6dd1e24f2d5f4,10.427105,1773042826,34c5a73d631dc44d1113f3e3850673770a6aa00cf524ae0b9db0e86f4091067a,111,111.00,3.73,1,5,4,0.024680,0.545377,TopoStake,pog(D=3_omega=0.80_beta=0.50),1.88,390,0
78,3,0x075e1d95c7891e1c00414ca1aa9a7a8cf6270019,18.170716,1773042828,f949ea973f1f87f4fec445b0eebe26c296ac6214a2812c654b9a50f3aeb9ae7a,227,113.50,4.20,1,6,4,0.024671,0.545895,TopoStake,pog(D=3_omega=0.80_beta=0.50),2.37,391,0
78,4,0x5cd626f4b83428b146919d30f4b3e481d259a9dc,5.076348,1773042830,e2359498063625bddead6bbf6208080df41e1cb2ee71a91dc02f24b10c2d6309,250,125.00,3.09,1,5,3,0.024727,0.546686,TopoStake,pog(D=3_omega=0.80_beta=0.50),1.91,392,0
79,0,0x6064b9f5883bf9737dfe314ff68c56e09e68ac89,4.191012,1773042832,ab4ce7b0802836a1786cd11123bb886985f3110967195b28858efceb312bcdbd,207,103.50,3.95,1,6,4,0.024673,0.546312,TopoStake,pog(D=3_omega=0.80_beta=0.50),1.51,393,0
79,1,0x1796dc61e715f15a2d27dfa32bd34780f12a8c24,22.750894,1773042834,a17dc004c2a371082e8ff0f9717b181e7a3f8425d1a64ddeb9be55235f2b5e22,205,102.50,3.79,1,5,4,0.024611,0.545724,TopoStake,pog(D=3_omega=0.80_beta=0.50),1.55,394,0
79,2,0x07902d0371763a00d97ed9ba16ff0a206cb0fd19,42.594766,1773042836,aa4c5c07ececc0eec1d28d56fb8dfe8a68bd2ac8130beba817727c46fdf72154,218,72.67,3.43,1,5,3,0.024704,0.546593,TopoStake,pog(D=3_omega=0.80_beta=0.50),2.50,395,0
79,3,0x30509a8084fdfe6fe24d9c9a817c209ad194f8e3,13.672396,1773042838,3d128cc8a0ef6e2d1a1bfdb2271cb44a77a3983f9a7ecafcc8792ac98d5e92ee,173,86.50,2.74,1,4,3,0.024960,0.547495,TopoStake,pog(D=3_omega=0.80_beta=0.50),2.53,396,0
79,4,0x1cb1274c711a6c2e4e1596846e6ac604eeefb358,8.414125,1773042840,c804d164b001884633392b27b465554eddffa40e77bf91d1bebdf24ab2b5900d,129,129.00,3.27,1,5,3,0.024976,0.548231,TopoStake,pog(D=3_omega=0.80_beta=0.50),1.84,397,0
80,0,0x4a217e35f6402e7f62a49f6d62e27c6585c2f3fd,3.490178,1773042842,9b9e675715eb3586333ee6bced9d9facc8a14efad79f8c7032cb83d24f2c6ca3,215,107.50,3.43,1,5,3,0.024948,0.548439,TopoStake,pog(D=3_omega=0.80_beta=0.50),2.06,398,0
80,1,0x606627477c3734932f47972f83c27cf4e3b35b4f,10.383194,1773042844,ea1e4b09ab77ad34854df31257c66969dd17f54d745b4403d4161a039813f929,250,125.00,3.68,1,5,4,0.024880,0.547722,TopoStake,pog(D=3_omega=0.80_beta=0.50),1.87,399,0
80,2,0x07902d0371763a00d97ed9ba16ff0a206cb0fd19,43.595838,1773042846,04a1f5cf8dc5b8399acfe69578985b9fff115d5a3c4e9e607c7559ef74b9a533,207,103.50,3.71,1,5,4,0.024868,0.548184,TopoStake,pog(D=3_omega=0.80_beta=0.50),1.63,400,0
80,3,0x1cb1274c711a6c2e4e1596846e6ac604eeefb358,9.415180,1773042848,7a770edc5fd575075f512d05c813a34aaf562c99d147e388519b323199c18d0d,205,102.50,2.78,1,4,3,0.025126,0.549076,TopoStake,pog(D=3_omega=0.80_beta=0.50),1.51,401,0
80,4,0x26d553a2f4343b3a7dc88bbd87b3d0a25d3838d9,12.227346,1773042850,659976639316fd8947d4384c29f0481d6e073f7ed211444799796d596207e85d,225,75.00,3.57,1,5,4,0.025105,0.549417,TopoStake,pog(D=3_omega=0.80_beta=0.50),2.44,402,0
81,0,0xcdc82b7c868072205a399d0f68e6e3ad3bfd1ca6,3.207096,1773042853,ce05c818b4c01e903420611962f6e192c23ab48721cd95e72e77c380ed88e5e9,177,88.50,3.70,1,5,4,0.025107,0.550023,TopoStake,pog(D=3_omega=0.80_beta=0.50),2.41,403,0
81,1,0x763be7657fec175a3de5f1ee0a506722872c886d,1.035039,1773042854,daff70c6ff65e88c9ddf0b47ead3625029f6759fe77322ea42144c341e05e7c4,204,102.00,3.55,1,5,4,0.025036,0.549198,TopoStake,pog(D=3_omega=0.80_beta=0.50),2.43,404,0
81,2,0x282f43759e22b50aa7989261c51c367f325c3f91,6.356300,1773042856,8f03a7518111ff0c9d596bb653443a9b3f529e6e15c4b712ffecc162f6cdc5ce,151,151.00,3.45,1,5,3,0.024949,0.547227,TopoStake,pog(D=3_omega=0.80_beta=0.50),1.74,405,0
81,3,0x687bf2437a044a3e42ff2f8a79a8e54ba9601f70,4.065395,1773042858,4815c163b6ce0faccac07c03214d88856bdfa09134266cab81c796116135ef1b,243,121.50,3.92,1,6,4,0.024904,0.547175,TopoStake,pog(D=3_omega=0.80_beta=0.50),2.00,406,0
81,4,0xdcf2130496e27a8094ab996aea4aa77788d65869,13.513660,1773042860,a934c261c6e3f4b3fa4278b793227fe803a23f76744f1ae1f45f479ca5e18e72,204,102.00,3.95,1,5,4,0.024841,0.546527,TopoStake,pog(D=3_omega=0.80_beta=0.50),1.74,407,0
82,0,0x24898fcb116b48cb2b6fd5d3b4eb599fee0f4633,8.061351,1773042862,582a0a492279a29c7dad51daabd52884425aebe79ee784ab68c19dd509086420,216,108.00,3.91,1,5,4,0.024853,0.547203,TopoStake,pog(D=3_omega=0.80_beta=0.50),1.47,408,0
82,1,0x07902d0371763a00d97ed9ba16ff0a206cb0fd19,44.597481,1773042864,ec5e8bb6466be7269afbe40a5d4c27ad55d21270bd6ab6ad0681c9c5b41af2bd,209,69.67,3.59,1,5,4,0.024853,0.547205,TopoStake,pog(D=3_omega=0.80_beta=0.50),2.56,409,0
82,2,0x50f7fa851f9314d682e36da5caa4635039b5305d,5.108805,1773042867,50d60c1f27a037b57ae5b7fa7374d8a10faf411c9fbb5678cdcdf722a9617713,200,100.00,2.77,1,4,3,0.025109,0.548085,TopoStake,pog(D=3_omega=0.80_beta=0.50),2.50,410,0
82,3,0x016d3fc36beee7caa8fbd6c1caa42461dd7f9850,9.892716,1773042868,a0466aa712fc3043b23b47a6290264a365037e62a425c0254325e4d742dba007,181,90.50,3.28,1,5,3,0.025054,0.547690,TopoStake,pog(D=3_omega=0.80_beta=0.50),2.46,411,0
82,4,0x07902d0371763a00d97ed9ba16ff0a206cb0fd19,45.598514,1773042870,b13b98c998880b1f081a8117518012edd21701bdd4b02c01b747d9d4588b3027,114,114.00,3.02,2,4,3,0.025036,0.548057,TopoStake,pog(D=3_omega=0.80_beta=0.50),1.77,412,0
83,0,0x606627477c3734932f47972f83c27cf4e3b35b4f,11.384197,1773042872,c83c7698a1bb2e0a98c23d97285b70d0fe63163f722c48f0c8b298555b335383,250,125.00,2.75,1,4,3,0.025295,0.548930,TopoStake,pog(D=3_omega=0.80_beta=0.50),1.89,413,0
83,1,0x0d91704595bff3aec25d40822498a51c62b05e3a,9.582735,1773042874,003f97361c9a6f05f56688e7fcbd47117808b3208408030e8e1b9b469d1dc93f,203,101.50,3.69,2,5,4,0.025288,0.549469,TopoStake,pog(D=3_omega=0.80_beta=0.50),1.63,414,0
83,2,0xf13caa2c5f6f6cf61e51290bfa7826a9140b4faf,0.039288,1773042876,5768df344ba90c39f4e856ae970f12e1bb6281ae989f40fd840108a9edc64159,240,120.00,3.27,1,5,3,0.025266,0.549767,TopoStake,pog(D=3_omega=0.80_beta=0.50),1.57,415,0
83,3,0x60705151f1f537cacd5b801f3ef1b31dc3f605de,3.303080,1773042878,07c0e8f2f02dcca6f3420523760267030ebd765ebbc0abe1913c3f1bcf62b4a7,203,101.50,4.29,1,6,4,0.025172,0.547277,TopoStake,pog(D=3_omega=0.80_beta=0.50),1.54,416,0
83,4,0x213068cb42718d1dd6d00a6d94d62a3def0e68eb,3.368244,1773042881,f8ced95ef67da17a1df149105768f28779c3fb187c0d4860d3237ae40af4ae81,192,64.00,4.06,1,6,4,0.025102,0.546463,TopoStake,pog(D=3_omega=0.80_beta=0.50),2.48,417,0
84,0,0x07902d0371763a00d97ed9ba16ff0a206cb0fd19,46.600035,1773042882,a2c601931cd8191497ac66375cff4541635ebcf81a930a1701acd327453b76c4,197,98.50,3.61,1,5,4,0.025034,0.545630,TopoStake,pog(D=3_omega=0.80_beta=0.50),2.47,418,0
84,1,0x7e40df5d801345015e84c843908efc6683665fa4,3.659545,1773042884,01cbf5b002a1e9230b56c65e1f2a3e782255a45758e229c24aab70eeb5ebe549,108,108.00,2.48,1,4,2,0.025294,0.546497,TopoStake,pog(D=3_omega=0.80_beta=0.50),1.67,419,0
84,2,0x07902d0371763a00d97ed9ba16ff0a206cb0fd19,47.600625,1773042886,5540aa4394f7578b3069fba8b9c13251b43bec8934dccb58c01914ab41f55c31,227,113.50,3.45,1,5,4,0.025227,0.545710,TopoStake,pog(D=3_omega=0.80_beta=0.50),1.95,420,0
84,3,0x1796dc61e715f15a2d27dfa32bd34780f12a8c24,23.752333,1773042888,2f378015b3cc73040d79fb23389cbfb140e9ef1f0b7085633eff1d9402b27613,250,125.00,2.82,1,4,3,0.025491,0.546574,TopoStake,pog(D=3_omega=0.80_beta=0.50),1.66,421,0
84,4,0x3d92e045fb1847aae132b40ebfcc471a32f687de,1.123266,1773042890,ac1f0d9d21cacebef1e8c11d6b361188d1491a81e7504d8dcb6454866836624c,205,102.50,3.36,1,5,3,0.025491,0.546575,TopoStake,pog(D=3_omega=0.80_beta=0.50),1.55,422,0
85,0,0x34d94cc0534eb50dec7956bea31407428d6d5ef8,1.081889,1773042892,cb7b31b64492e3e3d11bdedb3b510cd08bab39bf21c9cf9b03958698c8a9ec36,212,106.00,3.98,1,5,4,0.025491,0.546576,TopoStake,pog(D=3_omega=0.80_beta=0.50),1.50,423,0
85,1,0x075e1d95c7891e1c00414ca1aa9a7a8cf6270019,19.173205,1773042895,8f3a8c965b3cb742e5ff55fecebbbb27a1b8d11fb541487308451453d8e35224,191,63.67,3.71,1,5,4,0.025318,0.542751,TopoStake,pog(D=3_omega=0.80_beta=0.50),2.46,424,0
85,2,0x30509a8084fdfe6fe24d9c9a817c209ad194f8e3,14.673108,1773042896,6d730b62d0a6505c8dd228bd84b0ae298e572610968c3f47128ee9424432a2af,194,97.00,3.16,1,5,3,0.025367,0.543532,TopoStake,pog(D=3_omega=0.80_beta=0.50),2.51,425,0
85,3,0xcdc82b7c868072205a399d0f68e6e3ad3bfd1ca6,4.207815,1773042898,8c6f7d16ad5237f876f6e8ebb0907178ee49ecae6218c35f8dd1acbce1050a1f,134,134.00,3.21,1,5,3,0.025382,0.544240,TopoStake,pog(D=3_omega=0.80_beta=0.50),1.78,426,0
85,4,0x52e05d9fa4faa167f30baba23c710e4f49115288,4.148981,1773042900,e17f68db5ca7093055a26891d6dc9c01a3c007b2603a8446598974def3f67f1e,220,110.00,3.66,1,5,4,0.025319,0.543579,TopoStake,pog(D=3_omega=0.80_beta=0.50),2.21,427,0
86,0,0xa5a12d96532497871d73549e55ab377e3dcb3a40,2.106518,1773042902,0b7009ef8a6ab073d0bd553eafcb9018823634184047dab066cb49c2b1156414,203,101.50,3.84,1,5,4,0.025257,0.542869,TopoStake,pog(D=3_omega=0.80_beta=0.50),1.97,428,0
86,1,0x95ab54d268473cce82094026afefdbd5cadf418b,2.594313,1773042904,d9d0fb2348ea246fc447cace8b9121bc92280603efe1d9d97db2ada335e9872c,226,113.00,4.08,1,6,4,0.025179,0.541696,TopoStake,pog(D=3_omega=0.80_beta=0.50),1.76,429,0
86,2,0x24898fcb116b48cb2b6fd5d3b4eb599fee0f4633,8.061147,1773042906,545bc89211ca2ed337ac8d8d54a3f88875fe5267e26fc5132b8b4ee7419ae16e,204,102.00,4.48,1,6,5,0.025106,0.540658,TopoStake,pog(D=3_omega=0.80_beta=0.50),1.61,430,0
86,3,0xa7e4d4d949807065ebf85adc1be8c382c7236c15,2.214274,1773042908,5e6876a7be3c858699289500c84ede8c15fd1208c89f7565056422ab88c285b7,194,64.67,3.65,1,5,4,0.025073,0.540805,TopoStake,pog(D=3_omega=0.80_beta=0.50),2.51,431,0
86,4,0x07902d0371763a00d97ed9ba16ff0a206cb0fd19,48.602691,1773042911,b223fe56f4e6b3d60c9d3b07e6a3308edccc1f2751850417d844c30e78651ccf,197,98.50,3.81,1,6,4,0.024997,0.539629,TopoStake,pog(D=3_omega=0.80_beta=0.50),2.39,432,0
87,0,0x377eaef292051bbf8ada05b2af76a3f3b9d722a7,2.054132,1773042913,b21dfc79a0c5b72b012e26730aa39bc17c04a962272b3300ca78aa3f9a01b4f6,242,121.00,2.74,1,4,3,0.025256,0.540487,TopoStake,pog(D=3_omega=0.80_beta=0.50),2.38,433,0
87,1,0xc4dc29db975b952e04358340e56b68fa4ba63fbc,1.539056,1773042915,b13ad43123cd52a6594ea27119e6f3b26f7ca6b34480598d1356005aa634fac2,233,116.50,3.54,2,5,4,0.025179,0.539218,TopoStake,pog(D=3_omega=0.80_beta=0.50),2.23,434,0
87,2,0x016d3fc36beee7caa8fbd6c1caa42461dd7f9850,10.893503,1773042917,bf2f8026fcaeb24214c4aa44182a5946e2a2d3ad9e85a6690f2fbc743036fea6,250,125.00,3.69,1,5,4,0.025099,0.537591,TopoStake,pog(D=3_omega=0.80_beta=0.50),1.94,435,0
87,3,0x30509a8084fdfe6fe24d9c9a817c209ad194f8e3,15.673928,1773042919,1d78769ea451729a36d4007d3151e49e7dd191f198dd490204a09763b14a791b,247,123.50,3.19,1,4,3,0.025085,0.538048,TopoStake,pog(D=3_omega=0.80_beta=0.50),1.64,436,0
87,4,0x58a21eeb7ab18ba8adf1296e66a4487076e95dac,11.098226,1773042921,4f3939ec6a57a32b17988c4adc2f67d9bde892783bb84b631340547283f4af98,223,111.50,3.39,1,5,3,0.025085,0.538050,TopoStake,pog(D=3_omega=0.80_beta=0.50),1.50,437,0
88,0,0x016d3fc36beee7caa8fbd6c1caa42461dd7f9850,11.894714,1773042923,fda826389091e902ea6539b07be08be5aa196a88b43ea529ea274d6819819feb,163,81.50,3.90,1,5,4,0.025073,0.538498,TopoStake,pog(D=3_omega=0.80_beta=0.50),1.55,438,0
88,1,0x28672c71695142588ed26ada6f4b18b8b6c12308,1.688114,1773042926,2b409ee7f76435d33eb66d09134be7af144ca25f39984a2a2cce4980ff61e3b1,204,68.00,3.16,1,4,3,0.025067,0.539023,TopoStake,pog(D=3_omega=0.80_beta=0.50),2.41,439,0
88,2,0xdcf2130496e27a8094ab996aea4aa77788d65869,14.514471,1773042927,6f3eece7ff957e7b03d5f56971ae881f5113a70fbe3759aeb36cf521739919a4,200,100.00,3.62,1,5,4,0.024988,0.537476,TopoStake,pog(D=3_omega=0.80_beta=0.50),2.35,440,0
88,3,0x13f9dadc05f6c237b03411e2aed1800cf21a5d89,19.310078,1773042929,ba200367d874eb361bdf8901b922a9bbd5b015aeba3b435ef06d5ec81acd7c18,106,106.00,3.78,1,5,4,0.025000,0.538138,TopoStake,pog(D=3_omega=0.80_beta=0.50),1.78,441,0
88,4,0x016d3fc36beee7caa8fbd6c1caa42461dd7f9850,12.895697,1773042931,78b1119bdba75dbc4e81f13cb4c5abc57f4d4c168897a0ecb8dbffaaad2103ac,250,125.00,3.10,2,5,3,0.025045,0.538879,TopoStake,pog(D=3_omega=0.80_beta=0.50),2.05,442,0
89,0,0x7e40df5d801345015e84c843908efc6683665fa4,4.660468,1773042933,c34782c08eeecb8dd2f1e40bd01f9adedb6fed83fa62aafed06748126a86cb5d,224,112.00,3.10,1,4,3,0.025045,0.539456,TopoStake,pog(D=3_omega=0.80_beta=0.50),1.70,443,0
89,1,0x377eaef292051bbf8ada05b2af76a3f3b9d722a7,3.055191,1773042935,a146c300e31c2b09dc76c590135d936e6b6a548d88424eee9a428a414dac2254,204,102.00,3.44,1,5,3,0.024988,0.538906,TopoStake,pog(D=3_omega=0.80_beta=0.50),1.52,444,0
89,2,0x28672c71695142588ed26ada6f4b18b8b6c12308,2.689066,1773042937,e2816340b30a20186df18651402c0344bdaaaa660b294365c5954886409c81a7,193,64.33,3.62,1,5,4,0.024920,0.537979,TopoStake,pog(D=3_omega=0.80_beta=0.50),2.53,445,0
89,3,0x30509a8084fdfe6fe24d9c9a817c209ad194f8e3,15.673978,1773042940,a475ce4be375dab5b893604e101be66efe3b9b7bd736df75b4e71a379db39701,190,95.00,3.61,1,5,4,0.024850,0.536911,TopoStake,pog(D=3_omega=0.80_beta=0.50),2.47,446,0
89,4,0x4414c05be2cf328f38d2e3ef4b705d6b894f044a,9.094742,1773042941,95ecf4aa32a2248336de3e6d63ebd13602d39a41a25ea3c3d1031ae87b199b7e,212,106.00,3.34,1,5,3,0.024869,0.537604,TopoStake,pog(D=3_omega=0.80_beta=0.50),2.47,447,0
90,0,0x49b57eb4dace37c8819daf079c9c674f766d4f38,10.237768,1773042943,4af468155299ba34567c33959d73714c77e74f582b9556def426d6e903b39d2b,84,84.00,3.80,1,5,4,0.024842,0.537834,TopoStake,pog(D=3_omega=0.80_beta=0.50),1.92,448,0
90,1,0xa3786e459f289a76c0e8af8ad834e3d0c6d47199,8.728178,1773042945,f84f8d9bec2fe1cb5caed494d3c5bb412b5cd62def57ba47e21ad01b4e0e364e,250,125.00,3.98,1,6,4,0.024824,0.538171,TopoStake,pog(D=3_omega=0.80_beta=0.50),2.15,449,0
90,2,0x3513d672439a59c26cc5711f2b715ccb4810a774,7.295100,1773042947,c5b8edd81445ec02e299b37048375dd60735debbc41c136767861894424734df,211,105.50,4.34,1,6,4,0.024795,0.538337,TopoStake,pog(D=3_omega=0.80_beta=0.50),1.85,450,0
90,3,0x07902d0371763a00d97ed9ba16ff0a206cb0fd19,49.605371,1773042949,7a8e605c933cebfd5656b7c57837a6d0a690fbcf89d7919ded131aa9c3c937a2,196,98.00,3.92,2,5,4,0.024757,0.538404,TopoStake,pog(D=3_omega=0.80_beta=0.50),1.66,451,0
90,4,0x719361397abe003a91af76243e5f9c7a0cd4279f,9.549054,1773042951,6471d9d11ecc8a777ec9c3b4f92513d88f20071f50243ac4e5859f65e092387e,226,113.00,2.75,1,4,3,0.025004,0.539235,TopoStake,pog(D=3_omega=0.80_beta=0.50),1.49,452,0
91,0,0x0d91704595bff3aec25d40822498a51c62b05e3a,10.584129,1773042954,0894cfa9736439d095c11046b0dd66125cf1dec8a8bd0d368bed37cb33c541da,208,69.33,3.80,1,5,4,0.025004,0.539237,TopoStake,pog(D=3_omega=0.80_beta=0.50),2.50,453,0
91,1,0x81d019380961f92c2031b0a7fba69f7675145088,0.487134,1773042955,3efb1d350fcda5f344abff195a3bd504c69c1a360af839530933f3d19ead55dd,206,103.00,3.33,1,5,3,0.024987,0.539570,TopoStake,pog(D=3_omega=0.80_beta=0.50),2.50,454,0
91,2,0x016d3fc36beee7caa8fbd6c1caa42461dd7f9850,13.896959,1773042957,16705691044e144929360e5b0c5a0e5658595a22a87bde65f7435f5921ed7448,102,102.00,3.68,1,5,4,0.024902,0.537428,TopoStake,pog(D=3_omega=0.80_beta=0.50),1.86,455,0
91,3,0x1796dc61e715f15a2d27dfa32bd34780f12a8c24,23.753001,1773042959,e07d8b2a5511e9a2a6e7046dbc21e1722d63a1c0bafb00e650cfebdae5097588,250,125.00,3.08,1,4,3,0.024908,0.538038,TopoStake,pog(D=3_omega=0.80_beta=0.50),2.08,456,0
91,4,0x5cd626f4b83428b146919d30f4b3e481d259a9dc,6.076579,1773042961,fa7c01458340ac3924c5bd44f5f6d877e35c5ba635fd7d50cce98ea3598e1ed2,224,112.00,3.22,1,5,3,0.024978,0.538827,TopoStake,pog(D=3_omega=0.80_beta=0.50),1.71,457,0
92,0,0x8c11ec9090dd820c076e57e899d9c604c79d6b32,7.568922,1773042963,3fced230fa338ea0e8ae666d8025684bf113357a56e978a15992fb18bf5e15a3,211,105.50,3.94,1,6,4,0.024931,0.538728,TopoStake,pog(D=3_omega=0.80_beta=0.50),1.56,458,0
92,1,0x1cb1274c711a6c2e4e1596846e6ac604eeefb358,10.416553,1773042965,1233cd69c506aac01678670e23162991426d6fdbebe1cccbd0d4fc82526f2e58,200,100.00,4.36,1,6,4,0.024894,0.538789,TopoStake,pog(D=3_omega=0.80_beta=0.50),1.49,459,0
92,2,0x9ba702916c26a8583a7f277d6932b3c0d9927ce0,0.191115,1773042968,2a2623840a54dcfa97105053985b7e1cad4f52bb97483dbfcec38a1e10786d2d,208,69.33,3.44,1,5,4,0.024876,0.539073,TopoStake,pog(D=3_omega=0.80_beta=0.50),2.51,460,0
92,3,0xa068e3c9a21c8d8be636cd2d285895979ec3262e,0.962137,1773042969,8f4a663d938cb86a57e358d9fe8f79c8cfa454594411b93956e975f2b79fd265,204,102.00,3.57,1,5,4,0.024790,0.536802,TopoStake,pog(D=3_omega=0.80_beta=0.50),2.50,461,0
92,4,0x1d1d2c63625de70b1e5ef40056bd2deb89d7fef2,2.068090,1773042971,173496cd1a55c80f76f069fc9a09f3734764c6df6d81375e8b9fe73f7c435b68,106,106.00,4.35,1,6,5,0.024710,0.534853,TopoStake,pog(D=3_omega=0.80_beta=0.50),1.97,462,0
93,0,0x719361397abe003a91af76243e5f9c7a0cd4279f,9.549003,1773042973,188988f40c1f5e5aadde87dada570aa8babdc5c0772a007b50d1bd9cd4139a82,233,116.50,3.60,1,5,4,0.024638,0.533573,TopoStake,pog(D=3_omega=0.80_beta=0.50),2.20,463,0
93,1,0x49b57eb4dace37c8819daf079c9c674f766d4f38,11.238851,1773042975,b5e0b26e33e6314db31ff197c6dd02b6dd132cfd29a93c3468f5b68c22fe661a,239,119.50,3.75,1,5,4,0.024615,0.533795,TopoStake,pog(D=3_omega=0.80_beta=0.50),1.92,464,0
93,2,0x30509a8084fdfe6fe24d9c9a817c209ad194f8e3,16.675346,1773042977,2571d5d2a30d947fd2787de3b8121308b1fe66f3e579acb797313495eaa623cf,225,112.50,3.74,1,6,4,0.024602,0.534183,TopoStake,pog(D=3_omega=0.80_beta=0.50),1.62,465,0
93,3,0xa5a12d96532497871d73549e55ab377e3dcb3a40,3.106978,1773042979,35385496be8b31881496d524dd9013670243e3e46448a8bacbfcfcc139c01a97,191,95.50,3.38,1,5,3,0.024624,0.534858,TopoStake,pog(D=3_omega=0.80_beta=0.50),1.60,466,0
93,4,0x8d9e46becf415ca26aa698c9657087e6554aabda,5.388546,1773042981,15ae696d01b28bfdeed819cdc5fec60748854c44749b9bd0769ece3c4d9d660e,171,57.00,4.15,1,6,4,0.024560,0.533934,TopoStake,pog(D=3_omega=0.80_beta=0.50),2.55,467,0
94,0,0x719361397abe003a91af76243e5f9c7a0cd4279f,10.550142,1773042984,19e6063dd4e2ae1856c034e31418245711a2d9877791b657ae2ccca322b834cb,229,114.50,3.70,1,5,4,0.024510,0.533642,TopoStake,pog(D=3_omega=0.80_beta=0.50),2.48,468,0
94,1,0x53be6e527cc5a7d850b5eae27b9cef342e0665f2,2.039569,1773042986,928658fbf31f9dbdecc532b4ff3f1a9f7b0d82b249a8dd29a8995854e556b0ff,235,117.50,3.74,1,5,4,0.024493,0.533897,TopoStake,pog(D=3_omega=0.80_beta=0.50),2.43,469,0
94,2,0x34d94cc0534eb50dec7956bea31407428d6d5ef8,2.082017,1773042988,1b1768dbc470a74438fe127ccecbbb769842d513754c7a2c2eff80ed793f1b66,250,125.00,3.40,1,5,3,0.024422,0.532586,TopoStake,pog(D=3_omega=0.80_beta=0.50),2.29,470,0
94,3,0x1796dc61e715f15a2d27dfa32bd34780f12a8c24,24.754404,1773042990,2a12d19a45b96bc7eb7712c051afcf0c25a2a71e5b80adb0da9c9a9d8df04001,222,111.00,3.70,1,5,4,0.024351,0.531265,TopoStake,pog(D=3_omega=0.80_beta=0.50),1.94,471,0
94,4,0xd46407aa7b668c72de3cf1c1a12b7fa2e308a1b2,1.985947,1773042992,766341570fde21413e5c0a73ab34685e88380e4a70bc0fb1084344e8ae36e96e,217,108.50,3.31,1,5,3,0.024424,0.532045,TopoStake,pog(D=3_omega=0.80_beta=0.50),1.74,472,0
95,0,0x07902d0371763a00d97ed9ba16ff0a206cb0fd19,50.608431,1773042994,8d21687a52741499f0536705908f5e58575e4fd9802601e5dc100f48fd6a8014,197,98.50,3.91,1,5,4,0.024353,0.530651,TopoStake,pog(D=3_omega=0.80_beta=0.50),1.50,473,0
95,1,0x0d91704595bff3aec25d40822498a51c62b05e3a,11.585245,1773042996,1b9bc7602e67bb09b0e71913c76afaa0653b3289449ab7ece9fbed30d906aa6b,217,72.33,2.76,1,4,3,0.024587,0.531465,TopoStake,pog(D=3_omega=0.80_beta=0.50),2.55,474,0
95,2,0x719361397abe003a91af76243e5f9c7a0cd4279f,11.551184,1773042999,8f983528858157418d0ce6e6a563dda629c5264ac58e3b2c004855c4471f32e8,202,101.00,3.17,1,5,3,0.024575,0.531885,TopoStake,pog(D=3_omega=0.80_beta=0.50),2.44,475,0
95,3,0x49b57eb4dace37c8819daf079c9c674f766d4f38,12.239974,1773043000,f7dbde8f5dfaaa88dfcd00825698cdb29298d8cbe2e9ba334b64fa27cd9e484d,214,107.00,3.72,1,5,4,0.024564,0.532261,TopoStake,pog(D=3_omega=0.80_beta=0.50),2.46,476,0
95,4,0x8c11ec9090dd820c076e57e899d9c604c79d6b32,8.569480,1773043002,675e4f57c02eea0c93167082cc68f99c70ad78762dd3d631eadbcc20e4fa3ca0,118,118.00,3.83,1,5,4,0.024556,0.532723,TopoStake,pog(D=3_omega=0.80_beta=0.50),1.92,477,0
96,0,0xfb35fdafcfc84561a42700a4a1c274edeb75bdc1,0.054476,1773043004,26b2af1dd2e083d2d62578ca9d2270eb94e5109f3c84382f61d089eea5ea99c4,240,120.00,4.08,1,6,4,0.024526,0.532843,TopoStake,pog(D=3_omega=0.80_beta=0.50),2.29,478,0
96,1,0x50f7fa851f9314d682e36da5caa4635039b5305d,6.109532,1773043006,2b1d9d66bf357a1f8002c37a92c86cb25013107432b53ee644533b324bd67383,250,125.00,3.86,1,5,4,0.024444,0.530564,TopoStake,pog(D=3_omega=0.80_beta=0.50),2.01,479,0
96,2,0x075e1d95c7891e1c00414ca1aa9a7a8cf6270019,20.175987,1773043008,0ed824e954d2704ee6a3ef879506a9c81a86ae05585397cf4eeb911f4b829d95,140,70.00,3.32,2,4,3,0.024399,0.530442,TopoStake,pog(D=3_omega=0.80_beta=0.50),1.49,480,0
96,3,0x24898fcb116b48cb2b6fd5d3b4eb599fee0f4633,9.062057,1773043010,cee1938b700f920b03826b1dccf9ee5b5f127442dbc791e85d2d8513231991e2,201,67.00,3.15,1,5,3,0.024440,0.531172,TopoStake,pog(D=3_omega=0.80_beta=0.50),2.57,481,0
96,4,0x8c11ec9090dd820c076e57e899d9c604c79d6b32,9.570583,1773043013,b30ba8a4e20e6c6f97bebccd09d43c1347d0661dfc77992bef8c34d459206fa7,184,92.00,3.54,1,5,4,0.024413,0.531306,TopoStake,pog(D=3_omega=0.80_beta=0.50),2.46,482,0
97,0,0x95ab54d268473cce82094026afefdbd5cadf418b,3.594263,1773043014,a77bec0b50c29f92f9ffde98c428dac872f0d5c1b39b51e38ec48f70b85499d7,189,94.50,4.19,2,6,4,0.024389,0.531472,TopoStake,pog(D=3_omega=0.80_beta=0.50),2.42,483,0
97,1,0x075e1d95c7891e1c00414ca1aa9a7a8cf6270019,21.177070,1773043016,e24bbe8f6f2275efe3734d864c77668a8be82571c624fe6af9d2c4702bf49c0e,114,114.00,4.20,1,6,5,0.024329,0.530680,TopoStake,pog(D=3_omega=0.80_beta=0.50),1.89,484,0
97,2,0x30509a8084fdfe6fe24d9c9a817c209ad194f8e3,17.676615,1773043018,8001ec6679f6c4a38f92c7c9db1203cb34ca2a6af679415b3f73ff1da6fbb0a9,250,125.00,3.13,2,5,3,0.024375,0.531410,TopoStake,pog(D=3_omega=0.80_beta=0.50),2.02,485,0
97,3,0xac768e60b9269babb15cb1e36ee843243d7c7543,13.725401,1773043020,07499b41a94656ba815dc7bf2b5ba6502904d7b80a07390e001a9f94a901d54e,223,111.50,3.42,2,5,3,0.024400,0.532067,TopoStake,pog(D=3_omega=0.80_beta=0.50),1.62,486,0
97,4,0xeaa5003682d7289190651081ae2bee847097afc5,1.754787,1773043022,0b76821e0c0b0350889bf7244870c520e092c19ed23ca9e38ddb76455cd65123,177,88.50,3.97,2,6,4,0.024400,0.532618,TopoStake,pog(D=3_omega=0.80_beta=0.50),1.56,487,0
98,0,0x30509a8084fdfe6fe24d9c9a817c209ad194f8e3,18.677721,1773043024,9a85fdb438b65707d85ac33a5559f76f16b04f275bb4b9fdd77c88c7448b2bfc,204,68.00,4.36,1,6,5,0.024330,0.531111,TopoStake,pog(D=3_omega=0.80_beta=0.50),2.50,488,0
98,1,0x377eaef292051bbf8ada05b2af76a3f3b9d722a7,4.055817,1773043027,c834b4cb04148a6183d640d519353a095efec258990e7f702be4e6c90063003a,193,96.50,3.40,1,5,3,0.024360,0.531766,TopoStake,pog(D=3_omega=0.80_beta=0.50),2.52,489,0
98,2,0xf13caa2c5f6f6cf61e51290bfa7826a9140b4faf,1.038881,1773043028,07371ffbe3f423a88e4426dcb807e505bd5035831248f8689f54b41ec5fdd925,206,103.00,3.58,1,5,4,0.024303,0.531061,TopoStake,pog(D=3_omega=0.80_beta=0.50),2.54,490,0
98,3,0x13f9dadc05f6c237b03411e2aed1800cf21a5d89,20.313356,1773043030,ef975fa210b84b708fe76dc31df6c1a5997b827f0213cf0e0f2690bdd8bbc5ec,90,90.00,4.18,1,6,4,0.024229,0.529209,TopoStake,pog(D=3_omega=0.80_beta=0.50),1.94,491,0
98,4,0xac768e60b9269babb15cb1e36ee843243d7c7543,14.726172,1773043032,c57a64b952f7dd868c6f3bb44ebca9d7d59adf84ffa23842988d43f40f4aafba,250,125.00,3.01,1,4,3,0.024268,0.529899,TopoStake,pog(D=3_omega=0.80_beta=0.50),2.17,492,0
99,0,0x07902d0371763a00d97ed9ba16ff0a206cb0fd19,51.610836,1773043034,699d0394ae5cbd151facc2b66ad4b2d24111a3eefe475bf256c13e420b407801,250,125.00,3.92,1,6,4,0.024275,0.530484,TopoStake,pog(D=3_omega=0.80_beta=0.50),1.90,493,0
99,1,0x24898fcb116b48cb2b6fd5d3b4eb599fee0f4633,10.063046,1773043036,b71bad28bcd61edf8c80a3b7b118629612ba836c6cdf6c236e3f3a55eb83d73a,175,87.50,2.74,1,4,3,0.024275,0.530485,TopoStake,pog(D=3_omega=0.80_beta=0.50),1.53,494,0
99,2,0x0d91704595bff3aec25d40822498a51c62b05e3a,12.586484,1773043038,6175206914a9ac1e8c426952efd3904fb96e45efad74f7700b346b49dee60720,222,74.00,3.65,1,5,4,0.024253,0.530672,TopoStake,pog(D=3_omega=0.80_beta=0.50),2.51,495,0
99,3,0x3513d672439a59c26cc5711f2b715ccb4810a774,8.295732,1773043041,45cbc40fe4b75cb104df3b6f4a3376f4b40a20894a4ff64adedddcf1162c30e5,189,94.50,3.29,1,5,3,0.024247,0.531141,TopoStake,pog(D=3_omega=0.80_beta=0.50),2.41,496,0
99,4,0x89100a8056319ba37491b32ba255004180607bc2,7.790032,1773043042,14f476bcedcd36d8568edb4b7d5e095fd0a707bd5ed6422c7826e26d599ac2f5,204,102.00,3.75,1,5,4,0.024215,0.531208,TopoStake,pog(D=3_omega=0.80_beta=0.50),2.49,497,0
100,0,0xa9a524611994a27dd3134d643379aa14edf7cb39,2.090508,1773043044,16e501a440efab1850ae38898b90fe436791b3dda5720b285650b6a6f62c79c1,127,127.00,3.64,1,5,4,0.024181,0.531241,TopoStake,pog(D=3_omega=0.80_beta=0.50),1.91,498,0
100,1,0x07902d0371763a00d97ed9ba16ff0a206cb0fd19,51.611144,1773043046,46d4981e0cae95e0adc3c225b0e974e4b72567941aaf4db882e78caa9af562b0,250,125.00,3.72,2,5,4,0.024114,0.529901,TopoStake,pog(D=3_omega=0.80_beta=0.50),2.14,499,0
100,2,0x075e1d95c7891e1c00414ca1aa9a7a8cf6270019,22.178610,1773043048,0f01f39b83129467d80da54153e1b999889e7fcaa6ec932a33fa032c514b2dc4,240,120.00,2.85,1,4,3,0.024331,0.530682,TopoStake,pog(D=3_omega=0.80_beta=0.50),1.80,500,0
100,3,0x282f43759e22b50aa7989261c51c367f325c3f91,7.356625,1773043050,4602729d2da1a45b05c02bd70afde3dc0c8395ad11328f47ba7757f6899eb63b,218,109.00,3.13,1,5,3,0.024379,0.531392,TopoStake,pog(D=3_omega=0.80_beta=0.50),1.47,501,0
100,4,0xa447d277b02012c2afd9ddcbbe123f27cc971963,5.808707,1773043052,a323a72644d713769e931234b90d6b8e02bc2ee1a2f42398cd4a63a76aec2465,193,96.50,3.79,1,6,4,0.024341,0.531391,TopoStake,pog(D=3_omega=0.80_beta=0.50),1.52,502,0
101,0,0x408bb0bf84df50b21c53c74420987f172d4036a1,5.799471,1773043055,20b497eb567664b8176465949fc2e1dec55f566f55fb64673423c42d20cf35c7,175,58.33,3.55,1,5,4,0.024295,0.531185,TopoStake,pog(D=3_omega=0.80_beta=0.50),2.51,503,0
101,1,0x9bdb1c7ad4bd8fe797b07c08117c74a591dbab2d,2.444134,1773043056,17096084a0ec5bdb7640cdfa37dbaa2a8ea9ad8d34be00f7bad58ac8dd79c650,199,99.50,3.53,1,5,4,0.024249,0.530944,TopoStake,pog(D=3_omega=0.80_beta=0.50),2.48,504,0
101,2,0xc339f8bf978200eb65afce6c7121402eda949097,2.073142,1773043058,e5ee2cd44405317be80a3d30978d2e7bbf8f1fd504c45a450fca56a05386d573,129,129.00,3.51,1,5,4,0.024185,0.529763,TopoStake,pog(D=3_omega=0.80_beta=0.50),1.75,505,0
101,3,0x49b57eb4dace37c8819daf079c9c674f766d4f38,13.240419,1773043060,c48ca20cd579a9a41fa566292963af3849ed616ac51ea162451b31173d3922b3,187,93.50,4.32,1,6,5,0.024118,0.528378,TopoStake,pog(D=3_omega=0.80_beta=0.50),2.24,506,0
101,4,0x3513d672439a59c26cc5711f2b715ccb4810a774,9.296674,1773043062,4e29fb05f84a4df47ef45c66cd9fb61738a3db351b1bcdcc42d2e5bf283e3298,240,120.00,3.95,1,6,4,0.024115,0.528873,TopoStake,pog(D=3_omega=0.80_beta=0.50),1.88,507,0
102,0,0x07902d0371763a00d97ed9ba16ff0a206cb0fd19,52.613042,1773043064,878fd845e3c7226191d64a0b5dd3f2ae65c78af5f8ad948ce874dd368b4aee2b,206,103.00,3.87,2,5,4,0.024115,0.528875,TopoStake,pog(D=3_omega=0.80_beta=0.50),1.62,508,0
102,1,0xaadc5fea232580cb8fba739ac5d05a48559c7e52,6.355838,1773043066,ef5108903335ac98e28a61aa95fed4c6542abfd64e06dc65cccf7c563bcdbf2b,206,103.00,2.82,1,4,3,0.024304,0.529741,TopoStake,pog(D=3_omega=0.80_beta=0.50),1.50,509,0
102,2,0x1796dc61e715f15a2d27dfa32bd34780f12a8c24,25.756341,1773043069,a7e119f8db9773e1be6422ccd84a1662178124555c601ccf0bf1604145e8a114,186,62.00,4.36,1,6,4,0.024261,0.529612,TopoStake,pog(D=3_omega=0.80_beta=0.50),2.52,510,0
102,3,0x81193196c1dbdbf80709d43a5af5ce21c201fbd7,0.831465,1773043070,2fb6f4591c801644f5cf512a2a6ceea3336e2b4dc47779fe63a2ab23e634593a,177,88.50,3.23,1,5,3,0.024326,0.530345,TopoStake,pog(D=3_omega=0.80_beta=0.50),2.46,511,0
102,4,0xe478b1e4d1538274c0c70cbd7df877f9abab2f62,3.295380,1773043072,d5e3737df62d17f711fb8836b4c729e7ee1c69f288c17026922cf97f36d21857,101,101.00,3.87,1,6,4,0.024252,0.528443,TopoStake,pog(D=3_omega=0.80_beta=0.50),1.91,512,0
103,0,0xf5ecb44daf07a1d1073dbc89baf04bd7541fa517,1.060957,1773043074,56dd5df915f4baa3ece9f6a99e09f87273080c7fe7ba7a6729e8c6544262815f,211,105.50,3.94,1,5,4,0.024193,0.527579,TopoStake,pog(D=3_omega=0.80_beta=0.50),2.27,513,0
103,1,0x0d91704595bff3aec25d40822498a51c62b05e3a,13.587635,1773043076,2c9162075adf1cd242edb93be73b1b6bc54f84a48ad3557227115acd0a01b89b,250,125.00,3.99,1,6,4,0.024122,0.525751,TopoStake,pog(D=3_omega=0.80_beta=0.50),2.04,514,0
103,2,0x07902d0371763a00d97ed9ba16ff0a206cb0fd19,53.614388,1773043078,d2d8d8b14ca680611a784b5cfd5b2ab225a620f27152e320b3364ed0b86e06af,200,100.00,3.27,1,5,3,0.024119,0.526233,TopoStake,pog(D=3_omega=0.80_beta=0.50),1.82,515,0
103,3,0x53be6e527cc5a7d850b5eae27b9cef342e0665f2,3.040574,1773043080,5a8c53132ed34421f93356a927ac46327fba5eeb85aae7dc55cb819f48e84b64,227,113.50,2.77,1,4,3,0.024334,0.527000,TopoStake,pog(D=3_omega=0.80_beta=0.50),1.43,516,0
103,4,0x71f297f96355f349d66f0e9b681e7d4e11224660,1.166286,1773043083,434d8efe3263b91186d81735d375cf4dbd9e981708fddcba469be154508fdec0,225,75.00,3.39,1,5,4,0.024273,0.526054,TopoStake,pog(D=3_omega=0.80_beta=0.50),2.53,517,0
104,0,0x13f9dadc05f6c237b03411e2aed1800cf21a5d89,21.315600,1773043084,a08e7f09ea8afa26120b89df38378adc51cb0228a874e3fae26db15609b25b6c,206,103.00,3.94,1,5,4,0.024202,0.524257,TopoStake,pog(D=3_omega=0.80_beta=0.50),2.53,518,0
104,1,0x07902d0371763a00d97ed9ba16ff0a206cb0fd19,54.615588,1773043086,1486e9c814b0c789b424e9e7c930f695d97a03440b6872730a1d7d9ab555389c,131,131.00,2.75,1,5,3,0.024240,0.524924,TopoStake,pog(D=3_omega=0.80_beta=0.50),1.70,519,0
104,2,0xb990cdf21950e6086c350175c4bc504e45858230,0.113663,1773043088,3d6de4d0483728a9f304a07392532ed7cb5232d9696559eb99283838ee0c5539,236,118.00,2.74,1,4,3,0.024457,0.525688,TopoStake,pog(D=3_omega=0.80_beta=0.50),2.00,520,0
104,3,0x016d3fc36beee7caa8fbd6c1caa42461dd7f9850,14.898759,1773043090,94f880175698b1224187cb83f302d2600e8b61156457ab5c18fe862900034d5b,212,106.00,3.94,1,5,4,0.024380,0.523549,TopoStake,pog(D=3_omega=0.80_beta=0.50),1.58,521,0
104,4,0xc774b0fee7cabbef3b1ae14bf36db3df0d32c1df,3.169959,1773043092,7a12a1704839502bb4e88a71aaf7cc3112a3160dc39ca6649c7c4492670b42fb,241,120.50,3.15,1,4,3,0.024383,0.524101,TopoStake,pog(D=3_omega=0.80_beta=0.50),1.71,522,0
105,0,0x075e1d95c7891e1c00414ca1aa9a7a8cf6270019,23.180440,1773043094,1ce0b27a6a071388c33f86ea9d9fe021cc87eae209c0d7921a03213fdb18c1d3,176,88.00,4.05,1,5,4,0.024323,0.523176,TopoStake,pog(D=3_omega=0.80_beta=0.50),1.51,523,0
105,1,0xa9105f442328d397529b8e4e9e656fa89016ff45,0.463015,1773043097,3c1597d739aa57d8b0c977ed6ca30455b942312d064759ebdf02d8300504d445,214,71.33,3.19,1,5,3,0.024369,0.523873,TopoStake,pog(D=3_omega=0.80_beta=0.50),2.48,524,0
105,2,0x24898fcb116b48cb2b6fd5d3b4eb599fee0f4633,11.064176,1773043098,2494812ff1cb186bb80ac0783e2e4e67b8bc7036eb26f393caa345117ef2e1e2,196,98.00,3.79,1,5,4,0.024295,0.521818,TopoStake,pog(D=3_omega=0.80_beta=0.50),2.57,525,0
105,3,0x30509a8084fdfe6fe24d9c9a817c209ad194f8e3,19.679183,1773043100,b38b70810a10ab788a001ce784b89810a26bee8b1d8d3706416a3aa3063ec6f4,113,113.00,3.43,1,5,4,0.024277,0.522080,TopoStake,pog(D=3_omega=0.80_beta=0.50),1.88,526,0
105,4,0x53be6e527cc5a7d850b5eae27b9cef342e0665f2,4.041729,1773043102,6fa13583a6d550606f22fc8fc0c09754702e65364fc9854d2c54dd726a15481b,246,123.00,3.25,1,5,3,0.024305,0.522710,TopoStake,pog(D=3_omega=0.80_beta=0.50),2.04,527,0
106,0,0x49b57eb4dace37c8819daf079c9c674f766d4f38,14.241555,1773043104,9dde02a735db43ececbbe311349d09593c7fcec69fab46cfb05a16ade02a49f8,219,109.50,3.51,1,5,4,0.024250,0.522015,TopoStake,pog(D=3_omega=0.80_beta=0.50),1.73,528,0
106,1,0x075e1d95c7891e1c00414ca1aa9a7a8cf6270019,24.181608,1773043106,242276e9300ee87a479be6987a12d572c1c91007858b77f05ba63716935f973c,224,112.00,3.96,1,6,4,0.024248,0.522503,TopoStake,pog(D=3_omega=0.80_beta=0.50),1.58,529,0
106,2,0x0d91704595bff3aec25d40822498a51c62b05e3a,14.588752,1773043108,eb39908bcb1630d7e3e839d9a21705c1fb86101132115205294c1c8891f27719,218,109.00,3.18,1,5,3,0.024299,0.523194,TopoStake,pog(D=3_omega=0.80_beta=0.50),1.53,530,0
106,3,0x1cb1274c711a6c2e4e1596846e6ac604eeefb358,11.417702,1773043111,77ac8a1981047c2a405d33c4a7ef4c8a6f99381b47aaf3cdfad421d7bd3fb535,214,71.33,3.19,1,5,3,0.024299,0.523672,TopoStake,pog(D=3_omega=0.80_beta=0.50),2.51,531,0
106,4,0x311eb133eb413ac3f21249889bb101e5d40820ce,3.131803,1773043112,33a3b6da02154d19eb27c9ebbf136dd4d4148f7ae83c2552735d5df1da728d7d,198,99.00,3.49,1,5,4,0.024282,0.523952,TopoStake,pog(D=3_omega=0.80_beta=0.50),2.48,532,0
107,0,0x606627477c3734932f47972f83c27cf4e3b35b4f,12.384723,1773043114,9eca588673c0981fbd7ba221289a9630bd4faa5155ade74d8ba50b5814ab8821,78,78.00,3.46,1,5,4,0.024223,0.522998,TopoStake,pog(D=3_omega=0.80_beta=0.50),1.95,533,0
107,1,0x07902d0371763a00d97ed9ba16ff0a206cb0fd19,55.617789,1773043116,29d619421b61bfbe687477baecebd22a84b04662f32b8ea9c29d53ca8d70d34e,234,117.00,3.59,1,5,4,0.024212,0.523394,TopoStake,pog(D=3_omega=0.80_beta=0.50),2.14,534,0
107,2,0x81d019380961f92c2031b0a7fba69f7675145088,1.486280,1773043118,c4295d1ad17c221d6e4c5b4b600a187241f3e44bc1316a09e2fb47b0cb4a3b55,234,117.00,2.87,1,4,3,0.024421,0.524142,TopoStake,pog(D=3_omega=0.80_beta=0.50),1.80,535,0
107,3,0x4414c05be2cf328f38d2e3ef4b705d6b894f044a,10.094527,1773043120,49c03f1c798f002660ed9cfa2136187c193b1040c744af1248e2cd99d9fa8bee,212,106.00,3.63,1,5,4,0.024353,0.522514,TopoStake,pog(D=3_omega=0.80_beta=0.50),1.43,536,0
107,4,0x6d6b2734a20229ddd7fd4a1470ba3e3bad4e4a85,2.637125,1773043122,eaf441033cd98404d99f61e9eba952fc80b7ce6a15ff85cacef82fa47e549f17,203,101.50,3.94,1,5,4,0.024330,0.522665,TopoStake,pog(D=3_omega=0.80_beta=0.50),1.43,537,0
108,0,0x24898fcb116b48cb2b6fd5d3b4eb599fee0f4633,12.064780,1773043125,81a27ac151b90e6506a7f9403b53a132474d7b1bc6e3ec1a4eaccefe37922cbe,180,60.00,3.72,1,5,4,0.024268,0.521541,TopoStake,pog(D=3_omega=0.80_beta=0.50),2.53,538,0
108,1,0xb990cdf21950e6086c350175c4bc504e45858230,1.114467,1773043126,4405164329c6175ab02a1051678c50bfc31bb24a7780ce0ca1c87b774c53f66b,190,95.00,3.66,2,5,4,0.024255,0.521877,TopoStake,pog(D=3_omega=0.80_beta=0.50),2.58,539,0
108,2,0x07902d0371763a00d97ed9ba16ff0a206cb0fd19,56.619202,1773043128,c33ce1f870ea9ebddaf4dc9e2cd16a0c4b5727580986cd4fb83f23942aac28e0,98,98.00,3.86,1,5,4,0.024186,0.520067,TopoStake,pog(D=3_omega=0.80_beta=0.50),1.91,540,0
108,3,0x075e1d95c7891e1c00414ca1aa9a7a8cf6270019,25.183122,1773043130,6073e9ff44e597e4eba59e442c02bc40b621c96d35e909e9e4933cf344b8c550,250,125.00,2.78,1,4,3,0.024396,0.520812,TopoStake,pog(D=3_omega=0.80_beta=0.50),2.09,541,0
108,4,0x786f26993bf015cd2da6fb5d3ccd1879e01246ab,5.290827,1773043132,4a07347f97095a673afb66f71211f4f1e9a68fabc122e73edd1c5bccea9d7175,244,122.00,3.16,1,5,3,0.024447,0.521493,TopoStake,pog(D=3_omega=0.80_beta=0.50),1.84,542,0
109,0,0x075e1d95c7891e1c00414ca1aa9a7a8cf6270019,26.184349,1773043134,4efd4f3e92f5471e2e4fe8b2d1df1a5e0f8c05fcad397d076d1a1e6fe6113bfa,191,95.50,4.08,2,5,4,0.024399,0.521159,TopoStake,pog(D=3_omega=0.80_beta=0.50),1.50,543,0
109,1,0x24898fcb116b48cb2b6fd5d3b4eb599fee0f4633,13.065676,1773043136,fdf76f3432668d12d40413dee07f122031efdd3b7a37d965eb50f5760fad7204,201,100.50,3.14,2,5,3,0.024399,0.521161,TopoStake,pog(D=3_omega=0.80_beta=0.50),1.47,544,0
109,2,0x1796dc61e715f15a2d27dfa32bd34780f12a8c24,26.757864,1773043138,cabbc179ff2e3a718b2bca2c87dd37aba4ab90239fa136a976dbdb65284f0d3d,191,63.67,3.56,1,5,4,0.024445,0.522260,TopoStake,pog(D=3_omega=0.80_beta=0.50),2.53,545,0
109,3,0x13f9dadc05f6c237b03411e2aed1800cf21a5d89,22.317117,1773043141,ae023751748502a55687571f4645e2e7fdcd16d27b9ecfdd6fdf08f07f12dd9d,224,112.00,3.35,1,5,3,0.024503,0.522951,TopoStake,pog(D=3_omega=0.80_beta=0.50),2.50,546,0
109,4,0x0d91704595bff3aec25d40822498a51c62b05e3a,15.590101,1773043143,317cb7bec421917bee1a389d14f5faeb996657ac5510046992ffefe735071d33,211,105.50,3.02,1,5,3,0.024538,0.523591,TopoStake,pog(D=3_omega=0.80_beta=0.50),2.33,547,0
110,0,0x07902d0371763a00d97ed9ba16ff0a206cb0fd19,57.620804,1773043145,b7c952fcdd052e79afa508672f37ce1d62ac02db70402842b34004ea48969562,219,109.50,3.14,1,5,3,0.024541,0.524153,TopoStake,pog(D=3_omega=0.80_beta=0.50),2.10,548,0
110,1,0x28672c71695142588ed26ada6f4b18b8b6c12308,3.688810,1773043147,212cee8e521f3d3681731c2d9fa37a6a84d8a1c5d6476f1b41b8566cd921dbd7,214,107.00,2.80,1,4,3,0.024748,0.524883,TopoStake,pog(D=3_omega=0.80_beta=0.50),1.79,549,0
110,2,0x408bb0bf84df50b21c53c74420987f172d4036a1,6.800253,1773043149,2328687f9f38c98a8343cc1cf62a8374adf37753afc34c59368bc65779e026d3,193,96.50,3.49,1,5,4,0.024691,0.524074,TopoStake,pog(D=3_omega=0.80_beta=0.50),1.57,550,0
110,3,0xdc2bc9a639e2bc25c5f57e628a7cd55f6a3d023b,1.093023,1773043151,be8e18507be885e5bc5c9b7ab249af3d2d8c2531ff2bba0adefcc1780781cf3a,192,96.00,3.54,1,5,4,0.024650,0.524015,TopoStake,pog(D=3_omega=0.80_beta=0.50),1.55,551,0
110,4,0xa068e3c9a21c8d8be636cd2d285895979ec3262e,1.961065,1773043153,3fbca5205a76b52064b1433a01d9785af5d3a90046029db9acc597f78c0289b2,234,78.00,4.50,1,6,5,0.024581,0.522195,TopoStake,pog(D=3_omega=0.80_beta=0.50),2.47,552,0
111,0,0x52e05d9fa4faa167f30baba23c710e4f49115288,5.148737,1773043156,03af3c0770f7338056facd852a589f4494adabb6c031002946e769525c6e49b0,227,113.50,4.35,2,6,4,0.024517,0.520803,TopoStake,pog(D=3_omega=0.80_beta=0.50),2.48,553,0
111,1,0x30509a8084fdfe6fe24d9c9a817c209ad194f8e3,20.680726,1773043158,8ed12576d4243f78a91995443fdc417973a3a15b3ee15c74efad12c39a02fbe6,199,99.50,3.95,1,5,4,0.024468,0.520425,TopoStake,pog(D=3_omega=0.80_beta=0.50),2.41,554,0
111,2,0x016d3fc36beee7caa8fbd6c1caa42461dd7f9850,15.900410,1773043160,4ad3928d94bc9b625d74733e3b4a7818bd6157586a7c8dcc9f244cfbbff0fdd5,250,125.00,3.22,1,5,3,0.024494,0.521030,TopoStake,pog(D=3_omega=0.80_beta=0.50),2.20,555,0
111,3,0x075e1d95c7891e1c00414ca1aa9a7a8cf6270019,27.185742,1773043162,925079a34a1763eee29dce5631abf11a0875270accc82f6a30b9d235589a5e60,250,125.00,3.09,1,4,3,0.024497,0.521581,TopoStake,pog(D=3_omega=0.80_beta=0.50),1.84,556,0
111,4,0x377eaef292051bbf8ada05b2af76a3f3b9d722a7,5.056241,1773043164,cf2868494c3e23806efa8b41aae08851945c0c83fbd4bd89eb3818645e593671,217,108.50,3.14,1,5,3,0.024553,0.522258,TopoStake,pog(D=3_omega=0.80_beta=0.50),1.54,557,0
112,0,0xbc3f8508d26048f2064aa8c068f4c94d08d77d18,6.064437,1773043166,d559dd2b52f811aafc33c3755a1770b5d4a2314230757b2d78205ccf4f80323c,218,109.00,3.71,1,5,4,0.024504,0.521832,TopoStake,pog(D=3_omega=0.80_beta=0.50),1.51,558,0
112,1,0x786f26993bf015cd2da6fb5d3ccd1879e01246ab,6.291493,1773043168,4175a4ec12fb9727dc76a383c58cf9520e56b537a3e11b61b541bea7a4cadbbb,203,67.67,4.30,1,6,4,0.024460,0.521617,TopoStake,pog(D=3_omega=0.80_beta=0.50),2.55,559,0
112,2,0x687bf2437a044a3e42ff2f8a79a8e54ba9601f70,5.064751,1773043171,960ee6636f4037f2bf34d95ca3800bc998274d1ed06178318c4e0631c94eb65e,197,98.50,4.15,1,5,4,0.024417,0.521429,TopoStake,pog(D=3_omega=0.80_beta=0.50),2.48,560,0
112,3,0x016d3fc36beee7caa8fbd6c1caa42461dd7f9850,16.901681,1773043172,524d69e2152ecf4e29356463866f1faa5469697089d84a9b1c7a68d7edd63c46,183,91.50,3.70,1,5,4,0.024368,0.520977,TopoStake,pog(D=3_omega=0.80_beta=0.50),2.48,561,0
112,4,0xac768e60b9269babb15cb1e36ee843243d7c7543,15.726994,1773043174,71896f2695d3df106c5c23f3d61d5db2204084d111060235d0dd7ecfbf454bc7,120,120.00,3.03,1,4,3,0.024375,0.521544,TopoStake,pog(D=3_omega=0.80_beta=0.50),1.82,562,0
113,0,0x07902d0371763a00d97ed9ba16ff0a206cb0fd19,58.623044,1773043176,a057168aa44129bba19f23715bcfea4274b2ec124a2310a1cbd2238f0a88f139,186,93.00,3.83,1,5,4,0.024377,0.522052,TopoStake,pog(D=3_omega=0.80_beta=0.50),2.04,563,0
113,1,0x63f4973c0df8a5358405f396dc0673a463c48de9,6.899661,1773043178,dccddbe0f652b7922956489e7f4fdc7a6cff382193b1d0f34edf8f099b9a945f,232,116.00,2.84,1,4,3,0.024578,0.522769,TopoStake,pog(D=3_omega=0.80_beta=0.50),1.69,564,0
113,2,0x60705151f1f537cacd5b801f3ef1b31dc3f605de,4.302173,1773043180,24eeb0e1b6362945ead68c25988bd8a8f56b65b14cb63da488173bb71fe6c8a4,176,88.00,3.67,1,5,4,0.024538,0.522680,TopoStake,pog(D=3_omega=0.80_beta=0.50),1.60,565,0
113,3,0x52e05d9fa4faa167f30baba23c710e4f49115288,6.149699,1773043182,41dfb432b88b767a2d805381f9028f5cbeea6dcc0c66cf678029d2d1efa5da27,210,105.00,4.24,1,6,4,0.024538,0.522682,TopoStake,pog(D=3_omega=0.80_beta=0.50),1.48,566,0
113,4,0x075e1d95c7891e1c00414ca1aa9a7a8cf6270019,28.187121,1773043184,2f1a74cd4d924435086b13070d63eacd1799f1c1cbf50ad10d34704479a6eb88,216,72.00,4.01,1,5,4,0.024442,0.521798,TopoStake,pog(D=3_omega=0.80_beta=0.50),2.53,567,0
114,0,0x1796dc61e715f15a2d27dfa32bd34780f12a8c24,27.759311,1773043186,c95a0efa83c5fa38a5306955a1bff1e260e1c21e47aecc618d4b46c0899f6c1c,236,118.00,3.06,1,5,3,0.024500,0.522479,TopoStake,pog(D=3_omega=0.80_beta=0.50),2.53,568,0
114,1,0x13f9dadc05f6c237b03411e2aed1800cf21a5d89,23.319089,1773043188,4a0d45792441b628a26162c161ef8d7f1f5a801c0045406325289e3021a3d22a,110,110.00,3.16,1,5,3,0.024556,0.523129,TopoStake,pog(D=3_omega=0.80_beta=0.50),1.88,569,0
114,2,0x719361397abe003a91af76243e5f9c7a0cd4279f,12.551685,1773043190,cb6b3d3f39fec131c2aacee423113e58f9dd78576aec80f90cf18dcb0c667633,250,125.00,2.95,1,5,3,0.024591,0.523747,TopoStake,pog(D=3_omega=0.80_beta=0.50),2.02,570,0
114,3,0x13f9dadc05f6c237b03411e2aed1800cf21a5d89,24.320349,1773043192,fc8af9fd9dd4e5aef3d0476280de7f3bd43884cea3f320b5ddae7a8e9ebd08fe,225,112.50,3.80,2,5,4,0.024576,0.524074,TopoStake,pog(D=3_omega=0.80_beta=0.50),1.70,571,0
114,4,0x016d3fc36beee7caa8fbd6c1caa42461dd7f9850,17.902350,1773043194,75bbd8ec74c3698bf51d820dd23ece147e9c94d9d6ffb2ab5e6aeef6577a1a0d,205,102.50,3.21,2,5,3,0.024615,0.524689,TopoStake,pog(D=3_omega=0.80_beta=0.50),1.67,572,0
115,0,0xb2a7fe70a6f3137d38f6cb4c3ec6dd1e24f2d5f4,11.426890,1773043196,fb87efebfc1bba4f7cec76274a159a8246ad943b2119d271edd97a830db972f1,193,96.50,3.11,1,4,3,0.024625,0.525241,TopoStake,pog(D=3_omega=0.80_beta=0.50),1.51,573,0
115,1,0xc774b0fee7cabbef3b1ae14bf36db3df0d32c1df,4.170085,1773043199,df0bb708eda124bb8df379eb8912340b4704dfe19952377df3434b0afc3406a2,190,63.33,4.31,1,6,4,0.024605,0.525462,TopoStake,pog(D=3_omega=0.80_beta=0.50),2.47,574,0
115,2,0x0d91704595bff3aec25d40822498a51c62b05e3a,16.591417,1773043200,9a69ed63354e3d104f618dcde8b150f39a6af4852dad0637cd3f13a850f24da3,197,98.50,3.94,1,5,4,0.024552,0.524772,TopoStake,pog(D=3_omega=0.80_beta=0.50),2.47,575,0
115,3,0x3d92e045fb1847aae132b40ebfcc471a32f687de,2.122495,1773043202,6248e6ab5ac6e275424ce41b6402b40c87eb2bd68e96f7441aaa593a9d9c3cc6,125,125.00,3.06,1,5,3,0.024555,0.525288,TopoStake,pog(D=3_omega=0.80_beta=0.50),1.66,576,0
115,4,0x719361397abe003a91af76243e5f9c7a0cd4279f,13.552732,1773043204,b21e2abbe62fe956bcc178d9c3d39256e4380a04db0f8fc6927534cd67024a57,196,98.00,3.78,1,5,4,0.024494,0.523995,TopoStake,pog(D=3_omega=0.80_beta=0.50),2.07,577,0
116,0,0x282f43759e22b50aa7989261c51c367f325c3f91,8.356921,1773043206,7c1962a0ff712763fdcc428c4113cda1c906b530a99494fdfe8a1864e7c6fc47,250,125.00,3.86,1,5,4,0.024483,0.524380,TopoStake,pog(D=3_omega=0.80_beta=0.50),1.93,578,0
116,1,0x4ba33404d90c4ae989714d9d174cd882cffb7994,2.112845,1773043208,2b16afcfde8c6d8142137ecdf70483b82a9708789642361dc7bc12593ffbe488,155,77.50,4.01,1,5,4,0.024483,0.524382,TopoStake,pog(D=3_omega=0.80_beta=0.50),1.49,579,0
116,2,0x13f9dadc05f6c237b03411e2aed1800cf21a5d89,25.321673,1773043210,a71151228d92231388850384f2ceff930d37924123d04611c7a690237bd40b49,237,79.00,4.43,1,6,4,0.024450,0.524409,TopoStake,pog(D=3_omega=0.80_beta=0.50),2.47,580,0
116,3,0x6064b9f5883bf9737dfe314ff68c56e09e68ac89,5.189886,1773043212,4dd0bda4548d1d96fde12f454953514863a3e0b70e618a90b3547b376755a7f2,211,105.50,3.07,1,5,3,0.024431,0.523695,TopoStake,pog(D=3_omega=0.80_beta=0.50),2.49,581,0
116,4,0x30509a8084fdfe6fe24d9c9a817c209ad194f8e3,21.682248,1773043214,727c130a928cdfd0d613bf171147bd90ba9098e2c15fe77c267d583de04e53d9,87,87.00,3.85,1,5,4,0.024383,0.523248,TopoStake,pog(D=3_omega=0.80_beta=0.50),1.95,582,0
117,0,0x075e1d95c7891e1c00414ca1aa9a7a8cf6270019,29.188826,1773043216,efe9d822f469f1c34bb332605f3b021eb6a395599286a4249822a3565aab3dbd,238,119.00,3.36,1,5,3,0.024409,0.523823,TopoStake,pog(D=3_omega=0.80_beta=0.50),2.13,583,0
117,1,0xb990cdf21950e6086c350175c4bc504e45858230,2.114273,1773043218,3784a5af500e40ccd9a70045bd7abeea477e0fa42186bbcdeba75fe6b4dd0751,237,118.50,3.18,1,5,3,0.024467,0.524487,TopoStake,pog(D=3_omega=0.80_beta=0.50),1.84,584,0
117,2,0xea287b266dbe2c2d402fd91814bcfc4c95d6b0fd,0.153643,1773043220,68ef731e60d8eafe1f906f1eb28b23d847f3d1ebe7f9502ce3c8347b15870f32,189,94.50,3.95,1,5,4,0.024406,0.523148,TopoStake,pog(D=3_omega=0.80_beta=0.50),1.52,585,0
117,3,0x1796dc61e715f15a2d27dfa32bd34780f12a8c24,28.760143,1773043222,b4acde466496700781c527462b7466849221a87f2ed8022b6648ce9bb72985e2,189,94.50,4.07,2,6,4,0.024406,0.523149,TopoStake,pog(D=3_omega=0.80_beta=0.50),1.61,586,0
117,4,0xe478b1e4d1538274c0c70cbd7df877f9abab2f62,4.295532,1773043225,86784ca8904c62e6fb6508321683550af5d60434169e12452be95d4cef03cbd6,234,78.00,3.25,1,5,3,0.024393,0.521812,TopoStake,pog(D=3_omega=0.80_beta=0.50),2.55,587,0
118,0,0x71f297f96355f349d66f0e9b681e7d4e11224660,2.166236,1773043226,b87e86b05b5cebf9fdd285ca9ae0de217de828f2d5ec993bd83f3d77e75d9ce6,188,94.00,4.07,1,5,4,0.024342,0.521144,TopoStake,pog(D=3_omega=0.80_beta=0.50),2.47,588,0
118,1,0x8d9e46becf415ca26aa698c9657087e6554aabda,6.387994,1773043228,eedb90cebee4fff69b00061c2fdbcba03bbd7eaab8cd4f7ce0e881b268f3a44c,100,100.00,3.71,1,5,4,0.024282,0.519816,TopoStake,pog(D=3_omega=0.80_beta=0.50),1.93,589,0
118,2,0x1cb1274c711a6c2e4e1596846e6ac604eeefb358,12.418800,1773043230,0b77c1015e2fc94a991582cd2be7563fc6d3abdddab558f0da28cc9ce2277b31,250,125.00,3.62,1,5,4,0.024240,0.519594,TopoStake,pog(D=3_omega=0.80_beta=0.50),2.16,590,0
118,3,0x016d3fc36beee7caa8fbd6c1caa42461dd7f9850,18.903466,1773043232,6f166d27f14f15c6c507505f426996921a8d39a7f4e0d0f03690ff734454461e,250,125.00,3.55,1,5,4,0.024225,0.519881,TopoStake,pog(D=3_omega=0.80_beta=0.50),1.72,591,0
118,4,0x0d91704595bff3aec25d40822498a51c62b05e3a,17.592217,1773043234,f95edd4491db36b883cc87f5bebba274c38d5405b50b65d8aea60ccdef471dcb,132,66.00,3.08,1,4,3,0.024237,0.520425,TopoStake,pog(D=3_omega=0.80_beta=0.50),1.42,592,0
119,0,0xdb45667100590f9cfe78a899c3b02c5cd37008f1,6.050955,1773043236,d06becf61de3ad1a1636dd4adbbdf79ca3b02783061e8340fac2c2c001384278,214,71.33,3.22,1,5,3,0.024244,0.520938,TopoStake,pog(D=3_omega=0.80_beta=0.50),2.50,593,0
119,1,0x89100a8056319ba37491b32ba255004180607bc2,8.789791,1773043239,a3bd937995f3ab0f44fdf66515dc7bade2963e350621d0a775daebf29714ac53,203,101.50,4.05,1,6,4,0.024201,0.520627,TopoStake,pog(D=3_omega=0.80_beta=0.50),2.56,594,0
119,2,0x13f9dadc05f6c237b03411e2aed1800cf21a5d89,26.323221,1773043241,ef0d64e67be55f9049392fddbdace432764cb7a28bfe9d930b44bb7b8a58d79f,185,92.50,3.91,1,5,4,0.024170,0.520657,TopoStake,pog(D=3_omega=0.80_beta=0.50),2.50,595,0
119,3,0xd1cd4b808ce6b2841ad42746b64c5a047e857ef0,1.231952,1773043243,27b541721161d00bb637d43b5ea846eb32fda46112b39a55d2f6992bc9367e41,250,125.00,2.97,1,5,3,0.024214,0.521255,TopoStake,pog(D=3_omega=0.80_beta=0.50),2.24,596,0
119,4,0xac768e60b9269babb15cb1e36ee843243d7c7543,16.727649,1773043245,9eb10fab3baaf7a3c1938366ad3dd17a86f76cf9adbd4a41cd3b44b45b43c8e5,228,114.00,3.93,1,6,4,0.024151,0.519572,TopoStake,pog(D=3_omega=0.80_beta=0.50),1.89,597,0
120,0,0x95ab54d268473cce82094026afefdbd5cadf418b,4.593235,1773043247,2580d2c18621fd8f61375dc4ff5e87fb2ac6da52a1aa71d6d1b19d11a13a7525,192,96.00,4.04,1,6,4,0.024153,0.520053,TopoStake,pog(D=3_omega=0.80_beta=0.50),1.66,598,0
120,1,0x269cdf52f97e1d9f14b7be895155a7b294f0b21d,11.733211,1773043249,a0d3bda28145ed183a6d2ec0640c8f13f8ac7631367d4b24c7cf9106413f8199,187,93.50,4.38,1,6,5,0.024105,0.519452,TopoStake,pog(D=3_omega=0.80_beta=0.50),1.45,599,0
120,2,0xcdc82b7c868072205a399d0f68e6e3ad3bfd1ca6,5.206769,1773043251,7efb85afa01964cba3fe36839beeb544e063f9b448ae912db16e687e18ea8d89,189,63.00,3.76,1,5,4,0.024086,0.519670,TopoStake,pog(D=3_omega=0.80_beta=0.50),2.57,600,0
120,3,0xd61b00c297972877b45f8d7f4d67fdaf20c67c59,1.327768,1773043254,07fde2e46e53737220c7ef5a0ebab0c2fe63d0b49b4099dd3e40bef633208c0d,205,102.50,3.53,1,5,4,0.024041,0.519198,TopoStake,pog(D=3_omega=0.80_beta=0.50),2.47,601,0
120,4,0x07902d0371763a00d97ed9ba16ff0a206cb0fd19,59.627057,1773043255,8b6fa71875be5c2f5bbec783a8ddadcf98f318441fb1e409cd3143f202c74a1a,210,105.00,4.57,1,6,5,0.023979,0.517534,TopoStake,pog(D=3_omega=0.80_beta=0.50),2.50,602,0
121,0,0x016d3fc36beee7caa8fbd6c1caa42461dd7f9850,19.904140,1773043257,fdff4b015655cd2009c6549362719d276e803fdac061065c9b8ac064ebbdb32d,175,175.00,2.70,2,4,3,0.024160,0.518217,TopoStake,pog(D=3_omega=0.80_beta=0.50),1.66,603,0
121,1,0x49b57eb4dace37c8819daf079c9c674f766d4f38,15.242417,1773043259,cd249628ddc9119ab1c43bb9232ae01d5ba8bf5d94568818d90ea5684c9a721b,207,103.50,3.16,1,4,3,0.024175,0.518754,TopoStake,pog(D=3_omega=0.80_beta=0.50),1.73,604,0
121,2,0x13f9dadc05f6c237b03411e2aed1800cf21a5d89,27.324900,1773043261,71fe7a4eaee77f1bee2dcc04187ed442d6193f64a3feb01382b5fec75b7d9f17,193,96.50,3.97,1,6,4,0.024170,0.519195,TopoStake,pog(D=3_omega=0.80_beta=0.50),1.59,605,0
121,3,0x6064b9f5883bf9737dfe314ff68c56e09e68ac89,6.189954,1773043263,6e80b7555b4dab41612a9b66dcf5f9ceef32c16118ab6d462e8035e0dc772d88,203,101.50,3.01,1,5,3,0.024216,0.519786,TopoStake,pog(D=3_omega=0.80_beta=0.50),1.67,606,0
121,4,0x07902d0371763a00d97ed9ba16ff0a206cb0fd19,60.628069,1773043265,3612386ec6fc1a120746df307e243ed7267f57edb2b6b120f662d053dc033af1,197,98.50,3.75,1,5,4,0.024174,0.519479,TopoStake,pog(D=3_omega=0.80_beta=0.50),1.53,607,0
122,0,0x4414c05be2cf328f38d2e3ef4b705d6b894f044a,11.095016,1773043268,3370b576faae26546d72dc148672c628aab2e4ada76d7772bd0852064acce215,198,66.00,2.77,1,4,3,0.024355,0.520155,TopoStake,pog(D=3_omega=0.80_beta=0.50),2.55,608,0
122,1,0x687bf2437a044a3e42ff2f8a79a8e54ba9601f70,6.064907,1773043269,b1b764a444b54ee824f194b81ea93d78595d21cb42b7e5008cd4328a8191d390,185,92.50,3.96,1,5,4,0.024333,0.520313,TopoStake,pog(D=3_omega=0.80_beta=0.50),2.52,609,0
122,2,0x1d1d2c63625de70b1e5ef40056bd2deb89d7fef2,3.066913,1773043271,ac70f530fa1501259877aed4565db71a97051d2438352d02b27de0371ca4296d,121,121.00,3.68,1,5,4,0.024291,0.519954,TopoStake,pog(D=3_omega=0.80_beta=0.50),1.96,610,0
122,3,0x58a21eeb7ab18ba8adf1296e66a4487076e95dac,12.097615,1773043273,f96fb84622205176c04eba4194afebc403dff7a39fc31e8184bcb9ed716ae02c,248,124.00,3.60,1,5,4,0.024236,0.519038,TopoStake,pog(D=3_omega=0.80_beta=0.50),2.15,611,0
122,4,0x1cb1274c711a6c2e4e1596846e6ac604eeefb358,13.420180,1773043275,b7b77a3073f72367ca307935787df3e1751c0bd0633a036d4c3c3fe5e91441e4,246,123.00,3.87,1,5,4,0.024218,0.519255,TopoStake,pog(D=3_omega=0.80_beta=0.50),1.88,612,0
123,0,0x81d019380961f92c2031b0a7fba69f7675145088,2.486014,1773043277,46472c4c7113a970e8a40eaba353975e67928252c64eec1f0f6a4b8d01a78ef1,204,102.00,3.55,1,5,4,0.024206,0.519595,TopoStake,pog(D=3_omega=0.80_beta=0.50),1.60,613,0
123,1,0x50f7fa851f9314d682e36da5caa4635039b5305d,7.109649,1773043279,9dc082d6d0e259fc30d051a17f295b45bf1f94a9ba4e252f2f370208f8ae02f7,201,100.50,3.68,1,5,4,0.024149,0.518425,TopoStake,pog(D=3_omega=0.80_beta=0.50),1.53,614,0
123,2,0x30509a8084fdfe6fe24d9c9a817c209ad194f8e3,22.683747,1773043281,2fc91ceefe4bdee6dd6838b17c7353e4b5c1f63064186779d80ba5ad95002bbc,207,69.00,3.40,1,4,3,0.024111,0.518350,TopoStake,pog(D=3_omega=0.80_beta=0.50),2.55,615,0
123,3,0xa5a12d96532497871d73549e55ab377e3dcb3a40,4.105831,1773043284,9e65b926bdc1ccd333e9566903f275cfba69d673debdd41fb848219033d62fe8,202,101.00,3.39,1,5,4,0.024136,0.518906,TopoStake,pog(D=3_omega=0.80_beta=0.50),2.50,616,0
123,4,0x24898fcb116b48cb2b6fd5d3b4eb599fee0f4633,14.066690,1773043285,ec8127f401154112b26e478e9b6ee51b1b3610956215cd66397582876700578a,203,101.50,4.17,1,6,4,0.024086,0.518188,TopoStake,pog(D=3_omega=0.80_beta=0.50),2.46,617,0
124,0,0x1d1d2c63625de70b1e5ef40056bd2deb89d7fef2,4.068071,1773043287,dfff19dabc3443d0107abce5f587cfecfdda2778a4052e4963d64499e058b143,119,119.00,3.46,1,5,4,0.024076,0.518550,TopoStake,pog(D=3_omega=0.80_beta=0.50),1.86,618,0
124,1,0x13f9dadc05f6c237b03411e2aed1800cf21a5d89,28.326434,1773043289,8b48000921b9e758b9f605c14e3963072081948f2d59a35fb3f60bda0bc3f0eb,241,120.50,3.75,1,5,4,0.024027,0.517801,TopoStake,pog(D=3_omega=0.80_beta=0.50),2.10,619,0
124,2,0x075e1d95c7891e1c00414ca1aa9a7a8cf6270019,30.191537,1773043291,10b91b2800321a49148c4222d4446f4377d460e29d6603a18fd1bbb1812bbb84,246,123.00,3.19,1,5,3,0.024073,0.518383,TopoStake,pog(D=3_omega=0.80_beta=0.50),1.73,620,0
124,3,0xd46407aa7b668c72de3cf1c1a12b7fa2e308a1b2,2.984488,1773043293,5c8e74ea7075edf80a5dc48bc6e6b6d73f11fd83343ecef5d9eb6ab09f0d6b3c,232,116.00,3.11,1,5,3,0.024074,0.518384,TopoStake,pog(D=3_omega=0.80_beta=0.50),1.55,621,0
124,4,0x13f9dadc05f6c237b03411e2aed1800cf21a5d89,29.327691,1773043295,59d3e7942baeb0ce54eac4e81ce5b54f73c28538c925f872b1f78e722c35ac69,190,95.00,3.92,1,5,4,0.024127,0.519020,TopoStake,pog(D=3_omega=0.80_beta=0.50),1.51,622,0
125,0,0xa447d277b02012c2afd9ddcbbe123f27cc971963,6.808307,1773043298,3cba75320f5a09d303e7b80682dbdbe95c8d95020df26696af9a6f9b334e69d4,178,59.33,3.14,2,5,3,0.024123,0.518644,TopoStake,pog(D=3_omega=0.80_beta=0.50),2.47,623,0
125,1,0x07902d0371763a00d97ed9ba16ff0a206cb0fd19,61.630493,1773043299,0dfbe0b20932a6875629b854f0addc8e52b3a2a9d7301df0392532b70d1bc05a,217,108.50,3.51,1,5,4,0.024084,0.518455,TopoStake,pog(D=3_omega=0.80_beta=0.50),2.48,624,0
125,2,0x60705151f1f537cacd5b801f3ef1b31dc3f605de,5.302147,1773043301,886a3e9a4374fda54ddd9b26cfd74794bc84451945f152778b7cff288a620d00,130,130.00,2.62,1,4,3,0.024260,0.519115,TopoStake,pog(D=3_omega=0.80_beta=0.50),1.80,625,0
125,3,0x269cdf52f97e1d9f14b7be895155a7b294f0b21d,12.733971,1773043303,f745562f71e19ab90a2c2c8328b90db68bc4d4d75d692876bd36c36b3b5b7102,218,109.00,4.13,1,6,4,0.024215,0.518645,TopoStake,pog(D=3_omega=0.80_beta=0.50),2.26,626,0
125,4,0x6d6b2734a20229ddd7fd4a1470ba3e3bad4e4a85,3.636656,1773043305,5e6cca86ddc8ab7da662146b51363c3753bfefd284478d16921809927d8d7713,247,123.50,3.55,1,5,4,0.024199,0.518899,TopoStake,pog(D=3_omega=0.80_beta=0.50),2.00,627,0
126,0,0x30509a8084fdfe6fe24d9c9a817c209ad194f8e3,23.684811,1773043307,eb2fdae11baefdf2a59844c772c3d73116c39e9b5691da5def695e64e8a9ad68,216,108.00,3.71,1,5,4,0.024147,0.518062,TopoStake,pog(D=3_omega=0.80_beta=0.50),1.57,628,0
126,1,0x606627477c3734932f47972f83c27cf4e3b35b4f,13.385246,1773043309,c32b95cc86839af2af09ac5471b6f8522374b8a8e66cd14296ddd0623af0a1c2,210,105.00,3.40,1,5,4,0.024174,0.518608,TopoStake,pog(D=3_omega=0.80_beta=0.50),1.50,629,0
126,2,0x4ba33404d90c4ae989714d9d174cd882cffb7994,3.112809,1773043311,eaf9a9af74b0f5cc3b730ed4a18b84b1b85a3b1b2259efb11debd01abd1148ce,213,71.00,3.64,1,5,4,0.024160,0.518893,TopoStake,pog(D=3_omega=0.80_beta=0.50),2.53,630,0
126,3,0x1cb1274c711a6c2e4e1596846e6ac604eeefb358,14.421188,1773043314,707740c0b1738230798af2434180dae7ad193557db105719a5583dfbbb1ce9c6,202,101.00,4.43,1,6,4,0.024107,0.517942,TopoStake,pog(D=3_omega=0.80_beta=0.50),2.52,631,0
126,4,0x34412315480562da4810040fd15c81f99880e1ab,4.893935,1773043315,002dd9541916df759a437381374c3d8a289f4e9534af97f541649d1dc826d794,205,102.50,3.46,1,5,4,0.024098,0.518297,TopoStake,pog(D=3_omega=0.80_beta=0.50),2.50,632,0
127,0,0x30509a8084fdfe6fe24d9c9a817c209ad194f8e3,24.685862,1773043317,6210a580c9ae0c7010877fc0bd11d2619f67d33fb0e0cbeb4b32dd3ecb4e274f,120,120.00,3.87,1,6,4,0.024052,0.517729,TopoStake,pog(D=3_omega=0.80_beta=0.50),1.82,633,0
127,1,0x377eaef292051bbf8ada05b2af76a3f3b9d722a7,6.056793,1773043319,2ad1f8189c3e92e89e5d5bf32f45280a04bef2572e447d92ef7e27d90d8daaa7,250,125.00,3.32,1,5,3,0.024081,0.518272,TopoStake,pog(D=3_omega=0.80_beta=0.50),2.12,634,0
127,2,0xcb7977f4997b4252c0152e135dd79b3cfe35c1a5,1.619961,1773043321,bca6ba59412108bc9799047fd83ed5c931a3a34ec3090cd7a9a296e5d06a8d05,219,109.50,3.75,1,5,4,0.024040,0.517887,TopoStake,pog(D=3_omega=0.80_beta=0.50),1.88,635,0
127,3,0x58a21eeb7ab18ba8adf1296e66a4487076e95dac,13.098568,1773043323,5b6adf87d5b1b44559fef694f94f1b4299da2b065a9c0fe32888222b0c10eda8,206,103.00,4.10,1,6,4,0.023982,0.516384,TopoStake,pog(D=3_omega=0.80_beta=0.50),1.54,636,0
127,4,0x1cb1274c711a6c2e4e1596846e6ac604eeefb358,15.422232,1773043325,6a9c0ffcc12f0e3880fda437e55cc866a439d4229c5d129bf5456b4e5e34d39d,200,100.00,3.94,1,5,4,0.023968,0.516630,TopoStake,pog(D=3_omega=0.80_beta=0.50),1.54,637,0
128,0,0xb990cdf21950e6086c350175c4bc504e45858230,3.114569,1773043328,016fabff58a2a2bed8e5b3e40273ed7d596f773d09cf31b8d840b9ca9f05fae5,177,59.00,3.55,1,5,4,0.023962,0.517037,TopoStake,pog(D=3_omega=0.80_beta=0.50),2.53,638,0
128,1,0x1cb1274c711a6c2e4e1596846e6ac604eeefb358,16.423108,1773043329,9013929063bb37a54b03fe35ece37753c8b49027524e9049d7da51a967b03cd3,217,108.50,4.07,1,5,4,0.023910,0.516071,TopoStake,pog(D=3_omega=0.80_beta=0.50),2.45,639,0
128,2,0x786f26993bf015cd2da6fb5d3ccd1879e01246ab,7.291504,1773043331,c0f09e172ea658ff32fefd453f0283694580ddace271f0ef04a3e5abe0ce3d43,103,103.00,3.40,1,5,3,0.023908,0.516502,TopoStake,pog(D=3_omega=0.80_beta=0.50),1.89,640,0
128,3,0x13f9dadc05f6c237b03411e2aed1800cf21a5d89,30.329366,1773043333,c70456097fd3e395511200f43330e55ca37430278f79773786e6ca705fd8d71d,214,107.00,3.88,1,5,4,0.023872,0.516423,TopoStake,pog(D=3_omega=0.80_beta=0.50),2.40,641,0
128,4,0x24898fcb116b48cb2b6fd5d3b4eb599fee0f4633,15.067236,1773043335,9ba4bda87f64ad3cd7cba4c6dfa9795e5be8e7c908b44d003599a041f167536d,250,125.00,2.97,1,4,3,0.023922,0.517020,TopoStake,pog(D=3_omega=0.80_beta=0.50),2.10,642,0
129,0,0x71f297f96355f349d66f0e9b681e7d4e11224660,3.165974,1773043337,eba875f9cf00f88f35c4efee69656931b90cfa86748daac3959a1c041b3072bf,241,120.50,3.54,1,5,4,0.023914,0.517381,TopoStake,pog(D=3_omega=0.80_beta=0.50),1.78,643,0
129,1,0xac768e60b9269babb15cb1e36ee843243d7c7543,17.728288,1773043339,cf6ac0279c12f97ed51bf96a14b779b2dea0b6206e2fd9ce7ea165ac67160b86,202,101.00,4.02,1,5,4,0.023914,0.517383,TopoStake,pog(D=3_omega=0.80_beta=0.50),1.56,644,0
129,2,0x81193196c1dbdbf80709d43a5af5ce21c201fbd7,1.829721,1773043341,b432ade3f852fcfc725c9f620a21f3d22639658efa0a476c31009b5d3faf1288,202,67.33,4.02,1,6,4,0.023917,0.517840,TopoStake,pog(D=3_omega=0.80_beta=0.50),2.58,645,0
129,3,0x8719ca31b72ae8a5404006763c53d5ad503dbcb0,1.105972,1773043344,807408370d19d45da0c9f611d10eb6d358b0d58b0f52bb07414a40574ac7c96a,158,79.00,3.95,1,6,4,0.023861,0.516412,TopoStake,pog(D=3_omega=0.80_beta=0.50),2.43,646,0
129,4,0x0d91704595bff3aec25d40822498a51c62b05e3a,18.593929,1773043345,a21908ef8ccf3e810c88072e13caa3b1b5e43fc78ee300fac0a6e0f0d3458e70,190,95.00,4.18,1,6,4,0.023802,0.514741,TopoStake,pog(D=3_omega=0.80_beta=0.50),2.48,647,0
130,0,0x075e1d95c7891e1c00414ca1aa9a7a8cf6270019,31.193529,1773043347,47648788b59a759ef8730246e3fa8d2cbaf2cc19931026489d1be3c358d75f7d,117,117.00,3.05,1,5,3,0.023808,0.515220,TopoStake,pog(D=3_omega=0.80_beta=0.50),1.75,648,0
130,1,0xe6ebb0cdfd04183d498964e5efc4096ba77b17d6,6.289548,1773043349,94c93c7488c69708c7e2ae644255b1da6e434a2a3502cfdcc82da673a09ebd51,247,123.50,3.09,1,5,3,0.023859,0.515834,TopoStake,pog(D=3_omega=0.80_beta=0.50),1.95,649,0
130,2,0x6064b9f5883bf9737dfe314ff68c56e09e68ac89,7.190398,1773043351,7646ca3e481fabd535dac358f77f39d81a90710f27973e07097f4b4e089d3e75,207,103.50,4.09,1,6,4,0.023820,0.515485,TopoStake,pog(D=3_omega=0.80_beta=0.50),1.65,650,0
130,3,0x07902d0371763a00d97ed9ba16ff0a206cb0fd19,62.633216,1773043353,7c611fbfdb391f30dc612878f71f390d2f8e75b074c2e56f7b310fdc72bc8f47,240,120.00,3.96,1,5,4,0.023784,0.515363,TopoStake,pog(D=3_omega=0.80_beta=0.50),1.65,651,0
130,4,0x1cb1274c711a6c2e4e1596846e6ac604eeefb358,17.423572,1773043355,ad2102ab634820c248272811783379855194f637d29a468fa76932ce8dc5fc73,180,90.00,2.72,1,4,3,0.023949,0.516004,TopoStake,pog(D=3_omega=0.80_beta=0.50),1.53,652,0
131,0,0x269cdf52f97e1d9f14b7be895155a7b294f0b21d,13.735180,1773043358,1b5bc951c70499a5945868cd54ee94c982a6e746e68cfc86996eb519dbe02900,198,66.00,3.50,1,5,4,0.023950,0.516429,TopoStake,pog(D=3_omega=0.80_beta=0.50),2.48,653,0
131,1,0x0d91704595bff3aec25d40822498a51c62b05e3a,19.594600,1773043359,e934cc5b3db40603f886d4aa6678fec9b84bf660044d442ff519c45492404b12,197,98.50,3.67,1,5,4,0.023937,0.516695,TopoStake,pog(D=3_omega=0.80_beta=0.50),2.46,654,0
131,2,0x606627477c3734932f47972f83c27cf4e3b35b4f,14.386009,1773043361,f0b601993b5b0a80e226d4728b6907acca49ace9e275f52a18b6b909c8bbcac2,132,132.00,3.23,1,5,3,0.023945,0.517170,TopoStake,pog(D=3_omega=0.80_beta=0.50),1.86,655,0
131,3,0x13f9dadc05f6c237b03411e2aed1800cf21a5d89,31.331025,1773043363,85f80e831f3224ea8f4b05643790e7105d598e0844ca4319ac7130708385de14,219,109.50,3.51,1,5,4,0.023934,0.517470,TopoStake,pog(D=3_omega=0.80_beta=0.50),2.14,656,0
131,4,0x075e1d95c7891e1c00414ca1aa9a7a8cf6270019,32.195100,1773043365,71d9967dc3677bd57129117cc6454deebbbc7cebb4f61e78a39ab31a9173dd86,242,121.00,2.98,1,5,3,0.023985,0.518055,TopoStake,pog(D=3_omega=0.80_beta=0.50),1.82,657,0
132,0,0x016d3fc36beee7caa8fbd6c1caa42461dd7f9850,20.906014,1773043367,bb40796099f38c6233de1f3800e82b63255c6c1e1968d08c20bd379ca0ee6303,218,109.00,3.10,1,5,3,0.024038,0.518657,TopoStake,pog(D=3_omega=0.80_beta=0.50),1.51,658,0
132,1,0x8d9e46becf415ca26aa698c9657087e6554aabda,7.388371,1773043369,9c73e87b45c5fe10d4f9980e797fbd484e4d4d0e535dd35fddda110f6a7b03bc,188,94.00,3.09,1,4,3,0.024050,0.519154,TopoStake,pog(D=3_omega=0.80_beta=0.50),1.48,659,0
132,2,0x13f9dadc05f6c237b03411e2aed1800cf21a5d89,32.332259,1773043371,1fbc0d9b649c5ca78fee1c5eb85a9f742bc03109b54031354c94e492a6f91c2b,207,69.00,3.71,1,5,4,0.024014,0.519043,TopoStake,pog(D=3_omega=0.80_beta=0.50),2.52,660,0
132,3,0xb990cdf21950e6086c350175c4bc504e45858230,4.115365,1773043374,4c70b8df8cf971c862c9fb70040a5c61d92657b7d71eed930c5a1175506b2b46,211,105.50,2.98,2,5,3,0.024067,0.519623,TopoStake,pog(D=3_omega=0.80_beta=0.50),2.46,661,0
132,4,0xac768e60b9269babb15cb1e36ee843243d7c7543,18.729114,1773043376,2698ba143ae4cc714daf332b0ff06e5a66e34f7d6edb8f8a74588b6983902616,219,109.50,3.93,1,5,4,0.024019,0.518877,TopoStake,pog(D=3_omega=0.80_beta=0.50),2.46,662,0
133,0,0xbc3f8508d26048f2064aa8c068f4c94d08d77d18,7.063827,1773043378,e9f74928613b2e91b9362405f64976e758278fdc36a613ced6dcea90c5855eb9,246,123.00,3.83,1,6,4,0.024023,0.519318,TopoStake,pog(D=3_omega=0.80_beta=0.50),2.23,663,0
133,1,0x282f43759e22b50aa7989261c51c367f325c3f91,9.356956,1773043380,e82caf7cd96df40236dc3d8b12ef58bad0e6daf9732821861c32974cd4c1695e,244,122.00,4.25,1,6,4,0.023986,0.519123,TopoStake,pog(D=3_omega=0.80_beta=0.50),2.06,664,0
133,2,0x13f9dadc05f6c237b03411e2aed1800cf21a5d89,33.333496,1773043382,47746d9d9086e71a0310a0d1744afd2f60ab78412270b46575ebdc7c99cb17e0,241,120.50,3.93,1,5,4,0.023957,0.519172,TopoStake,pog(D=3_omega=0.80_beta=0.50),1.79,665,0
133,3,0x075e1d95c7891e1c00414ca1aa9a7a8cf6270019,33.196413,1773043384,42c3f10af63cd0cdf21d77373f7773742440ee7d973a1b53ff0cf90c67468b72,218,109.00,3.04,1,4,3,0.024012,0.519771,TopoStake,pog(D=3_omega=0.80_beta=0.50),1.50,666,0
133,4,0x016d3fc36beee7caa8fbd6c1caa42461dd7f9850,21.907022,1773043386,1146b604085eccc94c85b5e17e32b26a5b934b15891a97aba3d5538c51a22352,221,110.50,3.11,1,5,3,0.024067,0.520341,TopoStake,pog(D=3_omega=0.80_beta=0.50),1.50,667,0
134,0,0x6064b9f5883bf9737dfe314ff68c56e09e68ac89,8.191417,1773043389,c74251450673a8777ad5c124160452f06eda258662a095ca99a4028f3967d721,200,66.67,3.08,1,4,3,0.024081,0.520831,TopoStake,pog(D=3_omega=0.80_beta=0.50),2.49,668,0
134,1,0x6414c6a8400ff3419cd81855d09de2848d770e0e,1.145392,1773043390,510451913d1ea6bf864eb25ea66f2fbc4873ca261ce6eb1b12f6c292253e3548,219,109.50,3.84,1,5,4,0.024048,0.520810,TopoStake,pog(D=3_omega=0.80_beta=0.50),2.51,669,0
134,2,0x282f43759e22b50aa7989261c51c367f325c3f91,10.358084,1773043392,599426f84beba4c28e9223c59a0ee0ee35182700a024e28557957fe03df6001f,101,101.00,3.88,2,5,4,0.023991,0.519169,TopoStake,pog(D=3_omega=0.80_beta=0.50),1.96,670,0
134,3,0x07902d0371763a00d97ed9ba16ff0a206cb0fd19,63.635452,1773043394,d00cc353f93256028cc67bee5f918fbf7b70db329a76a13daec7d171a2e83992,246,123.00,3.89,1,6,4,0.023965,0.519284,TopoStake,pog(D=3_omega=0.80_beta=0.50),2.18,671,0
134,4,0x3d92e045fb1847aae132b40ebfcc471a32f687de,3.122348,1773043396,1bcf5fedf3a90455df0cbba7533a870ee95d1eb1cfeeda2acddddde3ddc02ae2,245,122.50,2.81,1,4,3,0.024124,0.519904,TopoStake,pog(D=3_omega=0.80_beta=0.50),1.82,672,0
135,0,0x37cc7a82e66d4f4c2ae13b9ee895d3af1a1d7a05,0.253488,1773043398,efa1d59f04f56891977d5a374cfd838d94c8ca9704f1fdfab30fb4b3c75da078,192,96.00,3.92,1,5,4,0.024073,0.518952,TopoStake,pog(D=3_omega=0.80_beta=0.50),1.57,673,0
135,1,0x1cb1274c711a6c2e4e1596846e6ac604eeefb358,18.424531,1773043400,11db1cc1a9a0955c72870eef2c7e3c94f5c97d0f470fac464cf2adac883f4fb7,209,104.50,4.05,1,6,4,0.024012,0.517195,TopoStake,pog(D=3_omega=0.80_beta=0.50),1.54,674,0
135,2,0x282f43759e22b50aa7989261c51c367f325c3f91,11.359192,1773043402,9c8771222a7c826f587a609f619da7040334bb92319988ab558308e40a18e81c,231,77.00,3.55,1,5,4,0.024014,0.517606,TopoStake,pog(D=3_omega=0.80_beta=0.50),2.49,675,0
135,3,0x6064b9f5883bf9737dfe314ff68c56e09e68ac89,9.192371,1773043405,e0a098e5e66344da179933b9ee133da7c3f23d9d50a1d9aa20608ac7ad322d3c,194,97.00,3.71,1,5,4,0.023992,0.517736,TopoStake,pog(D=3_omega=0.80_beta=0.50),2.50,676,0
135,4,0x07902d0371763a00d97ed9ba16ff0a206cb0fd19,64.636904,1773043407,1f6c72d8302006c42223544790f0c829e77a90a8b1d124ab3cbcd509597f2726,194,97.00,3.72,1,5,4,0.023963,0.517750,TopoStake,pog(D=3_omega=0.80_beta=0.50),2.43,677,0
136,0,0x63f4973c0df8a5358405f396dc0673a463c48de9,7.899169,1773043409,1893c0102c3a558383707b478f1310abc84bc0172289c970c83dc00494295b4a,250,125.00,2.73,1,4,3,0.024122,0.518367,TopoStake,pog(D=3_omega=0.80_beta=0.50),2.22,678,0
136,1,0x50f7fa851f9314d682e36da5caa4635039b5305d,8.110317,1773043411,9b77e0af8c67bbf6422961e0e0bb79edda58d91e98c9963b205497ff488c337e,250,125.00,3.54,1,5,4,0.024087,0.518298,TopoStake,pog(D=3_omega=0.80_beta=0.50),1.92,679,0
136,2,0xdb45667100590f9cfe78a899c3b02c5cd37008f1,7.050808,1773043413,9356f8c6db0597fbb1a9745fbb6dc38843d6251f3c664b6617574d214cadd5da,226,113.00,3.37,1,5,3,0.024054,0.518230,TopoStake,pog(D=3_omega=0.80_beta=0.50),1.75,680,0
136,3,0x30509a8084fdfe6fe24d9c9a817c209ad194f8e3,25.687575,1773043415,7e589a1b1c862e74c93bc1a20bbb198c80310e7c61f287eb107d21850b81ea08,215,107.50,4.15,1,6,4,0.024017,0.518008,TopoStake,pog(D=3_omega=0.80_beta=0.50),1.51,681,0
136,4,0x4ba33404d90c4ae989714d9d174cd882cffb7994,4.113027,1773043417,7e5e6977eed56888da3488b1be62885694be7253c2ab1ffe84ca19f93b2fb10c,199,99.50,3.26,1,5,3,0.024043,0.518518,TopoStake,pog(D=3_omega=0.80_beta=0.50),1.53,682,0
137,0,0xb2a7fe70a6f3137d38f6cb4c3ec6dd1e24f2d5f4,12.426942,1773043420,1c0e5b9abc30714591fee0c081527735c5dbcdbc08a4e9bee55cc6810256734e,179,59.67,4.38,1,6,4,0.023996,0.517767,TopoStake,pog(D=3_omega=0.80_beta=0.50),2.48,683,0
137,1,0x377eaef292051bbf8ada05b2af76a3f3b9d722a7,7.057414,1773043421,f80ccc5e7b9374f846703b35fd127afead0b2827a78dde10f878d2a9885ef257,190,95.00,4.35,1,6,4,0.023977,0.517944,TopoStake,pog(D=3_omega=0.80_beta=0.50),2.49,684,0
137,2,0x786f26993bf015cd2da6fb5d3ccd1879e01246ab,8.292024,1773043423,6f7680721aebf62e648d7f31a78afa5442ecc3dff0f910b595d869d207a38cf9,107,107.00,3.52,1,5,4,0.023941,0.517699,TopoStake,pog(D=3_omega=0.80_beta=0.50),1.81,685,0
137,3,0x377eaef292051bbf8ada05b2af76a3f3b9d722a7,8.057937,1773043425,7d3328e059b5f38151d488230be829cf191bbc50cf7bbb8771b132fa245b0b47,219,109.50,4.04,2,5,4,0.023908,0.517626,TopoStake,pog(D=3_omega=0.80_beta=0.50),2.32,686,0
137,4,0xaadc5fea232580cb8fba739ac5d05a48559c7e52,7.354689,1773043427,c89c0cc6661fc9b2dd3819bf7d3dc74ee49dcf42f3e10b590aae7c0fb129aa1f,250,125.00,3.60,1,5,4,0.023875,0.517509,TopoStake,pog(D=3_omega=0.80_beta=0.50),2.14,687,0
138,0,0xc24b36dee27726233c3bbd9e1f028f98b6b2a424,5.409685,1773043429,d474249d748f170cec441731fef578cfcedcc979b7aac2fb63da691e856ba41f,220,110.00,4.29,1,6,4,0.023840,0.517287,TopoStake,pog(D=3_omega=0.80_beta=0.50),1.92,688,0
138,1,0x52e05d9fa4faa167f30baba23c710e4f49115288,7.150007,1773043431,2d4267766ce1d176f5d8db864c94d7af67f56b68330e7141a3997bfed4a92f25,195,97.50,4.11,1,6,4,0.023798,0.516826,TopoStake,pog(D=3_omega=0.80_beta=0.50),1.56,689,0
138,2,0x016d3fc36beee7caa8fbd6c1caa42461dd7f9850,22.908303,1773043434,2f6a5831fe04418a76f703ad0204e6983078948f79617ab49135e0c2aa09f715,190,63.33,4.09,2,5,4,0.023762,0.516556,TopoStake,pog(D=3_omega=0.80_beta=0.50),2.54,690,0
138,3,0x07902d0371763a00d97ed9ba16ff0a206cb0fd19,65.638925,1773043435,1488501b9fcac65f6e510e80d258d576b8d313a35f31fe063fddc5aec301474d,210,105.00,3.13,1,4,3,0.023778,0.517036,TopoStake,pog(D=3_omega=0.80_beta=0.50),2.56,691,0
138,4,0x606627477c3734932f47972f83c27cf4e3b35b4f,15.386770,1773043437,c0041999f21e81072f20980cf5f8fd21a524a1ab6911a81834025f6c6726f422,127,127.00,2.61,1,4,3,0.023934,0.517642,TopoStake,pog(D=3_omega=0.80_beta=0.50),1.68,692,0
139,0,0xe478b1e4d1538274c0c70cbd7df877f9abab2f62,5.294981,1773043439,504d522fdfb02074069d358ebe56f5d4ec1ebde5735998c1416b4db6a71e4239,225,112.50,3.67,1,5,4,0.023925,0.517974,TopoStake,pog(D=3_omega=0.80_beta=0.50),2.02,693,0
139,1,0xdb45667100590f9cfe78a899c3b02c5cd37008f1,8.051642,1773043441,de7535658e65845e9f6b0d1948a73bc77b55687f8598bbdcac074623ffdb7c12,200,100.00,4.09,1,5,4,0.023883,0.517476,TopoStake,pog(D=3_omega=0.80_beta=0.50),1.78,694,0
139,2,0x50f7fa851f9314d682e36da5caa4635039b5305d,9.111441,1773043443,3e1d8b5306a8a8944d7d24987f5b7ca6221637d14f949108e3fb3b20f5935898,201,100.50,4.13,1,6,4,0.023850,0.517325,TopoStake,pog(D=3_omega=0.80_beta=0.50),1.68,695,0
139,3,0x37cc7a82e66d4f4c2ae13b9ee895d3af1a1d7a05,1.254158,1773043445,e2342003b82262a226a5da1bf15fd43133e4900d8e3c71a0598ce854a8a9d8da,204,102.00,3.35,1,5,3,0.023850,0.517326,TopoStake,pog(D=3_omega=0.80_beta=0.50),1.54,696,0
139,4,0x075e1d95c7891e1c00414ca1aa9a7a8cf6270019,34.198830,1773043447,f57bed27ff40ad11ace6822ea71d6250762691d861ea4fc0a412f35a40964a4f,197,65.67,4.05,1,5,4,0.023765,0.515726,TopoStake,pog(D=3_omega=0.80_beta=0.50),2.50,697,0
140,0,0x81193196c1dbdbf80709d43a5af5ce21c201fbd7,2.829623,1773043449,a346ce0f2e11f607cb5961d6d4c4f63590a0173927405fdca231532aa153f063,194,97.00,3.15,1,5,3,0.023817,0.516300,TopoStake,pog(D=3_omega=0.80_beta=0.50),2.45,698,0
140,1,0xbc3f8508d26048f2064aa8c068f4c94d08d77d18,8.064267,1773043451,6c24fcd44c293c8068d7581d98e4163d60825b8a541f32de7d06616e0df9c7ef,85,85.00,4.05,1,6,4,0.023767,0.515288,TopoStake,pog(D=3_omega=0.80_beta=0.50),1.92,699,0
140,2,0x37cc7a82e66d4f4c2ae13b9ee895d3af1a1d7a05,2.255010,1773043453,2a485372aba99e0a469039013358fbde020540cfda7be1d99c6fe5bde0d2ba4a,221,110.50,4.19,1,6,4,0.023735,0.515118,TopoStake,pog(D=3_omega=0.80_beta=0.50),2.38,700,0
140,3,0x0d91704595bff3aec25d40822498a51c62b05e3a,20.595962,1773043455,9a254efd0a8b7012629f618b7e454b27d6da8501506f9ef279c4da45d44becc5,250,125.00,3.90,1,6,4,0.023684,0.513919,TopoStake,pog(D=3_omega=0.80_beta=0.50),2.15,701,0
140,4,0x30509a8084fdfe6fe24d9c9a817c209ad194f8e3,26.688956,1773043457,1a70b8b67e65deac3962474492235f51be697204f3f20e213e061baa3304ccc1,239,119.50,3.29,1,5,3,0.023691,0.514371,TopoStake,pog(D=3_omega=0.80_beta=0.50),1.82,702,0
141,0,0x1796dc61e715f15a2d27dfa32bd34780f12a8c24,29.763860,1773043459,a780664743bdac06457078db15d2a1d3ac4f1628f1875844fbe078e9c009d7d7,176,88.00,3.41,1,5,4,0.023718,0.514871,TopoStake,pog(D=3_omega=0.80_beta=0.50),1.53,703,0
141,1,0x6d6b2734a20229ddd7fd4a1470ba3e3bad4e4a85,4.636441,1773043462,0c26dd0370c3dff39b4f30291719927a41f958095f4ac43cbe196230be8a0bc3,178,59.33,3.40,1,5,3,0.023755,0.515396,TopoStake,pog(D=3_omega=0.80_beta=0.50),2.56,704,0
141,2,0x63f4973c0df8a5358405f396dc0673a463c48de9,8.900219,1773043463,2cbf6bf7dbc61e567c07cdc012fb5aaecec178d7b68351d042ddb67d58f0151f,191,95.50,3.66,1,5,4,0.023711,0.514765,TopoStake,pog(D=3_omega=0.80_beta=0.50),2.41,705,0
141,3,0x24898fcb116b48cb2b6fd5d3b4eb599fee0f4633,16.068663,1773043465,d44cf41e33d7ac7eae360cdf32485ddee378af0658198d94d4caed57e48157da,122,122.00,3.46,2,5,4,0.023681,0.514696,TopoStake,pog(D=3_omega=0.80_beta=0.50),1.92,706,0
141,4,0xd3997be86c88837e3fd467517b943590b28fa641,0.047472,1773043467,e27ef1b24e70453bbe7b2c69a999f4bd3c4d8a4645249389961e2b536e01bfd1,235,117.50,3.47,1,5,4,0.023674,0.515056,TopoStake,pog(D=3_omega=0.80_beta=0.50),2.21,707,0
142,0,0x075e1d95c7891e1c00414ca1aa9a7a8cf6270019,35.200275,1773043469,7bc59b06e41c53364fd111727d5c6a8e25afea50948a0caa6eba0f1024a6b094,208,104.00,4.12,1,6,4,0.023617,0.513335,TopoStake,pog(D=3_omega=0.80_beta=0.50),1.92,708,0
142,1,0x07902d0371763a00d97ed9ba16ff0a206cb0fd19,66.640717,1773043471,fd15f3cbe24f104a99cecd5f970d1c907a9c00a44c032346884c842491279246,239,119.50,3.20,1,5,3,0.023669,0.513909,TopoStake,pog(D=3_omega=0.80_beta=0.50),1.54,709,0
142,2,0x9c39f7fffaa5c5cfab20dfdd05663497918580c1,2.419980,1773043473,f9d71ece5da2cb1c4ed5f18eafdb9e47cdbac954340a93c30dabc664853fdf73,187,93.50,2.80,1,4,3,0.023820,0.514505,TopoStake,pog(D=3_omega=0.80_beta=0.50),1.47,710,0
142,3,0x28672c71695142588ed26ada6f4b18b8b6c12308,4.688436,1773043476,4eed84a74d9f22db8faee5335ae0bc128015121e03c4ebe700c623eed273cd4c,197,65.67,4.10,1,5,4,0.023770,0.513351,TopoStake,pog(D=3_omega=0.80_beta=0.50),2.43,711,0
142,4,0x89100a8056319ba37491b32ba255004180607bc2,9.789657,1773043477,4aed641dbcc7466671006d484bd6b3f5d8fcf6903442b4b7a53d8d549312d609,225,112.50,3.59,1,5,4,0.023727,0.512716,TopoStake,pog(D=3_omega=0.80_beta=0.50),2.55,712,0
143,0,0xa5a12d96532497871d73549e55ab377e3dcb3a40,5.105390,1773043479,ac77af4c7d213aa681390b8431e91150c09c36fdcbde5d05fd60b49fe1949ada,108,108.00,3.83,1,5,4,0.023700,0.512761,TopoStake,pog(D=3_omega=0.80_beta=0.50),1.95,713,0
143,1,0x0d91704595bff3aec25d40822498a51c62b05e3a,21.597430,1773043481,2aef66e8f21ff790b8b46b67bc0ff21c748404f565f033794a5537c8abef7817,222,111.00,4.11,1,6,4,0.023658,0.512210,TopoStake,pog(D=3_omega=0.80_beta=0.50),2.27,714,0
143,2,0x81d019380961f92c2031b0a7fba69f7675145088,3.485468,1773043483,828a0de496ed4c6b59410ed0b288aa8dbab25bf878d292901207fcaa6f5edec6,250,125.00,3.31,1,5,3,0.023668,0.512656,TopoStake,pog(D=3_omega=0.80_beta=0.50),2.05,715,0
143,3,0x24898fcb116b48cb2b6fd5d3b4eb599fee0f4633,17.069796,1773043485,3774d7b7617142dee4d2a3f29ab0050c4894d6c04b05c20e89032b6ccb6737eb,239,119.50,3.68,1,5,4,0.023621,0.511798,TopoStake,pog(D=3_omega=0.80_beta=0.50),1.63,716,0
143,4,0x13f9dadc05f6c237b03411e2aed1800cf21a5d89,34.336919,1773043487,2aa6d720640df147d4d69c32c148fc623e6da7edd6c3375dea6ff8c8aefe8537,167,83.50,3.63,1,5,4,0.023617,0.512169,TopoStake,pog(D=3_omega=0.80_beta=0.50),1.59,717,0
144,0,0x3513d672439a59c26cc5711f2b715ccb4810a774,10.295914,1773043490,477b54ea629cbe7ea694b919e71bd968b13a3327dad6f1835e69ee741254363e,198,66.00,3.06,1,4,3,0.023665,0.512713,TopoStake,pog(D=3_omega=0.80_beta=0.50),2.53,718,0
144,1,0x4a217e35f6402e7f62a49f6d62e27c6585c2f3fd,4.487101,1773043491,b294906a965c609b5a9b0a993adfdd7e44d91ffecad0677068b49ebda0b7dd15,190,95.00,3.86,1,5,4,0.023640,0.512790,TopoStake,pog(D=3_omega=0.80_beta=0.50),2.45,719,0
144,2,0x7e40df5d801345015e84c843908efc6683665fa4,5.659256,1773043493,e6034a967209ee07923973e22eea171eb09749da41c4fd2bfc28d566ee02d4ad,119,119.00,3.39,1,5,3,0.023597,0.512094,TopoStake,pog(D=3_omega=0.80_beta=0.50),1.80,720,0
144,3,0x606627477c3734932f47972f83c27cf4e3b35b4f,16.387813,1773043495,40409d03f49b24f3aea01a1b2c2821ba91f95917967d3f51e771e6518738b755,250,125.00,3.44,2,5,3,0.023557,0.511641,TopoStake,pog(D=3_omega=0.80_beta=0.50),2.16,721,0
144,4,0xac768e60b9269babb15cb1e36ee843243d7c7543,19.729902,1773043497,d1be205df6a9911da550eb750477e22319c5174c412d3bc97c3ff61940905815,234,117.00,3.59,1,5,4,0.023551,0.511986,TopoStake,pog(D=3_omega=0.80_beta=0.50),1.81,722,0
145,0,0x07902d0371763a00d97ed9ba16ff0a206cb0fd19,67.642681,1773043499,233593a34b127e59caa10b3a457bf60045c5e76e5232ee6ed4abd18b93fa0129,202,101.00,4.00,2,6,4,0.023551,0.511987,TopoStake,pog(D=3_omega=0.80_beta=0.50),1.48,723,0
145,1,0x58a21eeb7ab18ba8adf1296e66a4487076e95dac,14.098775,1773043501,1f361ade39aacff470108d0998136fcfccd02ff83397c30769036a15079d8428,198,99.00,2.75,1,4,3,0.023699,0.512577,TopoStake,pog(D=3_omega=0.80_beta=0.50),1.51,724,0
145,2,0x075e1d95c7891e1c00414ca1aa9a7a8cf6270019,36.202039,1773043504,497faa82701ba2827c7860817b99ec5308fac9cf0bd796277e2c64641680c73f,176,58.67,3.87,1,5,4,0.023685,0.512819,TopoStake,pog(D=3_omega=0.80_beta=0.50),2.49,725,0
145,3,0x13f9dadc05f6c237b03411e2aed1800cf21a5d89,35.338298,1773043505,c54fec8ab147848358266d81021089d8903c192e97f393d67db51fb64e41fa77,188,94.00,3.09,1,5,3,0.023738,0.513381,TopoStake,pog(D=3_omega=0.80_beta=0.50),2.49,726,0
145,4,0x0d91704595bff3aec25d40822498a51c62b05e3a,22.598766,1773043507,89a459262a584f11eb90fc69f30d0a1096a731e2fa0f87ab5f72bbc27e0a3c16,139,139.00,2.91,1,4,3,0.023787,0.513917,TopoStake,pog(D=3_omega=0.80_beta=0.50),1.72,727,0
146,0,0x377eaef292051bbf8ada05b2af76a3f3b9d722a7,9.058847,1773043509,0a092c644a1ef03bea6519c57dcd434858722c12c16393addac30d83929b980f,231,115.50,3.18,1,5,3,0.023798,0.514355,TopoStake,pog(D=3_omega=0.80_beta=0.50),2.00,728,0
146,1,0xd1cd4b808ce6b2841ad42746b64c5a047e857ef0,2.231246,1773043511,ff29eb614453bfd26e6d2d6d2ac51e9ca9f4c4e50bbbbfb47c0c0e91567b3538,220,110.00,3.59,1,5,4,0.023769,0.514283,TopoStake,pog(D=3_omega=0.80_beta=0.50),1.74,729,0
146,2,0xa5a12d96532497871d73549e55ab377e3dcb3a40,6.106232,1773043513,2de08872c89557d5864396dcc9110550fc5fe95a49c0c9f5f105fea9ae5b8f4b,205,102.50,3.93,1,6,4,0.023719,0.513075,TopoStake,pog(D=3_omega=0.80_beta=0.50),1.58,730,0
146,3,0x95ab54d268473cce82094026afefdbd5cadf418b,5.591944,1773043515,67b88e4ace8f82299cce9a8da69e262afb72d0a0c352683f09c23125f1edc93c,212,106.00,4.07,1,6,4,0.023719,0.513076,TopoStake,pog(D=3_omega=0.80_beta=0.50),1.49,731,0
146,4,0x075e1d95c7891e1c00414ca1aa9a7a8cf6270019,37.203014,1773043517,edbf7a2ad86b1fbed24a8b75f594ed14bacef72f42370a52546fb1df9cd643b0,209,69.67,4.51,1,6,5,0.023641,0.512179,TopoStake,pog(D=3_omega=0.80_beta=0.50),2.55,732,0
147,0,0x1796dc61e715f15a2d27dfa32bd34780f12a8c24,30.765306,1773043519,03c971f2312814d31d874b13211da52d907cee113c77bb474abd241c3f93b546,202,101.00,3.16,1,5,3,0.023696,0.512738,TopoStake,pog(D=3_omega=0.80_beta=0.50),2.46,733,0
147,1,0xd61b00c297972877b45f8d7f4d67fdaf20c67c59,2.326194,1773043521,17f4cdc978694761f7ea529638d8570df0bab5441f52d84b75a5cdd9c08a79bc,118,118.00,3.21,1,5,3,0.023731,0.513246,TopoStake,pog(D=3_omega=0.80_beta=0.50),1.89,734,0
147,2,0x13f9dadc05f6c237b03411e2aed1800cf21a5d89,36.339319,1773043523,fd08fbd72f5522ddb7e21c8c47d468afe2a8a00f1c0f8e42f27207f3d622bbb1,224,112.00,4.42,1,6,5,0.023681,0.512054,TopoStake,pog(D=3_omega=0.80_beta=0.50),2.42,735,0
147,3,0x311eb133eb413ac3f21249889bb101e5d40820ce,4.129602,1773043525,af20c393c4abacdfb79f07b8e9b18a88fd09030dfca784311d13f93cb0441386,250,125.00,3.12,1,5,3,0.023732,0.512587,TopoStake,pog(D=3_omega=0.80_beta=0.50),2.04,736,0
147,4,0xdb45667100590f9cfe78a899c3b02c5cd37008f1,9.052134,1773043527,76777a4b4044572642d5d08d28a3df98dcb333b8305ba3216af78548dc83e3d8,213,106.50,3.64,1,5,4,0.023688,0.511823,TopoStake,pog(D=3_omega=0.80_beta=0.50),1.59,737,0
148,0,0x26d553a2f4343b3a7dc88bbd87b3d0a25d3838d9,13.226826,1773043529,55d41998dd27e0738e4fd6ef522c10a48d2eb4f95bba7bb0945841af109dcc74,203,101.50,4.21,1,6,4,0.023659,0.511731,TopoStake,pog(D=3_omega=0.80_beta=0.50),1.56,738,0
148,1,0x24898fcb116b48cb2b6fd5d3b4eb599fee0f4633,18.070789,1773043531,46441e3bb187f037db019f63ced9ed60f41d945d5d4270441acd81b77ab68e8c,177,59.00,3.75,1,5,4,0.023642,0.511919,TopoStake,pog(D=3_omega=0.80_beta=0.50),2.50,739,0
148,2,0x606627477c3734932f47972f83c27cf4e3b35b4f,17.388907,1773043534,92f454d95c109bc97f005de0d79e9eb31dfb66718559551a0b8593d971e0a4d8,210,105.00,3.65,1,5,4,0.023639,0.512281,TopoStake,pog(D=3_omega=0.80_beta=0.50),2.45,740,0
148,3,0x0d91704595bff3aec25d40822498a51c62b05e3a,23.600047,1773043536,6d5dbfd7f75bf189de23b847d0bfa48eb9cc4234c051b039198283693b5d93d9,211,105.50,3.64,1,5,4,0.023634,0.512617,TopoStake,pog(D=3_omega=0.80_beta=0.50),2.40,741,0
148,4,0x26d553a2f4343b3a7dc88bbd87b3d0a25d3838d9,14.227675,1773043538,7bede2432a42a5ce3c987919289732a72f096c859811fe0f5410df8f390cff33,250,125.00,3.19,1,5,3,0.023647,0.513066,TopoStake,pog(D=3_omega=0.80_beta=0.50),2.27,742,0
149,0,0x81193196c1dbdbf80709d43a5af5ce21c201fbd7,3.829464,1773043540,05109dec038090dee4d01ae9721cd2ef993ec89aa615ac5bcbbacc362ff673d7,220,110.00,3.82,1,5,4,0.023633,0.513287,TopoStake,pog(D=3_omega=0.80_beta=0.50),1.97,743,0
149,1,0x1cb1274c711a6c2e4e1596846e6ac604eeefb358,19.425828,1773043542,a72b1ada3fcbb884a4b3ecdb21acaf19223b52f0391366b32c5359ee99fea7ad,200,100.00,4.07,1,6,4,0.023589,0.512473,TopoStake,pog(D=3_omega=0.80_beta=0.50),1.72,744,0
149,2,0x30509a8084fdfe6fe24d9c9a817c209ad194f8e3,27.690615,1773043544,0e8eddc7052de1dd70537952e87fd8bab83d0dc9305d3c6a312a46e4f26f0822,183,91.50,3.48,1,5,4,0.023590,0.512872,TopoStake,pog(D=3_omega=0.80_beta=0.50),1.51,745,0
149,3,0x377eaef292051bbf8ada05b2af76a3f3b9d722a7,10.059867,1773043546,228cceac6bb12adb1d7692d16a871f8966a99950ab25d30592cf80e96c21cd26,202,67.33,3.31,1,5,3,0.023614,0.513349,TopoStake,pog(D=3_omega=0.80_beta=0.50),2.43,746,0
149,4,0x81193196c1dbdbf80709d43a5af5ce21c201fbd7,4.830286,1773043549,812ab2512b3940a0e8d90a7a69e2913610ba38587e04ce01c66d30027bd23da5,166,83.00,3.70,1,5,4,0.023588,0.513385,TopoStake,pog(D=3_omega=0.80_beta=0.50),2.51,747,0
150,0,0x95ab54d268473cce82094026afefdbd5cadf418b,6.592537,1773043550,9ed780d4508f3db7c4f2d47898ff8a38210d501f66de3d33720d83f61faa9700,231,115.50,3.94,1,5,4,0.023547,0.512737,TopoStake,pog(D=3_omega=0.80_beta=0.50),2.46,748,0
150,1,0x24898fcb116b48cb2b6fd5d3b4eb599fee0f4633,19.071815,1773043552,f8680b2b64bd3762a355f49479c955b2604431ed5bcc4c0a9dac395113f025dc,90,90.00,4.52,1,6,5,0.023511,0.512395,TopoStake,pog(D=3_omega=0.80_beta=0.50),1.96,749,0
150,2,0x016d3fc36beee7caa8fbd6c1caa42461dd7f9850,23.909947,1773043554,67520f091459aaeec6c3af8e7dd22e84087f0e72becbbfee1d96285cdc3901bf,250,125.00,3.52,1,5,4,0.023511,0.512759,TopoStake,pog(D=3_omega=0.80_beta=0.50),2.12,750,0
150,3,0x30509a8084fdfe6fe24d9c9a817c209ad194f8e3,28.691685,1773043556,7deccb4595b40b45601431ebeb2d47f4ecfedcdd05011d06d838c43e93f9976e,216,108.00,3.12,1,4,3,0.023524,0.513194,TopoStake,pog(D=3_omega=0.80_beta=0.50),1.67,751,0
150,4,0x213068cb42718d1dd6d00a6d94d62a3def0e68eb,4.364971,1773043558,f310b3e8d1499351d959af17daf76b762b486434259584acd2e5ca3133fbc3f3,195,97.50,3.29,1,5,3,0.023551,0.513667,TopoStake,pog(D=3_omega=0.80_beta=0.50),1.51,752,0
151,0,0xfdc414c57908f0e2a6a926079902d4688d553610,2.168857,1773043560,4ab1334c304af9f1b1f012278d07d917d28e05d4e8b4fc53f58240810a530a3b,205,102.50,3.64,1,5,4,0.023509,0.512913,TopoStake,pog(D=3_omega=0.80_beta=0.50),1.57,753,0
151,1,0xdcf2130496e27a8094ab996aea4aa77788d65869,15.512691,1773043562,fecf73f6e8897595eef52e7f26472ca413e6a60b4b78e5f188891feb0463950c,216,72.00,4.81,1,6,5,0.023461,0.511681,TopoStake,pog(D=3_omega=0.80_beta=0.50),2.43,754,0
151,2,0x1796dc61e715f15a2d27dfa32bd34780f12a8c24,31.766302,1773043564,21efa64f3162bcab9a09ba06f257279c3f8b11b1e3a455056cdeefc9455b4664,204,102.00,3.92,1,5,4,0.023450,0.511971,TopoStake,pog(D=3_omega=0.80_beta=0.50),2.47,755,0
151,3,0x3513d672439a59c26cc5711f2b715ccb4810a774,11.296491,1773043566,74d5b50c94f6ed499351eecf9afe17585f4d08483aa2a1fd8e3694e979992a96,115,115.00,3.27,2,5,3,0.023485,0.512467,TopoStake,pog(D=3_omega=0.80_beta=0.50),1.97,756,0
151,4,0x1796dc61e715f15a2d27dfa32bd34780f12a8c24,32.766876,1773043568,9ba498c743d8a51fbe5dd1a6a3b056e456d61f0e68ebce674d33f52244f0abb3,220,110.00,3.79,1,5,4,0.023463,0.512565,TopoStake,pog(D=3_omega=0.80_beta=0.50),2.19,757,0
152,0,0x07902d0371763a00d97ed9ba16ff0a206cb0fd19,68.646336,1773043570,92a920f7d582734080c9032b3b8d5c0bcc430a7ccae7b0ae16f384352b25f768,250,125.00,3.32,1,5,3,0.023500,0.513060,TopoStake,pog(D=3_omega=0.80_beta=0.50),1.94,758,0
152,1,0x1cb1274c711a6c2e4e1596846e6ac604eeefb358,20.426648,1773043572,f0c0b4992a7b880570e86a63a1a9501fb67d5287edd00b4a4b6b9171982da74e,212,106.00,2.85,1,4,3,0.023637,0.513624,TopoStake,pog(D=3_omega=0.80_beta=0.50),1.61,759,0
152,2,0x6d6b2734a20229ddd7fd4a1470ba3e3bad4e4a85,5.636386,1773043574,a65374d1d65549824f744a916fe40f4f88a04eba2479b39738168a7710f74541,192,96.00,3.60,1,5,4,0.023640,0.514021,TopoStake,pog(D=3_omega=0.80_beta=0.50),1.46,760,0
152,3,0x6064b9f5883bf9737dfe314ff68c56e09e68ac89,10.192544,1773043576,88c2a9a3c19b8876e193cef60c5e987de3a6457fc8d102ce82905c8779ff910b,175,87.50,3.69,1,5,4,0.023601,0.513519,TopoStake,pog(D=3_omega=0.80_beta=0.50),1.57,761,0
152,4,0xb2a7fe70a6f3137d38f6cb4c3ec6dd1e24f2d5f4,13.427204,1773043579,023b498e19579ff7348f80366b26d32b30741dca5d14156f54c1e6deff86d45c,197,65.67,3.89,1,5,4,0.023575,0.513544,TopoStake,pog(D=3_omega=0.80_beta=0.50),2.46,762,0
153,0,0x1cb1274c711a6c2e4e1596846e6ac604eeefb358,21.427602,1773043580,6e284630432bf3399754782442aa39104d5b34c1649b7a7cea8f68d716b3fafc,173,86.50,4.27,1,6,4,0.023558,0.513705,TopoStake,pog(D=3_omega=0.80_beta=0.50),2.44,763,0
153,1,0x687bf2437a044a3e42ff2f8a79a8e54ba9601f70,7.063482,1773043582,fe0bca06c53a033b26a8ab92239499ed8367d13f556da9cad9b50663ddf529cd,153,153.00,3.40,1,5,3,0.023564,0.514101,TopoStake,pog(D=3_omega=0.80_beta=0.50),1.74,764,0
153,2,0x24898fcb116b48cb2b6fd5d3b4eb599fee0f4633,20.073104,1773043584,c706617cc935c2d135b839f0348c22194ecf6dd992ef64a9ca0af7abfdc9005b,245,122.50,3.68,1,5,4,0.023529,0.513809,TopoStake,pog(D=3_omega=0.80_beta=0.50),1.92,765,0
153,3,0x3d92e045fb1847aae132b40ebfcc471a32f687de,4.122335,1773043586,97e51f191055f69080914e7f76badcc16ba92b0c6f4c2b283f6e311011a48ae5,232,116.00,3.62,1,5,4,0.023530,0.514181,TopoStake,pog(D=3_omega=0.80_beta=0.50),1.68,766,0
153,4,0x81193196c1dbdbf80709d43a5af5ce21c201fbd7,5.831163,1773043588,16fc592b5eb0a3334e245d1215930fc2b96d2f357a6f85c6f517158d6a49c901,199,99.50,4.09,1,5,4,0.023488,0.513377,TopoStake,pog(D=3_omega=0.80_beta=0.50),1.53,767,0
154,0,0x3d92e045fb1847aae132b40ebfcc471a32f687de,5.123219,1773043590,a3027e3277120e6b5d6f136847e89579e4b9aa8e4684dd4d120929b724162cb1,222,74.00,4.10,1,5,4,0.023451,0.512894,TopoStake,pog(D=3_omega=0.80_beta=0.50),2.50,768,0
154,1,0x30405867b72597aaeb27803bb2c7f3f5fc7d5384,3.514272,1773043593,16da81ec21c35a0dfd2d07df485ca4c6c3e9bcc654ccdc4bb3f4feec8fc137e9,220,110.00,3.91,1,5,4,0.023411,0.512285,TopoStake,pog(D=3_omega=0.80_beta=0.50),2.41,769,0
154,2,0x1d1d2c63625de70b1e5ef40056bd2deb89d7fef2,5.067023,1773043594,98124c5ac58a8b109f8db0bf719ff3dfe9595d3012c15e69fe53874d79f5e984,208,104.00,3.48,1,5,4,0.023368,0.511424,TopoStake,pog(D=3_omega=0.80_beta=0.50),2.41,770,0
154,3,0x28672c71695142588ed26ada6f4b18b8b6c12308,5.688784,1773043596,e45e27a9a59e1f1482243ac1b33c146b65d81a9532a38d73d672ad1fe369906c,121,121.00,3.55,1,5,4,0.023329,0.510786,TopoStake,pog(D=3_omega=0.80_beta=0.50),1.72,771,0
154,4,0x8c11ec9090dd820c076e57e899d9c604c79d6b32,10.569055,1773043598,1bcb186126afd1bde7d97c29e7c27ec2350c6b4a2298df4d4b6cec26c1450f5d,215,107.50,3.73,1,5,4,0.023291,0.510243,TopoStake,pog(D=3_omega=0.80_beta=0.50),1.96,772,0
155,0,0x3d92e045fb1847aae132b40ebfcc471a32f687de,6.124330,1773043600,cc23e084888ef88409db97a056c003ce4902dd54b35d72f8c9b3fde62866df61,236,118.00,4.10,1,6,4,0.023267,0.510282,TopoStake,pog(D=3_omega=0.80_beta=0.50),1.68,773,0
155,1,0x1cb1274c711a6c2e4e1596846e6ac604eeefb358,22.428504,1773043602,83cd688b1404ada333ab5c3948309c4c9373ec226f1636bd56f9a735554a965b,146,73.00,3.90,2,5,4,0.023267,0.510283,TopoStake,pog(D=3_omega=0.80_beta=0.50),1.65,774,0
155,2,0x1796dc61e715f15a2d27dfa32bd34780f12a8c24,33.768360,1773043604,6ce3faad86a10ad9ba56b1d14620ccc3d908038917adb484f8847826882cf7cc,192,64.00,3.58,2,5,4,0.023239,0.510215,TopoStake,pog(D=3_omega=0.80_beta=0.50),2.52,775,0
155,3,0x30509a8084fdfe6fe24d9c9a817c209ad194f8e3,29.692892,1773043607,b4a75f98486e0ea758409b9da59636d6c96f968544ea696fa26eafd39a533254,193,96.50,3.27,1,5,3,0.023277,0.510702,TopoStake,pog(D=3_omega=0.80_beta=0.50),2.54,776,0
155,4,0x24898fcb116b48cb2b6fd5d3b4eb599fee0f4633,21.074414,1773043608,ddc343d694f16afba8a2cb8f4d0c3a10c68bb0f3fbac5553dfaaaf85b0f07c11,211,105.50,3.41,1,5,4,0.023304,0.511165,TopoStake,pog(D=3_omega=0.80_beta=0.50),2.38,777,0
156,0,0x213068cb42718d1dd6d00a6d94d62a3def0e68eb,5.365607,1773043610,c648cebbc08765cfd535354ffae7dd703863314f43a4396b19cd7208882e9e3f,137,137.00,3.43,1,5,4,0.023307,0.511534,TopoStake,pog(D=3_omega=0.80_beta=0.50),1.77,778,0
156,1,0x075e1d95c7891e1c00414ca1aa9a7a8cf6270019,38.206151,1773043612,a6e7b96e2389b3e8699d69152ae596bc8585372a78ecb8288334fb71f9284cae,250,125.00,3.68,2,5,4,0.023269,0.510909,TopoStake,pog(D=3_omega=0.80_beta=0.50),1.97,779,0
156,2,0x89100a8056319ba37491b32ba255004180607bc2,10.789624,1773043614,8cf6c2a6dc9a7d7a31bbfa779ebe35f969a99a0c9c10db064f06b17b6c05547e,235,117.50,3.21,1,5,3,0.023318,0.511439,TopoStake,pog(D=3_omega=0.80_beta=0.50),1.63,780,0
156,3,0x13f9dadc05f6c237b03411e2aed1800cf21a5d89,37.342729,1773043616,5e36590b34d5ffdf41e23e2898eb17199a3aae17d9dcda76228f6070ecf6bda6,205,102.50,3.92,1,5,4,0.023295,0.511474,TopoStake,pog(D=3_omega=0.80_beta=0.50),1.49,781,0
156,4,0xa447d277b02012c2afd9ddcbbe123f27cc971963,7.807753,1773043618,30b62d29b27a7a5792aeedd9488804d965cd5c61f362b92072ff3cd235fe3034,216,72.00,3.04,1,5,3,0.023341,0.511980,TopoStake,pog(D=3_omega=0.80_beta=0.50),2.50,782,0
157,0,0x2abf89d7c96c80fcff9dec1fe92803573094ee35,2.220799,1773043621,8ca4412cc3a9b9665ac9b20a87c014b43c1775de3c17e9ce0f717d394d5ea453,197,98.50,3.48,1,5,4,0.023309,0.511779,TopoStake,pog(D=3_omega=0.80_beta=0.50),2.52,783,0
157,1,0x075e1d95c7891e1c00414ca1aa9a7a8cf6270019,39.207404,1773043622,e573fe7fd31ed1dd817598cf14b0f8a675408688064159ded9291f6c86c1d56d,224,112.00,3.73,1,5,4,0.023263,0.510580,TopoStake,pog(D=3_omega=0.80_beta=0.50),2.47,784,0
157,2,0x075e1d95c7891e1c00414ca1aa9a7a8cf6270019,40.208159,1773043624,aed218de68b83f8723a99245bd6be3017c3aa00fa9115babf601d87871f03fed,161,161.00,2.96,1,5,3,0.023314,0.511107,TopoStake,pog(D=3_omega=0.80_beta=0.50),1.57,785,0
157,3,0x687bf2437a044a3e42ff2f8a79a8e54ba9601f70,8.064407,1773043626,0d2fad3ebd144ac5101440bc894aef226c18adf3cf4a3c2422080fb8a7688c39,222,111.00,3.09,1,4,3,0.023367,0.511633,TopoStake,pog(D=3_omega=0.80_beta=0.50),1.67,786,0
157,4,0x606627477c3734932f47972f83c27cf4e3b35b4f,18.389609,1773043628,aa7771c1ee872ed83cdc0c3f6f9b2c13a5d7944e95e2cdcfc48efa9ba1314af9,226,113.00,3.82,1,5,4,0.023336,0.511439,TopoStake,pog(D=3_omega=0.80_beta=0.50),1.58,787,0
158,0,0x6414c6a8400ff3419cd81855d09de2848d770e0e,2.144160,1773043630,4ca08489b06435fb95b397331563d507f286fe2956d069dea55a65b135e5af3b,184,92.00,3.66,1,5,4,0.023336,0.511440,TopoStake,pog(D=3_omega=0.80_beta=0.50),1.46,788,0
158,1,0xaadc5fea232580cb8fba739ac5d05a48559c7e52,8.354470,1773043633,9c82e191b146ec6e82f931cbbe5d06f604821ed7939af5dfbe79a0acb97d0d3a,231,77.00,3.96,1,5,4,0.023290,0.510207,TopoStake,pog(D=3_omega=0.80_beta=0.50),2.48,789,0
158,2,0x30509a8084fdfe6fe24d9c9a817c209ad194f8e3,30.694058,1773043634,54d21e734e61297a20593b396f344d1d0a3ef06f99b3488d4150bea02ba030ca,217,108.50,4.28,1,6,4,0.023260,0.510029,TopoStake,pog(D=3_omega=0.80_beta=0.50),2.45,790,0
158,3,0xa5a12d96532497871d73549e55ab377e3dcb3a40,7.106344,1773043636,970060cfd60aaa7b72b7a1841bd8f78045cb27680732831ca77efc4915ae9ed9,114,114.00,3.22,1,5,3,0.023288,0.510485,TopoStake,pog(D=3_omega=0.80_beta=0.50),1.84,791,0
158,4,0x07902d0371763a00d97ed9ba16ff0a206cb0fd19,69.649949,1773043638,44ee3d069099285936557466e6586802c29af803a1e27ea6716fe6944782344e,223,111.50,4.11,1,6,4,0.023255,0.510181,TopoStake,pog(D=3_omega=0.80_beta=0.50),2.32,792,0
159,0,0x30509a8084fdfe6fe24d9c9a817c209ad194f8e3,31.694712,1773043640,c67bec02dfc8048de4544417fdaa72c8f4fa312035a8fceb96f83b2e0cfde370,250,125.00,2.88,2,4,3,0.023383,0.510728,TopoStake,pog(D=3_omega=0.80_beta=0.50),2.02,793,0
159,1,0x9bdb1c7ad4bd8fe797b07c08117c74a591dbab2d,3.440334,1773043642,e8788fc82829f72eb6e3f6b6197acf910300f37809f2bd6a740d7b0d4734cf0e,223,111.50,3.37,1,5,3,0.023413,0.511182,TopoStake,pog(D=3_omega=0.80_beta=0.50),1.62,794,0
159,2,0x1796dc61e715f15a2d27dfa32bd34780f12a8c24,34.769638,1773043644,2e23e5a6441e0364d2a89a9baf7510b38cc1f867bc989966bad8cd5f2746b54f,216,108.00,3.67,1,5,4,0.023370,0.510319,TopoStake,pog(D=3_omega=0.80_beta=0.50),1.53,795,0
159,3,0x07902d0371763a00d97ed9ba16ff0a206cb0fd19,70.651356,1773043646,01f372a169a88be2bf29797da834085929b3288cc56cb59c83d48b39dc054462,191,63.67,3.38,1,5,3,0.023408,0.510796,TopoStake,pog(D=3_omega=0.80_beta=0.50),2.55,796,0
159,4,0xa447d277b02012c2afd9ddcbbe123f27cc971963,8.808612,1773043649,6977e1bc6960ebbe3a16627da852345e48704dc2c0c5984d5ab3e7b38a38847e,204,102.00,2.80,1,4,3,0.023537,0.511339,TopoStake,pog(D=3_omega=0.80_beta=0.50),2.50,797,0
160,0,0x408bb0bf84df50b21c53c74420987f172d4036a1,7.798501,1773043651,8dab6d9e6a22d6c17f733b558f5c0887dec1c0f20e9fd8a8449d69f19f474e48,198,99.00,3.51,1,5,4,0.023507,0.511192,TopoStake,pog(D=3_omega=0.80_beta=0.50),2.52,798,0
160,1,0x1796dc61e715f15a2d27dfa32bd34780f12a8c24,35.770547,1773043653,bfce8269043f5966e23eddbb7226ac7cdfcd11027ca068a27e525cc0cf33d83d,226,113.00,3.41,1,5,3,0.023475,0.510938,TopoStake,pog(D=3_omega=0.80_beta=0.50),2.18,799,0
160,2,0x606627477c3734932f47972f83c27cf4e3b35b4f,18.389479,1773043655,cfda45529424bc5349372e62d3b3e7f491f58a22a6d5254afd6ed63970c2bf25,229,114.50,3.34,1,5,3,0.023515,0.511412,TopoStake,pog(D=3_omega=0.80_beta=0.50),1.73,800,0
160,3,0x07902d0371763a00d97ed9ba16ff0a206cb0fd19,71.652621,1773043657,d944d464229a62cccd74daa2b29cd5487a914e0ad84856d3d019064efb00b638,196,98.00,3.65,1,5,4,0.023510,0.511727,TopoStake,pog(D=3_omega=0.80_beta=0.50),1.57,801,0
160,4,0x408bb0bf84df50b21c53c74420987f172d4036a1,8.799580,1773043659,b1e4c72db4c674fd065fc0725cd1288643dd02e1ba58bbec3e5be91d9ee8d5fa,174,87.00,2.74,1,4,3,0.023639,0.512266,TopoStake,pog(D=3_omega=0.80_beta=0.50),1.52,802,0
161,0,0x016d3fc36beee7caa8fbd6c1caa42461dd7f9850,24.911897,1773043661,4b23269abd041efe181ce9dac415080410e2a64003c142c41a68f3751a93c189,192,64.00,3.65,1,5,4,0.023610,0.512095,TopoStake,pog(D=3_omega=0.80_beta=0.50),2.48,803,0
161,1,0x606627477c3734932f47972f83c27cf4e3b35b4f,19.390378,1773043664,58969c49704a6459492302038b12f6d1f466cfb66b2083506a4a697cb56807ab,210,105.00,3.09,1,4,3,0.023621,0.512521,TopoStake,pog(D=3_omega=0.80_beta=0.50),2.42,804,0
161,2,0x1796dc61e715f15a2d27dfa32bd34780f12a8c24,36.771722,1773043666,d4b5c85cdfa67ce02844737161140da5d9da575f6546cd5b068e6dbc20665b21,209,104.50,3.67,1,5,4,0.023618,0.512848,TopoStake,pog(D=3_omega=0.80_beta=0.50),2.43,805,0
161,3,0x07902d0371763a00d97ed9ba16ff0a206cb0fd19,72.653766,1773043668,d63b385f3c18b14ebec0764675d2afe6f7ad1908bf2c5599f42e1c90aa6dedf1,250,125.00,3.20,1,5,3,0.023658,0.513317,TopoStake,pog(D=3_omega=0.80_beta=0.50),2.17,806,0
161,4,0x0d91704595bff3aec25d40822498a51c62b05e3a,24.602120,1773043670,fd0633abd80337cf5fac892bfa9e480173cc934ca26eb10241cbc570e47cbff1,211,105.50,2.86,1,4,3,0.023788,0.513851,TopoStake,pog(D=3_omega=0.80_beta=0.50),1.84,807,0
162,0,0x075e1d95c7891e1c00414ca1aa9a7a8cf6270019,41.210204,1773043672,a2908c138c008c7f38288f16397f538d649ed0a8cccaa7a693a78c9047401f58,201,100.50,3.28,1,5,3,0.023798,0.514250,TopoStake,pog(D=3_omega=0.80_beta=0.50),1.53,808,0
162,1,0x50f7fa851f9314d682e36da5caa4635039b5305d,10.112132,1773043674,475903ad019eb6fb768975f67e4a69492106d4ad67d308caf63357d5448ea9dd,219,109.50,3.17,1,5,3,0.023849,0.514760,TopoStake,pog(D=3_omega=0.80_beta=0.50),1.62,809,0
162,2,0x6064b9f5883bf9737dfe314ff68c56e09e68ac89,11.193014,1773043676,265bf62e29945a066b245927eca7d1bd425815bcd2e73eaaae4fdbdbb4f0e307,218,72.67,3.39,1,5,3,0.023822,0.514734,TopoStake,pog(D=3_omega=0.80_beta=0.50),2.50,810,0
162,3,0xfb35fdafcfc84561a42700a4a1c274edeb75bdc1,1.050127,1773043679,2e0913aba546af671b5a5a304ad96d2bb15cc2635b41030da703f681b1802632,184,92.00,3.80,1,5,4,0.023798,0.514778,TopoStake,pog(D=3_omega=0.80_beta=0.50),2.54,811,0
162,4,0x30509a8084fdfe6fe24d9c9a817c209ad194f8e3,32.696145,1773043680,fafaf1c1e9bfa8498e1083d3654b1ded713146f22bd77df9ef94ae5ce4394da8,199,99.50,3.96,1,5,4,0.023749,0.513337,TopoStake,pog(D=3_omega=0.80_beta=0.50),2.46,812,0
163,0,0x0d91704595bff3aec25d40822498a51c62b05e3a,25.603193,1773043682,a9d743a4c23c498148da56135e8d704e9161fe087f4f4d0a4279b4f949f58503,128,128.00,3.35,1,5,3,0.023778,0.513779,TopoStake,pog(D=3_omega=0.80_beta=0.50),1.81,813,0
163,1,0xb2a7fe70a6f3137d38f6cb4c3ec6dd1e24f2d5f4,14.427360,1773043684,c79cac067027fbcb63e2896e5686de1e3cecb90c5d1b790fa3909bcd1a85ac64,250,125.00,3.24,2,5,3,0.023790,0.514191,TopoStake,pog(D=3_omega=0.80_beta=0.50),2.04,814,0
163,2,0x07902d0371763a00d97ed9ba16ff0a206cb0fd19,73.655385,1773043686,c3a0ae23ede10a6e59a1f0d1ea401d7944846b43207a063e4bcda845dc578864,193,96.50,4.11,1,6,4,0.023774,0.514389,TopoStake,pog(D=3_omega=0.80_beta=0.50),1.91,815,0
163,3,0x606627477c3734932f47972f83c27cf4e3b35b4f,20.391330,1773043688,2be91cf85a1721e4b9df5345a4c7c315591597e32ebc2acef423f85d5cbf8a91,230,115.00,2.82,2,4,3,0.023903,0.514917,TopoStake,pog(D=3_omega=0.80_beta=0.50),1.75,816,0
163,4,0xdc2bc9a639e2bc25c5f57e628a7cd55f6a3d023b,2.089497,1773043690,55bdcecb1b6ff40e4201fd9798e5322604576e0b42550390d25ec22c38cb72c4,203,101.50,3.67,2,5,4,0.023901,0.515244,TopoStake,pog(D=3_omega=0.80_beta=0.50),1.46,817,0
164,0,0x1796dc61e715f15a2d27dfa32bd34780f12a8c24,37.773100,1773043693,86cd515c03f7cc0cf7742ea5849fb80724aef8c961677e948e08a9d435a3c943,177,59.00,4.58,1,6,5,0.023855,0.514013,TopoStake,pog(D=3_omega=0.80_beta=0.50),2.54,818,0
164,1,0xa5a12d96532497871d73549e55ab377e3dcb3a40,8.107001,1773043694,b75d650d01d6da08abb9dda1015f553af4a0f4cc006b6e2e2e397c6560dc6e4b,215,107.50,3.35,1,5,3,0.023895,0.514482,TopoStake,pog(D=3_omega=0.80_beta=0.50),2.52,819,0
164,2,0x075e1d95c7891e1c00414ca1aa9a7a8cf6270019,42.211704,1773043696,961aa61865ac359e489e36a06371acca79c5a0fcbed6f69385ea8cbd765dd77b,106,106.00,4.06,1,5,4,0.023864,0.514231,TopoStake,pog(D=3_omega=0.80_beta=0.50),1.95,820,0
164,3,0xa7e4d4d949807065ebf85adc1be8c382c7236c15,3.209680,1773043698,1d90db9537dd7c27ea19b55005c899c209c139530f338edbb36551989481ed5c,241,120.50,3.05,1,5,3,0.023915,0.514734,TopoStake,pog(D=3_omega=0.80_beta=0.50),2.09,821,0
164,4,0x13f9dadc05f6c237b03411e2aed1800cf21a5d89,38.345757,1773043700,6a2e93bc5b0485ac2af72295bc3d730b7b91a781402e76796051237a55584d1d,192,96.00,3.93,1,5,4,0.023871,0.513853,TopoStake,pog(D=3_omega=0.80_beta=0.50),1.80,822,0
165,0,0x311eb133eb413ac3f21249889bb101e5d40820ce,5.129345,1773043702,a18aa361e6d6ae29ba9c5c4c68ff944c6fab56dd6fad59ae92e0266b76cccd0a,233,116.50,3.20,1,5,3,0.023912,0.514324,TopoStake,pog(D=3_omega=0.80_beta=0.50),1.64,823,0
165,1,0x016d3fc36beee7caa8fbd6c1caa42461dd7f9850,25.913167,1773043704,f88655915c85e91cf6b8051e7038310c77af2050f4efb6014b2855e0e4370f64,207,103.50,3.70,1,5,4,0.023874,0.513681,TopoStake,pog(D=3_omega=0.80_beta=0.50),1.50,824,0
165,2,0x07902d0371763a00d97ed9ba16ff0a206cb0fd19,74.657020,1773043706,46fba7a1eebc5b443c0e974d872b9b06b4e9c9391a5394ab316d8e742958c687,184,61.33,3.06,1,4,3,0.023885,0.514080,TopoStake,pog(D=3_omega=0.80_beta=0.50),2.53,825,0
165,3,0x0d91704595bff3aec25d40822498a51c62b05e3a,26.604515,1773043709,260792ff90197f256e99b139ab4f4f47ebff28de5cdb679236459370accaa112,199,99.50,2.74,1,4,3,0.024013,0.514603,TopoStake,pog(D=3_omega=0.80_beta=0.50),2.52,826,0
165,4,0x07902d0371763a00d97ed9ba16ff0a206cb0fd19,75.658026,1773043710,91556624308922d4fa4d5753a84dd7f1d6c6f5b0788c1a83104737d79a5bac0d,188,94.00,3.28,1,5,3,0.024025,0.515007,TopoStake,pog(D=3_omega=0.80_beta=0.50),2.48,827,0
166,0,0x7e40df5d801345015e84c843908efc6683665fa4,6.659223,1773043712,903201bd340e8b723cdd5c0c01dadf32714056045dfb3ed0657fcb891e23df06,163,163.00,2.75,1,4,3,0.024154,0.515527,TopoStake,pog(D=3_omega=0.80_beta=0.50),1.67,828,0
166,1,0xf13caa2c5f6f6cf61e51290bfa7826a9140b4faf,2.033841,1773043714,c74de73f2e0330dc0901d61e16307dec64e66d3539f21f008cad845e728e1836,203,101.50,3.44,1,5,4,0.024119,0.515158,TopoStake,pog(D=3_omega=0.80_beta=0.50),1.78,829,0
166,2,0x0d91704595bff3aec25d40822498a51c62b05e3a,27.605468,1773043716,70c73d5664f3fe69b1a433275b98fdd3e61888304ae5b6abb3be480353d5a609,199,99.50,4.22,1,6,4,0.024072,0.513911,TopoStake,pog(D=3_omega=0.80_beta=0.50),1.66,830,0
166,3,0x13f9dadc05f6c237b03411e2aed1800cf21a5d89,39.347195,1773043718,7c7ca6348fbd90f4db444bee2b42b8feece9fae31baf8991d02f2c62f111f01f,195,97.50,3.26,1,5,3,0.024086,0.514322,TopoStake,pog(D=3_omega=0.80_beta=0.50),1.49,831,0
166,4,0x0d91704595bff3aec25d40822498a51c62b05e3a,28.606441,1773043720,fc0f38a3388c6af548d80b6d7eb8b2f1d93ae8eb8e7613c54eb5ca03af95d011,208,104.00,3.11,1,5,3,0.024128,0.514797,TopoStake,pog(D=3_omega=0.80_beta=0.50),1.46,832,0
167,0,0xc24b36dee27726233c3bbd9e1f028f98b6b2a424,6.408674,1773043723,f206b74f4713dd7db9b57e3ce092e02765a1a3367f879f1230d732174ae69d63,189,63.00,3.31,1,5,3,0.024145,0.515206,TopoStake,pog(D=3_omega=0.80_beta=0.50),2.48,833,0
167,1,0xe478b1e4d1538274c0c70cbd7df877f9abab2f62,6.294211,1773043724,76810bb7d406888c1895a675683de63ac348fa920976c5a492df9f4cd4ac6278,194,97.00,4.04,1,6,4,0.024109,0.514784,TopoStake,pog(D=3_omega=0.80_beta=0.50),2.51,834,0
167,2,0x7e40df5d801345015e84c843908efc6683665fa4,7.660214,1773043726,ee75f85d4c46b324fc681c87fc1a3e0eb46df78a1a9b1cfc455488a4b5426a29,125,125.00,3.85,1,5,4,0.024072,0.514326,TopoStake,pog(D=3_omega=0.80_beta=0.50),1.90,835,0
167,3,0x13f9dadc05f6c237b03411e2aed1800cf21a5d89,40.348279,1773043728,639a0f89b5c02b7f4f572278454f104f9def314e9ba86afcd1fe27151fd17783,250,125.00,3.46,1,5,3,0.024039,0.514036,TopoStake,pog(D=3_omega=0.80_beta=0.50),2.24,836,0
167,4,0x24898fcb116b48cb2b6fd5d3b4eb599fee0f4633,22.075081,1773043730,800205beee227b2e644633c22776b5918720f19e6057aa16d4e166b76329983f,240,120.00,3.06,1,5,3,0.024083,0.514509,TopoStake,pog(D=3_omega=0.80_beta=0.50),1.90,837,0
168,0,0xa9a524611994a27dd3134d643379aa14edf7cb39,3.086477,1773043732,f33464fd38a72892604ff9b087a4c7cda407c034f445e18610ef1e30a192e723,194,97.00,3.59,1,5,4,0.024084,0.514851,TopoStake,pog(D=3_omega=0.80_beta=0.50),1.48,838,0
168,1,0x1796dc61e715f15a2d27dfa32bd34780f12a8c24,38.774529,1773043734,95a8f04a2ac3c9a73dff70d01cebbfd09a03312aee6a31834807a59d9b2d53e5,218,72.67,3.80,2,5,4,0.024040,0.513940,TopoStake,pog(D=3_omega=0.80_beta=0.50),2.46,839,0
168,2,0x30509a8084fdfe6fe24d9c9a817c209ad194f8e3,33.697207,1773043737,401907c375213f7c7fb3be85b13de1477b58e21d04eaed58e54302ae95fae483,212,106.00,3.37,1,5,3,0.024080,0.514390,TopoStake,pog(D=3_omega=0.80_beta=0.50),2.58,840,0
168,3,0xeaa5003682d7289190651081ae2bee847097afc5,2.749548,1773043738,69968dc1fc7609b4d6e89c94d727881faef79ba6136cff276067d29e9ab08baa,172,86.00,3.36,1,5,3,0.024107,0.514817,TopoStake,pog(D=3_omega=0.80_beta=0.50),2.47,841,0
168,4,0x6064b9f5883bf9737dfe314ff68c56e09e68ac89,12.193573,1773043740,cee88f19c46f01f71c74a6a6cca22518ca89ed9b75cf5fc7a05611b1c8202292,110,110.00,4.32,1,6,4,0.024063,0.513790,TopoStake,pog(D=3_omega=0.80_beta=0.50),1.97,842,0
169,0,0x81193196c1dbdbf80709d43a5af5ce21c201fbd7,6.831221,1773043742,1e0abaead3d3cc6720b50415eabe507dfc744ad2fe10a9c20b8e366d2d673925,248,124.00,3.68,1,5,4,0.024041,0.513910,TopoStake,pog(D=3_omega=0.80_beta=0.50),2.19,843,0
169,1,0xe6ebb0cdfd04183d498964e5efc4096ba77b17d6,7.287921,1773043744,0f52296eaf2d46aed5f49559cfab272cf4af9565580ad9658c940cd76ba30daf,238,119.00,4.08,1,5,4,0.024006,0.513525,TopoStake,pog(D=3_omega=0.80_beta=0.50),1.81,844,0
169,2,0x269cdf52f97e1d9f14b7be895155a7b294f0b21d,14.735472,1773043746,3f1f176c8b972df6b3a8240a512f18eec10c7c9c6fad7951f0504f660cca1253,210,105.00,4.12,2,6,4,0.023973,0.513183,TopoStake,pog(D=3_omega=0.80_beta=0.50),1.58,845,0
169,3,0x34412315480562da4810040fd15c81f99880e1ab,5.891497,1773043748,9a944af8b5f9076a14502c779aa5108a26b598709fc08c5b781322d1b3fae6ed,195,97.50,3.65,1,5,4,0.023956,0.513383,TopoStake,pog(D=3_omega=0.80_beta=0.50),1.41,846,0
169,4,0x213068cb42718d1dd6d00a6d94d62a3def0e68eb,6.365948,1773043751,b71c31716778b9e47c1c67a0c9b506f06d4a7c24b5bc043712cbda3e43ec401e,181,60.33,4.04,1,5,4,0.023920,0.512842,TopoStake,pog(D=3_omega=0.80_beta=0.50),2.48,847,0
170,0,0xcb7977f4997b4252c0152e135dd79b3cfe35c1a5,2.617175,1773043752,dad59a952c0f7e219d8e38b4c7adb83d1208b5e7b701570319d6e873948e047e,200,100.00,3.59,1,5,4,0.023884,0.512358,TopoStake,pog(D=3_omega=0.80_beta=0.50),2.43,848,0
170,1,0x24898fcb116b48cb2b6fd5d3b4eb599fee0f4633,23.076185,1773043754,469491fd70abec0688d12f9ed82cb20030a3d6c6bc00c4a3e7b8cfdf46cff707,107,107.00,4.24,1,6,4,0.023840,0.511280,TopoStake,pog(D=3_omega=0.80_beta=0.50),1.94,849,0
170,2,0x52e05d9fa4faa167f30baba23c710e4f49115288,8.149719,1773043756,14db4379da433b2bf49d1879ceeaf7d795998ad2437cdb8495c17d5abc103b90,236,118.00,3.49,1,5,4,0.023843,0.511635,TopoStake,pog(D=3_omega=0.80_beta=0.50),2.11,850,0
170,3,0x13f9dadc05f6c237b03411e2aed1800cf21a5d89,41.350109,1773043758,1e95b824d77dc92f806ba5af5653e6de4482bfa4c8b1f35662bafd76789e4245,183,91.50,3.90,1,5,4,0.023812,0.511364,TopoStake,pog(D=3_omega=0.80_beta=0.50),1.89,851,0
170,4,0xaadc5fea232580cb8fba739ac5d05a48559c7e52,9.354763,1773043760,dd733273e41f516e76a1027ceb6d59ea85c029580f47a99fd935756836e0a880,226,113.00,3.04,2,5,3,0.023856,0.511833,TopoStake,pog(D=3_omega=0.80_beta=0.50),1.66,852,0
171,0,0x26d553a2f4343b3a7dc88bbd87b3d0a25d3838d9,15.228049,1773043762,0d73889fb89b5bae96caae9eaa9b03ededcef07ef0b91da9e7f17743c0d0949e,223,111.50,4.30,1,6,4,0.023828,0.511736,TopoStake,pog(D=3_omega=0.80_beta=0.50),1.50,853,0
171,1,0x075e1d95c7891e1c00414ca1aa9a7a8cf6270019,43.214402,1773043765,570b4b34ab4fa040fd384c0d9674f3e577733e0a59b0cae121dedbdd160ee393,194,64.67,3.72,1,5,4,0.023813,0.511954,TopoStake,pog(D=3_omega=0.80_beta=0.50),2.46,854,0
171,2,0x786f26993bf015cd2da6fb5d3ccd1879e01246ab,9.291284,1773043766,173ce186362cef8a56728e55addea30fd491d688c95ac7b9572054faa1ca668a,199,99.50,3.18,1,5,3,0.023861,0.512441,TopoStake,pog(D=3_omega=0.80_beta=0.50),2.61,855,0
171,3,0x377eaef292051bbf8ada05b2af76a3f3b9d722a7,11.060128,1773043768,61ba0ede144fb53256222495eaac8256fef6fe3e1471f297ddc4a236bd2aba62,97,97.00,3.92,1,5,4,0.023832,0.512316,TopoStake,pog(D=3_omega=0.80_beta=0.50),1.94,856,0
171,4,0x016d3fc36beee7caa8fbd6c1caa42461dd7f9850,26.914460,1773043770,f7a8c019d21ca4d4d2a9ead6e807fde86acaddbbc7a559ac05a1e93636871bf9,250,125.00,3.59,2,5,4,0.023808,0.512329,TopoStake,pog(D=3_omega=0.80_beta=0.50),2.22,857,0
172,0,0xc774b0fee7cabbef3b1ae14bf36db3df0d32c1df,5.167200,1773043772,ba4d6ce2244c3242394ac8d94fc29a3a62fb67dbfd9e753f5894b144ec7b9f42,250,125.00,3.16,2,4,3,0.023819,0.512709,TopoStake,pog(D=3_omega=0.80_beta=0.50),1.92,858,0
172,1,0x786f26993bf015cd2da6fb5d3ccd1879e01246ab,10.291721,1773043774,609ef0a732c09cde0102ab3d1cf5460b68ab44f680887fcd12fa29b72f0ff0fa,223,111.50,3.94,1,5,4,0.023781,0.512069,TopoStake,pog(D=3_omega=0.80_beta=0.50),1.66,859,0
172,2,0x1796dc61e715f15a2d27dfa32bd34780f12a8c24,39.776014,1773043776,922ed49177c0dacd6dc960dd4964a5652e73812f537345f50028d843809590df,217,72.33,4.05,1,5,4,0.023755,0.512028,TopoStake,pog(D=3_omega=0.80_beta=0.50),2.51,860,0
172,3,0x3513d672439a59c26cc5711f2b715ccb4810a774,12.296607,1773043779,ce198890e7c83b2d682a3a126ba7c4f02a1365a73c5486be083bc2f12e4a430d,182,91.00,3.27,1,5,3,0.023795,0.512471,TopoStake,pog(D=3_omega=0.80_beta=0.50),2.46,861,0
172,4,0x30405867b72597aaeb27803bb2c7f3f5fc7d5384,4.513976,1773043780,e6e96d2d068f53d13aba7a710eff37a0d5d76cb01e36e3e188cb386f29138f15,212,106.00,3.90,1,5,4,0.023773,0.512575,TopoStake,pog(D=3_omega=0.80_beta=0.50),2.52,862,0
173,0,0x34412315480562da4810040fd15c81f99880e1ab,6.892091,1773043782,a5ddd0a2e55b8eac3cf4dcf6eb00f70bef6ecb63f3dc4cb01e31d494114f97a2,107,107.00,3.30,1,5,3,0.023734,0.511864,TopoStake,pog(D=3_omega=0.80_beta=0.50),1.68,863,0
173,1,0x1796dc61e715f15a2d27dfa32bd34780f12a8c24,40.776947,1773043784,6e1f7ba30366e34a82d34024ccc6c2e90403fff4cf1bd24144837616f74c894f,219,109.50,4.01,1,6,4,0.023701,0.511454,TopoStake,pog(D=3_omega=0.80_beta=0.50),2.14,864,0
173,2,0xb990cdf21950e6086c350175c4bc504e45858230,5.113798,1773043786,5cab7e1e36b2d19a16d266a0bc35a777fe8b7ef192a8e847a9fa694c9cbefd0c,245,122.50,3.33,2,5,3,0.023742,0.511895,TopoStake,pog(D=3_omega=0.80_beta=0.50),1.73,865,0
173,3,0x49b57eb4dace37c8819daf079c9c674f766d4f38,16.242286,1773043788,4d4f9affb8ed955f8a74c171cf2ea10884c5c6ebf29b19eca63e5679a0c9eff5,202,101.00,4.16,2,5,4,0.023705,0.511228,TopoStake,pog(D=3_omega=0.80_beta=0.50),1.52,866,0
173,4,0x269cdf52f97e1d9f14b7be895155a7b294f0b21d,15.736513,1773043790,6efb6584615818ddcf1964ab3611b4c6089e1ceada205dcd0187949c45b7b908,208,104.00,3.95,1,6,4,0.023692,0.511495,TopoStake,pog(D=3_omega=0.80_beta=0.50),1.53,867,0
174,0,0xa3786e459f289a76c0e8af8ad834e3d0c6d47199,9.724757,1773043792,f7f1315c9499d97184e0a1654872d489eb7044ad0e89666fdd46b1341eec3868,204,68.00,3.60,1,5,4,0.023678,0.511720,TopoStake,pog(D=3_omega=0.80_beta=0.50),2.42,868,0
174,1,0x53be6e527cc5a7d850b5eae27b9cef342e0665f2,5.040388,1773043794,6784dc9b5b93b1234e881dfd4cdc93092405c24844de3250c6c844e0e992a980,208,104.00,4.29,1,6,4,0.023651,0.511629,TopoStake,pog(D=3_omega=0.80_beta=0.50),2.50,869,0
174,2,0x53be6e527cc5a7d850b5eae27b9cef342e0665f2,6.040873,1773043796,1eeac678975abab0b20988d4abe7132ce2519587d32e7d3a770660d74b870480,99,99.00,3.51,1,5,4,0.023614,0.510939,TopoStake,pog(D=3_omega=0.80_beta=0.50),1.91,870,0
174,3,0xf6e059718dbd0a0956726ab97d06bad5efc6cd18,2.004638,1773043798,333a41335eeb88317f72189fd3a5ec1d412f1d12db9070ed279d80efddfa6418,218,109.00,3.35,1,5,3,0.023579,0.510397,TopoStake,pog(D=3_omega=0.80_beta=0.50),2.18,871,0
174,4,0x3513d672439a59c26cc5711f2b715ccb4810a774,13.297638,1773043800,49c34bd3a352d3f80091caf5226406bca3583ab5e5187049a3553ca614182cba,226,113.00,3.69,1,5,4,0.023535,0.509168,TopoStake,pog(D=3_omega=0.80_beta=0.50),1.83,872,0
175,0,0x24898fcb116b48cb2b6fd5d3b4eb599fee0f4633,24.077548,1773043802,68627eba2e88a30466a1f44b6d574c1324ef46b590ee5666e7811c8a1d6d6c7c,211,105.50,3.88,1,5,4,0.023516,0.509295,TopoStake,pog(D=3_omega=0.80_beta=0.50),1.68,873,0
175,1,0x8c11ec9090dd820c076e57e899d9c604c79d6b32,11.569386,1773043804,cd24b4a02635aa964a7abf17e45bbb080e6bddff81bbd2a0bb63f118ecd214ee,197,98.50,3.52,1,5,4,0.023516,0.509296,TopoStake,pog(D=3_omega=0.80_beta=0.50),1.56,874,0
175,2,0x52e05d9fa4faa167f30baba23c710e4f49115288,9.150412,1773043806,33b58749acc65b37ba85e9e51ce5cbc6a048aa2f7e163ad4062179a6ead37dbb,203,67.67,4.17,1,6,4,0.023497,0.509693,TopoStake,pog(D=3_omega=0.80_beta=0.50),2.43,875,0
175,3,0x30405867b72597aaeb27803bb2c7f3f5fc7d5384,5.514410,1773043809,6fe58c4eee7a41e31b8cf52e297cc990ddc063846a45ddd3f9fcd178f515fea1,205,102.50,3.95,1,5,4,0.023470,0.509530,TopoStake,pog(D=3_omega=0.80_beta=0.50),2.49,876,0
175,4,0x1796dc61e715f15a2d27dfa32bd34780f12a8c24,41.778381,1773043810,efd4f52244069705ae7071e2f6e8832afc3b47285a604e16e744d527b4256474,198,99.00,3.52,1,4,4,0.023434,0.508890,TopoStake,pog(D=3_omega=0.80_beta=0.50),2.48,877,0
176,0,0x3513d672439a59c26cc5711f2b715ccb4810a774,14.298637,1773043812,9ec135cddece34a09c166044604b0251a37910b466f066cec86ca24b9ef373e0,144,144.00,3.23,1,5,3,0.023476,0.509336,TopoStake,pog(D=3_omega=0.80_beta=0.50),1.71,878,0
176,1,0x24898fcb116b48cb2b6fd5d3b4eb599fee0f4633,25.078551,1773043814,3a99fe9d49ad9cb0b144ab4cc18d2970057a55842a209090d3f715a9f9ca66b9,234,117.00,3.83,1,5,4,0.023459,0.509482,TopoStake,pog(D=3_omega=0.80_beta=0.50),1.94,879,0
176,2,0x07902d0371763a00d97ed9ba16ff0a206cb0fd19,76.662876,1773043816,a5a10568796644559addb8a26db5646138be776c883895dac69ffcd9aa37fdb8,213,106.50,3.62,1,5,4,0.023465,0.509835,TopoStake,pog(D=3_omega=0.80_beta=0.50),1.69,880,0
176,3,0x075e1d95c7891e1c00414ca1aa9a7a8cf6270019,44.216306,1773043818,56cd5ad9e28e353403d5139a43f1cfe3f8e57754fab9097a8735648681d8f3b5,196,98.00,2.83,2,4,3,0.023582,0.510332,TopoStake,pog(D=3_omega=0.80_beta=0.50),1.50,881,0
176,4,0xd61b00c297972877b45f8d7f4d67fdaf20c67c59,3.324671,1773043820,fad03edddf80e1a7d672058fb2befcc667a56bf1780647f514577c69bea00d63,212,70.67,3.10,1,5,3,0.023628,0.510808,TopoStake,pog(D=3_omega=0.80_beta=0.50),2.50,882,0
177,0,0x30405867b72597aaeb27803bb2c7f3f5fc7d5384,6.515398,1773043823,d16435cb783de35f6994fb7aead6505598027255fa1b73d3d8debc31e845c793,239,119.50,4.41,1,6,5,0.023588,0.509948,TopoStake,pog(D=3_omega=0.80_beta=0.50),2.54,883,0
177,1,0x13f9dadc05f6c237b03411e2aed1800cf21a5d89,42.352864,1773043825,d9f962ac0ff803e1181c39e847ae7ac57d9894944bcae3adfe5346a28dffa838,219,109.50,3.57,1,5,4,0.023554,0.509465,TopoStake,pog(D=3_omega=0.80_beta=0.50),2.42,884,0
177,2,0xf82400c4f426bdbd2bc687ffef1f22c1a381c851,0.049161,1773043827,aa881f54564906ec58b4330b9f6aed70fb2ae1460a7981a80965edc49737104d,241,120.50,2.95,1,5,3,0.023596,0.509911,TopoStake,pog(D=3_omega=0.80_beta=0.50),2.08,885,0
177,3,0x30509a8084fdfe6fe24d9c9a817c209ad194f8e3,34.698736,1773043829,d0d36a3af81c21acd839926f1cae027448a88a1ca22be5ea4056fa7dc5e50e13,200,100.00,4.04,1,6,4,0.023549,0.508486,TopoStake,pog(D=3_omega=0.80_beta=0.50),1.93,886,0
177,4,0x3513d672439a59c26cc5711f2b715ccb4810a774,15.299783,1773043831,4a64788f928de90d524b5f071c002b7f8d68ff97eb927ba01701da1a374901a5,250,125.00,3.41,1,5,4,0.023575,0.508900,TopoStake,pog(D=3_omega=0.80_beta=0.50),1.69,887,0
178,0,0xd61b00c297972877b45f8d7f4d67fdaf20c67c59,4.325532,1773043833,f8b4d9c11d584a7dc36d975bab5a5e54f2025a3ea9172b824108e6d88409422a,206,103.00,3.95,1,5,4,0.023560,0.509085,TopoStake,pog(D=3_omega=0.80_beta=0.50),1.54,888,0
178,1,0x52e05d9fa4faa167f30baba23c710e4f49115288,10.151234,1773043835,5f76aed6bf9baeacb69f67d233c2e337ba7e5afc18060cd691a3740cb04c92d4,194,64.67,4.53,1,6,5,0.023522,0.508349,TopoStake,pog(D=3_omega=0.80_beta=0.50),2.51,889,0
178,2,0x1cb1274c711a6c2e4e1596846e6ac604eeefb358,23.429659,1773043838,e0dd130689fcb0e0faf25e3aa750be23386ba95692b7a46e81bcaf3758c4228b,216,108.00,3.95,1,5,4,0.023496,0.508275,TopoStake,pog(D=3_omega=0.80_beta=0.50),2.48,890,0
178,3,0x3d92e045fb1847aae132b40ebfcc471a32f687de,7.123960,1773043839,c65730a66d1719c933c41b62f1e8d5db30351c19ac9583f71277a72950927580,216,108.00,3.52,1,5,4,0.023498,0.508605,TopoStake,pog(D=3_omega=0.80_beta=0.50),2.50,891,0
178,4,0x52e05d9fa4faa167f30baba23c710e4f49115288,11.152283,1773043841,d5a787e2427a562850fbdda7796dedd42bf8a6fde7f248287bbc4dec1123a0d4,117,117.00,3.98,1,5,4,0.023466,0.508219,TopoStake,pog(D=3_omega=0.80_beta=0.50),1.94,892,0
179,0,0x3513d672439a59c26cc5711f2b715ccb4810a774,16.300813,1773043843,9e4fd2322eab6347a3d5bbdb146a2270882bac7f6f16806c858d608146a58a57,221,110.50,3.89,1,5,4,0.023442,0.508208,TopoStake,pog(D=3_omega=0.80_beta=0.50),2.24,893,0
179,1,0xb2a7fe70a6f3137d38f6cb4c3ec6dd1e24f2d5f4,15.427642,1773043845,09f31811723cdc42c1bb44e567dd42eb2f0dbb3ee9d915ef32abffc492673711,228,114.00,3.88,1,5,4,0.023430,0.508444,TopoStake,pog(D=3_omega=0.80_beta=0.50),1.86,894,0
179,2,0x3d92e045fb1847aae132b40ebfcc471a32f687de,8.124535,1773043847,208f15b4309c5001bc192ac02674d920b677c1cfb11dde495431b588dda88083,179,89.50,4.38,2,6,4,0.023415,0.508613,TopoStake,pog(D=3_omega=0.80_beta=0.50),1.60,895,0
179,3,0x13f9dadc05f6c237b03411e2aed1800cf21a5d89,43.354580,1773043849,c294141780ef11fcc7169de56aade520ffc235538f2d61b926212025bd229b3c,178,89.00,3.96,1,5,4,0.023385,0.508335,TopoStake,pog(D=3_omega=0.80_beta=0.50),1.46,896,0
179,4,0x075e1d95c7891e1c00414ca1aa9a7a8cf6270019,45.217606,1773043852,86d8a35216f59df3081ff091e7059b2716b88bb8499c5733182c909c4fe98608,207,69.00,3.12,1,5,3,0.023428,0.508785,TopoStake,pog(D=3_omega=0.80_beta=0.50),2.49,897,0
180,0,0x30405867b72597aaeb27803bb2c7f3f5fc7d5384,7.516433,1773043853,30a39d51d3badb30aa675958def7d1ed60df6fdcbe5628c36e72cc8256e3c279,192,96.00,3.10,1,5,3,0.023475,0.509254,TopoStake,pog(D=3_omega=0.80_beta=0.50),2.45,898,0
180,1,0xac61c91e7d24df824351a6c4e562a75f0cf646f8,0.236314,1773043855,25a7a2462065f227ffeaf547dd11b5ad784b0aa972d50a9176d5b87ccc6a874b,117,117.00,3.39,1,4,4,0.023444,0.508903,TopoStake,pog(D=3_omega=0.80_beta=0.50),1.79,899,0
180,2,0x269cdf52f97e1d9f14b7be895155a7b294f0b21d,16.737452,1773043857,893a8b30e11c25dd608b5b6dda4ca1c23419d9de9a53e2a187e86e9f5c991437,250,125.00,3.95,1,6,4,0.023398,0.507496,TopoStake,pog(D=3_omega=0.80_beta=0.50),2.16,900,0
180,3,0x13f9dadc05f6c237b03411e2aed1800cf21a5d89,44.355629,1773043859,6e224598523d7524cf8f54693c24ff69c41788f59bf8d05cc751c23c0caacf3d,244,122.00,3.55,1,5,4,0.023386,0.507742,TopoStake,pog(D=3_omega=0.80_beta=0.50),1.70,901,0
180,4,0x1796dc61e715f15a2d27dfa32bd34780f12a8c24,42.779501,1773043861,4c3cade48b2d8b27075993cde67e5467389bb1d2e6b69a4919f87644d20c8a1a,221,110.50,3.07,1,5,3,0.023430,0.508190,TopoStake,pog(D=3_omega=0.80_beta=0.50),1.50,902,0
181,0,0x9c39f7fffaa5c5cfab20dfdd05663497918580c1,3.418122,1773043863,35bcb42281b62a95386ede2f83a775d96a4603de1f883bf953fb429524f4ee4e,176,88.00,3.31,1,5,3,0.023471,0.508617,TopoStake,pog(D=3_omega=0.80_beta=0.50),1.53,903,0
181,1,0x1796dc61e715f15a2d27dfa32bd34780f12a8c24,43.780366,1773043866,280428373cfd1cfcd7d9dfdd2506e0a88e6ea47deff0dd6270cdd69df6458aaa,214,71.33,4.07,1,5,4,0.023432,0.507771,TopoStake,pog(D=3_omega=0.80_beta=0.50),2.53,904,0
181,2,0x4a217e35f6402e7f62a49f6d62e27c6585c2f3fd,5.484858,1773043867,68aac956c179e368800a9139381536b6add36d32762feb4a70ce588778cc0118,213,106.50,3.23,1,5,3,0.023475,0.508197,TopoStake,pog(D=3_omega=0.80_beta=0.50),2.47,905,0
181,3,0x1cb1274c711a6c2e4e1596846e6ac604eeefb358,24.430885,1773043869,65f6d34dc128917eb556cf07702c7bf608a2f7c03a3386a255641834384ba9f9,114,114.00,3.53,1,5,4,0.023440,0.507555,TopoStake,pog(D=3_omega=0.80_beta=0.50),1.82,906,0
181,4,0xdc2bc9a639e2bc25c5f57e628a7cd55f6a3d023b,3.088515,1773043871,822ab8877ce8b0905de63b630641eb9dc4d9a1ed834b025285e722912ae50735,250,125.00,3.53,1,5,4,0.023443,0.507880,TopoStake,pog(D=3_omega=0.80_beta=0.50),2.18,907,0
182,0,0x016d3fc36beee7caa8fbd6c1caa42461dd7f9850,27.916140,1773043873,826fe2751e93670fa65174565120c48c4bbc27da7e949ee3c58d08fea41f737e,213,106.50,4.43,1,6,5,0.023403,0.506968,TopoStake,pog(D=3_omega=0.80_beta=0.50),2.02,908,0
182,1,0xa068e3c9a21c8d8be636cd2d285895979ec3262e,2.955925,1773043875,60282e32539090a19aabe52b25a0183bbf930eac5af29ff23672e4ef1f7a9e52,231,115.50,3.17,1,4,3,0.023414,0.507334,TopoStake,pog(D=3_omega=0.80_beta=0.50),1.78,909,0
182,2,0xac768e60b9269babb15cb1e36ee843243d7c7543,19.728617,1773043877,6f7c20d3c5b5b79176aee032dae5aeaab46bd3c93f1306ddbdee858d29794e21,191,95.50,4.37,1,6,5,0.023374,0.506371,TopoStake,pog(D=3_omega=0.80_beta=0.50),1.52,910,0
182,3,0x24898fcb116b48cb2b6fd5d3b4eb599fee0f4633,26.079709,1773043880,3f020ba2eb8227d51df0eb992309b5900529facaf11579515aa7800e67a524d3,204,68.00,4.07,1,6,4,0.023367,0.506656,TopoStake,pog(D=3_omega=0.80_beta=0.50),2.49,911,0
182,4,0xe6ebb0cdfd04183d498964e5efc4096ba77b17d6,8.287801,1773043881,ef34864ce9121c75b1ae1ff8189c404513a475b9eaa71b7f54ec4c7d126ee4ec,169,84.50,3.54,1,5,4,0.023374,0.507001,TopoStake,pog(D=3_omega=0.80_beta=0.50),2.50,912,0
183,0,0x4414c05be2cf328f38d2e3ef4b705d6b894f044a,12.093334,1773043883,60eaaa3d2c1838afe57e4b47bd7d86f6418d74ca47f46dfd621fc374825822ee,123,123.00,3.83,1,6,4,0.023345,0.506726,TopoStake,pog(D=3_omega=0.80_beta=0.50),1.93,913,0
183,1,0x719361397abe003a91af76243e5f9c7a0cd4279f,14.551724,1773043885,0775c9261c150b947d2a37eb7f34713a56757029a59bc61e79f6e123d947a283,219,109.50,3.81,1,5,4,0.023323,0.506795,TopoStake,pog(D=3_omega=0.80_beta=0.50),2.19,914,0
183,2,0x1cb1274c711a6c2e4e1596846e6ac604eeefb358,25.432136,1773043887,b116d4a1972edebfe78f235ae4eca3081f9a3ffb38e98e9b508b903811817bf4,250,125.00,3.82,1,5,4,0.023307,0.506928,TopoStake,pog(D=3_omega=0.80_beta=0.50),1.86,915,0
183,3,0x075e1d95c7891e1c00414ca1aa9a7a8cf6270019,46.219387,1773043889,e86838adb339a04f75ea4acbcbb4a01e1ad22ec73ae7a71238876b57ceb0b21b,218,109.00,3.53,1,5,4,0.023312,0.507251,TopoStake,pog(D=3_omega=0.80_beta=0.50),1.57,916,0
183,4,0x282f43759e22b50aa7989261c51c367f325c3f91,12.358210,1773043891,6c20256dcd187f4eb767bc2e2e14534b7a19062b1380231dea4285f578d60740,192,96.00,3.10,1,5,3,0.023358,0.507713,TopoStake,pog(D=3_omega=0.80_beta=0.50),1.52,917,0
184,0,0x24898fcb116b48cb2b6fd5d3b4eb599fee0f4633,27.080504,1773043894,3ce7dae23344432610a0e55cd921b69f562f325add280c5faf0773de34833bc4,192,64.00,3.92,2,6,4,0.023337,0.507780,TopoStake,pog(D=3_omega=0.80_beta=0.50),2.51,918,0
184,1,0x3d92e045fb1847aae132b40ebfcc471a32f687de,9.125366,1773043895,8c92692d3235dc09b5c675d620dbbabba7ee7b2770e57ed7727df4dbdbc5a4d3,188,94.00,3.57,1,5,4,0.023345,0.508121,TopoStake,pog(D=3_omega=0.80_beta=0.50),2.46,919,0
184,2,0x4ba33404d90c4ae989714d9d174cd882cffb7994,5.110128,1773043897,33710f07fcff99ddc11c6b0f442fa80f293abb9a1b0b18191012ef6b9fcd6bab,110,110.00,3.95,1,5,4,0.023318,0.507941,TopoStake,pog(D=3_omega=0.80_beta=0.50),1.93,920,0
184,3,0xd61b00c297972877b45f8d7f4d67fdaf20c67c59,5.325775,1773043899,300d1020c3ecfb8b51bcc613d2fd25e5613fbf85eb02c2f57a3388ecf8147426,201,100.50,4.43,2,6,4,0.023283,0.507246,TopoStake,pog(D=3_omega=0.80_beta=0.50),2.34,921,0
184,4,0x0d91704595bff3aec25d40822498a51c62b05e3a,29.608725,1773043901,14133645a29de7a0c308b6b808daf9c29f5debb1a90e38e1523a871c1ff80dee,250,125.00,4.38,1,6,5,0.023248,0.506560,TopoStake,pog(D=3_omega=0.80_beta=0.50),2.13,922,0
185,0,0xeb82a21cb3d0dd781eb22ad74bb7cd9b4d2a06ec,3.913622,1773043903,ccf197e0120e00e7b67d2e322878e3036b6688d259456342f96fb66f0a484a2e,242,121.00,3.32,2,5,3,0.023261,0.506941,TopoStake,pog(D=3_omega=0.80_beta=0.50),1.85,923,0
185,1,0xb2a7fe70a6f3137d38f6cb4c3ec6dd1e24f2d5f4,16.428205,1773043905,b8eeb4d14d0da265ca2cd0c709041e08221c523ceff7f82e5282b3cef024436c,184,92.00,4.08,1,6,4,0.023261,0.506941,TopoStake,pog(D=3_omega=0.80_beta=0.50),1.54,924,0
185,2,0x53be6e527cc5a7d850b5eae27b9cef342e0665f2,7.041528,1773043908,9eff4d5d966d2a39f1fdbc2b6749ccca57654be527f4716cda4390b41b6d7371,182,60.67,4.28,1,6,4,0.023211,0.506373,TopoStake,pog(D=3_omega=0.80_beta=0.50),2.46,925,0
185,3,0xdb45667100590f9cfe78a899c3b02c5cd37008f1,10.050722,1773043909,a0c21673c42bb2ba610bb58c41e9e4761fe2f66402ae5090131d6644777dd5f3,211,105.50,3.39,1,5,3,0.023180,0.505960,TopoStake,pog(D=3_omega=0.80_beta=0.50),2.46,926,0
185,4,0xac768e60b9269babb15cb1e36ee843243d7c7543,20.729359,1773043911,09af00b2b5be0db8d413d78cba0f23b021d5292cb165c363fe8a29fb19521fd9,101,101.00,4.14,1,6,4,0.023155,0.505865,TopoStake,pog(D=3_omega=0.80_beta=0.50),1.98,927,0
186,0,0x13f9dadc05f6c237b03411e2aed1800cf21a5d89,45.357817,1773043913,749c41681028dc02d8fb9c9c6f4b342c400a0b42243cd59fc7cc2e95aa022a0f,226,113.00,3.84,1,5,4,0.023151,0.506153,TopoStake,pog(D=3_omega=0.80_beta=0.50),2.32,928,0
186,1,0x2abf89d7c96c80fcff9dec1fe92803573094ee35,3.219936,1773043915,9358160663815711bd0a7f6e10a598127110760238eb5be63038a547811e8e26,250,125.00,3.12,1,5,3,0.023194,0.506590,TopoStake,pog(D=3_omega=0.80_beta=0.50),2.02,929,0
186,2,0xd1cd4b808ce6b2841ad42746b64c5a047e857ef0,3.229224,1773043917,c1be876ee3b208d2c2938058442a8648751fb610c71b4858a26db8ed7187418f,224,112.00,3.70,1,5,4,0.023156,0.505686,TopoStake,pog(D=3_omega=0.80_beta=0.50),1.68,930,0
186,3,0x1796dc61e715f15a2d27dfa32bd34780f12a8c24,44.781805,1773043919,bb14e43552b8fb847b3c5e359d2b7639d9287b6eab40dafff5695615fee1ba81,198,99.00,4.03,1,6,4,0.023117,0.504766,TopoStake,pog(D=3_omega=0.80_beta=0.50),1.47,931,0
186,4,0x3513d672439a59c26cc5711f2b715ccb4810a774,17.301745,1773043921,1ad58e55779bd2e57fded2398b4b76af529251c8e298413aea7621bf768e66e1,217,72.33,3.34,1,5,3,0.023159,0.505185,TopoStake,pog(D=3_omega=0.80_beta=0.50),2.55,932,0
187,0,0x07902d0371763a00d97ed9ba16ff0a206cb0fd19,77.668058,1773043924,ac1c85966b9638acd16b5fed0da3b711651a3102cb370ae5b6fa165de7fdc312,189,94.50,3.89,1,5,4,0.023148,0.505435,TopoStake,pog(D=3_omega=0.80_beta=0.50),2.48,933,0
187,1,0x9ba702916c26a8583a7f277d6932b3c0d9927ce0,1.184978,1773043925,f029923c95ae8aba614c1811d8dc43b226ec3ec1d8bd0e933c9eac46b7bc34e6,204,102.00,2.77,1,4,3,0.023253,0.505910,TopoStake,pog(D=3_omega=0.80_beta=0.50),2.46,934,0
187,2,0x34412315480562da4810040fd15c81f99880e1ab,7.892101,1773043927,f8ca3f016cf7a9f5bd15ac805c25a4489d6dc4309f74798dbde223df5c2522c9,121,121.00,3.53,1,5,4,0.023210,0.504647,TopoStake,pog(D=3_omega=0.80_beta=0.50),1.76,935,0
187,3,0x13f9dadc05f6c237b03411e2aed1800cf21a5d89,46.359382,1773043929,87fbe2c726279c8eec316524ece39033f88ba587b75dcfb5a3ca4bc40f54ca6a,239,119.50,3.92,1,6,4,0.023181,0.504320,TopoStake,pog(D=3_omega=0.80_beta=0.50),2.11,936,0
187,4,0x28672c71695142588ed26ada6f4b18b8b6c12308,6.688116,1773043931,63a9f6e9978ce9d9ae4c03f779fe64713953aa02c155face6da2a77406bb6c50,232,116.00,3.03,1,5,3,0.023225,0.504759,TopoStake,pog(D=3_omega=0.80_beta=0.50),1.80,937,0
188,0,0x282f43759e22b50aa7989261c51c367f325c3f91,13.359049,1773043933,ac6b05b6b38bafc7ded32c249f85ad9f5ee6c4109ef6ddd4b05e596adba07400,197,98.50,3.68,1,5,4,0.023194,0.504291,TopoStake,pog(D=3_omega=0.80_beta=0.50),1.51,938,0
188,1,0x0d91704595bff3aec25d40822498a51c62b05e3a,30.610108,1773043935,68823ef1f02f56f12e44985b7fb8d2669f3798fc243fe846f75bb45cf0b422da,175,87.50,3.87,2,6,4,0.023194,0.504292,TopoStake,pog(D=3_omega=0.80_beta=0.50),1.48,939,0
188,2,0x075e1d95c7891e1c00414ca1aa9a7a8cf6270019,47.221239,1773043937,a9d6692219a0a8fd385b3814eea119a39311a1810318e47a3b380b19653ffe0b,206,68.67,3.27,1,5,3,0.023208,0.504669,TopoStake,pog(D=3_omega=0.80_beta=0.50),2.50,940,0
188,3,0x282f43759e22b50aa7989261c51c367f325c3f91,13.359017,1773043939,adfc3e2f7bd8ad65642fd9e8c2dc9befe555be297e694c6f5ec1e62ef6e98ee7,196,98.00,3.20,1,5,3,0.023253,0.505120,TopoStake,pog(D=3_omega=0.80_beta=0.50),2.48,941,0
188,4,0x687bf2437a044a3e42ff2f8a79a8e54ba9601f70,9.063659,1773043941,b6b53a61c78561a1df4edc9bb9c24b439334631e5e3daacdc951ca5589582e5e,98,98.00,3.72,1,6,4,0.023234,0.505223,TopoStake,pog(D=3_omega=0.80_beta=0.50),1.97,942,0
189,0,0x0d91704595bff3aec25d40822498a51c62b05e3a,31.611185,1773043943,8d07cddf7939b94fe57e1445921c93fb14dcb14df2ec86ac224eb5983ab19aae,237,118.50,3.70,1,5,4,0.023207,0.505023,TopoStake,pog(D=3_omega=0.80_beta=0.50),2.24,943,0
189,1,0xdb45667100590f9cfe78a899c3b02c5cd37008f1,11.050942,1773043945,2470d0f379a212e636353f18399421b3c287d47ab91ba34f96e98dc75b3b079e,250,125.00,3.29,1,5,3,0.023222,0.505397,TopoStake,pog(D=3_omega=0.80_beta=0.50),2.02,944,0
189,2,0x786f26993bf015cd2da6fb5d3ccd1879e01246ab,11.291788,1773043947,9a4d1101e024043c30a5e879e10a6c5b0a7fdf72d0da81f1fefc5c7cdf1ed22a,207,103.50,4.14,1,6,4,0.023199,0.505363,TopoStake,pog(D=3_omega=0.80_beta=0.50),1.73,945,0
189,3,0xbc3f8508d26048f2064aa8c068f4c94d08d77d18,9.061955,1773043949,b31b37def4fd45d217c8dd6820f1e4a1316d4a109f253acee1dbd779bccc1e79,220,110.00,4.08,1,5,4,0.023176,0.505332,TopoStake,pog(D=3_omega=0.80_beta=0.50),1.59,946,0
189,4,0x311eb133eb413ac3f21249889bb101e5d40820ce,6.128755,1773043951,888f39367ca7a85842500099c957f78aa6ffe422e25d96db04397cb22224060c,209,69.67,4.30,1,6,4,0.023150,0.505114,TopoStake,pog(D=3_omega=0.80_beta=0.50),2.53,947,0
190,0,0x07902d0371763a00d97ed9ba16ff0a206cb0fd19,78.670149,1773043954,27e0ac9bc033f82d4ed8f7f9cf1949d4b4208354eed1a70eae5f6718c9a114b2,222,111.00,3.55,1,5,4,0.023117,0.504573,TopoStake,pog(D=3_omega=0.80_beta=0.50),2.51,948,0
190,1,0xf6e059718dbd0a0956726ab97d06bad5efc6cd18,3.004256,1773043955,cec2ea3f074da33b103620bc87f6c12643ef920e322c136930b39499e8e0069c,240,120.00,2.75,1,4,3,0.023220,0.505042,TopoStake,pog(D=3_omega=0.80_beta=0.50),2.38,949,0
190,2,0x28672c71695142588ed26ada6f4b18b8b6c12308,7.689009,1773043957,bf503f145266dfdf0102932851c39f2e6fe38d052a7c7b86473b9cc8241dcd97,97,97.00,3.55,1,5,4,0.023182,0.504080,TopoStake,pog(D=3_omega=0.80_beta=0.50),1.64,950,0
190,3,0x0d91704595bff3aec25d40822498a51c62b05e3a,32.612466,1773043959,b5b670f571d7bfa972b3ff3f67171c7dea4cbae4971d0bf56253f883947d4c2f,240,120.00,3.68,1,5,4,0.023153,0.503721,TopoStake,pog(D=3_omega=0.80_beta=0.50),2.03,951,0
190,4,0x60705151f1f537cacd5b801f3ef1b31dc3f605de,6.298753,1773043961,93ed3ee0b069198cbee6893e7ae1ee4c38d489578b4f07ca567ec8a367512200,232,116.00,3.34,1,5,3,0.023170,0.504094,TopoStake,pog(D=3_omega=0.80_beta=0.50),1.70,952,0
191,0,0x7e40df5d801345015e84c843908efc6683665fa4,8.660621,1773043963,ae9b529dcb3a986a20e7ee37107240becd8a74797add9ecd131f844c167b07c8,196,98.00,4.28,1,6,4,0.023138,0.503559,TopoStake,pog(D=3_omega=0.80_beta=0.50),1.56,953,0
191,1,0xbc3f8508d26048f2064aa8c068f4c94d08d77d18,10.062724,1773043965,36d19ca9381da907d8f35e4bd27ee9fcc50ffd224684b86e2b51156ba0786fd4,211,105.50,3.48,1,5,4,0.023110,0.503290,TopoStake,pog(D=3_omega=0.80_beta=0.50),1.50,954,0
191,2,0x269cdf52f97e1d9f14b7be895155a7b294f0b21d,17.738467,1773043968,9b537fc91e34d21b79fbb5022050672a3fb0b5b1bdd6179f1f892d62a8050f33,191,63.67,4.37,1,6,4,0.023085,0.503182,TopoStake,pog(D=3_omega=0.80_beta=0.50),2.48,955,0
191,3,0x075e1d95c7891e1c00414ca1aa9a7a8cf6270019,48.223082,1773043969,a9e897e6a966001eb22a3e1df92dcf00a6c8b2ed043dc3cf7751ac918f16dc97,198,99.00,3.65,1,5,4,0.023075,0.503428,TopoStake,pog(D=3_omega=0.80_beta=0.50),2.47,956,0
191,4,0x075e1d95c7891e1c00414ca1aa9a7a8cf6270019,49.223782,1773043971,a343a71c83a5401a284671eaa9dd7004910c4a56a3f0ef79d7e31f3c1e48da81,144,144.00,2.97,1,5,3,0.023120,0.503876,TopoStake,pog(D=3_omega=0.80_beta=0.50),1.77,957,0
192,0,0xb2a7fe70a6f3137d38f6cb4c3ec6dd1e24f2d5f4,17.428653,1773043973,bad7c60511aa2470713ef7983ef8c234ed7f7893cc2112ed967176873fdde193,241,120.50,3.22,1,5,3,0.023167,0.504324,TopoStake,pog(D=3_omega=0.80_beta=0.50),2.03,958,0
192,1,0x0d91704595bff3aec25d40822498a51c62b05e3a,33.613750,1773043975,e7598c6223fcda2c60c9e197fd84ce38fe166598e75e4263496cb5968004c5ac,204,102.00,4.13,1,6,4,0.023155,0.504543,TopoStake,pog(D=3_omega=0.80_beta=0.50),1.74,959,0
192,2,0xd3997be86c88837e3fd467517b943590b28fa641,1.044258,1773043977,e8bdc922928df535e7a3f9a0ac644e850d9f24c8e7845ef357677182a58051e2,250,125.00,3.22,1,5,3,0.023174,0.504913,TopoStake,pog(D=3_omega=0.80_beta=0.50),1.77,960,0
192,3,0xcdc82b7c868072205a399d0f68e6e3ad3bfd1ca6,6.203397,1773043979,298113ac213b4f170af00333864a23f65f818ed61e7dcf4c58143c5c102e3f70,114,57.00,4.17,2,6,4,0.023132,0.503645,TopoStake,pog(D=3_omega=0.80_beta=0.50),1.02,961,0
192,4,0x07902d0371763a00d97ed9ba16ff0a206cb0fd19,79.672269,1773043981,a12530d992a97dc2181b21b5598095649ff19ba781dc08ff81b31bcfdb1ed70e,202,67.33,3.60,1,5,4,0.023100,0.503087,TopoStake,pog(D=3_omega=0.80_beta=0.50),2.49,962,0
193,0,0xb7b4ee0a72bc410bf6d32b9cd3f3e11fc756d6f1,0.067162,1773043984,cc11f4647407481ddaa91abaa61dee592c0dd4aee6c5203da9b0b3f3fc3e7082,211,105.50,2.75,1,4,3,0.023202,0.503552,TopoStake,pog(D=3_omega=0.80_beta=0.50),2.46,963,0
193,1,0xaadc5fea232580cb8fba739ac5d05a48559c7e52,10.354421,1773043986,32debf1a03bf910793a0c29b9575c94714a5a91d459998ce08e7b5b3674b72e3,208,104.00,3.82,1,6,4,0.023159,0.502205,TopoStake,pog(D=3_omega=0.80_beta=0.50),2.44,964,0
193,2,0x07902d0371763a00d97ed9ba16ff0a206cb0fd19,80.673372,1773043988,7e9fed54e7f9e7c6d10d4ea0f142952f4e5c2d34ed8cfd41a7c029fcb38baa17,215,107.50,4.28,1,6,4,0.023134,0.502102,TopoStake,pog(D=3_omega=0.80_beta=0.50),2.42,965,0
193,3,0x63f4973c0df8a5358405f396dc0673a463c48de9,9.898405,1773043990,de081806ccec84b32e795c1594790351c43c7190278e1b5134237c402850cdb7,250,125.00,2.79,1,4,3,0.023237,0.502567,TopoStake,pog(D=3_omega=0.80_beta=0.50),2.18,966,0
193,4,0x4414c05be2cf328f38d2e3ef4b705d6b894f044a,13.093855,1773043992,b2bd425bd4d017b2c55d983f28645a6550cf103cbc6230564d7f872c1099b86a,250,125.00,3.58,1,5,4,0.023212,0.502418,TopoStake,pog(D=3_omega=0.80_beta=0.50),1.79,967,0
194,0,0x4a217e35f6402e7f62a49f6d62e27c6585c2f3fd,6.484471,1773043994,8e97e450db39660683ad06e71a6259baa37e7e049d7cb4e4d39da8f226748d18,155,77.50,3.92,1,5,4,0.023192,0.502500,TopoStake,pog(D=3_omega=0.80_beta=0.50),1.30,968,0
194,1,0x8c11ec9090dd820c076e57e899d9c604c79d6b32,12.569443,1773043996,18e68e56934c8481b5922a6f08b81449ca5dc2b521063c151bdc5d2b11aacd33,219,73.00,3.60,1,5,4,0.023192,0.502501,TopoStake,pog(D=3_omega=0.80_beta=0.50),2.50,969,0
194,2,0x016d3fc36beee7caa8fbd6c1caa42461dd7f9850,28.918126,1773043999,b5813d860c7d413638b5f2339a2b82b66adcb92082c2c8226cf73e22e0bfcdb0,225,112.50,4.18,1,6,4,0.023172,0.502555,TopoStake,pog(D=3_omega=0.80_beta=0.50),2.44,970,0
194,3,0x075e1d95c7891e1c00414ca1aa9a7a8cf6270019,50.225417,1773044000,f704cca4345b8c2316d27d176d7a6d436fd4e39283ba376ea5d0089d9ef24f7b,216,108.00,3.04,1,4,3,0.023181,0.502903,TopoStake,pog(D=3_omega=0.80_beta=0.50),2.44,971,0
194,4,0x1cb1274c711a6c2e4e1596846e6ac604eeefb358,26.433419,1773044002,7b0ab654e91d9b48ce54bf7da79967118ff3f291539d5236f6e62c0c6105054c,138,138.00,2.92,2,5,3,0.023228,0.503346,TopoStake,pog(D=3_omega=0.80_beta=0.50),1.70,972,0
195,0,0x075e1d95c7891e1c00414ca1aa9a7a8cf6270019,51.226139,1773044004,60d38ba8c9c2b22a9d4887fde17c35ca1a967d6431ee04e0c806589b01776234,246,123.00,3.55,1,5,4,0.023232,0.503656,TopoStake,pog(D=3_omega=0.80_beta=0.50),1.89,973,0
195,1,0xea287b266dbe2c2d402fd91814bcfc4c95d6b0fd,1.147661,1773044006,1d57c426727c7f8bf1516b1d4e4c3ea568a2350b2a9037e608dc48c8876293dc,227,113.50,3.17,1,5,3,0.023280,0.504097,TopoStake,pog(D=3_omega=0.80_beta=0.50),1.68,974,0
195,2,0x075e1d95c7891e1c00414ca1aa9a7a8cf6270019,52.227282,1773044008,f1315ca60f41645ee46dd0a3ef1c4e2142da29da29f716df59b184d8a4e31dfc,199,99.50,4.11,1,6,4,0.023239,0.502841,TopoStake,pog(D=3_omega=0.80_beta=0.50),1.53,975,0
195,3,0x5cd626f4b83428b146919d30f4b3e481d259a9dc,7.071281,1773044011,5ee927f9918b672ebf29f5d2a7d685c882778f33c8df4d2bd77d9833157d10e3,217,72.33,3.06,1,5,3,0.023289,0.503283,TopoStake,pog(D=3_omega=0.80_beta=0.50),2.46,976,0
195,4,0x24898fcb116b48cb2b6fd5d3b4eb599fee0f4633,28.081764,1773044012,372c272ce3963ec6d61cf55e455670e594fdd53cf9a68a2847181c96d5df0d0b,190,95.00,4.04,1,6,4,0.023259,0.502846,TopoStake,pog(D=3_omega=0.80_beta=0.50),2.55,977,0
196,0,0x81193196c1dbdbf80709d43a5af5ce21c201fbd7,7.830703,1773044014,7f2297ebdc0deb4bd4f9a160a070075b093064f115e6e723a012b81d858c54bd,116,116.00,3.37,1,5,4,0.023266,0.503174,TopoStake,pog(D=3_omega=0.80_beta=0.50),1.87,978,0
196,1,0x719361397abe003a91af76243e5f9c7a0cd4279f,15.552373,1773044016,756fb803268aa5a20fb38293ad75db2c4984d9764e40c91607c79e12d9d3d6ee,220,110.00,3.95,1,6,4,0.023237,0.502814,TopoStake,pog(D=3_omega=0.80_beta=0.50),2.16,979,0
196,2,0x24898fcb116b48cb2b6fd5d3b4eb599fee0f4633,29.082385,1773044018,f770639cd5f1b4b75db1cbd23bc4a6dd8a45d989034fc1a8551d7889234217db,224,112.00,3.84,1,5,4,0.023221,0.502960,TopoStake,pog(D=3_omega=0.80_beta=0.50),1.84,980,0
196,3,0x9c39f7fffaa5c5cfab20dfdd05663497918580c1,4.418036,1773044020,a1b1c4e32f2e49c80289e39c81fe5955b8fe6d1ed7418ea982b436cbc23420e9,186,93.00,3.56,1,5,4,0.023230,0.503289,TopoStake,pog(D=3_omega=0.80_beta=0.50),1.54,981,0
196,4,0x95ab54d268473cce82094026afefdbd5cadf418b,7.589678,1773044022,b6bcf0d26f7fa6d3c6b569fe356a7962f0143a6f913b703fb4c1b83099eef7a8,185,92.50,3.93,1,5,4,0.023195,0.502592,TopoStake,pog(D=3_omega=0.80_beta=0.50),1.51,982,0
197,0,0x07902d0371763a00d97ed9ba16ff0a206cb0fd19,81.675735,1773044025,1109e07c5017beda5634fcd7ba783ff3eb8fd000e0c1e6c6a054a4ce1772f8bf,207,69.00,4.39,1,6,5,0.023166,0.502195,TopoStake,pog(D=3_omega=0.80_beta=0.50),2.50,983,0
197,1,0xc339f8bf978200eb65afce6c7121402eda949097,3.066162,1773044026,3dc7882dd5757078f4f46a46a06d42b4ac3c51e3fa01568d02db9eeb769a93cc,222,111.00,2.76,1,4,3,0.023266,0.502652,TopoStake,pog(D=3_omega=0.80_beta=0.50),2.51,984,0
197,2,0x282f43759e22b50aa7989261c51c367f325c3f91,14.359296,1773044028,0e0f6a43fc7579f69965714b2be56e9b83e4a4175e7b55f77753a0cbe50bdf02,99,99.00,4.21,2,6,4,0.023229,0.501717,TopoStake,pog(D=3_omega=0.80_beta=0.50),1.96,985,0
197,3,0x408bb0bf84df50b21c53c74420987f172d4036a1,9.798505,1773044030,c135add949f6e6fcee55521182a88950a0a83522f96eaab99005f2c75f652317,250,125.00,3.72,1,6,4,0.023212,0.501824,TopoStake,pog(D=3_omega=0.80_beta=0.50),2.17,986,0
197,4,0xdcf2130496e27a8094ab996aea4aa77788d65869,16.511401,1773044032,860df11377ca06c8ec7bec18267671f0fb918585c888d8423b011f29487238d8,250,125.00,3.62,1,5,4,0.023186,0.501655,TopoStake,pog(D=3_omega=0.80_beta=0.50),1.78,987,0
198,0,0x1796dc61e715f15a2d27dfa32bd34780f12a8c24,45.784099,1773044034,b27a293024824341d4e8290beffba199341304b9a0c77ddb0b143277617a19e4,234,117.00,3.97,1,5,4,0.023173,0.501835,TopoStake,pog(D=3_omega=0.80_beta=0.50),1.67,988,0
198,1,0x13f9dadc05f6c237b03411e2aed1800cf21a5d89,47.362839,1773044036,d13a192b349f6d3c35534b7476be803a99c12ba1dc626b40a8de8b2602cc4315,201,100.50,3.39,1,5,3,0.023210,0.502235,TopoStake,pog(D=3_omega=0.80_beta=0.50),1.43,989,0
198,2,0x269cdf52f97e1d9f14b7be895155a7b294f0b21d,18.739267,1773044039,58051797ab7e7a6a26ad887bf749d1d651fea922b27ff152eee9c8ffe70facea,218,72.67,3.14,1,5,3,0.023250,0.502653,TopoStake,pog(D=3_omega=0.80_beta=0.50),2.50,990,0
198,3,0x719361397abe003a91af76243e5f9c7a0cd4279f,16.553410,1773044040,692a0c7d847dd3030eb2462caefa6632bbac64de1831e77ee3353ddb2d9a6dad,213,106.50,3.66,1,5,4,0.023240,0.502902,TopoStake,pog(D=3_omega=0.80_beta=0.50),2.45,991,0
198,4,0x07902d0371763a00d97ed9ba16ff0a206cb0fd19,82.677329,1773044042,4d30b4c102239a0744031c1a646b342a748e4d47f3acef5188ef6bc4304fa079,134,134.00,3.62,2,5,4,0.023226,0.503065,TopoStake,pog(D=3_omega=0.80_beta=0.50),1.83,992,0
199,0,0x30509a8084fdfe6fe24d9c9a817c209ad194f8e3,35.701483,1773044044,e1cb514bf16fe70df6542401ddc25e1050814d17d1233f345e4bc9189b89d8d9,250,125.00,2.73,1,4,3,0.023326,0.503518,TopoStake,pog(D=3_omega=0.80_beta=0.50),2.16,993,0
199,1,0x213068cb42718d1dd6d00a6d94d62a3def0e68eb,7.364865,1773044046,7d5093fc214a1b26c03746f63d4a69822d7de1f16a93d8e3998d37e6bfba766f,230,115.00,3.40,1,5,3,0.023345,0.503895,TopoStake,pog(D=3_omega=0.80_beta=0.50),1.68,994,0
199,2,0xe184aeec69f3313df03bef8752946c65f0a70021,0.073769,1773044048,54bc7586d714e20ec3e28b5c1085fbb1502cf6ccec6e31562e97a858adb89a8e,196,98.00,3.73,1,5,4,0.023315,0.503467,TopoStake,pog(D=3_omega=0.80_beta=0.50),1.50,995,0
199,3,0x016d3fc36beee7caa8fbd6c1caa42461dd7f9850,29.919373,1773044050,28a9c0a320a5a555686d295148e785ad06f3c34832c12106b191b6eb2bc14647,216,72.00,4.13,1,6,4,0.023315,0.503468,TopoStake,pog(D=3_omega=0.80_beta=0.50),2.44,996,0
199,4,0x0d91704595bff3aec25d40822498a51c62b05e3a,34.615724,1773044053,01eccbb7ec164e9d44572383c18ee9f4f449c5de0994ed3364a35891e14cc11a,190,95.00,3.12,1,4,3,0.023273,0.502142,TopoStake,pog(D=3_omega=0.80_beta=0.50),2.49,997,0
200,0,0xac768e60b9269babb15cb1e36ee843243d7c7543,21.729835,1773044054,e4d045c562726c958d303b92721f3e4d45f8665dcd567d180d53089a62fd5126,244,122.00,3.26,1,5,3,0.023290,0.502501,TopoStake,pog(D=3_omega=0.80_beta=0.50),2.48,998,0
200,1,0x89100a8056319ba37491b32ba255004180607bc2,11.788269,1773044056,bf5c199b84e11e0019a28f34db595a1ff058ef90893d8cf2b6d430a34419dff8,110,110.00,3.86,1,5,4,0.023285,0.502786,TopoStake,pog(D=3_omega=0.80_beta=0.50),1.86,999,0
200,2,0x07902d0371763a00d97ed9ba16ff0a206cb0fd19,83.679003,1773044058,286b39ef2b0ab6b156b0ed2b4fe14b9e63d26bed5948040cff614d311297e623,215,107.50,3.81,1,5,4,0.023263,0.502786,TopoStake,pog(D=3_omega=0.80_beta=0.50),2.26,1000,0
200,3,0x30509a8084fdfe6fe24d9c9a817c209ad194f8e3,36.702592,1773044060,0d22c4a7fd24b734ee9b1b8f09d4d0ed3f487f6dbf77d124f65ca108200de22a,250,125.00,2.83,2,4,3,0.023363,0.503236,TopoStake,pog(D=3_omega=0.80_beta=0.50),1.98,1001,0
200,4,0xa3786e459f289a76c0e8af8ad834e3d0c6d47199,10.724240,1773044062,3c1b023539521d83c57bcb74f6c7d6d35cb45fbd63ccdec9154911c8bb679bc1,223,111.50,3.43,2,5,4,0.023383,0.503611,TopoStake,pog(D=3_omega=0.80_beta=0.50),1.64,1002,0
201,0,0x377eaef292051bbf8ada05b2af76a3f3b9d722a7,12.060870,1773044064,9b2a072d92c5c09cdb42fc7f8843a0c35e5462492382ba6ee8c549b440b75685,222,111.00,4.36,1,6,4,0.023359,0.503515,TopoStake,pog(D=3_omega=0.80_beta=0.50),1.51,1003,0
201,1,0x13f9dadc05f6c237b03411e2aed1800cf21a5d89,48.364660,1773044066,1313e714361142da662c08df2c67173ce4eff1bc0234a44d85052f4ea4f9ae08,228,76.00,3.68,1,5,4,0.023359,0.503516,TopoStake,pog(D=3_omega=0.80_beta=0.50),2.46,1004,0
201,2,0x49b57eb4dace37c8819daf079c9c674f766d4f38,17.242061,1773044069,6abdfbf78edd2d986e98effd3a59ffee5ad293dab36a76cfbb8fe3354a6566a1,186,93.00,2.95,1,5,3,0.023399,0.503927,TopoStake,pog(D=3_omega=0.80_beta=0.50),2.45,1005,0
201,3,0x786f26993bf015cd2da6fb5d3ccd1879e01246ab,12.292173,1773044070,3b982fbe43de2ca758f8307b03d1ac0c8bb8cccd1f363f48728e1c5568ff41b7,214,107.00,3.80,1,6,4,0.023386,0.504106,TopoStake,pog(D=3_omega=0.80_beta=0.50),2.47,1006,0
201,4,0x53be6e527cc5a7d850b5eae27b9cef342e0665f2,8.042138,1773044072,ad069fdad2976b686bd52f211102dd067a429a16e6feb6f15faa6bcae572669b,96,96.00,3.92,1,5,4,0.023365,0.504124,TopoStake,pog(D=3_omega=0.80_beta=0.50),1.91,1007,0
202,0,0x49b57eb4dace37c8819daf079c9c674f766d4f38,18.243101,1773044074,5bb42368490c5c36998e366770659061fa779c0e32dcbe99df7b98560a832428,250,125.00,3.51,1,5,4,0.023336,0.503763,TopoStake,pog(D=3_omega=0.80_beta=0.50),2.16,1008,0
202,1,0x1cb1274c711a6c2e4e1596846e6ac604eeefb358,27.434661,1773044076,5767f2ec3f252a5c2d4d49976b15a03a71869c4261a5275827da46e74b8a7d96,212,106.00,3.89,1,5,4,0.023325,0.503985,TopoStake,pog(D=3_omega=0.80_beta=0.50),1.73,1009,0
202,2,0x07902d0371763a00d97ed9ba16ff0a206cb0fd19,84.680812,1773044078,818c092fdaee575ab46a604a174788e55ed8cee9e2dd928c3ebc9fa6a6656112,219,109.50,3.58,1,5,4,0.023325,0.503986,TopoStake,pog(D=3_omega=0.80_beta=0.50),1.56,1010,0
202,3,0x07902d0371763a00d97ed9ba16ff0a206cb0fd19,85.681887,1773044080,35c47a176cfdf72abd3bd166f560f472de7a75b66900849f74f5dfd16b1d7763,219,109.50,2.74,1,4,3,0.023429,0.504729,TopoStake,pog(D=3_omega=0.80_beta=0.50),1.49,1011,0
202,4,0x50f7fa851f9314d682e36da5caa4635039b5305d,11.112426,1773044083,ebef1bc624902def4365d168d7b6516eb2c15cb2bb20641b45c1aac51004fb00,215,71.67,2.80,1,4,3,0.023530,0.505174,TopoStake,pog(D=3_omega=0.80_beta=0.50),2.52,1012,0
203,0,0x52e05d9fa4faa167f30baba23c710e4f49115288,12.152688,1773044084,335e268d0f2e369e28440c89c2aafd8ac182741c769f6670b12346beeb33ec69,180,90.00,3.34,1,5,3,0.023506,0.505092,TopoStake,pog(D=3_omega=0.80_beta=0.50),2.48,1013,0
203,1,0x58a21eeb7ab18ba8adf1296e66a4487076e95dac,15.096506,1773044086,d8ea701060d842b681250c4ff81534f4212028a9b30e5d5e17b1da017abb57a1,109,109.00,3.91,2,5,4,0.023484,0.505086,TopoStake,pog(D=3_omega=0.80_beta=0.50),1.95,1014,0
203,2,0x016d3fc36beee7caa8fbd6c1caa42461dd7f9850,29.919397,1773044088,5b76d2ccc8716cb6a4e3b4e6b873fc7c8750cc7e3849089b12222f39baae65e5,245,122.50,3.80,1,5,4,0.023467,0.505196,TopoStake,pog(D=3_omega=0.80_beta=0.50),2.19,1015,0
203,3,0x50f7fa851f9314d682e36da5caa4635039b5305d,12.113351,1773044090,c535213eaad18d324d6776a8b0222f189d924a0e84fa7d90bf3de3979d64dfcf,241,120.50,3.07,1,4,3,0.023475,0.505526,TopoStake,pog(D=3_omega=0.80_beta=0.50),1.83,1016,0
203,4,0x6414c6a8400ff3419cd81855d09de2848d770e0e,3.141758,1773044092,ba408561023279ffb683f4466208b43feefa8d5ffa6f60fbd5944908c4807be2,190,95.00,3.33,1,5,3,0.023453,0.505500,TopoStake,pog(D=3_omega=0.80_beta=0.50),1.58,1017,0
204,0,0x408bb0bf84df50b21c53c74420987f172d4036a1,10.799449,1773044094,96282bd64284dd86ab7b5532d00d73b903d1eb5fcc7bc10e8c11be91c5420d9c,227,75.67,4.01,1,5,4,0.023453,0.505501,TopoStake,pog(D=3_omega=0.80_beta=0.50),2.54,1018,0
204,1,0x13f9dadc05f6c237b03411e2aed1800cf21a5d89,49.366146,1773044097,09d258227f67d3398994126ec43d94c597b92c1b7636c4877dca4fe135209904,186,93.00,3.61,1,5,4,0.023430,0.505382,TopoStake,pog(D=3_omega=0.80_beta=0.50),2.55,1019,0
204,2,0x13f9dadc05f6c237b03411e2aed1800cf21a5d89,50.367146,1773044098,f5bfd60ad64a1a22a9a64254506f38000452f8f771b65040c42ac0e4f648a036,200,100.00,3.06,1,5,3,0.023469,0.505786,TopoStake,pog(D=3_omega=0.80_beta=0.50),2.46,1020,0
204,3,0x7e40df5d801345015e84c843908efc6683665fa4,9.661183,1773044100,1273477ec149c961eb28be89782810eacb6d22915c97ee4b3a335a2deffa0eb4,125,125.00,2.78,2,4,3,0.023510,0.506190,TopoStake,pog(D=3_omega=0.80_beta=0.50),1.69,1021,0
204,4,0x016d3fc36beee7caa8fbd6c1caa42461dd7f9850,30.920698,1773044102,262bd24005c6bdd71d87b72040282450e0b32e963985651e8a3628eb7d91dff9,234,117.00,3.44,1,5,4,0.023484,0.505995,TopoStake,pog(D=3_omega=0.80_beta=0.50),2.12,1022,0
205,0,0xdb45667100590f9cfe78a899c3b02c5cd37008f1,12.050977,1773044104,1d9ab4be42907fd3e1f6fcff0339ae01d8ab008e8a67d22835e43d94b1675005,239,119.50,3.21,1,4,3,0.023493,0.506325,TopoStake,pog(D=3_omega=0.80_beta=0.50),1.79,1023,0
205,1,0xdc2bc9a639e2bc25c5f57e628a7cd55f6a3d023b,4.087603,1773044106,ece784d1195601d23212f680254809696b83fa26bacbfa4ab3d7a766dff820f0,209,104.50,4.03,1,6,4,0.023471,0.506280,TopoStake,pog(D=3_omega=0.80_beta=0.50),1.56,1024,0
205,2,0x07902d0371763a00d97ed9ba16ff0a206cb0fd19,86.683860,1773044108,f4b0ebc582feb5a6a7d4f67f3677f7f6b18b17bb74bcf5144466fbf6d3a58298,224,112.00,4.55,1,6,5,0.023471,0.506280,TopoStake,pog(D=3_omega=0.80_beta=0.50),1.55,1025,0
205,3,0x50f7fa851f9314d682e36da5caa4635039b5305d,13.114319,1773044110,c861bb0bf1a9210fcaf77df1ab067b9a7a2b3fd0e06ca14bbc1a64f898eaf77b,183,61.00,2.78,1,4,3,0.023571,0.506719,TopoStake,pog(D=3_omega=0.80_beta=0.50),2.52,1026,0
205,4,0x377eaef292051bbf8ada05b2af76a3f3b9d722a7,12.060877,1773044112,df3bcba70679aaf9175bf9e837924b9b60127aefcef242147bc9cc4a8353d303,190,95.00,3.32,1,5,3,0.023551,0.506763,TopoStake,pog(D=3_omega=0.80_beta=0.50),2.43,1027,0
206,0,0x213068cb42718d1dd6d00a6d94d62a3def0e68eb,8.365484,1773044114,1f775edf5a8a73d2e8ab224d1e660fd8776d08989b266f1647ccdc1817757b32,116,116.00,3.53,1,5,4,0.023529,0.506699,TopoStake,pog(D=3_omega=0.80_beta=0.50),1.94,1028,0
206,1,0x4ba33404d90c4ae989714d9d174cd882cffb7994,6.109321,1773044116,031738e36ff5c927e5af4a21901a37754615aad9bba58fe4481186bf1eab8c66,221,110.50,3.62,1,5,4,0.023501,0.506378,TopoStake,pog(D=3_omega=0.80_beta=0.50),2.14,1029,0
206,2,0x0d91704595bff3aec25d40822498a51c62b05e3a,35.617325,1773044118,5e3f837c303d6a6071a421076df8d237446a28969cd830fd5ca0c6eb069a5f0c,191,95.50,4.40,1,6,4,0.023469,0.505821,TopoStake,pog(D=3_omega=0.80_beta=0.50),2.01,1030,0
206,3,0x13f9dadc05f6c237b03411e2aed1800cf21a5d89,51.368315,1773044120,ff76d398b116416a3679d12636e02b95ec47e3dca2285629122ebc7b99c141ea,246,123.00,3.35,2,5,3,0.023470,0.505822,TopoStake,pog(D=3_omega=0.80_beta=0.50),1.85,1031,0
206,4,0x95ab54d268473cce82094026afefdbd5cadf418b,8.589578,1773044122,db6ccb156529ac16626015eac8f53140d929005d88776a63986e1dbfe66b11e6,162,81.00,3.09,2,5,3,0.023486,0.506169,TopoStake,pog(D=3_omega=0.80_beta=0.50),1.48,1032,0
207,0,0x1796dc61e715f15a2d27dfa32bd34780f12a8c24,46.785821,1773044124,e63724a4bf1c877c5131e5e78aa192fe7e7e12e48a126c0c386b3631845debbc,207,69.00,4.43,1,6,5,0.023527,0.506569,TopoStake,pog(D=3_omega=0.80_beta=0.50),2.54,1033,0
207,1,0xc774b0fee7cabbef3b1ae14bf36db3df0d32c1df,6.165865,1773044126,324aba2e57f7d9f470c24a507b8313ff8428bb6f73fe45945cd0ff834c07f18e,201,100.50,3.30,1,5,3,0.023561,0.506949,TopoStake,pog(D=3_omega=0.80_beta=0.50),2.41,1034,0
207,2,0x24898fcb116b48cb2b6fd5d3b4eb599fee0f4633,30.083373,1773044128,b80bef8ac1d7365b7426fe338c99eb6eae5cec2b89c9bee7b2c691a52a6b527f,97,97.00,3.91,1,5,4,0.023530,0.506382,TopoStake,pog(D=3_omega=0.80_beta=0.50),1.97,1035,0
207,3,0x53be6e527cc5a7d850b5eae27b9cef342e0665f2,9.043187,1773044130,ca0d270dbcfd36b752ebfdb3f84a93e43ff7c86289337ccc76ec185a59414574,245,122.50,3.45,1,5,4,0.023537,0.506691,TopoStake,pog(D=3_omega=0.80_beta=0.50),2.10,1036,0
207,4,0x71f297f96355f349d66f0e9b681e7d4e11224660,3.160543,1773044132,f77f8ddd2a1d5be4b722c810b3e899892ca58d74ae5ee3fa8d2604c24aa4346f,246,123.00,3.50,2,5,4,0.023510,0.506437,TopoStake,pog(D=3_omega=0.80_beta=0.50),1.80,1037,0
208,0,0x95ab54d268473cce82094026afefdbd5cadf418b,8.589544,1773044134,ecc038270f16eef48ac224e0a38b65a5a54fa740fb818a4a537cc2d9d985d01e,225,112.50,4.03,1,5,4,0.023474,0.505540,TopoStake,pog(D=3_omega=0.80_beta=0.50),1.71,1038,0
208,1,0xb2a7fe70a6f3137d38f6cb4c3ec6dd1e24f2d5f4,18.428786,1773044136,4d5d635637d3922cb75e3bc6ebfebc4242b12aace18f0b7b15f655236efdfc99,207,103.50,4.44,2,6,5,0.023446,0.505230,TopoStake,pog(D=3_omega=0.80_beta=0.50),1.61,1039,0
208,2,0xeb82a21cb3d0dd781eb22ad74bb7cd9b4d2a06ec,4.912392,1773044138,f9edac558ba796be4e3ed3f1fa5f76086c354e9e49ce32f929293071ecb5289f,190,63.33,4.28,1,6,4,0.023435,0.505435,TopoStake,pog(D=3_omega=0.80_beta=0.50),2.51,1040,0
208,3,0x4a217e35f6402e7f62a49f6d62e27c6585c2f3fd,6.483439,1773044141,5105ff53683c6a2933247272a6665823c863c7863826e1647a86be76b4148c9a,209,104.50,3.98,1,6,4,0.023402,0.504771,TopoStake,pog(D=3_omega=0.80_beta=0.50),2.51,1041,0
208,4,0x07902d0371763a00d97ed9ba16ff0a206cb0fd19,87.685830,1773044143,d8d30a1037a0c754324ca24c842e5dc9c3b7a2ac0083e07f35655c4f4d577ba7,203,101.50,3.66,1,5,4,0.023371,0.504235,TopoStake,pog(D=3_omega=0.80_beta=0.50),2.51,1042,0
209,0,0x30509a8084fdfe6fe24d9c9a817c209ad194f8e3,37.704266,1773044145,b9dec5011fe13f132ed093301817e6577b97ac01ecf6b539671416efcf751a72,250,125.00,2.75,1,4,3,0.023469,0.504669,TopoStake,pog(D=3_omega=0.80_beta=0.50),2.17,1043,0
209,1,0x8d9e46becf415ca26aa698c9657087e6554aabda,8.383869,1773044147,1b6393c306c8ba74e22e9174f4ebf19787f981e1cdb33c66af9205cecfb2ecbe,244,122.00,3.27,1,5,3,0.023488,0.505030,TopoStake,pog(D=3_omega=0.80_beta=0.50),1.73,1044,0
209,2,0x81193196c1dbdbf80709d43a5af5ce21c201fbd7,8.831092,1773044149,4225152f5c4d1ab8832c641214362b06d9c375d76abd2df936db67635b43c665,219,109.50,3.72,1,5,4,0.023460,0.504680,TopoStake,pog(D=3_omega=0.80_beta=0.50),1.66,1045,0
209,3,0x13f9dadc05f6c237b03411e2aed1800cf21a5d89,52.369792,1773044151,dd7d8d49fc44b60ee48dd680cdb96839ac4a39504aa82733f4013f7a66c2162c,180,90.00,4.01,1,5,4,0.023434,0.504373,TopoStake,pog(D=3_omega=0.80_beta=0.50),1.54,1046,0
209,4,0x95ab54d268473cce82094026afefdbd5cadf418b,9.590213,1773044154,8d10b383d9cdedf5b65166532920af2281c237ac76e4d753662c10cc79b43b3e,194,64.67,3.02,1,5,3,0.023475,0.504772,TopoStake,pog(D=3_omega=0.80_beta=0.50),2.45,1047,0
210,0,0x24898fcb116b48cb2b6fd5d3b4eb599fee0f4633,31.084881,1773044155,b52a3a7204de7f1d46d4f3d2c212bdbcab4e28cdaeb83dafdc81bcbade586810,193,96.50,4.40,1,6,5,0.023449,0.504548,TopoStake,pog(D=3_omega=0.80_beta=0.50),2.50,1048,0
210,1,0x53be6e527cc5a7d850b5eae27b9cef342e0665f2,10.044379,1773044157,3805fe2525562502dd1404cc1a7686169b870ec9c1de1d8a31b80a5d1ee63a33,111,111.00,3.51,2,5,4,0.023457,0.504857,TopoStake,pog(D=3_omega=0.80_beta=0.50),1.88,1049,0
210,2,0x53be6e527cc5a7d850b5eae27b9cef342e0665f2,11.045529,1773044159,2fd4ff33a7782f5f018546bfae6e1d251209bbe156580cc3276a2bb0c0a9223b,236,118.00,3.53,1,5,4,0.023433,0.504666,TopoStake,pog(D=3_omega=0.80_beta=0.50),2.10,1050,0
210,3,0x54f496e5c1d9f95a916cf7f5b62e9c98e64a3dc5,0.025072,1773044161,b9cbb39cae3356ade216b952bfb459a9e6a447b2397b0a5970f0d264a236efd6,244,122.00,3.44,1,5,4,0.023409,0.504552,TopoStake,pog(D=3_omega=0.80_beta=0.50),1.70,1051,0
210,4,0x1cb1274c711a6c2e4e1596846e6ac604eeefb358,28.435799,1773044163,5f2a82da8758fac05e66307ea4ec3d682d0a5261627bf4100880b40ee52ed0f4,207,103.50,4.22,1,5,4,0.023369,0.503265,TopoStake,pog(D=3_omega=0.80_beta=0.50),1.56,1052,0
211,0,0x0d91704595bff3aec25d40822498a51c62b05e3a,36.618817,1773044165,ee8a9c859b365e1d272b0cad315efc3155d9ed02b039ac09c39dfe6aefe600bd,209,104.50,3.52,1,5,4,0.023373,0.503554,TopoStake,pog(D=3_omega=0.80_beta=0.50),1.64,1053,0
211,1,0x719361397abe003a91af76243e5f9c7a0cd4279f,17.553666,1773044167,70516182a970a0115e1f633754af9b1035aa38722ce66dab5072a6ab7db7aade,198,66.00,3.26,1,5,3,0.023389,0.503897,TopoStake,pog(D=3_omega=0.80_beta=0.50),2.46,1054,0
211,2,0x8c11ec9090dd820c076e57e899d9c604c79d6b32,13.569803,1773044169,2ee5cb64e89de01025ff089a288445c6dd0b91e763e516324785122e6552e4a5,191,95.50,3.89,1,5,4,0.023376,0.504065,TopoStake,pog(D=3_omega=0.80_beta=0.50),2.47,1055,0
211,3,0x016d3fc36beee7caa8fbd6c1caa42461dd7f9850,31.922153,1773044171,49090a1f7e5f5eb12dc6be5b967e92a0c1c7b1d46ef944b74ae7e92ee0e95993,102,102.00,4.11,1,6,4,0.023357,0.504123,TopoStake,pog(D=3_omega=0.80_beta=0.50),1.96,1056,0
211,4,0xe6ebb0cdfd04183d498964e5efc4096ba77b17d6,9.286560,1773044173,3cc4b2cc9afc634e3b11f148b038bfa3fd61b2964d100c5f4c2f582bf9c6de2b,250,125.00,3.01,1,4,3,0.023366,0.504443,TopoStake,pog(D=3_omega=0.80_beta=0.50),2.07,1057,0
212,0,0x6d6b2734a20229ddd7fd4a1470ba3e3bad4e4a85,6.632916,1773044175,442b1d90fc1cc03a3084a274031d6fb62935bcbf7152e0207a4514fc7de7ced5,214,107.00,4.09,2,6,4,0.023340,0.504170,TopoStake,pog(D=3_omega=0.80_beta=0.50),1.84,1058,0
212,1,0x075e1d95c7891e1c00414ca1aa9a7a8cf6270019,53.232070,1773044177,3e5d380ded36ccfcb9a6d50f636d991456c8b13fa8bd6401ffeb92e28fde54a4,229,114.50,3.74,1,5,4,0.023310,0.503649,TopoStake,pog(D=3_omega=0.80_beta=0.50),1.67,1059,0
212,2,0x07902d0371763a00d97ed9ba16ff0a206cb0fd19,88.688185,1773044179,b5013d3dedeb36ae410d31df3cffcb0285d86ded002319ecd95dfbd43517bdee,170,85.00,3.06,1,5,3,0.023352,0.504056,TopoStake,pog(D=3_omega=0.80_beta=0.50),1.51,1060,0
212,3,0x30509a8084fdfe6fe24d9c9a817c209ad194f8e3,38.705546,1773044181,33157d013df565c211d972c726f756cc305f246a4d61f900309997f00ff61435,201,67.00,2.75,1,4,3,0.023448,0.504483,TopoStake,pog(D=3_omega=0.80_beta=0.50),2.51,1061,0
212,4,0xf82400c4f426bdbd2bc687ffef1f22c1a381c851,1.047102,1773044184,e6394661bc227926fa963937c892d01009eb0670689c5c3d0d930b09ffcef0b3,199,99.50,3.33,1,5,3,0.023467,0.504839,TopoStake,pog(D=3_omega=0.80_beta=0.50),2.52,1062,0
213,0,0x311eb133eb413ac3f21249889bb101e5d40820ce,7.128574,1773044185,3ada1067f293491696d1cfb12f1e130a5a9ac0b0909aca5f3780a30917db1f32,198,99.00,3.91,1,6,4,0.023428,0.503643,TopoStake,pog(D=3_omega=0.80_beta=0.50),2.45,1063,0
213,1,0x1796dc61e715f15a2d27dfa32bd34780f12a8c24,47.787461,1773044187,1cc9e6530f65d9bca7f6731cb0bf62a94c175b328314476befd0585d5ed3afe6,124,124.00,3.42,1,5,3,0.023399,0.503186,TopoStake,pog(D=3_omega=0.80_beta=0.50),1.66,1064,0
213,2,0x07902d0371763a00d97ed9ba16ff0a206cb0fd19,89.689358,1773044189,0cd3d02dfa093594e63f245fb3b58121f504eed5970e7c72aeb8ddbf775dce07,243,121.50,3.33,1,5,3,0.023432,0.503560,TopoStake,pog(D=3_omega=0.80_beta=0.50),1.76,1065,0
213,3,0x34d94cc0534eb50dec7956bea31407428d6d5ef8,3.072984,1773044191,2a394eb1bfc13386b251911d45da55b2a50f695f1be28d75944c04781d6c3e56,212,106.00,2.76,1,4,3,0.023528,0.503985,TopoStake,pog(D=3_omega=0.80_beta=0.50),1.56,1066,0
213,4,0xc339f8bf978200eb65afce6c7121402eda949097,4.065479,1773044193,32458189d43610967821a5e603b6267aeee855795492acfe94d0242cfd241c90,176,88.00,3.64,1,5,4,0.023528,0.503986,TopoStake,pog(D=3_omega=0.80_beta=0.50),1.47,1067,0
214,0,0x13f9dadc05f6c237b03411e2aed1800cf21a5d89,53.371547,1773044195,7f90e5642394319f5516b90798976c9dc5d9bc6d39e177b9822f73702ca92fa0,206,68.67,4.42,1,6,5,0.023459,0.502383,TopoStake,pog(D=3_omega=0.80_beta=0.50),2.57,1068,0
214,1,0x07902d0371763a00d97ed9ba16ff0a206cb0fd19,90.690486,1773044198,d80c051c1ee31641d12cd72b99fcc75169ff1c52c0f8c0b50a2b8edbb7798be8,189,94.50,2.98,1,5,3,0.023500,0.502777,TopoStake,pog(D=3_omega=0.80_beta=0.50),2.48,1069,0
214,2,0x24898fcb116b48cb2b6fd5d3b4eb599fee0f4633,32.085702,1773044199,9f38ff20be5cda0e31a2d0a388a7abe686590758feb5579559c3fff684040dae,212,106.00,2.70,1,4,3,0.023596,0.503201,TopoStake,pog(D=3_omega=0.80_beta=0.50),2.40,1070,0
214,3,0xdb45667100590f9cfe78a899c3b02c5cd37008f1,13.051520,1773044201,9ea0faf4438793d19ee9c1c769a6bd741cc06278b40535349bfd6195a06bad75,146,146.00,3.42,1,5,4,0.023605,0.503506,TopoStake,pog(D=3_omega=0.80_beta=0.50),1.70,1071,0
214,4,0x075e1d95c7891e1c00414ca1aa9a7a8cf6270019,54.233345,1773044203,32d59e8720c058ce12bb2176d92ee015eb886467d4ce38b7730314aae9fe341d,240,120.00,4.01,1,6,4,0.023584,0.503521,TopoStake,pog(D=3_omega=0.80_beta=0.50),2.02,1072,0
215,0,0x408bb0bf84df50b21c53c74420987f172d4036a1,11.799565,1773044205,0896f9826c0f5a0ce941e5d9dd1ecb8af0232d5bd59e53deba72502e9952eeda,235,117.50,3.14,1,5,3,0.023626,0.503924,TopoStake,pog(D=3_omega=0.80_beta=0.50),1.77,1073,0
215,1,0x07902d0371763a00d97ed9ba16ff0a206cb0fd19,91.691687,1773044207,c635040b451c22746b1df1b19fa71ba7486589977e220bcb38821953479f14c7,172,86.00,3.52,1,5,4,0.023603,0.503839,TopoStake,pog(D=3_omega=0.80_beta=0.50),1.52,1074,0
215,2,0x5cd626f4b83428b146919d30f4b3e481d259a9dc,8.070834,1773044209,ecd5a7d44469afae87670f8409f531f821db44a276260c57ffcf277e976cf7fc,185,61.67,2.72,1,4,3,0.023700,0.504261,TopoStake,pog(D=3_omega=0.80_beta=0.50),2.54,1075,0
215,3,0x1796dc61e715f15a2d27dfa32bd34780f12a8c24,48.788736,1773044212,21582620526a9bdd315281faf3c68af1b961b291c490b111c3301501176a9f75,214,107.00,3.98,1,6,4,0.023672,0.503870,TopoStake,pog(D=3_omega=0.80_beta=0.50),2.56,1076,0
215,4,0x1cb1274c711a6c2e4e1596846e6ac604eeefb358,29.436897,1773044213,c87c8c7e15d15bac20800cedf3dfa4e6d3fb00773d63e9ca45de18662e2013af,219,109.50,3.21,1,5,3,0.023705,0.504239,TopoStake,pog(D=3_omega=0.80_beta=0.50),2.46,1077,0
216,0,0x30509a8084fdfe6fe24d9c9a817c209ad194f8e3,39.706735,1773044215,1f2bc9a71402ecc4c35642e01b0752fcc71773cd9e5f766ee4f577a87edadc2a,155,155.00,3.32,1,5,3,0.023709,0.504521,TopoStake,pog(D=3_omega=0.80_beta=0.50),1.63,1078,0
216,1,0x408bb0bf84df50b21c53c74420987f172d4036a1,12.800360,1773044217,3353fa938bd11b948fbde48b7627982a679e8ce92af9bc53fe075cac41e9fac8,249,124.50,3.40,1,5,4,0.023728,0.504872,TopoStake,pog(D=3_omega=0.80_beta=0.50),1.90,1079,0
216,2,0x37cc7a82e66d4f4c2ae13b9ee895d3af1a1d7a05,3.250301,1773044219,c7483d6b6cdac7c6d3fe4dc04ae55cd8ed24b47ca8dd7149ffd4476f9cdbb7b7,192,96.00,3.67,2,5,4,0.023707,0.504851,TopoStake,pog(D=3_omega=0.80_beta=0.50),1.46,1080,0
216,3,0x0d91704595bff3aec25d40822498a51c62b05e3a,37.620180,1773044221,bb5f5007dc7f4ecb05bec9c1fc8a0d5c143221dcee8cedf47486d98efa945592,179,89.50,3.87,1,6,4,0.023671,0.503972,TopoStake,pog(D=3_omega=0.80_beta=0.50),1.50,1081,0
216,4,0x58a21eeb7ab18ba8adf1296e66a4487076e95dac,16.096865,1773044223,db432137b8d789140828a22ed8658a7cfcaafb831ddd37d5ef95ffb45aaf5577,191,63.67,3.33,1,5,3,0.023687,0.504305,TopoStake,pog(D=3_omega=0.80_beta=0.50),2.52,1082,0
217,0,0x07902d0371763a00d97ed9ba16ff0a206cb0fd19,92.693144,1773044226,608f4309638c3a92eea673aafdce210f9addddc2b04dcdc52b877a0f23a38a82,230,115.00,3.81,1,5,4,0.023671,0.504430,TopoStake,pog(D=3_omega=0.80_beta=0.50),2.52,1083,0
217,1,0x282f43759e22b50aa7989261c51c367f325c3f91,15.359693,1773044228,894dfadba0eb1dddd71a69edf412a4a25a5b5d2615290852af1e04b28baec773,220,110.00,2.62,1,4,3,0.023768,0.504848,TopoStake,pog(D=3_omega=0.80_beta=0.50),2.34,1084,0
217,2,0x719361397abe003a91af76243e5f9c7a0cd4279f,18.554479,1773044230,5a0a4ba7ede06b57d15edbc1bdc5c940d46795e3d3fa0bff49b962ed4d47d32b,203,101.50,3.84,1,6,4,0.023751,0.504941,TopoStake,pog(D=3_omega=0.80_beta=0.50),2.09,1085,0
217,3,0x89100a8056319ba37491b32ba255004180607bc2,12.788303,1773044232,421ad3527323ee10609fa09ea742269b2dcc7ccd6258d4b22b4f93428fa85a9a,222,111.00,3.61,1,5,4,0.023738,0.505125,TopoStake,pog(D=3_omega=0.80_beta=0.50),1.86,1086,0
217,4,0x26d553a2f4343b3a7dc88bbd87b3d0a25d3838d9,16.227391,1773044234,3705ba2e4d491d058a0e6ae4e69d95172e6bfa5fda79988c0675317ced22e62f,208,104.00,3.83,1,5,4,0.023717,0.505086,TopoStake,pog(D=3_omega=0.80_beta=0.50),1.75,1087,0
218,0,0xa5a12d96532497871d73549e55ab377e3dcb3a40,9.103804,1773044236,c4e795a18bd956f8bf20d3c1a0bb36ef9becba5baf1f469f172d59559aa1b65d,229,114.50,3.84,1,5,4,0.023701,0.505194,TopoStake,pog(D=3_omega=0.80_beta=0.50),1.65,1088,0
218,1,0xa7e4d4d949807065ebf85adc1be8c382c7236c15,4.206721,1773044238,e445a8151faaea8b2c647c2718ee52b96ec9652bab9cf43fa967d955a73e88ab,191,63.67,4.13,1,6,4,0.023674,0.504893,TopoStake,pog(D=3_omega=0.80_beta=0.50),2.51,1089,0
218,2,0x786f26993bf015cd2da6fb5d3ccd1879e01246ab,13.291646,1773044241,f9c1e97d926f75678df411527133ddd09d3729ec97e80c9f24fa097599c6ed92,215,107.50,3.95,1,6,4,0.023641,0.504207,TopoStake,pog(D=3_omega=0.80_beta=0.50),2.48,1090,0
218,3,0x07902d0371763a00d97ed9ba16ff0a206cb0fd19,93.694667,1773044242,988af65c91d1714a176e6756cd475eb6774cf4b9038c59b63b33b848344523bd,199,99.50,3.98,1,5,4,0.023621,0.504206,TopoStake,pog(D=3_omega=0.80_beta=0.50),2.53,1091,0
218,4,0xc4dc29db975b952e04358340e56b68fa4ba63fbc,2.529518,1773044244,4e3baf99f815d755689bee47915e123fd9638a5f2382626b526a6672b284c9cc,138,138.00,2.61,1,4,3,0.023717,0.504621,TopoStake,pog(D=3_omega=0.80_beta=0.50),1.77,1092,0
219,0,0xb990cdf21950e6086c350175c4bc504e45858230,6.112836,1773044246,4ad06c6eee6eec63306472b97212000256d292b95612edb2cd0ac6c55eaac74f,250,125.00,3.74,1,5,4,0.023681,0.503652,TopoStake,pog(D=3_omega=0.80_beta=0.50),2.09,1093,0
219,1,0x71f297f96355f349d66f0e9b681e7d4e11224660,4.160897,1773044248,583db328f1b3f18902732afe6d52a25adaa04882fd4cca87f45ee8d08d88e484,217,108.50,3.89,1,5,4,0.023651,0.503075,TopoStake,pog(D=3_omega=0.80_beta=0.50),1.79,1094,0
219,2,0xac768e60b9269babb15cb1e36ee843243d7c7543,22.729585,1773044250,3bcd28aec488a8917cf442caf0d395cae5cccb99a65233146e31e00bb39a8eac,224,112.00,4.00,1,5,4,0.023617,0.502371,TopoStake,pog(D=3_omega=0.80_beta=0.50),1.66,1095,0
219,3,0x1796dc61e715f15a2d27dfa32bd34780f12a8c24,49.790099,1773044252,97ce46ebc516a249ce242d73c677d72df63893871497806a6a189fd53cc7d422,192,96.00,3.94,1,6,4,0.023611,0.502634,TopoStake,pog(D=3_omega=0.80_beta=0.50),1.51,1096,0
219,4,0x13f9dadc05f6c237b03411e2aed1800cf21a5d89,54.373691,1773044254,05790b2c2925657e881375a950390abde869e4713e7a772c2679017ede410a6b,194,64.67,3.31,2,5,3,0.023643,0.502998,TopoStake,pog(D=3_omega=0.80_beta=0.50),2.49,1097,0
220,0,0x07902d0371763a00d97ed9ba16ff0a206cb0fd19,94.695790,1773044257,a3634bccc864dea78e18fa558108374507c84a9672566649dcb69046b99cb69a,198,99.00,2.93,1,5,3,0.023682,0.503381,TopoStake,pog(D=3_omega=0.80_beta=0.50),2.51,1098,0
220,1,0xeb82a21cb3d0dd781eb22ad74bb7cd9b4d2a06ec,5.912475,1773044259,da2c444f5af9ccce6771bb01fa6826035ce41a52a8c8ccff6e5b51267d127afa,201,100.50,2.62,1,4,3,0.023779,0.503794,TopoStake,pog(D=3_omega=0.80_beta=0.50),2.26,1099,0
220,2,0x63f4973c0df8a5358405f396dc0673a463c48de9,10.898269,1773044261,30df4b94182c6340ee497440805efcbb02e46a362f95761799da3a82486eda7e,218,109.00,3.96,1,6,4,0.023748,0.503197,TopoStake,pog(D=3_omega=0.80_beta=0.50),2.27,1100,0
220,3,0x9c39f7fffaa5c5cfab20dfdd05663497918580c1,5.417350,1773044263,a9addf56cb6245a4860a7a1bcc9a3fe3f5d9e8efe35b49f549ead411295c6ac7,238,119.00,3.54,1,5,4,0.023724,0.503061,TopoStake,pog(D=3_omega=0.80_beta=0.50),1.92,1101,0
220,4,0xa9105f442328d397529b8e4e9e656fa89016ff45,1.454013,1773044265,c27d31374cb36c0e69ee629d6386f14a970cb62c3c9a5d4e8f717c619744d4aa,223,111.50,4.09,2,5,4,0.023692,0.502432,TopoStake,pog(D=3_omega=0.80_beta=0.50),1.67,1102,0
221,0,0xdb45667100590f9cfe78a899c3b02c5cd37008f1,14.052147,1773044267,e3fac895879a7911b783526d1c57c823e42b71cf5a87319154fad49333fc6a43,205,102.50,3.73,1,5,4,0.023655,0.501326,TopoStake,pog(D=3_omega=0.80_beta=0.50),1.59,1103,0
221,1,0x30509a8084fdfe6fe24d9c9a817c209ad194f8e3,40.708372,1773044269,71ee93f5c426d4d126d23f90535fb8e14fa8d15401611647b689074ff8196a66,202,67.33,3.96,1,6,4,0.023636,0.501387,TopoStake,pog(D=3_omega=0.80_beta=0.50),2.52,1104,0
221,2,0x1796dc61e715f15a2d27dfa32bd34780f12a8c24,50.791232,1773044272,0e347621e523a535f5a69cb997caed54a08a23c5bf5573f5dd1ceeacf4e46a19,196,98.00,3.34,1,5,3,0.023655,0.501733,TopoStake,pog(D=3_omega=0.80_beta=0.50),2.43,1105,0
221,3,0x6064b9f5883bf9737dfe314ff68c56e09e68ac89,13.191857,1773044273,17536da9b984a5abd5270e6fcfc9b57f97c56d39f4fe106bfb18ae3d2b8967ef,198,99.00,3.27,1,5,3,0.023688,0.502095,TopoStake,pog(D=3_omega=0.80_beta=0.50),2.51,1106,0
221,4,0xa5a12d96532497871d73549e55ab377e3dcb3a40,10.104413,1773044275,2a8e3c8a04b911e09e6fd908edb670bcf1c766a5eb1df2279feeb9f07479a191,115,115.00,3.89,2,5,4,0.023667,0.502068,TopoStake,pog(D=3_omega=0.80_beta=0.50),1.83,1107,0
222,0,0x07902d0371763a00d97ed9ba16ff0a206cb0fd19,95.697467,1773044277,aa0b72a9670551426c903a1c192c46dd8edd8ea82df6cd9f27575409cda53115,214,107.00,3.99,1,6,4,0.023643,0.501870,TopoStake,pog(D=3_omega=0.80_beta=0.50),2.14,1108,0
222,1,0x50f7fa851f9314d682e36da5caa4635039b5305d,14.115111,1773044279,f8dece4ad9cbcfea062eee1c6ce9e9b5e70791e8ef88f20cb5ae1287763c11f8,250,125.00,2.82,1,4,3,0.023739,0.502282,TopoStake,pog(D=3_omega=0.80_beta=0.50),1.89,1109,0
222,2,0xcdc82b7c868072205a399d0f68e6e3ad3bfd1ca6,7.202599,1773044281,055e57f6903bc854a951966a00b56818d4088547a482bb11705c4b2a34f419b3,199,99.50,3.40,2,5,3,0.023720,0.502329,TopoStake,pog(D=3_omega=0.80_beta=0.50),1.54,1110,0
222,3,0x016d3fc36beee7caa8fbd6c1caa42461dd7f9850,32.923751,1773044283,c74fd948ebc5bd5671117184a707acdf5f03e6e8a7f312bcfa7e695360ffde30,198,66.00,3.59,1,5,4,0.023691,0.501882,TopoStake,pog(D=3_omega=0.80_beta=0.50),2.48,1111,0
222,4,0xeaa5003682d7289190651081ae2bee847097afc5,3.745110,1773044286,df79748589bd467da8712fb62929d398eefd337799a9f31f1a307936e280cd77,225,112.50,3.12,1,4,3,0.023698,0.502190,TopoStake,pog(D=3_omega=0.80_beta=0.50),2.56,1112,0
223,0,0x13f9dadc05f6c237b03411e2aed1800cf21a5d89,55.375398,1773044287,3d8a9493640e807d5bf04740be038c1293608e4d85b4a07f3dfce3730850d42b,200,100.00,4.22,1,6,4,0.023665,0.501416,TopoStake,pog(D=3_omega=0.80_beta=0.50),2.43,1113,0
223,1,0x377eaef292051bbf8ada05b2af76a3f3b9d722a7,13.061074,1773044289,1252a8474c9b00950eb2d29d9bae77f0847de0850933df90c691507c787f97ac,164,164.00,2.82,1,4,3,0.023703,0.501809,TopoStake,pog(D=3_omega=0.80_beta=0.50),1.65,1114,0
223,2,0x5cd626f4b83428b146919d30f4b3e481d259a9dc,9.071313,1773044291,957bbf1b5029b94d374d336c6f7988257fc2e87e162e8b49645dd33bba5a5510,237,118.50,3.62,1,5,4,0.023683,0.501757,TopoStake,pog(D=3_omega=0.80_beta=0.50),1.87,1115,0
223,3,0x269cdf52f97e1d9f14b7be895155a7b294f0b21d,19.739493,1773044293,c647a6d05f084b83da4a3100684d6ef0cae0f4615f7383493722607efc6fb685,207,103.50,3.86,1,6,4,0.023656,0.501445,TopoStake,pog(D=3_omega=0.80_beta=0.50),1.70,1116,0
223,4,0x1796dc61e715f15a2d27dfa32bd34780f12a8c24,51.792427,1773044295,2bf0f75052795a2b9356fdc5991c565c47ebb4b912ecad633fe074ad8d4f3756,224,112.00,3.66,1,5,4,0.023645,0.501671,TopoStake,pog(D=3_omega=0.80_beta=0.50),1.56,1117,0
224,0,0x13f9dadc05f6c237b03411e2aed1800cf21a5d89,56.376310,1773044297,4c7e27296811e0a3b8031c38f77d35decd717c3697a488ab9a931ddaaa86c8a1,197,98.50,3.29,1,5,3,0.023679,0.502029,TopoStake,pog(D=3_omega=0.80_beta=0.50),1.49,1118,0
224,1,0x52e05d9fa4faa167f30baba23c710e4f49115288,13.152502,1773044300,f4414937fe92215c3e710131e1861c52da7e55c24567448fa2b38ee0016809f7,191,63.67,2.96,1,5,3,0.023718,0.502421,TopoStake,pog(D=3_omega=0.80_beta=0.50),2.47,1119,0
224,2,0xb990cdf21950e6086c350175c4bc504e45858230,7.113516,1773044301,745ac989c8909cfe466c0ebc5b2039c286da595d233b6ba6978834e59a2f308c,220,110.00,3.98,1,5,4,0.023698,0.502358,TopoStake,pog(D=3_omega=0.80_beta=0.50),2.50,1120,0
224,3,0x13f9dadc05f6c237b03411e2aed1800cf21a5d89,57.377245,1773044303,c5f5eb1a0235570b0ee2144ae32f91357c20f29ae0c1aa76aa7cfb45ba72f8f7,91,91.00,3.98,1,5,4,0.023669,0.501890,TopoStake,pog(D=3_omega=0.80_beta=0.50),1.92,1121,0
224,4,0xb2a7fe70a6f3137d38f6cb4c3ec6dd1e24f2d5f4,19.428801,1773044305,be29829538cff84710ccede060ea2d8a21431f2c651c7e6a0180050d5c07ad2d,250,125.00,2.96,2,5,3,0.023710,0.502280,TopoStake,pog(D=3_omega=0.80_beta=0.50),2.21,1122,0
225,0,0xdcf2130496e27a8094ab996aea4aa77788d65869,17.511271,1773044307,5d781beb2b5da519ed0edc59552115668aac02b40e324918d92bcd661124c7e1,234,117.00,4.29,1,6,4,0.023698,0.502485,TopoStake,pog(D=3_omega=0.80_beta=0.50),1.97,1123,0
225,1,0x0d91704595bff3aec25d40822498a51c62b05e3a,38.621776,1773044309,8c3fbe3c99e55c50e83f46552984a76e265d7554be41ad20c590dbc44451a943,235,117.50,4.08,1,5,4,0.023683,0.502628,TopoStake,pog(D=3_omega=0.80_beta=0.50),1.71,1124,0
225,2,0x213068cb42718d1dd6d00a6d94d62a3def0e68eb,9.365220,1773044311,af851c14f16a980e4984dbe9569c58baaf59cfe07221d33e12d27fe532e91a63,211,105.50,3.30,1,5,3,0.023698,0.502951,TopoStake,pog(D=3_omega=0.80_beta=0.50),1.46,1125,0
225,3,0x8719ca31b72ae8a5404006763c53d5ad503dbcb0,2.099206,1773044313,7937541f85d1ccf182db4d53faf333e999dd082b0611a7200cb6b98c947e3987,233,77.67,3.67,1,5,4,0.023672,0.502659,TopoStake,pog(D=3_omega=0.80_beta=0.50),2.54,1126,0
225,4,0x1796dc61e715f15a2d27dfa32bd34780f12a8c24,52.793546,1773044315,3960557e2776144b350f80f2dbab707e04e2a7db7bd8a98fc75b19381cbfcab5,188,94.00,4.20,1,6,4,0.023637,0.501664,TopoStake,pog(D=3_omega=0.80_beta=0.50),2.47,1127,0
226,0,0x6064b9f5883bf9737dfe314ff68c56e09e68ac89,14.192203,1773044317,67b32aa8fc097f3f4194244d045b48b2b530ff4d8b3b8603fa2044e238799382,112,112.00,3.06,1,5,3,0.023671,0.502019,TopoStake,pog(D=3_omega=0.80_beta=0.50),1.89,1128,0
226,1,0xbc3f8508d26048f2064aa8c068f4c94d08d77d18,11.061289,1773044319,a60df5be57b5fdca97f26782d3fe3daa98ff85f61aa4d03152060ed3786878eb,235,117.50,3.77,1,5,4,0.023652,0.502056,TopoStake,pog(D=3_omega=0.80_beta=0.50),2.20,1129,0
226,2,0x6064b9f5883bf9737dfe314ff68c56e09e68ac89,15.193352,1773044321,fb96d5be0d8764d0a9f801e567488d13ab7dd9efda5d3889bb1171ace158f1b7,224,112.00,4.30,1,6,4,0.023628,0.501917,TopoStake,pog(D=3_omega=0.80_beta=0.50),2.07,1130,0
226,3,0x24898fcb116b48cb2b6fd5d3b4eb599fee0f4633,33.086555,1773044323,40103bed8dc73dd5b8c71312646a5221d904ee474ef95e66129d7007ec1da2f0,237,118.50,4.00,1,5,4,0.023611,0.501991,TopoStake,pog(D=3_omega=0.80_beta=0.50),1.69,1131,0
226,4,0x49b57eb4dace37c8819daf079c9c674f766d4f38,19.243291,1773044325,152855133f41845425a12d0c3d09cb964f92350e2a88370723709731e8e9369d,188,94.00,3.59,1,5,4,0.023618,0.502281,TopoStake,pog(D=3_omega=0.80_beta=0.50),1.48,1132,0
227,0,0x0d91704595bff3aec25d40822498a51c62b05e3a,39.623032,1773044327,564d9bfcfedd015079dd92c9c301e66293b8784da5f4eaaca2af74e90be454a9,207,69.00,3.88,1,6,4,0.023618,0.502282,TopoStake,pog(D=3_omega=0.80_beta=0.50),2.51,1133,0
227,1,0x282f43759e22b50aa7989261c51c367f325c3f91,16.360209,1773044330,98678e84aaf053637e21b8b0197010e41a02b79852e5cc57811c240f20cde49a,187,93.50,3.27,1,5,3,0.023633,0.502603,TopoStake,pog(D=3_omega=0.80_beta=0.50),2.45,1134,0
227,2,0x30509a8084fdfe6fe24d9c9a817c209ad194f8e3,41.710002,1773044332,3a600d6566e37f075b10b8d6a0f8e606085ef84f4aa0b100845fed19b6e79f35,191,95.50,3.91,1,6,4,0.023617,0.502699,TopoStake,pog(D=3_omega=0.80_beta=0.50),2.48,1135,0
227,3,0xf82400c4f426bdbd2bc687ffef1f22c1a381c851,2.047027,1773044334,e0c3e4e55673449baa1f66caf4faa1f3ad4cf6a7c43d436cb39db5be5dc9aa61,250,125.00,3.28,1,5,3,0.023636,0.503035,TopoStake,pog(D=3_omega=0.80_beta=0.50),2.20,1136,0
227,4,0x377eaef292051bbf8ada05b2af76a3f3b9d722a7,14.062134,1773044336,24f75cdd9707870e94598844a81ded7bd72d8baeb5adfb5e74acd48eda6d1c66,250,125.00,3.86,1,6,4,0.023600,0.502026,TopoStake,pog(D=3_omega=0.80_beta=0.50),2.02,1137,0
228,0,0x13f9dadc05f6c237b03411e2aed1800cf21a5d89,58.379339,1773044338,8e18b1765b54084dafa7050311d6d32698c6d460358b646eb8f787bf3325cda7,217,108.50,3.65,1,5,4,0.023581,0.502035,TopoStake,pog(D=3_omega=0.80_beta=0.50),1.67,1138,0
228,1,0x377eaef292051bbf8ada05b2af76a3f3b9d722a7,15.063151,1773044340,6e38d2a0b214bff00fa095222d6849cec956b9897c501c31075636dd1b49774d,200,100.00,3.06,2,5,3,0.023622,0.502420,TopoStake,pog(D=3_omega=0.80_beta=0.50),1.41,1139,0
228,2,0x07902d0371763a00d97ed9ba16ff0a206cb0fd19,96.700943,1773044342,2bd974daaec6597b6535e94bbf3db570fbcfe8b225c25db3d8754534c4b23ff1,208,69.33,3.59,1,5,4,0.023604,0.502476,TopoStake,pog(D=3_omega=0.80_beta=0.50),2.47,1140,0
228,3,0x377eaef292051bbf8ada05b2af76a3f3b9d722a7,16.064127,1773044345,4049e6e10020cc68f01d129ae964321950bb82b6be473e78003a1ed946dbaed1,205,102.50,2.77,1,4,3,0.023696,0.502877,TopoStake,pog(D=3_omega=0.80_beta=0.50),2.51,1141,0
228,4,0x1d1d2c63625de70b1e5ef40056bd2deb89d7fef2,6.062117,1773044347,e57001d63c16914cd60eb450852dfdaa6f6b470d40e316650cf7f7776127130f,203,101.50,3.64,1,5,4,0.023679,0.502947,TopoStake,pog(D=3_omega=0.80_beta=0.50),2.49,1142,0
229,0,0x6414c6a8400ff3419cd81855d09de2848d770e0e,3.139217,1773044349,581a055d6e72b6735c7c32880521e57d8750ee59f49ed006f2e7a1de0ea3c093,207,103.50,3.64,1,5,4,0.023649,0.502356,TopoStake,pog(D=3_omega=0.80_beta=0.50),2.29,1143,0
229,1,0x58a21eeb7ab18ba8adf1296e66a4487076e95dac,17.097445,1773044351,07bab817064c299209ec64fee17135064d61cead87f735bcdc541d80dfcc7702,225,112.50,3.96,1,5,4,0.023616,0.501476,TopoStake,pog(D=3_omega=0.80_beta=0.50),1.93,1144,0
229,2,0x1796dc61e715f15a2d27dfa32bd34780f12a8c24,53.794684,1773044353,89db40fa0eac7b72728f0bd3bff5e7666ef2005269cac262e65650644d1d1c8e,230,115.00,4.09,2,6,4,0.023601,0.501592,TopoStake,pog(D=3_omega=0.80_beta=0.50),1.72,1145,0
229,3,0x49b57eb4dace37c8819daf079c9c674f766d4f38,19.243183,1773044355,6fe71cf9653f4f838409221193db93cc1336970887cbcdc11ef3b50a53af685d,210,105.00,3.36,1,5,3,0.023601,0.501593,TopoStake,pog(D=3_omega=0.80_beta=0.50),1.62,1146,0
229,4,0x282f43759e22b50aa7989261c51c367f325c3f91,17.360977,1773044357,c452a6ca71595df361d040e93ae539476793d718683d7369402f259380cf1bc5,231,77.00,3.98,1,6,4,0.023588,0.501775,TopoStake,pog(D=3_omega=0.80_beta=0.50),2.49,1147,0
230,0,0xe6ebb0cdfd04183d498964e5efc4096ba77b17d6,10.286283,1773044360,620ca54fd5db1dabeaf087d76d23de921b606d0cbe1da51b10dec8d45a4b4e7f,212,106.00,4.00,1,6,4,0.023574,0.501887,TopoStake,pog(D=3_omega=0.80_beta=0.50),2.50,1148,0
230,1,0x075e1d95c7891e1c00414ca1aa9a7a8cf6270019,55.237522,1773044361,c252c96a3c3e2a6f9298b6efb0dda2ef66da2eeb48721d66871b7db26ed86703,199,99.50,4.10,1,6,4,0.023550,0.501689,TopoStake,pog(D=3_omega=0.80_beta=0.50),2.36,1149,0
230,2,0x016d3fc36beee7caa8fbd6c1caa42461dd7f9850,33.925367,1773044363,8ed5329dd686cff25626f859d362e3942b4259c6930fd6d66e80647b83a2124a,152,152.00,2.96,1,5,3,0.023585,0.502055,TopoStake,pog(D=3_omega=0.80_beta=0.50),1.62,1150,0
230,3,0x687bf2437a044a3e42ff2f8a79a8e54ba9601f70,10.062328,1773044365,a45f6c0b15ab3c7ca7b5fdfae343992dcac4fc0756f04c243473656a37dfb667,250,125.00,3.16,1,4,3,0.023593,0.502352,TopoStake,pog(D=3_omega=0.80_beta=0.50),1.78,1151,0
230,4,0x1796dc61e715f15a2d27dfa32bd34780f12a8c24,53.794764,1773044367,bd4ba582c946edaddbee26f9416f4e536ac1c1c1011a9e36ac9acff0ed917797,217,108.50,3.76,2,5,4,0.023568,0.502124,TopoStake,pog(D=3_omega=0.80_beta=0.50),1.67,1152,0
231,0,0x4414c05be2cf328f38d2e3ef4b705d6b894f044a,14.092591,1773044369,a7ce4990f9846c5c9599be55e6e7f682378e458a2bef352dfb21ad23984f7ffb,209,104.50,3.42,1,5,3,0.023602,0.502472,TopoStake,pog(D=3_omega=0.80_beta=0.50),1.63,1153,0
231,1,0x606627477c3734932f47972f83c27cf4e3b35b4f,21.389867,1773044371,e4f790ea058946d898d2fc9db70cca127d6681b7586130365e50cb7819e813ad,205,68.33,3.90,1,5,4,0.023583,0.502468,TopoStake,pog(D=3_omega=0.80_beta=0.50),2.49,1154,0
231,2,0x0d91704595bff3aec25d40822498a51c62b05e3a,40.624359,1773044374,5b10dc51de9d31f9563c248358e3d2973a36b0aad7864fd6c213e258fede4e3f,206,103.00,3.67,1,5,4,0.023573,0.502703,TopoStake,pog(D=3_omega=0.80_beta=0.50),2.46,1155,0
231,3,0x07902d0371763a00d97ed9ba16ff0a206cb0fd19,97.703151,1773044375,6805cb6f24f7490a88b98216daa9d50880134d10aa1d9d3d187202bde63c1e2e,208,104.00,3.18,1,5,3,0.023589,0.503017,TopoStake,pog(D=3_omega=0.80_beta=0.50),2.53,1156,0
231,4,0xea287b266dbe2c2d402fd91814bcfc4c95d6b0fd,2.145385,1773044377,e8e4d3d1ffc98ec104c04df9526eb7edf3aebb2eba9b031c5356494306cdcc0a,154,154.00,2.57,1,4,3,0.023680,0.503412,TopoStake,pog(D=3_omega=0.80_beta=0.50),1.64,1157,0
232,0,0xdb45667100590f9cfe78a899c3b02c5cd37008f1,15.052679,1773044379,27a2c697044939abfbcb332aba19b785f8240397d818531b72394311a395bd4a,191,95.50,4.03,1,6,4,0.023645,0.502414,TopoStake,pog(D=3_omega=0.80_beta=0.50),2.04,1158,0
232,1,0x016d3fc36beee7caa8fbd6c1caa42461dd7f9850,34.926716,1773044381,4bc219fc7a2cec914f7809c4b9f15d0cbc5fa4f5731a994347738764827cf7d7,217,108.50,4.07,1,6,4,0.023627,0.502452,TopoStake,pog(D=3_omega=0.80_beta=0.50),1.88,1159,0
232,2,0x30509a8084fdfe6fe24d9c9a817c209ad194f8e3,42.711608,1773044383,0497711841556513a6434ebb1b9980508347488af1847b4f3d6335995701424c,217,108.50,3.15,1,4,3,0.023635,0.502749,TopoStake,pog(D=3_omega=0.80_beta=0.50),1.61,1160,0
232,3,0x28672c71695142588ed26ada6f4b18b8b6c12308,8.688534,1773044385,ea15236ebd34521ee98f1e1916bcfa1d72c42679288bd656f6295002176a465c,190,95.00,3.46,1,5,4,0.023653,0.503079,TopoStake,pog(D=3_omega=0.80_beta=0.50),1.52,1161,0
232,4,0x07902d0371763a00d97ed9ba16ff0a206cb0fd19,98.704127,1773044388,f43474012036df10bc5d9bb9e96641838c6b2be31d1130338bbb8bc79e6bdde9,213,71.00,3.61,2,5,4,0.023627,0.502732,TopoStake,pog(D=3_omega=0.80_beta=0.50),2.50,1162,0
233,0,0x60705151f1f537cacd5b801f3ef1b31dc3f605de,7.296339,1773044389,9b254e40df8e5fd2ec209e0bac753afe7eef8a8433beca398e4e62745a7dadd7,213,106.50,2.68,1,4,3,0.023718,0.503125,TopoStake,pog(D=3_omega=0.80_beta=0.50),2.48,1163,0
233,1,0x408bb0bf84df50b21c53c74420987f172d4036a1,13.800498,1773044391,81e65223283818e52b8da747e752c010e2779b6c82c9f5258a67f290375c630c,100,100.00,4.10,1,6,4,0.023690,0.502678,TopoStake,pog(D=3_omega=0.80_beta=0.50),1.96,1164,0
233,2,0x07902d0371763a00d97ed9ba16ff0a206cb0fd19,99.705256,1773044393,24a8097cd0742e90193f77626aaaae17f781e59217e96c291339e1be6f3e948d,250,125.00,3.59,1,5,4,0.023670,0.502642,TopoStake,pog(D=3_omega=0.80_beta=0.50),2.32,1165,0
233,3,0x89100a8056319ba37491b32ba255004180607bc2,13.788602,1773044395,6226ca72eed587499535cb8dbf8125b7bd2e0b7e064448465b83c424f504bdb6,250,125.00,2.72,1,4,3,0.023761,0.503035,TopoStake,pog(D=3_omega=0.80_beta=0.50),1.96,1166,0
233,4,0x13f9dadc05f6c237b03411e2aed1800cf21a5d89,59.381617,1773044397,3647ee859916fdf765589ce3e0cde84e8c38a99b6c4ac926eda4d47a060c7066,217,108.50,3.87,1,5,4,0.023742,0.502983,TopoStake,pog(D=3_omega=0.80_beta=0.50),1.59,1167,0
234,0,0x213068cb42718d1dd6d00a6d94d62a3def0e68eb,10.365823,1773044399,8d9d8defc1b904db917c42b9776e2a04d94b1eb04f46fc998ca58b9fbf76e00c,208,104.00,3.19,1,5,3,0.023742,0.502983,TopoStake,pog(D=3_omega=0.80_beta=0.50),1.57,1168,0
234,1,0x8c11ec9090dd820c076e57e899d9c604c79d6b32,14.568867,1773044401,213bfb114f8c46af32fe27ee4d0efc1b9b9fff9ddfb9d3e943f5efa1200acac9,191,63.67,3.63,1,5,4,0.023781,0.503359,TopoStake,pog(D=3_omega=0.80_beta=0.50),2.43,1169,0
234,2,0xc24b36dee27726233c3bbd9e1f028f98b6b2a424,7.404647,1773044403,3f1844b522407218d91a4abe08eb4a9dac1671a5dfd54048e12d0056684865f9,195,97.50,4.07,1,6,4,0.023762,0.503357,TopoStake,pog(D=3_omega=0.80_beta=0.50),2.47,1170,0
234,3,0x53be6e527cc5a7d850b5eae27b9cef342e0665f2,12.046382,1773044405,62876b9125510aaf850532d9a7866cf59532df77a10c975d4dc078c3dea2a71e,124,124.00,4.01,1,6,4,0.023734,0.502907,TopoStake,pog(D=3_omega=0.80_beta=0.50),1.98,1171,0
234,4,0x075e1d95c7891e1c00414ca1aa9a7a8cf6270019,56.239252,1773044407,b6136d2d559021f11849f17ebdca13bc4ddaed8a8297ee376172f69ecf8c7d7b,222,111.00,3.43,1,5,4,0.023712,0.502818,TopoStake,pog(D=3_omega=0.80_beta=0.50),2.18,1172,0
235,0,0x1796dc61e715f15a2d27dfa32bd34780f12a8c24,54.795971,1773044409,33c6064a0d3cd5e2d673188cb026fbe5b9c380a55e6a68e16a9c0350891655be,215,107.50,3.16,1,5,3,0.023747,0.503176,TopoStake,pog(D=3_omega=0.80_beta=0.50),1.93,1173,0
235,1,0x786f26993bf015cd2da6fb5d3ccd1879e01246ab,14.291888,1773044411,1b9973398ac3c57571a5fcbd67ac7c18e91b13db380949997e36b6394006a672,223,111.50,3.41,1,5,3,0.023780,0.503518,TopoStake,pog(D=3_omega=0.80_beta=0.50),1.57,1174,0
235,2,0x1796dc61e715f15a2d27dfa32bd34780f12a8c24,55.797049,1773044413,11fb4c6f67ccdc2d62829b9594f385abe03205a8ff9a5b44f4604e7352a8f42a,178,89.00,4.09,1,5,4,0.023780,0.503519,TopoStake,pog(D=3_omega=0.80_beta=0.50),1.46,1175,0
235,3,0x07902d0371763a00d97ed9ba16ff0a206cb0fd19,100.707051,1773044415,4c8783558a0714045d7b45462d8a03caf863d4d06e72f2524eed9ff601549956,185,61.67,3.26,1,5,3,0.023795,0.503823,TopoStake,pog(D=3_omega=0.80_beta=0.50),2.54,1176,0
235,4,0x9bdb1c7ad4bd8fe797b07c08117c74a591dbab2d,4.435242,1773044418,1a6c7bf3b78f88bcce69ffe2ca1ac421a3eb513c5b60cb80784e79cccae5e3bd,212,106.00,2.76,1,4,3,0.023885,0.504212,TopoStake,pog(D=3_omega=0.80_beta=0.50),2.46,1177,0
236,0,0xac768e60b9269babb15cb1e36ee843243d7c7543,23.729855,1773044420,fb6f05149285982bb67a78a774fc2381abc8242d8da507238b43521bf5df921e,210,105.00,3.59,1,5,4,0.023854,0.503557,TopoStake,pog(D=3_omega=0.80_beta=0.50),2.45,1178,0
236,1,0x28672c71695142588ed26ada6f4b18b8b6c12308,9.689495,1773044422,32ca45f018f362129c725366a682a09ad269429a9ace769e9aa7c6d04b4b4907,250,125.00,3.90,1,6,4,0.023846,0.503802,TopoStake,pog(D=3_omega=0.80_beta=0.50),2.30,1179,0
236,2,0x30509a8084fdfe6fe24d9c9a817c209ad194f8e3,43.712863,1773044424,d4e520bd6fae943612becfb184c86735d1a380fedfaf44ad2fd4943f28237635,250,125.00,3.62,1,5,4,0.023821,0.503527,TopoStake,pog(D=3_omega=0.80_beta=0.50),2.04,1180,0
236,3,0x24898fcb116b48cb2b6fd5d3b4eb599fee0f4633,34.087644,1773044426,cdbb976ac5be18e66d7e8af20c99bd15ba9f58d0adfaf2e704af943584d522ff,250,125.00,3.45,1,5,4,0.023839,0.503851,TopoStake,pog(D=3_omega=0.80_beta=0.50),1.78,1181,0
236,4,0x53be6e527cc5a7d850b5eae27b9cef342e0665f2,13.047412,1773044428,6f9343b197215f4081fb47d9418efd4eaa35b19d3a3dd49c38d9115ff8361a3e,147,73.50,3.52,1,5,4,0.023845,0.504126,TopoStake,pog(D=3_omega=0.80_beta=0.50),1.37,1182,0
237,0,0xc339f8bf978200eb65afce6c7121402eda949097,5.064287,1773044430,4fdf9b9407074f05742f5806f8e01c04aff60ab5ba0a847d72f5d6733b11fa70,215,71.67,3.59,1,5,4,0.023824,0.504036,TopoStake,pog(D=3_omega=0.80_beta=0.50),2.52,1183,0
237,1,0xaadc5fea232580cb8fba739ac5d05a48559c7e52,11.352667,1773044433,20390f5cd67ac869daef6efcd79b8c5bee57e4579539d0bcd8a45930c95ae33b,217,108.50,4.34,1,6,4,0.023794,0.503414,TopoStake,pog(D=3_omega=0.80_beta=0.50),2.50,1184,0
237,2,0xb990cdf21950e6086c350175c4bc504e45858230,8.113392,1773044434,effe9d5f4bcc477bfd5e8e11b17aed511a27fd4cbfa6f97a0676e623a6162a2a,196,98.00,4.30,1,6,4,0.023771,0.503283,TopoStake,pog(D=3_omega=0.80_beta=0.50),2.49,1185,0
237,3,0x016d3fc36beee7caa8fbd6c1caa42461dd7f9850,35.927985,1773044436,1dedebf2036328fe37c2217c3ee7bae22bf0559a832f292ea9b6bd9d17060013,109,109.00,3.70,1,5,4,0.023744,0.502897,TopoStake,pog(D=3_omega=0.80_beta=0.50),1.86,1186,0
237,4,0xeb82a21cb3d0dd781eb22ad74bb7cd9b4d2a06ec,6.912177,1773044438,7433d51c665cbfe087a02585a8620aae1218314873e153285d1570c4d455fb14,250,125.00,3.07,1,4,3,0.023752,0.503188,TopoStake,pog(D=3_omega=0.80_beta=0.50),2.11,1187,0
238,0,0x075e1d95c7891e1c00414ca1aa9a7a8cf6270019,57.240843,1773044440,f63a3e6d7ff11678431f38ab7d1782dabc4e4f524f9692af108c9a0db56ebef1,213,106.50,4.05,1,6,4,0.023724,0.502684,TopoStake,pog(D=3_omega=0.80_beta=0.50),1.62,1188,0
238,1,0x213068cb42718d1dd6d00a6d94d62a3def0e68eb,10.365536,1773044442,92a1c7f187a8d7ab8a931ff0258c4fc0302b4eaadec91dd31aed0d5b084496da,217,108.50,3.21,2,5,3,0.023759,0.503039,TopoStake,pog(D=3_omega=0.80_beta=0.50),1.59,1189,0
238,2,0x075e1d95c7891e1c00414ca1aa9a7a8cf6270019,58.241931,1773044444,430b5c93956967944eeda5b46e53a669eadf98964b84139fce8cba2933de2c27,208,69.33,3.74,2,5,4,0.023735,0.502821,TopoStake,pog(D=3_omega=0.80_beta=0.50),2.49,1190,0
238,3,0x8c11ec9090dd820c076e57e899d9c604c79d6b32,15.569538,1773044447,fd4dcd0d3f45b026efbc3d12681149e211feb83245e49c5110fbf1d4a3b1aae0,199,99.50,3.11,1,5,3,0.023770,0.503175,TopoStake,pog(D=3_omega=0.80_beta=0.50),2.48,1191,0
238,4,0x1cb1274c711a6c2e4e1596846e6ac604eeefb358,30.437754,1773044448,c9f467dd114902207198e0d9826cee4bddfc83c00798fe6b366112aed53b4a69,168,84.00,4.18,1,6,4,0.023753,0.503210,TopoStake,pog(D=3_omega=0.80_beta=0.50),2.52,1192,0
239,0,0x81193196c1dbdbf80709d43a5af5ce21c201fbd7,9.830099,1773044450,6ac15256430624011cf90bd44b2be856a48858b0738f99627a91a50ae4a1a569,133,133.00,3.24,1,5,3,0.023754,0.503468,TopoStake,pog(D=3_omega=0.80_beta=0.50),1.77,1193,0
239,1,0x07902d0371763a00d97ed9ba16ff0a206cb0fd19,101.709381,1773044452,ef010309f2dd92f5e905937f47fb532f819cf6640d4674e5f03023ad30694ea0,235,117.50,3.82,1,5,4,0.023729,0.503191,TopoStake,pog(D=3_omega=0.80_beta=0.50),2.07,1194,0
239,2,0xe6ebb0cdfd04183d498964e5efc4096ba77b17d6,11.286605,1773044454,b5883aec6dab6fd29b42ffeb9f9002465cd4d5e3fc4deb9673e9713732eb6aa3,223,111.50,2.84,1,4,3,0.023818,0.503574,TopoStake,pog(D=3_omega=0.80_beta=0.50),1.68,1195,0
239,3,0xa5a12d96532497871d73549e55ab377e3dcb3a40,11.104179,1773044456,08d60997b4e21f931a789abea407de759dfd3d1b14dd43ce6536e0e84b2335bf,203,101.50,4.23,2,6,4,0.023795,0.503425,TopoStake,pog(D=3_omega=0.80_beta=0.50),1.53,1196,0
239,4,0x5cd626f4b83428b146919d30f4b3e481d259a9dc,10.071362,1773044458,62ad9fb30a3a5885361c40008069647f83a4f580a88e91dcd410b3c7d39ad21b,232,77.33,4.20,1,6,4,0.023795,0.503425,TopoStake,pog(D=3_omega=0.80_beta=0.50),2.51,1197,0
240,0,0x075e1d95c7891e1c00414ca1aa9a7a8cf6270019,59.243236,1773044461,b6cfb968ed7adc22a84285784fcce673daa2603d5bc2a8bd974854a997c37a8e,209,104.50,3.84,1,6,4,0.023748,0.502980,TopoStake,pog(D=3_omega=0.80_beta=0.50),2.43,1198,0
240,1,0xac61c91e7d24df824351a6c4e562a75f0cf646f8,1.232454,1773044462,27943e14099a912e7c5bff129f426c7e26e55b929d3c51fc6e50e1f0614fe1d2,203,101.50,3.20,1,5,3,0.023784,0.503330,TopoStake,pog(D=3_omega=0.80_beta=0.50),2.49,1199,0
240,2,0x606627477c3734932f47972f83c27cf4e3b35b4f,22.390594,1773044464,c0a603d9604bbf35d3df3dcc57aa8952d39bacdb6ca4545bc24362668fc5f2c8,121,121.00,3.94,2,6,4,0.023749,0.502253,TopoStake,pog(D=3_omega=0.80_beta=0.50),1.86,1200,0
240,3,0xeb82a21cb3d0dd781eb22ad74bb7cd9b4d2a06ec,7.913086,1773044466,791ccf1aea0c612a85f93114f2b04561c6498a8deef155182f0dbd038954bc6c,250,125.00,3.59,1,5,4,0.023740,0.502479,TopoStake,pog(D=3_omega=0.80_beta=0.50),2.27,1201,0
240,4,0xd3997be86c88837e3fd467517b943590b28fa641,2.040804,1773044468,9c55728f59c046905e3259af3e090ce2a40f05c686ff45b42353adfc6fea39a6,250,125.00,4.08,1,6,4,0.023713,0.502065,TopoStake,pog(D=3_omega=0.80_beta=0.50),1.94,1202,0
241,0,0x016d3fc36beee7caa8fbd6c1caa42461dd7f9850,36.929436,1773044470,dba553300b5eb698c0a024460e32c452ca4bf041f3ea9e1757464bcb1c9f1cd8,212,106.00,4.04,1,6,4,0.023680,0.501073,TopoStake,pog(D=3_omega=0.80_beta=0.50),1.60,1203,0
241,1,0xe6ebb0cdfd04183d498964e5efc4096ba77b17d6,12.287360,1773044472,12061f6751692cfbe2119a8d20de49ed13b8a28e762fda5bec949876fa5a32ad,218,109.00,3.16,1,4,3,0.023688,0.501362,TopoStake,pog(D=3_omega=0.80_beta=0.50),1.53,1204,0
241,2,0x377eaef292051bbf8ada05b2af76a3f3b9d722a7,17.064935,1773044474,3e43d359c7617bb7a45843b7584dd6a1c2fce2795eeae3d789f4e0032becb936,196,65.33,4.23,2,6,4,0.023667,0.501260,TopoStake,pog(D=3_omega=0.80_beta=0.50),2.46,1205,0
241,3,0x58a21eeb7ab18ba8adf1296e66a4487076e95dac,18.097668,1773044476,734790b5ebdbd3491f4b0caab5d39e1d34dec371cb927346e2fac5fd3c11f9b0,185,92.50,3.68,1,5,4,0.023651,0.501343,TopoStake,pog(D=3_omega=0.80_beta=0.50),2.59,1206,0
241,4,0x786f26993bf015cd2da6fb5d3ccd1879e01246ab,15.292278,1773044478,fc72c422658478c56cd56ec9f8cba4da067d9953bd0de7b414c454cdf6b5c02e,115,115.00,3.85,2,5,4,0.023637,0.501477,TopoStake,pog(D=3_omega=0.80_beta=0.50),1.98,1207,0
242,0,0x8d9e46becf415ca26aa698c9657087e6554aabda,9.382897,1773044480,14d935b1823b75e51779e26801653881c1b1aa924c63344bf83b9cdc4e048dc4,204,102.00,4.00,1,5,4,0.023620,0.501489,TopoStake,pog(D=3_omega=0.80_beta=0.50),2.32,1208,0
242,1,0x81d019380961f92c2031b0a7fba69f7675145088,4.478980,1773044482,4af8636cf84ebe6542828f347e28bd01d981f49619223f13c01fbaa855fa2598,250,125.00,3.66,1,5,4,0.023595,0.501167,TopoStake,pog(D=3_omega=0.80_beta=0.50),1.99,1209,0
242,2,0x30509a8084fdfe6fe24d9c9a817c209ad194f8e3,44.714677,1773044484,8862cf9c1d380587a25523073c490522c64b4da7361314d3e7385d3b994d91e4,235,117.50,3.73,1,5,4,0.023564,0.500512,TopoStake,pog(D=3_omega=0.80_beta=0.50),1.63,1210,0
242,3,0xa5a12d96532497871d73549e55ab377e3dcb3a40,12.105041,1773044486,140a601899403c9b1baf2e5c8662c2f5486b4287a6e39fe3350ea379cb5be558,182,91.00,3.48,2,5,4,0.023582,0.500831,TopoStake,pog(D=3_omega=0.80_beta=0.50),1.53,1211,0
242,4,0x408bb0bf84df50b21c53c74420987f172d4036a1,14.801281,1773044488,0e6840f5776284913c07de10bf298b220859afe877132ecabcf794f839d7ae9f,221,73.67,4.11,1,5,4,0.023561,0.500711,TopoStake,pog(D=3_omega=0.80_beta=0.50),2.50,1212,0
243,0,0x408bb0bf84df50b21c53c74420987f172d4036a1,15.802276,1773044491,6270669948ddab7ebb6f04874313fafe93ce9cd363780187fcacc804b963c136,207,103.50,3.51,1,5,4,0.023543,0.500695,TopoStake,pog(D=3_omega=0.80_beta=0.50),2.41,1213,0
243,1,0x89100a8056319ba37491b32ba255004180607bc2,14.789056,1773044492,36a829ebe688ca1bbaaea623abf9bb929a0f8b4c5f680962bf1931f500f6da9f,208,104.00,3.62,1,5,4,0.023526,0.500720,TopoStake,pog(D=3_omega=0.80_beta=0.50),2.48,1214,0
243,2,0x1cb1274c711a6c2e4e1596846e6ac604eeefb358,31.438493,1773044494,20e15fe9fad1d4349704e3371f3a5049947db358cc37ae04408ea637a6016ba5,115,115.00,3.70,1,5,4,0.023508,0.500687,TopoStake,pog(D=3_omega=0.80_beta=0.50),1.83,1215,0
243,3,0x075e1d95c7891e1c00414ca1aa9a7a8cf6270019,60.245082,1773044496,90ac00d0578e8226e5745d23bf22cc1502690c46828e90985fad2fb4f2f6b431,250,125.00,3.41,1,5,3,0.023510,0.500942,TopoStake,pog(D=3_omega=0.80_beta=0.50),2.01,1216,0
243,4,0xf13caa2c5f6f6cf61e51290bfa7826a9140b4faf,3.028395,1773044498,6f04063df4237ac3daefd7e6fea23525792ddf5b9d899a2867487e9c288a646c,213,106.50,3.30,1,5,3,0.023546,0.501303,TopoStake,pog(D=3_omega=0.80_beta=0.50),1.70,1217,0
244,0,0xc339f8bf978200eb65afce6c7121402eda949097,6.064775,1773044500,865be054431610b4291ba93d42577cf7146eabe2bb1a32ea22076463a7516b32,178,89.00,4.20,1,6,4,0.023514,0.500442,TopoStake,pog(D=3_omega=0.80_beta=0.50),1.49,1218,0
244,1,0x8c11ec9090dd820c076e57e899d9c604c79d6b32,16.570002,1773044502,189f6abeca898008ca3ab30037e888ab6921e12b767dcfcb9b402e55f5477efd,210,70.00,4.28,1,6,4,0.023485,0.499869,TopoStake,pog(D=3_omega=0.80_beta=0.50),2.56,1219,0
244,2,0x24898fcb116b48cb2b6fd5d3b4eb599fee0f4633,35.088760,1773044505,f6beafdb248722f83b2ee7b74a7d1bdc1de5a216114617fcee34275e647ae2a9,182,91.00,4.16,1,6,4,0.023469,0.499926,TopoStake,pog(D=3_omega=0.80_beta=0.50),2.51,1220,0
244,3,0x075e1d95c7891e1c00414ca1aa9a7a8cf6270019,61.246229,1773044506,ea905c07f704ded3ff21cf43cde4b1669bef299ddbf2e4e8993cb14babfd8734,210,105.00,3.59,1,5,4,0.023476,0.500196,TopoStake,pog(D=3_omega=0.80_beta=0.50),2.47,1221,0
244,4,0x719361397abe003a91af76243e5f9c7a0cd4279f,19.554309,1773044508,527cbbec6a250e73f67191cbc8d7d0bef91f401e89c191e506110e0ad7d2dd15,113,113.00,3.03,1,5,3,0.023513,0.500559,TopoStake,pog(D=3_omega=0.80_beta=0.50),1.66,1222,0
245,0,0x687bf2437a044a3e42ff2f8a79a8e54ba9601f70,11.062750,1773044510,db62a1b9ab66be887ebef1036f669ad92166de61fd21a4237a2c11724b513df7,244,122.00,3.78,1,5,4,0.023500,0.500728,TopoStake,pog(D=3_omega=0.80_beta=0.50),2.05,1223,0
245,1,0xb990cdf21950e6086c350175c4bc504e45858230,9.113514,1773044512,5ed81036ced6bd999353c7de41c63af555abf2e94248e0214b6b21245c407e75,200,100.00,3.73,1,5,4,0.023478,0.500539,TopoStake,pog(D=3_omega=0.80_beta=0.50),1.73,1224,0
245,2,0x075e1d95c7891e1c00414ca1aa9a7a8cf6270019,62.246896,1773044514,2b45acfec2c0bd5e3c89273f5edb9eeb04dfaa31d60e885f6dfe3d28497e5cc9,240,120.00,3.98,1,5,4,0.023453,0.500198,TopoStake,pog(D=3_omega=0.80_beta=0.50),1.58,1225,0
245,3,0x50f7fa851f9314d682e36da5caa4635039b5305d,15.115564,1773044516,55a13f7dea4bf9dff97770fb530ace1a4836823d2c6386a7196b3345c47dfe29,217,108.50,3.14,1,5,3,0.023491,0.500559,TopoStake,pog(D=3_omega=0.80_beta=0.50),1.53,1226,0
245,4,0x075e1d95c7891e1c00414ca1aa9a7a8cf6270019,63.247965,1773044519,e42cf5da53483e85852d4d7e859453b90997c68c217a5a91e6d8bdf07e29fe0b,198,66.00,3.30,1,5,3,0.023473,0.500528,TopoStake,pog(D=3_omega=0.80_beta=0.50),2.52,1227,0
246,0,0x1796dc61e715f15a2d27dfa32bd34780f12a8c24,56.799035,1773044520,2ccfe5da78e018c6e7df01b733803af601bf7efed1e9d48ade8173dc19a6bd17,218,109.00,3.07,2,5,3,0.023512,0.500888,TopoStake,pog(D=3_omega=0.80_beta=0.50),2.42,1228,0
246,1,0xb7b4ee0a72bc410bf6d32b9cd3f3e11fc756d6f1,1.064044,1773044522,11d1ad8ae5e2006905a4bf38b7c0a3b0dab1c2c236670df97468cb15e60f28e1,123,123.00,3.22,1,5,3,0.023543,0.501217,TopoStake,pog(D=3_omega=0.80_beta=0.50),1.77,1229,0
246,2,0x687bf2437a044a3e42ff2f8a79a8e54ba9601f70,12.063674,1773044524,f09a342b9b7496ed9c40a9ae54650432c0f6dbecf1377e9bfb54f9db167e7801,216,108.00,3.86,1,6,4,0.023509,0.500139,TopoStake,pog(D=3_omega=0.80_beta=0.50),2.02,1230,0
246,3,0x016d3fc36beee7caa8fbd6c1caa42461dd7f9850,37.930786,1773044526,f2470814a2942aa8a9f1c3dde1257cbeece392130e4cdfe10dc75abf40ae4688,250,125.00,3.81,1,5,4,0.023488,0.500005,TopoStake,pog(D=3_omega=0.80_beta=0.50),1.90,1231,0
246,4,0x269cdf52f97e1d9f14b7be895155a7b294f0b21d,20.740043,1773044528,ce7691286a210b66e6929efd80eb8edf90abf01a0370b3240b6171c966ee80bd,204,102.00,3.05,1,4,3,0.023497,0.500289,TopoStake,pog(D=3_omega=0.80_beta=0.50),1.63,1232,0
247,0,0x9bdb1c7ad4bd8fe797b07c08117c74a591dbab2d,5.435393,1773044530,19deda6ac1ca77ebc56b8fa3221670d28ea93bf72ceb531df9f49078b6563fbf,201,100.50,3.63,1,5,4,0.023486,0.500496,TopoStake,pog(D=3_omega=0.80_beta=0.50),1.54,1233,0
247,1,0x016d3fc36beee7caa8fbd6c1caa42461dd7f9850,38.931736,1773044533,8b98272f6459942d154452bf970e7f78e5fd7292ba0468d602de293585a3b37f,219,73.00,3.69,1,5,4,0.023457,0.499895,TopoStake,pog(D=3_omega=0.80_beta=0.50),2.53,1234,0
247,2,0x606627477c3734932f47972f83c27cf4e3b35b4f,23.391564,1773044534,1e24a44642c6675e4dd80038ab7436b9ed0d818e8bdddb28e92bf7f5fbecee5a,189,94.50,3.04,1,4,3,0.023467,0.500177,TopoStake,pog(D=3_omega=0.80_beta=0.50),2.47,1235,0
247,3,0x1cb1274c711a6c2e4e1596846e6ac604eeefb358,32.439845,1773044536,86d450db19c4df38c5a26ffe5592486ebac54e68acfb1e544a8231858ff68894,120,120.00,3.49,1,5,4,0.023459,0.500399,TopoStake,pog(D=3_omega=0.80_beta=0.50),1.76,1236,0
247,4,0xdcf2130496e27a8094ab996aea4aa77788d65869,18.511000,1773044538,b2520e916e3a0974e23eef37314803d2208deca4a4d883c91755ad49ee7d09c0,250,125.00,3.49,1,5,4,0.023462,0.500651,TopoStake,pog(D=3_omega=0.80_beta=0.50),2.06,1237,0
248,0,0x075e1d95c7891e1c00414ca1aa9a7a8cf6270019,64.249576,1773044540,0bbd2dec8b896a849c439facf617422fc25335305a3f309839c1169de51e9543,203,101.50,3.82,1,5,4,0.023448,0.500786,TopoStake,pog(D=3_omega=0.80_beta=0.50),1.74,1238,0
248,1,0x71f297f96355f349d66f0e9b681e7d4e11224660,5.160014,1773044542,121ea76660f0909c6efde6344667e4d9107a6af1f6567ab8ebdbfcd47d71f97d,196,98.00,3.16,1,5,3,0.023448,0.500787,TopoStake,pog(D=3_omega=0.80_beta=0.50),1.57,1239,0
248,2,0x53be6e527cc5a7d850b5eae27b9cef342e0665f2,14.048242,1773044544,1cc2b0da5b479997b672db7cc1e90fc02fe58a392083a438348010dc0d0994e9,204,102.00,3.92,2,5,4,0.023458,0.500523,TopoStake,pog(D=3_omega=0.80_beta=0.50),1.53,1240,0
248,3,0x075e1d95c7891e1c00414ca1aa9a7a8cf6270019,65.250587,1773044547,40fb9ba440f4f6484c3103c852fdf41203ef7f58107002dca020bea328b3513e,190,63.33,3.53,1,5,4,0.023439,0.500453,TopoStake,pog(D=3_omega=0.80_beta=0.50),2.46,1241,0
248,4,0x13f9dadc05f6c237b03411e2aed1800cf21a5d89,60.386281,1773044548,44577905a72fac6db292576121af489e73d30b9739153677e0b944dd3292b4cd,205,102.50,3.19,1,5,3,0.023479,0.500810,TopoStake,pog(D=3_omega=0.80_beta=0.50),2.52,1242,0
249,0,0x2abf89d7c96c80fcff9dec1fe92803573094ee35,4.216347,1773044550,4c973acfbdb384ee1f8f19aea2127fb66236cdce58903bc57b4d76970b6089df,122,122.00,2.81,1,4,3,0.023514,0.501151,TopoStake,pog(D=3_omega=0.80_beta=0.50),1.79,1243,0
249,1,0xb7b4ee0a72bc410bf6d32b9cd3f3e11fc756d6f1,2.064833,1773044552,2a8877bdb34637c37a0511cdcca2b276f8c5bba5dc209c99aaed05da3c73e16f,212,106.00,3.71,1,5,4,0.023484,0.500483,TopoStake,pog(D=3_omega=0.80_beta=0.50),2.00,1244,0
249,2,0x1796dc61e715f15a2d27dfa32bd34780f12a8c24,57.799875,1773044554,181ed21ad9b51be52c003c5e9b37fa2552c75b6d805fd4eda1bb6a5c2ebea5cd,233,116.50,3.87,1,6,4,0.023451,0.499512,TopoStake,pog(D=3_omega=0.80_beta=0.50),1.78,1245,0
249,3,0x13f9dadc05f6c237b03411e2aed1800cf21a5d89,61.386984,1773044556,1efe2b2e7b8992a35ad29b804f7bcc798855a57803dfca5c79442122c7835d89,166,83.00,3.28,1,5,3,0.023482,0.499838,TopoStake,pog(D=3_omega=0.80_beta=0.50),1.47,1246,0
249,4,0x13f9dadc05f6c237b03411e2aed1800cf21a5d89,62.388014,1773044558,675ec38b757f526ad07073babb13af5c8e60a84aa58322b51a2fa5353e9d4628,208,104.00,3.08,1,5,3,0.023517,0.500179,TopoStake,pog(D=3_omega=0.80_beta=0.50),1.44,1247,0
250,0,0x07902d0371763a00d97ed9ba16ff0a206cb0fd19,102.714898,1773044560,1fb1361fff846037ff764b81964f997136b8c6e7dc601c24640dfff82b74b4ba,197,65.67,3.09,1,5,3,0.023553,0.500519,TopoStake,pog(D=3_omega=0.80_beta=0.50),2.57,1248,0
250,1,0x075e1d95c7891e1c00414ca1aa9a7a8cf6270019,66.251821,1773044562,820c346ed6a444a7194dabf8b5c4bb1a7af215d675502969655c119b66fbdd17,202,101.00,2.78,1,4,3,0.023635,0.500889,TopoStake,pog(D=3_omega=0.80_beta=0.50),2.52,1249,0
250,2,0xa447d277b02012c2afd9ddcbbe123f27cc971963,9.804751,1773044564,98ff9a72fb78a87a61359d10234f0cc1e23f9a6a88b36ccd75102d87d5e249f9,106,106.00,2.83,1,4,3,0.023675,0.501243,TopoStake,pog(D=3_omega=0.80_beta=0.50),1.80,1250,0
250,3,0xa5a12d96532497871d73549e55ab377e3dcb3a40,13.105469,1773044566,8f01e15738a5218aaf29ae4e9d95d2cc4c16dd0edabcad5dc05d9e119b8b5f92,209,104.50,3.39,2,5,3,0.023652,0.500938,TopoStake,pog(D=3_omega=0.80_beta=0.50),2.10,1251,0
250,4,0x07902d0371763a00d97ed9ba16ff0a206cb0fd19,103.715962,1773044568,c066c1c74b81734373556b629a0276dd5593e427fcdc432ffd5e873367a87675,193,96.50,4.16,1,6,4,0.023631,0.500838,TopoStake,pog(D=3_omega=0.80_beta=0.50),2.00,1252,0
251,0,0x89100a8056319ba37491b32ba255004180607bc2,15.789226,1773044570,fffd52b5f6150fedbe1578a16bac99a0eab16ed451bd5d0b11f5a5752c50d8dd,241,120.50,2.82,1,4,3,0.023714,0.501206,TopoStake,pog(D=3_omega=0.80_beta=0.50),1.79,1253,0
251,1,0x0d91704595bff3aec25d40822498a51c62b05e3a,41.627580,1773044572,6984f05bd9336cbd45cc739dda19757b22126437c1881257181a5b37ae31a617,220,110.00,3.88,1,5,4,0.023696,0.501206,TopoStake,pog(D=3_omega=0.80_beta=0.50),1.50,1254,0
251,2,0xdc2bc9a639e2bc25c5f57e628a7cd55f6a3d023b,4.083969,1773044574,44a4f8f11c59876524b661322a366c83574a7845a7aa244688c6fbf4dc73ad1c,205,68.33,3.33,2,5,3,0.023708,0.501499,TopoStake,pog(D=3_omega=0.80_beta=0.50),2.53,1255,0
251,3,0x1796dc61e715f15a2d27dfa32bd34780f12a8c24,58.800844,1773044577,89f8b50dafe43ca188c6d2318a01180bb49f285b0a8165629977d739f340aa89,201,100.50,4.54,1,6,5,0.023678,0.500816,TopoStake,pog(D=3_omega=0.80_beta=0.50),2.47,1256,0
251,4,0x075e1d95c7891e1c00414ca1aa9a7a8cf6270019,67.252566,1773044578,95da71e9a795d83c175ac2dbbc02035c42b872227f77bbbc1e84f062baf0191d,211,105.50,3.22,1,5,3,0.023709,0.501138,TopoStake,pog(D=3_omega=0.80_beta=0.50),2.36,1257,0
252,0,0x07902d0371763a00d97ed9ba16ff0a206cb0fd19,104.717447,1773044580,84241922320862611308066485dad648bb92963b5219951a44ec19c7de8bd58e,141,141.00,2.99,2,5,3,0.023750,0.501490,TopoStake,pog(D=3_omega=0.80_beta=0.50),1.52,1258,0
252,1,0x1cb1274c711a6c2e4e1596846e6ac604eeefb358,33.441121,1773044582,303e91b3d8cba4bdd04d71fd1f38dc2a829af361bc67cc1ff9b3b86a7e9631a0,228,114.00,2.85,1,4,3,0.023832,0.501856,TopoStake,pog(D=3_omega=0.80_beta=0.50),1.76,1259,0
252,2,0x28672c71695142588ed26ada6f4b18b8b6c12308,10.690086,1773044584,a4400dca05e4e77c2ef5e369bcfe916feb945c23220f75e705986fd7a23c776b,197,98.50,3.50,1,5,4,0.023834,0.502102,TopoStake,pog(D=3_omega=0.80_beta=0.50),1.53,1260,0
252,3,0x075e1d95c7891e1c00414ca1aa9a7a8cf6270019,68.253352,1773044586,c76278061baaf73467c625111bf2f8d22375292ab1c1629324c272eff4d13f50,214,107.00,3.65,1,5,4,0.023811,0.501880,TopoStake,pog(D=3_omega=0.80_beta=0.50),1.50,1261,0
252,4,0x24898fcb116b48cb2b6fd5d3b4eb599fee0f4633,36.089964,1773044588,fb2829ec478ac5c707a7ff30261b2b671ecc11645b9b5296a9fb504695ffab00,187,62.33,3.23,2,5,3,0.023852,0.502230,TopoStake,pog(D=3_omega=0.80_beta=0.50),2.50,1262,0
253,0,0x0d91704595bff3aec25d40822498a51c62b05e3a,42.628697,1773044591,ddb13a427dce2218b06f50518f10470b6a66ec698ff8674c807a421d0ad72c07,185,92.50,3.49,1,5,4,0.023858,0.502491,TopoStake,pog(D=3_omega=0.80_beta=0.50),2.57,1263,0
253,1,0xea287b266dbe2c2d402fd91814bcfc4c95d6b0fd,3.144507,1773044592,f7b1b56db098bf044fc962bb0918c6b882f38001de5886093e116861a261ac1a,202,101.00,3.22,1,5,3,0.023870,0.502780,TopoStake,pog(D=3_omega=0.80_beta=0.50),2.46,1264,0
253,2,0x016d3fc36beee7caa8fbd6c1caa42461dd7f9850,39.933089,1773044594,d8f4006245e62afbf166a5acccdd1fdd07a7a2fc0a53672fe83b63f1a2818c6b,127,127.00,3.96,1,6,4,0.023839,0.501950,TopoStake,pog(D=3_omega=0.80_beta=0.50),1.82,1265,0
253,3,0x24898fcb116b48cb2b6fd5d3b4eb599fee0f4633,37.090883,1773044596,f850153c7fd046c4a6630f11af3fbabd2e60ad6eee8b4450708aab65b849a730,250,125.00,3.15,1,4,3,0.023848,0.502225,TopoStake,pog(D=3_omega=0.80_beta=0.50),1.98,1266,0
253,4,0xa3786e459f289a76c0e8af8ad834e3d0c6d47199,11.722030,1773044598,4654670906b22a2852b23bb76745bfbbaf6df9f573670ca1fb8b0ddfe4e97ef9,212,106.00,3.56,1,5,4,0.023854,0.502485,TopoStake,pog(D=3_omega=0.80_beta=0.50),1.59,1267,0
254,0,0x26d553a2f4343b3a7dc88bbd87b3d0a25d3838d9,17.227323,1773044600,b412b6e0777374f9c69b9b6afe042d5b85e9170694d5f2aa8765cbb60e80bb17,228,114.00,4.19,1,6,4,0.023854,0.502486,TopoStake,pog(D=3_omega=0.80_beta=0.50),1.58,1268,0
254,1,0x1796dc61e715f15a2d27dfa32bd34780f12a8c24,59.802005,1773044602,18d50370f51e8a6c4847f1ec7c5f24624f9089beb37f0be17dc8eb325e265c6c,190,63.33,3.88,2,5,4,0.023838,0.502549,TopoStake,pog(D=3_omega=0.80_beta=0.50),2.57,1269,0
254,2,0x30509a8084fdfe6fe24d9c9a817c209ad194f8e3,45.716457,1773044605,300f6a53b9e6654a9d978a66586af60e31ebf9a000334b2e13bf79f2d086e1b4,180,90.00,3.31,1,5,3,0.023870,0.502868,TopoStake,pog(D=3_omega=0.80_beta=0.50),2.44,1270,0
254,3,0x377eaef292051bbf8ada05b2af76a3f3b9d722a7,18.065510,1773044606,574b1d7ef9ec7ae7964966b74d383d750dba411b6d60326cf36432bdc7cef45b,195,97.50,3.36,1,5,3,0.023885,0.503170,TopoStake,pog(D=3_omega=0.80_beta=0.50),2.48,1271,0
254,4,0x6064b9f5883bf9737dfe314ff68c56e09e68ac89,16.193288,1773044608,1576459047b072c292dc1478f81f6a1f827e2a6cab7dd311728cb1e843e7e40c,109,109.00,3.48,1,5,4,0.023870,0.503270,TopoStake,pog(D=3_omega=0.80_beta=0.50),1.88,1272,0
255,0,0xac768e60b9269babb15cb1e36ee843243d7c7543,24.730155,1773044610,1c66183493e112cdeefb7a274569fca642f3441745dcefb9eb69d7098e967d1b,245,122.50,3.90,1,5,4,0.023853,0.503286,TopoStake,pog(D=3_omega=0.80_beta=0.50),2.13,1273,0
255,1,0xdb45667100590f9cfe78a899c3b02c5cd37008f1,16.052227,1773044612,1c21c303dc898e6b4652e5ba71e74b5823be830cbbc5ce8baa18227d588e2188,243,121.50,4.03,1,6,4,0.023845,0.503514,TopoStake,pog(D=3_omega=0.80_beta=0.50),1.77,1274,0
255,2,0x13f9dadc05f6c237b03411e2aed1800cf21a5d89,63.390143,1773044614,911089bf97a6fb85a636ee177ee9fd63c339d81ab895fd17af22390334c5a8e9,209,104.50,4.15,1,5,4,0.023845,0.503515,TopoStake,pog(D=3_omega=0.80_beta=0.50),1.54,1275,0
255,3,0x0d91704595bff3aec25d40822498a51c62b05e3a,43.629890,1773044616,e34441987cc653bbfd61d53864ef51af386a13e088d1d6598b9bd0db20460aec,214,107.00,3.06,1,5,3,0.023880,0.503846,TopoStake,pog(D=3_omega=0.80_beta=0.50),1.47,1276,0
255,4,0xaadc5fea232580cb8fba739ac5d05a48559c7e52,12.352127,1773044619,13a52ceb2a18c02a736a6152a984e8736b33d5370c41c21d548e7e9c9604a807,172,57.33,3.27,1,5,3,0.023893,0.504133,TopoStake,pog(D=3_omega=0.80_beta=0.50),2.51,1277,0
256,0,0xdb45667100590f9cfe78a899c3b02c5cd37008f1,16.052180,1773044620,f7c55da067c001a2864f240cf3f406ecefe443220178b40cb4dadb0a50ea1d09,180,90.00,4.26,1,6,4,0.023872,0.503995,TopoStake,pog(D=3_omega=0.80_beta=0.50),2.41,1278,0
256,1,0xd3997be86c88837e3fd467517b943590b28fa641,3.040586,1773044622,f2ca1f03e09620cdd112b3edfc3743c69c2c2c07dfb965833e9457976ca7ea53,112,112.00,4.12,1,6,4,0.023855,0.503989,TopoStake,pog(D=3_omega=0.80_beta=0.50),1.98,1279,0
256,2,0xf13caa2c5f6f6cf61e51290bfa7826a9140b4faf,4.028189,1773044624,716d497eacb6b0fc7296e7b302bd95f8d66406837d4eda4a051488d50ca1f1ee,250,125.00,4.01,1,6,4,0.023823,0.503137,TopoStake,pog(D=3_omega=0.80_beta=0.50),2.23,1280,0
256,3,0x1cb1274c711a6c2e4e1596846e6ac604eeefb358,34.442021,1773044626,614c9b334cb5c0506ec7a171917b12fc6696e626b079435c0febe187155d8341,250,125.00,4.22,1,6,4,0.023793,0.502442,TopoStake,pog(D=3_omega=0.80_beta=0.50),2.08,1281,0
256,4,0x13f9dadc05f6c237b03411e2aed1800cf21a5d89,64.391432,1773044628,e81ec618864929ca3e29af901bc79536d19202ef1e2bbdd5ded3d9fbcea219f9,139,69.50,3.55,1,5,4,0.023796,0.502684,TopoStake,pog(D=3_omega=0.80_beta=0.50),1.70,1282,0
257,0,0x24898fcb116b48cb2b6fd5d3b4eb599fee0f4633,38.091986,1773044630,60d2660673ca4daa5b00f1f54d63ebcaf7fea19fd1c6a6a40cf2b74b940e3977,185,92.50,3.03,1,4,3,0.023832,0.503014,TopoStake,pog(D=3_omega=0.80_beta=0.50),1.46,1283,0
257,1,0x606627477c3734932f47972f83c27cf4e3b35b4f,24.391775,1773044633,dfe133adcd13cb5d73e68bdfc46cf934bae9339be47c6eac43c9350eb3d21e34,173,57.67,3.64,1,5,4,0.023838,0.503270,TopoStake,pog(D=3_omega=0.80_beta=0.50),2.50,1284,0
257,2,0x0d91704595bff3aec25d40822498a51c62b05e3a,44.630862,1773044634,66eaa90b9b7818fd96df66fb04b2750e3dba98f2c5ab64aac7eca3c5419a0aa6,190,95.00,3.61,1,5,4,0.023830,0.503482,TopoStake,pog(D=3_omega=0.80_beta=0.50),2.43,1285,0
257,3,0x07902d0371763a00d97ed9ba16ff0a206cb0fd19,105.720489,1773044636,123fb41e553ca4a7f66e2387cd7d49c589816c9207b0f8953c1641acbec89ccd,140,140.00,3.11,1,5,3,0.023844,0.503766,TopoStake,pog(D=3_omega=0.80_beta=0.50),1.64,1286,0
257,4,0x0d91704595bff3aec25d40822498a51c62b05e3a,45.631557,1773044638,e43448845225ff7d00f6e04e1f47bc44de28d1812e76ad067de5a9ae8899ad04,217,108.50,2.84,1,4,3,0.023923,0.504124,TopoStake,pog(D=3_omega=0.80_beta=0.50),1.77,1287,0
258,0,0x30509a8084fdfe6fe24d9c9a817c209ad194f8e3,46.717769,1773044640,85dd2f411da8d1057d4e9c42ceaa4b5731353e1ce3f764cc4a205e41d26bdc20,221,110.50,3.31,1,5,3,0.023938,0.504408,TopoStake,pog(D=3_omega=0.80_beta=0.50),1.58,1288,0
258,1,0x07902d0371763a00d97ed9ba16ff0a206cb0fd19,106.721664,1773044642,42c9ed15118028288b3e99f21effd46c66321fceb1db8e94dd55aaa3dbc45915,186,93.00,3.32,1,5,3,0.023938,0.504408,TopoStake,pog(D=3_omega=0.80_beta=0.50),1.54,1289,0
258,2,0x8719ca31b72ae8a5404006763c53d5ad503dbcb0,3.097306,1773044644,895c24084bd17c986d4eda7a52a027a236c3d1b126ff6e8758021a9526333022,213,106.50,2.77,1,4,3,0.024034,0.505062,TopoStake,pog(D=3_omega=0.80_beta=0.50),1.50,1290,0
258,3,0x50f7fa851f9314d682e36da5caa4635039b5305d,16.116417,1773044647,e74d67bd8eb54dff57fe99f9d8c01494c21604c49110f5b31f26560fe9fea0be,214,71.33,4.20,1,6,4,0.024002,0.504209,TopoStake,pog(D=3_omega=0.80_beta=0.50),2.47,1291,0
258,4,0x52e05d9fa4faa167f30baba23c710e4f49115288,14.151824,1773044648,0487e09f55d71e7fa8296a01e91b98b26a5e6f45d9a0f69df87d6df16c7a8e72,200,100.00,3.33,1,5,3,0.023985,0.504192,TopoStake,pog(D=3_omega=0.80_beta=0.50),2.48,1292,0
259,0,0x075e1d95c7891e1c00414ca1aa9a7a8cf6270019,69.255472,1773044650,e071be01a5f4f4632b2e2bade9b73e5cf049e69a62fc0833dd16355d971b150e,109,109.00,4.01,2,5,4,0.023966,0.504112,TopoStake,pog(D=3_omega=0.80_beta=0.50),1.94,1293,0
259,1,0x13f9dadc05f6c237b03411e2aed1800cf21a5d89,65.392724,1773044652,4cd9dc79b1b46aa36ed8d63950af6632890dc751aca01f1450cfd4b9cda3e52f,250,125.00,3.08,1,5,3,0.024005,0.504453,TopoStake,pog(D=3_omega=0.80_beta=0.50),2.15,1294,0
259,2,0x0d91704595bff3aec25d40822498a51c62b05e3a,46.632790,1773044654,7fb511fde42f9c9ba065d64cc0b81ab092343282da127232474b42ab10a979ab,237,118.50,3.08,1,5,3,0.024040,0.504779,TopoStake,pog(D=3_omega=0.80_beta=0.50),1.79,1295,0
259,3,0x07902d0371763a00d97ed9ba16ff0a206cb0fd19,107.722928,1773044656,587ea6a0faa444c1d13991d0758505e1744df3508103e8e08553b76f88ae34e0,201,100.50,3.19,1,5,3,0.024055,0.505061,TopoStake,pog(D=3_omega=0.80_beta=0.50),1.44,1296,0
259,4,0x606627477c3734932f47972f83c27cf4e3b35b4f,25.392678,1773044658,59ae0f9d7920c299b07e1315089493b71016fdb37a36c077d402ff777dcda78e,196,98.00,2.82,1,4,3,0.024135,0.505415,TopoStake,pog(D=3_omega=0.80_beta=0.50),1.54,1297,0
260,0,0x13f9dadc05f6c237b03411e2aed1800cf21a5d89,66.393926,1773044661,02fb0452219251fd076bdd4ec0a93d6fd504670fa34b1199139d2a00bf815122,212,70.67,3.67,1,5,4,0.024128,0.505633,TopoStake,pog(D=3_omega=0.80_beta=0.50),2.52,1298,0
260,1,0x075e1d95c7891e1c00414ca1aa9a7a8cf6270019,70.256843,1773044662,8858b64c5ce93d950242c8af54bd2059f4cabae20663f20eda7ad481e27f3d61,226,113.00,3.12,1,5,3,0.024163,0.505956,TopoStake,pog(D=3_omega=0.80_beta=0.50),2.49,1299,0
260,2,0x07902d0371763a00d97ed9ba16ff0a206cb0fd19,108.724060,1773044664,4d0c601e58480bc04af9653c2ca9162d8824faea62a32acdc614dad406d9cfa3,136,136.00,2.90,1,5,3,0.024203,0.506295,TopoStake,pog(D=3_omega=0.80_beta=0.50),1.71,1300,0
260,3,0x1d1d2c63625de70b1e5ef40056bd2deb89d7fef2,7.061018,1773044666,f2904cb671ce4a59ed9684113977279f591edf12e52e9bb1796a66d868ce86c5,246,123.00,2.84,1,4,3,0.024283,0.506647,TopoStake,pog(D=3_omega=0.80_beta=0.50),1.86,1301,0
260,4,0x075e1d95c7891e1c00414ca1aa9a7a8cf6270019,71.257573,1773044668,15b705d0b9c07b173d5cbacb7e1160dfbd98f27f1f9f090697846f09f7cb1b80,210,105.00,3.81,1,5,4,0.024256,0.506180,TopoStake,pog(D=3_omega=0.80_beta=0.50),1.61,1302,0
261,0,0x07902d0371763a00d97ed9ba16ff0a206cb0fd19,109.725348,1773044670,6cc2b030d48400c2dc92793cce0ad1033b181a7fd8732c1daba8b54981418a10,207,103.50,3.13,1,5,3,0.024296,0.506517,TopoStake,pog(D=3_omega=0.80_beta=0.50),1.57,1303,0
261,1,0x13f9dadc05f6c237b03411e2aed1800cf21a5d89,67.395194,1773044672,f7797131f07b2fe0bf630cafa8016bd856a80978392e33d02c00563ef39c622b,196,98.00,2.73,1,4,3,0.024297,0.506518,TopoStake,pog(D=3_omega=0.80_beta=0.50),1.48,1304,0
261,2,0x377eaef292051bbf8ada05b2af76a3f3b9d722a7,19.065950,1773044674,dec64a9539c582dbf4638b0a369d1615e5638c249bad893bee5d2b0eec8068ab,188,62.67,3.10,2,5,3,0.024333,0.506840,TopoStake,pog(D=3_omega=0.80_beta=0.50),2.52,1305,0
261,3,0x687bf2437a044a3e42ff2f8a79a8e54ba9601f70,13.064175,1773044677,6a3c6afc989bc59daacbdec48a2181c3d07b570dfe1b61a7adfe5f8965ec80e7,235,117.50,3.72,1,5,4,0.024318,0.506967,TopoStake,pog(D=3_omega=0.80_beta=0.50),2.51,1306,0
261,4,0x1cb1274c711a6c2e4e1596846e6ac604eeefb358,35.442669,1773044679,497ff4c9d60a36904644bbe440a433a65e7bd08129563a5936f4561d18a90f0b,183,91.50,3.81,1,5,4,0.024297,0.506847,TopoStake,pog(D=3_omega=0.80_beta=0.50),2.47,1307,0
262,0,0x1796dc61e715f15a2d27dfa32bd34780f12a8c24,60.803461,1773044681,edaae687480c9bdc249916272bd016d3b3a6f95ced4e0a8ede0aad6379cc09f6,245,122.50,3.47,2,5,4,0.024300,0.507081,TopoStake,pog(D=3_omega=0.80_beta=0.50),2.20,1308,0
262,1,0x30405867b72597aaeb27803bb2c7f3f5fc7d5384,8.511802,1773044683,80bffb727535a57e3b1e77d80ef6e29bba7390032902b7baa4342f149360280b,226,113.00,3.25,1,5,3,0.024329,0.507388,TopoStake,pog(D=3_omega=0.80_beta=0.50),1.89,1309,0
262,2,0xdcf2130496e27a8094ab996aea4aa77788d65869,19.511261,1773044685,7a4fe36f6170c22f82683b761138e1cc04ed55156c407d389c11cbb816250376,218,109.00,3.58,1,5,4,0.024303,0.507032,TopoStake,pog(D=3_omega=0.80_beta=0.50),1.61,1310,0
262,3,0xe478b1e4d1538274c0c70cbd7df877f9abab2f62,7.288167,1773044687,03972af6fb7f4fdef58cccae873c411752b9ae07b7edb01e025a76aa36959264,216,108.00,4.01,1,5,4,0.024289,0.507162,TopoStake,pog(D=3_omega=0.80_beta=0.50),1.49,1311,0
262,4,0x075e1d95c7891e1c00414ca1aa9a7a8cf6270019,72.258890,1773044689,f4ed72d470be82d711220b6c4f52f57985bf8fd4ec5225edfe4ba6bca3e6176b,211,70.33,4.00,1,5,4,0.024262,0.506702,TopoStake,pog(D=3_omega=0.80_beta=0.50),2.54,1312,0
263,0,0x07902d0371763a00d97ed9ba16ff0a206cb0fd19,109.725951,1773044692,8de679b08f625b5bd0e19df40b5e08abd8b2091b2c1c7fbf07827e264dca3eab,215,107.50,3.23,1,5,3,0.024302,0.507038,TopoStake,pog(D=3_omega=0.80_beta=0.50),2.48,1313,0
263,1,0x13f9dadc05f6c237b03411e2aed1800cf21a5d89,68.396498,1773044693,3b354d0fee7b0d2d105faed04d75935085890bdd00dbc904db10db7aea2b3bab,205,102.50,2.72,1,4,3,0.024382,0.507386,TopoStake,pog(D=3_omega=0.80_beta=0.50),2.42,1314,0
263,2,0x1796dc61e715f15a2d27dfa32bd34780f12a8c24,61.804692,1773044695,714f0d62af8b0fced975013e940500a9b5809a6a8a7cdef0e18985d60b478134,139,139.00,2.93,2,4,3,0.024418,0.507705,TopoStake,pog(D=3_omega=0.80_beta=0.50),1.64,1315,0
263,3,0x81d019380961f92c2031b0a7fba69f7675145088,5.478502,1773044697,48c105493f46748dddb49d0ed46cfc2209d26a369657456f7606501b211cd015,228,114.00,3.31,1,5,3,0.024448,0.508010,TopoStake,pog(D=3_omega=0.80_beta=0.50),1.87,1316,0
263,4,0x7e40df5d801345015e84c843908efc6683665fa4,10.659804,1773044699,890bac234255db9ccd1d82b04dd2bb7a4778050b83c63564278ae14ca16b00d7,228,114.00,3.71,1,5,4,0.024419,0.507416,TopoStake,pog(D=3_omega=0.80_beta=0.50),1.57,1317,0
264,0,0x8c11ec9090dd820c076e57e899d9c604c79d6b32,17.569836,1773044701,022f884f572e050a4b4ecb15c50c616c490e8272e787c84fc1d3591a386a40c8,196,98.00,3.50,1,5,4,0.024395,0.507183,TopoStake,pog(D=3_omega=0.80_beta=0.50),1.42,1318,0
264,1,0x30509a8084fdfe6fe24d9c9a817c209ad194f8e3,47.719032,1773044703,2dbd14260fd674fb4e3ae2e2583b8d28ff67e1755d6278d89b6d736925ae7b47,190,63.33,4.15,1,6,4,0.024379,0.507240,TopoStake,pog(D=3_omega=0.80_beta=0.50),2.55,1319,0
264,2,0x377eaef292051bbf8ada05b2af76a3f3b9d722a7,20.067079,1773044706,75bcaa7dcb7a4edf614ab77bac527c7929ad3335c1d7de3b45eac5f363e4c5ec,201,100.50,3.41,1,5,4,0.024393,0.507530,TopoStake,pog(D=3_omega=0.80_beta=0.50),2.55,1320,0
264,3,0x30509a8084fdfe6fe24d9c9a817c209ad194f8e3,48.719995,1773044707,b213147ad72e70289da3c3ca0178a53091cd156c966e01577142685124cfc605,187,93.50,3.68,1,5,4,0.024380,0.507683,TopoStake,pog(D=3_omega=0.80_beta=0.50),2.47,1321,0
264,4,0x377eaef292051bbf8ada05b2af76a3f3b9d722a7,21.067967,1773044709,8a6976f6e83d3b80c6c15c033c8c040bdbcb815a8c06eebfd3d8849590929e16,136,136.00,3.15,1,5,3,0.024395,0.507972,TopoStake,pog(D=3_omega=0.80_beta=0.50),1.76,1322,0
265,0,0x377eaef292051bbf8ada05b2af76a3f3b9d722a7,22.069047,1773044711,ed6fd790ff3fdd46d2b39dc7e40d85ba8e1d61eb5af9bbbe49c08d131d3c75ed,218,109.00,3.53,1,5,4,0.024382,0.508151,TopoStake,pog(D=3_omega=0.80_beta=0.50),2.02,1323,0
265,1,0xa3786e459f289a76c0e8af8ad834e3d0c6d47199,11.721263,1773044713,d2a8776515eb37d41b16448c2c4db19bebe32a1824b599d653f72e96257989a4,225,112.50,3.85,1,5,4,0.024371,0.508339,TopoStake,pog(D=3_omega=0.80_beta=0.50),1.74,1324,0
265,2,0xac768e60b9269babb15cb1e36ee843243d7c7543,25.730990,1773044715,f7907b978d2696b76a2e5772d7d55d84bbe9065c6ed39603f56931e5eb194dbd,197,98.50,4.09,1,6,4,0.024348,0.508176,TopoStake,pog(D=3_omega=0.80_beta=0.50),1.51,1325,0
265,3,0x9bdb1c7ad4bd8fe797b07c08117c74a591dbab2d,6.435088,1773044717,b3d5246eaee3eb0df33cc08626f34ce07858790ad4089bda03cc447c1baae0c2,225,112.50,3.83,1,6,4,0.024340,0.508383,TopoStake,pog(D=3_omega=0.80_beta=0.50),1.52,1326,0
265,4,0x8d9e46becf415ca26aa698c9657087e6554aabda,10.382424,1773044719,ffb7b31dd062db9f793079822d1d31f8d422c922a95c97e70f9be017f23e9c9d,215,71.67,3.68,1,5,4,0.024313,0.507856,TopoStake,pog(D=3_omega=0.80_beta=0.50),2.53,1327,0
266,0,0x30509a8084fdfe6fe24d9c9a817c209ad194f8e3,49.720880,1773044721,376c273e34c6a93df7212d0f9f2c6d84db78ca98d1adc1d7f9f843d694ed510a,193,96.50,3.56,1,5,4,0.024289,0.507591,TopoStake,pog(D=3_omega=0.80_beta=0.50),2.48,1328,0
266,1,0x53be6e527cc5a7d850b5eae27b9cef342e0665f2,15.048778,1773044723,edc96251b0abd1f9474902bf3632ddb7febe42e15747ba95b1b48db240ef5387,109,109.00,3.27,2,5,3,0.024306,0.507878,TopoStake,pog(D=3_omega=0.80_beta=0.50),1.83,1329,0
266,2,0x07902d0371763a00d97ed9ba16ff0a206cb0fd19,110.728117,1773044725,b837f1bd57432229e37e7ce470cccc97af1b61be2e75636dc8960127b30cf7a6,239,119.50,3.36,1,5,3,0.024287,0.507821,TopoStake,pog(D=3_omega=0.80_beta=0.50),2.02,1330,0
266,3,0x7e40df5d801345015e84c843908efc6683665fa4,11.660623,1773044727,471759f6a93ba0faf29024fb6ba4b143c2bf463d66d26d2fc966da45d564fb9f,232,116.00,2.82,1,4,3,0.024365,0.508165,TopoStake,pog(D=3_omega=0.80_beta=0.50),1.60,1331,0
266,4,0x075e1d95c7891e1c00414ca1aa9a7a8cf6270019,73.260592,1773044729,87aef3916ae27f020c75b9736c4236dbdfffcb8a2ee27356174212bf1500b9c6,189,94.50,3.43,1,5,3,0.024343,0.507987,TopoStake,pog(D=3_omega=0.80_beta=0.50),1.52,1332,0
267,0,0x213068cb42718d1dd6d00a6d94d62a3def0e68eb,11.365101,1773044731,d86965f6f4fd69fda56ca713133a56f26682f2a1535bbbae9167f9302d8ee1fb,238,119.00,3.10,1,5,3,0.024343,0.507988,TopoStake,pog(D=3_omega=0.80_beta=0.50),1.44,1333,0
267,1,0x075e1d95c7891e1c00414ca1aa9a7a8cf6270019,73.260590,1773044734,bc83a7406bc8660c2610059944347dea73c7da293913c40196546f6d8b128d95,197,65.67,3.69,1,5,4,0.024320,0.507783,TopoStake,pog(D=3_omega=0.80_beta=0.50),2.53,1334,0
267,2,0x07902d0371763a00d97ed9ba16ff0a206cb0fd19,111.729434,1773044735,fdcb90398ee6386a4005a030eb150ab6eede9d90f22bf312b4611e4e34dc86b3,194,97.00,3.19,1,5,3,0.024360,0.508112,TopoStake,pog(D=3_omega=0.80_beta=0.50),2.43,1335,0
267,3,0x8d9e46becf415ca26aa698c9657087e6554aabda,11.383271,1773044737,6e58cd310aef782aeddb0aca0b1f3e246b5442c0f77912b55f7c5141c60e70b2,130,130.00,2.54,1,4,3,0.024438,0.508454,TopoStake,pog(D=3_omega=0.80_beta=0.50),1.74,1336,0
267,4,0x606627477c3734932f47972f83c27cf4e3b35b4f,26.393518,1773044739,6281dae7b22453a0a7b31d6bc5e7f387edee34c5ebe0c3b2d48effba49087518,238,119.00,3.67,1,5,4,0.024416,0.508236,TopoStake,pog(D=3_omega=0.80_beta=0.50),2.03,1337,0
268,0,0x24898fcb116b48cb2b6fd5d3b4eb599fee0f4633,39.092887,1773044741,11a94ae8ad8f67072330f4be49c097d7e141276a70a71eed55d6dc8e6e0e0aa7,241,120.50,3.67,1,5,4,0.024408,0.508446,TopoStake,pog(D=3_omega=0.80_beta=0.50),1.84,1338,0
268,1,0xc4dc29db975b952e04358340e56b68fa4ba63fbc,3.526514,1773044743,e2f7d144d03534c133a615953402f9fb84a51a20b6ed52ba2948bd55fa247c4e,186,93.00,3.40,1,5,4,0.024413,0.508689,TopoStake,pog(D=3_omega=0.80_beta=0.50),1.54,1339,0
268,2,0xaadc5fea232580cb8fba739ac5d05a48559c7e52,13.352023,1773044745,bbb41cf1366ab4ce3507d18593f95a3c8454dd61605097d1f6dcdf5ab7c74a0a,193,96.50,3.70,1,5,4,0.024383,0.507923,TopoStake,pog(D=3_omega=0.80_beta=0.50),1.57,1340,0
268,3,0x6064b9f5883bf9737dfe314ff68c56e09e68ac89,17.193782,1773044747,134e6805d14a4d68d6373cce25fb43d1605419bfa199b08022a716a4344251e6,199,66.33,4.51,2,6,5,0.024362,0.507806,TopoStake,pog(D=3_omega=0.80_beta=0.50),2.45,1341,0
268,4,0x13f9dadc05f6c237b03411e2aed1800cf21a5d89,69.398474,1773044750,8968f00d42bd653aa468c7eb5098a9017e09bdfcce26879fd134028950717576,207,103.50,3.81,1,5,4,0.024346,0.507836,TopoStake,pog(D=3_omega=0.80_beta=0.50),2.53,1342,0
269,0,0x719361397abe003a91af76243e5f9c7a0cd4279f,20.554705,1773044752,3df041b92c7184d57bd356f7f4c8f3b263eec82a5badad57b18ac6835a1b0f4c,204,102.00,3.00,1,5,3,0.024381,0.508149,TopoStake,pog(D=3_omega=0.80_beta=0.50),2.48,1343,0
269,1,0xa447d277b02012c2afd9ddcbbe123f27cc971963,10.804780,1773044754,aa2f45099d9088f6daac957bbf98ee92c0f5565e98869076a1b2f67b6449d981,245,122.50,3.79,1,5,4,0.024368,0.508307,TopoStake,pog(D=3_omega=0.80_beta=0.50),2.28,1344,0
269,2,0x4414c05be2cf328f38d2e3ef4b705d6b894f044a,15.091796,1773044756,0863d89d9e0df7463167d068a9e1228c6e5004025039ab625bea7b6ee34d231e,225,112.50,3.49,1,5,4,0.024344,0.508052,TopoStake,pog(D=3_omega=0.80_beta=0.50),1.90,1345,0
269,3,0x13f9dadc05f6c237b03411e2aed1800cf21a5d89,70.399630,1773044758,defbb9c8a8c991a9589d566a31505d735b583dc9d6a77677c8af53a10002687a,197,98.50,3.96,1,5,4,0.024326,0.507983,TopoStake,pog(D=3_omega=0.80_beta=0.50),1.64,1346,0
269,4,0x1cb1274c711a6c2e4e1596846e6ac604eeefb358,36.444060,1773044760,78cbee1217363efc3b3bc4ef47db6d7bd2f361609857d9458ef548301c09750a,226,113.00,3.07,1,5,3,0.024326,0.507984,TopoStake,pog(D=3_omega=0.80_beta=0.50),1.59,1347,0
270,0,0x016d3fc36beee7caa8fbd6c1caa42461dd7f9850,40.935587,1773044762,71fc1b5c0fab186763bcaf8f2f470bf3392b0b19ed8db2fa471de411e8499e61,209,104.50,3.57,1,5,4,0.024364,0.508523,TopoStake,pog(D=3_omega=0.80_beta=0.50),1.47,1348,0
270,1,0x7e40df5d801345015e84c843908efc6683665fa4,12.661363,1773044765,d2d4c150b74524aa192ea5c66e29de2612dcf37fcd6be933d7fdba608461de76,204,68.00,3.09,1,4,3,0.024371,0.508778,TopoStake,pog(D=3_omega=0.80_beta=0.50),2.57,1349,0
270,2,0x0d91704595bff3aec25d40822498a51c62b05e3a,47.634654,1773044766,6388d3bc633abd5d6b8cb2a3e333e4152c8cea6c8e645b6969bb60ffeff20a22,197,98.50,3.36,1,5,3,0.024350,0.508629,TopoStake,pog(D=3_omega=0.80_beta=0.50),2.50,1350,0
270,3,0xa7e4d4d949807065ebf85adc1be8c382c7236c15,5.203890,1773044768,f1a95bf6e95ada8354d6db41fc6284b593582bf3ebe57a92e95176462de1da0b,132,132.00,3.20,1,5,3,0.024363,0.508898,TopoStake,pog(D=3_omega=0.80_beta=0.50),1.82,1351,0
270,4,0xa447d277b02012c2afd9ddcbbe123f27cc971963,11.805830,1773044770,d47bdb50c35fd6735d1764a51b25ba5afcd7509610707058354c508a0820eb23,225,112.50,3.76,1,5,4,0.024334,0.508296,TopoStake,pog(D=3_omega=0.80_beta=0.50),2.10,1352,0
271,0,0xea287b266dbe2c2d402fd91814bcfc4c95d6b0fd,4.143777,1773044772,dfe4dd9ee604e836f0ef0f7ba784aa9cfd203deda413ef0df9f74767acf0c5b1,250,125.00,3.58,1,5,4,0.024312,0.508096,TopoStake,pog(D=3_omega=0.80_beta=0.50),2.02,1353,0
271,1,0x1cb1274c711a6c2e4e1596846e6ac604eeefb358,37.445103,1773044774,e5a05f6634021957878dbde1930b937a5e31fc09ce12bac92be0a68dc01a34e5,217,108.50,4.04,1,6,4,0.024283,0.507425,TopoStake,pog(D=3_omega=0.80_beta=0.50),1.71,1354,0
271,2,0x719361397abe003a91af76243e5f9c7a0cd4279f,21.555808,1773044776,3e6d8c1e5b5ff186596500180938af9d2ae6e8d78728578aa2a0e8b28c9b98ec,204,102.00,3.41,1,5,4,0.024286,0.507651,TopoStake,pog(D=3_omega=0.80_beta=0.50),1.49,1355,0
271,3,0x075e1d95c7891e1c00414ca1aa9a7a8cf6270019,74.262445,1773044778,4267a20f8a5b3a052093f09ac854531a450d1bed3cea0343f85cf9e1edf49f7d,204,68.00,3.94,2,5,4,0.024274,0.507819,TopoStake,pog(D=3_omega=0.80_beta=0.50),2.51,1356,0
271,4,0x89100a8056319ba37491b32ba255004180607bc2,16.789216,1773044781,62ac0483f191bd859f1bc05b0971ff93e9bb0075e3c9828225757fa3654c448d,182,91.00,3.14,1,5,3,0.024313,0.508144,TopoStake,pog(D=3_omega=0.80_beta=0.50),2.49,1357,0
272,0,0x07902d0371763a00d97ed9ba16ff0a206cb0fd19,112.731908,1773044782,abf84da89ce05e1d2a6c0719b8615ce29e3dcc556ee7088c82c99d2fc4c6bc59,204,102.00,3.78,1,5,4,0.024296,0.508151,TopoStake,pog(D=3_omega=0.80_beta=0.50),2.50,1358,0
272,1,0x13f9dadc05f6c237b03411e2aed1800cf21a5d89,71.401281,1773044784,979e1828384213729ff91a8294c08d6bd8fd4de2cdf50552f83c905ad54f114b,133,133.00,2.59,1,4,3,0.024372,0.508488,TopoStake,pog(D=3_omega=0.80_beta=0.50),1.77,1359,0
272,2,0x3513d672439a59c26cc5711f2b715ccb4810a774,18.299441,1773044786,3e6f4dd0de48139a5d6ef26ce7f4e6bc7bfb92ed4742cb736ce66c7ee8105ec1,228,114.00,2.92,2,5,3,0.024408,0.508797,TopoStake,pog(D=3_omega=0.80_beta=0.50),1.95,1360,0
272,3,0xf82400c4f426bdbd2bc687ffef1f22c1a381c851,3.044617,1773044788,81bfe3f2b86c7a5c36acf2e3a868ed5dd6c0a591784957c94b1d2f7be8d8404e,211,105.50,3.86,1,5,4,0.024393,0.508880,TopoStake,pog(D=3_omega=0.80_beta=0.50),1.78,1361,0
272,4,0xdcf2130496e27a8094ab996aea4aa77788d65869,20.511905,1773044790,3392f19629154315ae62611f82a154295dcdbebce78c6b78f3a8ae2c11812905,197,98.50,4.25,1,6,4,0.024362,0.508038,TopoStake,pog(D=3_omega=0.80_beta=0.50),1.75,1362,0
273,0,0x54f496e5c1d9f95a916cf7f5b62e9c98e64a3dc5,1.020047,1773044792,e4ce1e0328e492dae477f03d1e83112fe4e0a0870ad166c4fad6fe38df7f974f,199,99.50,4.07,1,5,4,0.024349,0.508179,TopoStake,pog(D=3_omega=0.80_beta=0.50),1.42,1363,0
273,1,0x269cdf52f97e1d9f14b7be895155a7b294f0b21d,21.740258,1773044794,a0b08da4b63369388cc86c96f2da9c1f88caf5d895d9b46040648fdb60054079,186,62.00,4.27,2,5,4,0.024316,0.507179,TopoStake,pog(D=3_omega=0.80_beta=0.50),2.41,1364,0
273,2,0x606627477c3734932f47972f83c27cf4e3b35b4f,27.394457,1773044797,aba872ae4c1881561fd3ea4194f38564c20a15ffd037a7a11513279712fc8d0f,185,92.50,3.67,1,5,4,0.024304,0.507337,TopoStake,pog(D=3_omega=0.80_beta=0.50),2.55,1365,0
273,3,0x26d553a2f4343b3a7dc88bbd87b3d0a25d3838d9,18.227522,1773044798,439718654277135bdc1b89561ac650e10943bd4f94bcb3bfbdc5cd3c4fdbfdc6,201,100.50,3.56,1,5,4,0.024297,0.507548,TopoStake,pog(D=3_omega=0.80_beta=0.50),2.45,1366,0
273,4,0x075e1d95c7891e1c00414ca1aa9a7a8cf6270019,75.263653,1773044800,0a6b7fa2c871cfbed525b31124f0b2346ea825e84fed079243b912719f05d98f,106,106.00,3.78,1,5,4,0.024282,0.507615,TopoStake,pog(D=3_omega=0.80_beta=0.50),1.92,1367,0
274,0,0xc24b36dee27726233c3bbd9e1f028f98b6b2a424,8.402418,1773044802,d085a865e442671058481003397330f9a0d0c9aec8dc058f4f082d4844d54a0d,250,125.00,3.19,2,5,3,0.024321,0.507937,TopoStake,pog(D=3_omega=0.80_beta=0.50),2.20,1368,0
274,1,0x24898fcb116b48cb2b6fd5d3b4eb599fee0f4633,40.093818,1773044804,b562e51e6f683e6d4a56bdec537f2b84aeafa44a8122fdb53f497bab8408f723,231,115.50,4.03,2,6,4,0.024296,0.507578,TopoStake,pog(D=3_omega=0.80_beta=0.50),1.90,1369,0
274,2,0x075e1d95c7891e1c00414ca1aa9a7a8cf6270019,76.264958,1773044806,39a36537ae1364a7643d00f7f53b71c7a9bbcd576a1b4b9e9bff00810e9f62b7,211,105.50,3.57,1,5,4,0.024301,0.507816,TopoStake,pog(D=3_omega=0.80_beta=0.50),1.56,1370,0
274,3,0x075e1d95c7891e1c00414ca1aa9a7a8cf6270019,77.265893,1773044808,b0426eaca9fbff3d91d4278c47e3b2098923bc8688f647eb9831d76edf476056,189,94.50,3.10,1,5,3,0.024341,0.508137,TopoStake,pog(D=3_omega=0.80_beta=0.50),1.50,1371,0
274,4,0x81193196c1dbdbf80709d43a5af5ce21c201fbd7,10.829013,1773044810,f76aae7fc4077926781776085d12eaf66bfc8efbdf864bced947934994b7d1b0,213,71.00,3.20,1,5,3,0.024341,0.508138,TopoStake,pog(D=3_omega=0.80_beta=0.50),2.46,1372,0
275,0,0x24898fcb116b48cb2b6fd5d3b4eb599fee0f4633,41.094850,1773044812,f1d410a559c820252fc3d31d2ef07c7ecbbad2eda2b3fb6fa1b5e9f3bba7d1eb,199,99.50,3.95,1,5,4,0.024318,0.507875,TopoStake,pog(D=3_omega=0.80_beta=0.50),2.44,1373,0
275,1,0xa3786e459f289a76c0e8af8ad834e3d0c6d47199,12.721568,1773044814,5d8e8ea726f27a8aacef2daf11896bd8e59786bae6cb147a55eb1096f08eefb4,111,111.00,3.46,1,5,4,0.024324,0.508115,TopoStake,pog(D=3_omega=0.80_beta=0.50),1.89,1374,0
275,2,0x49b57eb4dace37c8819daf079c9c674f766d4f38,20.243111,1773044816,f7c3d01d483f6cd2effac45820fd24131f3637dcfbab9bedf91ec550fbb06a04,210,105.00,4.17,1,6,4,0.024304,0.507956,TopoStake,pog(D=3_omega=0.80_beta=0.50),2.30,1375,0
275,3,0x1796dc61e715f15a2d27dfa32bd34780f12a8c24,62.807031,1773044818,56f04795bbfa6fcc75bb7a39aafae52e80057df3407445276b2bc9b788dda722,250,125.00,3.91,1,6,4,0.024290,0.508080,TopoStake,pog(D=3_omega=0.80_beta=0.50),2.03,1376,0
275,4,0xcdc82b7c868072205a399d0f68e6e3ad3bfd1ca6,8.200214,1773044820,e73c41babbef80b3bc5e956304c99fb2ce9ab5c1e5526f56397b8484f4837765,229,114.50,3.39,1,5,3,0.024317,0.508372,TopoStake,pog(D=3_omega=0.80_beta=0.50),1.80,1377,0
276,0,0x606627477c3734932f47972f83c27cf4e3b35b4f,28.395325,1773044822,d422364b0b09406567afcbb84691e05eb6697dd9da6e3691ec6a68e613946cea,200,100.00,3.56,1,5,4,0.024291,0.507994,TopoStake,pog(D=3_omega=0.80_beta=0.50),1.47,1378,0
276,1,0x3513d672439a59c26cc5711f2b715ccb4810a774,19.300342,1773044824,f617bedb31320f21ebdca2275e11fb12d71f579d6447d8b8956ef0ad8bebc454,175,58.33,3.66,1,5,4,0.024285,0.508203,TopoStake,pog(D=3_omega=0.80_beta=0.50),2.54,1379,0
276,2,0x763be7657fec175a3de5f1ee0a506722872c886d,2.019782,1773044826,74e04bf458d558412edbb28ef176b8097e953537716b0f7439a5644aa7a88de8,212,106.00,3.90,1,5,4,0.024271,0.508301,TopoStake,pog(D=3_omega=0.80_beta=0.50),2.51,1380,0
276,3,0x13f9dadc05f6c237b03411e2aed1800cf21a5d89,72.403268,1773044828,8ccba6830cb98431eb86ee33d0182667a3b93e9d7cca52beefd91e321fbe3c94,119,119.00,3.65,1,5,4,0.024240,0.507394,TopoStake,pog(D=3_omega=0.80_beta=0.50),1.96,1381,0
276,4,0x213068cb42718d1dd6d00a6d94d62a3def0e68eb,12.365621,1773044830,f46c989a7bcf27548d30a920e5008c2cf232e57a99dbad42d176dc87de682b1a,241,120.50,2.95,1,5,3,0.024275,0.507700,TopoStake,pog(D=3_omega=0.80_beta=0.50),2.14,1382,0
277,0,0xac768e60b9269babb15cb1e36ee843243d7c7543,26.731686,1773044832,70ea84abb34303b91ed87a95db22e1096ddf5a17edadb89fab744aaef1cf26d5,223,111.50,3.63,1,5,4,0.024254,0.507518,TopoStake,pog(D=3_omega=0.80_beta=0.50),1.87,1383,0
277,1,0x1796dc61e715f15a2d27dfa32bd34780f12a8c24,63.808219,1773044834,8d2cf8678918b181cf04bba935d5e4cb7b025f925ef5555ba8d7bbb00323ccf4,236,118.00,4.00,1,6,4,0.024247,0.507713,TopoStake,pog(D=3_omega=0.80_beta=0.50),1.56,1384,0
277,2,0x07902d0371763a00d97ed9ba16ff0a206cb0fd19,113.734591,1773044836,acef8eeec6119a3a66ffbc818acec1e62fa5deb4d6ac9dfcd55d1658be01b4eb,222,111.00,3.33,1,5,3,0.024274,0.508004,TopoStake,pog(D=3_omega=0.80_beta=0.50),1.56,1385,0
277,3,0x8c11ec9090dd820c076e57e899d9c604c79d6b32,18.570253,1773044838,6586ffbebd2e8f3c758ec7459ba8fad03ae3166aaadcdcd904efab0b856c4d74,210,105.00,2.83,1,4,3,0.024348,0.508335,TopoStake,pog(D=3_omega=0.80_beta=0.50),1.49,1386,0
277,4,0x786f26993bf015cd2da6fb5d3ccd1879e01246ab,16.291168,1773044841,9706cf782c4129dcdd84a55feb876acdb75afae984995aa2e8c252b6073632ec,187,62.33,4.06,1,6,4,0.024333,0.508403,TopoStake,pog(D=3_omega=0.80_beta=0.50),2.48,1387,0
278,0,0x50f7fa851f9314d682e36da5caa4635039b5305d,17.116797,1773044842,a98f568d247713ca3597c3fc8598ffc17b590307c94cbfd3e50bba59e0027b65,198,99.00,4.02,1,5,4,0.024315,0.508376,TopoStake,pog(D=3_omega=0.80_beta=0.50),2.45,1388,0
278,1,0x07902d0371763a00d97ed9ba16ff0a206cb0fd19,114.735673,1773044844,5eb198eb8870989109578982b4d7bd5bdb488e7c37623863bc749374877e118c,111,111.00,3.20,2,4,3,0.024298,0.508380,TopoStake,pog(D=3_omega=0.80_beta=0.50),1.71,1389,0
278,2,0x719361397abe003a91af76243e5f9c7a0cd4279f,22.556388,1773044846,0503f14e87bcdf14db759e9fc9b795573aa48405ac1c3f877f11cd43a32b3e44,250,125.00,2.83,1,4,3,0.024373,0.508710,TopoStake,pog(D=3_omega=0.80_beta=0.50),1.89,1390,0
278,3,0xb7b4ee0a72bc410bf6d32b9cd3f3e11fc756d6f1,3.063910,1773044848,883acdf63166e981b0852ab4a3326d7dbc6361fc77727a92335207a663cf03bc,176,88.00,3.68,1,5,4,0.024361,0.508880,TopoStake,pog(D=3_omega=0.80_beta=0.50),1.60,1391,0
278,4,0x49b57eb4dace37c8819daf079c9c674f766d4f38,21.244218,1773044850,11cf34b12913cebd05117efd4865a93126daa5d9684b790c4058554913cc84ab,207,103.50,3.94,1,6,4,0.024331,0.508043,TopoStake,pog(D=3_omega=0.80_beta=0.50),1.59,1392,0
279,0,0x075e1d95c7891e1c00414ca1aa9a7a8cf6270019,77.266699,1773044852,0b45a583972b9c8a06210e3acbb4d1669c8c1d141424dd9643c25bad9943b166,196,98.00,4.02,1,6,4,0.024318,0.508178,TopoStake,pog(D=3_omega=0.80_beta=0.50),1.50,1393,0
279,1,0xd3997be86c88837e3fd467517b943590b28fa641,4.039573,1773044854,1b269304786803661d4a463d8a7a7ce9d3b9a434527044b5085a9efb51602f85,178,59.33,3.15,1,5,3,0.024358,0.508494,TopoStake,pog(D=3_omega=0.80_beta=0.50),2.50,1394,0
279,2,0x0d91704595bff3aec25d40822498a51c62b05e3a,48.636109,1773044856,7c1e49d67bd69c0f77ec0398a4acdcc4410b058c391506bc839e29cd791db2f1,197,98.50,4.09,1,6,4,0.024329,0.507816,TopoStake,pog(D=3_omega=0.80_beta=0.50),2.46,1395,0
279,3,0x1796dc61e715f15a2d27dfa32bd34780f12a8c24,64.809459,1773044858,f3c2dd476c9532631a4dbf82493134b0411ff63c69049d0346a56d6fb0dcbc86,140,140.00,3.06,1,5,3,0.024341,0.508077,TopoStake,pog(D=3_omega=0.80_beta=0.50),1.81,1396,0
279,4,0x07902d0371763a00d97ed9ba16ff0a206cb0fd19,115.737339,1773044860,1c03c930165c810256bf80fb6cd90d676ee0135439dfe9dcc72df39cf5177cde,249,124.50,3.20,1,5,3,0.024369,0.508365,TopoStake,pog(D=3_omega=0.80_beta=0.50),2.05,1397,0
280,0,0x9ba702916c26a8583a7f277d6932b3c0d9927ce0,2.178033,1773044862,b8cbb244101072bd26bed8f11e3760a29ad845b51cfe45e613b9a265b53a130a,213,106.50,2.80,2,4,3,0.024443,0.508693,TopoStake,pog(D=3_omega=0.80_beta=0.50),1.75,1398,0
280,1,0xdc2bc9a639e2bc25c5f57e628a7cd55f6a3d023b,5.082480,1773044864,811a5db17460fc318892345b3475568b969f72cb06f122ed9a8fa4b645670282,218,109.00,3.60,1,5,4,0.024412,0.507797,TopoStake,pog(D=3_omega=0.80_beta=0.50),1.47,1399,0
280,2,0x30509a8084fdfe6fe24d9c9a817c209ad194f8e3,50.722469,1773044866,6f406aa2f99481212b1cb9d076498dc0e823a6f4438d07d7e7851d004fe66370,196,98.00,4.49,1,6,5,0.024384,0.507199,TopoStake,pog(D=3_omega=0.80_beta=0.50),1.46,1400,0
280,3,0x1d1d2c63625de70b1e5ef40056bd2deb89d7fef2,8.060644,1773044868,9c95f46969bfa9a905de9a0065078b7bb9db00ab9f73b9743bdc88965987c7c2,220,73.33,3.35,1,5,3,0.024398,0.507473,TopoStake,pog(D=3_omega=0.80_beta=0.50),2.56,1401,0
280,4,0x075e1d95c7891e1c00414ca1aa9a7a8cf6270019,78.267860,1773044871,03bf5883c2df8447af668612cf2ef3a48ec09055c1b7dd1189afc9239afe32cd,177,88.50,3.69,1,5,4,0.024373,0.507079,TopoStake,pog(D=3_omega=0.80_beta=0.50),2.42,1402,0
281,0,0x1cb1274c711a6c2e4e1596846e6ac604eeefb358,38.446325,1773044872,bc406209091cba1b98d1328dfcf1e68b926a719e37288fd4e53d431e6408ed3f,188,94.00,3.03,1,5,3,0.024413,0.507394,TopoStake,pog(D=3_omega=0.80_beta=0.50),2.41,1403,0
281,1,0xd46407aa7b668c72de3cf1c1a12b7fa2e308a1b2,3.972628,1773044874,fcbcc7f7e15bb58bfaebfa58dc7acd9ca62f14d8bd4815683070cab53ee6c942,125,125.00,3.42,1,5,4,0.024415,0.507613,TopoStake,pog(D=3_omega=0.80_beta=0.50),1.74,1404,0
281,2,0x07902d0371763a00d97ed9ba16ff0a206cb0fd19,116.738844,1773044876,ffb8dc6974fd138078f88f397b41ba16ccc9ecf23009ff6c94b2e3ba53f893f6,212,106.00,3.82,1,5,4,0.024386,0.506917,TopoStake,pog(D=3_omega=0.80_beta=0.50),1.93,1405,0
281,3,0x0d91704595bff3aec25d40822498a51c62b05e3a,49.637051,1773044878,a143609ef937f864703b25cfa532bc2c40768967099dcb7237483afbeb88de1e,242,121.00,2.87,1,4,3,0.024461,0.507245,TopoStake,pog(D=3_omega=0.80_beta=0.50),1.79,1406,0
281,4,0x016d3fc36beee7caa8fbd6c1caa42461dd7f9850,41.937501,1773044880,03619ef4c8f7b3cb2e9365b565a8aa510f7ca44bb49fbea05052a28725014c72,190,95.00,3.24,1,5,3,0.024474,0.507504,TopoStake,pog(D=3_omega=0.80_beta=0.50),1.47,1407,0
282,0,0xc577329e86aaecb006f17fb90499c54671119935,2.302850,1773044882,2e3c695c1a3eeb6f77ee9b68cddbae2f00c341c35ff1eced1cf3d7b1b6f846bd,180,90.00,3.09,2,4,3,0.024479,0.507748,TopoStake,pog(D=3_omega=0.80_beta=0.50),1.47,1408,0
282,1,0x016d3fc36beee7caa8fbd6c1caa42461dd7f9850,42.938380,1773044885,30b7451f4da0a55ac12bde8cb1d9f4767d292b5f178b25bf0c6032cb03132df2,215,71.67,3.94,1,6,4,0.024449,0.506856,TopoStake,pog(D=3_omega=0.80_beta=0.50),2.45,1409,0
282,2,0xb990cdf21950e6086c350175c4bc504e45858230,10.112705,1773044886,35c7bc268582ed80d25068a01c888277751454109708b78964d6ed1fcbac2150,221,110.50,3.08,1,4,3,0.024455,0.507101,TopoStake,pog(D=3_omega=0.80_beta=0.50),2.45,1410,0
282,3,0x89100a8056319ba37491b32ba255004180607bc2,17.789765,1773044888,54b10fb50398c54d8f752fa02aa5ca650bc45af5ffae5991160579ca19b0febe,94,94.00,3.86,1,5,4,0.024432,0.506815,TopoStake,pog(D=3_omega=0.80_beta=0.50),1.94,1411,0
282,4,0xdb45667100590f9cfe78a899c3b02c5cd37008f1,17.051202,1773044890,da7bf9ea48e077835b8378079e58be08d804a52e9e47bb6b27fd8b53a710ad2a,245,122.50,3.82,1,5,4,0.024416,0.506840,TopoStake,pog(D=3_omega=0.80_beta=0.50),2.13,1412,0
283,0,0xcdfb7a191f0bf929991735127c8d1b4e5b99de22,0.021374,1773044892,445b1ab9e95e10a3eb43d56d3d5c275972e5b4279e0f2de1046aba47dea59372,193,96.50,4.14,2,6,4,0.024399,0.506826,TopoStake,pog(D=3_omega=0.80_beta=0.50),1.79,1413,0
283,1,0x53be6e527cc5a7d850b5eae27b9cef342e0665f2,16.049891,1773044894,dbd4eb4c5abc5d7fe7ace6574602ab2c5c561bfd6131c86c95bda9a4b64ff01a,230,115.00,4.40,1,6,4,0.024367,0.505831,TopoStake,pog(D=3_omega=0.80_beta=0.50),1.66,1414,0
283,2,0x54f496e5c1d9f95a916cf7f5b62e9c98e64a3dc5,2.019863,1773044896,661567859262f8abbe2f85b1c48181fea0a623c5cf97d7f4161fb4e8ecaad51c,197,98.50,3.44,1,5,4,0.024349,0.505783,TopoStake,pog(D=3_omega=0.80_beta=0.50),1.57,1415,0
283,3,0xb990cdf21950e6086c350175c4bc504e45858230,11.113095,1773044899,702e375b5ec26a1de3f08ecdca1c998facc7cb3cea5ae3e80c0d18a16ae62d51,193,64.33,4.23,1,5,4,0.024318,0.504865,TopoStake,pog(D=3_omega=0.80_beta=0.50),2.47,1416,0
283,4,0x0d91704595bff3aec25d40822498a51c62b05e3a,50.638249,1773044900,23c7bc34e4a24f4dd5dcc39923c2824aaf48cd378830e1a155210f50071aea9d,193,96.50,3.99,1,5,4,0.024296,0.504614,TopoStake,pog(D=3_omega=0.80_beta=0.50),2.47,1417,0
284,0,0xd39dbd3662315e3935ec08e6b6028e73b3c09de2,2.903629,1773044902,4a49541fbff0f963bc079dd92178d3387f8fcd3b0508adefc625bf2d1dde579a,123,123.00,3.15,1,5,3,0.024310,0.504873,TopoStake,pog(D=3_omega=0.80_beta=0.50),1.70,1418,0
284,1,0x606627477c3734932f47972f83c27cf4e3b35b4f,29.396008,1773044904,b7ed136bd8e25ce8bf51bd0590853333c5bd8591bb43a48fd217d3f32fe6cc04,171,85.50,4.50,1,6,5,0.024280,0.504020,TopoStake,pog(D=3_omega=0.80_beta=0.50),2.19,1419,0
284,2,0xdb45667100590f9cfe78a899c3b02c5cd37008f1,18.051987,1773044906,6f2956dce8aac6f4f39bc46a3225a873701bafddba218a08fdf67e6620b2bee1,250,125.00,3.60,1,5,4,0.024275,0.504226,TopoStake,pog(D=3_omega=0.80_beta=0.50),1.96,1420,0
284,3,0x3d92e045fb1847aae132b40ebfcc471a32f687de,10.120797,1773044908,fd890e85a235e9178717213734c986c1f1107bf7a6f8c6a6bb63d3baee90e4ab,125,62.50,4.14,1,6,4,0.024259,0.504254,TopoStake,pog(D=3_omega=0.80_beta=0.50),1.38,1421,0
284,4,0x016d3fc36beee7caa8fbd6c1caa42461dd7f9850,43.939531,1773044910,b878ac48612959f3e2a1e6a82a508b1ea4e8bccfbf3cb3bab03325b8f0aeefc6,204,68.00,4.01,2,5,4,0.024236,0.503959,TopoStake,pog(D=3_omega=0.80_beta=0.50),2.51,1422,0
285,0,0x81d019380961f92c2031b0a7fba69f7675145088,6.478039,1773044913,cd3b887623e4e3102d641d555576caf6b45e479a6967e5536d2337e9e8ab9d1a,191,95.50,3.14,1,4,3,0.024243,0.504205,TopoStake,pog(D=3_omega=0.80_beta=0.50),2.48,1423,0
285,1,0xdcf2130496e27a8094ab996aea4aa77788d65869,21.512233,1773044914,8f40dca61211f428444c920ff87363c8a9e79d69cd6b4ee8effe2bb8ebf6c782,195,97.50,3.74,1,5,4,0.024217,0.503703,TopoStake,pog(D=3_omega=0.80_beta=0.50),2.50,1424,0
285,2,0x075e1d95c7891e1c00414ca1aa9a7a8cf6270019,79.269602,1773044916,92d5f752990454eac0de46ce3aa81cb3ff083edf7ce2090c77876d02fc14bdc0,119,119.00,3.79,1,5,4,0.024204,0.503831,TopoStake,pog(D=3_omega=0.80_beta=0.50),1.82,1425,0
285,3,0x24898fcb116b48cb2b6fd5d3b4eb599fee0f4633,42.095652,1773044918,e1c8e359bb564e2e721cf0b0bbbc20d16929f847434b1450686efb2ce2887a2d,246,123.00,3.11,1,5,3,0.024243,0.504144,TopoStake,pog(D=3_omega=0.80_beta=0.50),1.96,1426,0
285,4,0x13f9dadc05f6c237b03411e2aed1800cf21a5d89,73.406416,1773044920,334f8601c8656b176955b1ff50d5bab420d0dfb64483ddbeb932db023dea2226,219,109.50,3.49,1,5,4,0.024249,0.504375,TopoStake,pog(D=3_omega=0.80_beta=0.50),1.66,1427,0
286,0,0x1cb1274c711a6c2e4e1596846e6ac604eeefb358,39.447202,1773044922,cc52d0038688999e496a3608729faa3b5540099d8440ff0fe0918772ae17f442,213,106.50,3.06,1,4,3,0.024282,0.504673,TopoStake,pog(D=3_omega=0.80_beta=0.50),1.54,1428,0
286,1,0xb990cdf21950e6086c350175c4bc504e45858230,12.113985,1773044924,6ab7db7cfb982226ad0e6b4518220670403edde6d05b888bc570409934c3b7b4,198,99.00,3.55,2,5,4,0.024285,0.504890,TopoStake,pog(D=3_omega=0.80_beta=0.50),1.48,1429,0
286,2,0x54f496e5c1d9f95a916cf7f5b62e9c98e64a3dc5,3.020504,1773044927,e093a1694769e9b5f949027348b95d7ea1610aa8fa29d0da029c158f67d14070,231,77.00,4.04,2,5,4,0.024264,0.504695,TopoStake,pog(D=3_omega=0.80_beta=0.50),2.53,1430,0
286,3,0x6414c6a8400ff3419cd81855d09de2848d770e0e,4.135998,1773044928,f75c7ebda646f7724b1f69b7061672a49f1baf74139007b1565caad8d0444f14,201,100.50,4.29,1,5,4,0.024235,0.503848,TopoStake,pog(D=3_omega=0.80_beta=0.50),2.50,1431,0
286,4,0xb2a7fe70a6f3137d38f6cb4c3ec6dd1e24f2d5f4,20.426746,1773044930,577191634370a2f7a6ce713150e43a61a0098c1900f9e524fad6e49c6a3f3b53,95,95.00,3.87,1,5,4,0.024207,0.503177,TopoStake,pog(D=3_omega=0.80_beta=0.50),1.95,1432,0
287,0,0x5cd626f4b83428b146919d30f4b3e481d259a9dc,11.069687,1773044932,e4140605de7046ef0506abdd977e64f53833614f8f5fb08af4f29936a2b69d0b,208,104.00,4.22,1,6,4,0.024193,0.503289,TopoStake,pog(D=4_omega=0.80_beta=0.50),2.41,1433,0
287,1,0x37cc7a82e66d4f4c2ae13b9ee895d3af1a1d7a05,4.245554,1773044934,068cb4241ddc312f4e0daae91213f0f1424150239e68e537dfd8354eed75ec31,250,125.00,3.87,1,6,4,0.024171,0.503025,TopoStake,pog(D=4_omega=0.80_beta=0.50),1.94,1434,0
287,2,0x13f9dadc05f6c237b03411e2aed1800cf21a5d89,74.407780,1773044936,a2c650b2c59fceaca7e08363bc42907b1dc08c2331cb46026841c59aab157b82,196,98.00,4.05,1,6,4,0.024144,0.502355,TopoStake,pog(D=4_omega=0.80_beta=0.50),1.63,1435,0
287,3,0x3513d672439a59c26cc5711f2b715ccb4810a774,20.300992,1773044938,2005e360b069a93ce858b44524a76793206ad21c3285bc6b63f7f215ba4d525f,218,109.00,3.09,1,5,3,0.024178,0.502653,TopoStake,pog(D=4_omega=0.80_beta=0.50),1.49,1436,0
287,4,0x53be6e527cc5a7d850b5eae27b9cef342e0665f2,17.050879,1773044940,7cf59fc64a57457f6359edc10047acb1b2a10936a1242e5560b3078410482aff,216,72.00,3.92,1,5,4,0.024164,0.502752,TopoStake,pog(D=4_omega=0.80_beta=0.50),2.49,1437,0
288,0,0x0d91704595bff3aec25d40822498a51c62b05e3a,51.639101,1773044942,f181252af5a3e0ca770f7770b127aae1767b2c37292f35a8911239286b060892,198,99.00,3.48,1,5,4,0.024147,0.502727,TopoStake,pog(D=3_omega=0.80_beta=0.50),2.49,1438,0
288,1,0x30509a8084fdfe6fe24d9c9a817c209ad194f8e3,51.723904,1773044944,f74c980e56d069bd96b1abe4a46e9ef7a620e87ca76e3b2db3c5b98dbf601b6b,116,116.00,3.09,1,5,3,0.024161,0.502996,TopoStake,pog(D=3_omega=0.80_beta=0.50),1.81,1439,0
288,2,0x07902d0371763a00d97ed9ba16ff0a206cb0fd19,117.742693,1773044946,0f7b5191170f39fbc88701c7e6c021e0029c49bbe15a59757b71ac03d13d332f,232,116.00,3.34,1,5,3,0.024175,0.503254,TopoStake,pog(D=3_omega=0.80_beta=0.50),2.19,1440,0
288,3,0x07902d0371763a00d97ed9ba16ff0a206cb0fd19,118.743923,1773044948,fb630a1e15e779224f9c185784be7c1844ea88a3267230cf0e7090653e2661d4,250,125.00,2.82,1,4,3,0.024246,0.503576,TopoStake,pog(D=3_omega=0.80_beta=0.50),1.75,1441,0
288,4,0xe478b1e4d1538274c0c70cbd7df877f9abab2f62,8.287315,1773044950,2722fd960ea7965149be4188290a21d6a1d3ab374f403859c8a76bdc0d95bae0,211,105.50,2.82,1,4,3,0.024318,0.503898,TopoStake,pog(D=3_omega=0.80_beta=0.50),1.56,1442,0
289,0,0x30509a8084fdfe6fe24d9c9a817c209ad194f8e3,52.725046,1773044952,27ac1b22db7bbf2cd6762d2c1c4ac5e852b808ad24d59359fd0bc8129b35ce9d,187,93.50,4.06,1,5,4,0.024294,0.503521,TopoStake,pog(D=3_omega=0.80_beta=0.50),1.60,1443,0
289,1,0xa3786e459f289a76c0e8af8ad834e3d0c6d47199,13.721732,1773044954,d13c713406085dfc379f985cbdc0c6ddbffe1dea27625741a0f007217d69ce19,227,75.67,3.41,1,5,4,0.024308,0.503790,TopoStake,pog(D=3_omega=0.80_beta=0.50),2.52,1444,0
289,2,0xa5a12d96532497871d73549e55ab377e3dcb3a40,14.103951,1773044957,d10f54cbb810edf622e22ff1613fee00293df1591eb5868c327c7d81c74ec02f,200,100.00,4.28,1,6,4,0.024288,0.503685,TopoStake,pog(D=3_omega=0.80_beta=0.50),2.46,1445,0
289,3,0xd3997be86c88837e3fd467517b943590b28fa641,5.039779,1773044958,ce8d025b459947556119f381e4d1c39ad409d2b661d0cdbf8a8ca4850d125001,207,103.50,4.19,1,6,4,0.024269,0.503586,TopoStake,pog(D=3_omega=0.80_beta=0.50),2.52,1446,0
289,4,0x1796dc61e715f15a2d27dfa32bd34780f12a8c24,65.811458,1773044960,2b3a442f32eb906d99ea6ac96468ae05dd16d916b95393ce1d70c96ca48a798b,84,84.00,3.95,1,6,4,0.024242,0.502991,TopoStake,pog(D=3_omega=0.80_beta=0.50),1.93,1447,0
290,0,0x075e1d95c7891e1c00414ca1aa9a7a8cf6270019,80.271674,1773044962,d2bc1c68db61b94c5f2f2b42c2d82a9db739fae2200b082dee9a3c52092cadd0,250,125.00,3.30,1,5,3,0.024267,0.503273,TopoStake,pog(D=3_omega=0.80_beta=0.50),2.09,1448,0
290,1,0x606627477c3734932f47972f83c27cf4e3b35b4f,30.397162,1773044964,9549ab0f5e5a2d2983d7410009e9f645f763fa56435e4282f7cb6b73d4e61730,237,118.50,3.31,1,5,3,0.024305,0.503580,TopoStake,pog(D=3_omega=0.80_beta=0.50),1.62,1449,0
290,2,0x1796dc61e715f15a2d27dfa32bd34780f12a8c24,66.812714,1773044966,02d0f20a8022e07a9265740babfeb7ccf040f92f6748aa3606424408de04ce4f,189,94.50,3.67,1,5,4,0.024300,0.503782,TopoStake,pog(D=3_omega=0.80_beta=0.50),1.52,1450,0
290,3,0x075e1d95c7891e1c00414ca1aa9a7a8cf6270019,81.272893,1773044968,c35e39b029ccc5322690818fd9105f289b25355d95fc412ee33373c99faeb5a6,222,74.00,3.33,1,5,3,0.024300,0.503782,TopoStake,pog(D=3_omega=0.80_beta=0.50),2.56,1451,0
290,4,0x49b57eb4dace37c8819daf079c9c674f766d4f38,22.244794,1773044971,d42b9b3abe399871a320d868c794659a21dc4dbe7ff7bfb23cdc602b401c0dc4,174,87.00,3.14,1,5,3,0.024365,0.504369,TopoStake,pog(D=3_omega=0.80_beta=0.50),2.46,1452,0
291,0,0xb2a7fe70a6f3137d38f6cb4c3ec6dd1e24f2d5f4,21.427384,1773044972,a0ccbf136627ecd6b60934f8bc9769c2b5a6d37ab4c27a00497f0fc5295a1f87,188,94.00,3.95,1,6,4,0.024352,0.504510,TopoStake,pog(D=3_omega=0.80_beta=0.50),2.53,1453,0
291,1,0x0d91704595bff3aec25d40822498a51c62b05e3a,52.640041,1773044974,1a1d888cc1b779a29d2460f8711d59a8124efba22ea2557237a1ff9683b012f0,94,94.00,4.19,1,6,4,0.024339,0.504619,TopoStake,pog(D=3_omega=0.80_beta=0.50),1.98,1454,0
291,2,0xf5ecb44daf07a1d1073dbc89baf04bd7541fa517,2.046285,1773044976,293a1108e3875a6035f45805d47d1b179bc30980aad3a7159f493586ec77bbf1,250,125.00,3.29,2,5,3,0.024353,0.504872,TopoStake,pog(D=3_omega=0.80_beta=0.50),2.20,1455,0
291,3,0xe478b1e4d1538274c0c70cbd7df877f9abab2f62,9.288058,1773044978,d1fb78b4ecd57b85816c6959464904488077ee788fb321c43ef0105b8ccbe333,244,122.00,3.97,1,6,4,0.024323,0.503965,TopoStake,pog(D=3_omega=0.80_beta=0.50),1.80,1456,0
291,4,0xa3786e459f289a76c0e8af8ad834e3d0c6d47199,14.722370,1773044980,f2fd55d8b7439d581ef330a5656e0ccfc4fc5484c0686bee9d0e075f33a527ca,151,75.50,3.87,1,5,4,0.024300,0.503651,TopoStake,pog(D=3_omega=0.80_beta=0.50),1.49,1457,0
292,0,0x1796dc61e715f15a2d27dfa32bd34780f12a8c24,67.813912,1773044982,986f06fe192ead92bd7f3e6ca23400aaf6c93ec8a1cf9c12393f4e19433adf3c,192,96.00,4.33,1,6,4,0.024281,0.503567,TopoStake,pog(D=3_omega=0.80_beta=0.50),1.48,1458,0
292,1,0x1796dc61e715f15a2d27dfa32bd34780f12a8c24,68.814937,1773044985,a7dc37428aa845e34582462eadf4604fbb63c9202e01c05f23c7fefb9f457b6b,215,71.67,3.29,1,5,3,0.024308,0.503847,TopoStake,pog(D=3_omega=0.80_beta=0.50),2.52,1459,0
292,2,0x13f9dadc05f6c237b03411e2aed1800cf21a5d89,75.409968,1773044986,d75ba1eaf7d68616f913c407b5630b5ba5b0cac8f8e831e96731c890de1f1241,238,119.00,3.28,1,5,3,0.024335,0.504126,TopoStake,pog(D=3_omega=0.80_beta=0.50),2.45,1460,0
292,3,0x53be6e527cc5a7d850b5eae27b9cef342e0665f2,18.051869,1773044988,c9e9b6174d366ff1efef423a67b45eebca88c2664ab994f398d5429c02d20cde,167,167.00,2.83,2,5,3,0.024368,0.504417,TopoStake,pog(D=3_omega=0.80_beta=0.50),1.74,1461,0
292,4,0xdb45667100590f9cfe78a899c3b02c5cd37008f1,19.052033,1773044990,d13b58fe5e2492f3dc3abc9d6401c618ec04fc736b643daf287689f6e5fe8eee,232,116.00,3.38,1,5,3,0.024352,0.504431,TopoStake,pog(D=3_omega=0.80_beta=0.50),1.88,1462,0
293,0,0xd67aaaf210c0c36ddcb7055222d168b5c9dd1b36,0.162692,1773044992,0804df0c92fd9ad1f230eee8970e03e93d0412c6f4cdbfa2185bb65b3133207c,198,99.00,4.01,1,6,4,0.024337,0.504504,TopoStake,pog(D=3_omega=0.80_beta=0.50),1.80,1463,0
293,1,0x28672c71695142588ed26ada6f4b18b8b6c12308,11.689414,1773044994,54b5f9ca21c8d2470ced8c882245c1c8cf269dc326122c41b39ccc25544f4228,208,104.00,3.95,1,5,4,0.024337,0.504505,TopoStake,pog(D=3_omega=0.80_beta=0.50),1.61,1464,0
293,2,0x6064b9f5883bf9737dfe314ff68c56e09e68ac89,18.193411,1773044996,56bf96ecc0a4b954f283ec860a28c4f881cd08d963a2e3c06e01c1d71815f4b8,217,72.33,3.62,1,5,4,0.024316,0.504277,TopoStake,pog(D=3_omega=0.80_beta=0.50),2.49,1465,0
293,3,0x311eb133eb413ac3f21249889bb101e5d40820ce,8.123672,1773044999,bd26904abe44ce0e4ff8d930fc740a2ab870f962c80edf889ce6b317eddf2bdb,218,109.00,3.85,1,5,4,0.024300,0.504288,TopoStake,pog(D=3_omega=0.80_beta=0.50),2.49,1466,0
293,4,0x016d3fc36beee7caa8fbd6c1caa42461dd7f9850,44.941115,1773045000,d2588afcc795af23751c89e37544d615bf5110ea00a4443973142ed532046bfb,193,96.50,3.57,1,5,4,0.024276,0.503893,TopoStake,pog(D=3_omega=0.80_beta=0.50),2.45,1467,0
294,0,0x53be6e527cc5a7d850b5eae27b9cef342e0665f2,19.052845,1773045002,b308e74439df91896a60c19b1321e447f07154cb7c61010dc14e20b8b30d336f,150,150.00,2.94,1,4,3,0.024283,0.504132,TopoStake,pog(D=3_omega=0.80_beta=0.50),1.55,1468,0
294,1,0x54f496e5c1d9f95a916cf7f5b62e9c98e64a3dc5,4.020827,1773045004,66ca54a47927d4aafd3de86d681461b0a0891294dd8ad8ae9154296e5a75f470,208,104.00,3.47,1,5,4,0.024268,0.504190,TopoStake,pog(D=3_omega=0.80_beta=0.50),1.77,1469,0
294,2,0x30509a8084fdfe6fe24d9c9a817c209ad194f8e3,53.726788,1773045006,4902df34aef76adf47f9c5d9d28923b9e09b6dc002d6053d687380bf8874a4f5,185,92.50,4.25,1,5,4,0.024240,0.503499,TopoStake,pog(D=3_omega=0.80_beta=0.50),1.65,1470,0
294,3,0xdb45667100590f9cfe78a899c3b02c5cd37008f1,20.052793,1773045008,dc06137303f1365eeb3e96d4f9d39a4dd2bf1eab294c2b379a70d63afb6865b8,226,113.00,3.28,1,5,3,0.024240,0.503499,TopoStake,pog(D=3_omega=0.80_beta=0.50),1.62,1471,0
294,4,0x4414c05be2cf328f38d2e3ef4b705d6b894f044a,16.091259,1773045010,8a197739ade0ab3f320cc5bc90df330b5cc52d76350c7b02ed8bf109f4513b57,180,90.00,4.15,1,6,4,0.024226,0.503582,TopoStake,pog(D=3_omega=0.80_beta=0.50),1.49,1472,0
295,0,0x8d9e46becf415ca26aa698c9657087e6554aabda,12.382529,1773045013,82d703a6b3a5e816b0a9a0763628f853edff64942ba167c5ce31b2a4cd83f27d,210,70.00,3.89,1,5,4,0.024208,0.503526,TopoStake,pog(D=3_omega=0.80_beta=0.50),2.50,1473,0
295,1,0x07902d0371763a00d97ed9ba16ff0a206cb0fd19,119.747365,1773045014,46a2930084e25583a3f3d849ae31f38b2de79952fd4aa0f824a87d11dfc19996,182,91.00,3.74,1,5,4,0.024188,0.503332,TopoStake,pog(D=3_omega=0.80_beta=0.50),2.43,1474,0
295,2,0x1796dc61e715f15a2d27dfa32bd34780f12a8c24,69.816329,1773045016,b51d53bfef0ee590042a6782f1a01e729488ec0c027c1047bcbf8c9a924590d4,135,135.00,2.60,1,4,3,0.024257,0.503647,TopoStake,pog(D=3_omega=0.80_beta=0.50),1.70,1475,0
295,3,0x075e1d95c7891e1c00414ca1aa9a7a8cf6270019,82.274611,1773045018,0290a15f97cfd0b19a800e25da94b127f57931b0761b6bf8af530bc98d1e8033,243,121.50,3.17,1,5,3,0.024285,0.503924,TopoStake,pog(D=3_omega=0.80_beta=0.50),1.99,1476,0
295,4,0x07902d0371763a00d97ed9ba16ff0a206cb0fd19,120.748100,1773045020,a2b874ae055127b286e49e3b51cb59ed5f3f0208659b294b683a9a82811c21cb,215,107.50,3.26,1,5,3,0.024323,0.504225,TopoStake,pog(D=3_omega=0.80_beta=0.50),1.66,1477,0
296,0,0x13f9dadc05f6c237b03411e2aed1800cf21a5d89,76.411622,1773045022,54778c67b393ddbc25dac6ef8bf0c00f0d79a5c5fdc0d0bdd3de5fef84b8a51c,189,94.50,2.79,1,4,3,0.024392,0.504540,TopoStake,pog(D=3_omega=0.80_beta=0.50),1.57,1478,0
296,1,0xeb82a21cb3d0dd781eb22ad74bb7cd9b4d2a06ec,8.910424,1773045024,8386c8afc00431f7b0863d005a9621ac2ca279764a21acea5614b1f9bb9de865,199,99.50,3.07,1,5,3,0.024392,0.504541,TopoStake,pog(D=3_omega=0.80_beta=0.50),1.50,1479,0
296,2,0x5cd626f4b83428b146919d30f4b3e481d259a9dc,12.070093,1773045027,761103ce178c7ca098045b7b684ebbd470a40a41a90874e86005fc36f1068041,201,67.00,3.95,1,6,4,0.024401,0.504487,TopoStake,pog(D=3_omega=0.80_beta=0.50),2.52,1480,0
296,3,0x07902d0371763a00d97ed9ba16ff0a206cb0fd19,121.749160,1773045028,fa1c67d498bce6efa739656a7f89e04edcea4cc58e71b3de80dcb7595c8341ee,204,102.00,3.85,1,6,4,0.024380,0.504267,TopoStake,pog(D=3_omega=0.80_beta=0.50),2.50,1481,0
296,4,0x24898fcb116b48cb2b6fd5d3b4eb599fee0f4633,43.097345,1773045030,c649e0acdd4279b1ae3e1d6a2a759020a5c5d68a2a3ffdb0145f26eb934e43ac,128,128.00,2.52,1,4,2,0.024450,0.504581,TopoStake,pog(D=3_omega=0.80_beta=0.50),1.75,1482,0
297,0,0x63f4973c0df8a5358405f396dc0673a463c48de9,11.895639,1773045032,4a81a9c6782bfcb34d873c363aadb2298c503c839e5b5b93beb67641be99c869,217,108.50,3.31,1,5,3,0.024455,0.504804,TopoStake,pog(D=3_omega=0.80_beta=0.50),1.96,1483,0
297,1,0x377eaef292051bbf8ada05b2af76a3f3b9d722a7,23.069873,1773045034,3044cd51ea9bda47a24f36dc77b79fc72f05b310d70575159d25ac82021aa805,243,121.50,3.53,2,5,4,0.024434,0.504565,TopoStake,pog(D=3_omega=0.80_beta=0.50),1.77,1484,0
297,2,0x075e1d95c7891e1c00414ca1aa9a7a8cf6270019,83.275998,1773045036,0f06fd96985bf3736f9fc60a76d3d91fe3d88254252b20296e111f49e1f32e21,193,96.50,3.58,1,5,4,0.024422,0.504728,TopoStake,pog(D=3_omega=0.80_beta=0.50),1.57,1485,0
297,3,0x0d91704595bff3aec25d40822498a51c62b05e3a,53.641704,1773045038,3915e24d67462f68bc897df98cca63f9e31a6cec8bed04f90a5ce88be9653237,194,97.00,3.17,1,5,3,0.024460,0.505027,TopoStake,pog(D=3_omega=0.80_beta=0.50),1.52,1486,0
297,4,0x30509a8084fdfe6fe24d9c9a817c209ad194f8e3,53.726956,1773045040,2d27828064d175ac10877fc22f8e95ba8f4ebc1fdfe4a67802c5071229ab7a92,206,68.67,3.31,1,5,3,0.024460,0.505028,TopoStake,pog(D=3_omega=0.80_beta=0.50),2.46,1487,0
298,0,0x075e1d95c7891e1c00414ca1aa9a7a8cf6270019,84.276987,1773045042,25a4572f74276fc6d8b8ef5d3a9078c038528aef2740d01c2093a2b3b7884350,185,92.50,3.30,1,5,3,0.024473,0.505289,TopoStake,pog(D=3_omega=0.80_beta=0.50),2.46,1488,0
298,1,0x37cc7a82e66d4f4c2ae13b9ee895d3af1a1d7a05,5.245755,1773045044,e6d4c6b4e8877955e929b01763cb7604c83972e18c5339446a94fba089605fcc,118,118.00,2.81,1,5,3,0.024512,0.505587,TopoStake,pog(D=3_omega=0.80_beta=0.50),1.71,1489,0
298,2,0x687bf2437a044a3e42ff2f8a79a8e54ba9601f70,14.063268,1773045046,e5ead8bedf59389822aa58bfb664d2397660fe34d3fe7eb7bacc516eaae662e9,209,104.50,3.96,1,6,4,0.024485,0.505007,TopoStake,pog(D=3_omega=0.80_beta=0.50),2.15,1490,0
298,3,0x07902d0371763a00d97ed9ba16ff0a206cb0fd19,122.750321,1773045048,ee75b17355f2c21447a1294b063b386a4498441b66aa0071b07769d54a2ce38a,250,125.00,3.82,2,5,4,0.024466,0.504892,TopoStake,pog(D=3_omega=0.80_beta=0.50),1.88,1491,0
298,4,0xac768e60b9269babb15cb1e36ee843243d7c7543,27.731753,1773045050,5e3c425b784c8e446b3709c873527e0d7d935be1a6b4edd244b2e8b1880dce72,218,109.00,2.75,1,4,3,0.024535,0.505203,TopoStake,pog(D=3_omega=0.80_beta=0.50),1.71,1492,0
299,0,0x28672c71695142588ed26ada6f4b18b8b6c12308,12.690180,1773045052,8d455db334e9dd9a21970007750e609eaea75a1cf34b3b8a5926d8796514d3e6,212,106.00,3.98,1,6,4,0.024527,0.505386,TopoStake,pog(D=3_omega=0.80_beta=0.50),1.50,1493,0
299,1,0x9ba702916c26a8583a7f277d6932b3c0d9927ce0,3.177790,1773045054,8454ff22a874c3445c17e86f6a2bf811e87a4bb015075b2e760edfe7d0e2e1f7,191,63.67,3.55,1,5,4,0.024507,0.505197,TopoStake,pog(D=3_omega=0.80_beta=0.50),2.58,1494,0
299,2,0x3d92e045fb1847aae132b40ebfcc471a32f687de,11.121070,1773045057,b26b95f6f1c289c8199c2a287814417c1351b82667633f54c3fc592fdf89ce31,217,108.50,3.61,1,5,4,0.024478,0.504391,TopoStake,pog(D=3_omega=0.80_beta=0.50),2.44,1495,0
299,3,0x24898fcb116b48cb2b6fd5d3b4eb599fee0f4633,44.098476,1773045059,8bf05050afd295eedaaf52b983ffcafd78f53f765e7fe1f3cce72ccf07859879,209,104.50,4.01,1,5,4,0.024457,0.504119,TopoStake,pog(D=3_omega=0.80_beta=0.50),2.48,1496,0
299,4,0x8c11ec9090dd820c076e57e899d9c604c79d6b32,19.569938,1773045061,9e138c0cdea7ece0500b4423967206887c9def8c7e991e80f73745188c8d67a4,234,117.00,3.40,1,5,3,0.024462,0.504340,TopoStake,pog(D=3_omega=0.80_beta=0.50),2.27,1497,0
300,0,0x9c39f7fffaa5c5cfab20dfdd05663497918580c1,6.412493,1773045063,ffa4826b1f9d50c5cf8e5c1f1b88229382bb7b34c249bbc796a04240fb4f99c9,196,98.00,4.09,1,6,4,0.024447,0.504402,TopoStake,pog(D=3_omega=0.80_beta=0.50),2.23,1498,0
300,1,0x28672c71695142588ed26ada6f4b18b8b6c12308,13.691082,1773045065,af249a6dd51d9d85b99e8e7dcbf7bcca6cebb385ca104b2face235988009fe0e,250,125.00,3.98,1,5,4,0.024421,0.503908,TopoStake,pog(D=3_omega=0.80_beta=0.50),2.03,1499,0
300,2,0x07902d0371763a00d97ed9ba16ff0a206cb0fd19,123.751953,1773045067,0bd50b545acdccc4d35effccbc0c355123bba156cde8bf399ca64f4dde47698b,165,82.50,3.62,1,5,4,0.024402,0.503776,TopoStake,pog(D=3_omega=0.80_beta=0.50),1.57,1500,0
300,3,0x075e1d95c7891e1c00414ca1aa9a7a8cf6270019,85.278164,1773045069,d5fd41976505c9ff78d45f6c6cc4ae61eacdd535ea90d7105cdb1f01c369f520,203,101.50,2.77,1,4,3,0.024472,0.504087,TopoStake,pog(D=3_omega=0.80_beta=0.50),1.57,1501,0
300,4,0x6d6b2734a20229ddd7fd4a1470ba3e3bad4e4a85,7.627561,1773045072,8a32952b9f55f423a843dcdb02a97bab38f1865b153877eea8858650fdcfc3fd,189,63.00,3.14,2,5,3,0.024510,0.504384,TopoStake,pog(D=3_omega=0.80_beta=0.50),2.47,1502,0
301,0,0x282f43759e22b50aa7989261c51c367f325c3f91,18.358916,1773045073,a829bc380ada64025211fb984ffe14d70603266606292ef498e4d8c5ef59c0ac,182,91.00,3.56,1,5,4,0.024485,0.503972,TopoStake,pog(D=3_omega=0.80_beta=0.50),2.39,1503,0
301,1,0xdb45667100590f9cfe78a899c3b02c5cd37008f1,21.053252,1773045075,afa8dfde02628eafb125ac4ac5ebbbb4f041e9a3883725e49a3f85a0c68aeb3d,90,90.00,3.89,1,5,4,0.024470,0.503978,TopoStake,pog(D=3_omega=0.80_beta=0.50),1.91,1504,0
301,2,0x4414c05be2cf328f38d2e3ef4b705d6b894f044a,17.091952,1773045077,f99c4010080fe606b59d0b84a2f9ea0a97a91b7dac26453450d19c7056a4d98b,200,100.00,4.08,1,6,4,0.024456,0.504069,TopoStake,pog(D=3_omega=0.80_beta=0.50),2.23,1505,0
301,3,0x50f7fa851f9314d682e36da5caa4635039b5305d,18.117013,1773045079,97c01b293f232536f39b1ed951c86c19a612933d41133896ac88a37318dcd942,250,125.00,3.91,1,5,4,0.024439,0.504032,TopoStake,pog(D=3_omega=0.80_beta=0.50),2.15,1506,0
301,4,0x5cd626f4b83428b146919d30f4b3e481d259a9dc,13.070833,1773045081,e51da4a63f4426615894868fa0df879f00ce253a120a18711c04459ec8171962,222,111.00,3.36,1,5,3,0.024423,0.504016,TopoStake,pog(D=3_omega=0.80_beta=0.50),1.78,1507,0
302,0,0xe478b1e4d1538274c0c70cbd7df877f9abab2f62,10.288108,1773045083,e4beeebc3f842a111d675657d26eeccfabad7e83889d7952c22e770bfcd7743a,187,93.50,4.08,1,6,4,0.024403,0.503850,TopoStake,pog(D=3_omega=0.80_beta=0.50),1.47,1508,0
302,1,0x7e40df5d801345015e84c843908efc6683665fa4,13.660874,1773045085,d26648cd363943c906d3bc80034088d4f1a4f94f287138df3dcd62a97b5fa46f,187,62.33,4.03,1,5,4,0.024381,0.503559,TopoStake,pog(D=3_omega=0.80_beta=0.50),2.47,1509,0
302,2,0x075e1d95c7891e1c00414ca1aa9a7a8cf6270019,86.279459,1773045087,320c5c368ba48183b4e0e92344d7f1b9977d69e2d3198127bf1a91ffb1ef5b2c,197,98.50,3.41,1,5,3,0.024361,0.503410,TopoStake,pog(D=3_omega=0.80_beta=0.50),2.48,1510,0
302,3,0x075e1d95c7891e1c00414ca1aa9a7a8cf6270019,87.280034,1773045089,5014a68433639db13104c1fbfc23d0c18e1558afeff78ff42fc9f4695991e924,117,117.00,2.89,1,5,3,0.024400,0.503706,TopoStake,pog(D=3_omega=0.80_beta=0.50),1.79,1511,0
302,4,0x52e05d9fa4faa167f30baba23c710e4f49115288,15.150173,1773045091,962f63298dc9a63475b3120db77d8c47cecc6ab51b889b28e81a371ba6807e71,234,117.00,3.08,1,5,3,0.024439,0.504002,TopoStake,pog(D=3_omega=0.80_beta=0.50),1.94,1512,0
303,0,0xa068e3c9a21c8d8be636cd2d285895979ec3262e,3.946621,1773045093,e1b8f106f05de810e70db66609695a56349997052c50996bf38667ac294d1a14,198,99.00,3.83,1,5,4,0.024421,0.503923,TopoStake,pog(D=3_omega=0.80_beta=0.50),1.83,1513,0
303,1,0x13f9dadc05f6c237b03411e2aed1800cf21a5d89,77.414045,1773045095,9e70add81e1f926edeef89d1253de914d8d9d37955da73db476c7b18b0c8a57e,236,118.00,4.44,1,6,5,0.024394,0.503226,TopoStake,pog(D=3_omega=0.80_beta=0.50),1.90,1514,0
303,2,0x13f9dadc05f6c237b03411e2aed1800cf21a5d89,77.414035,1773045097,1241bd15c638324315f1e8c0889c0b864f7aed2c5c6e305a1b7cbd425c342141,151,75.50,3.16,1,5,3,0.024394,0.503226,TopoStake,pog(D=3_omega=0.80_beta=0.50),1.45,1515,0
303,3,0x1796dc61e715f15a2d27dfa32bd34780f12a8c24,70.818235,1773045099,a7cc71349779b41e48065cc1a15da03a0ae32ea89b306457ea9e98d3975575d9,215,71.67,3.03,1,5,3,0.024425,0.503509,TopoStake,pog(D=3_omega=0.80_beta=0.50),2.48,1516,0
303,4,0x9ba702916c26a8583a7f277d6932b3c0d9927ce0,4.178254,1773045102,74aa33f870269b297139cb89735fae46a2a9f33677b4fdc29c0d403544060f4c,185,92.50,3.28,1,5,3,0.024451,0.503779,TopoStake,pog(D=3_omega=0.80_beta=0.50),2.54,1517,0
304,0,0xb990cdf21950e6086c350175c4bc504e45858230,13.114086,1773045103,73ac917c26c70f32d0fabc78c1ea5b26d269afb2917b36ef342813cf8632e569,198,99.00,3.65,1,5,4,0.024424,0.503101,TopoStake,pog(D=3_omega=0.80_beta=0.50),2.43,1518,0
304,1,0xea287b266dbe2c2d402fd91814bcfc4c95d6b0fd,5.142257,1773045105,8ba7352d15053c6cf585c4ef2afd79f7da03d0470f84b4865c3882a8ff0e84e1,92,92.00,3.92,1,5,4,0.024404,0.502921,TopoStake,pog(D=3_omega=0.80_beta=0.50),1.90,1519,0
304,2,0xd1cd4b808ce6b2841ad42746b64c5a047e857ef0,4.221198,1773045107,224537f284d21bd0782c44d21f23f92f1d9a8d5a78649e92e671c6b8c906a90a,237,118.50,4.03,1,6,4,0.024378,0.502335,TopoStake,pog(D=3_omega=0.80_beta=0.50),2.25,1520,0
304,3,0x13f9dadc05f6c237b03411e2aed1800cf21a5d89,78.415260,1773045109,f47fa73b3d1c2be4cb08f8d0288fc055c25775eee444206cecd7d916d7fa58f4,229,114.50,3.88,1,6,4,0.024351,0.501650,TopoStake,pog(D=3_omega=0.80_beta=0.50),1.77,1521,0
304,4,0x50f7fa851f9314d682e36da5caa4635039b5305d,19.118054,1773045111,b4983992eaccbe19e15be73df8ada8ec69692038f00b3687d07e9026b7ddaa76,208,104.00,3.13,1,5,3,0.024383,0.501933,TopoStake,pog(D=3_omega=0.80_beta=0.50),1.56,1522,0
305,0,0xac768e60b9269babb15cb1e36ee843243d7c7543,28.732467,1773045113,9d41e55cfc85e1715437f53313a5d393f0e18ba20f2fc9685bad1b6f0e715fab,204,102.00,3.36,1,5,3,0.024368,0.501972,TopoStake,pog(D=3_omega=0.80_beta=0.50),1.48,1523,0
305,1,0xfdc414c57908f0e2a6a926079902d4688d553610,3.155649,1773045116,a704fec2063230182cced330b16199f80fc17ef0ce6153a866333bfe38272a21,214,71.33,3.98,1,6,4,0.024360,0.502154,TopoStake,pog(D=3_omega=0.80_beta=0.50),2.45,1524,0
305,2,0x50f7fa851f9314d682e36da5caa4635039b5305d,20.119084,1773045117,99fd1728d1503a3eb28a711a0429c07af903e40b4272573c07a98fe0a6b9a1db,227,113.50,4.68,1,6,5,0.024333,0.501346,TopoStake,pog(D=3_omega=0.80_beta=0.50),2.46,1525,0
305,3,0x075e1d95c7891e1c00414ca1aa9a7a8cf6270019,88.281530,1773045119,802f7c375adddbe6b8e90acc86ca08404f7747110af4caebd75d2e795fc6ca35,106,106.00,3.25,2,4,3,0.024318,0.501410,TopoStake,pog(D=3_omega=0.80_beta=0.50),1.88,1526,0
305,4,0x311eb133eb413ac3f21249889bb101e5d40820ce,9.123847,1773045121,96588257153ea0d3aa05ace858581c5873bbb12038e1ac9842140666e1b7249f,234,117.00,3.07,2,5,3,0.024358,0.501704,TopoStake,pog(D=3_omega=0.80_beta=0.50),2.03,1527,0
306,0,0x075e1d95c7891e1c00414ca1aa9a7a8cf6270019,89.282698,1773045123,59ec6a5319c6457e5c1ac9f857987b8c701d4338c031a96172c39d5264d7dc2b,213,106.50,3.64,1,5,4,0.024335,0.501377,TopoStake,pog(D=3_omega=0.80_beta=0.50),1.71,1528,0
306,1,0x311eb133eb413ac3f21249889bb101e5d40820ce,10.124866,1773045125,47829cc8999446c3e1026714e765d12316b122f7585431ba0e1b557b0d14966c,214,107.00,3.15,1,5,3,0.024375,0.501672,TopoStake,pog(D=3_omega=0.80_beta=0.50),1.57,1529,0
306,2,0x13f9dadc05f6c237b03411e2aed1800cf21a5d89,79.416734,1773045127,f79688c053323ab8920e0879a524d0f7c6839f107e6f373ebee2a37a451654bb,201,100.50,3.57,1,5,4,0.024352,0.501371,TopoStake,pog(D=3_omega=0.80_beta=0.50),1.51,1530,0
306,3,0xc24b36dee27726233c3bbd9e1f028f98b6b2a424,9.401417,1773045129,d03b9eb03f7a5c5faf37dafd2a6d122529b4f2afc086be7c80867713a18349ed,190,63.33,3.03,1,5,3,0.024353,0.501372,TopoStake,pog(D=3_omega=0.80_beta=0.50),2.51,1531,0
306,4,0xaadc5fea232580cb8fba739ac5d05a48559c7e52,14.350058,1773045132,aae4c4bf375fde69fcda2fa55587290a41f29480b097ab11df4f3c9edb1c4f99,194,97.00,4.00,1,6,4,0.024362,0.501326,TopoStake,pog(D=3_omega=0.80_beta=0.50),2.49,1532,0
307,0,0x81d019380961f92c2031b0a7fba69f7675145088,7.477491,1773045134,cb223786bedcafd67f61286ee27d62f23c3ba4876bbebd912b8855e3133878fe,203,101.50,4.33,1,6,4,0.024343,0.501205,TopoStake,pog(D=3_omega=0.80_beta=0.50),2.46,1533,0
307,1,0x07902d0371763a00d97ed9ba16ff0a206cb0fd19,124.755543,1773045136,4bb58281b5da25db7ee45678d209b00df2ec1ab9f5de064daef0b97b487add8e,226,113.00,3.56,1,5,4,0.024319,0.500789,TopoStake,pog(D=3_omega=0.80_beta=0.50),2.18,1534,0
307,2,0xa9a524611994a27dd3134d643379aa14edf7cb39,4.076685,1773045138,82299b754509d8f211fc80f60b06a82fcc92c652bca437e282b0cbd9144fa0da,250,125.00,2.85,2,4,3,0.024386,0.501095,TopoStake,pog(D=3_omega=0.80_beta=0.50),1.96,1535,0
307,3,0x1796dc61e715f15a2d27dfa32bd34780f12a8c24,71.819617,1773045140,f5ebdefd84b73eb8febbc2ff9e3aa83c9596baae0be48f364e12552b0e685e2c,193,96.50,3.70,1,5,4,0.024359,0.500392,TopoStake,pog(D=3_omega=0.80_beta=0.50),1.53,1536,0
307,4,0x016d3fc36beee7caa8fbd6c1caa42461dd7f9850,45.942832,1773045142,e4b5bc663d0cdf98b0be397171b87814c9c658f469566b2bac0842f7dc7a2a6d,184,92.00,3.35,1,5,3,0.024359,0.500392,TopoStake,pog(D=3_omega=0.80_beta=0.50),1.42,1537,0
308,0,0x6414c6a8400ff3419cd81855d09de2848d770e0e,5.134703,1773045144,51c196de78e8a79ff7a6bdbdb135c6ffbf203338b1cbcc1a91621592ab783113,191,63.67,3.13,1,4,3,0.024391,0.500891,TopoStake,pog(D=3_omega=0.80_beta=0.50),2.46,1538,0
308,1,0xfdc414c57908f0e2a6a926079902d4688d553610,4.156144,1773045147,05805af320d1ef9d5019671a112bd2101c063b9175ae90f878045253bb448c1d,197,98.50,4.04,1,5,4,0.024365,0.500299,TopoStake,pog(D=3_omega=0.80_beta=0.50),2.43,1539,0
308,2,0xd61b00c297972877b45f8d7f4d67fdaf20c67c59,6.316728,1773045149,6935ffe46a281e2918f18bce36a52c6aab81b6c5c63fd9500a88548088c43485,197,98.50,4.67,1,6,5,0.024338,0.499594,TopoStake,pog(D=3_omega=0.80_beta=0.50),2.43,1540,0
308,3,0x016d3fc36beee7caa8fbd6c1caa42461dd7f9850,46.943786,1773045151,d1c7ec7c27e8cfe0229a7eb64a2821cf50e5b49787a8a087399f81aca72a01c7,184,92.00,4.43,1,6,5,0.024313,0.499099,TopoStake,pog(D=3_omega=0.80_beta=0.50),2.51,1541,0
308,4,0x1d1d2c63625de70b1e5ef40056bd2deb89d7fef2,9.059596,1773045153,4e770c1feee397aaf29f1cd3deec66db50004f2439c6accb2e4baf50687189b5,250,125.00,3.03,1,4,3,0.024320,0.499331,TopoStake,pog(D=3_omega=0.80_beta=0.50),2.19,1542,0
309,0,0x07902d0371763a00d97ed9ba16ff0a206cb0fd19,125.757419,1773045155,264bcd1b7de03dd1ac59c1d261189dbae83e19d92905430f9acae8d07dbc7004,248,124.00,3.71,1,5,4,0.024297,0.498985,TopoStake,pog(D=3_omega=0.80_beta=0.50),1.77,1543,0
309,1,0xa5a12d96532497871d73549e55ab377e3dcb3a40,15.103504,1773045157,d7a4a93cc87d6be4b5fdce1008c53835fdb084f353f10138ae39242f57ba9465,217,108.50,2.77,1,4,3,0.024364,0.499290,TopoStake,pog(D=3_omega=0.80_beta=0.50),1.49,1544,0
309,2,0x4a217e35f6402e7f62a49f6d62e27c6585c2f3fd,7.477234,1773045159,4bb62022ce91bfa692a69ab7139906b3689cee7a27a59b1455b7f316f0419e54,229,76.33,4.17,1,6,4,0.024346,0.499200,TopoStake,pog(D=3_omega=0.80_beta=0.50),2.52,1545,0
309,3,0x4a217e35f6402e7f62a49f6d62e27c6585c2f3fd,8.478179,1773045162,3857396a0bb71063daa49361ab4faf8ad70a8f3c61f9e691395a3ef4e4f537f8,191,95.50,3.69,1,5,4,0.024322,0.498776,TopoStake,pog(D=3_omega=0.80_beta=0.50),2.53,1546,0
309,4,0x07902d0371763a00d97ed9ba16ff0a206cb0fd19,126.758644,1773045163,1539cb2ac4114b3efcf8e45ec17b5449af15f2da7df42e1c570ffd5ef13b898f,192,96.00,3.67,1,5,4,0.024299,0.498395,TopoStake,pog(D=3_omega=0.80_beta=0.50),2.51,1547,0
310,0,0xac61c91e7d24df824351a6c4e562a75f0cf646f8,2.227872,1773045165,46176a5774325df9750f4e794ea53d8f091a45d8ea25ee520486ceac44235a9f,121,121.00,2.58,1,4,3,0.024366,0.498700,TopoStake,pog(D=3_omega=0.80_beta=0.50),1.79,1548,0
310,1,0x07902d0371763a00d97ed9ba16ff0a206cb0fd19,127.759271,1773045167,5fbee7776d2c57956abd9ea67c05ac9b7e5ff2090ddd91e5577db9d0a5ab0730,186,93.00,3.96,1,6,4,0.024338,0.497844,TopoStake,pog(D=3_omega=0.80_beta=0.50),2.18,1549,0
310,2,0x7e40df5d801345015e84c843908efc6683665fa4,14.661589,1773045169,bafb7bb735b4b77fc89151f390ae829ad333aae7836d825bcd991583a8c2f749,250,125.00,2.78,1,4,3,0.024406,0.498149,TopoStake,pog(D=3_omega=0.80_beta=0.50),1.91,1550,0
310,3,0x13f9dadc05f6c237b03411e2aed1800cf21a5d89,80.418843,1773045171,b577097212ee2b4d569720ba7c2047976e8d307bdc63c896d20a3de1c3bfb936,187,93.50,3.47,1,5,4,0.024387,0.498031,TopoStake,pog(D=3_omega=0.80_beta=0.50),1.51,1551,0
310,4,0x13f9dadc05f6c237b03411e2aed1800cf21a5d89,81.419738,1773045173,ab267600406b543b1898c5e39561d3485d85296812b310f2bcd5795c084158c1,183,91.50,3.14,1,5,3,0.024419,0.498311,TopoStake,pog(D=3_omega=0.80_beta=0.50),1.46,1552,0
311,0,0xaadc5fea232580cb8fba739ac5d05a48559c7e52,15.350548,1773045175,43f9a90452931f4114044394d01a18d441187cb27cb6a3dc4c1a33e0caffb9c8,219,73.00,3.05,1,5,3,0.024451,0.498591,TopoStake,pog(D=3_omega=0.80_beta=0.50),2.55,1553,0
311,1,0x016d3fc36beee7caa8fbd6c1caa42461dd7f9850,47.945151,1773045178,8a10f557cf92cfc8dd3f869be69da4520d15d84311a3c47872ed57600bf18935,195,97.50,4.34,1,6,5,0.024433,0.498497,TopoStake,pog(D=3_omega=0.80_beta=0.50),2.53,1554,0
311,2,0x408bb0bf84df50b21c53c74420987f172d4036a1,16.799580,1773045179,0e2d567608ed525a593e02594ec2b5a1e6521d9305763b2abdf9f2c5342936e5,179,89.50,3.06,1,4,3,0.024440,0.498726,TopoStake,pog(D=3_omega=0.80_beta=0.50),2.53,1555,0
311,3,0x377eaef292051bbf8ada05b2af76a3f3b9d722a7,24.070569,1773045181,d32a4be6671576a8d83be56bd6fc148ac73a805b96228de8698759be3249c075,125,125.00,3.41,1,5,3,0.024423,0.498678,TopoStake,pog(D=3_omega=0.80_beta=0.50),1.69,1556,0
311,4,0xbc3f8508d26048f2064aa8c068f4c94d08d77d18,12.055911,1773045183,146feb395838b9634ba8e399a47b6357fa0e979d196f1595053539e6b49f977e,239,119.50,3.56,1,5,4,0.024411,0.498846,TopoStake,pog(D=3_omega=0.80_beta=0.50),2.05,1557,0
312,0,0x89100a8056319ba37491b32ba255004180607bc2,18.789459,1773045185,2f44a72e3e7bcd1924c6bc6fb33f44c0ad44d0e194c19a09bb76e6d30e9e98bc,199,99.50,4.19,1,6,4,0.024391,0.498611,TopoStake,pog(D=3_omega=0.80_beta=0.50),1.76,1558,0
312,1,0x13f9dadc05f6c237b03411e2aed1800cf21a5d89,82.421005,1773045187,045cda95599f78a5a099e0147b7713d377744f7f76e5084cb74356ea761c05c4,196,98.00,3.91,1,5,4,0.024391,0.498612,TopoStake,pog(D=3_omega=0.80_beta=0.50),1.59,1559,0
312,2,0x1cb1274c711a6c2e4e1596846e6ac604eeefb358,40.448695,1773045189,20ffba71db1b94b2a3005d3997f7c88bf6675c994577a685b313046d1113b71b,216,108.00,3.15,1,5,3,0.024408,0.498901,TopoStake,pog(D=3_omega=0.80_beta=0.50),1.47,1560,0
312,3,0x49b57eb4dace37c8819daf079c9c674f766d4f38,23.244744,1773045192,31d65c2982f1cebec8ad4ca431c53c4fc865a75674eb2c002c3fc64d84133966,205,68.33,3.60,1,5,4,0.024409,0.499105,TopoStake,pog(D=3_omega=0.80_beta=0.50),2.48,1561,0
312,4,0x30509a8084fdfe6fe24d9c9a817c209ad194f8e3,54.728950,1773045193,2d6e84764a0a704acb1f5bbe03e429b9a2e62bd0128afff588baa8c926f560d6,189,94.50,3.97,1,6,4,0.024397,0.499255,TopoStake,pog(D=3_omega=0.80_beta=0.50),2.52,1562,0
313,0,0x4a217e35f6402e7f62a49f6d62e27c6585c2f3fd,9.479007,1773045195,521056840373f211d724742f2289704ce21b2554eb5a54825ca98a56ce0ae773,130,130.00,3.12,1,5,3,0.024409,0.499508,TopoStake,pog(D=3_omega=0.80_beta=0.50),1.77,1563,0
313,1,0x24898fcb116b48cb2b6fd5d3b4eb599fee0f4633,45.099983,1773045197,346319208356243e2ba353c03781ca85b0bac8ccb19fccac6d7dac81483875d7,247,123.50,3.62,1,5,4,0.024386,0.499172,TopoStake,pog(D=3_omega=0.80_beta=0.50),2.10,1564,0
313,2,0xc339f8bf978200eb65afce6c7121402eda949097,7.060608,1773045199,5c562f5b2d1d426105f13b74d8a0bbdc610343c47bfd40706170c661f7865e6c,235,117.50,3.54,1,5,4,0.024391,0.499388,TopoStake,pog(D=3_omega=0.80_beta=0.50),1.91,1565,0
313,3,0x7e40df5d801345015e84c843908efc6683665fa4,15.662366,1773045201,4322685dc30de617580616a14986d52950291fdc231883be7cce04dbe8474b3d,195,97.50,4.13,1,6,4,0.024366,0.498940,TopoStake,pog(D=3_omega=0.80_beta=0.50),1.52,1566,0
313,4,0x58a21eeb7ab18ba8adf1296e66a4487076e95dac,19.094033,1773045203,be1b98141112f3f116940f73b80020bf5438df7ebb3068f18a4a116382d3dc9a,200,100.00,3.46,1,5,4,0.024349,0.498853,TopoStake,pog(D=3_omega=0.80_beta=0.50),1.59,1567,0
314,0,0xd46407aa7b668c72de3cf1c1a12b7fa2e308a1b2,4.970824,1773045206,1542c764fc851f9b8e8bdbfc2073fca6505355ac9d8e3d5e5e2c34af5f7191b3,223,74.33,4.09,1,5,4,0.024334,0.498872,TopoStake,pog(D=3_omega=0.80_beta=0.50),2.46,1568,0
314,1,0x30509a8084fdfe6fe24d9c9a817c209ad194f8e3,55.729670,1773045207,671dd87c6855d1c72fcdbb022beb2ee0308a74f8eff140e4a05cb7f04dcbe9c2,183,91.50,3.81,1,5,4,0.024308,0.498266,TopoStake,pog(D=3_omega=0.80_beta=0.50),2.54,1569,0
314,2,0x13f9dadc05f6c237b03411e2aed1800cf21a5d89,83.422600,1773045209,15e2fb49d6345d1785d92b83d46e36ded799b52c037034de3c8fd9f21d797918,125,125.00,3.29,1,5,3,0.024320,0.498519,TopoStake,pog(D=3_omega=0.80_beta=0.50),1.86,1570,0
314,3,0xd1cd4b808ce6b2841ad42746b64c5a047e857ef0,5.221566,1773045211,41acf3f304bd6b184c088036d6384063d8251e0f4d336e34a1d55f5cf2aeada2,250,125.00,2.97,1,5,3,0.024353,0.498795,TopoStake,pog(D=3_omega=0.80_beta=0.50),2.02,1571,0
314,4,0x1d1d2c63625de70b1e5ef40056bd2deb89d7fef2,10.060405,1773045213,69e1955851a919e6b45a4a42d6b45d9fe51451e032578a974e6f4fd94cf61c36,220,110.00,3.85,1,6,4,0.024328,0.498202,TopoStake,pog(D=3_omega=0.80_beta=0.50),1.78,1572,0
315,0,0x07902d0371763a00d97ed9ba16ff0a206cb0fd19,128.762120,1773045215,e9906044d44bce1be20c1de84006b8103621ce0065dcca45ad218366f4cae405,235,117.50,3.71,1,5,4,0.024328,0.498203,TopoStake,pog(D=3_omega=0.80_beta=0.50),1.63,1573,0
315,1,0x50f7fa851f9314d682e36da5caa4635039b5305d,21.119520,1773045217,e951532ebaff21d4592ee23dacdde7d193d55dc496491a4da868186141235e42,216,108.00,2.83,1,4,3,0.024394,0.498503,TopoStake,pog(D=3_omega=0.80_beta=0.50),1.51,1574,0
315,2,0x81d019380961f92c2031b0a7fba69f7675145088,8.477916,1773045219,21231599db4d7699d788034033aa9c483d6bbb4f5289a807215f15fc39755fd2,201,67.00,3.41,1,5,4,0.024380,0.498582,TopoStake,pog(D=3_omega=0.80_beta=0.50),2.48,1575,0
315,3,0xfdc414c57908f0e2a6a926079902d4688d553610,5.156189,1773045222,2583b3586386e611e6fe0cd57f84383c34fac4398fefd7563873479112bb7add,205,102.50,3.62,1,5,4,0.024358,0.498197,TopoStake,pog(D=3_omega=0.80_beta=0.50),2.52,1576,0
315,4,0x075e1d95c7891e1c00414ca1aa9a7a8cf6270019,90.285842,1773045223,341b56e05df69cc06ba83fa5d2d9a76cf2a98fcd784672699465c6718bb8a7cd,190,95.00,4.79,1,6,5,0.024332,0.497588,TopoStake,pog(D=3_omega=0.80_beta=0.50),2.43,1577,0
316,0,0x786f26993bf015cd2da6fb5d3ccd1879e01246ab,17.289939,1773045225,1e238048d9b7ceb03f8f261c9a3fc960916b199c9cdcad2a39c838c52635d5c0,140,140.00,2.94,1,5,3,0.024370,0.497876,TopoStake,pog(D=3_omega=0.80_beta=0.50),1.67,1578,0
316,1,0x53be6e527cc5a7d850b5eae27b9cef342e0665f2,20.053673,1773045227,4a23f5e34c6a203f4922813c38eb63c2867c3378d92cddaaa899b40cad8b9d96,223,111.50,3.93,1,5,4,0.024353,0.497832,TopoStake,pog(D=3_omega=0.80_beta=0.50),2.06,1579,0
316,2,0xa447d277b02012c2afd9ddcbbe123f27cc971963,12.804967,1773045229,aada1dda79f6fa7edc6d8e3992f84f39c11b4a563f37da74b33f2923445598b9,246,123.00,3.52,1,5,4,0.024339,0.497882,TopoStake,pog(D=3_omega=0.80_beta=0.50),1.87,1580,0
316,3,0x016d3fc36beee7caa8fbd6c1caa42461dd7f9850,48.946334,1773045231,71af647805878c73db9c0eb2320555a288f488d1b5a51ed61b7a60ab13904274,227,113.50,3.46,1,5,3,0.024319,0.497684,TopoStake,pog(D=3_omega=0.80_beta=0.50),1.46,1581,0
316,4,0x719361397abe003a91af76243e5f9c7a0cd4279f,23.555893,1773045233,5c516b647281dc2c623ba99ec81672edc492c450912b2626cefc419a2929d82d,180,90.00,3.13,1,4,3,0.024326,0.497910,TopoStake,pog(D=3_omega=0.80_beta=0.50),1.52,1582,0
317,0,0x1cb1274c711a6c2e4e1596846e6ac604eeefb358,41.449717,1773045236,5303d2d96a8c317a1955c94f22d5c5a60dc10c8d1ded8218be31df143c5aaa63,208,69.33,3.87,1,5,4,0.024314,0.498055,TopoStake,pog(D=3_omega=0.80_beta=0.50),2.48,1583,0
317,1,0x07902d0371763a00d97ed9ba16ff0a206cb0fd19,129.763961,1773045237,bda765817f0fdf94f7ee6952de7e443f1357e16597ed42ea9c0ab98bed630dab,213,106.50,3.61,1,5,4,0.024316,0.498257,TopoStake,pog(D=3_omega=0.80_beta=0.50),2.53,1584,0
317,2,0x4414c05be2cf328f38d2e3ef4b705d6b894f044a,18.092345,1773045239,9532579a21af6bb4a37ece7facc2ef8beabad5d3037e649b78c4493cc6ec88ee,118,118.00,2.67,1,4,3,0.024382,0.498555,TopoStake,pog(D=3_omega=0.80_beta=0.50),1.77,1585,0
317,3,0x5cd626f4b83428b146919d30f4b3e481d259a9dc,14.070763,1773045241,83bfe3a8741031fb12bed83de26425392fcb5968155881ddcd1f530017608550,181,90.50,3.93,1,5,4,0.024366,0.498524,TopoStake,pog(D=3_omega=0.80_beta=0.50),2.24,1586,0
317,4,0x6064b9f5883bf9737dfe314ff68c56e09e68ac89,19.192986,1773045243,8850a2879bdc1ac70ecee5b7a3b8b921046d9700c3f875b01d84c88453d1b65b,250,125.00,3.92,1,6,4,0.024347,0.498378,TopoStake,pog(D=3_omega=0.80_beta=0.50),2.08,1587,0
318,0,0xa3786e459f289a76c0e8af8ad834e3d0c6d47199,15.721583,1773045245,34afa3720f142a15bc6983a07f0448be5358e83faeccd5e8de22989b481321d4,228,114.00,3.79,1,5,4,0.024332,0.498390,TopoStake,pog(D=3_omega=0.80_beta=0.50),1.68,1588,0
318,1,0x53be6e527cc5a7d850b5eae27b9cef342e0665f2,21.054828,1773045247,323ea2d984d1114ca629cfdcacd5171e9bbfd1c2e3245560aa8338c6c1737993,191,95.50,4.30,1,6,4,0.024314,0.498296,TopoStake,pog(D=3_omega=0.80_beta=0.50),1.49,1589,0
318,2,0x282f43759e22b50aa7989261c51c367f325c3f91,19.358363,1773045249,e9e6fe2de4cbde0472b2592fc01c5115b5782780b11f02e980c87fa6aa313a19,208,69.33,3.52,2,5,4,0.024301,0.498361,TopoStake,pog(D=3_omega=0.80_beta=0.50),2.48,1590,0
318,3,0x3d92e045fb1847aae132b40ebfcc471a32f687de,12.121322,1773045252,3ac4b757e937c8240f1aa73f5b00a9f278e77740dee0b2410ca72f9e55669107,197,98.50,3.92,1,6,4,0.024286,0.498369,TopoStake,pog(D=3_omega=0.80_beta=0.50),2.48,1591,0
318,4,0x07902d0371763a00d97ed9ba16ff0a206cb0fd19,130.765135,1773045254,b200a5d8cd37ea5c2d655e7a6672599afcc06574dd808a4cd326aca3ae1b2ede,212,106.00,3.88,1,5,4,0.024266,0.498127,TopoStake,pog(D=3_omega=0.80_beta=0.50),2.50,1592,0
319,0,0x0d91704595bff3aec25d40822498a51c62b05e3a,53.643423,1773045256,c218ec5f15d5d283f0f0217c246927b8a96acee1de2eb489bab3c928e5bee3dc,226,113.00,2.68,1,4,3,0.024332,0.498424,TopoStake,pog(D=3_omega=0.80_beta=0.50),2.14,1593,0
319,1,0x0d91704595bff3aec25d40822498a51c62b05e3a,54.644473,1773045258,e86238263ead254d937fdcee028d1a776801d7f9656c5a965da3f3dd54f5400c,212,106.00,3.33,1,5,3,0.024342,0.498660,TopoStake,pog(D=3_omega=0.80_beta=0.50),1.79,1594,0
319,2,0x9c39f7fffaa5c5cfab20dfdd05663497918580c1,7.411996,1773045260,556aa02e3c5ec127f085c52c6a3e32d6155ab97c8659af6189eaab4c3f3f119f,220,110.00,3.46,1,5,3,0.024353,0.498896,TopoStake,pog(D=3_omega=0.80_beta=0.50),1.58,1595,0
319,3,0x269cdf52f97e1d9f14b7be895155a7b294f0b21d,22.739717,1773045262,40918db3d5ddc4692d2598bc250babfa7514551c8196a4430193310ccbc059ba,196,98.00,3.96,1,5,4,0.024329,0.498464,TopoStake,pog(D=3_omega=0.80_beta=0.50),1.54,1596,0
319,4,0x07902d0371763a00d97ed9ba16ff0a206cb0fd19,131.766476,1773045264,3315f04643be1d1628d5730cbdd3f60c6f76ca446c77992a911aa2005764d3ce,195,97.50,3.60,1,5,4,0.024317,0.498591,TopoStake,pog(D=3_omega=0.80_beta=0.50),1.51,1597,0
320,0,0xd3997be86c88837e3fd467517b943590b28fa641,6.037857,1773045267,36b0070e31ec69eb5c82b3632a4b1df9bd4a748e0d6ceae13707c1431bc99f5a,200,66.67,2.75,1,4,3,0.024383,0.498888,TopoStake,pog(D=3_omega=0.80_beta=0.50),2.47,1598,0
320,1,0x95ab54d268473cce82094026afefdbd5cadf418b,10.582651,1773045268,1b593b00c029425206fb7fc5aa50cdb31d5899646a8e8dd2be2c971f1af9f1f6,173,86.50,4.17,1,6,4,0.024358,0.498378,TopoStake,pog(D=3_omega=0.80_beta=0.50),2.47,1599,0
320,2,0x07902d0371763a00d97ed9ba16ff0a206cb0fd19,132.767545,1773045270,cff0dc3b0d5c6430e0deedb363beba7bf9d8471a71261ba48fcca536a0f39b19,88,88.00,4.47,1,6,5,0.024337,0.498094,TopoStake,pog(D=3_omega=0.80_beta=0.50),1.94,1600,0
320,3,0x3d92e045fb1847aae132b40ebfcc471a32f687de,13.122246,1773045272,a3f182ea6643d19eb384604552bb504f05427392b440f6fce185028df0e72f91,250,125.00,2.75,2,4,3,0.024404,0.498390,TopoStake,pog(D=3_omega=0.80_beta=0.50),2.00,1601,0
320,4,0x282f43759e22b50aa7989261c51c367f325c3f91,20.359243,1773045274,82f137854eb62459d20e67b4407d412d6ba266b8f3a779f159c7b398558ff6d4,187,93.50,3.82,1,5,4,0.024384,0.498201,TopoStake,pog(D=3_omega=0.80_beta=0.50),1.74,1602,0
321,0,0x3d92e045fb1847aae132b40ebfcc471a32f687de,14.123167,1773045276,b89e2f112f3e4cdeffdbe3f7feb8db1f2bddd16a1fdb862c883e5542eb051e6a,224,112.00,3.90,1,6,4,0.024370,0.498243,TopoStake,pog(D=3_omega=0.80_beta=0.50),1.67,1603,0
321,1,0x282f43759e22b50aa7989261c51c367f325c3f91,21.360333,1773045278,8f987c230f1dacd0964fabb711c14112b0677cfda477a216864b11cd6612e929,218,109.00,3.97,1,5,4,0.024351,0.498089,TopoStake,pog(D=3_omega=0.80_beta=0.50),1.44,1604,0
321,2,0x075e1d95c7891e1c00414ca1aa9a7a8cf6270019,91.287766,1773045280,5e4186dc540a8ebe23a2b868f8c9611aeb31f23697c9883c7fae83d233ffaa20,200,66.67,3.88,1,5,4,0.024338,0.498156,TopoStake,pog(D=3_omega=0.80_beta=0.50),2.46,1605,0
321,3,0x1796dc61e715f15a2d27dfa32bd34780f12a8c24,72.821902,1773045282,f7aa1b56e99400951abbcb2b1125f1bae26dd9ca2852f30e472fc3573ebc8170,202,101.00,3.29,1,5,3,0.024374,0.498438,TopoStake,pog(D=3_omega=0.80_beta=0.50),2.53,1606,0
321,4,0xb990cdf21950e6086c350175c4bc504e45858230,14.113789,1773045284,5a808cc5358986fb367bb39f63d1b405d2e0eb21a3e753a3a8c146408ca05866,118,118.00,3.36,1,5,3,0.024398,0.498697,TopoStake,pog(D=3_omega=0.80_beta=0.50),1.90,1607,0
322,0,0x075e1d95c7891e1c00414ca1aa9a7a8cf6270019,92.288793,1773045286,2eb78052215e0bc347783410b25fc0fc10c92595bb4cb397435287c75d3a02ea,234,117.00,3.83,1,5,4,0.024379,0.498531,TopoStake,pog(D=3_omega=0.80_beta=0.50),2.40,1608,0
322,1,0xd61b00c297972877b45f8d7f4d67fdaf20c67c59,7.316493,1773045288,8c78eaea8b0c1b647dd12f895f71ea3a6691f1dbb548b586148d2d3f4e54064f,250,125.00,3.13,1,5,3,0.024416,0.498813,TopoStake,pog(D=3_omega=0.80_beta=0.50),2.17,1609,0
322,2,0x30509a8084fdfe6fe24d9c9a817c209ad194f8e3,56.730712,1773045290,59df704f8381fd741e49a69e126e569d15b406b2eb2d630ebf37a3451082acf7,222,111.00,4.39,1,6,5,0.024392,0.498369,TopoStake,pog(D=3_omega=0.80_beta=0.50),1.91,1610,0
322,3,0x269cdf52f97e1d9f14b7be895155a7b294f0b21d,23.740640,1773045292,22ef62e27dbf8112fd4ce7a0521d7a3aa61bae2480db2503b169957cb454c310,215,107.50,3.40,1,5,3,0.024404,0.498615,TopoStake,pog(D=3_omega=0.80_beta=0.50),1.62,1611,0
322,4,0x34412315480562da4810040fd15c81f99880e1ab,8.883737,1773045294,7ea40dae62bc68b202301487d60998e1caad710a622b7cf67bb72b4271a6dbcf,192,64.00,3.66,1,5,4,0.024392,0.498749,TopoStake,pog(D=3_omega=0.80_beta=0.50),2.49,1612,0
323,0,0x13f9dadc05f6c237b03411e2aed1800cf21a5d89,84.425588,1773045297,cb1f7065de6d7a6ae42251ca0c2771d851cb0a8e83b8e3da722986fa1b42a14d,202,101.00,4.07,1,6,4,0.024370,0.498381,TopoStake,pog(D=3_omega=0.80_beta=0.50),2.46,1613,0
323,1,0x53be6e527cc5a7d850b5eae27b9cef342e0665f2,22.055780,1773045298,629382f1d18b55190cae51e77daf5f6b9657b04375e5175b98924481efb12e2b,182,91.00,3.01,1,5,3,0.024401,0.498650,TopoStake,pog(D=3_omega=0.80_beta=0.50),2.50,1614,0
323,2,0x07902d0371763a00d97ed9ba16ff0a206cb0fd19,133.769741,1773045300,fb4f7fbf226ec2c8f5753220cb61e2b510612e17964446588a8e621c33be2cca,129,129.00,3.37,1,5,3,0.024388,0.498751,TopoStake,pog(D=3_omega=0.80_beta=0.50),1.75,1615,0
323,3,0xbc3f8508d26048f2064aa8c068f4c94d08d77d18,13.055980,1773045302,3f2018592d7e85624b9690c9bfb16365e9a4d474e38fef1057f3b4ef7adc89a9,246,123.00,2.84,1,4,3,0.024454,0.499043,TopoStake,pog(D=3_omega=0.80_beta=0.50),1.91,1616,0
323,4,0x30509a8084fdfe6fe24d9c9a817c209ad194f8e3,57.731802,1773045304,ca8ffaae3b562f4f1be21c7146cc4d091e91c821eb9b9b52ad170fda09c1d464,182,91.00,4.23,1,6,4,0.024434,0.498841,TopoStake,pog(D=3_omega=0.80_beta=0.50),1.62,1617,0
324,0,0x1796dc61e715f15a2d27dfa32bd34780f12a8c24,73.822659,1773045306,94d772b7600e006f4decaeca7845654c293b15519176d546a5dc5fb05bf33fbe,218,109.00,3.50,1,5,4,0.024446,0.499085,TopoStake,pog(D=3_omega=0.80_beta=0.50),1.67,1618,0
324,1,0x30405867b72597aaeb27803bb2c7f3f5fc7d5384,9.508926,1773045308,05292e742917367a57d28e9026ceab8d26ad6136348bc38ce83480b306c10231,179,89.50,3.35,1,5,3,0.024470,0.499341,TopoStake,pog(D=3_omega=0.80_beta=0.50),1.48,1619,0
324,2,0x53be6e527cc5a7d850b5eae27b9cef342e0665f2,23.056333,1773045311,3bec82c3438e4e8bd4e3af6762c58cd92a302cd9d02175a2072dbd05ec1073f1,203,67.67,3.65,2,5,4,0.024448,0.499003,TopoStake,pog(D=3_omega=0.80_beta=0.50),2.46,1620,0
324,3,0xf13caa2c5f6f6cf61e51290bfa7826a9140b4faf,5.023885,1773045312,f20b1e5aa32c829348b56e98e5fd61f3b9a51c4c0b9e86f0d2a493c4cb1a8751,193,96.50,3.52,1,5,4,0.024435,0.499116,TopoStake,pog(D=3_omega=0.80_beta=0.50),2.47,1621,0
324,4,0x13f9dadc05f6c237b03411e2aed1800cf21a5d89,85.426725,1773045314,caea64c0c24fa56feb69a5d8ee031d1f813a19f547ded221614b24fac436c9c4,95,95.00,4.16,1,6,4,0.024410,0.498503,TopoStake,pog(D=3_omega=0.80_beta=0.50),1.96,1622,0
325,0,0x075e1d95c7891e1c00414ca1aa9a7a8cf6270019,93.290585,1773045316,3e5152a2157d8b64dfb3936fb6e6daa8fd498b85a6e6398f326ab951d7b43dd8,250,125.00,2.96,1,5,3,0.024442,0.498771,TopoStake,pog(D=3_omega=0.80_beta=0.50),2.21,1623,0
325,1,0x07902d0371763a00d97ed9ba16ff0a206cb0fd19,134.771476,1773045318,ccb2a34df3644a89ad022b452087e5ee4e6409c6014be2a40373bb9c57c3dcde,250,125.00,3.18,1,5,3,0.024478,0.499051,TopoStake,pog(D=3_omega=0.80_beta=0.50),1.88,1624,0
325,2,0x377eaef292051bbf8ada05b2af76a3f3b9d722a7,25.071565,1773045320,7765651ab984a4771d3d0560abee58a4a1392dc7d27ca39e31cbd02c8ba9ec10,213,106.50,2.82,1,4,3,0.024544,0.499342,TopoStake,pog(D=3_omega=0.80_beta=0.50),1.59,1625,0
325,3,0xd1cd4b808ce6b2841ad42746b64c5a047e857ef0,6.221932,1773045322,fde21a9440d160d554694c7dc4e5d3d04c22f1569558bffdcb75e970f9c1bf14,216,108.00,3.69,2,5,4,0.024544,0.499342,TopoStake,pog(D=3_omega=0.80_beta=0.50),1.56,1626,0
325,4,0x28672c71695142588ed26ada6f4b18b8b6c12308,14.690868,1773045324,4d186285aad7d0673b750b254a405cbf2d2771ff0af98c1349aad2e4b61c3f65,194,64.67,3.88,2,6,4,0.024520,0.498845,TopoStake,pog(D=3_omega=0.80_beta=0.50),2.52,1627,0
326,0,0xdcf2130496e27a8094ab996aea4aa77788d65869,22.510800,1773045327,9d63ede3e4770847318b51145fcea1ba5b78d31d7369541403a9e35f2b140b93,204,102.00,3.67,1,5,4,0.024501,0.498703,TopoStake,pog(D=3_omega=0.80_beta=0.50),2.45,1628,0
326,1,0x13f9dadc05f6c237b03411e2aed1800cf21a5d89,86.428247,1773045328,9ac60c41e97ccfaeeecd29e3a7327bf1d48498a29e85bd29b423f377382ffaf1,186,93.00,3.88,1,5,4,0.024489,0.498805,TopoStake,pog(D=3_omega=0.80_beta=0.50),2.51,1629,0
326,2,0x016d3fc36beee7caa8fbd6c1caa42461dd7f9850,49.947673,1773045330,a277a1e6783a508d890d279a1ce3627be4b52ec01f339dea3e80195cdc4584b2,126,126.00,2.96,2,5,3,0.024520,0.499071,TopoStake,pog(D=3_omega=0.80_beta=0.50),1.68,1630,0
326,3,0x07902d0371763a00d97ed9ba16ff0a206cb0fd19,135.772843,1773045332,ca18f4d1262955724edc558001cfe4c6f25cceda0bf615f090b919d59cdeafd8,221,110.50,3.15,1,4,3,0.024526,0.499291,TopoStake,pog(D=3_omega=0.80_beta=0.50),1.90,1631,0
326,4,0x34d94cc0534eb50dec7956bea31407428d6d5ef8,4.064134,1773045334,f2b316dc089060fc2e67f48a222580c85eed1ef2fa9c398d46f3c271f62c0c26,227,113.50,2.82,1,4,3,0.024592,0.499580,TopoStake,pog(D=3_omega=0.80_beta=0.50),1.54,1632,0
327,0,0x0d91704595bff3aec25d40822498a51c62b05e3a,55.646202,1773045336,b19f86fcad415ba284bf300fb8d2423d70e4c42ae38a8708b8190bd350dc76f0,201,100.50,3.73,1,5,4,0.024566,0.498892,TopoStake,pog(D=3_omega=0.80_beta=0.50),1.43,1633,0
327,1,0x13f9dadc05f6c237b03411e2aed1800cf21a5d89,87.429056,1773045338,02e0400f9c9e8662b7ba7bcacb5cf21ac40b7c6996aef17266d6a5cc556fc4bc,179,89.50,3.28,1,5,3,0.024576,0.499123,TopoStake,pog(D=3_omega=0.80_beta=0.50),1.44,1634,0
327,2,0x6d6b2734a20229ddd7fd4a1470ba3e3bad4e4a85,8.626495,1773045341,6cef513b37b58406c4e80377d19c68dd92a66282d4e56ce10467ab30fc42d877,220,73.33,3.13,2,5,3,0.024608,0.499389,TopoStake,pog(D=3_omega=0.80_beta=0.50),2.40,1635,0
327,3,0x606627477c3734932f47972f83c27cf4e3b35b4f,31.396776,1773045342,dc19f5b890db35a7bfd6ab88004a4e78be8040e945139cebebc0027375761043,202,101.00,3.61,1,5,4,0.024585,0.499003,TopoStake,pog(D=3_omega=0.80_beta=0.50),2.55,1636,0
327,4,0x13f9dadc05f6c237b03411e2aed1800cf21a5d89,88.430153,1773045344,d55dcdbdf36d35a8606b667cfb1e9bd02143a94db59f4be9b288cd9cc7525e51,135,135.00,3.59,1,5,4,0.024579,0.499186,TopoStake,pog(D=3_omega=0.80_beta=0.50),1.84,1637,0
328,0,0xc339f8bf978200eb65afce6c7121402eda949097,8.060374,1773045346,53c3e6ee9e96b4fc842928b0d349a8fe1967d5fe894b311fc37be32ca2095565,250,125.00,2.98,1,5,3,0.024611,0.499451,TopoStake,pog(D=3_omega=0.80_beta=0.50),1.94,1638,0
328,1,0x3513d672439a59c26cc5711f2b715ccb4810a774,21.300481,1773045348,c8e5323e1a889b439395e4c90e03e81790b9900bbb8fb82eb191effa322194ac,189,94.50,4.21,1,6,4,0.024588,0.499037,TopoStake,pog(D=3_omega=0.80_beta=0.50),1.75,1639,0
328,2,0xd67aaaf210c0c36ddcb7055222d168b5c9dd1b36,0.159557,1773045350,b959551117eb7a1e6d121c18953d2d26b42a6f2761d7b7f16e096ff22bdbd445,227,113.50,3.97,1,5,4,0.024588,0.499038,TopoStake,pog(D=3_omega=0.80_beta=0.50),1.65,1640,0
328,3,0x1796dc61e715f15a2d27dfa32bd34780f12a8c24,74.823950,1773045352,232cfa78475abb5049d441d4583dbd6bdb2e2e739984f7214f9099ab121d57e9,220,73.33,3.95,1,5,4,0.024546,0.498215,TopoStake,pog(D=3_omega=0.80_beta=0.50),2.50,1641,0
328,4,0x1d1d2c63625de70b1e5ef40056bd2deb89d7fef2,10.059495,1773045355,3eeda9cde9cef202baf72bb0a34fadcd9a10da1c8d0b36aeff4eab699ffcf8fe,180,90.00,3.38,1,5,3,0.024569,0.498469,TopoStake,pog(D=3_omega=0.80_beta=0.50),2.48,1642,0
329,0,0x53be6e527cc5a7d850b5eae27b9cef342e0665f2,24.057153,1773045356,138bbbbc9249db0bc6b23072ad1e7a1357c691aa73ea314bab5d12f9818fe6d1,224,112.00,3.80,2,5,4,0.024547,0.498157,TopoStake,pog(D=3_omega=0.80_beta=0.50),2.49,1643,0
329,1,0x07902d0371763a00d97ed9ba16ff0a206cb0fd19,136.774880,1773045358,795583e7f1b157c2c27c41fff548ab5a47e87acae2443eb936b31878eec06838,117,117.00,3.27,1,5,3,0.024536,0.498289,TopoStake,pog(D=3_omega=0.80_beta=0.50),1.84,1644,0
329,2,0x4a217e35f6402e7f62a49f6d62e27c6585c2f3fd,10.479153,1773045360,4f9b24aae092a60f5b9f128076d9baceeea10d906bb01c537479a6811aa9ca11,250,125.00,2.75,1,4,3,0.024601,0.498577,TopoStake,pog(D=3_omega=0.80_beta=0.50),2.00,1645,0
329,3,0x24898fcb116b48cb2b6fd5d3b4eb599fee0f4633,46.101556,1773045362,fbcf84b02cdce59c83ad23938436bf7bb8ce596ce4d6779af4492b937f36e966,207,103.50,3.60,1,5,4,0.024579,0.498280,TopoStake,pog(D=3_omega=0.80_beta=0.50),1.65,1646,0
329,4,0x075e1d95c7891e1c00414ca1aa9a7a8cf6270019,94.292580,1773045364,e4f07e4af14ad50307ab57ee5a9cb146d44fc1862b797acb052676701defd329,217,108.50,3.57,1,5,4,0.024583,0.498486,TopoStake,pog(D=3_omega=0.80_beta=0.50),1.55,1647,0
330,0,0xeb82a21cb3d0dd781eb22ad74bb7cd9b4d2a06ec,9.909132,1773045366,4d6c854b81f8f6ddd642e036df1ab15b33ced4d680742f3b92769b19f238dc33,201,100.50,3.14,1,5,3,0.024618,0.498762,TopoStake,pog(D=3_omega=0.80_beta=0.50),1.59,1648,0
330,1,0x07902d0371763a00d97ed9ba16ff0a206cb0fd19,137.776291,1773045368,0fc4d4081bc9e8b497047ca04941404594acf8a597db1e86ce5a806e60ad0d2f,222,74.00,4.01,1,6,4,0.024597,0.498430,TopoStake,pog(D=3_omega=0.80_beta=0.50),2.48,1649,0
330,2,0xfdc414c57908f0e2a6a926079902d4688d553610,6.155650,1773045370,32fb82d8c8417d29bb787421c745e0efbf2475eef58a614a1bcaf7c23796392a,224,112.00,2.80,1,4,3,0.024662,0.498717,TopoStake,pog(D=3_omega=0.80_beta=0.50),2.45,1650,0
330,3,0xdc2bc9a639e2bc25c5f57e628a7cd55f6a3d023b,6.079103,1773045372,b584f15a237260f38ebc1bab7cae316695808850eaea9f4f0a2804ecc41ed966,106,106.00,4.89,1,6,5,0.024638,0.498212,TopoStake,pog(D=3_omega=0.80_beta=0.50),1.99,1651,0
330,4,0x016d3fc36beee7caa8fbd6c1caa42461dd7f9850,50.949033,1773045374,2d9111a28bc8bbbf4e72025b6460049d15308a420ae92cc02102fdda5cabb24a,198,99.00,4.42,1,6,5,0.024614,0.497690,TopoStake,pog(D=3_omega=0.80_beta=0.50),2.45,1652,0
331,0,0x07902d0371763a00d97ed9ba16ff0a206cb0fd19,138.777579,1773045376,bd68d06880a05d370a51b1001fae455fd4d7ad279cc69e888c9aac96158350e8,250,125.00,3.12,1,4,3,0.024620,0.497908,TopoStake,pog(D=3_omega=0.80_beta=0.50),2.19,1653,0
331,1,0x1d1d2c63625de70b1e5ef40056bd2deb89d7fef2,11.060471,1773045378,22e6c992a8b27bf3ef4709f289c9f33d85f09f13cb869f4ab12d38e3a67fac94,250,125.00,2.80,1,4,3,0.024686,0.498195,TopoStake,pog(D=3_omega=0.80_beta=0.50),1.76,1654,0
331,2,0x30509a8084fdfe6fe24d9c9a817c209ad194f8e3,58.733393,1773045380,89432b045017ca06b67da8e908cd90a0b5dabd4a0556d90c575f651cc14ba5f1,196,98.00,3.51,1,5,4,0.024686,0.498195,TopoStake,pog(D=3_omega=0.80_beta=0.50),1.52,1655,0
331,3,0x377eaef292051bbf8ada05b2af76a3f3b9d722a7,25.071458,1773045382,f64c446554158acaf7d473d70c37b07526e51f72071a2b3252c5092b94ccf88d,186,93.00,3.24,1,5,3,0.024676,0.498163,TopoStake,pog(D=3_omega=0.80_beta=0.50),1.51,1656,0
331,4,0x1796dc61e715f15a2d27dfa32bd34780f12a8c24,75.825014,1773045385,b69f39efbfb3a963292115e7d2efa581564a06af95941faa5ec31ac8db279fe9,193,64.33,3.70,1,5,4,0.024665,0.498322,TopoStake,pog(D=3_omega=0.80_beta=0.50),2.51,1657,0
332,0,0x786f26993bf015cd2da6fb5d3ccd1879e01246ab,18.289837,1773045386,27442d84c733df9dd7820417139f39f445ef635014447320b85a4faa9082c018,210,105.00,3.30,1,5,3,0.024687,0.498572,TopoStake,pog(D=3_omega=0.80_beta=0.50),2.50,1658,0
332,1,0xe6ebb0cdfd04183d498964e5efc4096ba77b17d6,13.281905,1773045388,674f4d65a95379ea8178743bc3cb3fc2d9bbe840da9027eb26895c2b6eea1884,105,105.00,3.90,1,5,4,0.024671,0.498536,TopoStake,pog(D=3_omega=0.80_beta=0.50),1.90,1659,0
332,2,0xdb45667100590f9cfe78a899c3b02c5cd37008f1,22.052786,1773045390,8caced82347bc66316a1de08c103e92546f4935b7d5d0414554394f34612c668,235,117.50,4.03,1,6,4,0.024652,0.498341,TopoStake,pog(D=3_omega=0.80_beta=0.50),2.08,1660,0
332,3,0x5cd626f4b83428b146919d30f4b3e481d259a9dc,15.071194,1773045392,10448b32f426d28d99869420fb6405e80e07821e173769a81e34e851fc5328a9,194,97.00,4.08,1,6,4,0.024639,0.498418,TopoStake,pog(D=3_omega=0.80_beta=0.50),1.85,1661,0
332,4,0x07902d0371763a00d97ed9ba16ff0a206cb0fd19,139.779259,1773045394,36183829684c46a32fcba0ee86e373cf385b04fe0ebaada0c3981585bf9865bb,204,102.00,4.00,1,6,4,0.024621,0.498289,TopoStake,pog(D=3_omega=0.80_beta=0.50),1.67,1662,0
333,0,0x377eaef292051bbf8ada05b2af76a3f3b9d722a7,26.072375,1773045396,a6d80b810883a9187b6c36c38115a4833a681a9cf3fbb733de9bddccb182a415,183,91.50,2.77,1,4,3,0.024686,0.498575,TopoStake,pog(D=3_omega=0.80_beta=0.50),1.48,1663,0
333,1,0x075e1d95c7891e1c00414ca1aa9a7a8cf6270019,95.294257,1773045399,45d82d2ddefc22fdc4dfe5f8dd123548a51f41bccd78b7c10c3c50efc30ebb03,228,76.00,3.73,1,5,4,0.024675,0.498732,TopoStake,pog(D=3_omega=0.80_beta=0.50),2.54,1664,0
333,2,0x30509a8084fdfe6fe24d9c9a817c209ad194f8e3,59.734609,1773045400,460f6188d331b50156c766e9f1a697db15b48ee4a2246bb7f1fd476685e26895,196,98.00,3.08,1,5,3,0.024711,0.499005,TopoStake,pog(D=3_omega=0.80_beta=0.50),2.39,1665,0
333,3,0x016d3fc36beee7caa8fbd6c1caa42461dd7f9850,51.950319,1773045402,6db49c4190a9af8b370bc6ba9b3dc94f08c0376bbffd4be8fe3509d5af2e57e2,129,129.00,3.18,1,5,3,0.024722,0.499243,TopoStake,pog(D=3_omega=0.80_beta=0.50),1.76,1666,0
333,4,0x28672c71695142588ed26ada6f4b18b8b6c12308,15.691700,1773045404,8ca5f77cb11b22adb2fc8edee7d7962d7913952f6dcc602838053e46a4f1586f,250,125.00,3.08,1,4,3,0.024729,0.499457,TopoStake,pog(D=3_omega=0.80_beta=0.50),1.92,1667,0
334,0,0x30509a8084fdfe6fe24d9c9a817c209ad194f8e3,60.735276,1773045406,fff49a99a1fe6b533348db144ba40909eb7140390ca877e917176a9862d46574,219,109.50,3.69,1,5,4,0.024711,0.499350,TopoStake,pog(D=3_omega=0.80_beta=0.50),1.71,1668,0
334,1,0x13f9dadc05f6c237b03411e2aed1800cf21a5d89,89.432928,1773045408,1020f840613aaf319ebd8c3717a6dfbe046d335082afaf26b2964e90e5072d46,170,85.00,3.45,1,5,3,0.024723,0.499587,TopoStake,pog(D=3_omega=0.80_beta=0.50),1.52,1669,0
334,2,0x9bdb1c7ad4bd8fe797b07c08117c74a591dbab2d,7.431107,1773045410,a121eec36a19141417f6dd89b085ce08e52fe06234ad659acbd2a213d5b3cff5,177,88.50,3.07,1,5,3,0.024755,0.499847,TopoStake,pog(D=3_omega=0.80_beta=0.50),1.51,1670,0
334,3,0x49b57eb4dace37c8819daf079c9c674f766d4f38,24.244885,1773045413,d535545de2901a2e91e57fd828bd30fe9127e0489b9ae2dd4ecc4d2d3ea9c2dd,214,71.33,3.72,1,5,4,0.024731,0.499408,TopoStake,pog(D=3_omega=0.80_beta=0.50),2.51,1671,0
334,4,0xaadc5fea232580cb8fba739ac5d05a48559c7e52,16.349877,1773045414,2f1d82ba94f6682b55e81ddee013cabd87c1830343ca8607a9f1d3a21d51d890,199,99.50,3.92,1,6,4,0.024719,0.499534,TopoStake,pog(D=3_omega=0.80_beta=0.50),2.54,1672,0
335,0,0x26d553a2f4343b3a7dc88bbd87b3d0a25d3838d9,19.225306,1773045416,52a03690998f5cd4be0536e5b8946f72ecaddddae5844c546719e0b380063a13,126,126.00,4.17,1,6,4,0.024702,0.499460,TopoStake,pog(D=3_omega=0.80_beta=0.50),1.95,1673,0
335,1,0x075e1d95c7891e1c00414ca1aa9a7a8cf6270019,96.295488,1773045418,12c4b1179df1d548e06d1e9180531b67943a199391413726a1652839e3f7a248,250,125.00,3.72,1,5,4,0.024687,0.499450,TopoStake,pog(D=3_omega=0.80_beta=0.50),2.31,1674,0
335,2,0xc577329e86aaecb006f17fb90499c54671119935,3.299673,1773045420,8b170833779d1ec71adf6e6331a8d039557f1eaf2c4548e60eef26aa83b5ef94,250,125.00,3.14,1,5,3,0.024722,0.499721,TopoStake,pog(D=3_omega=0.80_beta=0.50),1.88,1675,0
335,3,0x1796dc61e715f15a2d27dfa32bd34780f12a8c24,76.826287,1773045422,9cd3317611c39dd1072c5f5d610016ddc9d0b6bb2a86f25f2afc2dc1d8c1bac9,180,90.00,4.01,1,6,4,0.024696,0.498982,TopoStake,pog(D=3_omega=0.80_beta=0.50),1.59,1676,0
335,4,0x0d91704595bff3aec25d40822498a51c62b05e3a,56.647871,1773045424,e24de4f6cb09c2628956ff98a10a103dd3869cf23f2b930a962026749e0d61bc,172,86.00,3.43,1,5,3,0.024719,0.499230,TopoStake,pog(D=3_omega=0.80_beta=0.50),1.49,1677,0
336,0,0x1796dc61e715f15a2d27dfa32bd34780f12a8c24,77.827081,1773045427,a87633f1baf93fe48ae804a7f1859e4ec1c5fbb310f2ff032eb8ff31aa8fb120,211,70.33,3.30,1,5,3,0.024728,0.499455,TopoStake,pog(D=3_omega=0.80_beta=0.50),2.46,1678,0
336,1,0xc339f8bf978200eb65afce6c7121402eda949097,9.060506,1773045428,116e683e5e0a3e14c0063d6f7d8c24376e2faf2f712a9dfa2437e4a2b56680d0,190,95.00,3.33,1,5,3,0.024751,0.499702,TopoStake,pog(D=3_omega=0.80_beta=0.50),2.47,1679,0
336,2,0xc339f8bf978200eb65afce6c7121402eda949097,10.060906,1773045430,f1b31ce544c5d7608db46d37851c09448138f3c7c517ffb8b68a49c0b79d190a,102,102.00,4.30,1,6,5,0.024729,0.499331,TopoStake,pog(D=3_omega=0.80_beta=0.50),1.96,1680,0
336,3,0xb990cdf21950e6086c350175c4bc504e45858230,15.114375,1773045432,df49fa97f3d41d610f04b89ab6d1ec5f39f58f90cc1b1d5be23ce68d547acdc1,222,111.00,4.20,1,6,4,0.024708,0.498998,TopoStake,pog(D=3_omega=0.80_beta=0.50),2.29,1681,0
336,4,0xfb35fdafcfc84561a42700a4a1c274edeb75bdc1,2.036345,1773045434,8858ce5ad60a0e0244549dc781becda9d6d44229a97b28a63cb9c33c79de42bf,228,114.00,4.00,1,5,4,0.024690,0.498857,TopoStake,pog(D=3_omega=0.80_beta=0.50),1.90,1682,0
337,0,0x95ab54d268473cce82094026afefdbd5cadf418b,11.581658,1773045436,a577d087e8a05075f7fb5a5f62eed73c14485037050bac3ad507ce4a07e7b22b,174,87.00,4.08,1,5,4,0.024663,0.498047,TopoStake,pog(D=3_omega=0.80_beta=0.50),1.67,1683,0
337,1,0x24898fcb116b48cb2b6fd5d3b4eb599fee0f4633,47.102903,1773045438,812fc7459ba3064a5b070bfd1ddaa4d38a7f4d171362eb33c64df720ecd2bb0c,190,63.33,4.43,1,6,5,0.024643,0.497795,TopoStake,pog(D=3_omega=0.80_beta=0.50),2.54,1684,0
337,2,0x81193196c1dbdbf80709d43a5af5ce21c201fbd7,11.825859,1773045441,4ea52d812787f5a0905e854230d7e85134ad0b53d12f3298fbbf783f6ce1a25f,205,102.50,3.60,2,5,4,0.024646,0.497997,TopoStake,pog(D=3_omega=0.80_beta=0.50),2.48,1685,0
337,3,0x8719ca31b72ae8a5404006763c53d5ad503dbcb0,4.091063,1773045442,f2627f6dd462fac1cd511795d257a3416c4dbe287f8bae259f90aca18325a393,212,106.00,3.92,1,6,4,0.024626,0.497741,TopoStake,pog(D=3_omega=0.80_beta=0.50),2.45,1686,0
337,4,0x8c11ec9090dd820c076e57e899d9c604c79d6b32,20.569269,1773045444,de34c01819ee442f5318b311148309f08482aa6972103c6368487b9febba4858,102,102.00,4.14,1,6,4,0.024601,0.497064,TopoStake,pog(D=3_omega=0.80_beta=0.50),1.90,1687,0
338,0,0x07902d0371763a00d97ed9ba16ff0a206cb0fd19,140.781921,1773045446,de5461662b56c2c6b080136029cf8c90558bf3b7f53e5a135f195cc39b8babd5,204,102.00,3.95,1,6,4,0.024587,0.497095,TopoStake,pog(D=3_omega=0.80_beta=0.50),2.32,1688,0
338,1,0x016d3fc36beee7caa8fbd6c1caa42461dd7f9850,52.951677,1773045448,f38f312ab2af9bdd699c891d9dcc8fa5d1cc69b7d6ad226b867447f21ce06ee8,250,125.00,2.72,1,4,3,0.024650,0.497377,TopoStake,pog(D=3_omega=0.80_beta=0.50),2.02,1689,0
338,2,0x24898fcb116b48cb2b6fd5d3b4eb599fee0f4633,48.104068,1773045450,4467c7bb1135bc5089c45e0511c876b1077b536fc3eece65e656a4c5c2295a5a,214,107.00,3.08,1,4,3,0.024657,0.497589,TopoStake,pog(D=3_omega=0.80_beta=0.50),1.69,1690,0
338,3,0x07902d0371763a00d97ed9ba16ff0a206cb0fd19,141.783224,1773045452,b3885771faf5612469f1a734943ab90188782a4e6cc86221cabfe715cb8e0b76,202,101.00,3.56,1,5,4,0.024660,0.497791,TopoStake,pog(D=3_omega=0.80_beta=0.50),1.51,1691,0
338,4,0x6d6b2734a20229ddd7fd4a1470ba3e3bad4e4a85,9.626706,1773045455,fb780b88f1f54c3cd993b6e2708732c69d4a4712e4b8246f9a2e45a9515abab2,196,65.33,2.76,1,4,3,0.024724,0.498071,TopoStake,pog(D=3_omega=0.80_beta=0.50),2.51,1692,0
339,0,0x07902d0371763a00d97ed9ba16ff0a206cb0fd19,142.784209,1773045456,423fe0a1684fbbeba12d6da8255adcc06b4bfdd54f9d49c0e8c6688840473147,193,96.50,3.69,1,5,4,0.024703,0.497715,TopoStake,pog(D=3_omega=0.80_beta=0.50),2.47,1693,0
339,1,0xf6e059718dbd0a0956726ab97d06bad5efc6cd18,3.992314,1773045458,577eba9b381811ba5b57f82d5a3c9e313bc83894a115a37228313f2676101152,136,136.00,2.65,1,4,3,0.024767,0.497995,TopoStake,pog(D=3_omega=0.80_beta=0.50),1.83,1694,0
339,2,0x28672c71695142588ed26ada6f4b18b8b6c12308,16.692644,1773045460,55c2bed0ceacbff0464ea01d1a2f59f4f1881ee47d3710a90a8c55c548cc2ee2,195,97.50,3.66,1,5,4,0.024742,0.497302,TopoStake,pog(D=3_omega=0.80_beta=0.50),2.06,1695,0
339,3,0x075e1d95c7891e1c00414ca1aa9a7a8cf6270019,97.297824,1773045462,de59b00b19ff013907ad7bba7871949e985ec18682a96879f8db4164de76d5b9,241,120.50,3.64,1,5,4,0.024725,0.497234,TopoStake,pog(D=3_omega=0.80_beta=0.50),1.77,1696,0
339,4,0x95ab54d268473cce82094026afefdbd5cadf418b,12.582282,1773045464,cddd1698f76fe7bda5dc0dc0e0a04179ccd6f2f3f5b32fce5e153d9560dd22ed,220,110.00,3.18,1,5,3,0.024760,0.497503,TopoStake,pog(D=3_omega=0.80_beta=0.50),1.61,1697,0
340,0,0x0d91704595bff3aec25d40822498a51c62b05e3a,57.649451,1773045466,781df953187ad99350695df8c31d1c89b5af5e3173e126678d6b535208541282,208,104.00,4.49,1,6,5,0.024740,0.497271,TopoStake,pog(D=3_omega=0.80_beta=0.50),1.50,1698,0
340,1,0x075e1d95c7891e1c00414ca1aa9a7a8cf6270019,98.298943,1773045468,a2fad88798b027c5b1218e66add7b497ad6f33893ae99eddabd37b89dfbcc874,202,67.33,3.27,1,5,3,0.024750,0.497494,TopoStake,pog(D=3_omega=0.80_beta=0.50),2.52,1699,0
340,2,0x0d91704595bff3aec25d40822498a51c62b05e3a,58.650450,1773045470,135c9addf9b08390b02762ee53db5a0825d11cea25881c25492154d5c03492a2,179,89.50,3.18,1,5,3,0.024785,0.497762,TopoStake,pog(D=3_omega=0.80_beta=0.50),2.44,1700,0
340,3,0x075e1d95c7891e1c00414ca1aa9a7a8cf6270019,99.299835,1773045472,3d2cb10059f5be9846b2c31222fa587d4f8c6a54f92d213972f58bd4bd1e5939,88,88.00,3.17,1,5,3,0.024795,0.497985,TopoStake,pog(D=3_omega=0.80_beta=0.50),1.93,1701,0
340,4,0xea287b266dbe2c2d402fd91814bcfc4c95d6b0fd,6.140473,1773045474,14c6264fcdef6acc1cab5365727dadeb8e28fb120d624326e5274ed931f117a2,242,121.00,3.02,1,5,3,0.024831,0.498252,TopoStake,pog(D=3_omega=0.80_beta=0.50),2.07,1702,0
341,0,0x07902d0371763a00d97ed9ba16ff0a206cb0fd19,143.785499,1773045476,4b9b78546944994b0fc45c3359a40716d2466fd54f22f19d2bb5510f32f3fc95,184,92.00,4.16,1,6,4,0.024807,0.497739,TopoStake,pog(D=3_omega=0.80_beta=0.50),1.84,1703,0
341,1,0xdcf2130496e27a8094ab996aea4aa77788d65869,23.510887,1773045478,86a084e220a8b81672f277314040386b40940a2f0a60c0b036347e839012a700,222,111.00,2.90,1,4,3,0.024871,0.498018,TopoStake,pog(D=3_omega=0.80_beta=0.50),1.67,1704,0
341,2,0x30509a8084fdfe6fe24d9c9a817c209ad194f8e3,61.736645,1773045480,b7c44a08a0dadc0af884211be3ca35e2d20efa849d9822f35b006687cd15e614,225,112.50,3.90,1,5,4,0.024858,0.498116,TopoStake,pog(D=3_omega=0.80_beta=0.50),1.48,1705,0
341,3,0xdb45667100590f9cfe78a899c3b02c5cd37008f1,23.053129,1773045482,0e2a97636ad4196ca862d68ae477d3eb6faa60b3ea4f420cabc96e72f4090229,212,70.67,3.33,1,5,3,0.024870,0.498349,TopoStake,pog(D=3_omega=0.80_beta=0.50),2.50,1706,0
341,4,0x1796dc61e715f15a2d27dfa32bd34780f12a8c24,78.828495,1773045485,9c59a68162d4c682afd3724ca5651150c20af0db8cbff5c68a52394720faaa81,205,102.50,4.19,2,6,4,0.024857,0.498435,TopoStake,pog(D=3_omega=0.80_beta=0.50),2.45,1707,0
342,0,0x1cb1274c711a6c2e4e1596846e6ac604eeefb358,42.451222,1773045486,ed0336f0aa2ac5236bc43867d90e10e0fdc911481e8fb1151ac58effdf95986a,218,109.00,3.22,1,5,3,0.024879,0.498679,TopoStake,pog(D=3_omega=0.80_beta=0.50),2.45,1708,0
342,1,0x07902d0371763a00d97ed9ba16ff0a206cb0fd19,144.786836,1773045488,5c4c66de873aa11c421d9d592e514178361217d642eed5c52a3884fb01a5568f,120,120.00,3.38,1,5,3,0.024879,0.498866,TopoStake,pog(D=3_omega=0.80_beta=0.50),1.71,1709,0
342,2,0x7e40df5d801345015e84c843908efc6683665fa4,16.662144,1773045490,539a2842bdfc1687fcbcca2c2a89ad3de7783e8fb21287baf56f8b02070ae474,238,119.00,2.82,2,4,3,0.024943,0.499143,TopoStake,pog(D=3_omega=0.80_beta=0.50),1.80,1710,0
342,3,0xe184aeec69f3313df03bef8752946c65f0a70021,1.061301,1773045492,2c9cc7a9ea52049104cf55d183d8c40d24b0e92809694896957530cb8200e487,195,97.50,3.38,1,5,3,0.024926,0.499063,TopoStake,pog(D=3_omega=0.80_beta=0.50),1.57,1711,0
342,4,0xac768e60b9269babb15cb1e36ee843243d7c7543,29.731899,1773045494,af2008357c213d96ff04457ec352773229fd2bc3f87ac69e45aa6d2f16a7e9ad,193,96.50,4.13,1,6,4,0.024899,0.498247,TopoStake,pog(D=3_omega=0.80_beta=0.50),1.51,1712,0
343,0,0x1796dc61e715f15a2d27dfa32bd34780f12a8c24,79.829590,1773045496,c1bc8ea328c7d43cde6578d4d491e423a055ccff4e8422f36ca0c763997bc655,197,98.50,4.05,2,6,4,0.024890,0.498411,TopoStake,pog(D=3_omega=0.80_beta=0.50),1.48,1713,0
343,1,0xdb45667100590f9cfe78a899c3b02c5cd37008f1,24.053971,1773045499,323d1bf0f7c89e841289e07547d8fb78d5b3161c90cdd79fec24b0b2f001100c,186,62.00,3.35,1,5,3,0.024912,0.498655,TopoStake,pog(D=3_omega=0.80_beta=0.50),2.48,1714,0
343,2,0x53be6e527cc5a7d850b5eae27b9cef342e0665f2,25.057829,1773045500,b629528300ff8f18c106c58476e1118345d2dc39611068775e3de3c01b70dac7,171,85.50,4.16,1,5,4,0.024900,0.498755,TopoStake,pog(D=3_omega=0.80_beta=0.50),2.51,1715,0
343,3,0x1796dc61e715f15a2d27dfa32bd34780f12a8c24,80.830507,1773045502,dccaaf5a0d8949a00ccdb84ed3453e93523adbb2c305c8c8183488d5ec7de81f,118,118.00,3.28,1,5,3,0.024888,0.498895,TopoStake,pog(D=3_omega=0.80_beta=0.50),1.82,1716,0
343,4,0x9c39f7fffaa5c5cfab20dfdd05663497918580c1,8.411393,1773045504,b765b83307a6f3de057288dc2e06ddcd23b4c24e2ac5a8ceaaabe3db5a5b4a83,250,125.00,3.31,1,5,3,0.024911,0.499137,TopoStake,pog(D=3_omega=0.80_beta=0.50),2.10,1717,0
344,0,0x30509a8084fdfe6fe24d9c9a817c209ad194f8e3,62.737957,1773045506,b076a0654ba52618ce0c313d4edf1a66e245c49d0730002f85871f4de3c0cc1b,214,107.00,3.99,1,5,4,0.024889,0.498742,TopoStake,pog(D=3_omega=0.80_beta=0.50),1.88,1718,0
344,1,0x5cd626f4b83428b146919d30f4b3e481d259a9dc,16.071597,1773045508,8daa17eba9bafb1f4d330510aa54d362c43ef994582765e1838fa58a034de2d5,208,104.00,3.38,1,5,3,0.024901,0.498973,TopoStake,pog(D=3_omega=0.80_beta=0.50),1.62,1719,0
344,2,0x71f297f96355f349d66f0e9b681e7d4e11224660,6.154627,1773045510,606e55b4dcdd22efe2936de982227c8b290057ca51ceb9f50bea84e646f4ece8,182,91.00,3.98,1,6,4,0.024883,0.498870,TopoStake,pog(D=3_omega=0.80_beta=0.50),1.48,1720,0
344,3,0x53be6e527cc5a7d850b5eae27b9cef342e0665f2,26.058323,1773045513,ede8cb5a1d629106461d6721241d5febd0d410d37f24d76f966c6bf97c08b981,204,68.00,3.85,1,5,4,0.024860,0.498352,TopoStake,pog(D=3_omega=0.80_beta=0.50),2.45,1721,0
344,4,0x6d6b2734a20229ddd7fd4a1470ba3e3bad4e4a85,10.627254,1773045514,eba791e5debb426b084b7f60b5c003b3ec96879e96f76dfaefc549f290b2765c,208,104.00,3.31,1,5,3,0.024849,0.498493,TopoStake,pog(D=3_omega=0.80_beta=0.50),2.45,1722,0
345,0,0x07902d0371763a00d97ed9ba16ff0a206cb0fd19,145.788910,1773045516,bfe6ea4617bb0aa2566e01e20f1816750d6bfa12f1b444b977729e534fc02b7f,105,105.00,3.64,1,5,4,0.024828,0.498190,TopoStake,pog(D=3_omega=0.80_beta=0.50),1.88,1723,0
345,1,0x34d94cc0534eb50dec7956bea31407428d6d5ef8,5.063759,1773045518,f41d154a947d4642771c19dd5f50141d403a192fa3d2354ec9a24670a7396189,250,125.00,2.77,1,4,3,0.024891,0.498466,TopoStake,pog(D=3_omega=0.80_beta=0.50),2.01,1724,0
345,2,0x13f9dadc05f6c237b03411e2aed1800cf21a5d89,90.436293,1773045520,f00eebe61375d7a41f1990380bb682788b3fe889b0f2c8d3065d11af9c05cd82,214,107.00,3.71,1,5,4,0.024867,0.497879,TopoStake,pog(D=3_omega=0.80_beta=0.50),1.67,1725,0
345,3,0x24898fcb116b48cb2b6fd5d3b4eb599fee0f4633,49.105380,1773045522,ae96ec4dc39e1100d1babc042981cb9b0aa32a31fbc44618be57dff24e8a4847,212,106.00,3.08,2,5,3,0.024896,0.498132,TopoStake,pog(D=3_omega=0.80_beta=0.50),1.62,1726,0
345,4,0x53be6e527cc5a7d850b5eae27b9cef342e0665f2,27.059357,1773045524,d5940f5a4d30dec8c8ef43171f2870c79045cc6432c6b66558f636b9d3b568dc,177,88.50,3.63,1,5,4,0.024899,0.498329,TopoStake,pog(D=3_omega=0.80_beta=0.50),1.51,1727,0
346,0,0xa3786e459f289a76c0e8af8ad834e3d0c6d47199,16.720831,1773045526,ce24c21f237b3703ef5407b9d64030e81bdd44a2989ff1130f11d1b6f0c2131f,193,64.33,3.47,1,5,4,0.024889,0.498481,TopoStake,pog(D=3_omega=0.80_beta=0.50),2.49,1728,0
346,1,0x07902d0371763a00d97ed9ba16ff0a206cb0fd19,146.790449,1773045528,41944447effaef0e81dab0c3eb2987d40330d817aeaeaccd48d88284341eb345,225,112.50,4.32,1,6,4,0.024872,0.498388,TopoStake,pog(D=3_omega=0.80_beta=0.50),2.57,1729,0
346,2,0x786f26993bf015cd2da6fb5d3ccd1879e01246ab,19.289723,1773045530,077da712097c77a9d02810010532d9f0d4cb99bf582872e587aef4effe01580a,120,120.00,2.58,1,4,3,0.024935,0.498663,TopoStake,pog(D=3_omega=0.80_beta=0.50),1.77,1730,0
346,3,0x49b57eb4dace37c8819daf079c9c674f766d4f38,25.245528,1773045532,077b853a24791765f60f162fc69853cb2be45a98aaef444728208518075c168d,178,89.00,3.99,1,5,4,0.024920,0.498646,TopoStake,pog(D=3_omega=0.80_beta=0.50),2.28,1731,0
346,4,0x3513d672439a59c26cc5711f2b715ccb4810a774,22.300554,1773045534,8a61e0788b8711ce849a52ec3682cd765064501d087bd51e42ea84265465b971,248,124.00,3.93,1,5,4,0.024908,0.498775,TopoStake,pog(D=3_omega=0.80_beta=0.50),2.17,1732,0
347,0,0x89100a8056319ba37491b32ba255004180607bc2,19.788621,1773045536,809485233a163443fe7a4fbb55c282c72a50a2a5e3a82cbbc239f72ea46a3bea,224,112.00,3.92,1,5,4,0.024894,0.498847,TopoStake,pog(D=3_omega=0.80_beta=0.50),1.69,1733,0
347,1,0x07902d0371763a00d97ed9ba16ff0a206cb0fd19,147.791298,1773045538,24f2dbd73245472b069dfe58110be5caae801039db09f9a7fc7f7f1bbc13afd6,195,97.50,3.99,2,5,4,0.024879,0.498846,TopoStake,pog(D=3_omega=0.80_beta=0.50),1.58,1734,0
347,2,0x4a217e35f6402e7f62a49f6d62e27c6585c2f3fd,11.479065,1773045540,ab402a3935d571e05535bc795954a623cf092f4494eeb497a3a19e18ecbd2bf3,211,70.33,2.83,1,4,3,0.024943,0.499119,TopoStake,pog(D=3_omega=0.80_beta=0.50),2.45,1735,0
347,3,0x075e1d95c7891e1c00414ca1aa9a7a8cf6270019,100.302330,1773045543,18aab0dc3f1bff7ff0810b783ac271d75be9649f0b6c88b9e3743fb2fbbfe592,159,79.50,3.53,1,5,4,0.024923,0.498852,TopoStake,pog(D=3_omega=0.80_beta=0.50),2.53,1736,0
347,4,0x6064b9f5883bf9737dfe314ff68c56e09e68ac89,20.192590,1773045544,2aec4bc130f1f7b853898009ddf8d97768c029ace99ccd434defbdd664acc690,186,93.00,3.05,1,5,3,0.024957,0.499113,TopoStake,pog(D=3_omega=0.80_beta=0.50),2.50,1737,0
348,0,0x30509a8084fdfe6fe24d9c9a817c209ad194f8e3,63.739315,1773045546,4c873d03cd1758ceacb6ef13dbb1440da8ff39383df4cdd6807e23a9637f2de2,123,123.00,3.93,1,5,4,0.024942,0.499123,TopoStake,pog(D=3_omega=0.80_beta=0.50),1.92,1738,0
348,1,0xd3997be86c88837e3fd467517b943590b28fa641,7.036493,1773045548,26e890a7cdacade2d63f003b734388c67b8c58a73aa30da8d93defdc1ef9f9e1,250,125.00,3.35,1,5,3,0.024954,0.499351,TopoStake,pog(D=3_omega=0.80_beta=0.50),2.14,1739,0
348,2,0x1796dc61e715f15a2d27dfa32bd34780f12a8c24,81.832284,1773045550,8c1a4b31335cfd772224e24c99607f0fd7c0df17dc320d042b1a369ce1d71346,231,115.50,4.03,1,6,4,0.024931,0.498906,TopoStake,pog(D=3_omega=0.80_beta=0.50),1.85,1740,0
348,3,0xe478b1e4d1538274c0c70cbd7df877f9abab2f62,11.285489,1773045552,88ec9a08aed267b0043b5ed17a9878cd0172e6e9f57bf7e09df61ddb47bd10eb,193,96.50,3.29,1,5,3,0.024954,0.499145,TopoStake,pog(D=3_omega=0.80_beta=0.50),1.59,1741,0
348,4,0xe478b1e4d1538274c0c70cbd7df877f9abab2f62,12.286501,1773045554,220e103277780d4e18540bc7b44a77887dc90c2a45f95de833e4c9794c1de09d,205,102.50,4.00,1,5,4,0.024934,0.498863,TopoStake,pog(D=3_omega=0.80_beta=0.50),1.52,1742,0
349,0,0x28672c71695142588ed26ada6f4b18b8b6c12308,17.693505,1773045557,204a48c4b0412ac4af4f3068859b2c8afd68a704a35d7f82c9ee9963679ae550,185,61.67,4.05,1,5,4,0.024914,0.498612,TopoStake,pog(D=3_omega=0.80_beta=0.50),2.52,1743,0
349,1,0x49b57eb4dace37c8819daf079c9c674f766d4f38,26.246682,1773045558,abb74a625fb849a6171951ae94329581c1cf2b29099ebf97d4c24c2ba6fa8155,201,100.50,3.60,1,5,4,0.024898,0.498562,TopoStake,pog(D=3_omega=0.80_beta=0.50),2.49,1744,0
349,2,0x63f4973c0df8a5358405f396dc0673a463c48de9,12.893901,1773045560,07b5348b99dff4fc0766b79fe81f4459871d109d09933d52129f5df527c693e0,105,105.00,4.01,1,6,4,0.024886,0.498692,TopoStake,pog(D=3_omega=0.80_beta=0.50),1.97,1745,0
349,3,0x07902d0371763a00d97ed9ba16ff0a206cb0fd19,148.793037,1773045562,e1e3051e715da14e9eb49ad9aa464501a0c7997a5895cc004c0e189f3afbfbb7,250,125.00,3.55,1,5,4,0.024867,0.498468,TopoStake,pog(D=3_omega=0.80_beta=0.50),2.23,1746,0
349,4,0x0d91704595bff3aec25d40822498a51c62b05e3a,59.651789,1773045564,477450c05a31eec27b0f8ca3033abac22986d958aaf304298ff81e9f5aced938,250,125.00,2.83,1,4,3,0.024931,0.498740,TopoStake,pog(D=3_omega=0.80_beta=0.50),2.01,1747,0
350,0,0x213068cb42718d1dd6d00a6d94d62a3def0e68eb,13.362282,1773045566,e4d4b4e8ba0b3e50695ae6ac576cc7a3eed0d0ea593e986b9dc4dc6de2cc3d35,218,109.00,3.22,1,5,3,0.024940,0.498956,TopoStake,pog(D=3_omega=0.80_beta=0.50),1.68,1748,0
350,1,0x1cb1274c711a6c2e4e1596846e6ac604eeefb358,43.451839,1773045568,906834afab6ac91c8f083fdca6350efc58a6bb3578698548ad41c723221cd89f,201,100.50,3.66,1,5,4,0.024921,0.498755,TopoStake,pog(D=3_omega=0.80_beta=0.50),1.46,1749,0
350,2,0x408bb0bf84df50b21c53c74420987f172d4036a1,17.798668,1773045570,19eec9ff0749cc5c525f1fd7380a8afc08d095336856dc0c9e87483e275d3f9c,199,66.33,3.53,2,5,4,0.024920,0.498938,TopoStake,pog(D=3_omega=0.80_beta=0.50),2.46,1750,0
350,3,0x30509a8084fdfe6fe24d9c9a817c209ad194f8e3,64.740818,1773045573,72575a48abf65df63962ea2a676dfdb08f092d1204e4b88a6dbeac65d1cfd37c,185,92.50,3.63,2,5,4,0.024904,0.498880,TopoStake,pog(D=3_omega=0.80_beta=0.50),2.44,1751,0
350,4,0xeb82a21cb3d0dd781eb22ad74bb7cd9b4d2a06ec,10.908538,1773045574,d8c3174c484ef5f20655f92bb0fb8544fef3b1c4c926622ec2b532f562e3210f,205,102.50,3.40,1,5,4,0.024916,0.499106,TopoStake,pog(D=3_omega=0.80_beta=0.50),2.45,1752,0
351,0,0x377eaef292051bbf8ada05b2af76a3f3b9d722a7,27.073252,1773045576,eafb13c9f672b42f2889ef88d3f54addbe72c8c3ba79786bd9ed892f9a3eb0cf,91,91.00,3.70,1,5,4,0.024895,0.498804,TopoStake,pog(D=3_omega=0.80_beta=0.50),1.84,1753,0
351,1,0x28672c71695142588ed26ada6f4b18b8b6c12308,18.694431,1773045578,89341317792e0eff71019f0589fc981f799bb1d9e8159f06d15879bc781fb22a,250,125.00,3.48,1,5,4,0.024885,0.498941,TopoStake,pog(D=3_omega=0.80_beta=0.50),2.06,1754,0
351,2,0x13f9dadc05f6c237b03411e2aed1800cf21a5d89,91.438695,1773045580,a346d7b99c1deb8f6beeeecd8ad2f8dd1929b9c65cd15bd696e3471f0d8f09cd,228,114.00,3.59,2,5,4,0.024869,0.498898,TopoStake,pog(D=3_omega=0.80_beta=0.50),1.72,1755,0
351,3,0x269cdf52f97e1d9f14b7be895155a7b294f0b21d,24.741168,1773045582,47ba3ed2e2cc05368e4ffebb9d984a6aa8a6ea90da8d71abeef18caba8df5d22,196,98.00,3.05,1,5,3,0.024869,0.498899,TopoStake,pog(D=3_omega=0.80_beta=0.50),1.61,1756,0
351,4,0x13f9dadc05f6c237b03411e2aed1800cf21a5d89,92.439680,1773045584,ace72be2425480824611583546a1b811ff28d4c682a7622fbbde410b169eafa3,211,105.50,3.62,1,5,4,0.024885,0.499259,TopoStake,pog(D=3_omega=0.80_beta=0.50),1.48,1757,0
352,0,0x50f7fa851f9314d682e36da5caa4635039b5305d,22.119966,1773045587,367ff57d04cc5b339fe3fdfd139f2bf1da24232d122a6ac901cef2f132cbaa01,204,68.00,3.01,1,5,3,0.024913,0.499507,TopoStake,pog(D=3_omega=0.80_beta=0.50),2.48,1758,0
352,1,0x0d91704595bff3aec25d40822498a51c62b05e3a,60.652964,1773045588,654cb3a18a0d881e2d4654c455955f72ab627f3040e0d52da4bb264e7b5d5708,202,101.00,3.35,2,5,3,0.024900,0.499562,TopoStake,pog(D=3_omega=0.80_beta=0.50),2.44,1759,0
352,2,0xfb35fdafcfc84561a42700a4a1c274edeb75bdc1,3.035799,1773045590,d0e43742007e9eddb7496f1a34e92cfc9ca8664111c2a5244c040f0ea83688dd,118,118.00,3.14,1,5,3,0.024909,0.499776,TopoStake,pog(D=3_omega=0.80_beta=0.50),1.79,1760,0
352,3,0x28672c71695142588ed26ada6f4b18b8b6c12308,19.695465,1773045592,7b7c71628df6275f6aee01dcbce5d0d9325fa8ad2fe267b74895e73bc8aedb74,217,108.50,3.84,1,5,4,0.024884,0.499041,TopoStake,pog(D=3_omega=0.80_beta=0.50),2.22,1761,0
352,4,0x26d553a2f4343b3a7dc88bbd87b3d0a25d3838d9,20.225759,1773045594,54656b61589b59a7b1e3b5a0ddbbf16b0ef11b7bd5f9d5babd84c2da82db3194,228,114.00,3.57,1,5,4,0.024869,0.499020,TopoStake,pog(D=3_omega=0.80_beta=0.50),1.92,1762,0
353,0,0x50f7fa851f9314d682e36da5caa4635039b5305d,23.120941,1773045596,02f42d5a976399af32989fe70251717b7b2780a6a47ad4cda532681dfc2295fe,216,108.00,3.84,1,5,4,0.024854,0.499015,TopoStake,pog(D=3_omega=0.80_beta=0.50),1.70,1763,0
353,1,0xb2a7fe70a6f3137d38f6cb4c3ec6dd1e24f2d5f4,22.424691,1773045598,5bd72e8b11f923680e40c0bfc7e5be852447a1fed91ff1bf0fec4a521aaf6f91,224,112.00,3.37,1,4,3,0.024841,0.499086,TopoStake,pog(D=3_omega=0.80_beta=0.50),1.53,1764,0
353,2,0x89100a8056319ba37491b32ba255004180607bc2,20.789199,1773045600,41ff64fe7b86356fa9330cb1dfb1d251412db7bbd095b098afb6ea83172a850a,195,65.00,4.31,1,6,4,0.024841,0.499086,TopoStake,pog(D=3_omega=0.80_beta=0.50),2.51,1765,0
353,3,0x6d6b2734a20229ddd7fd4a1470ba3e3bad4e4a85,11.627195,1773045603,84f0908a188d23d36aa9eedd7aac5445ffe502b9fd9b9960b92a2e69e1b9b659,204,102.00,3.78,1,5,4,0.024827,0.499097,TopoStake,pog(D=3_omega=0.80_beta=0.50),2.42,1766,0
353,4,0x30509a8084fdfe6fe24d9c9a817c209ad194f8e3,65.742034,1773045605,843be8e768680a1a8113fb29350b1a32d58f5af99d2a4d91ca5473150068d1c7,189,94.50,3.59,1,5,4,0.024807,0.498813,TopoStake,pog(D=3_omega=0.80_beta=0.50),2.42,1767,0
354,0,0x13f9dadc05f6c237b03411e2aed1800cf21a5d89,93.441251,1773045607,5e9cfc0505930892113770c0fd34917ba2c981aff9815d0ae05e926a161dfa64,201,100.50,3.24,1,5,3,0.024819,0.499038,TopoStake,pog(D=3_omega=0.80_beta=0.50),2.28,1768,0
354,1,0xc339f8bf978200eb65afce6c7121402eda949097,11.060767,1773045609,f805ffda1ae72f7f1d4abbf8ecc45c21c3e96fb92fd60076a3da4daf72f57d29,243,121.50,2.98,1,5,3,0.024848,0.499285,TopoStake,pog(D=3_omega=0.80_beta=0.50),1.93,1769,0
354,2,0x075e1d95c7891e1c00414ca1aa9a7a8cf6270019,101.304733,1773045611,d4fb6f36bbef88972e76f9322e0ab9b5ed0f24be4c940d2a51e8cae5c49eec89,201,100.50,4.21,1,6,4,0.024828,0.498976,TopoStake,pog(D=3_omega=0.80_beta=0.50),1.65,1770,0
354,3,0x408bb0bf84df50b21c53c74420987f172d4036a1,18.799351,1773045613,5eaaaca155683ea9b6f1e9714209f3479d55f94047014d7f3d4136f5a3303dc5,216,108.00,3.19,1,5,3,0.024861,0.499233,TopoStake,pog(D=3_omega=0.80_beta=0.50),1.69,1771,0
354,4,0xfb35fdafcfc84561a42700a4a1c274edeb75bdc1,4.036635,1773045615,2cdc5961fa74cf33c30d75a047f2206e456e4c937467ec59837ed8fe2251cddf,214,71.33,3.53,1,5,4,0.024846,0.499182,TopoStake,pog(D=3_omega=0.80_beta=0.50),2.50,1772,0
355,0,0x07902d0371763a00d97ed9ba16ff0a206cb0fd19,149.796167,1773045618,7677dfbe41e23946d021013d5ddcff318d19d0f4481309c5ced1c27e237faf11,193,96.50,4.01,1,5,4,0.024821,0.498510,TopoStake,pog(D=3_omega=0.80_beta=0.50),2.48,1773,0
355,1,0x58a21eeb7ab18ba8adf1296e66a4487076e95dac,20.092437,1773045619,99cd4ae21fbb944df19170f9b67338983ebd28e0dcea9124f1bc5a7abf04309f,195,97.50,2.73,1,4,3,0.024883,0.498778,TopoStake,pog(D=3_omega=0.80_beta=0.50),2.48,1774,0
355,2,0x8d9e46becf415ca26aa698c9657087e6554aabda,13.379633,1773045621,10d7d66cab87648185b71a6a049cbb55710cf1a1c45adf39fe5be7bb793dd7a9,96,96.00,3.70,2,5,4,0.024868,0.498754,TopoStake,pog(D=3_omega=0.80_beta=0.50),1.94,1775,0
355,3,0x07902d0371763a00d97ed9ba16ff0a206cb0fd19,150.797211,1773045623,b97290de35640336d1518dd38f941b3ecf3303eeb14970c26e4af74481a698ff,250,125.00,3.57,1,5,4,0.024850,0.498547,TopoStake,pog(D=3_omega=0.80_beta=0.50),2.14,1776,0
355,4,0x24898fcb116b48cb2b6fd5d3b4eb599fee0f4633,50.106340,1773045625,5c2ef82b4d29634bea31aac448d638ee851678165c8adfa0f19ab01b7d974e3e,250,125.00,2.81,1,4,3,0.024912,0.498814,TopoStake,pog(D=3_omega=0.80_beta=0.50),1.83,1777,0
356,0,0xe6ebb0cdfd04183d498964e5efc4096ba77b17d6,14.281227,1773045627,2c8eba94796a97599fd3affbc75e1bb00d20eea41ebc1ead2cc1eb65920e0824,198,99.00,3.56,1,5,4,0.024915,0.499005,TopoStake,pog(D=3_omega=0.80_beta=0.50),1.65,1778,0
356,1,0x4a217e35f6402e7f62a49f6d62e27c6585c2f3fd,12.479390,1773045629,2463b2a45631d779ea6238c6a48251c5abf2bdff2e6979a7ce08f0d0240b07f4,188,94.00,4.08,1,6,4,0.024896,0.498840,TopoStake,pog(D=3_omega=0.80_beta=0.50),1.47,1779,0
356,2,0x24898fcb116b48cb2b6fd5d3b4eb599fee0f4633,51.107317,1773045631,91341bb73b068903c2cdea9382eab16aa717fa5154c833d4459fa13937d12354,177,59.00,3.71,1,5,4,0.024877,0.498583,TopoStake,pog(D=3_omega=0.80_beta=0.50),2.50,1780,0
356,3,0x07902d0371763a00d97ed9ba16ff0a206cb0fd19,151.798643,1773045634,e963b0da4828e553f9b3f2a187ea47437a811c054322a33f2defadc8fb9e120f,191,95.50,3.54,1,5,4,0.024880,0.498774,TopoStake,pog(D=3_omega=0.80_beta=0.50),2.48,1781,0
356,4,0x30509a8084fdfe6fe24d9c9a817c209ad194f8e3,66.743208,1773045635,a858a4bf04443f553d6898e86bd237075e4c7928e8c827cb2ae2ba98df56b689,213,106.50,2.77,1,4,3,0.024943,0.499041,TopoStake,pog(D=3_omega=0.80_beta=0.50),2.44,1782,0
357,0,0x1796dc61e715f15a2d27dfa32bd34780f12a8c24,82.834080,1773045637,4ba5821fc6ab36199cb3d7e7ccf4931725726a4ca9775f7b3efc01adb8c4e928,134,134.00,3.12,1,5,3,0.024955,0.499263,TopoStake,pog(D=3_omega=0.80_beta=0.50),1.69,1783,0
357,1,0x377eaef292051bbf8ada05b2af76a3f3b9d722a7,28.074390,1773045639,f1b0e7efe31cc114e62f446e19ab6bf5fe09237d6df27bac08ed80d0ccf4f056,230,115.00,3.17,1,5,3,0.024977,0.499497,TopoStake,pog(D=3_omega=0.80_beta=0.50),1.83,1784,0
357,2,0x07902d0371763a00d97ed9ba16ff0a206cb0fd19,152.799784,1773045641,ed99b20d40db3cd70f70f75d0a7e7e4fe6e7ab72a39a30d541472c06c534db7f,206,103.00,3.56,1,5,4,0.024967,0.499644,TopoStake,pog(D=3_omega=0.80_beta=0.50),1.59,1785,0
357,3,0x63f4973c0df8a5358405f396dc0673a463c48de9,13.894645,1773045643,344e33500cbf5dff3375ebd49ab191b1a0fa0d0151003ce50732aa3972dc7620,197,98.50,2.82,1,4,3,0.025029,0.499909,TopoStake,pog(D=3_omega=0.80_beta=0.50),1.57,1786,0
357,4,0x1cb1274c711a6c2e4e1596846e6ac604eeefb358,44.452760,1773045645,051c47fbc22edf660498cb99e94acf0deb6044371a41b9405985ae645b0bc9f0,193,96.50,3.61,1,5,4,0.025011,0.499719,TopoStake,pog(D=3_omega=0.80_beta=0.50),1.55,1787,0
358,0,0x81193196c1dbdbf80709d43a5af5ce21c201fbd7,12.825622,1773045648,bceee4d2e80aa704d153f32dddff53a5f00d431352047a175bd64c9a39131166,197,65.67,3.45,1,5,4,0.025010,0.499899,TopoStake,pog(D=3_omega=0.80_beta=0.50),2.49,1788,0
358,1,0x719361397abe003a91af76243e5f9c7a0cd4279f,24.554865,1773045649,42dee17d8d999e36eb716db6c49c7709ec55ead59496a1ca1d99986de0b1e05d,202,101.00,4.03,1,6,4,0.024991,0.499647,TopoStake,pog(D=3_omega=0.80_beta=0.50),2.46,1789,0
358,2,0x24898fcb116b48cb2b6fd5d3b4eb599fee0f4633,52.108264,1773045651,21b06dcd395b85836b210667d8eee452afaa94413285b064f3b7036df3d1d8bf,89,89.00,3.67,1,5,4,0.024978,0.499745,TopoStake,pog(D=3_omega=0.80_beta=0.50),1.90,1790,0
358,3,0xfdc414c57908f0e2a6a926079902d4688d553610,7.153394,1773045653,2ad688c8756bf532da4468fea47cdf62ea6491a1f755851573933a3355511966,246,123.00,3.47,1,5,4,0.024982,0.499934,TopoStake,pog(D=3_omega=0.80_beta=0.50),2.15,1791,0
358,4,0xd39dbd3662315e3935ec08e6b6028e73b3c09de2,3.898066,1773045655,651c18fe4f9613d2466984295546415cea7ad7a3d06706c8b0284108e305e149,192,96.00,4.57,1,6,5,0.024959,0.499499,TopoStake,pog(D=3_omega=0.80_beta=0.50),2.16,1792,0
359,0,0x719361397abe003a91af76243e5f9c7a0cd4279f,25.555350,1773045657,f49095570b93141a64f00d21eff028ea62d062a4e639b79ef7084c0e4c8e51c3,250,125.00,4.56,1,6,5,0.024959,0.499499,TopoStake,pog(D=4_omega=0.80_beta=0.50),2.01,1793,0
359,1,0x0d91704595bff3aec25d40822498a51c62b05e3a,61.654233,1773045659,82a94fe962ed6e9ca11f8f3ff50252819768ed804fe3733bc6a665cfd4f6d177,161,80.50,3.83,1,5,4,0.024923,0.498926,TopoStake,pog(D=4_omega=0.80_beta=0.50),1.68,1794,0
359,2,0xd3997be86c88837e3fd467517b943590b28fa641,8.036933,1773045661,dc7380f747ca880c0f92c871d24183f8ce5423f504724672635ccb97cc87ea3b,211,70.33,3.27,1,5,3,0.024933,0.499137,TopoStake,pog(D=4_omega=0.80_beta=0.50),2.51,1795,0
359,3,0x24898fcb116b48cb2b6fd5d3b4eb599fee0f4633,53.109527,1773045664,5c430424389815830bb46649d1f2a3a3e685acfec1cf5668c1996c153cd545a8,183,91.50,4.15,1,6,4,0.024911,0.498735,TopoStake,pog(D=4_omega=0.80_beta=0.50),2.52,1796,0
359,4,0x53be6e527cc5a7d850b5eae27b9cef342e0665f2,28.060443,1773045665,41cff486f4da77f3d2a8ebddc8b05e2ce46ae4ed2c9ca4d41b62cc0505498f43,208,104.00,3.50,1,5,4,0.024915,0.498925,TopoStake,pog(D=4_omega=0.80_beta=0.50),2.51,1797,0
360,0,0x13f9dadc05f6c237b03411e2aed1800cf21a5d89,94.443705,1773045667,ac7aed143cb48d7abd42d58c7aa736c8694504b277e450e8c984e753b43ee1c2,121,121.00,3.40,2,5,3,0.024905,0.499061,TopoStake,pog(D=3_omega=0.80_beta=0.50),1.74,1798,0
360,1,0x075e1d95c7891e1c00414ca1aa9a7a8cf6270019,102.306920,1773045669,480b0028346820c1861e252f2767b5bd899ce47fb7d04b75468b7d96484dc79d,239,119.50,3.00,2,5,3,0.024933,0.499303,TopoStake,pog(D=3_omega=0.80_beta=0.50),2.00,1799,0
360,2,0x9ba702916c26a8583a7f277d6932b3c0d9927ce0,5.174710,1773045671,66f2ac403923cd6a30b2ded6a465272382f637755930885b86b78624f6f3ab8e,218,109.00,3.17,1,5,3,0.024965,0.499556,TopoStake,pog(D=3_omega=0.80_beta=0.50),1.57,1800,0
360,3,0x07902d0371763a00d97ed9ba16ff0a206cb0fd19,153.801753,1773045673,7421488f95ab9876663087d891d5f65caba8aa9987bb7ce00f84bcdf590dd8f3,205,102.50,3.62,1,5,4,0.024942,0.498988,TopoStake,pog(D=3_omega=0.80_beta=0.50),1.51,1801,0
360,4,0x1796dc61e715f15a2d27dfa32bd34780f12a8c24,83.835604,1773045675,dbace181110692b4ec940908b842b459912759f1d516a11a6236177bec20a37e,193,96.50,2.73,1,4,3,0.025003,0.499252,TopoStake,pog(D=3_omega=0.80_beta=0.50),1.48,1802,0
361,0,0xdb45667100590f9cfe78a899c3b02c5cd37008f1,25.053882,1773045678,3d5a106766cd4cb5c36abbe057c31ab53a7ec7bc92e44c72716130ec422909f7,211,70.33,3.37,1,5,3,0.025025,0.499483,TopoStake,pog(D=3_omega=0.80_beta=0.50),2.53,1803,0
361,1,0x07902d0371763a00d97ed9ba16ff0a206cb0fd19,154.802766,1773045679,a375705b0b87c8f952cf31d19e6fcb87e9298263f444d82c07da9055fa053036,195,97.50,4.31,1,6,4,0.025013,0.499578,TopoStake,pog(D=3_omega=0.80_beta=0.50),2.43,1804,0
361,2,0x075e1d95c7891e1c00414ca1aa9a7a8cf6270019,103.308171,1773045681,1342675ee5ce2ca4de22efa2c66a9606af7e2cd3eb12ae45a39f9111aeb4750d,127,127.00,2.66,2,4,3,0.025075,0.499841,TopoStake,pog(D=3_omega=0.80_beta=0.50),1.80,1805,0
361,3,0xd61b00c297972877b45f8d7f4d67fdaf20c67c59,8.314170,1773045683,6f75fc5df101854b4c11a282e3129f9e9011f4cafb3f621278bd65e01778d26b,225,112.50,3.06,2,5,3,0.025107,0.500093,TopoStake,pog(D=3_omega=0.80_beta=0.50),1.89,1806,0
361,4,0x24898fcb116b48cb2b6fd5d3b4eb599fee0f4633,54.110502,1773045685,2011b71da8e1a9eb37b1bf03af9e9c9b34506f989e29f5839c3adac29d7f0de0,176,88.00,4.25,1,6,4,0.025086,0.499696,TopoStake,pog(D=3_omega=0.80_beta=0.50),1.86,1807,0
362,0,0xe6ebb0cdfd04183d498964e5efc4096ba77b17d6,15.281745,1773045687,4fb1b4c89ca306fff9459810a67804674f29188f68e55e483aa776f8577fa26c,250,125.00,3.51,1,5,4,0.025090,0.499894,TopoStake,pog(D=3_omega=0.80_beta=0.50),1.96,1808,0
362,1,0x95ab54d268473cce82094026afefdbd5cadf418b,13.581402,1773045689,1eefb178387cf497c0e2eddb2480646ffb2f81534fbdb64b5bdc94a242128d14,166,83.00,4.05,1,6,4,0.025072,0.499755,TopoStake,pog(D=3_omega=0.80_beta=0.50),1.50,1809,0
362,2,0x37cc7a82e66d4f4c2ae13b9ee895d3af1a1d7a05,6.242164,1773045691,d8a31c3930ebf61e98a22d6ca942a3a32e590d867134738f15a5772201835f71,218,72.67,4.48,1,6,5,0.025054,0.499542,TopoStake,pog(D=3_omega=0.80_beta=0.50),2.51,1810,0
362,3,0x30509a8084fdfe6fe24d9c9a817c209ad194f8e3,67.744287,1773045694,acf358114d72a51ae1d2200619de6329949d18594966a9befcf90e10b143c955,196,98.00,3.94,1,5,4,0.025031,0.499043,TopoStake,pog(D=3_omega=0.80_beta=0.50),2.46,1811,0
362,4,0xeaa5003682d7289190651081ae2bee847097afc5,4.734068,1773045696,f3e10d4008e072a8a5fcf47a1319db0eaaa310cc454cda78c44154b234809f9f,218,109.00,3.27,1,5,3,0.025043,0.499263,TopoStake,pog(D=3_omega=0.80_beta=0.50),2.39,1812,0
363,0,0x377eaef292051bbf8ada05b2af76a3f3b9d722a7,29.075288,1773045698,b9b1a8dbccb93baadc8bc3a798849a9c34702684cd66910631bfcf2bddc8d4dc,180,90.00,4.42,1,6,5,0.025019,0.498658,TopoStake,pog(D=4_omega=0.80_beta=0.50),2.40,1813,0
363,1,0x30509a8084fdfe6fe24d9c9a817c209ad194f8e3,68.745448,1773045700,34bb4582f8cbefe0b98f8ead56e4e8ed38b8981e5a64b5b0443733f73cc3430a,250,125.00,3.66,1,5,4,0.025009,0.498803,TopoStake,pog(D=4_omega=0.80_beta=0.50),2.17,1814,0
363,2,0xd1cd4b808ce6b2841ad42746b64c5a047e857ef0,7.220292,1773045702,8a4873d7537bd5fa5e547a95abb561ec331b9f32193ab2bf087c666e99d83253,250,125.00,3.39,2,5,3,0.025022,0.499023,TopoStake,pog(D=4_omega=0.80_beta=0.50),1.80,1815,0
363,3,0x5cd626f4b83428b146919d30f4b3e481d259a9dc,17.071217,1773045704,446618252a6327a5fed71d10507b6a69dee11d8cb6e9bb5be38d06a8a3cd7480,211,105.50,3.89,1,6,4,0.025000,0.498583,TopoStake,pog(D=4_omega=0.80_beta=0.50),1.56,1816,0
363,4,0x30509a8084fdfe6fe24d9c9a817c209ad194f8e3,69.746663,1773045706,5d22e0cb2bb8f9adcf374d01fbd4e2d4df0249b27fda8eed6e2b48aa281f6260,187,93.50,3.98,1,6,4,0.024983,0.498499,TopoStake,pog(D=4_omega=0.80_beta=0.50),1.57,1817,0
364,0,0xb990cdf21950e6086c350175c4bc504e45858230,16.114213,1773045709,d91f8401cd5f13efd1c0c3c6404c2ed59a000891990b439e5c6209bac6468101,185,61.67,3.36,1,5,4,0.024996,0.498718,TopoStake,pog(D=3_omega=0.80_beta=0.50),2.53,1818,0
364,1,0x07902d0371763a00d97ed9ba16ff0a206cb0fd19,155.804600,1773045710,fbfb04343f38bb548216132fca696096517a2be4deac0556c78b6a211fcc88e7,208,104.00,4.06,1,5,4,0.024979,0.498605,TopoStake,pog(D=3_omega=0.80_beta=0.50),2.51,1819,0
364,2,0xaadc5fea232580cb8fba739ac5d05a48559c7e52,17.348490,1773045712,6a87cfe41a71791c3d55a510f0c35ce8e77364d53bdb119e04492882d50d8969,147,147.00,2.57,1,4,3,0.025041,0.498867,TopoStake,pog(D=3_omega=0.80_beta=0.50),1.75,1820,0
364,3,0xea287b266dbe2c2d402fd91814bcfc4c95d6b0fd,7.139335,1773045714,bb0f265b6b6f4febb139254de2603808b2dc7f4df796d73d1a0697db3d4920bb,143,71.50,4.17,1,6,4,0.025024,0.498784,TopoStake,pog(D=3_omega=0.80_beta=0.50),2.24,1821,0
364,4,0x786f26993bf015cd2da6fb5d3ccd1879e01246ab,20.289682,1773045716,cebf7a552c47843b0bbe7f28e3a397daa8148ad115da1bd1799af687230a95e4,250,125.00,3.99,1,6,4,0.025002,0.498333,TopoStake,pog(D=3_omega=0.80_beta=0.50),2.07,1822,0
365,0,0x0d91704595bff3aec25d40822498a51c62b05e3a,62.655800,1773045718,1c0ddaca1702214cc8e5420d044bcc4eae53ac0b2ed4b718e0ac4a77053c2039,230,115.00,4.00,1,5,4,0.024987,0.498307,TopoStake,pog(D=3_omega=0.80_beta=0.50),1.72,1823,0
365,1,0x30405867b72597aaeb27803bb2c7f3f5fc7d5384,10.507447,1773045720,77793bfefa028ded2601f16a08e64e6b1d8f3b8eb392f4d881a688a937411b7a,187,93.50,3.24,2,5,3,0.024996,0.498515,TopoStake,pog(D=3_omega=0.80_beta=0.50),1.51,1824,0
365,2,0xd3997be86c88837e3fd467517b943590b28fa641,9.037270,1773045722,8a77c8c87b84e794c4d4ee5a3e01c9df54809342bdc41a5668434da4756721a0,191,63.67,3.51,1,5,4,0.024976,0.498198,TopoStake,pog(D=3_omega=0.80_beta=0.50),2.47,1825,0
365,3,0x0d91704595bff3aec25d40822498a51c62b05e3a,63.656735,1773045724,f85fabe20b0fa3ed267351e44f7382018b186f2a8cae30dfc17f60854fae2578,187,93.50,4.03,1,6,4,0.024955,0.497833,TopoStake,pog(D=3_omega=0.80_beta=0.50),2.45,1826,0
365,4,0x6064b9f5883bf9737dfe314ff68c56e09e68ac89,21.192086,1773045726,1cd12a49927310d67ad543dfad768e1b5d8b506e371ced83c81d0963ffed955e,114,114.00,3.36,2,5,3,0.024964,0.498041,TopoStake,pog(D=3_omega=0.80_beta=0.50),1.89,1827,0
366,0,0x075e1d95c7891e1c00414ca1aa9a7a8cf6270019,104.310381,1773045728,f57f4ea763faf146d005a931ec74a41acb74402cce868f6ffffa8fd17a60c53b,220,110.00,3.72,1,5,4,0.024950,0.498057,TopoStake,pog(D=3_omega=0.80_beta=0.50),2.21,1828,0
366,1,0x07902d0371763a00d97ed9ba16ff0a206cb0fd19,156.805936,1773045730,b819fb8358763c0c664b4521554a7e84606d47f4c61f125ce15c786803888d1d,250,125.00,3.25,1,5,3,0.024982,0.498307,TopoStake,pog(D=3_omega=0.80_beta=0.50),2.02,1829,0
366,2,0x269cdf52f97e1d9f14b7be895155a7b294f0b21d,25.741597,1773045732,422438bd9fa47389516a08151e75f86fe9c9ea04028282e1daea768b9b6e60d3,232,116.00,2.72,1,4,3,0.025043,0.498567,TopoStake,pog(D=3_omega=0.80_beta=0.50),1.60,1830,0
366,3,0x282f43759e22b50aa7989261c51c367f325c3f91,22.359049,1773045734,35a0ea7f345dc24b69c6a32a1b901fa2acec895363d2fcfd243de3c281aeb734,210,105.00,3.60,1,5,4,0.025032,0.498667,TopoStake,pog(D=3_omega=0.80_beta=0.50),1.45,1831,0
366,4,0x1cb1274c711a6c2e4e1596846e6ac604eeefb358,45.453736,1773045736,cb46c500523830b2ffcfc3127288336016932f7d79343d4a5643bc7aa9136dee,193,64.33,3.85,1,5,4,0.025018,0.498716,TopoStake,pog(D=3_omega=0.80_beta=0.50),2.52,1832,0
367,0,0x4a217e35f6402e7f62a49f6d62e27c6585c2f3fd,13.479715,1773045739,bd84bde0df07d1da204d7f4a919350dc83362e3623c60d16c41abb9e429552ed,207,103.50,3.42,1,5,4,0.025017,0.498891,TopoStake,pog(D=3_omega=0.80_beta=0.50),2.48,1833,0
367,1,0x30509a8084fdfe6fe24d9c9a817c209ad194f8e3,70.747780,1773045741,59e388d96a4ffc1fe91c5c403bcd542a1bdda6647cc10ce5f984bdf6ae28eaa4,198,99.00,3.62,1,5,4,0.024999,0.498666,TopoStake,pog(D=3_omega=0.80_beta=0.50),2.44,1834,0
367,2,0x3d92e045fb1847aae132b40ebfcc471a32f687de,15.121880,1773045743,d3b334f34f58c8d664341ea6441e3754a243cab6f2b408408b48691f7916bc9c,239,119.50,3.36,1,5,3,0.025012,0.498883,TopoStake,pog(D=3_omega=0.80_beta=0.50),2.25,1835,0
367,3,0x3513d672439a59c26cc5711f2b715ccb4810a774,23.300586,1773045745,67b05c8c18fd125abca862ef2480ffca8662464b933d8aab32e6a737194a3e41,213,106.50,3.94,1,5,4,0.024994,0.498732,TopoStake,pog(D=3_omega=0.80_beta=0.50),2.11,1836,0
367,4,0xa3786e459f289a76c0e8af8ad834e3d0c6d47199,17.720406,1773045747,8781850a0058e9ca61f57b2207fe087a54239ec91fd35bc903395f6abc0fee77,250,125.00,3.89,1,5,4,0.024981,0.498792,TopoStake,pog(D=3_omega=0.80_beta=0.50),1.82,1837,0
368,0,0x311eb133eb413ac3f21249889bb101e5d40820ce,11.121780,1773045749,a61f2e86792ac10c6a8e0dc62259c63622cb9515618222cb47918342f98a3b50,205,102.50,4.23,1,6,4,0.024965,0.498714,TopoStake,pog(D=3_omega=0.80_beta=0.50),1.65,1838,0
368,1,0x269cdf52f97e1d9f14b7be895155a7b294f0b21d,26.742557,1773045751,325ac2ca339e9f7afdf67ad3cf31c2593aa36e48a754df3394de08f81b13cd4a,206,103.00,3.53,1,5,4,0.024945,0.498405,TopoStake,pog(D=3_omega=0.80_beta=0.50),1.59,1839,0
368,2,0x71f297f96355f349d66f0e9b681e7d4e11224660,7.154070,1773045753,0371f8a2de77e27e310c85194cc6983ea94ebc6d8a15d794d5844568fdbf3155,208,69.33,3.66,1,5,4,0.024934,0.498522,TopoStake,pog(D=3_omega=0.80_beta=0.50),2.51,1840,0
368,3,0xb990cdf21950e6086c350175c4bc504e45858230,17.115082,1773045756,e537548d17a9131e4a7daae2edffd2571c9c7f7f612177b634fd9822605de942,185,92.50,3.97,1,5,4,0.024912,0.498066,TopoStake,pog(D=3_omega=0.80_beta=0.50),2.50,1841,0
368,4,0x075e1d95c7891e1c00414ca1aa9a7a8cf6270019,105.312214,1773045757,b9789145994b757592006f2dd11a641692a274eff403bda509a2ee60a6bc524a,201,100.50,4.04,1,5,4,0.024896,0.497962,TopoStake,pog(D=3_omega=0.80_beta=0.50),2.51,1842,0
369,0,0x4a217e35f6402e7f62a49f6d62e27c6585c2f3fd,14.480518,1773045759,e0381aa065b6c4f0b77ca5c7840feeaccc98b1a98c454cd31f87af2e893a6243,141,141.00,2.89,1,5,3,0.024928,0.498210,TopoStake,pog(D=3_omega=0.80_beta=0.50),1.70,1843,0
369,1,0x13f9dadc05f6c237b03411e2aed1800cf21a5d89,95.446791,1773045761,0b15dce0a2fa97497e8cf5135f79aa82f503c3f6553ac4f4065a87a866580ea1,208,104.00,3.64,1,5,4,0.024910,0.498038,TopoStake,pog(D=3_omega=0.80_beta=0.50),1.92,1844,0
369,2,0xd46407aa7b668c72de3cf1c1a12b7fa2e308a1b2,5.967442,1773045763,b8e3b4ffe01b1303ca3555af2592409c65429798b67f89499e76e2174fb7acdd,246,123.00,3.06,1,4,3,0.024936,0.498275,TopoStake,pog(D=3_omega=0.80_beta=0.50),1.72,1845,0
369,3,0x53be6e527cc5a7d850b5eae27b9cef342e0665f2,29.061160,1773045765,7ed209bb952f186c672d2a9a7485e70a4cdfd5c173a7a7884e46744e79991a5f,213,106.50,3.92,1,5,4,0.024914,0.497761,TopoStake,pog(D=3_omega=0.80_beta=0.50),1.54,1846,0
369,4,0x1796dc61e715f15a2d27dfa32bd34780f12a8c24,84.837660,1773045767,4a6346f6aa45de00ed1d426543471a0b98a754d21a654e24daa8c7479fa9e354,203,101.50,3.54,1,5,4,0.024904,0.497893,TopoStake,pog(D=3_omega=0.80_beta=0.50),1.48,1847,0
370,0,0xa3786e459f289a76c0e8af8ad834e3d0c6d47199,18.721200,1773045769,4337722480c8fd306f02b14b102a853ec5df4b7c8490fcfe8c67e58dbbf002f1,190,63.33,3.28,1,5,3,0.024925,0.498120,TopoStake,pog(D=3_omega=0.80_beta=0.50),2.46,1848,0
370,1,0xd46407aa7b668c72de3cf1c1a12b7fa2e308a1b2,6.968449,1773045771,bb194d1c80ee6c30b56cbd6b4333a5dabf20a414ceda518a23c44fc1d2b73684,183,91.50,4.28,1,6,4,0.024909,0.498060,TopoStake,pog(D=3_omega=0.80_beta=0.50),2.52,1849,0
370,2,0x50f7fa851f9314d682e36da5caa4635039b5305d,24.121551,1773045773,58010fa582f7fedb662ddc1c6a170ee1a6afc5d90ebbef0a670d85c5351b395b,111,111.00,3.79,1,5,4,0.024887,0.497589,TopoStake,pog(D=3_omega=0.80_beta=0.50),1.95,1850,0
370,3,0x24898fcb116b48cb2b6fd5d3b4eb599fee0f4633,55.112249,1773045775,87bbdb60be60e93c671c272823d672cfbfc1926dd394d61a880bba8b4a85bd75,223,111.50,3.23,1,5,3,0.024875,0.497663,TopoStake,pog(D=3_omega=0.80_beta=0.50),2.14,1851,0
370,4,0x016d3fc36beee7caa8fbd6c1caa42461dd7f9850,53.954260,1773045777,21e9bd5888c01c2966e54b44c6062c8fa4be27dcb23fb70cf7e4a922bda1d5d9,222,111.00,3.61,1,5,4,0.024879,0.497858,TopoStake,pog(D=3_omega=0.80_beta=0.50),1.86,1852,0
371,0,0x075e1d95c7891e1c00414ca1aa9a7a8cf6270019,106.313226,1773045779,a785351f589ba5ce10f1fe3367a0a9ae8460005c3aa8024514badfee10655b71,196,98.00,3.08,1,4,3,0.024883,0.498043,TopoStake,pog(D=3_omega=0.80_beta=0.50),1.60,1853,0
371,1,0x54f496e5c1d9f95a916cf7f5b62e9c98e64a3dc5,5.015384,1773045781,1db491afd384f36b8e43f687035b025cc40d4ac3d16f82a78a3c5f2dedd049c5,190,95.00,3.13,1,5,3,0.024915,0.498289,TopoStake,pog(D=3_omega=0.80_beta=0.50),1.53,1854,0
371,2,0x53be6e527cc5a7d850b5eae27b9cef342e0665f2,30.062179,1773045783,0b5ab0f4968d470fb836792bc962ec890c9070d87863d9cf2665c23ff14664d8,204,68.00,4.24,1,5,4,0.024892,0.497712,TopoStake,pog(D=3_omega=0.80_beta=0.50),2.54,1855,0
371,3,0xea287b266dbe2c2d402fd91814bcfc4c95d6b0fd,8.140081,1773045786,e439c893b3a0382ffcea26583a2367f41518d81af0b2561ec7ebeefa4f78540c,225,112.50,3.45,1,5,4,0.024882,0.497858,TopoStake,pog(D=3_omega=0.80_beta=0.50),2.44,1856,0
371,4,0x49b57eb4dace37c8819daf079c9c674f766d4f38,27.246758,1773045787,52ddcfb75f7d3374eea9a4d419330537b3741cfa4e24f438cd395dbae9204d08,206,103.00,4.17,1,6,4,0.024861,0.497452,TopoStake,pog(D=3_omega=0.80_beta=0.50),2.53,1857,0
372,0,0x13f9dadc05f6c237b03411e2aed1800cf21a5d89,96.448548,1773045789,6fb3a0910b216f2a20a769dfb1fae693445550f68f0c757bb577ba67c7916f6c,119,119.00,3.91,1,6,4,0.024850,0.497569,TopoStake,pog(D=3_omega=0.80_beta=0.50),1.95,1858,0
372,1,0x30405867b72597aaeb27803bb2c7f3f5fc7d5384,11.508044,1773045791,3be8b6d4dff7ad01a9b3858645f17d9a6d31a35400e8904d9da64043002b584d,250,125.00,2.98,1,5,3,0.024877,0.497805,TopoStake,pog(D=3_omega=0.80_beta=0.50),2.06,1859,0
372,2,0xf6e059718dbd0a0956726ab97d06bad5efc6cd18,4.990570,1773045793,466ca50e7b89ec7dcb3431ca50f158e0bf292b506702f4d786847fef0916adb3,230,115.00,3.53,1,5,4,0.024858,0.497509,TopoStake,pog(D=3_omega=0.80_beta=0.50),1.74,1860,0
372,3,0x075e1d95c7891e1c00414ca1aa9a7a8cf6270019,107.314424,1773045795,93ae1471c854ab9b6e7a60bbd8481329de90f1e9803049a125862902ea8235d3,192,96.00,3.71,1,5,4,0.024835,0.496922,TopoStake,pog(D=3_omega=0.80_beta=0.50),1.49,1861,0
372,4,0x213068cb42718d1dd6d00a6d94d62a3def0e68eb,14.361830,1773045797,0666a0bc77ca141e06fbb1fbbb67128a656ca35ff2995de1eefcaf225bf83cd0,193,96.50,3.17,1,5,3,0.024867,0.497168,TopoStake,pog(D=3_omega=0.80_beta=0.50),1.48,1862,0
373,0,0x07902d0371763a00d97ed9ba16ff0a206cb0fd19,157.809795,1773045799,76a7626a902689a627ee724757f4f3e94d08caf7337e69b2d95869d244b71ade,188,62.67,3.60,1,5,4,0.024849,0.496983,TopoStake,pog(D=3_omega=0.80_beta=0.50),2.50,1863,0
373,1,0xcdc82b7c868072205a399d0f68e6e3ad3bfd1ca6,9.194986,1773045801,817272ff96cf69d9eb96a3d409d1f6c987539181d685b419b4f4f75518cbae65,199,99.50,2.83,1,4,3,0.024909,0.497239,TopoStake,pog(D=3_omega=0.80_beta=0.50),2.51,1864,0
373,2,0x95ab54d268473cce82094026afefdbd5cadf418b,14.581608,1773045803,bb5b60ea0ceeabe6f1f9ecbe41521657d2246f787551e94ddb779e7f2247de5f,107,107.00,3.36,1,5,4,0.024888,0.496882,TopoStake,pog(D=3_omega=0.80_beta=0.50),1.92,1865,0
373,3,0x81193196c1dbdbf80709d43a5af5ce21c201fbd7,13.825499,1773045805,2b0cb3bc45d8084af71b488372950a9918856f862322a7d0405d641e307b7065,207,103.50,4.38,1,6,5,0.024871,0.496698,TopoStake,pog(D=3_omega=0.80_beta=0.50),2.43,1866,0
373,4,0x269cdf52f97e1d9f14b7be895155a7b294f0b21d,27.743584,1773045807,e65c5c8769fd9565a9c7c57add2256a23a23846e5591b2a274427bd0daf66cb7,250,125.00,3.80,1,6,4,0.024852,0.496480,TopoStake,pog(D=3_omega=0.80_beta=0.50),2.21,1867,0
374,0,0x311eb133eb413ac3f21249889bb101e5d40820ce,12.122418,1773045809,a828f45f5b43636f8d254ff9a819a8e9d468085a5b39f04283ea4d426cd6b71b,235,117.50,3.60,1,5,4,0.024842,0.496596,TopoStake,pog(D=3_omega=0.80_beta=0.50),1.85,1868,0
374,1,0xeb82a21cb3d0dd781eb22ad74bb7cd9b4d2a06ec,11.907262,1773045811,307dda6a28eb0538de3c35b00708644afb36641eed876fd8b946d390e9ab8703,212,106.00,3.64,1,5,4,0.024823,0.496325,TopoStake,pog(D=3_omega=0.80_beta=0.50),1.48,1869,0
374,2,0x24898fcb116b48cb2b6fd5d3b4eb599fee0f4633,56.113510,1773045813,41698fa9b13cb3d29ff9f7185bf16ee300666c3ee0adcdf91b67f912e4328d52,185,92.50,4.08,1,6,4,0.024804,0.496037,TopoStake,pog(D=3_omega=0.80_beta=0.50),1.50,1870,0
374,3,0x1cb1274c711a6c2e4e1596846e6ac604eeefb358,46.454715,1773045816,3cbfe7998e45e9c2065dcea00e283fd1412bb2ae9b4e9023b6769bf0f78ff486,208,69.33,3.51,2,5,4,0.024809,0.496231,TopoStake,pog(D=3_omega=0.80_beta=0.50),2.54,1871,0
374,4,0x07902d0371763a00d97ed9ba16ff0a206cb0fd19,158.811309,1773045817,fddfe687e2b79be812d6c168038eaa8259ef41a70c20153937992cbdb3092a0f,204,102.00,3.49,1,5,4,0.024808,0.496404,TopoStake,pog(D=3_omega=0.80_beta=0.50),2.44,1872,0
375,0,0x0d91704595bff3aec25d40822498a51c62b05e3a,64.658190,1773045819,5e290fce93a9b582e6dc3b7cd88a274c0396d6e679b62bde5fe4c5ef33c2b613,147,147.00,2.58,1,4,3,0.024867,0.496659,TopoStake,pog(D=3_omega=0.80_beta=0.50),1.72,1873,0
375,1,0x8719ca31b72ae8a5404006763c53d5ad503dbcb0,5.088600,1773045821,894a3c13ba9ca5707888d3b5c89828a27eb17b10827cef3d81097750c7df3a4d,231,115.50,3.15,1,5,3,0.024876,0.496862,TopoStake,pog(D=3_omega=0.80_beta=0.50),1.84,1874,0
375,2,0x0d91704595bff3aec25d40822498a51c62b05e3a,65.659283,1773045823,dcfce22c172093aa9554e8237cd28b0ca1f9594c79a1e3339a3609bf6e811f02,210,105.00,4.16,1,6,4,0.024854,0.496277,TopoStake,pog(D=3_omega=0.80_beta=0.50),1.77,1875,0
375,3,0xa3786e459f289a76c0e8af8ad834e3d0c6d47199,19.721666,1773045825,cf02f4ef528cbc689600edbebc84f622c71595410d0a431780aac064f2e7b1c5,240,120.00,3.34,1,5,3,0.024863,0.496480,TopoStake,pog(D=3_omega=0.80_beta=0.50),1.71,1876,0
375,4,0x13f9dadc05f6c237b03411e2aed1800cf21a5d89,97.450481,1773045827,b2089375643f64a098b881ed2a0877d5aa652d40a7786afe9620abb4243e81b1,204,102.00,4.30,1,6,4,0.024848,0.496435,TopoStake,pog(D=3_omega=0.80_beta=0.50),1.52,1877,0
376,0,0x28672c71695142588ed26ada6f4b18b8b6c12308,20.695531,1773045829,38034ac47eca2be07fae871c7089c921d7b22f5dcc9182bcc710391d03cef456,213,71.00,3.08,1,5,3,0.024875,0.496670,TopoStake,pog(D=3_omega=0.80_beta=0.50),2.53,1878,0
376,1,0x50f7fa851f9314d682e36da5caa4635039b5305d,25.122497,1773045831,354e8a4619cdfc9a49354f51d413a6fb7e6ad6dd5756d4bfc83ddaa7a59615f3,214,107.00,3.56,1,5,4,0.024860,0.496652,TopoStake,pog(D=3_omega=0.80_beta=0.50),2.47,1879,0
376,2,0x53be6e527cc5a7d850b5eae27b9cef342e0665f2,31.063485,1773045833,6a88f75ae29681e9e9781abd515fb9ebeb92a49d72d67563f22683e8c21c1498,115,115.00,3.17,1,4,3,0.024848,0.496732,TopoStake,pog(D=3_omega=0.80_beta=0.50),1.84,1880,0
376,3,0x50f7fa851f9314d682e36da5caa4635039b5305d,26.123067,1773045835,0c7f1832110c4708ee737f83415850ad69a92a0505c30aadd18ac3f6bfe0039c,230,115.00,3.36,1,5,3,0.024840,0.496883,TopoStake,pog(D=3_omega=0.80_beta=0.50),2.09,1881,0
376,4,0x07902d0371763a00d97ed9ba16ff0a206cb0fd19,159.812798,1773045837,6ba84758b32457f6ea3cd5c8e4ff015b0fbd7249e0aaf1e5919757aa42503e3a,233,116.50,3.39,2,5,3,0.024828,0.496979,TopoStake,pog(D=3_omega=0.80_beta=0.50),1.70,1882,0
377,0,0xac768e60b9269babb15cb1e36ee843243d7c7543,30.731263,1773045839,ee2a44a597696a99ff051884fc4f6a5d0d1a08d1fa939241eb851e892dc6938e,209,104.50,2.76,1,4,3,0.024887,0.497232,TopoStake,pog(D=3_omega=0.80_beta=0.50),1.53,1883,0
377,1,0x9ba702916c26a8583a7f277d6932b3c0d9927ce0,6.174435,1773045841,61299c58431ad4efec95efe976583320f8de75deb41fa265ccf8f1060e40127a,182,91.00,4.02,2,6,4,0.024878,0.497373,TopoStake,pog(D=3_omega=0.80_beta=0.50),1.58,1884,0
377,2,0x4a217e35f6402e7f62a49f6d62e27c6585c2f3fd,15.481094,1773045843,89c069e0143c283705b02af65d1b646cf4b3c9b760aead2b62893987af5375df,195,65.00,3.63,1,5,4,0.024856,0.496868,TopoStake,pog(D=3_omega=0.80_beta=0.50),2.50,1885,0
377,3,0xdb45667100590f9cfe78a899c3b02c5cd37008f1,26.053612,1773045846,5cc1ae64bd7d4464c1013e9bf4cfe8e9e9a0066e0ed5ddf5e781bc291a4b317b,201,100.50,3.63,1,5,4,0.024839,0.496724,TopoStake,pog(D=3_omega=0.80_beta=0.50),2.46,1886,0
377,4,0x1cb1274c711a6c2e4e1596846e6ac604eeefb358,47.455734,1773045847,d400a8252943787ca4987b0600eecc977005bbd979787a5eed4875f6db6f63cc,176,88.00,4.15,1,6,4,0.024828,0.496808,TopoStake,pog(D=3_omega=0.80_beta=0.50),2.48,1887,0
378,0,0x24898fcb116b48cb2b6fd5d3b4eb599fee0f4633,57.114653,1773045849,0c8f77c05c7b742452d2d1813eeab13e8123be9ae84a0a14a47ff824b8e432e1,117,117.00,3.40,2,5,3,0.024827,0.496979,TopoStake,pog(D=3_omega=0.80_beta=0.50),1.77,1888,0
378,1,0x34412315480562da4810040fd15c81f99880e1ab,9.880973,1773045851,2c911c5a4f6b691278c87c4963fa0d44bff4f131b7177a1f1c449f245a4a864c,235,117.50,3.50,1,5,4,0.024832,0.497171,TopoStake,pog(D=3_omega=0.80_beta=0.50),1.97,1889,0
378,2,0x9c39f7fffaa5c5cfab20dfdd05663497918580c1,9.409519,1773045853,ecdace5e4c87a9f71adf2cb67d02618dd954aa31e462c9fc05eee374a3d32359,200,100.00,4.10,1,6,4,0.024812,0.496840,TopoStake,pog(D=3_omega=0.80_beta=0.50),1.74,1890,0
378,3,0x34412315480562da4810040fd15c81f99880e1ab,10.881873,1773045855,c0eb955c01d8e9a383cfa687bd98aa150328dbe7884f6e8f67e4de1a882d852d,203,101.50,4.05,1,5,4,0.024792,0.496484,TopoStake,pog(D=3_omega=0.80_beta=0.50),1.54,1891,0
378,4,0x07902d0371763a00d97ed9ba16ff0a206cb0fd19,160.814590,1773045857,6cd2dbe34188e9f84aac4ec2868a15a11bb236d47596f19a0be7d34d54d1b610,207,103.50,3.93,1,6,4,0.024773,0.496165,TopoStake,pog(D=3_omega=0.80_beta=0.50),1.50,1892,0
379,0,0x075e1d95c7891e1c00414ca1aa9a7a8cf6270019,108.317062,1773045860,e4a662941f7efc9d8fd47ddf6741a639db6e9318f99529f1df8e39c7a9566a22,186,62.00,2.75,1,4,3,0.024832,0.496418,TopoStake,pog(D=3_omega=0.80_beta=0.50),2.56,1893,0
379,1,0x50f7fa851f9314d682e36da5caa4635039b5305d,27.124235,1773045861,4674e6f8db078b4c7e6b21f544229663bbc6ed051d50962b57fcf0899d2437e7,214,107.00,3.08,1,5,3,0.024863,0.496660,TopoStake,pog(D=3_omega=0.80_beta=0.50),2.50,1894,0
379,2,0xdb45667100590f9cfe78a899c3b02c5cd37008f1,27.054368,1773045863,f251215484bb5fdf0b160a11494199f899cbea7649db1915441ccff461249660,120,120.00,3.17,1,5,3,0.024852,0.496759,TopoStake,pog(D=3_omega=0.80_beta=0.50),1.79,1895,0
379,3,0x0d91704595bff3aec25d40822498a51c62b05e3a,66.660621,1773045865,89098599ed6dd9c1f3b8bda05ddca585677093c02b89f4a517fb3c0a2d50ab3f,189,94.50,4.24,2,6,4,0.024841,0.496848,TopoStake,pog(D=3_omega=0.80_beta=0.50),2.27,1896,0
379,4,0x81193196c1dbdbf80709d43a5af5ce21c201fbd7,14.826532,1773045867,1182139aca089cb0218f7fc78823a615f4094ccf2050995f5fdbc364ff0ef3a6,250,125.00,3.27,1,5,3,0.024851,0.497049,TopoStake,pog(D=3_omega=0.80_beta=0.50),2.03,1897,0
380,0,0x606627477c3734932f47972f83c27cf4e3b35b4f,32.395250,1773045869,7976c2b2429cba3e4252daf76df4fc73a02019cca5c2937100576d4f838a9e27,218,109.00,4.17,2,6,4,0.024851,0.497049,TopoStake,pog(D=3_omega=0.80_beta=0.50),1.65,1898,0
380,1,0x075e1d95c7891e1c00414ca1aa9a7a8cf6270019,109.318311,1773045871,4cc6da5f013af9b363d47904eed048d122a7410b8ae158822abcb2c0b547fabb,195,97.50,3.66,2,5,4,0.024833,0.496867,TopoStake,pog(D=3_omega=0.80_beta=0.50),1.49,1899,0
380,2,0xa447d277b02012c2afd9ddcbbe123f27cc971963,13.802426,1773045873,1d0e13aa89c4e55c4a64801de7edf8699dc6c69cdc326aced1fe67234f34cf02,232,77.33,3.18,1,5,3,0.024857,0.497268,TopoStake,pog(D=3_omega=0.80_beta=0.50),2.49,1900,0
380,3,0x4414c05be2cf328f38d2e3ef4b705d6b894f044a,19.089367,1773045876,f74ccc5934829999455ee2f0355b4de27463cc043a5c69a45d5be1762bccf680,201,100.50,3.43,1,5,3,0.024839,0.497043,TopoStake,pog(D=3_omega=0.80_beta=0.50),2.46,1901,0
380,4,0x719361397abe003a91af76243e5f9c7a0cd4279f,26.555079,1773045877,75aa54454dedd3bed9570349d40daa080093596a649fa0229c78b9e8b4ebf3f5,206,103.00,3.90,1,5,4,0.024824,0.496981,TopoStake,pog(D=3_omega=0.80_beta=0.50),2.50,1902,0
381,0,0x4414c05be2cf328f38d2e3ef4b705d6b894f044a,20.090321,1773045879,be032f6ab9d6b8c4bc8811e3bea486a4876383d0b814dae7b9af099cef7f31a1,140,140.00,3.56,1,5,4,0.024812,0.497060,TopoStake,pog(D=3_omega=0.80_beta=0.50),1.80,1903,0
381,1,0xcdc82b7c868072205a399d0f68e6e3ad3bfd1ca6,10.194914,1773045881,4eb93964524ee8fd3206e80956f5bad36349475c435277c0ad94d4f5c4821b7d,250,125.00,3.86,1,5,4,0.024798,0.497009,TopoStake,pog(D=3_omega=0.80_beta=0.50),2.13,1904,0
381,2,0xd61b00c297972877b45f8d7f4d67fdaf20c67c59,9.313467,1773045883,687e637bbb9ec326cbc7943910f2c625509ac33ece9f45e988cff01eab342707,250,125.00,3.58,1,5,4,0.024778,0.496677,TopoStake,pog(D=3_omega=0.80_beta=0.50),1.80,1905,0
381,3,0x13f9dadc05f6c237b03411e2aed1800cf21a5d89,98.452922,1773045885,645d753880582826738586cf70902846d994e953bc93d5aa78d03799a016d727,177,88.50,4.42,1,6,5,0.024778,0.496677,TopoStake,pog(D=3_omega=0.80_beta=0.50),1.50,1906,0
381,4,0x13f9dadc05f6c237b03411e2aed1800cf21a5d89,99.453902,1773045887,9c408cc2964f03d65245cf2c1144b480f503b5872f65c0e4843c4ba3f98add46,200,100.00,3.07,1,5,3,0.024784,0.496541,TopoStake,pog(D=3_omega=0.80_beta=0.50),1.48,1907,0
382,0,0xd1cd4b808ce6b2841ad42746b64c5a047e857ef0,8.220092,1773045890,895af5d905ced60a9ade1c5f819b08ae89b9bf151ae1c9a5b21c2fafef2bf332,223,74.33,3.14,1,5,3,0.024810,0.496771,TopoStake,pog(D=3_omega=0.80_beta=0.50),2.55,1908,0
382,1,0x54f496e5c1d9f95a916cf7f5b62e9c98e64a3dc5,6.015441,1773045891,b0a39f3ff84769922a3157a1571f3d7ffb1ee95165f9e8dd5d0a08a5bdfb9dc6,210,105.00,3.82,1,5,4,0.024790,0.496371,TopoStake,pog(D=3_omega=0.80_beta=0.50),2.49,1909,0
382,2,0x26d553a2f4343b3a7dc88bbd87b3d0a25d3838d9,21.225264,1773045893,9f5aac87ed4c28613b0dc5ff3087d2ca90b37a05f7bf454351104be7ea60299f,107,107.00,4.18,2,5,4,0.024768,0.495857,TopoStake,pog(D=3_omega=0.80_beta=0.50),1.98,1910,0
382,3,0x606627477c3734932f47972f83c27cf4e3b35b4f,33.396026,1773045895,169a85d2389423b517d92f610c404095708394b8a694bdcbed5a89fad7dbed49,250,125.00,3.72,1,5,4,0.024754,0.495861,TopoStake,pog(D=3_omega=0.80_beta=0.50),2.10,1911,0
382,4,0x13f9dadc05f6c237b03411e2aed1800cf21a5d89,100.455141,1773045897,61e896446c2c12e2e6a51c37caa44dca55edcc1c099d3ee4fe4588283c676ed3,250,125.00,3.70,1,5,4,0.024746,0.496020,TopoStake,pog(D=3_omega=0.80_beta=0.50),1.76,1912,0
383,0,0x34d94cc0534eb50dec7956bea31407428d6d5ef8,6.061875,1773045899,1aceb7ddc0e15ebdeeebe5580f89234a71ae514225ddba9556cdd8c705d4c6ca,193,96.50,2.99,1,4,3,0.024746,0.496021,TopoStake,pog(D=3_omega=0.80_beta=0.50),1.54,1913,0
383,1,0x786f26993bf015cd2da6fb5d3ccd1879e01246ab,21.289550,1773045901,44b6e1287a64d038f6e9c479404bf1c2b082ef531d9abdcc8f049ec23e832d3d,185,92.50,3.66,1,5,4,0.024751,0.495730,TopoStake,pog(D=3_omega=0.80_beta=0.50),1.48,1914,0
383,2,0x075e1d95c7891e1c00414ca1aa9a7a8cf6270019,110.320011,1773045904,005bfe8dda4d204c80f8e83f035e605085679cc06918fdfa40d8be57aa43770d,213,71.00,4.03,1,5,4,0.024737,0.495728,TopoStake,pog(D=3_omega=0.80_beta=0.50),2.52,1915,0
383,3,0x07902d0371763a00d97ed9ba16ff0a206cb0fd19,161.817315,1773045905,86e0ac271a2d48a224cd795df512204be8955ad7d6dbab9de149344a5b23b878,175,87.50,3.06,1,5,3,0.024769,0.495968,TopoStake,pog(D=3_omega=0.80_beta=0.50),2.40,1916,0
383,4,0xd67aaaf210c0c36ddcb7055222d168b5c9dd1b36,1.155592,1773045907,cacbf87654ec6a8a32e8f114db756d32f19d501cd89845668acb478f17a82de1,154,154.00,2.66,1,4,3,0.024827,0.496217,TopoStake,pog(D=3_omega=0.80_beta=0.50),1.68,1917,0
384,0,0x0d91704595bff3aec25d40822498a51c62b05e3a,67.662199,1773045909,d37e2e41ee1a6e496fd4182ecea541fdef08d85639d457e96c3de8ebea5ffc18,206,103.00,3.94,1,5,4,0.024802,0.495479,TopoStake,pog(D=3_omega=0.80_beta=0.50),1.94,1918,0
384,1,0x075e1d95c7891e1c00414ca1aa9a7a8cf6270019,111.320969,1773045911,9d1345c3f02a78fc4d9f593edb3a27ada5cd1fa91b8ea4f47191423272c91b5d,221,110.50,3.32,2,5,3,0.024812,0.495678,TopoStake,pog(D=3_omega=0.80_beta=0.50),1.71,1919,0
384,2,0x07902d0371763a00d97ed9ba16ff0a206cb0fd19,162.818218,1773045913,0ec634e9e56b7b8f4451eefe8fcf434ad65b05118c2e699be08959cf86e31185,201,100.50,3.05,1,5,3,0.024844,0.495918,TopoStake,pog(D=3_omega=0.80_beta=0.50),1.57,1920,0
384,3,0x6d6b2734a20229ddd7fd4a1470ba3e3bad4e4a85,12.626385,1773045915,26897be7135d37b7ac7bb692e4d8e0c1e79d3f74a465ad80d9aa25a5fe4fad55,200,100.00,2.81,2,4,3,0.024902,0.496167,TopoStake,pog(D=3_omega=0.80_beta=0.50),1.50,1921,0
384,4,0x0d91704595bff3aec25d40822498a51c62b05e3a,68.663280,1773045918,e5cde040689a13bf78af19af4b2d1e4bef8622aea6d6325b672dd8f4775a016d,204,68.00,3.76,1,5,4,0.024883,0.495909,TopoStake,pog(D=3_omega=0.80_beta=0.50),2.47,1922,0
385,0,0x4414c05be2cf328f38d2e3ef4b705d6b894f044a,21.091343,1773045919,54cb5efe064fd6a68ecd9a4584c472406d095863c8bdadeaf3eb3e63c17c2bba,222,111.00,3.25,1,5,3,0.024893,0.496107,TopoStake,pog(D=3_omega=0.80_beta=0.50),2.48,1923,0
385,1,0xb2a7fe70a6f3137d38f6cb4c3ec6dd1e24f2d5f4,22.423132,1773045921,b42525e9e3e8e82193222723236998087113f43b0c0515b8e9a556da2ae8e1a2,100,100.00,3.72,1,5,4,0.024879,0.496087,TopoStake,pog(D=3_omega=0.80_beta=0.50),1.86,1924,0
385,2,0x30509a8084fdfe6fe24d9c9a817c209ad194f8e3,71.750035,1773045923,1672ee754bf4e8cce3a2eacfba8afe943db67e8b850b2ae551157367c5217a48,219,109.50,4.17,1,6,4,0.024866,0.496125,TopoStake,pog(D=3_omega=0.80_beta=0.50),2.26,1925,0
385,3,0x0d91704595bff3aec25d40822498a51c62b05e3a,69.664382,1773045925,93f6e83c78c9056d9a730ba1d0b5972ae15dda99fd93f5d10dc31b1107ad1c2a,250,125.00,3.36,1,5,3,0.024877,0.496334,TopoStake,pog(D=3_omega=0.80_beta=0.50),1.81,1926,0
385,4,0x07902d0371763a00d97ed9ba16ff0a206cb0fd19,163.819559,1773045927,7bc3287d6ec35969f56cb7b1b604296813303728c1988f0bc2cf199c9e0f4fc0,205,102.50,3.19,1,5,3,0.024888,0.496532,TopoStake,pog(D=3_omega=0.80_beta=0.50),1.58,1927,0
386,0,0x016d3fc36beee7caa8fbd6c1caa42461dd7f9850,54.956238,1773045929,b925fd1882a9aeecf1bdde2d2dda53fd387e14e20c32da0f465cf050be91d16e,182,91.00,2.77,2,4,3,0.024945,0.496780,TopoStake,pog(D=3_omega=0.80_beta=0.50),1.44,1928,0
386,1,0x3513d672439a59c26cc5711f2b715ccb4810a774,24.301059,1773045932,90c32f2e132b244ee2c1ed8f52a649d58413734c875085468c90aabead932e3f,202,67.33,3.08,1,4,3,0.024948,0.496958,TopoStake,pog(D=3_omega=0.80_beta=0.50),2.51,1929,0
386,2,0x3513d672439a59c26cc5711f2b715ccb4810a774,25.301959,1773045934,4e506aaf78c388f3c1a3c4ff979f11a311a2eafa7a1ac1e5bc96c8269c370b66,182,91.00,3.68,1,5,4,0.024936,0.497023,TopoStake,pog(D=3_omega=0.80_beta=0.50),2.43,1930,0
386,3,0x13f9dadc05f6c237b03411e2aed1800cf21a5d89,101.456879,1773045936,35ed4e0e14afeb49a8130a8db365131db56681ad8189f1af477940cbcb91105f,229,114.50,3.78,1,5,4,0.024924,0.497090,TopoStake,pog(D=3_omega=0.80_beta=0.50),2.34,1931,0
386,4,0x50f7fa851f9314d682e36da5caa4635039b5305d,28.124715,1773045938,e1ae45713174937a9cd07c0432bd9960775ad7cad5fda4bfeacaa7de1dd39013,250,125.00,3.19,1,5,3,0.024950,0.497317,TopoStake,pog(D=3_omega=0.80_beta=0.50),2.30,1932,0
387,0,0xfb35fdafcfc84561a42700a4a1c274edeb75bdc1,5.035073,1773045940,93f17b6fae59aaf409b24d76cb39688ac5c2f04dd20498f40919d0716361b7ad,250,125.00,3.37,1,5,3,0.024939,0.497427,TopoStake,pog(D=3_omega=0.80_beta=0.50),2.04,1933,0
387,1,0xdb45667100590f9cfe78a899c3b02c5cd37008f1,28.054770,1773045942,94759863878c03220fb2b6322ccfe1e56215feb0dd49d8a29231915b532f3c12,239,119.50,3.92,1,5,4,0.024917,0.496845,TopoStake,pog(D=3_omega=0.80_beta=0.50),1.79,1934,0
387,2,0x50f7fa851f9314d682e36da5caa4635039b5305d,29.125950,1773045944,dfe40324b36468d5d271979ab543a3018c61dc4c95c144d3c92bf46a49d7a1a1,212,106.00,4.14,1,6,4,0.024907,0.496943,TopoStake,pog(D=3_omega=0.80_beta=0.50),1.49,1935,0
387,3,0x075e1d95c7891e1c00414ca1aa9a7a8cf6270019,112.322461,1773045946,8555848f7e573ac35e9f03998e8d6528e36db3c87e1dc39d625e00ddb0bd4059,201,67.00,3.30,1,5,3,0.024897,0.497061,TopoStake,pog(D=3_omega=0.80_beta=0.50),2.47,1936,0
387,4,0x89100a8056319ba37491b32ba255004180607bc2,21.788700,1773045949,18da3bab406173ad758880881b5b12891ad9aef5dcfab8f093b0ffb3924be4f1,194,97.00,3.03,1,5,3,0.024928,0.497298,TopoStake,pog(D=3_omega=0.80_beta=0.50),2.46,1937,0
388,0,0x075e1d95c7891e1c00414ca1aa9a7a8cf6270019,113.323423,1773045950,e6afdbe3a51433e93219342d849f59c8ff83f624fe934c5bd0cae66f11cf3297,205,102.50,3.77,1,5,4,0.024914,0.497308,TopoStake,pog(D=3_omega=0.80_beta=0.50),2.41,1938,0
388,1,0x9c39f7fffaa5c5cfab20dfdd05663497918580c1,10.409606,1773045952,b4b3aa9148a7ffbffd79f373f813ef9150c68e8cd45a97582e2c3d4ad6727122,171,171.00,2.99,1,5,3,0.024946,0.497544,TopoStake,pog(D=3_omega=0.80_beta=0.50),1.64,1939,0
388,2,0xea287b266dbe2c2d402fd91814bcfc4c95d6b0fd,9.139763,1773045954,a6c253597284946737df2b24684fa2e1db8d1339f3e2e441d585a766b495454c,193,96.50,3.97,1,5,4,0.024927,0.497214,TopoStake,pog(D=3_omega=0.80_beta=0.50),1.80,1940,0
388,3,0x24898fcb116b48cb2b6fd5d3b4eb599fee0f4633,58.115920,1773045956,dad4f9bf458f5fa2029f6b2ccea832c70c23e2abf58d44e7ee80cea6a2cbedfa,193,96.50,3.98,1,6,4,0.024907,0.496838,TopoStake,pog(D=3_omega=0.80_beta=0.50),1.74,1941,0
388,4,0x30509a8084fdfe6fe24d9c9a817c209ad194f8e3,72.751297,1773045958,4f301044984c6debd743bf78d99a105d5bf5a100562482cf22fb0e3f634ecb7b,220,110.00,3.62,1,5,4,0.024911,0.497025,TopoStake,pog(D=3_omega=0.80_beta=0.50),1.62,1942,0
389,0,0x49b57eb4dace37c8819daf079c9c674f766d4f38,28.246562,1773045960,344ea18c3e804d408c94f19025d24ba92943e3014597ad112862f4ee52a27077,198,99.00,3.34,1,5,3,0.024922,0.497231,TopoStake,pog(D=3_omega=0.80_beta=0.50),1.57,1943,0
389,1,0xdc2bc9a639e2bc25c5f57e628a7cd55f6a3d023b,7.074966,1773045963,7913e8cdfae85beb9fabf6550648f4edfafba0bb6f1b823e716a51841b225690,202,67.33,3.91,1,6,4,0.024912,0.497325,TopoStake,pog(D=3_omega=0.80_beta=0.50),2.45,1944,0
389,2,0x311eb133eb413ac3f21249889bb101e5d40820ce,13.122558,1773045964,3e6c48876b27a6b4d4db752b8dc0c60f6e3b07dd1cedea49ec2e8e3dbc704fe0,212,106.00,4.65,1,6,5,0.024891,0.496871,TopoStake,pog(D=3_omega=0.80_beta=0.50),2.50,1945,0
389,3,0x13f9dadc05f6c237b03411e2aed1800cf21a5d89,102.458670,1773045966,c49544b5de3ec752d5e7d42ffe5a2e70bfdd5c7ad14eb1825d541bbb3ad23fd7,99,99.00,3.59,1,5,4,0.024873,0.496624,TopoStake,pog(D=3_omega=0.80_beta=0.50),1.87,1946,0
389,4,0x719361397abe003a91af76243e5f9c7a0cd4279f,27.555178,1773045968,f807a46b991dbcc0af5ce298882276e62a1b9e21f135e3bb1732792c7433dad6,250,125.00,3.04,1,5,3,0.024899,0.496849,TopoStake,pog(D=3_omega=0.80_beta=0.50),2.16,1947,0
390,0,0x52e05d9fa4faa167f30baba23c710e4f49115288,16.147203,1773045970,8547aefa1ceed10547671d1b3f08b35896e2129deffebb21e4cde53713b38a4a,236,118.00,3.81,1,5,4,0.024888,0.496926,TopoStake,pog(D=3_omega=0.80_beta=0.50),1.91,1948,0
390,1,0x07902d0371763a00d97ed9ba16ff0a206cb0fd19,164.822015,1773045972,7bc912a1d3cfcfadb076907942c4d04f6ededab02e8d7ac0f0f2268ec03e5993,182,91.00,4.09,2,5,4,0.024872,0.496809,TopoStake,pog(D=3_omega=0.80_beta=0.50),1.64,1949,0
390,2,0xac768e60b9269babb15cb1e36ee843243d7c7543,31.731326,1773045974,5787318c93bd5e431248a5284adfa7d545ab584383c2c9212e6f7491b8514d10,181,90.50,2.81,1,4,3,0.024929,0.497054,TopoStake,pog(D=3_omega=0.80_beta=0.50),1.45,1950,0
390,3,0xa9105f442328d397529b8e4e9e656fa89016ff45,2.440784,1773045976,1d1e91922229cbb10fc1324442a6aa08dfb26ebe7953e3f92907b2d1cf18643f,172,57.33,3.84,1,6,4,0.024920,0.497197,TopoStake,pog(D=3_omega=0.80_beta=0.50),2.47,1951,0
390,4,0x7e40df5d801345015e84c843908efc6683665fa4,17.661407,1773045978,2bacd249ce7fcd58398c6dd1082dc46fbc6517e07e34baca59dac93f01e85bdd,200,100.00,3.65,1,5,4,0.024896,0.496500,TopoStake,pog(D=3_omega=0.80_beta=0.50),2.52,1952,0
391,0,0xc774b0fee7cabbef3b1ae14bf36db3df0d32c1df,7.152650,1773045980,5ce393f12be8167c92b0c445f2d1cd9ad3634007c041001106845a33d03f55ba,108,108.00,3.36,1,5,3,0.024881,0.496412,TopoStake,pog(D=3_omega=0.80_beta=0.50),1.89,1953,0
391,1,0x07902d0371763a00d97ed9ba16ff0a206cb0fd19,165.823166,1773045982,95d426fa42f003a8904b445a3bce25e9fe26b2608a05599bfe621fe92371eba5,244,122.00,3.91,1,5,4,0.024860,0.495955,TopoStake,pog(D=3_omega=0.80_beta=0.50),2.23,1954,0
391,2,0x89100a8056319ba37491b32ba255004180607bc2,22.789567,1773045984,6ef401cb5d2bdb2b70ecafe45d00b8a9d2793256252b3289e485494c784f1122,250,125.00,2.78,1,4,3,0.024917,0.496200,TopoStake,pog(D=3_omega=0.80_beta=0.50),1.91,1955,0
391,3,0xcdfb7a191f0bf929991735127c8d1b4e5b99de22,1.012194,1773045986,208d0072da07858228ffcded274821fcb30c29446d85076c8ae7ea2a58d9606b,206,103.00,3.92,1,5,4,0.024904,0.496235,TopoStake,pog(D=3_omega=0.80_beta=0.50),1.64,1956,0
391,4,0x49b57eb4dace37c8819daf079c9c674f766d4f38,29.247412,1773045988,1b716c5072a6a7f52b54cd056ec21c160ee9c4528b2e42829dd95a922cacc74a,180,90.00,4.35,1,6,4,0.024880,0.495500,TopoStake,pog(D=3_omega=0.80_beta=0.50),1.49,1957,0
392,0,0x60705151f1f537cacd5b801f3ef1b31dc3f605de,8.284863,1773045990,65481733185bff9987916894e65af3678fb0d712e1fdb2567e23d5fc4b9cae2d,193,64.33,4.01,1,6,4,0.024870,0.495610,TopoStake,pog(D=3_omega=0.80_beta=0.50),2.52,1958,0
392,1,0xcdfb7a191f0bf929991735127c8d1b4e5b99de22,2.012865,1773045992,3ea210e0cbf8e12cd1f2185439d20b4e308b517db8b32aeac9f7bd132bbeb43f,205,102.50,4.06,1,6,4,0.024849,0.495211,TopoStake,pog(D=3_omega=0.80_beta=0.50),2.49,1959,0
392,2,0xdb45667100590f9cfe78a899c3b02c5cd37008f1,29.055435,1773045994,b5fae1e3d17d0551c23d24498bd9ef66edce04750a1e792e6c3162c8cb4daa83,128,128.00,4.27,1,6,4,0.024826,0.494496,TopoStake,pog(D=3_omega=0.80_beta=0.50),1.98,1960,0
392,3,0x2abf89d7c96c80fcff9dec1fe92803573094ee35,5.207132,1773045996,d7ad77c872f6e8f1b7f4fa567ddb1fbb736db38652451a38dd14e20d6b534b34,204,102.00,4.03,1,6,4,0.024816,0.494593,TopoStake,pog(D=3_omega=0.80_beta=0.50),2.42,1961,0
392,4,0x016d3fc36beee7caa8fbd6c1caa42461dd7f9850,55.957505,1773045998,9c9f411129f56a3d0c8018ef8bb5b368b039929a7e375d226b6565fbfe87e512,250,125.00,3.62,2,5,4,0.024794,0.494022,TopoStake,pog(D=3_omega=0.80_beta=0.50),2.17,1962,0
393,0,0x1cb1274c711a6c2e4e1596846e6ac604eeefb358,48.456408,1773046000,9b531409e748f5d49e718a57e4811607766be38fd3af0149abc9c5722cee54b3,215,107.50,3.11,1,4,3,0.024797,0.494198,TopoStake,pog(D=3_omega=0.80_beta=0.50),1.77,1963,0
393,1,0x687bf2437a044a3e42ff2f8a79a8e54ba9601f70,15.058422,1773046002,1335df3c30fb0ae9ace7938cedc2aad3460f0be2298629613c3abd73f6343402,196,98.00,3.40,1,5,4,0.024797,0.494364,TopoStake,pog(D=3_omega=0.80_beta=0.50),1.52,1964,0
393,2,0x07902d0371763a00d97ed9ba16ff0a206cb0fd19,166.825153,1773046004,c918b805d0596be26be98d9e7c8c9d971ab091f409ec821315e85ed520f4fb68,206,68.67,3.71,1,5,4,0.024780,0.494189,TopoStake,pog(D=3_omega=0.80_beta=0.50),2.58,1965,0
393,3,0xe6ebb0cdfd04183d498964e5efc4096ba77b17d6,16.280250,1773046007,e7a2b73239771998b0d3d9df10eea54e341b2d57b7fcd5704d60a264b661c0fb,187,93.50,2.76,1,4,3,0.024837,0.494434,TopoStake,pog(D=3_omega=0.80_beta=0.50),2.44,1966,0
393,4,0x13f9dadc05f6c237b03411e2aed1800cf21a5d89,103.460885,1773046008,05ce820fc64b268a9cae14671f9b4188fc04160d7b1da0a79b2c3a66faab6fee,207,103.50,4.15,1,6,4,0.024820,0.494313,TopoStake,pog(D=3_omega=0.80_beta=0.50),2.47,1967,0
394,0,0xc774b0fee7cabbef3b1ae14bf36db3df0d32c1df,8.153600,1773046010,8d799732d47efaa13f2d28f3f66d3210996498526f180693c19dbf199474ba4d,141,141.00,2.83,1,4,3,0.024846,0.494537,TopoStake,pog(D=3_omega=0.80_beta=0.50),1.67,1968,0
394,1,0x52e05d9fa4faa167f30baba23c710e4f49115288,17.147940,1773046012,95afc0e04d12e613c585016e84a31107f7e58e5f11934fb2a58a35c16f21d687,210,105.00,4.02,1,5,4,0.024826,0.494129,TopoStake,pog(D=3_omega=0.80_beta=0.50),2.07,1969,0
394,2,0xd3997be86c88837e3fd467517b943590b28fa641,10.035874,1773046014,15225148613ab6e132560a282b47f955814bd44fa4c8fd18e8f99cf0ca0fe5c4,198,99.00,4.01,1,5,4,0.024810,0.494020,TopoStake,pog(D=3_omega=0.80_beta=0.50),1.81,1970,0
394,3,0xf13caa2c5f6f6cf61e51290bfa7826a9140b4faf,6.018725,1773046016,a3f0a75428e8d204277448cbe8bf28f157b52f4b12634fdd004c521e8ee94dad,231,115.50,4.17,1,5,4,0.024791,0.493677,TopoStake,pog(D=3_omega=0.80_beta=0.50),1.63,1971,0
394,4,0x07902d0371763a00d97ed9ba16ff0a206cb0fd19,167.826466,1773046018,a7cec5fb6eb6c169bd326de107697d90bbb63d6808ca4944ae38dae2cc0babfd,196,98.00,4.18,1,6,4,0.024770,0.493159,TopoStake,pog(D=3_omega=0.80_beta=0.50),1.51,1972,0
395,0,0x13f9dadc05f6c237b03411e2aed1800cf21a5d89,104.461832,1773046021,4bb8407ae7a3c801417f009932edec9635a94c3eab4036c9c88dc85603d7b38f,222,74.00,2.79,1,4,3,0.024827,0.493404,TopoStake,pog(D=3_omega=0.80_beta=0.50),2.50,1973,0
395,1,0x07902d0371763a00d97ed9ba16ff0a206cb0fd19,168.827588,1773046022,933366d3385897ff217a1e93aaa76ec73242fdb78f77393ae4057061500ca038,183,91.50,3.10,1,5,3,0.024853,0.493628,TopoStake,pog(D=3_omega=0.80_beta=0.50),2.50,1974,0
395,2,0x606627477c3734932f47972f83c27cf4e3b35b4f,34.396735,1773046024,da2c0188bb714ba79c6e7dc68b22e0b495d48dc3111b28301941759c62b7a7dc,162,162.00,2.70,2,4,3,0.024910,0.493872,TopoStake,pog(D=3_omega=0.80_beta=0.50),1.70,1975,0
395,3,0x89100a8056319ba37491b32ba255004180607bc2,23.790425,1773046026,315ba717dd5e58d091878bfdc6bb229202b029d1f4641323664f5ee1eb702373,240,120.00,3.66,1,5,4,0.024902,0.494027,TopoStake,pog(D=3_omega=0.80_beta=0.50),1.98,1976,0
395,4,0x7e40df5d801345015e84c843908efc6683665fa4,18.661832,1773046028,c01b848d829c4311ac42302dad2d334d1a428bd2064a52fb2c290b508adcfbfb,211,105.50,3.80,1,5,4,0.024889,0.494077,TopoStake,pog(D=3_omega=0.80_beta=0.50),1.70,1977,0
396,0,0xf6e059718dbd0a0956726ab97d06bad5efc6cd18,5.990001,1773046030,1775c993c27cb9d52887ba9627eb7bd4a1272d081c3003c62daf76d0e08b39b3,216,108.00,3.44,1,5,4,0.024874,0.494007,TopoStake,pog(D=3_omega=0.80_beta=0.50),1.57,1978,0
396,1,0xa5a12d96532497871d73549e55ab377e3dcb3a40,16.099032,1773046032,81656eb3f4d71fe7c2b66c3f765d57f767e94bb229d34c837d4578f52522b490,185,92.50,3.69,1,5,4,0.024853,0.493480,TopoStake,pog(D=3_omega=0.80_beta=0.50),1.45,1979,0
396,2,0x1796dc61e715f15a2d27dfa32bd34780f12a8c24,85.840796,1773046035,28ec3033a83be502515e38e3f019fc59405bf838be40336c3452bd5fb9041a29,199,66.33,4.14,1,6,4,0.024837,0.493348,TopoStake,pog(D=3_omega=0.80_beta=0.50),2.48,1980,0
396,3,0x30405867b72597aaeb27803bb2c7f3f5fc7d5384,12.507542,1773046036,bbdf0c87ae35d5f4297fdfdf155d5bc66622aab65a53a4c97217de7bdd5f11a3,202,101.00,3.38,2,5,3,0.024854,0.493562,TopoStake,pog(D=3_omega=0.80_beta=0.50),2.44,1981,0
396,4,0x075e1d95c7891e1c00414ca1aa9a7a8cf6270019,114.325985,1773046038,a9687b2c787b8b3061b1327490c2f3bda43df1814a3cb3b29bb235f534e1d782,119,119.00,3.30,1,5,3,0.024836,0.493295,TopoStake,pog(D=3_omega=0.80_beta=0.50),1.83,1982,0
397,0,0x37cc7a82e66d4f4c2ae13b9ee895d3af1a1d7a05,7.240494,1773046040,cc95515b07b61cd753ae8698166ee7ea403541ccab2aa972ade53118a2ab8fc1,243,121.50,2.97,1,5,3,0.024866,0.493528,TopoStake,pog(D=3_omega=0.80_beta=0.50),1.96,1983,0
397,1,0x016d3fc36beee7caa8fbd6c1caa42461dd7f9850,56.958739,1773046042,779ff8fe44d1da483289c6c3f28357aaf38d20a090513c709e9a8c51085375b3,235,117.50,4.09,1,6,4,0.024846,0.493074,TopoStake,pog(D=3_omega=0.80_beta=0.50),1.75,1984,0
397,2,0x63f4973c0df8a5358405f396dc0673a463c48de9,14.893120,1773046044,75f16a0ea49431b42f744934a3d79c32e52a728534952fcdc4ed0ce50b099fdb,208,104.00,3.16,1,4,3,0.024849,0.493249,TopoStake,pog(D=3_omega=0.80_beta=0.50),1.57,1985,0
397,3,0x28672c71695142588ed26ada6f4b18b8b6c12308,21.696103,1773046046,15b101d04bca3d5a31aec8b3604a7f4330338032356f68e60f418245c2ef7db5,208,104.00,3.51,1,5,4,0.024832,0.493061,TopoStake,pog(D=3_omega=0.80_beta=0.50),1.52,1986,0
397,4,0x0d91704595bff3aec25d40822498a51c62b05e3a,70.666720,1773046049,130faea061535c005016ebfca7c81a9cc4c660f821cc793eae52169f683a8c07,236,78.67,3.66,1,5,4,0.024818,0.493061,TopoStake,pog(D=3_omega=0.80_beta=0.50),2.47,1987,0
398,0,0x26d553a2f4343b3a7dc88bbd87b3d0a25d3838d9,22.225766,1773046050,6e61fa3d4ade4a6a5b1d102e509a6c2aa91d9f8c58c17e76631d47fc208b4b61,188,94.00,3.29,1,5,3,0.024828,0.493254,TopoStake,pog(D=3_omega=0.80_beta=0.50),2.47,1988,0
398,1,0x1cb1274c711a6c2e4e1596846e6ac604eeefb358,49.457489,1773046052,fa2daa39bdbefa92c8e098ae5a3ce7191073af961e6db42ec12deaf807864511,96,96.00,3.69,1,5,4,0.024814,0.493267,TopoStake,pog(D=3_omega=0.80_beta=0.50),1.93,1989,0
398,2,0xea287b266dbe2c2d402fd91814bcfc4c95d6b0fd,10.139916,1773046054,019f66c75b29a520f5042ec442dc140a54b555d531cc6232234badec5c451b6d,242,121.00,3.49,1,5,4,0.024814,0.493432,TopoStake,pog(D=3_omega=0.80_beta=0.50),2.11,1990,0
398,3,0x075e1d95c7891e1c00414ca1aa9a7a8cf6270019,115.327562,1773046056,cb85ae5d91ff1a9a273b51f73fcce18688392f557b8a04ec0be7a398dcf317ec,230,115.00,4.07,2,6,4,0.024795,0.493087,TopoStake,pog(D=3_omega=0.80_beta=0.50),1.82,1991,0
398,4,0x81d019380961f92c2031b0a7fba69f7675145088,9.472588,1773046058,130e6d5c884173fab1366299d26b611739df014753cdb4c00fb86b3e071e978e,210,105.00,3.19,1,5,3,0.024826,0.493319,TopoStake,pog(D=3_omega=0.80_beta=0.50),1.62,1992,0
399,0,0x50f7fa851f9314d682e36da5caa4635039b5305d,30.127064,1773046060,ce7f5ae4ac8ef97e8cfc3a598398f8ef2a25fcc6b9f7df213bda719ad64a9fb9,199,99.50,3.66,1,5,4,0.024826,0.493320,TopoStake,pog(D=3_omega=0.80_beta=0.50),1.48,1993,0
399,1,0x07902d0371763a00d97ed9ba16ff0a206cb0fd19,169.829935,1773046062,b0e21b8ee2c0b55092c32beec20237f7b482babf9088d58a53ce6216fc0abd82,188,62.67,3.43,1,5,3,0.024816,0.493444,TopoStake,pog(D=3_omega=0.80_beta=0.50),2.46,1994,0
399,2,0xdc2bc9a639e2bc25c5f57e628a7cd55f6a3d023b,8.074884,1773046064,1b7894f35c011add760a0e6053ddd1ee3333fff554fb6dcb9dcf76c1b7879ab4,217,108.50,2.84,2,4,3,0.024872,0.493685,TopoStake,pog(D=3_omega=0.80_beta=0.50),2.47,1995,0
399,3,0x075e1d95c7891e1c00414ca1aa9a7a8cf6270019,116.328691,1773046066,0415f078a1e609deedf086f21ed25da7fa75969a40091d56be357f83c9926f82,103,103.00,4.29,1,6,5,0.024852,0.493270,TopoStake,pog(D=3_omega=0.80_beta=0.50),1.96,1996,0
399,4,0x13f9dadc05f6c237b03411e2aed1800cf21a5d89,105.463810,1773046068,824177c8b0cc3d1f4d3b2feff26bfabd2e57cf1c8650106797981f2bfddf9b8c,248,124.00,3.07,1,5,3,0.024883,0.493502,TopoStake,pog(D=3_omega=0.80_beta=0.50),2.02,1997,0
400,0,0xb2a7fe70a6f3137d38f6cb4c3ec6dd1e24f2d5f4,23.423096,1773046070,9eecc7cd3e5d7abd59511329c3e3b07eceba60b90f8f04d3346a6a6566a40e1a,204,102.00,2.97,1,5,3,0.024909,0.493724,TopoStake,pog(D=3_omega=0.80_beta=0.50),1.68,1998,0
400,1,0x13f9dadc05f6c237b03411e2aed1800cf21a5d89,106.464831,1773046072,5060c731b0813087bff41448854c0fbf657938bb4cabd0915057012290011240,199,99.50,4.17,1,6,4,0.024896,0.493761,TopoStake,pog(D=3_omega=0.80_beta=0.50),1.54,1999,0
400,2,0xb990cdf21950e6086c350175c4bc504e45858230,18.114918,1773046074,eb023af8fcc50b1e532de50ddbf6675ac29c582b1f6ceba0adf6277afc563ae1,222,111.00,3.16,1,5,3,0.024922,0.493983,TopoStake,pog(D=3_omega=0.80_beta=0.50),1.60,2000,0
400,3,0xd46407aa7b668c72de3cf1c1a12b7fa2e308a1b2,7.966583,1773046076,5f00a1bfdde82fe9ce2c13fdfc1634f7808e99ee2beb3edb10423454b9bbd3d1,196,65.33,4.09,1,5,4,0.024907,0.493901,TopoStake,pog(D=3_omega=0.80_beta=0.50),2.52,2001,0
400,4,0x1796dc61e715f15a2d27dfa32bd34780f12a8c24,86.841957,1773046079,1694328c3a8ed476c8df031c7162bd2bbfcc97217ffa877606ee3b86a11e64f3,214,107.00,3.89,1,5,4,0.024887,0.493473,TopoStake,pog(D=3_omega=0.80_beta=0.50),2.49,2002,0
401,0,0x075e1d95c7891e1c00414ca1aa9a7a8cf6270019,117.329979,1773046080,bfe02153687810838791a06d05ef091094c0d594db5de0690c03505e46687b1d,212,106.00,3.27,1,5,3,0.024903,0.493684,TopoStake,pog(D=3_omega=0.80_beta=0.50),2.44,2003,0
401,1,0x377eaef292051bbf8ada05b2af76a3f3b9d722a7,30.075977,1773046082,1c34da0fc1dce64ffad573b4390e353e4116617ae01edc22e243d881ce9c25cc,157,157.00,2.94,2,5,3,0.024934,0.493915,TopoStake,pog(D=3_omega=0.80_beta=0.50),1.57,2004,0
401,2,0x408bb0bf84df50b21c53c74420987f172d4036a1,19.798028,1773046084,696ca7b8b3195084bac1a48448b2c91ebadec75243cdd0f659c248ed99c6a245,236,118.00,3.59,1,5,4,0.024925,0.494028,TopoStake,pog(D=3_omega=0.80_beta=0.50),1.78,2005,0
401,3,0x269cdf52f97e1d9f14b7be895155a7b294f0b21d,28.743958,1773046086,2ad301464bfc69a62bfd7b31763c99f5892202664b76cb1072001ca9619d5749,226,113.00,3.65,1,5,4,0.024910,0.493969,TopoStake,pog(D=3_omega=0.80_beta=0.50),1.65,2006,0
401,4,0x1cb1274c711a6c2e4e1596846e6ac604eeefb358,50.458605,1773046088,47a7eb8e70fe0453e824221fc48565df3c75d616a182028e631129e91e29d52e,210,105.00,3.63,1,5,4,0.024900,0.494055,TopoStake,pog(D=3_omega=0.80_beta=0.50),1.50,2007,0
402,0,0x8c11ec9090dd820c076e57e899d9c604c79d6b32,21.567382,1773046090,4af40b2035258468802e2daf2bd3b669a9454bc1cf2f622997b025317d7cea13,193,64.33,3.47,1,5,4,0.024899,0.494217,TopoStake,pog(D=3_omega=0.80_beta=0.50),2.45,2008,0
402,1,0x30509a8084fdfe6fe24d9c9a817c209ad194f8e3,73.753308,1773046093,f0a163bdeadedd894de12dbdbefa654929b141609c5d1587dd2f3a14e1937e99,179,89.50,4.30,2,6,4,0.024886,0.494198,TopoStake,pog(D=3_omega=0.80_beta=0.50),2.51,2009,0
402,2,0x34412315480562da4810040fd15c81f99880e1ab,11.881166,1773046094,869da5147cb4c92430f7d7858997b4f92da02f54c8391044d301af632426fb2e,210,105.00,3.20,1,5,3,0.024896,0.494399,TopoStake,pog(D=3_omega=0.80_beta=0.50),2.42,2010,0
402,3,0x3d92e045fb1847aae132b40ebfcc471a32f687de,16.121575,1773046096,db55ba609dbc3bb1d9f8f01564fdb8502d89ce42f625301f951ed10333d29c44,118,118.00,3.79,2,6,4,0.024878,0.494114,TopoStake,pog(D=3_omega=0.80_beta=0.50),1.79,2011,0
402,4,0x4ba33404d90c4ae989714d9d174cd882cffb7994,7.094451,1773046098,8a2a65de070f93928997843ea2e91c3aad63df476029b30a2f281b8826479dee,212,106.00,3.80,1,5,4,0.024862,0.493974,TopoStake,pog(D=3_omega=0.80_beta=0.50),2.14,2012,0
403,0,0x24898fcb116b48cb2b6fd5d3b4eb599fee0f4633,59.117084,1773046100,0cf69900ab79144be9054b165dcd97c42a39c37dc7309abadf55783eb59cc2b3,218,109.00,4.51,1,6,4,0.024841,0.493510,TopoStake,pog(D=3_omega=0.80_beta=0.50),1.97,2013,0
403,1,0x8719ca31b72ae8a5404006763c53d5ad503dbcb0,6.087595,1773046102,aa91a3ae3f3dd126fc8e1901fe6bdd812966cdbf5988f2940c81afee8701f4d8,229,114.50,3.63,1,5,4,0.024841,0.493510,TopoStake,pog(D=3_omega=0.80_beta=0.50),1.68,2014,0
403,2,0xc24b36dee27726233c3bbd9e1f028f98b6b2a424,10.395032,1773046104,5d95a2497a277c12f90fe60c537d5ddad9aacc8a747781c3a0c141660ddbccb7,187,93.50,4.15,1,6,4,0.024824,0.493171,TopoStake,pog(D=3_omega=0.80_beta=0.50),1.56,2015,0
403,3,0x07902d0371763a00d97ed9ba16ff0a206cb0fd19,170.832476,1773046107,f031f24cd7a38a0067a4f872bd4795686bc83458d77329905c65ef831c5b41a2,222,74.00,3.93,1,6,4,0.024805,0.492832,TopoStake,pog(D=3_omega=0.80_beta=0.50),2.45,2016,0
403,4,0x075e1d95c7891e1c00414ca1aa9a7a8cf6270019,118.331430,1773046108,10264f76ebb5e8099e1a6c7ee8042ed74722ee560197b2bfc34cf90f87fa31cb,221,110.50,2.79,1,4,3,0.024861,0.493071,TopoStake,pog(D=3_omega=0.80_beta=0.50),2.42,2017,0
404,0,0x1cb1274c711a6c2e4e1596846e6ac604eeefb358,51.459669,1773046110,0ff44999519b14d3d695064285372094dbc108941ee30c64f5bf783fedc6b2ff,155,155.00,3.09,2,5,3,0.024892,0.493300,TopoStake,pog(D=3_omega=0.80_beta=0.50),1.81,2018,0
404,1,0x016d3fc36beee7caa8fbd6c1caa42461dd7f9850,57.960133,1773046112,98d669954b7e0bdbf8cdad56b0ebc7e94db70e756f3882cf23a352c40f9e6831,231,115.50,3.51,1,5,4,0.024892,0.493462,TopoStake,pog(D=3_omega=0.80_beta=0.50),2.01,2019,0
404,2,0xb990cdf21950e6086c350175c4bc504e45858230,19.115617,1773046114,be12a80e2e244a0105a9346e073814c4be7ee2e1df65513b332e3c6e7726758a,200,100.00,3.22,1,4,3,0.024895,0.493634,TopoStake,pog(D=3_omega=0.80_beta=0.50),1.69,2020,0
404,3,0x719361397abe003a91af76243e5f9c7a0cd4279f,28.555711,1773046116,841b864f42074ffd683463cddd2e55ca741460680fe96f969a538d7ad22348e4,189,94.50,4.04,1,5,4,0.024880,0.493560,TopoStake,pog(D=3_omega=0.80_beta=0.50),1.50,2021,0
404,4,0x9ba702916c26a8583a7f277d6932b3c0d9927ce0,7.173302,1773046118,cf0a7b7efe23703ee3610c0e6fb1af1d38f77d270f3dc86f0810c1f6833fc2a9,243,121.50,3.90,1,5,4,0.024870,0.493636,TopoStake,pog(D=3_omega=0.80_beta=0.50),1.56,2022,0
405,0,0x89100a8056319ba37491b32ba255004180607bc2,24.790898,1773046120,5d92d356de245bf0579411c31a6fa6b2abf7e9faf74e139bbf87b5a5c8f17346,187,62.33,3.55,1,5,4,0.024870,0.493637,TopoStake,pog(D=3_omega=0.80_beta=0.50),2.53,2023,0
405,1,0x37cc7a82e66d4f4c2ae13b9ee895d3af1a1d7a05,8.240965,1773046122,dd946d728a3253d52c894d83369874223676a532b11f58a3ff7a7bd7b260dde4,216,108.00,3.94,1,5,4,0.024857,0.493693,TopoStake,pog(D=3_omega=0.80_beta=0.50),2.50,2024,0
405,2,0xbc3f8508d26048f2064aa8c068f4c94d08d77d18,14.051092,1773046124,6ebdf70521566d92ef49a54f4fb83b7f13aaa285bcd6c184bea3b8673bf0a00c,101,101.00,3.84,1,5,4,0.024838,0.493273,TopoStake,pog(D=3_omega=0.80_beta=0.50),1.92,2025,0
405,3,0xdcf2130496e27a8094ab996aea4aa77788d65869,24.508610,1773046126,98ffa20432915e565c1fc42b2171966661952f3547602e3c2b5c32c8370af455,191,95.50,4.18,1,6,4,0.024821,0.493060,TopoStake,pog(D=3_omega=0.80_beta=0.50),2.43,2026,0
405,4,0x4a217e35f6402e7f62a49f6d62e27c6585c2f3fd,16.480115,1773046128,9fc83e0cfa076728de62c1d58422fe02274a52dffe78e494626490b062901263,250,125.00,3.92,1,5,4,0.024808,0.493107,TopoStake,pog(D=3_omega=0.80_beta=0.50),2.09,2027,0
406,0,0xc24b36dee27726233c3bbd9e1f028f98b6b2a424,11.395987,1773046130,5c704d1917a0a53fa0b143425bb1d2fd8c9e85342f3c5e675baca8a720c68788,229,114.50,3.58,1,5,4,0.024792,0.492972,TopoStake,pog(D=3_omega=0.80_beta=0.50),1.66,2028,0
406,1,0x24898fcb116b48cb2b6fd5d3b4eb599fee0f4633,60.118360,1773046132,c960af7d3c10a81146d8c28a90c6f2d2b8fcdabab808736e2a7e7d1ca9d6a7df,190,95.00,3.99,2,6,4,0.024774,0.492671,TopoStake,pog(D=3_omega=0.80_beta=0.50),1.47,2029,0
406,2,0x49b57eb4dace37c8819daf079c9c674f766d4f38,30.247719,1773046134,97a1b23e6cad3e762d4d26bf36a90bdb0d8691669eb49cd945f45f9a815e8772,215,71.67,3.60,1,5,4,0.024778,0.492852,TopoStake,pog(D=3_omega=0.80_beta=0.50),2.46,2030,0
406,3,0x81193196c1dbdbf80709d43a5af5ce21c201fbd7,15.825442,1773046137,248cd85fa21a3450aa00a9be5448e78c151266df391bb8aefda56b0d24d18268,201,100.50,3.92,1,6,4,0.024768,0.492959,TopoStake,pog(D=3_omega=0.80_beta=0.50),2.48,2031,0
406,4,0x1796dc61e715f15a2d27dfa32bd34780f12a8c24,87.843753,1773046138,1e62f6a7578d8f3ac306596f5c5df11ad6a756abcc1dcc21ad84e2eddb09ec14,184,92.00,3.95,1,6,4,0.024752,0.492802,TopoStake,pog(D=3_omega=0.80_beta=0.50),2.47,2032,0
407,0,0x24898fcb116b48cb2b6fd5d3b4eb599fee0f4633,61.119388,1773046140,f83c97eb88ccd3dd6507f82427357d56da364e3f901af2642691639e5aa6d348,126,126.00,3.29,1,5,3,0.024769,0.493011,TopoStake,pog(D=3_omega=0.80_beta=0.50),1.86,2033,0
407,1,0x52e05d9fa4faa167f30baba23c710e4f49115288,18.148313,1773046142,60beb7dbc1531760826e01df8718d5b94ae79fefeb2f5714588dce46249ff8f5,250,125.00,3.51,1,5,4,0.024773,0.493192,TopoStake,pog(D=3_omega=0.80_beta=0.50),1.96,2034,0
407,2,0xdb45667100590f9cfe78a899c3b02c5cd37008f1,30.055353,1773046144,84e902bb16c04a666117978eb153946215056e0a01559a7833fa84be434dac22,197,98.50,3.91,1,5,4,0.024758,0.493103,TopoStake,pog(D=3_omega=0.80_beta=0.50),1.74,2035,0
407,3,0xd46407aa7b668c72de3cf1c1a12b7fa2e308a1b2,8.966993,1773046146,6b132d33c4a17cb2dda79ea454e44e9f18714eb8361d53e0b1cf2eeacae82ef6,226,113.00,4.08,1,6,4,0.024749,0.493197,TopoStake,pog(D=3_omega=0.80_beta=0.50),1.72,2036,0
407,4,0xa5a12d96532497871d73549e55ab377e3dcb3a40,17.099060,1773046148,f8508660eaadfb1db2288d0c1362d3e0a4a837ab4bb50ece705b2bbab0c562f0,205,102.50,3.90,1,5,4,0.024729,0.492818,TopoStake,pog(D=3_omega=0.80_beta=0.50),1.50,2037,0
408,0,0x49b57eb4dace37c8819daf079c9c674f766d4f38,31.248573,1773046151,51b4c211ac8c8df090ffde28da7bdeee41882197a78742e6d9a943c4feca2423,226,75.33,4.09,1,5,4,0.024714,0.492698,TopoStake,pog(D=3_omega=0.80_beta=0.50),2.48,2038,0
408,1,0x3d92e045fb1847aae132b40ebfcc471a32f687de,17.122400,1773046152,a6437cfc8be5289e32d6945f1cc6cdc2af99df252aaa67f6fd8b4b3931474e9d,199,99.50,3.96,1,6,4,0.024705,0.492823,TopoStake,pog(D=3_omega=0.80_beta=0.50),2.47,2039,0
408,2,0x377eaef292051bbf8ada05b2af76a3f3b9d722a7,31.077041,1773046154,d27637be9b3ec84b69bc451af26ed26214b9dc90225de9835df24f083d148c3d,115,115.00,3.77,1,5,4,0.024689,0.492694,TopoStake,pog(D=3_omega=0.80_beta=0.50),1.90,2040,0
408,3,0x4ba33404d90c4ae989714d9d174cd882cffb7994,8.094848,1773046156,e021f272c329007daa0abe6185b218ceae0a8ab0c6683005e7e6d544f1330ad9,250,125.00,3.59,1,5,4,0.024680,0.492807,TopoStake,pog(D=3_omega=0.80_beta=0.50),2.08,2041,0
408,4,0xc774b0fee7cabbef3b1ae14bf36db3df0d32c1df,9.153287,1773046158,c804e023b215d4f8501827b390c8a26f139e69b994acb08fc0c11e7ea7ab17a2,206,103.00,4.31,1,6,4,0.024660,0.492375,TopoStake,pog(D=3_omega=0.80_beta=0.50),1.94,2042,0
409,0,0x3513d672439a59c26cc5711f2b715ccb4810a774,26.302342,1773046160,dc8fa9941e95c051996869464a5bf8c6a5b66782034a4c8541cbe313cce10c3d,228,114.00,3.96,1,5,4,0.024641,0.491999,TopoStake,pog(D=3_omega=0.80_beta=0.50),1.71,2043,0
409,1,0x28672c71695142588ed26ada6f4b18b8b6c12308,22.696637,1773046162,31b6b21bc1a016a69fd3af2f2e7387e5a3c7bda63159ab1885d4b5052d53aa8f,180,90.00,3.97,2,5,4,0.024630,0.492065,TopoStake,pog(D=3_omega=0.80_beta=0.50),1.47,2044,0
409,2,0x0d91704595bff3aec25d40822498a51c62b05e3a,71.668791,1773046164,cda94a0b33229b7695722b0c74d4d7348a775a7f3bde4633acc2427f127095d5,202,67.33,3.63,1,5,4,0.024617,0.492082,TopoStake,pog(D=3_omega=0.80_beta=0.50),2.54,2045,0
409,3,0x1796dc61e715f15a2d27dfa32bd34780f12a8c24,88.844565,1773046167,6afb73cb236b88c3cb38591705264a8c7b49c16265569f402fa096cfc3d68c14,195,97.50,3.24,1,5,3,0.024626,0.492271,TopoStake,pog(D=3_omega=0.80_beta=0.50),2.44,2046,0
409,4,0x1796dc61e715f15a2d27dfa32bd34780f12a8c24,89.845540,1773046169,1f1f90c865345cc58a53084092dacada2fe29880ad455b47aee5096500df568d,199,99.50,3.24,1,5,3,0.024643,0.492479,TopoStake,pog(D=3_omega=0.80_beta=0.50),2.42,2047,0
410,0,0x377eaef292051bbf8ada05b2af76a3f3b9d722a7,32.078211,1773046171,067788b56c8186e83612b0eb279612f7a328b1ad2834807a43ea86cfbe8c6690,250,125.00,3.26,1,5,3,0.024660,0.492687,TopoStake,pog(D=3_omega=0.80_beta=0.50),2.16,2048,0
410,1,0x07902d0371763a00d97ed9ba16ff0a206cb0fd19,171.836045,1773046173,3040ee7a29130ab6c5c75b3559e11c612effe7a7520c0683e94917f76df8af73,224,112.00,3.63,1,5,4,0.024652,0.492820,TopoStake,pog(D=3_omega=0.80_beta=0.50),1.75,2049,0
410,2,0xeb82a21cb3d0dd781eb22ad74bb7cd9b4d2a06ec,12.905601,1773046175,ccc19f4ff71b318dea3e046de757946af66777df081494caf7acc89ac89a78ba,189,94.50,2.74,2,4,3,0.024706,0.493056,TopoStake,pog(D=3_omega=0.80_beta=0.50),1.51,2050,0
410,3,0x07902d0371763a00d97ed9ba16ff0a206cb0fd19,172.836988,1773046177,98cd1be4702d8bfd9f3b570246593a10dc80c13b39f3a3efb29bf43b15b85bf3,187,93.50,4.05,1,6,4,0.024688,0.492802,TopoStake,pog(D=3_omega=0.80_beta=0.50),1.55,2051,0
410,4,0x49b57eb4dace37c8819daf079c9c674f766d4f38,32.249447,1773046179,91b8f036d41155bdbca04a46ab52822b1cf13616a36d170519ed9bb80bb26836,197,98.50,2.68,1,4,3,0.024742,0.493038,TopoStake,pog(D=3_omega=0.80_beta=0.50),1.47,2052,0
411,0,0x58a21eeb7ab18ba8adf1296e66a4487076e95dac,21.089410,1773046182,3505f0ef0b33f2944212930e5439fa0bae3e1642783bb7ff24eb1c8810c27ae7,213,71.00,3.85,1,6,4,0.024734,0.493167,TopoStake,pog(D=3_omega=0.80_beta=0.50),2.50,2053,0
411,1,0x269cdf52f97e1d9f14b7be895155a7b294f0b21d,29.744773,1773046183,19a5cbda4414575925b90c06ec453f4d8a50a5aecd11add58541574a58a5811c,216,108.00,3.94,1,5,4,0.024720,0.493128,TopoStake,pog(D=3_omega=0.80_beta=0.50),2.46,2054,0
411,2,0x5cd626f4b83428b146919d30f4b3e481d259a9dc,18.069497,1773046185,5e2f3d97fb6fd17ed260ba949ac55fe9e74a864e373661ad913abdf6f598eb06,110,110.00,3.67,2,5,4,0.024710,0.493212,TopoStake,pog(D=3_omega=0.80_beta=0.50),1.82,2055,0
411,3,0x81d019380961f92c2031b0a7fba69f7675145088,9.471533,1773046187,597e685cdecaeb65e625dd6b8f1ad2acc9326419ef295168b7a345b66ddfaa51,242,121.00,3.93,1,6,4,0.024695,0.493113,TopoStake,pog(D=3_omega=0.80_beta=0.50),2.10,2056,0
411,4,0xac768e60b9269babb15cb1e36ee843243d7c7543,32.731131,1773046189,c3cd1342db8dae7df70d3e2495cb25cb0dcffb51d825ab04522179ea205eecf8,243,121.50,3.72,1,5,4,0.024676,0.492744,TopoStake,pog(D=3_omega=0.80_beta=0.50),1.71,2057,0
412,0,0x719361397abe003a91af76243e5f9c7a0cd4279f,29.556549,1773046191,9a54184a47e9a027e268a0d5587207108f8b5cadb6c961c69db33f971bd9d692,218,109.00,4.04,1,6,4,0.024668,0.492876,TopoStake,pog(D=3_omega=0.80_beta=0.50),1.60,2058,0
412,1,0x9bdb1c7ad4bd8fe797b07c08117c74a591dbab2d,8.426593,1773046193,c9865c98d9adc9d50eeb13e6b3e7da80a96d4a1b1279f429728b9db5038e8904,197,98.50,3.80,1,5,4,0.024658,0.492951,TopoStake,pog(D=3_omega=0.80_beta=0.50),1.50,2059,0
412,2,0x24898fcb116b48cb2b6fd5d3b4eb599fee0f4633,62.120733,1773046196,ecda25749d341480d982c8970fb6b9221721572b9823e269da8bd68931d16085,197,65.67,3.67,1,5,4,0.024639,0.492528,TopoStake,pog(D=3_omega=0.80_beta=0.50),2.53,2060,0
412,3,0x07902d0371763a00d97ed9ba16ff0a206cb0fd19,173.838674,1773046197,56e08fe64efe1eb2059b8f8bca8e5fea9ee6e40ca35ff3e4c52c51b4b8c421a0,232,116.00,3.55,1,5,4,0.024643,0.492706,TopoStake,pog(D=3_omega=0.80_beta=0.50),2.43,2061,0
412,4,0x53be6e527cc5a7d850b5eae27b9cef342e0665f2,32.064428,1773046199,f10ab00ad513f6007c8977b1fd9ff68076515cc77b7c7313db94635c227caf93,122,122.00,2.62,1,4,3,0.024697,0.492941,TopoStake,pog(D=3_omega=0.80_beta=0.50),1.71,2062,0
413,0,0x075e1d95c7891e1c00414ca1aa9a7a8cf6270019,119.334511,1773046201,d8ab0e43b7ce90dc77bf644c288f78e3076785b3fd5ea8a77062352a508b8ff4,242,121.00,3.43,1,5,4,0.024688,0.493053,TopoStake,pog(D=3_omega=0.80_beta=0.50),2.01,2063,0
413,1,0xf13caa2c5f6f6cf61e51290bfa7826a9140b4faf,7.018152,1773046203,be4626d5947d4b8f5df67ddec91cc48e214f90fc385084c91991cc5de53aad7d,250,125.00,3.14,1,5,3,0.024718,0.493277,TopoStake,pog(D=3_omega=0.80_beta=0.50),1.78,2064,0
413,2,0x269cdf52f97e1d9f14b7be895155a7b294f0b21d,30.745234,1773046205,fa5787275b80f551c4746bc06d664096d039aff313e4a906852c3e3cd38cde7b,237,118.50,4.14,1,6,4,0.024698,0.492813,TopoStake,pog(D=3_omega=0.80_beta=0.50),1.56,2065,0
413,3,0x24898fcb116b48cb2b6fd5d3b4eb599fee0f4633,63.121879,1773046207,52fd5c585a9174ae4a3fd2b7ede4419ab409b57b5f749db56bd62de42bb0ed21,188,62.67,3.75,2,5,4,0.024689,0.492909,TopoStake,pog(D=3_omega=0.80_beta=0.50),2.46,2066,0
413,4,0x13f9dadc05f6c237b03411e2aed1800cf21a5d89,107.469237,1773046210,ae63c3f30973967e2cef890167ecf82986a8da19d6f7d5072d08d4821ec255c7,184,92.00,3.53,1,5,4,0.024694,0.493087,TopoStake,pog(D=3_omega=0.80_beta=0.50),2.49,2067,0
414,0,0xe184aeec69f3313df03bef8752946c65f0a70021,2.055945,1773046211,d2ce889032b164380409bf0cf0d19d2d3ff5e0afe15dfa033c9d1aa0b42646a8,221,110.50,3.10,1,5,3,0.024718,0.493302,TopoStake,pog(D=3_omega=0.80_beta=0.50),2.42,2068,0
414,1,0xb990cdf21950e6086c350175c4bc504e45858230,20.116156,1773046213,f691eebafa9126d8134d381e192c5794e23148331bab18263aae67e2331e152e,121,121.00,3.93,1,5,4,0.024696,0.492616,TopoStake,pog(D=3_omega=0.80_beta=0.50),1.72,2069,0
414,2,0x54f496e5c1d9f95a916cf7f5b62e9c98e64a3dc5,7.013566,1773046215,60caa49e1c1bc6d060fa7a99a94b2b749f81c172de9645dc2d0ccb2ece3ae86d,226,113.00,3.99,2,5,4,0.024682,0.492556,TopoStake,pog(D=3_omega=0.80_beta=0.50),1.93,2070,0
414,3,0x24898fcb116b48cb2b6fd5d3b4eb599fee0f4633,64.122769,1773046217,60b1f5c1c3e8e95cbaf8198c95eabd3bfb85fb0aa1d93fa5d31f667e9dd635a7,244,122.00,4.29,1,5,4,0.024662,0.492084,TopoStake,pog(D=3_omega=0.80_beta=0.50),1.71,2071,0
414,4,0xb990cdf21950e6086c350175c4bc504e45858230,21.117242,1773046219,58334ae724e91c255017b15fd7f6fb2ebaddb3b84a6ca45d5df02e35d488d90b,122,61.00,3.72,1,5,4,0.024668,0.492261,TopoStake,pog(D=3_omega=0.80_beta=0.50),1.29,2072,0
415,0,0x07902d0371763a00d97ed9ba16ff0a206cb0fd19,174.839913,1773046222,d613f49816f1d5d1867021d0f3e1d81975a24b3719c86cd0db6a7ebf113b661d,202,67.33,3.98,1,5,4,0.024654,0.492214,TopoStake,pog(D=4_omega=0.80_beta=0.50),2.53,2073,0
415,1,0xf6e059718dbd0a0956726ab97d06bad5efc6cd18,6.989087,1773046223,6a085684113c478a4d06e6819d386de6fd0f6abe9a034eb41f2c2d6d487e7763,199,99.50,2.71,1,4,3,0.024708,0.492448,TopoStake,pog(D=4_omega=0.80_beta=0.50),2.41,2074,0
415,2,0xea287b266dbe2c2d402fd91814bcfc4c95d6b0fd,11.139842,1773046225,98d493517aa3d20d8604b296ffa47741b8c8f238fa81b3d5d9fef732e15be40d,126,126.00,3.69,1,5,4,0.024688,0.491967,TopoStake,pog(D=4_omega=0.80_beta=0.50),1.84,2075,0
415,3,0x9ba702916c26a8583a7f277d6932b3c0d9927ce0,7.172627,1773046227,8fbb740f947e0a0d6df5abd496042b5f618bb3df97f4be42f012b751784b8a2b,214,107.00,3.93,1,6,4,0.024670,0.491656,TopoStake,pog(D=4_omega=0.80_beta=0.50),2.19,2076,0
415,4,0xd46407aa7b668c72de3cf1c1a12b7fa2e308a1b2,9.967398,1773046229,96a73e09b31bd134a14bd81833414c3482b81184939da72b269040c23fb97197,249,124.50,3.66,1,5,4,0.024650,0.491174,TopoStake,pog(D=4_omega=0.80_beta=0.50),1.84,2077,0
416,0,0x50f7fa851f9314d682e36da5caa4635039b5305d,31.127772,1773046231,c9c9ba15715739b27ba57149dc246a949476334d30206536fb2edb90cb823099,203,101.50,3.95,1,5,4,0.024632,0.490819,TopoStake,pog(D=3_omega=0.80_beta=0.50),1.57,2078,0
416,1,0x377eaef292051bbf8ada05b2af76a3f3b9d722a7,33.079036,1773046233,4aab0e6ac7e7266eeb1a30f3f07c0ed49d07566b48c362f61d2e0313eba40e9f,213,106.50,3.24,1,5,3,0.024623,0.490916,TopoStake,pog(D=3_omega=0.80_beta=0.50),1.49,2079,0
416,2,0x1796dc61e715f15a2d27dfa32bd34780f12a8c24,90.847318,1773046236,5e129800e5505423dde1600561af5257e503243bc41ee8c406a880154d1c4228,185,61.67,3.55,1,5,4,0.024614,0.491048,TopoStake,pog(D=3_omega=0.80_beta=0.50),2.50,2080,0
416,3,0x075e1d95c7891e1c00414ca1aa9a7a8cf6270019,120.336286,1773046237,ce6fa2951073e5ca4ecbf4e272f2479b845f87bcd73529fc4daed2dbda22447b,201,100.50,3.27,1,5,3,0.024631,0.491253,TopoStake,pog(D=3_omega=0.80_beta=0.50),2.46,2081,0
416,4,0xdcf2130496e27a8094ab996aea4aa77788d65869,25.509120,1773046239,9a3cf3c2a9590cf386b062c05d937ef931ff61e60d6961a92250a976f4b1a60d,125,125.00,2.93,2,5,3,0.024661,0.491477,TopoStake,pog(D=3_omega=0.80_beta=0.50),1.74,2082,0
417,0,0x07902d0371763a00d97ed9ba16ff0a206cb0fd19,175.841547,1773046241,cf26c6c92b41e7ffe70d835cfd5834b38792aa1414e086ef190af1ee97aab5c3,213,106.50,3.75,1,5,4,0.024649,0.491530,TopoStake,pog(D=3_omega=0.80_beta=0.50),1.92,2083,0
417,1,0xa447d277b02012c2afd9ddcbbe123f27cc971963,14.801176,1773046243,55c2a99529ea080bd2eb494b56e4d0254a8109c7e7e9baebf28816465fe73ce1,226,113.00,2.85,1,4,3,0.024703,0.491763,TopoStake,pog(D=3_omega=0.80_beta=0.50),1.78,2084,0
417,2,0xb2a7fe70a6f3137d38f6cb4c3ec6dd1e24f2d5f4,24.423037,1773046245,a67aff6d0d31613eb64f65646f97fb652faab74afed102751ce4b33add9411de,190,95.00,3.50,1,5,4,0.024686,0.491571,TopoStake,pog(D=3_omega=0.80_beta=0.50),1.51,2085,0
417,3,0xea287b266dbe2c2d402fd91814bcfc4c95d6b0fd,12.140779,1773046247,f245c664bb649881eb8e247310a7e24bfd173183cf444599df06051aa96849fd,198,99.00,4.43,2,6,4,0.024674,0.491608,TopoStake,pog(D=3_omega=0.80_beta=0.50),1.52,2086,0
417,4,0x1796dc61e715f15a2d27dfa32bd34780f12a8c24,91.848383,1773046250,eb8637c246b32fb2f1a1ce760fee1a6eeaa300b2a29295473c52af13132e52f6,194,64.67,4.10,1,6,4,0.024657,0.491329,TopoStake,pog(D=3_omega=0.80_beta=0.50),2.53,2087,0
418,0,0x075e1d95c7891e1c00414ca1aa9a7a8cf6270019,121.337067,1773046251,546e5a54fc425c65b6dca277137a216ee222fe8e8690bc4fcf6ddbab1f3f9ec6,198,99.00,3.30,1,5,3,0.024674,0.491533,TopoStake,pog(D=3_omega=0.80_beta=0.50),2.48,2088,0
418,1,0x53be6e527cc5a7d850b5eae27b9cef342e0665f2,33.065780,1773046253,30ef4a528d3e1c32244a6d54da5ec6e773c67816c61cddbe2349a7a5083cb1a5,148,148.00,2.91,2,5,3,0.024703,0.491756,TopoStake,pog(D=3_omega=0.80_beta=0.50),1.69,2089,0
418,2,0xb990cdf21950e6086c350175c4bc504e45858230,22.118086,1773046255,625aad9d402d31a82f9c284040e53afca5fb5f0700ebe1640e3ad795d553065c,228,114.00,3.42,1,5,4,0.024695,0.491878,TopoStake,pog(D=3_omega=0.80_beta=0.50),1.91,2090,0
418,3,0x213068cb42718d1dd6d00a6d94d62a3def0e68eb,15.359891,1773046257,ae325cf740d954d5f53eea37e3e8c12f4a76e6d3088b832c8924d1689df1864a,221,110.50,4.04,1,5,4,0.024682,0.491871,TopoStake,pog(D=3_omega=0.80_beta=0.50),1.86,2091,0
418,4,0x13f9dadc05f6c237b03411e2aed1800cf21a5d89,108.471503,1773046259,e44465abc572e15a6475076f64f14e36d9c138ca527a086880a5114806c26df6,219,109.50,3.71,1,5,4,0.024666,0.491695,TopoStake,pog(D=3_omega=0.80_beta=0.50),1.65,2092,0
419,0,0x311eb133eb413ac3f21249889bb101e5d40820ce,14.121370,1773046261,b7d2c0273cbb6df74b77aceea22b10c57ea0d409e85dd9a0c1f0051d9307df78,229,114.50,3.07,1,5,3,0.024690,0.491908,TopoStake,pog(D=3_omega=0.80_beta=0.50),1.48,2093,0
419,1,0x07902d0371763a00d97ed9ba16ff0a206cb0fd19,176.843315,1773046264,5203cb48ab85ab141b5f9211f686252ba6be21fc8bcea182a3af76c7f4667f15,196,65.33,3.57,1,5,4,0.024673,0.491693,TopoStake,pog(D=3_omega=0.80_beta=0.50),2.53,2094,0
419,2,0xa447d277b02012c2afd9ddcbbe123f27cc971963,15.802000,1773046265,f011eeb4dbd5dfbaa93a1a754ae68e89e9e2bbe8ceb00ff13d895864e94d4814,195,97.50,2.76,1,4,3,0.024726,0.491924,TopoStake,pog(D=3_omega=0.80_beta=0.50),2.54,2095,0
419,3,0xdb45667100590f9cfe78a899c3b02c5cd37008f1,31.055891,1773046267,b982cd5d099b1eb5bdc0fe7ef33185342793cec2b877f53e0a745d6f1041c389,107,107.00,3.38,2,4,3,0.024711,0.491757,TopoStake,pog(D=3_omega=0.80_beta=0.50),1.85,2096,0
419,4,0x63f4973c0df8a5358405f396dc0673a463c48de9,15.892552,1773046269,e60fa9937040775c4c6f7fb1d87fdfa6171617a091e9cba47297b147be89c345,199,99.50,4.14,1,5,4,0.024701,0.491843,TopoStake,pog(D=3_omega=0.80_beta=0.50),2.27,2097,0
420,0,0xc4dc29db975b952e04358340e56b68fa4ba63fbc,4.514790,1773046271,5d58ee9cc299a380a050bf6d251b7933fcdd0347248e6c93acddde491cf86cba,250,125.00,3.64,1,5,4,0.024685,0.491672,TopoStake,pog(D=3_omega=0.80_beta=0.50),2.01,2098,0
420,1,0x3513d672439a59c26cc5711f2b715ccb4810a774,27.302706,1773046273,0ccbba4a83885ec0607beb1efac77ccad75dfddc53e8650b0dd56db562882b38,218,109.00,3.75,1,5,4,0.024665,0.491103,TopoStake,pog(D=3_omega=0.80_beta=0.50),1.62,2099,0
420,2,0x3513d672439a59c26cc5711f2b715ccb4810a774,28.303656,1773046275,021af758497a206d555a3e85a33f978b50adf2705f55675621ccfe5c5f4bac9a,194,97.00,3.80,1,5,4,0.024654,0.491168,TopoStake,pog(D=3_omega=0.80_beta=0.50),1.50,2100,0
420,3,0xd61b00c297972877b45f8d7f4d67fdaf20c67c59,10.311309,1773046278,6112eefb2394713707bc9e533ab82b6f2e98122d5db2dac7b27dd2e8a1edf8c8,205,68.33,3.79,1,5,4,0.024643,0.491233,TopoStake,pog(D=3_omega=0.80_beta=0.50),2.49,2101,0
420,4,0x719361397abe003a91af76243e5f9c7a0cd4279f,30.557112,1773046279,2d8ed03fd719babe11e0b78fac8cf44d4985a73a4790bda151d908c89af150c6,183,91.50,4.48,1,6,5,0.024625,0.490887,TopoStake,pog(D=3_omega=0.80_beta=0.50),2.47,2102,0
421,0,0xac768e60b9269babb15cb1e36ee843243d7c7543,33.731842,1773046281,163c7de52c64263c8950ca1ba1ae8d38e1e147e1544e743898ab5292b7f8643a,100,100.00,3.75,1,5,4,0.024616,0.490961,TopoStake,pog(D=3_omega=0.80_beta=0.50),1.96,2103,0
421,1,0x0d91704595bff3aec25d40822498a51c62b05e3a,72.670834,1773046283,6f4988c0c66723b501867327df16f929c739b017ada038544845efd9f3af0c2b,250,125.00,3.89,1,6,4,0.024608,0.491093,TopoStake,pog(D=3_omega=0.80_beta=0.50),2.23,2104,0
421,2,0x606627477c3734932f47972f83c27cf4e3b35b4f,35.396919,1773046285,ecfbf2b2151b92c32d3c444de414943b5235d54a7ea0c95663746d392fce8c48,244,122.00,3.31,1,5,3,0.024616,0.491277,TopoStake,pog(D=3_omega=0.80_beta=0.50),1.81,2105,0
421,3,0x50f7fa851f9314d682e36da5caa4635039b5305d,32.128875,1773046287,5def893fc67f05042e7cdcfa08173cddd84892ecb1395eeff80a2fba5d334405,206,103.00,3.71,1,5,4,0.024609,0.491425,TopoStake,pog(D=3_omega=0.80_beta=0.50),1.55,2106,0
421,4,0x52e05d9fa4faa167f30baba23c710e4f49115288,19.148531,1773046289,fd243338f8ccd586231be7590d3ad0f15c221506f4d074f1b5506e0b4a03fb59,217,108.50,3.38,1,4,3,0.024600,0.491526,TopoStake,pog(D=3_omega=0.80_beta=0.50),1.50,2107,0
422,0,0x30405867b72597aaeb27803bb2c7f3f5fc7d5384,13.506505,1773046291,89dcee1e6a32d8d10635c03b7c3c8479acfd8d762606515d3752b2e5ca8d07f0,188,62.67,4.05,1,5,4,0.024586,0.491448,TopoStake,pog(D=3_omega=0.80_beta=0.50),2.51,2108,0
422,1,0x0d91704595bff3aec25d40822498a51c62b05e3a,73.672034,1773046293,f8590fe01be86de4cee621b4c841b80559a196bff5339a293eee76a77b942c1f,189,94.50,3.40,1,5,4,0.024569,0.491213,TopoStake,pog(D=3_omega=0.80_beta=0.50),2.47,2109,0
422,2,0x07902d0371763a00d97ed9ba16ff0a206cb0fd19,177.845523,1773046295,71dbb930157f98b2b4865384e2ec5fa30b7816044a9bd9ca43996a4d9eb85f5c,128,128.00,3.15,1,5,3,0.024578,0.491397,TopoStake,pog(D=3_omega=0.80_beta=0.50),1.88,2110,0
422,3,0x89100a8056319ba37491b32ba255004180607bc2,25.791240,1773046297,edcda0a45b2e7f1cce5fd6aa9cb0eb56c94ae2becd278444fc4e1bccedd28785,250,125.00,2.70,1,4,3,0.024631,0.491627,TopoStake,pog(D=3_omega=0.80_beta=0.50),2.04,2111,0
422,4,0x408bb0bf84df50b21c53c74420987f172d4036a1,20.797840,1773046299,454c8c1db1cc1e1fb46799e0c18170bd703b8927bb099d041f7e3d8e12054de1,193,96.50,3.87,1,5,4,0.024619,0.491675,TopoStake,pog(D=3_omega=0.80_beta=0.50),1.71,2112,0
423,0,0xf13caa2c5f6f6cf61e51290bfa7826a9140b4faf,8.018378,1773046301,0363a05ccdfee8a2ccb6a0b87d7e61573e4106f8708ea4a5a048317cb2d3172f,215,107.50,3.51,1,5,4,0.024606,0.491620,TopoStake,pog(D=3_omega=0.80_beta=0.50),1.70,2113,0
423,1,0x07902d0371763a00d97ed9ba16ff0a206cb0fd19,178.846895,1773046303,ffb7f42936f5e6e491f3a764d2e3489bfe300c6b201693846c92160eb670f258,194,97.00,4.21,1,5,4,0.024587,0.491184,TopoStake,pog(D=3_omega=0.80_beta=0.50),1.52,2114,0
423,2,0x016d3fc36beee7caa8fbd6c1caa42461dd7f9850,58.961988,1773046305,1167c903e6653347208f90fb424f293778ce5f7b618fa5e1a45101707177048e,243,81.00,2.73,1,4,3,0.024587,0.491184,TopoStake,pog(D=3_omega=0.80_beta=0.50),2.56,2115,0
423,3,0x63f4973c0df8a5358405f396dc0673a463c48de9,16.893458,1773046308,d60deb81a5fea6ba95ceea2e27ce88f658e8caa6357513df83ed64d83dff8561,209,104.50,3.08,1,4,3,0.024642,0.491579,TopoStake,pog(D=3_omega=0.80_beta=0.50),2.43,2116,0
423,4,0x606627477c3734932f47972f83c27cf4e3b35b4f,36.397757,1773046309,cd74c5bccd74f07eebfe45b19a909147c7e9dd1d1ffd7d5f2049a53e5c8abd02,194,97.00,3.53,1,5,4,0.024627,0.491441,TopoStake,pog(D=3_omega=0.80_beta=0.50),2.50,2117,0
424,0,0x07902d0371763a00d97ed9ba16ff0a206cb0fd19,179.848217,1773046311,aa2b6a4ccac8f5ca4757834824bd666baa7b51007fba8a061ad6a030ad1f60d3,130,130.00,3.51,1,5,4,0.024620,0.491587,TopoStake,pog(D=3_omega=0.80_beta=0.50),1.78,2118,0
424,1,0x30509a8084fdfe6fe24d9c9a817c209ad194f8e3,74.756129,1773046313,2b4e9cde5810bc9a05a40b47123430300b74ae9bdfb40871aae3296cb8306694,250,125.00,2.73,1,4,3,0.024673,0.491816,TopoStake,pog(D=3_omega=0.80_beta=0.50),1.98,2119,0
424,2,0x269cdf52f97e1d9f14b7be895155a7b294f0b21d,31.745856,1773046315,75f173dde41c6d1e4168eafb5bd44470a9839f269dc9262ceca1abbaaf161c6e,240,120.00,3.40,1,5,4,0.024682,0.492008,TopoStake,pog(D=3_omega=0.80_beta=0.50),1.68,2120,0
424,3,0x49b57eb4dace37c8819daf079c9c674f766d4f38,33.249839,1773046317,ddc7360880b0e18730d128083ec042eef0684571ec579e4bd0bf564d1e4741f8,173,86.50,3.68,1,5,4,0.024673,0.492097,TopoStake,pog(D=3_omega=0.80_beta=0.50),1.53,2121,0
424,4,0xb2a7fe70a6f3137d38f6cb4c3ec6dd1e24f2d5f4,25.423345,1773046319,c71b8b6531a1efb951399b59896c2fc38fb4a98e11723a5efa7de87deee418cd,214,71.33,3.86,2,6,4,0.024673,0.492097,TopoStake,pog(D=3_omega=0.80_beta=0.50),2.48,2122,0
425,0,0x075e1d95c7891e1c00414ca1aa9a7a8cf6270019,122.339027,1773046322,48cf46032c1eed8adc5e661af792d2c3e0a6d2358a23fb3008cb16f32595410b,206,103.00,4.35,1,6,4,0.024653,0.492245,TopoStake,pog(D=3_omega=0.80_beta=0.50),2.51,2123,0
425,1,0x1cb1274c711a6c2e4e1596846e6ac604eeefb358,52.461169,1773046323,9ded93af3aa0c97bb27f3cac0cbb150c418607bd7b823b2cad6187ec14fd740b,200,100.00,3.06,1,5,3,0.024682,0.492464,TopoStake,pog(D=3_omega=0.80_beta=0.50),2.47,2124,0
425,2,0x30509a8084fdfe6fe24d9c9a817c209ad194f8e3,75.757430,1773046325,20737fd42cd0bc502799a517e0754b585b36f5a1e6e11f94de4084b318dbe2ab,111,111.00,3.35,1,5,3,0.024681,0.492619,TopoStake,pog(D=3_omega=0.80_beta=0.50),1.77,2125,0
425,3,0xc24b36dee27726233c3bbd9e1f028f98b6b2a424,12.395516,1773046327,fff2a146aa9cdd2fcef2e41d91216734c2e6327ee6f58811772e2f4cbbcf01ef,250,125.00,3.29,1,5,3,0.024691,0.492810,TopoStake,pog(D=3_omega=0.80_beta=0.50),1.98,2126,0
425,4,0x63f4973c0df8a5358405f396dc0673a463c48de9,17.894401,1773046329,12b0f73a18875a02229b9e000d0a6b10211dd2733fa6d2055004e0a448e2a9ee,219,109.50,4.04,2,6,4,0.024673,0.492534,TopoStake,pog(D=3_omega=0.80_beta=0.50),1.78,2127,0
426,0,0x8c11ec9090dd820c076e57e899d9c604c79d6b32,22.567290,1773046331,031c82b98d27a4228c886f3405be419785107c34797b88888dd7c7cd024c9a3f,232,116.00,3.66,2,5,4,0.024659,0.492425,TopoStake,pog(D=3_omega=0.80_beta=0.50),1.59,2128,0
426,1,0x13f9dadc05f6c237b03411e2aed1800cf21a5d89,109.474492,1773046333,34756594c4445679b092a9361c7e811899f786ca2b6f43210f51e3128213b739,169,84.50,4.21,1,6,4,0.024646,0.492424,TopoStake,pog(D=3_omega=0.80_beta=0.50),1.50,2129,0
426,2,0x269cdf52f97e1d9f14b7be895155a7b294f0b21d,32.746609,1773046336,ff89c6e4d78df2674785205f052580506724f4ba2b6175d214b286b7f4bf335c,192,64.00,2.91,1,5,3,0.024669,0.492634,TopoStake,pog(D=3_omega=0.80_beta=0.50),2.51,2130,0
426,3,0x71f297f96355f349d66f0e9b681e7d4e11224660,8.151361,1773046337,6cc846606bba0541491402c448c698aba19ed74aaa3dcadece6fa2090732c068,204,102.00,3.57,1,5,4,0.024660,0.492729,TopoStake,pog(D=3_omega=0.80_beta=0.50),2.52,2131,0
426,4,0x24898fcb116b48cb2b6fd5d3b4eb599fee0f4633,65.123641,1773046339,4a91431e32414c32347c587b1b0a8c038ebf38b56a45bbc1b8df2903f99352c5,89,89.00,3.91,1,5,4,0.024641,0.492294,TopoStake,pog(D=3_omega=0.80_beta=0.50),1.90,2132,0
427,0,0xb7b4ee0a72bc410bf6d32b9cd3f3e11fc756d6f1,4.053014,1773046341,0053f1a6c0b17c75756f9d40914e5eba9c8b6f5b084c5afecd240b6fdf32cfc5,250,125.00,3.53,1,5,4,0.024646,0.492466,TopoStake,pog(D=3_omega=0.80_beta=0.50),2.22,2133,0
427,1,0x016d3fc36beee7caa8fbd6c1caa42461dd7f9850,59.963151,1773046343,4728c322718565a5677bdcf4f014b3126903d90d5697f60382039c17a5eda5f9,250,125.00,3.91,1,6,4,0.024626,0.491883,TopoStake,pog(D=3_omega=0.80_beta=0.50),1.91,2134,0
427,2,0x1d1d2c63625de70b1e5ef40056bd2deb89d7fef2,12.054427,1773046345,3b6949a4f4a279abbefad9a86939391081cd9f1923206b56f0325c65276cb51b,223,111.50,3.13,1,4,3,0.024628,0.492046,TopoStake,pog(D=3_omega=0.80_beta=0.50),1.62,2135,0
427,3,0x1cb1274c711a6c2e4e1596846e6ac604eeefb358,53.461756,1773046347,0c0590b57f5598f9881bf34b50db6a50ad9b4e16d28436596e54bc4dfef217d0,195,97.50,3.71,1,5,4,0.024611,0.491756,TopoStake,pog(D=3_omega=0.80_beta=0.50),1.51,2136,0
427,4,0x016d3fc36beee7caa8fbd6c1caa42461dd7f9850,60.964245,1773046349,9b3c50c7337802025fe420bcca8d48e7f953fee5bbe04d66e8a3f77f3f6279aa,182,60.67,3.52,1,5,4,0.024611,0.491910,TopoStake,pog(D=3_omega=0.80_beta=0.50),2.53,2137,0
428,0,0xac768e60b9269babb15cb1e36ee843243d7c7543,34.732596,1773046351,ed353d0f8d566f676ca54eeff3eb138bda6703bd2ce6856286027f0ceb53576a,190,95.00,3.11,1,4,3,0.024614,0.492073,TopoStake,pog(D=3_omega=0.80_beta=0.50),2.53,2138,0
428,1,0x13f9dadc05f6c237b03411e2aed1800cf21a5d89,110.475689,1773046353,4d07c7b0bf26f99043ae369f38887dd4a784b582b5ae5b8d3c50a0c7322198b0,106,106.00,3.84,1,5,4,0.024606,0.492209,TopoStake,pog(D=3_omega=0.80_beta=0.50),1.92,2139,0
428,2,0xa7e4d4d949807065ebf85adc1be8c382c7236c15,6.193567,1773046355,86229be5e6b1a17e855767fb48c5c29be2a8cf234f9c157fabd43ba197650c5a,250,125.00,3.00,1,5,3,0.024630,0.492418,TopoStake,pog(D=3_omega=0.80_beta=0.50),2.24,2140,0
428,3,0x07902d0371763a00d97ed9ba16ff0a206cb0fd19,180.851084,1773046357,8a9d2e2033ed06f2936ad746a675a6247a9223d968d9582642888d7a65f5e890,250,125.00,3.92,1,6,4,0.024610,0.491920,TopoStake,pog(D=3_omega=0.80_beta=0.50),1.95,2141,0
428,4,0xea287b266dbe2c2d402fd91814bcfc4c95d6b0fd,13.140894,1773046359,44494631638a72ea569069bb90b800fe5127f7ceccf1d66f9fc037d9877efdca,135,67.50,2.71,1,4,3,0.024663,0.492146,TopoStake,pog(D=3_omega=0.80_beta=0.50),1.42,2142,0
429,0,0x50f7fa851f9314d682e36da5caa4635039b5305d,33.129879,1773046361,1681a8109f8703a1fefab7984242faf4fedb17317dca8af2a5bc0e0b31c2e77d,193,96.50,4.09,2,6,4,0.024646,0.491895,TopoStake,pog(D=3_omega=0.80_beta=0.50),1.54,2143,0
429,1,0x13f9dadc05f6c237b03411e2aed1800cf21a5d89,111.477051,1773046364,890937849f22164f0363223dc2100051bbe353fc2029b2991bc2a99916f7bc24,194,64.67,3.43,1,5,4,0.024637,0.491989,TopoStake,pog(D=3_omega=0.80_beta=0.50),2.46,2144,0
429,2,0x075e1d95c7891e1c00414ca1aa9a7a8cf6270019,123.340872,1773046365,c2019d89825b21c2265c0562a607043491bf9343157407ba61fc8be6efa029a9,182,91.00,3.05,1,5,3,0.024661,0.492197,TopoStake,pog(D=3_omega=0.80_beta=0.50),2.49,2145,0
429,3,0x5cd626f4b83428b146919d30f4b3e481d259a9dc,19.069546,1773046367,5faf7e74262cfca85c3ef57d543bfbc254a326a927640159861ff86830d22977,124,124.00,2.94,1,5,3,0.024689,0.492414,TopoStake,pog(D=3_omega=0.80_beta=0.50),1.73,2146,0
429,4,0x07902d0371763a00d97ed9ba16ff0a206cb0fd19,181.852018,1773046369,abb8c30449bfdd78f15a7bf61cade4971dc032723defe2fb67521e938373c595,200,100.00,3.99,1,6,4,0.024675,0.492326,TopoStake,pog(D=3_omega=0.80_beta=0.50),2.06,2147,0
430,0,0x016d3fc36beee7caa8fbd6c1caa42461dd7f9850,61.965234,1773046371,8391127c54745ddbcba105501233805ca82f2ec8e09a64a553e65d96a7760e53,242,121.00,2.86,2,4,3,0.024727,0.492552,TopoStake,pog(D=3_omega=0.80_beta=0.50),1.72,2148,0
430,1,0x13f9dadc05f6c237b03411e2aed1800cf21a5d89,112.477996,1773046373,eda56ba0bc3e8e4eb8fa818fdd4f9b9e7f34a38649a535afe5e6e788e6810625,208,104.00,3.09,1,4,3,0.024727,0.492552,TopoStake,pog(D=3_omega=0.80_beta=0.50),1.46,2149,0
430,2,0x311eb133eb413ac3f21249889bb101e5d40820ce,15.121512,1773046375,a4df4df26e09f0f3d9189502bac2186140e8b229fdd6309f78480d23db3ad22e,211,105.50,3.03,1,5,3,0.024754,0.492921,TopoStake,pog(D=3_omega=0.80_beta=0.50),1.45,2150,0
430,3,0x3d92e045fb1847aae132b40ebfcc471a32f687de,18.121965,1773046378,ecc8d03484785c8facd8e8ad3c1c8f18b9f56482d2083a06d72f863d1a024ac0,212,70.67,3.71,1,5,4,0.024738,0.492727,TopoStake,pog(D=3_omega=0.80_beta=0.50),2.49,2151,0
430,4,0x719361397abe003a91af76243e5f9c7a0cd4279f,31.557174,1773046379,b557ec7ab8f90c479b8874be1d463d14bb626165aa7439fb9c6d445b796ff55a,211,105.50,3.90,1,5,4,0.024724,0.492618,TopoStake,pog(D=3_omega=0.80_beta=0.50),2.45,2152,0
431,0,0x30509a8084fdfe6fe24d9c9a817c209ad194f8e3,76.758971,1773046381,b7d7ff91c2ff76cd9fb686605e479dfe6956bb610ad702b5d96e732cd2286f81,104,104.00,3.67,1,5,4,0.024714,0.492694,TopoStake,pog(D=3_omega=0.80_beta=0.50),1.88,2153,0
431,1,0x1796dc61e715f15a2d27dfa32bd34780f12a8c24,92.850414,1773046383,a045ddc34df89a70738f5eaf225a30acc31ec911f928812354c10a96fc5563b2,247,123.50,3.33,1,5,3,0.024724,0.492883,TopoStake,pog(D=3_omega=0.80_beta=0.50),2.09,2154,0
431,2,0xf13caa2c5f6f6cf61e51290bfa7826a9140b4faf,9.018562,1773046385,8f9ae27a3be9968940cb094afa9bd72fdfaba120eef036a281900fa9458fab71,238,119.00,3.29,1,5,3,0.024739,0.493080,TopoStake,pog(D=3_omega=0.80_beta=0.50),1.72,2155,0
431,3,0x408bb0bf84df50b21c53c74420987f172d4036a1,21.798341,1773046387,5450714b95792337fc022858c2702382ca10a30382121648e0656af4aa7194ce,223,111.50,4.25,1,6,4,0.024721,0.492697,TopoStake,pog(D=3_omega=0.80_beta=0.50),1.56,2156,0
431,4,0xaadc5fea232580cb8fba739ac5d05a48559c7e52,18.344976,1773046389,60a7da7733dd7e7b91dc55542759c4d35d7707af6488c2dbf7391af33105aa15,188,94.00,3.66,1,5,4,0.024708,0.492665,TopoStake,pog(D=3_omega=0.80_beta=0.50),1.49,2157,0
432,0,0xd3997be86c88837e3fd467517b943590b28fa641,11.034299,1773046392,f749008464943ac99de5877ab0252669e0687624d0a6c4f513bc79eb19d2aa43,208,69.33,4.37,1,6,4,0.024693,0.492554,TopoStake,pog(D=3_omega=0.80_beta=0.50),2.49,2158,0
432,1,0x8c11ec9090dd820c076e57e899d9c604c79d6b32,23.567592,1773046393,26b05083095a9bae7ad127ebdf92edf4660fab0a1c225fbe6c4b3af4a0f2acb0,190,95.00,4.24,1,6,4,0.024676,0.492239,TopoStake,pog(D=3_omega=0.80_beta=0.50),2.51,2159,0
432,2,0x4414c05be2cf328f38d2e3ef4b705d6b894f044a,22.089178,1773046395,355f15c867e1ed1b7a81e55e09c7b3bddc4a9afbfa8436f2796e24a3f22e2344,114,114.00,4.02,1,5,4,0.024663,0.492265,TopoStake,pog(D=3_omega=0.80_beta=0.50),1.95,2160,0
432,3,0x30405867b72597aaeb27803bb2c7f3f5fc7d5384,14.506932,1773046397,c443a592fff34cae60cde57d0be111a61745bcfc01995bbae92271318490d304,233,116.50,3.92,1,5,4,0.024650,0.492237,TopoStake,pog(D=3_omega=0.80_beta=0.50),2.22,2161,0
432,4,0x07902d0371763a00d97ed9ba16ff0a206cb0fd19,182.854185,1773046399,87014024da5605d68156345a8669c047df46a69972aa0e7592b7dcf4cbd9952d,250,125.00,3.65,1,5,4,0.024634,0.492025,TopoStake,pog(D=3_omega=0.80_beta=0.50),2.05,2162,0
433,0,0x7e40df5d801345015e84c843908efc6683665fa4,19.661249,1773046401,db27611fd68ba201baa04eda72945f1777f7a3468b79e8b1cefa497f410b4622,213,106.50,2.80,1,4,3,0.024686,0.492249,TopoStake,pog(D=3_omega=0.80_beta=0.50),1.72,2163,0
433,1,0x13f9dadc05f6c237b03411e2aed1800cf21a5d89,113.479804,1773046403,bda49fcf64262d44f40291395117d5a4ef52d05ab19ac2c77a331d06ae17d263,203,101.50,3.43,1,5,4,0.024672,0.492168,TopoStake,pog(D=3_omega=0.80_beta=0.50),1.56,2164,0
433,2,0x016d3fc36beee7caa8fbd6c1caa42461dd7f9850,62.966430,1773046406,1599f156edb7a2475fb8e141bb5649cc2a1abe47f834f0b5f5531504f3106c24,164,54.67,3.23,1,5,3,0.024696,0.492375,TopoStake,pog(D=3_omega=0.80_beta=0.50),2.54,2165,0
433,3,0x8d9e46becf415ca26aa698c9657087e6554aabda,14.375934,1773046407,038fe8ef0e88ecd6172cff4320c8b34929df830c92e6228d1449618708a4afcd,212,106.00,3.11,1,4,3,0.024699,0.492535,TopoStake,pog(D=3_omega=0.80_beta=0.50),2.49,2166,0
433,4,0x30509a8084fdfe6fe24d9c9a817c209ad194f8e3,77.760452,1773046409,2026007821b016999c11c9828ff4bcb12e2f76b39573e885482c0e9aa51efee7,96,96.00,3.65,1,5,4,0.024683,0.492313,TopoStake,pog(D=3_omega=0.80_beta=0.50),1.86,2167,0
434,0,0x377eaef292051bbf8ada05b2af76a3f3b9d722a7,34.080001,1773046411,41f0bd94ee1968092b42e8f42ef751999380cc99d866b6dcbca603bafeaf9b18,237,118.50,3.23,1,5,3,0.024692,0.492501,TopoStake,pog(D=3_omega=0.80_beta=0.50),2.08,2168,0
434,1,0x13f9dadc05f6c237b03411e2aed1800cf21a5d89,114.480739,1773046413,af19e82553f6d923420eb337e3a711583dc8087db515dd6393e73977234f50c9,232,116.00,3.59,1,5,4,0.024684,0.492624,TopoStake,pog(D=3_omega=0.80_beta=0.50),1.70,2169,0
434,2,0x075e1d95c7891e1c00414ca1aa9a7a8cf6270019,124.342442,1773046415,73909f667e58be3ff683f8c9f2f1ea60cf633022c4eba40cc9512d8d9b812bf9,208,104.00,3.17,1,5,3,0.024708,0.492829,TopoStake,pog(D=3_omega=0.80_beta=0.50),1.53,2170,0
434,3,0x1cb1274c711a6c2e4e1596846e6ac604eeefb358,54.462760,1773046417,d396ad891e8de3e44bc8c5896bc6e0ac9db369e7351650aa25131ce26a2ecb31,168,84.00,3.11,1,5,3,0.024736,0.493043,TopoStake,pog(D=3_omega=0.80_beta=0.50),1.51,2171,0
434,4,0x311eb133eb413ac3f21249889bb101e5d40820ce,16.122335,1773046420,008481abb9e9afa7d08cb03aeb70dfb36095519a71c7e438d70b03f894037989,196,65.33,3.53,1,5,4,0.024736,0.493195,TopoStake,pog(D=3_omega=0.80_beta=0.50),2.47,2172,0
435,0,0xa068e3c9a21c8d8be636cd2d285895979ec3262e,4.935936,1773046421,ed8678f150d5450e31f43e94d0bed5a00a4cc349b64ea86ff2eb93fa76f20d93,178,89.00,3.52,1,5,4,0.024720,0.493027,TopoStake,pog(D=3_omega=0.80_beta=0.50),2.55,2173,0
435,1,0xc339f8bf978200eb65afce6c7121402eda949097,12.055649,1773046423,0a3a04aeeb0d8a49e81793312fc5d088eaeeb3f73e00eeeb17d046e7466f2871,91,91.00,4.32,1,6,4,0.024701,0.492484,TopoStake,pog(D=3_omega=0.80_beta=0.50),1.99,2174,0
435,2,0x016d3fc36beee7caa8fbd6c1caa42461dd7f9850,63.967575,1773046425,b08115bd991a402ea8a9cd56d96c24cb296fcbad4d7aafb03fcbcb55d5f3184b,226,113.00,4.25,1,5,4,0.024684,0.492190,TopoStake,pog(D=3_omega=0.80_beta=0.50),2.32,2175,0
435,3,0x52e05d9fa4faa167f30baba23c710e4f49115288,20.148883,1773046427,a6ead50751e50689f4cec208c96ae2e1b5156049afd1d10d347a5dffbe1e97ec,250,125.00,3.16,1,4,3,0.024687,0.492350,TopoStake,pog(D=3_omega=0.80_beta=0.50),2.08,2176,0
435,4,0x4a217e35f6402e7f62a49f6d62e27c6585c2f3fd,17.479588,1773046429,1588a872310987ae9a85877dd41438154cf3cbaeab5f8a6cedf446848cad6395,250,125.00,3.95,1,5,4,0.024673,0.492277,TopoStake,pog(D=3_omega=0.80_beta=0.50),1.88,2177,0
436,0,0x13f9dadc05f6c237b03411e2aed1800cf21a5d89,115.482010,1773046431,ff98f3972968b03a3ca8181e83e50f99195818eeedea338ba7b6f71161bf80d6,95,47.50,3.72,2,5,4,0.024659,0.492146,TopoStake,pog(D=3_omega=0.80_beta=0.50),1.14,2178,0
436,1,0x24898fcb116b48cb2b6fd5d3b4eb599fee0f4633,66.125180,1773046433,61ffbf933ce2b933979d3c5e27942f4a33332a5f3add7c4a9c87c740a6620bb6,196,65.33,3.02,1,5,3,0.024683,0.492351,TopoStake,pog(D=3_omega=0.80_beta=0.50),2.56,2179,0
436,2,0x07902d0371763a00d97ed9ba16ff0a206cb0fd19,183.856468,1773046435,e75b0a019f29284c9380f7059ae71cc2aaefde14cb86b6131a87cb7945693a49,186,93.00,3.65,1,5,4,0.024687,0.492520,TopoStake,pog(D=3_omega=0.80_beta=0.50),2.47,2180,0
436,3,0x30509a8084fdfe6fe24d9c9a817c209ad194f8e3,78.761713,1773046437,8676ef821182674fc588cec810eeba6f81814a8ecb8e0d50d3b24a030a28cf41,129,129.00,2.61,1,4,3,0.024739,0.492742,TopoStake,pog(D=3_omega=0.80_beta=0.50),1.81,2181,0
436,4,0x30509a8084fdfe6fe24d9c9a817c209ad194f8e3,79.762893,1773046439,b870fd29be8d840f72ed197dfef266afd70b6c3b7bb8a1b718159408dba988ae,238,119.00,3.32,1,5,3,0.024748,0.492928,TopoStake,pog(D=3_omega=0.80_beta=0.50),2.02,2182,0
437,0,0xd46407aa7b668c72de3cf1c1a12b7fa2e308a1b2,10.966733,1773046441,b5b73550648590776206e1bf2640a37f0b6cddb60fc379183d3eaf8c1cefeb80,223,111.50,3.44,1,5,4,0.024758,0.493115,TopoStake,pog(D=3_omega=0.80_beta=0.50),1.79,2183,0
437,1,0xa9105f442328d397529b8e4e9e656fa89016ff45,3.437657,1773046443,9b6db59325b7f82e493826341c35d78266518fc8bdedac3a7456a2f387a2aa01,220,110.00,3.85,1,5,4,0.024740,0.492793,TopoStake,pog(D=3_omega=0.80_beta=0.50),1.47,2184,0
437,2,0x016d3fc36beee7caa8fbd6c1caa42461dd7f9850,64.968863,1773046445,e0ffbb392b8ad430ae378c2fee527f080b3daf2824bb1fb2b15722da22ab139e,208,104.00,3.70,1,5,4,0.024720,0.492199,TopoStake,pog(D=3_omega=0.80_beta=0.50),1.57,2185,0
437,3,0x52e05d9fa4faa167f30baba23c710e4f49115288,21.149981,1773046447,cb754f50439501de0b4b4ebb93e69c1a844bc02655729e80133459583762deda,190,63.33,3.03,1,4,3,0.024724,0.492359,TopoStake,pog(D=3_omega=0.80_beta=0.50),2.44,2186,0
437,4,0x0d91704595bff3aec25d40822498a51c62b05e3a,74.673757,1773046450,0484bc8ebf79536e695c89974d1ece83e6dfced69af33af418e1c59f98c61070,194,97.00,3.91,1,5,4,0.024710,0.492297,TopoStake,pog(D=3_omega=0.80_beta=0.50),2.48,2187,0
438,0,0x60705151f1f537cacd5b801f3ef1b31dc3f605de,9.281844,1773046451,710451a650f9f878be86dddc619b5c916147a7e2210a56c81b83fa92232ccfe2,235,117.50,3.11,1,5,3,0.024718,0.492474,TopoStake,pog(D=3_omega=0.80_beta=0.50),2.36,2188,0
438,1,0x075e1d95c7891e1c00414ca1aa9a7a8cf6270019,125.343995,1773046453,ec2566ebdf67c84e3d9c55bc0bc01340dc537b9de7470230acf21cd8239cb1b4,99,99.00,4.11,1,6,4,0.024700,0.492102,TopoStake,pog(D=3_omega=0.80_beta=0.50),1.84,2189,0
438,2,0x1d1d2c63625de70b1e5ef40056bd2deb89d7fef2,13.054543,1773046455,5d92deb41564d1d26d2a2b1c57de99290349268ec157de3e874c53d44f78580d,250,125.00,3.07,1,5,3,0.024728,0.492315,TopoStake,pog(D=3_omega=0.80_beta=0.50),2.08,2190,0
438,3,0x1cb1274c711a6c2e4e1596846e6ac604eeefb358,55.463819,1773046457,df7c83caabbe4ddc8c1f1fa6629a7b552714aab38b41191b9bf5e7c0a4b0ec41,250,125.00,3.72,1,5,4,0.024711,0.492057,TopoStake,pog(D=3_omega=0.80_beta=0.50),1.80,2191,0
438,4,0xa5a12d96532497871d73549e55ab377e3dcb3a40,18.098161,1773046459,62b3a3912a3408e05fe1b6661669aac70f46fdd93bd8fa0830dd27a3057d4bde,222,111.00,3.56,1,5,4,0.024711,0.492057,TopoStake,pog(D=3_omega=0.80_beta=0.50),1.56,2192,0
439,0,0x9ba702916c26a8583a7f277d6932b3c0d9927ce0,8.172421,1773046461,6b836ebd4b6cbab5884ab2b2b160b90cc706480e18c6fea46c2166d3d9bc4e55,228,76.00,4.10,1,5,4,0.024697,0.492081,TopoStake,pog(D=3_omega=0.80_beta=0.50),2.50,2193,0
439,1,0x30509a8084fdfe6fe24d9c9a817c209ad194f8e3,80.764155,1773046464,f82d7ae80882e92bf0ef9c05ea8dfb2dd0346be58b3cea525b5039af32ea1be0,209,104.50,3.67,1,5,4,0.024678,0.491648,TopoStake,pog(D=3_omega=0.80_beta=0.50),2.44,2194,0
439,2,0xa3786e459f289a76c0e8af8ad834e3d0c6d47199,20.718051,1773046465,6cc7576b5b4bad49d9c4b7bbcd822c069dc029b5e750e2627d757e5b0f6f9835,195,97.50,3.34,1,5,3,0.024688,0.491834,TopoStake,pog(D=3_omega=0.80_beta=0.50),2.45,2195,0
439,3,0x30509a8084fdfe6fe24d9c9a817c209ad194f8e3,81.765117,1773046467,402d1ef636ac84eb148dff37000450e8e246f177a3b318650b0c2be6ce06abeb,115,115.00,4.36,1,6,4,0.024675,0.491763,TopoStake,pog(D=3_omega=0.80_beta=0.50),1.98,2196,0
439,4,0x4414c05be2cf328f38d2e3ef4b705d6b894f044a,23.089962,1773046469,f72e3f08be9916d8b81c6dee3dcdc3fce03bc4ca03b3e12af50e57a2dad28933,250,125.00,3.32,1,5,3,0.024685,0.491948,TopoStake,pog(D=3_omega=0.80_beta=0.50),2.07,2197,0
440,0,0x719361397abe003a91af76243e5f9c7a0cd4279f,32.557163,1773046471,e5bd528da90136c332b2b043560d52014941922f6b5d37b299dd0f9b2d623239,213,106.50,3.84,1,5,4,0.024673,0.491956,TopoStake,pog(D=3_omega=0.80_beta=0.50),1.86,2198,0
440,1,0xfdc414c57908f0e2a6a926079902d4688d553610,8.147833,1773046473,ea7870717f293538ac2c0bdaa0fc5b51c5d120989ce8626739c00fd6e86ac5d1,209,104.50,3.76,1,5,4,0.024664,0.492035,TopoStake,pog(D=3_omega=0.80_beta=0.50),1.66,2199,0
440,2,0x89100a8056319ba37491b32ba255004180607bc2,26.791146,1773046475,0123c73e37d44794cb127e27bbc44ee3c33b01945e6163e11cfddec6ce5029bc,188,94.00,4.85,1,6,5,0.024645,0.491594,TopoStake,pog(D=3_omega=0.80_beta=0.50),1.54,2200,0
440,3,0x377eaef292051bbf8ada05b2af76a3f3b9d722a7,35.081220,1773046477,2720714f549cf643e0bba4efcd619fd08cf7d0e7f4284a8c9e62192f7defdcc3,202,67.33,3.84,1,5,4,0.024634,0.491647,TopoStake,pog(D=3_omega=0.80_beta=0.50),2.50,2201,0
440,4,0x13f9dadc05f6c237b03411e2aed1800cf21a5d89,116.484270,1773046480,ba83c91772132bcce75171e0cc6b29c687f1ec4444a2e8bd975b7b854637a734,221,110.50,3.63,1,5,4,0.024626,0.491774,TopoStake,pog(D=3_omega=0.80_beta=0.50),2.41,2202,0
441,0,0xd46407aa7b668c72de3cf1c1a12b7fa2e308a1b2,11.967482,1773046481,573629fcf023dfe26c38632b9a3f00c78953b76bbde5c29e4c2da563b74665e0,203,101.50,3.03,1,5,3,0.024650,0.491976,TopoStake,pog(D=3_omega=0.80_beta=0.50),2.42,2203,0
441,1,0x07902d0371763a00d97ed9ba16ff0a206cb0fd19,184.859042,1773046483,50e9d3fbb3660a16911bbed25de7b74a023a8fe9539446957b90253b63da779f,133,133.00,3.74,1,5,4,0.024633,0.491676,TopoStake,pog(D=3_omega=0.80_beta=0.50),1.76,2204,0
441,2,0x0d91704595bff3aec25d40822498a51c62b05e3a,75.675203,1773046485,d73e2eec9dde5065ab674be8b052f23af1791bfa71a6c8055c37fd83b8b02062,250,125.00,2.75,1,4,3,0.024684,0.491896,TopoStake,pog(D=3_omega=0.80_beta=0.50),1.96,2205,0
441,3,0x075e1d95c7891e1c00414ca1aa9a7a8cf6270019,126.345689,1773046487,4aef4d4638c02feb1c7ed84a79a586fcc2f5f16a48927c48302654985214fd6d,219,109.50,3.26,2,5,3,0.024692,0.492072,TopoStake,pog(D=3_omega=0.80_beta=0.50),1.63,2206,0
441,4,0x1796dc61e715f15a2d27dfa32bd34780f12a8c24,93.852504,1773046489,2123fc8f8e7edf3f92ebfaafa9f2dd5eb64a58603b98cbaecc9872f8779e210b,192,96.00,3.17,2,5,3,0.024719,0.492283,TopoStake,pog(D=3_omega=0.80_beta=0.50),1.54,2207,0
442,0,0x719361397abe003a91af76243e5f9c7a0cd4279f,33.558177,1773046491,7745cb0b4b20c8be09f8553a991daa5e577fa407c4ecc6c2500d43dd8c55df6b,215,107.50,3.34,1,5,3,0.024734,0.492476,TopoStake,pog(D=3_omega=0.80_beta=0.50),1.50,2208,0
442,1,0xfdc414c57908f0e2a6a926079902d4688d553610,9.148257,1773046493,63a57a704fdb36e091d7aeb71690e162e177750a6c27c22f2e917adf14fb65ea,219,73.00,3.97,2,5,4,0.024725,0.492573,TopoStake,pog(D=3_omega=0.80_beta=0.50),2.49,2209,0
442,2,0x687bf2437a044a3e42ff2f8a79a8e54ba9601f70,16.056407,1773046495,a5efff06270758c1d52e5e7c5aad26473c7417400c9c073a632256d0ce947573,171,85.50,4.76,1,6,5,0.024707,0.492191,TopoStake,pog(D=3_omega=0.80_beta=0.50),2.53,2210,0
442,3,0xf5ecb44daf07a1d1073dbc89baf04bd7541fa517,3.034598,1773046497,4c668c5c6090610fa870e43b5ac9957dbb766fccdc11a1a53be2f17417baa733,87,87.00,3.71,1,5,4,0.024692,0.492016,TopoStake,pog(D=3_omega=0.80_beta=0.50),1.95,2211,0
442,4,0x30405867b72597aaeb27803bb2c7f3f5fc7d5384,15.507511,1773046499,230ac91c8c7991d94cfb65ba5d7e4e7fd815dabd3f8c6691dac169f5273b05d3,237,118.50,3.95,2,5,4,0.024672,0.491411,TopoStake,pog(D=3_omega=0.80_beta=0.50),2.26,2212,0
443,0,0x3513d672439a59c26cc5711f2b715ccb4810a774,29.303630,1773046501,fdaf4e7428cabc1bf705d2bdee8f81557d22f5797b740599697a5f6e860936b2,243,121.50,3.53,1,5,4,0.024656,0.491218,TopoStake,pog(D=3_omega=0.80_beta=0.50),1.91,2213,0
443,1,0xdcf2130496e27a8094ab996aea4aa77788d65869,26.508648,1773046503,214cf6d1b3af085d1b1906095d09374082d0420c863b556c1eed624be2f4b53a,209,104.50,3.88,1,5,4,0.024646,0.491279,TopoStake,pog(D=3_omega=0.80_beta=0.50),1.65,2214,0
443,2,0x07902d0371763a00d97ed9ba16ff0a206cb0fd19,185.860977,1773046505,e50897704ce0047494b64bcf781de063386ef381af1d29cc10e624b653c776dd,232,116.00,3.94,1,5,4,0.024646,0.491280,TopoStake,pog(D=3_omega=0.80_beta=0.50),1.51,2215,0
443,3,0x30509a8084fdfe6fe24d9c9a817c209ad194f8e3,82.766351,1773046507,27f7c5afb18a2f55ffd8179287f49de1486f684618154cd1af050713035f54e9,206,103.00,2.82,1,4,3,0.024635,0.491323,TopoStake,pog(D=3_omega=0.80_beta=0.50),1.53,2216,0
443,4,0xcdc82b7c868072205a399d0f68e6e3ad3bfd1ca6,11.191881,1773046510,98c8268df73d5d83e2e9310cd9b89ab95cf3bceeec8289dd0b9156cf38d844df,213,71.00,3.30,1,5,3,0.024696,0.491727,TopoStake,pog(D=3_omega=0.80_beta=0.50),2.48,2217,0
444,0,0xeaa5003682d7289190651081ae2bee847097afc5,5.727978,1773046511,33b0887933a67496e7d94feca82dd56b8d7748e5f5e16197741a94a8f36b7ff5,203,101.50,3.58,1,5,4,0.024678,0.491409,TopoStake,pog(D=3_omega=0.80_beta=0.50),2.51,2218,0
444,1,0xd39dbd3662315e3935ec08e6b6028e73b3c09de2,4.892319,1773046513,4ba7fdf516dd3bd3a104ec849ff5e02de860da80de07c574642b8fa8a657181f,102,102.00,4.31,1,6,5,0.024659,0.490905,TopoStake,pog(D=3_omega=0.80_beta=0.50),1.96,2219,0
444,2,0x13f9dadc05f6c237b03411e2aed1800cf21a5d89,117.486314,1773046515,febf8137a4902b9380a850da5399ced1e1a8d3022a3388c02a432261c55035b6,206,103.00,4.42,1,6,5,0.024640,0.490362,TopoStake,pog(D=3_omega=0.80_beta=0.50),2.39,2220,0
444,3,0x377eaef292051bbf8ada05b2af76a3f3b9d722a7,36.082275,1773046517,f842116a3ac5e66a6694e142ed4d1b69ef982d62393e15e426ce1c10ef9f976c,250,125.00,3.03,1,5,3,0.024663,0.490564,TopoStake,pog(D=3_omega=0.80_beta=0.50),2.06,2221,0
444,4,0xaadc5fea232580cb8fba739ac5d05a48559c7e52,19.345172,1773046519,9ee4db1902fe98c6693dc4c58114ebec5c4ff74d1ed82d52501e0da8f5c59d26,246,123.00,3.70,1,5,4,0.024663,0.490565,TopoStake,pog(D=3_omega=0.80_beta=0.50),1.69,2222,0
445,0,0x95ab54d268473cce82094026afefdbd5cadf418b,15.576768,1773046521,9a05668329805dd8a7931f5846ef249d001a396a07d18f8b77befafb18d935dd,188,94.00,4.31,1,6,4,0.024642,0.490602,TopoStake,pog(D=3_omega=0.80_beta=0.50),1.51,2223,0
445,1,0x30509a8084fdfe6fe24d9c9a817c209ad194f8e3,83.767546,1773046523,0fcaa4b85564fe08da0e161e449621d8b9e13d7cf6a6ce3820647283d070ff60,188,62.67,4.57,3,6,5,0.024626,0.490404,TopoStake,pog(D=3_omega=0.80_beta=0.50),2.53,2224,0
445,2,0x1796dc61e715f15a2d27dfa32bd34780f12a8c24,94.853945,1773046525,364c8cb0af6af5c73cb9a5de9962d02e21ab2901bb25858a554152e921da55ae,215,107.50,3.36,1,5,3,0.024637,0.490587,TopoStake,pog(D=3_omega=0.80_beta=0.50),2.46,2225,0
445,3,0x07902d0371763a00d97ed9ba16ff0a206cb0fd19,186.862655,1773046527,0d964e4e5bded67bad69e28061dd45371f4880a9ae6dad6e9937a77a5a1d53fa,117,117.00,3.32,1,5,3,0.024652,0.490780,TopoStake,pog(D=3_omega=0.80_beta=0.50),1.91,2226,0
445,4,0xa3786e459f289a76c0e8af8ad834e3d0c6d47199,21.717901,1773046529,21783f9380b089ec522e048def09555a25a8037360557f4dd625283e316496ed,242,121.00,2.75,1,4,3,0.024702,0.490998,TopoStake,pog(D=3_omega=0.80_beta=0.50),2.14,2227,0
446,0,0x13f9dadc05f6c237b03411e2aed1800cf21a5d89,118.487848,1773046531,b18df65cec55033c7e8eccc575387c7d2e4c58b9a56f6a348f77efac84eaf8ab,148,74.00,4.09,1,6,4,0.024689,0.490947,TopoStake,pog(D=3_omega=0.80_beta=0.50),1.97,2228,0
446,1,0xfdc414c57908f0e2a6a926079902d4688d553610,10.148353,1773046533,a766e76fc9cfb0bb1a62ba82296dad649320675c89f6db57b03b2218b91e2fae,250,125.00,3.11,1,5,3,0.024713,0.491148,TopoStake,pog(D=3_omega=0.80_beta=0.50),1.92,2229,0
446,2,0x1cb1274c711a6c2e4e1596846e6ac604eeefb358,56.465136,1773046535,37fc219fe3de9b8fbfdf981b6f151cacc62a838a03ff8dccccae2576cffd706b,181,90.50,4.66,1,6,5,0.024695,0.490804,TopoStake,pog(D=3_omega=0.80_beta=0.50),1.52,2230,0
446,3,0x54f496e5c1d9f95a916cf7f5b62e9c98e64a3dc5,8.012011,1773046537,307d7121c6972184dfae65b6c5d9b7a4f668c07dd30f49c53b0df357f86aef9f,226,75.33,3.52,1,5,4,0.024695,0.490952,TopoStake,pog(D=3_omega=0.80_beta=0.50),2.56,2231,0
446,4,0x4414c05be2cf328f38d2e3ef4b705d6b894f044a,24.090567,1773046540,67a1f5106f351c53b546e11bc1786614a651a949635154552016a7a4726d8ced,208,104.00,4.25,1,5,4,0.024677,0.490508,TopoStake,pog(D=3_omega=0.80_beta=0.50),2.48,2232,0
447,0,0xe478b1e4d1538274c0c70cbd7df877f9abab2f62,13.280474,1773046541,d5204bb56443b6f3deeebc27c8b48ac5473e5f59adcab2389dfd7f5af0f9c119,192,96.00,4.00,1,5,4,0.024665,0.490530,TopoStake,pog(D=3_omega=0.80_beta=0.50),2.52,2233,0
447,1,0x24898fcb116b48cb2b6fd5d3b4eb599fee0f4633,67.126309,1773046543,e32dba6e78fb069dafe297ea6826556b6d639b193a4451813e67abe258bb5eb5,111,111.00,3.77,1,5,4,0.024649,0.490280,TopoStake,pog(D=3_omega=0.80_beta=0.50),1.94,2234,0
447,2,0x1cb1274c711a6c2e4e1596846e6ac604eeefb358,57.466340,1773046545,d7ad9e434722d62ebee989b79d319099a2327bca576d2ff660dc900de3d534ac,250,125.00,3.50,1,5,4,0.024653,0.490446,TopoStake,pog(D=3_omega=0.80_beta=0.50),2.16,2235,0
447,3,0x016d3fc36beee7caa8fbd6c1caa42461dd7f9850,65.970544,1773046547,ad8104525898a565793fa8bf6cb965b50a1838e082526297bf72f19d39cfdd5c,234,117.00,3.56,2,5,4,0.024653,0.490594,TopoStake,pog(D=3_omega=0.80_beta=0.50),1.84,2236,0
447,4,0x13f9dadc05f6c237b03411e2aed1800cf21a5d89,119.489416,1773046549,6f7c9ee3c41dda7cef4ea95e80201feddf1b6c4a65ddb8790e26e27c86f9ced9,196,98.00,3.13,1,4,3,0.024657,0.490751,TopoStake,pog(D=3_omega=0.80_beta=0.50),1.46,2237,0
448,0,0x1796dc61e715f15a2d27dfa32bd34780f12a8c24,95.854733,1773046551,ca4c8a926aac496debd1e98219aefa48cabfae654ec07ab851561920d4483591,200,100.00,3.15,1,5,3,0.024657,0.490751,TopoStake,pog(D=3_omega=0.80_beta=0.50),1.55,2238,0
448,1,0x26d553a2f4343b3a7dc88bbd87b3d0a25d3838d9,23.223807,1773046553,7bfe19fb2d25209c3ffee89393c8910b7e4a7f2a7569e2994374901fe08503aa,194,64.67,3.29,1,5,3,0.024696,0.491142,TopoStake,pog(D=3_omega=0.80_beta=0.50),2.52,2239,0
448,2,0xaadc5fea232580cb8fba739ac5d05a48559c7e52,20.345685,1773046556,3a881b17bb4a1e7904fe30427fedda3a533fd3fe5325fa996ef3bb8d80572177,201,100.50,3.75,1,5,4,0.024684,0.491146,TopoStake,pog(D=3_omega=0.80_beta=0.50),2.45,2240,0
448,3,0x016d3fc36beee7caa8fbd6c1caa42461dd7f9850,66.971549,1773046557,1dd04977d3c92477118ad5c7f45672d6e2992ec8317f0d0b6db85338faaf7370,204,102.00,4.26,1,6,4,0.024670,0.491064,TopoStake,pog(D=3_omega=0.80_beta=0.50),2.46,2241,0
448,4,0x07902d0371763a00d97ed9ba16ff0a206cb0fd19,187.864844,1773046559,49f836325b274babc91d608899031fc433882803a7fa41f2536f55996de7e76f,131,131.00,2.94,1,4,3,0.024674,0.491220,TopoStake,pog(D=3_omega=0.80_beta=0.50),1.60,2242,0
449,0,0xd61b00c297972877b45f8d7f4d67fdaf20c67c59,11.309871,1773046561,73d5150623f48c66bc58eca6f3da1d815909128b31a8b80c98b872afe4c03d82,237,118.50,2.79,1,4,3,0.024723,0.491437,TopoStake,pog(D=3_omega=0.80_beta=0.50),1.71,2243,0
449,1,0x3513d672439a59c26cc5711f2b715ccb4810a774,30.304430,1773046563,945821b5860f5731099bf291b630ef0f6348aa7dab63012f9baf19bdf681cad4,172,86.00,4.31,1,6,4,0.024707,0.491119,TopoStake,pog(D=3_omega=0.80_beta=0.50),1.67,2244,0
449,2,0x016d3fc36beee7caa8fbd6c1caa42461dd7f9850,67.972213,1773046565,3abfe6b85b5e66d7eaa543b993b2d4211f0c07ea551a399bdc89ee6ea37ab3ed,250,125.00,3.89,1,5,4,0.024697,0.491179,TopoStake,pog(D=3_omega=0.80_beta=0.50),1.73,2245,0
449,3,0x4414c05be2cf328f38d2e3ef4b705d6b894f044a,25.091453,1773046567,bba525628e6dbaf77ded3ea75ecc90c0d76869669bd45e0de92e5655f19e6b74,99,49.50,3.19,2,4,3,0.024701,0.491342,TopoStake,pog(D=3_omega=0.80_beta=0.50),1.02,2246,0
449,4,0xb990cdf21950e6086c350175c4bc504e45858230,23.117759,1773046569,cc2c442dd3a42c45e2dce1c7701ea0343f054e0de7f88806b4162a43a450190d,204,68.00,3.93,1,5,4,0.024689,0.491368,TopoStake,pog(D=3_omega=0.80_beta=0.50),2.49,2247,0
450,0,0x0d91704595bff3aec25d40822498a51c62b05e3a,76.676621,1773046571,588cca5b984f8d46b9bbd7689c63ade9ba02faaa099d089ebaef4537b5f046e0,218,109.00,3.96,1,5,4,0.024677,0.491361,TopoStake,pog(D=3_omega=0.80_beta=0.50),2.50,2248,0
450,1,0x1cb1274c711a6c2e4e1596846e6ac604eeefb358,58.467541,1773046573,fb829107bc4109e4b13c830ce3603a1723d35d62a4bec611eb2d44247a1e9ec6,132,132.00,2.97,1,5,3,0.024684,0.491534,TopoStake,pog(D=3_omega=0.80_beta=0.50),1.86,2249,0
450,2,0x13f9dadc05f6c237b03411e2aed1800cf21a5d89,120.490958,1773046575,938c47bd343a9ac573c5f17faaf3bbd488c4e9ccbf927f4c4f9ff47bce2d5305,229,114.50,3.43,1,5,4,0.024685,0.491681,TopoStake,pog(D=3_omega=0.80_beta=0.50),2.11,2250,0
450,3,0xa7e4d4d949807065ebf85adc1be8c382c7236c15,7.193076,1773046577,cd3d64eeab826ec60e119bf25c6780cf85762f2bed226dc0a666ff9dbaaf1d42,250,125.00,3.12,1,5,3,0.024709,0.491879,TopoStake,pog(D=3_omega=0.80_beta=0.50),1.85,2251,0
450,4,0x8d9e46becf415ca26aa698c9657087e6554aabda,15.375218,1773046579,a6f1931cf9a8f697b9dbfe1f249f570b4202f9e16e002f5fa247174ce4e4a88c,220,110.00,3.94,1,6,4,0.024690,0.491423,TopoStake,pog(D=3_omega=0.80_beta=0.50),1.63,2252,0
451,0,0xea287b266dbe2c2d402fd91814bcfc4c95d6b0fd,14.140125,1773046581,5bb0508580e3db7346ab912a3993c320e26f48eb739784b6b285b1ecbe84772b,206,103.00,3.68,1,5,4,0.024675,0.491215,TopoStake,pog(D=3_omega=0.80_beta=0.50),1.50,2253,0
451,1,0xb990cdf21950e6086c350175c4bc504e45858230,24.118749,1773046583,36e4e67590b8e12ad85b92a4904c4ba067262366de040a1001fdf95abbee6b36,204,68.00,4.14,1,6,4,0.024659,0.490990,TopoStake,pog(D=3_omega=0.80_beta=0.50),2.46,2254,0
451,2,0x0d91704595bff3aec25d40822498a51c62b05e3a,77.677342,1773046586,ab22ab9de07e3c6089532237088fc08e35ec862ff014bb589f138418293f2ee6,190,95.00,3.92,1,5,4,0.024647,0.491003,TopoStake,pog(D=3_omega=0.80_beta=0.50),2.45,2255,0
451,3,0x30509a8084fdfe6fe24d9c9a817c209ad194f8e3,84.768999,1773046587,f58545729295576c69aeeddbd04025f38bd7030f3e2a25f1843d8a63d5f283c5,200,100.00,3.25,1,5,3,0.024655,0.491175,TopoStake,pog(D=3_omega=0.80_beta=0.50),2.48,2256,0
451,4,0x07902d0371763a00d97ed9ba16ff0a206cb0fd19,188.866939,1773046589,eea4fd1432351425222eb6a5ef74b1df260e3755cd282b006b0d72bc144fd909,116,116.00,3.23,1,5,3,0.024665,0.491356,TopoStake,pog(D=3_omega=0.80_beta=0.50),1.83,2257,0
452,0,0x07902d0371763a00d97ed9ba16ff0a206cb0fd19,189.868169,1773046591,a8fdb805722d578e56bc05ca72171c0c6f5592f8b46315d81589ce2f7660c0ad,250,125.00,2.82,1,4,3,0.024715,0.491572,TopoStake,pog(D=3_omega=0.80_beta=0.50),2.06,2258,0
452,1,0x34d94cc0534eb50dec7956bea31407428d6d5ef8,7.057159,1773046593,bccfdd5fa335a175b38d483834a125a2f183ec96228d81d47da3205356304390,250,125.00,2.79,1,4,3,0.024764,0.491787,TopoStake,pog(D=3_omega=0.80_beta=0.50),1.76,2259,0
452,2,0x269cdf52f97e1d9f14b7be895155a7b294f0b21d,33.746854,1773046595,4694970bdb4ce9f8b7eb60d9e02118be2e9f9304c2c62de19537b51a053d3e71,220,110.00,3.74,1,5,4,0.024745,0.491321,TopoStake,pog(D=3_omega=0.80_beta=0.50),1.54,2260,0
452,3,0x24898fcb116b48cb2b6fd5d3b4eb599fee0f4633,68.127625,1773046597,02962fd82daf4304741253af82f44d75ebf4d676adb0005539598dfaa3796f7d,189,94.50,3.72,1,5,4,0.024737,0.491416,TopoStake,pog(D=3_omega=0.80_beta=0.50),1.52,2261,0
452,4,0x7e40df5d801345015e84c843908efc6683665fa4,20.661696,1773046599,fea7bf448841c75ae22a42433a6c4aa169141182e0f51a74624454c818cff0c8,205,68.33,3.70,1,5,4,0.024741,0.491572,TopoStake,pog(D=3_omega=0.80_beta=0.50),2.45,2262,0
453,0,0x07902d0371763a00d97ed9ba16ff0a206cb0fd19,190.869587,1773046602,ef4133f83c15f3d41dc774290f757c8418d7cadd26859588169d96cd497468cf,218,109.00,3.38,1,5,3,0.024727,0.491489,TopoStake,pog(D=3_omega=0.80_beta=0.50),2.53,2263,0
453,1,0x1796dc61e715f15a2d27dfa32bd34780f12a8c24,96.855955,1773046603,c8c2ef8d6b6c77547c30a76cdbf0da4afeac8121670b71d6e27dd6753b935115,215,107.50,2.62,1,4,3,0.024777,0.491703,TopoStake,pog(D=3_omega=0.80_beta=0.50),2.36,2264,0
453,2,0x30509a8084fdfe6fe24d9c9a817c209ad194f8e3,85.769638,1773046605,c80c474f4729a45a56c6b095dadc46337d798273baa811dfaea58d420c76f75a,123,123.00,3.11,1,5,3,0.024792,0.491892,TopoStake,pog(D=3_omega=0.80_beta=0.50),1.63,2265,0
453,3,0x282f43759e22b50aa7989261c51c367f325c3f91,23.355635,1773046607,2a0c5c6f2324855679aa1a36fba29e917798528fb78b88dc827c4a74ca704748,211,105.50,3.35,1,5,3,0.024802,0.492072,TopoStake,pog(D=3_omega=0.80_beta=0.50),1.76,2266,0
453,4,0x075e1d95c7891e1c00414ca1aa9a7a8cf6270019,127.348942,1773046609,e28e5d3614bf480cde5bf025bd3a1e4f8b4a9df929880a8c6e2ce5f018890fbd,207,103.50,3.79,1,6,4,0.024790,0.492061,TopoStake,pog(D=3_omega=0.80_beta=0.50),1.59,2267,0
454,0,0x53be6e527cc5a7d850b5eae27b9cef342e0665f2,34.066975,1773046611,b429057678910f083347ba89306056f433f0beca6e3c0cfe2e8f8c96a0120210,198,99.00,3.12,1,5,3,0.024790,0.492061,TopoStake,pog(D=3_omega=0.80_beta=0.50),1.55,2268,0
454,1,0x3d92e045fb1847aae132b40ebfcc471a32f687de,19.122465,1773046613,cdd6ded15efdf82ad7fb14fa927e8dcdc3a4e9be8dabd7288ba35e9d3a48eaa9,192,96.00,3.48,1,5,4,0.024807,0.492365,TopoStake,pog(D=3_omega=0.80_beta=0.50),1.49,2269,0
454,2,0xa7e4d4d949807065ebf85adc1be8c382c7236c15,8.193995,1773046616,03e1778cf2cd28b14ea0064b36f804a3d210a30e8f562ff895513a9a06a3e3b1,190,63.33,3.89,1,5,4,0.024793,0.492262,TopoStake,pog(D=3_omega=0.80_beta=0.50),2.53,2270,0
454,3,0x30509a8084fdfe6fe24d9c9a817c209ad194f8e3,86.770723,1773046617,b5def02f6f041bbfdb174c079ce7d41f1ff82320dd1849f7ab6fd78886250a3b,191,95.50,3.96,1,6,4,0.024775,0.491820,TopoStake,pog(D=3_omega=0.80_beta=0.50),2.48,2271,0
454,4,0xa5a12d96532497871d73549e55ab377e3dcb3a40,19.098226,1773046619,78f9435a0f3ba18435e58afe73e4a7071eba7358ec95f74e7b442793439e0f9d,99,99.00,3.34,2,5,3,0.024786,0.491999,TopoStake,pog(D=3_omega=0.80_beta=0.50),1.84,2272,0
455,0,0x786f26993bf015cd2da6fb5d3ccd1879e01246ab,22.286693,1773046621,6c5069aef620cd11cf0c7d268d6eb186c8f0afb11c18fe108dea2b7b1bb10042,195,97.50,4.16,1,6,4,0.024772,0.491888,TopoStake,pog(D=3_omega=0.80_beta=0.50),2.29,2273,0
455,1,0xa447d277b02012c2afd9ddcbbe123f27cc971963,16.800445,1773046623,3758757afbe5daaad07ef985de09c3e322ea9f1865afbc860c0b805d5cfa9f7f,250,125.00,4.01,1,5,4,0.024759,0.491854,TopoStake,pog(D=3_omega=0.80_beta=0.50),2.01,2274,0
455,2,0xe6ebb0cdfd04183d498964e5efc4096ba77b17d6,17.276970,1773046625,d401db3a27d93584e1c9ed82263f1a07d7a5e88cfe32fe56ab4e3a9363dd4562,211,105.50,3.51,1,5,4,0.024744,0.491707,TopoStake,pog(D=3_omega=0.80_beta=0.50),1.63,2275,0
455,3,0x075e1d95c7891e1c00414ca1aa9a7a8cf6270019,128.350045,1773046627,c00d361815b016f11f89c9702ccbac4914a79b7c64ea1b2c34609130bde733a2,187,93.50,4.04,1,6,4,0.024729,0.491565,TopoStake,pog(D=3_omega=0.80_beta=0.50),1.48,2276,0
455,4,0x53be6e527cc5a7d850b5eae27b9cef342e0665f2,35.067880,1773046629,5001a499b53120692a1e9847e99122e916ea42460441a7e3ae5f508411184e2a,216,72.00,3.12,1,5,3,0.024755,0.491770,TopoStake,pog(D=3_omega=0.80_beta=0.50),2.55,2277,0
456,0,0x7e40df5d801345015e84c843908efc6683665fa4,21.662581,1773046632,98bedc86df1af3935912c32c032ff5ab98f11d310bdf3f583260aa08628f1334,193,96.50,3.44,1,5,4,0.024747,0.491884,TopoStake,pog(D=3_omega=0.80_beta=0.50),2.45,2278,0
456,1,0xfb35fdafcfc84561a42700a4a1c274edeb75bdc1,6.030922,1773046634,2e59597e1d0beebe259edee18493c10ec55b0bf1ea72ab9a6091d7b9baaf72d0,219,109.50,3.41,1,5,3,0.024734,0.491820,TopoStake,pog(D=3_omega=0.80_beta=0.50),2.45,2279,0
456,2,0x4ba33404d90c4ae989714d9d174cd882cffb7994,9.092048,1773046636,fdbaf48cfb2616c48c49abb611e5327e1af3c075d6e9f5ddb85601665c163580,183,91.50,3.88,1,5,4,0.024715,0.491333,TopoStake,pog(D=3_omega=0.80_beta=0.50),2.38,2280,0
456,3,0x13f9dadc05f6c237b03411e2aed1800cf21a5d89,121.493531,1773046638,93c7a93909581fb02532d668bd8a4ec4406a985b2c7c1d477b6870405f840e78,195,97.50,4.40,1,6,4,0.024698,0.490951,TopoStake,pog(D=3_omega=0.80_beta=0.50),2.28,2281,0
456,4,0x719361397abe003a91af76243e5f9c7a0cd4279f,34.558739,1773046640,7017fd1c2d097b60b8f16ac716806b5f642917bbc851bff7410211a71379d4e7,250,125.00,3.00,1,5,3,0.024721,0.491148,TopoStake,pog(D=3_omega=0.80_beta=0.50),2.04,2282,0
457,0,0x311eb133eb413ac3f21249889bb101e5d40820ce,17.121674,1773046642,454c70e3ba8061152be340f8feaa942dc156e5b4929cb1fdf42f5c03272aa336,216,108.00,3.76,1,5,4,0.024713,0.491248,TopoStake,pog(D=3_omega=0.80_beta=0.50),1.74,2283,0
457,1,0x3513d672439a59c26cc5711f2b715ccb4810a774,31.305341,1773046644,00330a4ee04606cf39beee1fa25388b7e53cdec4f89377ec652190f0e626603f,220,110.00,3.57,1,5,4,0.024698,0.491097,TopoStake,pog(D=3_omega=0.80_beta=0.50),1.50,2284,0
457,2,0x30405867b72597aaeb27803bb2c7f3f5fc7d5384,16.507811,1773046646,0471700877363035ec33cb4b751712b48c90af29b13cf13b76a8b78d4adfe241,176,58.67,3.84,2,5,4,0.024689,0.491159,TopoStake,pog(D=3_omega=0.80_beta=0.50),2.53,2285,0
457,3,0x1796dc61e715f15a2d27dfa32bd34780f12a8c24,97.856981,1773046649,b5eb8cb3ff82e854e896b63620e029e25058daa2fe6f398fc03e5f029595f3eb,207,103.50,3.49,1,5,4,0.024674,0.490989,TopoStake,pog(D=3_omega=0.80_beta=0.50),2.48,2286,0
457,4,0x81193196c1dbdbf80709d43a5af5ce21c201fbd7,16.822597,1773046651,7160a6664bb2929b3b6d48aba553f086added95d3c4c708f3d4083a2eee104b2,195,97.50,3.16,1,5,3,0.024689,0.491177,TopoStake,pog(D=3_omega=0.80_beta=0.50),2.37,2287,0
458,0,0x49b57eb4dace37c8819daf079c9c674f766d4f38,34.250069,1773046653,82057e83e12188009d4440696960dcee94336be0f8a22aa88355dce8c9e0de4a,216,108.00,3.89,1,6,4,0.024674,0.491007,TopoStake,pog(D=3_omega=0.80_beta=0.50),2.33,2288,0
458,1,0xa3786e459f289a76c0e8af8ad834e3d0c6d47199,22.717865,1773046655,387bcf8e7c0e0b1235d3ae74f405674d65196a7e956c07713e2805fbda906edb,235,117.50,3.85,1,6,4,0.024665,0.491097,TopoStake,pog(D=3_omega=0.80_beta=0.50),2.05,2289,0
458,2,0x71f297f96355f349d66f0e9b681e7d4e11224660,9.149728,1773046657,289ae787830fc8bb3f931e7a02c7ad353c32d38b516a7e9bd80e15e6fe5e1cd9,227,113.50,4.32,2,6,4,0.024653,0.491066,TopoStake,pog(D=3_omega=0.80_beta=0.50),1.85,2290,0
458,3,0x3513d672439a59c26cc5711f2b715ccb4810a774,32.306188,1773046659,8427dd0174cb92013e8cb8e513b20212f1490e8408b0b6efc88e96ec6671affe,216,108.00,4.02,1,5,4,0.024653,0.491066,TopoStake,pog(D=3_omega=0.80_beta=0.50),1.60,2291,0
458,4,0xc774b0fee7cabbef3b1ae14bf36db3df0d32c1df,10.150434,1773046661,12aaa759be6b24e299c7e7b1ff509f03324cb46846e27835049eab8675d8dc5a,182,91.00,3.85,2,5,4,0.024644,0.491134,TopoStake,pog(D=3_omega=0.80_beta=0.50),1.51,2292,0
459,0,0x13f9dadc05f6c237b03411e2aed1800cf21a5d89,122.495299,1773046664,cb098ac6d730143a6d8dbf0131f60531db4ffeed68d410f151911be14f551e01,199,66.33,3.98,2,5,4,0.024627,0.490791,TopoStake,pog(D=4_omega=0.80_beta=0.50),2.52,2293,0
459,1,0x30509a8084fdfe6fe24d9c9a817c209ad194f8e3,87.771585,1773046665,2f3c9b4cf50f21ebe219c6ec811f48b20e91b1e59d638af5bc599328293910bc,201,100.50,2.99,1,4,3,0.024650,0.490986,TopoStake,pog(D=4_omega=0.80_beta=0.50),2.46,2294,0
459,2,0x49b57eb4dace37c8819daf079c9c674f766d4f38,35.251196,1773046667,a32ad017040bba6305997d10cd53f3f37398ab009082769354faf5825f7c1102,107,107.00,3.22,1,4,3,0.024661,0.491164,TopoStake,pog(D=4_omega=0.80_beta=0.50),1.81,2295,0
459,3,0x1796dc61e715f15a2d27dfa32bd34780f12a8c24,98.858169,1773046669,013ae012a6e7bb945a59f882c585269ce41113d587f6515e280d4a50de3f2bfb,214,107.00,3.97,1,6,4,0.024653,0.491269,TopoStake,pog(D=4_omega=0.80_beta=0.50),2.19,2296,0
459,4,0xa5a12d96532497871d73549e55ab377e3dcb3a40,20.098808,1773046671,6f9f06ba4dafa3e92232ca9bff9642f71dbed548487689a7a91bf47b4fb5aedc,240,120.00,3.35,2,5,3,0.024668,0.491456,TopoStake,pog(D=4_omega=0.80_beta=0.50),1.96,2297,0
460,0,0xdb45667100590f9cfe78a899c3b02c5cd37008f1,32.054796,1773046673,7bf5f275c6d589e636b513e09164bba907de9d6b1727f45be0583c26f9d059d2,169,84.50,4.07,1,5,4,0.024654,0.491362,TopoStake,pog(D=3_omega=0.80_beta=0.50),1.52,2298,0
460,1,0x0d91704595bff3aec25d40822498a51c62b05e3a,78.679142,1773046675,53950c9d89d423006d61ac2c2ca7414154b0c986f55593f923c221bf6d7c8375,196,98.00,4.18,1,6,4,0.024645,0.491421,TopoStake,pog(D=3_omega=0.80_beta=0.50),1.56,2299,0
460,2,0x07902d0371763a00d97ed9ba16ff0a206cb0fd19,191.873342,1773046677,8b53ef034639cd0982d468edc17f9c9fd9688688759adaf15f706ceaeea7c710,213,71.00,3.30,1,5,3,0.024653,0.491591,TopoStake,pog(D=3_omega=0.80_beta=0.50),2.48,2300,0
460,3,0x07902d0371763a00d97ed9ba16ff0a206cb0fd19,192.874302,1773046679,6660a6ab031de9c5acc4032fe6f019f60caf476e7c42d2982a4829346c903cae,194,97.00,2.79,1,4,3,0.024701,0.491802,TopoStake,pog(D=3_omega=0.80_beta=0.50),2.51,2301,0
460,4,0x4a217e35f6402e7f62a49f6d62e27c6585c2f3fd,18.478396,1773046681,ebcbb585d064a3e7564e8d3b7890614b37aab8dec75efacd4905deba487c61f6,129,129.00,2.56,1,4,3,0.024749,0.492013,TopoStake,pog(D=3_omega=0.80_beta=0.50),1.81,2302,0
461,0,0x81d019380961f92c2031b0a7fba69f7675145088,10.469146,1773046683,a5dcac9e31ee5f451bba59d151f45b09bb1821abf63fba1a4bfefa986c883ff3,190,95.00,3.59,1,5,4,0.024735,0.491891,TopoStake,pog(D=3_omega=0.80_beta=0.50),2.06,2303,0
461,1,0x6d6b2734a20229ddd7fd4a1470ba3e3bad4e4a85,13.622108,1773046685,f329e326b093311ba4f30d6696d673db713b59fa80b0de5aae7663d0f8350e27,239,119.50,3.75,2,5,4,0.024718,0.491549,TopoStake,pog(D=3_omega=0.80_beta=0.50),1.86,2304,0
461,2,0x075e1d95c7891e1c00414ca1aa9a7a8cf6270019,129.352449,1773046687,63c8ecfe08fc4f5c0a8080f199fb5f461e1eaebb4a8c269bdb1185bae6c8ae6c,201,100.50,3.77,1,5,4,0.024702,0.491309,TopoStake,pog(D=3_omega=0.80_beta=0.50),1.57,2305,0
461,3,0x7e40df5d801345015e84c843908efc6683665fa4,22.663411,1773046689,073729106cb7d5573e70201ebf83693b4f8116a0f36c9c531085b9cbb689fedc,203,101.50,3.17,1,5,3,0.024728,0.491512,TopoStake,pog(D=3_omega=0.80_beta=0.50),1.52,2306,0
461,4,0xdcf2130496e27a8094ab996aea4aa77788d65869,27.508551,1773046691,a458faa4f8d73f4fb5ceeb37ead552c2924055d393462a3623345d3932ee02c4,170,56.67,3.41,1,5,3,0.024715,0.491471,TopoStake,pog(D=3_omega=0.80_beta=0.50),2.50,2307,0
462,0,0xa9a524611994a27dd3134d643379aa14edf7cb39,5.065173,1773046694,212a3c276079c743ddc23a649c045a2e50b7c4532a52a081a99389e14b1789d6,203,101.50,3.95,1,5,4,0.024704,0.491520,TopoStake,pog(D=3_omega=0.80_beta=0.50),2.50,2308,0
462,1,0x52e05d9fa4faa167f30baba23c710e4f49115288,22.149787,1773046696,da75d5934cb6c1a8f7907999086c6b8d5e50531881fd2da1780449b8a18bdf60,205,102.50,3.72,1,5,4,0.024685,0.490995,TopoStake,pog(D=3_omega=0.80_beta=0.50),2.50,2309,0
462,2,0x30509a8084fdfe6fe24d9c9a817c209ad194f8e3,88.772371,1773046698,129cafe5c585589f42f14fcf718629f947df7353db39853124cb6fcea86c2740,190,95.00,3.92,1,5,4,0.024673,0.490939,TopoStake,pog(D=3_omega=0.80_beta=0.50),2.37,2310,0
462,3,0xcb7977f4997b4252c0152e135dd79b3cfe35c1a5,3.592544,1773046700,73d28d290c27d908e4dde278f2c0874de32d0217b6a84340fdd6e2fe1e9d7d78,250,125.00,3.28,1,5,3,0.024684,0.491116,TopoStake,pog(D=3_omega=0.80_beta=0.50),2.16,2311,0
462,4,0x13f9dadc05f6c237b03411e2aed1800cf21a5d89,123.497117,1773046702,d97ea6a32ba62ef75cd04a8a68b11704cd90d0e161e6b7564d74af1ec0c3a3db,224,112.00,4.04,1,5,4,0.024664,0.490547,TopoStake,pog(D=3_omega=0.80_beta=0.50),1.92,2312,0
463,0,0x1cb1274c711a6c2e4e1596846e6ac604eeefb358,59.468873,1773046704,7d7366ee42eec7a83bf6288a0b0e9d65c901110e2b8af7607e1f187fa38d672e,202,101.00,3.16,1,5,3,0.024687,0.490741,TopoStake,pog(D=3_omega=0.80_beta=0.50),1.70,2313,0
463,1,0x71f297f96355f349d66f0e9b681e7d4e11224660,9.149349,1773046706,6592f9d0675237b0b8096fc8a0eb934ee147b203f4caceaf16eac6c8db0edff4,165,82.50,3.56,2,5,4,0.024688,0.490884,TopoStake,pog(D=3_omega=0.80_beta=0.50),1.58,2314,0
463,2,0x1796dc61e715f15a2d27dfa32bd34780f12a8c24,99.859553,1773046709,66fe3a40abc7fec27615fa4edf7b98bd19ed435f6afa18a6ae38b9410db93554,201,67.00,3.83,1,5,4,0.024671,0.490503,TopoStake,pog(D=3_omega=0.80_beta=0.50),2.56,2315,0
463,3,0xb7b4ee0a72bc410bf6d32b9cd3f3e11fc756d6f1,5.051554,1773046710,5aa822a921f05161d7ad2be285e1668147fc61533b9ef721217da7f8cfb5a13c,216,108.00,3.39,1,5,3,0.024685,0.490688,TopoStake,pog(D=3_omega=0.80_beta=0.50),2.41,2316,0
463,4,0xbc3f8508d26048f2064aa8c068f4c94d08d77d18,15.047631,1773046712,e580f8867128905ea4c45209877e7600b47d9ffb247d54239b81e9b1d797c81f,92,92.00,3.88,2,6,4,0.024667,0.490157,TopoStake,pog(D=3_omega=0.80_beta=0.50),1.93,2317,0
464,0,0x311eb133eb413ac3f21249889bb101e5d40820ce,18.122219,1773046714,81af0a8b869b5db4284ec845dd6bb389bd4b8517bd5c860878428b187c3361dd,205,102.50,4.24,1,6,4,0.024651,0.489947,TopoStake,pog(D=3_omega=0.80_beta=0.50),2.42,2318,0
464,1,0xeb82a21cb3d0dd781eb22ad74bb7cd9b4d2a06ec,13.902676,1773046716,79dac75c1663fd4c37dabc3b041a8fb85ca98607847a77d00b7cb687a891c63c,250,125.00,3.59,1,5,4,0.024637,0.489813,TopoStake,pog(D=3_omega=0.80_beta=0.50),2.13,2319,0
464,2,0x075e1d95c7891e1c00414ca1aa9a7a8cf6270019,130.354059,1773046718,1e0e72072238bf70aad51df8de04dbfb42728c2272b21b04e5b14da3a7347652,250,125.00,3.97,1,6,4,0.024637,0.489814,TopoStake,pog(D=3_omega=0.80_beta=0.50),1.81,2320,0
464,3,0x1cb1274c711a6c2e4e1596846e6ac604eeefb358,60.469553,1773046720,0f494159492cc283e4c8cf1c14db221dc3d6b62cf21e7ffccb699309b105d36b,112,56.00,3.22,1,5,3,0.024663,0.490016,TopoStake,pog(D=3_omega=0.80_beta=0.50),1.21,2321,0
464,4,0x34412315480562da4810040fd15c81f99880e1ab,12.876589,1773046722,fde440c0219feeb6093eabe15a8711786de3ef7efebc04176298c9268af8cc2b,210,70.00,3.50,1,5,4,0.024664,0.490159,TopoStake,pog(D=3_omega=0.80_beta=0.50),2.53,2322,0
465,0,0x3513d672439a59c26cc5711f2b715ccb4810a774,33.306898,1773046725,249dba03605a922f3263c892069c9e5fdaf4e5efe6bf053934db266ac126d7b4,206,103.00,4.11,1,6,4,0.024648,0.489892,TopoStake,pog(D=3_omega=0.80_beta=0.50),2.40,2323,0
465,1,0xd39dbd3662315e3935ec08e6b6028e73b3c09de2,5.891477,1773046727,4e0681b48c42afcf9d8ba6bbc6c474dd55c7b2b11043bf83d775e0f82154414f,189,94.50,3.73,1,5,4,0.024639,0.489961,TopoStake,pog(D=3_omega=0.80_beta=0.50),2.45,2324,0
465,2,0xd61b00c297972877b45f8d7f4d67fdaf20c67c59,12.309277,1773046729,1ff5de7f15bb7b427803e0dff01c50f2d31434537bcda2e19845d0b90753361b,191,95.50,4.44,1,6,5,0.024620,0.489469,TopoStake,pog(D=3_omega=0.80_beta=0.50),2.44,2325,0
465,3,0x07902d0371763a00d97ed9ba16ff0a206cb0fd19,193.876913,1773046731,c8a6e39735ef44928f54f204276c6f55e68370518c6c6aa19bd81f73a0c0f948,235,117.50,4.40,1,6,5,0.024604,0.489181,TopoStake,pog(D=3_omega=0.80_beta=0.50),2.20,2326,0
465,4,0x3513d672439a59c26cc5711f2b715ccb4810a774,34.307865,1773046733,c60fac594edf5b79cf3c5f2c79c5041646d9df8428ca47c73c47d480353db216,217,108.50,2.84,2,4,3,0.024652,0.489392,TopoStake,pog(D=3_omega=0.80_beta=0.50),1.86,2327,0
466,0,0xa447d277b02012c2afd9ddcbbe123f27cc971963,17.800924,1773046735,eb2cfbd9008ef5396bc4c9abacdf011f54aab5fd27707640ab8f212a6d19a7d5,200,100.00,3.81,1,5,4,0.024644,0.489472,TopoStake,pog(D=3_omega=0.80_beta=0.50),1.50,2328,0
466,1,0xd39dbd3662315e3935ec08e6b6028e73b3c09de2,6.892189,1773046737,58f2b7375f5c95bcde1be7a285717ca8ef8982e1dc81c269025478cbe012b5ec,166,83.00,3.53,1,5,4,0.024629,0.489326,TopoStake,pog(D=3_omega=0.80_beta=0.50),1.51,2329,0
466,2,0x7e40df5d801345015e84c843908efc6683665fa4,23.664011,1773046740,d20fdf7eaef1c82777e4e02feb679e16adb247df68b2644a803eb48c4b45ee50,223,74.33,4.42,1,6,5,0.024611,0.488864,TopoStake,pog(D=3_omega=0.80_beta=0.50),2.48,2330,0
466,3,0x07902d0371763a00d97ed9ba16ff0a206cb0fd19,194.878231,1773046741,a95f9b45bfc7da91f076ff5214f3e0c5e20214376cf407831ddf33c4ed6f0b5f,202,101.00,3.39,1,5,3,0.024599,0.488855,TopoStake,pog(D=3_omega=0.80_beta=0.50),2.53,2331,0
466,4,0x687bf2437a044a3e42ff2f8a79a8e54ba9601f70,17.055162,1773046743,bec873d9b616f24bdb32d52dcb7c85965e55f21b6b051496c93755793e20cf84,148,148.00,2.61,2,4,3,0.024647,0.489064,TopoStake,pog(D=3_omega=0.80_beta=0.50),1.75,2332,0
467,0,0xa3786e459f289a76c0e8af8ad834e3d0c6d47199,23.718282,1773046745,f04169c5aaea307474ad2fb57f14f376845c20599a33a160a5fc2530c8d229e9,204,102.00,3.74,1,5,4,0.024632,0.488896,TopoStake,pog(D=3_omega=0.80_beta=0.50),1.94,2333,0
467,1,0x53be6e527cc5a7d850b5eae27b9cef342e0665f2,36.068903,1773046747,9b811f623ab9f3b5200023ba62eb9f36890ed4d775b6d385c07f970bf43fb846,224,112.00,4.17,1,6,4,0.024620,0.488881,TopoStake,pog(D=3_omega=0.80_beta=0.50),1.77,2334,0
467,2,0x07902d0371763a00d97ed9ba16ff0a206cb0fd19,195.879127,1773046749,8e55a675acdb03f40df28cfc76cfb2a42db345530ba1ea3ed119858df9ce424b,234,117.00,3.47,1,5,4,0.024613,0.488997,TopoStake,pog(D=3_omega=0.80_beta=0.50),1.59,2335,0
467,3,0x49b57eb4dace37c8819daf079c9c674f766d4f38,36.251860,1773046751,887009e5a0f678c21c2e8a63b35fbbbe7f6f9b984546b2d54c4a40fb7ed7feb1,217,108.50,2.76,1,4,3,0.024660,0.489207,TopoStake,pog(D=3_omega=0.80_beta=0.50),1.50,2336,0
467,4,0x30509a8084fdfe6fe24d9c9a817c209ad194f8e3,89.773860,1773046754,00a5dc4d72388f6cdd655813471d01ad38574af0be24d13c9c90fc107b4d0c95,190,63.33,3.86,1,6,4,0.024653,0.489319,TopoStake,pog(D=3_omega=0.80_beta=0.50),2.41,2337,0
468,0,0x07902d0371763a00d97ed9ba16ff0a206cb0fd19,196.880248,1773046755,785563b852de9013c165c9014d69eb28b3b3cdd98dc8ee1f76456c19de4a32cb,205,102.50,3.38,1,5,3,0.024663,0.489495,TopoStake,pog(D=3_omega=0.80_beta=0.50),2.49,2338,0
468,1,0x408bb0bf84df50b21c53c74420987f172d4036a1,22.797300,1773046757,e73d3e18daf403c67db063c67c1181f3dd8e1d58c9ca802399a1d8d06d6492a1,142,142.00,2.65,1,4,3,0.024711,0.489704,TopoStake,pog(D=3_omega=0.80_beta=0.50),1.69,2339,0
468,2,0x30405867b72597aaeb27803bb2c7f3f5fc7d5384,17.508371,1773046759,640e07f4629c0bf2d4c97b2b6bd7e228cd6f6b06cd1ae34b2408d6e11450c4a9,231,115.50,3.64,1,5,4,0.024699,0.489656,TopoStake,pog(D=3_omega=0.80_beta=0.50),1.98,2340,0
468,3,0xa068e3c9a21c8d8be636cd2d285895979ec3262e,5.933446,1773046761,e8cffa893f5198f4824a54ecd19ee89049a43d898cce52ab002c5e621236a6e4,219,109.50,3.53,1,5,4,0.024685,0.489493,TopoStake,pog(D=3_omega=0.80_beta=0.50),1.74,2341,0
468,4,0x07902d0371763a00d97ed9ba16ff0a206cb0fd19,197.881148,1773046763,53fa6e10dfb55b18e529e704139e1a76ca2a88ad3123bb887327cd67fc903a8c,196,98.00,4.36,1,6,4,0.024666,0.488998,TopoStake,pog(D=3_omega=0.80_beta=0.50),1.49,2342,0
469,0,0x311eb133eb413ac3f21249889bb101e5d40820ce,19.123112,1773046765,7541e4d46d1f26804d7471a5f9b6c06880907234f0e5603405361cecefb5218b,222,111.00,2.75,1,4,3,0.024715,0.489207,TopoStake,pog(D=3_omega=0.80_beta=0.50),1.63,2343,0
469,1,0x13f9dadc05f6c237b03411e2aed1800cf21a5d89,124.499784,1773046768,54e9b21637057590d7a4b8edd50f29d60a81eb53b65cd1acb464dae9b31b121f,207,69.00,3.55,1,5,4,0.024701,0.489089,TopoStake,pog(D=3_omega=0.80_beta=0.50),2.49,2344,0
469,2,0x1796dc61e715f15a2d27dfa32bd34780f12a8c24,100.861099,1773046769,3d40f958cadd586f459065111885fe2891cf19ccccf8c84ad4b2d6f97d86750b,218,109.00,3.10,1,5,3,0.024723,0.489281,TopoStake,pog(D=3_omega=0.80_beta=0.50),2.44,2345,0
469,3,0xf82400c4f426bdbd2bc687ffef1f22c1a381c851,4.029120,1773046771,970b3ffe29edf2a2a0ae1b2ae542f3ab5e823d4d76f59ca46c9f3aabd4782638,112,112.00,3.22,1,5,3,0.024738,0.489465,TopoStake,pog(D=3_omega=0.80_beta=0.50),1.91,2346,0
469,4,0x54f496e5c1d9f95a916cf7f5b62e9c98e64a3dc5,9.011103,1773046773,126bc55f6d407c721c6a017d448d7b9cc18b723125ed16a82f021a1c47afe8fb,239,119.50,3.85,1,6,4,0.024719,0.488915,TopoStake,pog(D=3_omega=0.80_beta=0.50),2.25,2347,0
470,0,0x07902d0371763a00d97ed9ba16ff0a206cb0fd19,198.882516,1773046775,0d403a5c3f4276e23544e0b275bbf2441f00448d8bee875120e6b712e9895a13,198,99.00,4.12,1,5,4,0.024702,0.488523,TopoStake,pog(D=3_omega=0.80_beta=0.50),1.99,2348,0
470,1,0x1796dc61e715f15a2d27dfa32bd34780f12a8c24,101.861667,1773046777,02a600125f28ac93d2d47de16c0678a5505d9d6447d526763e11dcc9c99024e3,250,125.00,2.86,2,4,3,0.024702,0.488523,TopoStake,pog(D=3_omega=0.80_beta=0.50),1.78,2349,0
470,2,0x9ba702916c26a8583a7f277d6932b3c0d9927ce0,9.171211,1773046779,fa28d8594499c856747689e693a8c497c8ac672fbda1edf231fea8e92eb9fc8b,147,73.50,3.35,1,5,3,0.024717,0.488707,TopoStake,pog(D=3_omega=0.80_beta=0.50),1.29,2350,0
470,3,0x13f9dadc05f6c237b03411e2aed1800cf21a5d89,125.501089,1773046781,281a40c5eb5faeff11708294486e8eef72f888b458301af211e01a548fb8a9f2,181,60.33,3.61,1,5,4,0.024699,0.488318,TopoStake,pog(D=3_omega=0.80_beta=0.50),2.48,2351,0
470,4,0xf82400c4f426bdbd2bc687ffef1f22c1a381c851,5.030187,1773046784,8e8a32e8eab127a8a044d8a13579915691653f8297cbcd5bbf7fda10bb43058c,206,103.00,3.04,1,5,3,0.024722,0.488510,TopoStake,pog(D=3_omega=0.80_beta=0.50),2.45,2352,0
471,0,0x13f9dadc05f6c237b03411e2aed1800cf21a5d89,126.502115,1773046785,06a2d6b6ba15d0851d0f299c251c4d18f9c114b686b883c25590dee6e145c6f5,204,102.00,3.99,1,6,4,0.024704,0.487976,TopoStake,pog(D=3_omega=0.80_beta=0.50),2.52,2353,0
471,1,0x24898fcb116b48cb2b6fd5d3b4eb599fee0f4633,69.129235,1773046787,8ca8e67b3dbc4554636f6e166f04e978297f569ffd4f592526683372d05073af,176,176.00,2.94,2,5,3,0.024727,0.488168,TopoStake,pog(D=3_omega=0.80_beta=0.50),1.68,2354,0
471,2,0xd67aaaf210c0c36ddcb7055222d168b5c9dd1b36,2.149143,1773046789,0007d758f60dc1f448d54ac890a4c161745515526190a84369090e141180c59f,218,109.00,3.57,1,5,4,0.024730,0.488327,TopoStake,pog(D=3_omega=0.80_beta=0.50),1.74,2355,0
471,3,0xf6e059718dbd0a0956726ab97d06bad5efc6cd18,7.985149,1773046791,fb40123b0e75bcc4c7e06035291d128991a06539688c9e1c5f2dac9b4ce8ff3b,203,101.50,3.90,1,5,4,0.024711,0.487718,TopoStake,pog(D=3_omega=0.80_beta=0.50),1.59,2356,0
471,4,0x13f9dadc05f6c237b03411e2aed1800cf21a5d89,127.503093,1773046793,951fb2ce4ece4d5d3f5d93aa651369f8e988e40c288469315a657334ed5c9a61,213,106.50,3.64,1,5,4,0.024693,0.487280,TopoStake,pog(D=3_omega=0.80_beta=0.50),1.53,2357,0
472,0,0x377eaef292051bbf8ada05b2af76a3f3b9d722a7,37.083563,1773046795,6d9fef513116313a1883cfb232a8cc48e7d02905bf427cea5851af5c24c14d3c,219,109.50,3.12,1,5,3,0.024717,0.487472,TopoStake,pog(D=3_omega=0.80_beta=0.50),1.47,2358,0
472,1,0x30509a8084fdfe6fe24d9c9a817c209ad194f8e3,90.775213,1773046798,9eaf541a7e64caae86bb40b754bc264305474de38507d680064e6d8a5b87c40d,199,66.33,3.66,1,5,4,0.024709,0.487602,TopoStake,pog(D=3_omega=0.80_beta=0.50),2.50,2359,0
472,2,0x377eaef292051bbf8ada05b2af76a3f3b9d722a7,38.084496,1773046799,129661a0049c6fde9bd996f428dabbfd7242d9030a059a6730e50140d186af3d,206,103.00,3.42,1,5,4,0.024720,0.487777,TopoStake,pog(D=3_omega=0.80_beta=0.50),2.42,2360,0
472,3,0x3513d672439a59c26cc5711f2b715ccb4810a774,35.308659,1773046801,4aedcfa1a9143cad7be21121a7360091bcad9c8046c888e4d9a08ef6d2674d2d,130,130.00,3.55,1,5,4,0.024713,0.487910,TopoStake,pog(D=3_omega=0.80_beta=0.50),1.88,2361,0
472,4,0x13f9dadc05f6c237b03411e2aed1800cf21a5d89,128.504295,1773046803,80b1f66b1a59a186da45f3f7266db3efdc173c630ca6f214d727f88ca59ebd8c,228,114.00,3.71,1,5,4,0.024704,0.488005,TopoStake,pog(D=3_omega=0.80_beta=0.50),2.10,2362,0
473,0,0x28672c71695142588ed26ada6f4b18b8b6c12308,23.695066,1773046805,0a159066d5a097dd91696500a796b3d8d261c65c82254b8ce3551afc92113317,241,120.50,3.17,1,5,3,0.024728,0.488196,TopoStake,pog(D=3_omega=0.80_beta=0.50),1.79,2363,0
473,1,0xa7e4d4d949807065ebf85adc1be8c382c7236c15,9.193685,1773046807,0c22777d7c0d97e3067e81aa835a4e5e0be399be4a6f1c34f69bec8f8e292fd3,195,97.50,3.68,1,5,4,0.024728,0.488197,TopoStake,pog(D=3_omega=0.80_beta=0.50),1.54,2364,0
473,2,0x1796dc61e715f15a2d27dfa32bd34780f12a8c24,102.862646,1773046809,d1e5583033d34c55a260f491fe3019ee602688240ab005a27482eae9cb3a7ee1,203,101.50,3.95,1,6,4,0.024711,0.487803,TopoStake,pog(D=3_omega=0.80_beta=0.50),1.57,2365,0
473,3,0x1cb1274c711a6c2e4e1596846e6ac604eeefb358,61.470760,1773046811,a5906cc90fc4112f9bed0004e5bda19bef7186f29049051a509464514f7f6a89,202,67.33,3.30,1,5,3,0.024726,0.487986,TopoStake,pog(D=3_omega=0.80_beta=0.50),2.51,2366,0
473,4,0x4414c05be2cf328f38d2e3ef4b705d6b894f044a,26.090978,1773046813,7d0a9f7ffe0c439d940a2ebb5773eb8189f9c1eda329a02ac787e2e3f85be63f,195,97.50,3.43,1,5,4,0.024726,0.488128,TopoStake,pog(D=3_omega=0.80_beta=0.50),2.47,2367,0
474,0,0xeb82a21cb3d0dd781eb22ad74bb7cd9b4d2a06ec,13.901874,1773046815,4a1c3f759b843dac204cb75ba02341a84016ddf0a1218a37073c9b7dd386bdbc,108,108.00,3.94,2,5,4,0.024715,0.488159,TopoStake,pog(D=3_omega=0.80_beta=0.50),1.94,2368,0
474,1,0xf82400c4f426bdbd2bc687ffef1f22c1a381c851,6.030989,1773046817,873aa28e4a214ef5049ef4675ee8582c67bb293286dca0fc0df85868dfafd0a3,231,115.50,3.90,1,6,4,0.024700,0.487927,TopoStake,pog(D=3_omega=0.80_beta=0.50),2.18,2369,0
474,2,0x9c39f7fffaa5c5cfab20dfdd05663497918580c1,11.403798,1773046819,f5ff22e42330947de3ea1e49b7d02fdea61284d080f9fb03f673a63fdf4ce818,244,122.00,3.90,1,6,4,0.024681,0.487435,TopoStake,pog(D=3_omega=0.80_beta=0.50),1.92,2370,0
474,3,0x07902d0371763a00d97ed9ba16ff0a206cb0fd19,198.884161,1773046821,0ff76b0ad157fd58bc273e97089b62ca1385995258ac53730bce268991cb4da5,219,109.50,3.97,1,5,4,0.024665,0.487128,TopoStake,pog(D=3_omega=0.80_beta=0.50),1.68,2371,0
474,4,0x07902d0371763a00d97ed9ba16ff0a206cb0fd19,199.885111,1773046823,cd85ceb3c81fbbfd4b61b0f188dafd48d758a305a50c4e8be2d235c4d6bddd3d,194,97.00,2.80,1,4,3,0.024712,0.487335,TopoStake,pog(D=3_omega=0.80_beta=0.50),1.57,2372,0
475,0,0x4414c05be2cf328f38d2e3ef4b705d6b894f044a,27.091516,1773046825,2b0e3d840ab3c94e003017beee1d6cb146385e09bd07cd0736fdaffe33790794,184,92.00,2.75,1,4,3,0.024760,0.487542,TopoStake,pog(D=3_omega=0.80_beta=0.50),1.50,2373,0
475,1,0x34d94cc0534eb50dec7956bea31407428d6d5ef8,8.056413,1773046828,e887821e442dbaf673c6525f3c4c3c42e98b052a2bb1b65ca8bba609a2a0e95d,202,67.33,3.89,1,5,4,0.024749,0.487579,TopoStake,pog(D=3_omega=0.80_beta=0.50),2.46,2374,0
475,2,0x54f496e5c1d9f95a916cf7f5b62e9c98e64a3dc5,10.011646,1773046829,0635c86f52429f68be5aa76233c315d3a73580891ac2abc6cdc1c764789ca2be,196,98.00,3.68,1,5,4,0.024731,0.487137,TopoStake,pog(D=3_omega=0.80_beta=0.50),2.51,2375,0
475,3,0x213068cb42718d1dd6d00a6d94d62a3def0e68eb,16.357098,1773046831,f4329ff1be44697e299546e9a7d0f0bab842e54315453db1d6efad8aeb18c69a,90,90.00,4.23,1,5,5,0.024715,0.486787,TopoStake,pog(D=3_omega=0.80_beta=0.50),1.93,2376,0
475,4,0x07902d0371763a00d97ed9ba16ff0a206cb0fd19,200.886224,1773046833,753020471db59b67c62d4b922d56f23190c427e4e36e172d53ed5b764140fa4c,235,117.50,3.51,1,5,4,0.024700,0.486606,TopoStake,pog(D=3_omega=0.80_beta=0.50),2.03,2377,0
476,0,0x075e1d95c7891e1c00414ca1aa9a7a8cf6270019,131.356775,1773046835,1c89656d3016fef97520c9838cd72469f9083808f588eb053f647a9c2015d31e,241,120.50,2.94,1,4,3,0.024748,0.486813,TopoStake,pog(D=3_omega=0.80_beta=0.50),1.74,2378,0
476,1,0x37cc7a82e66d4f4c2ae13b9ee895d3af1a1d7a05,9.236121,1773046837,571558e19de884443f9c29db5aa034e8c081339542a2b256a000b9c7add22c6c,207,103.50,3.18,1,5,3,0.024772,0.487011,TopoStake,pog(D=3_omega=0.80_beta=0.50),1.46,2379,0
476,2,0xdb45667100590f9cfe78a899c3b02c5cd37008f1,33.054868,1773046839,a74603da7e02768ff2ec974df8fec64c53d5d8c4eb5e698e09578401fabeaf35,214,107.00,3.99,1,6,4,0.024755,0.486614,TopoStake,pog(D=3_omega=0.80_beta=0.50),1.51,2380,0
476,3,0x24898fcb116b48cb2b6fd5d3b4eb599fee0f4633,70.130319,1773046841,17705dadb373d09cf06d168681165a7c6e3fc73abd4d0990e574d4d77e89a8eb,199,66.33,4.16,3,5,4,0.024746,0.486673,TopoStake,pog(D=3_omega=0.80_beta=0.50),2.55,2381,0
476,4,0x95ab54d268473cce82094026afefdbd5cadf418b,16.575070,1773046843,0c086a0ee74bfc0e2541960c4cd5343a2b439c76ef0a2d6535e46b3342951d06,200,100.00,3.46,1,5,4,0.024749,0.486830,TopoStake,pog(D=3_omega=0.80_beta=0.50),2.49,2382,0
477,0,0x075e1d95c7891e1c00414ca1aa9a7a8cf6270019,132.357877,1773046845,382c3118de64eff2be113edc320a64464dba8b416be50385811c5c5113b7329f,90,90.00,4.43,1,6,5,0.024735,0.486646,TopoStake,pog(D=3_omega=0.80_beta=0.50),1.97,2383,0
477,1,0x269cdf52f97e1d9f14b7be895155a7b294f0b21d,34.747420,1773046847,c033dddf456dfb81757ca1a77de0c031f57d71b3e0987ddbc1564101cebb888f,250,125.00,3.11,1,5,3,0.024759,0.486844,TopoStake,pog(D=3_omega=0.80_beta=0.50),2.25,2384,0
477,2,0x075e1d95c7891e1c00414ca1aa9a7a8cf6270019,133.359079,1773046849,5d67f75073c5ac1712d59b81f23927dfa6ee19c0e1a05db680adcd6609e4473c,244,122.00,3.59,1,5,4,0.024751,0.486921,TopoStake,pog(D=3_omega=0.80_beta=0.50),1.88,2385,0
477,3,0x213068cb42718d1dd6d00a6d94d62a3def0e68eb,17.358130,1773046851,9249f287262a0597404422ee25cf31d492ef6538600e252646385446844ff561,229,114.50,3.10,1,5,3,0.024775,0.487119,TopoStake,pog(D=3_omega=0.80_beta=0.50),1.67,2386,0
477,4,0x377eaef292051bbf8ada05b2af76a3f3b9d722a7,39.085010,1773046853,96730ab623969fb5f9fd00c440a71e1208fb73347a851f654c35cfafb58ea934,179,89.50,3.63,1,5,4,0.024761,0.486947,TopoStake,pog(D=3_omega=0.80_beta=0.50),1.48,2387,0
478,0,0x49b57eb4dace37c8819daf079c9c674f766d4f38,37.252376,1773046855,e5d838ae87aae59dbe1ecf472f015c41647c31c21f81937576db015ec5eb2950,189,63.00,3.71,1,5,4,0.024754,0.487079,TopoStake,pog(D=3_omega=0.80_beta=0.50),2.50,2388,0
478,1,0x07902d0371763a00d97ed9ba16ff0a206cb0fd19,201.888058,1773046858,d3d77e50b315a665a66ba0ded3a532c13e051659544fb4807594b9dd70dccf83,206,103.00,3.99,1,6,4,0.024746,0.487202,TopoStake,pog(D=3_omega=0.80_beta=0.50),2.47,2389,0
478,2,0xdc2bc9a639e2bc25c5f57e628a7cd55f6a3d023b,9.069096,1773046859,2c6777db79002fcf8b487591bbcbf658f246f0ffb95f55315e6ddfd1b22c0c15,208,104.00,2.74,1,4,3,0.024794,0.487408,TopoStake,pog(D=3_omega=0.80_beta=0.50),2.44,2390,0
478,3,0xa447d277b02012c2afd9ddcbbe123f27cc971963,18.801120,1773046861,11968c7e1e27f5df6c16356d90aab4834ecbacd3c355f94dcff7b7a233e13102,89,89.00,4.46,1,6,5,0.024777,0.486998,TopoStake,pog(D=3_omega=0.80_beta=0.50),1.97,2391,0
478,4,0x13f9dadc05f6c237b03411e2aed1800cf21a5d89,129.506955,1773046863,cddaefd2153781f633b00a9835a4d0c7fe344e0cab998760e9d216745e0f63cf,250,125.00,3.46,1,5,3,0.024763,0.486870,TopoStake,pog(D=3_omega=0.80_beta=0.50),2.16,2392,0
479,0,0x07902d0371763a00d97ed9ba16ff0a206cb0fd19,202.889260,1773046865,009f7a06bb03038b746db73093042eef4be00b61d49bd801245983e10eb0cc39,249,124.50,3.15,1,5,3,0.024786,0.487060,TopoStake,pog(D=3_omega=0.80_beta=0.50),1.73,2393,0
479,1,0xea287b266dbe2c2d402fd91814bcfc4c95d6b0fd,15.138925,1773046867,45b16c8db23d73e0520f52b299a1b19392481b8518d184138d7f4bc3b71a8111,221,110.50,2.80,1,4,3,0.024833,0.487265,TopoStake,pog(D=3_omega=0.80_beta=0.50),1.57,2394,0
479,2,0x07902d0371763a00d97ed9ba16ff0a206cb0fd19,203.890386,1773046869,6deb04a333e69233958499c1149d228448033b0dee17b3c9e6fe348477398945,187,93.50,4.07,1,6,4,0.024818,0.487056,TopoStake,pog(D=3_omega=0.80_beta=0.50),1.48,2395,0
479,3,0x687bf2437a044a3e42ff2f8a79a8e54ba9601f70,18.055273,1773046872,943bce7fc1b3b33912ad78146bf7f6209ab22927c50a3f9ab5cf3fa2e6a2918c,199,66.33,2.74,1,4,3,0.024866,0.487261,TopoStake,pog(D=3_omega=0.80_beta=0.50),2.49,2396,0
479,4,0x4a217e35f6402e7f62a49f6d62e27c6585c2f3fd,19.478195,1773046873,71a0df4b81fadb4e77f2868752075f57a812b97c516601e2cfab7764325b8c2b,214,107.00,3.73,1,5,4,0.024852,0.487109,TopoStake,pog(D=3_omega=0.80_beta=0.50),2.54,2397,0
480,0,0x53be6e527cc5a7d850b5eae27b9cef342e0665f2,37.070106,1773046875,c8da90f43182d8ebde09e52da9899e3a9c53113086e9e76dbd3c9c465c1e495b,125,125.00,3.53,1,5,4,0.024838,0.486995,TopoStake,pog(D=3_omega=0.80_beta=0.50),1.82,2398,0
480,1,0x24898fcb116b48cb2b6fd5d3b4eb599fee0f4633,71.131405,1773046877,4c77e06d818c6b21a98338e7c51f5d724f7cf9be41481f6fafad39014751f636,250,125.00,3.51,1,5,4,0.024830,0.487108,TopoStake,pog(D=3_omega=0.80_beta=0.50),2.07,2399,0
480,2,0x30509a8084fdfe6fe24d9c9a817c209ad194f8e3,91.776788,1773046879,f6b414a09ec0c446098d5dbe0f8cb58d415a991a6cf5bd0447f770656cef167a,239,119.50,3.54,1,5,4,0.024834,0.487264,TopoStake,pog(D=3_omega=0.80_beta=0.50),1.81,2400,0
480,3,0x377eaef292051bbf8ada05b2af76a3f3b9d722a7,40.085893,1773046881,b146097b9d2e2dcf5bc7b081f832c2178fe91a58245b856dd0265249f617d19e,205,102.50,3.32,1,5,3,0.024844,0.487437,TopoStake,pog(D=3_omega=0.80_beta=0.50),1.51,2401,0
480,4,0x377eaef292051bbf8ada05b2af76a3f3b9d722a7,41.086963,1773046883,e6356bd3d8c6c18a4b51cd11bacf5faac7e0e4841b19e2ac14476d7064b99033,216,108.00,3.67,1,5,4,0.024838,0.487568,TopoStake,pog(D=3_omega=0.80_beta=0.50),1.51,2402,0
481,0,0x13f9dadc05f6c237b03411e2aed1800cf21a5d89,130.508513,1773046886,e1540453ba8a33f3c82db1fe4c10058964c8f96c3c7ac65fefc1ce65f7e59311,199,66.33,3.75,1,5,4,0.024831,0.487700,TopoStake,pog(D=3_omega=0.80_beta=0.50),2.52,2403,0
481,1,0xd46407aa7b668c72de3cf1c1a12b7fa2e308a1b2,12.965254,1773046887,4c85ac501b393d1becbd0328149e64f4a3aa3fb804cc61b1c234b43d8b1aac6b,186,93.00,2.99,1,5,3,0.024854,0.487888,TopoStake,pog(D=3_omega=0.80_beta=0.50),2.48,2404,0
481,2,0x30509a8084fdfe6fe24d9c9a817c209ad194f8e3,92.777853,1773046889,0aabf194639861ed187565fdc7f376e66fd04a9708ec4ecb692dc88521d34672,107,107.00,3.83,1,5,4,0.024838,0.487623,TopoStake,pog(D=3_omega=0.80_beta=0.50),1.94,2405,0
481,3,0xe184aeec69f3313df03bef8752946c65f0a70021,3.050705,1773046891,ee7fae7e3812e62f395dd6292d4bdd63f5b2df1ce5d3da63918aa831e7c4c2bb,248,124.00,3.28,1,5,3,0.024849,0.487795,TopoStake,pog(D=3_omega=0.80_beta=0.50),2.10,2406,0
481,4,0xeaa5003682d7289190651081ae2bee847097afc5,6.725544,1773046893,580f113c9f8da6b39e52fe5837d8ec161f251c576fa5c091f9f040a930827eec,232,116.00,3.93,1,6,4,0.024830,0.487226,TopoStake,pog(D=3_omega=0.80_beta=0.50),1.88,2407,0
482,0,0x1796dc61e715f15a2d27dfa32bd34780f12a8c24,103.864457,1773046895,9ee6219c7e86db484d6c554ce4c33543b165ed3c808a871760a25e5b515352e7,223,111.50,4.32,1,6,4,0.024812,0.486764,TopoStake,pog(D=3_omega=0.80_beta=0.50),1.72,2408,0
482,1,0x269cdf52f97e1d9f14b7be895155a7b294f0b21d,35.748439,1773046897,4df875cc08bf0ac7e2c2aa441038df24cd69ba6dfc908e53bda15b2d54a01c49,192,96.00,3.32,1,5,3,0.024826,0.486944,TopoStake,pog(D=3_omega=0.80_beta=0.50),1.49,2409,0
482,2,0x13f9dadc05f6c237b03411e2aed1800cf21a5d89,131.509768,1773046899,73878c4b55b44fa428c6378bfffcab0f03e139a1c8d6dd6ef69e91135388de5e,228,76.00,3.72,1,5,4,0.024818,0.487038,TopoStake,pog(D=3_omega=0.80_beta=0.50),2.56,2410,0
482,3,0x1cb1274c711a6c2e4e1596846e6ac604eeefb358,62.471817,1773046902,1c795605f583d31774800f0bf47d3f0191ee373e19a0beca96d2c9faac91cda1,210,105.00,3.16,1,5,3,0.024842,0.487226,TopoStake,pog(D=3_omega=0.80_beta=0.50),2.50,2411,0
482,4,0x30509a8084fdfe6fe24d9c9a817c209ad194f8e3,93.779229,1773046903,3473f88510c6687512ad21b3cf9869062afdcca4db64481318d87101171faba7,202,101.00,3.49,1,5,4,0.024842,0.487365,TopoStake,pog(D=3_omega=0.80_beta=0.50),2.46,2412,0
483,0,0x408bb0bf84df50b21c53c74420987f172d4036a1,23.797712,1773046905,2938352c3614783f9d220be530c5d7c4258b9ea317b5ad833046a550045ad6be,111,111.00,3.05,2,4,3,0.024853,0.487537,TopoStake,pog(D=3_omega=0.80_beta=0.50),1.69,2413,0
483,1,0x07902d0371763a00d97ed9ba16ff0a206cb0fd19,204.892791,1773046907,ae6ac00826ee091f1361399b2635bb8f1b5d2c818186f3ef6228a9838c8c0e9c,236,118.00,3.61,1,5,4,0.024841,0.487518,TopoStake,pog(D=3_omega=0.80_beta=0.50),1.96,2414,0
483,2,0x269cdf52f97e1d9f14b7be895155a7b294f0b21d,36.749429,1773046909,f62bc85d569d8497493b21e201bdcb00229ce8fc1ba4ca29e466d54c015eb23b,245,122.50,2.81,1,4,3,0.024888,0.487721,TopoStake,pog(D=3_omega=0.80_beta=0.50),1.63,2415,0
483,3,0x075e1d95c7891e1c00414ca1aa9a7a8cf6270019,134.361471,1773046911,39f2c975aa66bf7117cd58559f88a7443ba67f846bc618bb426a814a7e782168,200,100.00,3.50,1,5,4,0.024880,0.487822,TopoStake,pog(D=3_omega=0.80_beta=0.50),1.51,2416,0
483,4,0x075e1d95c7891e1c00414ca1aa9a7a8cf6270019,135.362571,1773046913,db9c5bfeb0197c6b77acb869c6597c384448bec10e43ade11f62cd62638ba720,228,114.00,3.18,1,5,3,0.024904,0.488018,TopoStake,pog(D=3_omega=0.80_beta=0.50),1.50,2417,0
484,0,0x9c39f7fffaa5c5cfab20dfdd05663497918580c1,12.404115,1773046916,e70859cb17a402d138e68e6824131ff0fa951039e78c57bdfbbd74ef5ae6768d,190,63.33,3.09,1,5,3,0.024928,0.488213,TopoStake,pog(D=3_omega=0.80_beta=0.50),2.51,2418,0
484,1,0x1796dc61e715f15a2d27dfa32bd34780f12a8c24,104.865576,1773046917,542f7ce6a7e3c3867818eb981d43cf592e90f4b3870d70e321bd123744233237,202,101.00,3.95,1,5,4,0.024912,0.487927,TopoStake,pog(D=3_omega=0.80_beta=0.50),2.47,2419,0
484,2,0x13f9dadc05f6c237b03411e2aed1800cf21a5d89,132.511042,1773046919,c4b6a16d0a60bc9eb29e8826e6b287f104f6250118896bae2e7a81da95f5a18f,112,112.00,3.21,1,5,3,0.024926,0.488105,TopoStake,pog(D=3_omega=0.80_beta=0.50),1.89,2420,0
484,3,0x13f9dadc05f6c237b03411e2aed1800cf21a5d89,133.512252,1773046921,085d21e0b6ddb284d1e5cc8b684dead8edbb8b8f839bdb83c91ee9144e9ee111,250,125.00,3.03,1,4,3,0.024949,0.488292,TopoStake,pog(D=3_omega=0.80_beta=0.50),2.12,2421,0
484,4,0xa447d277b02012c2afd9ddcbbe123f27cc971963,19.802162,1773046923,082be37d88d1ece7669f17adcc1551607af9ea6159b85d32fd736faa89270ab1,250,125.00,3.08,1,4,3,0.024973,0.488479,TopoStake,pog(D=3_omega=0.80_beta=0.50),1.84,2422,0
485,0,0x07902d0371763a00d97ed9ba16ff0a206cb0fd19,205.894355,1773046925,94eb5f25f72d9d8aa3d77430e7598fde9ce6e1c77ee4291a6a9767994a2ba8fb,179,89.50,3.53,1,5,4,0.024959,0.488370,TopoStake,pog(D=3_omega=0.80_beta=0.50),1.57,2423,0
485,1,0x58a21eeb7ab18ba8adf1296e66a4487076e95dac,22.085783,1773046927,0960e8f6826f42572cccf8e81160bb45e60275cf8190a267ae39ffcb73ab40b2,193,96.50,2.80,1,4,3,0.025006,0.488573,TopoStake,pog(D=3_omega=0.80_beta=0.50),1.53,2424,0
485,2,0x50f7fa851f9314d682e36da5caa4635039b5305d,34.130875,1773046929,0d8a3adeec8eec7162ea3509dab2e1baf3a2c250221a0469bf90a5a817afad7d,211,70.33,3.91,1,5,4,0.024993,0.488509,TopoStake,pog(D=3_omega=0.80_beta=0.50),2.55,2425,0
485,3,0x63f4973c0df8a5358405f396dc0673a463c48de9,18.892511,1773046932,caba8eaa6b37aacb7d1c86821817aa17077f6a345ecffacf8165186b9154eaeb,197,98.50,3.41,1,5,3,0.024985,0.488574,TopoStake,pog(D=3_omega=0.80_beta=0.50),2.51,2426,0
485,4,0x6064b9f5883bf9737dfe314ff68c56e09e68ac89,22.186079,1773046933,5691a2e1e63cec5bc8646893abd7aa7db26e203ce8c116af1fc7ef31fb5ee59f,216,108.00,3.55,1,5,4,0.024971,0.488437,TopoStake,pog(D=3_omega=0.80_beta=0.50),2.50,2427,0
486,0,0x07902d0371763a00d97ed9ba16ff0a206cb0fd19,206.895546,1773046935,5d54001cec491bcc36857eeb9c950cc3e39e23236b974a5f201dcc53c35fcf94,113,113.00,3.81,1,5,4,0.024958,0.488367,TopoStake,pog(D=3_omega=0.80_beta=0.50),1.93,2428,0
486,1,0x30509a8084fdfe6fe24d9c9a817c209ad194f8e3,94.779985,1773046937,ab28c0db8a8880264751633af033328bdebc7f3abcd4b2d8f337bc4e23d09297,250,125.00,2.81,1,4,3,0.025005,0.488569,TopoStake,pog(D=3_omega=0.80_beta=0.50),2.25,2429,0
486,2,0xd1cd4b808ce6b2841ad42746b64c5a047e857ef0,9.213281,1773046939,c6c474ab691860eb6e683919ebdd704bd5680bd1e19cd01c5a5db3ea75f2b349,250,125.00,3.36,1,5,3,0.025016,0.488739,TopoStake,pog(D=3_omega=0.80_beta=0.50),2.02,2430,0
486,3,0x07902d0371763a00d97ed9ba16ff0a206cb0fd19,207.896866,1773046941,0bf0773d78450f86843e1d61a2204193093fd6fda6383ae09c15c738847fd90b,214,107.00,3.88,1,5,4,0.024999,0.488333,TopoStake,pog(D=3_omega=0.80_beta=0.50),1.69,2431,0
486,4,0x13f9dadc05f6c237b03411e2aed1800cf21a5d89,134.514014,1773046943,c4702232600029753c210f66f0b13a5b08283f23674d262c17f68ab703bf9356,176,88.00,2.84,1,4,3,0.025046,0.488535,TopoStake,pog(D=3_omega=0.80_beta=0.50),1.47,2432,0
487,0,0xa3786e459f289a76c0e8af8ad834e3d0c6d47199,24.718252,1773046946,9f946f2be6654c0b313d56ac77512679ead360c0f070bf86de5ec1c9dd461c14,229,76.33,3.09,1,5,3,0.025069,0.488720,TopoStake,pog(D=3_omega=0.80_beta=0.50),2.45,2433,0
487,1,0x8719ca31b72ae8a5404006763c53d5ad503dbcb0,7.081568,1773046947,0b0780bb202a140e4f9d332bf320c08f5e49ce69eed4e181f0829e5d85f3c684,206,103.00,4.19,1,6,4,0.025057,0.488733,TopoStake,pog(D=3_omega=0.80_beta=0.50),2.50,2434,0
487,2,0xdc2bc9a639e2bc25c5f57e628a7cd55f6a3d023b,10.068752,1773046949,49e6e550ad1270f33f304ab41e85246bfe006710d9711b20ffbffbdda2ea3f51,106,106.00,4.11,1,6,4,0.025040,0.488281,TopoStake,pog(D=3_omega=0.80_beta=0.50),1.94,2435,0
487,3,0x075e1d95c7891e1c00414ca1aa9a7a8cf6270019,136.364240,1773046951,595ccd77f8462a74a741f9af2e9a53de09cfa587fc82472938fa4e5d5a2dcda6,200,100.00,4.29,1,6,4,0.025023,0.487931,TopoStake,pog(D=3_omega=0.80_beta=0.50),2.31,2436,0
487,4,0x30509a8084fdfe6fe24d9c9a817c209ad194f8e3,95.781362,1773046953,9b0fa89076137f562f6416c6904e44b99fe96c32461041916a825dd484b9dd17,250,125.00,3.19,1,5,3,0.025047,0.488125,TopoStake,pog(D=3_omega=0.80_beta=0.50),2.08,2437,0
488,0,0x1796dc61e715f15a2d27dfa32bd34780f12a8c24,105.866438,1773046955,bd22c6e1ce60c3d9a7f23f60548bb53534bd207bd352ef20711deb58df444c32,248,124.00,3.35,1,5,3,0.025058,0.488295,TopoStake,pog(D=3_omega=0.80_beta=0.50),1.73,2438,0
488,1,0xdcf2130496e27a8094ab996aea4aa77788d65869,28.508127,1773046957,0cf73427db2b3abf333ca721349df71c2a777ddd4c1f24266ad87065634ca861,206,103.00,3.34,1,5,3,0.025072,0.488472,TopoStake,pog(D=3_omega=0.80_beta=0.50),1.49,2439,0
488,2,0x075e1d95c7891e1c00414ca1aa9a7a8cf6270019,137.365519,1773046960,3c5b0e60578c8213de309a7fa06d47b32f0a56a412f80d004a0c5680a8adfa09,197,65.67,4.09,1,5,4,0.025061,0.488521,TopoStake,pog(D=3_omega=0.80_beta=0.50),2.44,2440,0
488,3,0x5cd626f4b83428b146919d30f4b3e481d259a9dc,20.066607,1773046961,1a6cc4dd796954bd185563b7a939a6a9ff52d3f831368710a6fcdd3d18f6a928,205,102.50,3.07,1,5,3,0.025085,0.488714,TopoStake,pog(D=3_omega=0.80_beta=0.50),2.50,2441,0
488,4,0x07902d0371763a00d97ed9ba16ff0a206cb0fd19,208.898363,1773046963,aac6ab87262c96194ea0e09676a5a3a0008c663289d2e7b843d0e9ca5eac657d,99,99.00,3.85,1,6,4,0.025072,0.488609,TopoStake,pog(D=3_omega=0.80_beta=0.50),1.90,2442,0
489,0,0x6d6b2734a20229ddd7fd4a1470ba3e3bad4e4a85,14.621327,1773046965,d58c1b788df43d161bafbcdbffb008d181f11bdc19f524a34a8ee807bfb4a4ea,241,120.50,2.72,1,4,3,0.025119,0.488810,TopoStake,pog(D=3_omega=0.80_beta=0.50),2.01,2443,0
489,1,0x3513d672439a59c26cc5711f2b715ccb4810a774,36.309039,1773046967,e2f276c0a5444d56d05054803ca2234e3b715e77b35d580afc231068b11ffc04,206,103.00,3.67,1,5,4,0.025103,0.488592,TopoStake,pog(D=3_omega=0.80_beta=0.50),1.59,2444,0
489,2,0xa9a524611994a27dd3134d643379aa14edf7cb39,6.063981,1773046969,3db86950d1b2e2ab960a97b7578dcde309fcb2d1985e59e934eebf7ca847a96d,197,98.50,3.91,1,5,4,0.025095,0.488681,TopoStake,pog(D=3_omega=0.80_beta=0.50),1.50,2445,0
489,3,0x54f496e5c1d9f95a916cf7f5b62e9c98e64a3dc5,11.010875,1773046971,8242fa338387e798ea5992123b7427ce102f6127f0b8379b5a7ae07abb8afb09,206,103.00,3.72,2,5,4,0.025077,0.488195,TopoStake,pog(D=3_omega=0.80_beta=0.50),1.50,2446,0
489,4,0x016d3fc36beee7caa8fbd6c1caa42461dd7f9850,68.975342,1773046974,9a43bed75c765a3d3e4e132fea6263a1b869c91f9343d5db5ae2defbde76882b,197,65.67,4.24,1,5,4,0.025061,0.487878,TopoStake,pog(D=3_omega=0.80_beta=0.50),2.52,2447,0
490,0,0x606627477c3734932f47972f83c27cf4e3b35b4f,37.395876,1773046975,5bdcae3df4e3cbd8ccbd441f76975314e36058279a3791cbd7a633fdb23d8e71,208,104.00,3.03,2,4,3,0.025063,0.488023,TopoStake,pog(D=3_omega=0.80_beta=0.50),2.47,2448,0
490,1,0xa5a12d96532497871d73549e55ab377e3dcb3a40,21.097971,1773046977,9922b882d6c703d9af197f873922c19bd117f671246b5f728722bcf8d9a1ca26,125,125.00,3.56,1,5,4,0.025055,0.488129,TopoStake,pog(D=3_omega=0.80_beta=0.50),1.83,2449,0
490,2,0x1cb1274c711a6c2e4e1596846e6ac604eeefb358,63.472926,1773046979,f7f6702b0b13725d26931ba16c94dc8d63755ffaf6e16d842cc6770e02a17d60,165,82.50,4.05,1,5,4,0.025042,0.488048,TopoStake,pog(D=3_omega=0.80_beta=0.50),2.29,2450,0
490,3,0xac768e60b9269babb15cb1e36ee843243d7c7543,35.730427,1773046981,0c2020586fea58d668354499567fbe1fe735a637072264a1d96543c3c7a59481,250,125.00,3.49,1,5,4,0.025042,0.488185,TopoStake,pog(D=3_omega=0.80_beta=0.50),2.03,2451,0
490,4,0x4414c05be2cf328f38d2e3ef4b705d6b894f044a,28.091418,1773046983,b46e91da5cef6e2c23f46a22f572fddd83d98fce710f18c34c06d683db6b4d0a,230,115.00,3.99,1,6,4,0.025042,0.488186,TopoStake,pog(D=3_omega=0.80_beta=0.50),1.68,2452,0
491,0,0x7e40df5d801345015e84c843908efc6683665fa4,24.664258,1773046985,6291041120b5626c3b94ad93a1414d57b4d568c957674147f5ee905d89aaa31f,205,102.50,3.94,1,5,4,0.025032,0.488226,TopoStake,pog(D=3_omega=0.80_beta=0.50),1.51,2453,0
491,1,0x786f26993bf015cd2da6fb5d3ccd1879e01246ab,23.285922,1773046987,d28ddba5d2cff3f1fc22f25f5137c960073feb78b0d53470bbebe05f9b81c87f,183,61.00,3.37,1,5,3,0.025020,0.488231,TopoStake,pog(D=3_omega=0.80_beta=0.50),2.53,2454,0
491,2,0x3513d672439a59c26cc5711f2b715ccb4810a774,37.309924,1773046989,7dceca4ea305663f97e4ec117b47cb085b7eba486d7a072fe8420649f4f5bcff,187,93.50,4.03,1,5,4,0.025007,0.488189,TopoStake,pog(D=3_omega=0.80_beta=0.50),2.50,2455,0
491,3,0xa5a12d96532497871d73549e55ab377e3dcb3a40,22.098626,1773046991,43ad519fdc5da4f2787cd8869a9cbf75499b0e59fe4fc83468b6e9f4504db773,85,85.00,3.96,1,5,4,0.024999,0.488285,TopoStake,pog(D=3_omega=0.80_beta=0.50),1.96,2456,0
491,4,0x786f26993bf015cd2da6fb5d3ccd1879e01246ab,24.286802,1773046993,bbabc9041615eb62f2ce524c957176edf4f8992aa1425d4069b54b893e1ea591,228,114.00,3.88,1,5,4,0.024987,0.488206,TopoStake,pog(D=3_omega=0.80_beta=0.50),2.27,2457,0
492,0,0xfdc414c57908f0e2a6a926079902d4688d553610,11.145166,1773046995,76e9c5f6426c27612c21c69e8adb6de35ee1904734febbaf10c642c5abf81ec1,239,119.50,4.04,1,5,4,0.024975,0.488194,TopoStake,pog(D=3_omega=0.80_beta=0.50),2.05,2458,0
492,1,0x13f9dadc05f6c237b03411e2aed1800cf21a5d89,135.516544,1773046997,3853ce5078c55a29be799952e785796c60c4547fda5e9f8b262c768aca196834,185,92.50,4.54,1,6,5,0.024958,0.487877,TopoStake,pog(D=3_omega=0.80_beta=0.50),1.73,2459,0
492,2,0x24898fcb116b48cb2b6fd5d3b4eb599fee0f4633,72.132777,1773046999,bbc2622675a0635e6e9bdecde48945686ee4ff21be0a5afb283c1e0379d82460,240,120.00,3.19,1,5,3,0.024982,0.488061,TopoStake,pog(D=3_omega=0.80_beta=0.50),1.74,2460,0
492,3,0x377eaef292051bbf8ada05b2af76a3f3b9d722a7,42.088032,1773047001,76d888459e0de924d2bae6f4995151d80b99d9a3fa4e2e2d59f256d1b80a00c9,228,76.00,3.68,2,5,4,0.024985,0.488213,TopoStake,pog(D=3_omega=0.80_beta=0.50),2.53,2461,0
492,4,0x30509a8084fdfe6fe24d9c9a817c209ad194f8e3,96.783052,1773047004,e958e06ac1e591e68255ca3e23f4919b2c203dde9df72990ede8c4a7b63b8f7a,213,106.50,3.48,1,5,3,0.024978,0.488341,TopoStake,pog(D=3_omega=0.80_beta=0.50),2.50,2462,0
493,0,0x07902d0371763a00d97ed9ba16ff0a206cb0fd19,209.901188,1773047005,3df3ef6f409139f7e734eb4c935535bcb6ebb0d967e2041638a8c4bb49fec6ea,191,95.50,3.28,1,5,3,0.024989,0.488509,TopoStake,pog(D=3_omega=0.80_beta=0.50),2.47,2463,0
493,1,0xb7b4ee0a72bc410bf6d32b9cd3f3e11fc756d6f1,6.049732,1773047007,99a825721bdd70914a4f099031cd00dc8de352a689546848ba48b1270fb771a7,188,188.00,2.75,2,4,3,0.025035,0.488708,TopoStake,pog(D=3_omega=0.80_beta=0.50),1.59,2464,0
493,2,0xcdfb7a191f0bf929991735127c8d1b4e5b99de22,3.004332,1773047009,7568c023c5b01520c1a37714c492fe3a2a980baa0722d9666b8c45778cdfb0b9,216,108.00,3.77,2,6,4,0.025018,0.488217,TopoStake,pog(D=3_omega=0.80_beta=0.50),1.75,2465,0
493,3,0x07902d0371763a00d97ed9ba16ff0a206cb0fd19,210.902205,1773047011,0c4b3530085c5c6afd9e1ff4966d6f72bf170955de79166a34b2080b5bc7b05e,201,100.50,4.26,1,6,4,0.024999,0.487652,TopoStake,pog(D=3_omega=0.80_beta=0.50),1.78,2466,0
493,4,0x0d91704595bff3aec25d40822498a51c62b05e3a,79.682789,1773047013,a05da15711e7ac50f815e6aafbd204f86b6e8a718963233b279c7877d24f5416,218,109.00,2.77,1,4,3,0.025046,0.487851,TopoStake,pog(D=3_omega=0.80_beta=0.50),1.65,2467,0
494,0,0x52e05d9fa4faa167f30baba23c710e4f49115288,23.149171,1773047015,29c2ffa3d77eccab6431d911f5eff0f8187aea1d1ccc86d4ba99a5206ac15065,189,94.50,3.30,1,5,3,0.025051,0.488011,TopoStake,pog(D=3_omega=0.80_beta=0.50),1.50,2468,0
494,1,0x075e1d95c7891e1c00414ca1aa9a7a8cf6270019,138.367462,1773047018,acd6e2ca8a81bf28e6efe487fa75bb932941c7c266383e8ef76e30af59f1c3c5,183,61.00,4.03,1,5,4,0.025038,0.487960,TopoStake,pog(D=3_omega=0.80_beta=0.50),2.53,2469,0
494,2,0x5cd626f4b83428b146919d30f4b3e481d259a9dc,21.066612,1773047019,29b403c5fbb954527f248c1eac4b8ba6a56c1f92ea51d87ea4f9207000a81086,188,94.00,3.07,1,5,3,0.025062,0.488151,TopoStake,pog(D=3_omega=0.80_beta=0.50),2.46,2470,0
494,3,0x30509a8084fdfe6fe24d9c9a817c209ad194f8e3,97.784042,1773047021,3758f4e052dbddf3ee5d9e181e8078521fc5e11c8f90c5f55161f5db3b44228c,131,131.00,3.83,1,6,4,0.025049,0.488063,TopoStake,pog(D=3_omega=0.80_beta=0.50),1.89,2471,0
494,4,0x30405867b72597aaeb27803bb2c7f3f5fc7d5384,18.507799,1773047023,0d220d1ef77a467474d4766e6e7c25d3d878bafc50ea48f5df450e4b83799d54,250,125.00,3.33,1,5,3,0.025060,0.488230,TopoStake,pog(D=3_omega=0.80_beta=0.50),2.06,2472,0
495,0,0xd3997be86c88837e3fd467517b943590b28fa641,12.030227,1773047025,929193c956f7f3f3a5f0d636a1f6a79f3949404907db6b593296106319634b1e,234,117.00,3.51,1,5,4,0.025046,0.488085,TopoStake,pog(D=3_omega=0.80_beta=0.50),1.75,2473,0
495,1,0xc339f8bf978200eb65afce6c7121402eda949097,13.052128,1773047027,19c3c2c2a32796b3745308ffc5532d45c563b0379e6d74398cbd95f94413c6dd,200,100.00,4.09,2,6,4,0.025030,0.487791,TopoStake,pog(D=3_omega=0.80_beta=0.50),1.53,2474,0
495,2,0x81193196c1dbdbf80709d43a5af5ce21c201fbd7,17.820899,1773047029,50b8b0dc1a88974f21acf9d5d22e3b15cbbb4f35c61f8ead5f044b5e4fbea893,205,102.50,4.33,1,6,4,0.025015,0.487527,TopoStake,pog(D=3_omega=0.80_beta=0.50),1.57,2475,0
495,3,0x075e1d95c7891e1c00414ca1aa9a7a8cf6270019,139.368593,1773047031,b28d4efc005b3f2e6767480dc7e9d8df0c0b6136f1ec634bff07de1f8bbc1fc5,199,66.33,4.12,1,6,4,0.025001,0.487362,TopoStake,pog(D=3_omega=0.80_beta=0.50),2.47,2476,0
495,4,0x30509a8084fdfe6fe24d9c9a817c209ad194f8e3,98.785316,1773047033,41d60e107e2322f32c9c882def05ffe8edd4626e11cebaf288d946e129a1ccce,220,110.00,3.11,1,5,3,0.025025,0.487553,TopoStake,pog(D=3_omega=0.80_beta=0.50),2.49,2477,0
496,0,0x49b57eb4dace37c8819daf079c9c674f766d4f38,38.252918,1773047035,7c8f5451327b6aad153c027a194debbab65ec2e7067d86631cd90c439668283f,123,123.00,3.20,1,5,3,0.025036,0.487720,TopoStake,pog(D=3_omega=0.80_beta=0.50),1.83,2478,0
496,1,0x5cd626f4b83428b146919d30f4b3e481d259a9dc,22.067210,1773047037,ab9e2e58f4773f3cbeba9ae2de012be18b0b5b89f54cbab726a1f4a7dd7d88f7,205,102.50,3.92,1,6,4,0.025028,0.487838,TopoStake,pog(D=3_omega=0.80_beta=0.50),2.35,2479,0
496,2,0x269cdf52f97e1d9f14b7be895155a7b294f0b21d,37.749998,1773047039,95455287b84f671777a43b76247862fa55b46e19279d5dce777d79066ccea1e0,235,117.50,3.86,1,6,4,0.025015,0.487752,TopoStake,pog(D=3_omega=0.80_beta=0.50),2.00,2480,0
496,3,0xdc2bc9a639e2bc25c5f57e628a7cd55f6a3d023b,11.068803,1773047041,78f579893be180f6c7a7a27d86e4354e67f0857465cf324cf0a31aa85ae5b216,217,108.50,3.65,1,5,4,0.025008,0.487852,TopoStake,pog(D=3_omega=0.80_beta=0.50),1.64,2481,0
496,4,0x30405867b72597aaeb27803bb2c7f3f5fc7d5384,19.508778,1773047043,e865a4ca6ae35bc3a30704c39327589a5e796d68d9ec4432714a0b56dbd416a8,194,97.00,4.55,1,6,5,0.024991,0.487527,TopoStake,pog(D=3_omega=0.80_beta=0.50),1.50,2482,0
497,0,0x1796dc61e715f15a2d27dfa32bd34780f12a8c24,106.868289,1773047045,ffe96d2cbfb246634ddf38eb8c9d97f3c328b0e5449209042676e45ec6ec8705,215,71.67,3.57,1,5,4,0.024978,0.487398,TopoStake,pog(D=3_omega=0.80_beta=0.50),2.51,2483,0
497,1,0x016d3fc36beee7caa8fbd6c1caa42461dd7f9850,69.976842,1773047048,0d320f66f6a10071057ef76e524d4c8e120ae331933afce3a152df62d6ffbca4,188,94.00,3.40,1,5,3,0.024992,0.487573,TopoStake,pog(D=3_omega=0.80_beta=0.50),2.46,2484,0
497,2,0x075e1d95c7891e1c00414ca1aa9a7a8cf6270019,140.370029,1773047049,6d0d84eb0b07ebd967213418af862046e1bde3d24e8a5c405bc3bfea9c3d8e3a,222,111.00,3.13,1,4,3,0.024994,0.487716,TopoStake,pog(D=3_omega=0.80_beta=0.50),2.45,2485,0
497,3,0x07902d0371763a00d97ed9ba16ff0a206cb0fd19,211.904842,1773047051,8179848664b90b0ae01e6db21e65a2e5eaed6c8ba8ecf04a9d1a56d1663dfb65,136,136.00,3.03,1,5,3,0.025018,0.487906,TopoStake,pog(D=3_omega=0.80_beta=0.50),1.67,2486,0
497,4,0x1d1d2c63625de70b1e5ef40056bd2deb89d7fef2,14.051827,1773047053,1d579df6b2f8a1056cf151bfae731ebbc18c899268592228ace340d5be4525f2,230,115.00,2.85,1,4,3,0.025064,0.488103,TopoStake,pog(D=3_omega=0.80_beta=0.50),1.85,2487,0
498,0,0x30509a8084fdfe6fe24d9c9a817c209ad194f8e3,99.786091,1773047055,1ceb481f6161a3790bed15d0dceaf2c51edb08c5a3bf3c44c2640e7a34712cc4,206,103.00,3.62,1,5,4,0.025048,0.487876,TopoStake,pog(D=3_omega=0.80_beta=0.50),1.53,2488,0
498,1,0x786f26993bf015cd2da6fb5d3ccd1879e01246ab,25.287574,1773047057,83afc6a29974b35628e41ae274558df30a5bfa26b558ffed5081e8512b49c864,174,87.00,3.29,1,5,3,0.025048,0.487876,TopoStake,pog(D=3_omega=0.80_beta=0.50),1.48,2489,0
498,2,0x377eaef292051bbf8ada05b2af76a3f3b9d722a7,43.089011,1773047059,5779f726a12c52eacf8ce965af5a8bd4282ac902ab7dc3986350b51064c82b8d,191,95.50,4.05,1,5,4,0.025060,0.488042,TopoStake,pog(D=3_omega=0.80_beta=0.50),1.48,2490,0
498,3,0xb7b4ee0a72bc410bf6d32b9cd3f3e11fc756d6f1,7.050551,1773047062,ffd113c4be213a5bf313bb0932f0074937319b900fd669752dade3ba60d1d7ac,211,70.33,3.62,1,5,4,0.025042,0.488179,TopoStake,pog(D=3_omega=0.80_beta=0.50),2.49,2491,0
498,4,0x07902d0371763a00d97ed9ba16ff0a206cb0fd19,212.906247,1773047063,ae72822c85e36de3347bbab7665d8bf3ed7f16dc72b3e51e3a79273061e61fc0,184,92.00,3.91,1,6,4,0.025024,0.487729,TopoStake,pog(D=3_omega=0.80_beta=0.50),2.47,2492,0
499,0,0xcdc82b7c868072205a399d0f68e6e3ad3bfd1ca6,12.189550,1773047065,38de2372bdb64e6d0b1435f9afd0bb28744a00575e1d360d3e8486b923d5bb78,117,117.00,2.63,1,4,3,0.025070,0.487926,TopoStake,pog(D=3_omega=0.80_beta=0.50),1.82,2493,0
499,1,0x408bb0bf84df50b21c53c74420987f172d4036a1,24.798380,1773047067,b9853d87d7a32927d7672ac9cd88a269e9bbd677f7993756e9c960cca82aee11,227,113.50,3.59,1,5,4,0.025055,0.487630,TopoStake,pog(D=3_omega=0.80_beta=0.50),2.05,2494,0
499,2,0x075e1d95c7891e1c00414ca1aa9a7a8cf6270019,141.371067,1773047069,d82e55349f9ee1254e55d7fcf88a5489b7dda9c267774256cfb1cd532ebad076,245,122.50,3.67,1,5,4,0.025043,0.487623,TopoStake,pog(D=3_omega=0.80_beta=0.50),1.78,2495,0
499,3,0xac768e60b9269babb15cb1e36ee843243d7c7543,35.729836,1773047071,7e94bde2d15808864611780953cbfa1f836627f2c17089ec5b85296371e3c4e5,209,104.50,3.13,2,5,3,0.025067,0.487813,TopoStake,pog(D=3_omega=0.80_beta=0.50),1.52,2496,0
499,4,0x5cd626f4b83428b146919d30f4b3e481d259a9dc,23.068205,1773047073,75ef2f6d87b12b0e98b5a654c94b72cfcf04c19708c53d2da69c5aa0a963af3f,205,102.50,3.98,1,6,4,0.025058,0.487892,TopoStake,pog(D=3_omega=0.80_beta=0.50),1.50,2497,0
