epoch,slot,miner,proposer_stake,timestamp,block_hash,tx_count,throughput,avg_path_length,min_path_length,max_path_length,median_path_length,stake_concentration,gini_coefficient,consensus_type,consensus_state,avg_tx_delay_s,block_production_success,block_production_failed
0,2,0xdcf2130496e27a8094ab996aea4aa77788d65869,4.505817,1773021976,3da63d101cbfc7a29d732969ce204c32dd8fe1f1de432c8ced566ff4ba4846d9,1,0.00,1.00,1,1,1,0.024404,0.600011,TopoStake,pog(D=0_omega=0.50),0.00,0,0
0,3,0xa447d277b02012c2afd9ddcbbe123f27cc971963,1.809313,1773021978,9b2fe6fa990ce8097f83fc4166621ba22f11e59a83d9f6a7254999316d17c9ec,195,39.00,3.95,1,5,4,0.024905,0.603840,TopoStake,pog(D=0_omega=0.50),1.50,1,0
0,4,0x016d3fc36beee7caa8fbd6c1caa42461dd7f9850,0.880390,1773021980,f8e66af978ad0bb849186bda993c9dd51bde61ef7aeb394e0b1a6a481417380a,200,100.00,3.46,1,5,4,0.024864,0.604587,TopoStake,pog(D=0_omega=0.50),1.52,2,0
1,0,0xa068e3c9a21c8d8be636cd2d285895979ec3262e,0.969088,1773021982,bf4e2099d113e13e72e2055940d51a7d76539bb8245a68a0f4a3cd808a55c9e3,191,95.50,3.14,1,4,3,0.024644,0.603157,TopoStake,pog(D=1_omega=0.50),1.51,3,0
1,1,0xd1cd4b808ce6b2841ad42746b64c5a047e857ef0,0.240734,1773021984,bdd2744acfcf66c35e6ff7af1ee92318ec25dc44acae91acfe3568138b9be195,218,109.00,4.28,1,6,4,0.024445,0.601822,TopoStake,pog(D=1_omega=0.50),1.49,4,0
1,2,0x30405867b72597aaeb27803bb2c7f3f5fc7d5384,0.519034,1773021986,3a810d10ada90f6b2dc3543ad921861155257e8971ce37ed550d9e029b830e5b,198,99.00,3.92,1,6,4,0.024116,0.597605,TopoStake,pog(D=1_omega=0.50),1.54,5,0
1,3,0x719361397abe003a91af76243e5f9c7a0cd4279f,3.544235,1773021988,ea32aa8b67bd8d8148915234521d2f7f04c93577439fc5a6a8251d2245d17c19,221,110.50,3.52,1,5,4,0.023845,0.594661,TopoStake,pog(D=1_omega=0.50),1.45,6,0
1,4,0xd1cd4b808ce6b2841ad42746b64c5a047e857ef0,1.240758,1773021990,3ba879834b981ae2976ba057d8b0072e327616bf5ae8dc00f780c79febf85436,186,93.00,3.74,1,5,4,0.024108,0.597652,TopoStake,pog(D=1_omega=0.50),1.48,7,0
2,0,0xac768e60b9269babb15cb1e36ee843243d7c7543,3.718574,1773021992,35409d1a0a84bb1cf5adb6eb71c8da1b672c032649629d1357ec332d81834837,225,112.50,3.84,1,6,4,0.023963,0.596911,TopoStake,pog(D=2_omega=0.50),1.46,8,0
2,1,0x6064b9f5883bf9737dfe314ff68c56e09e68ac89,2.192520,1773021994,a0159ab0a5c2714643e00107ca4a69de7a8544c265bbd8decaaa800f773014fc,203,101.50,3.97,1,6,4,0.024236,0.599803,TopoStake,pog(D=2_omega=0.50),1.51,9,0
2,2,0x63f4973c0df8a5358405f396dc0673a463c48de9,3.901498,1773021996,5e11081e94ffca3b2afa49fe302064eba667df721ae551e14f7977d9348f693b,229,114.50,3.87,1,5,4,0.024243,0.600994,TopoStake,pog(D=2_omega=0.50),1.43,10,0
2,3,0x6064b9f5883bf9737dfe314ff68c56e09e68ac89,3.193080,1773021998,b1fe0145ed58c08f4ca63ccd9e5431372253e759568c0f97388f999b5c0885c5,212,106.00,3.57,1,5,4,0.024523,0.603813,TopoStake,pog(D=2_omega=0.50),1.48,11,0
2,4,0xb7b4ee0a72bc410bf6d32b9cd3f3e11fc756d6f1,0.083378,1773022000,c104dea87e777c1dfcce0ba0718d7bfc8ae68d68f2b635e08335fb66ba8b6888,185,92.50,3.85,1,5,4,0.024676,0.606000,TopoStake,pog(D=2_omega=0.50),1.37,12,0
3,0,0x4414c05be2cf328f38d2e3ef4b705d6b894f044a,2.089681,1773022002,8cd75855902b4ae85fa0640ce746839164dbd0607038c0a001ad479bf9661d0f,201,100.50,3.87,1,6,4,0.024333,0.600685,TopoStake,pog(D=3_omega=0.50),1.42,13,0
3,1,0x07902d0371763a00d97ed9ba16ff0a206cb0fd19,2.533366,1773022004,6695c5bb6d2982bbe7500e20f5c9949bc779145a12b9bbefebbc8b73f6f8eae2,215,107.50,3.83,1,5,4,0.024307,0.601492,TopoStake,pog(D=3_omega=0.50),1.37,14,0
3,2,0x34412315480562da4810040fd15c81f99880e1ab,1.898372,1773022006,4c1f908ad1c3824bdd9d96e1aef4e73085046fce5b400b95c93b094f28606a29,250,125.00,2.77,1,4,3,0.024345,0.602852,TopoStake,pog(D=3_omega=0.50),1.03,15,0
3,3,0x269cdf52f97e1d9f14b7be895155a7b294f0b21d,0.726495,1773022008,d71c1dcd4d1fac7431eabd5bc11447bebb550745360acbe8261ef4aa58060fc3,161,80.50,3.82,1,6,4,0.024284,0.603099,TopoStake,pog(D=3_omega=0.50),0.83,16,0
3,4,0xaadc5fea232580cb8fba739ac5d05a48559c7e52,1.356267,1773022010,514c255e136671cba65a17549133ee99123c804cca9566836966c27df5dfcf56,222,111.00,3.61,1,5,4,0.024050,0.600779,TopoStake,pog(D=3_omega=0.50),0.98,17,0
4,0,0xd1cd4b808ce6b2841ad42746b64c5a047e857ef0,2.240799,1773022012,fc6a6a4be1f8f7654da2ce95355d6dd97cabd850cfd9dfc2b473c63b66840176,176,88.00,4.13,1,6,4,0.023912,0.599985,TopoStake,pog(D=3_omega=0.50),1.06,18,0
4,1,0x58a21eeb7ab18ba8adf1296e66a4487076e95dac,4.093658,1773022014,2d496be90a2714bbb7a1a251926a55a347adaae86b1725f9e69ad70afb280ddb,250,125.00,3.85,1,6,4,0.023899,0.600604,TopoStake,pog(D=3_omega=0.50),1.05,19,0
4,2,0x6414c6a8400ff3419cd81855d09de2848d770e0e,0.155796,1773022016,ab97df0a24d4d71dd8843b31cd18a9f64dc8b7da455a7fa505cef8b5220d7fb1,242,121.00,3.98,1,5,4,0.024141,0.603225,TopoStake,pog(D=3_omega=0.50),0.77,20,0
4,3,0xea287b266dbe2c2d402fd91814bcfc4c95d6b0fd,0.163593,1773022018,c0c561d6bd2abbc88149f14d5c1c1609074df80eb328b658c4bc3cf234d0d296,186,93.00,3.92,1,5,4,0.023833,0.598573,TopoStake,pog(D=3_omega=0.50),0.58,21,0
4,4,0x719361397abe003a91af76243e5f9c7a0cd4279f,4.544627,1773022020,762b9b3853e817668e1a9fc7dc1c122b87740b4b159378cf9f8572716cc983aa,187,93.50,4.06,2,6,4,0.023534,0.593882,TopoStake,pog(D=3_omega=0.50),0.67,22,0
5,0,0xaadc5fea232580cb8fba739ac5d05a48559c7e52,2.356985,1773022022,2d67681402d052466e23960e305e8e1fb9dbd1a933dc18043b901256fdeab826,200,100.00,3.78,1,5,4,0.023820,0.596752,TopoStake,pog(D=3_omega=0.50),0.52,23,0
5,1,0xa7e4d4d949807065ebf85adc1be8c382c7236c15,0.218344,1773022024,d5fa0be6c50ce3f4672c282ab722624e66b980cd668057b858f52422d27d2bd6,194,64.67,4.32,1,6,4,0.023810,0.597427,TopoStake,pog(D=3_omega=0.50),1.54,24,0
5,2,0x58a21eeb7ab18ba8adf1296e66a4487076e95dac,5.094891,1773022026,17b37e11ab9d9f205733304621c95269f87365804833df449563a3d43174dc2e,206,103.00,3.94,1,6,4,0.023522,0.593014,TopoStake,pog(D=3_omega=0.50),1.53,25,0
5,3,0xb2a7fe70a6f3137d38f6cb4c3ec6dd1e24f2d5f4,1.423099,1773022028,6b8a0683c98be5e3af51e0d6934802aba8d7c9dd8bb517071587e0de063b7c7a,199,99.50,4.01,2,5,4,0.023522,0.593019,TopoStake,pog(D=3_omega=0.50),1.44,26,0
5,4,0x89100a8056319ba37491b32ba255004180607bc2,2.787668,1773022031,5d8c24baa0e225a438e5d1758522cc79c3058b00e6d4d0686726831f74a0cc62,209,104.50,4.31,1,6,4,0.023720,0.595276,TopoStake,pog(D=3_omega=0.50),1.45,27,0
6,0,0x49b57eb4dace37c8819daf079c9c674f766d4f38,1.231893,1773022033,a6de8e00846e4669896ef902662bc6b094cc8baac882021acd831d826aaabfe2,209,104.50,3.80,1,5,4,0.023753,0.596549,TopoStake,pog(D=4_omega=0.50),1.46,28,0
6,1,0x4414c05be2cf328f38d2e3ef4b705d6b894f044a,3.090781,1773022035,32846b5f9818a4b71236cf4a06ba0dbc675480c467f7487e74a72f34ed7eb96c,202,101.00,3.92,2,6,4,0.023753,0.596556,TopoStake,pog(D=4_omega=0.50),1.50,29,0
6,2,0x13f9dadc05f6c237b03411e2aed1800cf21a5d89,0.278537,1773022037,a618d67fb5e8b4596b243597c21eb2897060cd2c842894c56007f9ee0f6edefe,191,95.50,3.93,1,5,4,0.023819,0.598076,TopoStake,pog(D=4_omega=0.50),1.46,30,0
6,3,0x63f4973c0df8a5358405f396dc0673a463c48de9,4.902275,1773022039,c747f5dfccf80cb47ebee50fb2475fa1e131867a07f2b46d60636b4e624b6c61,208,104.00,3.06,1,5,3,0.023546,0.593984,TopoStake,pog(D=4_omega=0.50),1.55,31,0
6,4,0x07902d0371763a00d97ed9ba16ff0a206cb0fd19,3.535042,1773022041,615e079b2faa4aa08e2d5038841289edd7f0abf6395bea86d6dd3a16c4ac4a07,202,101.00,3.54,1,5,4,0.023818,0.596675,TopoStake,pog(D=4_omega=0.50),1.52,32,0
7,0,0x6064b9f5883bf9737dfe314ff68c56e09e68ac89,4.193553,1773022043,798b6c5b4fe31f6670f067602807e20122dc8a9929bc227ab1cab0df3cd29b15,187,93.50,2.73,1,4,3,0.023922,0.598418,TopoStake,pog(D=3_omega=0.50),1.47,33,0
7,1,0xa3786e459f289a76c0e8af8ad834e3d0c6d47199,4.727941,1773022045,fd115adf09df3d1ac9094e0f8fab195f0e871bab0d8874c648f71ebcabd4c872,214,107.00,3.79,1,5,4,0.024095,0.600544,TopoStake,pog(D=3_omega=0.50),1.48,34,0
7,2,0x4414c05be2cf328f38d2e3ef4b705d6b894f044a,4.091716,1773022047,f0de504bfb5ca11f8888bbf6d8ba161a0a16b744988c0a43965fcf99bde7f191,208,104.00,4.22,1,6,4,0.024320,0.602855,TopoStake,pog(D=3_omega=0.50),1.48,35,0
7,3,0xac768e60b9269babb15cb1e36ee843243d7c7543,4.719294,1773022049,ac4e79bd61b973ecdcda64099e9b6d376d400b67fc4aaf4e492c50a4d07338bc,198,99.00,3.87,1,5,4,0.024465,0.604654,TopoStake,pog(D=3_omega=0.50),1.39,36,0
7,4,0xd1cd4b808ce6b2841ad42746b64c5a047e857ef0,3.242043,1773022051,0ccc38b7945ec1c8f8de61b35bdc55e4a40b19b879e00f4ea771800ec3ab0668,230,115.00,3.85,1,5,4,0.024672,0.606694,TopoStake,pog(D=3_omega=0.50),1.30,37,0
8,0,0xa3786e459f289a76c0e8af8ad834e3d0c6d47199,5.728817,1773022053,c83a85ef62629d6badd520257cff7aa5e4adc9408d4394c288f560726d6da5a2,231,115.50,3.98,1,6,4,0.024712,0.607924,TopoStake,pog(D=3_omega=0.50),1.14,38,0
8,1,0x63f4973c0df8a5358405f396dc0673a463c48de9,5.903337,1773022055,2d6f62f1a00131176b3b61e2f0b65dfddefdc788db7eebbd5b354fb46049fd96,198,99.00,4.15,1,6,4,0.025010,0.610625,TopoStake,pog(D=3_omega=0.50),1.10,39,0
8,2,0xb7b4ee0a72bc410bf6d32b9cd3f3e11fc756d6f1,1.083608,1773022057,aa032d724a32c5dfdf01e7630b46071fef8294ee777fea63f2f9bf1628055280,250,125.00,3.67,2,5,4,0.025315,0.613218,TopoStake,pog(D=3_omega=0.50),0.91,40,0
8,3,0x07902d0371763a00d97ed9ba16ff0a206cb0fd19,4.536240,1773022059,16e815cabb06657b6e3f82e6b89b5ead70e3bfd7238fc31d0a1eaefde9df3c25,186,93.00,3.80,1,6,4,0.025117,0.611670,TopoStake,pog(D=3_omega=0.50),0.49,41,0
8,4,0x719361397abe003a91af76243e5f9c7a0cd4279f,5.545746,1773022061,2ac1b6119892233439177a37a3b0461970d194bd5a856a2618afd6cab1c0b117,225,112.50,2.80,1,4,3,0.025269,0.613342,TopoStake,pog(D=3_omega=0.50),0.60,42,0
9,0,0x719361397abe003a91af76243e5f9c7a0cd4279f,6.546591,1773022063,230d76175109fbad4a36f7d26269744fdec981da9126b1f9db8a43fe868f0938,179,89.50,3.77,1,5,4,0.025515,0.615620,TopoStake,pog(D=3_omega=0.50),0.49,43,0
9,1,0x6064b9f5883bf9737dfe314ff68c56e09e68ac89,5.194637,1773022065,345a00585239d1a583065bc232a80f506f7e46da4ef757692b0f43a7da6e99bd,196,65.33,3.85,1,5,4,0.025849,0.618171,TopoStake,pog(D=3_omega=0.50),1.52,44,0
9,2,0x07902d0371763a00d97ed9ba16ff0a206cb0fd19,5.537397,1773022068,53e9d54213cb2665c06829a24f3e67b9225d05fc1126a6e2d6c71a868584a591,202,101.00,3.86,1,5,4,0.026041,0.620055,TopoStake,pog(D=3_omega=0.50),1.55,45,0
9,3,0xa9105f442328d397529b8e4e9e656fa89016ff45,0.470850,1773022069,c365806a675dff417af620e03f62fa44e07f2f5bb1b4dfaac28869bd3537062e,211,105.50,2.77,1,4,3,0.026041,0.620056,TopoStake,pog(D=3_omega=0.50),1.51,46,0
9,4,0xd1cd4b808ce6b2841ad42746b64c5a047e857ef0,4.243200,1773022071,37a21c98692cd2695528f78d41fcc6cc814f0086ef4574a33d2a6b5173b3e2ed,73,73.00,3.70,1,5,4,0.025776,0.616773,TopoStake,pog(D=3_omega=0.50),1.00,47,0
10,0,0x719361397abe003a91af76243e5f9c7a0cd4279f,7.547626,1773022073,f35292a164340bb1ff0b8327ffda661258898ef88149359d5435ad7a2ea4d3a6,202,101.00,3.94,1,6,4,0.025870,0.618121,TopoStake,pog(D=3_omega=0.50),1.53,48,0
10,1,0x58a21eeb7ab18ba8adf1296e66a4487076e95dac,6.096071,1773022075,20258a3006b5f8d86110b20afe439b2f2fbc97472df542bf3bebbd6ce3e67eb7,233,116.50,3.90,1,5,4,0.026265,0.620665,TopoStake,pog(D=3_omega=0.50),1.49,49,0
10,2,0x606627477c3734932f47972f83c27cf4e3b35b4f,3.378113,1773022077,cc0072ce354c78efae5289c08ed1489580f09026240ef43e3430e710deffa296,206,103.00,3.90,1,5,4,0.026514,0.622828,TopoStake,pog(D=3_omega=0.50),1.48,50,0
10,3,0x016d3fc36beee7caa8fbd6c1caa42461dd7f9850,1.880835,1773022079,b53b87bba0b8e09c8af1da1d471076dd9e850c2403ca426e2e90d3e6bbca5865,213,106.50,3.53,1,5,4,0.026509,0.623780,TopoStake,pog(D=3_omega=0.50),1.41,51,0
10,4,0x1d1d2c63625de70b1e5ef40056bd2deb89d7fef2,0.071526,1773022081,c1eab0ac534a9df22a840b0b2b942822c29921bb3da9f346d2b8ed7631075ca0,202,101.00,3.10,1,4,3,0.026369,0.623349,TopoStake,pog(D=3_omega=0.50),1.41,52,0
11,0,0x606627477c3734932f47972f83c27cf4e3b35b4f,4.379151,1773022083,01e961344e3b63061bb5b929588142750cfe7e09ffbd8c9d3e77f43b6b2b3f2f,213,106.50,3.64,1,5,4,0.026071,0.618465,TopoStake,pog(D=3_omega=0.50),1.29,53,0
11,1,0x89100a8056319ba37491b32ba255004180607bc2,3.788747,1773022085,77ae74843cea97f098435e27f0029f5e4eaa045a9c8600a432b383a4fdb1ea09,250,125.00,3.65,1,5,4,0.026152,0.619657,TopoStake,pog(D=3_omega=0.50),1.08,54,0
11,2,0x1796dc61e715f15a2d27dfa32bd34780f12a8c24,1.724905,1773022087,ceb9bfa112886a468c58ac3785c3ea67924217eafa38aa026580f5bcceee0a36,207,103.50,3.86,1,5,4,0.026178,0.620582,TopoStake,pog(D=3_omega=0.50),0.81,55,0
11,3,0x213068cb42718d1dd6d00a6d94d62a3def0e68eb,0.370246,1773022089,0473fb583a5852a3f0c431995fea878bd35e3bd414d2cd6235727321a00768fb,212,106.00,3.31,1,5,3,0.026027,0.619902,TopoStake,pog(D=3_omega=0.50),0.70,56,0
11,4,0x6064b9f5883bf9737dfe314ff68c56e09e68ac89,6.195768,1773022091,52902b2cce04190645d3d0a989ebf8608262b9f77ec7cf27eb34f4243a82ce8c,218,72.67,3.72,1,5,4,0.025765,0.616313,TopoStake,pog(D=3_omega=0.50),1.52,57,0
12,0,0x89100a8056319ba37491b32ba255004180607bc2,4.789791,1773022093,d6c2dbf953c9a3c61f214b059d955ac22e0c2c0ae02ac45d1a27fd20d8657b87,170,85.00,3.84,1,5,4,0.025986,0.618314,TopoStake,pog(D=3_omega=0.50),1.46,58,0
12,1,0x63f4973c0df8a5358405f396dc0673a463c48de9,6.904775,1773022095,0d57b94a4deb0fbc16c9b5ccf16e8bde0ce758f5f5e71f3a745a3b252085c3d0,203,101.50,3.98,2,5,4,0.026086,0.619572,TopoStake,pog(D=3_omega=0.50),1.56,59,0
12,2,0xc24b36dee27726233c3bbd9e1f028f98b6b2a424,2.413316,1773022097,c86b1bfc448dfb864c566c0a362266f2b7d5ef5402d3216843ead35d0874df6c,92,92.00,3.67,1,5,4,0.026351,0.621737,TopoStake,pog(D=3_omega=0.50),1.00,60,0
12,3,0xa3786e459f289a76c0e8af8ad834e3d0c6d47199,6.729942,1773022099,73ea7f9774e848fa2361f3a312623d0f2cc86fe497ea59b5313c7822da008d84,201,100.50,3.97,1,6,4,0.026251,0.621823,TopoStake,pog(D=3_omega=0.50),1.49,61,0
12,4,0x1796dc61e715f15a2d27dfa32bd34780f12a8c24,2.725893,1773022101,43faa862d236d8c2079108f089a4a5b496b911de178ee2c64171b53818d15dca,202,101.00,4.17,1,6,4,0.026489,0.623777,TopoStake,pog(D=3_omega=0.50),1.47,62,0
13,0,0xe478b1e4d1538274c0c70cbd7df877f9abab2f62,2.300254,1773022103,268a732f910693527b9e465e40eccacac2dc54e5c4681d66852391dbe638222e,207,103.50,3.36,1,5,3,0.026411,0.624101,TopoStake,pog(D=3_omega=0.50),1.48,63,0
13,1,0x9c39f7fffaa5c5cfab20dfdd05663497918580c1,0.427357,1773022105,af55423b1d76b76486e6986d8ba8ebc9d7d116ed69c2e6259d13cb040892936f,199,99.50,3.97,1,5,4,0.026299,0.623838,TopoStake,pog(D=3_omega=0.50),1.43,64,0
13,2,0x4414c05be2cf328f38d2e3ef4b705d6b894f044a,5.092861,1773022107,362c658d8da66c1aeadc836fdae554e48747876ed85dde0eac61d337f5f20248,207,103.50,4.02,1,5,4,0.026048,0.620462,TopoStake,pog(D=3_omega=0.50),1.40,65,0
13,3,0x13f9dadc05f6c237b03411e2aed1800cf21a5d89,1.279737,1773022109,d1d2d9ad129caa8d92ce4e82dabd2b5f5ff930e35355f89e14926bdbc4169780,220,110.00,3.79,1,5,4,0.026147,0.621795,TopoStake,pog(D=3_omega=0.50),1.23,66,0
13,4,0xe6ebb0cdfd04183d498964e5efc4096ba77b17d6,4.295188,1773022111,3ae485512ded4560b88f41c41235c0e9fb52dea7d959e387a519be786eb9b437,250,125.00,3.10,1,5,3,0.025962,0.620491,TopoStake,pog(D=3_omega=0.50),1.00,67,0
14,0,0x269cdf52f97e1d9f14b7be895155a7b294f0b21d,1.727194,1773022113,446f9c55a80f41f7835c8c73440b87db111f40110194f10dd2fd12d249dfb12c,203,101.50,4.04,1,6,4,0.025999,0.621285,TopoStake,pog(D=3_omega=0.50),0.67,68,0
14,1,0xc24b36dee27726233c3bbd9e1f028f98b6b2a424,3.414321,1773022115,c2aea8d749e47545dc04d4448b7b22e3a6c7dfc015244344c46fe8186ddb376f,220,73.33,3.60,1,5,4,0.025848,0.620380,TopoStake,pog(D=3_omega=0.50),1.52,69,0
14,2,0x0d91704595bff3aec25d40822498a51c62b05e3a,0.571070,1773022118,602137eec16a2ccf279b3e9514625aeabda3a1ffc44a8b79cff8c1828f6bf741,202,101.00,3.99,1,6,4,0.025819,0.621001,TopoStake,pog(D=3_omega=0.50),1.56,70,0
14,3,0xe6ebb0cdfd04183d498964e5efc4096ba77b17d6,5.296174,1773022119,61853c5e5e347a27ed8cb5d3869dfea00c6b1a564d8a271e4f0d978ee46c918c,205,102.50,3.36,1,5,3,0.025589,0.618031,TopoStake,pog(D=3_omega=0.50),1.46,71,0
14,4,0xeb82a21cb3d0dd781eb22ad74bb7cd9b4d2a06ec,2.924597,1773022121,4425585c747ac3ea0f03d2e08c61b7366473227660b13fe09b2ce663cc255402,98,98.00,4.17,2,6,4,0.025691,0.619377,TopoStake,pog(D=3_omega=0.50),1.00,72,0
15,0,0x63f4973c0df8a5358405f396dc0673a463c48de9,7.905308,1773022123,7d5747b4fc100e60a5ada94f97e0841f4efba854618366886faa57c457c0f9ca,198,99.00,3.99,1,6,4,0.025626,0.619674,TopoStake,pog(D=3_omega=0.50),1.49,73,0
15,1,0xd61b00c297972877b45f8d7f4d67fdaf20c67c59,0.335588,1773022125,7000103412e115d23f5a5e22c46d92db5039b75af6ac73af80cf3c6494a4ddeb,214,107.00,3.50,1,5,4,0.025898,0.621760,TopoStake,pog(D=3_omega=0.50),1.47,74,0
15,2,0xc24b36dee27726233c3bbd9e1f028f98b6b2a424,4.415288,1773022127,bdd138ff85d1d15e2c7fb3eb74db7503392a3f74ea8a61ef9c93ff9f29a0c672,190,95.00,4.44,1,6,5,0.025655,0.618114,TopoStake,pog(D=3_omega=0.50),1.44,75,0
15,3,0x89100a8056319ba37491b32ba255004180607bc2,5.790868,1773022129,946888d8b1f8ede01ada76ad952529a2490a4a83c2aa85ecf4b3655f414d02e7,211,105.50,3.98,1,6,4,0.025686,0.618788,TopoStake,pog(D=3_omega=0.50),1.32,76,0
15,4,0xc24b36dee27726233c3bbd9e1f028f98b6b2a424,5.416325,1773022131,ea14196cceb092dc3e0fd9d666c9b36f204282885cfcb1262d585c5a4afe4129,224,112.00,3.78,1,5,4,0.025805,0.620253,TopoStake,pog(D=3_omega=0.50),1.01,77,0
16,0,0x0d91704595bff3aec25d40822498a51c62b05e3a,1.572091,1773022133,cc57b4104564aeb2e200a3f1d52281951fce8bc04b7fa740fa3204356e2aec00,225,75.00,4.03,1,6,4,0.025895,0.621442,TopoStake,pog(D=3_omega=0.50),1.80,78,0
16,1,0xe478b1e4d1538274c0c70cbd7df877f9abab2f62,3.301207,1773022135,6730a1163402911dac60c70bd0e10eb4183f89e420217733cedb82083207689a,181,90.50,3.29,1,5,3,0.025735,0.620371,TopoStake,pog(D=3_omega=0.50),1.52,79,0
16,2,0x1d1d2c63625de70b1e5ef40056bd2deb89d7fef2,1.072166,1773022137,7da89c88626f4f6309018e8b4a1ffd3761c4b594766e61343f23d8e85dc76aca,194,97.00,4.04,2,5,4,0.025687,0.620753,TopoStake,pog(D=3_omega=0.50),1.53,80,0
16,3,0xa068e3c9a21c8d8be636cd2d285895979ec3262e,1.968729,1773022139,84a5aa7374d7bba76d01dddf40cdddf9ff6ba5e3b1c7a46f536b30437948e8b6,103,103.00,3.58,1,5,4,0.025499,0.618921,TopoStake,pog(D=3_omega=0.50),1.00,81,0
16,4,0x26d553a2f4343b3a7dc88bbd87b3d0a25d3838d9,3.219865,1773022141,7fc25fafb21e01c0e03001570306569356c92fd8d9a01c1dabdd4dda1ec8c581,205,102.50,4.36,1,6,4,0.025369,0.618132,TopoStake,pog(D=3_omega=0.50),1.47,82,0
17,0,0xac768e60b9269babb15cb1e36ee843243d7c7543,5.720609,1773022143,7b7e193e5efd78daf00b1280c62661eaefd4b1120faf325282eaed3082d7c98d,203,101.50,3.77,1,5,4,0.025317,0.618386,TopoStake,pog(D=3_omega=0.50),1.49,83,0
17,1,0x13f9dadc05f6c237b03411e2aed1800cf21a5d89,2.281053,1773022145,28b999c883207b8bb92a43dddf022b1315e721a1f279594b2b4011d9032b299a,220,110.00,3.95,1,6,4,0.025416,0.619595,TopoStake,pog(D=3_omega=0.50),1.47,84,0
17,2,0xd39dbd3662315e3935ec08e6b6028e73b3c09de2,0.922770,1773022147,b5c64198c8fe7a6b4c7fc93423b01207cf579bb24ced976456b4d152b477ea74,221,110.50,2.96,1,4,3,0.025305,0.619059,TopoStake,pog(D=3_omega=0.50),1.16,85,0
17,3,0x6064b9f5883bf9737dfe314ff68c56e09e68ac89,7.196927,1773022149,b28b34d4fb66eb591fd6326fc937d4bcf0c88490e8bf0fb3b901a0a851f72170,167,83.50,4.66,1,6,5,0.025115,0.616887,TopoStake,pog(D=3_omega=0.50),1.20,86,0
17,4,0x53be6e527cc5a7d850b5eae27b9cef342e0665f2,0.041045,1773022151,6e593c4c0b0057508c4cb6c45275384b89886ad587ccb0c8b7715dd828763263,247,123.50,3.75,1,5,4,0.025295,0.618638,TopoStake,pog(D=3_omega=0.50),0.98,87,0
18,0,0x07902d0371763a00d97ed9ba16ff0a206cb0fd19,5.539187,1773022153,08a78a2ef5d51e8126d887a0ef8bd88bdcf52fb1add24d850e85a7794610db56,230,76.67,3.44,1,5,4,0.025055,0.614155,TopoStake,pog(D=3_omega=0.50),1.62,88,0
18,1,0x016d3fc36beee7caa8fbd6c1caa42461dd7f9850,2.881906,1773022156,5590d7d9bf216a1161920075c8248dfaf422d51b4b89497e08f3f965e124aecb,198,99.00,2.72,1,4,3,0.025133,0.615186,TopoStake,pog(D=3_omega=0.50),1.47,89,0
18,2,0x269cdf52f97e1d9f14b7be895155a7b294f0b21d,2.728268,1773022157,7a8d2b95ada819b215f900fe5213e6b3fd8c486c74b2547053abef96bb5b00bc,184,92.00,3.11,1,4,3,0.025058,0.615158,TopoStake,pog(D=3_omega=0.50),1.57,90,0
18,3,0xe6ebb0cdfd04183d498964e5efc4096ba77b17d6,6.296682,1773022159,aab87191b2ab1bbac313111783eafc777ebaa0646c4bd81e4050e64c74fc1e70,93,93.00,3.63,1,5,4,0.024974,0.614927,TopoStake,pog(D=3_omega=0.50),1.00,91,0
18,4,0xcb7977f4997b4252c0152e135dd79b3cfe35c1a5,0.627900,1773022161,843636759e0afb3b19144d229219af2e3cf0ea9754ed41874371e8fac6738d6b,175,87.50,4.04,1,6,4,0.025089,0.616267,TopoStake,pog(D=3_omega=0.50),1.46,92,0
19,0,0xd39dbd3662315e3935ec08e6b6028e73b3c09de2,1.923214,1773022163,8b9eff88393c427cdff4ebc5df0de3ea64d5af638fd05b8801309a22890db97f,197,98.50,4.18,1,6,4,0.024889,0.613454,TopoStake,pog(D=3_omega=0.50),1.55,93,0
19,1,0x07902d0371763a00d97ed9ba16ff0a206cb0fd19,6.540327,1773022165,0e3d36b523df5cd2f4d565f3d14a9039b6cd6bac1c25ca4cad870dbab33429fe,207,103.50,4.49,1,6,5,0.024762,0.612490,TopoStake,pog(D=3_omega=0.50),1.51,94,0
19,2,0xbc3f8508d26048f2064aa8c068f4c94d08d77d18,3.068582,1773022167,4b63561a25b6b5374cf561f35de78261672f3655eed48aec55ca76cd8c1cf7fb,250,125.00,2.77,1,4,3,0.024885,0.613858,TopoStake,pog(D=3_omega=0.50),1.10,95,0
19,3,0xea287b266dbe2c2d402fd91814bcfc4c95d6b0fd,1.163723,1773022169,48e5e706461494d224be4c241f9ce127c37fe25aa210f611e5a7f098225f94e5,193,96.50,4.21,1,6,4,0.024819,0.613793,TopoStake,pog(D=3_omega=0.50),0.82,96,0
19,4,0x269cdf52f97e1d9f14b7be895155a7b294f0b21d,3.728679,1773022171,2f5e8703a48826785d45043f3517a4e52c6ba9c864e8ff05ff844503376252a1,217,72.33,4.04,1,6,4,0.024652,0.612044,TopoStake,pog(D=3_omega=0.50),1.78,97,0
20,0,0xac61c91e7d24df824351a6c4e562a75f0cf646f8,0.251358,1773022174,9251c5d4a786a8e049b6c57fb219cc12381f8c7ffda25cf0507662366943cc4b,201,100.50,3.57,1,5,4,0.024622,0.612368,TopoStake,pog(D=3_omega=0.50),1.54,98,0
20,1,0x719361397abe003a91af76243e5f9c7a0cd4279f,8.549409,1773022175,1eb4116d6716a35cbea049f501c20fc7d0ac4572f7b3bcacc0357c07dfc51868,174,87.00,4.05,2,6,4,0.024622,0.612370,TopoStake,pog(D=3_omega=0.50),1.47,99,0
20,2,0x26d553a2f4343b3a7dc88bbd87b3d0a25d3838d9,4.220905,1773022177,71bfbd126d9fc8b948ff9ebd8aba3ef28bd0c3a008b7c6f763660e4423f3516d,83,83.00,3.82,2,5,4,0.024839,0.614259,TopoStake,pog(D=3_omega=0.50),1.00,100,0
20,3,0x34412315480562da4810040fd15c81f99880e1ab,2.898583,1773022179,bfe5dd2c0278c811d5fdc6ca683147b13831c4eef3f0572e4c445d679661f237,207,103.50,3.77,1,5,4,0.024830,0.614689,TopoStake,pog(D=3_omega=0.50),1.49,101,0
20,4,0x606627477c3734932f47972f83c27cf4e3b35b4f,5.380459,1773022181,71daa6cf5c483b37e7f5d878e848dd137778615ca18f0f4c712112eec175d0c2,209,104.50,3.95,1,6,4,0.024753,0.614395,TopoStake,pog(D=3_omega=0.50),1.49,102,0
21,0,0xd46407aa7b668c72de3cf1c1a12b7fa2e308a1b2,1.991158,1773022183,927eb231fb3974ac5eec4dd05cb950c95e5413206aa5a42bb87463c0138a13ea,250,125.00,3.54,1,5,4,0.024801,0.615196,TopoStake,pog(D=3_omega=0.50),1.23,103,0
21,1,0x13f9dadc05f6c237b03411e2aed1800cf21a5d89,3.282501,1773022185,3e6fb64af2dc0df19f2bfa763975c0340909adaad9c64bc99655f6c2186be4b0,241,120.50,3.87,1,5,4,0.024678,0.614204,TopoStake,pog(D=3_omega=0.50),0.85,104,0
21,2,0x07902d0371763a00d97ed9ba16ff0a206cb0fd19,7.541981,1773022187,b082884b6665bb03f4ff864cba9e3344b9b23f8dc4733c3ac2488c28b6acbb2a,216,72.00,3.07,1,5,3,0.024620,0.614074,TopoStake,pog(D=3_omega=0.50),1.60,105,0
21,3,0x3d92e045fb1847aae132b40ebfcc471a32f687de,0.127249,1773022190,3f6ccbe1f627f52e9ef7e8ecd6cc88d750d53d27843e97b77e46d93bdb518729,179,89.50,2.85,2,4,3,0.024769,0.615653,TopoStake,pog(D=3_omega=0.50),1.45,106,0
21,4,0x37cc7a82e66d4f4c2ae13b9ee895d3af1a1d7a05,0.263175,1773022192,36dd769a31fe67b1362a1e103e9b665dde1cc4b71cd8938f2569a214b375aa96,203,101.50,3.96,1,5,4,0.024556,0.611762,TopoStake,pog(D=3_omega=0.50),1.53,107,0
22,0,0xf5ecb44daf07a1d1073dbc89baf04bd7541fa517,0.067134,1773022194,7168cdfc9659c08a5f01f19f7977444ded2e92d9d9dbfdfac6ca724c54464df2,187,93.50,3.94,1,6,4,0.024354,0.608176,TopoStake,pog(D=3_omega=0.50),1.50,108,0
22,1,0x81d019380961f92c2031b0a7fba69f7675145088,0.493335,1773022196,e9da2d2675007cd7e8b1c9d74e21beead21809e9a481b8afdf70d1f0d467b869,193,96.50,4.03,1,6,4,0.024145,0.603986,TopoStake,pog(D=3_omega=0.50),1.41,109,0
22,2,0x719361397abe003a91af76243e5f9c7a0cd4279f,9.549918,1773022198,20f81b4699b9b2922f27e61177cb43642599804efec5024dfd0077db9be2b9b4,243,121.50,3.64,1,5,4,0.023959,0.600837,TopoStake,pog(D=3_omega=0.50),1.32,110,0
22,3,0xac768e60b9269babb15cb1e36ee843243d7c7543,6.721924,1773022200,c6d890ebb39de6e4715ac4ba215d3224e0aac86e1eca695a64d41914a59479be,226,113.00,3.86,1,5,4,0.024194,0.602715,TopoStake,pog(D=3_omega=0.50),1.02,111,0
22,4,0xa3786e459f289a76c0e8af8ad834e3d0c6d47199,7.731060,1773022202,38cdf60412cbeb5bc4e845eb709033c5ea50c2a958ec2745feeb1d746a4ed8e3,214,71.33,4.06,1,5,4,0.024294,0.603999,TopoStake,pog(D=3_omega=0.50),1.78,112,0
23,0,0x016d3fc36beee7caa8fbd6c1caa42461dd7f9850,3.882981,1773022205,2b112340c0a0100ce565ee9a9ba40992779f498d03487a7d87535a9833997333,211,105.50,4.20,1,6,4,0.024294,0.604003,TopoStake,pog(D=3_omega=0.50),1.58,113,0
23,1,0x89100a8056319ba37491b32ba255004180607bc2,6.792108,1773022206,fcbafecf4ebf25a762a1adc120c6582caf9a919b08bddfbbdedb77a16abac9ee,177,88.50,3.07,1,4,3,0.024403,0.605753,TopoStake,pog(D=3_omega=0.50),1.53,114,0
23,2,0xb7b4ee0a72bc410bf6d32b9cd3f3e11fc756d6f1,2.083885,1773022208,68d326089e6659efa502348a2056efb6c7cbdd9eba91e339254bbf1b299c4319,121,121.00,3.93,1,5,4,0.024498,0.606939,TopoStake,pog(D=3_omega=0.50),1.00,115,0
23,3,0x016d3fc36beee7caa8fbd6c1caa42461dd7f9850,4.883852,1773022210,4b340e0d1a8319a64e69b0f3762d2cc8bf4dc7c2483eb212cad406ba955031a7,209,104.50,3.89,1,6,4,0.024383,0.606035,TopoStake,pog(D=3_omega=0.50),1.45,116,0
23,4,0x016d3fc36beee7caa8fbd6c1caa42461dd7f9850,5.884982,1773022212,6092de48f7c95b27f86886ea89ccbfdd274e82ea7e6f6c55e3f436ab16498cf6,226,113.00,3.12,1,4,3,0.024391,0.606589,TopoStake,pog(D=3_omega=0.50),1.32,117,0
24,0,0x269cdf52f97e1d9f14b7be895155a7b294f0b21d,4.729667,1773022214,7d4314f0f649f8f9d84cf3f36df1574c6f8114731abcaab6ae6661f16dcef469,250,125.00,3.16,2,4,3,0.024441,0.607426,TopoStake,pog(D=3_omega=0.50),1.09,118,0
24,1,0x1d1d2c63625de70b1e5ef40056bd2deb89d7fef2,2.072386,1773022216,0973b86b873d9f36184dd21f4fd70adcb7c9fbd0cd0f329771a68fa8fe9ceb44,250,125.00,3.61,1,5,4,0.024440,0.607834,TopoStake,pog(D=3_omega=0.50),0.80,119,0
24,2,0x719361397abe003a91af76243e5f9c7a0cd4279f,10.551190,1773022218,1cd7baf51c3690831b086f152e49df0fa6e6b6d009fff0839078b01dd94fb943,213,71.00,3.73,2,5,4,0.024324,0.606841,TopoStake,pog(D=3_omega=0.50),1.65,120,0
24,3,0x6414c6a8400ff3419cd81855d09de2848d770e0e,1.155641,1773022221,b4fbf8b2f225bd86f0ab95869a0148f8422ad10df0031f836c38f555be401044,205,102.50,3.83,1,5,4,0.024567,0.608604,TopoStake,pog(D=3_omega=0.50),1.55,121,0
24,4,0xac768e60b9269babb15cb1e36ee843243d7c7543,7.722979,1773022223,cbf56652d8c6e0caba0c806e79c01301eff27fb859c04ae03ed1cb1296d362a2,182,91.00,3.94,1,5,4,0.024412,0.606898,TopoStake,pog(D=3_omega=0.50),1.47,122,0
25,0,0x016d3fc36beee7caa8fbd6c1caa42461dd7f9850,6.886262,1773022225,8942c28e03a631767f0581d3bf75bbef4f2d0468270819aba2c7149439a6a782,196,98.00,4.04,1,6,4,0.024531,0.608252,TopoStake,pog(D=3_omega=0.50),1.57,123,0
25,1,0x71f297f96355f349d66f0e9b681e7d4e11224660,0.170201,1773022227,6edab69f1e7cead74b2ee87e26d3039d7f7e8172d0c35fd367f21549ae84c596,195,97.50,3.13,1,4,3,0.024613,0.609304,TopoStake,pog(D=3_omega=0.50),1.34,124,0
25,2,0xc24b36dee27726233c3bbd9e1f028f98b6b2a424,6.417429,1773022229,d4800d57efb0dc67171a53e682613edaaa501423034abd96dd644c4d9d25780e,189,94.50,3.94,1,5,4,0.024419,0.605557,TopoStake,pog(D=3_omega=0.50),1.41,125,0
25,3,0x07902d0371763a00d97ed9ba16ff0a206cb0fd19,8.543698,1773022231,9f7680cd75799db056900f1c57c4cc273f413920793f34b948882b8df974bc3e,250,125.00,3.92,1,6,4,0.024479,0.606430,TopoStake,pog(D=3_omega=0.50),1.09,126,0
25,4,0x9c39f7fffaa5c5cfab20dfdd05663497918580c1,1.427529,1773022233,94b00b9fa43481c5feebf46bc15c408d78136b99480e5e3925fe1c8f2fce771a,238,79.33,2.75,1,4,3,0.024622,0.607994,TopoStake,pog(D=3_omega=0.50),1.68,127,0
26,0,0xcb7977f4997b4252c0152e135dd79b3cfe35c1a5,1.628379,1773022236,5e88e506f6caa4765d1c0fb0eec819e029dc24544c972ce0139763d657b40e67,224,112.00,4.06,1,5,4,0.024479,0.606559,TopoStake,pog(D=3_omega=0.50),1.56,128,0
26,1,0xa068e3c9a21c8d8be636cd2d285895979ec3262e,2.969050,1773022237,3b055e11e44b20d9c7d8b97cbd2ad78f69cb620f3219ac2df5c4c02da910d3c6,193,96.50,4.18,2,6,4,0.024347,0.605194,TopoStake,pog(D=3_omega=0.50),1.49,129,0
26,2,0x07902d0371763a00d97ed9ba16ff0a206cb0fd19,9.544928,1773022239,0ae3a76e6241446719c05aaeae25030ab968d79120ce254ba67e97d3aba86678,111,111.00,4.34,1,6,5,0.024268,0.604846,TopoStake,pog(D=3_omega=0.50),0.98,130,0
26,3,0xc4dc29db975b952e04358340e56b68fa4ba63fbc,0.542384,1773022241,240b8d7cc77b3533149c84db58bbfa2da3a5c3f7735eff1bede5246bb69142de,232,116.00,2.72,1,4,3,0.024442,0.606454,TopoStake,pog(D=3_omega=0.50),1.45,131,0
26,4,0xac768e60b9269babb15cb1e36ee843243d7c7543,8.723998,1773022243,4076560e79ff31e3082971e86406ae8e4c671cc222ec4682aabb3b3dd06539c3,214,107.00,3.68,1,5,4,0.024269,0.603521,TopoStake,pog(D=3_omega=0.50),1.34,132,0
27,0,0xaadc5fea232580cb8fba739ac5d05a48559c7e52,3.357162,1773022245,22c285273157f456f7e11b68c50b18d09e066f227677c00c6fcbf9e2e0e81542,209,104.50,3.98,2,6,4,0.024407,0.605017,TopoStake,pog(D=3_omega=0.50),1.08,133,0
27,1,0x9c39f7fffaa5c5cfab20dfdd05663497918580c1,2.428515,1773022247,63c1467d58689cf0d88d897316f76f54dc9120d364cbc4539312e6ec69cadd12,192,64.00,4.27,1,6,4,0.024341,0.604811,TopoStake,pog(D=3_omega=0.50),1.90,134,0
27,2,0x50f7fa851f9314d682e36da5caa4635039b5305d,0.104301,1773022250,8c21517d2d5da0fc32a0a8d9b456f6fc8452ef96ca57d2798f784b49e9ae8a95,206,103.00,4.00,1,5,4,0.024241,0.604033,TopoStake,pog(D=3_omega=0.50),1.71,135,0
27,3,0x30509a8084fdfe6fe24d9c9a817c209ad194f8e3,2.657255,1773022251,48ba76c38095c4bcbb7b0861db91b8b9b94736d25e01519747424662cd154007,190,95.00,3.37,1,5,3,0.024055,0.600192,TopoStake,pog(D=3_omega=0.50),1.58,136,0
27,4,0xc24b36dee27726233c3bbd9e1f028f98b6b2a424,7.418736,1773022253,9394c4c0def0b495992891ee293eadba8627b601a112bc4e554b25cdefb3042f,102,102.00,3.40,1,5,3,0.023966,0.599526,TopoStake,pog(D=3_omega=0.50),1.00,137,0
28,0,0x269cdf52f97e1d9f14b7be895155a7b294f0b21d,5.730934,1773022255,4f7559e4493cc4f360e6879ab30641249db582c64483465677650734a6f32c0c,209,104.50,3.99,1,6,4,0.024049,0.600630,TopoStake,pog(D=3_omega=0.50),1.47,138,0
28,1,0xc24b36dee27726233c3bbd9e1f028f98b6b2a424,8.419801,1773022257,bb651cff7504d07d51c6b5692f437725c9e94db405c988980a1391b54a4f99e3,202,101.00,3.55,1,5,4,0.024070,0.601267,TopoStake,pog(D=3_omega=0.50),1.49,139,0
28,2,0x1cb1274c711a6c2e4e1596846e6ac604eeefb358,0.406941,1773022259,7e3a9d190326f9a273fe0ef7d0cfefab5a5e4f8fc39209559ed9a14b2dbce96a,224,112.00,4.00,2,6,4,0.024185,0.602593,TopoStake,pog(D=3_omega=0.50),1.18,140,0
28,3,0x719361397abe003a91af76243e5f9c7a0cd4279f,11.552532,1773022261,f70e48943d9b3c5cc4927081b720077c0422d7876c74fa502240dd771e100a31,249,124.50,3.51,1,5,4,0.024014,0.599396,TopoStake,pog(D=3_omega=0.50),0.91,141,0
28,4,0x63f4973c0df8a5358405f396dc0673a463c48de9,8.906940,1773022263,7097b220b9b3ff6813917898a239936d8db1553a08f91e2ccc26068991780f10,232,77.33,3.87,1,5,4,0.024015,0.599399,TopoStake,pog(D=3_omega=0.50),1.58,142,0
29,0,0x269cdf52f97e1d9f14b7be895155a7b294f0b21d,6.731977,1773022265,0c0bcebfd3ac5fab73bde4f50863af3f7a709c4ccb06014adc28df18582ef937,204,102.00,3.67,2,5,4,0.024362,0.602382,TopoStake,pog(D=3_omega=0.50),1.54,143,0
29,1,0x687bf2437a044a3e42ff2f8a79a8e54ba9601f70,1.065607,1773022267,e179ab7a6933c956a3fd8ff03a973aecf62d619676126ca2f9f64702f3e6773d,123,123.00,3.59,2,5,4,0.024409,0.603173,TopoStake,pog(D=3_omega=0.50),1.00,144,0
29,2,0xe6ebb0cdfd04183d498964e5efc4096ba77b17d6,7.297851,1773022269,39f1c9c7de8a1abbd265d09b347f436fd49d65dc919d7f82c897e8b284780149,203,101.50,3.69,1,5,4,0.024262,0.601279,TopoStake,pog(D=3_omega=0.50),1.53,145,0
29,3,0xaadc5fea232580cb8fba739ac5d05a48559c7e52,4.357946,1773022271,6c162f793be519c8d4f0963f58a90d10345684372e8ab7972c24c888ed97142a,172,86.00,4.14,1,6,4,0.024327,0.602192,TopoStake,pog(D=3_omega=0.50),1.53,146,0
29,4,0x81193196c1dbdbf80709d43a5af5ce21c201fbd7,0.837516,1773022273,b3e7df04a8f3ad162b3a3674c200a124ddb1b95f26335eaab7b9fc9b3f06216b,224,112.00,4.26,1,6,4,0.024291,0.602413,TopoStake,pog(D=3_omega=0.50),1.39,147,0
30,0,0x13f9dadc05f6c237b03411e2aed1800cf21a5d89,4.284329,1773022275,064c7dec845e7b3cadcef8e6a8eda6b01b25c364e5aad04116afd60983f07232,250,125.00,3.87,1,6,4,0.024138,0.600059,TopoStake,pog(D=3_omega=0.50),1.09,148,0
30,1,0xc774b0fee7cabbef3b1ae14bf36db3df0d32c1df,1.172451,1773022277,3685e12977a5f1948b8495e96e0458a57cb166d937ee55d75f02eaeeb3d3f64f,243,81.00,3.08,1,5,3,0.024100,0.600193,TopoStake,pog(D=3_omega=0.50),1.69,149,0
30,2,0xa447d277b02012c2afd9ddcbbe123f27cc971963,2.808960,1773022279,5eee006eba769170b7a9c7b9813641b3059dea3816022e762dc51ab00bb2eb51,205,102.50,4.09,2,5,4,0.023960,0.598373,TopoStake,pog(D=3_omega=0.50),1.47,150,0
30,3,0x269cdf52f97e1d9f14b7be895155a7b294f0b21d,7.732657,1773022281,16bc3ad910cd4faefd8c55b697737befb3bbf7445cbc5ea1851dae98f6bf80cd,101,101.00,3.45,1,5,4,0.023875,0.597760,TopoStake,pog(D=3_omega=0.50),1.00,151,0
30,4,0xc24b36dee27726233c3bbd9e1f028f98b6b2a424,9.421012,1773022283,7889ffdc9f056a3249d815748307844b9a8dfe1d11687967c932d814e7974cce,171,85.50,3.61,1,5,4,0.023950,0.598762,TopoStake,pog(D=3_omega=0.50),1.43,152,0
31,0,0x075e1d95c7891e1c00414ca1aa9a7a8cf6270019,0.140813,1773022285,5ab11a8e927f9ec08a77e21c471b8bae55f724a33a81d1b3d08c170bcb36ea40,203,101.50,4.00,1,6,4,0.024076,0.600108,TopoStake,pog(D=3_omega=0.50),1.43,153,0
31,1,0x269cdf52f97e1d9f14b7be895155a7b294f0b21d,8.733509,1773022287,de3b2de99910dd8ebdd2de6ce6083e085fdde94a584ac2f2e57aa600f5e29f75,250,125.00,3.14,1,5,3,0.023905,0.596477,TopoStake,pog(D=3_omega=0.50),1.34,154,0
31,2,0x4414c05be2cf328f38d2e3ef4b705d6b894f044a,6.094126,1773022289,d0361587bf081ca6b0034c46e1f9df1776d1668254b31a987d594673385ec6ff,227,113.50,3.68,1,5,4,0.024007,0.597648,TopoStake,pog(D=3_omega=0.50),0.79,155,0
31,3,0xd1cd4b808ce6b2841ad42746b64c5a047e857ef0,5.244299,1773022291,947e00169755862562545d3e5592f3b292123bf6d3aa2d1ed8465c1d6db7a57c,197,65.67,3.90,1,5,4,0.024024,0.598232,TopoStake,pog(D=3_omega=0.50),1.50,156,0
31,4,0xac768e60b9269babb15cb1e36ee843243d7c7543,9.725212,1773022294,d8236a0372b2560b119ed7dd49aace4736bcbf1989e1f44de4d359c5ba7fd1f7,195,97.50,3.87,2,6,4,0.024013,0.598644,TopoStake,pog(D=3_omega=0.50),1.59,157,0
32,0,0x016d3fc36beee7caa8fbd6c1caa42461dd7f9850,7.887812,1773022296,9c0ac656a14e725111929c0991409a3d6ecfb85676c10fa3ded13228cc17dbce,201,100.50,3.95,1,6,4,0.024140,0.599972,TopoStake,pog(D=3_omega=0.50),1.49,158,0
32,1,0x3d92e045fb1847aae132b40ebfcc471a32f687de,1.127700,1773022298,f862118791091bd71dc2906484f1f97287fb8f4d3883ef2f31ab6252ea1ea8de,218,109.00,3.08,1,4,3,0.024208,0.600912,TopoStake,pog(D=3_omega=0.50),1.46,159,0
32,2,0xc4dc29db975b952e04358340e56b68fa4ba63fbc,1.543011,1773022300,aa4382069871520a257549698fe526b0efcb355f9217bde03c402592c96b7094,207,103.50,3.92,1,5,4,0.024070,0.599025,TopoStake,pog(D=3_omega=0.50),1.45,160,0
32,3,0x4414c05be2cf328f38d2e3ef4b705d6b894f044a,7.095077,1773022302,372f0d3cdbc479ac32181f147f5f979dbf448263de41f5a61ccba01145d959e9,231,115.50,3.58,1,5,4,0.023945,0.597576,TopoStake,pog(D=3_omega=0.50),1.25,161,0
32,4,0x269cdf52f97e1d9f14b7be895155a7b294f0b21d,9.734685,1773022304,f73b8619334b67bcd671e8b0b3d327463a1328d77ba02d95bec156a2b47374d6,250,125.00,3.84,1,5,4,0.023987,0.598271,TopoStake,pog(D=3_omega=0.50),1.02,162,0
33,0,0x075e1d95c7891e1c00414ca1aa9a7a8cf6270019,1.141958,1773022306,e791eee85f8953b9d4d1b8c3211fb071b95a51a1dd3e4176a33512e443a482b9,250,83.33,3.58,1,5,4,0.024106,0.599501,TopoStake,pog(D=3_omega=0.50),1.81,163,0
33,1,0xd46407aa7b668c72de3cf1c1a12b7fa2e308a1b2,2.991744,1773022309,87fc2427a6290811a53d075190b5d53ce31f9d31786d08fed4ca92552f0aafff,105,52.50,3.17,1,4,3,0.023970,0.597545,TopoStake,pog(D=3_omega=0.50),1.20,164,0
33,2,0x1796dc61e715f15a2d27dfa32bd34780f12a8c24,3.727577,1773022311,b9ebcccf1a369816321987a3bac2d0409e0c596b47ea9e179a9b0bd84d82516e,182,91.00,3.75,1,5,4,0.023970,0.597549,TopoStake,pog(D=3_omega=0.50),1.49,165,0
33,3,0x1cb1274c711a6c2e4e1596846e6ac604eeefb358,1.407836,1773022313,5a8c334c48b410b1cb29c5d04d69a0c39b13b1424df925efecd54117b6dcf409,203,101.50,3.39,1,5,3,0.023831,0.596926,TopoStake,pog(D=3_omega=0.50),1.57,166,0
33,4,0xea287b266dbe2c2d402fd91814bcfc4c95d6b0fd,2.163899,1773022315,ba00244debecbecbb7f8902f1b496e334f79dcd50160b88e2e0c25e45a550198,188,94.00,3.37,1,5,3,0.023705,0.595270,TopoStake,pog(D=3_omega=0.50),1.49,167,0
34,0,0x07902d0371763a00d97ed9ba16ff0a206cb0fd19,10.547789,1773022317,dc6163815229894d7afb58b3cd1cb4315e4e7f0f3565b6215adcbcd91df97f29,201,100.50,4.11,1,6,4,0.023603,0.594247,TopoStake,pog(D=3_omega=0.50),1.48,168,0
34,1,0x6064b9f5883bf9737dfe314ff68c56e09e68ac89,8.198794,1773022319,9d3e2d7f180ff9a61d05e9739f4fc3e758caf6c888b9c251937abd34fe708e89,250,83.33,2.74,1,4,3,0.023738,0.595637,TopoStake,pog(D=3_omega=0.50),2.21,169,0
34,2,0x07902d0371763a00d97ed9ba16ff0a206cb0fd19,11.549084,1773022322,49a8e154b3915121cbcce8c31ca997af5669a243284b2e01ec9d955218b22200,250,125.00,3.88,1,5,4,0.023805,0.596571,TopoStake,pog(D=3_omega=0.50),1.98,170,0
34,3,0xa9105f442328d397529b8e4e9e656fa89016ff45,1.469326,1773022323,29c946e0e770d7986d323124c1d39b04921c43f74839072a8cf25b36c42fb17b,107,53.50,2.64,2,4,3,0.023963,0.597967,TopoStake,pog(D=3_omega=0.50),1.38,171,0
34,4,0x8c11ec9090dd820c076e57e899d9c604c79d6b32,1.565535,1773022325,1077da20017e8def6e615929644fbedf8fe7ca0bab956384714e00e622fc0685,88,88.00,3.66,1,5,4,0.023840,0.596310,TopoStake,pog(D=3_omega=0.50),1.00,172,0
35,0,0xdcf2130496e27a8094ab996aea4aa77788d65869,5.506724,1773022327,1cb1c230afd173ba76f45850ffd96fb3b8686fccb9cbba47ea863ca984046b62,220,110.00,4.12,1,6,4,0.023721,0.594677,TopoStake,pog(D=3_omega=0.50),1.48,173,0
35,1,0x81d019380961f92c2031b0a7fba69f7675145088,1.493683,1773022329,df136a6f23e5a926217f3232253d2698cba1d97b9c2b8af74e805872844ec3eb,202,101.00,3.87,1,5,4,0.023710,0.595061,TopoStake,pog(D=3_omega=0.50),1.42,174,0
35,2,0x606627477c3734932f47972f83c27cf4e3b35b4f,6.381859,1773022331,99959398f750697cf8a9f558698508a2bf76a195bb6c65356d99335f0cdf3a4b,247,123.50,3.62,1,5,4,0.023590,0.593315,TopoStake,pog(D=3_omega=0.50),1.20,175,0
35,3,0x2abf89d7c96c80fcff9dec1fe92803573094ee35,0.226392,1773022333,0a7f842db9f627953408c6d35715160eef3acbecb7d8211820f86a705ca9cb09,241,80.33,3.72,1,5,4,0.023602,0.593832,TopoStake,pog(D=3_omega=0.50),1.79,176,0
35,4,0xd1cd4b808ce6b2841ad42746b64c5a047e857ef0,6.245159,1773022336,dc21d6a72aee81570ab2ec27e5b641cd30110ba674e3a2f221446f3f6d3ea076,222,111.00,3.72,1,5,4,0.023449,0.590586,TopoStake,pog(D=3_omega=0.50),1.64,177,0
36,0,0xd46407aa7b668c72de3cf1c1a12b7fa2e308a1b2,3.992432,1773022337,175b6585bd024cb869a4d851f39410db855e9ee5a91c910b1f1be8f113914f6a,196,98.00,3.90,1,6,4,0.023449,0.590587,TopoStake,pog(D=3_omega=0.50),1.49,178,0
36,1,0x269cdf52f97e1d9f14b7be895155a7b294f0b21d,10.736093,1773022339,10286005bdad4816c003417605fda37dd2775af7a1399b6d6649a1f7bf3ff591,89,89.00,3.69,1,5,4,0.023406,0.591007,TopoStake,pog(D=3_omega=0.50),0.99,179,0
36,2,0x63f4973c0df8a5358405f396dc0673a463c48de9,9.908048,1773022341,e7a1e4b4055cc101636c962abc94adc707d5c082b99b61ca7997332ed3f1a8a4,182,91.00,3.69,1,5,4,0.023531,0.592309,TopoStake,pog(D=3_omega=0.50),1.50,180,0
36,3,0xe6ebb0cdfd04183d498964e5efc4096ba77b17d6,8.298802,1773022343,222dff21625db20160a66eb36211ed10fd32873b0c691a76b2f280099b709e84,236,118.00,3.54,1,5,4,0.023631,0.593433,TopoStake,pog(D=3_omega=0.50),1.31,181,0
36,4,0xeaa5003682d7289190651081ae2bee847097afc5,0.759499,1773022345,4a2cd1035a03c7fc5d3f1516af956bb3a34dbc04c6f9792927caf79e72a5e650,235,117.50,4.09,1,6,4,0.023688,0.594290,TopoStake,pog(D=3_omega=0.50),1.16,182,0
37,0,0x213068cb42718d1dd6d00a6d94d62a3def0e68eb,1.370126,1773022347,570ec61dbe4413c25d59efef6ca4b5fea3d36da2f7183b0ba65b552721a75489,190,95.00,4.27,1,6,4,0.023552,0.591778,TopoStake,pog(D=3_omega=0.50),0.78,183,0
37,1,0x71f297f96355f349d66f0e9b681e7d4e11224660,1.170398,1773022350,d7afdb8758d220838a10a2ebd4d0104a0b84ea4c78a74c5fcb0da166d2713874,204,68.00,3.64,1,5,4,0.023432,0.589908,TopoStake,pog(D=3_omega=0.50),1.63,184,0
37,2,0xac61c91e7d24df824351a6c4e562a75f0cf646f8,0.249919,1773022351,80c3e9be3212fb3cd76eee11e2465dae751521c56a83fdf025efc7174c5d3eb1,194,97.00,3.91,1,5,4,0.023432,0.589910,TopoStake,pog(D=3_omega=0.50),1.51,185,0
37,3,0x63f4973c0df8a5358405f396dc0673a463c48de9,10.909260,1773022353,a938030a642a043d790975c8d7f2efd370547e08500320d9449574e9e53fd941,92,92.00,4.05,1,6,4,0.023285,0.586704,TopoStake,pog(D=3_omega=0.50),0.98,186,0
37,4,0x9c39f7fffaa5c5cfab20dfdd05663497918580c1,3.429043,1773022355,b29daa088671db92830896d687f6aca9d489d80ca28dd42fc76fb6a1e77bda94,195,97.50,3.63,1,5,4,0.023406,0.587935,TopoStake,pog(D=3_omega=0.50),1.49,187,0
38,0,0x1796dc61e715f15a2d27dfa32bd34780f12a8c24,4.728619,1773022357,f05f89e0715895d185340414c0eba048b813e31148891542ed2c896090e42b4d,209,104.50,4.02,1,5,4,0.023339,0.587620,TopoStake,pog(D=3_omega=0.50),1.38,188,0
38,1,0x269cdf52f97e1d9f14b7be895155a7b294f0b21d,11.737129,1773022359,38cd5b8fddedacbe082dead4cedb58afdfa711608d2770d3a7e5d228733584f1,250,83.33,3.35,1,5,3,0.023305,0.587777,TopoStake,pog(D=3_omega=0.50),2.05,189,0
38,2,0xc24b36dee27726233c3bbd9e1f028f98b6b2a424,10.422357,1773022362,6ad57bd74b8fb85c66b03b8bd6b37e1668d3b95838a0389d52f4f5846905da1c,245,122.50,3.69,1,5,4,0.023441,0.589063,TopoStake,pog(D=3_omega=0.50),1.78,190,0
38,3,0x07902d0371763a00d97ed9ba16ff0a206cb0fd19,12.550693,1773022363,d84f12860289c209421d45ac7f36b697633ddd9b50fa019ec57bf07d56da9eaf,207,103.50,3.98,1,6,4,0.023544,0.590163,TopoStake,pog(D=3_omega=0.50),1.52,191,0
38,4,0xdcf2130496e27a8094ab996aea4aa77788d65869,6.507554,1773022365,191bd4d959bbdcba40f2fdfe6e58536d03559fbf0a1cf0661c4d61fd4dfb8d4c,93,93.00,2.75,1,4,3,0.023696,0.591544,TopoStake,pog(D=3_omega=0.50),1.00,192,0
39,0,0xd46407aa7b668c72de3cf1c1a12b7fa2e308a1b2,4.992797,1773022367,943e1b1d6ea69363819cb0749d0897d199315a7b86db53f98321cfb28927e12c,212,106.00,3.91,1,5,4,0.023700,0.591945,TopoStake,pog(D=3_omega=0.50),1.43,193,0
39,1,0x13f9dadc05f6c237b03411e2aed1800cf21a5d89,5.286476,1773022369,cead3a518ff6e11514cb3f4442ef3e480610fac11acdc4941c334f2f69fabf42,206,103.00,3.95,1,5,4,0.023667,0.592106,TopoStake,pog(D=3_omega=0.50),1.45,194,0
39,2,0x4414c05be2cf328f38d2e3ef4b705d6b894f044a,8.096303,1773022371,03ff1ff5edd5f043e9e2bfdeafeaeadf02e33469993d46e530c295d21382fac2,250,125.00,3.09,1,5,3,0.023642,0.592294,TopoStake,pog(D=3_omega=0.50),1.31,195,0
39,3,0x786f26993bf015cd2da6fb5d3ccd1879e01246ab,0.288464,1773022373,998455d020ddef95d1c2a2b9b90445110130c2c3fcd914542baaa23f81314413,243,121.50,3.91,1,5,4,0.023682,0.593014,TopoStake,pog(D=3_omega=0.50),1.00,196,0
39,4,0x3513d672439a59c26cc5711f2b715ccb4810a774,1.290875,1773022375,7363691a89bf402033ad0a17c166762e55965d4528b1fdcc710342e81204658e,201,67.00,3.98,1,5,4,0.023539,0.589900,TopoStake,pog(D=3_omega=0.50),1.62,197,0
40,0,0x50f7fa851f9314d682e36da5caa4635039b5305d,1.104546,1773022377,31e850696636ea5676ffa7c12f5dbfefe6dd784ea2cab20edb8c927c52cfde2a,191,95.50,3.88,1,5,4,0.023539,0.589903,TopoStake,pog(D=3_omega=0.50),1.48,198,0
40,1,0x719361397abe003a91af76243e5f9c7a0cd4279f,12.554413,1773022379,6456f8493e58c0aef73724c2a40fd9cfb906c39056c6f0452e1aec769e7c757b,129,129.00,3.36,1,5,3,0.023299,0.585846,TopoStake,pog(D=3_omega=0.50),1.00,199,0
40,2,0x13f9dadc05f6c237b03411e2aed1800cf21a5d89,6.287825,1773022381,8920665737a55941fad6ed8e4f63ff4f2e5af139484e0249d314c969b3d0924f,191,95.50,3.86,1,5,4,0.023440,0.587137,TopoStake,pog(D=3_omega=0.50),1.54,200,0
40,3,0xc774b0fee7cabbef3b1ae14bf36db3df0d32c1df,2.172745,1773022383,b635025056fb98c7c36f6ab748f1a9b5eb405897bd6255bd9e2d9128e4a9af06,210,105.00,2.90,1,5,3,0.023437,0.587436,TopoStake,pog(D=3_omega=0.50),1.36,201,0
40,4,0x30405867b72597aaeb27803bb2c7f3f5fc7d5384,1.517199,1773022385,a402e4b899700ff8cd8c791be7b82c49c966bd902ebac0e9007e188f8af32f6e,222,111.00,3.97,1,5,4,0.023340,0.586401,TopoStake,pog(D=3_omega=0.50),1.22,202,0
41,0,0xa9105f442328d397529b8e4e9e656fa89016ff45,2.469380,1773022387,026ba9fb327e58d160e6405557bf75e1f6e6a6ff95e997e0feb80a79cdea9ba0,250,125.00,3.48,1,5,4,0.023229,0.584606,TopoStake,pog(D=3_omega=0.50),1.08,203,0
41,1,0x07902d0371763a00d97ed9ba16ff0a206cb0fd19,13.551622,1773022389,5208b5cb2a03516b24815548e24e19140eeabc386f2e97fdd75fd2cf925bf129,222,74.00,3.79,1,5,4,0.023141,0.583788,TopoStake,pog(D=3_omega=0.50),1.78,204,0
41,2,0x30509a8084fdfe6fe24d9c9a817c209ad194f8e3,3.657606,1773022392,bd0f2b0e0314e1b7c7e8900e9d67d03ea96b636970014f8a8ada37063c64ec92,214,107.00,2.77,1,4,3,0.023298,0.585141,TopoStake,pog(D=3_omega=0.50),1.56,205,0
41,3,0x9c39f7fffaa5c5cfab20dfdd05663497918580c1,4.429970,1773022394,e8cec15f4fbf22a0fdf560eb07ac529e1c08cc4ddc331c19f6a4a0b4fed2349b,162,81.00,3.44,1,5,4,0.023235,0.584910,TopoStake,pog(D=3_omega=0.50),1.46,206,0
41,4,0x34412315480562da4810040fd15c81f99880e1ab,3.898849,1773022396,ccd0e16106621526ff4a62f0a0cf48bc938aafd67a10551081232a405e887fc3,211,105.50,3.92,1,5,4,0.023190,0.584869,TopoStake,pog(D=3_omega=0.50),1.51,207,0
42,0,0x13f9dadc05f6c237b03411e2aed1800cf21a5d89,7.288964,1773022398,7879b44234534e0cc73e6b065f887691ee23c3c3ea12b99808ef3e913c710684,204,102.00,4.02,1,6,4,0.023133,0.584665,TopoStake,pog(D=3_omega=0.50),1.40,208,0
42,1,0xeaa5003682d7289190651081ae2bee847097afc5,1.759964,1773022400,7ce31bb00fb00056ede9f6a83366949e4dd7374fcb0e201bb2ef139a90a31a03,250,125.00,2.99,1,5,3,0.023149,0.585223,TopoStake,pog(D=3_omega=0.50),1.27,209,0
42,2,0xe184aeec69f3313df03bef8752946c65f0a70021,0.088411,1773022402,775c79d12d9d1b4abe8ab5924c2914e68e2a545fabb930d6e4725a75b4b87b68,223,111.50,4.21,1,6,4,0.023046,0.583666,TopoStake,pog(D=3_omega=0.50),1.04,210,0
42,3,0x63f4973c0df8a5358405f396dc0673a463c48de9,11.910523,1773022404,75ff18a468135a340800db42991928eb3c795f87b121222c8bfd6c76b3be52e9,234,78.00,3.97,1,5,4,0.022909,0.580415,TopoStake,pog(D=3_omega=0.50),1.77,211,0
42,4,0x606627477c3734932f47972f83c27cf4e3b35b4f,7.382985,1773022406,d323249fe1ec663c8445989c3f17088a25ae975acbb3336cefd136788e12bbe3,187,93.50,3.56,2,5,4,0.023022,0.581563,TopoStake,pog(D=3_omega=0.50),1.54,212,0
43,0,0x89100a8056319ba37491b32ba255004180607bc2,7.793009,1773022408,2c5d8cebfade2d20093099e0ad147f0e173574f60888351427b7e4c46f5ba5d9,95,95.00,3.77,2,5,4,0.023039,0.582083,TopoStake,pog(D=3_omega=0.50),1.00,213,0
43,1,0x016d3fc36beee7caa8fbd6c1caa42461dd7f9850,8.889699,1773022410,605622649ce0261fc1a8d63a54bfd492967ac2517ea305e1f2eb0109ced64381,196,98.00,3.88,1,5,4,0.023063,0.582629,TopoStake,pog(D=3_omega=0.50),1.48,214,0
43,2,0x30509a8084fdfe6fe24d9c9a817c209ad194f8e3,4.658410,1773022412,e4ad15f4ff8639e8e9170ced265a82f6d48d6269f7fe8b2343c9fc266409b979,250,125.00,3.06,1,4,3,0.023109,0.583498,TopoStake,pog(D=3_omega=0.50),1.34,215,0
43,3,0xb7b4ee0a72bc410bf6d32b9cd3f3e11fc756d6f1,3.084159,1773022414,f5a06d7013a6ce587feae68badb15c19c182d819fcde65f377c810d884f6676c,249,124.50,3.21,1,5,3,0.023068,0.583440,TopoStake,pog(D=3_omega=0.50),1.08,216,0
43,4,0xd61b00c297972877b45f8d7f4d67fdaf20c67c59,1.334320,1773022416,973d2dce6343b5b1c5f553e9286801a42159c88be6940eebecaa25b66bf437f2,223,111.50,4.00,1,6,4,0.022994,0.582890,TopoStake,pog(D=3_omega=0.50),0.80,217,0
44,0,0xd1cd4b808ce6b2841ad42746b64c5a047e857ef0,7.246070,1773022419,358a39f9ca2be3fcd9effe2819ebc4c316c9eab21969d96220cc3d34d8970546,212,70.67,4.34,1,6,5,0.022885,0.580949,TopoStake,pog(D=3_omega=0.50),1.67,218,0
44,1,0x3513d672439a59c26cc5711f2b715ccb4810a774,2.291632,1773022420,fb6da1ea42fc99a1287626763074eadc5941883da059c073ae77078073fc71b4,214,107.00,3.90,1,6,4,0.022885,0.580951,TopoStake,pog(D=3_omega=0.50),1.58,219,0
44,2,0xd39dbd3662315e3935ec08e6b6028e73b3c09de2,2.922722,1773022422,9083d72e3ce06573d8ce8746302069737e0694eb1a55996d23c7c633debc941b,105,105.00,3.92,1,5,4,0.022807,0.580328,TopoStake,pog(D=3_omega=0.50),1.00,220,0
44,3,0x719361397abe003a91af76243e5f9c7a0cd4279f,13.555666,1773022424,6f9cfcaa632824d21dd64352ed6a6d5bb6eaf8a56c842564b6ceb195c15474f5,206,103.00,4.53,1,6,5,0.022732,0.579640,TopoStake,pog(D=3_omega=0.50),1.52,221,0
44,4,0xdcf2130496e27a8094ab996aea4aa77788d65869,7.508594,1773022426,3ab575b965b18ce5714bc48d24682d6ddee1aef7ac977d32e085763f1f1158cc,201,100.50,3.78,1,5,4,0.022867,0.580873,TopoStake,pog(D=3_omega=0.50),1.41,222,0
45,0,0xd1cd4b808ce6b2841ad42746b64c5a047e857ef0,8.247165,1773022428,8f0fd68c85313e697fdbc7dafc8de3d3fc9432c84e7aa3d4a597bea9ab2f8ee1,250,125.00,3.89,1,5,4,0.022882,0.581256,TopoStake,pog(D=4_omega=0.50),1.23,223,0
45,1,0xac768e60b9269babb15cb1e36ee843243d7c7543,10.726612,1773022430,3eb96316a3c1d7f78c6b807f00326a5a3118927f463ab432cf9b8dfcc9b2d736,238,79.33,3.99,1,6,4,0.022910,0.581833,TopoStake,pog(D=4_omega=0.50),1.87,224,0
45,2,0x50f7fa851f9314d682e36da5caa4635039b5305d,2.104925,1773022433,a688a51a833b5011f8cb3a28e96bf461bfe5ffdd57512b28d2eeab59493de17d,178,89.00,4.01,1,6,4,0.022986,0.582816,TopoStake,pog(D=4_omega=0.50),1.51,225,0
45,3,0x3d92e045fb1847aae132b40ebfcc471a32f687de,2.128282,1773022434,c1112154f16e189216af5a5372d14e8fe81a98bb935bf1efe3d838ddf7b1cb6c,205,102.50,3.36,1,4,3,0.022893,0.581562,TopoStake,pog(D=4_omega=0.50),1.51,226,0
45,4,0x37cc7a82e66d4f4c2ae13b9ee895d3af1a1d7a05,1.262431,1773022436,3c6a88b682d197877d7afdc795fc4b3b43708fffc9c134159e03e34c3a354a24,90,90.00,3.68,1,5,4,0.022802,0.580282,TopoStake,pog(D=4_omega=0.50),1.00,227,0
46,0,0x075e1d95c7891e1c00414ca1aa9a7a8cf6270019,2.142556,1773022438,dcec9166c2a71f38105bba191196a84cbb1c6c738b91212b86a5a0d080fdc75d,189,94.50,3.85,1,6,4,0.022696,0.578290,TopoStake,pog(D=3_omega=0.50),1.50,228,0
46,1,0x269cdf52f97e1d9f14b7be895155a7b294f0b21d,12.738773,1773022440,c16c8e513fd54295291e4b64cf71ff93380da0a5584dc9dfaea00aaa9c80c19d,224,112.00,3.04,1,5,3,0.022606,0.576972,TopoStake,pog(D=3_omega=0.50),1.29,229,0
46,2,0x58a21eeb7ab18ba8adf1296e66a4487076e95dac,7.097602,1773022442,0c7a6536fa8a0e5fb790fd97c5b345ce3c6e02f11bb5fcfee90347892ba82741,244,122.00,3.60,1,5,4,0.022717,0.578110,TopoStake,pog(D=3_omega=0.50),1.05,230,0
46,3,0x8c11ec9090dd820c076e57e899d9c604c79d6b32,2.565979,1773022444,e6aecb1031f6eab1b414211379287396b4e074fa7845d5c56bed1a257dd7b59a,246,82.00,3.82,1,5,4,0.022721,0.578394,TopoStake,pog(D=3_omega=0.50),1.80,231,0
46,4,0x81193196c1dbdbf80709d43a5af5ce21c201fbd7,1.837756,1773022447,14688891590f674cdc334964c85716fe5d4cc06b07018e9389cbe8d2798d3b66,185,92.50,4.13,1,6,4,0.022639,0.577439,TopoStake,pog(D=3_omega=0.50),1.63,232,0
47,0,0x89100a8056319ba37491b32ba255004180607bc2,8.793972,1773022448,be22cd151cc8da216a594b9506617fb791fcd576b02998a40000038144a6fc36,204,102.00,3.98,1,6,4,0.022639,0.577440,TopoStake,pog(D=3_omega=0.50),1.62,233,0
47,1,0xdcf2130496e27a8094ab996aea4aa77788d65869,8.509691,1773022450,bd769dbd02ff05ec12bbf20b2d2ba06f5e77044b0361867601e0be101ca8bd81,89,89.00,3.80,1,5,4,0.022674,0.578173,TopoStake,pog(D=3_omega=0.50),1.00,234,0
47,2,0x1796dc61e715f15a2d27dfa32bd34780f12a8c24,5.730064,1773022452,bc8c4e2097719de31617735509a6531b39bb9dca832c58baa95f4cf40024101b,199,99.50,3.85,1,5,4,0.022702,0.578755,TopoStake,pog(D=3_omega=0.50),1.45,235,0
47,3,0x269cdf52f97e1d9f14b7be895155a7b294f0b21d,13.740062,1773022454,183e2479c3e6bf31bc108e70df1c18695f2da6ee7a5ba3d155113fef034da2be,210,105.00,3.28,1,5,3,0.022679,0.578958,TopoStake,pog(D=3_omega=0.50),1.42,236,0
47,4,0xd39dbd3662315e3935ec08e6b6028e73b3c09de2,3.923242,1773022456,a51757c51154c7f6303b815ef3b2818ec9ace7cb1997674e9ff292ea8e299463,242,121.00,3.57,1,5,4,0.022802,0.580103,TopoStake,pog(D=3_omega=0.50),1.09,237,0
48,0,0x13f9dadc05f6c237b03411e2aed1800cf21a5d89,8.290907,1773022458,24773e18e900dda0d2eef8599d5c80b91c59e7ffd88bb7b6f88d9e645dd53e12,192,96.00,4.35,1,6,5,0.022745,0.579853,TopoStake,pog(D=3_omega=0.50),1.07,238,0
48,1,0x53be6e527cc5a7d850b5eae27b9cef342e0665f2,1.040710,1773022461,ea76c143f3c1b27d043a9fe880bcb00a1dcc99aae6044abecaffe29b6cbf32a4,250,83.33,3.10,1,5,3,0.022766,0.580294,TopoStake,pog(D=3_omega=0.50),1.86,239,0
48,2,0x719361397abe003a91af76243e5f9c7a0cd4279f,14.556913,1773022462,0c8379e95d64b0b9be592791d938e5df68f7c56fc6cc233ed98f6a3849ddf792,114,57.00,3.49,1,5,4,0.022767,0.580295,TopoStake,pog(D=3_omega=0.50),1.02,240,0
48,3,0xdcf2130496e27a8094ab996aea4aa77788d65869,9.510642,1773022464,9e4791c49e099fc1657d25336a52606fff2d2d1bfa26f7c90be43fe7125b592e,102,102.00,3.82,1,5,4,0.022899,0.581513,TopoStake,pog(D=3_omega=0.50),1.00,241,0
48,4,0x50f7fa851f9314d682e36da5caa4635039b5305d,3.105860,1773022466,2961c3faf02efac30abb969c85bc823a529410d32bc0514a4ea20aa93f124b31,217,108.50,3.90,1,5,4,0.022941,0.582336,TopoStake,pog(D=3_omega=0.50),1.46,242,0
49,0,0x13f9dadc05f6c237b03411e2aed1800cf21a5d89,9.292201,1773022468,0e475efe667b6d27a4fe802df96d34796a00206994f43de9b3b521056989de0a,250,125.00,3.27,1,5,3,0.022869,0.581678,TopoStake,pog(D=3_omega=0.50),1.20,243,0
49,1,0x13f9dadc05f6c237b03411e2aed1800cf21a5d89,10.293261,1773022470,35573e29fd5d2f226b3025d46ae975de6fd0e0ef1904737ad7001fc460064ce0,214,107.00,3.12,1,5,3,0.022905,0.582409,TopoStake,pog(D=3_omega=0.50),0.79,244,0
49,2,0xe6ebb0cdfd04183d498964e5efc4096ba77b17d6,9.299930,1773022472,b5c2e2dde7cd81301a19d1619482080540c8556fc8f7b35449eacf49c47ada05,197,65.67,3.05,1,5,3,0.022958,0.583249,TopoStake,pog(D=3_omega=0.50),1.51,245,0
49,3,0xcb7977f4997b4252c0152e135dd79b3cfe35c1a5,2.627959,1773022475,9c53f897c3eb8eaf0eca46ac115679d064949fdd990a578a3a030a77f624e10c,189,94.50,3.99,1,6,4,0.022993,0.583914,TopoStake,pog(D=3_omega=0.50),1.51,246,0
49,4,0xaadc5fea232580cb8fba739ac5d05a48559c7e52,5.358551,1773022477,a161402226c6f1885919b1f034a29ee89b7b76876fe53126c7859ad61aae7543,182,91.00,4.23,1,6,4,0.022912,0.582930,TopoStake,pog(D=3_omega=0.50),1.51,247,0
50,0,0xdcf2130496e27a8094ab996aea4aa77788d65869,10.511743,1773022479,9f84fac57f76c48ab80de42cb51bbac45f82953d9080bc93b7d0591d4bb589e7,174,87.00,4.25,1,6,4,0.022879,0.583014,TopoStake,pog(D=3_omega=0.50),1.47,248,0
50,1,0x13f9dadc05f6c237b03411e2aed1800cf21a5d89,11.294284,1773022481,9311cc802e60bd282bc913ecda8f8bf9d8d7551ff9b4da5b5df104907e7f119a,217,108.50,3.86,1,5,4,0.022933,0.583814,TopoStake,pog(D=3_omega=0.50),1.42,249,0
50,2,0xb2a7fe70a6f3137d38f6cb4c3ec6dd1e24f2d5f4,2.421997,1773022483,d34109a385c9274fa38c63bfb127a84f5ac27f289cca511bd621f3900799629b,250,125.00,2.95,1,5,3,0.022999,0.584721,TopoStake,pog(D=3_omega=0.50),1.19,250,0
50,3,0xd39dbd3662315e3935ec08e6b6028e73b3c09de2,4.923838,1773022485,a835cb0ae05f124773068c8bfe0568ced5b1e7d6a79893f0842d1664ef21ade7,197,98.50,4.14,1,6,4,0.022915,0.583566,TopoStake,pog(D=3_omega=0.50),1.04,251,0
50,4,0x53be6e527cc5a7d850b5eae27b9cef342e0665f2,1.040500,1773022487,efd10efce1f8d20e02fa78e440e9b0652c215b8f6e441e20fb24d7458759f083,236,78.67,4.56,1,6,5,0.022874,0.583498,TopoStake,pog(D=3_omega=0.50),1.85,252,0
51,0,0x075e1d95c7891e1c00414ca1aa9a7a8cf6270019,3.143611,1773022490,4e5ab7a29bb299cc9b734c62ebf8012a49f43f0c6cfa717a326b1cea4c1ee375,129,64.50,3.59,1,5,4,0.022768,0.581435,TopoStake,pog(D=3_omega=0.50),1.43,253,0
51,1,0xa3786e459f289a76c0e8af8ad834e3d0c6d47199,8.732098,1773022492,1c6448fb0f202526df65fa3f9918856da0a5b6ad020ede3c5d254bcbdd34aebd,188,94.00,3.05,2,5,3,0.022697,0.580726,TopoStake,pog(D=3_omega=0.50),1.44,254,0
51,2,0x075e1d95c7891e1c00414ca1aa9a7a8cf6270019,4.144521,1773022494,81c2c1f021cd3781f6cec2696e613974cefa721ce8acb59cb3c731425abe8858,185,92.50,4.26,1,6,4,0.022719,0.581196,TopoStake,pog(D=3_omega=0.50),1.49,255,0
51,3,0xc4dc29db975b952e04358340e56b68fa4ba63fbc,2.542836,1773022496,901b0dcca7a5eb1b0176a359a3210f657ebbf2ae90f9376720b0ded62a3c9f62,218,109.00,3.14,1,5,3,0.022666,0.580944,TopoStake,pog(D=3_omega=0.50),1.39,256,0
51,4,0xaadc5fea232580cb8fba739ac5d05a48559c7e52,6.359222,1773022498,925ee11a459223ac2b91f6830e288c16c712dd32039e2646b4c641e9a4c252c6,225,112.50,3.58,1,5,4,0.022586,0.579823,TopoStake,pog(D=3_omega=0.50),1.32,257,0
52,0,0x24898fcb116b48cb2b6fd5d3b4eb599fee0f4633,0.050026,1773022500,2408213700fb4d019501d726735966993f9bbb9a40920397c271c73bc6458924,216,108.00,4.25,1,6,4,0.022569,0.580004,TopoStake,pog(D=3_omega=0.50),1.31,258,0
52,1,0xf5ecb44daf07a1d1073dbc89baf04bd7541fa517,1.065717,1773022502,bf980e6895adfadf7f08add60a144694584d3969a0a4918f2a4a5ea2f3f9d7f7,250,83.33,3.58,1,5,4,0.022450,0.577077,TopoStake,pog(D=3_omega=0.50),2.18,259,0
52,2,0x4ba33404d90c4ae989714d9d174cd882cffb7994,1.115860,1773022505,70e11cb70dfce7bf88f3babcbfa3f1d6a2d43a268f007bdc3755242997685c72,219,109.50,3.96,1,6,4,0.022348,0.575035,TopoStake,pog(D=3_omega=0.50),1.92,260,0
52,3,0x606627477c3734932f47972f83c27cf4e3b35b4f,8.383187,1773022506,058564ca0588d9fb3759c30f5e8e71ad397e4151f9a4394a56a0b72eda18898f,188,94.00,4.45,2,6,4,0.022248,0.572985,TopoStake,pog(D=3_omega=0.50),1.48,261,0
52,4,0x4414c05be2cf328f38d2e3ef4b705d6b894f044a,9.097453,1773022508,3263734fd839b5ad30f14707293f82d692e29ec59179575127b6fce3519f008f,96,96.00,3.51,1,5,4,0.022264,0.573352,TopoStake,pog(D=3_omega=0.50),1.00,262,0
53,0,0x282f43759e22b50aa7989261c51c367f325c3f91,0.349490,1773022510,b43459c3e3f5f8f9b947c87cae09f302959939a5fd53b90ee1274abbefcf3b6b,194,97.00,3.90,1,5,4,0.022290,0.573870,TopoStake,pog(D=3_omega=0.50),1.46,263,0
53,1,0x719361397abe003a91af76243e5f9c7a0cd4279f,15.557655,1773022512,1a3f597f1383dd2caf0b335e6dec647b0342a6cfa1734c78375a3ad18aa2bf67,188,94.00,3.85,1,6,4,0.022179,0.571242,TopoStake,pog(D=3_omega=0.50),1.39,264,0
53,2,0x49b57eb4dace37c8819daf079c9c674f766d4f38,1.228949,1773022514,838f5b2cb424fabf30cee917649925534b2c2f0141a87343ea557453f538cb96,242,121.00,3.76,1,5,4,0.022305,0.572413,TopoStake,pog(D=3_omega=0.50),1.07,265,0
53,3,0x71f297f96355f349d66f0e9b681e7d4e11224660,1.169373,1773022516,db5457f1ed082750db2b7e1341525b95652fda1a9e59a3dd4bea2a6f05291ebf,193,96.50,3.87,1,5,4,0.022208,0.570419,TopoStake,pog(D=3_omega=0.50),0.80,266,0
53,4,0x075e1d95c7891e1c00414ca1aa9a7a8cf6270019,5.145576,1773022519,700ee90a463f9932b9821a11800fcdc12542c04c6a857c103e6c9a628efa431b,212,70.67,3.92,1,5,4,0.022111,0.568339,TopoStake,pog(D=3_omega=0.50),1.60,267,0
54,0,0x269cdf52f97e1d9f14b7be895155a7b294f0b21d,14.741597,1773022520,2fd1f17f3d25ee7eb3ae84bf56d9c191653826db1e0443d865799aab2f1a1fec,215,107.50,3.12,1,5,3,0.022075,0.568318,TopoStake,pog(D=3_omega=0.50),1.51,268,0
54,1,0x07902d0371763a00d97ed9ba16ff0a206cb0fd19,14.555580,1773022522,daadbd9ef2dfa41918271a08d4627a96bc6788147644fb61431ee7cfbba2fad2,99,99.00,3.58,1,5,4,0.022185,0.569429,TopoStake,pog(D=3_omega=0.50),1.00,269,0
54,2,0x13f9dadc05f6c237b03411e2aed1800cf21a5d89,12.296112,1773022524,c46d9bcd123e864a4580e17c6988eaff1994b6abe860ee1c0030e90e07356577,180,90.00,2.76,1,4,3,0.022291,0.570478,TopoStake,pog(D=3_omega=0.50),1.52,270,0
54,3,0x34412315480562da4810040fd15c81f99880e1ab,4.899517,1773022526,d4eddeec69425c1da082802ac5926271ced75951bdf71d75936056bfeca7bd54,227,113.50,2.95,1,5,3,0.022361,0.571433,TopoStake,pog(D=3_omega=0.50),1.28,271,0
54,4,0x606627477c3734932f47972f83c27cf4e3b35b4f,9.383664,1773022528,6b2c6012dd95d6c509ef323f2d6aa313bc93593f4486460b4dbed3d5b2eca504,210,105.00,3.89,1,6,4,0.022320,0.571290,TopoStake,pog(D=3_omega=0.50),1.05,272,0
55,0,0x6064b9f5883bf9737dfe314ff68c56e09e68ac89,9.200390,1773022530,48dded340f8ffc693e5cc659ce824ae2fe8961d61f8d41f48983936d405858c3,250,125.00,3.70,1,5,4,0.022345,0.571840,TopoStake,pog(D=3_omega=0.50),0.87,273,0
55,1,0x269cdf52f97e1d9f14b7be895155a7b294f0b21d,15.742111,1773022532,78524b8283e1b85f2ddb1ecc1cb07e52e6abe8704e5ea654c6eb6cbc2bcfd82c,216,72.00,3.83,1,6,4,0.022367,0.572286,TopoStake,pog(D=3_omega=0.50),1.68,274,0
55,2,0xd39dbd3662315e3935ec08e6b6028e73b3c09de2,5.924482,1773022534,fda3bdf8795a58a54e84f06802d3673cc1fec8036e13d7d3a86aae5749ec9f95,207,103.50,3.60,1,5,4,0.022485,0.573377,TopoStake,pog(D=3_omega=0.50),1.54,275,0
55,3,0xd39dbd3662315e3935ec08e6b6028e73b3c09de2,6.924863,1773022536,9c73b7d6c08118d6d2299c1c749e9f130dd31fd33de26a6b8b87e070593f466d,100,100.00,4.27,1,6,4,0.022458,0.573475,TopoStake,pog(D=3_omega=0.50),1.00,276,0
55,4,0xa068e3c9a21c8d8be636cd2d285895979ec3262e,3.967910,1773022538,8ecd707b2d4331d69615a1e24efcdc5075c6bc323e81bf1a9a59966bbbbc855b,232,116.00,4.48,1,6,5,0.022445,0.573661,TopoStake,pog(D=3_omega=0.50),1.51,277,0
56,0,0xe6ebb0cdfd04183d498964e5efc4096ba77b17d6,10.300861,1773022540,e717b97515d79f98fc07ba6a6cdc7009e73c7c67cbdc0fa6a9b75e554fbe92e0,176,88.00,4.40,1,6,5,0.022389,0.573347,TopoStake,pog(D=4_omega=0.50),1.55,278,0
56,1,0x269cdf52f97e1d9f14b7be895155a7b294f0b21d,16.743153,1773022542,0bbdbe6d6f644473b8b6d1012a3edd38b9d9f1e332475655ffbcc8409263db19,229,114.50,3.89,1,6,4,0.022425,0.574034,TopoStake,pog(D=4_omega=0.50),1.26,279,0
56,2,0x016d3fc36beee7caa8fbd6c1caa42461dd7f9850,9.891643,1773022544,e129e04d05d41a85646573678d23a9833d445e01fd44af61b7ed2e62d55726cf,225,112.50,3.64,1,5,4,0.022552,0.575150,TopoStake,pog(D=4_omega=0.50),0.79,280,0
56,3,0x13f9dadc05f6c237b03411e2aed1800cf21a5d89,13.297538,1773022546,c30f57fe2f9a574cdf1dfd9142017acbca0b82e410dbac9d20580aac9de4567b,183,61.00,3.15,1,4,3,0.022580,0.575726,TopoStake,pog(D=4_omega=0.50),1.66,281,0
56,4,0x30405867b72597aaeb27803bb2c7f3f5fc7d5384,2.517689,1773022549,0f5325eb899ecebdaa6663aa9ae96a85ac088bf4cede29ce7fd839d31b619825,194,97.00,3.11,1,5,3,0.022655,0.576671,TopoStake,pog(D=4_omega=0.50),1.43,282,0
57,0,0x63f4973c0df8a5358405f396dc0673a463c48de9,12.911876,1773022550,5642a7e6db704c9013ca45fd3e08710c2b275a0e1353ba9215ec5e3966ac8421,182,91.00,3.55,1,5,4,0.022577,0.575572,TopoStake,pog(D=3_omega=0.50),1.57,283,0
57,1,0x6064b9f5883bf9737dfe314ff68c56e09e68ac89,10.201502,1773022552,f825ce5409d586da5cff374c8da2dbd22b237bc3cf07ed8871e25780ec238c06,98,98.00,3.64,1,5,4,0.022646,0.576462,TopoStake,pog(D=3_omega=0.50),0.99,284,0
57,2,0xea287b266dbe2c2d402fd91814bcfc4c95d6b0fd,3.163674,1773022554,16a7bf1708f5d29c8f56237ba7b1483cfe5e90f3a95b6b622e013274c9fca710,216,108.00,3.79,1,5,4,0.022676,0.577036,TopoStake,pog(D=3_omega=0.50),1.51,285,0
57,3,0xb990cdf21950e6086c350175c4bc504e45858230,0.117866,1773022556,1b9a2824672ef555136f11a90879be4bc6f33bdaa18248ad6a15590f6955b3fc,208,104.00,4.11,1,6,4,0.022608,0.576311,TopoStake,pog(D=3_omega=0.50),1.46,286,0
57,4,0xd1cd4b808ce6b2841ad42746b64c5a047e857ef0,9.248453,1773022558,f51a899422d7765d302bab0eca14bc56b20df4647285cb10866b898b575e81ae,242,121.00,3.91,1,5,4,0.022498,0.573599,TopoStake,pog(D=3_omega=0.50),1.20,287,0
58,0,0xe6ebb0cdfd04183d498964e5efc4096ba77b17d6,11.301954,1773022560,76a89f3c5f3e0beba0b5d20e657afcc0ad30d33a0b3ba34260b8fcdce34d3ac3,250,125.00,3.97,1,5,4,0.022514,0.573966,TopoStake,pog(D=3_omega=0.50),0.96,288,0
58,1,0x1cb1274c711a6c2e4e1596846e6ac604eeefb358,2.407425,1773022562,0afb256cd8f942d294ada89cb0267d551f6ff619440713d236ca4b520ebcb023,244,81.33,4.06,1,6,4,0.022557,0.574754,TopoStake,pog(D=3_omega=0.50),1.66,289,0
58,2,0x719361397abe003a91af76243e5f9c7a0cd4279f,16.559163,1773022564,32af9484db4e0d830bf47f98989beab94f96032db7c8335bbd5e4fe69e4ecdea,193,96.50,3.51,2,5,4,0.022479,0.573562,TopoStake,pog(D=3_omega=0.50),1.49,290,0
58,3,0xdcf2130496e27a8094ab996aea4aa77788d65869,11.512834,1773022566,7af8717c0d675636a9d171ae8092b1d88a1f1411cb4e4e11b78baa364eda1b12,103,103.00,3.82,1,5,4,0.022593,0.574595,TopoStake,pog(D=3_omega=0.50),1.00,291,0
58,4,0x606627477c3734932f47972f83c27cf4e3b35b4f,10.384882,1773022568,c734c66981cfce6a3564f06c3459c01e9d199d6bd6263947662cbce6db526625,189,94.50,4.03,1,5,4,0.022638,0.575366,TopoStake,pog(D=3_omega=0.50),1.59,292,0
59,0,0xc24b36dee27726233c3bbd9e1f028f98b6b2a424,11.423782,1773022570,3a58dc71d0aff292e7d739b107c633e24c50a33b9dd26ba613f847e78f9c6a93,220,110.00,3.60,1,5,4,0.022666,0.575907,TopoStake,pog(D=3_omega=0.50),1.45,293,0
59,1,0xc24b36dee27726233c3bbd9e1f028f98b6b2a424,12.424927,1773022572,bd0d7b7ba803c7974d89ef2ff42056984085631f1195eace72975acb4f1de1dc,233,116.50,3.90,1,6,4,0.022708,0.576607,TopoStake,pog(D=3_omega=0.50),1.36,294,0
59,2,0x1cb1274c711a6c2e4e1596846e6ac604eeefb358,3.408349,1773022574,fd0492b5122f9ce0cf0d79c9d82d17de71e9dad563374b6a3296633f8a9b98a0,238,119.00,4.05,1,6,4,0.022763,0.577412,TopoStake,pog(D=3_omega=0.50),1.04,295,0
59,3,0xcb7977f4997b4252c0152e135dd79b3cfe35c1a5,3.628292,1773022576,ec4e452567feae1620ead1f983b5ee6ced2de8c6b68af9576da247d4478194d5,195,97.50,3.51,1,5,4,0.022698,0.576816,TopoStake,pog(D=3_omega=0.50),0.68,296,0
59,4,0xa9105f442328d397529b8e4e9e656fa89016ff45,3.469230,1773022579,6cb593a440007860fbf95a8b400eeafddfcba1d074733898c5689752f007dbf1,189,63.00,4.26,1,5,4,0.022636,0.576298,TopoStake,pog(D=3_omega=0.50),1.47,297,0
60,0,0x13f9dadc05f6c237b03411e2aed1800cf21a5d89,14.299117,1773022580,138675ea7947d02aa3f57f86059275884fc6f33c1a2287aecf0fa47b4e82432d,198,99.00,3.72,1,5,4,0.022572,0.575653,TopoStake,pog(D=3_omega=0.50),1.45,298,0
60,1,0xa447d277b02012c2afd9ddcbbe123f27cc971963,3.808370,1773022582,13e37fcc2882d035f8b9ae56e71b59b3ae418e49ece5bb17ca8230e293809a13,85,85.00,2.99,1,4,3,0.022649,0.576559,TopoStake,pog(D=3_omega=0.50),0.98,299,0
60,2,0x13f9dadc05f6c237b03411e2aed1800cf21a5d89,15.299533,1773022584,a1aa4936f12df2a54d521bcc1ed0d8c488f9a1144f290117d2fd31a4d08ef6a6,200,100.00,3.36,1,5,3,0.022590,0.576044,TopoStake,pog(D=3_omega=0.50),1.41,300,0
60,3,0xf82400c4f426bdbd2bc687ffef1f22c1a381c851,0.060363,1773022586,748002233ae37cb141d0ccdbba0bfa6eb07bd3f5c3993b284439abb86a9033d0,229,114.50,2.90,2,5,3,0.022678,0.576981,TopoStake,pog(D=3_omega=0.50),1.21,301,0
60,4,0xeaa5003682d7289190651081ae2bee847097afc5,2.759587,1773022588,68b86f0fb58d913c91595a465e48a9ebda6e7f867844385587d26fbc4bb2192b,229,114.50,3.93,1,5,4,0.022571,0.574260,TopoStake,pog(D=3_omega=0.50),0.97,302,0
61,0,0xaadc5fea232580cb8fba739ac5d05a48559c7e52,7.359888,1773022590,b760234259ef3d9871cfcb64d224c90b18f035335cdfba7b0e0e3e339c9f7a68,221,73.67,4.21,1,6,4,0.022499,0.573212,TopoStake,pog(D=3_omega=0.50),1.95,303,0
61,1,0xeb82a21cb3d0dd781eb22ad74bb7cd9b4d2a06ec,3.924059,1773022593,42dda73bcb8221e6cd1a1c2383e2cbaad993b26838b040ddbe5a882e9399a184,215,107.50,4.40,1,6,5,0.022485,0.573392,TopoStake,pog(D=3_omega=0.50),1.75,304,0
61,2,0x49b57eb4dace37c8819daf079c9c674f766d4f38,2.229420,1773022594,f3ff882dd37dd3b55e10376692cc21d532e48cca962debd54099c58d5021af71,193,96.50,3.98,1,6,4,0.022428,0.572897,TopoStake,pog(D=3_omega=0.50),1.54,305,0
61,3,0x63f4973c0df8a5358405f396dc0673a463c48de9,13.912520,1773022596,c01ab7eddd8b41bf2afd3020e1445025adfb33e0ef23810e9c0f833561f7446f,89,89.00,3.99,2,6,4,0.022351,0.571615,TopoStake,pog(D=3_omega=0.50),1.00,306,0
61,4,0x63f4973c0df8a5358405f396dc0673a463c48de9,14.913520,1773022598,3b424ea3849f83148be190d860aebc234c508927fb3eb315d05099bb255d758b,202,101.00,3.51,1,5,4,0.022419,0.572462,TopoStake,pog(D=3_omega=0.50),1.52,307,0
62,0,0x8c11ec9090dd820c076e57e899d9c604c79d6b32,3.566225,1773022600,6789cebb2b685a1f05b93417202ae8a1a99c164e8579be7ca831ba425c737458,184,92.00,3.58,1,5,4,0.022498,0.573323,TopoStake,pog(D=3_omega=0.50),1.47,308,0
62,1,0xa3786e459f289a76c0e8af8ad834e3d0c6d47199,9.732722,1773022602,8bf07824d38a5043a5eb178d13bab5cf973413316ca6dce14e4d74dd2233804a,183,91.50,4.01,1,6,4,0.022437,0.572630,TopoStake,pog(D=3_omega=0.50),1.31,309,0
62,2,0x8c11ec9090dd820c076e57e899d9c604c79d6b32,4.567126,1773022604,e8a180f411a4a9f375db0d10eb27991b291f00db48a5db6d68e6c2bcfd7d3c57,246,123.00,4.21,1,6,4,0.022452,0.573025,TopoStake,pog(D=3_omega=0.50),1.13,310,0
62,3,0xeb82a21cb3d0dd781eb22ad74bb7cd9b4d2a06ec,4.924960,1773022606,380e5c748424ac9e186b506102d3443d9117d1e83171153b5d0ce4877658ca44,223,74.33,4.17,2,6,4,0.022403,0.572744,TopoStake,pog(D=3_omega=0.50),1.79,311,0
62,4,0x075e1d95c7891e1c00414ca1aa9a7a8cf6270019,6.147388,1773022609,277001bda711ddc01209c04d17008d8c94f3b45524f9ccf339415d4b1f1d069b,219,109.50,3.99,1,6,4,0.022403,0.572746,TopoStake,pog(D=3_omega=0.50),1.56,312,0
63,0,0x07902d0371763a00d97ed9ba16ff0a206cb0fd19,15.558566,1773022611,fae00859e165044b2d96f8a13302fc8f4d8bade6aa765c5e3be6a8b1e30389d9,188,94.00,3.18,1,5,3,0.022329,0.572598,TopoStake,pog(D=3_omega=0.50),1.49,313,0
63,1,0xeaa5003682d7289190651081ae2bee847097afc5,3.760396,1773022613,0bb7fbfcd0a1ce9df133dc148a53d69b34f3d107437a52e9da5eb5575538305b,207,103.50,2.81,1,4,3,0.022413,0.573475,TopoStake,pog(D=3_omega=0.50),1.53,314,0
63,2,0xf82400c4f426bdbd2bc687ffef1f22c1a381c851,1.061219,1773022615,84fe7b0b91b0204daf4b276926c2e336f8ae73c08e2287211d47c9aa0bf9e5c4,220,110.00,4.27,1,6,4,0.022354,0.572825,TopoStake,pog(D=3_omega=0.50),1.50,315,0
63,3,0x763be7657fec175a3de5f1ee0a506722872c886d,0.034782,1773022617,1e5148a2429567788779a3b659e307fc7ba9c030a9a2863d2ad7fc7807f945a8,195,97.50,3.94,1,6,4,0.022264,0.570874,TopoStake,pog(D=3_omega=0.50),1.26,316,0
63,4,0x269cdf52f97e1d9f14b7be895155a7b294f0b21d,17.744731,1773022619,08cf65422dd838ef9fcbfa211484846cef1fc8983a9169a1d9fe581287ca2af4,246,123.00,3.67,1,5,4,0.022162,0.568186,TopoStake,pog(D=3_omega=0.50),0.97,317,0
64,0,0x9c39f7fffaa5c5cfab20dfdd05663497918580c1,5.430324,1773022621,3613a4dcc5dcb8d1d9ac126578f53b0828f149f64e65537f957f3e8cce288bb0,220,73.33,3.73,1,5,4,0.022270,0.569214,TopoStake,pog(D=3_omega=0.50),1.69,318,0
64,1,0x30509a8084fdfe6fe24d9c9a817c209ad194f8e3,5.659880,1773022623,d155623cdf508141ed2c0ebf0438f182848ad648ffd834f3c198c06a918e36fa,202,101.00,4.09,1,6,4,0.022232,0.569125,TopoStake,pog(D=3_omega=0.50),1.46,319,0
64,2,0xa3786e459f289a76c0e8af8ad834e3d0c6d47199,10.733754,1773022625,1f1ed6eb0fac74f005e50839910d6738265c8ef6216227b02637774561be86b1,102,102.00,3.31,2,5,3,0.022196,0.569052,TopoStake,pog(D=3_omega=0.50),1.00,320,0
64,3,0xa7e4d4d949807065ebf85adc1be8c382c7236c15,1.215622,1773022627,c11eadd3f2aed79d922417a2ae1b0cc612ebad308a0fa3a13567eda180bd3d4d,188,94.00,4.18,1,6,4,0.022220,0.569576,TopoStake,pog(D=3_omega=0.50),1.49,321,0
64,4,0x13f9dadc05f6c237b03411e2aed1800cf21a5d89,16.301311,1773022629,a6d930a8918298b9f3313cff058248978683ddc78ad9b9700d6d92f800319eb0,207,103.50,3.96,1,6,4,0.022133,0.567716,TopoStake,pog(D=3_omega=0.50),1.46,322,0
65,0,0xa068e3c9a21c8d8be636cd2d285895979ec3262e,4.968130,1773022631,83c27e8a9ee174f35fb0a660efa5fb84907d29c633b8d848cb25198c0a951d62,229,114.50,2.95,1,5,3,0.022221,0.568624,TopoStake,pog(D=3_omega=0.50),1.15,323,0
65,1,0xd46407aa7b668c72de3cf1c1a12b7fa2e308a1b2,5.993267,1773022633,5c1038a58354b549a4724fbe0cfe80a154408e29f10f5a8b574e94b381cccdff,208,104.00,4.17,1,6,4,0.022177,0.568355,TopoStake,pog(D=3_omega=0.50),0.82,324,0
65,2,0xb2a7fe70a6f3137d38f6cb4c3ec6dd1e24f2d5f4,3.422017,1773022636,d02185bd3c15c03f84c3b645703ebf82ff245a5f5a8daa01d6045fe716c6a2aa,250,83.33,3.83,1,5,4,0.022146,0.568321,TopoStake,pog(D=3_omega=0.50),1.74,325,0
65,3,0x26d553a2f4343b3a7dc88bbd87b3d0a25d3838d9,5.220890,1773022637,87c5ece598daa31335d8033235fd09b41487042b6443b398bec499c91d9a2414,109,54.50,4.20,2,6,4,0.022146,0.568323,TopoStake,pog(D=3_omega=0.50),1.11,326,0
65,4,0xc24b36dee27726233c3bbd9e1f028f98b6b2a424,13.426223,1773022639,9409e29f1ccfe9667fadb285c61065848a96c9b74732ac60043d79030374d191,102,102.00,3.74,1,5,4,0.022105,0.568070,TopoStake,pog(D=3_omega=0.50),1.00,327,0
66,0,0xbc3f8508d26048f2064aa8c068f4c94d08d77d18,4.067371,1773022641,5255cce14534c80c2c31639c15168f2fbc5e5e80e70dd85bd73a09bf69427f79,202,101.00,3.89,1,6,4,0.022158,0.568838,TopoStake,pog(D=3_omega=0.50),1.46,328,0
66,1,0x016d3fc36beee7caa8fbd6c1caa42461dd7f9850,10.893054,1773022643,5f6ebaf62a5eb1be24a4061f612b00f803164f7a9ff4c74fd616558bc060d326,210,105.00,4.29,1,6,4,0.022104,0.568315,TopoStake,pog(D=3_omega=0.50),1.41,329,0
66,2,0xd39dbd3662315e3935ec08e6b6028e73b3c09de2,7.925518,1773022645,2b4fb3444e556ffc207429dc0766f64ecaa4f87723229fa023486ca07be866e6,243,121.50,2.98,1,4,3,0.022127,0.568820,TopoStake,pog(D=3_omega=0.50),0.99,330,0
66,3,0xf5ecb44daf07a1d1073dbc89baf04bd7541fa517,2.065666,1773022647,c269797379deecc858ac0142e26d7b151fa36c3e1684a783172ac6a7e489da4f,196,98.00,4.45,1,6,5,0.022117,0.569033,TopoStake,pog(D=3_omega=0.50),0.87,331,0
66,4,0x13f9dadc05f6c237b03411e2aed1800cf21a5d89,17.302799,1773022650,e04f70bd8cd6950b5d5db2f51234d91c1913603543d81b4ac1cf6cac12a41247,250,83.33,4.09,2,6,4,0.022041,0.567714,TopoStake,pog(D=3_omega=0.50),1.79,332,0
67,0,0xa068e3c9a21c8d8be636cd2d285895979ec3262e,5.968975,1773022651,5a5e1fa37cb79b3d79c7417881853dadf8f3fc72e96a348466e2386684602450,121,60.50,3.14,2,5,3,0.022134,0.568647,TopoStake,pog(D=3_omega=0.50),1.14,333,0
67,1,0x8c11ec9090dd820c076e57e899d9c604c79d6b32,5.567964,1773022653,f6d004b4b464b1fb3bef647c4e1df5cbd9231bb1906a243baee81d3e88d66678,78,78.00,4.44,1,6,5,0.022102,0.568553,TopoStake,pog(D=3_omega=0.50),1.00,334,0
67,2,0x719361397abe003a91af76243e5f9c7a0cd4279f,17.560202,1773022655,ad726cba527e95e5581f03a8a183668596cbbf25fca49cc75edac2482d0764c2,184,92.00,4.22,1,6,4,0.022065,0.568315,TopoStake,pog(D=3_omega=0.50),1.45,335,0
67,3,0x1cb1274c711a6c2e4e1596846e6ac604eeefb358,4.409073,1773022657,abb259681f41d0fda3562837a80cab82dcd48242d9a84ac456aefef8421de54c,218,109.00,3.78,1,5,4,0.022159,0.569220,TopoStake,pog(D=3_omega=0.50),1.39,336,0
67,4,0x016d3fc36beee7caa8fbd6c1caa42461dd7f9850,11.894292,1773022659,320d39b5c991e367699345806e24c6fb290910e095a01329a5bb606924091389,228,114.00,3.47,1,5,4,0.022109,0.568773,TopoStake,pog(D=3_omega=0.50),1.11,337,0
68,0,0xac61c91e7d24df824351a6c4e562a75f0cf646f8,1.247982,1773022661,2e52db47f83e6e258c6ae02a98268548a599612f0a81141f119bbfcbcf097abc,235,117.50,3.22,1,4,3,0.022140,0.569428,TopoStake,pog(D=3_omega=0.50),0.72,338,0
68,1,0x63f4973c0df8a5358405f396dc0673a463c48de9,15.914748,1773022663,ea93fe7953507084bb5430e5be3a81716a418481073513db0ddc45f4b1b12cd6,191,63.67,4.05,1,6,4,0.022057,0.567604,TopoStake,pog(D=3_omega=0.50),1.54,339,0
68,2,0x07902d0371763a00d97ed9ba16ff0a206cb0fd19,16.560660,1773022665,3e35046f097aadcc86df57b1e105dd8b7389c4c6ef0fc5bc23939b5d5e8414ef,200,100.00,3.63,2,5,4,0.022130,0.568413,TopoStake,pog(D=3_omega=0.50),1.51,340,0
68,3,0x13f9dadc05f6c237b03411e2aed1800cf21a5d89,18.303648,1773022667,a2d7604f72bd32cc106424fca94d8ed3864b9e7246bf90081ce9d5cefc464e0a,110,110.00,2.75,1,4,3,0.022210,0.569233,TopoStake,pog(D=3_omega=0.50),1.00,341,0
68,4,0x26d553a2f4343b3a7dc88bbd87b3d0a25d3838d9,6.221108,1773022669,b832084624d171c045880fb67354dae7d1dba7baede45c0d3ae3365df26040b9,209,104.50,3.13,1,5,3,0.022307,0.570173,TopoStake,pog(D=3_omega=0.50),1.47,342,0
69,0,0xcb7977f4997b4252c0152e135dd79b3cfe35c1a5,4.628475,1773022671,ecc307de95f5a4597003f80d3b95734a13b0adbf1740d2893adacce78e1fa0f7,210,105.00,3.71,1,5,4,0.022275,0.570086,TopoStake,pog(D=3_omega=0.50),1.49,343,0
69,1,0xe6ebb0cdfd04183d498964e5efc4096ba77b17d6,12.303148,1773022673,62a9f6d98d964977538b680aefbb36373081aaaa86cbc4e24fd516677e7e9990,213,106.50,4.15,1,6,4,0.022227,0.569651,TopoStake,pog(D=3_omega=0.50),1.46,344,0
69,2,0x8c11ec9090dd820c076e57e899d9c604c79d6b32,6.568525,1773022675,52fcf31d6f0fd116fac9b3b997ee9aed98582750abb98d856a035ae730e246e6,250,125.00,3.95,1,6,4,0.022259,0.570304,TopoStake,pog(D=3_omega=0.50),1.30,345,0
69,3,0x719361397abe003a91af76243e5f9c7a0cd4279f,18.561368,1773022677,6950c5d38a13a9a10bdbcf890ab24cc7b955c2901d2bdb340b33bb1a24fe1c93,241,120.50,4.11,1,6,4,0.022231,0.570291,TopoStake,pog(D=3_omega=0.50),0.88,346,0
69,4,0x719361397abe003a91af76243e5f9c7a0cd4279f,18.561358,1773022680,0f525158f0031718295bf231c095b27ad98e4eb7a80ad352bb6b7cf4f2b2aa8f,224,74.67,3.86,1,5,4,0.022232,0.570292,TopoStake,pog(D=3_omega=0.50),1.75,347,0
70,0,0xc24b36dee27726233c3bbd9e1f028f98b6b2a424,14.427275,1773022681,c44b6fe6c4c5e45d0cf774432d1bd7e326b74cc79a16a95150ae4b9175a82787,207,103.50,3.87,1,5,4,0.022328,0.571206,TopoStake,pog(D=3_omega=0.50),1.48,348,0
70,1,0x13f9dadc05f6c237b03411e2aed1800cf21a5d89,19.304866,1773022683,621df7ee325bc2ddac4aa0208e2d55642cb8762918c157467c036437f366abb2,97,97.00,3.97,3,6,4,0.022380,0.571933,TopoStake,pog(D=3_omega=0.50),1.00,349,0
70,2,0x763be7657fec175a3de5f1ee0a506722872c886d,1.035334,1773022685,3c1a3f0c543c0d904789006b6df95be8aacab7c6148bf295edbc78ef00fd0d00,187,93.50,3.00,1,5,3,0.022482,0.572870,TopoStake,pog(D=3_omega=0.50),1.45,350,0
70,3,0xa068e3c9a21c8d8be636cd2d285895979ec3262e,6.969173,1773022687,a738e0160263e9b4d2d4885d3afce3ec01e4cd9d3bf09086ea183db7e2a5252f,213,106.50,3.63,1,5,4,0.022396,0.570933,TopoStake,pog(D=3_omega=0.50),1.42,351,0
70,4,0x07902d0371763a00d97ed9ba16ff0a206cb0fd19,17.561642,1773022689,36d111fef1661a015f0f6ce5059235f03cb7228803ec5c27e5e7d286432d1ef3,210,105.00,4.35,1,6,5,0.022371,0.570976,TopoStake,pog(D=3_omega=0.50),1.35,352,0
71,0,0x30509a8084fdfe6fe24d9c9a817c209ad194f8e3,6.660341,1773022691,c7b84d31091e7842ade97f576f3c4bf02403605e912224b0a77446989edb4ad5,250,125.00,2.80,2,4,3,0.022454,0.571786,TopoStake,pog(D=3_omega=0.50),0.96,353,0
71,1,0xe6ebb0cdfd04183d498964e5efc4096ba77b17d6,13.304420,1773022693,c8eb465eec99ad949433e43daa553cceac04d978a3d8f36643a754251e69eafe,231,77.00,3.43,1,5,4,0.022425,0.571723,TopoStake,pog(D=3_omega=0.50),1.72,354,0
71,2,0xd61b00c297972877b45f8d7f4d67fdaf20c67c59,2.333470,1773022696,6c1073a38ea3924057ae84f21537fd7f04ef304966d79e752668781eea7d6101,207,103.50,4.14,1,6,4,0.022463,0.572393,TopoStake,pog(D=3_omega=0.50),1.47,355,0
71,3,0x34412315480562da4810040fd15c81f99880e1ab,5.899920,1773022698,5b435d9b165c77e91a87e8391f49e354d0a1087f65f4b4104e92f517fa23ef20,188,94.00,4.44,1,6,5,0.022391,0.571211,TopoStake,pog(D=3_omega=0.50),1.45,356,0
71,4,0x269cdf52f97e1d9f14b7be895155a7b294f0b21d,18.746390,1773022700,a41fe5947fbfb2bd722262dca878b53b712c5795481b2adb4c4b35c2741994a8,213,106.50,4.03,1,6,4,0.022355,0.570972,TopoStake,pog(D=3_omega=0.50),1.54,357,0
72,0,0xac61c91e7d24df824351a6c4e562a75f0cf646f8,2.248624,1773022702,6a9c9d8318cbb2d70af09bccbdecfa3183326ba28ecdc898680659dabde175c0,200,100.00,3.62,1,5,4,0.022446,0.571826,TopoStake,pog(D=3_omega=0.50),1.45,358,0
72,1,0x1796dc61e715f15a2d27dfa32bd34780f12a8c24,6.731818,1773022704,07b9aa8eee83bbf1d43b831c0b3716512482a0a38666551278d16d92b3627383,220,110.00,3.85,1,5,4,0.022374,0.570576,TopoStake,pog(D=3_omega=0.50),1.39,359,0
72,2,0xa3786e459f289a76c0e8af8ad834e3d0c6d47199,11.734639,1773022706,c0fc215362f8a334425b71c728b732320fae349ca96b7b3ba8654b31d037db2a,250,125.00,3.24,1,5,3,0.022346,0.570484,TopoStake,pog(D=3_omega=0.50),1.03,360,0
72,3,0x53be6e527cc5a7d850b5eae27b9cef342e0665f2,2.040238,1773022708,9dc665dcdc76e9d2cad894333ebea513ea013433004adee5a37dc763e0c3586d,187,93.50,4.32,1,6,4,0.022367,0.571025,TopoStake,pog(D=3_omega=0.50),0.98,361,0
72,4,0x71f297f96355f349d66f0e9b681e7d4e11224660,2.169099,1773022711,96a34d56c5b1776abe3922c98e9dd3a87953c1a7e2e04fc083ae24220617d49a,222,74.00,3.65,1,5,4,0.022293,0.569654,TopoStake,pog(D=3_omega=0.50),1.76,362,0
73,0,0x24898fcb116b48cb2b6fd5d3b4eb599fee0f4633,1.049813,1773022712,1bc602bc05dee4ad0905d58998f12610c6de92d150af526b1c5e63bcc1e97bf4,198,99.00,3.96,1,5,4,0.022221,0.568305,TopoStake,pog(D=3_omega=0.50),1.53,363,0
73,1,0xa3786e459f289a76c0e8af8ad834e3d0c6d47199,12.735396,1773022714,9ec1a475c26e2f9b78c121d5513d48186f70c37ddc96d8d6d73dd4883144e233,98,98.00,3.70,1,5,4,0.022138,0.566398,TopoStake,pog(D=3_omega=0.50),1.00,364,0
73,2,0xeaa5003682d7289190651081ae2bee847097afc5,4.760776,1773022716,a0cea2610928b02caaf3ae3fa43e921e3f63813707016a691c776c166241455d,170,85.00,4.25,1,6,4,0.022169,0.567014,TopoStake,pog(D=3_omega=0.50),1.53,365,0
73,3,0x6064b9f5883bf9737dfe314ff68c56e09e68ac89,11.202648,1773022718,a7ab192dae09cff42b42dd0050ce670981eeb189af596428099f6d310b5f228a,209,104.50,4.28,1,6,4,0.022122,0.566592,TopoStake,pog(D=3_omega=0.50),1.40,366,0
73,4,0x63f4973c0df8a5358405f396dc0673a463c48de9,16.915932,1773022720,efd1c79d6a6f6cb11d6f3b1167764cd5b496ec1dd452a8987c63c046e531cf60,225,112.50,3.66,1,5,4,0.022137,0.567051,TopoStake,pog(D=3_omega=0.50),1.25,367,0
74,0,0x269cdf52f97e1d9f14b7be895155a7b294f0b21d,19.747590,1773022722,4e2f7566b743c662d888dc8307fbefc17f4fb9c5316e60ab0275391d0e5e358d,250,125.00,3.54,1,5,4,0.022206,0.567799,TopoStake,pog(D=3_omega=0.50),1.06,368,0
74,1,0x719361397abe003a91af76243e5f9c7a0cd4279f,19.562545,1773022724,8c4754a0eed6b4db19af40b4cdb68da6a5b9da0c547f7118bba2f8bdc1c9a34d,222,74.00,3.63,2,5,4,0.022300,0.568694,TopoStake,pog(D=3_omega=0.50),1.76,369,0
74,2,0x13f9dadc05f6c237b03411e2aed1800cf21a5d89,20.306456,1773022727,1f4ae7790cc01fe2b5c0747e960486a3cf3f62dc4a95d107cd097dbd0c0a1657,209,104.50,3.71,1,5,4,0.022392,0.569534,TopoStake,pog(D=3_omega=0.50),1.53,370,0
74,3,0x89100a8056319ba37491b32ba255004180607bc2,9.794400,1773022728,20a1094077aa9fe168669cac74bb138d900a1938826fc7e8cf4fdf71d00b9051,183,91.50,3.02,1,5,3,0.022490,0.570414,TopoStake,pog(D=3_omega=0.50),1.49,371,0
74,4,0xdcf2130496e27a8094ab996aea4aa77788d65869,12.513806,1773022730,8fb198e75fd423dad41ed50e147c3664079d4ac0bcb84c83da5cbcdd918a487d,104,104.00,3.96,1,5,4,0.022489,0.570728,TopoStake,pog(D=3_omega=0.50),1.00,372,0
75,0,0x13f9dadc05f6c237b03411e2aed1800cf21a5d89,21.307401,1773022732,8383a83d157a1ba1b2145ab6a60567c0ad452d8703648f72eb9d48e229cf3e06,179,89.50,3.81,1,5,4,0.022512,0.571272,TopoStake,pog(D=3_omega=0.50),1.49,373,0
75,1,0xd39dbd3662315e3935ec08e6b6028e73b3c09de2,8.926037,1773022734,25ca481c82502465b0a5cd682c8c9819fa34bae026e05bc902d48398c1f27093,246,123.00,3.01,1,5,3,0.022617,0.572175,TopoStake,pog(D=3_omega=0.50),1.25,374,0
75,2,0x07902d0371763a00d97ed9ba16ff0a206cb0fd19,18.563876,1773022736,e85dedc3b660bf6b3d75a76c1e0759e1fde3415b6301ad2f68c13f0aa9a0a7f1,175,87.50,4.49,1,6,5,0.022607,0.572386,TopoStake,pog(D=3_omega=0.50),1.33,375,0
75,3,0xc774b0fee7cabbef3b1ae14bf36db3df0d32c1df,3.171753,1773022738,772f26c0336983b82b56766e66a789a671d128e7b8e00246fa7dd5ea0f79401c,250,125.00,2.83,1,4,3,0.022685,0.573153,TopoStake,pog(D=3_omega=0.50),1.08,376,0
75,4,0xdcf2130496e27a8094ab996aea4aa77788d65869,13.514698,1773022741,4e37e86bbaf75e52dce1fcf7e045a901f5349593db3a1c49a7fe386547621203,235,78.33,3.98,1,5,4,0.022621,0.572328,TopoStake,pog(D=3_omega=0.50),1.63,377,0
76,0,0xe6ebb0cdfd04183d498964e5efc4096ba77b17d6,14.305443,1773022742,dd67e6ab3c0226df2543daa85a46e6588be3412ccac5bc5a26d00eba6c7cbb0e,204,102.00,3.91,1,5,4,0.022621,0.572330,TopoStake,pog(D=3_omega=0.50),1.47,378,0
76,1,0x07902d0371763a00d97ed9ba16ff0a206cb0fd19,19.565131,1773022744,613eb76c4cc2434abe2d0dcdc3844115afae361323a6c464e29d45c862a9e0ed,108,108.00,4.24,1,6,4,0.022660,0.572967,TopoStake,pog(D=3_omega=0.50),1.00,379,0
76,2,0xc774b0fee7cabbef3b1ae14bf36db3df0d32c1df,4.172875,1773022746,c4b3abbdbe7d6e6712ed13ae07453aaa4ee133df14a8d5f00ad5b58bdb646f9b,188,94.00,2.78,1,4,3,0.022744,0.573728,TopoStake,pog(D=3_omega=0.50),1.48,380,0
76,3,0xdcf2130496e27a8094ab996aea4aa77788d65869,13.514665,1773022748,119ffab04d29283e74371ee4bc55c397a4b2f4860c704d1358a86d4315d1bdf9,205,102.50,4.00,1,5,4,0.022690,0.573173,TopoStake,pog(D=3_omega=0.50),1.46,381,0
76,4,0x63f4973c0df8a5358405f396dc0673a463c48de9,17.917261,1773022750,93d1d5b9a01e74583b7cc046a4eacb478826cc085f00230ed55e5e01dd1283b7,239,119.50,3.86,1,5,4,0.022720,0.573751,TopoStake,pog(D=3_omega=0.50),1.22,382,0
77,0,0xa068e3c9a21c8d8be636cd2d285895979ec3262e,7.969769,1773022752,a584cbbf2876bad810e9291ce33637b9fc1028a234a2fe9c1b676fd1fb3b7168,250,125.00,3.58,2,5,4,0.022788,0.574464,TopoStake,pog(D=3_omega=0.50),0.85,383,0
77,1,0xd1cd4b808ce6b2841ad42746b64c5a047e857ef0,10.249789,1773022755,b3bd3bf96cdc9e3eadbc2997e8ffe9eddea017f44862287bc028a392bdc0e5b9,191,63.67,4.38,1,6,5,0.022767,0.574602,TopoStake,pog(D=3_omega=0.50),1.58,384,0
77,2,0x269cdf52f97e1d9f14b7be895155a7b294f0b21d,20.748837,1773022756,040d3defc5d728a23ab0a3e449295593fabb1b0a433438c7e347e2b8ed1056db,189,94.50,3.86,1,6,4,0.022767,0.574907,TopoStake,pog(D=3_omega=0.50),1.59,385,0
77,3,0x07902d0371763a00d97ed9ba16ff0a206cb0fd19,20.566362,1773022758,6bf9f791f4d6b8a183da4b799dde7f792bd54f45e4ff75a1547d193d6e1921ad,90,90.00,3.70,2,5,4,0.022858,0.575740,TopoStake,pog(D=3_omega=0.50),1.00,386,0
77,4,0x075e1d95c7891e1c00414ca1aa9a7a8cf6270019,7.149359,1773022760,e636748f760b26e8c5d3ab25316dc01126e4c4e22289dc055532ac9bbe691c72,220,110.00,2.77,1,4,3,0.022948,0.576526,TopoStake,pog(D=3_omega=0.50),1.51,387,0
78,0,0x34d94cc0534eb50dec7956bea31407428d6d5ef8,0.080586,1773022762,487bf0aae40d8456632190b79d6428f4a4c0f13a391469fc7284a4ded535d41b,229,114.50,3.17,1,5,3,0.022919,0.576492,TopoStake,pog(D=3_omega=0.50),1.39,388,0
78,1,0xcb7977f4997b4252c0152e135dd79b3cfe35c1a5,5.629009,1773022764,10421ccdc5d93f863e995bde2440471d10356c1b9b98f08fe95c20ab0315b66d,250,125.00,3.58,1,5,4,0.022828,0.574183,TopoStake,pog(D=3_omega=0.50),1.10,389,0
78,2,0x0d91704595bff3aec25d40822498a51c62b05e3a,2.572320,1773022766,5128593afd7141362272d9cbe4e8bb932388176d151d271c54699a6f6b9948a1,197,98.50,4.08,1,6,4,0.022786,0.573876,TopoStake,pog(D=3_omega=0.50),0.92,390,0
78,3,0xd39dbd3662315e3935ec08e6b6028e73b3c09de2,9.926591,1773022768,10d57e38ee853111cc74d1ba8b8e54648c09923626ca8d7232b42d1dcbabeba6,248,82.67,3.35,1,5,3,0.022718,0.572741,TopoStake,pog(D=3_omega=0.50),1.75,391,0
78,4,0x8719ca31b72ae8a5404006763c53d5ad503dbcb0,0.109449,1773022771,fd11a67cba658a67fae0901d9170b1e9770f63fffc41b17b2c146577e65337f4,203,101.50,4.44,1,6,5,0.022714,0.572984,TopoStake,pog(D=3_omega=0.50),1.47,392,0
79,0,0x30509a8084fdfe6fe24d9c9a817c209ad194f8e3,7.661688,1773022772,82331dc196b6661be1f8b8b5beb59109dce7e5dbff511f43c4ff9d6c1a4488fa,192,96.00,4.28,1,6,4,0.022714,0.572985,TopoStake,pog(D=3_omega=0.50),1.53,393,0
79,1,0x016d3fc36beee7caa8fbd6c1caa42461dd7f9850,12.896112,1773022774,62d2644c566eea1311338e0e04340059917351f13c9f765cdbba0a6ccba05ce0,92,92.00,3.32,1,5,3,0.022602,0.570740,TopoStake,pog(D=3_omega=0.50),0.98,394,0
79,2,0xe478b1e4d1538274c0c70cbd7df877f9abab2f62,4.299916,1773022776,3770380829c056f49ac5d75a06cb30866a6f73b4f58670ee14077397a3df9187,227,113.50,3.10,1,4,3,0.022622,0.571242,TopoStake,pog(D=3_omega=0.50),1.52,395,0
79,3,0x58a21eeb7ab18ba8adf1296e66a4487076e95dac,8.097906,1773022778,96244e4a8f4869f4c5d10f50304c5fc1c37752260282438decc147b7dad6bb82,221,110.50,3.97,1,5,4,0.022570,0.570694,TopoStake,pog(D=3_omega=0.50),1.44,396,0
79,4,0x1796dc61e715f15a2d27dfa32bd34780f12a8c24,7.733114,1773022780,9f799c00a9ec86383a3b4a53fb98439e7a4e72177635e2d7416bb3a64bbbf324,245,122.50,3.89,1,5,4,0.022550,0.570787,TopoStake,pog(D=3_omega=0.50),1.20,397,0
80,0,0xa3786e459f289a76c0e8af8ad834e3d0c6d47199,13.736068,1773022782,6464fc266e465177390f329144e6ae3c42ffb8023077347e29980371ff9948ac,250,83.33,3.42,1,5,3,0.022527,0.570789,TopoStake,pog(D=3_omega=0.50),1.87,398,0
80,1,0x269cdf52f97e1d9f14b7be895155a7b294f0b21d,21.749468,1773022785,086cbc848fea07c2e74897e3743fd5f602e99d4a296855ea218eec9a6a7b1feb,208,104.00,4.25,1,5,4,0.022554,0.571323,TopoStake,pog(D=3_omega=0.50),1.57,399,0
80,2,0xf82400c4f426bdbd2bc687ffef1f22c1a381c851,2.060777,1773022786,296a8e508dc8601cebf25d31967b045ae79ba3f784298c8a5b693c8f41eebdd3,156,78.00,3.57,1,5,4,0.022647,0.572154,TopoStake,pog(D=3_omega=0.50),1.46,400,0
80,3,0x07902d0371763a00d97ed9ba16ff0a206cb0fd19,21.568110,1773022788,2fa09961e103f4d7a055d08c4b0d94f3492236ba27e4050826caa7eeb9723410,106,106.00,3.94,1,6,4,0.022576,0.570802,TopoStake,pog(D=3_omega=0.50),1.00,401,0
80,4,0x13f9dadc05f6c237b03411e2aed1800cf21a5d89,22.309876,1773022790,cb378059bf0f05d51225151db39a2ff58e49d1020200f7b1414e1fc8060f21b8,183,91.50,2.81,1,4,3,0.022666,0.571584,TopoStake,pog(D=3_omega=0.50),1.48,402,0
81,0,0xd1cd4b808ce6b2841ad42746b64c5a047e857ef0,11.250697,1773022792,282f36ceff9cbdb69ab061235a25b45b822757a7b444aa2c8c047afc624c04a0,249,124.50,2.86,1,5,3,0.022762,0.572406,TopoStake,pog(D=3_omega=0.50),1.26,403,0
81,1,0xa447d277b02012c2afd9ddcbbe123f27cc971963,4.808378,1773022794,7f52ae105e9a97bb593c1213ffbb331b436f9f309ad6f7c5708bbd3b7b639e3c,211,105.50,3.91,1,6,4,0.022766,0.572785,TopoStake,pog(D=3_omega=0.50),1.10,404,0
81,2,0x07902d0371763a00d97ed9ba16ff0a206cb0fd19,22.569102,1773022796,628737bcb555e2b03c9c9bf93dcedf402dd4d25bcab0d19db52589d6782bfbc3,247,123.50,3.50,1,5,4,0.022717,0.572310,TopoStake,pog(D=3_omega=0.50),0.88,405,0
81,3,0x606627477c3734932f47972f83c27cf4e3b35b4f,11.385963,1773022798,6257170562fc8ca285474c8bc108f791ca86c195b265678b73ef4d8d5f59a932,233,77.67,2.79,2,4,3,0.022813,0.573117,TopoStake,pog(D=3_omega=0.50),1.61,406,0
81,4,0x49b57eb4dace37c8819daf079c9c674f766d4f38,3.228893,1773022801,59a40bd3e963f55b3d7f479fa33181e43f1edfa7fd601e95a3b891cc4e046bce,201,100.50,3.66,1,5,4,0.022817,0.573474,TopoStake,pog(D=3_omega=0.50),1.48,407,0
82,0,0x30405867b72597aaeb27803bb2c7f3f5fc7d5384,3.517214,1773022802,15efe0d904ba53e70b20b365291f1784f72cec5268eba5b07f4328c745f45141,199,99.50,3.93,1,6,4,0.022756,0.572666,TopoStake,pog(D=3_omega=0.50),1.45,408,0
82,1,0x81d019380961f92c2031b0a7fba69f7675145088,2.491756,1773022804,5ac56ddd4a49723f06c485e31659550c1f8626323461e4276428142730aed503,100,100.00,3.59,1,5,4,0.022697,0.571921,TopoStake,pog(D=3_omega=0.50),1.00,409,0
82,2,0x07902d0371763a00d97ed9ba16ff0a206cb0fd19,23.570398,1773022806,b473482cec22df8cd9e4d811ebe0a237a4ad092e9015436ac2eed576a5a7658a,178,89.00,3.70,1,5,4,0.022631,0.570725,TopoStake,pog(D=3_omega=0.50),1.44,410,0
82,3,0xc4dc29db975b952e04358340e56b68fa4ba63fbc,3.542150,1773022808,9caf57511e7a95216f242d46bd63164aa6f6031f902492f096b5d80b4b6f68a0,225,112.50,2.65,1,4,3,0.022732,0.571563,TopoStake,pog(D=3_omega=0.50),1.40,411,0
82,4,0x719361397abe003a91af76243e5f9c7a0cd4279f,20.564031,1773022810,34c80689b61a35b1a2c4bc7a49f7651d8321c7a53e03e12026003c98a7d4e4ee,210,105.00,3.64,1,5,4,0.022673,0.570791,TopoStake,pog(D=3_omega=0.50),1.08,412,0
83,0,0xfdc414c57908f0e2a6a926079902d4688d553610,0.172741,1773022812,3859e9ae5d39a1707ad1112822a9e70c6fdf8f6c4e794f6547ba9abbe93ded10,220,110.00,3.79,1,5,4,0.022750,0.571507,TopoStake,pog(D=3_omega=0.50),0.84,413,0
83,1,0xc24b36dee27726233c3bbd9e1f028f98b6b2a424,15.427791,1773022815,0031978ed2a3befde5071909d517d9dd89afcbd8e1728bc5b1b2a931769e3c1f,205,68.33,4.73,1,6,5,0.022665,0.569311,TopoStake,pog(D=3_omega=0.50),1.63,414,0
83,2,0x075e1d95c7891e1c00414ca1aa9a7a8cf6270019,8.150796,1773022816,7dd5310b7346f27daa9c0ea676d9909444cfebcf7fab231a0d2e85732efe31fb,250,125.00,4.00,1,6,4,0.022665,0.569312,TopoStake,pog(D=3_omega=0.50),1.71,415,0
83,3,0xfdc414c57908f0e2a6a926079902d4688d553610,1.173360,1773022818,9b85c91cf7ef095274bdb77dbd5263829bc8f162f1e9b88eaef4f5be99d0dd1b,14,14.00,2.93,2,4,3,0.022700,0.569949,TopoStake,pog(D=3_omega=0.50),1.86,416,0
83,4,0x719361397abe003a91af76243e5f9c7a0cd4279f,21.565190,1773022820,be852d5a99f5106ef990312fcfa0d7752337731cff2c4f97a7a7ffa5ec2c0360,201,100.50,4.66,1,6,5,0.022624,0.568242,TopoStake,pog(D=3_omega=0.50),1.51,417,0
84,0,0x13f9dadc05f6c237b03411e2aed1800cf21a5d89,23.311793,1773022822,4b4b8654a664a72f801059f7917ccd1cc7f7fae65d76fcfb1d1a7f4f588714d3,213,106.50,3.74,2,5,4,0.022706,0.568957,TopoStake,pog(D=4_omega=0.50),1.46,418,0
84,1,0xa447d277b02012c2afd9ddcbbe123f27cc971963,5.809490,1773022824,5f00a18af35932601e8631b12f523ecc05b408921f21c779792d39b52a9c1649,250,125.00,3.06,1,5,3,0.022801,0.569748,TopoStake,pog(D=4_omega=0.50),1.18,419,0
84,2,0x075e1d95c7891e1c00414ca1aa9a7a8cf6270019,8.150802,1773022826,2fef386b46cf09fbdd63792fc8e59ea23162775540133f480352a70f29604b42,230,115.00,3.55,1,5,4,0.022760,0.569455,TopoStake,pog(D=4_omega=0.50),0.76,420,0
84,3,0x719361397abe003a91af76243e5f9c7a0cd4279f,22.566317,1773022828,edd70a1e7557fe9a14de5865c89d4853608ec50791a7bdcfab575dfb8624f10c,245,81.67,3.14,1,5,3,0.022737,0.569494,TopoStake,pog(D=4_omega=0.50),1.52,421,0
84,4,0x81d019380961f92c2031b0a7fba69f7675145088,3.492513,1773022831,cda2d169074cfd5e98b234887755302acdcf7b0131aaa6de49c130abdb232e50,186,93.00,3.87,1,5,4,0.022825,0.570233,TopoStake,pog(D=4_omega=0.50),1.48,422,0
85,0,0x58a21eeb7ab18ba8adf1296e66a4487076e95dac,9.098975,1773022833,12243bea00fe12a6b6e8f46ff21362233b98f74b180d08cdef5dcf684561fb99,201,100.50,3.70,1,5,4,0.022825,0.570235,TopoStake,pog(D=3_omega=0.50),1.53,423,0
85,1,0x95ab54d268473cce82094026afefdbd5cadf418b,0.593216,1773022835,e1de89c9dcc8565dc4380b783b07290ffe7f28e33a90c72edbeed3b39b9c60ef,189,94.50,3.96,1,5,4,0.022751,0.569585,TopoStake,pog(D=3_omega=0.50),1.52,424,0
85,2,0x07902d0371763a00d97ed9ba16ff0a206cb0fd19,24.572203,1773022837,6f2172f738ced29d31f7a70be1501e0393fc76f22843b033b03c6327eb517c51,186,93.00,4.39,1,6,5,0.022671,0.567615,TopoStake,pog(D=3_omega=0.50),1.50,425,0
85,3,0xb7b4ee0a72bc410bf6d32b9cd3f3e11fc756d6f1,4.083275,1773022839,40be2b1a03e04a1ad318f6e31804fe45b2afe8ed6f1aebaf71a835df37fd5565,238,119.00,2.70,1,4,3,0.022771,0.568437,TopoStake,pog(D=3_omega=0.50),1.21,426,0
85,4,0x8d9e46becf415ca26aa698c9657087e6554aabda,0.381126,1773022841,f389aba33ef6e445f39593bc96027e477a2ad59c3e71a583878194d8eea7d18d,197,98.50,3.79,1,6,4,0.022718,0.567786,TopoStake,pog(D=3_omega=0.50),0.85,427,0
86,0,0x1796dc61e715f15a2d27dfa32bd34780f12a8c24,8.734568,1773022843,0bc208eda79c6155a9bdaa4e5231b210c10c5b263bb725e3beb9c2e47017b2ed,222,74.00,3.73,1,5,4,0.022637,0.565695,TopoStake,pog(D=3_omega=0.50),1.71,428,0
86,1,0x3d92e045fb1847aae132b40ebfcc471a32f687de,3.126871,1773022846,214b975e6f37cde5c6b6776c166f02205e681fe7835a527d05e7f7d22e50d676,173,86.50,3.40,1,5,3,0.022618,0.565796,TopoStake,pog(D=3_omega=0.50),1.49,429,0
86,2,0x282f43759e22b50aa7989261c51c367f325c3f91,1.348012,1773022847,84254995bcbaad5744a68cc361f8447599d972b22fd27216a637a62065582d93,197,98.50,3.93,1,5,4,0.022618,0.565797,TopoStake,pog(D=3_omega=0.50),1.46,430,0
86,3,0x30509a8084fdfe6fe24d9c9a817c209ad194f8e3,8.662131,1773022849,76aa5b0b98ae225dfc8224cc28a15c8a12ef82ccf9968fa03adbae7055f6ecbc,93,93.00,3.97,2,5,4,0.022485,0.563253,TopoStake,pog(D=3_omega=0.50),1.00,431,0
86,4,0x016d3fc36beee7caa8fbd6c1caa42461dd7f9850,13.897570,1773022851,80a63327f129981a90abed7c77aa72154c794e889c6a3e5002a7991fb805b3de,158,79.00,3.28,1,5,3,0.022467,0.563314,TopoStake,pog(D=3_omega=0.50),1.54,432,0
87,0,0xea287b266dbe2c2d402fd91814bcfc4c95d6b0fd,4.163244,1773022853,3e228ce8f77bcd9a09aa99b695c69feab716e202017f5533e7f9f7dc49b92d17,197,98.50,3.06,1,4,3,0.022486,0.563809,TopoStake,pog(D=3_omega=0.50),1.40,433,0
87,1,0x07902d0371763a00d97ed9ba16ff0a206cb0fd19,25.573671,1773022855,4e9a45608a37ef7c93c005dff637a0a57949ca58b32f11b26e00cd6e794d447f,236,118.00,4.01,1,6,4,0.022434,0.563163,TopoStake,pog(D=3_omega=0.50),1.31,434,0
87,2,0xeb82a21cb3d0dd781eb22ad74bb7cd9b4d2a06ec,5.924913,1773022857,a659a11081ef83e03a78aefdfcde1574018f390cf4ad67d8fcd6cb43aee5ec23,250,125.00,2.74,1,4,3,0.022538,0.563979,TopoStake,pog(D=3_omega=0.50),0.91,435,0
87,3,0x4414c05be2cf328f38d2e3ef4b705d6b894f044a,10.097981,1773022859,2d11ab67ba70d2da3a4a0ff491878c16c4b9778f4688c324822bd4db51dc8374,232,77.33,4.00,1,6,4,0.022499,0.563685,TopoStake,pog(D=3_omega=0.50),1.59,436,0
87,4,0x89100a8056319ba37491b32ba255004180607bc2,10.794842,1773022862,ab0cc057ea091c7130b7400418df8a7510ff35a0db239cabdd12299fe59185d3,192,96.00,4.03,1,5,4,0.022490,0.563907,TopoStake,pog(D=3_omega=0.50),1.55,437,0
88,0,0xe6ebb0cdfd04183d498964e5efc4096ba77b17d6,15.306102,1773022863,3949cbff96e16115e2ebfa6411dba55f04feb9e82d8439fb66f66ddb8114472e,189,94.50,3.93,1,5,4,0.022486,0.564171,TopoStake,pog(D=3_omega=0.50),1.48,438,0
88,1,0x8719ca31b72ae8a5404006763c53d5ad503dbcb0,1.109401,1773022865,9ef165b94aa3ed0910d3b529be0b91aac17bdd86870b85c92e8a57ab6825055d,97,97.00,4.22,2,6,4,0.022514,0.564753,TopoStake,pog(D=3_omega=0.50),1.00,439,0
88,2,0x719361397abe003a91af76243e5f9c7a0cd4279f,23.567461,1773022867,e84da3379401cafa62b04dbeb18036962c4d0e0e55a5e5fc42bd4f13f90e98b2,203,101.50,4.22,1,6,4,0.022441,0.563008,TopoStake,pog(D=3_omega=0.50),1.49,440,0
88,3,0x9c39f7fffaa5c5cfab20dfdd05663497918580c1,6.430207,1773022869,bc2338f1971ce81d76ab99b50351fdb053affc7ff74f2e51898752e8d5ed77d8,237,118.50,3.76,1,5,4,0.022528,0.563750,TopoStake,pog(D=3_omega=0.50),1.36,441,0
88,4,0xdcf2130496e27a8094ab996aea4aa77788d65869,14.515734,1773022871,b50590644a56efbf9d069e4a672de272cacf581056fdde069ff1c39bf3160219,212,106.00,4.01,1,5,4,0.022492,0.563541,TopoStake,pog(D=3_omega=0.50),1.08,442,0
89,0,0x8719ca31b72ae8a5404006763c53d5ad503dbcb0,2.110243,1773022873,f97cc0c37d031ab86e1e44622f8a4ebe2affe433aa78f4fb8a70027463da100f,240,80.00,3.89,1,5,4,0.022513,0.564059,TopoStake,pog(D=3_omega=0.50),1.78,443,0
89,1,0xdcf2130496e27a8094ab996aea4aa77788d65869,15.516923,1773022876,d6509e7ac8aee4a060b9843c439ba3a396d0fa0191c4a8afcf091d59faf0ef88,193,96.50,4.20,1,6,4,0.022448,0.562773,TopoStake,pog(D=3_omega=0.50),1.59,444,0
89,2,0x30509a8084fdfe6fe24d9c9a817c209ad194f8e3,9.662965,1773022877,94658deb564ebedba0f4a0be6d811b56343ba5a4f1036f5589de18acffa8a441,184,92.00,3.90,1,5,4,0.022476,0.563322,TopoStake,pog(D=3_omega=0.50),1.50,445,0
89,3,0xb2a7fe70a6f3137d38f6cb4c3ec6dd1e24f2d5f4,3.420222,1773022879,b6d1decb73e5f4135a43f22cd8b7a8bb2c16551487da9defec69472494d00a6d,85,85.00,3.44,1,5,4,0.022463,0.563468,TopoStake,pog(D=3_omega=0.50),0.99,446,0
89,4,0x8c11ec9090dd820c076e57e899d9c604c79d6b32,7.569002,1773022881,893e54eb066b8a556845c703aaccffdf55d91b5c6001569c88810c32b1b4c7be,190,95.00,4.31,1,6,4,0.022407,0.562612,TopoStake,pog(D=3_omega=0.50),1.50,447,0
90,0,0x8719ca31b72ae8a5404006763c53d5ad503dbcb0,3.111043,1773022883,fbac498bb5aa0e9eb80fdf97ab27f841883fb4f851a12bf4e6a78a1bdaf52f9a,216,108.00,4.09,1,6,4,0.022379,0.562561,TopoStake,pog(D=4_omega=0.50),1.41,448,0
90,1,0x07902d0371763a00d97ed9ba16ff0a206cb0fd19,26.575683,1773022885,13dcc594b5a3531e034e008fadc6b2a237e4022ba5444a383dffa1c9e673c3c8,234,117.00,4.12,1,6,4,0.022321,0.561609,TopoStake,pog(D=4_omega=0.50),1.18,449,0
90,2,0x81193196c1dbdbf80709d43a5af5ce21c201fbd7,1.834825,1773022887,295f683951592ae89bcf021661a02549ae8767886a32bccac7bed81378d8dc9a,250,83.33,2.84,2,4,3,0.022424,0.562405,TopoStake,pog(D=4_omega=0.50),2.05,450,0
90,3,0x1d1d2c63625de70b1e5ef40056bd2deb89d7fef2,3.069199,1773022890,3b40c1ef637d79d4dc2a65c767730f0b1057c62150f7e7b4996aae2e573f0957,228,114.00,3.98,1,6,4,0.022357,0.560999,TopoStake,pog(D=4_omega=0.50),1.72,451,0
90,4,0xd1cd4b808ce6b2841ad42746b64c5a047e857ef0,12.251617,1773022891,dc29f44972a6bf60dd39992b6e29aa04541f6e71bdadbc553a0478d493775941,190,95.00,3.68,3,5,4,0.022299,0.560009,TopoStake,pog(D=4_omega=0.50),1.51,452,0
91,0,0x71f297f96355f349d66f0e9b681e7d4e11224660,3.169086,1773022893,dd7277e20518c19e8c95cba3dbc390fde7ef6b3f1d52b57d281fc69579a3cd62,92,92.00,3.82,1,5,4,0.022304,0.560431,TopoStake,pog(D=3_omega=0.50),1.00,453,0
91,1,0x606627477c3734932f47972f83c27cf4e3b35b4f,12.386797,1773022895,3f6d1eb03ea5b355a20fca6e486dd8c4ca33957c3e8894cdc29d5013e6a21f21,203,101.50,4.05,1,5,4,0.022247,0.559438,TopoStake,pog(D=3_omega=0.50),1.51,454,0
91,2,0x30509a8084fdfe6fe24d9c9a817c209ad194f8e3,10.663415,1773022897,0ec8c24f9bb85e051053701a9b6aa7e2be6d96cb757ae0179bbd647f92607009,241,120.50,3.61,1,5,4,0.022252,0.559832,TopoStake,pog(D=3_omega=0.50),1.39,455,0
91,3,0x30509a8084fdfe6fe24d9c9a817c209ad194f8e3,11.664565,1773022899,51d2290c02546f40775e54a9f4f1839c29c77b8e52e78ccbb750f2b429ca4bc7,234,117.00,3.32,1,5,3,0.022246,0.560047,TopoStake,pog(D=3_omega=0.50),1.13,456,0
91,4,0xeaa5003682d7289190651081ae2bee847097afc5,5.760624,1773022901,6625259ce9826e2135f2798f7a7636290709e5041a041df114bae4ce6efc069f,217,108.50,3.46,1,5,4,0.022246,0.560369,TopoStake,pog(D=3_omega=0.50),0.76,457,0
92,0,0x377eaef292051bbf8ada05b2af76a3f3b9d722a7,0.049012,1773022903,7519692b5d6a1eecdd70cd25f5c5a039de86c9555fe23795d29aa5b49b646b3e,176,58.67,4.22,1,6,4,0.022206,0.560029,TopoStake,pog(D=3_omega=0.50),1.48,458,0
92,1,0x07902d0371763a00d97ed9ba16ff0a206cb0fd19,27.577409,1773022905,dde305edf017a7d0de436ec463bc18d81ea82ad49d31cb065f72310e18f1d17b,214,107.00,3.78,1,5,4,0.022129,0.557873,TopoStake,pog(D=3_omega=0.50),1.57,459,0
92,2,0xd1cd4b808ce6b2841ad42746b64c5a047e857ef0,13.251958,1773022907,b0ed6d40919c4c2b5d3a0ff10a51015383ee294869320be5e5319ca56eb0b8fb,110,110.00,2.72,1,4,3,0.022235,0.558663,TopoStake,pog(D=3_omega=0.50),1.00,460,0
92,3,0xc24b36dee27726233c3bbd9e1f028f98b6b2a424,16.429068,1773022909,37a66518285426a72c3e49e5087cf73f7c11df0e5e86c995ee86750a7d1a3bf2,192,96.00,3.80,1,6,4,0.022245,0.559080,TopoStake,pog(D=3_omega=0.50),1.46,461,0
92,4,0x016d3fc36beee7caa8fbd6c1caa42461dd7f9850,14.898833,1773022911,6426bb848c97ac3a763252dcdb78f2b82956add9266a29be80645953776ae8b4,210,105.00,3.87,1,6,4,0.022275,0.559679,TopoStake,pog(D=3_omega=0.50),1.47,462,0
93,0,0x13f9dadc05f6c237b03411e2aed1800cf21a5d89,24.314655,1773022913,df5686968f5602f8055bc8eb6a267d20dfb9c2089bd5e6a3152145412daccd22,239,119.50,3.00,2,4,3,0.022296,0.560170,TopoStake,pog(D=3_omega=0.50),1.11,463,0
93,1,0x016d3fc36beee7caa8fbd6c1caa42461dd7f9850,15.900025,1773022915,b24eddedbf55d9ccabd2e7a14683332dcb2611c508133bfb58d444f06c004def,228,114.00,3.10,1,5,3,0.022377,0.560903,TopoStake,pog(D=3_omega=0.50),0.78,464,0
93,2,0x311eb133eb413ac3f21249889bb101e5d40820ce,0.127110,1773022917,3a3d8cbb84885b57deab29baf4111eefef3c5e2548dd2b4bfb4c73057de0aa5d,175,87.50,3.13,1,4,3,0.022403,0.561425,TopoStake,pog(D=3_omega=0.50),0.47,465,0
93,3,0xb7b4ee0a72bc410bf6d32b9cd3f3e11fc756d6f1,5.083674,1773022920,dd36674ea94eca9563891a80836c57c4e7fa8f91cfc6f091144e730cfaf2c535,202,67.33,3.54,1,5,4,0.022403,0.561427,TopoStake,pog(D=3_omega=0.50),1.53,466,0
93,4,0x1d1d2c63625de70b1e5ef40056bd2deb89d7fef2,4.069910,1773022921,bb5047ac5288f7d6cc7acf99112c8415cc173c66f5fe8c5100178378e6c4f388,217,108.50,3.88,1,6,4,0.022403,0.561428,TopoStake,pog(D=3_omega=0.50),1.50,467,0
94,0,0x63f4973c0df8a5358405f396dc0673a463c48de9,18.919236,1773022923,e345589ba4390bd48ea308272e3d8439ec432c10935843e495e27d9d6858fbfd,95,95.00,3.69,1,5,4,0.022308,0.560341,TopoStake,pog(D=3_omega=0.50),0.99,468,0
94,1,0x30509a8084fdfe6fe24d9c9a817c209ad194f8e3,12.665646,1773022925,d29f09dcdc448d7b75b18879c7ab25120324f214e03c0f74a312555b42a4f644,204,102.00,3.47,1,5,4,0.022353,0.560970,TopoStake,pog(D=3_omega=0.50),1.44,469,0
94,2,0x269cdf52f97e1d9f14b7be895155a7b294f0b21d,22.751165,1773022927,110ac8a9db73bd57d8345bbbc98fc2930d59249b2ea94bfd7d3032db5371cb7a,226,113.00,3.33,1,5,3,0.022358,0.561320,TopoStake,pog(D=3_omega=0.50),1.17,470,0
94,3,0x37cc7a82e66d4f4c2ae13b9ee895d3af1a1d7a05,2.260236,1773022929,54a396e85038a87badd93a4e737bd1199b6f48874533f0b313733d091a6eae69,240,120.00,3.60,1,5,4,0.022426,0.561981,TopoStake,pog(D=3_omega=0.50),0.91,471,0
94,4,0x34412315480562da4810040fd15c81f99880e1ab,6.899910,1773022931,6ad8f5e28077e72b93ad85378cd17532b186221fb90976e2057111c958bc0652,213,71.00,3.89,1,5,4,0.022364,0.560743,TopoStake,pog(D=3_omega=0.50),1.65,472,0
95,0,0x13f9dadc05f6c237b03411e2aed1800cf21a5d89,25.316122,1773022934,dd7040763e10f48875710a2a746c1916986fe9689e3b5484bf15d96bf381d8ac,213,106.50,3.95,1,6,4,0.022332,0.560620,TopoStake,pog(D=3_omega=0.50),1.59,473,0
95,1,0xaadc5fea232580cb8fba739ac5d05a48559c7e52,8.360084,1773022935,13c9c93363de976c541999fea27878c8d95e1e90bd11784793589c26b6c9444b,199,99.50,3.05,1,5,3,0.022332,0.560621,TopoStake,pog(D=3_omega=0.50),1.50,474,0
95,2,0x63f4973c0df8a5358405f396dc0673a463c48de9,19.920223,1773022937,c63405ace9a5a162f463a29dcc76bb0f3fed2af524b82bdbd7e287f994046c8a,108,108.00,4.31,1,6,4,0.022392,0.561345,TopoStake,pog(D=3_omega=0.50),0.99,475,0
95,3,0x719361397abe003a91af76243e5f9c7a0cd4279f,24.569024,1773022939,fb9fcff6108846eb576decc7633286e1ec7e0594a4b044a2ee2541ed22df7d8c,197,98.50,3.54,1,5,4,0.022441,0.561965,TopoStake,pog(D=3_omega=0.50),1.41,476,0
95,4,0x13f9dadc05f6c237b03411e2aed1800cf21a5d89,26.317170,1773022941,260beab8a061fe3606ffa0789ce8fac29d5df98fe9a42c002b1942781d5ea5e2,198,99.00,3.80,1,5,4,0.022518,0.562653,TopoStake,pog(D=3_omega=0.50),1.45,477,0
96,0,0x4414c05be2cf328f38d2e3ef4b705d6b894f044a,11.098791,1773022943,c349379de73f808da13922abdbf8a8d4c15f7c1b033740c2043b18442633517c,250,125.00,3.02,1,4,3,0.022606,0.563374,TopoStake,pog(D=3_omega=0.50),1.09,478,0
96,1,0x89100a8056319ba37491b32ba255004180607bc2,11.795669,1773022945,896e153f22bcf951333b9c28f36992ddc579f6839c24fc9574af59627eec49b8,221,73.67,3.92,2,5,4,0.022598,0.563588,TopoStake,pog(D=3_omega=0.50),1.85,479,0
96,2,0x075e1d95c7891e1c00414ca1aa9a7a8cf6270019,9.152835,1773022948,469ad6d679944fbfb465776251e2057bf5f7816aea1fae29ede6d90acb790a5a,201,100.50,3.95,1,5,4,0.022595,0.563857,TopoStake,pog(D=3_omega=0.50),1.58,480,0
96,3,0x075e1d95c7891e1c00414ca1aa9a7a8cf6270019,10.153945,1773022949,8d5a58ecf2abd9904338eca9f13a26edcfac498be3468105659f8ef220b1b1c3,224,112.00,3.10,1,5,3,0.022575,0.563912,TopoStake,pog(D=3_omega=0.50),1.52,481,0
96,4,0x687bf2437a044a3e42ff2f8a79a8e54ba9601f70,2.062039,1773022951,0fbebee4543334b84c64d8c7131cc21fc9801eef62747dae930b2c4916da8040,103,103.00,3.31,1,5,3,0.022562,0.564039,TopoStake,pog(D=3_omega=0.50),1.00,482,0
97,0,0x687bf2437a044a3e42ff2f8a79a8e54ba9601f70,3.062969,1773022953,4a40db426c59e9f6d27a74046177996e1dead0351444703ee365dbdcf4ad301c,186,93.00,3.76,1,5,4,0.022498,0.562730,TopoStake,pog(D=3_omega=0.50),1.48,483,0
97,1,0x075e1d95c7891e1c00414ca1aa9a7a8cf6270019,11.154441,1773022955,9327c661b7029ce5409e8fc1249144dfc3aa544d39868cd9b351c0c071ece76c,182,91.00,3.75,2,5,4,0.022442,0.561717,TopoStake,pog(D=3_omega=0.50),1.43,484,0
97,2,0xa068e3c9a21c8d8be636cd2d285895979ec3262e,8.969763,1773022957,895a2b73e31a2cec4192f2b2fe533b3c10fd59c328dc9e18a163c95a41cb4d2a,250,125.00,3.10,1,5,3,0.022434,0.561890,TopoStake,pog(D=3_omega=0.50),1.22,485,0
97,3,0x719361397abe003a91af76243e5f9c7a0cd4279f,25.569947,1773022959,3d28748f7ecfa0f97b93732c733c5d98a6f534939a8d32f8e0ee1b48d7ca1dec,167,83.50,4.25,1,6,4,0.022414,0.561900,TopoStake,pog(D=3_omega=0.50),0.98,486,0
97,4,0x07902d0371763a00d97ed9ba16ff0a206cb0fd19,28.579309,1773022961,b6f1cd6b1c9806dfe62bcdebb0b6810193eacb54d84b2323e35244313f15b3eb,220,73.33,3.82,1,5,4,0.022493,0.562577,TopoStake,pog(D=3_omega=0.50),1.79,487,0
98,0,0xea287b266dbe2c2d402fd91814bcfc4c95d6b0fd,5.163922,1773022964,bc19b742f1caacc6a98dadef3ad50037c4836ff07353eb9be0fe95068482578a,218,109.00,2.78,1,4,3,0.022590,0.563320,TopoStake,pog(D=3_omega=0.50),1.48,488,0
98,1,0x0d91704595bff3aec25d40822498a51c62b05e3a,3.573120,1773022966,6e312902ec0c0120633ffe744941a6aa6cad93ce880ac2735f4971f74f145944,197,98.50,4.03,1,6,4,0.022546,0.562907,TopoStake,pog(D=3_omega=0.50),1.52,489,0
98,2,0x58a21eeb7ab18ba8adf1296e66a4487076e95dac,10.099477,1773022968,bd59ca355c6dde970a099207bbd24ccc361eb2ea230de204ae6dfe8423087a97,209,104.50,3.32,1,5,3,0.022493,0.562024,TopoStake,pog(D=3_omega=0.50),1.51,490,0
98,3,0x719361397abe003a91af76243e5f9c7a0cd4279f,26.571067,1773022970,2bae598983a8ec7bb40711c22bb7213a9c3967633825bc1926b7da9e6d4ff643,181,90.50,3.82,1,5,4,0.022478,0.562115,TopoStake,pog(D=3_omega=0.50),1.44,491,0
98,4,0x07902d0371763a00d97ed9ba16ff0a206cb0fd19,29.580514,1773022972,7dcd7ff2086502c5c3ebbce36d5e01aaf6fc1695e4b8e0276940f7424c6b82b8,189,94.50,3.74,1,5,4,0.022561,0.562793,TopoStake,pog(D=3_omega=0.50),1.28,492,0
99,0,0xa9105f442328d397529b8e4e9e656fa89016ff45,4.467941,1773022974,639cee74f09a764fc18995931f59e33561e66183e7285f02143437fc0e847b00,250,125.00,2.79,1,4,3,0.022662,0.563530,TopoStake,pog(D=3_omega=0.50),0.97,493,0
99,1,0xe6ebb0cdfd04183d498964e5efc4096ba77b17d6,16.306562,1773022976,5a9d7605bdacd1ba3abfb9df3e1012bd2f0f94ff3bc6b8d7a88447d5800daf28,228,76.00,3.75,1,5,4,0.022613,0.562961,TopoStake,pog(D=3_omega=0.50),1.64,494,0
99,2,0x4a217e35f6402e7f62a49f6d62e27c6585c2f3fd,1.486162,1773022979,9795f2655c4058ea961ac0bd14f4963014f92b7803759827b40a3dfe30ff888f,175,87.50,3.99,1,6,4,0.022635,0.563461,TopoStake,pog(D=3_omega=0.50),1.53,495,0
99,3,0x07902d0371763a00d97ed9ba16ff0a206cb0fd19,30.581906,1773022980,830d9848047038c9f7dadf9750b903d61fd1858aba48468b4c2a2d5cb90d9db9,200,100.00,3.68,1,5,4,0.022569,0.561973,TopoStake,pog(D=3_omega=0.50),1.50,496,0
99,4,0x3d92e045fb1847aae132b40ebfcc471a32f687de,4.127017,1773022982,94e06c262fbf36489c48abb0d4c4828ed88b292285c627bf80f51dc496d19710,92,92.00,2.67,1,4,3,0.022673,0.562707,TopoStake,pog(D=3_omega=0.50),0.99,497,0
100,0,0xd67aaaf210c0c36ddcb7055222d168b5c9dd1b36,0.180893,1773022984,c5df817cd9a1c58fbc5967e6d686838165169fc8c86ecf2aa3d6d96c33b4aec3,192,96.00,4.04,1,5,4,0.022623,0.562008,TopoStake,pog(D=3_omega=0.50),1.53,498,0
100,1,0x30405867b72597aaeb27803bb2c7f3f5fc7d5384,4.516720,1773022986,0808ee00dcad6467c90b42e7b1cf5c4c48718ead489b05f0218d53caed643e72,246,123.00,3.90,1,5,4,0.022550,0.560029,TopoStake,pog(D=3_omega=0.50),1.34,499,0
100,2,0x26d553a2f4343b3a7dc88bbd87b3d0a25d3838d9,7.221009,1773022988,90addb1a51ce50cdae7fd3fc4857292794eeef186da02f65a810b928c07b0b8f,250,125.00,3.45,1,5,4,0.022502,0.559434,TopoStake,pog(D=3_omega=0.50),1.16,500,0
100,3,0x07902d0371763a00d97ed9ba16ff0a206cb0fd19,31.582547,1773022990,c20c3b81b97d9047697151c9b0aebad93c4ce2b26299416866eb14d9f2155b0f,245,81.67,3.71,1,5,4,0.022471,0.559321,TopoStake,pog(D=3_omega=0.50),1.93,501,0
100,4,0xea287b266dbe2c2d402fd91814bcfc4c95d6b0fd,6.164658,1773022993,b082f626a4647c4be7e884767b9b4689d6411f5c1acb6a32040ea0c9ce27bb54,206,103.00,2.81,1,4,3,0.022579,0.560053,TopoStake,pog(D=3_omega=0.50),1.63,502,0
101,0,0x58a21eeb7ab18ba8adf1296e66a4487076e95dac,11.100345,1773022994,f73aab688e748ab0062300cc63c79f7e4ef39deec0d7eff12b26087f039a813d,193,96.50,4.21,1,6,4,0.022540,0.559756,TopoStake,pog(D=3_omega=0.50),1.46,503,0
101,1,0xd1cd4b808ce6b2841ad42746b64c5a047e857ef0,14.252784,1773022996,f9b1510c298a1203abede84d0868ef06571e6040856df0814e64c5103c499539,109,109.00,4.04,2,5,4,0.022531,0.559890,TopoStake,pog(D=3_omega=0.50),1.00,504,0
101,2,0x53be6e527cc5a7d850b5eae27b9cef342e0665f2,3.040234,1773022998,8d8226e9c450b0022a4cabc4ea31f92e5701a799d0f621a22f81a8d03565c1fc,194,97.00,3.89,1,6,4,0.022538,0.560297,TopoStake,pog(D=3_omega=0.50),1.45,505,0
101,3,0x13f9dadc05f6c237b03411e2aed1800cf21a5d89,27.319499,1773023000,4c1a4dfc99e752ffa659978085a2602b00bb6a6520c89be381bed58fd03968e9,220,110.00,3.42,1,5,3,0.022483,0.559272,TopoStake,pog(D=3_omega=0.50),1.43,506,0
101,4,0x07902d0371763a00d97ed9ba16ff0a206cb0fd19,32.583872,1773023002,f9f261e8b85f046b90772d861fecfadd5f4b397fb6f7ceba2e8ddf2af165842c,250,125.00,2.92,1,5,3,0.022564,0.559955,TopoStake,pog(D=3_omega=0.50),0.95,507,0
102,0,0xa7e4d4d949807065ebf85adc1be8c382c7236c15,2.214151,1773023004,a095037707c588e7f7d0fd65e45169c0f93e4fc606d0db6d9b759339173e6b2a,214,107.00,2.77,2,4,3,0.022675,0.560677,TopoStake,pog(D=3_omega=0.50),0.62,508,0
102,1,0xe478b1e4d1538274c0c70cbd7df877f9abab2f62,5.299942,1773023006,bde5aaad08349731ba6cda0e7ed1143534ae6632a0b653c51df09ce5638ad9ee,193,64.33,3.87,1,6,4,0.022614,0.559427,TopoStake,pog(D=3_omega=0.50),1.47,509,0
102,2,0x1cb1274c711a6c2e4e1596846e6ac604eeefb358,5.409457,1773023009,d198a3be748f3cb8cbdb0ba62525e34e25b6a29db87c11affb11062d4a65f0a0,224,112.00,4.04,1,5,4,0.022571,0.559003,TopoStake,pog(D=3_omega=0.50),1.52,510,0
102,3,0x07902d0371763a00d97ed9ba16ff0a206cb0fd19,33.585086,1773023011,3e381e063b813da034dab84f8bc55b50aa76eee86bdc4cac8e247f5a775e13a8,219,109.50,3.49,1,5,4,0.022529,0.558564,TopoStake,pog(D=3_omega=0.50),1.42,511,0
102,4,0x1cb1274c711a6c2e4e1596846e6ac604eeefb358,6.410489,1773023013,591e614640e2fb8f184c1337f27acce0083d078b653a9067fe37b37835cb49c5,179,89.50,2.68,1,4,3,0.022643,0.559285,TopoStake,pog(D=3_omega=0.50),1.44,512,0
103,0,0x07902d0371763a00d97ed9ba16ff0a206cb0fd19,34.586009,1773023015,d7092f61481dde7899313c8869f84040f031015990fbb926c5a2263a7a90063c,209,104.50,3.49,1,5,4,0.022606,0.559011,TopoStake,pog(D=3_omega=0.50),1.40,513,0
103,1,0x719361397abe003a91af76243e5f9c7a0cd4279f,27.572307,1773023017,809685d3be0a1d4daa1854b6593e7122d864e2c6a4b6bbf89e659c58d366382b,246,123.00,2.77,1,4,3,0.022724,0.559729,TopoStake,pog(D=3_omega=0.50),1.09,514,0
103,2,0x269cdf52f97e1d9f14b7be895155a7b294f0b21d,23.752815,1773023019,b7673654e5691ecfb18e7e770f41d93b13e39843bfe6e39929dc39705e3e6b13,196,98.00,3.77,1,5,4,0.022803,0.560386,TopoStake,pog(D=3_omega=0.50),0.77,515,0
103,3,0xb7b4ee0a72bc410bf6d32b9cd3f3e11fc756d6f1,6.084274,1773023021,4b68d900ca2ba32094628ef27cc4966449a85e8c31c9bd1705ae607802a75403,225,75.00,3.64,1,5,4,0.022860,0.560999,TopoStake,pog(D=3_omega=0.50),1.74,516,0
103,4,0xcb7977f4997b4252c0152e135dd79b3cfe35c1a5,6.628901,1773023024,a567c97ad199a856d6c678b9cfac5f8a4a9fd327cc41a0cf2db501c3041b1380,219,109.50,3.79,1,6,4,0.022821,0.560622,TopoStake,pog(D=3_omega=0.50),1.56,517,0
104,0,0x07902d0371763a00d97ed9ba16ff0a206cb0fd19,35.587389,1773023025,61405ccafa7140d7c4aef6258b0978dc232a57c68f5cfb61c1d4a394397536bd,157,78.50,4.17,1,6,4,0.022784,0.560356,TopoStake,pog(D=3_omega=0.50),1.45,518,0
104,1,0xc24b36dee27726233c3bbd9e1f028f98b6b2a424,17.430268,1773023027,07ef26e692516cf2fbf360ee88d54781adffafaea12d57f94473ab62373973b6,79,79.00,2.78,1,4,3,0.022905,0.561066,TopoStake,pog(D=3_omega=0.50),0.99,519,0
104,2,0x719361397abe003a91af76243e5f9c7a0cd4279f,28.573334,1773023029,3f8c010d04dfb520fe581fb8bd8684791d4f02d6f3e0498c99fe0b7e443439e9,199,99.50,4.08,1,6,4,0.022926,0.561608,TopoStake,pog(D=3_omega=0.50),1.51,520,0
104,3,0x4414c05be2cf328f38d2e3ef4b705d6b894f044a,12.099594,1773023031,efa3273bef8eba60de99ae9ac236f972d3519d88b9f2931f2ac3647ede79c216,214,107.00,3.78,1,5,4,0.023008,0.562280,TopoStake,pog(D=3_omega=0.50),1.41,521,0
104,4,0x28672c71695142588ed26ada6f4b18b8b6c12308,0.684817,1773023033,f7c9d04c73b83683d09f72980a2839458fbd1d96e23f9aa6bd19fefafef702c5,232,116.00,3.92,1,5,4,0.023000,0.562529,TopoStake,pog(D=3_omega=0.50),1.29,522,0
105,0,0xa068e3c9a21c8d8be636cd2d285895979ec3262e,9.970261,1773023035,b20a83dd1c1b004f3e716188ba99a1ed6d94d52e1e5e25ef6917e3048bf99eec,250,125.00,3.61,1,5,4,0.022931,0.560802,TopoStake,pog(D=3_omega=0.50),0.98,523,0
105,1,0xc24b36dee27726233c3bbd9e1f028f98b6b2a424,18.431248,1773023037,32596225599a8515a5d8106106220573d7583cd5f31b4bcc04b7d7cc56b43017,213,71.00,4.26,1,6,4,0.022912,0.560852,TopoStake,pog(D=3_omega=0.50),1.73,524,0
105,2,0x63f4973c0df8a5358405f396dc0673a463c48de9,20.921538,1773023039,3481c687b625cc67f30be8ef4a2ee4e7da467bdf957c7bbed9004eae45d70ac2,193,96.50,4.13,2,6,4,0.022938,0.561390,TopoStake,pog(D=3_omega=0.50),1.53,525,0
105,3,0x075e1d95c7891e1c00414ca1aa9a7a8cf6270019,12.156294,1773023041,bf62b7990a773fd337aae4b2c7e2f32b5c98ffa311c7707b5f91f5cd6246716f,92,92.00,3.65,2,5,4,0.022977,0.561959,TopoStake,pog(D=3_omega=0.50),1.00,526,0
105,4,0x606627477c3734932f47972f83c27cf4e3b35b4f,13.388048,1773023043,0a855babc684b2a4d6e7d83019bb23d3091be0abb4642c97265296275af8748e,205,102.50,3.04,1,5,3,0.022969,0.562181,TopoStake,pog(D=3_omega=0.50),1.43,527,0
106,0,0x016d3fc36beee7caa8fbd6c1caa42461dd7f9850,16.901762,1773023045,2b4eef29e390315ac0962bd3f6f3b9032532aba131ac3ee8d41b5782aae3d23d,195,97.50,3.51,1,5,4,0.022968,0.562511,TopoStake,pog(D=3_omega=0.50),1.44,528,0
106,1,0x30509a8084fdfe6fe24d9c9a817c209ad194f8e3,13.667206,1773023047,355150c1dcbd4ed121444d4632e0201b3a094838bb02d9a32f4df6748b24b7e0,250,125.00,3.10,1,4,3,0.022985,0.562998,TopoStake,pog(D=3_omega=0.50),1.16,529,0
106,2,0x13f9dadc05f6c237b03411e2aed1800cf21a5d89,28.321591,1773023049,26038a31691eaaecf41221638d6e3933b0db0e71286460c1143a58223068b1ba,236,118.00,3.38,1,5,3,0.022985,0.563311,TopoStake,pog(D=3_omega=0.50),0.81,530,0
106,3,0x26d553a2f4343b3a7dc88bbd87b3d0a25d3838d9,8.221929,1773023052,c08b6fd82c44b107731d1d47133aacf6afd8cd9ec7cb98a7110d3e15b6ffdcdc,205,68.33,3.00,1,5,3,0.023061,0.563937,TopoStake,pog(D=3_omega=0.50),1.53,531,0
106,4,0x13f9dadc05f6c237b03411e2aed1800cf21a5d89,29.322630,1773023053,519d7ea67fc7e32db068ee5fd0a23054ae424cd246107f8a251b223dbf6ac4de,193,96.50,3.78,2,5,4,0.023032,0.563872,TopoStake,pog(D=3_omega=0.50),1.50,532,0
107,0,0x0d91704595bff3aec25d40822498a51c62b05e3a,4.573985,1773023055,881dec50f175b1e528e2817871cbe8ed07917fcef7e2edef8743fd30af5a1e39,96,96.00,3.04,1,5,3,0.023112,0.564519,TopoStake,pog(D=3_omega=0.50),1.00,533,0
107,1,0xa447d277b02012c2afd9ddcbbe123f27cc971963,6.809681,1773023057,4a5d2e226eeb4b3eb4d95bbcbe080c9909198369c2d8563e14c58af8596e0a0e,203,101.50,3.21,1,5,3,0.023064,0.563920,TopoStake,pog(D=3_omega=0.50),1.41,534,0
107,2,0x63f4973c0df8a5358405f396dc0673a463c48de9,21.922016,1773023059,42e4eab93a9a40b3c931ea78457d903dbcb796d87e0afc55fb7f166d30223502,189,94.50,3.43,1,5,3,0.023028,0.563675,TopoStake,pog(D=3_omega=0.50),1.34,535,0
107,3,0x606627477c3734932f47972f83c27cf4e3b35b4f,14.388940,1773023061,716c306ed7658e1bf6183cf093680cc5decdaa05146ddf5729b71e6afef112f3,250,125.00,3.53,1,5,4,0.023069,0.564232,TopoStake,pog(D=3_omega=0.50),1.21,536,0
107,4,0x30509a8084fdfe6fe24d9c9a817c209ad194f8e3,14.668352,1773023063,bd3f85f948aa481039766bf814e46903ecd99c3b39abc3c1318ddca73a7e53d3,214,107.00,3.66,1,5,4,0.023072,0.564579,TopoStake,pog(D=3_omega=0.50),0.87,537,0
108,0,0x606627477c3734932f47972f83c27cf4e3b35b4f,15.390010,1773023065,2f8887fc98999787a333d0b93651e7d0c2aa0aa0f7673dab7ebb9642a46eea6c,235,78.33,3.40,1,5,4,0.023075,0.564928,TopoStake,pog(D=3_omega=0.50),1.67,538,0
108,1,0xf13caa2c5f6f6cf61e51290bfa7826a9140b4faf,0.036169,1773023068,08d2c9f236991e6c536f8787196d37c94b526bcb8273964282143a3a8f90a5ab,175,87.50,3.69,2,5,4,0.023083,0.565312,TopoStake,pog(D=3_omega=0.50),1.45,539,0
108,2,0x07902d0371763a00d97ed9ba16ff0a206cb0fd19,36.589078,1773023070,67cb89b3166174332bbec8e0918c18dc0e1c6b514f03c218caa523549e61ea90,225,112.50,4.26,1,6,4,0.023012,0.563346,TopoStake,pog(D=3_omega=0.50),1.51,540,0
108,3,0x26d553a2f4343b3a7dc88bbd87b3d0a25d3838d9,9.222782,1773023072,54c233854b6e005478f12c8e2646faf7f05f13715abdf4cdb58dd237910bef9c,221,110.50,2.76,1,4,3,0.023126,0.564027,TopoStake,pog(D=3_omega=0.50),1.52,541,0
108,4,0x30509a8084fdfe6fe24d9c9a817c209ad194f8e3,15.669582,1773023074,7373c7f290331b7a44b50332f6c5712051e43f6c23c6ddc222931e55d770b2e5,183,91.50,3.78,1,5,4,0.023102,0.564017,TopoStake,pog(D=3_omega=0.50),1.51,542,0
109,0,0x49b57eb4dace37c8819daf079c9c674f766d4f38,4.228517,1773023076,04493c70e36242f1a3b4015b1b0c7967314bd4228f387867dcc4e19bccfbe1af,237,118.50,3.24,1,5,3,0.023110,0.564391,TopoStake,pog(D=3_omega=0.50),1.27,543,0
109,1,0xa3786e459f289a76c0e8af8ad834e3d0c6d47199,14.736781,1773023078,1d45fb8df058ea43326e1ea7cf8ef483d52db7e319c344ef7e7dfeb327c51b25,209,104.50,3.97,2,6,4,0.023061,0.563696,TopoStake,pog(D=3_omega=0.50),1.15,544,0
109,2,0x89100a8056319ba37491b32ba255004180607bc2,12.796549,1773023080,ad53a20da9cced1d38de2900716c6b3618cec9e968747699c08ade93b7c078eb,230,76.67,4.20,1,6,4,0.023064,0.564007,TopoStake,pog(D=3_omega=0.50),2.03,545,0
109,3,0xeb82a21cb3d0dd781eb22ad74bb7cd9b4d2a06ec,6.925017,1773023083,1540acb439eafb494962cbac5447380b4e287839b8b1536f0b9f9b4e7bc46346,208,104.00,3.78,1,5,4,0.023064,0.564008,TopoStake,pog(D=3_omega=0.50),1.58,546,0
109,4,0x606627477c3734932f47972f83c27cf4e3b35b4f,16.390874,1773023084,09d599e4d6addd87ab898adac13872d93e557a1eb6521c95d85ce33757b7ac33,179,89.50,4.05,1,6,4,0.023022,0.564007,TopoStake,pog(D=3_omega=0.50),1.56,547,0
110,0,0x016d3fc36beee7caa8fbd6c1caa42461dd7f9850,17.903217,1773023086,9ae7b834c257bad27dd255bc64c5d51457e1088dabe3ca990a9cedc1a315a274,116,116.00,3.66,1,5,4,0.023033,0.564417,TopoStake,pog(D=3_omega=0.50),1.00,548,0
110,1,0x4414c05be2cf328f38d2e3ef4b705d6b894f044a,13.100541,1773023088,c00df935296b04c4483347296dede028094517066af2d0bb10a52d80f3bd6dde,179,89.50,3.09,1,4,3,0.023051,0.564898,TopoStake,pog(D=3_omega=0.50),1.45,549,0
110,2,0x606627477c3734932f47972f83c27cf4e3b35b4f,17.391420,1773023090,d3813bc6a4972059af8c7c8567ed5c73665d444e2dee1127657bb334016f3ff3,215,107.50,3.88,1,5,4,0.023046,0.565135,TopoStake,pog(D=3_omega=0.50),1.47,550,0
110,3,0x269cdf52f97e1d9f14b7be895155a7b294f0b21d,24.754209,1773023092,32217abc4124ee2ade1805ef8b8939079c3740c0a5300dd7a1c3f697ce54def8,239,119.50,3.59,1,5,4,0.023061,0.565582,TopoStake,pog(D=3_omega=0.50),1.11,551,0
110,4,0x016d3fc36beee7caa8fbd6c1caa42461dd7f9850,18.904171,1773023094,5094312757f31b204ec78bea829ab79219e219da1cb164f455203c29c0469cfd,239,119.50,3.66,1,5,4,0.023112,0.566154,TopoStake,pog(D=3_omega=0.50),0.80,552,0
111,0,0x016d3fc36beee7caa8fbd6c1caa42461dd7f9850,18.904161,1773023097,d0aed760a07440f8f6413d1c8ce203a2ff7ef087d7702fd88958fcb28717671e,250,83.33,3.13,1,5,3,0.023112,0.566155,TopoStake,pog(D=3_omega=0.50),1.58,553,0
111,1,0x075e1d95c7891e1c00414ca1aa9a7a8cf6270019,13.157776,1773023098,d6214652189ff46132e99a564f0e16f98076dfeae658ca471ce472fdd524baca,127,63.50,3.06,1,4,3,0.023162,0.567148,TopoStake,pog(D=3_omega=0.50),1.22,554,0
111,2,0x30509a8084fdfe6fe24d9c9a817c209ad194f8e3,16.670848,1773023100,8390610966e7e22f03e5d142a6e1ab60f5f7a80ecdf609d88283545ee949d8a7,94,94.00,3.03,1,5,3,0.023156,0.567353,TopoStake,pog(D=3_omega=0.50),1.00,555,0
111,3,0xcb7977f4997b4252c0152e135dd79b3cfe35c1a5,7.629161,1773023102,520323893b34d4ef5edb262385ad09d31e4cddf32a689cf750c9014fdbe5d2bd,175,87.50,3.35,1,5,3,0.023167,0.567743,TopoStake,pog(D=3_omega=0.50),1.49,556,0
111,4,0xb2a7fe70a6f3137d38f6cb4c3ec6dd1e24f2d5f4,4.419659,1773023104,4e74f62c35a3e63fe7092c0b7bb71716b3e28aae6cc911511e6aa807f6037e88,199,99.50,4.11,1,5,4,0.023134,0.567603,TopoStake,pog(D=3_omega=0.50),1.42,557,0
112,0,0x30509a8084fdfe6fe24d9c9a817c209ad194f8e3,17.671654,1773023106,39c4e2791676d36181d1cf9d8eebd593e2ee0681335627293b36396fbe99974c,222,111.00,4.18,1,6,4,0.023086,0.566935,TopoStake,pog(D=3_omega=0.50),1.33,558,0
112,1,0xa7e4d4d949807065ebf85adc1be8c382c7236c15,3.214258,1773023108,b68d3e8dd7dc09067fa0283657d9b8610fe7d9f09643e29b52349424252da06a,250,125.00,3.31,1,5,3,0.023101,0.567351,TopoStake,pog(D=3_omega=0.50),0.92,559,0
112,2,0x07902d0371763a00d97ed9ba16ff0a206cb0fd19,37.591258,1773023111,8395032f012079172246566de6df2374433971b537086902210125ec23b31f75,208,69.33,3.92,1,6,4,0.023048,0.566410,TopoStake,pog(D=3_omega=0.50),1.60,560,0
112,3,0x58a21eeb7ab18ba8adf1296e66a4487076e95dac,12.100318,1773023112,90793774bbf423492ef4dac572dd7ffe51e40bda19ab3575ed29c1f168372a0f,221,110.50,2.72,1,4,3,0.023157,0.567063,TopoStake,pog(D=3_omega=0.50),1.45,561,0
112,4,0x016d3fc36beee7caa8fbd6c1caa42461dd7f9850,20.906106,1773023114,969e100e7386e939f31f9e7bef985c367e0ff16913a3d9a3d6142b2f95c95830,99,99.00,4.07,1,5,4,0.023158,0.567065,TopoStake,pog(D=3_omega=0.50),1.00,562,0
113,0,0xc24b36dee27726233c3bbd9e1f028f98b6b2a424,19.432103,1773023116,4729aa3c267fb2be3b163ad9562a738c6c03d6e714161ca252ba9804d906a53b,184,92.00,3.12,1,4,3,0.023188,0.567563,TopoStake,pog(D=3_omega=0.50),1.58,563,0
113,1,0x8c11ec9090dd820c076e57e899d9c604c79d6b32,8.569377,1773023118,3e8c5a9af3ec5f546b2346b0d7a0822beeeef82e53358a60d7888054437a10bd,190,95.00,3.85,1,6,4,0.023210,0.568029,TopoStake,pog(D=3_omega=0.50),1.43,564,0
113,2,0x0d91704595bff3aec25d40822498a51c62b05e3a,5.574985,1773023120,f4cd639013eec54390cb970f0336426a8fdec52e1af3719e395d8e8804672bc4,209,104.50,4.07,1,6,4,0.023182,0.567946,TopoStake,pog(D=3_omega=0.50),1.35,565,0
113,3,0xac768e60b9269babb15cb1e36ee843243d7c7543,11.727112,1773023122,c22c7c85a104285217e7c70e28299281d34c0aae95c3730cd79451acb0d94321,250,125.00,3.13,1,5,3,0.023140,0.567500,TopoStake,pog(D=3_omega=0.50),0.96,566,0
113,4,0x13f9dadc05f6c237b03411e2aed1800cf21a5d89,30.324383,1773023124,2ee98205d3c998e10fd8c900c59caee8a81edabc60f99349883d324702bb42b5,211,70.33,4.10,1,6,4,0.023126,0.567632,TopoStake,pog(D=3_omega=0.50),1.73,567,0
114,0,0xe478b1e4d1538274c0c70cbd7df877f9abab2f62,6.300605,1773023127,4ec8a4228107eebd7a36293f009c0335b9fe735bec071493a028688eb4f7a345,215,107.50,2.95,1,5,3,0.023199,0.568247,TopoStake,pog(D=3_omega=0.50),1.47,568,0
114,1,0xa7e4d4d949807065ebf85adc1be8c382c7236c15,4.215188,1773023129,29d076d253da159dd8eec95e28ba34aea6242e8563044569c4cebed6aa04c27d,193,96.50,4.08,2,5,4,0.023160,0.567853,TopoStake,pog(D=3_omega=0.50),1.51,569,0
114,2,0x7e40df5d801345015e84c843908efc6683665fa4,0.651558,1773023131,bbd5418b00bc7b43ab1230e1e97cfe851aaccc703735048173cf05622eb28e69,210,105.00,3.83,1,6,4,0.023111,0.567124,TopoStake,pog(D=3_omega=0.50),1.53,570,0
114,3,0x075e1d95c7891e1c00414ca1aa9a7a8cf6270019,14.158419,1773023133,28972cf1f2d4b2f47d67cfa7826a9c80a77009dc0c8ed6dc52d41af26c70d73f,195,97.50,3.51,1,5,4,0.023047,0.565460,TopoStake,pog(D=3_omega=0.50),1.55,571,0
114,4,0x24898fcb116b48cb2b6fd5d3b4eb599fee0f4633,2.047484,1773023135,56855edaa4b11daf26eb1e84467788db10e77eb1441fe66209b2c2c163f56f88,239,119.50,3.11,1,5,3,0.023044,0.565711,TopoStake,pog(D=3_omega=0.50),1.30,572,0
115,0,0x075e1d95c7891e1c00414ca1aa9a7a8cf6270019,15.159588,1773023137,6a947912a8ddecfabbd5d3aae0b57c7739818c8d647dce3e48e1538c07b84b1f,234,117.00,3.62,1,5,4,0.022986,0.564504,TopoStake,pog(D=3_omega=0.50),0.89,573,0
115,1,0x687bf2437a044a3e42ff2f8a79a8e54ba9601f70,4.062568,1773023139,26c680d2c13d0d3b0711ddf3a3de55834966e3701ed30228218eee2e53f88c7f,243,81.00,3.21,1,5,3,0.022988,0.564796,TopoStake,pog(D=3_omega=0.50),1.70,574,0
115,2,0xe6ebb0cdfd04183d498964e5efc4096ba77b17d6,17.307288,1773023142,ce93582b8eecc4c30181152bfaa1de2b1335b6340b4b67f5196ceb2498f36ad6,186,93.00,3.81,1,5,4,0.022940,0.564016,TopoStake,pog(D=3_omega=0.50),1.47,575,0
115,3,0x606627477c3734932f47972f83c27cf4e3b35b4f,18.392581,1773023143,9b3e958a6c2fd0ef4999cf6d077925aa406f64b5950bfbb4997ade6b21bf4c7b,196,98.00,4.15,1,6,4,0.022952,0.564388,TopoStake,pog(D=3_omega=0.50),1.46,576,0
115,4,0x37cc7a82e66d4f4c2ae13b9ee895d3af1a1d7a05,3.259881,1773023145,f3a2b0d1f2d41a5c549563b388e165e885542b7018d4b1d79070e0046edc8dd4,99,99.00,3.65,1,5,4,0.022968,0.564812,TopoStake,pog(D=3_omega=0.50),1.00,577,0
116,0,0x4ba33404d90c4ae989714d9d174cd882cffb7994,2.111660,1773023147,198d369f23a9df75ef3196d28354825cc0aa14a4a085377a0679d3dc8adc79b2,214,107.00,3.84,1,6,4,0.022916,0.563875,TopoStake,pog(D=3_omega=0.50),1.46,578,0
116,1,0x26d553a2f4343b3a7dc88bbd87b3d0a25d3838d9,10.223474,1773023149,4ad38bbd08cfc8dd30c10c3d5507f50ed4bb79113eab4f38bf321bd6f70f409e,216,108.00,4.49,1,6,5,0.022859,0.562670,TopoStake,pog(D=3_omega=0.50),1.46,579,0
116,2,0x213068cb42718d1dd6d00a6d94d62a3def0e68eb,2.365848,1773023151,1cbc8f3587a5c237b6f762ce3fec9937ddc1d25ac7256b1851ad6c97a2ec2aa2,210,105.00,3.75,1,5,4,0.022839,0.562699,TopoStake,pog(D=3_omega=0.50),1.32,580,0
116,3,0xf82400c4f426bdbd2bc687ffef1f22c1a381c851,3.058527,1773023153,7b62e26a93691ea0ed4c967b414b0636864564024478d41521b4c0a39336e026,248,124.00,3.63,1,5,4,0.022784,0.561539,TopoStake,pog(D=3_omega=0.50),0.86,581,0
116,4,0x606627477c3734932f47972f83c27cf4e3b35b4f,19.393069,1773023155,180d3b0264522240055cffa3f8acf3c73a8495fbb9cb46e775dc5f7c58660177,205,68.33,3.95,1,6,4,0.022732,0.560536,TopoStake,pog(D=3_omega=0.50),1.56,582,0
117,0,0xd39dbd3662315e3935ec08e6b6028e73b3c09de2,10.926626,1773023158,83bda131fd613b4cec1fb7c6a782f8f0e87f7195bfaf0c264a0507b1c9a68741,187,93.50,3.59,1,5,4,0.022752,0.560969,TopoStake,pog(D=3_omega=0.50),1.49,583,0
117,1,0x89100a8056319ba37491b32ba255004180607bc2,13.797516,1773023160,403c5f6e4f7b3dc5ebfec4334760f46fc3f96b580e44d0fc3e93babbf6aec808,198,99.00,4.61,1,6,5,0.022735,0.561034,TopoStake,pog(D=3_omega=0.50),1.53,584,0
117,2,0x07902d0371763a00d97ed9ba16ff0a206cb0fd19,38.593719,1773023162,f2295306c7b2ae300bc7bb0f9f9d8521d80e7ebd2c3dd669a6e1639c6c7f0c5f,214,107.00,3.94,1,5,4,0.022731,0.561249,TopoStake,pog(D=3_omega=0.50),1.46,585,0
117,3,0xbc3f8508d26048f2064aa8c068f4c94d08d77d18,5.065354,1773023164,fc28d72a431838ea56e1dd2eba0827cdfd6d5eac85331f38c788fee322e72bfd,189,94.50,2.71,1,4,3,0.022836,0.561887,TopoStake,pog(D=3_omega=0.50),1.49,586,0
117,4,0xa068e3c9a21c8d8be636cd2d285895979ec3262e,10.970463,1773023166,ee66af58f0178e1b6685ec4683355d840ed217ca15d47c29822f1e1ffebf03e9,196,98.00,4.32,2,6,4,0.022793,0.561376,TopoStake,pog(D=3_omega=0.50),1.49,587,0
118,0,0x30509a8084fdfe6fe24d9c9a817c209ad194f8e3,18.673184,1773023168,04bc44ddf07a391f3579b68b0fdd25393bf4881edbe87f97f1f1f2917822b786,224,112.00,4.14,1,6,4,0.022776,0.561413,TopoStake,pog(D=3_omega=0.50),1.32,588,0
118,1,0x49b57eb4dace37c8819daf079c9c674f766d4f38,5.229223,1773023170,f84a44e4bd75faa92df348c91f729c289552c1985e3dc6b135224649e9180a74,250,83.33,3.35,1,5,3,0.022792,0.561812,TopoStake,pog(D=3_omega=0.50),1.98,589,0
118,2,0x30509a8084fdfe6fe24d9c9a817c209ad194f8e3,19.674424,1773023172,1d7f7245d276b1a9d717c0784781581a3e2f378203b943756b06d438ac1c61db,232,116.00,3.98,2,6,4,0.022750,0.561307,TopoStake,pog(D=3_omega=0.50),1.72,590,0
118,3,0x89100a8056319ba37491b32ba255004180607bc2,14.798574,1773023175,e4adaa27458546a0ebb45f0331be335429261cf004e769a2256e2f7f8e06136d,206,103.00,3.56,1,5,4,0.022771,0.561720,TopoStake,pog(D=3_omega=0.50),1.58,591,0
118,4,0xd39dbd3662315e3935ec08e6b6028e73b3c09de2,11.927211,1773023177,a0b015e0f1622a4f7d7889ff09a90b4e33690ac395e0786ba6076c96439c917a,218,109.00,3.89,1,5,4,0.022770,0.561958,TopoStake,pog(D=3_omega=0.50),1.52,592,0
119,0,0xe6ebb0cdfd04183d498964e5efc4096ba77b17d6,18.308120,1773023179,e77f05f561b8b55412e90921266bc0c44abb2b50568637ea075c5ca99a7f5f5b,221,110.50,4.47,1,6,5,0.022757,0.562081,TopoStake,pog(D=3_omega=0.50),1.49,593,0
119,1,0x269cdf52f97e1d9f14b7be895155a7b294f0b21d,25.755816,1773023181,94563f8be26a057e2c7a5245e0cb21478bf9673ae29f072c1dc7b632205dc9f7,210,105.00,4.05,1,6,4,0.022771,0.562447,TopoStake,pog(D=3_omega=0.50),1.51,594,0
119,2,0x269cdf52f97e1d9f14b7be895155a7b294f0b21d,26.756831,1773023183,fcd47b59c881d6b110d84df659d7912f5e6d06741e605a11de43feaab3cad225,209,104.50,3.52,1,5,4,0.022817,0.562987,TopoStake,pog(D=3_omega=0.50),1.25,595,0
119,3,0x1796dc61e715f15a2d27dfa32bd34780f12a8c24,9.735804,1773023185,a793a38ba44d60f4da6dd6816c6a7aceed2fd1d501ea8f3fcee81d8257df02b9,247,123.50,3.55,1,5,4,0.022867,0.563525,TopoStake,pog(D=3_omega=0.50),1.05,596,0
119,4,0x1cb1274c711a6c2e4e1596846e6ac604eeefb358,7.411309,1773023187,8e75fe63491448c5dad6ce07008b09022621059bd1cf90b6abb6d0f62b4df86d,216,72.00,3.35,1,5,3,0.022844,0.563507,TopoStake,pog(D=3_omega=0.50),1.76,597,0
120,0,0x6064b9f5883bf9737dfe314ff68c56e09e68ac89,12.203190,1773023190,3f84a1478b8961a02a5ee267ca55dd7c89cbb014f254a3ba7fee7bfc2f569403,193,96.50,3.48,2,5,4,0.022811,0.563330,TopoStake,pog(D=3_omega=0.50),1.55,598,0
120,1,0x30509a8084fdfe6fe24d9c9a817c209ad194f8e3,20.675540,1773023191,30ff776f304efbfbb5e725c3925020fd49092b04f12db79bf48848f178d49631,179,89.50,3.78,1,5,4,0.022799,0.563450,TopoStake,pog(D=3_omega=0.50),1.46,599,0
120,2,0xe478b1e4d1538274c0c70cbd7df877f9abab2f62,7.301266,1773023193,0ffc6ddec5ac354b51e4bd6c287d3a81a89d8b0d7474d54e5f1dad0b9d2099dc,109,109.00,3.28,2,5,3,0.022822,0.563899,TopoStake,pog(D=3_omega=0.50),1.00,600,0
120,3,0x075e1d95c7891e1c00414ca1aa9a7a8cf6270019,16.161478,1773023195,b3716bb46eff5ac6324e9f203c196f279a64a2472abbadf70836b3d64743cf27,202,101.00,4.12,1,5,4,0.022789,0.563681,TopoStake,pog(D=3_omega=0.50),1.50,601,0
120,4,0x719361397abe003a91af76243e5f9c7a0cd4279f,29.575270,1773023197,d8c726a391d420c7007b1103a2c394c89a424fb7c81b7cd155ad4d2f957c266c,242,121.00,3.04,1,5,3,0.022793,0.564001,TopoStake,pog(D=3_omega=0.50),1.26,602,0
121,0,0xc4dc29db975b952e04358340e56b68fa4ba63fbc,4.540815,1773023199,e984bcd8986773b5d6e689e10187105d09ca88bfeb0e8e7b0503e91452ada981,218,109.00,3.73,1,5,4,0.022853,0.564561,TopoStake,pog(D=3_omega=0.50),1.03,603,0
121,1,0xe6ebb0cdfd04183d498964e5efc4096ba77b17d6,19.309178,1773023201,b4e557d6691a017f3c053c8d902f8ac169813bee3fd5784dcc4896d92ea79c7a,248,82.67,3.73,2,5,4,0.022808,0.563884,TopoStake,pog(D=3_omega=0.50),1.83,604,0
121,2,0x606627477c3734932f47972f83c27cf4e3b35b4f,20.393979,1773023204,5e0667299c1dba20b8abf286046d1d480255a01a0529cee4d5c20a2183bb6fee,213,106.50,4.09,1,6,4,0.022825,0.564241,TopoStake,pog(D=3_omega=0.50),1.59,605,0
121,3,0x075e1d95c7891e1c00414ca1aa9a7a8cf6270019,17.162721,1773023205,988ee326be36753b18ff2d6f24dc16b5e2574516e56df1ce0e32f80aae88f9a2,213,106.50,3.71,1,5,4,0.022846,0.564653,TopoStake,pog(D=3_omega=0.50),1.54,606,0
121,4,0x763be7657fec175a3de5f1ee0a506722872c886d,2.032425,1773023207,fa12ac44ac6d90c8aa0285ef7dfb27d00dd0bda00d4ee4ac2ea98334636b222e,98,98.00,3.11,1,5,3,0.022854,0.564980,TopoStake,pog(D=3_omega=0.50),1.00,607,0
122,0,0x6d6b2734a20229ddd7fd4a1470ba3e3bad4e4a85,1.635085,1773023209,efe98ca76364a440e3811bd9c18c9aa705c215d0c504f088d5c5fd4422662a61,207,103.50,3.65,1,5,4,0.022799,0.563757,TopoStake,pog(D=3_omega=0.50),1.45,608,0
122,1,0x07902d0371763a00d97ed9ba16ff0a206cb0fd19,39.596081,1773023211,c7e94b53db90c1300d9c816959bf88b9583eb656b62212cdec4409af2aba2f74,231,115.50,3.54,1,5,4,0.022742,0.562456,TopoStake,pog(D=3_omega=0.50),1.34,609,0
122,2,0xa068e3c9a21c8d8be636cd2d285895979ec3262e,11.971388,1773023213,8a49bed275d9f2572cdcf8fc7f0804b64b4a8633ec35863823d92d12e05ceecf,250,125.00,2.80,1,4,3,0.022842,0.563070,TopoStake,pog(D=3_omega=0.50),1.04,610,0
122,3,0x0d91704595bff3aec25d40822498a51c62b05e3a,6.576157,1773023215,fe493e9a0cf79e90f4ac4363acf1d7c599f64d86370bd45d71344daafbb29435,165,82.50,4.18,1,6,4,0.022827,0.563143,TopoStake,pog(D=3_omega=0.50),0.96,611,0
122,4,0x37cc7a82e66d4f4c2ae13b9ee895d3af1a1d7a05,4.260517,1773023217,6d8894429c8b63ff4118b436886207d73e0b3a0593bf2ed89e0e690a6da2e8d6,224,74.67,3.27,1,5,3,0.022791,0.562795,TopoStake,pog(D=3_omega=0.50),1.79,612,0
123,0,0x8719ca31b72ae8a5404006763c53d5ad503dbcb0,4.109945,1773023219,d6f1aeed6fc03fdb2efbc33d0a42c6b992fbee6ea4cb3fd39d1f89d086dc6e42,216,108.00,4.09,1,5,4,0.022791,0.562796,TopoStake,pog(D=3_omega=0.50),1.45,613,0
123,1,0x282f43759e22b50aa7989261c51c367f325c3f91,2.346036,1773023221,092ba5902839e73f9eee08c0b1c9aa9b31f9c8d4c1778f7f949a3038cae2add4,103,103.00,4.25,1,6,4,0.022700,0.561253,TopoStake,pog(D=3_omega=0.50),1.00,614,0
123,2,0x07902d0371763a00d97ed9ba16ff0a206cb0fd19,40.597596,1773023223,f8df3ad1b3dbdbe4240f1cce5ad442881365639db6318ca3fa495dbda1d83f01,208,104.00,3.88,1,6,4,0.022647,0.560081,TopoStake,pog(D=3_omega=0.50),1.47,615,0
123,3,0x075e1d95c7891e1c00414ca1aa9a7a8cf6270019,18.163412,1773023225,464a07ec6125623bcc7582610715374d7ac5790496327a4b230855ca39b29b7c,202,101.00,2.65,2,4,3,0.022748,0.560694,TopoStake,pog(D=3_omega=0.50),1.29,616,0
123,4,0x719361397abe003a91af76243e5f9c7a0cd4279f,30.576353,1773023227,517d79f5137d66af0524eef27eb2a7107ef9f42d3cbc0eb2eb86334cfcbab63b,238,119.00,3.12,1,5,3,0.022759,0.561021,TopoStake,pog(D=3_omega=0.50),0.94,617,0
124,0,0x81d019380961f92c2031b0a7fba69f7675145088,4.490972,1773023229,c2cf56aaa1c635dcb8c31e1307c0b31a5093bc034086b753d8993b8f2bbf7486,199,99.50,3.64,1,5,4,0.022819,0.561581,TopoStake,pog(D=3_omega=0.50),0.82,618,0
124,1,0x28672c71695142588ed26ada6f4b18b8b6c12308,1.684864,1773023232,d17e9f140f9f700de5ebea924beeeaa945942dacb88b79f02e42c1312088050f,193,64.33,3.79,1,5,4,0.022775,0.560844,TopoStake,pog(D=3_omega=0.50),1.52,619,0
124,2,0xb2a7fe70a6f3137d38f6cb4c3ec6dd1e24f2d5f4,5.419825,1773023233,95df4a180e3969da9cfe04e342b155f0d59e6e63b74e650130e617a202d6607a,196,98.00,3.57,1,5,4,0.022719,0.559537,TopoStake,pog(D=3_omega=0.50),1.47,620,0
124,3,0x30509a8084fdfe6fe24d9c9a817c209ad194f8e3,21.676292,1773023235,6d190ef3ac976cdf9b30545bb26f900f8687792d002d7370a98be26969d5445f,85,85.00,4.33,2,6,4,0.022679,0.559052,TopoStake,pog(D=3_omega=0.50),1.00,621,0
124,4,0xe6ebb0cdfd04183d498964e5efc4096ba77b17d6,20.310175,1773023237,b143bc798b827faf15a8524f56f16bce4114cc1be0bb0219f8d7d2079182fb94,213,106.50,3.39,1,5,3,0.022703,0.559514,TopoStake,pog(D=3_omega=0.50),1.49,622,0
125,0,0x07902d0371763a00d97ed9ba16ff0a206cb0fd19,41.598973,1773023239,73391d312838dc96fd6de1468c2c8585b63b2ade4df78677f6e1e57326536054,218,109.00,4.12,1,6,4,0.022722,0.559893,TopoStake,pog(D=3_omega=0.50),1.55,623,0
125,1,0x3513d672439a59c26cc5711f2b715ccb4810a774,3.287198,1773023241,99c8789056f775fe805d0356e58f5d3f33bcb2b92eee3ed7fe0c9a1d1ae1b057,250,125.00,2.73,1,4,3,0.022824,0.560499,TopoStake,pog(D=3_omega=0.50),1.06,624,0
125,2,0x07902d0371763a00d97ed9ba16ff0a206cb0fd19,42.600231,1773023243,91397802be16a5759bdee878cb2b59e21d7416dd8988b0375fbec9054220f5e2,209,104.50,3.77,1,5,4,0.022775,0.559576,TopoStake,pog(D=3_omega=0.50),0.81,625,0
125,3,0x26d553a2f4343b3a7dc88bbd87b3d0a25d3838d9,11.224320,1773023245,5b3d88c20539e85db66cfbf27a9d5b4117cef2ded87d0bd4345db2f5ac6edae1,209,69.67,2.78,1,4,3,0.022881,0.560181,TopoStake,pog(D=3_omega=0.50),1.61,626,0
125,4,0xc4dc29db975b952e04358340e56b68fa4ba63fbc,5.541681,1773023248,a1ab533841cc1af907e01055a6415da48e0af5f1a56ab210a16f1fcf79ea3e7e,205,102.50,3.61,1,5,4,0.022881,0.560182,TopoStake,pog(D=3_omega=0.50),1.46,627,0
126,0,0x6414c6a8400ff3419cd81855d09de2848d770e0e,2.149312,1773023249,3b6e3ffe10bff59325017c7e950d18e1c57e1921b2f0d6c788fd3a4f6f7a3c21,220,110.00,3.73,1,5,4,0.022881,0.560183,TopoStake,pog(D=3_omega=0.50),1.54,628,0
126,1,0xbc3f8508d26048f2064aa8c068f4c94d08d77d18,6.065752,1773023251,b05c53536cc2fec8bee6b447cedfb063fa5714eaf083bdb5471946bae5638297,81,81.00,3.90,1,5,4,0.022827,0.558947,TopoStake,pog(D=3_omega=0.50),1.00,629,0
126,2,0x89100a8056319ba37491b32ba255004180607bc2,15.799542,1773023253,3e38a605c3afc9a1f374e82db9ce0a47fa946a23b465d0c4ad6fa7765ac28247,187,93.50,4.30,1,6,4,0.022789,0.558513,TopoStake,pog(D=3_omega=0.50),1.50,630,0
126,3,0x016d3fc36beee7caa8fbd6c1caa42461dd7f9850,21.907891,1773023255,c659eefed5ded82ad7308d66dab5dee7d5f4954a679058ab7ea4c0bc6295530e,200,100.00,3.79,1,5,4,0.022789,0.558790,TopoStake,pog(D=3_omega=0.50),1.46,631,0
126,4,0xc774b0fee7cabbef3b1ae14bf36db3df0d32c1df,5.170679,1773023257,1ff44fd3044da2de0e78ac41e6ea2e3860518e0c5a5e9965c75fc631dda79981,250,125.00,3.01,1,4,3,0.022813,0.559232,TopoStake,pog(D=3_omega=0.50),1.13,632,0
127,0,0x6064b9f5883bf9737dfe314ff68c56e09e68ac89,13.203877,1773023259,d4d92ae0b8070058eb69082a637792e1e5dcc61c98c0beaf825f21dc00f6a6d2,216,72.00,3.97,1,5,4,0.022771,0.558678,TopoStake,pog(D=3_omega=0.50),1.79,633,0
127,1,0x606627477c3734932f47972f83c27cf4e3b35b4f,21.395178,1773023262,b50a82b015db7b3ddc7a31181313723efaa9a1bdf2f0515aa721b712a27eccc8,206,103.00,3.87,1,5,4,0.022761,0.558837,TopoStake,pog(D=3_omega=0.50),1.59,634,0
127,2,0x26d553a2f4343b3a7dc88bbd87b3d0a25d3838d9,11.224259,1773023263,2c8ade2fe13dc54b9282521d7fa826041ab711a2904bde831137df69be0904b6,178,89.00,3.69,2,5,4,0.022761,0.558838,TopoStake,pog(D=3_omega=0.50),1.46,635,0
127,3,0x07902d0371763a00d97ed9ba16ff0a206cb0fd19,43.601675,1773023265,da0982d8e7035c38d5f6f7de9b707a58205fb093667c1712b29fc0c0bc65676c,106,106.00,3.82,2,5,4,0.022743,0.558859,TopoStake,pog(D=3_omega=0.50),1.00,636,0
127,4,0xd67aaaf210c0c36ddcb7055222d168b5c9dd1b36,1.179293,1773023267,5e4a317ceabd6678dc4343f9ef545ec4c3372b9ef5cba738df3bd217ebc5be27,219,109.50,2.80,1,4,3,0.022850,0.559458,TopoStake,pog(D=3_omega=0.50),1.49,637,0
128,0,0xc24b36dee27726233c3bbd9e1f028f98b6b2a424,20.433220,1773023269,9e9c0c416cc56e2d4dc74f3366920114cf613c66e753d54e2d65e1eef464b398,195,97.50,3.89,1,5,4,0.022793,0.558084,TopoStake,pog(D=3_omega=0.50),1.42,638,0
128,1,0x016d3fc36beee7caa8fbd6c1caa42461dd7f9850,22.909223,1773023271,e1a3f54e964572a6ca792d95da95933dd1e59083d91826af14c59afb1ad082e1,246,123.00,3.86,1,6,4,0.022810,0.558438,TopoStake,pog(D=3_omega=0.50),1.14,639,0
128,2,0xac768e60b9269babb15cb1e36ee843243d7c7543,12.727582,1773023273,6d29d82f1857c3a56ac05b17ccc6acb7cd40b82564f5e46359608884d18973b1,219,109.50,3.17,1,4,3,0.022836,0.558925,TopoStake,pog(D=3_omega=0.50),0.85,640,0
128,3,0x58a21eeb7ab18ba8adf1296e66a4487076e95dac,12.099714,1773023275,b3b5df7a22b40aa3edebbac51b4c0f1344e2e80d2deccf2c9a6bcbeb63ff966b,211,70.33,3.95,2,6,4,0.022824,0.559039,TopoStake,pog(D=3_omega=0.50),1.55,641,0
128,4,0x30509a8084fdfe6fe24d9c9a817c209ad194f8e3,22.677578,1773023278,090a9d97ec5b02d1c639e7121a4ca0a80ed1375ba2cb3527d9d70d1ea4fe89ab,206,103.00,3.89,1,5,4,0.022809,0.559089,TopoStake,pog(D=3_omega=0.50),1.52,642,0
129,0,0xd61b00c297972877b45f8d7f4d67fdaf20c67c59,3.330238,1773023280,5682cd647cede3f1f676d1c012b0920b566b32bda98ca2615de5fb71faa6f7cf,207,103.50,3.38,1,5,3,0.022834,0.559538,TopoStake,pog(D=3_omega=0.50),1.44,643,0
129,1,0x075e1d95c7891e1c00414ca1aa9a7a8cf6270019,19.165197,1773023282,f35abe6db903ae4855f78576a254b6ed362e1c42065c73de6bc94b46be8f8839,195,97.50,4.47,1,6,5,0.022785,0.558620,TopoStake,pog(D=3_omega=0.50),1.47,644,0
129,2,0xa068e3c9a21c8d8be636cd2d285895979ec3262e,12.971832,1773023284,b2cca4e57bc630666c4e065cfe327319405dbf2de00985ac46c370fe3e56f494,206,103.00,3.06,1,5,3,0.022797,0.558939,TopoStake,pog(D=3_omega=0.50),1.50,645,0
129,3,0x269cdf52f97e1d9f14b7be895155a7b294f0b21d,27.758636,1773023286,9e88ce113b965fad20b3c941053bf741aaf8fe414118c984bfc358d137b1a51d,206,103.00,4.40,1,6,5,0.022785,0.559041,TopoStake,pog(D=3_omega=0.50),1.48,646,0
129,4,0x719361397abe003a91af76243e5f9c7a0cd4279f,31.577619,1773023288,64263a7743e512744bf1f0d59b55c2eb7d8146886f30c9eafd501bc5253ecc57,250,125.00,3.61,1,5,4,0.022829,0.559550,TopoStake,pog(D=3_omega=0.50),1.31,647,0
130,0,0x6d6b2734a20229ddd7fd4a1470ba3e3bad4e4a85,2.635712,1773023290,959c2cbdf1843d8b71041c273391b1b7d32b4892c6efbe997c5d45970157dab4,250,125.00,3.77,1,5,4,0.022886,0.560111,TopoStake,pog(D=3_omega=0.50),0.85,648,0
130,1,0x606627477c3734932f47972f83c27cf4e3b35b4f,21.395209,1773023293,63e1075d32e36348095561ad0069602f1c0d991f9a30c14f02f552c3afc7bdd6,198,66.00,3.71,1,5,4,0.022835,0.559021,TopoStake,pog(D=3_omega=0.50),1.62,649,0
130,2,0x49b57eb4dace37c8819daf079c9c674f766d4f38,6.229904,1773023294,9778e7f4668e74fb3eda53cdba445b6c318c411dd8876a4e15933c10a56e5d04,220,110.00,3.67,2,5,4,0.022854,0.559417,TopoStake,pog(D=3_omega=0.50),1.48,650,0
130,3,0xd67aaaf210c0c36ddcb7055222d168b5c9dd1b36,2.180056,1773023296,acac615729a0bc58818a71fd88f613f863b1b5f50a2314d1b2f6e40c77c4abe0,85,85.00,3.95,2,5,4,0.022817,0.558996,TopoStake,pog(D=3_omega=0.50),1.00,651,0
130,4,0x07902d0371763a00d97ed9ba16ff0a206cb0fd19,44.603639,1773023298,b7fcbc695732f195221146839442919801b751d672975f96b184b9372517b72f,219,109.50,3.89,1,5,4,0.022765,0.557764,TopoStake,pog(D=3_omega=0.50),1.49,652,0
131,0,0xd1cd4b808ce6b2841ad42746b64c5a047e857ef0,15.253214,1773023300,977639ba4412c23434101d881aef2f5df183394e9f8d1a5fed9018be85820614,231,115.50,2.67,1,4,3,0.022869,0.558352,TopoStake,pog(D=3_omega=0.50),1.29,653,0
131,1,0x58a21eeb7ab18ba8adf1296e66a4487076e95dac,13.100579,1773023302,eebace490e8fd0bf57e6c0f4f08c30789aecedfc243254fe07aa118b307def04,218,109.00,3.81,1,6,4,0.022865,0.558573,TopoStake,pog(D=3_omega=0.50),1.03,654,0
131,2,0xeaa5003682d7289190651081ae2bee847097afc5,6.759074,1773023304,2de5effa02ce126898a70ec827dabb4b35492abe5b2ddca3218b0f6d988c5cdf,240,80.00,3.90,1,5,4,0.022853,0.558657,TopoStake,pog(D=3_omega=0.50),1.82,655,0
131,3,0xa447d277b02012c2afd9ddcbbe123f27cc971963,7.809575,1773023306,208c41cfc6e75b34aa604fa01e2cfbeb94b7067e04ab062816300f3c6483b053,205,102.50,4.19,1,6,4,0.022818,0.558317,TopoStake,pog(D=3_omega=0.50),1.66,656,0
131,4,0x63f4973c0df8a5358405f396dc0673a463c48de9,22.923975,1773023308,87f16cc10812c2ca95f63dbbcb7a3576a83a08b74734725d78ff3b624379443e,208,104.00,3.50,1,5,3,0.022818,0.558318,TopoStake,pog(D=3_omega=0.50),1.55,657,0
132,0,0x13f9dadc05f6c237b03411e2aed1800cf21a5d89,31.329222,1773023310,28287da836e2fba0c082808f2ec151ba7398a70f0c132ad427f4503852c35f34,113,113.00,3.44,1,5,4,0.022810,0.558598,TopoStake,pog(D=3_omega=0.50),1.00,658,0
132,1,0xdcf2130496e27a8094ab996aea4aa77788d65869,16.517611,1773023312,d6f2e8198fb391372c2a5723dc22e38e76027625177ad7871ccd5a96dada4e0b,213,106.50,3.04,1,5,3,0.022864,0.559126,TopoStake,pog(D=3_omega=0.50),1.45,659,0
132,2,0x26d553a2f4343b3a7dc88bbd87b3d0a25d3838d9,12.224706,1773023314,59615086302839d69609120ef251ff63642235832d6f6a9e790e985a0522f2d0,226,113.00,3.93,1,5,4,0.022864,0.559403,TopoStake,pog(D=3_omega=0.50),1.49,660,0
132,3,0xea287b266dbe2c2d402fd91814bcfc4c95d6b0fd,7.163968,1773023316,e27f57ea297fc37ce02f12f1e9617e929d6d707efd4dbc3342886ee03beed528,228,114.00,3.73,1,5,4,0.022849,0.559426,TopoStake,pog(D=3_omega=0.50),1.35,661,0
132,4,0x719361397abe003a91af76243e5f9c7a0cd4279f,32.579032,1773023318,321238533f081a992121fe983e1c1c78bef3e7a5295650f124705fa3998d0326,231,115.50,4.09,1,6,4,0.022815,0.559152,TopoStake,pog(D=3_omega=0.50),1.06,662,0
133,0,0x9c39f7fffaa5c5cfab20dfdd05663497918580c1,7.429133,1773023320,88e68c5e47e0fb30383163e39378651cce0e8e19dd45ee7690c56d1856e55635,219,73.00,3.86,1,5,4,0.022873,0.559703,TopoStake,pog(D=3_omega=0.50),1.71,663,0
133,1,0x50f7fa851f9314d682e36da5caa4635039b5305d,4.104359,1773023323,9300dbe4ba31f4ef7584ca8734ac800dc38a4c704ee3f554ae8b303ce446cfa9,215,107.50,4.04,1,5,4,0.022840,0.559450,TopoStake,pog(D=3_omega=0.50),1.52,664,0
133,2,0x8719ca31b72ae8a5404006763c53d5ad503dbcb0,5.109711,1773023325,89f8caf8930a03ecb34f4a93d3368195d32f19d76e98519a7e7866cf0a54336a,197,98.50,3.45,1,4,4,0.022795,0.558654,TopoStake,pog(D=3_omega=0.50),1.51,665,0
133,3,0x016d3fc36beee7caa8fbd6c1caa42461dd7f9850,23.910772,1773023327,118644e999c33862697f576db33a7053759a413bd5eeacf179c45d903856a9f2,210,105.00,4.27,1,6,4,0.022755,0.558090,TopoStake,pog(D=3_omega=0.50),1.51,666,0
133,4,0x075e1d95c7891e1c00414ca1aa9a7a8cf6270019,20.166635,1773023329,12f43f370c00db2963bec139996e7cb12204cf9185d550cef21b027fa6196f75,222,111.00,3.10,1,4,3,0.022781,0.558559,TopoStake,pog(D=3_omega=0.50),1.46,667,0
134,0,0x1796dc61e715f15a2d27dfa32bd34780f12a8c24,10.736891,1773023331,39e293cd6fe248d04fa602933978e5343d71546cff9849f4428c3b7b63a920cf,241,120.50,3.07,1,5,3,0.022793,0.558868,TopoStake,pog(D=3_omega=0.50),1.22,668,0
134,1,0x016d3fc36beee7caa8fbd6c1caa42461dd7f9850,24.911885,1773023333,a28066961124827765906b50e57fb96883d8416b47e1ee93777a62cc48765b69,247,123.50,3.32,1,5,3,0.022772,0.558858,TopoStake,pog(D=3_omega=0.50),0.83,669,0
134,2,0x8c11ec9090dd820c076e57e899d9c604c79d6b32,9.569737,1773023335,67779f092e6bd2988cbdff25c93f68a1c5450bbc1ccc06d89f7d2370ef497b64,206,68.67,3.19,2,4,3,0.022801,0.559325,TopoStake,pog(D=3_omega=0.50),1.65,670,0
134,3,0x24898fcb116b48cb2b6fd5d3b4eb599fee0f4633,3.047407,1773023338,e9138548a11be726094a691d94ba56b010f6acd76d1417d68b850b95e492d8dd,212,106.00,4.22,1,5,4,0.022776,0.559287,TopoStake,pog(D=3_omega=0.50),1.52,671,0
134,4,0x30509a8084fdfe6fe24d9c9a817c209ad194f8e3,23.679116,1773023339,e02edfd7ad77101666d73429e79e147d1319570e80bc9996e2bd1f6f75ac9fbe,203,101.50,3.61,1,5,4,0.022729,0.558305,TopoStake,pog(D=3_omega=0.50),1.52,672,0
135,0,0x377eaef292051bbf8ada05b2af76a3f3b9d722a7,1.046490,1773023341,71f4b72439fe86d007f1ed05c1fa83d9d3f8088f607b3f10e0baa14fa250a10b,92,92.00,3.23,1,5,3,0.022753,0.558738,TopoStake,pog(D=3_omega=0.50),0.97,673,0
135,1,0xc4dc29db975b952e04358340e56b68fa4ba63fbc,5.540987,1773023343,e01c1cb2e11bb4e2a1642da82686129e36936ac75db912ac19cf1bbaadfed7cc,194,97.00,3.52,1,5,4,0.022698,0.557382,TopoStake,pog(D=3_omega=0.50),1.44,674,0
135,2,0x269cdf52f97e1d9f14b7be895155a7b294f0b21d,28.760086,1773023345,cc4d84623587a23fa7744d67010f86e25234aea25d4cb19dfad6ad2bbed46b27,236,118.00,3.61,1,5,4,0.022660,0.556871,TopoStake,pog(D=3_omega=0.50),1.28,675,0
135,3,0x0d91704595bff3aec25d40822498a51c62b05e3a,7.577487,1773023347,77f8f58f8d05b04a419828505dbc8e9b2672c5a702f2917c7b7607738d883746,214,107.00,3.63,1,5,4,0.022701,0.557363,TopoStake,pog(D=3_omega=0.50),0.90,676,0
135,4,0x13f9dadc05f6c237b03411e2aed1800cf21a5d89,32.331022,1773023349,7845aab992479d89f320763f2447cee41b90fdf4567b6fbb98d3eb5a195a05df,217,72.33,3.29,1,5,3,0.022670,0.557123,TopoStake,pog(D=3_omega=0.50),1.72,677,0
136,0,0xdcf2130496e27a8094ab996aea4aa77788d65869,17.518648,1773023352,e93816c6006c54acf2f90eda997cb66bd14afcf007caffebe676bf06304d7785,218,109.00,3.09,1,5,3,0.022723,0.557639,TopoStake,pog(D=3_omega=0.50),1.50,678,0
136,1,0x13f9dadc05f6c237b03411e2aed1800cf21a5d89,33.332126,1773023353,96915c5abadfee379c9a2b513351053905892b0f9a5dfdb0d859d70ebffdd22b,205,102.50,3.92,1,5,4,0.022725,0.557918,TopoStake,pog(D=3_omega=0.50),1.51,679,0
136,2,0x763be7657fec175a3de5f1ee0a506722872c886d,3.032136,1773023355,1ca92014200671a41ca80c7ce721201c8fd810f4819ffee07d499028a566ccad,116,116.00,2.99,1,5,3,0.022782,0.558453,TopoStake,pog(D=3_omega=0.50),1.00,680,0
136,3,0x13f9dadc05f6c237b03411e2aed1800cf21a5d89,34.332686,1773023357,11d62c39fa53bcddb8908fdc2abbe9f784bf226402f57d62e9d8babe9702b0c5,208,104.00,3.54,1,5,4,0.022734,0.557454,TopoStake,pog(D=3_omega=0.50),1.51,681,0
136,4,0x81d019380961f92c2031b0a7fba69f7675145088,5.491039,1773023359,f83b12d51c16d26aee430326a09d6678aecbae709f92158053ff7248d064aec5,211,105.50,2.91,1,5,3,0.022794,0.557994,TopoStake,pog(D=3_omega=0.50),1.26,682,0
137,0,0xd67aaaf210c0c36ddcb7055222d168b5c9dd1b36,3.180597,1773023361,f73f23623e605c35871fd9a33b158e7d0834076fc129c4f6f678d853e9f4e2a8,215,107.50,3.73,1,5,4,0.022755,0.557457,TopoStake,pog(D=3_omega=0.50),0.94,683,0
137,1,0x30509a8084fdfe6fe24d9c9a817c209ad194f8e3,24.679741,1773023363,d387705076ee5f4428f8c6513b242b24c17132d93760c85fd229440ba4361b91,222,74.00,4.01,1,5,4,0.022708,0.556477,TopoStake,pog(D=3_omega=0.50),1.84,684,0
137,2,0x687bf2437a044a3e42ff2f8a79a8e54ba9601f70,5.062331,1773023366,a5b7e111982da032248ce257459ee65ba8b74dd75363f0e55827caf3c1113209,210,105.00,3.43,1,5,4,0.022708,0.556478,TopoStake,pog(D=3_omega=0.50),1.56,685,0
137,3,0x8c11ec9090dd820c076e57e899d9c604c79d6b32,10.570611,1773023367,f18c60b76e95cce40b7f7baf07b662cef4ac536aee83be6194e3ddf22f5bdb11,207,103.50,3.80,1,5,4,0.022668,0.555864,TopoStake,pog(D=3_omega=0.50),1.56,686,0
137,4,0xc24b36dee27726233c3bbd9e1f028f98b6b2a424,21.434555,1773023369,aaa92e9e6d85c7c0ee9da344f9d095b671647c7fe8cbb0c048bd3148c90e0125,85,85.00,4.18,1,6,4,0.022647,0.555832,TopoStake,pog(D=3_omega=0.50),1.00,687,0
138,0,0x24898fcb116b48cb2b6fd5d3b4eb599fee0f4633,4.048264,1773023371,6aef4dc39ef5fde8f94aee9a16910f4847bd0fb89d91d7c48816874dcff9e25a,184,92.00,3.85,1,6,4,0.022662,0.556190,TopoStake,pog(D=3_omega=0.50),1.49,688,0
138,1,0xa068e3c9a21c8d8be636cd2d285895979ec3262e,13.972351,1773023373,47677e32e0fec1c25a99100f816cf67a6f46a9115ae387cf64b36c733d7fcc67,225,112.50,3.47,1,5,4,0.022618,0.555386,TopoStake,pog(D=3_omega=0.50),1.34,689,0
138,2,0x71f297f96355f349d66f0e9b681e7d4e11224660,4.166815,1773023375,207a3ac5f8386cca42feed22a7ebd8250df6cfe62c022999abd787e18b7241a5,216,108.00,4.20,1,6,4,0.022608,0.555548,TopoStake,pog(D=3_omega=0.50),1.27,690,0
138,3,0xac61c91e7d24df824351a6c4e562a75f0cf646f8,3.245108,1773023377,768eefb7245bca021f8b46703aac18d0b40807520f830db9325a11bca139a537,231,115.50,3.97,1,5,4,0.022565,0.554742,TopoStake,pog(D=3_omega=0.50),0.92,691,0
138,4,0x269cdf52f97e1d9f14b7be895155a7b294f0b21d,29.761228,1773023380,63b177429933abc7003e1b95471176e50bcd97509afeb0563106176eb95c375d,226,75.33,3.92,1,6,4,0.022565,0.554743,TopoStake,pog(D=3_omega=0.50),1.58,692,0
139,0,0xa447d277b02012c2afd9ddcbbe123f27cc971963,8.810351,1773023381,6d5cdbcd38ed63b300350b9cb927c6542f0665569b8706f3246747577886948c,189,94.50,3.66,1,5,4,0.022608,0.555228,TopoStake,pog(D=3_omega=0.50),1.52,693,0
139,1,0x58a21eeb7ab18ba8adf1296e66a4487076e95dac,14.101670,1773023383,0e97c8f92cf36b412964a6af1722456b36eeda427c9d44540f74ccf47a332ff1,93,93.00,3.45,1,5,4,0.022581,0.555158,TopoStake,pog(D=3_omega=0.50),0.99,694,0
139,2,0xc577329e86aaecb006f17fb90499c54671119935,0.308407,1773023385,22d7fe78d30ec6742a75243d297a852349a25a22bdd3ab200ef4641d6506f734,194,97.00,3.88,1,5,4,0.022571,0.555308,TopoStake,pog(D=3_omega=0.50),1.46,695,0
139,3,0x13f9dadc05f6c237b03411e2aed1800cf21a5d89,35.334179,1773023387,c139eeed1092e1399575f04ff7eddc8b71ce6209aec028d39ab4a9c0c5968001,246,123.00,3.84,1,6,4,0.022516,0.553779,TopoStake,pog(D=3_omega=0.50),1.33,696,0
139,4,0x13f9dadc05f6c237b03411e2aed1800cf21a5d89,36.335354,1773023389,0b8d1ed3512da3a53df0d966043fdd63c9701dea1dfe5618ddafc85627ae2718,239,119.50,2.96,1,4,3,0.022576,0.554314,TopoStake,pog(D=3_omega=0.50),0.81,697,0
140,0,0x30509a8084fdfe6fe24d9c9a817c209ad194f8e3,24.679760,1773023391,d761bc01db389a4c9f7a6c2aa8d7d5e876474e0958cc82af773f7d3618e96f43,203,67.67,3.15,1,5,3,0.022639,0.554849,TopoStake,pog(D=3_omega=0.50),1.63,698,0
140,1,0x07902d0371763a00d97ed9ba16ff0a206cb0fd19,45.607417,1773023394,61d9ff189b613b8d1761dad9c2bef11bdf29260ec7d7b47eea3c205e3a65cb13,201,100.50,3.33,1,5,3,0.022664,0.555279,TopoStake,pog(D=3_omega=0.50),1.51,699,0
140,2,0x89100a8056319ba37491b32ba255004180607bc2,16.800623,1773023395,b5e6a75298830200bfdb5763837c15dfb13032c84039b2a9a920cb22ca9da396,207,103.50,2.73,1,4,3,0.022756,0.555835,TopoStake,pog(D=3_omega=0.50),1.48,700,0
140,3,0xa447d277b02012c2afd9ddcbbe123f27cc971963,9.810770,1773023397,0dff3ba6c48f4497ff21910824ffee9a7712079104444ee98d79b874686d06e0,102,102.00,3.82,1,5,4,0.022755,0.556085,TopoStake,pog(D=3_omega=0.50),0.98,701,0
140,4,0x30509a8084fdfe6fe24d9c9a817c209ad194f8e3,25.680703,1773023399,f97aebac9d38b81917e676890014e3f2465d39126b0e8ff486b250bd8b4e8a53,191,95.50,3.49,1,5,4,0.022730,0.556028,TopoStake,pog(D=3_omega=0.50),1.47,702,0
141,0,0x13f9dadc05f6c237b03411e2aed1800cf21a5d89,37.336510,1773023401,f3d1356c068d4a48885a31f19fef25172e77d0f6a1f4623797059eddd2a4f5ac,235,117.50,3.18,1,5,3,0.022757,0.556474,TopoStake,pog(D=3_omega=0.50),1.26,703,0
141,1,0x4414c05be2cf328f38d2e3ef4b705d6b894f044a,14.100894,1773023403,5273daa2ca08e1056e1fd12995be65efc1a2be550217a1cb28ff0b98071dad9a,250,125.00,3.00,1,5,3,0.022822,0.557001,TopoStake,pog(D=3_omega=0.50),0.94,704,0
141,2,0x07902d0371763a00d97ed9ba16ff0a206cb0fd19,46.608714,1773023405,72500352fa062a67202ea4241aa6e867b95911b5d9d2160dd3f3a7857e878dc2,203,67.67,3.98,1,5,4,0.022811,0.557121,TopoStake,pog(D=3_omega=0.50),1.67,705,0
141,3,0x13f9dadc05f6c237b03411e2aed1800cf21a5d89,38.337776,1773023408,0b213fe052e8e5383e858e5b745ef6ab710cffc179953079d96c6ab3ca0e3402,206,103.00,2.84,1,4,3,0.022905,0.557672,TopoStake,pog(D=3_omega=0.50),1.55,706,0
141,4,0xa7e4d4d949807065ebf85adc1be8c382c7236c15,5.214464,1773023409,3816630a7a5ab6a033b17ca55c56fb9dcb39c3b858c9e70292e3974b6db28377,213,106.50,3.11,1,5,3,0.022905,0.557672,TopoStake,pog(D=3_omega=0.50),1.52,707,0
142,0,0x9c39f7fffaa5c5cfab20dfdd05663497918580c1,8.429633,1773023411,1cfc1aed6fa07d934ef03389c17af7dca0edb4fb7560c204ed7afa9624f680c3,96,96.00,3.73,1,6,4,0.022932,0.557597,TopoStake,pog(D=3_omega=0.50),0.97,708,0
142,1,0xf82400c4f426bdbd2bc687ffef1f22c1a381c851,4.057860,1773023413,8de0cf1e94cc1a0df41017c622ca262fadc7ce946b509fa3db1223c055d5cf9f,186,93.00,3.95,1,5,4,0.022902,0.557481,TopoStake,pog(D=3_omega=0.50),1.45,709,0
142,2,0x26d553a2f4343b3a7dc88bbd87b3d0a25d3838d9,13.225644,1773023415,5f0bcb7f2959028d293c4da71312d9fb173efa7c39180b97064c3bd5cf6e1246,250,125.00,4.02,1,6,4,0.022859,0.556649,TopoStake,pog(D=3_omega=0.50),1.44,710,0
142,3,0x075e1d95c7891e1c00414ca1aa9a7a8cf6270019,21.168831,1773023417,f3518eca46b7e30c380b60041299e59731b74a86e196c8632ac89873234d58ae,250,125.00,3.80,1,5,4,0.022845,0.556706,TopoStake,pog(D=3_omega=0.50),1.11,711,0
142,4,0x075e1d95c7891e1c00414ca1aa9a7a8cf6270019,22.170016,1773023419,b750aec8f13bafe799d4bc8abb08f0be29d99b85850f078b84ba85c0fe8cbce3,239,79.67,3.21,1,5,3,0.022856,0.557022,TopoStake,pog(D=3_omega=0.50),1.83,712,0
143,0,0xac768e60b9269babb15cb1e36ee843243d7c7543,13.728177,1773023422,3d4e620da0f4a1d5d1f7bb85f9aae3a90138efc6efa49953fcdfaf239a2ca369,199,99.50,3.14,1,5,3,0.022871,0.557380,TopoStake,pog(D=3_omega=0.50),1.47,713,0
143,1,0x07902d0371763a00d97ed9ba16ff0a206cb0fd19,47.610154,1773023423,65d261a3f442ea31e32ffd154ed4c0dd6c8414ec0f630cdba4d63e13e4108a09,220,110.00,4.00,1,6,4,0.022871,0.557381,TopoStake,pog(D=3_omega=0.50),1.51,714,0
143,2,0x8c11ec9090dd820c076e57e899d9c604c79d6b32,11.570735,1773023425,60cfa3a19b89e73d718d687a949d3146a614a1d855af1a6345178bd0c31e7aef,101,101.00,2.67,1,4,3,0.022952,0.557992,TopoStake,pog(D=3_omega=0.50),0.99,715,0
143,3,0x24898fcb116b48cb2b6fd5d3b4eb599fee0f4633,5.049072,1773023427,e881f15a538b3507c058bb0cdc85cd5872811f1ebc56d795f8cb0bdf6dfa24a4,216,108.00,4.19,1,6,4,0.022933,0.557979,TopoStake,pog(D=3_omega=0.50),1.51,716,0
143,4,0x8c11ec9090dd820c076e57e899d9c604c79d6b32,12.571670,1773023429,922fe45088fd7efa6fdc8a287e636fadd7d12e52dbb8e48cdd0a9ae55e6e58da,247,123.50,3.51,1,5,4,0.022893,0.557335,TopoStake,pog(D=3_omega=0.50),1.37,717,0
144,0,0x07902d0371763a00d97ed9ba16ff0a206cb0fd19,48.610768,1773023431,aca768b696630cb47b70f1be5d2b9cf2c33ccd7ae0ca32e7471ee303ee03dec2,198,99.00,4.16,1,6,4,0.022876,0.557343,TopoStake,pog(D=3_omega=0.50),1.28,718,0
144,1,0x4414c05be2cf328f38d2e3ef4b705d6b894f044a,15.101816,1773023433,bc987a51718f2f720ecc0c38987a6605689e1a3fa733bc22a3fc354a40316548,250,83.33,2.79,1,4,3,0.022972,0.557885,TopoStake,pog(D=3_omega=0.50),1.90,719,0
144,2,0x075e1d95c7891e1c00414ca1aa9a7a8cf6270019,23.171157,1773023436,e1706f8ce04d38889a28a7c2357134332d96adf8bded4d14b2c72500088d8cee,214,107.00,3.94,1,5,4,0.022963,0.558060,TopoStake,pog(D=3_omega=0.50),1.50,720,0
144,3,0x213068cb42718d1dd6d00a6d94d62a3def0e68eb,3.365123,1773023437,65736c7d1e8e60d9a05436f18e37b4dc63e088e460165e99b0f92f151924dcce,199,99.50,3.15,2,5,3,0.022963,0.558060,TopoStake,pog(D=3_omega=0.50),1.52,721,0
144,4,0xe6ebb0cdfd04183d498964e5efc4096ba77b17d6,21.311031,1773023439,40dcc8053c83bfbe2ac39d611f32c2351e21a5f735e87d9d5f39edc499d18d2f,101,101.00,3.44,1,5,4,0.022935,0.557494,TopoStake,pog(D=3_omega=0.50),0.98,722,0
145,0,0x4414c05be2cf328f38d2e3ef4b705d6b894f044a,16.102867,1773023441,e44966da865b97a3080a0e088dae748a6711dc185647d0509ea1c7ed6e415696,183,91.50,3.91,1,6,4,0.022945,0.557784,TopoStake,pog(D=3_omega=0.50),1.44,723,0
145,1,0xc774b0fee7cabbef3b1ae14bf36db3df0d32c1df,6.170481,1773023443,e955b04c215a177f44fb6885daa6a551ac18648c5da0e26d6f9e391e4b2fb695,204,102.00,3.89,1,5,4,0.022939,0.557995,TopoStake,pog(D=3_omega=0.50),1.46,724,0
145,2,0x30509a8084fdfe6fe24d9c9a817c209ad194f8e3,26.682150,1773023445,8fd6ccd46db9d18a657a4523275b9e3fd31c3bfc22c14b4f503848edaed70eee,237,118.50,3.81,1,5,4,0.022903,0.557550,TopoStake,pog(D=3_omega=0.50),1.19,725,0
145,3,0xa5a12d96532497871d73549e55ab377e3dcb3a40,0.097727,1773023447,2b6ec0ec85085a4821169e70e92653a325836c8f4a95f83d4b65507e638e8d25,237,79.00,3.28,1,5,3,0.022929,0.557987,TopoStake,pog(D=3_omega=0.50),1.69,726,0
145,4,0xcb7977f4997b4252c0152e135dd79b3cfe35c1a5,8.628593,1773023450,f2c3f9da6aa8b0df9b38aac3fc2dd4940b6653d8c39a876c5b1e58141ae2a330,194,97.00,4.13,1,6,4,0.022875,0.556440,TopoStake,pog(D=3_omega=0.50),1.51,727,0
146,0,0x4ba33404d90c4ae989714d9d174cd882cffb7994,3.110129,1773023451,55d27d099e1b93d9174f7b42bbb6308ff2ac48337720cb568f94804bb910809c,195,97.50,4.28,2,6,4,0.022846,0.556320,TopoStake,pog(D=3_omega=0.50),1.49,728,0
146,1,0xc4dc29db975b952e04358340e56b68fa4ba63fbc,6.541563,1773023453,f6750f1829fa1d55f6d4d465ceebf71bba6b9268691067e0507d1479186a633f,96,96.00,4.40,1,6,5,0.022801,0.555334,TopoStake,pog(D=3_omega=0.50),0.96,729,0
146,2,0xa5a12d96532497871d73549e55ab377e3dcb3a40,1.098540,1773023455,b7b22e9dfefa9533a135c9e0699190bade9c9f8b91a971ce0e716f6976dce2b3,233,116.50,3.64,1,5,4,0.022766,0.554939,TopoStake,pog(D=3_omega=0.50),1.47,730,0
146,3,0x71f297f96355f349d66f0e9b681e7d4e11224660,5.167487,1773023457,6062237d6edd0aaee13d8203700f52f8c302807aebf005add04598812f424904,202,101.00,4.04,1,6,4,0.022715,0.553661,TopoStake,pog(D=3_omega=0.50),1.44,731,0
146,4,0x30509a8084fdfe6fe24d9c9a817c209ad194f8e3,27.683412,1773023459,dbdbdf8fbb56a77d7c4a7f1266a7d1d1eedaa7556448d93875fbfdc950b95d28,250,125.00,3.90,1,5,4,0.022676,0.553032,TopoStake,pog(D=3_omega=0.50),1.20,732,0
147,0,0x07902d0371763a00d97ed9ba16ff0a206cb0fd19,49.612723,1773023461,b0795cfc6447d855d4889c2a93638fe03fdcbd489f77df0f47959fa1f50d61d3,250,83.33,3.38,1,5,3,0.022706,0.553471,TopoStake,pog(D=3_omega=0.50),1.87,733,0
147,1,0x13f9dadc05f6c237b03411e2aed1800cf21a5d89,39.339916,1773023464,5f7eb3e2013b949691d7f2a2207062c5e820f6d1fbb43dd1e0804a00a1fbf474,190,95.00,2.82,1,4,3,0.022800,0.554007,TopoStake,pog(D=3_omega=0.50),1.62,734,0
147,2,0xa3786e459f289a76c0e8af8ad834e3d0c6d47199,15.737214,1773023465,d58edd289a685a94f958d59ba4894ea4bdcee3dfddb66fe22565c94352da4331,189,94.50,3.05,1,5,3,0.022800,0.554008,TopoStake,pog(D=3_omega=0.50),1.53,735,0
147,3,0xd1cd4b808ce6b2841ad42746b64c5a047e857ef0,16.254149,1773023467,576b5901bb28b4b8b37e23dd9f15d6e2469a008b745136ce0a5f7b1f3fad7014,110,110.00,4.22,1,6,4,0.022857,0.554697,TopoStake,pog(D=3_omega=0.50),0.98,736,0
147,4,0xcb7977f4997b4252c0152e135dd79b3cfe35c1a5,9.629187,1773023469,d357ec119f1dd57bad4c09eacda828b2d2b65dd613f5e6f6f9a01884879e7ac9,194,97.00,4.01,2,6,4,0.022851,0.554879,TopoStake,pog(D=3_omega=0.50),1.47,737,0
148,0,0x63f4973c0df8a5358405f396dc0673a463c48de9,23.924877,1773023471,1e26313b4f0434f777e959903ece2513acd1fab6d8ee492ee69f18d85ea168d6,212,106.00,4.18,1,6,4,0.022825,0.554801,TopoStake,pog(D=3_omega=0.50),1.48,738,0
148,1,0x50f7fa851f9314d682e36da5caa4635039b5305d,5.104707,1773023473,ef189469bcdc01ca699b223de0748008515d19bf116ed842940c41415269be51,250,125.00,3.60,1,5,4,0.022842,0.555180,TopoStake,pog(D=3_omega=0.50),1.07,739,0
148,2,0x30509a8084fdfe6fe24d9c9a817c209ad194f8e3,28.684824,1773023475,871a0655684fc736b138973650984f99057b3983d62d0b3aed53c57834e5fae9,225,75.00,3.32,1,5,3,0.022803,0.554522,TopoStake,pog(D=3_omega=0.50),1.68,740,0
148,3,0x13f9dadc05f6c237b03411e2aed1800cf21a5d89,40.341012,1773023478,9a045743fbd41f50f8cc2ba01e814fb8490c7df583249e1a0934a4a1bc577bbd,178,89.00,3.34,1,5,3,0.022834,0.554955,TopoStake,pog(D=3_omega=0.50),1.48,741,0
148,4,0x3d92e045fb1847aae132b40ebfcc471a32f687de,5.125988,1773023479,d502a18dfc192cf9ed621a2f101fd5470b8ba1522f104b1e592405823b1b3970,201,100.50,3.10,1,5,3,0.022899,0.555459,TopoStake,pog(D=3_omega=0.50),1.46,742,0
149,0,0xd46407aa7b668c72de3cf1c1a12b7fa2e308a1b2,6.990357,1773023481,337ca504f89e3e332250b4d43f9b3d784c91df65ec960ad6d649fc5037afd830,112,112.00,4.01,1,5,4,0.022860,0.554783,TopoStake,pog(D=3_omega=0.50),0.99,743,0
149,1,0x016d3fc36beee7caa8fbd6c1caa42461dd7f9850,25.913827,1773023483,7ef3f6a2d13dde429a9dc7d478531539c457ab0d89b1074d7e74498deaf6a606,208,104.00,3.94,1,5,4,0.022827,0.554446,TopoStake,pog(D=3_omega=0.50),1.48,744,0
149,2,0x89100a8056319ba37491b32ba255004180607bc2,17.800848,1773023485,b739f43d1ee0a967a1e7f8cbe2425710f31592eb92842daf59d396c4294e1a78,238,119.00,3.11,1,4,3,0.022849,0.554853,TopoStake,pog(D=3_omega=0.50),1.12,745,0
149,3,0x30509a8084fdfe6fe24d9c9a817c209ad194f8e3,29.685723,1773023487,bf4efefe72dc8d94fe8b3dec55ff9f7173dbed55b0304c5c1ec935a73ab41602,196,98.00,3.77,1,5,4,0.022847,0.555097,TopoStake,pog(D=3_omega=0.50),0.85,746,0
149,4,0x07902d0371763a00d97ed9ba16ff0a206cb0fd19,50.614506,1773023489,ecb0651b4a5ad127062ee9ed3b6235b42e0bc667c73d30d901752bf3d1b7f055,229,76.33,3.33,1,5,3,0.022880,0.555526,TopoStake,pog(D=3_omega=0.50),1.73,747,0
150,0,0x26d553a2f4343b3a7dc88bbd87b3d0a25d3838d9,14.226735,1773023491,9514406d4e91723bbbe981e64071f9f7393e239a64cef65c7ffcdafdccb0d41b,191,95.50,2.68,1,4,3,0.022880,0.555527,TopoStake,pog(D=3_omega=0.50),1.48,748,0
150,1,0xd39dbd3662315e3935ec08e6b6028e73b3c09de2,12.926937,1773023493,39221a7f52bbe783ee251b69297fd936a7d49d8c78a4b3912f24df798fc2141d,90,90.00,3.82,1,5,4,0.022960,0.556138,TopoStake,pog(D=3_omega=0.50),1.00,749,0
150,2,0x9c39f7fffaa5c5cfab20dfdd05663497918580c1,9.430228,1773023495,42b0aa7cfdf36c170fe4ce6e7cc0913c3d88e8c6ad55a6342ada04db9acfd352,222,111.00,4.52,1,6,5,0.022944,0.556140,TopoStake,pog(D=3_omega=0.50),1.47,750,0
150,3,0x269cdf52f97e1d9f14b7be895155a7b294f0b21d,30.762641,1773023497,85001f6cb2c7a07ed37532891906e441245e30f11d8a813f050cfb3b4e3672a2,215,107.50,4.00,1,5,4,0.022917,0.556038,TopoStake,pog(D=3_omega=0.50),1.43,751,0
150,4,0x30509a8084fdfe6fe24d9c9a817c209ad194f8e3,30.686883,1773023499,0e23628a51f4ec3c1a85be22ecc3bc1254b82cffc81d9592229b761b13c85c8c,250,125.00,3.57,1,5,4,0.022952,0.556488,TopoStake,pog(D=3_omega=0.50),1.20,752,0
151,0,0xc24b36dee27726233c3bbd9e1f028f98b6b2a424,22.435335,1773023501,7a3fd82cd4f324626aab0aee68df1944b7e1a9c4e8886d11588779966fdfbd2c,240,120.00,3.40,2,5,3,0.022987,0.556913,TopoStake,pog(D=3_omega=0.50),0.84,753,0
151,1,0x50f7fa851f9314d682e36da5caa4635039b5305d,6.105644,1773023503,e0a4883cf24383be37ddbe094f38d40b4caf581356962547e8c4370096cfb286,202,67.33,4.01,1,6,4,0.022997,0.557240,TopoStake,pog(D=3_omega=0.50),1.54,754,0
151,2,0x63f4973c0df8a5358405f396dc0673a463c48de9,24.926171,1773023505,a34d48fb87b40bf4b26911f55361012c7e386079a5c3f4dab1ddcfb6e3fe19f3,191,95.50,3.43,1,5,3,0.022997,0.557241,TopoStake,pog(D=3_omega=0.50),1.49,755,0
151,3,0x89100a8056319ba37491b32ba255004180607bc2,18.801782,1773023507,526aa33000b525df39267c4ff639204c3397338998fa3b5ca24336bcdbc9cf10,102,102.00,3.68,2,5,4,0.022979,0.557134,TopoStake,pog(D=3_omega=0.50),1.00,756,0
151,4,0x016d3fc36beee7caa8fbd6c1caa42461dd7f9850,26.915135,1773023509,c07e7b24f8f03a3c5d17ddb07949ff1d27aff7efb24e5f1782f07106a4d8bd68,203,101.50,3.86,1,5,4,0.022979,0.557389,TopoStake,pog(D=3_omega=0.50),1.47,757,0
152,0,0x719361397abe003a91af76243e5f9c7a0cd4279f,33.581116,1773023511,3daef4d8975017ddb0b4a0c9a2371f98d128f9bc950183cd2d648c79e0811adb,219,109.50,3.10,1,4,3,0.023002,0.557786,TopoStake,pog(D=3_omega=0.50),1.44,758,0
152,1,0x13f9dadc05f6c237b03411e2aed1800cf21a5d89,41.342749,1773023513,e71e38ffff04e4110d2f6246aa2a99daec00e6d41bee39bad90f6d5874e01e71,231,115.50,3.73,1,5,4,0.023044,0.558254,TopoStake,pog(D=3_omega=0.50),1.18,759,0
152,2,0x016d3fc36beee7caa8fbd6c1caa42461dd7f9850,27.916226,1773023515,3f9e285715309f3d0b585bf7e88a98067df7b15587ac0abb84e1ca581222fdbf,250,125.00,3.12,1,5,3,0.023107,0.558744,TopoStake,pog(D=3_omega=0.50),0.84,760,0
152,3,0xd46407aa7b668c72de3cf1c1a12b7fa2e308a1b2,7.991256,1773023517,b7851709f6f30c374ff318cbb3fb1b4f7bf7a67cdcf468ca2f55d69901d048d3,211,70.33,3.14,1,4,3,0.023132,0.559138,TopoStake,pog(D=3_omega=0.50),1.69,761,0
152,4,0xea287b266dbe2c2d402fd91814bcfc4c95d6b0fd,8.164014,1773023520,c33841c4602b67ca178943d9cfdfc8c30d548912070f1c0bdd1b638b85b3f27e,215,107.50,3.87,1,5,4,0.023101,0.558951,TopoStake,pog(D=3_omega=0.50),1.48,762,0
153,0,0x606627477c3734932f47972f83c27cf4e3b35b4f,22.396581,1773023522,8962e8795922f715e99f50c8189fb70f85c4f1418b730abb6b96bc388671928f,174,87.00,4.03,1,6,4,0.023071,0.558762,TopoStake,pog(D=3_omega=0.50),1.51,763,0
153,1,0x016d3fc36beee7caa8fbd6c1caa42461dd7f9850,28.917259,1773023524,1051584762d68d2073eb826c400835233de368368a4f1b5665f15489b040fe19,221,110.50,3.56,1,5,4,0.023080,0.559060,TopoStake,pog(D=3_omega=0.50),1.46,764,0
153,2,0x8719ca31b72ae8a5404006763c53d5ad503dbcb0,6.109177,1773023526,4926ecb3dbdc9fac16b64d811b7c3795b4fac3cd1fabdae4579d89c9141ef2c0,200,100.00,3.08,1,4,3,0.023108,0.559452,TopoStake,pog(D=3_omega=0.50),1.34,765,0
153,3,0x81d019380961f92c2031b0a7fba69f7675145088,6.491132,1773023528,d4a4eb86a3c1b1aae32a9a2f6042f1dfea663b715635bfb2d7d9280fec89de70,201,100.50,4.11,1,6,4,0.023072,0.558952,TopoStake,pog(D=3_omega=0.50),1.31,766,0
153,4,0x34d94cc0534eb50dec7956bea31407428d6d5ef8,1.075595,1773023530,0f4fdfcd311ac1e21e92302b4e9756186c46f8b6ca08d676b9362c5040037326,250,125.00,3.72,1,5,4,0.023037,0.558500,TopoStake,pog(D=3_omega=0.50),1.08,767,0
154,0,0x075e1d95c7891e1c00414ca1aa9a7a8cf6270019,24.173229,1773023532,8c1dfb3a9ada09b420a6b449e8e21e01e2dcd826031f6f69976f1260dbdca817,236,78.67,3.71,2,5,4,0.022987,0.557244,TopoStake,pog(D=3_omega=0.50),1.70,768,0
154,1,0xbc3f8508d26048f2064aa8c068f4c94d08d77d18,7.065054,1773023535,e0693eeae8d43f7ced73a2682c3477b3735214b8264210ad857f6bbb496a8d71,223,111.50,3.17,1,5,3,0.023001,0.557590,TopoStake,pog(D=3_omega=0.50),1.49,769,0
154,2,0x37cc7a82e66d4f4c2ae13b9ee895d3af1a1d7a05,5.259331,1773023537,13fdbef260540dcd377dc2c5fb7fc673fedd63d1522e4ffc7e68551895109c4b,190,95.00,4.25,1,6,4,0.022968,0.557238,TopoStake,pog(D=3_omega=0.50),1.56,770,0
154,3,0x9c39f7fffaa5c5cfab20dfdd05663497918580c1,10.430954,1773023539,2b643c51fdbd37f1ebed672f0aa2ec7152bced9ad39a100211bc84fe5b9336d7,211,105.50,4.02,2,6,4,0.022930,0.556580,TopoStake,pog(D=3_omega=0.50),1.48,771,0
154,4,0xb2a7fe70a6f3137d38f6cb4c3ec6dd1e24f2d5f4,6.418510,1773023541,44a96bbfe01043341c0e1b2895da3d7ff494be1e0b725aff2aa896dcd3b244e3,199,99.50,3.99,1,5,4,0.022907,0.556513,TopoStake,pog(D=3_omega=0.50),1.41,772,0
155,0,0x13f9dadc05f6c237b03411e2aed1800cf21a5d89,42.344459,1773023543,02fe6bd9b87331c952e556801d0e285ac79fbb608ad9f22ea2b0f7829109d35e,188,94.00,4.09,1,6,4,0.022872,0.556025,TopoStake,pog(D=3_omega=0.50),1.47,773,0
155,1,0x13f9dadc05f6c237b03411e2aed1800cf21a5d89,43.345679,1773023545,223f0e7b0c7c5c637524a1f6c616b7cd7418de733d3f67ef8907c6ceb6a9725a,250,125.00,2.95,1,4,3,0.022936,0.556510,TopoStake,pog(D=3_omega=0.50),1.24,774,0
155,2,0x07902d0371763a00d97ed9ba16ff0a206cb0fd19,51.617014,1773023547,54fa1df8ff373818a64218c00d3284a251963cc9f4090c39d644da673a08ff9f,250,83.33,3.05,1,5,3,0.023001,0.556994,TopoStake,pog(D=3_omega=0.50),1.77,775,0
155,3,0xd61b00c297972877b45f8d7f4d67fdaf20c67c59,4.329097,1773023550,7a06dc4c98081376540933eb626ec6df35915916ee6c339342e42017ce1111fb,204,102.00,2.74,1,4,3,0.023089,0.557499,TopoStake,pog(D=3_omega=0.50),1.55,776,0
155,4,0xd61b00c297972877b45f8d7f4d67fdaf20c67c59,5.329908,1773023551,0b72b864b70572f7ca7a56fe6760d5f43546285a7aeed44c60d09d96469bf79c,218,109.00,4.48,1,6,5,0.023049,0.556735,TopoStake,pog(D=3_omega=0.50),1.47,777,0
156,0,0xb7b4ee0a72bc410bf6d32b9cd3f3e11fc756d6f1,7.082697,1773023553,5d5c796d12eb7b2ea740b4ccb0bf240ff1ba159b707317abb48c88fdaadd910b,103,103.00,4.61,2,6,5,0.023011,0.556073,TopoStake,pog(D=3_omega=0.50),1.03,778,0
156,1,0x9c39f7fffaa5c5cfab20dfdd05663497918580c1,11.431900,1773023555,7946954ef739dad1e1c66e97677d4687b7366694ae45a90ba86d873365157557,177,88.50,3.89,1,6,4,0.022978,0.555700,TopoStake,pog(D=3_omega=0.50),1.52,779,0
156,2,0xa447d277b02012c2afd9ddcbbe123f27cc971963,10.810922,1773023557,e15b54fb7a553621ed8d602c8b84a0a036d4c4c03ad4e4ebfc87eb295f129578,205,102.50,4.04,1,5,4,0.022957,0.555664,TopoStake,pog(D=3_omega=0.50),1.51,780,0
156,3,0x07902d0371763a00d97ed9ba16ff0a206cb0fd19,52.618328,1773023559,17b34977291f9c2148d60697a1c424a41a546a65ad5d6cc42897dc2df1273a4a,226,113.00,3.38,1,5,3,0.022934,0.555591,TopoStake,pog(D=3_omega=0.50),1.13,781,0
156,4,0x28672c71695142588ed26ada6f4b18b8b6c12308,2.683568,1773023561,725945a3c13ad1b55c4f3de89707f34b637c76f15aa552ed996df35dfcad9477,247,123.50,2.79,1,4,3,0.023023,0.556095,TopoStake,pog(D=3_omega=0.50),0.74,782,0
157,0,0x075e1d95c7891e1c00414ca1aa9a7a8cf6270019,25.174732,1773023563,1589af03977f8e54aee2510dd82404e11c62511fc65452907851cc2a773fdb04,214,71.33,3.65,1,5,4,0.022979,0.555091,TopoStake,pog(D=3_omega=0.50),1.52,783,0
157,1,0x24898fcb116b48cb2b6fd5d3b4eb599fee0f4633,6.049856,1773023566,c51a26621ee36aaa200a00500aa91f18311b7b4f34890eb011b2629a8acc8cfa,206,103.00,3.15,1,5,3,0.022994,0.555439,TopoStake,pog(D=3_omega=0.50),1.51,784,0
157,2,0x13f9dadc05f6c237b03411e2aed1800cf21a5d89,44.347220,1773023567,6d11fe3e25ed77bcb79e68ee665e0e58e042f822aa794e55c1fdd9d0f72ad727,199,99.50,3.60,1,5,4,0.022994,0.555439,TopoStake,pog(D=3_omega=0.50),1.49,785,0
157,3,0x719361397abe003a91af76243e5f9c7a0cd4279f,34.582343,1773023569,fab44d81cb6cde21f177ed578eca28170367a0f813cae19f69d80203d987d21a,102,102.00,2.96,2,4,3,0.023025,0.555362,TopoStake,pog(D=3_omega=0.50),1.00,786,0
157,4,0xac768e60b9269babb15cb1e36ee843243d7c7543,14.728773,1773023571,aff685bb7267fe176761a08842a848149d116d9d153d6fd04efa15c90a8cb60d,214,107.00,3.80,1,5,4,0.023065,0.555818,TopoStake,pog(D=3_omega=0.50),1.47,787,0
158,0,0xc4dc29db975b952e04358340e56b68fa4ba63fbc,7.541921,1773023573,7e3c17cf7665587869feda00f14528940c78974ed1af75cfc0cb5f8f62b45015,190,95.00,3.91,1,5,4,0.023052,0.555924,TopoStake,pog(D=3_omega=0.50),1.41,788,0
158,1,0xb990cdf21950e6086c350175c4bc504e45858230,1.110983,1773023575,58877c8378d9ec40d74513a73a025ed138ca71a5d7515e6f967db39441b067e9,246,123.00,3.63,1,5,4,0.023020,0.555628,TopoStake,pog(D=3_omega=0.50),1.09,789,0
158,2,0x30509a8084fdfe6fe24d9c9a817c209ad194f8e3,31.688652,1773023577,31baa66716f5774ba3d189f58b2a7c33e4fcd0910ea6568a5fb70045975ecd64,186,93.00,4.00,1,5,4,0.022972,0.554393,TopoStake,pog(D=3_omega=0.50),0.70,790,0
158,3,0xc4dc29db975b952e04358340e56b68fa4ba63fbc,8.543104,1773023580,8b91512e74837b5b87ad91581eeb1cc37ba03e50d48235e348868883d4267603,229,76.33,3.38,1,5,3,0.023004,0.554823,TopoStake,pog(D=3_omega=0.50),1.69,791,0
158,4,0xaadc5fea232580cb8fba739ac5d05a48559c7e52,9.358004,1773023581,2cd39ad5929429e125529de3f5015808c0858d4ddd539450b5a63d5d754c208c,219,109.50,3.72,1,5,4,0.022975,0.554660,TopoStake,pog(D=3_omega=0.50),1.44,792,0
159,0,0xea287b266dbe2c2d402fd91814bcfc4c95d6b0fd,9.164577,1773023583,e5d88044e66c2af49397b9cc46a045b640efc5fb6a30fe0748990faf5e93c20f,101,101.00,4.27,1,6,4,0.022948,0.554538,TopoStake,pog(D=3_omega=0.50),1.00,793,0
159,1,0x687bf2437a044a3e42ff2f8a79a8e54ba9601f70,6.061731,1773023585,ecbe6a19cf9b47bcfaf924f0129ce302a44715049e773bb3a2d78d0c3264feef,198,99.00,4.11,1,6,4,0.022921,0.554388,TopoStake,pog(D=3_omega=0.50),1.47,794,0
159,2,0x50f7fa851f9314d682e36da5caa4635039b5305d,7.106238,1773023587,a9aaf846ca5d7fc2b89910199716a3a0418edc9275eef517b987311aa1f2ff1d,198,99.00,3.80,1,5,4,0.022886,0.553820,TopoStake,pog(D=3_omega=0.50),1.41,795,0
159,3,0x07902d0371763a00d97ed9ba16ff0a206cb0fd19,53.620347,1773023589,7352dfee0d2c59fdc2f82ecc322570e20db981b9cbae424cdd462e0b4a467171,250,125.00,3.40,1,5,3,0.022853,0.553428,TopoStake,pog(D=3_omega=0.50),1.27,796,0
159,4,0x719361397abe003a91af76243e5f9c7a0cd4279f,35.583485,1773023591,c6e051fb900791f1a8aa75aee7d2e59b82030bc96b2fcbf5a3f3d22b145904d7,250,125.00,2.80,1,4,3,0.022941,0.553926,TopoStake,pog(D=3_omega=0.50),0.94,797,0
160,0,0xd1cd4b808ce6b2841ad42746b64c5a047e857ef0,17.254801,1773023593,809031cf86ff22d490eb6ecdde8a6e0027913904008ab661e187259d8a37234c,250,83.33,3.86,1,5,4,0.022982,0.554376,TopoStake,pog(D=3_omega=0.50),1.79,798,0
160,1,0x13f9dadc05f6c237b03411e2aed1800cf21a5d89,45.348269,1773023595,86fb1623ed3d64ccc53c5199a45bff4b44aebf6a6e0daaaf1fc8eabcc661c48c,114,57.00,3.85,2,6,4,0.022982,0.554377,TopoStake,pog(D=3_omega=0.50),1.22,799,0
160,2,0x49b57eb4dace37c8819daf079c9c674f766d4f38,7.228795,1773023597,bd5b255e0a04fe1602d6e3d86fd180d334d13d115d7006d50bc6d95bab3b70d6,98,98.00,2.99,1,4,3,0.023042,0.555048,TopoStake,pog(D=3_omega=0.50),1.00,800,0
160,3,0x50f7fa851f9314d682e36da5caa4635039b5305d,8.107485,1773023599,2a8d5d8386853c8c00989192543f784e8bed23ff1b2329a55cecefefcc76054f,214,107.00,3.82,1,6,4,0.023009,0.554660,TopoStake,pog(D=3_omega=0.50),1.50,801,0
160,4,0x07902d0371763a00d97ed9ba16ff0a206cb0fd19,54.621760,1773023601,242830b38fb31f82d550d6993fd8018fab4bd65dfff80acb384285a12ded0538,205,102.50,3.32,1,5,3,0.022979,0.554431,TopoStake,pog(D=3_omega=0.50),1.50,802,0
161,0,0x13f9dadc05f6c237b03411e2aed1800cf21a5d89,46.348868,1773023603,2a3421c0f6f7b0fc1428d049839ea1f6a342ec24116077eb905849307cb0a139,233,116.50,2.81,2,4,3,0.023068,0.554924,TopoStake,pog(D=3_omega=0.50),1.06,803,0
161,1,0x24898fcb116b48cb2b6fd5d3b4eb599fee0f4633,7.050704,1773023605,fc4f424d8475c573c6910f27410e0c2de5e7d4d94b30d0789d117483e342c6b4,228,114.00,3.10,1,5,3,0.023135,0.555394,TopoStake,pog(D=3_omega=0.50),0.87,804,0
161,2,0x07902d0371763a00d97ed9ba16ff0a206cb0fd19,55.622986,1773023607,3c184857ea3ee945816fcfa94f7c0b219c73c13318e8c695cd58e88b1243b918,210,70.00,3.63,2,5,4,0.023103,0.554951,TopoStake,pog(D=3_omega=0.50),1.62,805,0
161,3,0x30509a8084fdfe6fe24d9c9a817c209ad194f8e3,32.689993,1773023610,4f911fb3e734f8dbad0a3059d9c6d577088bec74bef858aef6b8bcab6cd3b713,215,107.50,2.81,1,4,3,0.023193,0.555442,TopoStake,pog(D=3_omega=0.50),1.48,806,0
161,4,0x7e40df5d801345015e84c843908efc6683665fa4,1.648849,1773023611,e69d3274540d8d6a779e487386de062c609985c9b64c42d0dafffb874ef4b5fe,188,94.00,3.47,2,5,4,0.023225,0.555863,TopoStake,pog(D=3_omega=0.50),1.51,807,0
162,0,0xb2a7fe70a6f3137d38f6cb4c3ec6dd1e24f2d5f4,7.418988,1773023613,4794f46e17b1566656cb2a6b53df1cf2cc23957e4a27b830799d9bb9fc42de1e,77,77.00,3.39,1,5,3,0.023178,0.554734,TopoStake,pog(D=3_omega=0.50),1.00,808,0
162,1,0x30509a8084fdfe6fe24d9c9a817c209ad194f8e3,33.690916,1773023615,83b238fe6a54d4cdc0efbf457570b45b674ff8f6dbf74dbf14bb6718ae0ee118,184,92.00,4.20,1,6,4,0.023146,0.554348,TopoStake,pog(D=3_omega=0.50),1.43,809,0
162,2,0x1d1d2c63625de70b1e5ef40056bd2deb89d7fef2,5.065995,1773023617,56d9b0658389767f371d1ef355fd21be6bd2a1e36e0b3a7a2b1a6c06e1ea6b23,229,114.50,3.31,1,5,3,0.023180,0.554770,TopoStake,pog(D=3_omega=0.50),1.38,810,0
162,3,0x07902d0371763a00d97ed9ba16ff0a206cb0fd19,56.624300,1773023619,8de531dc2b3d523adcf690abf81c1caaf334aee724916262576112f93069d57b,237,118.50,3.60,1,5,4,0.023142,0.554075,TopoStake,pog(D=3_omega=0.50),1.10,811,0
162,4,0x53be6e527cc5a7d850b5eae27b9cef342e0665f2,4.038168,1773023621,849f91313dddefa5e41704aee7599f554bb7587252502737ff60a4acfbc30bc0,250,125.00,2.88,1,4,3,0.023233,0.554564,TopoStake,pog(D=3_omega=0.50),0.95,812,0
163,0,0x4414c05be2cf328f38d2e3ef4b705d6b894f044a,17.103476,1773023624,ba86d81bfbda8761fdfebaea32319f92393dac2f8474ef937febcabcacadcf0a,250,83.33,3.54,2,5,4,0.023193,0.553783,TopoStake,pog(D=3_omega=0.50),1.83,813,0
163,1,0xd1cd4b808ce6b2841ad42746b64c5a047e857ef0,18.255259,1773023625,ecb6ee3daf7fee93199017a652ba581ac1a6741fe1cecbb1ddcf9577baefa354,141,70.50,4.01,1,5,4,0.023185,0.553958,TopoStake,pog(D=3_omega=0.50),1.36,814,0
163,2,0x53be6e527cc5a7d850b5eae27b9cef342e0665f2,5.039399,1773023627,2a23a24ff3a12490d5080a1d0248b25da36853d90ec07b36e09d762d8b44bb84,96,96.00,3.89,1,5,4,0.023180,0.554172,TopoStake,pog(D=3_omega=0.50),1.00,815,0
163,3,0x50f7fa851f9314d682e36da5caa4635039b5305d,9.108305,1773023629,db48da0b5806e55cf8ff1da72cebb317b1843aa0f874cce54741d2d0e68e9871,191,95.50,3.53,1,5,4,0.023142,0.553458,TopoStake,pog(D=3_omega=0.50),1.45,816,0
163,4,0xc339f8bf978200eb65afce6c7121402eda949097,0.064171,1773023631,2e71f8eeccd5bbc4b69e2de8e125d21a342f4a241c0876483c34099d937e861a,223,111.50,3.25,1,5,3,0.023114,0.553290,TopoStake,pog(D=3_omega=0.50),1.39,817,0
164,0,0xa7e4d4d949807065ebf85adc1be8c382c7236c15,6.213733,1773023633,a964875b700fcfcd333d72301ef735f2222167f0077279a5b98a835ca1b14108,212,106.00,4.25,1,6,4,0.023064,0.551873,TopoStake,pog(D=3_omega=0.50),1.44,818,0
164,1,0x269cdf52f97e1d9f14b7be895155a7b294f0b21d,31.764389,1773023635,9b60c3759fc78e36f4943cadc9bd83826481908060254d895eed1928ab597dd4,250,125.00,3.86,1,6,4,0.023030,0.551321,TopoStake,pog(D=3_omega=0.50),1.15,819,0
164,2,0xe6ebb0cdfd04183d498964e5efc4096ba77b17d6,22.311755,1773023637,2ab89c1040c688a11b3fc3c69e0a414768a09d3af47a3b805eaab2f9afd53b8b,250,83.33,3.72,2,5,4,0.023058,0.551719,TopoStake,pog(D=3_omega=0.50),1.86,820,0
164,3,0x13f9dadc05f6c237b03411e2aed1800cf21a5d89,47.350570,1773023639,0cac8be881e51b6a3c5f15434b6ce4d608d346c602961f7f6a3b2d18c4dbc848,114,57.00,4.06,1,6,4,0.023063,0.551984,TopoStake,pog(D=3_omega=0.50),1.30,821,0
164,4,0x075e1d95c7891e1c00414ca1aa9a7a8cf6270019,26.176501,1773023641,d6cdde3f4e47d1c4fa8d9e310782dfa125b0514311c405de9834c2d35e88c79d,104,104.00,3.12,2,5,3,0.023129,0.552447,TopoStake,pog(D=3_omega=0.50),1.00,822,0
165,0,0x0d91704595bff3aec25d40822498a51c62b05e3a,8.578213,1773023643,3391ac71187da6518e9a7acbb001bb87dd1c702508f719f600f220df0ac087fa,197,98.50,3.15,1,5,3,0.023143,0.552800,TopoStake,pog(D=3_omega=0.50),1.47,823,0
165,1,0x6064b9f5883bf9737dfe314ff68c56e09e68ac89,14.203947,1773023645,beca6b7c4f50dd1b571c476d9f3195a0560f240976541c437e44c8b4f1fd2fcf,195,97.50,3.16,1,5,3,0.023114,0.552591,TopoStake,pog(D=3_omega=0.50),1.34,824,0
165,2,0xc24b36dee27726233c3bbd9e1f028f98b6b2a424,23.436081,1773023647,ed261a75004495fc7d8e370bd4b29e25e2cf8bda3cb2902d9e41ba2ae38bd593,208,104.00,3.85,2,5,4,0.023099,0.552640,TopoStake,pog(D=3_omega=0.50),1.28,825,0
165,3,0xac768e60b9269babb15cb1e36ee843243d7c7543,15.729479,1773023649,d4b4f4d55955d594d5affb99db3c70457f5d9bab8b1f973ecd3a2475738ae122,243,121.50,4.20,1,6,4,0.023106,0.552947,TopoStake,pog(D=3_omega=0.50),1.02,826,0
165,4,0x30509a8084fdfe6fe24d9c9a817c209ad194f8e3,34.692257,1773023651,b5922232803d909cb6fbe7733a7f6124ddb650021415186f3963d6481ccfde97,250,83.33,3.90,1,6,4,0.023095,0.553077,TopoStake,pog(D=3_omega=0.50),1.71,827,0
166,0,0x8c11ec9090dd820c076e57e899d9c604c79d6b32,13.571993,1773023654,1c06d9164dae5f479cd0cfbdc8006647d62fd80bd1e02caf42d0660e0c74a142,122,61.00,3.38,1,5,3,0.023129,0.553492,TopoStake,pog(D=3_omega=0.50),1.20,828,0
166,1,0x377eaef292051bbf8ada05b2af76a3f3b9d722a7,2.045672,1773023656,6b03d092b8916936390ac6ad21cd6af391a6f6833b3bcd05e7b19e35854d1e7a,217,108.50,4.23,1,6,4,0.023112,0.553504,TopoStake,pog(D=3_omega=0.50),1.52,829,0
166,2,0x075e1d95c7891e1c00414ca1aa9a7a8cf6270019,27.177677,1773023658,b9518922eed2adb01e87d5c3f2169941964fee87d00eee18bc031e6cbb7c0692,202,101.00,3.61,1,5,4,0.023068,0.552447,TopoStake,pog(D=3_omega=0.50),1.53,830,0
166,3,0x07902d0371763a00d97ed9ba16ff0a206cb0fd19,57.626714,1773023660,7c174d4555301033e51e5bb83bd3811e46ff92df35b972fce0eb6022492053c6,178,89.00,3.13,1,5,3,0.023084,0.552796,TopoStake,pog(D=3_omega=0.50),1.43,831,0
166,4,0x30509a8084fdfe6fe24d9c9a817c209ad194f8e3,35.692908,1773023662,537e9b625680f526a57e0e1a472aa762f6f37598ea5e66793dda785860f23271,250,125.00,2.74,1,4,3,0.023172,0.553275,TopoStake,pog(D=3_omega=0.50),1.36,832,0
167,0,0x4414c05be2cf328f38d2e3ef4b705d6b894f044a,18.103988,1773023664,5eedec8cc35fac38b8258b7e5b630e96c2071bcad39afbbf0b174607402b3fbd,211,105.50,3.34,2,5,3,0.023208,0.553691,TopoStake,pog(D=3_omega=0.50),0.93,833,0
167,1,0x30509a8084fdfe6fe24d9c9a817c209ad194f8e3,36.693926,1773023666,c25ea2ef012fd7dd72539e674d6efa6f694259afe0372e4723255d3eb794a1a6,207,69.00,3.90,1,5,4,0.023202,0.553875,TopoStake,pog(D=3_omega=0.50),1.58,834,0
167,2,0xeaa5003682d7289190651081ae2bee847097afc5,7.757892,1773023669,d07df09e5a1bfde1c2fff11727285a1475e23e3351a9a3eddfbd8a8f94e49306,217,108.50,3.40,1,5,4,0.023239,0.554308,TopoStake,pog(D=3_omega=0.50),1.59,835,0
167,3,0x30509a8084fdfe6fe24d9c9a817c209ad194f8e3,37.695012,1773023670,f82c581df61c5854d180e3eb5a1bb5f767da49f8a228c4077c0557b6c2fe3de7,195,97.50,4.37,1,6,4,0.023208,0.553987,TopoStake,pog(D=3_omega=0.50),1.51,836,0
167,4,0x89100a8056319ba37491b32ba255004180607bc2,19.802589,1773023672,66cf2fc47adb99875624f6827552541b84579a4e65dfe22fb73385dd73e1cad5,103,103.00,3.39,1,5,4,0.023248,0.554420,TopoStake,pog(D=3_omega=0.50),0.97,837,0
168,0,0xa068e3c9a21c8d8be636cd2d285895979ec3262e,14.972277,1773023674,b1ae08aad949e27938521fd755e16a2bb1bfd902ae1ab6644b42ba5d59b4580e,234,117.00,3.79,1,5,4,0.023246,0.554655,TopoStake,pog(D=3_omega=0.50),1.45,838,0
168,1,0xeaa5003682d7289190651081ae2bee847097afc5,8.758621,1773023676,3ba053a22d8176a92e5fc29be7140c6f8201218626df70701f7ff42459ce3433,220,110.00,4.25,1,6,4,0.023232,0.554746,TopoStake,pog(D=3_omega=0.50),1.46,839,0
168,2,0x07902d0371763a00d97ed9ba16ff0a206cb0fd19,58.628516,1773023678,4a7d6bdd85b25993a9410660be35eaf62c424d029ac2c72bd72d83d12c31f7ca,230,115.00,4.18,1,6,4,0.023203,0.554529,TopoStake,pog(D=3_omega=0.50),1.31,840,0
168,3,0xaadc5fea232580cb8fba739ac5d05a48559c7e52,10.357955,1773023680,89bf2dcb029374e174c8098f297a1bb3bf956240f313c4a93cce1d25c50b5b25,250,125.00,2.84,2,4,3,0.023292,0.555002,TopoStake,pog(D=3_omega=0.50),0.96,841,0
168,4,0x763be7657fec175a3de5f1ee0a506722872c886d,4.030754,1773023683,f9df6c4b88811f4c4e71b39e969b273ee57f5cb8addb789fa8b4f30dd375c7e8,215,71.67,4.28,1,6,4,0.023267,0.554905,TopoStake,pog(D=3_omega=0.50),1.58,842,0
169,0,0x4414c05be2cf328f38d2e3ef4b705d6b894f044a,19.105032,1773023684,2f50d8a7dd4d1001a8807eb69d22fd4d294fc7bd2909f0873cd59b1eb8221dc8,188,94.00,3.65,1,5,4,0.023267,0.554905,TopoStake,pog(D=3_omega=0.50),1.51,843,0
169,1,0x53be6e527cc5a7d850b5eae27b9cef342e0665f2,6.040142,1773023686,9baef4cf2bdc4d464a23e301a7dcbbcd4b6b0cabf4bbf1c6dd12b6681f46c8e0,98,98.00,3.72,1,5,4,0.023223,0.554336,TopoStake,pog(D=3_omega=0.50),1.00,844,0
169,2,0xd1cd4b808ce6b2841ad42746b64c5a047e857ef0,19.255568,1773023688,b106ebc3b86efd3e5e915da330ad86da8faac413762dbc38fb1008a0dc447fd8,210,105.00,3.41,1,5,3,0.023188,0.553755,TopoStake,pog(D=3_omega=0.50),1.52,845,0
169,3,0x81d019380961f92c2031b0a7fba69f7675145088,7.491354,1773023690,3f33d77b7f4c26291439f3497c07e4bc092aa46c91d152b3385b02fcfafb28b4,192,96.00,3.90,1,6,4,0.023184,0.553949,TopoStake,pog(D=3_omega=0.50),1.52,846,0
169,4,0xd1cd4b808ce6b2841ad42746b64c5a047e857ef0,20.256538,1773023692,f2dfbec09e172f809a7cc78cbe1ba160348a286a9f1a574d8564f18af7d792bd,223,111.50,3.64,1,5,4,0.023153,0.553560,TopoStake,pog(D=3_omega=0.50),1.22,847,0
170,0,0x6064b9f5883bf9737dfe314ff68c56e09e68ac89,15.204853,1773023694,bbc726cd0561d345157f84c3862ea9a245e65b325678e223f8cc393b0e514698,238,119.00,3.87,1,6,4,0.023151,0.553782,TopoStake,pog(D=3_omega=0.50),0.91,848,0
170,1,0xf6e059718dbd0a0956726ab97d06bad5efc6cd18,1.003017,1773023696,379b7b280bb742910fcd8f54632843010b313655e9394bca13b023c6b68f651f,236,78.67,3.89,1,5,4,0.023138,0.553869,TopoStake,pog(D=3_omega=0.50),1.68,849,0
170,2,0x269cdf52f97e1d9f14b7be895155a7b294f0b21d,32.765816,1773023699,7eeb6864733d22ed9578cfa4babb38c2972ff971091d57860f11821a1af99b96,222,111.00,3.73,1,5,4,0.023091,0.552667,TopoStake,pog(D=3_omega=0.50),1.50,850,0
170,3,0x37cc7a82e66d4f4c2ae13b9ee895d3af1a1d7a05,6.259188,1773023700,1e7728f3d4fb6d863b03817dda291f361c5cdaa97c1c7634beb5a9827a4c6ea4,197,98.50,3.65,1,5,4,0.023118,0.553050,TopoStake,pog(D=3_omega=0.50),1.48,851,0
170,4,0x28672c71695142588ed26ada6f4b18b8b6c12308,3.683799,1773023702,7485b5da53896a18162443b3327ec1d1e6cb781906e77eb8337a8905adbd8e4a,114,114.00,3.96,1,6,4,0.023084,0.552484,TopoStake,pog(D=3_omega=0.50),0.97,852,0
171,0,0x6064b9f5883bf9737dfe314ff68c56e09e68ac89,16.205995,1773023704,818577f0a7f74ce57dfec66d3d2b58e0a029a4ffbff1f98d773c14b494d1d807,208,104.00,3.60,1,5,4,0.023045,0.551666,TopoStake,pog(D=3_omega=0.50),1.49,853,0
171,1,0x13f9dadc05f6c237b03411e2aed1800cf21a5d89,48.352567,1773023706,30345a1d48a3b2043512ee94bccae61ea21c05f0cd27148b8158af8989d891bf,217,108.50,3.76,1,5,4,0.023034,0.551792,TopoStake,pog(D=3_omega=0.50),1.35,854,0
171,2,0xf82400c4f426bdbd2bc687ffef1f22c1a381c851,5.057284,1773023708,64d301479faf7cdf734a2eac0ff44258e64d386a589313696d23c18b469e3ec4,250,125.00,3.09,1,5,3,0.023096,0.552240,TopoStake,pog(D=3_omega=0.50),1.20,855,0
171,3,0x58a21eeb7ab18ba8adf1296e66a4487076e95dac,15.101515,1773023710,19f94a8ee9ed6191fd93190f98d53910e59cc47edb25d6c8e7b043668b527792,243,81.00,3.93,1,6,4,0.023059,0.551538,TopoStake,pog(D=3_omega=0.50),1.79,856,0
171,4,0xc774b0fee7cabbef3b1ae14bf36db3df0d32c1df,7.169788,1773023713,d2746ac78e516caa308de9278971ac8bab582b34068a4e4c3d68f502977c9ff8,177,88.50,3.98,1,5,4,0.023046,0.551601,TopoStake,pog(D=3_omega=0.50),1.62,857,0
172,0,0x07902d0371763a00d97ed9ba16ff0a206cb0fd19,59.630751,1773023714,df1c68dc0d196bb20d2c18826ed47de2cc76e1d1caeb16a068b1a0e3ed0a871b,196,98.00,3.91,1,5,4,0.023014,0.551147,TopoStake,pog(D=3_omega=0.50),1.58,858,0
172,1,0x63f4973c0df8a5358405f396dc0673a463c48de9,25.926829,1773023716,5a193a66d2bdd218a31570939e8d60f15f3f37a1d59f3302bc4fc63fe6bae5f7,103,103.00,2.70,1,4,3,0.023101,0.551615,TopoStake,pog(D=3_omega=0.50),1.00,859,0
172,2,0xd3997be86c88837e3fd467517b943590b28fa641,0.043410,1773023718,4fe6c144529dd54ee7381894f5b216a25c12880d05fc5a2db639c975f2ac5083,201,100.50,3.49,2,5,4,0.023111,0.551932,TopoStake,pog(D=3_omega=0.50),1.51,860,0
172,3,0x07902d0371763a00d97ed9ba16ff0a206cb0fd19,60.631384,1773023720,c442403c7ae43e0317152e1c43adf449264e452e48bbaa8ac0cfb863f1130929,194,97.00,4.08,1,6,4,0.023064,0.550555,TopoStake,pog(D=3_omega=0.50),1.41,861,0
172,4,0x58a21eeb7ab18ba8adf1296e66a4487076e95dac,16.102352,1773023722,65bf01046049f8936296d9be3e874d6f6bcce29d78e4645e07b9dfc44e625bbe,250,125.00,2.77,2,4,3,0.023152,0.551021,TopoStake,pog(D=3_omega=0.50),1.12,862,0
173,0,0x075e1d95c7891e1c00414ca1aa9a7a8cf6270019,28.179397,1773023724,3a12640613156bcf8891f6bde57d22c89947d28eac9ca359ce9d5a2e6d1c94c7,244,122.00,3.89,1,5,4,0.023140,0.551122,TopoStake,pog(D=3_omega=0.50),0.83,863,0
173,1,0xf5ecb44daf07a1d1073dbc89baf04bd7541fa517,3.059034,1773023727,e19b66e2cf4e2e7fb5e0c37cd3e914ce207512152f9ef2bcb0f47540723f9bef,237,79.00,3.13,1,5,3,0.023155,0.551460,TopoStake,pog(D=3_omega=0.50),1.65,864,0
173,2,0xc24b36dee27726233c3bbd9e1f028f98b6b2a424,24.437141,1773023728,656167c54d9d8258d98ad314a3407c25d524154175a2834436b530f3fc3d1169,250,125.00,4.03,1,6,4,0.023114,0.550569,TopoStake,pog(D=3_omega=0.50),1.48,865,0
173,3,0x81d019380961f92c2031b0a7fba69f7675145088,8.492246,1773023730,cf976a1ec6a82bbfbbf92d37177d4ce0b65a1db5755f8889dc1779e88fa2e87c,4,4.00,4.00,3,5,4,0.023121,0.550865,TopoStake,pog(D=3_omega=0.50),1.75,866,0
173,4,0x408bb0bf84df50b21c53c74420987f172d4036a1,0.786277,1773023732,04addd9f04b589e88271fc434bdc5d3f9661e831c6f9789079b41a801e73ffc4,223,111.50,3.74,1,5,4,0.023092,0.550623,TopoStake,pog(D=3_omega=0.50),1.54,867,0
174,0,0x8c11ec9090dd820c076e57e899d9c604c79d6b32,14.572753,1773023734,cd0b915dad2aa51b772235f2552c9f043dfb1822bd201020b714bdfcf5cd4f0e,223,111.50,3.52,1,5,4,0.023047,0.549383,TopoStake,pog(D=3_omega=0.50),1.40,868,0
174,1,0x606627477c3734932f47972f83c27cf4e3b35b4f,23.397518,1773023736,aaaf533275679bdea8633fe29f7870de49aa7bd2e2a4589a5b3d9dba446934a8,206,103.00,3.99,1,6,4,0.023032,0.549413,TopoStake,pog(D=3_omega=0.50),1.23,869,0
174,2,0x016d3fc36beee7caa8fbd6c1caa42461dd7f9850,29.919787,1773023738,029c37af581747a89322c90765fe9ad99fff3e673fb68fbffdb07ba49ece5f58,250,125.00,3.56,1,5,4,0.023036,0.549688,TopoStake,pog(D=3_omega=0.50),1.03,870,0
174,3,0x24898fcb116b48cb2b6fd5d3b4eb599fee0f4633,8.051419,1773023740,80c950722742791e3824270701e303336e4196ccb4afcc5f17cd832973f1adb6,242,80.67,3.14,1,4,3,0.023055,0.550046,TopoStake,pog(D=3_omega=0.50),1.68,871,0
174,4,0x30509a8084fdfe6fe24d9c9a817c209ad194f8e3,38.696240,1773023742,f69d9200f520639d2f56ebea0c86bdc30bce57677729b54da25335fa13ae9816,210,105.00,3.58,2,5,4,0.023055,0.550047,TopoStake,pog(D=3_omega=0.50),1.48,872,0
175,0,0xd67aaaf210c0c36ddcb7055222d168b5c9dd1b36,4.179097,1773023744,e78a716e978ea37d37916b2ac7efb6335ecc0aa599b8879e139ac08b366a2a70,96,96.00,3.43,2,5,4,0.023063,0.550168,TopoStake,pog(D=3_omega=0.50),1.00,873,0
175,1,0x4414c05be2cf328f38d2e3ef4b705d6b894f044a,20.105426,1773023746,790487ea2bb48abc6d40fe7b982b9a3d03875708ef3f552a084ca07f267314e3,212,106.00,3.94,1,5,4,0.023025,0.549403,TopoStake,pog(D=3_omega=0.50),1.52,874,0
175,2,0x26d553a2f4343b3a7dc88bbd87b3d0a25d3838d9,15.226240,1773023748,d062b31f02e81bcbcd8ffe712f6900be9b9e99331b2198af2a57b8dd4c704d5d,184,92.00,3.71,1,5,4,0.023022,0.549599,TopoStake,pog(D=3_omega=0.50),1.42,875,0
175,3,0x0d91704595bff3aec25d40822498a51c62b05e3a,9.579004,1773023750,8bdb4db51cd85b1499bcb9cc239c828bf4c02006ccff510888df33dedea52451,228,114.00,3.67,2,5,4,0.023008,0.549640,TopoStake,pog(D=3_omega=0.50),1.20,876,0
175,4,0xe6ebb0cdfd04183d498964e5efc4096ba77b17d6,23.312212,1773023752,ac33031c1dcdbb54909f7be50c1cd71d7b8ab9944f75cd879c09a3c477f1a48e,250,125.00,3.30,1,5,3,0.022982,0.549490,TopoStake,pog(D=3_omega=0.50),1.07,877,0
176,0,0x63f4973c0df8a5358405f396dc0673a463c48de9,26.927795,1773023755,a6cb46e1968308837876f3ab6b5ac6b1a4404f988b3df767e924ab76da17982c,250,83.33,4.10,1,6,4,0.022986,0.549741,TopoStake,pog(D=3_omega=0.50),1.86,878,0
176,1,0x24898fcb116b48cb2b6fd5d3b4eb599fee0f4633,9.052358,1773023756,a400467395a87b862f3840bd658e3ce9f2496f1c58a9edd79460164b89bce49a,103,51.50,3.53,1,5,4,0.022997,0.550054,TopoStake,pog(D=3_omega=0.50),1.12,879,0
176,2,0x07902d0371763a00d97ed9ba16ff0a206cb0fd19,61.633631,1773023758,40a60e61d2ce1bb172a00e39b3d092c164f1a5c6cf4f4aecf0ad6d4bef32094e,105,105.00,3.61,2,5,4,0.022970,0.549835,TopoStake,pog(D=3_omega=0.50),1.00,880,0
176,3,0xd39dbd3662315e3935ec08e6b6028e73b3c09de2,13.926449,1773023760,73b568b1ed3ee2bb3a0d320aefe2c43d4b996075915b98bc2538c31f7705be40,203,101.50,2.78,1,4,3,0.023057,0.550293,TopoStake,pog(D=3_omega=0.50),1.50,881,0
176,4,0x30405867b72597aaeb27803bb2c7f3f5fc7d5384,5.513016,1773023762,65bbaa74fe8fa2f110943c22f80bb8447d082a68565da0884fc869974d8fe4fb,195,97.50,4.63,1,6,5,0.023040,0.550294,TopoStake,pog(D=3_omega=0.50),1.53,882,0
177,0,0xc339f8bf978200eb65afce6c7121402eda949097,1.064061,1773023764,ec5faa2e4e449ba91a7297acce4051ed543868be7edca308270671c8631bf425,250,125.00,3.42,1,5,3,0.023005,0.549648,TopoStake,pog(D=3_omega=0.50),1.11,883,0
177,1,0xac768e60b9269babb15cb1e36ee843243d7c7543,16.730372,1773023766,19df04c6095a8d30ae44950eeb10abcca5e1c5d50f03e2932a1bd4994706aab9,213,71.00,4.19,1,6,4,0.022961,0.548467,TopoStake,pog(D=3_omega=0.50),1.80,884,0
177,2,0x13f9dadc05f6c237b03411e2aed1800cf21a5d89,49.355195,1773023769,6ccabaf8a85844364e1ea2682660ab2b5b3dd439552e265e8b6c3943966c5107,212,106.00,3.98,1,6,4,0.022950,0.548597,TopoStake,pog(D=3_omega=0.50),1.71,885,0
177,3,0xe6ebb0cdfd04183d498964e5efc4096ba77b17d6,24.313296,1773023770,fed36a304bfbc35fbf28a1c3e15330cafd5a0ba2cfd1588259e129e7ff2e326b,210,105.00,3.05,1,5,3,0.023009,0.549033,TopoStake,pog(D=3_omega=0.50),1.56,886,0
177,4,0xd46407aa7b668c72de3cf1c1a12b7fa2e308a1b2,8.990746,1773023772,54197c587ca47e05eaab50004ae99415f0277a2582effd98458bd995684f2795,114,114.00,4.04,1,6,4,0.023015,0.549302,TopoStake,pog(D=3_omega=0.50),0.99,887,0
178,0,0xdcf2130496e27a8094ab996aea4aa77788d65869,18.518738,1773023774,62f7e280ad40e591a827621e63622cca1b0364620deea1e9bf3ad4e19ade655f,213,106.50,3.85,1,5,4,0.022987,0.549060,TopoStake,pog(D=3_omega=0.50),1.51,888,0
178,1,0x13f9dadc05f6c237b03411e2aed1800cf21a5d89,50.356277,1773023776,ad6887c46a7611d72ae1fe2e35f34acc9d06552445019b0ffecce9ec6a68f358,246,123.00,3.81,1,5,4,0.022981,0.549227,TopoStake,pog(D=3_omega=0.50),1.32,889,0
178,2,0x4a217e35f6402e7f62a49f6d62e27c6585c2f3fd,2.480895,1773023778,2014bb5973b8433be06c51c55e9da1c77ad05690c8f1319b24246f6e0115c1f9,250,125.00,3.02,1,5,3,0.023041,0.549661,TopoStake,pog(D=3_omega=0.50),1.09,890,0
178,3,0xcb7977f4997b4252c0152e135dd79b3cfe35c1a5,10.628658,1773023780,31b358e250e87e2ca19f2f32aad5f2159682f03331be8b12c320d2c6c4bb110d,250,83.33,3.65,1,5,4,0.023000,0.548709,TopoStake,pog(D=3_omega=0.50),1.79,891,0
178,4,0x07902d0371763a00d97ed9ba16ff0a206cb0fd19,62.635340,1773023783,f5c59fb2aa543dcc0d69bfd1240c2d809c12351617ad22e3dc84ebb1a9d34224,174,87.00,4.17,1,6,4,0.022976,0.548614,TopoStake,pog(D=3_omega=0.50),1.64,892,0
179,0,0xc24b36dee27726233c3bbd9e1f028f98b6b2a424,25.437138,1773023784,af4a48b0825398061d0a03ffa3051e10952a8786b6f86c74f5c7356bb4479bb9,186,93.00,2.74,1,4,3,0.023062,0.549067,TopoStake,pog(D=3_omega=0.50),1.47,893,0
179,1,0xe6ebb0cdfd04183d498964e5efc4096ba77b17d6,25.313781,1773023786,163ceabb13a8cf22209a4bf47cde8173e87bcc16ca5838f37f213a8bcf9ecb1b,97,97.00,4.08,1,6,4,0.023069,0.549357,TopoStake,pog(D=3_omega=0.50),0.99,894,0
179,2,0x07902d0371763a00d97ed9ba16ff0a206cb0fd19,63.636285,1773023788,ce8f49f1ac420c7b4f67fac8649912ed0502d46e03f7703aaa5dde09c46ca97b,192,96.00,4.04,1,6,4,0.023076,0.549625,TopoStake,pog(D=3_omega=0.50),1.56,895,0
179,3,0x89100a8056319ba37491b32ba255004180607bc2,20.803621,1773023790,caba5b2d4ab2305b7bcc89a65cf208974508e03f290323a514115b02ee1e9b4f,236,118.00,2.64,1,4,3,0.023163,0.550076,TopoStake,pog(D=3_omega=0.50),1.24,896,0
179,4,0x8c11ec9090dd820c076e57e899d9c604c79d6b32,15.573559,1773023792,06c71ae8d6e2c0de9e653c6e3d0b75ebce29d3259ef090a4cdaf15e4a4242832,192,96.00,3.81,1,5,4,0.023160,0.550286,TopoStake,pog(D=3_omega=0.50),1.06,897,0
180,0,0x30509a8084fdfe6fe24d9c9a817c209ad194f8e3,39.697098,1773023794,57efdba24cf0e8707957f8cd1f4ea1d3833bcf3c344b0b5a87eb9759d42c365d,231,115.50,4.10,1,6,4,0.023146,0.550327,TopoStake,pog(D=3_omega=0.50),0.92,898,0
180,1,0x606627477c3734932f47972f83c27cf4e3b35b4f,24.398672,1773023797,5131f4ce9b4bf384d99e2c893ee81d5425c1ced126923ab353914d834d88129d,233,77.67,3.38,1,5,4,0.023183,0.550735,TopoStake,pog(D=3_omega=0.50),1.68,899,0
180,2,0x49b57eb4dace37c8819daf079c9c674f766d4f38,8.228731,1773023798,1169c951783230eb8bcab7dfe1e63bd88804929b2ad8855f01c48e634b4d798d,193,96.50,3.59,1,5,4,0.023187,0.550979,TopoStake,pog(D=3_omega=0.50),1.52,900,0
180,3,0x8d9e46becf415ca26aa698c9657087e6554aabda,1.374410,1773023800,e987b6849a994fb3340dd003bdafa2a5a530e90ff0e7fafffc9c09229b668551,95,95.00,3.93,1,6,4,0.023158,0.550686,TopoStake,pog(D=3_omega=0.50),1.00,901,0
180,4,0x4a217e35f6402e7f62a49f6d62e27c6585c2f3fd,3.481895,1773023802,f8c5bd8589503bdd06491c1c16592bffef5e5a4346499287e3a606e296d7d02a,205,102.50,3.62,1,5,4,0.023115,0.549571,TopoStake,pog(D=3_omega=0.50),1.47,902,0
181,0,0x30509a8084fdfe6fe24d9c9a817c209ad194f8e3,40.698333,1773023804,c1968f6caa44fb7608e947626bf6173213ea23602cfdc21997c4e18dfaef949a,197,98.50,3.72,1,5,4,0.023076,0.548739,TopoStake,pog(D=3_omega=0.50),1.38,903,0
181,1,0x07902d0371763a00d97ed9ba16ff0a206cb0fd19,64.637932,1773023806,4fd9227a3c3b27bcc864880f0a1810cf77495c1745d5fbdf10031efbf675c2f3,250,125.00,3.32,1,5,3,0.023114,0.549148,TopoStake,pog(D=3_omega=0.50),1.11,904,0
181,2,0x07902d0371763a00d97ed9ba16ff0a206cb0fd19,65.639162,1773023808,5c664455fcc2cd4c37e6f8608cb0164b74cb451ecc632ab536c37ba9c3e37687,250,125.00,2.85,1,4,3,0.023201,0.549595,TopoStake,pog(D=3_omega=0.50),0.89,905,0
181,3,0x81193196c1dbdbf80709d43a5af5ce21c201fbd7,2.828729,1773023810,65b55cd1faeea9b9fd9b42104082342a889c5c55324aa4095373ed1e9987e0d9,212,70.67,2.82,1,4,3,0.023289,0.550042,TopoStake,pog(D=3_omega=0.50),1.53,906,0
181,4,0x9bdb1c7ad4bd8fe797b07c08117c74a591dbab2d,0.433963,1773023813,7e1e7bfd5bd5c55525cffee3d5112e48247b1ad0112de26a85417f09f7d31a9d,198,99.00,3.97,1,6,4,0.023249,0.549128,TopoStake,pog(D=3_omega=0.50),1.54,907,0
182,0,0x016d3fc36beee7caa8fbd6c1caa42461dd7f9850,30.921457,1773023815,7270585d3f19a4b376408fa2d1d1fe2b9bf37744b4092871a0cd39c66e3c9b25,188,94.00,3.75,1,5,4,0.023204,0.547850,TopoStake,pog(D=3_omega=0.50),1.51,908,0
182,1,0xc339f8bf978200eb65afce6c7121402eda949097,2.064586,1773023817,28262534a79d37708248d0d2b15d6dbb0c0c88bb556ba4970c7fa136a9df6836,187,93.50,3.12,1,4,3,0.023221,0.548197,TopoStake,pog(D=3_omega=0.50),1.47,909,0
182,2,0x07902d0371763a00d97ed9ba16ff0a206cb0fd19,66.640419,1773023819,2ca1f255981d8364e82f1ef5d03764bc135c9b537366a07cb0f70471a4bdb330,210,105.00,4.38,1,6,4,0.023180,0.547190,TopoStake,pog(D=3_omega=0.50),1.47,910,0
182,3,0xa3786e459f289a76c0e8af8ad834e3d0c6d47199,16.736969,1773023821,b6b8adfedca811dd45b61f35e21df570bce4206b91d6371e3d1a49e87a8a9aac,250,125.00,2.68,1,4,3,0.023269,0.547638,TopoStake,pog(D=3_omega=0.50),1.19,911,0
182,4,0xcdc82b7c868072205a399d0f68e6e3ad3bfd1ca6,0.192550,1773023823,89f6dd40d9e08d4531dd6b3b192d725d65fbbde03b788b78188cb6f0ba8365f1,163,81.50,4.20,1,6,4,0.023257,0.547745,TopoStake,pog(D=3_omega=0.50),1.21,912,0
183,0,0xaadc5fea232580cb8fba739ac5d05a48559c7e52,11.358029,1773023825,0f8877164ebeef1f75b70298e276d669bf770b189765e1ad44c3c40c12ec9ce0,250,83.33,3.62,1,5,4,0.023212,0.546428,TopoStake,pog(D=3_omega=0.50),2.12,913,0
183,1,0x786f26993bf015cd2da6fb5d3ccd1879e01246ab,1.277664,1773023828,42f67cd8f8e2417069fc68035a2b42468963ccd113762d30a5786b8859676803,188,94.00,4.40,1,6,5,0.023212,0.546428,TopoStake,pog(D=3_omega=0.50),1.52,914,0
183,2,0x13f9dadc05f6c237b03411e2aed1800cf21a5d89,51.358499,1773023829,790dc93d0e7f9d4122f48530ec17b9142a6cabfb50a20ca8ad1ad902008e2699,203,101.50,4.07,1,5,4,0.023169,0.545286,TopoStake,pog(D=3_omega=0.50),1.54,915,0
183,3,0x07902d0371763a00d97ed9ba16ff0a206cb0fd19,67.641873,1773023831,6e53e312263c14de3b14fe7556869e3d12d888277438adfaeef4eb3003854748,103,103.00,2.97,2,5,3,0.023227,0.545714,TopoStake,pog(D=3_omega=0.50),1.00,916,0
183,4,0xc4dc29db975b952e04358340e56b68fa4ba63fbc,9.542751,1773023833,5bb9ec473b64aed5a478de9a9a5e762b593b4436fe9c59409af6b2ae9a3e6b51,218,109.00,2.68,1,4,3,0.023317,0.546160,TopoStake,pog(D=3_omega=0.50),1.52,917,0
184,0,0x269cdf52f97e1d9f14b7be895155a7b294f0b21d,33.767162,1773023835,08bee5b41461c6a8e0e7893708f4fa90130748526718e3cb91ba1d0b27cfeb5e,201,100.50,3.79,2,5,4,0.023291,0.545977,TopoStake,pog(D=3_omega=0.50),1.48,918,0
184,1,0xb2a7fe70a6f3137d38f6cb4c3ec6dd1e24f2d5f4,8.418455,1773023837,73081ae788d9a343edc42aeec680e7689d615d4463db82e4886fccfdce5e4fe7,234,117.00,3.56,1,5,4,0.023313,0.546342,TopoStake,pog(D=3_omega=0.50),1.18,919,0
184,2,0x53be6e527cc5a7d850b5eae27b9cef342e0665f2,7.040828,1773023839,ee77e285e147319a56d1a1c43bbe5704e9e810a2e01a60f5898ef39fc253525c,207,103.50,4.20,1,6,4,0.023284,0.546051,TopoStake,pog(D=3_omega=0.50),0.89,920,0
184,3,0x6d6b2734a20229ddd7fd4a1470ba3e3bad4e4a85,3.632511,1773023842,5328cc4529240b22204e512db4acf766a7bbd2c836fb45bac36dafbbdd5b4117,227,75.67,3.44,1,5,4,0.023253,0.545593,TopoStake,pog(D=3_omega=0.50),1.67,921,0
184,4,0x1cb1274c711a6c2e4e1596846e6ac604eeefb358,8.410022,1773023843,2df08b6a7cc759648b397d6b1941fdb796e6fc6f6771a7684d1a62f6c7b7245f,223,111.50,3.67,1,5,4,0.023215,0.544774,TopoStake,pog(D=3_omega=0.50),1.53,922,0
185,0,0x13f9dadc05f6c237b03411e2aed1800cf21a5d89,52.359310,1773023845,3b7496116a1625077a901604c6f400c0ad480089f103a4bdc65b698ee1afccf6,86,86.00,3.64,2,5,4,0.023186,0.544465,TopoStake,pog(D=3_omega=0.50),1.00,923,0
185,1,0x1796dc61e715f15a2d27dfa32bd34780f12a8c24,11.738243,1773023847,d4f405a2a55b50e3cdf3c7b268f37a31864038cae10e2dccf5d023819b81ae85,204,102.00,2.94,1,5,3,0.023245,0.544890,TopoStake,pog(D=3_omega=0.50),1.51,924,0
185,2,0x49b57eb4dace37c8819daf079c9c674f766d4f38,9.229015,1773023849,f3ae6360c1d354c86c21312e203be0cb2dc7561e97492e98026a540f350b25d2,224,112.00,3.25,1,5,3,0.023223,0.544861,TopoStake,pog(D=3_omega=0.50),1.43,925,0
185,3,0xe6ebb0cdfd04183d498964e5efc4096ba77b17d6,26.314700,1773023851,3bdca41de73b33d81f55e85ad564e991e2c9f4c4159d6cfcea8591be17518b79,208,104.00,3.78,1,6,4,0.023196,0.544618,TopoStake,pog(D=3_omega=0.50),1.36,926,0
185,4,0xa068e3c9a21c8d8be636cd2d285895979ec3262e,15.972556,1773023853,adf124d61eac0fb1557838c51d93b45fce5bc6ee447cd4299acda3b7debe943d,222,111.00,4.05,1,6,4,0.023203,0.544899,TopoStake,pog(D=3_omega=0.50),1.04,927,0
186,0,0xb7b4ee0a72bc410bf6d32b9cd3f3e11fc756d6f1,8.081804,1773023855,6f80cd0d513c0c77a7efbe3abcf1a13532d3603c8061be4851f1e73398a23aa2,205,68.33,4.31,2,6,4,0.023189,0.544948,TopoStake,pog(D=3_omega=0.50),1.77,928,0
186,1,0x30509a8084fdfe6fe24d9c9a817c209ad194f8e3,41.700160,1773023858,6949436fbacb3015c6bef050e1d721d4663622573c0f1e5a8da0dde222f58f93,250,125.00,3.90,1,6,4,0.023160,0.544612,TopoStake,pog(D=3_omega=0.50),1.70,929,0
186,2,0xc24b36dee27726233c3bbd9e1f028f98b6b2a424,26.437551,1773023860,844975ce966827a34cf068f33ae8e4ffa8703de060b534dde1419b140cadeee6,124,62.00,3.27,1,5,3,0.023197,0.545013,TopoStake,pog(D=3_omega=0.50),1.15,930,0
186,3,0x4ba33404d90c4ae989714d9d174cd882cffb7994,4.107079,1773023862,7a53c93bfbaf42a64ac943c785d65439f61a5248ddb72e7dadb5dd06d649a143,194,97.00,4.09,1,6,4,0.023203,0.545279,TopoStake,pog(D=3_omega=0.50),1.52,931,0
186,4,0xd39dbd3662315e3935ec08e6b6028e73b3c09de2,14.926753,1773023864,94db7406d89b25e4a818a0cd04fd4d23e217c63cc75e1f65724f0eadf52a1ebf,208,104.00,4.46,1,6,4,0.023167,0.544518,TopoStake,pog(D=3_omega=0.50),1.51,932,0
187,0,0xd46407aa7b668c72de3cf1c1a12b7fa2e308a1b2,9.991128,1773023866,027ca89687efd36c92ac6f924bdc8ff94db70581cde4d94ca46293c70148c9c5,216,108.00,4.45,1,6,5,0.023151,0.544525,TopoStake,pog(D=4_omega=0.50),1.45,933,0
187,1,0xeb82a21cb3d0dd781eb22ad74bb7cd9b4d2a06ec,7.921555,1773023868,63f3004f061ad6afab57a488faa517f31a4658a72177ded744678bd928d19829,250,125.00,3.79,1,5,4,0.023126,0.544379,TopoStake,pog(D=4_omega=0.50),1.22,934,0
187,2,0x1d1d2c63625de70b1e5ef40056bd2deb89d7fef2,6.065469,1773023870,02c0712f202ad4ae42aa73959f2e0a7b35c361d13910ce72343903b36f475f03,231,77.00,3.91,1,6,4,0.023097,0.544014,TopoStake,pog(D=4_omega=0.50),1.82,935,0
187,3,0x07902d0371763a00d97ed9ba16ff0a206cb0fd19,68.644300,1773023873,88d0ea7fe726fe197384f078ac76faea26292d132ddf92a255790229eb84eb54,219,109.50,3.73,1,5,4,0.023064,0.543453,TopoStake,pog(D=4_omega=0.50),1.59,936,0
187,4,0xa9105f442328d397529b8e4e9e656fa89016ff45,5.462470,1773023874,763bfe68a64b874e4538ad789706fb3f482c690aed76f541e3aa9fd8196f5766,212,106.00,2.75,1,4,3,0.023152,0.543892,TopoStake,pog(D=4_omega=0.50),1.55,937,0
188,0,0xc339f8bf978200eb65afce6c7121402eda949097,3.064970,1773023876,08b9c377439a0c01b7dadc8c3b09018c4bee1d30b55501409b9314b77a593e89,98,98.00,3.73,1,5,4,0.023118,0.543256,TopoStake,pog(D=3_omega=0.50),1.00,938,0
188,1,0x075e1d95c7891e1c00414ca1aa9a7a8cf6270019,29.182597,1773023878,98fa0281511f13ca82b6d6bb7e21b80132f9d657c20ff701daf82488cf7237d4,203,101.50,4.25,1,6,4,0.023080,0.542375,TopoStake,pog(D=3_omega=0.50),1.56,939,0
188,2,0x075e1d95c7891e1c00414ca1aa9a7a8cf6270019,30.183637,1773023880,1903440358283dfea90646a28f8f68c2eb8aac977791258445d4466877b39bcd,208,104.00,3.04,2,5,3,0.023092,0.542697,TopoStake,pog(D=3_omega=0.50),1.38,940,0
188,3,0x63f4973c0df8a5358405f396dc0673a463c48de9,27.928440,1773023882,d8591f13d54c38930dba2cd1c00a54f387c5cebad62aa456fb45587600dedd1f,250,125.00,3.25,2,5,3,0.023105,0.543019,TopoStake,pog(D=3_omega=0.50),1.18,941,0
188,4,0x26d553a2f4343b3a7dc88bbd87b3d0a25d3838d9,16.227172,1773023884,f00b396c07c1bbe5dcbfbf28cadb549e6197d6643a8f9b5074ab56c8caaf964b,200,100.00,3.49,1,5,4,0.023114,0.543319,TopoStake,pog(D=3_omega=0.50),0.82,942,0
189,0,0x075e1d95c7891e1c00414ca1aa9a7a8cf6270019,31.184865,1773023886,6e1046306f49d71d80671e94f3b431aa16ef1b0129cdee00cdd47c604223e912,202,67.33,3.71,1,5,4,0.023101,0.543367,TopoStake,pog(D=3_omega=0.50),1.65,943,0
189,1,0x269cdf52f97e1d9f14b7be895155a7b294f0b21d,34.768579,1773023889,bf1cafe75ba26196636ce498bec22da88fa8209c90df6a99b7764c240aef1bd6,216,108.00,3.12,1,5,3,0.023116,0.543692,TopoStake,pog(D=3_omega=0.50),1.62,944,0
189,2,0xa068e3c9a21c8d8be636cd2d285895979ec3262e,16.973237,1773023890,a471ba39b391dace784f50e1c302297a7afdf0b77683f14b41787b18d17a14b1,193,96.50,3.61,2,5,4,0.023116,0.543692,TopoStake,pog(D=3_omega=0.50),1.50,945,0
189,3,0xdcf2130496e27a8094ab996aea4aa77788d65869,19.519761,1773023892,44fccd5c1444cea595a844d26f9f7e47b376b5d76df13872500f5c71aa097b18,121,121.00,4.36,1,6,5,0.023126,0.544151,TopoStake,pog(D=3_omega=0.50),0.98,946,0
189,4,0x1796dc61e715f15a2d27dfa32bd34780f12a8c24,12.739203,1773023894,a7a2bf0ac60b0027782a9b5c2c0d0f19df205e60faa3bfd105ce4d4a70aea2af,208,104.00,3.90,1,5,4,0.023119,0.544314,TopoStake,pog(D=3_omega=0.50),1.47,947,0
190,0,0xd46407aa7b668c72de3cf1c1a12b7fa2e308a1b2,10.992164,1773023896,753794a7f01f662a47a20ce876f7499dc4801833c8cd09c9b941b9b517126b04,211,105.50,3.18,1,5,3,0.023100,0.544301,TopoStake,pog(D=3_omega=0.50),1.27,948,0
190,1,0xd61b00c297972877b45f8d7f4d67fdaf20c67c59,6.327782,1773023898,a8a12424abc24cfd73bb1d50e68e16c2107c369083ceaab53ccf9b76c09f8099,249,124.50,3.82,1,5,4,0.023076,0.544214,TopoStake,pog(D=3_omega=0.50),1.06,949,0
190,2,0x763be7657fec175a3de5f1ee0a506722872c886d,5.030260,1773023900,d05dd7a08fb8aa9b026694f15037fdbae0d89e372a1ae5ab664632f030dae917,198,99.00,4.41,1,6,4,0.023045,0.543670,TopoStake,pog(D=3_omega=0.50),0.93,950,0
190,3,0xa068e3c9a21c8d8be636cd2d285895979ec3262e,17.973650,1773023902,1b8b310d577eb7963d31076fa28f39c2903f52fdb8a14b2ee5b71f91b0cf0c18,228,76.00,3.71,1,5,4,0.023010,0.542994,TopoStake,pog(D=3_omega=0.50),1.74,951,0
190,4,0x13f9dadc05f6c237b03411e2aed1800cf21a5d89,53.361462,1773023904,afe03b80d4fb409189d04442b1b1b6563547286d821a0025790bb09fe3b224a4,200,100.00,4.45,1,6,5,0.023000,0.543137,TopoStake,pog(D=3_omega=0.50),1.52,952,0
191,0,0xe6ebb0cdfd04183d498964e5efc4096ba77b17d6,27.315763,1773023906,f4d024d47234af366ee7c6bd9ba79800ad4813e527b7052ca5e4c3ae8c50cfd6,100,100.00,2.99,2,5,3,0.023057,0.543551,TopoStake,pog(D=3_omega=0.50),1.00,953,0
191,1,0x34412315480562da4810040fd15c81f99880e1ab,7.895643,1773023908,e6b49fae2d64be0f7c32ceef6b40eb9fdff07a5f3d52c62ad2f7a7b8955338df,227,113.50,4.10,1,6,4,0.023064,0.543826,TopoStake,pog(D=3_omega=0.50),1.46,954,0
191,2,0x63f4973c0df8a5358405f396dc0673a463c48de9,28.929374,1773023910,b264f470aa8c28634f9160d4b4c90860240576eeb54eb67c38de0e77c89aa023,210,105.00,3.87,1,5,4,0.023035,0.543447,TopoStake,pog(D=3_omega=0.50),1.48,955,0
191,3,0x1cb1274c711a6c2e4e1596846e6ac604eeefb358,9.410135,1773023912,58abd605c8f963e0b3bb075e44409c02e1bc04fd7421217deee77d7635f4fd32,210,105.00,3.48,1,5,4,0.023046,0.543744,TopoStake,pog(D=3_omega=0.50),1.12,956,0
191,4,0x269cdf52f97e1d9f14b7be895155a7b294f0b21d,35.769708,1773023914,dc20ebe2714cb856fcf7d2e349e7180b16de127fb3e65b90f45b3d002c4a27ec,237,118.50,3.50,1,5,4,0.023020,0.543513,TopoStake,pog(D=3_omega=0.50),0.80,957,0
192,0,0xa5a12d96532497871d73549e55ab377e3dcb3a40,2.095797,1773023917,f7a65556b54d09985180ee37f534f7f110a83f578eb47df1d99b949ce279a31c,216,72.00,3.79,1,5,4,0.023043,0.543870,TopoStake,pog(D=3_omega=0.50),1.59,958,0
192,1,0xeb82a21cb3d0dd781eb22ad74bb7cd9b4d2a06ec,8.922424,1773023918,68295c6005145f4c1265203604842a3a8428ad70d0c4a441cbd21a606cbaee2a,196,98.00,4.13,1,6,4,0.023003,0.542895,TopoStake,pog(D=3_omega=0.50),1.49,959,0
192,2,0x3d92e045fb1847aae132b40ebfcc471a32f687de,6.124133,1773023920,d52c4ea1df68be228393350cca76fc1d537e2f4fb0791f4f05d9541453e59058,87,87.00,4.00,2,6,4,0.022976,0.542595,TopoStake,pog(D=3_omega=0.50),1.00,960,0
192,3,0x13f9dadc05f6c237b03411e2aed1800cf21a5d89,54.362167,1773023922,77d5f115b3f3012f5fb661560f8ec8e9e846b3aa66915176ed2ed008776fbc52,200,100.00,3.94,1,5,4,0.022944,0.542015,TopoStake,pog(D=3_omega=0.50),1.50,961,0
192,4,0x075e1d95c7891e1c00414ca1aa9a7a8cf6270019,32.186443,1773023924,ff07a9bf4426cc9a065bbcd3bbfb1cf98b1d95d70c8ab0d246a808fea975233d,240,120.00,2.93,2,5,3,0.023001,0.542427,TopoStake,pog(D=3_omega=0.50),1.37,962,0
193,0,0x282f43759e22b50aa7989261c51c367f325c3f91,3.341850,1773023926,930b621da20f23c796947348a907b32361da50298fe5a3cc238a8d391d61536e,238,119.00,2.98,1,5,3,0.023017,0.542761,TopoStake,pog(D=3_omega=0.50),0.97,963,0
193,1,0x07902d0371763a00d97ed9ba16ff0a206cb0fd19,69.646993,1773023928,f2ecba50f780162900eada320deb7f157b25d02ff7b3434af084e77c9d3e4523,233,116.50,3.88,1,6,4,0.022980,0.541910,TopoStake,pog(D=3_omega=0.50),0.74,964,0
193,2,0xd39dbd3662315e3935ec08e6b6028e73b3c09de2,15.927316,1773023930,17cccf9467a0bd5ad68b4f493ae2151c116836e0b4534aa24e1ba7987ff11b7e,211,70.33,2.75,1,4,3,0.023065,0.542339,TopoStake,pog(D=3_omega=0.50),1.64,965,0
193,3,0xc4dc29db975b952e04358340e56b68fa4ba63fbc,10.543057,1773023933,d6f71821d64fa18814cb22aea7ed153eebecf097a45e44d233bfbbeef718a372,215,107.50,4.42,1,6,5,0.023051,0.542354,TopoStake,pog(D=3_omega=0.50),1.48,966,0
193,4,0x075e1d95c7891e1c00414ca1aa9a7a8cf6270019,33.187641,1773023935,74f72cbf138a3ffb39c28cd83c09c24e397b058ddf09c6c05e9459aae1ca23a7,239,119.50,3.68,1,5,4,0.023027,0.542231,TopoStake,pog(D=3_omega=0.50),1.52,967,0
194,0,0x213068cb42718d1dd6d00a6d94d62a3def0e68eb,4.361954,1773023937,5c7185469ab2f143e653092f079b0483a416fc8b8ac99b1a6b86afe34a13a88d,191,95.50,3.13,1,5,3,0.023044,0.542564,TopoStake,pog(D=3_omega=0.50),1.46,968,0
194,1,0x49b57eb4dace37c8819daf079c9c674f766d4f38,10.229579,1773023939,db8322b90ecd4b5237429932796a89b58e2f2294845790757e75949fceb0fc68,181,90.50,3.61,1,5,4,0.023009,0.541843,TopoStake,pog(D=3_omega=0.50),1.54,969,0
194,2,0x213068cb42718d1dd6d00a6d94d62a3def0e68eb,5.362825,1773023941,572d8517da5b196a4fc899918865f2b8206a2a76e089a3a2e227ba2356f4670e,190,95.00,3.88,1,6,4,0.022985,0.541690,TopoStake,pog(D=3_omega=0.50),1.35,970,0
194,3,0x13f9dadc05f6c237b03411e2aed1800cf21a5d89,55.363661,1773023943,10396565212d00974b16166a7ab91d13c8558f7299ccea2b7eaec2b6c8165939,250,125.00,3.58,1,5,4,0.022952,0.541030,TopoStake,pog(D=3_omega=0.50),1.06,971,0
194,4,0xac768e60b9269babb15cb1e36ee843243d7c7543,17.730778,1773023945,dd84ac20b93deb60d1c4582613829215fd6c08d0f654d48f7824d03b4bc10a8d,250,83.33,2.99,1,5,3,0.023009,0.541439,TopoStake,pog(D=3_omega=0.50),1.80,972,0
195,0,0x13f9dadc05f6c237b03411e2aed1800cf21a5d89,56.364927,1773023948,be6c45a599135d407c212858c9ddc8b0523a8173290f8b0644dc76fc25a21569,216,108.00,3.88,1,5,4,0.022998,0.541561,TopoStake,pog(D=3_omega=0.50),1.55,973,0
195,1,0xd46407aa7b668c72de3cf1c1a12b7fa2e308a1b2,11.993153,1773023949,7e2128777cd208aea119654de46bb45c4205ce2ba21f8e1efdce9312f49ce9c5,210,105.00,3.03,1,5,3,0.023057,0.541968,TopoStake,pog(D=3_omega=0.50),1.49,974,0
195,2,0x30405867b72597aaeb27803bb2c7f3f5fc7d5384,6.513227,1773023951,6ab993c9d08e33648c645481ba79749241844e8d04166d2a01d8271ec787f484,88,88.00,3.95,1,5,4,0.023035,0.541931,TopoStake,pog(D=3_omega=0.50),0.99,975,0
195,3,0x4a217e35f6402e7f62a49f6d62e27c6585c2f3fd,4.481541,1773023953,8a5f052e93b3f8b4f7277ba1e7ff6e217268194ee5225e7de9e9ba302efb0f49,181,90.50,3.50,1,5,4,0.023004,0.541399,TopoStake,pog(D=3_omega=0.50),1.49,976,0
195,4,0xa3786e459f289a76c0e8af8ad834e3d0c6d47199,17.737294,1773023955,4ba7a3221c444ffa585e34c6ea60d354acadae9c66aebd6bc364eaa26b9a5ea7,226,113.00,3.42,1,5,4,0.022970,0.540677,TopoStake,pog(D=3_omega=0.50),1.32,977,0
196,0,0x269cdf52f97e1d9f14b7be895155a7b294f0b21d,36.770976,1773023957,8403883b9dfd40629fb6634e4bd186f869dc8cc7799b58c586000857fae10e8d,164,82.00,4.36,2,6,5,0.022959,0.540781,TopoStake,pog(D=3_omega=0.50),1.26,978,0
196,1,0x075e1d95c7891e1c00414ca1aa9a7a8cf6270019,34.188784,1773023959,c552f7ad5550101934831bf29a5b571ad0ac28e612a9f479aa542e981d5b928e,250,83.33,3.61,1,5,4,0.022982,0.541150,TopoStake,pog(D=3_omega=0.50),2.07,979,0
196,2,0x13f9dadc05f6c237b03411e2aed1800cf21a5d89,57.366187,1773023962,1d50b59f1c6f197bbc351b6d4cc5490510486d7e08265617bc1a6d05f8ccac76,221,110.50,3.16,1,5,3,0.023000,0.541479,TopoStake,pog(D=3_omega=0.50),1.62,980,0
196,3,0x3513d672439a59c26cc5711f2b715ccb4810a774,4.283538,1773023963,506a15291c973be33422164e380829af3ce6310e809a591fba68570fc0749b6f,196,98.00,3.07,2,4,3,0.023060,0.541883,TopoStake,pog(D=3_omega=0.50),1.52,981,0
196,4,0x37cc7a82e66d4f4c2ae13b9ee895d3af1a1d7a05,7.257850,1773023965,1c2c28372965596965d8d6f6ec5bbf7899c291a271a62a1af692cc1003dbc1af,99,99.00,3.73,1,5,4,0.023025,0.541130,TopoStake,pog(D=3_omega=0.50),0.98,982,0
197,0,0x50f7fa851f9314d682e36da5caa4635039b5305d,10.108277,1773023967,74f1d6e3ff85d07b11fbb9a858267cbdab31d7a026142e383eedb9da3de0c1a7,200,100.00,3.92,1,5,4,0.022995,0.540692,TopoStake,pog(D=3_omega=0.50),1.48,983,0
197,1,0x8719ca31b72ae8a5404006763c53d5ad503dbcb0,7.107383,1773023969,7efdde32278c3eeb8cad7f1c0294fc0a12d7b59600d419b957bfbc5cfda0ea12,239,119.50,3.20,1,5,3,0.022971,0.540517,TopoStake,pog(D=3_omega=0.50),1.13,984,0
197,2,0xd39dbd3662315e3935ec08e6b6028e73b3c09de2,16.928002,1773023971,da1bbc754373a7fa64562a1a1ffa8d7ab1cae4fc43e48a4185992949aaa23f55,191,95.50,4.12,1,6,4,0.022941,0.540045,TopoStake,pog(D=3_omega=0.50),1.07,985,0
197,3,0x49b57eb4dace37c8819daf079c9c674f766d4f38,11.230446,1773023973,f5657d7e95b43f4cd045272d43e35330b1633fdf8de45b4fd86f7e6fc5297ab9,208,69.33,4.35,1,6,4,0.022929,0.540117,TopoStake,pog(D=3_omega=0.50),1.88,986,0
197,4,0x3513d672439a59c26cc5711f2b715ccb4810a774,5.283899,1773023976,911c92122c0a1260d654924bd2aa2e384b214703c15a29e4a405c56d20f1e236,233,116.50,3.93,1,6,4,0.022907,0.540025,TopoStake,pog(D=3_omega=0.50),1.66,987,0
198,0,0xd39dbd3662315e3935ec08e6b6028e73b3c09de2,17.928780,1773023977,5a68cf7aefbfa4cd307800f128a218e97254b8dc9c75900de614d644edcd691d,201,100.50,3.81,1,5,4,0.022907,0.540026,TopoStake,pog(D=3_omega=0.50),1.54,988,0
198,1,0x89100a8056319ba37491b32ba255004180607bc2,21.804252,1773023979,ec26825222994a9f865ff38032490f80bc0443910c11835791d82dcce9c8cf0f,91,91.00,4.63,1,6,5,0.022896,0.540119,TopoStake,pog(D=3_omega=0.50),1.00,989,0
198,2,0x269cdf52f97e1d9f14b7be895155a7b294f0b21d,37.772249,1773023981,318175518a8aab2059892ccff862629963d345f7199ce85434621f51f558cb4c,215,107.50,3.93,1,5,4,0.022892,0.540335,TopoStake,pog(D=3_omega=0.50),1.54,990,0
198,3,0x075e1d95c7891e1c00414ca1aa9a7a8cf6270019,35.190129,1773023983,85b0654e56935d386a35832d75148bd7e3dd7cc7f5826b23e666189796ecd08e,196,98.00,3.52,1,5,4,0.022916,0.540700,TopoStake,pog(D=3_omega=0.50),1.42,991,0
198,4,0x6064b9f5883bf9737dfe314ff68c56e09e68ac89,17.206417,1773023985,09479545ba14a237a5e132b214aa90f90aed89e7998a63d405e4a3f79f6fdb9b,250,125.00,3.20,1,5,3,0.022936,0.541027,TopoStake,pog(D=3_omega=0.50),1.10,992,0
199,0,0xbc3f8508d26048f2064aa8c068f4c94d08d77d18,8.063072,1773023987,4f1b50b3e140f3a2de561decd89ee38f04512d25c1efc23ff1214a1cd1517adf,235,117.50,3.75,1,5,4,0.022924,0.541092,TopoStake,pog(D=3_omega=0.50),0.87,993,0
199,1,0x30509a8084fdfe6fe24d9c9a817c209ad194f8e3,42.702153,1773023990,d3995213745f4aab5ef1574b7257a4947e5204b6fca4739a6da37d2af29e7ff8,206,68.67,4.23,1,6,4,0.022896,0.540721,TopoStake,pog(D=3_omega=0.50),1.55,994,0
199,2,0x8c11ec9090dd820c076e57e899d9c604c79d6b32,16.574276,1773023991,b148119f84e1e23f0aec65b5c0fbc333df8632edc13d0adc22423531479f222a,212,106.00,3.41,1,5,4,0.022928,0.541102,TopoStake,pog(D=3_omega=0.50),1.50,995,0
199,3,0x1796dc61e715f15a2d27dfa32bd34780f12a8c24,13.740358,1773023993,e98efaa6fab65f84bf2d17ad1ce59948224bf6e54846bf21d1d041c73533081d,108,108.00,4.21,1,6,4,0.022915,0.541127,TopoStake,pog(D=3_omega=0.50),1.00,996,0
199,4,0x4414c05be2cf328f38d2e3ef4b705d6b894f044a,21.105813,1773023995,7ef91f0f97d7f64f4e2e3c10ee8c88c63988b470f447d71b2cab481ccf595985,222,111.00,3.29,1,5,3,0.022897,0.541118,TopoStake,pog(D=3_omega=0.50),1.41,997,0
200,0,0x13f9dadc05f6c237b03411e2aed1800cf21a5d89,58.367972,1773023997,bce289f3d1403a06dea5dc1904a1d034655cde36a0b9410b9ed1c86ba68b1caa,203,101.50,3.87,1,5,4,0.022892,0.541310,TopoStake,pog(D=3_omega=0.50),1.44,998,0
200,1,0x89100a8056319ba37491b32ba255004180607bc2,22.805270,1773023999,ec8cde113d1450e5ca093f3a96baca6b3f7795775462ef2e5e304193535a2b9b,250,125.00,2.89,1,5,3,0.022951,0.541708,TopoStake,pog(D=3_omega=0.50),1.16,999,0
200,2,0x269cdf52f97e1d9f14b7be895155a7b294f0b21d,38.773336,1773024001,952c6c67e5c25f2c8807cd239346b17039e4ffc2ffa20eae68d85917eea67a1d,214,107.00,3.80,1,5,4,0.022948,0.541920,TopoStake,pog(D=3_omega=0.50),0.73,1000,0
200,3,0xb2a7fe70a6f3137d38f6cb4c3ec6dd1e24f2d5f4,9.418572,1773024003,0f5d6f630b4f83a7654aa91582b456740477947b7b66aa0fd6b7c5058c7a965e,216,72.00,3.68,2,5,4,0.022973,0.542280,TopoStake,pog(D=3_omega=0.50),1.67,1001,0
200,4,0xe6ebb0cdfd04183d498964e5efc4096ba77b17d6,28.316836,1773024005,ba406ec20151c073ad46e2971e39cef309f61ba0ca2df373c050f5936f158e6d,210,105.00,4.23,1,6,4,0.022947,0.542024,TopoStake,pog(D=3_omega=0.50),1.50,1002,0
201,0,0x6064b9f5883bf9737dfe314ff68c56e09e68ac89,18.207504,1773024007,ed5b84ce29b03dcd4a773248abe6205d6600db89d5ad373854ef104cffd07f5c,98,98.00,4.09,1,6,4,0.022954,0.542291,TopoStake,pog(D=3_omega=0.50),1.00,1003,0
201,1,0x269cdf52f97e1d9f14b7be895155a7b294f0b21d,39.774415,1773024009,be8be3c971d54d3446781e8fdd6f3c95c39ee1580c150396fe5174b915b660e1,230,115.00,3.90,1,5,4,0.022944,0.542382,TopoStake,pog(D=3_omega=0.50),1.46,1004,0
201,2,0x8c11ec9090dd820c076e57e899d9c604c79d6b32,17.574667,1773024011,c5264dc03ae5100cdc848d2a8ca576848a99894aeffcb11c3475c53b9aed5bd9,211,105.50,3.70,1,5,4,0.022970,0.542740,TopoStake,pog(D=3_omega=0.50),1.50,1005,0
201,3,0x075e1d95c7891e1c00414ca1aa9a7a8cf6270019,36.191870,1773024013,63e5ded573c5ad21863a7ab3177cfef2eb9d9c5403cd19674c940f133e3d9fc5,194,97.00,4.13,2,6,4,0.022958,0.542784,TopoStake,pog(D=3_omega=0.50),1.37,1006,0
201,4,0x0d91704595bff3aec25d40822498a51c62b05e3a,10.580307,1773024015,a8ab34cee746ee2f8718308b3857d632435e1c595a2f62bb7387178eff2fb6bc,250,83.33,3.14,2,5,3,0.022978,0.543116,TopoStake,pog(D=3_omega=0.50),2.23,1007,0
202,0,0xfb35fdafcfc84561a42700a4a1c274edeb75bdc1,0.043597,1773024018,dd18253eeedd102aebd216b44d25d69f7681c75c9db3e4a9a4d8a524ba3e14da,239,119.50,3.23,1,5,3,0.022955,0.542952,TopoStake,pog(D=3_omega=0.50),1.89,1008,0
202,1,0x89100a8056319ba37491b32ba255004180607bc2,23.806293,1773024019,7fe9a797fa84377f76aad2e6f40f9c06a14c7e02fa073b875a4dd78f35a6af97,194,97.00,4.03,2,5,4,0.022913,0.541717,TopoStake,pog(D=3_omega=0.50),1.44,1009,0
202,2,0xf6e059718dbd0a0956726ab97d06bad5efc6cd18,2.001121,1773024021,1e8f426cc633e701998aebdd94b60fe9e7d22b79d5d4ec4f66d6b0cc50105ea1,92,92.00,3.84,1,5,4,0.022912,0.541928,TopoStake,pog(D=3_omega=0.50),1.00,1010,0
202,3,0x07902d0371763a00d97ed9ba16ff0a206cb0fd19,70.650620,1773024023,f03e8c9627435a4b579feba37cdbafc20b05dfe3d8657a20dcdd9ccc48c950cd,209,104.50,3.61,1,5,4,0.022875,0.540972,TopoStake,pog(D=3_omega=0.50),1.50,1011,0
202,4,0xa7e4d4d949807065ebf85adc1be8c382c7236c15,7.212699,1773024025,446f52b431bc891fe782ce469458f0a91c0aeea2d5ba1d45693ca166865cc7a5,224,112.00,2.61,1,4,3,0.022952,0.541384,TopoStake,pog(D=3_omega=0.50),1.24,1012,0
203,0,0x9bdb1c7ad4bd8fe797b07c08117c74a591dbab2d,1.433158,1773024027,ee4b2e222e8193401e6b454cd93c2dab74b0f5c73da1bc9a692d4560a0fc506e,219,109.50,3.83,1,6,4,0.022923,0.540915,TopoStake,pog(D=3_omega=0.50),1.14,1013,0
203,1,0x269cdf52f97e1d9f14b7be895155a7b294f0b21d,40.775460,1773024029,ea2502d4a946b8d4d427be889526171eb024bd85f861d401cbaee4380f8b7aa5,250,83.33,3.73,1,5,4,0.022884,0.539876,TopoStake,pog(D=3_omega=0.50),1.92,1014,0
203,2,0xd61b00c297972877b45f8d7f4d67fdaf20c67c59,7.327650,1773024032,875c2630b1d98bdb094ad975fef318eb9b2e75449a6c7d1d9baf543f9b1658fc,238,119.00,3.57,1,5,4,0.022911,0.540233,TopoStake,pog(D=3_omega=0.50),1.61,1015,0
203,3,0x3d92e045fb1847aae132b40ebfcc471a32f687de,7.124531,1773024033,09821af619791e980c3e7c1e9cf990fb50326111c9b235d9c164846b068cce21,190,95.00,4.38,1,6,5,0.022883,0.539763,TopoStake,pog(D=3_omega=0.50),1.41,1016,0
203,4,0x016d3fc36beee7caa8fbd6c1caa42461dd7f9850,31.923777,1773024035,b324bbc4d490925cc2fb36c8716397036f1d02c16c6fe4a838627025e527c4c4,97,97.00,4.12,2,5,4,0.022854,0.539258,TopoStake,pog(D=3_omega=0.50),1.00,1017,0
204,0,0x075e1d95c7891e1c00414ca1aa9a7a8cf6270019,37.193414,1773024037,46615bbcd66594105ed2b8ba4749866fffb28aba85cacab92dfb1567e233bf8a,216,108.00,3.09,1,4,3,0.022866,0.539560,TopoStake,pog(D=3_omega=0.50),1.53,1018,0
204,1,0x269cdf52f97e1d9f14b7be895155a7b294f0b21d,41.776659,1773024039,8a93750cb195bcec82dc6836723b354dcc749697edee2e3070eec931230a4cf2,236,118.00,3.15,2,5,3,0.022887,0.539898,TopoStake,pog(D=3_omega=0.50),1.30,1019,0
204,2,0xa068e3c9a21c8d8be636cd2d285895979ec3262e,18.973914,1773024041,04b6d76fd3704d9f115ad6b3585c629addc1a3b764f0645a51c5dc43c35a730c,220,110.00,3.62,1,5,4,0.022915,0.540254,TopoStake,pog(D=3_omega=0.50),1.04,1020,0
204,3,0x07902d0371763a00d97ed9ba16ff0a206cb0fd19,71.652157,1773024043,9a20ab3787e2968a8499f735d5d43d1a859288ea7b8570b948e1053e79d23ac0,224,112.00,4.25,1,6,4,0.022905,0.540387,TopoStake,pog(D=3_omega=0.50),0.90,1021,0
204,4,0x89100a8056319ba37491b32ba255004180607bc2,24.806764,1773024045,088ab9738a687b8d18fbd989575c3cfb02d480a9bee4c48b0d80ad77d5c2d64d,208,69.33,2.85,1,4,3,0.022983,0.540796,TopoStake,pog(D=3_omega=0.50),1.67,1022,0
205,0,0xa9105f442328d397529b8e4e9e656fa89016ff45,6.461575,1773024048,cd2c9c6d3007c511232c19da36fcb3f94bd49a646d790b9699ec694694ae67e1,209,104.50,3.91,1,5,4,0.022983,0.541012,TopoStake,pog(D=3_omega=0.50),1.49,1023,0
205,1,0x26d553a2f4343b3a7dc88bbd87b3d0a25d3838d9,17.227859,1773024050,182067d63eb3d1022b16a990cbeff4d686cff9fbdbfd99e135dd031df91b1116,208,104.00,3.75,1,5,4,0.022952,0.540456,TopoStake,pog(D=3_omega=0.50),1.55,1024,0
205,2,0x075e1d95c7891e1c00414ca1aa9a7a8cf6270019,38.194726,1773024052,8d22cbbe1b43cf41dfc200fbba15214dfbce90397e7e985d5a6cb1c12de0e45f,191,95.50,3.74,1,5,4,0.022940,0.540483,TopoStake,pog(D=3_omega=0.50),1.49,1025,0
205,3,0x07902d0371763a00d97ed9ba16ff0a206cb0fd19,72.653356,1773024054,bf28131a5545447861257e38b338096f89af24a44da9876dcaf308eabb3f25ba,217,108.50,3.02,1,5,3,0.022962,0.540819,TopoStake,pog(D=3_omega=0.50),1.30,1026,0
205,4,0x30509a8084fdfe6fe24d9c9a817c209ad194f8e3,43.703875,1773024056,9190c73175d5b44beaa25e0db2fff5b82096ce225b4bf4209a1bff5af1bc06c0,250,125.00,2.70,2,4,3,0.023040,0.541225,TopoStake,pog(D=3_omega=0.50),1.10,1027,0
206,0,0x6d6b2734a20229ddd7fd4a1470ba3e3bad4e4a85,4.632074,1773024058,cf2a79a7ff78a76fa227bac2ccbc3c2b4ea594a79327e7b74234e37002d0a09f,250,125.00,3.39,1,5,3,0.023070,0.541595,TopoStake,pog(D=3_omega=0.50),0.93,1028,0
206,1,0x269cdf52f97e1d9f14b7be895155a7b294f0b21d,42.777824,1773024060,3beea873bfdb6de151ee62a050508ee78122e1fd6477ec002f304143c9ea8d91,211,70.33,3.73,1,5,4,0.023037,0.540890,TopoStake,pog(D=3_omega=0.50),1.50,1029,0
206,2,0xd46407aa7b668c72de3cf1c1a12b7fa2e308a1b2,12.992959,1773024062,3a8d6c90df58da1932832470d7c80782130dae801b2be8fdda1231ce8e013403,172,86.00,3.66,2,5,4,0.023066,0.541241,TopoStake,pog(D=3_omega=0.50),1.53,1030,0
206,3,0x13f9dadc05f6c237b03411e2aed1800cf21a5d89,59.370550,1773024064,70bc290317ddd369ee3822d63bfe944ddba4ee71973a9e09e848dad6330c019f,90,90.00,3.86,2,5,4,0.023066,0.541242,TopoStake,pog(D=3_omega=0.50),1.00,1031,0
206,4,0x89100a8056319ba37491b32ba255004180607bc2,25.807761,1773024066,9250f7c25c4018858924ad38d38b7744a91e2320fdb85cefbd6d8595d08dcc7c,214,107.00,3.05,1,5,3,0.023101,0.541601,TopoStake,pog(D=3_omega=0.50),1.47,1032,0
207,0,0xac768e60b9269babb15cb1e36ee843243d7c7543,18.731542,1773024068,3fdd240cd28ced5ebf25e9d838213dd99a3e7f23d52f8ae76d440514bd860d19,197,98.50,3.85,1,5,4,0.023102,0.541825,TopoStake,pog(D=3_omega=0.50),1.52,1033,0
207,1,0x53be6e527cc5a7d850b5eae27b9cef342e0665f2,8.040971,1773024070,31c6e11752bab1d43b81c0e4d2e020a2b1b14d7fee0c3a81317503599ca9e5e0,248,124.00,3.80,1,5,4,0.023092,0.541929,TopoStake,pog(D=3_omega=0.50),1.23,1034,0
207,2,0x71f297f96355f349d66f0e9b681e7d4e11224660,6.165268,1773024072,b950eb3ce6e7886cbb4cb151bcc7ebae3166e6bf84fe26b7e939483170120448,239,119.50,3.33,1,5,3,0.023064,0.541541,TopoStake,pog(D=3_omega=0.50),0.89,1035,0
207,3,0x1d1d2c63625de70b1e5ef40056bd2deb89d7fef2,7.065033,1773024074,f207d669c8a5d40c0f228057713dee6a5f3658afb3df176677c3b6d7d01867c8,179,89.50,3.92,1,5,4,0.023034,0.540958,TopoStake,pog(D=3_omega=0.50),0.68,1036,0
207,4,0xd61b00c297972877b45f8d7f4d67fdaf20c67c59,8.328111,1773024077,e194057cbd42357e0104b69bfe64bec8367427bc7388015c6b602cf96bacd66b,216,72.00,3.86,1,5,4,0.023005,0.540431,TopoStake,pog(D=3_omega=0.50),1.71,1037,0
208,0,0xc24b36dee27726233c3bbd9e1f028f98b6b2a424,27.438188,1773024078,e02f379be88aa8bd2534f0a4c21c30b61e0421271c87570e0ec528ebcce2d2cb,195,97.50,4.39,1,6,5,0.022978,0.540068,TopoStake,pog(D=3_omega=0.50),1.46,1038,0
208,1,0x07902d0371763a00d97ed9ba16ff0a206cb0fd19,73.655297,1773024080,24a90364e67bf1f6e3963e2af2937b51c975fc98fba878f45b217f3c98074719,85,85.00,4.05,3,6,4,0.022981,0.540311,TopoStake,pog(D=3_omega=0.50),1.00,1039,0
208,2,0x81d019380961f92c2031b0a7fba69f7675145088,9.491205,1773024082,82aea5d5f16fb42dbf9e62c23b004fd0786fde686ff7053608dec0d1ef7f172e,177,88.50,2.80,1,4,3,0.023058,0.540713,TopoStake,pog(D=3_omega=0.50),1.48,1040,0
208,3,0x13f9dadc05f6c237b03411e2aed1800cf21a5d89,60.371985,1773024084,fc144812051ece892a0ed5e3c147613393962d5445a470fa096442cdf86ad8f2,186,93.00,3.66,1,5,4,0.023033,0.540459,TopoStake,pog(D=3_omega=0.50),1.47,1041,0
208,4,0x6064b9f5883bf9737dfe314ff68c56e09e68ac89,19.208358,1773024086,7881f4ed48bf22aeb4cdd019512189c09bf96a869e3bcd1aa745f83d4a7618c7,250,125.00,2.99,1,5,3,0.023089,0.540843,TopoStake,pog(D=3_omega=0.50),1.24,1042,0
209,0,0x13f9dadc05f6c237b03411e2aed1800cf21a5d89,61.373233,1773024088,6fdbfb01c122d00b0a1c7774fd7b564fc3033e740d350382f68fd3ed81a9430d,244,122.00,3.78,1,5,4,0.023079,0.540953,TopoStake,pog(D=3_omega=0.50),0.87,1043,0
209,1,0xd67aaaf210c0c36ddcb7055222d168b5c9dd1b36,5.177293,1773024090,7c342d624bafc05b64bf25335c91a694883fa9afc788ccb2250d6a16008eca99,215,71.67,3.03,1,5,3,0.023136,0.541336,TopoStake,pog(D=3_omega=0.50),1.73,1044,0
209,2,0x89100a8056319ba37491b32ba255004180607bc2,26.808721,1773024093,1b7064d52dfe88b466a0dfca7bfb4202998b5457987af2249b899538aaec4d1e,206,103.00,3.96,1,5,4,0.023104,0.540676,TopoStake,pog(D=3_omega=0.50),1.54,1045,0
209,3,0x377eaef292051bbf8ada05b2af76a3f3b9d722a7,3.043880,1773024094,74c31d03c3e82441b72313a86091a08e8fc01b6d16826b226ab387640390ceec,195,97.50,3.88,1,5,4,0.023106,0.540898,TopoStake,pog(D=3_omega=0.50),1.43,1046,0
209,4,0xdcf2130496e27a8094ab996aea4aa77788d65869,20.520219,1773024096,8e714628b38e9c3504eccf0898f17600384f094eb50c533f6ab22b495a4d4be3,107,107.00,3.65,1,5,4,0.023071,0.540071,TopoStake,pog(D=3_omega=0.50),0.99,1047,0
210,0,0xac768e60b9269babb15cb1e36ee843243d7c7543,19.732654,1773024098,a89d5d94f04afc37943493e79d2a28bd469d47b9f2a76c8003e32829f3ec5737,203,101.50,3.90,1,5,4,0.023063,0.540228,TopoStake,pog(D=3_omega=0.50),1.53,1048,0
210,1,0x50f7fa851f9314d682e36da5caa4635039b5305d,11.109080,1773024100,94f545478b815c97dbd064795d004772666854940305debb7236d5a4be0b41f8,203,101.50,3.84,1,5,4,0.023054,0.540348,TopoStake,pog(D=3_omega=0.50),1.29,1049,0
210,2,0x81193196c1dbdbf80709d43a5af5ce21c201fbd7,3.827503,1773024102,5e36cbb3b80eece910beb3e32b8057c0676cb29cc551ad262b114e0c9d1b7c73,231,115.50,3.31,1,5,3,0.023031,0.540228,TopoStake,pog(D=3_omega=0.50),0.97,1050,0
210,3,0x075e1d95c7891e1c00414ca1aa9a7a8cf6270019,39.196409,1773024104,79e079bdacf12f0102a5550dea68ebe909ff482e7e117c32ce2e515a084093f9,206,103.00,4.02,1,6,4,0.022997,0.539458,TopoStake,pog(D=3_omega=0.50),0.67,1051,0
210,4,0x58a21eeb7ab18ba8adf1296e66a4487076e95dac,17.102192,1773024106,cd399e5096709466b54a231fb303872b7a8d0803b73a714f5da3216defb9fec0,201,67.00,3.33,2,5,3,0.023019,0.539786,TopoStake,pog(D=3_omega=0.50),1.57,1052,0
211,0,0x28672c71695142588ed26ada6f4b18b8b6c12308,4.682303,1773024108,91f9a81c9ac4993b21e952aa0eb3e9cdd082847bbbdf5faf89d5b94427d57197,201,100.50,4.01,2,5,4,0.023005,0.539796,TopoStake,pog(D=3_omega=0.50),1.51,1053,0
211,1,0xc774b0fee7cabbef3b1ae14bf36db3df0d32c1df,8.168171,1773024110,ff2193d25c94f11b201520b393a5fa429e35eef027dfe528fd699abfd0cff639,93,93.00,3.63,2,5,4,0.022973,0.539085,TopoStake,pog(D=3_omega=0.50),1.00,1054,0
211,2,0xd46407aa7b668c72de3cf1c1a12b7fa2e308a1b2,13.993221,1773024112,0c1f28a83fd5305d5b39384150e1663429f25a545f8753558f9dae138696b257,192,96.00,3.99,1,5,4,0.022946,0.538696,TopoStake,pog(D=3_omega=0.50),1.51,1055,0
211,3,0x016d3fc36beee7caa8fbd6c1caa42461dd7f9850,32.925324,1773024114,908e3ed0a12e059701f331e64b0409a1739a9ca2821276944807778e9d4c35f7,194,97.00,3.89,1,5,4,0.022928,0.538675,TopoStake,pog(D=3_omega=0.50),1.52,1056,0
211,4,0x719361397abe003a91af76243e5f9c7a0cd4279f,36.586350,1773024116,c22f3ea18a0df69aeade5c1321d316bd36d5ebbe3605e330341a9e5606818f4c,235,117.50,3.08,2,4,3,0.022939,0.538968,TopoStake,pog(D=3_omega=0.50),1.14,1057,0
212,0,0x30509a8084fdfe6fe24d9c9a817c209ad194f8e3,44.705417,1773024118,0440acbf58896cba85d3323114568d8410869234b82ed918a15f450a43339d35,210,105.00,3.82,1,5,4,0.022956,0.539278,TopoStake,pog(D=3_omega=0.50),0.69,1058,0
212,1,0x269cdf52f97e1d9f14b7be895155a7b294f0b21d,43.778888,1773024120,f7dc2fadd21a0abcbec078bb65085efadd7e5fc113f282027ca92006f7711ab5,241,80.33,3.37,1,5,3,0.022956,0.539278,TopoStake,pog(D=3_omega=0.50),1.66,1059,0
212,2,0x4414c05be2cf328f38d2e3ef4b705d6b894f044a,22.106546,1773024122,3a36206a295101b0b1bb9fe9bc86b5b44b0990ddebbb769f8ef5eb2b0d0bb4f5,181,90.50,3.64,2,5,4,0.022984,0.539623,TopoStake,pog(D=3_omega=0.50),1.45,1060,0
212,3,0x016d3fc36beee7caa8fbd6c1caa42461dd7f9850,33.926473,1773024124,fb5f6b76f814178b2bf500eb3058297649d90d3bebe2704d893a24aff1baec10,122,122.00,3.89,1,5,4,0.022979,0.539809,TopoStake,pog(D=3_omega=0.50),1.00,1061,0
212,4,0x13f9dadc05f6c237b03411e2aed1800cf21a5d89,62.375281,1773024126,71dbdc3fc74b3d94a5ac5d4dc2300c340d19304f8da23f500c99a5641573e6c7,177,88.50,3.09,1,4,3,0.022992,0.540099,TopoStake,pog(D=3_omega=0.50),1.46,1062,0
213,0,0x30509a8084fdfe6fe24d9c9a817c209ad194f8e3,44.705441,1773024128,a3d723521fee940f8bb293c1352e466177b3283e65dfa5ee67492486e8b43da4,247,123.50,2.94,1,5,3,0.023048,0.540477,TopoStake,pog(D=3_omega=0.50),1.34,1063,0
213,1,0x016d3fc36beee7caa8fbd6c1caa42461dd7f9850,34.927347,1773024130,5d9a097a345fff1ca7f29d3e6c20845dad9d8b96ffde764deacbcacf407c236a,250,125.00,3.33,1,5,3,0.023077,0.540835,TopoStake,pog(D=3_omega=0.50),1.04,1064,0
213,2,0xb2a7fe70a6f3137d38f6cb4c3ec6dd1e24f2d5f4,10.418704,1773024132,a71e008f48301ce14b130d08bac72db5961da8d67b09c0a2f17daf208c54ebb5,250,125.00,3.14,1,4,3,0.023090,0.541123,TopoStake,pog(D=3_omega=0.50),0.76,1065,0
213,3,0x52e05d9fa4faa167f30baba23c710e4f49115288,0.129891,1773024134,2bd564656a90a66951765325b819304174be0a26c36cefafff9573fe0aa74067,156,78.00,4.18,1,6,4,0.023067,0.540940,TopoStake,pog(D=3_omega=0.50),0.58,1066,0
213,4,0x49b57eb4dace37c8819daf079c9c674f766d4f38,12.230810,1773024137,60d0daed9884658d8e53a82d675e242d533b45b6c8194b5fd0b0184532b72c66,213,71.00,4.07,1,5,4,0.023028,0.539764,TopoStake,pog(D=3_omega=0.50),1.62,1067,0
214,0,0x07902d0371763a00d97ed9ba16ff0a206cb0fd19,74.657979,1773024138,eec559ddc379af4ef2773dc8d9d89b47989a0f6cdb91563c585b73d63479bce9,186,93.00,3.97,1,6,4,0.023007,0.539717,TopoStake,pog(D=3_omega=0.50),1.51,1068,0
214,1,0x0d91704595bff3aec25d40822498a51c62b05e3a,11.581530,1773024140,12e5f1c3e3bb7b497ef010f5c2cfc1bbf8df7604aefcb84bba9eaf5501b3fe23,99,99.00,2.75,1,4,3,0.023081,0.540111,TopoStake,pog(D=3_omega=0.50),0.99,1069,0
214,2,0x8719ca31b72ae8a5404006763c53d5ad503dbcb0,8.106978,1773024142,c39452bec65b550247dcae7b4a87f8a26c1d364b3dcd7a7d92fa08f1982e4970,231,115.50,3.25,1,5,3,0.023059,0.540022,TopoStake,pog(D=3_omega=0.50),1.44,1070,0
214,3,0x016d3fc36beee7caa8fbd6c1caa42461dd7f9850,35.928611,1773024144,4d5c376a00dce4a8e61ff3d0588feaff92231e3adfa3a6cb4cf22cef047a654a,244,122.00,4.19,1,6,4,0.023032,0.539612,TopoStake,pog(D=3_omega=0.50),1.34,1071,0
214,4,0xb2a7fe70a6f3137d38f6cb4c3ec6dd1e24f2d5f4,11.419264,1773024146,ce9595237451c99639f5fd533c42dab0c148a0a65dd8ceeac9853aca16fe428d,250,125.00,3.10,1,4,3,0.023047,0.539900,TopoStake,pog(D=3_omega=0.50),0.99,1072,0
215,0,0x24898fcb116b48cb2b6fd5d3b4eb599fee0f4633,10.051826,1773024148,a73279278db429583637048288d169497fb94115a1873fe83b2481776056af07,198,66.00,4.29,1,6,4,0.023025,0.539781,TopoStake,pog(D=3_omega=0.50),1.81,1073,0
215,1,0x13f9dadc05f6c237b03411e2aed1800cf21a5d89,63.376934,1773024150,801ed970708813f83edc5adb6a921477a4485f5a2c513939a34ef7bf9aadb364,220,110.00,3.53,1,5,4,0.023001,0.539567,TopoStake,pog(D=3_omega=0.50),1.63,1074,0
215,2,0x81d019380961f92c2031b0a7fba69f7675145088,10.491714,1773024152,a25d14fde3cf40a035dc9f65b93a1f45acf5a4df0159ebceda51c11045311272,115,115.00,2.90,1,4,3,0.023057,0.539941,TopoStake,pog(D=3_omega=0.50),1.00,1075,0
215,3,0x07902d0371763a00d97ed9ba16ff0a206cb0fd19,75.658748,1773024154,55bba6e1029ca3d7bb7195b9ece07328e9e94bb690a4f20ea9fd3ddc8edc5aaf,205,102.50,3.73,1,5,4,0.023033,0.539735,TopoStake,pog(D=3_omega=0.50),1.43,1076,0
215,4,0x95ab54d268473cce82094026afefdbd5cadf418b,1.583185,1773024156,ab0e12d877ec4168473df05929dc41490698b19b220cd51ebf013133d0c265f2,233,116.50,2.69,1,4,3,0.023108,0.540126,TopoStake,pog(D=3_omega=0.50),1.26,1077,0
216,0,0xe6ebb0cdfd04183d498964e5efc4096ba77b17d6,29.317214,1773024158,2da1a20529275d43f06941edb6ebe4108b041c00c0e77ed54ea6b9899526408b,163,81.50,4.30,1,6,4,0.023071,0.539148,TopoStake,pog(D=3_omega=0.50),1.38,1078,0
216,1,0x016d3fc36beee7caa8fbd6c1caa42461dd7f9850,36.929860,1773024160,59cc53c6b999b54d4ad42f79850463d8dca4291924a915a5e1274331b7e888ee,250,83.33,4.16,1,6,4,0.023075,0.539407,TopoStake,pog(D=3_omega=0.50),2.10,1079,0
216,2,0x30405867b72597aaeb27803bb2c7f3f5fc7d5384,7.513129,1773024162,3767b846d926c99397802856bd392efc3ddf5c05cf6f5439d70eca718c68d97f,225,112.50,3.18,1,4,3,0.023091,0.539699,TopoStake,pog(D=3_omega=0.50),1.74,1080,0
216,3,0x4414c05be2cf328f38d2e3ef4b705d6b894f044a,23.107085,1773024164,9791c19231ac2e0aabebb5232c7c34008e1eef77626c459949c2d9462b20c9a4,242,121.00,3.52,1,5,4,0.023064,0.539218,TopoStake,pog(D=3_omega=0.50),1.51,1081,0
216,4,0x075e1d95c7891e1c00414ca1aa9a7a8cf6270019,40.198177,1773024166,6b29ba6fba4bde8b9b2361143a724ac2b6cd40c2ec34bbf2221d59bea60103e4,96,96.00,3.98,1,5,4,0.023059,0.539401,TopoStake,pog(D=3_omega=0.50),1.00,1082,0
217,0,0xa068e3c9a21c8d8be636cd2d285895979ec3262e,19.974416,1773024168,97fa61409598d1da07195cf3a44b7f6ca429605ec48aac486c50c03ccdc4eeca,188,94.00,3.04,1,5,3,0.023079,0.539721,TopoStake,pog(D=3_omega=0.50),1.48,1083,0
217,1,0xdcf2130496e27a8094ab996aea4aa77788d65869,21.521086,1773024170,2c03007c84c47429f038ef01c05455e314838093326182c3fe5bc62ae3475e0e,193,96.50,4.20,1,6,4,0.023070,0.539834,TopoStake,pog(D=3_omega=0.50),1.44,1084,0
217,2,0x075e1d95c7891e1c00414ca1aa9a7a8cf6270019,41.199137,1773024172,6940d7d71187b9adbe85d5716749e3ee50f11a362ffd00f3a6f6b7bd3c2d2155,231,115.50,3.90,1,5,4,0.023063,0.539998,TopoStake,pog(D=3_omega=0.50),1.20,1085,0
217,3,0xd46407aa7b668c72de3cf1c1a12b7fa2e308a1b2,14.993868,1773024174,c70bb77d5d4f0ead2ed2e3a763d815aaf1e64d987d85f1f26518704172b689a2,250,125.00,3.03,1,5,3,0.023085,0.540317,TopoStake,pog(D=3_omega=0.50),0.85,1086,0
217,4,0xeb82a21cb3d0dd781eb22ad74bb7cd9b4d2a06ec,9.921545,1773024176,a01613399af9a12eccdc9154fc8a97b28184c561b901fae8742a56d2d7015bd9,238,79.33,3.85,1,5,4,0.023068,0.540309,TopoStake,pog(D=3_omega=0.50),1.66,1087,0
218,0,0x50f7fa851f9314d682e36da5caa4635039b5305d,12.110008,1773024178,ab4ee729caf5918fd44f6fb1b499a8c81d98e8b049483f0e527ce7cfc2d36211,189,94.50,4.10,2,6,4,0.023044,0.540065,TopoStake,pog(D=3_omega=0.50),1.52,1088,0
218,1,0x8c11ec9090dd820c076e57e899d9c604c79d6b32,18.575251,1773024180,2cf02fc6711a461224d61d24f0b75760ddb040f759dbcea1d101944cd86b2643,90,90.00,3.40,2,4,3,0.023023,0.539988,TopoStake,pog(D=3_omega=0.50),1.00,1089,0
218,2,0x28672c71695142588ed26ada6f4b18b8b6c12308,5.682444,1773024182,91721ca40b9314b6890e0aff7849a41f8ae262148c93006606de586a1f87562f,204,102.00,4.25,1,6,4,0.023012,0.540057,TopoStake,pog(D=3_omega=0.50),1.54,1090,0
218,3,0x07902d0371763a00d97ed9ba16ff0a206cb0fd19,76.660685,1773024184,0af21a9708a213e2aaaa408257ab2faaba434856d8c3f205c46ad3635fcc7f43,212,106.00,3.62,1,5,4,0.022981,0.539453,TopoStake,pog(D=3_omega=0.50),1.43,1091,0
218,4,0xd46407aa7b668c72de3cf1c1a12b7fa2e308a1b2,15.994987,1773024186,0a26d8f8afabe4decd4b9534774e2d30847d9d09d266d72c31096b1149d27c39,250,125.00,2.81,1,4,3,0.023055,0.539838,TopoStake,pog(D=3_omega=0.50),1.16,1092,0
219,0,0x07902d0371763a00d97ed9ba16ff0a206cb0fd19,77.661941,1773024188,1143a945939716c6d41cb0b8451b5864f7bb9ec8a8b63d8a4f39f3e3cf72b2c2,223,111.50,3.85,1,5,4,0.023039,0.539831,TopoStake,pog(D=3_omega=0.50),0.81,1093,0
219,1,0x6064b9f5883bf9737dfe314ff68c56e09e68ac89,20.209295,1773024190,a2a58edf3c942e0a054b1aaf507a7eb539f90109a816395ef9a934c5a8f7b96d,227,75.67,2.79,1,4,3,0.023114,0.540215,TopoStake,pog(D=3_omega=0.50),1.61,1094,0
219,2,0xbc3f8508d26048f2064aa8c068f4c94d08d77d18,9.062585,1773024192,68d773c9bf2554fc8c699a7b32fbff091156f59df583ab842c9d6f3417b8a4dc,198,99.00,3.88,1,5,4,0.023114,0.540216,TopoStake,pog(D=3_omega=0.50),1.46,1095,0
219,3,0x719361397abe003a91af76243e5f9c7a0cd4279f,37.587528,1773024194,fa63ab42aca5762af4dff7e0a9bdd6f3436b1c2dbb47dd163150b6966d418eb1,89,89.00,4.33,1,6,4,0.023079,0.540023,TopoStake,pog(D=3_omega=0.50),1.00,1096,0
219,4,0x1796dc61e715f15a2d27dfa32bd34780f12a8c24,14.741405,1773024196,dd468bd58e87049fceea7543373d93c3faa999c6136479faa6e2f3e715755212,194,97.00,3.94,1,5,4,0.023095,0.540315,TopoStake,pog(D=3_omega=0.50),1.48,1097,0
220,0,0xe478b1e4d1538274c0c70cbd7df877f9abab2f62,8.296402,1773024198,8a4c06861e35db9053a1f821f68185f47266dc0a065fc0ed61d1b94a640772c0,197,98.50,3.25,1,5,3,0.023078,0.540290,TopoStake,pog(D=3_omega=0.50),1.41,1098,0
220,1,0x016d3fc36beee7caa8fbd6c1caa42461dd7f9850,37.931234,1773024200,53c5f5243a0b9c58153d42b47b881595c3051e2d7fe4ade44a08cadde541c8d8,212,106.00,3.99,1,5,4,0.023051,0.539891,TopoStake,pog(D=3_omega=0.50),1.34,1099,0
220,2,0x13f9dadc05f6c237b03411e2aed1800cf21a5d89,64.378658,1773024202,b1c634a25820c9ffe2da22f78255036ec5e64916a68e27b395ffc580b55139ae,250,125.00,3.16,1,4,3,0.023067,0.540178,TopoStake,pog(D=3_omega=0.50),1.12,1100,0
220,3,0xeaa5003682d7289190651081ae2bee847097afc5,9.756226,1773024204,1344fdef92cc7c00de822aa4c04f21aae1465211ee71cc11a36a4fb680e5e73a,250,83.33,3.11,1,5,3,0.023067,0.540179,TopoStake,pog(D=3_omega=0.50),1.78,1101,0
220,4,0x7e40df5d801345015e84c843908efc6683665fa4,2.644735,1773024207,d9b6c7b09cafd6650adf76285675217ca25af89796fa8df3377174ad9465931b,111,55.50,4.46,2,6,5,0.023043,0.539911,TopoStake,pog(D=3_omega=0.50),1.26,1102,0
221,0,0xa7e4d4d949807065ebf85adc1be8c382c7236c15,8.212540,1773024209,acc00603b558a90cd3f746b3687997b58f67bff0cc80c0124155c15afad2b23f,238,119.00,3.42,1,5,3,0.023043,0.539912,TopoStake,pog(D=3_omega=0.50),1.45,1103,0
221,1,0x30405867b72597aaeb27803bb2c7f3f5fc7d5384,8.513962,1773024211,b862c73936ff7be56cb0e9f83276aabb7b4fde71d5a3e2f291e4292cacb3f703,184,92.00,3.82,1,6,4,0.023017,0.539488,TopoStake,pog(D=3_omega=0.50),1.48,1104,0
221,2,0x075e1d95c7891e1c00414ca1aa9a7a8cf6270019,42.200864,1773024213,b3380fac8e1e4d4822ca84e7325fb25ce87acced4a64af89dc395e971cb3bc56,189,94.50,3.52,1,5,4,0.022991,0.539092,TopoStake,pog(D=3_omega=0.50),1.43,1105,0
221,3,0x07902d0371763a00d97ed9ba16ff0a206cb0fd19,78.663775,1773024215,e570eb7fbc1b08124690f6ae613c5c5035c9381f750fea41e55d3c7042a391c4,240,120.00,2.97,1,5,3,0.023013,0.539406,TopoStake,pog(D=3_omega=0.50),1.02,1106,0
221,4,0xa3786e459f289a76c0e8af8ad834e3d0c6d47199,18.737276,1773024217,a114de053d10241dd852ab365e39c6fda99338b114b90500293ec03975c6a49e,236,118.00,2.79,1,4,3,0.023087,0.539788,TopoStake,pog(D=3_omega=0.50),0.71,1107,0
222,0,0x89100a8056319ba37491b32ba255004180607bc2,27.809621,1773024219,a95b02bde36c36c0fcf7e2f5315dc53dad468c64cd8feceed53fffc1bd21c418,183,61.00,4.12,1,6,4,0.023075,0.539848,TopoStake,pog(D=3_omega=0.50),1.56,1108,0
222,1,0x0d91704595bff3aec25d40822498a51c62b05e3a,12.582534,1773024222,1a6f5abe2ee2c7fa36cc2ffd69c84c18c41ab93f1838d1a3b8ec0895756ff323,221,110.50,3.85,1,5,4,0.023077,0.540066,TopoStake,pog(D=3_omega=0.50),1.55,1109,0
222,2,0x3d92e045fb1847aae132b40ebfcc471a32f687de,8.124204,1773024224,d1275ef8e1ecb1590f47e4a6ed5570b2434656a77b5a0c4bf851d21f28b78fd6,211,105.50,3.32,1,5,3,0.023056,0.540005,TopoStake,pog(D=3_omega=0.50),1.50,1110,0
222,3,0x282f43759e22b50aa7989261c51c367f325c3f91,4.341051,1773024226,9b472b5f6b89a62121fcd22333b0835cadf4397a76f317bbb39d3839ca6de847,218,109.00,3.98,1,5,4,0.023030,0.539547,TopoStake,pog(D=3_omega=0.50),1.44,1111,0
222,4,0x81d019380961f92c2031b0a7fba69f7675145088,11.492268,1773024228,cef815e072e15141930ebc6c8737a77ebc2e47d5181f2b531a33fcae9432d4ee,185,92.50,3.92,1,6,4,0.022998,0.538830,TopoStake,pog(D=3_omega=0.50),1.46,1112,0
223,0,0xd39dbd3662315e3935ec08e6b6028e73b3c09de2,18.928339,1773024230,e351f99563077236adc662765f196dfa588e4700f8a6865a471acf278bd46f3f,205,102.50,3.64,1,5,4,0.022976,0.538699,TopoStake,pog(D=3_omega=0.50),1.25,1113,0
223,1,0x3513d672439a59c26cc5711f2b715ccb4810a774,5.282231,1773024232,05758215a42cf5810748703868149b625e6c90c21b7471f89cc96aa67205ceb4,213,106.50,4.55,1,6,5,0.022965,0.538752,TopoStake,pog(D=3_omega=0.50),1.12,1114,0
223,2,0x37cc7a82e66d4f4c2ae13b9ee895d3af1a1d7a05,8.257045,1773024234,0d73c46ef1f627a6086085809c3791108efe68add9af12da59beb1bbca0ad76a,250,83.33,3.95,1,5,4,0.022935,0.538108,TopoStake,pog(D=3_omega=0.50),1.84,1115,0
223,3,0xeb82a21cb3d0dd781eb22ad74bb7cd9b4d2a06ec,10.922029,1773024237,399dd77598e9df65688dff4d7b9654477780e0fe7fad943b828131766d447d1c,112,56.00,3.99,2,5,4,0.022909,0.537652,TopoStake,pog(D=3_omega=0.50),1.27,1116,0
223,4,0x07902d0371763a00d97ed9ba16ff0a206cb0fd19,79.665554,1773024238,70121e56a7f304d18c25c9536dc46ac19fe94fa5dd48e9aead10c8c1a94f5aac,223,111.50,4.12,1,6,4,0.022909,0.537652,TopoStake,pog(D=3_omega=0.50),1.54,1117,0
224,0,0x71f297f96355f349d66f0e9b681e7d4e11224660,7.165119,1773024240,22808dcdcc4030703d1ffd29461bf03374c8dc8e5b464495becca352c6f90c74,92,92.00,2.77,1,4,3,0.022960,0.537846,TopoStake,pog(D=4_omega=0.50),1.00,1118,0
224,1,0xc339f8bf978200eb65afce6c7121402eda949097,4.062632,1773024242,be559ec66c4d766d683fdf24f6fbd4c0faf8aa492342af4ddcdf9bf070315e33,210,105.00,3.90,1,5,4,0.022933,0.537335,TopoStake,pog(D=4_omega=0.50),1.43,1119,0
224,2,0x30405867b72597aaeb27803bb2c7f3f5fc7d5384,9.514794,1773024244,f1dad3ca85e17a023fdd86f8b19bcbfde0f6cd593965e779edc6d73cca0ba48f,224,112.00,4.27,1,6,4,0.022901,0.536598,TopoStake,pog(D=4_omega=0.50),1.38,1120,0
224,3,0x34412315480562da4810040fd15c81f99880e1ab,8.894898,1773024246,8ec313ec1ca56d756de426dc782163832180106f11c603a80ae7f32778d7aa3b,250,125.00,3.47,1,5,4,0.022877,0.536308,TopoStake,pog(D=4_omega=0.50),1.03,1121,0
224,4,0x075e1d95c7891e1c00414ca1aa9a7a8cf6270019,43.202476,1773024248,8975150f0341879795c53f97a6498e33f2d081dc774c468efc50c89d1f1eb013,185,61.67,4.06,2,6,4,0.022852,0.535944,TopoStake,pog(D=4_omega=0.50),1.57,1122,0
225,0,0xb7b4ee0a72bc410bf6d32b9cd3f3e11fc756d6f1,9.080816,1773024251,7603f3be4bb04bea3089370a64eb0ff54018068ee83d33ff942099bb183b4215,204,102.00,3.23,1,5,3,0.022874,0.536256,TopoStake,pog(D=3_omega=0.50),1.56,1123,0
225,1,0x13f9dadc05f6c237b03411e2aed1800cf21a5d89,64.379485,1773024252,1ffd49c271d3164bb5674ee687cc757933436f5ecc1e7a0b197ca10124300e46,210,105.00,3.90,1,6,4,0.022874,0.536257,TopoStake,pog(D=3_omega=0.50),1.51,1124,0
225,2,0x07902d0371763a00d97ed9ba16ff0a206cb0fd19,80.666372,1773024254,6ba82fc40e47dbd884aa6b7d4ae6cd021863a350b2c858365a3f3d2aeda21832,111,111.00,3.05,1,5,3,0.022901,0.536269,TopoStake,pog(D=3_omega=0.50),0.98,1125,0
225,3,0x9bdb1c7ad4bd8fe797b07c08117c74a591dbab2d,2.432648,1773024256,e4e4ed38d328afc43e92a3c09287dcab900244970d8c6a7a5b2a5ffb0af7302f,219,109.50,2.72,1,4,3,0.022975,0.536647,TopoStake,pog(D=3_omega=0.50),1.48,1126,0
225,4,0x81193196c1dbdbf80709d43a5af5ce21c201fbd7,4.827263,1773024258,8fb83ef1eac55b2f578410091f8ea24cd69e6895ed4b59a6be650c3bdb69fee0,223,111.50,3.54,1,5,4,0.022941,0.535809,TopoStake,pog(D=3_omega=0.50),1.20,1127,0
226,0,0xac768e60b9269babb15cb1e36ee843243d7c7543,20.733030,1773024260,4112d5c97b2c764be427a7c43383b2a075285696497d4fbdf0d929255efb8dc2,239,119.50,3.86,1,6,4,0.022911,0.535117,TopoStake,pog(D=3_omega=0.50),0.98,1128,0
226,1,0x269cdf52f97e1d9f14b7be895155a7b294f0b21d,44.780612,1773024262,447f78f6dd86943f1b14b686dfdf530fc969736e7fe0bc5534470c98d283d7af,218,72.67,3.92,1,6,4,0.022902,0.535242,TopoStake,pog(D=3_omega=0.50),1.70,1129,0
226,2,0x13f9dadc05f6c237b03411e2aed1800cf21a5d89,65.380242,1773024265,38590087045058f16a96d5f4fa8160e2f51fda4dc46fa4f7e3a5fb5be948cfb2,186,93.00,3.73,1,5,4,0.022926,0.535571,TopoStake,pog(D=3_omega=0.50),1.42,1130,0
226,3,0x282f43759e22b50aa7989261c51c367f325c3f91,5.341738,1773024266,d5058bac297441de69351dcff376dd5869fb113e3336dc33330c246b5d983670,190,95.00,3.12,1,5,3,0.022978,0.535931,TopoStake,pog(D=3_omega=0.50),1.52,1131,0
226,4,0x9ba702916c26a8583a7f277d6932b3c0d9927ce0,0.177420,1773024268,815ba3dbf369effdd0b414ca00e9b32fef568228cf66c49464fb3006760ee42d,105,105.00,3.87,1,5,4,0.022948,0.535281,TopoStake,pog(D=3_omega=0.50),0.99,1132,0
227,0,0x016d3fc36beee7caa8fbd6c1caa42461dd7f9850,38.932708,1773024270,b4a818516b1212dc6ba0b2731798e7ee19b15c9e10937767c6efa3db3591d9ef,187,93.50,3.61,2,5,4,0.022911,0.534161,TopoStake,pog(D=3_omega=0.50),1.42,1133,0
227,1,0x687bf2437a044a3e42ff2f8a79a8e54ba9601f70,7.058442,1773024272,d26069d596240a652efc57d2de686cc7fa13a6c7e5e4575a9526e7a52dd60b8c,250,125.00,3.10,1,4,3,0.022927,0.534456,TopoStake,pog(D=3_omega=0.50),1.21,1134,0
227,2,0xe6ebb0cdfd04183d498964e5efc4096ba77b17d6,30.318391,1773024274,37a375f5096212f6daee2549b4fa1652220fb71e75663ccab75b9bbe40270564,215,107.50,3.78,1,5,4,0.022900,0.533935,TopoStake,pog(D=3_omega=0.50),1.06,1135,0
227,3,0x075e1d95c7891e1c00414ca1aa9a7a8cf6270019,44.203917,1773024276,c44880f1b712bbad82771ad0a40be3b626dfca3ece594098952c33ce55431308,231,77.00,4.13,1,6,4,0.022904,0.534196,TopoStake,pog(D=3_omega=0.50),1.82,1136,0
227,4,0x075e1d95c7891e1c00414ca1aa9a7a8cf6270019,45.205052,1773024279,05f3e528ee85353673eb14d1546b5e1391ab37f5f27bed447b3857173124954c,231,115.50,3.19,1,5,3,0.022927,0.534507,TopoStake,pog(D=3_omega=0.50),1.57,1137,0
228,0,0x4414c05be2cf328f38d2e3ef4b705d6b894f044a,24.107562,1773024280,1a332eb2f90bc48bc6104119ecc79a84b8988284f52e45517e88535cb2983163,182,91.00,3.09,1,5,3,0.022951,0.534831,TopoStake,pog(D=3_omega=0.50),1.52,1138,0
228,1,0x9c39f7fffaa5c5cfab20dfdd05663497918580c1,12.429582,1773024282,df339d5a6fcb86ff9d33900eb652bbe410a7995f258a11c3ba6ce99fdfcd6545,107,107.00,3.85,1,5,4,0.022947,0.535009,TopoStake,pog(D=3_omega=0.50),0.99,1139,0
228,2,0xcb7977f4997b4252c0152e135dd79b3cfe35c1a5,11.627048,1773024284,1a89a7a807932c35b1abf8bad67ae56b8a5ad4e3d832ad4bd356f6c620a17ea4,195,97.50,4.01,1,5,4,0.022927,0.534931,TopoStake,pog(D=3_omega=0.50),1.49,1140,0
228,3,0x269cdf52f97e1d9f14b7be895155a7b294f0b21d,45.781629,1773024286,973e0c1fc09eaf1879d6b5ebe4da3cf749eb123f4ca2ea59e963f8117a90f619,193,96.50,4.14,1,6,4,0.022905,0.534794,TopoStake,pog(D=3_omega=0.50),1.50,1141,0
228,4,0xa9105f442328d397529b8e4e9e656fa89016ff45,7.460685,1773024288,6bf9e0dc2243747672bf003089b841cac21f367d060c5cf2ec93c2fe27aa04c6,250,125.00,3.56,2,5,4,0.022930,0.535129,TopoStake,pog(D=3_omega=0.50),1.21,1142,0
229,0,0x075e1d95c7891e1c00414ca1aa9a7a8cf6270019,46.206007,1773024290,78606c8b9d50f1e209980973535faacaddffb5638f14ad2a02681b4ca8732713,250,83.33,3.72,1,5,4,0.022903,0.534619,TopoStake,pog(D=3_omega=0.50),2.06,1143,0
229,1,0x81d019380961f92c2031b0a7fba69f7675145088,12.492833,1773024293,7ef38542cc5b2a2d5e60408299839eebed63f567c778c860ac41474755d46ccb,219,109.50,3.02,1,5,3,0.022928,0.534950,TopoStake,pog(D=3_omega=0.50),1.66,1144,0
229,2,0x24898fcb116b48cb2b6fd5d3b4eb599fee0f4633,11.052486,1773024294,23e70e39f329778a6f42fd5b203e0b8d392051bb14e5009e87b69778331a469d,206,103.00,3.75,1,5,4,0.022928,0.534951,TopoStake,pog(D=3_omega=0.50),1.51,1145,0
229,3,0xeb82a21cb3d0dd781eb22ad74bb7cd9b4d2a06ec,11.922693,1773024296,6e90c25f2d9234a1ad3611df9976ec95f21d67133f5d29f85c013b31d08f2183,95,95.00,3.66,2,5,4,0.022886,0.534668,TopoStake,pog(D=3_omega=0.50),1.00,1146,0
229,4,0xb7b4ee0a72bc410bf6d32b9cd3f3e11fc756d6f1,10.081588,1773024298,73bc10104641ad8bf78cb3226077c1061d9b604b2f12546658ee549b606d026e,193,96.50,4.00,1,6,4,0.022866,0.534529,TopoStake,pog(D=3_omega=0.50),1.50,1147,0
230,0,0x8d9e46becf415ca26aa698c9657087e6554aabda,2.371398,1773024300,944208441acc6da6b5c07f8649141c5095aeb80bce67f53026d8a181fdf06241,195,97.50,3.91,1,6,4,0.022842,0.534273,TopoStake,pog(D=3_omega=0.50),1.48,1148,0
230,1,0x6064b9f5883bf9737dfe314ff68c56e09e68ac89,21.209887,1773024302,f7b7ba7e5a7b05073de3c8e527619a8d61a7afd4fb92bff1348d6556fade25b4,239,119.50,3.57,1,5,4,0.022809,0.533431,TopoStake,pog(D=3_omega=0.50),1.30,1149,0
230,2,0xfdc414c57908f0e2a6a926079902d4688d553610,2.161052,1773024304,962dc0fbe3585fc278176dad20704c93586b15cbb5918664f1a55a3384f49759,242,121.00,3.86,1,5,4,0.022801,0.533566,TopoStake,pog(D=3_omega=0.50),0.88,1150,0
230,3,0x016d3fc36beee7caa8fbd6c1caa42461dd7f9850,39.934232,1773024306,605f9334f2821bc627ff7d66e128041b3eabe9747a1955856072cce0f25e301a,199,66.33,4.62,1,6,5,0.022767,0.532689,TopoStake,pog(D=3_omega=0.50),1.73,1151,0
230,4,0x269cdf52f97e1d9f14b7be895155a7b294f0b21d,46.782920,1773024309,25a5761c8f19dc14a4345e79a57309bf2fac8cf244c19e834d6ecda0cd2427b3,220,110.00,3.18,1,4,3,0.022784,0.532981,TopoStake,pog(D=3_omega=0.50),1.70,1152,0
231,0,0xa068e3c9a21c8d8be636cd2d285895979ec3262e,20.974885,1773024310,61a130c7079b8bfa231761bd379cc4301fafd8af90b7ec11d141716b7be2dbda,204,102.00,3.68,1,5,4,0.022809,0.533313,TopoStake,pog(D=3_omega=0.50),1.48,1153,0
231,1,0x89100a8056319ba37491b32ba255004180607bc2,28.810632,1773024312,052ab57cafb29f1900eff84a2473e8467292f77bad9039d6fa19191a7c10d6a4,104,104.00,4.08,1,6,4,0.022800,0.533425,TopoStake,pog(D=3_omega=0.50),0.98,1154,0
231,2,0x30509a8084fdfe6fe24d9c9a817c209ad194f8e3,45.708111,1773024314,849c777225bf0ebb5c805b42e39abe1b66ad30e9ff3307d40f1f2d22edc88313,186,93.00,3.96,1,5,4,0.022802,0.533650,TopoStake,pog(D=3_omega=0.50),1.49,1155,0
231,3,0x30509a8084fdfe6fe24d9c9a817c209ad194f8e3,46.709291,1773024316,0ee92d27c6d0b6ef9562a9ae8378824cbc64cbb8c59dc4d001b1a55de9d58f27,242,121.00,3.31,1,5,3,0.022826,0.533956,TopoStake,pog(D=3_omega=0.50),1.37,1156,0
231,4,0x3d92e045fb1847aae132b40ebfcc471a32f687de,9.124661,1773024318,0dadbceeabd904d19a95e82cf4c345df2b99923be7908cf60a2e42e7d4dcd414,238,119.00,3.44,1,5,4,0.022851,0.534270,TopoStake,pog(D=3_omega=0.50),0.97,1157,0
232,0,0xbc3f8508d26048f2064aa8c068f4c94d08d77d18,10.062239,1773024320,7dd8cc16375db73b4302733603d50011cec9f21c974f16048dbc4a6ae6f31fd3,178,89.00,3.92,1,5,4,0.022827,0.533922,TopoStake,pog(D=3_omega=0.50),0.74,1158,0
232,1,0x63f4973c0df8a5358405f396dc0673a463c48de9,29.930221,1773024323,7a13ba73d8e25046248fb88aba9135bd6b84c2ead28e581ac9727555485c83c5,198,66.00,4.31,2,6,4,0.022803,0.533650,TopoStake,pog(D=3_omega=0.50),1.67,1159,0
232,2,0xc774b0fee7cabbef3b1ae14bf36db3df0d32c1df,9.167592,1773024324,f56d5c599a67369875e48ecdc813ef3d7bba8fe11bbc8479a1e030b8e920bcaf,206,103.00,3.58,1,5,4,0.022806,0.533890,TopoStake,pog(D=3_omega=0.50),1.50,1160,0
232,3,0x1796dc61e715f15a2d27dfa32bd34780f12a8c24,15.742498,1773024326,a8e19f703531c660c14edabd01b447cb8340e81d385858c8f43f31b0d53abe47,98,98.00,4.13,1,5,4,0.022782,0.533531,TopoStake,pog(D=3_omega=0.50),1.00,1161,0
232,4,0xd39dbd3662315e3935ec08e6b6028e73b3c09de2,19.928750,1773024328,d656b6f3ccc26705d0075d7044fabb400e5431c0a2f7facef351e6dd425a94e6,179,89.50,3.39,2,5,3,0.022767,0.533513,TopoStake,pog(D=3_omega=0.50),1.55,1162,0
233,0,0x3513d672439a59c26cc5711f2b715ccb4810a774,6.282971,1773024330,7b07fb215e7f07386f063d187264c6d7b1afbe9538be26c650543538b5703a13,196,98.00,4.47,1,6,5,0.022757,0.533591,TopoStake,pog(D=3_omega=0.50),1.47,1163,0
233,1,0xd61b00c297972877b45f8d7f4d67fdaf20c67c59,9.327033,1773024332,c091324f08949e46e0208794104c91260f93be0901c5201e5c45eb354d8ebf1f,250,125.00,3.85,1,5,4,0.022729,0.533049,TopoStake,pog(D=3_omega=0.50),1.36,1164,0
233,2,0x07902d0371763a00d97ed9ba16ff0a206cb0fd19,81.670132,1773024334,a93e92146c36915082f90f81ae3ffefb2f139b90d8503f21339fa22fbb442e8a,228,114.00,4.45,1,6,5,0.022705,0.532692,TopoStake,pog(D=3_omega=0.50),1.14,1165,0
233,3,0xa068e3c9a21c8d8be636cd2d285895979ec3262e,21.975287,1773024336,e403f232ce7bab08bd4a650755cfc579e87ddde9d63883ae0899ead45418d98d,249,83.00,2.79,1,4,3,0.022775,0.533061,TopoStake,pog(D=3_omega=0.50),1.79,1166,0
233,4,0x606627477c3734932f47972f83c27cf4e3b35b4f,25.398756,1773024339,9e1986bf506f24ff110ef6f038c08393b8ef2ce9da17f36c82381a844f33e5f9,193,96.50,4.36,1,6,5,0.022767,0.533207,TopoStake,pog(D=3_omega=0.50),1.47,1167,0
234,0,0x50f7fa851f9314d682e36da5caa4635039b5305d,13.109910,1773024341,ba0c985140d12a65a48b9f87cbdb9ce4faff7bff7a7a8fe5271878061f8a5b2e,225,112.50,3.60,2,5,4,0.022764,0.533399,TopoStake,pog(D=3_omega=0.50),1.44,1168,0
234,1,0x50f7fa851f9314d682e36da5caa4635039b5305d,14.110995,1773024343,2aeb61be241e2d89f270125adc030a7c89c1bc25663f5258157e94526fe5b2cc,217,108.50,3.25,1,5,3,0.022745,0.533344,TopoStake,pog(D=3_omega=0.50),1.59,1169,0
234,2,0x89100a8056319ba37491b32ba255004180607bc2,29.811535,1773024345,8042e9aeb3cdf417e032af2ac5dcbf45e634375ca594dd5323df9bea8ebcce5b,216,108.00,3.33,2,5,3,0.022727,0.533310,TopoStake,pog(D=3_omega=0.50),1.49,1170,0
234,3,0x1d1d2c63625de70b1e5ef40056bd2deb89d7fef2,8.064281,1773024347,d19b4cfa9eba6c56c9a85a4b1fb7534bc50c95e4811de019958c55d1000bdf0a,224,112.00,3.82,1,5,4,0.022730,0.533533,TopoStake,pog(D=3_omega=0.50),1.45,1171,0
234,4,0xac768e60b9269babb15cb1e36ee843243d7c7543,21.733878,1773024349,a5f308aa67de5a2733ac85ae6f9a05944c30ce90ab25e596be9c45a51eec0b30,250,125.00,3.70,1,5,4,0.022705,0.533059,TopoStake,pog(D=3_omega=0.50),1.24,1172,0
235,0,0x6064b9f5883bf9737dfe314ff68c56e09e68ac89,22.211022,1773024351,cc84ef9ecc98f65f346f8132c824c0702b5377b9575aeca114b981ca00257859,242,80.67,3.98,1,6,4,0.022697,0.533181,TopoStake,pog(D=3_omega=0.50),1.94,1173,0
235,1,0x13f9dadc05f6c237b03411e2aed1800cf21a5d89,66.383191,1773024353,de9dec1ee4d7083d6de26e6edaebc8401963b8ce8151898535313e641f6d9bfd,217,108.50,3.94,1,5,4,0.022690,0.533313,TopoStake,pog(D=3_omega=0.50),1.81,1174,0
235,2,0x8c11ec9090dd820c076e57e899d9c604c79d6b32,19.575422,1773024355,3f4b4c91341524d98d9f6ab3cd490f0eac73c042075eec36c12cb46519dc56f0,185,92.50,3.04,2,5,3,0.022739,0.533663,TopoStake,pog(D=3_omega=0.50),1.56,1175,0
235,3,0x719361397abe003a91af76243e5f9c7a0cd4279f,38.588769,1773024357,55d95688403da087c878aedb9d2b5a9ae5669f4a38fe14a4f62a315a44e69101,86,86.00,4.26,2,6,4,0.022728,0.533722,TopoStake,pog(D=3_omega=0.50),1.00,1176,0
235,4,0x07902d0371763a00d97ed9ba16ff0a206cb0fd19,82.672021,1773024359,e4b04693d5461449b47b4872fb7819c7d123f0e497117867e79cb40444bbc13d,203,101.50,3.83,1,5,4,0.022741,0.533991,TopoStake,pog(D=3_omega=0.50),1.43,1177,0
236,0,0x30509a8084fdfe6fe24d9c9a817c209ad194f8e3,47.710826,1773024361,7c4d140123e2b3dccb11f7516389991eb59eb7390e11e922cc0990b404acee8c,187,93.50,2.72,1,4,3,0.022811,0.534355,TopoStake,pog(D=3_omega=0.50),1.42,1178,0
236,1,0x13f9dadc05f6c237b03411e2aed1800cf21a5d89,67.384221,1773024363,0a9c5030a56253cd96f58835bfe1b6ed3131c645de68efe6882b7328dac580e5,243,121.50,3.33,1,5,3,0.022836,0.534686,TopoStake,pog(D=3_omega=0.50),1.27,1179,0
236,2,0x3513d672439a59c26cc5711f2b715ccb4810a774,7.283939,1773024365,3a710011dfa614e728baffddd16a181902ebcfd502a235ab897c7e722bf1b901,220,110.00,3.07,1,5,3,0.022885,0.535033,TopoStake,pog(D=3_omega=0.50),0.86,1180,0
236,3,0x07902d0371763a00d97ed9ba16ff0a206cb0fd19,83.673061,1773024367,968e61db5de6706d4ae65a148ba47f8f611dd21f343573f3f8dfcffb7f2e2c0c,206,68.67,3.78,1,5,4,0.022859,0.534510,TopoStake,pog(D=3_omega=0.50),1.55,1181,0
236,4,0x28672c71695142588ed26ada6f4b18b8b6c12308,6.682515,1773024370,afce95f95fbaeff01123f64f868f33f3c61e313543a286f7fb1d091e0eb1032e,191,95.50,2.82,1,4,3,0.022929,0.534873,TopoStake,pog(D=3_omega=0.50),1.56,1182,0
237,0,0x8d9e46becf415ca26aa698c9657087e6554aabda,3.372036,1773024371,328cb865bf0d205825c2b961265a3e5b304203fdfa4cced33d1980450bedf859,214,107.00,3.58,1,5,4,0.022929,0.534873,TopoStake,pog(D=3_omega=0.50),1.49,1183,0
237,1,0x0d91704595bff3aec25d40822498a51c62b05e3a,13.583593,1773024373,0d6ef7faa8c3b9f87d17008a9d7465af49c17105b826c550fd1996b7e4319f06,88,88.00,3.62,1,5,4,0.022870,0.533591,TopoStake,pog(D=3_omega=0.50),0.97,1184,0
237,2,0x282f43759e22b50aa7989261c51c367f325c3f91,6.341544,1773024375,6321751fa7eb9212215ae497e0863b9be4de16d5d653e601d3e5169f4a868356,241,120.50,3.27,1,5,3,0.022851,0.533542,TopoStake,pog(D=3_omega=0.50),1.45,1185,0
237,3,0xa068e3c9a21c8d8be636cd2d285895979ec3262e,22.975896,1773024377,c1fdebd8bd3b8ea93f4f6a5bfc138c83d7c0ad1323a6cc96a5c22ed3f25eff85,240,120.00,3.95,1,5,4,0.022824,0.532985,TopoStake,pog(D=3_omega=0.50),1.47,1186,0
237,4,0x81d019380961f92c2031b0a7fba69f7675145088,13.493335,1773024379,e3f40b054c38f28c00ec67f62c1eb7a66b1d5d2714ca2260238289d4444d1f78,196,98.00,4.20,1,6,4,0.022817,0.533138,TopoStake,pog(D=3_omega=0.50),1.31,1187,0
238,0,0xc24b36dee27726233c3bbd9e1f028f98b6b2a424,28.438173,1773024381,ec9802e29797bc33ee2fd809416e1e0d6b49aec8ab4e752af33719095e2bc1ba,250,83.33,3.73,1,5,4,0.022799,0.533073,TopoStake,pog(D=3_omega=0.50),2.07,1188,0
238,1,0x34412315480562da4810040fd15c81f99880e1ab,9.894980,1773024384,f8269d48e3f04572382e25cc110d7128541a67c799874fd60efae83da961fd47,206,103.00,3.94,1,6,4,0.022799,0.533277,TopoStake,pog(D=3_omega=0.50),1.58,1189,0
238,2,0x6064b9f5883bf9737dfe314ff68c56e09e68ac89,23.212038,1773024385,f5148d67fc0b293514ede4eb16cfbc4fe9160edd11e922254bdbf88ddfe4c871,234,117.00,4.00,1,5,4,0.022799,0.533277,TopoStake,pog(D=3_omega=0.50),1.52,1190,0
238,3,0x687bf2437a044a3e42ff2f8a79a8e54ba9601f70,8.058547,1773024387,1982c692c1d3186b716c5043a7bb89e13162273f3762361ea605732519f048bd,109,109.00,3.92,2,5,4,0.022792,0.533422,TopoStake,pog(D=3_omega=0.50),1.00,1191,0
238,4,0xa068e3c9a21c8d8be636cd2d285895979ec3262e,23.976621,1773024389,cce4fcef2b7b9b8d5bffac908bf80d258054d4289e816b5152f5968675e98f1e,190,95.00,3.74,1,5,4,0.022767,0.532935,TopoStake,pog(D=3_omega=0.50),1.45,1192,0
239,0,0xac768e60b9269babb15cb1e36ee843243d7c7543,22.734970,1773024391,ee79f1bf5443db8863610b26102fb0f85eb7e6c72f0f0209390cb496a8032bc5,211,105.50,4.29,1,6,4,0.022762,0.533088,TopoStake,pog(D=3_omega=0.50),1.42,1193,0
239,1,0x07902d0371763a00d97ed9ba16ff0a206cb0fd19,84.674939,1773024393,29bcfe356d6d8cc32b563aa243e707810e06244274b666604f66bda2859c9a6d,250,125.00,3.87,1,6,4,0.022755,0.533212,TopoStake,pog(D=3_omega=0.50),1.29,1194,0
239,2,0x075e1d95c7891e1c00414ca1aa9a7a8cf6270019,47.209024,1773024395,617098d8c0fa114b89570fd90016fb2ccaf5fcff8a802be1173518194558c59e,250,125.00,2.80,1,4,3,0.022824,0.533573,TopoStake,pog(D=3_omega=0.50),1.01,1195,0
239,3,0x07902d0371763a00d97ed9ba16ff0a206cb0fd19,85.676219,1773024397,d0667253e74e0b0a52956fca575f6af9acf545487cc47ff50c15dbe325f3cb35,236,78.67,3.12,1,5,3,0.022847,0.533876,TopoStake,pog(D=3_omega=0.50),1.72,1196,0
239,4,0x763be7657fec175a3de5f1ee0a506722872c886d,6.028039,1773024400,391b3b28b31a61ab5e6cb08c2ac5bc498efbc87f200d92f81c658cb80400e5c5,180,90.00,2.82,1,4,3,0.022918,0.534235,TopoStake,pog(D=3_omega=0.50),1.49,1197,0
240,0,0xcdc82b7c868072205a399d0f68e6e3ad3bfd1ca6,1.188391,1773024402,56300a23ea3f45e75f8a8b6be5be4e24c440e1bd04ccabfabe3c5898684b0399,184,92.00,3.71,1,5,4,0.022890,0.533659,TopoStake,pog(D=3_omega=0.50),1.47,1198,0
240,1,0x13f9dadc05f6c237b03411e2aed1800cf21a5d89,68.386073,1773024404,f2e1f8b71e92b181851552b2751ea1a9da43ef18c364e5067e83ca60245fd711,187,93.50,3.57,1,5,4,0.022856,0.532724,TopoStake,pog(D=3_omega=0.50),1.45,1199,0
240,2,0x07902d0371763a00d97ed9ba16ff0a206cb0fd19,86.677231,1773024406,9c4b8a63ea8aa9f09a652a57d5b4d28809f16311c89ae63bb072b92e6d9d0bc0,193,96.50,2.97,1,5,3,0.022905,0.533067,TopoStake,pog(D=3_omega=0.50),1.42,1200,0
240,3,0x34412315480562da4810040fd15c81f99880e1ab,9.894816,1773024408,5cac4290d4afbcb53f24df0a24dd8f9074586e528ae84cc4b8fba034a786bbea,235,117.50,2.73,1,4,3,0.022976,0.533426,TopoStake,pog(D=3_omega=0.50),1.20,1201,0
240,4,0x89100a8056319ba37491b32ba255004180607bc2,30.812653,1773024410,d349e2293a47783677524152d4bddfa5c7a7c1605489b3e4eeea4736a7de3fcc,180,90.00,3.95,1,6,4,0.022953,0.533123,TopoStake,pog(D=3_omega=0.50),0.92,1202,0
241,0,0x606627477c3734932f47972f83c27cf4e3b35b4f,26.399791,1773024412,7fe16fa285988a084b2617c329090d2422ecd4608aee5a8730fac4279c5227b2,220,110.00,3.87,1,5,4,0.022955,0.533362,TopoStake,pog(D=3_omega=0.50),0.83,1203,0
241,1,0x07902d0371763a00d97ed9ba16ff0a206cb0fd19,87.678451,1773024415,72d460c87c8e1c49486e1d8d7854e9d4c8a85a95fac842677da868c5b23d6ea9,179,59.67,3.69,1,5,4,0.022952,0.533548,TopoStake,pog(D=3_omega=0.50),1.66,1204,0
241,2,0xa7e4d4d949807065ebf85adc1be8c382c7236c15,9.212314,1773024416,f19206325059514aac345a71be3a1b0b36db4d2eef4d57263febe6e3d4116abd,187,93.50,2.80,1,4,3,0.022952,0.533548,TopoStake,pog(D=3_omega=0.50),1.53,1205,0
241,3,0x53be6e527cc5a7d850b5eae27b9cef342e0665f2,9.040835,1773024418,3418c152b3d11a024b4263c10a117164ca885ed7750d7477771be515c2f62cd9,102,102.00,3.98,1,6,4,0.023000,0.533529,TopoStake,pog(D=3_omega=0.50),1.00,1206,0
241,4,0x8c11ec9090dd820c076e57e899d9c604c79d6b32,20.575562,1773024420,1dc6993acfb70f4f8aae84377455c44e012eddf3d6fcf582c1b506b213df5117,195,97.50,3.49,1,5,4,0.022976,0.533128,TopoStake,pog(D=3_omega=0.50),1.50,1207,0
242,0,0x4ba33404d90c4ae989714d9d174cd882cffb7994,5.104166,1773024422,d94fd4f56fbd3ab403e1c74e3dbe9422e16e4577cac70ff189c3eb4eddfbba64,190,95.00,4.06,1,6,4,0.022965,0.533204,TopoStake,pog(D=3_omega=0.50),1.47,1208,0
242,1,0x13f9dadc05f6c237b03411e2aed1800cf21a5d89,69.387377,1773024424,3e7236eabfcad733e09cd3972afaa3166f83b7761363c0e54604b8d1cba52aa3,223,111.50,4.47,2,6,4,0.022936,0.532555,TopoStake,pog(D=3_omega=0.50),1.39,1209,0
242,2,0x606627477c3734932f47972f83c27cf4e3b35b4f,27.400702,1773024426,6786d12fb80420d8ebcf382ebce1bb13b92a6f05094dc5613d107ffb0c912f8e,250,125.00,3.05,1,5,3,0.022985,0.532896,TopoStake,pog(D=3_omega=0.50),1.17,1210,0
242,3,0x1796dc61e715f15a2d27dfa32bd34780f12a8c24,16.743250,1773024428,c7bd778bebf7cd3d7ca8bcf5a93a43fa58473060604ce7608433d843f374feb9,239,79.67,3.72,2,5,4,0.022985,0.532897,TopoStake,pog(D=3_omega=0.50),1.71,1211,0
242,4,0xd67aaaf210c0c36ddcb7055222d168b5c9dd1b36,6.175973,1773024431,7590cb70c5273a57a7c1f8fdb8d3028dc060d78985c9b8038fae27c9f23f8848,222,111.00,3.29,1,5,3,0.022968,0.533075,TopoStake,pog(D=3_omega=0.50),1.50,1212,0
243,0,0x07902d0371763a00d97ed9ba16ff0a206cb0fd19,88.679944,1773024433,e041761f8ba53655df879bdb25d571c62ad29fe63f9107a879bec94109d8e0dd,197,98.50,3.84,1,5,4,0.022968,0.533076,TopoStake,pog(D=3_omega=0.50),1.43,1213,0
243,1,0x13f9dadc05f6c237b03411e2aed1800cf21a5d89,70.388712,1773024435,c90bcab103004a9bbb8ceab68f279de144536ccf10398884965229f9f9ca08c9,198,99.00,2.73,1,4,3,0.023040,0.533432,TopoStake,pog(D=3_omega=0.50),1.54,1214,0
243,2,0x89100a8056319ba37491b32ba255004180607bc2,31.813690,1773024437,3e268c0273fb461dbd2aa71fcb14d5022427b22d236feaf794bc0d9dfffbbc72,193,96.50,2.96,1,5,3,0.023090,0.533771,TopoStake,pog(D=3_omega=0.50),1.46,1215,0
243,3,0x37cc7a82e66d4f4c2ae13b9ee895d3af1a1d7a05,9.256364,1773024439,b79640f35161f4d4f3389fbff664c721c0a2a3e938a75991cad903e3b7afd4b4,198,99.00,3.81,1,5,4,0.023093,0.534017,TopoStake,pog(D=3_omega=0.50),1.45,1216,0
243,4,0x075e1d95c7891e1c00414ca1aa9a7a8cf6270019,48.210850,1773024441,3e2a527b7cab45b2972c18adafa4454c1465211fd370f88ebad90fa43f90b6bf,250,125.00,3.89,1,5,4,0.023069,0.533620,TopoStake,pog(D=3_omega=0.50),1.20,1217,0
244,0,0x075e1d95c7891e1c00414ca1aa9a7a8cf6270019,49.212090,1773024443,a862b528f74dee825fb544963841b441c4e71f680e0f752670875e0b1479e149,250,83.33,3.20,1,5,3,0.023091,0.533935,TopoStake,pog(D=3_omega=0.50),1.86,1218,0
244,1,0x719361397abe003a91af76243e5f9c7a0cd4279f,39.589985,1773024446,f1e2e4a906ffd9572a75cbc574279902bfeed041642c2345f1dce2b1fb0b743c,211,105.50,3.25,1,5,3,0.023115,0.534257,TopoStake,pog(D=3_omega=0.50),1.58,1219,0
244,2,0x9bdb1c7ad4bd8fe797b07c08117c74a591dbab2d,3.432143,1773024447,6affa176fa68741a1076cc139b8d6bf3e56ecdd476c2300630c6127498c5d053,220,110.00,3.85,1,5,4,0.023127,0.534517,TopoStake,pog(D=3_omega=0.50),1.54,1220,0
244,3,0xeaa5003682d7289190651081ae2bee847097afc5,10.755312,1773024449,d5e2c6ef95e760636257df1e37cd526c987eb3d9123153ecf3fe5c503cabd371,105,105.00,3.76,2,5,4,0.023096,0.533786,TopoStake,pog(D=3_omega=0.50),1.00,1221,0
244,4,0x58a21eeb7ab18ba8adf1296e66a4487076e95dac,18.101768,1773024451,b7e8f0c2269686c802210cf56878fc0c7dacbaf11c1cef2afa0e6fb343b6264c,186,93.00,4.39,1,6,4,0.023074,0.533566,TopoStake,pog(D=3_omega=0.50),1.44,1222,0
245,0,0x13f9dadc05f6c237b03411e2aed1800cf21a5d89,71.389953,1773024453,a94f6cd193294ceef6cdd25861e214917d25c8511660fa7fbeda0381290c283a,182,91.00,3.75,1,5,4,0.023060,0.533593,TopoStake,pog(D=3_omega=0.50),1.47,1223,0
245,1,0xe478b1e4d1538274c0c70cbd7df877f9abab2f62,9.295726,1773024455,29334ac17a0e4f04a721fce5b0535ba9418bcef613d713f40b8ce5b0ca3f2976,250,125.00,3.06,2,5,3,0.023110,0.533930,TopoStake,pog(D=3_omega=0.50),1.31,1224,0
245,2,0x30509a8084fdfe6fe24d9c9a817c209ad194f8e3,48.712687,1773024457,54913c46da246233242cc1fcb0e061a19424a64e3d4060b719f17e72e6f567dc,213,106.50,3.99,1,5,4,0.023086,0.533525,TopoStake,pog(D=3_omega=0.50),1.05,1225,0
245,3,0xac61c91e7d24df824351a6c4e562a75f0cf646f8,3.236237,1773024459,c76e8a7f0825622209fd5dcaa08b0ac056774ad7ab5637e3d292600f73cc582c,220,73.33,3.35,1,5,3,0.023109,0.533830,TopoStake,pog(D=3_omega=0.50),1.71,1226,0
245,4,0x075e1d95c7891e1c00414ca1aa9a7a8cf6270019,50.213253,1773024462,598e5851379e2c89eecd6357c4da92c7c7e8812f6e959d8646ef39fbe58f5d91,212,106.00,4.03,1,6,4,0.023078,0.533081,TopoStake,pog(D=3_omega=0.50),1.49,1227,0
246,0,0xe6ebb0cdfd04183d498964e5efc4096ba77b17d6,31.319369,1773024463,d79d4724367d89ead5134d90dc5dd39c3fc8fcb551fdf978392fae5c2206c464,192,96.00,3.05,1,5,3,0.023102,0.533401,TopoStake,pog(D=3_omega=0.50),1.52,1228,0
246,1,0x30509a8084fdfe6fe24d9c9a817c209ad194f8e3,49.713777,1773024465,d9a0c365824bab683f807b4b9eb45641c6df306f4fc22fae827d55e79e194ff1,84,84.00,4.07,1,6,4,0.023104,0.533629,TopoStake,pog(D=3_omega=0.50),1.00,1229,0
246,2,0x13f9dadc05f6c237b03411e2aed1800cf21a5d89,72.391310,1773024467,87682cddf1c82ca569c34a792d4f68bde55c6f1100c887a2a47e7fa3c98d2e7c,182,91.00,3.19,1,5,3,0.023128,0.533934,TopoStake,pog(D=3_omega=0.50),1.46,1230,0
246,3,0x07902d0371763a00d97ed9ba16ff0a206cb0fd19,89.681961,1773024469,0d92b451c7dacaa62e1d6c7b156a604d9f746f5c8e37999eeb1e07672a787efb,246,123.00,2.95,1,5,3,0.023178,0.534269,TopoStake,pog(D=3_omega=0.50),1.23,1231,0
246,4,0xdcf2130496e27a8094ab996aea4aa77788d65869,22.521531,1773024471,12c38ce3ee73d0e7dc457969ac3ca00d925ec298c91974f4cbb6d478fdf02cba,250,125.00,2.78,1,4,3,0.023248,0.534619,TopoStake,pog(D=3_omega=0.50),0.90,1232,0
247,0,0x6064b9f5883bf9737dfe314ff68c56e09e68ac89,24.212361,1773024473,87142928ab48e2db768e96a6d8b36e8f350deab5b174143d3622716de1268717,190,95.00,3.79,1,5,4,0.023239,0.534723,TopoStake,pog(D=3_omega=0.50),0.67,1233,0
247,1,0x30509a8084fdfe6fe24d9c9a817c209ad194f8e3,50.714756,1773024475,7c541c07a7b4b097eb27dc4cb3e17c101cbeff3f38738a823d8062079308b377,200,66.67,3.79,1,5,4,0.023233,0.534863,TopoStake,pog(D=3_omega=0.50),1.61,1234,0
247,2,0x0d91704595bff3aec25d40822498a51c62b05e3a,14.584876,1773024477,ac4088db42a9ae6016fd1c257791838e9884b17bbdeed31247417f0c6df0c493,204,102.00,3.40,1,5,3,0.023257,0.535172,TopoStake,pog(D=3_omega=0.50),1.49,1235,0
247,3,0xe6ebb0cdfd04183d498964e5efc4096ba77b17d6,32.319713,1773024479,6c1c4c1fe6454b6a9315bef61f1a8190f4080d48dc465d4285fa8c7a902de532,97,97.00,3.31,2,5,3,0.023239,0.535131,TopoStake,pog(D=3_omega=0.50),1.00,1236,0
247,4,0x30509a8084fdfe6fe24d9c9a817c209ad194f8e3,51.715739,1773024481,1af1f01cf8b96cd9fc29c7f0c1e2fbd919d7142e503a55501daa09662a2285e1,200,100.00,4.11,1,6,4,0.023242,0.535364,TopoStake,pog(D=3_omega=0.50),1.46,1237,0
248,0,0xbc3f8508d26048f2064aa8c068f4c94d08d77d18,11.062061,1773024483,b7e83e73784e643a7fb0d04bce5b7ca0aadfa5b37f0aca9b4864a375ea3d0c9e,188,94.00,3.31,1,5,3,0.023267,0.535681,TopoStake,pog(D=3_omega=0.50),1.45,1238,0
248,1,0xd39dbd3662315e3935ec08e6b6028e73b3c09de2,20.928792,1773024485,19b5ea0746573dacde98c6c7695db8dbd1bd5c230e59b5195b999eb5f6a93346,230,115.00,4.19,1,6,4,0.023245,0.535476,TopoStake,pog(D=3_omega=0.50),1.33,1239,0
248,2,0x016d3fc36beee7caa8fbd6c1caa42461dd7f9850,40.936496,1773024487,a529a0f3ce372a6db5fc186a4d1e932660a887a74f62bc6ca9f5cfc48ef54ec9,237,118.50,4.40,1,6,5,0.023235,0.535549,TopoStake,pog(D=3_omega=0.50),1.19,1240,0
248,3,0x50f7fa851f9314d682e36da5caa4635039b5305d,15.111817,1773024489,e2bca3880250cde41dbf7c3f15efd1b77ba50a59abec722f65a9bc1f32029762,250,83.33,3.18,1,4,3,0.023247,0.535819,TopoStake,pog(D=3_omega=0.50),2.03,1241,0
248,4,0x075e1d95c7891e1c00414ca1aa9a7a8cf6270019,51.214613,1773024492,4b522a35ad9ae25701957e8c57d75ef82c0a122d3c25d6dbebbd6ac3fd5429af,200,100.00,3.40,1,5,3,0.023230,0.535778,TopoStake,pog(D=3_omega=0.50),1.55,1242,0
249,0,0x075e1d95c7891e1c00414ca1aa9a7a8cf6270019,52.215518,1773024493,90feeb0c871b306296cc4550ff3dc2df23b0e9b65f6ac8c51b15f3e3878472f4,183,91.50,3.15,1,5,3,0.023254,0.536078,TopoStake,pog(D=3_omega=0.50),1.52,1243,0
249,1,0x13f9dadc05f6c237b03411e2aed1800cf21a5d89,73.393152,1773024495,9bbb8c09688415f7125ad5478db7b27a370df0609feecbe66f4cd088a18cfb76,95,95.00,3.28,1,5,3,0.023279,0.536385,TopoStake,pog(D=3_omega=0.50),0.99,1244,0
249,2,0x89100a8056319ba37491b32ba255004180607bc2,32.814676,1773024497,4536097ff778ef5889909168c3b1d4ceb0e0ededb5fbb6e83b6bb17e38f43cc6,229,114.50,3.01,1,4,3,0.023329,0.536714,TopoStake,pog(D=3_omega=0.50),1.43,1245,0
249,3,0x58a21eeb7ab18ba8adf1296e66a4487076e95dac,19.102481,1773024499,1f5fc9dcad303f74ef40ab3fe3d97f7d7650a822a292db0755a7cfc75913e4de,194,97.00,3.90,1,5,4,0.023332,0.536945,TopoStake,pog(D=3_omega=0.50),1.47,1246,0
249,4,0x58a21eeb7ab18ba8adf1296e66a4487076e95dac,20.103686,1773024501,4b89b1be6192fdf021545159526884a55f754f71c72b72eca17524423d509231,243,121.50,3.81,1,5,4,0.023319,0.536976,TopoStake,pog(D=3_omega=0.50),1.06,1247,0
250,0,0x075e1d95c7891e1c00414ca1aa9a7a8cf6270019,53.216093,1773024503,5a8c7caa11d561ac7558d1cc39bef6055ec9a4cd8e837da0f02140e5e3b5f6cc,223,111.50,4.02,1,5,4,0.023307,0.537017,TopoStake,pog(D=3_omega=0.50),0.86,1248,0
250,1,0xdcf2130496e27a8094ab996aea4aa77788d65869,23.522382,1773024506,677c839c97f76aeef0a8dd97afeb47122394e99c4912cfb703edc9b769e71ece,206,68.67,3.15,2,5,3,0.023334,0.537329,TopoStake,pog(D=3_omega=0.50),1.62,1249,0
250,2,0x6064b9f5883bf9737dfe314ff68c56e09e68ac89,25.213303,1773024507,5c5a3e1821561bad3fc21417d213861ad8b3120025ab19257db2c96a07f1cadf,192,96.00,3.91,1,5,4,0.023326,0.537442,TopoStake,pog(D=3_omega=0.50),1.47,1250,0
250,3,0x269cdf52f97e1d9f14b7be895155a7b294f0b21d,47.785067,1773024509,9fcff1fa5f442724d1e14475894a8c66ace544340af8e5db56dedd4f69af3463,86,86.00,3.83,3,5,4,0.023320,0.537603,TopoStake,pog(D=3_omega=0.50),1.00,1251,0
250,4,0xac768e60b9269babb15cb1e36ee843243d7c7543,23.735732,1773024511,bf6bb36b161c7e5b3c3ea165a631b601591917ddeadd5562ac1cdf8270c1a67c,221,110.50,3.61,1,5,4,0.023339,0.537885,TopoStake,pog(D=3_omega=0.50),1.48,1252,0
251,0,0x269cdf52f97e1d9f14b7be895155a7b294f0b21d,48.786152,1773024513,76632929a0b8775b2f0abd2fc4bafa5a87e8e0f8a9e7182ac58a83af80e935fa,192,96.00,3.85,1,6,4,0.023332,0.537988,TopoStake,pog(D=3_omega=0.50),1.42,1253,0
251,1,0x37cc7a82e66d4f4c2ae13b9ee895d3af1a1d7a05,10.257230,1773024515,86cc6ddbb7e45adbc37d694cf90f286355a62b9c3c5094af28755da1a5ad7969,236,118.00,3.58,1,5,4,0.023353,0.538269,TopoStake,pog(D=3_omega=0.50),1.25,1254,0
251,2,0xa3786e459f289a76c0e8af8ad834e3d0c6d47199,19.736823,1773024517,f38403221b236eedc023704ecdf48c7b2b3cabb35079e3e6b5b27b3e786bb1f9,216,108.00,4.09,1,6,4,0.023330,0.537993,TopoStake,pog(D=3_omega=0.50),0.88,1255,0
251,3,0x13f9dadc05f6c237b03411e2aed1800cf21a5d89,74.394872,1773024519,8c6e18f5275317da59164271b5f8e03ab9038473d97ea9abb118bdb87315ef28,170,56.67,4.19,1,6,4,0.023317,0.538018,TopoStake,pog(D=3_omega=0.50),1.55,1256,0
251,4,0xeb82a21cb3d0dd781eb22ad74bb7cd9b4d2a06ec,12.922163,1773024521,b400036910f4765397b56c99b3192c3d825703962eea3ceb8ec8fac28bce8c63,205,102.50,3.11,1,5,3,0.023318,0.538018,TopoStake,pog(D=3_omega=0.50),1.67,1257,0
252,0,0x075e1d95c7891e1c00414ca1aa9a7a8cf6270019,54.217364,1773024523,a6cf6c2f8e03977369199aff71fc6ff697d484788f77acce97ba105c0358efb3,92,92.00,4.16,1,6,4,0.023298,0.537926,TopoStake,pog(D=3_omega=0.50),1.00,1258,0
252,1,0x1d1d2c63625de70b1e5ef40056bd2deb89d7fef2,9.064386,1773024525,79422b6e01759cafce23ba3a594f93b3f4803f49f59a37efa63e46974f94871b,189,94.50,3.08,1,5,3,0.023324,0.538236,TopoStake,pog(D=3_omega=0.50),1.45,1259,0
252,2,0x5cd626f4b83428b146919d30f4b3e481d259a9dc,0.052853,1773024527,af6c359bda5e8e94c18a2b4474a4be77a58e577a7c57bc2f74b37a1e42f92134,191,95.50,3.49,1,5,4,0.023300,0.537810,TopoStake,pog(D=3_omega=0.50),1.43,1260,0
252,3,0xcb7977f4997b4252c0152e135dd79b3cfe35c1a5,12.626714,1773024529,f3c2d9198efbf4431f9a1426858415aded77497d30da42d5fa0031ad960328bc,226,113.00,3.96,1,6,4,0.023266,0.536767,TopoStake,pog(D=3_omega=0.50),1.38,1261,0
252,4,0x269cdf52f97e1d9f14b7be895155a7b294f0b21d,49.787371,1773024531,90de6613e34a328e7d3a4adaf336713998135cbd035d068cfb083aaf1cc3cdc3,230,115.00,4.09,1,6,4,0.023246,0.536652,TopoStake,pog(D=3_omega=0.50),0.97,1262,0
253,0,0x63f4973c0df8a5358405f396dc0673a463c48de9,30.931200,1773024533,74da7a412f77337b75f91bf889e2e85ec6f5334888cc82ec9ce4f7980b0f62f7,245,81.67,3.68,1,5,4,0.023246,0.536652,TopoStake,pog(D=3_omega=0.50),1.80,1263,0
253,1,0x6414c6a8400ff3419cd81855d09de2848d770e0e,3.139496,1773024535,db2e86ea68b5498345b307cb9db12f3d5fb55cb6bb431603ab31298a5d4786aa,120,60.00,3.51,1,5,4,0.023268,0.537136,TopoStake,pog(D=3_omega=0.50),1.24,1264,0
253,2,0xe6ebb0cdfd04183d498964e5efc4096ba77b17d6,33.320683,1773024537,963491c35585a9a189489c5c0002e1ba58c7011f2ff3e650eb8faec21dac98d7,93,93.00,3.97,2,5,4,0.023237,0.536388,TopoStake,pog(D=3_omega=0.50),1.00,1265,0
253,3,0x719361397abe003a91af76243e5f9c7a0cd4279f,40.591109,1773024539,8225ff8e89b38a7e53e539acc387e37bc383e3c557edec8af6352c005b8f30be,181,90.50,4.12,1,6,4,0.023240,0.536615,TopoStake,pog(D=3_omega=0.50),1.51,1266,0
253,4,0xac768e60b9269babb15cb1e36ee843243d7c7543,24.736620,1773024541,bcfbcc470e026e64277e49d2f8b9dc2f13d14bbf3d8fcf27ff0987b0b84b1a72,221,110.50,3.64,1,5,4,0.023251,0.536865,TopoStake,pog(D=3_omega=0.50),1.52,1267,0
254,0,0x13f9dadc05f6c237b03411e2aed1800cf21a5d89,74.395213,1773024543,f2089566cc655942e06dda93d9e7c7b853296dd54eab449b6f7ad501422bc284,224,112.00,3.91,1,6,4,0.023245,0.537000,TopoStake,pog(D=3_omega=0.50),1.20,1268,0
254,1,0xd1cd4b808ce6b2841ad42746b64c5a047e857ef0,21.255403,1773024545,c6e13cff347eed3f98b1a9c99c5837a3d03f620fbf077ac24aad3d50b33dc5be,250,83.33,3.20,1,5,3,0.023293,0.537324,TopoStake,pog(D=3_omega=0.50),1.90,1269,0
254,2,0xc339f8bf978200eb65afce6c7121402eda949097,5.061510,1773024548,ba30597c4bab04a3dcd14f8bb395f49b8ce0b69998ada66c7c96ae7d7bb775b5,221,110.50,3.94,1,6,4,0.023282,0.537394,TopoStake,pog(D=3_omega=0.50),1.65,1270,0
254,3,0x0d91704595bff3aec25d40822498a51c62b05e3a,15.585323,1773024549,c00d7d6311ac2f3555abf18b10252c6bbc56035fdc8ee649a010f3eaec90ce3c,227,113.50,4.32,1,6,4,0.023282,0.537394,TopoStake,pog(D=3_omega=0.50),1.51,1271,0
254,4,0x269cdf52f97e1d9f14b7be895155a7b294f0b21d,50.788630,1773024551,82260f7d3daf598ad950fc8e3e2bc95ebc3aeb791e30699aa9f4f8d082e2d2cb,130,130.00,3.34,2,5,3,0.023266,0.537352,TopoStake,pog(D=3_omega=0.50),1.00,1272,0
255,0,0x71f297f96355f349d66f0e9b681e7d4e11224660,8.164562,1773024553,46e34e1d24bf69e4380ba788d634862cb75cb07359bf08768ab6eb6b46073f87,190,95.00,3.58,1,5,4,0.023288,0.537630,TopoStake,pog(D=3_omega=0.50),1.47,1273,0
255,1,0xa7e4d4d949807065ebf85adc1be8c382c7236c15,10.212042,1773024555,33d4e11195cf00848b6b771095b9e0a423b50d7ba0dd4148e9614fe01dbcb01d,220,110.00,3.86,1,5,4,0.023263,0.537161,TopoStake,pog(D=3_omega=0.50),1.37,1274,0
255,2,0x13f9dadc05f6c237b03411e2aed1800cf21a5d89,75.396694,1773024557,bdc63215e495c4258e8396a538f370097ffa98e1f48da0e6850fced123794a11,243,121.50,3.89,2,6,4,0.023240,0.536871,TopoStake,pog(D=3_omega=0.50),1.21,1275,0
255,3,0x28672c71695142588ed26ada6f4b18b8b6c12308,7.682293,1773024559,d7d842bb764ee908ce96cf927a85e191335234f311af6a2b37e71318a60e45a6,250,125.00,3.22,1,5,3,0.023289,0.537193,TopoStake,pog(D=3_omega=0.50),0.88,1276,0
255,4,0x0d91704595bff3aec25d40822498a51c62b05e3a,16.585866,1773024561,b9818cdd50dc4f079733dd5e88cc3f0d140030a3080137b09f0796237d3f8d80,214,71.33,3.71,1,5,4,0.023264,0.536693,TopoStake,pog(D=3_omega=0.50),1.54,1277,0
256,0,0x719361397abe003a91af76243e5f9c7a0cd4279f,41.592251,1773024563,e29babfedaa7073f302b8dfe3e17e06801ec7054410379c17b11930cbed39336,187,93.50,3.18,1,5,3,0.023264,0.536693,TopoStake,pog(D=3_omega=0.50),1.52,1278,0
256,1,0x8c11ec9090dd820c076e57e899d9c604c79d6b32,21.576065,1773024565,291760d89a465afba47f3d7c8bb0fb4cc4faa85bf907bc6a541d4ac9853762e7,89,89.00,3.96,2,5,4,0.023275,0.536951,TopoStake,pog(D=3_omega=0.50),1.00,1279,0
256,2,0xeb82a21cb3d0dd781eb22ad74bb7cd9b4d2a06ec,13.922292,1773024567,6820df58764882c21b1674b6718e2dd6540586f7c4dac9b4492b573bc067a057,202,101.00,4.24,1,6,4,0.023265,0.537020,TopoStake,pog(D=3_omega=0.50),1.50,1280,0
256,3,0xa447d277b02012c2afd9ddcbbe123f27cc971963,11.807133,1773024569,c32a17720ffcd32ddb9db299932edc0569f7de7464832a901018458a3ea0606f,202,101.00,4.02,1,6,4,0.023246,0.536948,TopoStake,pog(D=3_omega=0.50),1.42,1281,0
256,4,0xeaa5003682d7289190651081ae2bee847097afc5,11.755284,1773024571,8ffee41379f948dbfc4bd4cfe591f07730edb29565ab82e4aedc02bfd3392481,250,125.00,3.35,1,5,3,0.023226,0.536794,TopoStake,pog(D=3_omega=0.50),1.16,1282,0
257,0,0xa068e3c9a21c8d8be636cd2d285895979ec3262e,24.977180,1773024573,b9431583fbcaf29b209b876497fc3f94d6c0ad1527ae9155716eb93f01938f45,235,117.50,4.17,1,6,4,0.023205,0.536623,TopoStake,pog(D=3_omega=0.50),1.00,1283,0
257,1,0x58a21eeb7ab18ba8adf1296e66a4487076e95dac,21.104481,1773024575,2aec82e965fc4a8981a6b3903326c1b816ee5b574bf4cf333c4ceca35da52b27,204,68.00,4.26,1,6,4,0.023198,0.536754,TopoStake,pog(D=3_omega=0.50),1.71,1284,0
257,2,0xa5a12d96532497871d73549e55ab377e3dcb3a40,3.090730,1773024577,0354a6ed38d6d879f3c2f6d5129c98959a801d1d4bff51f5bd7834834e01eaf2,214,107.00,4.01,1,5,4,0.023187,0.536796,TopoStake,pog(D=3_omega=0.50),1.64,1285,0
257,3,0xc4dc29db975b952e04358340e56b68fa4ba63fbc,11.540308,1773024579,ec8df6bd221252aa8251abc88d0e6872b5a5d5daa1758174c9580f1b227bcccc,90,90.00,4.11,1,5,4,0.023157,0.536041,TopoStake,pog(D=3_omega=0.50),1.00,1286,0
257,4,0x719361397abe003a91af76243e5f9c7a0cd4279f,42.592671,1773024581,f85dc1eddcba5fca0a7e75447a01541cce48f798911fffd9b791a1b3e86ce25c,197,98.50,3.75,1,5,4,0.023136,0.535848,TopoStake,pog(D=3_omega=0.50),1.52,1287,0
258,0,0xaadc5fea232580cb8fba739ac5d05a48559c7e52,11.354272,1773024583,e252aa8f687bfb944c117d2509132d35ac95e8012bf84ccb72c6fa3117736a7a,186,93.00,3.86,1,5,4,0.023149,0.536109,TopoStake,pog(D=3_omega=0.50),1.47,1288,0
258,1,0xdcf2130496e27a8094ab996aea4aa77788d65869,24.523131,1773024585,e2cf04995452854784143a2f42487b0dc00abec9d2e3d2dbb98e7f6304d516eb,227,113.50,4.23,1,6,4,0.023128,0.535893,TopoStake,pog(D=3_omega=0.50),1.37,1289,0
258,2,0x282f43759e22b50aa7989261c51c367f325c3f91,7.341418,1773024587,d5492ee90fddac574fdfaa7c74f349d1a393a7278ba47ecbfef8df30131601d4,250,125.00,3.84,1,5,4,0.023121,0.535999,TopoStake,pog(D=3_omega=0.50),1.13,1290,0
258,3,0x075e1d95c7891e1c00414ca1aa9a7a8cf6270019,55.219520,1773024589,50db512a061096f32ce0c100818fde206578f3dfcdd41ffbd990dd96e13e1ff4,236,78.67,3.92,1,6,4,0.023095,0.535482,TopoStake,pog(D=3_omega=0.50),1.85,1291,0
258,4,0x28672c71695142588ed26ada6f4b18b8b6c12308,8.683175,1773024592,6928a2a200968a7f88b4c745963d75d7303dbd7e35077b1732f1cd799a1d5b98,213,106.50,3.14,1,5,3,0.023121,0.535787,TopoStake,pog(D=3_omega=0.50),1.51,1292,0
259,0,0x13f9dadc05f6c237b03411e2aed1800cf21a5d89,76.398751,1773024593,a00f845f0d8bf22dfb6c9405bdce09b41d598bc4ac586451d2e7db7a29f9d7f7,182,91.00,3.68,1,5,4,0.023121,0.535787,TopoStake,pog(D=3_omega=0.50),1.52,1293,0
259,1,0x07902d0371763a00d97ed9ba16ff0a206cb0fd19,90.687188,1773024595,db58a2cadea5d04c8653194e19085c1686acefdb7adaaf8848f624ff4a5291a5,104,104.00,3.00,1,4,3,0.023146,0.535659,TopoStake,pog(D=3_omega=0.50),0.99,1294,0
259,2,0x1796dc61e715f15a2d27dfa32bd34780f12a8c24,17.744467,1773024597,1c31a3f09db52c95eb1b5f9ad521a993c975a08107c869966d22ef9dcb9dba41,203,101.50,2.71,1,4,3,0.023210,0.535992,TopoStake,pog(D=3_omega=0.50),1.45,1295,0
259,3,0x6064b9f5883bf9737dfe314ff68c56e09e68ac89,26.213552,1773024599,988ec2fe2dcb56fa8ca779f7847576003a07bcb21ce3a34e0935ce6223852c08,248,124.00,3.24,1,5,3,0.023195,0.535996,TopoStake,pog(D=3_omega=0.50),1.27,1296,0
259,4,0x13f9dadc05f6c237b03411e2aed1800cf21a5d89,77.399377,1773024601,f53614b9a3f0d0458d3b5a4e67224e67b527e9ee6175e65aa1372ada511e63fd,224,112.00,3.81,1,5,4,0.023190,0.536153,TopoStake,pog(D=3_omega=0.50),1.08,1297,0
260,0,0x6064b9f5883bf9737dfe314ff68c56e09e68ac89,27.214679,1773024603,e03886454a993be839ea8d1036603a81987048f696ac3b60ac937b2536b418db,221,110.50,3.02,1,5,3,0.023239,0.536470,TopoStake,pog(D=3_omega=0.50),0.68,1298,0
260,1,0x719361397abe003a91af76243e5f9c7a0cd4279f,43.593668,1773024606,4cc36e9245923890d439532b681aa0454473de51f518a04179feb7a5d7f3b9ba,206,68.67,3.89,1,5,4,0.023235,0.536627,TopoStake,pog(D=3_omega=0.50),1.50,1299,0
260,2,0x53be6e527cc5a7d850b5eae27b9cef342e0665f2,10.040911,1773024607,9f200fdd31d942e84a0a281319c156884ecb3b8e3a52f22e5e8973ad9e73948a,186,93.00,3.83,1,5,4,0.023235,0.536627,TopoStake,pog(D=3_omega=0.50),1.52,1300,0
260,3,0x50f7fa851f9314d682e36da5caa4635039b5305d,16.112597,1773024609,63cec004b73a3e905741e59bb0e6f11f489c4daf2011d2f3bb1a0d2d0262d424,98,98.00,3.53,1,5,4,0.023225,0.536566,TopoStake,pog(D=3_omega=0.50),1.00,1301,0
260,4,0x13f9dadc05f6c237b03411e2aed1800cf21a5d89,78.400567,1773024611,7af9e21c35476e1c01a08d0f23fd8808e0216b43da34a0ba717e4f20b45fd654,201,100.50,3.33,1,5,3,0.023209,0.536528,TopoStake,pog(D=3_omega=0.50),1.48,1302,0
261,0,0xa3786e459f289a76c0e8af8ad834e3d0c6d47199,20.737232,1773024613,b0909d1d44e30afd3d3818753e60184cf2569bc5e98fca6861be71267fbe6f3d,242,121.00,2.86,1,5,3,0.023259,0.536844,TopoStake,pog(D=3_omega=0.50),1.28,1303,0
261,1,0x30509a8084fdfe6fe24d9c9a817c209ad194f8e3,52.717712,1773024615,97c9a89d60b5228546041c64b608db3d9cad11d1aec587df3452f5c2d0eac3b2,196,98.00,4.10,1,6,4,0.023247,0.536869,TopoStake,pog(D=3_omega=0.50),1.30,1304,0
261,2,0x3513d672439a59c26cc5711f2b715ccb4810a774,8.283229,1773024617,007982518d0d37619ed769e771dc5dd42c695317a5a4cbcd0c44fde8850607a8,250,125.00,3.37,1,5,3,0.023270,0.537156,TopoStake,pog(D=3_omega=0.50),0.99,1305,0
261,3,0x58a21eeb7ab18ba8adf1296e66a4487076e95dac,22.105406,1773024619,d532f030f210f9e2a88a1799c5ac5ff2d761a0095fd8f46ff85213c4d7b8130c,225,75.00,3.85,1,5,4,0.023245,0.536676,TopoStake,pog(D=3_omega=0.50),1.56,1306,0
261,4,0xd39dbd3662315e3935ec08e6b6028e73b3c09de2,21.929275,1773024622,ab41de4ccc224b7fe1e3be21e6c25115e1e9a0ceda0a9986c3916eb56142cd9d,207,103.50,3.92,1,5,4,0.023235,0.536750,TopoStake,pog(D=3_omega=0.50),1.52,1307,0
262,0,0x07902d0371763a00d97ed9ba16ff0a206cb0fd19,91.688878,1773024624,3004edf32a07c4480e3de37e44e563272c69673f287710d59d847e57c90c0157,192,96.00,4.58,1,6,5,0.023225,0.536804,TopoStake,pog(D=3_omega=0.50),1.54,1308,0
262,1,0x30509a8084fdfe6fe24d9c9a817c209ad194f8e3,53.719016,1773024626,ab6807b3cd0942654a10fc5c6b15014609f269c8139e8238b8b79194eae23493,205,102.50,2.77,1,4,3,0.023288,0.537134,TopoStake,pog(D=3_omega=0.50),1.49,1309,0
262,2,0xf13caa2c5f6f6cf61e51290bfa7826a9140b4faf,1.023271,1773024628,e8785e05a8399a5697ae2c3140df6eaa7bf5696e0128a9418a837fdd8af9faf4,229,114.50,3.35,1,5,3,0.023311,0.537419,TopoStake,pog(D=3_omega=0.50),1.50,1310,0
262,3,0x016d3fc36beee7caa8fbd6c1caa42461dd7f9850,41.938647,1773024630,57f6ba658c235440f11f8447d84b63552397ccc4dbd2c471a2c41ff3f8b8d80f,188,94.00,4.25,1,6,4,0.023279,0.536524,TopoStake,pog(D=3_omega=0.50),1.44,1311,0
262,4,0x719361397abe003a91af76243e5f9c7a0cd4279f,44.594594,1773024632,e0ad266eef61c6926f9668104c26648092b9a190eeb09e7da6982e38e4bb7799,250,125.00,3.11,1,4,3,0.023290,0.536766,TopoStake,pog(D=3_omega=0.50),1.32,1312,0
263,0,0x13f9dadc05f6c237b03411e2aed1800cf21a5d89,79.402344,1773024634,8f4c8c38cbb2c2aa92c5d60b04c7e6f8c20fa2d92b8c8ffe86b0b9065a06ed39,250,83.33,3.88,1,5,4,0.023303,0.537022,TopoStake,pog(D=3_omega=0.50),2.02,1313,0
263,1,0x13f9dadc05f6c237b03411e2aed1800cf21a5d89,80.403504,1773024637,0612011a0119748ce540d04379940ed0afc29ecada933dcfd132e82b08bcc14f,238,119.00,3.01,1,4,3,0.023353,0.537335,TopoStake,pog(D=3_omega=0.50),1.66,1314,0
263,2,0xa447d277b02012c2afd9ddcbbe123f27cc971963,12.808170,1773024638,a91ff6407c40ba448162aa10a3a528bb6fb24708f7207554f78a4e31c11ef3fb,185,92.50,3.06,1,5,3,0.023403,0.537647,TopoStake,pog(D=3_omega=0.50),1.46,1315,0
263,3,0xe184aeec69f3313df03bef8752946c65f0a70021,1.070630,1773024640,cdafa01bcb53610e4235329d681bb4c1db678596561b2e4be8bcb7749a5b9126,127,127.00,3.48,1,5,4,0.023384,0.537529,TopoStake,pog(D=3_omega=0.50),0.99,1316,0
263,4,0xd1cd4b808ce6b2841ad42746b64c5a047e857ef0,22.256313,1773024642,7ec0d927be4de6734fd777c6ff403428c092cb113f8a56d4ca674548f5cf73dc,207,103.50,4.00,1,6,4,0.023352,0.536629,TopoStake,pog(D=3_omega=0.50),1.44,1317,0
264,0,0x269cdf52f97e1d9f14b7be895155a7b294f0b21d,51.790032,1773024644,ba00e7b0538f0b3079180998a4e7ee5dec47382d50981732b7d127b35cdb4851,204,102.00,3.81,1,6,4,0.023342,0.536685,TopoStake,pog(D=3_omega=0.50),1.30,1318,0
264,1,0x13f9dadc05f6c237b03411e2aed1800cf21a5d89,81.404619,1773024646,3439dfe4da10248edf8e17df359fe6adfa68b3244d51ea381e7c993daa2529d5,250,125.00,3.59,1,5,4,0.023362,0.536954,TopoStake,pog(D=3_omega=0.50),1.08,1319,0
264,2,0x1cb1274c711a6c2e4e1596846e6ac604eeefb358,10.408685,1773024648,f80cb7bf2d19b10e046bdae43ca7d2004ff7e72806628e0c6c630420d91b8852,248,82.67,3.10,1,5,3,0.023413,0.537266,TopoStake,pog(D=3_omega=0.50),1.75,1320,0
264,3,0x30509a8084fdfe6fe24d9c9a817c209ad194f8e3,54.720334,1773024651,a5f466213e71bb4cf20e03f5e79d29923bb9c99b941056a000f720a2d75fc1ba,209,104.50,3.53,1,5,4,0.023391,0.536981,TopoStake,pog(D=3_omega=0.50),1.47,1321,0
264,4,0xeaa5003682d7289190651081ae2bee847097afc5,12.755617,1773024652,4044cbfa4c29f7042b6553d552bd86f0194c98223543bfd273b6fb82d4d205cf,174,87.00,3.24,1,5,3,0.023414,0.537263,TopoStake,pog(D=3_omega=0.50),1.48,1322,0
265,0,0x269cdf52f97e1d9f14b7be895155a7b294f0b21d,52.791301,1773024654,23207b6929f726dadc15e65c4927e34d8520ffd438a36fcb96ead494ae42e8a8,94,94.00,4.33,1,6,4,0.023394,0.537130,TopoStake,pog(D=3_omega=0.50),0.99,1323,0
265,1,0x49b57eb4dace37c8819daf079c9c674f766d4f38,13.229235,1773024656,288cec5009ecc3464b3556dffeb61745ee7a44de0f4fe2bd54f756e92e0251db,188,94.00,3.70,1,5,4,0.023415,0.537398,TopoStake,pog(D=3_omega=0.50),1.46,1324,0
265,2,0x07902d0371763a00d97ed9ba16ff0a206cb0fd19,92.690896,1773024658,4499a5ea4d505e2a75cdafac1722ba15def32c1550fec2b610980f74640af72d,198,99.00,4.00,1,6,4,0.023396,0.537283,TopoStake,pog(D=3_omega=0.50),1.44,1325,0
265,3,0x53be6e527cc5a7d850b5eae27b9cef342e0665f2,11.041205,1773024660,ae379f94a06b474bc463a90bddedf21d0e7e4a3142f4f4da44182c6d4648bdaf,250,125.00,2.69,1,4,3,0.023458,0.537608,TopoStake,pog(D=3_omega=0.50),1.09,1326,0
265,4,0x13f9dadc05f6c237b03411e2aed1800cf21a5d89,82.406040,1773024662,967ddf1aa29133e92d0c44e43f94ebcbe09e9107d1d74b8efcc771759ec18cf1,239,79.67,3.40,1,5,3,0.023436,0.537363,TopoStake,pog(D=3_omega=0.50),1.81,1327,0
266,0,0xcdc82b7c868072205a399d0f68e6e3ad3bfd1ca6,2.186918,1773024665,3bdf30c3ea66992c8518e51e389abbfbe2bd91cf13b1c7098e64e6c32d939108,212,106.00,3.08,1,5,3,0.023487,0.537673,TopoStake,pog(D=3_omega=0.50),1.49,1328,0
266,1,0x13f9dadc05f6c237b03411e2aed1800cf21a5d89,83.407107,1773024667,050120f6f3dabacc539d16e8cb01b58a1d5a4452bee8246ab03750a626b1d21f,179,89.50,3.52,1,5,4,0.023487,0.537673,TopoStake,pog(D=3_omega=0.50),1.47,1329,0
266,2,0xd39dbd3662315e3935ec08e6b6028e73b3c09de2,22.929793,1773024669,c449d82e18537940c38885b865f60887880c41587f0b178991d5906826040bac,210,105.00,2.99,1,5,3,0.023508,0.537197,TopoStake,pog(D=3_omega=0.50),1.44,1330,0
266,3,0x269cdf52f97e1d9f14b7be895155a7b294f0b21d,53.792286,1773024671,d9e9e5ca31556fdf7b7a9f6ad60a9811a879fa60ea7e17a84890830784ad8f4d,194,97.00,4.54,1,6,5,0.023499,0.537271,TopoStake,pog(D=3_omega=0.50),1.45,1331,0
266,4,0x8c11ec9090dd820c076e57e899d9c604c79d6b32,22.576645,1773024673,eb05cf4e061c0774633f4a6cb177e0da7b5718d860a12038fd39cd69979c09e8,204,102.00,3.59,1,5,4,0.023520,0.537537,TopoStake,pog(D=3_omega=0.50),1.34,1332,0
267,0,0xa7e4d4d949807065ebf85adc1be8c382c7236c15,11.212571,1773024675,c26dcd1a7b861d543960de9b652c84fd58beafff3d810211deb3945c8cbc075c,224,112.00,4.09,1,6,4,0.023510,0.537586,TopoStake,pog(D=3_omega=0.50),1.16,1333,0
267,1,0x269cdf52f97e1d9f14b7be895155a7b294f0b21d,54.793308,1773024677,8c8a236e878e194696759689b6fb342faf6f44c10afc3e3f7f7fb67dd00b0baa,250,83.33,3.88,1,6,4,0.023489,0.537343,TopoStake,pog(D=3_omega=0.50),1.95,1334,0
267,2,0xac768e60b9269babb15cb1e36ee843243d7c7543,25.737306,1773024680,466f7d0184f7a934866e05d2caf7768b4e52b3e8b841cb89187f9b7ec59fe56e,164,82.00,3.64,1,5,4,0.023511,0.537609,TopoStake,pog(D=3_omega=0.50),1.39,1335,0
267,3,0x71f297f96355f349d66f0e9b681e7d4e11224660,9.165113,1773024681,8aae91d8fc314e950ad99b814e24a752e591ed56e9d027c15b53f1a1c327b3ef,191,95.50,3.96,1,6,4,0.023511,0.537610,TopoStake,pog(D=3_omega=0.50),1.51,1336,0
267,4,0xfdc414c57908f0e2a6a926079902d4688d553610,3.158408,1773024683,37370013875f7076a36f1630ea81ec899e5e0877536f7d3458938ffd785ed2be,108,108.00,3.92,1,5,4,0.023488,0.537187,TopoStake,pog(D=3_omega=0.50),0.99,1337,0
268,0,0x58a21eeb7ab18ba8adf1296e66a4487076e95dac,23.106034,1773024685,933e8f4894d26ec07eb100ca54901645f02a451a99967cb14aa0479db258c2bd,199,99.50,4.87,1,6,5,0.023458,0.536448,TopoStake,pog(D=4_omega=0.50),1.52,1338,0
268,1,0x269cdf52f97e1d9f14b7be895155a7b294f0b21d,55.794131,1773024687,c6b9f7b6bbeab6052db9158f64d063c9af4a82de3ff1deeb69b17d240cf976c5,220,110.00,3.80,1,5,4,0.023449,0.536509,TopoStake,pog(D=4_omega=0.50),1.30,1339,0
268,2,0x075e1d95c7891e1c00414ca1aa9a7a8cf6270019,56.222122,1773024689,e28e3e0d5d12f5547490ed61f809d27827672ad4af2e38b125845dfdd7d40ed0,236,118.00,3.45,1,5,4,0.023472,0.536797,TopoStake,pog(D=4_omega=0.50),1.02,1340,0
268,3,0x37cc7a82e66d4f4c2ae13b9ee895d3af1a1d7a05,11.256895,1773024691,77dc61288c78a82eddde10c16194eb50b51b410489629a503d6e592cde0f1666,217,108.50,3.18,1,5,3,0.023496,0.537082,TopoStake,pog(D=4_omega=0.50),0.71,1341,0
268,4,0x269cdf52f97e1d9f14b7be895155a7b294f0b21d,56.795322,1773024694,fd2ec75d173ceef5c9382b5f0f103bc4891be9d6dd2869082f14f480c2ab776a,163,54.33,4.03,2,6,4,0.023474,0.536830,TopoStake,pog(D=4_omega=0.50),1.54,1342,0
269,0,0x016d3fc36beee7caa8fbd6c1caa42461dd7f9850,42.940363,1773024695,143341547980bd6dee166ebe59c763c4770474f22f2448c7dfe7cb90e041ff39,233,116.50,3.72,1,5,4,0.023498,0.537117,TopoStake,pog(D=3_omega=0.50),1.52,1343,0
269,1,0x07902d0371763a00d97ed9ba16ff0a206cb0fd19,93.693068,1773024697,488caa9269d31c30a437e09984efb3035969d3eee0d96faf389809d3dece79e1,115,115.00,3.08,1,4,3,0.023508,0.537353,TopoStake,pog(D=3_omega=0.50),0.99,1344,0
269,2,0x4a217e35f6402e7f62a49f6d62e27c6585c2f3fd,5.476697,1773024699,22f6f5275f50f980ff2cf9088f19230937a0bcde7736ce106d74e6740173ad93,215,107.50,2.72,1,4,3,0.023569,0.537674,TopoStake,pog(D=3_omega=0.50),1.50,1345,0
269,3,0x30405867b72597aaeb27803bb2c7f3f5fc7d5384,10.513635,1773024701,7b50ef5e99ced25006b80e3201c3be611b84b85107eb749d1bd1ca1117ebc423,202,101.00,3.53,1,5,4,0.023542,0.537100,TopoStake,pog(D=3_omega=0.50),1.44,1346,0
269,4,0x6064b9f5883bf9737dfe314ff68c56e09e68ac89,28.215451,1773024703,323b959b6b6dbae38a22211c4d100168a6cb0041a9f8ef17d47cc061edc81dc2,248,124.00,3.54,1,5,4,0.023520,0.536802,TopoStake,pog(D=3_omega=0.50),1.10,1347,0
270,0,0x50f7fa851f9314d682e36da5caa4635039b5305d,17.113446,1773024705,abf005e7d06c8c7c6c16d09c0c2641db9fce06d17ab40930868ea2f8db2d3cd0,222,111.00,3.84,1,5,4,0.023515,0.536965,TopoStake,pog(D=3_omega=0.50),0.77,1348,0
270,1,0x30509a8084fdfe6fe24d9c9a817c209ad194f8e3,55.721562,1773024708,f28924990b5cad450c4d94fc06fb3866ad8c321653622bdc69e42c012fafaf7d,199,66.33,3.36,2,5,3,0.023500,0.536946,TopoStake,pog(D=3_omega=0.50),1.59,1349,0
270,2,0x89100a8056319ba37491b32ba255004180607bc2,33.815434,1773024709,7b391144dee9e260367bb6944f219dcd90accc598f7bd3d0859caf1280dd1f39,224,112.00,3.33,1,5,3,0.023522,0.537209,TopoStake,pog(D=3_omega=0.50),1.52,1350,0
270,3,0xe6ebb0cdfd04183d498964e5efc4096ba77b17d6,34.321198,1773024711,5f01ed598c8d900f49d05f856935d8a6633710ee2df828e60f989d85d4b4795f,82,82.00,3.89,2,5,4,0.023523,0.537423,TopoStake,pog(D=3_omega=0.50),1.00,1351,0
270,4,0x1d1d2c63625de70b1e5ef40056bd2deb89d7fef2,10.064020,1773024713,134fa378f32c97c18e2a77603b5a40f8c26713f1d220d1455ce3eee5b20c3376,191,95.50,4.14,1,6,4,0.023524,0.537637,TopoStake,pog(D=3_omega=0.50),1.51,1352,0
271,0,0xc774b0fee7cabbef3b1ae14bf36db3df0d32c1df,10.165756,1773024715,31a3cb92d69b0ceff51d419f429dc87e06da9394e2fd4ca71ca52e6f5864e2a0,211,105.50,3.59,1,5,4,0.023502,0.537300,TopoStake,pog(D=3_omega=0.50),1.37,1353,0
271,1,0x07902d0371763a00d97ed9ba16ff0a206cb0fd19,94.694765,1773024717,b78c66d67d50590ee02f032303ae02f96861b1e59a3d519da143933e46c4c311,235,117.50,3.92,1,5,4,0.023479,0.536961,TopoStake,pog(D=3_omega=0.50),1.20,1354,0
271,2,0x30405867b72597aaeb27803bb2c7f3f5fc7d5384,11.514774,1773024719,e1e480e90e7aed16645b3d4b27c6dc8615ff853b66dd46e2e1d65289040da283,239,119.50,2.88,2,4,3,0.023540,0.537279,TopoStake,pog(D=3_omega=0.50),0.89,1355,0
271,3,0x07902d0371763a00d97ed9ba16ff0a206cb0fd19,95.695965,1773024721,f96c8d3208b0af2cf1200187ffbef7af1e39357e4bb6663dafccbe7c72203b13,206,68.67,3.50,1,5,4,0.023519,0.537039,TopoStake,pog(D=3_omega=0.50),1.48,1356,0
271,4,0x13f9dadc05f6c237b03411e2aed1800cf21a5d89,84.409564,1773024723,5cc82b1aa5ff814d71c54a7cc0b60bf41b1dd1a2cc623e827416e8758c654ddb,203,101.50,2.78,1,4,3,0.023519,0.537040,TopoStake,pog(D=3_omega=0.50),1.45,1357,0
272,0,0x719361397abe003a91af76243e5f9c7a0cd4279f,45.595989,1773024725,189fd0a233a693859abd76e7b27f392dbb408f67462a4d5ef8004cadbe5f8230,92,92.00,2.98,1,4,3,0.023630,0.537661,TopoStake,pog(D=3_omega=0.50),1.00,1358,0
272,1,0x07902d0371763a00d97ed9ba16ff0a206cb0fd19,96.696939,1773024727,04c9beaa8ba631809aae3e2a619917cbed7364b55331065f3409df2b46f012b1,183,91.50,3.82,1,5,4,0.023643,0.537908,TopoStake,pog(D=3_omega=0.50),1.52,1359,0
272,2,0xe6ebb0cdfd04183d498964e5efc4096ba77b17d6,35.322035,1773024729,1cd6f4bf180105df023d85bef445896448c6978116da843958bbcc7748e2d40c,245,122.50,2.60,1,4,3,0.023704,0.538225,TopoStake,pog(D=3_omega=0.50),1.29,1360,0
272,3,0xd39dbd3662315e3935ec08e6b6028e73b3c09de2,23.930375,1773024731,098923a06dc911c0c2c9a56716b901f69f0a3f6bc8776c2f13ec78b7140a1221,221,110.50,4.05,1,6,4,0.023706,0.538443,TopoStake,pog(D=3_omega=0.50),1.14,1361,0
272,4,0x07902d0371763a00d97ed9ba16ff0a206cb0fd19,97.698170,1773024733,95b85ec530b48afb754a54bfdaa25f215190aee7a1b2bb86ea721a2fbce2ec7b,200,100.00,4.35,1,6,4,0.023697,0.538519,TopoStake,pog(D=3_omega=0.50),1.14,1362,0
273,0,0x1d1d2c63625de70b1e5ef40056bd2deb89d7fef2,11.064902,1773024735,3ebe35bfe1151c87e8fdf9d6ec68a0530a4b5f93b0b5cfe6cb1b7993c33ba957,250,83.33,2.75,1,4,3,0.023760,0.538835,TopoStake,pog(D=3_omega=0.50),2.00,1363,0
273,1,0xeb82a21cb3d0dd781eb22ad74bb7cd9b4d2a06ec,14.922231,1773024738,81e05d4de7210f6217a3aadd28b0939d02cb5b309d8ca655964b10036a135686,200,100.00,3.63,1,5,4,0.023738,0.538545,TopoStake,pog(D=3_omega=0.50),1.70,1364,0
273,2,0x1796dc61e715f15a2d27dfa32bd34780f12a8c24,18.745833,1773024740,9842d4c0ee83079b35120ddffbec51384d07781fc9b928ec01a1e1c3eca9250d,205,102.50,4.06,1,6,4,0.023738,0.538545,TopoStake,pog(D=3_omega=0.50),1.48,1365,0
273,3,0x24898fcb116b48cb2b6fd5d3b4eb599fee0f4633,12.051311,1773024742,8fc06bb5060145ec0ec8d598c33d4f01f21902712bef8732b2f08ca0c1a58dd8,191,95.50,3.37,1,5,3,0.023705,0.538493,TopoStake,pog(D=3_omega=0.50),1.48,1366,0
273,4,0x58a21eeb7ab18ba8adf1296e66a4487076e95dac,24.107018,1773024744,de6dbc04fae3e2a16e13d4adbbf09886246bb349ab375ba496907ddbaa2a0be9,213,106.50,3.49,1,5,4,0.023684,0.538307,TopoStake,pog(D=3_omega=0.50),1.46,1367,0
274,0,0x282f43759e22b50aa7989261c51c367f325c3f91,8.341433,1773024746,302db799e4f344ce7ebbca5e2021ee5b0016112e4a6b84f0916405756deef8a9,216,108.00,3.84,1,5,4,0.023675,0.538373,TopoStake,pog(D=3_omega=0.50),1.41,1368,0
274,1,0x71f297f96355f349d66f0e9b681e7d4e11224660,10.165253,1773024748,74e22308a77c1ef28bd41b407462a7fcde346baddbbb8df10697c2fe33ffeec5,250,125.00,3.75,1,6,4,0.023651,0.537902,TopoStake,pog(D=3_omega=0.50),1.10,1369,0
274,2,0xa7e4d4d949807065ebf85adc1be8c382c7236c15,12.213368,1773024750,8d9bde172e6d2e0b77ae0545ff5783a1d7ad94b5bf01e56b52d02319dc695465,216,72.00,3.81,1,5,4,0.023629,0.537551,TopoStake,pog(D=3_omega=0.50),1.87,1370,0
274,3,0x13f9dadc05f6c237b03411e2aed1800cf21a5d89,85.410617,1773024753,1c93c521b5d16f3caac228876fcb0a04210c861e5c62fa31baaa1765ffac0063,205,102.50,3.93,2,6,4,0.023608,0.537369,TopoStake,pog(D=3_omega=0.50),1.61,1371,0
274,4,0x13f9dadc05f6c237b03411e2aed1800cf21a5d89,86.411707,1773024754,d49f82da9c9e555193901ee348605b31f70e10a77138b9ba3f48161ca5765baf,218,109.00,3.04,1,5,3,0.023658,0.537669,TopoStake,pog(D=3_omega=0.50),1.54,1372,0
275,0,0x6064b9f5883bf9737dfe314ff68c56e09e68ac89,29.216351,1773024756,759e28637f14ff8ca021b23ddf611fc98701175bc85a29f5d7f9589fd0202883,99,99.00,3.09,1,5,3,0.023708,0.537969,TopoStake,pog(D=3_omega=0.50),0.99,1373,0
275,1,0xdcf2130496e27a8094ab996aea4aa77788d65869,25.523747,1773024758,5fafa22431becafd1410192de8cf2de99b49088940f03927937283e26ec02d0a,193,96.50,3.91,1,5,4,0.023704,0.538142,TopoStake,pog(D=3_omega=0.50),1.48,1374,0
275,2,0x81193196c1dbdbf80709d43a5af5ce21c201fbd7,5.824893,1773024760,c0fbeba32e4931b33c78455e3c7f6fcfcb49ed87bc497b8354d3742433e60381,250,125.00,3.88,1,5,4,0.023696,0.538266,TopoStake,pog(D=3_omega=0.50),1.44,1375,0
275,3,0xd39dbd3662315e3935ec08e6b6028e73b3c09de2,24.931061,1773024762,0c8db591e37c6e85d1836487535d0c95e39ecf1ec32fa3382b74aede353eeb85,250,125.00,3.80,1,6,4,0.023670,0.537721,TopoStake,pog(D=3_omega=0.50),1.12,1376,0
275,4,0x13f9dadc05f6c237b03411e2aed1800cf21a5d89,87.412419,1773024764,9c063d2323f2aa811109999355a15b3aabfd2b571af2516e11e4d4c3f453a7e7,212,70.67,4.21,1,6,4,0.023661,0.537811,TopoStake,pog(D=3_omega=0.50),1.86,1377,0
276,0,0x24898fcb116b48cb2b6fd5d3b4eb599fee0f4633,13.052270,1773024767,a7d68b250295c5d1fe6111ce7f29f87fa92d46f36ac521058712b453a07232fb,240,120.00,3.14,1,5,3,0.023712,0.538110,TopoStake,pog(D=3_omega=0.50),1.78,1378,0
276,1,0x95ab54d268473cce82094026afefdbd5cadf418b,2.578522,1773024768,cc8975851b6259802e9164ce1fdf80b917613806e5348046a5814850b532e20c,186,93.00,3.56,1,5,4,0.023692,0.537973,TopoStake,pog(D=3_omega=0.50),1.48,1379,0
276,2,0x24898fcb116b48cb2b6fd5d3b4eb599fee0f4633,14.053176,1773024770,98078dfb327319dcc8ef1d8346dcd2e02869219899769de33abb4bc488067b34,93,93.00,4.59,1,6,5,0.023663,0.537223,TopoStake,pog(D=3_omega=0.50),1.00,1380,0
276,3,0x8719ca31b72ae8a5404006763c53d5ad503dbcb0,9.103874,1773024772,9ca258587248aa2b82faefcca1f23bcafceefbbe68bcbe5470a790a88d6fd2c2,208,104.00,3.62,1,5,4,0.023644,0.537141,TopoStake,pog(D=3_omega=0.50),1.50,1381,0
276,4,0xa447d277b02012c2afd9ddcbbe123f27cc971963,13.807882,1773024774,e088e5a598f5bca2ec52aea64cf38816fd2e2ed6a960ce1479d02641cc9de101,210,105.00,4.12,1,5,4,0.023621,0.536710,TopoStake,pog(D=3_omega=0.50),1.46,1382,0
277,0,0x30509a8084fdfe6fe24d9c9a817c209ad194f8e3,56.723078,1773024776,168c8eaaf7fcaee6478875c02c7c3639526cc295514f171cd69f58cb36a43996,250,125.00,3.53,1,5,4,0.023602,0.536609,TopoStake,pog(D=3_omega=0.50),1.37,1383,0
277,1,0x075e1d95c7891e1c00414ca1aa9a7a8cf6270019,57.224678,1773024778,47e1e8b2e0866200831eab8b168de5fc030642157881dfe0c759bad6a77e0b60,250,125.00,3.32,1,5,3,0.023623,0.536873,TopoStake,pog(D=3_omega=0.50),1.20,1384,0
277,2,0x49b57eb4dace37c8819daf079c9c674f766d4f38,14.229488,1773024781,f60abe882d6500fa6fb22e9f580302f511797be63febbcbaa7c6cede9ff27a05,250,83.33,3.22,1,5,3,0.023645,0.537143,TopoStake,pog(D=3_omega=0.50),1.86,1385,0
277,3,0xd39dbd3662315e3935ec08e6b6028e73b3c09de2,25.931920,1773024782,23e9f8b4b70631ad371ca4a88025d1126dbeed9371dcac5b23fb4499d6db4b94,119,59.50,4.01,2,6,4,0.023645,0.537144,TopoStake,pog(D=3_omega=0.50),1.13,1386,0
277,4,0xa068e3c9a21c8d8be636cd2d285895979ec3262e,25.977261,1773024784,9b63727f385206465d7b58b415a612941d49bc8a647e06288149231626e568b7,115,115.00,4.48,1,6,5,0.023638,0.537268,TopoStake,pog(D=3_omega=0.50),1.00,1387,0
278,0,0x07902d0371763a00d97ed9ba16ff0a206cb0fd19,98.701050,1773024786,ac596519c4d15d47972c27de0868f49354a99e1cbed234b96f60df4a629b77d4,222,111.00,4.34,1,6,4,0.023630,0.537380,TopoStake,pog(D=3_omega=0.50),1.54,1388,0
278,1,0x63f4973c0df8a5358405f396dc0673a463c48de9,31.931462,1773024788,17b78752d9fa3b9afa1bed47d639bfbddf27e26de0dc9e3f004c47189c80f4a5,208,104.00,2.75,1,4,3,0.023691,0.537691,TopoStake,pog(D=3_omega=0.50),1.37,1389,0
278,2,0x075e1d95c7891e1c00414ca1aa9a7a8cf6270019,58.225996,1773024790,65dd6d8731c70210f9500f967b5f5e249b69fa5d2be76fb3d4574f2a8caa9e98,223,111.50,3.52,1,5,4,0.023689,0.537879,TopoStake,pog(D=3_omega=0.50),1.01,1390,0
278,3,0xe478b1e4d1538274c0c70cbd7df877f9abab2f62,10.294887,1773024792,4fea5a30d77f40bdcb914d0a520e1db5630c359ca531ecad209740e78dde5d0c,217,108.50,3.14,2,5,3,0.023712,0.538162,TopoStake,pog(D=3_omega=0.50),0.72,1391,0
278,4,0x28672c71695142588ed26ada6f4b18b8b6c12308,9.682876,1773024794,2ae319a2d26f4bcf4efa14ba771ab6b02d56d4dc04c059c626d8975da776a8ff,204,68.00,4.01,1,5,4,0.023690,0.537813,TopoStake,pog(D=3_omega=0.50),1.55,1392,0
279,0,0x269cdf52f97e1d9f14b7be895155a7b294f0b21d,57.796962,1773024796,16c86b7d18158973f33b29ef1434382ce39fe975ee61d6b98df1c211780d5c4c,219,109.50,3.66,1,5,4,0.023667,0.537411,TopoStake,pog(D=3_omega=0.50),1.56,1393,0
279,1,0x34412315480562da4810040fd15c81f99880e1ab,10.893425,1773024798,56c5fb01879d82718241474994bb6dfa1a1405cef798236e02e6c17b690dbdf6,87,87.00,3.67,2,5,4,0.023689,0.537680,TopoStake,pog(D=3_omega=0.50),1.00,1394,0
279,2,0x075e1d95c7891e1c00414ca1aa9a7a8cf6270019,59.227174,1773024800,e60c61032ee560cb73e9c80dde98380b3dedb5a0a56f6302456ac4020a9d90e5,213,106.50,4.11,1,6,4,0.023667,0.537367,TopoStake,pog(D=3_omega=0.50),1.43,1395,0
279,3,0xa9105f442328d397529b8e4e9e656fa89016ff45,8.458438,1773024802,5d523df7bd639bece98adcbe9d7db2c32bfe52bb24a2f0d65681ad4b3b2e8d1a,184,92.00,3.03,1,5,3,0.023690,0.537649,TopoStake,pog(D=3_omega=0.50),1.33,1396,0
279,4,0x07902d0371763a00d97ed9ba16ff0a206cb0fd19,99.702499,1773024804,78f27ccfcfe45c2457db4a25b628d6c99432a1bb97484d74e20dfc2d2237c373,245,122.50,3.56,1,5,4,0.023666,0.537176,TopoStake,pog(D=3_omega=0.50),1.33,1397,0
280,0,0x8d9e46becf415ca26aa698c9657087e6554aabda,4.369013,1773024806,cf9aecb8f89dc73d063165d4b924392fb3781280bbe9563dd0700dd77ce4a8d8,250,83.33,2.80,1,4,3,0.023727,0.537486,TopoStake,pog(D=3_omega=0.50),1.88,1398,0
280,1,0x71f297f96355f349d66f0e9b681e7d4e11224660,11.166124,1773024808,bc140af645fb04c82cfab974efd2fdfbf90c0cfb2462d39094663a0f06ebc84f,226,113.00,3.69,1,5,4,0.023699,0.536872,TopoStake,pog(D=3_omega=0.50),1.70,1399,0
280,2,0x016d3fc36beee7caa8fbd6c1caa42461dd7f9850,43.941629,1773024811,2d789ac7e27a29292f469e7ef7f45a8ce7a2e73c8ac0a80117c1c1ba9f59cdb7,186,93.00,3.87,1,5,4,0.023700,0.536872,TopoStake,pog(D=3_omega=0.50),1.50,1400,0
280,3,0x13f9dadc05f6c237b03411e2aed1800cf21a5d89,88.414652,1773024812,37e081e1307696d01803652b49fb2f408e4e119c00441bf83ef7e9efc2aae576,177,88.50,3.12,2,4,3,0.023687,0.536798,TopoStake,pog(D=3_omega=0.50),1.46,1401,0
280,4,0xb990cdf21950e6086c350175c4bc504e45858230,2.102041,1773024814,5fdbd7277ac00b67ecd339853baa580846bed0775b17b3f020fe4bc81a910003,84,84.00,3.20,1,5,3,0.023737,0.537094,TopoStake,pog(D=3_omega=0.50),1.00,1402,0
281,0,0x408bb0bf84df50b21c53c74420987f172d4036a1,1.778188,1773024816,e2238f52019be98832b9b176692463bdecc29a479fa64c965268d42a3514c8bf,227,113.50,4.00,1,5,4,0.023707,0.536321,TopoStake,pog(D=3_omega=0.50),1.45,1403,0
281,1,0x13f9dadc05f6c237b03411e2aed1800cf21a5d89,89.415162,1773024818,89245dee9ff57412f0522d94be683c74285aa2005ab045fea56830dafedc8da0,235,117.50,3.46,1,5,4,0.023677,0.535514,TopoStake,pog(D=3_omega=0.50),1.23,1404,0
281,2,0xeaa5003682d7289190651081ae2bee847097afc5,13.754831,1773024820,0f2be50e83b2ad86dc49fb36e282446f6027cd57bc6926a1ada46857425588f4,250,125.00,3.04,1,5,3,0.023728,0.535809,TopoStake,pog(D=3_omega=0.50),0.91,1405,0
281,3,0x30405867b72597aaeb27803bb2c7f3f5fc7d5384,12.515143,1773024822,e3e51191ade02805e3ded0a5c65ddffc5a7f478acdcb000c6143b2be06b9ac22,225,75.00,4.29,1,6,4,0.023709,0.535695,TopoStake,pog(D=3_omega=0.50),1.70,1406,0
281,4,0x4a217e35f6402e7f62a49f6d62e27c6585c2f3fd,6.476908,1773024824,f9d13b8236a6f02256711d72e2f3edfe6527cfe37cebcf377b30f1debda3eae5,213,106.50,3.53,1,5,4,0.023688,0.535520,TopoStake,pog(D=3_omega=0.50),1.64,1407,0
282,0,0x07902d0371763a00d97ed9ba16ff0a206cb0fd19,100.704409,1773024826,7122b536389f0eef108a1c72b20bdd37d1a64380b72b54110b6ad97af57afeba,99,99.00,3.75,2,5,4,0.023688,0.535521,TopoStake,pog(D=3_omega=0.50),1.00,1408,0
282,1,0xcdc82b7c868072205a399d0f68e6e3ad3bfd1ca6,3.186329,1773024828,adf340ecd9532ee688039415573fe23c40b062de463e4ad3f147dd4c93264603,196,98.00,2.76,1,4,3,0.023749,0.535829,TopoStake,pog(D=3_omega=0.50),1.51,1409,0
282,2,0xb2a7fe70a6f3137d38f6cb4c3ec6dd1e24f2d5f4,12.416519,1773024830,904af535b9fdee54ddc1b550e2e33be14ec1b09c35b8cbe4da1289ddb1046192,225,112.50,3.52,1,5,4,0.023720,0.535110,TopoStake,pog(D=3_omega=0.50),1.34,1410,0
282,3,0x719361397abe003a91af76243e5f9c7a0cd4279f,46.597026,1773024832,487e4c43e09f31e2ec93e0b949ef62007cdb0a673ed89ca45ab6636fff9de1be,212,106.00,4.32,1,6,4,0.023700,0.534919,TopoStake,pog(D=3_omega=0.50),1.39,1411,0
282,4,0xa9105f442328d397529b8e4e9e656fa89016ff45,9.459457,1773024834,4ae6f23434e63388af2d6596c7c48711d080aadb9a3f2d5bb715425078ac1ad5,250,83.33,3.84,1,5,4,0.023711,0.535159,TopoStake,pog(D=3_omega=0.50),2.07,1412,0
283,0,0x07902d0371763a00d97ed9ba16ff0a206cb0fd19,101.705644,1773024837,f4cf212c426d75fcdebf81532b0a7bee261f1942e9bf7c0834838a5a031147ce,186,93.00,3.79,1,5,4,0.023688,0.534740,TopoStake,pog(D=3_omega=0.50),1.59,1413,0
283,1,0x24898fcb116b48cb2b6fd5d3b4eb599fee0f4633,15.054025,1773024838,240da4fcfba9702468afa57a7870dc4d44a7ec56a062e878ad5967b5fc808c95,188,94.00,2.89,1,4,3,0.023749,0.535047,TopoStake,pog(D=3_omega=0.50),1.48,1414,0
283,2,0xfdc414c57908f0e2a6a926079902d4688d553610,4.157644,1773024840,f586dec2e2e7adbcf414aa4b0dad8c2b8dce4221d3f241baa97cc55f0f029c93,95,95.00,3.58,1,5,4,0.023731,0.534979,TopoStake,pog(D=3_omega=0.50),0.99,1415,0
283,3,0xaadc5fea232580cb8fba739ac5d05a48559c7e52,12.353635,1773024842,bb3f25d640d5e8d9c9bbd200ef18db9218e5a9bbe725cb2d3500be8697b472cf,173,86.50,4.65,1,6,5,0.023704,0.534353,TopoStake,pog(D=3_omega=0.50),1.49,1416,0
283,4,0xd1cd4b808ce6b2841ad42746b64c5a047e857ef0,23.256598,1773024844,fb8ffb74ce7a909e34c1d5ae7f6a8c5bdd90e56d17aff99aea864b4f13dc9557,195,97.50,4.26,1,6,4,0.023683,0.534148,TopoStake,pog(D=3_omega=0.50),1.50,1417,0
284,0,0xc24b36dee27726233c3bbd9e1f028f98b6b2a424,29.438041,1773024846,a447a2c207ca0e01ddb77fddd9b992ccb5fc4a154dfad23e1670befdcca1f602,250,125.00,3.75,1,6,4,0.023673,0.534196,TopoStake,pog(D=3_omega=0.50),1.27,1418,0
284,1,0x71f297f96355f349d66f0e9b681e7d4e11224660,12.166873,1773024848,f372250d5fe1008be1c97577cd2304b03a1338ed35d5dd8c408d2617aeb80f44,229,76.33,3.95,1,6,4,0.023668,0.534358,TopoStake,pog(D=3_omega=0.50),1.96,1419,0
284,2,0x30509a8084fdfe6fe24d9c9a817c209ad194f8e3,57.725030,1773024851,5f42e8bcfb2898d172eec23525f37cd1a48346a2043a43576ef3342d2b9efc9c,212,106.00,3.98,1,5,4,0.023648,0.534134,TopoStake,pog(D=3_omega=0.50),1.58,1420,0
284,3,0x8c11ec9090dd820c076e57e899d9c604c79d6b32,23.577392,1773024852,2053d42e65d60cf8680f84d6f9c6742d92d91f0bc8a794d283fa8cf5d52353db,193,96.50,3.29,1,5,3,0.023669,0.534387,TopoStake,pog(D=3_omega=0.50),1.53,1421,0
284,4,0x1796dc61e715f15a2d27dfa32bd34780f12a8c24,19.746895,1773024854,e6702c5ff319cf634817728d7b6ae847e8d8315acc536bfdad0acc5d8b0097b5,96,96.00,4.29,2,5,4,0.023659,0.534430,TopoStake,pog(D=3_omega=0.50),1.00,1422,0
285,0,0x408bb0bf84df50b21c53c74420987f172d4036a1,2.779114,1773024856,148e0227d78fad338ce13192ab34f42525dbec7d48c336d6c975140e5a451ba5,211,105.50,3.26,1,5,3,0.023645,0.534441,TopoStake,pog(D=3_omega=0.50),1.51,1423,0
285,1,0x0d91704595bff3aec25d40822498a51c62b05e3a,16.585919,1773024858,4c64dbff6c84e29c1aa801fa35b65c7b5dc1c185f353a6aed80e6c488fabd2c7,223,111.50,3.55,1,5,4,0.023617,0.533697,TopoStake,pog(D=3_omega=0.50),1.37,1424,0
285,2,0x24898fcb116b48cb2b6fd5d3b4eb599fee0f4633,16.054412,1773024860,f6627d53ea8f2d32681d2898820fed2efd556a750dbe6ae09d182f1273c7dbf0,250,125.00,3.26,1,5,3,0.023600,0.533663,TopoStake,pog(D=3_omega=0.50),1.07,1425,0
285,3,0x9c39f7fffaa5c5cfab20dfdd05663497918580c1,13.427518,1773024862,38e09c8a54e176bc6929b53269bd67a8bf56c7cc38a9bce218e4d8c4930d0790,221,73.67,3.52,1,5,4,0.023584,0.533608,TopoStake,pog(D=3_omega=0.50),1.70,1426,0
285,4,0x81d019380961f92c2031b0a7fba69f7675145088,14.491750,1773024865,9d1b7cbcbe7c68445b473d24f3af763d5a28cd97d2cef38edab2800910102028,224,112.00,4.04,1,5,4,0.023564,0.533472,TopoStake,pog(D=3_omega=0.50),1.59,1427,0
286,0,0x24898fcb116b48cb2b6fd5d3b4eb599fee0f4633,17.055524,1773024866,4d01fc7692e93545fa5dcd073c07846288408bd893df9b74a60e9c8eae83fdcd,187,93.50,3.73,1,5,4,0.023546,0.533382,TopoStake,pog(D=3_omega=0.50),1.49,1428,0
286,1,0x07902d0371763a00d97ed9ba16ff0a206cb0fd19,102.707366,1773024868,6d46a6447d29412e3568daf35e1349ef38020f9dce4c6aa6020bf76a97158301,81,81.00,3.47,1,5,4,0.023531,0.533347,TopoStake,pog(D=3_omega=0.50),0.99,1429,0
286,2,0x3d92e045fb1847aae132b40ebfcc471a32f687de,10.122675,1773024870,a5a215578d335084e95140f8bf01d24b10340c523b351537c869b80ea4f6b93a,226,113.00,2.75,1,4,3,0.023591,0.533652,TopoStake,pog(D=3_omega=0.50),1.38,1430,0
286,3,0xcdc82b7c868072205a399d0f68e6e3ad3bfd1ca6,4.187155,1773024872,6a4975f056887f4673a5be34e752940ed29a740d83c994f9392529127228e7ee,215,107.50,3.91,1,5,4,0.023569,0.533276,TopoStake,pog(D=3_omega=0.50),1.34,1431,0
286,4,0x28672c71695142588ed26ada6f4b18b8b6c12308,10.683555,1773024874,941e91312bde2f3421dd111eda948e45d288a355c16458bab79243c250cca9d0,250,125.00,3.62,1,5,4,0.023542,0.532646,TopoStake,pog(D=3_omega=0.50),1.00,1432,0
287,0,0xe6ebb0cdfd04183d498964e5efc4096ba77b17d6,36.322838,1773024876,0df6a1f86b9399ae52d8a95e1e6f7b53b306520fd288251bd2dea141fea4cfd9,234,78.00,3.59,1,5,4,0.023521,0.532303,TopoStake,pog(D=3_omega=0.50),1.61,1433,0
287,1,0xd61b00c297972877b45f8d7f4d67fdaf20c67c59,10.324253,1773024878,329d5e13a8e7e29b7963ffb88d1e98b0d178442a5156d4cd0ffd5f559ef1583c,211,105.50,4.21,1,6,4,0.023522,0.532515,TopoStake,pog(D=3_omega=0.50),1.51,1434,0
287,2,0x49b57eb4dace37c8819daf079c9c674f766d4f38,14.228918,1773024880,9ef2a2f46f1d690151a7a0be4bb2ebeaeb9f15a14b30d3c32a1072eaf03338af,110,110.00,4.47,2,6,5,0.023500,0.532135,TopoStake,pog(D=3_omega=0.50),1.00,1435,0
287,3,0x30509a8084fdfe6fe24d9c9a817c209ad194f8e3,58.726234,1773024882,ec2b23fcf1d117e9a5a690cef474fcfb7abd0f7de7898898118b53fd0edb664b,205,102.50,3.98,1,6,4,0.023482,0.532024,TopoStake,pog(D=3_omega=0.50),1.46,1436,0
287,4,0xeb82a21cb3d0dd781eb22ad74bb7cd9b4d2a06ec,15.922391,1773024884,6d3e63a081990ff07fb3b23fe0d0b83b1b4ec672bd43b1aeb62bac5b0efc1568,232,116.00,3.27,1,5,3,0.023503,0.532289,TopoStake,pog(D=3_omega=0.50),1.37,1437,0
288,0,0x13f9dadc05f6c237b03411e2aed1800cf21a5d89,90.418211,1773024886,7f88f43073af8339bde310dccf2eb77ac8a3e80f25ca50295bb0a1d1d0147fb0,243,121.50,3.94,1,6,4,0.023486,0.532221,TopoStake,pog(D=3_omega=0.50),1.14,1438,0
288,1,0xdcf2130496e27a8094ab996aea4aa77788d65869,26.524599,1773024888,ab886b29243fff3b949851b1c1b88e1e55af89dcd9f87970b6bef0a13a6715d5,250,83.33,3.01,1,5,3,0.023535,0.532512,TopoStake,pog(D=3_omega=0.50),1.80,1439,0
288,2,0x1d1d2c63625de70b1e5ef40056bd2deb89d7fef2,12.064949,1773024891,ec3c4bee62a278cf4ba6632f782db220a695aa8d73cde4cce7febc55d14a2571,197,98.50,3.96,2,5,4,0.023528,0.532633,TopoStake,pog(D=3_omega=0.50),1.50,1440,0
288,3,0x13f9dadc05f6c237b03411e2aed1800cf21a5d89,91.419479,1773024892,a30d543f2653190ebf82a5fff31b29ed2f3a90fcd3737a8e303b196b95fe322b,191,95.50,3.66,1,5,4,0.023508,0.532397,TopoStake,pog(D=3_omega=0.50),1.49,1441,0
288,4,0xc339f8bf978200eb65afce6c7121402eda949097,5.059111,1773024894,1b002710446b7a0ecff18f9e53961056a917370b253c198045b3ce29ac28873e,110,110.00,2.93,1,4,3,0.023557,0.532688,TopoStake,pog(D=3_omega=0.50),0.97,1442,0
289,0,0x30509a8084fdfe6fe24d9c9a817c209ad194f8e3,59.727485,1773024896,2a1df66fb8f5e8286fca129767d614e494f9a1f30a74f7db210ab949f2884d05,193,96.50,4.26,1,6,4,0.023531,0.532103,TopoStake,pog(D=3_omega=0.50),1.44,1443,0
289,1,0x49b57eb4dace37c8819daf079c9c674f766d4f38,15.229845,1773024898,935fff6a601f3b9f149aa63af1712b5b710f26a174a050f27fed3450c1cb8d85,237,118.50,3.21,2,5,3,0.023552,0.532374,TopoStake,pog(D=3_omega=0.50),1.27,1444,0
289,2,0xea287b266dbe2c2d402fd91814bcfc4c95d6b0fd,10.158178,1773024900,95e3f75199f9e65e64af4d6d4f4f105475b75c39a7eaf1483b349587235d3fe5,211,105.50,3.91,1,6,4,0.023535,0.532290,TopoStake,pog(D=3_omega=0.50),1.13,1445,0
289,3,0x63f4973c0df8a5358405f396dc0673a463c48de9,32.932393,1773024902,c72cb622683b94f4e8b85f08869615d81862067a4babff8183a11b167f0bb3fd,250,83.33,4.09,1,6,4,0.023513,0.531891,TopoStake,pog(D=3_omega=0.50),1.98,1446,0
289,4,0x07902d0371763a00d97ed9ba16ff0a206cb0fd19,103.709706,1773024905,5969a179433655bbd981b63e4f6ec45b42638c42003ffb00c855dbd6355e2df5,178,89.00,3.76,2,5,4,0.023513,0.531891,TopoStake,pog(D=3_omega=0.50),1.54,1447,0
290,0,0x07902d0371763a00d97ed9ba16ff0a206cb0fd19,104.710691,1773024906,700a54e1a1c3508d8bca8126a7cdcb956501f303225f94104ccfbfacbb47f03c,197,98.50,2.79,2,4,3,0.023573,0.532194,TopoStake,pog(D=3_omega=0.50),1.47,1448,0
290,1,0x269cdf52f97e1d9f14b7be895155a7b294f0b21d,58.797992,1773024908,efb45e21c6ffe300e1f18d8881080636de01900ea18ea242420b964dec55a13f,100,100.00,2.83,2,4,3,0.023633,0.532496,TopoStake,pog(D=3_omega=0.50),1.00,1449,0
290,2,0x269cdf52f97e1d9f14b7be895155a7b294f0b21d,59.798992,1773024910,3972df5bb7ffbacb2f8c26bfe38c4e53f2ababd7142bf5cbaac02280b86ce111,204,102.00,3.57,1,5,4,0.023654,0.532746,TopoStake,pog(D=3_omega=0.50),1.47,1450,0
290,3,0x8c11ec9090dd820c076e57e899d9c604c79d6b32,24.577526,1773024912,106434210e7f458dc4006d04f1f7b00d319f434aba0e862143cab6f13a2a0b42,214,107.00,3.47,1,5,3,0.023675,0.533003,TopoStake,pog(D=3_omega=0.50),1.29,1451,0
290,4,0x0d91704595bff3aec25d40822498a51c62b05e3a,17.587062,1773024914,fa3264151a04fff18b101ac5ca476a9b115b56f9c7ab26c7594e60eea6791219,238,119.00,3.94,1,6,4,0.023665,0.533067,TopoStake,pog(D=3_omega=0.50),1.14,1452,0
291,0,0x13f9dadc05f6c237b03411e2aed1800cf21a5d89,92.420366,1773024916,eb1866a8e2ceb6f0b90a151987d1987f34f0bd439ee7d2630016ea2850031aea,241,80.33,3.32,1,5,3,0.023650,0.533044,TopoStake,pog(D=3_omega=0.50),1.90,1453,0
291,1,0x63f4973c0df8a5358405f396dc0673a463c48de9,32.932387,1773024919,75d3a0697efa409bc0959b6b464d76db2591fdbb97acca529a7364c1311af892,192,96.00,3.11,1,5,3,0.023699,0.533332,TopoStake,pog(D=3_omega=0.50),1.57,1454,0
291,2,0x606627477c3734932f47972f83c27cf4e3b35b4f,28.400749,1773024920,ed38e689565c656d92de7e933855a12ae225296e922a13f455bae3cb19b81ac2,188,94.00,3.59,1,5,4,0.023699,0.533332,TopoStake,pog(D=3_omega=0.50),1.46,1455,0
291,3,0x408bb0bf84df50b21c53c74420987f172d4036a1,3.779854,1773024922,88efb76e58be19ffdf7db2724a0151305a5efa1f8ab13fea24f0a538d9bde6dc,107,107.00,3.70,1,5,4,0.023691,0.533657,TopoStake,pog(D=3_omega=0.50),0.99,1456,0
291,4,0x30509a8084fdfe6fe24d9c9a817c209ad194f8e3,60.728974,1773024924,cb053422ba6178eafba7b4a4ab5a9b2b18a53de378b3df68d1987625b79cb226,196,98.00,3.55,1,5,4,0.023663,0.532996,TopoStake,pog(D=3_omega=0.50),1.48,1457,0
292,0,0x719361397abe003a91af76243e5f9c7a0cd4279f,47.598333,1773024926,be48e14211f5d081dffd1ce9a5c66ee6e5ff54777759b25b65b3f2269e293f52,191,95.50,3.30,1,5,3,0.023685,0.533269,TopoStake,pog(D=3_omega=0.50),1.31,1458,0
292,1,0xb2a7fe70a6f3137d38f6cb4c3ec6dd1e24f2d5f4,13.416750,1773024928,b2b6283a8e7bbd8d4d94fba8905f2bf4922916f7b097ae63ccc7fd97149b8af9,250,125.00,3.78,1,5,4,0.023695,0.533503,TopoStake,pog(D=3_omega=0.50),1.02,1459,0
292,2,0xaadc5fea232580cb8fba739ac5d05a48559c7e52,13.354049,1773024930,4eea101877009c60b98806020e5831f0ab033f55dcc8784e34e4643cd1cca048,242,80.67,4.29,1,6,4,0.023695,0.533504,TopoStake,pog(D=3_omega=0.50),1.89,1460,0
292,3,0x30509a8084fdfe6fe24d9c9a817c209ad194f8e3,61.729974,1773024932,5152f6dbf526ef97ea63d51ae2a1ad55d3c851b8d4233ec5e00457cba89b2f77,117,58.50,4.63,3,6,5,0.023676,0.533354,TopoStake,pog(D=3_omega=0.50),1.37,1461,0
292,4,0xd39dbd3662315e3935ec08e6b6028e73b3c09de2,26.932041,1773024934,3e76475a0f3ceac781d14c84403bba8658091577e3fbf3d0180b97c7d0b94fc5,84,84.00,3.37,1,5,3,0.023679,0.533462,TopoStake,pog(D=3_omega=0.50),1.00,1462,0
293,0,0xb2a7fe70a6f3137d38f6cb4c3ec6dd1e24f2d5f4,14.417702,1773024936,bb3bafbe7af171ac82a4b8cedd9544559f3c464e4a9c03c3b21e59c6ca0bacf4,187,93.50,4.53,1,6,5,0.023672,0.533583,TopoStake,pog(D=4_omega=0.50),1.49,1463,0
293,1,0x377eaef292051bbf8ada05b2af76a3f3b9d722a7,4.039103,1773024938,f3dcd5c569801065a03a80ffd7b1f7ae866d2a796cbfd8266ffe0d9aed6932a6,202,101.00,4.17,1,6,4,0.023654,0.533467,TopoStake,pog(D=4_omega=0.50),1.46,1464,0
293,2,0xe6ebb0cdfd04183d498964e5efc4096ba77b17d6,37.323695,1773024940,5f776fab5809f8941b902f329e96c6e3a9e8398c8cb12959b17a7a38895aa22d,243,121.50,3.55,1,5,4,0.023627,0.532820,TopoStake,pog(D=4_omega=0.50),1.23,1465,0
293,3,0x81d019380961f92c2031b0a7fba69f7675145088,15.492331,1773024942,9c175a177dde6c02048098bea78c61977ad2d01fb023d307338828fd24b87a20,245,122.50,3.93,1,6,4,0.023628,0.533027,TopoStake,pog(D=4_omega=0.50),0.91,1466,0
293,4,0xa9105f442328d397529b8e4e9e656fa89016ff45,10.459555,1773024944,63926011003e89e72b8ba233c1b9d8fb10fa0757517df3a1f146f898f651f13d,208,69.33,3.66,1,5,4,0.023611,0.532938,TopoStake,pog(D=4_omega=0.50),1.71,1467,0
294,0,0xac768e60b9269babb15cb1e36ee843243d7c7543,25.736731,1773024947,128f18d3a4d6d73c5aa510c3938ec1dc5b4712af1c16c5ee460b79e4331f86a9,210,105.00,3.78,2,5,4,0.023589,0.532555,TopoStake,pog(D=3_omega=0.50),1.52,1468,0
294,1,0xc774b0fee7cabbef3b1ae14bf36db3df0d32c1df,11.165182,1773024949,0e0bcce185c512e1fe0ac220489cafdca1b4b39dc3591731c98da2a580fad8ea,211,105.50,4.01,1,5,4,0.023581,0.532645,TopoStake,pog(D=3_omega=0.50),1.54,1469,0
294,2,0x07902d0371763a00d97ed9ba16ff0a206cb0fd19,105.712413,1773024951,21c7578ec5a74617c36e42f032d2c1cc153f997cac3f9b8aa72f902f409eef9b,180,90.00,4.00,1,5,4,0.023560,0.532334,TopoStake,pog(D=3_omega=0.50),1.53,1470,0
294,3,0xa068e3c9a21c8d8be636cd2d285895979ec3262e,26.977464,1773024953,ca216d085b00a6973009696e6e63a6df40fa38b8e476edc84da3c4ffa0ddef8e,208,104.00,2.63,1,4,3,0.023619,0.532632,TopoStake,pog(D=3_omega=0.50),1.29,1471,0
294,4,0x89100a8056319ba37491b32ba255004180607bc2,34.815692,1773024955,09da246e38dea0d96ffcd45bc4a268b273cb665ad74f4ee34a5b1069fbcdcb9a,201,100.50,4.45,1,6,5,0.023612,0.532742,TopoStake,pog(D=3_omega=0.50),1.45,1472,0
295,0,0x13f9dadc05f6c237b03411e2aed1800cf21a5d89,93.422450,1773024957,d2d65e8477bae15143e0d2e9f3a98d7558a44e2760ee43c4e892129b0bfe1c0d,235,117.50,3.86,1,5,4,0.023611,0.532935,TopoStake,pog(D=3_omega=0.50),1.04,1473,0
295,1,0x81193196c1dbdbf80709d43a5af5ce21c201fbd7,6.824678,1773024959,9afc71d6a1c2ef7bf212d7fb7aed1f1d1579fffdc7b6502aa7518c6e598a5c16,250,83.33,3.10,1,4,3,0.023659,0.533219,TopoStake,pog(D=3_omega=0.50),1.72,1474,0
295,2,0x269cdf52f97e1d9f14b7be895155a7b294f0b21d,60.800201,1773024962,59172f2f5677efe2e9a5c73fb753d11a63984922f01d6b0f89df8be89bf1f754,122,61.00,3.99,1,6,4,0.023635,0.532749,TopoStake,pog(D=3_omega=0.50),1.21,1475,0
295,3,0xa9105f442328d397529b8e4e9e656fa89016ff45,11.460476,1773024963,952679be6a8aa6111e82174e72de13a9838f4bfbf0002ccff083e279ce101913,205,102.50,3.67,1,5,4,0.023656,0.533006,TopoStake,pog(D=3_omega=0.50),1.54,1476,0
295,4,0x50f7fa851f9314d682e36da5caa4635039b5305d,18.113814,1773024965,c8c8235c4c7b5e893e6c136123dc6e5976c29936bfc34357d46940480ea44899,93,93.00,3.62,1,5,4,0.023635,0.532716,TopoStake,pog(D=3_omega=0.50),1.00,1477,0
296,0,0x07902d0371763a00d97ed9ba16ff0a206cb0fd19,106.713787,1773024967,47f3a630bb12f10e4a1eee1dabdddad05e5e5d5340995ddffc4e7b0a4f0fc88d,192,96.00,3.33,1,5,3,0.023620,0.532708,TopoStake,pog(D=3_omega=0.50),1.43,1478,0
296,1,0x07902d0371763a00d97ed9ba16ff0a206cb0fd19,107.715017,1773024969,45804b58c0478027a12a24b6b7814ca567c3bc5dadbb155d002cb1197954c2ff,250,125.00,2.76,1,4,3,0.023679,0.533004,TopoStake,pog(D=3_omega=0.50),1.08,1479,0
296,2,0x89100a8056319ba37491b32ba255004180607bc2,35.816801,1773024971,8401216b2f68f6dfa58e8119c0219873bf40eecc77daea4c39718e1ee800733a,232,116.00,2.75,1,4,3,0.023739,0.533300,TopoStake,pog(D=3_omega=0.50),0.73,1480,0
296,3,0x30405867b72597aaeb27803bb2c7f3f5fc7d5384,13.515514,1773024973,4688a518b85f297f7e7ba039915e153549de938c43a5a4111a3d2f8c71faa1cb,191,95.50,3.85,1,5,4,0.023739,0.533492,TopoStake,pog(D=3_omega=0.50),0.56,1481,0
296,4,0x28672c71695142588ed26ada6f4b18b8b6c12308,11.684223,1773024976,d6c655e92fb84d3371997433debcc5012fd0f1dfc9815611599a764379f883ba,194,64.67,3.57,1,5,4,0.023720,0.533324,TopoStake,pog(D=3_omega=0.50),1.66,1482,0
297,0,0x13f9dadc05f6c237b03411e2aed1800cf21a5d89,94.424007,1773024977,fe680101a8ca38e73aa9ab7057009fe61821fb209551a45846b2511cf7ecb3fd,204,102.00,3.62,1,5,4,0.023699,0.533044,TopoStake,pog(D=3_omega=0.50),1.48,1483,0
297,1,0x075e1d95c7891e1c00414ca1aa9a7a8cf6270019,60.230897,1773024979,e43634e7b486475af499600530e34b0ee1fc42128c5a2096940a5d7e9c67597f,112,112.00,3.00,1,4,3,0.023748,0.533326,TopoStake,pog(D=3_omega=0.50),0.98,1484,0
297,2,0x6064b9f5883bf9737dfe314ff68c56e09e68ac89,30.216808,1773024981,021965976c32817bff1dca9b60753baeb50b322996cc1d3b3663ba33d9a5b45c,231,115.50,3.13,1,5,3,0.023767,0.533570,TopoStake,pog(D=3_omega=0.50),1.52,1485,0
297,3,0x24898fcb116b48cb2b6fd5d3b4eb599fee0f4633,18.055456,1773024983,e8b08bfb5992fecce8a18bb766cdfc3bf831f1ff569d69e80c0362e1201c70b5,203,101.50,3.82,1,5,4,0.023762,0.533732,TopoStake,pog(D=3_omega=0.50),1.50,1486,0
297,4,0x8719ca31b72ae8a5404006763c53d5ad503dbcb0,10.103335,1773024985,4c159bed4f880149c19d7314b5e168985452ad794a6626566b899f188ba5d30c,223,111.50,3.52,2,5,4,0.023747,0.533709,TopoStake,pog(D=3_omega=0.50),1.12,1487,0
298,0,0x07902d0371763a00d97ed9ba16ff0a206cb0fd19,108.716557,1773024987,21f07d02f492298eb533bbe242b367250a75e00403a8a2a0a1a0b9614df411a9,195,97.50,4.17,1,6,4,0.023725,0.533296,TopoStake,pog(D=3_omega=0.50),0.97,1488,0
298,1,0x075e1d95c7891e1c00414ca1aa9a7a8cf6270019,61.232232,1773024989,335ea08a5fd6062b9cab02511a5c48a8ed16afe62d759ec1d534f11545d3deb4,223,74.33,2.85,1,4,3,0.023785,0.533590,TopoStake,pog(D=3_omega=0.50),1.71,1489,0
298,2,0x58a21eeb7ab18ba8adf1296e66a4487076e95dac,25.107283,1773024992,c01ce024c112645ad7d9a707aabe2cc02836555e68647e89a4328c1a77668647,178,89.00,3.17,1,5,3,0.023805,0.533837,TopoStake,pog(D=3_omega=0.50),1.49,1490,0
298,3,0x81d019380961f92c2031b0a7fba69f7675145088,16.493121,1773024994,76d3cda51c61ea16a22c74893b252db4f79cebf5123610c4ebb7efffc22485b9,197,98.50,3.93,2,5,4,0.023796,0.533906,TopoStake,pog(D=3_omega=0.50),1.56,1491,0
298,4,0x37cc7a82e66d4f4c2ae13b9ee895d3af1a1d7a05,12.255891,1773024996,850722f23a643767d63d08d999c363cca4fb51fef78d77fe6f2b7edf423c938e,195,97.50,3.76,2,5,4,0.023779,0.533842,TopoStake,pog(D=3_omega=0.50),1.49,1492,0
299,0,0xc339f8bf978200eb65afce6c7121402eda949097,6.059247,1773024998,7becaaef3880409014fc13b0eaae1c777c69559e98e314e42b0beeb41a961c50,218,109.00,3.93,1,6,4,0.023759,0.533602,TopoStake,pog(D=3_omega=0.50),1.43,1493,0
299,1,0x13f9dadc05f6c237b03411e2aed1800cf21a5d89,95.425013,1773025000,be7d643e77a933abe175a532bc1df9b5e4cdd87b6a09b26abeb0e67d2169b9d0,200,100.00,4.21,1,6,4,0.023734,0.533103,TopoStake,pog(D=3_omega=0.50),1.48,1494,0
299,2,0x7e40df5d801345015e84c843908efc6683665fa4,2.638768,1773025002,0f18b31f01f21d63dc0e105f274dc0d23fda1b2caaeed6c06d1aaca4889fe7bf,250,125.00,3.02,1,5,3,0.023783,0.533383,TopoStake,pog(D=3_omega=0.50),1.15,1495,0
299,3,0x89100a8056319ba37491b32ba255004180607bc2,36.817704,1773025004,f195247027bb2877ed0a2ebeb466a8f8a588ded043a410b8262fd1b775cff614,243,81.00,3.43,1,5,3,0.023755,0.532655,TopoStake,pog(D=3_omega=0.50),1.73,1496,0
299,4,0x0d91704595bff3aec25d40822498a51c62b05e3a,18.588281,1773025007,b140b7f0c03c2d73c30cf75a10e5194f03946cb51e7b827f57e9c295724c14c1,209,104.50,3.99,1,5,4,0.023755,0.532846,TopoStake,pog(D=3_omega=0.50),1.51,1497,0
300,0,0x719361397abe003a91af76243e5f9c7a0cd4279f,48.599678,1773025008,532377a8568a97aa0e0f2a2aa1118d27401a8fef0e6f1746d0a6476a31844dcd,218,109.00,3.27,1,5,3,0.023755,0.532846,TopoStake,pog(D=3_omega=0.50),1.51,1498,0
300,1,0x07902d0371763a00d97ed9ba16ff0a206cb0fd19,109.718240,1773025010,6dbeb5873f5eb79b68217e859df6e94b07e989a61938f5df4ddffe6faabfaa1a,111,111.00,3.80,1,5,4,0.023750,0.533061,TopoStake,pog(D=3_omega=0.50),1.00,1499,0
300,2,0x07902d0371763a00d97ed9ba16ff0a206cb0fd19,110.719195,1773025012,c4899644125779252105845a286e34833240aac5ff265b05947a0ff7d346f80c,199,99.50,2.71,1,4,3,0.023809,0.533353,TopoStake,pog(D=3_omega=0.50),1.47,1500,0
300,3,0x075e1d95c7891e1c00414ca1aa9a7a8cf6270019,62.233452,1773025014,609325abd96201177708d41998e3291576216c78d58e9904500c8dc627b62a5b,232,116.00,2.66,1,4,3,0.023869,0.533645,TopoStake,pog(D=3_omega=0.50),1.32,1501,0
300,4,0x37cc7a82e66d4f4c2ae13b9ee895d3af1a1d7a05,13.256813,1773025016,4343b5fc7bd0284724f886a29e3e061b2a4810b9b16158559abc5dbf41cfc700,246,123.00,3.03,1,5,3,0.023890,0.533904,TopoStake,pog(D=3_omega=0.50),0.97,1502,0
301,0,0xe478b1e4d1538274c0c70cbd7df877f9abab2f62,11.294634,1773025018,4e920274effda6468b88a1c1ba41d17072af9ee397e6376255278803f4e416ba,235,117.50,4.01,1,6,4,0.023871,0.533719,TopoStake,pog(D=3_omega=0.50),0.75,1503,0
301,1,0x89100a8056319ba37491b32ba255004180607bc2,37.818668,1773025020,8f91472aa08d2570cb60900801443f4bc6f1b04df652d1652d993610f5b943b2,195,65.00,4.11,1,5,4,0.023850,0.533398,TopoStake,pog(D=3_omega=0.50),1.68,1504,0
301,2,0x1796dc61e715f15a2d27dfa32bd34780f12a8c24,20.748097,1773025022,ae880bf23b20c3246f25df1166db54794a5139bc9128ddce30116a872331cbe5,196,98.00,3.97,1,5,4,0.023850,0.533593,TopoStake,pog(D=3_omega=0.50),1.54,1505,0
301,3,0x89100a8056319ba37491b32ba255004180607bc2,38.819617,1773025024,f7de3d537fa179f84063488d1b8075e47b79543cad39311fc21138e5128e875f,111,111.00,3.24,1,5,3,0.023837,0.533604,TopoStake,pog(D=3_omega=0.50),1.00,1506,0
301,4,0x9c39f7fffaa5c5cfab20dfdd05663497918580c1,14.427663,1773025026,44527fc70ab3c4272651bccc74e3e2893d596291d8d0b3a485e0be6a8bed763e,192,96.00,3.72,1,5,4,0.023839,0.533806,TopoStake,pog(D=3_omega=0.50),1.55,1507,0
302,0,0xa7e4d4d949807065ebf85adc1be8c382c7236c15,13.212735,1773025028,0f07fa1ecd5f948fd3ef346fcb135616c5367e9bc134f89e71a063406c8463f3,186,93.00,3.96,1,5,4,0.023821,0.533680,TopoStake,pog(D=3_omega=0.50),1.52,1508,0
302,1,0x0d91704595bff3aec25d40822498a51c62b05e3a,19.589412,1773025030,8d22b43071068ac96e0c82db2d7363c7fbc0083f4925dc4b0cc647e7fd7f473a,232,116.00,3.89,1,6,4,0.023801,0.533483,TopoStake,pog(D=3_omega=0.50),1.18,1509,0
302,2,0xd46407aa7b668c72de3cf1c1a12b7fa2e308a1b2,16.991972,1773025032,064c5ad6daba5a598eedabd3bda3160b06e4a621bca963af81748b2b3f81370c,232,116.00,3.19,1,5,3,0.023787,0.533481,TopoStake,pog(D=3_omega=0.50),0.97,1510,0
302,3,0x07902d0371763a00d97ed9ba16ff0a206cb0fd19,111.720854,1773025034,ae14b9140372bd7d9b6e8c885de2903f02da06504298c52e7c466dfd227eadfb,194,64.67,3.94,1,5,4,0.023771,0.533423,TopoStake,pog(D=3_omega=0.50),1.56,1511,0
302,4,0x13f9dadc05f6c237b03411e2aed1800cf21a5d89,96.427121,1773025037,2812c7008f06f90eb5777514edee35a58e531f6a23caa5809431241082d204e2,209,104.50,2.67,1,4,3,0.023831,0.533712,TopoStake,pog(D=3_omega=0.50),1.54,1512,0
303,0,0x6064b9f5883bf9737dfe314ff68c56e09e68ac89,31.217783,1773025039,64dd50c040842d6c11ffcab3cc1c11fd56e9b9168a5c66af2fa8b319701f5d3d,200,100.00,2.99,1,5,3,0.023879,0.533989,TopoStake,pog(D=3_omega=0.50),1.51,1513,0
303,1,0xa9105f442328d397529b8e4e9e656fa89016ff45,12.460388,1773025041,81d724833224530260b7d1e2d48621979ae566eda8b601b3b51b7c4a94df4c68,180,90.00,3.78,1,5,4,0.023874,0.534152,TopoStake,pog(D=3_omega=0.50),1.51,1514,0
303,2,0xcdc82b7c868072205a399d0f68e6e3ad3bfd1ca6,5.187180,1773025043,b07d2c78bd53cec3c8a42e2a2321b66cfb71e7b7a62dc6d95b7d36e729804333,187,93.50,3.69,1,5,4,0.023854,0.533914,TopoStake,pog(D=3_omega=0.50),1.49,1515,0
303,3,0x687bf2437a044a3e42ff2f8a79a8e54ba9601f70,9.055264,1773025045,75d0be0eb348c570a8cb8284d33f962c9b39830d11d630029c2333cbe4a2f36f,224,112.00,3.42,1,5,4,0.023828,0.533352,TopoStake,pog(D=3_omega=0.50),1.26,1516,0
303,4,0x016d3fc36beee7caa8fbd6c1caa42461dd7f9850,44.943751,1773025047,8f71178b85772c7aa7ea796404d509b878a0fc0c7382d0e484adcd712c052e2f,210,105.00,3.73,1,5,4,0.023806,0.532927,TopoStake,pog(D=3_omega=0.50),0.96,1517,0
304,0,0x07902d0371763a00d97ed9ba16ff0a206cb0fd19,112.722307,1773025049,f6c8b7288619d98ce25e05e1e614a1e69bb17c3740d4671fd7dcf0f88349a073,230,76.67,3.22,2,4,3,0.023812,0.533140,TopoStake,pog(D=3_omega=0.50),1.74,1518,0
304,1,0xd39dbd3662315e3935ec08e6b6028e73b3c09de2,27.932331,1773025052,3282d1e2b993101fcf52502eb90ef0fa413a2a7cae7b937668adeb974680ed3a,201,100.50,2.77,1,4,3,0.023872,0.533429,TopoStake,pog(D=3_omega=0.50),1.50,1519,0
304,2,0xd61b00c297972877b45f8d7f4d67fdaf20c67c59,11.323404,1773025053,11958c80227581867b9bdac394b1bfe53255651e85e8f967164845b35d6ae5df,210,105.00,4.38,1,6,5,0.023865,0.533552,TopoStake,pog(D=3_omega=0.50),1.49,1520,0
304,3,0x50f7fa851f9314d682e36da5caa4635039b5305d,19.114446,1773025055,0676a6891d646c74d40f5addee3a0dfd908824ad313a1ebb9f51b59e12a3c1ea,116,116.00,4.51,1,6,5,0.023844,0.533225,TopoStake,pog(D=3_omega=0.50),1.00,1521,0
304,4,0xb2a7fe70a6f3137d38f6cb4c3ec6dd1e24f2d5f4,15.418027,1773025057,5129f8eb3d9ba75819830725e1f34040107b14387871cffc32ad261cde79a528,196,98.00,3.36,1,5,3,0.023829,0.533211,TopoStake,pog(D=3_omega=0.50),1.47,1522,0
305,0,0x30509a8084fdfe6fe24d9c9a817c209ad194f8e3,62.731578,1773025059,e9e94d58e36247969a14608d08e4227c736293f19adb6718cbb947a73156c24b,196,98.00,4.31,1,6,4,0.023812,0.533111,TopoStake,pog(D=3_omega=0.50),1.44,1523,0
305,1,0xf13caa2c5f6f6cf61e51290bfa7826a9140b4faf,2.020167,1773025061,f9356abd6ab220d5b6333e28a42360078e65f48dbb3612edd438a9ad9e3cd105,250,125.00,3.32,1,5,3,0.023832,0.533367,TopoStake,pog(D=3_omega=0.50),1.29,1524,0
305,2,0x07902d0371763a00d97ed9ba16ff0a206cb0fd19,113.723625,1773025063,e8c90f568cab4ec36777cd05ceebcceddd8c11e0be0553be56e5a4164b2ae188,201,100.50,4.16,1,6,4,0.023804,0.532621,TopoStake,pog(D=3_omega=0.50),1.01,1525,0
305,3,0x6064b9f5883bf9737dfe314ff68c56e09e68ac89,32.218640,1773025065,bbe80d3c4de873a70bb3990d0d50182b01abbac13d2f95aa357d96390db45468,245,81.67,2.79,1,4,3,0.023864,0.532909,TopoStake,pog(D=3_omega=0.50),1.72,1526,0
305,4,0x408bb0bf84df50b21c53c74420987f172d4036a1,4.779897,1773025068,96ba54cde816d0d75987a3381284a17c514a80e46869eaafab8d265eab892264,200,100.00,3.88,2,5,4,0.023860,0.533070,TopoStake,pog(D=3_omega=0.50),1.48,1527,0
306,0,0xa3786e459f289a76c0e8af8ad834e3d0c6d47199,21.736458,1773025070,90dc788ae401c84f092dabd59f95a56a240be20efe0595532cbd5286823fe071,175,87.50,3.50,1,5,4,0.023834,0.532479,TopoStake,pog(D=3_omega=0.50),1.51,1528,0
306,1,0x6064b9f5883bf9737dfe314ff68c56e09e68ac89,33.219644,1773025072,c5b32cd9d2f68b442be678bf93038e5967cc29be913b50738285235b81cdc0ae,182,91.00,4.24,2,6,4,0.023822,0.532503,TopoStake,pog(D=3_omega=0.50),1.43,1529,0
306,2,0x016d3fc36beee7caa8fbd6c1caa42461dd7f9850,45.944963,1773025074,adfeca6cbd506179bf5791ad3523cd546005978aabb2af5f1b9ff54eb7addc1f,191,95.50,3.73,1,5,4,0.023819,0.532669,TopoStake,pog(D=3_omega=0.50),1.51,1530,0
306,3,0x0d91704595bff3aec25d40822498a51c62b05e3a,20.590607,1773025076,85668e1e70bf38908111244c4a4c4183f789c75643bdec39167bd60584f75ca3,233,116.50,2.99,1,4,3,0.023825,0.532880,TopoStake,pog(D=3_omega=0.50),1.21,1531,0
306,4,0x63f4973c0df8a5358405f396dc0673a463c48de9,33.932989,1773025078,47027f70fbb21c57e7bbf20e0359152d0efb8a1b53fe1d60ea33eb8c2e534b73,208,104.00,3.26,1,5,3,0.023812,0.532879,TopoStake,pog(D=3_omega=0.50),0.86,1532,0
307,0,0x07902d0371763a00d97ed9ba16ff0a206cb0fd19,114.725291,1773025080,e12b2ed98c78134b844c0dc8af04b17f082a0a5868d0ad0338d50437f0a4e992,222,74.00,3.61,1,5,4,0.023809,0.533049,TopoStake,pog(D=3_omega=0.50),1.66,1533,0
307,1,0x1cb1274c711a6c2e4e1596846e6ac604eeefb358,11.407590,1773025083,8ac7e93a7cda3c07118b8221a5bf7f4116f9e09a4388b9e35ac51da1a2dce3e0,200,100.00,2.77,1,4,3,0.023869,0.533335,TopoStake,pog(D=3_omega=0.50),1.55,1534,0
307,2,0xa9a524611994a27dd3134d643379aa14edf7cb39,0.068264,1773025084,55c7bda24e3fedeb06ce0c79196740906dc447c741521049c44ba2c880ffd254,180,90.00,3.56,1,5,4,0.023869,0.533335,TopoStake,pog(D=3_omega=0.50),1.49,1535,0
307,3,0x8c11ec9090dd820c076e57e899d9c604c79d6b32,25.578157,1773025086,9539f7370a506bb8aa73ccf5ac32372d9f035f96424fd0ff564d7bda274aacac,98,98.00,3.80,1,5,4,0.023840,0.532459,TopoStake,pog(D=3_omega=0.50),1.00,1536,0
307,4,0x30509a8084fdfe6fe24d9c9a817c209ad194f8e3,63.733117,1773025088,82b2e2fc5b833d7e8601f3eabd46a8b141d4096d5ddbe22bbb2c7627d6f183cb,213,106.50,4.27,1,6,4,0.023830,0.532526,TopoStake,pog(D=3_omega=0.50),1.45,1537,0
308,0,0xeaa5003682d7289190651081ae2bee847097afc5,14.754004,1773025090,f2085d22abe0473e37b08cab6b4e5e315777cf1904967283e925c7c73c84837b,211,105.50,3.19,2,5,3,0.023851,0.532787,TopoStake,pog(D=3_omega=0.50),1.36,1538,0
308,1,0x282f43759e22b50aa7989261c51c367f325c3f91,9.340425,1773025092,06193128a2b44f2ad1710d851eef5061a703cccd0d9a147c4fd9b368167f6494,206,103.00,4.40,1,6,4,0.023833,0.532665,TopoStake,pog(D=3_omega=0.50),1.11,1539,0
308,2,0x07902d0371763a00d97ed9ba16ff0a206cb0fd19,115.726721,1773025094,af6c48ccd8301585e90764bf46cc7abd6c152fa27d5e5dc55c35a81b732fcf71,242,80.67,3.81,1,6,4,0.023811,0.532244,TopoStake,pog(D=3_omega=0.50),1.88,1540,0
308,3,0xa068e3c9a21c8d8be636cd2d285895979ec3262e,27.977559,1773025097,fe935c331a811c92aa366dbbe0db6e5bfaa32dba2c8d21041b2c83b3785d972a,198,99.00,2.86,2,4,3,0.023871,0.532529,TopoStake,pog(D=3_omega=0.50),1.56,1541,0
308,4,0x07902d0371763a00d97ed9ba16ff0a206cb0fd19,116.727755,1773025098,12c08348eac726bd7af136ed31c606d8b39db46cb02d2bdb6ac8ff87e5af6e11,203,101.50,4.29,1,6,4,0.023863,0.532640,TopoStake,pog(D=3_omega=0.50),1.48,1542,0
309,0,0x1796dc61e715f15a2d27dfa32bd34780f12a8c24,21.748665,1773025100,fd199c131decb46a817b1ea22de7df1abe809521a103b54174105abc44b187ce,109,109.00,2.75,1,4,3,0.023924,0.532925,TopoStake,pog(D=3_omega=0.50),1.00,1543,0
309,1,0x4a217e35f6402e7f62a49f6d62e27c6585c2f3fd,6.474885,1773025102,394110afdd19a3466cfc79b8d4eae31b69067edccba798fc9a968b7bb40a8d9a,207,103.50,3.29,1,5,3,0.023912,0.532937,TopoStake,pog(D=3_omega=0.50),1.38,1544,0
309,2,0x34412315480562da4810040fd15c81f99880e1ab,11.892430,1773025104,81b6fdf76f13ffc0106e0a8fb98f488277ab134b41ecd7b852fbf47455ed75cf,189,94.50,3.63,1,5,4,0.023887,0.532462,TopoStake,pog(D=3_omega=0.50),1.35,1545,0
309,3,0xa447d277b02012c2afd9ddcbbe123f27cc971963,14.807751,1773025106,be1687b578ccff47139081c67a17a60dfa3fb8acdea541591bf5b9a433e26b3d,242,121.00,3.95,1,6,4,0.023867,0.532178,TopoStake,pog(D=3_omega=0.50),1.24,1546,0
309,4,0x8d9e46becf415ca26aa698c9657087e6554aabda,5.368148,1773025108,55de6972fcf93d1ca535186315ac9340f64d5a5dd7f80652b5c0ad50a87fe141,246,123.00,3.54,1,5,4,0.023850,0.532046,TopoStake,pog(D=3_omega=0.50),0.87,1547,0
310,0,0xa3786e459f289a76c0e8af8ad834e3d0c6d47199,22.737089,1773025111,88e25e44d00710ec93ca16bf8ad0e4a622641917e6715e8627b323451bb1a58c,194,64.67,3.64,1,5,4,0.023825,0.531492,TopoStake,pog(D=3_omega=0.50),1.56,1548,0
310,1,0x07902d0371763a00d97ed9ba16ff0a206cb0fd19,117.728720,1773025112,94f4cfc3fd1b2368ccd264ca4952d9153c2c5fe5ad77ec450cc4a109ea5651c4,197,98.50,4.26,1,6,4,0.023813,0.531516,TopoStake,pog(D=3_omega=0.50),1.44,1549,0
310,2,0x6064b9f5883bf9737dfe314ff68c56e09e68ac89,34.220553,1773025114,47e9aa17a90cee914585f1389b34989ad74c308bb62d77ef849ef9ebae7f9761,87,87.00,2.89,2,4,3,0.023874,0.531801,TopoStake,pog(D=3_omega=0.50),1.00,1550,0
310,3,0xc24b36dee27726233c3bbd9e1f028f98b6b2a424,30.438460,1773025116,8187447e0c4c20933c2c52db2a3b3a04005cb4a10f546e2be9fd124149768c72,181,90.50,3.90,1,5,4,0.023871,0.531964,TopoStake,pog(D=3_omega=0.50),1.50,1551,0
310,4,0x4a217e35f6402e7f62a49f6d62e27c6585c2f3fd,7.475711,1773025118,0684e022be612df1402068f919351cf247a2ec2c6e92a837db9e049e86cb2a72,234,117.00,3.91,1,6,4,0.023865,0.532112,TopoStake,pog(D=3_omega=0.50),1.44,1552,0
311,0,0x016d3fc36beee7caa8fbd6c1caa42461dd7f9850,46.946336,1773025120,0882f3dd31883cbeed740463a222866a452c78ea3dea91317ada1a66f0c00ef4,229,114.50,3.58,1,5,4,0.023842,0.531663,TopoStake,pog(D=3_omega=0.50),1.25,1553,0
311,1,0xac768e60b9269babb15cb1e36ee843243d7c7543,26.737138,1773025122,87dec89584597fbd8740464b7093bb7e7e6e186ba3b73b31b5c2dcac8094116a,250,125.00,3.17,1,4,3,0.023848,0.531872,TopoStake,pog(D=3_omega=0.50),0.93,1554,0
311,2,0x13f9dadc05f6c237b03411e2aed1800cf21a5d89,97.430120,1773025124,cf20f6eb6c7f3d9456ace8f0e72a5942e0612ad6dc3fb1d8e7f474c8a91cac50,215,71.67,3.97,1,5,4,0.023840,0.531961,TopoStake,pog(D=3_omega=0.50),1.62,1555,0
311,3,0x6064b9f5883bf9737dfe314ff68c56e09e68ac89,35.221409,1773025127,99b4f5f3f4c49ce147f525ea9d0780ec3fecc247e32f02cb146c4f2208bfa932,191,95.50,3.13,1,5,3,0.023885,0.532231,TopoStake,pog(D=3_omega=0.50),1.56,1556,0
311,4,0x07902d0371763a00d97ed9ba16ff0a206cb0fd19,118.729594,1773025128,49398109bfa1fd413ff4d4dce526993cd4376662812a0f8a64f0110c92674d56,206,103.00,3.83,1,5,4,0.023882,0.532402,TopoStake,pog(D=3_omega=0.50),1.53,1557,0
312,0,0x13f9dadc05f6c237b03411e2aed1800cf21a5d89,98.431080,1773025130,7e8848ae62dfcb3188e1c05e3c2b5742e113dc6ec05ab0e80db95810f9501c43,92,92.00,2.84,2,4,3,0.023943,0.532685,TopoStake,pog(D=3_omega=0.50),1.00,1558,0
312,1,0x8c11ec9090dd820c076e57e899d9c604c79d6b32,26.578875,1773025132,bab1d530d4ca010b1f3e08afad462067c43d5b40b07a389245cab5339ca6b2d3,226,113.00,3.00,1,5,3,0.023989,0.532955,TopoStake,pog(D=3_omega=0.50),1.50,1559,0
312,2,0x81d019380961f92c2031b0a7fba69f7675145088,17.493279,1773025134,da4482cc81f43a1c0770ba955a547ed1e8cdc521e303a0593bcb8cf5ad8acdd8,226,113.00,4.19,1,6,4,0.023980,0.533028,TopoStake,pog(D=3_omega=0.50),1.43,1560,0
312,3,0x3513d672439a59c26cc5711f2b715ccb4810a774,9.281248,1773025136,b3f168d41976b12b04a0d4bc557e6c0783b6839686e22ec4bbdd7ee6533c320b,250,125.00,3.65,1,5,4,0.023964,0.532975,TopoStake,pog(D=3_omega=0.50),1.18,1561,0
312,4,0x13f9dadc05f6c237b03411e2aed1800cf21a5d89,99.432331,1773025138,ca39759dee065ac7167c7f825146909d4fcef94dd746d1dd8aeed2ec48ec8cf1,227,75.67,4.01,2,5,4,0.023942,0.532546,TopoStake,pog(D=3_omega=0.50),1.84,1562,0
313,0,0x89100a8056319ba37491b32ba255004180607bc2,39.820499,1773025141,3351f904ca3cb83a6f4a729b132876320220859abdc4c8dad2ae315393719865,219,109.50,3.06,2,4,3,0.023988,0.532815,TopoStake,pog(D=3_omega=0.50),1.56,1563,0
313,1,0x075e1d95c7891e1c00414ca1aa9a7a8cf6270019,63.236723,1773025142,e8c74256d6111b8a473804254c41a663315006de1d4132e553be728f162484aa,198,99.00,3.89,1,5,4,0.023988,0.532816,TopoStake,pog(D=3_omega=0.50),1.50,1564,0
313,2,0x50f7fa851f9314d682e36da5caa4635039b5305d,20.115131,1773025144,d53d64bdb59a83f4b04007f7d64bbbc33439ff3672471a41e53820d4400b6ef6,100,100.00,3.11,1,5,3,0.024006,0.533060,TopoStake,pog(D=3_omega=0.50),1.00,1565,0
313,3,0x13f9dadc05f6c237b03411e2aed1800cf21a5d89,100.433455,1773025146,6cf6cc748d6dc78607cd2bee2f4606c55204674ba427f958ce52db765585e6fc,175,87.50,3.26,1,5,3,0.023992,0.533047,TopoStake,pog(D=3_omega=0.50),1.46,1566,0
313,4,0xa7e4d4d949807065ebf85adc1be8c382c7236c15,14.213142,1773025148,9195fd0f82337fd3f3d79f6e3edc348a4fa385f5a97db74612576f8fc90b1c0e,246,123.00,2.97,1,5,3,0.024039,0.533315,TopoStake,pog(D=3_omega=0.50),1.33,1567,0
314,0,0x13f9dadc05f6c237b03411e2aed1800cf21a5d89,101.434703,1773025150,1225227f309ccc5d898a171a34eaa95cde041446c06dc1d074101a9bc5d6de31,217,108.50,3.86,2,6,4,0.024020,0.533161,TopoStake,pog(D=3_omega=0.50),1.18,1568,0
314,1,0x13f9dadc05f6c237b03411e2aed1800cf21a5d89,102.435853,1773025152,54f95e9be1ba9b9e9471024a2b83745528bda21dbbb05cac62e12643354221ac,240,120.00,3.17,1,5,3,0.024067,0.533429,TopoStake,pog(D=3_omega=0.50),0.87,1569,0
314,2,0x07902d0371763a00d97ed9ba16ff0a206cb0fd19,119.730761,1773025154,17ffb68982ee2d92fc890200dd8c20cace4b2e3d845b7f2d70104ef3b5e2f50b,224,74.67,3.07,1,5,3,0.024115,0.533696,TopoStake,pog(D=3_omega=0.50),1.56,1570,0
314,3,0x719361397abe003a91af76243e5f9c7a0cd4279f,49.600534,1773025157,2b978ba9924268e88f586375d7b60510efc92a7ad879c29eb4e4106d6a44b79b,183,91.50,2.79,1,4,3,0.024175,0.533976,TopoStake,pog(D=3_omega=0.50),1.51,1571,0
314,4,0x07902d0371763a00d97ed9ba16ff0a206cb0fd19,120.731706,1773025158,ed278c091978900e68baf09ccf69de7a1d0224a2418144ce854e67732c8c1ce7,187,93.50,3.84,1,5,4,0.024183,0.534193,TopoStake,pog(D=3_omega=0.50),1.45,1572,0
315,0,0x719361397abe003a91af76243e5f9c7a0cd4279f,50.601462,1773025160,3fc5498c0aa35fd349a9678ba99be9de28e8675dd7c4025d8db6739d8e07ffae,118,118.00,2.75,1,4,3,0.024244,0.534472,TopoStake,pog(D=3_omega=0.50),0.99,1573,0
315,1,0xe184aeec69f3313df03bef8752946c65f0a70021,2.066912,1773025162,ea400edd532bb0e738f1d1ff22c256bf4137e4c47ba8cdc6d906d0ae1aa3d0eb,194,97.00,3.82,1,5,4,0.024252,0.534690,TopoStake,pog(D=3_omega=0.50),1.44,1574,0
315,2,0xaadc5fea232580cb8fba739ac5d05a48559c7e52,14.353220,1773025164,4d5c17c0eb6502ee3ed69db89eafa3cd13feb102e4494e95c4227d6ddf326eaa,203,101.50,3.94,1,6,4,0.024224,0.533955,TopoStake,pog(D=3_omega=0.50),1.27,1575,0
315,3,0x075e1d95c7891e1c00414ca1aa9a7a8cf6270019,64.237426,1773025166,3db1581a78affee544e11ef31318a83fe77fbf90592de4a75ac96c5241f33241,173,86.50,4.38,2,6,5,0.024206,0.533794,TopoStake,pog(D=3_omega=0.50),1.24,1576,0
315,4,0xd1cd4b808ce6b2841ad42746b64c5a047e857ef0,24.256661,1773025168,6c187a20d1766c8f01d2ead0bf5ee27546c7ea2de7aa41bddaf950d15824383c,250,83.33,3.15,2,5,3,0.024225,0.534042,TopoStake,pog(D=3_omega=0.50),2.04,1577,0
316,0,0x719361397abe003a91af76243e5f9c7a0cd4279f,51.602409,1773025171,03b3332a19f9e51c8c06f7c39ca907cdbe014791c74cd961345a23d7b7863e55,207,103.50,3.92,1,6,4,0.024213,0.534079,TopoStake,pog(D=3_omega=0.50),1.63,1578,0
316,1,0x13f9dadc05f6c237b03411e2aed1800cf21a5d89,103.437347,1773025172,d812b39b11b8f7d503ae799bb9412cae619f6f955cc52ec8edd81a3b2a77c9cc,209,104.50,3.84,1,5,4,0.024213,0.534079,TopoStake,pog(D=3_omega=0.50),1.49,1579,0
316,2,0x269cdf52f97e1d9f14b7be895155a7b294f0b21d,61.802132,1773025174,052f05582efb119f5f1e3be70606c9f984f0c30050515817151c7b4da18745ae,122,122.00,3.06,2,4,3,0.024270,0.534561,TopoStake,pog(D=3_omega=0.50),1.00,1580,0
316,3,0x0d91704595bff3aec25d40822498a51c62b05e3a,21.591755,1773025176,2c5048e67d173ead8f43974e3a22287e4e74fc4b567ce2f424efd0091febb556,218,109.00,3.65,1,5,4,0.024286,0.534790,TopoStake,pog(D=3_omega=0.50),1.50,1581,0
316,4,0x016d3fc36beee7caa8fbd6c1caa42461dd7f9850,47.947868,1773025178,5517cc4bd15b4809b83c253192095c2a9880f0665bebacfbc2a2d7a1917e4b58,213,106.50,3.17,1,5,3,0.024273,0.534787,TopoStake,pog(D=3_omega=0.50),1.38,1582,0
317,0,0xd46407aa7b668c72de3cf1c1a12b7fa2e308a1b2,17.992071,1773025180,ef2f91b3a7243217c7152a3beb58c6aab4aee51519ff322c3896ee0c3460f2a5,249,124.50,3.08,1,4,3,0.024279,0.534991,TopoStake,pog(D=3_omega=0.50),1.03,1583,0
317,1,0x075e1d95c7891e1c00414ca1aa9a7a8cf6270019,65.238844,1773025182,8b99f0bd1110cf46fa740e80488afb622d59d63fe46370c8fb1cb245501be50b,209,104.50,3.90,1,5,4,0.024264,0.534944,TopoStake,pog(D=3_omega=0.50),0.71,1584,0
317,2,0x26d553a2f4343b3a7dc88bbd87b3d0a25d3838d9,18.224800,1773025184,e252f24dbc0d5f7a2efea7d7893d159d6751e33012dc666bc266ca7c30e0af6c,207,69.00,3.13,1,5,3,0.024282,0.535196,TopoStake,pog(D=3_omega=0.50),1.53,1585,0
317,3,0x07902d0371763a00d97ed9ba16ff0a206cb0fd19,121.733049,1773025186,2c7dfedb5e5bf80d2dbe2fee11eed204e60b89ef014fb05c40cac47bf98d2137,184,92.00,3.76,2,5,4,0.024267,0.535146,TopoStake,pog(D=3_omega=0.50),1.47,1586,0
317,4,0x6064b9f5883bf9737dfe314ff68c56e09e68ac89,36.222411,1773025188,071fc0378ef1cecb9cb133a703fed6e3e435cc492ada3d62c2eabeb1e0638343,88,88.00,2.81,1,4,3,0.024327,0.535422,TopoStake,pog(D=3_omega=0.50),1.00,1587,0
318,0,0x07902d0371763a00d97ed9ba16ff0a206cb0fd19,122.733490,1773025190,daa87a27a41dc5c5a283eef97cd064a8530e5d68a5a9b8580a81f827d175e17b,170,85.00,3.91,1,5,4,0.024324,0.535589,TopoStake,pog(D=3_omega=0.50),1.54,1588,0
318,1,0x63f4973c0df8a5358405f396dc0673a463c48de9,34.933864,1773025192,061279e4d041db5d4583c670e2f16e587a879e2671c1139ad51314332a649f32,227,113.50,2.60,1,4,3,0.024385,0.535864,TopoStake,pog(D=3_omega=0.50),1.30,1589,0
318,2,0x13f9dadc05f6c237b03411e2aed1800cf21a5d89,104.438475,1773025194,7616bfb1717f7b19eee14f958933c8b734b572146c076b7ee729e21609398ff9,228,114.00,3.54,1,5,4,0.024381,0.536018,TopoStake,pog(D=3_omega=0.50),1.14,1590,0
318,3,0xdcf2130496e27a8094ab996aea4aa77788d65869,27.524485,1773025196,d09451d2d00a985107c8ccad6c7ce5df33cc667e59414c70a5137dd4e6df1ce9,239,119.50,3.04,1,5,3,0.024428,0.536281,TopoStake,pog(D=3_omega=0.50),0.87,1591,0
318,4,0x763be7657fec175a3de5f1ee0a506722872c886d,7.022904,1773025198,e5527b38bec6f055222604ecd8980d0577a4b003c5e5669ece11856a064b0eb0,220,73.33,3.90,1,5,4,0.024419,0.536371,TopoStake,pog(D=3_omega=0.50),1.65,1592,0
319,0,0x13f9dadc05f6c237b03411e2aed1800cf21a5d89,105.439730,1773025201,7408451ae4b3c6987453ee8f5f90f074e1a542ef4a897d7ffd71bd65488bef72,185,92.50,3.69,1,5,4,0.024395,0.535912,TopoStake,pog(D=3_omega=0.50),1.54,1593,0
319,1,0xd1cd4b808ce6b2841ad42746b64c5a047e857ef0,25.257548,1773025202,90f8eae9c2eec7b6074cc1dff37c243cb3ff5cbe120619b597cb8c2cf2c0a881,209,104.50,3.03,1,5,3,0.024443,0.536173,TopoStake,pog(D=3_omega=0.50),1.56,1594,0
319,2,0xe6ebb0cdfd04183d498964e5efc4096ba77b17d6,38.324688,1773025204,9052f1d8436a83c31333a13cc4dcc7aa30354d8fcd69a5bc5656c63566de1a66,85,85.00,3.85,2,5,4,0.024432,0.536221,TopoStake,pog(D=3_omega=0.50),1.00,1595,0
319,3,0x07902d0371763a00d97ed9ba16ff0a206cb0fd19,123.734961,1773025206,f695e2787b83e13e807aeacbe895bf0cafdb380eb2a933a3c1c052c61cdc8144,215,107.50,4.00,1,6,4,0.024431,0.536398,TopoStake,pog(D=3_omega=0.50),1.52,1596,0
319,4,0xd1cd4b808ce6b2841ad42746b64c5a047e857ef0,26.257943,1773025208,71025f256c23464ebd4caad6e442a93af997e3f9ef8e8bd9a0f015f46bbb97f5,250,125.00,2.66,1,4,3,0.024491,0.536672,TopoStake,pog(D=3_omega=0.50),1.18,1597,0
320,0,0x71f297f96355f349d66f0e9b681e7d4e11224660,13.165920,1773025210,e21f90b2bfabec51477f6bd155f980a591bc1272735d810d3619a6fec422dbfb,211,105.50,3.79,1,6,4,0.024481,0.536728,TopoStake,pog(D=3_omega=0.50),0.94,1598,0
320,1,0x63f4973c0df8a5358405f396dc0673a463c48de9,35.934985,1773025212,df8378570d2c87410bd390cf02df797b343b3e9e63553b660a309123529f2f75,250,83.33,3.91,1,5,4,0.024481,0.536729,TopoStake,pog(D=3_omega=0.50),1.82,1599,0
320,2,0xe478b1e4d1538274c0c70cbd7df877f9abab2f62,12.294274,1773025215,f81b11b241ea4594cc120f6e6d7d39e9c6a7bc7dd5c2ab6193844b35191428b4,128,64.00,3.62,1,5,4,0.024478,0.536882,TopoStake,pog(D=3_omega=0.50),1.16,1600,0
320,3,0xea287b266dbe2c2d402fd91814bcfc4c95d6b0fd,11.157344,1773025216,b4c538afb21c81d278bcfd1fc9acb9c5c1ee891725889b60ed640593072dcd9f,192,96.00,4.02,1,5,4,0.024478,0.536882,TopoStake,pog(D=3_omega=0.50),1.53,1601,0
320,4,0x269cdf52f97e1d9f14b7be895155a7b294f0b21d,62.803307,1773025218,b93dcb52b2ece26459f6da7b8032e0f34c2ad67c6b18dbe7c3708df733640643,104,104.00,3.89,1,6,4,0.024457,0.536542,TopoStake,pog(D=3_omega=0.50),0.98,1602,0
321,0,0xb990cdf21950e6086c350175c4bc504e45858230,3.100003,1773025220,d31e9f2378c89abe449be75235a7a6342b5b0d5f7fe34fdbf735810b52cebef7,180,90.00,3.59,1,5,4,0.024474,0.536767,TopoStake,pog(D=3_omega=0.50),1.45,1603,0
321,1,0xc339f8bf978200eb65afce6c7121402eda949097,7.058431,1773025222,be05f0c8798aa28aa273501dbef71be52c4da8a79caaffcfc4a7c98bb27bae96,184,92.00,3.99,1,5,4,0.024447,0.536093,TopoStake,pog(D=3_omega=0.50),1.46,1604,0
321,2,0x07902d0371763a00d97ed9ba16ff0a206cb0fd19,124.736597,1773025224,cac756782ee3ac09d98d39ec2630819151265c93f0b99d55776ab4f220fc2a58,196,98.00,4.18,1,6,4,0.024423,0.535625,TopoStake,pog(D=3_omega=0.50),1.17,1605,0
321,3,0x53be6e527cc5a7d850b5eae27b9cef342e0665f2,12.040820,1773025226,855e47f51c8a4159d2b1804ea227b46c13ee200dc91a5c99efa2b1b350801520,250,83.33,2.81,1,4,3,0.024484,0.535898,TopoStake,pog(D=3_omega=0.50),1.89,1606,0
321,4,0xc4dc29db975b952e04358340e56b68fa4ba63fbc,12.537049,1773025229,03ffc173609de6d4c84679c923ebb40668ec4a74cf16189765c1c4f8b5b5900a,203,101.50,3.60,1,5,4,0.024463,0.535622,TopoStake,pog(D=3_omega=0.50),1.71,1607,0
322,0,0xaadc5fea232580cb8fba739ac5d05a48559c7e52,15.353562,1773025230,ed093ff8a80ab1b5534dbd523ba8508a75691f408e34aa49a7f74eb09b7e6817,206,103.00,3.72,2,5,4,0.024443,0.535379,TopoStake,pog(D=3_omega=0.50),1.48,1608,0
322,1,0x24898fcb116b48cb2b6fd5d3b4eb599fee0f4633,19.055780,1773025232,af01be59e6a148fa9d29b003a7ec468ca24ea118e79756fe7b175bd1ffeafa40,110,110.00,4.37,1,6,5,0.024426,0.535259,TopoStake,pog(D=3_omega=0.50),0.99,1609,0
322,2,0xdcf2130496e27a8094ab996aea4aa77788d65869,28.525510,1773025234,e3017f0fff4a21018e67cdbbf37e235881bbd20100672a29f895ef7bc3ab96e2,214,107.00,3.48,1,5,4,0.024410,0.535231,TopoStake,pog(D=3_omega=0.50),1.45,1610,0
322,3,0xfb35fdafcfc84561a42700a4a1c274edeb75bdc1,1.033377,1773025236,49188f74e654caab01e4e6178e01df7792f2bdf384f4a5504907612316be244d,223,111.50,3.82,1,5,4,0.024402,0.535339,TopoStake,pog(D=3_omega=0.50),1.34,1611,0
322,4,0xeb82a21cb3d0dd781eb22ad74bb7cd9b4d2a06ec,16.921617,1773025238,b5b207554ea55c20384b36020484b5cb031fe6f4ce682b75ff1e2947a88b45b1,222,111.00,4.00,1,5,4,0.024374,0.534576,TopoStake,pog(D=3_omega=0.50),1.03,1612,0
323,0,0x719361397abe003a91af76243e5f9c7a0cd4279f,52.603534,1773025240,cf6bf1f3115f1dcb2a041c62d21fe8fddcdbda2b3eed3e1271aed01bf662f41e,242,80.67,4.03,1,6,4,0.024357,0.534502,TopoStake,pog(D=3_omega=0.50),1.84,1613,0
323,1,0x687bf2437a044a3e42ff2f8a79a8e54ba9601f70,10.055005,1773025243,854250c2675c55178400bb9735820b38526fe1c990eb9861eb8d491e1f7f281f,243,121.50,3.93,1,5,4,0.024366,0.534715,TopoStake,pog(D=3_omega=0.50),1.64,1614,0
323,2,0x4a217e35f6402e7f62a49f6d62e27c6585c2f3fd,8.476027,1773025244,4d7609c7395f86a7a8e985f51b3c858104c20afe0b05d6132250c89821d3c2e3,206,103.00,3.83,1,5,4,0.024344,0.534313,TopoStake,pog(D=3_omega=0.50),1.43,1615,0
323,3,0x07902d0371763a00d97ed9ba16ff0a206cb0fd19,125.738423,1773025246,50f96b9071c33580ec11c845e90012b3c340d2eae8646970f9169be80b9d2c77,107,107.00,3.60,1,5,4,0.024322,0.533883,TopoStake,pog(D=3_omega=0.50),0.99,1616,0
323,4,0x30509a8084fdfe6fe24d9c9a817c209ad194f8e3,64.735680,1773025248,46e197288c9fd85bfee3069f1a75bbaa9addb1ce3370253c3973f8c3a3b2e83e,191,95.50,2.82,1,4,3,0.024382,0.534155,TopoStake,pog(D=3_omega=0.50),1.45,1617,0
324,0,0xb2a7fe70a6f3137d38f6cb4c3ec6dd1e24f2d5f4,16.417652,1773025250,22dd9ba3efa24d4fe607a123cd887b10adcd21aeaccb58d9949a423a29062bf6,211,105.50,3.33,1,5,3,0.024399,0.534391,TopoStake,pog(D=3_omega=0.50),1.27,1618,0
324,1,0xac768e60b9269babb15cb1e36ee843243d7c7543,27.737726,1773025252,2f90b317014b3a15135720cde9335b41ad65c41f9ed97f9cd9b1b19f00667712,208,104.00,4.16,1,6,4,0.024382,0.534306,TopoStake,pog(D=3_omega=0.50),1.25,1619,0
324,2,0x81d019380961f92c2031b0a7fba69f7675145088,18.494069,1773025254,e235526d0e665e7e8d6c1adf76a5bf43796390708111c5cc1dbbcf61f8ee6bcd,245,81.67,3.88,1,6,4,0.024373,0.534387,TopoStake,pog(D=3_omega=0.50),1.97,1620,0
324,3,0x269cdf52f97e1d9f14b7be895155a7b294f0b21d,63.804306,1773025257,8c57351a21899d0780705b56bab7ff8bb4707523eedc9a0c8b15aef420ad55c6,217,108.50,3.73,1,5,4,0.024358,0.534335,TopoStake,pog(D=3_omega=0.50),1.67,1621,0
324,4,0xd39dbd3662315e3935ec08e6b6028e73b3c09de2,28.932684,1773025258,9720b7008285934e86465b0fd1b744a5673eaae464782973380f2794a46cca90,178,89.00,3.68,1,5,4,0.024374,0.534558,TopoStake,pog(D=3_omega=0.50),1.43,1622,0
325,0,0x07902d0371763a00d97ed9ba16ff0a206cb0fd19,126.739591,1773025260,0000fa549c744d26b766a1a8867a75acb40fa53b891bb32c73e5a29ae1674707,97,97.00,4.49,1,6,5,0.024366,0.534673,TopoStake,pog(D=3_omega=0.50),1.00,1623,0
325,1,0xe478b1e4d1538274c0c70cbd7df877f9abab2f62,12.293887,1773025262,15229d2a69c6f0c27fd690974a028c8558f1f952cb5be15847a8d530b9f5de18,202,101.00,2.70,1,4,3,0.024427,0.534944,TopoStake,pog(D=3_omega=0.50),1.49,1624,0
325,2,0x95ab54d268473cce82094026afefdbd5cadf418b,3.574329,1773025264,13a2d8a9ee0a17d749f0adbb0765343872b87a175e3e6a50424bade6935a1e64,209,104.50,4.11,2,5,4,0.024407,0.534676,TopoStake,pog(D=3_omega=0.50),1.45,1625,0
325,3,0x71f297f96355f349d66f0e9b681e7d4e11224660,13.165681,1773025266,98e80e7f5f3b65f9f651b315d5a31541aba085bf04fce2a5873057ed3015edeb,209,104.50,4.32,1,6,5,0.024381,0.534039,TopoStake,pog(D=3_omega=0.50),1.33,1626,0
325,4,0x719361397abe003a91af76243e5f9c7a0cd4279f,53.604876,1773025268,71c70a9f4d74c663fa6631dbdb5fc3fa94430eccf59f38f07472e26ab0853df1,229,114.50,3.93,1,5,4,0.024361,0.533833,TopoStake,pog(D=3_omega=0.50),1.08,1627,0
326,0,0x1cb1274c711a6c2e4e1596846e6ac604eeefb358,11.406656,1773025270,c90f06c5bbe10b6147c74641fb6271104b7a9488a9dfe315f67020ac61baa694,215,71.67,3.86,1,5,4,0.024370,0.534044,TopoStake,pog(D=3_omega=0.50),1.67,1628,0
326,1,0xe6ebb0cdfd04183d498964e5efc4096ba77b17d6,39.325482,1773025273,f9d4f1c9342205c7dbdca8c8aabd8af173cb3f3a9c70f61e06f213d34fef139a,195,97.50,3.49,1,5,4,0.024350,0.533710,TopoStake,pog(D=3_omega=0.50),1.51,1629,0
326,2,0x9ba702916c26a8583a7f277d6932b3c0d9927ce0,1.169470,1773025274,d3c9d71f1c56e61621c1ab78e8fa67294825cc8dc61995126b2cd8b11ffc011d,219,109.50,4.03,1,6,4,0.024350,0.533711,TopoStake,pog(D=3_omega=0.50),1.52,1630,0
326,3,0x63f4973c0df8a5358405f396dc0673a463c48de9,36.935521,1773025276,21a070469eab223d00243b99ac14b65c7af504470fb61e7cb8ee151700dc399d,99,99.00,3.70,1,5,4,0.024321,0.533136,TopoStake,pog(D=3_omega=0.50),0.99,1631,0
326,4,0x07902d0371763a00d97ed9ba16ff0a206cb0fd19,127.741121,1773025278,2ec955f1f0b35e83a2ba18c259b192b2c10fc70d1a2cd894b8e45d1a12f7c31f,231,115.50,3.63,1,5,4,0.024319,0.533297,TopoStake,pog(D=3_omega=0.50),1.52,1632,0
327,0,0x377eaef292051bbf8ada05b2af76a3f3b9d722a7,5.038241,1773025280,6b5b872e85c9336ba332bc25cbe8e8098d0a6f57dbcf0d990d684da836964b86,213,106.50,2.70,1,4,3,0.024379,0.533567,TopoStake,pog(D=3_omega=0.50),1.18,1633,0
327,1,0x719361397abe003a91af76243e5f9c7a0cd4279f,54.605997,1773025282,6651f7355a0b38ddf7ac4ced2a856777f1dcd6872721d3bfbc753b2f909a3548,238,119.00,3.61,1,5,4,0.024354,0.533006,TopoStake,pog(D=3_omega=0.50),0.93,1634,0
327,2,0xd1cd4b808ce6b2841ad42746b64c5a047e857ef0,27.258641,1773025284,dfb1f40062e42a5c643208ea4532221b0a00e577b9e2b559af398437dadc20fb,190,63.33,4.00,1,5,4,0.024364,0.533217,TopoStake,pog(D=3_omega=0.50),1.71,1635,0
327,3,0x30509a8084fdfe6fe24d9c9a817c209ad194f8e3,65.737067,1773025287,95d2b07918d843746705f0b2955e494d814203e205253a9fac13196e3116f6b3,208,104.00,3.92,1,6,4,0.024364,0.533217,TopoStake,pog(D=3_omega=0.50),1.50,1636,0
327,4,0xeaa5003682d7289190651081ae2bee847097afc5,15.753623,1773025288,27eb33272503a19630404538be7ab52e96a0725f0854fa5420f64c6e0f30dc6d,205,102.50,3.43,1,5,4,0.024372,0.533522,TopoStake,pog(D=3_omega=0.50),1.56,1637,0
328,0,0xeb82a21cb3d0dd781eb22ad74bb7cd9b4d2a06ec,17.922421,1773025290,b2c1dd83e6565c1cde2379a7db95c2881768c500172b55aff61f04bac4d28b35,109,109.00,4.39,1,6,4,0.024354,0.533413,TopoStake,pog(D=3_omega=0.50),1.00,1638,0
328,1,0x3513d672439a59c26cc5711f2b715ccb4810a774,10.281244,1773025292,392a7357907e30c11a3130582778394566ec1d0c5807e4e815ffef9da30722a2,195,97.50,4.07,1,6,4,0.024338,0.533341,TopoStake,pog(D=3_omega=0.50),1.52,1639,0
328,2,0xa5a12d96532497871d73549e55ab377e3dcb3a40,4.085111,1773025294,cee74d633acf90b48d1f962516240003f9c43f761d018eafc60b82b6e2b51d5c,205,102.50,3.84,1,5,4,0.024317,0.532949,TopoStake,pog(D=3_omega=0.50),1.39,1640,0
328,3,0x13f9dadc05f6c237b03411e2aed1800cf21a5d89,106.443370,1773025296,348b805a438d3440ff58e6d5d1a2ce1f3fd0d410ac1fe0dd0b26ec5b96f8089f,198,99.00,4.11,1,6,4,0.024292,0.532349,TopoStake,pog(D=3_omega=0.50),1.33,1641,0
328,4,0x07902d0371763a00d97ed9ba16ff0a206cb0fd19,128.742854,1773025298,89f4c42621ecc9d4f059e72cd187feb9ce41e7428fb1122d0db20e69f375f6c9,248,124.00,3.09,1,5,3,0.024337,0.532606,TopoStake,pog(D=3_omega=0.50),0.94,1642,0
329,0,0xc774b0fee7cabbef3b1ae14bf36db3df0d32c1df,12.163810,1773025300,0e80fa2975faf21ce06ce3e8f9e5bf36ade9b6fbc1af0fde552ce49b5f887af3,186,62.00,2.74,1,4,3,0.024397,0.532875,TopoStake,pog(D=3_omega=0.50),1.46,1643,0
329,1,0x30509a8084fdfe6fe24d9c9a817c209ad194f8e3,66.738258,1773025302,6454cfe8e8d31fe8a9e13707c64e821a8b4d5fcf3adc580463f686c384fbd842,199,99.50,3.94,1,5,4,0.024377,0.532587,TopoStake,pog(D=3_omega=0.50),1.52,1644,0
329,2,0xd1cd4b808ce6b2841ad42746b64c5a047e857ef0,28.259656,1773025304,8ed988c289e76c2bf285b37450982d98c10cba6cd5b8b55eb845323f42a064c0,102,102.00,3.47,1,5,4,0.024395,0.532832,TopoStake,pog(D=3_omega=0.50),1.00,1645,0
329,3,0x016d3fc36beee7caa8fbd6c1caa42461dd7f9850,48.949666,1773025306,9744584d3c3ba542ab3d47eafe66fb2ea6cf55879becd5118fb8eea281f515c6,173,86.50,3.88,1,6,4,0.024386,0.532911,TopoStake,pog(D=3_omega=0.50),1.49,1646,0
329,4,0x30405867b72597aaeb27803bb2c7f3f5fc7d5384,14.514765,1773025308,6fc6aa2f289b19563b1a8c6661818c0424bce4dc6d606868254febfc680775a1,218,109.00,3.07,1,4,3,0.024391,0.533108,TopoStake,pog(D=3_omega=0.50),1.41,1647,0
330,0,0xa068e3c9a21c8d8be636cd2d285895979ec3262e,28.977662,1773025310,9f70a58a29f0e1752dc242a595f42e3c9ee17573352b0ef9955bb960b218d39d,200,100.00,3.41,1,4,3,0.024373,0.532948,TopoStake,pog(D=3_omega=0.50),1.24,1648,0
330,1,0x1cb1274c711a6c2e4e1596846e6ac604eeefb358,12.407466,1773025312,b043aa61c2363eaafa9cd30e72abc5de657cd341efea9d4fe00749e67c8c1a1e,206,103.00,4.31,1,6,4,0.024365,0.533050,TopoStake,pog(D=3_omega=0.50),1.12,1649,0
330,2,0x13f9dadc05f6c237b03411e2aed1800cf21a5d89,107.445000,1773025314,c398691237f5a80d581241b4d5a2070ac7eddc1a60275c825eca92f2b710b846,250,83.33,3.60,1,5,4,0.024345,0.532772,TopoStake,pog(D=3_omega=0.50),1.90,1650,0
330,3,0x07902d0371763a00d97ed9ba16ff0a206cb0fd19,129.744247,1773025317,0b28952a9c04aeb417817147d5cc02d68e60457bd45e55a7fbe29ad29361d01a,216,108.00,3.08,1,5,3,0.024390,0.533028,TopoStake,pog(D=3_omega=0.50),1.55,1651,0
330,4,0x24898fcb116b48cb2b6fd5d3b4eb599fee0f4633,20.056643,1773025318,c3cb74ed0ee9fcb88d18b94f33b9a0a5e0a51c5017a0b725128ce9ac7406592e,193,96.50,2.75,1,4,3,0.024450,0.533294,TopoStake,pog(D=3_omega=0.50),1.50,1652,0
331,0,0xa068e3c9a21c8d8be636cd2d285895979ec3262e,29.978445,1773025320,e38912bc56804dcccff8beaa0fd66be066663d21fa3a44133995baa8038abceb,84,84.00,3.44,1,5,4,0.024436,0.533270,TopoStake,pog(D=3_omega=0.50),1.00,1653,0
331,1,0x719361397abe003a91af76243e5f9c7a0cd4279f,55.607000,1773025322,83f64e0482ef0c91288116bfe28379198fbbc96e819e830da56ccf25eb70280c,219,109.50,4.26,1,6,4,0.024428,0.533397,TopoStake,pog(D=3_omega=0.50),1.51,1654,0
331,2,0xa7e4d4d949807065ebf85adc1be8c382c7236c15,15.213148,1773025324,3d292406ba13ad5a8bebb8e17af238cc7098946d1b64a26a61a93b3677fdeb06,224,112.00,3.67,1,5,4,0.024438,0.533605,TopoStake,pog(D=3_omega=0.50),1.43,1655,0
331,3,0x30405867b72597aaeb27803bb2c7f3f5fc7d5384,15.515629,1773025326,9e8ede005a61e8da899be32a0f5cf39d063a3734deee80f7b76b3e3bea315fff,239,119.50,3.82,1,6,4,0.024420,0.533463,TopoStake,pog(D=3_omega=0.50),1.12,1656,0
331,4,0x07902d0371763a00d97ed9ba16ff0a206cb0fd19,130.745492,1773025328,2c76b532e83db9c18a3c55cb40aea6948b82e6650f7490e205c4c3ee892fff5b,227,113.50,3.58,1,5,4,0.024402,0.533327,TopoStake,pog(D=3_omega=0.50),0.81,1657,0
332,0,0x606627477c3734932f47972f83c27cf4e3b35b4f,29.400198,1773025331,d0648ddc4f9a1496a57f24025a4ec3629fcc16cb3b58bc25174933103000c1c7,197,65.67,2.81,2,4,3,0.024462,0.533593,TopoStake,pog(D=3_omega=0.50),1.48,1658,0
332,1,0x63f4973c0df8a5358405f396dc0673a463c48de9,37.936587,1773025332,e78c4a774d1c7bef35b0493f29d134bf313b05569f47c1047076fd3f9e1c3425,205,102.50,3.62,1,5,4,0.024454,0.533699,TopoStake,pog(D=3_omega=0.50),1.50,1659,0
332,2,0x07902d0371763a00d97ed9ba16ff0a206cb0fd19,131.746534,1773025334,f701da3e0ed59fe12116d8cf4946c95d9368181bf5e0b81beb0b743a226b1c2d,93,93.00,3.52,1,5,4,0.024452,0.533861,TopoStake,pog(D=3_omega=0.50),1.00,1660,0
332,3,0x408bb0bf84df50b21c53c74420987f172d4036a1,5.778830,1773025336,32da7144be44256520f69fc13bfaf97ac00d4c9aa308c9add7f391bb4ffd76d6,208,104.00,2.73,1,4,3,0.024512,0.534126,TopoStake,pog(D=3_omega=0.50),1.48,1661,0
332,4,0xf13caa2c5f6f6cf61e51290bfa7826a9140b4faf,3.018505,1773025338,6e6b040b87d169241ed2e064e9762248a6fae11a1ab156bc5b1a87257b22c9d3,229,114.50,3.45,1,5,4,0.024488,0.533628,TopoStake,pog(D=3_omega=0.50),1.41,1662,0
333,0,0x016d3fc36beee7caa8fbd6c1caa42461dd7f9850,49.950875,1773025340,0ca407dae94d08cb4e4a3b5eb30076ac91a6f82ef84269f47984361f598f786f,229,114.50,4.24,1,6,4,0.024462,0.532958,TopoStake,pog(D=3_omega=0.50),1.23,1663,0
333,1,0xe478b1e4d1538274c0c70cbd7df877f9abab2f62,13.294344,1773025342,334d1f6d558c2904577e345bc02451cc34ab1420cb046a3d06058df68ac7b51b,250,125.00,3.15,1,4,3,0.024468,0.533154,TopoStake,pog(D=3_omega=0.50),1.13,1664,0
333,2,0x50f7fa851f9314d682e36da5caa4635039b5305d,21.115763,1773025344,50b496faa4ea51ddec7bb524f383b0f2885d79c4f4191f58d50b599acd9ca73e,225,75.00,3.91,1,5,4,0.024449,0.532948,TopoStake,pog(D=3_omega=0.50),1.72,1665,0
333,3,0x1796dc61e715f15a2d27dfa32bd34780f12a8c24,22.749844,1773025347,83ca23435e102adb988c1fe26bef00d0e5fb251850aa8b3f79a633fe2e5413e6,211,105.50,3.37,1,5,3,0.024449,0.532948,TopoStake,pog(D=3_omega=0.50),1.58,1666,0
333,4,0x24898fcb116b48cb2b6fd5d3b4eb599fee0f4633,21.056902,1773025348,c64ab331d612fbc59c1db2cbe220580e6d99b19ea1d3465071f5f380fd6827fc,193,96.50,3.31,1,5,3,0.024422,0.532946,TopoStake,pog(D=3_omega=0.50),1.49,1667,0
334,0,0x30509a8084fdfe6fe24d9c9a817c209ad194f8e3,67.739312,1773025350,e84f54d14f5479984eaaf716835537ecedd03881c24ecc93e438d780a2ad3046,116,116.00,3.62,1,5,4,0.024408,0.532922,TopoStake,pog(D=3_omega=0.50),0.99,1668,0
334,1,0x50f7fa851f9314d682e36da5caa4635039b5305d,22.116771,1773025352,11f3f56c80546226eb3111dac60603344ed1b0d9415268d066ae2580a83c4e7e,209,104.50,3.33,1,5,3,0.024426,0.533163,TopoStake,pog(D=3_omega=0.50),1.45,1669,0
334,2,0xcb7977f4997b4252c0152e135dd79b3cfe35c1a5,13.623196,1773025354,8536a3a19f760c21ccc16c1b0019e22da636aaa60782f3686273c11545c07a05,221,110.50,3.19,1,5,3,0.024413,0.533156,TopoStake,pog(D=3_omega=0.50),1.14,1670,0
334,3,0x13f9dadc05f6c237b03411e2aed1800cf21a5d89,108.447157,1773025356,0795cdbbf30ced2172b909ed182872793025fbc974f49b8e0419ebc1d319fd15,192,96.00,4.18,1,6,4,0.024394,0.532961,TopoStake,pog(D=3_omega=0.50),0.91,1671,0
334,4,0xa9105f442328d397529b8e4e9e656fa89016ff45,13.459192,1773025358,f19b8d5709b752ced7f37114667a9a90825cf5d07cef21b02575ee2e70064f4f,250,83.33,3.16,2,5,3,0.024438,0.533213,TopoStake,pog(D=3_omega=0.50),1.85,1672,0
335,0,0x1cb1274c711a6c2e4e1596846e6ac604eeefb358,13.408559,1773025361,85ee759c41e7a097f717ac1eb66c79d4c5650a7c1a25cfb8204d45edf36f98d9,216,108.00,3.77,1,5,4,0.024419,0.533000,TopoStake,pog(D=3_omega=0.50),1.64,1673,0
335,1,0xa068e3c9a21c8d8be636cd2d285895979ec3262e,30.979358,1773025362,8cb471d3076a11ee6aab240fc8046bbfd1c94543f150f8c1570b40cec3f7dd66,221,110.50,3.57,1,5,4,0.024400,0.532773,TopoStake,pog(D=3_omega=0.50),1.52,1674,0
335,2,0x0d91704595bff3aec25d40822498a51c62b05e3a,22.592820,1773025364,e954665bf8a22f287bba99b6de4b5463fd72d1a61d37d24957509b68a05bd460,100,100.00,4.38,2,6,4,0.024393,0.532905,TopoStake,pog(D=3_omega=0.50),1.00,1675,0
335,3,0x075e1d95c7891e1c00414ca1aa9a7a8cf6270019,66.242653,1773025366,5e9353cd3fa619827d01cbb45901a46b4959ae52923560031e53549b21998a5a,219,109.50,3.26,1,5,3,0.024380,0.532898,TopoStake,pog(D=3_omega=0.50),1.54,1676,0
335,4,0x282f43759e22b50aa7989261c51c367f325c3f91,10.339798,1773025368,f97d1480fe045083444a0c6553c22cd4dd98407f4f08cf23d0ca0c721e21697c,226,113.00,2.99,1,5,3,0.024396,0.533126,TopoStake,pog(D=3_omega=0.50),1.19,1677,0
336,0,0x50f7fa851f9314d682e36da5caa4635039b5305d,23.117834,1773025370,66e4658ac01feaccb5fed28ab000e569e27a05e42383f410ff43f7c472920f39,219,109.50,3.86,1,6,4,0.024376,0.532735,TopoStake,pog(D=3_omega=0.50),1.00,1678,0
336,1,0x30509a8084fdfe6fe24d9c9a817c209ad194f8e3,68.740491,1773025372,c0afb44ad68de6c5f8967e8b08051efdc626c9bb81b4281036d61e163b7b2403,250,83.33,3.36,1,5,3,0.024363,0.532737,TopoStake,pog(D=3_omega=0.50),1.83,1679,0
336,2,0xc774b0fee7cabbef3b1ae14bf36db3df0d32c1df,13.164422,1773025375,02731e27a4bdc53c7ef3af8eaf0e724d0f5ca3b15ca34c27307abd48fe54a263,209,104.50,3.37,1,5,3,0.024381,0.532977,TopoStake,pog(D=3_omega=0.50),1.66,1680,0
336,3,0xd61b00c297972877b45f8d7f4d67fdaf20c67c59,12.321895,1773025376,f1d704bdfc60adfd6540ef9a815b9faa15b5f9d2727bc023b9980a665e0a4a19,181,90.50,3.93,1,5,4,0.024362,0.532731,TopoStake,pog(D=3_omega=0.50),1.44,1681,0
336,4,0xa3786e459f289a76c0e8af8ad834e3d0c6d47199,23.736766,1773025378,f7d5d8ba42585db55e2bb1d6fd7d33bd544f04dd4d83f0174c6ed834986fb733,92,92.00,4.64,3,6,5,0.024342,0.532439,TopoStake,pog(D=3_omega=0.50),1.00,1682,0
337,0,0x58a21eeb7ab18ba8adf1296e66a4487076e95dac,26.106771,1773025380,4f0c08c1dc2bcd584873a0895921ca8b144575e79ef78b31ca59ad4fec5ead4e,210,105.00,4.16,1,6,4,0.024331,0.532457,TopoStake,pog(D=3_omega=0.50),1.50,1683,0
337,1,0x30509a8084fdfe6fe24d9c9a817c209ad194f8e3,69.741587,1773025382,c36fc5cac6b49ad5355d74fba266097164b714dbbbd13421061d0a6d5bf65849,213,106.50,3.84,1,5,4,0.024320,0.532502,TopoStake,pog(D=3_omega=0.50),1.42,1684,0
337,2,0xbc3f8508d26048f2064aa8c068f4c94d08d77d18,12.057423,1773025384,c26ebbf6fef012a6e16a20b40434acaa2040b2e84a0e0ce0f4e18f6cc7ec0714,250,125.00,3.43,1,5,3,0.024338,0.532742,TopoStake,pog(D=3_omega=0.50),1.22,1685,0
337,3,0xeaa5003682d7289190651081ae2bee847097afc5,16.753442,1773025386,4f5ac4ef7e66a6a13455ae735e7e2f627463f5924fc751e37fa7649a5a615dd4,250,83.33,4.24,1,6,4,0.024319,0.532426,TopoStake,pog(D=3_omega=0.50),1.94,1686,0
337,4,0x53be6e527cc5a7d850b5eae27b9cef342e0665f2,13.041260,1773025389,fe523ef0132c292b76dd975e9d9ac4f7417852bc6449ad6a4bef2ab3c9dd76b3,216,108.00,4.38,3,6,4,0.024302,0.532337,TopoStake,pog(D=3_omega=0.50),1.64,1687,0
338,0,0x07902d0371763a00d97ed9ba16ff0a206cb0fd19,132.749623,1773025390,c556fc0d6289e6e139112a16481714f977c8cb62bb30baa3c5d903e8265206a1,237,118.50,3.47,1,5,4,0.024283,0.532076,TopoStake,pog(D=3_omega=0.50),1.61,1688,0
338,1,0x075e1d95c7891e1c00414ca1aa9a7a8cf6270019,67.244118,1773025392,0a914f58671716b5a4ab98656fc2834001891a0beebd6c2169ef44d614dfd8fc,103,103.00,2.71,2,4,3,0.024342,0.532338,TopoStake,pog(D=3_omega=0.50),1.00,1689,0
338,2,0xa9105f442328d397529b8e4e9e656fa89016ff45,14.459913,1773025394,e2f05d09c6ef7ade7c268960212233fd808681411ac678a8c77ab584f7e1afb6,179,89.50,3.23,1,5,3,0.024359,0.532565,TopoStake,pog(D=3_omega=0.50),1.50,1690,0
338,3,0x07902d0371763a00d97ed9ba16ff0a206cb0fd19,133.750207,1773025396,15c0f3f12a2c1bdeb0dc2654d7a9afa4b6a1e0618c3bd6871ef57bf6d39811e6,190,95.00,3.67,1,5,4,0.024341,0.532392,TopoStake,pog(D=3_omega=0.50),1.42,1691,0
338,4,0xa7e4d4d949807065ebf85adc1be8c382c7236c15,16.213901,1773025398,99d714c1d02ec5dfeee6454afb291342a2e5eb06f2ad2bf7df4a107faad49fc3,250,125.00,2.82,2,4,3,0.024400,0.532653,TopoStake,pog(D=3_omega=0.50),1.20,1692,0
339,0,0x719361397abe003a91af76243e5f9c7a0cd4279f,56.608180,1773025400,f3154865de5d4d74d7e8b80295c2e4d2800a992490a643d60bde10e3af6daba8,215,107.50,3.80,1,6,4,0.024383,0.532544,TopoStake,pog(D=3_omega=0.50),0.92,1693,0
339,1,0x13f9dadc05f6c237b03411e2aed1800cf21a5d89,109.449457,1773025402,a668ba87f000e6086ae51d668a34ee8cd5828ea9a2b16770a1ce056b5f17b95d,201,67.00,3.90,1,5,4,0.024392,0.532748,TopoStake,pog(D=3_omega=0.50),1.62,1694,0
339,2,0x8719ca31b72ae8a5404006763c53d5ad503dbcb0,11.101677,1773025404,5003a675dbc9b045c6bec5b1153b927b770b79850d2bb0807756d057b68e697f,203,101.50,3.07,2,5,3,0.024436,0.532997,TopoStake,pog(D=3_omega=0.50),1.55,1695,0
339,3,0x95ab54d268473cce82094026afefdbd5cadf418b,4.573992,1773025406,6107188012632e6e38e32e0238202ae3468b8116c82ee9ab661410f3d3afb579,98,98.00,4.18,1,6,4,0.024415,0.532650,TopoStake,pog(D=3_omega=0.50),1.00,1696,0
339,4,0x075e1d95c7891e1c00414ca1aa9a7a8cf6270019,68.245107,1773025408,3cb031bf9d55791f93e33a90bbcf7545cbaa92c2bdb309dda97a586ee4e616d3,210,105.00,4.46,1,6,5,0.024391,0.532080,TopoStake,pog(D=3_omega=0.50),1.54,1697,0
340,0,0x07902d0371763a00d97ed9ba16ff0a206cb0fd19,134.751828,1773025410,c1efa103dcc5a03e8d17819a3274b326fa7531476f845423b81c89aba28d9707,214,107.00,3.07,1,5,3,0.024408,0.532307,TopoStake,pog(D=3_omega=0.50),1.31,1698,0
340,1,0x71f297f96355f349d66f0e9b681e7d4e11224660,14.166109,1773025412,bf04d68085991747fe8edd2ab442792f5f3839648e9beab7a6371d42f48f6fac,247,123.50,2.77,1,4,3,0.024467,0.532567,TopoStake,pog(D=3_omega=0.50),0.97,1699,0
340,2,0x269cdf52f97e1d9f14b7be895155a7b294f0b21d,64.805890,1773025414,c256174de661517e521d3bde60eb4d6f2563084d11948c7522549a73b965daf6,187,93.50,3.84,1,5,4,0.024449,0.532374,TopoStake,pog(D=3_omega=0.50),0.57,1700,0
340,3,0x282f43759e22b50aa7989261c51c367f325c3f91,11.340591,1773025416,4cea06b220fe3a194600809e68c83b32d62c33b07ff4acd1fcdf1efdb9fa0bb1,227,75.67,3.81,1,5,4,0.024463,0.532589,TopoStake,pog(D=3_omega=0.50),1.70,1701,0
340,4,0xa9105f442328d397529b8e4e9e656fa89016ff45,15.460764,1773025419,711adce547ee0725e87941970f3a6a651409e40be5ea1d58d7f8607c0efb3575,215,107.50,4.00,1,6,4,0.024443,0.532242,TopoStake,pog(D=3_omega=0.50),1.59,1702,0
341,0,0x408bb0bf84df50b21c53c74420987f172d4036a1,6.779576,1773025420,46ddcd5ed521d144bdeaeea8f232dcb0af1ab248ad206ba88e14ec9b5413a179,201,100.50,3.72,1,5,4,0.024425,0.532094,TopoStake,pog(D=3_omega=0.50),1.51,1703,0
341,1,0x30509a8084fdfe6fe24d9c9a817c209ad194f8e3,70.743153,1773025422,2891133b27943e241c03b3c31e0a160939aa4f8d3f56176dbaad91050c0378ab,99,99.00,3.46,1,5,4,0.024402,0.531641,TopoStake,pog(D=3_omega=0.50),0.98,1704,0
341,2,0x8719ca31b72ae8a5404006763c53d5ad503dbcb0,12.101938,1773025424,3aed26248d3f2932f0b24e8c5f6282abecd3045adcb78c56b23657dba54c9b6e,192,96.00,3.39,1,5,4,0.024420,0.531878,TopoStake,pog(D=3_omega=0.50),1.44,1705,0
341,3,0x24898fcb116b48cb2b6fd5d3b4eb599fee0f4633,22.057464,1773025426,d0e6ba92516a2fd6860a37753e1201887c288102170cdc96e6d559df3e7ca1c7,221,110.50,4.20,1,6,4,0.024401,0.531554,TopoStake,pog(D=3_omega=0.50),1.40,1706,0
341,4,0x0d91704595bff3aec25d40822498a51c62b05e3a,23.593936,1773025428,e52e973b7f57f6db0368907388f9fa763a7e9af9d2a659ae44ebe09eb0f7597e,250,125.00,3.50,1,5,4,0.024388,0.531532,TopoStake,pog(D=3_omega=0.50),1.20,1707,0
342,0,0x07902d0371763a00d97ed9ba16ff0a206cb0fd19,135.753708,1773025430,030645d90012e09d4e39200068a325c69c4170d867a1f42690e945498d18e820,250,125.00,3.30,1,5,3,0.024376,0.531535,TopoStake,pog(D=3_omega=0.50),0.90,1708,0
342,1,0x26d553a2f4343b3a7dc88bbd87b3d0a25d3838d9,19.224512,1773025432,ded9cacf1889b142887f94b3f7f97544841e7436b045408e35bf64c1432a33c4,202,67.33,2.81,2,4,3,0.024435,0.531794,TopoStake,pog(D=3_omega=0.50),1.72,1709,0
342,2,0xeaa5003682d7289190651081ae2bee847097afc5,17.753975,1773025435,32337f5b4896f57114e64bc142351ac4ab25a1d8e1b99f535619fd945d1b74a2,192,96.00,3.73,1,5,4,0.024420,0.531757,TopoStake,pog(D=3_omega=0.50),1.50,1710,0
342,3,0x30509a8084fdfe6fe24d9c9a817c209ad194f8e3,71.744221,1773025437,c093c965d0b9a8010fc1ad311a6c00d250ab9edec588cbedda7fbf9bd6e9b56b,177,88.50,4.36,2,6,5,0.024404,0.531677,TopoStake,pog(D=3_omega=0.50),1.49,1711,0
342,4,0xd39dbd3662315e3935ec08e6b6028e73b3c09de2,29.932658,1773025439,0c26aa1dd00d84442fe282f5df8a88d39ba106fac556c435abca04092f911ea4,168,84.00,3.38,1,5,4,0.024422,0.531914,TopoStake,pog(D=3_omega=0.50),1.51,1712,0
343,0,0x8c11ec9090dd820c076e57e899d9c604c79d6b32,27.578864,1773025441,5b9da7adc7d0859cf4f984ddb98f972456eb3e4327c8890480737b16f967470e,203,101.50,4.54,2,6,5,0.024414,0.532020,TopoStake,pog(D=3_omega=0.50),1.50,1713,0
343,1,0x52e05d9fa4faa167f30baba23c710e4f49115288,1.119362,1773025443,6e5e4fa78c5dfcdf67fd04bc695c068df1e16b3187a4061eed79fc4592ac81f3,194,97.00,4.01,1,6,4,0.024404,0.532076,TopoStake,pog(D=3_omega=0.50),1.43,1714,0
343,2,0xb990cdf21950e6086c350175c4bc504e45858230,4.099389,1773025445,d15920a9b592926f3c8bb1ec0d50349dfb4b34a0b24de6bad52d2ec870205e5c,228,114.00,3.87,1,5,4,0.024378,0.531343,TopoStake,pog(D=3_omega=0.50),1.20,1715,0
343,3,0x53be6e527cc5a7d850b5eae27b9cef342e0665f2,14.042328,1773025447,916f575a5ed97833d4e15f473248b7237d48d4d4aad32bad6741b0b1424ceac2,221,110.50,4.00,1,5,4,0.024354,0.530753,TopoStake,pog(D=3_omega=0.50),0.91,1716,0
343,4,0xa3786e459f289a76c0e8af8ad834e3d0c6d47199,24.737454,1773025450,f93aeb44f202743f51982b251f00faa0e20e0e84aff61eaf1e86f708ba460fce,217,72.33,3.51,1,5,4,0.024335,0.530545,TopoStake,pog(D=3_omega=0.50),1.70,1717,0
344,0,0xcdc82b7c868072205a399d0f68e6e3ad3bfd1ca6,6.185348,1773025451,554beb97f51dff5f938db3acf6a56cf768ce51670fcebdc3e5d5ba803aa82962,185,92.50,4.30,1,6,4,0.024324,0.530574,TopoStake,pog(D=3_omega=0.50),1.55,1718,0
344,1,0x606627477c3734932f47972f83c27cf4e3b35b4f,30.401014,1773025453,d2ac43912154b4b5f8039388b511b5eb4f69c022deea117a0a5dec6e94cdd269,103,103.00,3.58,2,5,4,0.024301,0.530111,TopoStake,pog(D=3_omega=0.50),1.00,1719,0
344,2,0x07902d0371763a00d97ed9ba16ff0a206cb0fd19,136.755399,1773025455,7ec8b755e0d2a8e8c0cfbd957e6c94058d2c94a0471f3b36f6da8090ead5869a,213,106.50,3.71,1,5,4,0.024293,0.530218,TopoStake,pog(D=3_omega=0.50),1.54,1720,0
344,3,0xc4dc29db975b952e04358340e56b68fa4ba63fbc,13.536750,1773025457,cb51908657db1f92e6b199704af77c7558272c262dfb810d258b5057661a002d,201,100.50,2.69,1,4,3,0.024352,0.530476,TopoStake,pog(D=3_omega=0.50),1.32,1721,0
344,4,0x075e1d95c7891e1c00414ca1aa9a7a8cf6270019,69.246987,1773025459,de071394ac1e014678f52a1b6f9d7a9e37e0d1c9d48f0fc5636fd0c821ce06dd,193,96.50,3.75,1,5,4,0.024334,0.530230,TopoStake,pog(D=3_omega=0.50),1.13,1722,0
345,0,0x377eaef292051bbf8ada05b2af76a3f3b9d722a7,6.038360,1773025461,6437e1bd8c3d5d7ad5ce89089f113ca1b9bc09c8a9c2c14d705036c435e536d6,250,125.00,3.13,1,5,3,0.024350,0.530454,TopoStake,pog(D=3_omega=0.50),0.92,1723,0
345,1,0x07902d0371763a00d97ed9ba16ff0a206cb0fd19,137.756603,1773025463,398f4bec0ec6b72db1399fce4e289e98c8551413b8baf85a6ec6651f5065e186,240,80.00,3.63,1,5,4,0.024327,0.529975,TopoStake,pog(D=3_omega=0.50),1.62,1724,0
345,2,0xdcf2130496e27a8094ab996aea4aa77788d65869,29.525765,1773025466,2f10b309022700895ba275884d8e6c5ddcd9f4c1e816999a7b2e3891e75545c4,195,97.50,2.76,1,4,3,0.024386,0.530233,TopoStake,pog(D=3_omega=0.50),1.48,1725,0
345,3,0x26d553a2f4343b3a7dc88bbd87b3d0a25d3838d9,20.225354,1773025468,64026ccc5d1905f6d0191efaaf3079d606d54d0ae06761c196ec65ef765f2a0d,191,95.50,3.93,1,5,4,0.024378,0.530322,TopoStake,pog(D=3_omega=0.50),1.51,1726,0
345,4,0x81d019380961f92c2031b0a7fba69f7675145088,19.493918,1773025470,99e3e43b13951c6f6ac52ca7397a3060753917cb479caece08c3ffa7a28bf508,214,107.00,3.83,1,5,4,0.024364,0.530290,TopoStake,pog(D=3_omega=0.50),1.51,1727,0
346,0,0x07902d0371763a00d97ed9ba16ff0a206cb0fd19,138.757743,1773025472,b82bdbbbed024ef6922f72c1da048515cf5a88fd49ed2000d0e9a8f1bce57ca0,221,110.50,3.76,1,5,4,0.024349,0.530245,TopoStake,pog(D=3_omega=0.50),1.55,1728,0
346,1,0x07902d0371763a00d97ed9ba16ff0a206cb0fd19,139.758893,1773025474,a2a87ff3b95c18cc29a2aa435b530139c7b2d3af65b7cf668d6c7b3bae9bf194,232,116.00,2.67,1,4,3,0.024408,0.530502,TopoStake,pog(D=3_omega=0.50),1.22,1729,0
346,2,0x26d553a2f4343b3a7dc88bbd87b3d0a25d3838d9,21.226361,1773025476,2d3b9d7cda49cb3331bc5f77359f17f75875df7d5781098510f0f5915bffbfeb,243,121.50,2.84,1,4,3,0.024468,0.530759,TopoStake,pog(D=3_omega=0.50),0.78,1730,0
346,3,0x37cc7a82e66d4f4c2ae13b9ee895d3af1a1d7a05,14.255197,1773025478,52dde4d1bf410d3a87531cce2f80f45ba508b3f315943e0cfb7c4b9624dab433,226,75.33,3.79,1,5,4,0.024455,0.530726,TopoStake,pog(D=3_omega=0.50),1.58,1731,0
346,4,0x28672c71695142588ed26ada6f4b18b8b6c12308,12.683214,1773025481,33191a6a862ea718101d89107553206b483435c47b690ad95c9004357b43e220,216,108.00,3.97,1,6,4,0.024436,0.530520,TopoStake,pog(D=3_omega=0.50),1.53,1732,0
347,0,0x24898fcb116b48cb2b6fd5d3b4eb599fee0f4633,23.058653,1773025482,b53521e001e98249547380cedf3826d835eaad65216fc476007278e79aaefcc6,185,92.50,3.59,1,5,4,0.024437,0.530520,TopoStake,pog(D=3_omega=0.50),1.52,1733,0
347,1,0xdcf2130496e27a8094ab996aea4aa77788d65869,30.526594,1773025484,8649dba14722842985a065ff967a98e464815b6e9306d84e5cf33099f09d4152,89,89.00,3.54,1,5,4,0.024424,0.530502,TopoStake,pog(D=3_omega=0.50),1.00,1734,0
347,2,0x282f43759e22b50aa7989261c51c367f325c3f91,12.341401,1773025486,43e1908e5d2337350d8ab58b03f61c7499fad04695f1913368fa02e8c6ac7ffc,201,100.50,3.79,1,5,4,0.024416,0.530600,TopoStake,pog(D=3_omega=0.50),1.48,1735,0
347,3,0x26d553a2f4343b3a7dc88bbd87b3d0a25d3838d9,22.227488,1773025488,aac88bc99b342a8b1fbf923f68a597b76779d10c05d74776f0f49a2ec29365de,218,109.00,3.93,1,5,4,0.024397,0.530288,TopoStake,pog(D=3_omega=0.50),1.44,1736,0
347,4,0x30509a8084fdfe6fe24d9c9a817c209ad194f8e3,72.745499,1773025490,226516f472316f14df47e65775c0d6deac12a84c04687d7d7d4fef45d9c2703e,235,117.50,3.63,2,5,4,0.024384,0.530255,TopoStake,pog(D=3_omega=0.50),1.29,1737,0
348,0,0x7e40df5d801345015e84c843908efc6683665fa4,3.636343,1773025492,8898dec0b05be1a09e6614faa9b5a64c3b4db1133357861f05fc85fbe571e418,250,125.00,3.34,1,5,3,0.024402,0.530489,TopoStake,pog(D=3_omega=0.50),0.91,1738,0
348,1,0x07902d0371763a00d97ed9ba16ff0a206cb0fd19,140.760665,1773025495,f63ef2386460b002bd6db953736af33cff650e427563b8441e20e40ec2c2522d,242,80.67,3.43,1,5,3,0.024377,0.529871,TopoStake,pog(D=3_omega=0.50),1.60,1739,0
348,2,0x016d3fc36beee7caa8fbd6c1caa42461dd7f9850,50.953007,1773025496,78c595b7cf033887a5b6175ed336743477d0464921b33d8b093e674fe9226e97,199,99.50,2.78,1,4,3,0.024437,0.530127,TopoStake,pog(D=3_omega=0.50),1.52,1740,0
348,3,0x13f9dadc05f6c237b03411e2aed1800cf21a5d89,110.452704,1773025498,9a7f367ed2d419765149a3e698779fe0cde39a24f5a87f46179ffda03aeb53f3,108,108.00,3.17,1,4,3,0.024442,0.530316,TopoStake,pog(D=3_omega=0.50),1.00,1741,0
348,4,0x016d3fc36beee7caa8fbd6c1caa42461dd7f9850,51.953563,1773025500,7b627904d1861cab55316dd9419b6493af3e605e522293200325d645d22e80f8,218,109.00,3.04,1,5,3,0.024483,0.530560,TopoStake,pog(D=3_omega=0.50),1.40,1742,0
349,0,0x07902d0371763a00d97ed9ba16ff0a206cb0fd19,141.761789,1773025502,82717208ba168c7b5af74a70f5081a81e46d8d9012efa6ff82a7d6df0ad30601,196,98.00,3.16,1,4,3,0.024488,0.530749,TopoStake,pog(D=3_omega=0.50),1.47,1743,0
349,1,0x719361397abe003a91af76243e5f9c7a0cd4279f,57.609338,1773025504,9f9e487f6eaaa64e9b9dadaade023c975bb9a6dcb1766197148ef7236a53d135,250,125.00,2.71,1,4,3,0.024548,0.531004,TopoStake,pog(D=3_omega=0.50),1.12,1744,0
349,2,0x89100a8056319ba37491b32ba255004180607bc2,39.820128,1773025506,6d6ffc2dbc772d5d09bb8879b58a6bdb1d7208a9b98a771a403be729dd43e9ba,197,98.50,3.76,1,5,4,0.024556,0.531203,TopoStake,pog(D=3_omega=0.50),0.82,1745,0
349,3,0x34d94cc0534eb50dec7956bea31407428d6d5ef8,2.059690,1773025508,01cdfcfc9a2df1f1a2fd32bd83eb9f2b7dd9eaf6f0dc32021180b9a9f35c1eeb,198,66.00,3.87,1,5,4,0.024554,0.531374,TopoStake,pog(D=3_omega=0.50),1.67,1746,0
349,4,0x6064b9f5883bf9737dfe314ff68c56e09e68ac89,37.222532,1773025511,29eac5c78d9db86b91f421cbaa585ed7b59642fa9b26c67f9f8c49cfb723e619,207,103.50,3.77,1,5,4,0.024528,0.530696,TopoStake,pog(D=3_omega=0.50),1.52,1747,0
350,0,0x63f4973c0df8a5358405f396dc0673a463c48de9,38.936831,1773025512,c875bb8ac9bb80d42048e9b310f7188a047003cd38ada4790d62b4a63e42fb91,196,98.00,3.88,1,5,4,0.024528,0.530696,TopoStake,pog(D=3_omega=0.50),1.52,1748,0
350,1,0x9bdb1c7ad4bd8fe797b07c08117c74a591dbab2d,4.424007,1773025514,6a8ab983f35ae63a8a2bd02f47a205cae2a9d448e7dc2326e51984d02bf93013,102,102.00,3.52,1,5,4,0.024521,0.530995,TopoStake,pog(D=3_omega=0.50),0.97,1749,0
350,2,0x07902d0371763a00d97ed9ba16ff0a206cb0fd19,142.763371,1773025516,4948ceecff3ee20dfdd6f86ecbdb9a3987ee9586359259def3f7cc5fab9df76b,220,110.00,3.73,1,5,4,0.024497,0.530418,TopoStake,pog(D=3_omega=0.50),1.46,1750,0
350,3,0x28672c71695142588ed26ada6f4b18b8b6c12308,12.683118,1773025518,d5bc9c95dc889865a3c15b9428a20c7ef75bfd7857202fc0efcd1977a7f2051c,217,108.50,2.71,1,4,3,0.024557,0.530672,TopoStake,pog(D=3_omega=0.50),1.28,1751,0
350,4,0x13f9dadc05f6c237b03411e2aed1800cf21a5d89,111.454241,1773025520,5f07f55343fb4a176e44479d16bfcbacab33b0b480d9fd980b3bec2cd0e4c073,234,117.00,3.56,1,5,4,0.024538,0.530378,TopoStake,pog(D=3_omega=0.50),1.02,1752,0
351,0,0x58a21eeb7ab18ba8adf1296e66a4487076e95dac,27.107093,1773025522,fbb809d1ce97b6335e19945004a7be15ecd7631e8cdb3d8b8c2d3b79822c0745,248,124.00,3.06,1,5,3,0.024579,0.530621,TopoStake,pog(D=3_omega=0.50),0.80,1753,0
351,1,0xd1cd4b808ce6b2841ad42746b64c5a047e857ef0,29.259921,1773025524,3b616151692a3481e79ed1bbba9a7e5a7258f89fe568e615c61ac4c9a0ef28c2,205,68.33,3.93,1,5,4,0.024569,0.530665,TopoStake,pog(D=3_omega=0.50),1.51,1754,0
351,2,0xd1cd4b808ce6b2841ad42746b64c5a047e857ef0,30.260901,1773025527,687a5620f4adb0400704921c22fdd5960b1c902d0a615e40c54f75dfa3aa0180,198,99.00,3.96,2,6,4,0.024560,0.530742,TopoStake,pog(D=3_omega=0.50),1.50,1755,0
351,3,0xd67aaaf210c0c36ddcb7055222d168b5c9dd1b36,6.167425,1773025529,37eb6bc3e1f7e67e6f31e8c8255bce4857309b612a6debf1201b9a1b8495c503,197,98.50,3.92,1,6,4,0.024560,0.530743,TopoStake,pog(D=3_omega=0.50),1.55,1756,0
351,4,0xa3786e459f289a76c0e8af8ad834e3d0c6d47199,25.737828,1773025531,793d5d1e327d261d6dfe5daebacf521006d5396cb8cba37c716153ab4dbcace5,194,97.00,3.92,1,5,4,0.024537,0.530267,TopoStake,pog(D=3_omega=0.50),1.44,1757,0
352,0,0x13f9dadc05f6c237b03411e2aed1800cf21a5d89,112.455781,1773025533,e1ea076f9c355bf8f2c58a04f278cc9fb5e32c0433220a6024eda659959625fc,183,91.50,4.26,1,6,4,0.024526,0.530301,TopoStake,pog(D=3_omega=0.50),1.48,1758,0
352,1,0x269cdf52f97e1d9f14b7be895155a7b294f0b21d,65.807391,1773025535,ba8bb4d72a25e8c898ece5d6141a7652ebe76d164052e53c5ead010f9af09c1e,250,125.00,3.00,1,5,3,0.024567,0.530543,TopoStake,pog(D=3_omega=0.50),1.29,1759,0
352,2,0x606627477c3734932f47972f83c27cf4e3b35b4f,31.401845,1773025537,9d77957e753f036a02a1fa6e26271c269d8135ca23c77f75c077ce499186c45b,207,103.50,3.52,1,5,4,0.024580,0.530752,TopoStake,pog(D=3_omega=0.50),0.94,1760,0
352,3,0xa9105f442328d397529b8e4e9e656fa89016ff45,16.461105,1773025539,6e22b02a7800290dd445b75d3623bbb5932cb955ee9a43ede35236d3a193a82a,231,77.00,3.61,1,5,4,0.024572,0.530875,TopoStake,pog(D=3_omega=0.50),1.73,1761,0
352,4,0xeb82a21cb3d0dd781eb22ad74bb7cd9b4d2a06ec,18.922059,1773025542,4fc85740044efae95c775ccda4e4ec51c9cd2b003a3b9f323237b3761211d420,192,96.00,3.79,1,5,4,0.024572,0.530876,TopoStake,pog(D=3_omega=0.50),1.55,1762,0
353,0,0x07902d0371763a00d97ed9ba16ff0a206cb0fd19,143.765281,1773025543,0ddfedfbbd1c807f043f360315a169caaa4ccdfadc9fee2471fcb2970c762cf1,179,89.50,4.12,1,6,4,0.024573,0.530876,TopoStake,pog(D=3_omega=0.50),1.42,1763,0
353,1,0x719361397abe003a91af76243e5f9c7a0cd4279f,58.610294,1773025545,78fcaad5ea0d7a2dc84d4d589382c3885c0940331d2f7b74b5a0b5ac6116e4ce,103,103.00,2.78,1,4,3,0.024617,0.531073,TopoStake,pog(D=3_omega=0.50),1.00,1764,0
353,2,0xd1cd4b808ce6b2841ad42746b64c5a047e857ef0,30.260827,1773025547,8d072064a88bad32aa6c56f1cdb3dd87e7a2b77cbb2c93b59d94e569b8860400,210,105.00,3.84,1,5,4,0.024625,0.531270,TopoStake,pog(D=3_omega=0.50),1.49,1765,0
353,3,0x58a21eeb7ab18ba8adf1296e66a4487076e95dac,28.107930,1773025549,5d52106cda24c74b03329006279dca993a304bedcf5a27efaa61b12e25a1e56e,210,105.00,3.90,1,6,4,0.024617,0.531350,TopoStake,pog(D=3_omega=0.50),1.44,1766,0
353,4,0x37cc7a82e66d4f4c2ae13b9ee895d3af1a1d7a05,15.255771,1773025551,87422c5fe2d839140f2e8b61331e7c33c24f6f1bd9771ac82964ddded3b0dccc,242,121.00,3.83,1,5,4,0.024607,0.531403,TopoStake,pog(D=3_omega=0.50),1.14,1767,0
354,0,0x07902d0371763a00d97ed9ba16ff0a206cb0fd19,144.766027,1773025553,8925bfce588fd88e4f6f33813a2c4e5b480ce85f02c7441c67bef109b12de5ed,224,112.00,3.89,2,6,4,0.024590,0.531242,TopoStake,pog(D=3_omega=0.50),0.79,1768,0
354,1,0xcdc82b7c868072205a399d0f68e6e3ad3bfd1ca6,7.185167,1773025556,1ad40e7b4073d23fda9d8cff7693dd3811fe0c843f17abc06e80186a1f5bd565,204,68.00,2.76,1,4,3,0.024650,0.531494,TopoStake,pog(D=3_omega=0.50),1.58,1769,0
354,2,0x1cb1274c711a6c2e4e1596846e6ac604eeefb358,14.408861,1773025557,01d311377296407b9e295ec460ab21b7f76370a396ce019b31769df41441c9d4,202,101.00,3.64,2,5,4,0.024650,0.531494,TopoStake,pog(D=3_omega=0.50),1.51,1770,0
354,3,0x3513d672439a59c26cc5711f2b715ccb4810a774,11.280593,1773025559,5d04471298edad5f18c08dc5c06b29c4df6fd468fb5f42ffef778b6bb0a324b3,75,75.00,3.35,1,5,3,0.024609,0.530852,TopoStake,pog(D=3_omega=0.50),1.00,1771,0
354,4,0x89100a8056319ba37491b32ba255004180607bc2,40.821095,1773025561,9fa46c4cfdfe20dde8a06add7ea9a948fad06686582b2e6a06ec016f6889a678,224,112.00,3.89,1,5,4,0.024590,0.530504,TopoStake,pog(D=3_omega=0.50),1.42,1772,0
355,0,0xe184aeec69f3313df03bef8752946c65f0a70021,3.064398,1773025563,853ead5dbb460a47dd7c5d50e481eb6e78ebe062b5deea89793787a9e8706837,213,106.50,3.87,1,5,4,0.024587,0.530679,TopoStake,pog(D=3_omega=0.50),1.43,1773,0
355,1,0x63f4973c0df8a5358405f396dc0673a463c48de9,39.937261,1773025565,bbec2d3ffdbc9166b68b67291483f102a687ea6dd8b75931c4f13ebd07082b81,246,123.00,3.89,1,6,4,0.024563,0.530036,TopoStake,pog(D=3_omega=0.50),1.19,1774,0
355,2,0xac768e60b9269babb15cb1e36ee843243d7c7543,28.737847,1773025567,4fcb43a1452e8c11a8cec5a4e734beea2d90e360f64b07346d23730b676bebdd,237,118.50,3.63,2,5,4,0.024560,0.530196,TopoStake,pog(D=3_omega=0.50),0.86,1775,0
355,3,0xcb7977f4997b4252c0152e135dd79b3cfe35c1a5,14.623194,1773025569,ad1ce0ac3ed7c287da99fe57c9d5110e4890b434c85de3edfde0504131cbd714,241,80.33,3.96,1,6,4,0.024560,0.530197,TopoStake,pog(D=3_omega=0.50),1.56,1776,0
355,4,0xbc3f8508d26048f2064aa8c068f4c94d08d77d18,13.057121,1773025571,66b25b2fbc1f8a0423dfc1957a4b27e27716d39e57e8c2d17300fce3dc6dfa29,187,93.50,4.20,1,6,4,0.024533,0.530056,TopoStake,pog(D=3_omega=0.50),1.55,1777,0
356,0,0x30509a8084fdfe6fe24d9c9a817c209ad194f8e3,73.747477,1773025573,a62aedd51da235317c27aa521593e442bceed773770023653bdfff0f395a44db,87,87.00,4.46,3,6,4,0.024514,0.529782,TopoStake,pog(D=3_omega=0.50),1.00,1778,0
356,1,0x81193196c1dbdbf80709d43a5af5ce21c201fbd7,7.820624,1773025575,375622b0230d71809103fb53671dd7868df53850fc8cd07bb7d0ca9bce2a49e1,186,93.00,3.53,2,5,4,0.024531,0.530012,TopoStake,pog(D=3_omega=0.50),1.55,1779,0
356,2,0x89100a8056319ba37491b32ba255004180607bc2,41.822141,1773025577,8882696dacc271e29b1959f0ad38234d14e44df9bc26229a699ddfbc0afc3426,197,98.50,4.03,1,5,4,0.024510,0.529601,TopoStake,pog(D=3_omega=0.50),1.45,1780,0
356,3,0x13f9dadc05f6c237b03411e2aed1800cf21a5d89,113.458315,1773025579,c2a2012cc3944747b400b82adad6b2b07514652cf33935c86d82146ad4f03748,211,105.50,3.77,1,5,4,0.024508,0.529776,TopoStake,pog(D=3_omega=0.50),1.35,1781,0
356,4,0xf5ecb44daf07a1d1073dbc89baf04bd7541fa517,4.044934,1773025581,36a9bb4432b011c17cf1a1607cde18a64d0ed95d27559cce7833a547f34d5acf,250,125.00,3.05,1,5,3,0.024549,0.530015,TopoStake,pog(D=3_omega=0.50),0.98,1782,0
357,0,0xa9105f442328d397529b8e4e9e656fa89016ff45,16.460841,1773025583,69b2e72354c5333cae43b563fdfb4ccae389b8c35816d90b5bbc82a4926b70fc,225,75.00,3.96,1,6,4,0.024525,0.529420,TopoStake,pog(D=3_omega=0.50),1.68,1783,0
357,1,0xdcf2130496e27a8094ab996aea4aa77788d65869,31.527311,1773025585,66312e348ef11da38295f2dcc72f77295d77df5bfc3fe146947975bbae7bb314,201,100.50,3.81,1,5,4,0.024508,0.529315,TopoStake,pog(D=3_omega=0.50),1.54,1784,0
357,2,0xe6ebb0cdfd04183d498964e5efc4096ba77b17d6,40.325754,1773025587,393742deb7995c3f0cc50f1b986e2ced0b59dc74c9d050d95a29f3228056c8d0,98,98.00,4.02,2,5,4,0.024500,0.529432,TopoStake,pog(D=3_omega=0.50),1.00,1785,0
357,3,0x0d91704595bff3aec25d40822498a51c62b05e3a,24.595577,1773025589,2af0caa8b5a0858abb2333cd2549ca2eed5e41e57004327344071487aca25530,191,95.50,4.11,1,6,4,0.024498,0.529589,TopoStake,pog(D=3_omega=0.50),1.41,1786,0
357,4,0x719361397abe003a91af76243e5f9c7a0cd4279f,59.611435,1773025591,9b8c47a2f42b37e0fe532ae17ec7ab02870d62835146088bb7311bef31718c3a,226,113.00,3.26,1,5,3,0.024486,0.529606,TopoStake,pog(D=3_omega=0.50),1.43,1787,0
358,0,0xcb7977f4997b4252c0152e135dd79b3cfe35c1a5,15.623887,1773025593,938ac467fbc47577505c58608fa14a6f67623e4c200da261b72aa5d847ed9306,212,106.00,3.65,1,5,4,0.024495,0.529801,TopoStake,pog(D=3_omega=0.50),1.26,1788,0
358,1,0x9c39f7fffaa5c5cfab20dfdd05663497918580c1,15.425522,1773025595,a494fa04b9056fc146a755c98da5ec986fbe0020f72327a0b76a003499266d42,201,100.50,4.25,1,6,4,0.024478,0.529650,TopoStake,pog(D=3_omega=0.50),1.20,1789,0
358,2,0x7e40df5d801345015e84c843908efc6683665fa4,4.636841,1773025597,04cbbdc03128cc8ce9c2856d4ad271e9732b4586eccd8b1d4bd395961af295c5,220,73.33,4.06,1,5,4,0.024461,0.529479,TopoStake,pog(D=3_omega=0.50),1.75,1790,0
358,3,0xa3786e459f289a76c0e8af8ad834e3d0c6d47199,26.738320,1773025600,b28b4cd2ab7a5dc19e282f25a79fdea0ab4ef2e55d512fa7f536619f125d55be,240,120.00,3.46,1,5,4,0.024437,0.528912,TopoStake,pog(D=3_omega=0.50),1.55,1791,0
358,4,0x606627477c3734932f47972f83c27cf4e3b35b4f,32.402785,1773025601,99cd95f675f8a45acdfa731dc4dc3a8cf4382c41c4287710a6152bc2600bdefd,197,98.50,4.28,1,6,4,0.024437,0.528912,TopoStake,pog(D=3_omega=0.50),1.48,1792,0
359,0,0x07902d0371763a00d97ed9ba16ff0a206cb0fd19,145.768807,1773025603,f4373983e3bd1796a165228b8e458ebdff82ee341951b31d683246a1d1ad20e3,103,103.00,3.58,1,5,4,0.024419,0.529075,TopoStake,pog(D=3_omega=0.50),1.00,1793,0
359,1,0xb2a7fe70a6f3137d38f6cb4c3ec6dd1e24f2d5f4,17.416705,1773025605,c88098eaa0a12ea0127e651fad65b8752bad26f50c28ed5c64449ab44089ffa2,202,101.00,2.77,1,4,3,0.024478,0.529324,TopoStake,pog(D=3_omega=0.50),1.44,1794,0
359,2,0x49b57eb4dace37c8819daf079c9c674f766d4f38,16.227292,1773025607,ce256c382511616652c7f63196dc0a9129ae2ad2a9eee5256ee25bffe6975740,212,106.00,4.24,1,6,4,0.024462,0.529238,TopoStake,pog(D=3_omega=0.50),1.45,1795,0
359,3,0x30509a8084fdfe6fe24d9c9a817c209ad194f8e3,74.748712,1773025609,19e0d39af5a6ac6d095accb393b32c4b920b0e9f31f4f8c6187bb0e9bf701f33,231,115.50,3.74,1,6,4,0.024446,0.529110,TopoStake,pog(D=3_omega=0.50),1.32,1796,0
359,4,0xd46407aa7b668c72de3cf1c1a12b7fa2e308a1b2,18.990694,1773025611,d5e3f52c5bb8e9c6cb338a1e2314c33bb39d66412fd702b8c16bcf665e886a65,250,83.33,3.45,1,5,4,0.024463,0.529337,TopoStake,pog(D=3_omega=0.50),1.91,1797,0
360,0,0x26d553a2f4343b3a7dc88bbd87b3d0a25d3838d9,23.228243,1773025614,1f80107618ec788e483b76d0da1d5a70d91dd72ba552c5a4df869e56da5ee12b,220,110.00,3.85,1,5,4,0.024448,0.529274,TopoStake,pog(D=3_omega=0.50),1.60,1798,0
360,1,0x30509a8084fdfe6fe24d9c9a817c209ad194f8e3,75.749970,1773025615,b34433ea1cbb4bb8392332b1dd047592be28964de1d88366fb073a284f5152eb,205,102.50,3.77,1,5,4,0.024448,0.529274,TopoStake,pog(D=3_omega=0.50),1.47,1799,0
360,2,0xc24b36dee27726233c3bbd9e1f028f98b6b2a424,31.437943,1773025617,4df98648c6f64febf577ad7d5afc899cb337553f9bb277ab8bb15b04fd1b84be,105,105.00,3.53,1,5,4,0.024466,0.529501,TopoStake,pog(D=3_omega=0.50),1.00,1800,0
360,3,0x016d3fc36beee7caa8fbd6c1caa42461dd7f9850,52.955222,1773025619,8189427b3e57093eee2308fae5f73fcaf20676593293435b24c8a016e5a67c53,212,106.00,4.12,1,6,4,0.024458,0.529604,TopoStake,pog(D=3_omega=0.50),1.49,1801,0
360,4,0x719361397abe003a91af76243e5f9c7a0cd4279f,60.612597,1773025621,0d18c9dd730e35407d74f7df1d5f75272e334b9b2d868e2c8467d04fa98854ec,228,114.00,3.04,1,4,3,0.024463,0.529787,TopoStake,pog(D=3_omega=0.50),1.39,1802,0
361,0,0x1cb1274c711a6c2e4e1596846e6ac604eeefb358,15.408838,1773025623,d9cdd4ededfcd9537c22272b37126d3797f1be4a3fa18d8843d254cad47490ab,239,119.50,3.72,1,5,4,0.024472,0.529981,TopoStake,pog(D=3_omega=0.50),1.13,1803,0
361,1,0x9c39f7fffaa5c5cfab20dfdd05663497918580c1,16.426430,1773025625,2d7f38db9ae38cc36cde6a78687cc9b2344dc47251e2f432ff29e06220616166,250,125.00,3.51,1,5,4,0.024454,0.529797,TopoStake,pog(D=3_omega=0.50),0.90,1804,0
361,2,0x13f9dadc05f6c237b03411e2aed1800cf21a5d89,114.460863,1773025627,cde0b029dec01166452092e4db91093d8e4e42d98b283df96bbc1c6647f3f419,191,63.67,3.97,1,5,4,0.024438,0.529670,TopoStake,pog(D=3_omega=0.50),1.61,1805,0
361,3,0x1796dc61e715f15a2d27dfa32bd34780f12a8c24,23.750676,1773025629,688f3f3722cedd895a7508ef3bcd660e117759ea149d2a793797d2bfb8fcc7ca,191,95.50,3.02,1,5,3,0.024438,0.529671,TopoStake,pog(D=3_omega=0.50),1.54,1806,0
361,4,0x6064b9f5883bf9737dfe314ff68c56e09e68ac89,38.223238,1773025631,afa2234795f746644e6e15110f22dc8e5a5fb5a198a5b401a7f4941d4772462c,105,105.00,3.28,2,5,3,0.024478,0.529907,TopoStake,pog(D=3_omega=0.50),1.00,1807,0
362,0,0x8c11ec9090dd820c076e57e899d9c604c79d6b32,28.579111,1773025633,7b23b73c2af4db7ebdd02b701e2f743131d0bade4cba3d038236735b147a40d3,172,86.00,3.80,1,5,4,0.024462,0.530040,TopoStake,pog(D=3_omega=0.50),1.51,1808,0
362,1,0x30509a8084fdfe6fe24d9c9a817c209ad194f8e3,76.750621,1773025635,044933fd058b36284382b01d04cf1e0fde14cfe4be8df9a2a0875a727bedca28,178,89.00,4.18,1,6,4,0.024452,0.530089,TopoStake,pog(D=3_omega=0.50),1.46,1809,0
362,2,0x81193196c1dbdbf80709d43a5af5ce21c201fbd7,8.821155,1773025637,e3086592d50332df82d2a3323c4ab92d8050f1cf0aab9cf745580d0a60f00819,250,125.00,3.24,1,5,3,0.024470,0.530314,TopoStake,pog(D=3_omega=0.50),1.17,1810,0
362,3,0xb990cdf21950e6086c350175c4bc504e45858230,5.098995,1773025639,3eb11f262a0541086e25fd11d6d09ad4acd5117a49d2e6032f5960521de0a472,225,112.50,3.97,1,6,4,0.024449,0.529922,TopoStake,pog(D=3_omega=0.50),0.86,1811,0
362,4,0x07902d0371763a00d97ed9ba16ff0a206cb0fd19,146.771008,1773025641,00c5ef2c44dae5ba9a2a1e692d0d0e38e91799aff8d70fe9873a91cfe1ea6de2,210,70.00,4.01,1,5,4,0.024426,0.529390,TopoStake,pog(D=3_omega=0.50),1.69,1812,0
363,0,0x0d91704595bff3aec25d40822498a51c62b05e3a,25.596804,1773025643,951da63a19421a2fd44ad1eaac453218cb9ed99a2ec59c25b27e1a197cd55209,231,115.50,2.82,1,4,3,0.024484,0.529636,TopoStake,pog(D=3_omega=0.50),1.56,1813,0
363,1,0x6d6b2734a20229ddd7fd4a1470ba3e3bad4e4a85,5.620884,1773025645,70661c35f6fddf1d396d95e410c2fb35876b31c67b370f0929a36e534035ea1d,105,105.00,3.23,1,5,3,0.024473,0.529658,TopoStake,pog(D=3_omega=0.50),1.00,1814,0
363,2,0x6064b9f5883bf9737dfe314ff68c56e09e68ac89,39.224047,1773025647,ec0b3d6e44a6f28dfeaac577b018bd7571b08705e85c2b12cd82aae1c6b4ba9f,213,106.50,3.73,1,5,4,0.024450,0.529159,TopoStake,pog(D=3_omega=0.50),1.42,1815,0
363,3,0xcb7977f4997b4252c0152e135dd79b3cfe35c1a5,16.624428,1773025649,c3ca2ce5da11633772b6b290a94c182f4040145f5af6218f483164819f561507,188,94.00,3.84,1,5,4,0.024447,0.529299,TopoStake,pog(D=3_omega=0.50),1.54,1816,0
363,4,0x6064b9f5883bf9737dfe314ff68c56e09e68ac89,40.224961,1773025651,d73b6cd6648f8a30f31e2e6f53fda602b0fef39d11a25955a67f22db3a98861b,195,97.50,4.10,1,6,4,0.024431,0.529173,TopoStake,pog(D=3_omega=0.50),1.46,1817,0
364,0,0x07902d0371763a00d97ed9ba16ff0a206cb0fd19,147.772419,1773025653,ceb5bbaf08539fdde0cdfc7dbcab8c67da1f0264c6b5a13f12a67ae518af9f1d,216,108.00,3.77,1,5,4,0.024428,0.529316,TopoStake,pog(D=3_omega=0.50),1.00,1818,0
364,1,0x269cdf52f97e1d9f14b7be895155a7b294f0b21d,66.809039,1773025656,ff75b5857f6cf822a8d6aff30bfb699df1c0181d20935a1ebfc0d5238c2e7f87,205,68.33,2.81,1,4,3,0.024486,0.529562,TopoStake,pog(D=3_omega=0.50),1.58,1819,0
364,2,0x34412315480562da4810040fd15c81f99880e1ab,12.889933,1773025657,5a7657aeda12035dd693568275b11e8df07681fc4dfc78597f78b603a0d0c6de,189,94.50,3.65,1,5,4,0.024486,0.529562,TopoStake,pog(D=3_omega=0.50),1.53,1820,0
364,3,0x26d553a2f4343b3a7dc88bbd87b3d0a25d3838d9,23.227950,1773025659,8b18dcdcc6c4ef55759f4baa10fcefaa1245278ab416eafdfadd1b68626ff87c,98,98.00,4.08,1,5,4,0.024479,0.529478,TopoStake,pog(D=3_omega=0.50),1.00,1821,0
364,4,0x075e1d95c7891e1c00414ca1aa9a7a8cf6270019,70.251453,1773025661,8e2835286a5c3ddf50326d419d7cd98b3f0250a8af3e2799484902b01c7d3762,203,101.50,3.70,1,5,4,0.024467,0.529450,TopoStake,pog(D=3_omega=0.50),1.47,1822,0
365,0,0xdcf2130496e27a8094ab996aea4aa77788d65869,32.527419,1773025663,d7ab84a99aaeeeebc716e73696fde2869b02246b4fd02f1dc3fe3c1161ebe442,240,120.00,2.94,1,5,3,0.024481,0.529663,TopoStake,pog(D=3_omega=0.50),1.30,1823,0
365,1,0x30405867b72597aaeb27803bb2c7f3f5fc7d5384,16.514872,1773025665,d53bb5b842c1b174fce0dfdbe2b8a53c9f8ab7c735dfc7e80c2e2ad45dc9a51c,221,110.50,3.74,1,5,4,0.024473,0.529782,TopoStake,pog(D=3_omega=0.50),1.09,1824,0
365,2,0x8c11ec9090dd820c076e57e899d9c604c79d6b32,29.579754,1773025667,88f6a75edfdafa6ab284fad470324d31a203ca765aa097b1cf2e33c7782c8ad2,234,117.00,3.57,1,5,4,0.024457,0.529642,TopoStake,pog(D=3_omega=0.50),0.84,1825,0
365,3,0x07902d0371763a00d97ed9ba16ff0a206cb0fd19,148.773894,1773025670,b8f30bd05cfab017e7c4837234ffd3af156d0b14a51312279d79753cb77af393,220,73.33,4.26,1,6,4,0.024457,0.529642,TopoStake,pog(D=3_omega=0.50),1.56,1826,0
365,4,0xc4dc29db975b952e04358340e56b68fa4ba63fbc,14.536402,1773025671,356f0a3b31b04d26b47a478797c77475b94accaa17f2a9e23d7380f7efce7627,196,98.00,2.79,2,4,3,0.024506,0.529949,TopoStake,pog(D=3_omega=0.50),1.54,1827,0
366,0,0xb2a7fe70a6f3137d38f6cb4c3ec6dd1e24f2d5f4,18.417194,1773025673,deac7cedaccdb9f69a50efdf72c292b559c204b05cdbe482d956bc7e6ef66ad5,109,109.00,3.64,1,5,4,0.024489,0.529736,TopoStake,pog(D=3_omega=0.50),1.00,1828,0
366,1,0xe6ebb0cdfd04183d498964e5efc4096ba77b17d6,41.326385,1773025675,267a7ded87cbf8fea1c9726bfa7804daf7b79f87f70013732bec477a928b6879,210,105.00,4.32,1,6,4,0.024473,0.529659,TopoStake,pog(D=3_omega=0.50),1.50,1829,0
366,2,0x13f9dadc05f6c237b03411e2aed1800cf21a5d89,115.462927,1773025677,3470f209d0c98b5ae3e00755a5b328276b51a93bb4b17e490da47714bb7b4b02,202,101.00,4.00,1,6,4,0.024471,0.529819,TopoStake,pog(D=3_omega=0.50),1.46,1830,0
366,3,0xcb7977f4997b4252c0152e135dd79b3cfe35c1a5,17.625157,1773025679,9c559bf181e562055e9308751ba742517a667731d68e261ee1f935f52a0beed6,250,125.00,3.12,1,5,3,0.024510,0.530052,TopoStake,pog(D=3_omega=0.50),1.14,1831,0
366,4,0xa068e3c9a21c8d8be636cd2d285895979ec3262e,31.978925,1773025681,95fedb4c09da539cac59eac61e3c1af48f65f6f9d33cbd919130cee561e548a8,247,82.33,4.18,1,6,4,0.024494,0.529957,TopoStake,pog(D=3_omega=0.50),2.05,1832,0
367,0,0x13f9dadc05f6c237b03411e2aed1800cf21a5d89,116.464218,1773025684,da47b5c7e46dbb415dd2b310fe4325a6f37f0d06fd88ffdb4904c8d5e3918370,214,107.00,4.33,1,6,5,0.024486,0.530059,TopoStake,pog(D=3_omega=0.50),1.64,1833,0
367,1,0xd67aaaf210c0c36ddcb7055222d168b5c9dd1b36,7.167150,1773025685,81f8549a43ccb9e0d246b75efa9c07a0191c71d21fec9e949f98351a603cb048,212,106.00,2.96,1,4,3,0.024526,0.530292,TopoStake,pog(D=3_omega=0.50),1.51,1834,0
367,2,0x311eb133eb413ac3f21249889bb101e5d40820ce,0.102918,1773025687,264500d28e7012a48657098fbb4b6096cb5ff3ed0652f247518ad92b4ac092b1,114,114.00,3.94,1,5,4,0.024504,0.529856,TopoStake,pog(D=3_omega=0.50),0.98,1835,0
367,3,0x49b57eb4dace37c8819daf079c9c674f766d4f38,17.228096,1773025689,2a2a494095db42d1bd31de0f9422d948599c5ac0d169cb16ab83762bec9f6a06,199,99.50,3.60,1,5,4,0.024479,0.529107,TopoStake,pog(D=3_omega=0.50),1.48,1836,0
367,4,0x13f9dadc05f6c237b03411e2aed1800cf21a5d89,117.465430,1773025691,bdb35cfe60eb26d7ea27247dd6843db8ac3d90d6c642914fcc93da4f9f6a6721,216,108.00,3.91,1,5,4,0.024463,0.528995,TopoStake,pog(D=3_omega=0.50),1.34,1837,0
368,0,0x075e1d95c7891e1c00414ca1aa9a7a8cf6270019,71.252994,1773025693,77c700936058a3fd23a4b9949303f07b447bac3dc99f5f0a485743ac4f1de509,250,125.00,2.91,1,5,3,0.024502,0.529228,TopoStake,pog(D=3_omega=0.50),1.15,1838,0
368,1,0x07902d0371763a00d97ed9ba16ff0a206cb0fd19,149.775688,1773025695,a1d30d02d4cb1b44f7a93094a5a2d993fabaff9348346cb98cb337583eb18bdf,241,80.33,3.09,1,5,3,0.024516,0.529440,TopoStake,pog(D=3_omega=0.50),1.81,1839,0
368,2,0xdcf2130496e27a8094ab996aea4aa77788d65869,33.528519,1773025698,dc5bfbaa752b81288b7fecfa623a498eedd8ad102609f2d982c63cef2abda68b,222,111.00,2.73,1,4,3,0.024574,0.529683,TopoStake,pog(D=3_omega=0.50),1.50,1840,0
368,3,0x58a21eeb7ab18ba8adf1296e66a4487076e95dac,29.108639,1773025699,b74040aced8d0a9a4ac5f8bac4478223c419299c328cfa771857494f567aeede,199,99.50,3.97,2,5,4,0.024567,0.529810,TopoStake,pog(D=3_omega=0.50),1.46,1841,0
368,4,0x37cc7a82e66d4f4c2ae13b9ee895d3af1a1d7a05,16.255889,1773025701,82e2067b1385ad38655bea8b9435725f2a931189500f4ffed50ac31c34a3ce1b,95,95.00,3.93,1,5,4,0.024558,0.529856,TopoStake,pog(D=3_omega=0.50),0.99,1842,0
369,0,0xc339f8bf978200eb65afce6c7121402eda949097,8.055727,1773025703,4bf47f89f31990487e1a99be270cca8e2d06f7f1a9da3b6e3c0349d05ed8f62e,224,112.00,3.94,1,6,4,0.024541,0.529697,TopoStake,pog(D=3_omega=0.50),1.51,1843,0
369,1,0x30509a8084fdfe6fe24d9c9a817c209ad194f8e3,77.752474,1773025705,432e1d7f8261094d2273aad49ef878733ca3ba5c68a5e8589f59ab966359292d,193,96.50,4.20,1,6,4,0.024520,0.529296,TopoStake,pog(D=3_omega=0.50),1.42,1844,0
369,2,0xd1cd4b808ce6b2841ad42746b64c5a047e857ef0,31.261366,1773025707,f0aab224c05fa6b7eb81dfb15fcb91c0a55e6ec50c8877dcb2357a32cec9f1f0,250,125.00,3.40,1,5,3,0.024537,0.529518,TopoStake,pog(D=3_omega=0.50),1.27,1845,0
369,3,0x269cdf52f97e1d9f14b7be895155a7b294f0b21d,67.810210,1773025709,69ee52146afbe8a6adab6e958d312c3b9cb4d0a9ee96906c6c53b04f856f7fee,243,81.00,3.81,1,6,4,0.024529,0.529602,TopoStake,pog(D=3_omega=0.50),1.75,1846,0
369,4,0x13f9dadc05f6c237b03411e2aed1800cf21a5d89,118.466967,1773025712,9874a44fa76999426f1dd82b33fd8ca12f1ebc97704a489583e73433d63813b2,227,113.50,3.66,1,5,4,0.024541,0.529803,TopoStake,pog(D=3_omega=0.50),1.57,1847,0
370,0,0x075e1d95c7891e1c00414ca1aa9a7a8cf6270019,72.254361,1773025713,eb1d3ae66c1fdb2486c9fdefd7d1bfd87e0495e6d84999db2ece83846a1cd6e4,235,117.50,2.97,1,4,3,0.024541,0.529803,TopoStake,pog(D=3_omega=0.50),1.49,1848,0
370,1,0x3513d672439a59c26cc5711f2b715ccb4810a774,12.280664,1773025715,d5c6a60aa7969bfc427eb45f69100b49932a92bf16477fb4cd9e4687b1258785,90,90.00,3.18,1,5,3,0.024555,0.530013,TopoStake,pog(D=3_omega=0.50),0.99,1849,0
370,2,0x269cdf52f97e1d9f14b7be895155a7b294f0b21d,68.811344,1773025717,f00b30fc7b0871fe2261e19375eb91952962479fee792c27de761ab6de1e568a,202,101.00,3.83,1,5,4,0.024537,0.529693,TopoStake,pog(D=3_omega=0.50),1.48,1850,0
370,3,0xaadc5fea232580cb8fba739ac5d05a48559c7e52,16.351402,1773025719,4748023ae5d79d92de75b610eb20ccb0899d82d3f0c44f02f112a39c8bdfde11,225,112.50,3.61,1,5,4,0.024549,0.529893,TopoStake,pog(D=3_omega=0.50),1.48,1851,0
370,4,0x4ba33404d90c4ae989714d9d174cd882cffb7994,6.095685,1773025721,f37fd4e67050ecd7a82eaea9233406e0bb0652c10ff307c3f77e41fc2802c801,235,117.50,4.21,1,6,4,0.024532,0.529728,TopoStake,pog(D=3_omega=0.50),1.32,1852,0
371,0,0xa9105f442328d397529b8e4e9e656fa89016ff45,17.461102,1773025723,7daf5d147bd9f5686d9163cf93b19ea26ef71539daaa6938c01bf766718740a3,223,111.50,4.36,1,6,4,0.024510,0.529258,TopoStake,pog(D=3_omega=0.50),1.15,1853,0
371,1,0xcdc82b7c868072205a399d0f68e6e3ad3bfd1ca6,8.185005,1773025726,a71b1b8dc3e0b41ec402e6a57990ad30a2dec1563f8595d79e5727f1a76c0935,236,78.67,3.72,1,5,4,0.024495,0.529145,TopoStake,pog(D=3_omega=0.50),1.75,1854,0
371,2,0x9c39f7fffaa5c5cfab20dfdd05663497918580c1,17.426843,1773025727,2309a8f9137215dd81cb85ec3b8a722b60c49c10e481079bcc107a03fa382117,205,102.50,3.68,2,5,4,0.024474,0.528740,TopoStake,pog(D=3_omega=0.50),1.52,1855,0
371,3,0x30509a8084fdfe6fe24d9c9a817c209ad194f8e3,78.753819,1773025729,c97a06eb255f88f82a9b191eaa38e5dd5aa703058ee1e8c1c986eb8cd45c4314,108,108.00,3.90,1,5,4,0.024458,0.528617,TopoStake,pog(D=3_omega=0.50),1.00,1856,0
371,4,0xc774b0fee7cabbef3b1ae14bf36db3df0d32c1df,14.163057,1773025731,bd49084500f19fcc59dcc3b2cf541ab4f895e542a2dc5082b9e3bcbf2e96fa0a,208,104.00,3.32,1,5,3,0.024476,0.528837,TopoStake,pog(D=3_omega=0.50),1.46,1857,0
372,0,0xaadc5fea232580cb8fba739ac5d05a48559c7e52,17.352385,1773025733,5d6c6d878037697c271793242d201d9c662b331ab59e6b1b10369d5a9c61e1b4,208,104.00,3.90,1,5,4,0.024458,0.528609,TopoStake,pog(D=3_omega=0.50),1.46,1858,0
372,1,0xa7e4d4d949807065ebf85adc1be8c382c7236c15,17.212685,1773025735,380da020fc0efa3e2dc104543122a82419c5c44e54745e7ffca842f60598dc0a,190,95.00,4.21,1,6,4,0.024442,0.528474,TopoStake,pog(D=3_omega=0.50),1.35,1859,0
372,2,0x6064b9f5883bf9737dfe314ff68c56e09e68ac89,41.225895,1773025737,e9bc16db1f629b57f7a38934077c450ddd49f9f558fca7ffbd35a98e3fed72e9,250,83.33,3.89,1,6,4,0.024427,0.528326,TopoStake,pog(D=3_omega=0.50),2.04,1860,0
372,3,0x13f9dadc05f6c237b03411e2aed1800cf21a5d89,118.467535,1773025740,a1cf10b5ace01f9da23e43c0d2c01171417bd61a7a31cad023bfed25c9186326,220,110.00,3.92,1,5,4,0.024424,0.528473,TopoStake,pog(D=3_omega=0.50),1.67,1861,0
372,4,0x1796dc61e715f15a2d27dfa32bd34780f12a8c24,24.751196,1773025741,6e876dbff00abebe11bbd07453143019459d10fe13023a1a6b7b36e6f150cc61,181,90.50,3.07,1,5,3,0.024463,0.528703,TopoStake,pog(D=3_omega=0.50),1.55,1862,0
373,0,0xd39dbd3662315e3935ec08e6b6028e73b3c09de2,30.932455,1773025743,4d7d11e7161ece05107c87391a7fa1aa4f098f6b1dd2c44809ac15569bd5a647,101,101.00,3.43,1,5,3,0.024451,0.528712,TopoStake,pog(D=3_omega=0.50),1.00,1863,0
373,1,0xc774b0fee7cabbef3b1ae14bf36db3df0d32c1df,15.164006,1773025745,2ac6182776bd79e5e64378cb1fda3199e38376cc2018bbacb2764be9798828c9,193,96.50,4.35,1,6,5,0.024443,0.528785,TopoStake,pog(D=3_omega=0.50),1.49,1864,0
373,2,0x075e1d95c7891e1c00414ca1aa9a7a8cf6270019,73.255198,1773025747,b6fa9bf25864d8d1f00e962f82e646a8301e6c677b7e9ea23555ddfaa2164849,179,89.50,4.08,1,5,4,0.024426,0.528589,TopoStake,pog(D=3_omega=0.50),1.47,1865,0
373,3,0xb990cdf21950e6086c350175c4bc504e45858230,6.099203,1773025749,4f57f187da14560d6e4a047688a86e031445d3098fb01f0dc49fbea25f27460f,250,125.00,3.13,1,5,3,0.024440,0.528798,TopoStake,pog(D=3_omega=0.50),1.32,1866,0
373,4,0x719361397abe003a91af76243e5f9c7a0cd4279f,61.613934,1773025751,a2ec3de0434ea22025afa8715a82bd27a0e0956a3480574324294c928c9f25a0,235,117.50,3.96,1,5,4,0.024418,0.528322,TopoStake,pog(D=3_omega=0.50),0.95,1867,0
374,0,0x13f9dadc05f6c237b03411e2aed1800cf21a5d89,119.468787,1773025753,b227864c40d91dcc01adb62c168ad1e9a93ccecd96b6d7c008429b837edd0778,240,80.00,3.90,1,5,4,0.024427,0.528510,TopoStake,pog(D=3_omega=0.50),1.86,1868,0
374,1,0x30509a8084fdfe6fe24d9c9a817c209ad194f8e3,79.755052,1773025755,b6d4c55c3313d25b3dd6e9a4904347420440f97820a8aae8abc436e54c46c2f1,197,98.50,3.04,1,5,3,0.024466,0.528739,TopoStake,pog(D=3_omega=0.50),1.46,1869,0
374,2,0x63f4973c0df8a5358405f396dc0673a463c48de9,40.938182,1773025757,20f345a362151ef8726f17ca9e9a19cb610366d55e19cf4634cd10233d173689,99,99.00,3.34,2,5,3,0.024466,0.528740,TopoStake,pog(D=3_omega=0.50),1.00,1870,0
374,3,0x07902d0371763a00d97ed9ba16ff0a206cb0fd19,150.778904,1773025759,7e48ddf51c265ab7935c02d4fc866062c288d36d0dc0c84b120b16819bcdd61f,213,106.50,3.57,1,5,4,0.024481,0.529094,TopoStake,pog(D=3_omega=0.50),1.50,1871,0
374,4,0xa7e4d4d949807065ebf85adc1be8c382c7236c15,18.213866,1773025761,8c3fc8947649d12e85d4bd2a77167381d167cee4c16e76b9b0c7f2e8a499d468,205,102.50,2.70,2,4,3,0.024536,0.529333,TopoStake,pog(D=3_omega=0.50),1.31,1872,0
375,0,0x269cdf52f97e1d9f14b7be895155a7b294f0b21d,69.812663,1773025763,8732005548cbbf670487a86f0885f817e5cee31aa80e8256a9b28765cedbd5a3,223,111.50,3.86,1,6,4,0.024521,0.529235,TopoStake,pog(D=3_omega=0.50),1.22,1873,0
375,1,0x07902d0371763a00d97ed9ba16ff0a206cb0fd19,151.780017,1773025765,d90543458c0ae63ad87f94636bf6a83eb3674fb4101024f55c3602ae8af8dd95,210,105.00,3.69,1,5,4,0.024533,0.529433,TopoStake,pog(D=3_omega=0.50),0.92,1874,0
375,2,0x4a217e35f6402e7f62a49f6d62e27c6585c2f3fd,9.472952,1773025767,e2813c7df634a231099493a58793d68132242a5305c855c0ad55628fea7893e6,216,72.00,2.79,1,4,3,0.024589,0.529671,TopoStake,pog(D=3_omega=0.50),1.58,1875,0
375,3,0x49b57eb4dace37c8819daf079c9c674f766d4f38,18.228839,1773025770,67a883a6e28bb9fa0d6a53cdbbdc18583be2b69b298e05384ce48fb346830456,191,95.50,3.68,1,5,4,0.024569,0.529296,TopoStake,pog(D=3_omega=0.50),1.56,1876,0
375,4,0xaadc5fea232580cb8fba739ac5d05a48559c7e52,18.353029,1773025772,bab501cdb26344f3041e94c31c1a8cfefb50e2656b94a0ba7ae2fc043d9f145a,219,109.50,3.94,1,6,4,0.024554,0.529189,TopoStake,pog(D=3_omega=0.50),1.45,1877,0
376,0,0x377eaef292051bbf8ada05b2af76a3f3b9d722a7,7.037768,1773025774,4c5648c7b80f5437d9bc183285cedd86db11d1df4510c3dba9da46dbfb26925b,178,89.00,4.33,1,6,4,0.024539,0.529081,TopoStake,pog(D=3_omega=0.50),1.49,1878,0
376,1,0xf5ecb44daf07a1d1073dbc89baf04bd7541fa517,5.044330,1773025776,5ce53c2221e0a0be5e23bd07e3a445849b825960b1ac32a1c007d829808a675b,186,93.00,3.64,1,5,4,0.024517,0.528640,TopoStake,pog(D=3_omega=0.50),1.45,1879,0
376,2,0x81d019380961f92c2031b0a7fba69f7675145088,20.493461,1773025778,4834f465d7ee438c8ef32bf50d17fd41ba141e8efeb653e34010b2dfcebb33b7,234,117.00,3.99,1,6,4,0.024495,0.528108,TopoStake,pog(D=3_omega=0.50),1.28,1880,0
376,3,0x075e1d95c7891e1c00414ca1aa9a7a8cf6270019,74.256789,1773025780,2712b078651b260a16248cfae19b7c1b1d486237ce714a7ca8410c140b74d5b0,241,120.50,3.67,1,5,4,0.024481,0.528068,TopoStake,pog(D=3_omega=0.50),0.95,1881,0
376,4,0x07902d0371763a00d97ed9ba16ff0a206cb0fd19,152.781489,1773025782,7d0ebc8d07e2476d723e3e7565647151fae625fcc0de8a93878ed716a2e14af0,211,70.33,3.28,2,5,3,0.024495,0.528276,TopoStake,pog(D=3_omega=0.50),1.68,1882,0
377,0,0x37cc7a82e66d4f4c2ae13b9ee895d3af1a1d7a05,17.256462,1773025785,bf2dca3d78a2c26345c6f171ef82f990d6e842047968578942a81dd3d88d7140,221,110.50,2.72,1,4,3,0.024552,0.528514,TopoStake,pog(D=3_omega=0.50),1.53,1883,0
377,1,0x9bdb1c7ad4bd8fe797b07c08117c74a591dbab2d,5.422758,1773025786,9b36734951fab4d17d4572c28d7ea8fc6a9b56c08abf875853a6ca4759943690,211,105.50,3.98,1,6,4,0.024552,0.528514,TopoStake,pog(D=3_omega=0.50),1.49,1884,0
377,2,0x5cd626f4b83428b146919d30f4b3e481d259a9dc,1.042208,1773025788,871a0b0daabd66b59259f8c6cfb5adf1677580fd50a7212134ae46bfd5a5dab8,105,105.00,3.63,1,5,4,0.024514,0.527840,TopoStake,pog(D=3_omega=0.50),0.99,1885,0
377,3,0xe6ebb0cdfd04183d498964e5efc4096ba77b17d6,42.327183,1773025790,c3a12c7d6b43bb53d7f269a727052fb9322e7faf9b25fe59b79eefadb2ad5588,206,103.00,3.85,1,6,4,0.024489,0.527158,TopoStake,pog(D=3_omega=0.50),1.51,1886,0
377,4,0x8c11ec9090dd820c076e57e899d9c604c79d6b32,30.580522,1773025792,dbfa0cae6357855a573bdb88928bca84420f7d5e2404e406059e338936f7054f,208,104.00,4.11,1,6,4,0.024487,0.527320,TopoStake,pog(D=3_omega=0.50),1.36,1887,0
378,0,0x075e1d95c7891e1c00414ca1aa9a7a8cf6270019,75.258104,1773025794,89995afb645361f2f7925b92cb04e697d1001d842722bf46c370ef59d97d3310,241,120.50,4.20,1,6,4,0.024478,0.527383,TopoStake,pog(D=3_omega=0.50),1.31,1888,0
378,1,0x53be6e527cc5a7d850b5eae27b9cef342e0665f2,15.042346,1773025796,46ab33489016ce46fba3cd1bf41a3c0670247790abab85163a5aece3ea3ce487,250,83.33,3.15,1,5,3,0.024493,0.527591,TopoStake,pog(D=3_omega=0.50),1.96,1889,0
378,2,0x016d3fc36beee7caa8fbd6c1caa42461dd7f9850,53.957168,1773025799,c08cbbe4fcafcd443c98ba12c02a61a5a87df085efe22174248dcdcc0ab7a555,199,99.50,3.46,1,5,4,0.024476,0.527383,TopoStake,pog(D=3_omega=0.50),1.76,1890,0
378,3,0x81193196c1dbdbf80709d43a5af5ce21c201fbd7,9.820989,1773025800,10ece1e8082f3765cc25d01a91cabac2db66c30011d48a3566acef9ae22e02a7,179,89.50,3.14,1,4,3,0.024476,0.527383,TopoStake,pog(D=3_omega=0.50),1.45,1891,0
378,4,0x54f496e5c1d9f95a916cf7f5b62e9c98e64a3dc5,0.007875,1773025802,2d225c413e23727438a008df8cc48583b231037dba59e491b2066f8fd42eda63,97,97.00,4.02,1,6,4,0.024456,0.527009,TopoStake,pog(D=3_omega=0.50),1.00,1892,0
379,0,0x016d3fc36beee7caa8fbd6c1caa42461dd7f9850,53.957130,1773025804,5d37a6e71e8c33856c01734737233ae32c3804eda6c5ee94e9592508744bbf96,216,108.00,4.26,1,5,4,0.024432,0.526270,TopoStake,pog(D=3_omega=0.50),1.46,1893,0
379,1,0x6064b9f5883bf9737dfe314ff68c56e09e68ac89,42.226977,1773025806,90a901b9b0b97506624ebf30e6d4d962978020d4de7b165c8856860b33eb156f,229,114.50,2.98,1,4,3,0.024435,0.526446,TopoStake,pog(D=3_omega=0.50),1.24,1894,0
379,2,0x269cdf52f97e1d9f14b7be895155a7b294f0b21d,70.813845,1773025808,4a2d5697a206906a7289c50a5faa91556724832474acac95823cf431e8904209,213,106.50,3.75,1,5,4,0.024433,0.526596,TopoStake,pog(D=3_omega=0.50),1.02,1895,0
379,3,0x07902d0371763a00d97ed9ba16ff0a206cb0fd19,153.783519,1773025810,bece733a938f97d5bb9a232e50befec5b9a982633084b4385baa493e792e5fbe,224,112.00,3.79,1,5,4,0.024445,0.526793,TopoStake,pog(D=3_omega=0.50),0.82,1896,0
379,4,0x30509a8084fdfe6fe24d9c9a817c209ad194f8e3,80.756126,1773025813,46f4909e2acb67d510784ffe5fa686db16e740515645de37e9e67f708346946b,207,69.00,2.83,1,4,3,0.024501,0.527031,TopoStake,pog(D=3_omega=0.50),1.59,1897,0
380,0,0xa9a524611994a27dd3134d643379aa14edf7cb39,1.062361,1773025814,2eb9e48665317d7b4a3b204cd732d97ba28e060d994a1fcc57b51024dfdac55d,194,97.00,3.52,1,5,4,0.024518,0.527247,TopoStake,pog(D=3_omega=0.50),1.46,1898,0
380,1,0x0d91704595bff3aec25d40822498a51c62b05e3a,26.597672,1773025816,7eabbfac6a8826a5b6d0d9c4c7fd9381620c55c3fe4fc3b3eba15b69be5a38c7,104,104.00,3.76,1,5,4,0.024494,0.526561,TopoStake,pog(D=3_omega=0.50),1.00,1899,0
380,2,0x53be6e527cc5a7d850b5eae27b9cef342e0665f2,16.043304,1773025818,43411c273d7d7aaf7f09efe95547a3f20cd497d540266bdb56aed8e391b96cba,211,105.50,3.33,1,5,3,0.024483,0.526584,TopoStake,pog(D=3_omega=0.50),1.46,1900,0
380,3,0x269cdf52f97e1d9f14b7be895155a7b294f0b21d,71.814977,1773025820,eaef53abe640256e2f5706747a291d7536625d356f51408a52d6778dd008ad6f,225,112.50,3.39,1,5,3,0.024467,0.526408,TopoStake,pog(D=3_omega=0.50),1.24,1901,0
380,4,0x269cdf52f97e1d9f14b7be895155a7b294f0b21d,72.816217,1773025822,0a4f49dc688edd0585f5c18cbf7d4bcaced9c3e63111a9994240585d058a4930,248,124.00,3.57,1,5,4,0.024479,0.526604,TopoStake,pog(D=3_omega=0.50),1.07,1902,0
381,0,0x6064b9f5883bf9737dfe314ff68c56e09e68ac89,43.227973,1773025824,79309f51528f62afd32d5ed8871de0f0d5044ff0ce38e862e72083cc9936a8e0,234,78.00,3.77,2,5,4,0.024493,0.526800,TopoStake,pog(D=3_omega=0.50),1.73,1903,0
381,1,0x606627477c3734932f47972f83c27cf4e3b35b4f,33.402633,1773025827,1b63e8daebec8a92811cc92ee28bdb4d712d5a61074dd2b121691259b0682bee,239,119.50,3.83,1,5,4,0.024490,0.526964,TopoStake,pog(D=3_omega=0.50),1.54,1904,0
381,2,0x58a21eeb7ab18ba8adf1296e66a4487076e95dac,30.108577,1773025828,fd1fc4a1770a49bcd9e7fb97aa1085153f4be2878c642b382e715eca705eec07,205,102.50,3.62,1,5,4,0.024483,0.527078,TopoStake,pog(D=3_omega=0.50),1.46,1905,0
381,3,0x1796dc61e715f15a2d27dfa32bd34780f12a8c24,25.751763,1773025830,92be88443962864b447b3010ee0fba7e468abeb4020d1a92072c93fec696a707,90,90.00,3.93,1,5,4,0.024474,0.527132,TopoStake,pog(D=3_omega=0.50),0.99,1906,0
381,4,0xeb82a21cb3d0dd781eb22ad74bb7cd9b4d2a06ec,19.921455,1773025832,071df005cb98d47461260b0e617f500ef1280b391dc57b37a80fed579f6bde88,216,108.00,3.38,1,5,3,0.024463,0.527144,TopoStake,pog(D=3_omega=0.50),1.46,1907,0
382,0,0x07902d0371763a00d97ed9ba16ff0a206cb0fd19,154.785273,1773025834,217583adf4eb01ed6cc38e4bdd8fd2db5a10a51ae38e74071658943df7271945,219,109.50,4.02,1,6,4,0.024448,0.527094,TopoStake,pog(D=3_omega=0.50),1.40,1908,0
382,1,0x269cdf52f97e1d9f14b7be895155a7b294f0b21d,73.817308,1773025836,3fcfcb07cad829244cd446d396f3168f6c259000c6b7e0abdba6920724cbb07e,250,125.00,2.76,1,4,3,0.024504,0.527330,TopoStake,pog(D=3_omega=0.50),1.17,1909,0
382,2,0xa9105f442328d397529b8e4e9e656fa89016ff45,18.461723,1773025838,900f55886ba531f36996251390dab7a27c49d05f411e2edcaea8732a04808664,231,115.50,3.61,1,5,4,0.024517,0.527525,TopoStake,pog(D=3_omega=0.50),0.89,1910,0
382,3,0x6064b9f5883bf9737dfe314ff68c56e09e68ac89,44.229176,1773025840,97c8c96cfc4254afa8924ab98d7a3ce3b342c6aa40334779323e9b2c2e854d0b,217,72.33,3.76,1,5,4,0.024502,0.527417,TopoStake,pog(D=3_omega=0.50),1.57,1911,0
382,4,0xe6ebb0cdfd04183d498964e5efc4096ba77b17d6,43.328131,1773025842,9be53ddf7f4569ce52b48fc5053da87efdd6ced7b608a2597d8f527ee56be1d3,209,104.50,3.91,1,5,4,0.024500,0.527581,TopoStake,pog(D=3_omega=0.50),1.51,1912,0
383,0,0x13f9dadc05f6c237b03411e2aed1800cf21a5d89,120.471994,1773025844,5184f0c6175d88dd359dfc8c8bb23d7bfcbb7b4c4340285cd024fac7aeae7262,103,103.00,4.19,1,6,4,0.024498,0.527735,TopoStake,pog(D=3_omega=0.50),1.00,1913,0
383,1,0xf82400c4f426bdbd2bc687ffef1f22c1a381c851,6.041454,1773025846,b282713855d4cb167832774675a792099cbc9a8dacc215262378c27ad18eb697,194,97.00,3.04,1,5,3,0.024536,0.527960,TopoStake,pog(D=3_omega=0.50),1.43,1914,0
383,2,0x606627477c3734932f47972f83c27cf4e3b35b4f,34.403557,1773025848,554db927cee2109d468fcc5c6309d40ebe325cce268faa7c1021318522732bb3,209,104.50,4.04,1,6,4,0.024514,0.527479,TopoStake,pog(D=3_omega=0.50),1.51,1915,0
383,3,0x26d553a2f4343b3a7dc88bbd87b3d0a25d3838d9,24.228042,1773025850,a417e57e9818cddd2dac7612ce9dee827c4b501fd537779716a166dbe63b1207,242,121.00,3.51,1,5,3,0.024507,0.527601,TopoStake,pog(D=3_omega=0.50),1.20,1916,0
383,4,0x016d3fc36beee7caa8fbd6c1caa42461dd7f9850,54.958473,1773025852,f454f457d0e0458004bd6b875511d86e88a4a0764c44a4a023b3b8be2429bace,235,117.50,3.77,1,5,4,0.024495,0.527594,TopoStake,pog(D=3_omega=0.50),0.99,1917,0
384,0,0x52e05d9fa4faa167f30baba23c710e4f49115288,2.116930,1773025854,f8df98731aa77b7ad0c7813c8934c389ccd714d4860d4e5495d17f338a30f862,222,74.00,3.15,1,4,3,0.024499,0.527768,TopoStake,pog(D=3_omega=0.50),1.68,1918,0
384,1,0x50f7fa851f9314d682e36da5caa4635039b5305d,24.118191,1773025857,a6dc9e1fc5c63c569b353379d439d73ed15ca968143757aede2c0307c1571e7b,205,102.50,3.96,1,5,4,0.024475,0.527142,TopoStake,pog(D=3_omega=0.50),1.44,1919,0
384,2,0x6064b9f5883bf9737dfe314ff68c56e09e68ac89,45.230169,1773025858,58fcf25aba8c459338798a5d92fa8ce6a2a8c5e475d20b81aada395ac0dcacbb,218,109.00,3.33,1,5,3,0.024463,0.527124,TopoStake,pog(D=3_omega=0.50),1.48,1920,0
384,3,0xcb7977f4997b4252c0152e135dd79b3cfe35c1a5,18.624983,1773025860,b1aea225ff35cdd8906bf78adc60ee6776d028c27374f59b3e82d9172f19ac6b,111,111.00,3.76,1,5,4,0.024462,0.527288,TopoStake,pog(D=3_omega=0.50),0.98,1921,0
384,4,0x719361397abe003a91af76243e5f9c7a0cd4279f,62.615388,1773025862,3f4546112dae8927c19d2027d287f16354818123e6e73799a2645e75fc9c3c38,168,84.00,4.22,1,5,4,0.024447,0.527182,TopoStake,pog(D=3_omega=0.50),1.52,1922,0
385,0,0xe184aeec69f3313df03bef8752946c65f0a70021,4.063044,1773025864,061ab6260960b7e391ab04faa9e1bf245bef80ece4cac09621d5a86e8f689930,247,123.50,3.73,1,5,4,0.024454,0.527366,TopoStake,pog(D=3_omega=0.50),1.20,1923,0
385,1,0x719361397abe003a91af76243e5f9c7a0cd4279f,63.616567,1773025866,203c5931dffc8ba6e939f34a9f57e322334ef533527ef78fc3be8376daecf38f,250,125.00,4.00,1,6,4,0.024432,0.526800,TopoStake,pog(D=3_omega=0.50),0.92,1924,0
385,2,0x075e1d95c7891e1c00414ca1aa9a7a8cf6270019,76.260684,1773025868,7597489eb2b9e6c2de2b48f734b4ff60d2575f8689b4f4e6abb29ee61f3b037f,250,83.33,3.94,1,5,4,0.024440,0.526984,TopoStake,pog(D=3_omega=0.50),1.72,1925,0
385,3,0x8d9e46becf415ca26aa698c9657087e6554aabda,6.363485,1773025871,8c71f14328a123e0fb2e99d2b61d8461b9d39c189708e0de7c89b0fe0494d9bb,133,66.50,3.16,1,5,3,0.024454,0.527187,TopoStake,pog(D=3_omega=0.50),1.27,1926,0
385,4,0xe6ebb0cdfd04183d498964e5efc4096ba77b17d6,44.328485,1773025872,8c11cf1f40ea9095967f5be6977dc42adbd6cebb9182c7d3a51ec529eeb2f7f8,189,94.50,3.67,1,5,4,0.024454,0.527187,TopoStake,pog(D=3_omega=0.50),1.52,1927,0
386,0,0x30509a8084fdfe6fe24d9c9a817c209ad194f8e3,81.757637,1773025874,b63fa79ee6381cbbf52d1986c9c82aed258ecb53c1dabee760bbb57258ca90af,107,107.00,4.08,1,6,4,0.024431,0.526874,TopoStake,pog(D=3_omega=0.50),0.99,1928,0
386,1,0x07902d0371763a00d97ed9ba16ff0a206cb0fd19,155.787905,1773025876,44d7a4d6a84702dfdc5978de91e4072afa46d4b2f51cb970a433e8b251e5304c,201,100.50,3.28,1,5,3,0.024449,0.527088,TopoStake,pog(D=3_omega=0.50),1.50,1929,0
386,2,0x282f43759e22b50aa7989261c51c367f325c3f91,13.339756,1773025878,32777abbe81b13c2711a7ab8648320353df7199fff4fe9d7a5c1520167121fbe,250,125.00,2.76,1,4,3,0.024503,0.527321,TopoStake,pog(D=3_omega=0.50),1.25,1930,0
386,3,0x075e1d95c7891e1c00414ca1aa9a7a8cf6270019,77.261470,1773025880,7ac42a87072229d36def5ce2b58879fd68a3550374df8a18fc4866224a59adfe,237,118.50,3.82,1,6,4,0.024485,0.527066,TopoStake,pog(D=3_omega=0.50),1.00,1931,0
386,4,0xd39dbd3662315e3935ec08e6b6028e73b3c09de2,31.932461,1773025882,40f45ab483bf08aebf2c94894ab215b8cd728cde352124a4b50e662c152e6f80,240,80.00,3.25,1,5,3,0.024500,0.527269,TopoStake,pog(D=3_omega=0.50),1.76,1932,0
387,0,0x24898fcb116b48cb2b6fd5d3b4eb599fee0f4633,24.058458,1773025885,12e79056d650eb7e0e56bdaf9dc453bf344a519d592ba314a970d528417b0327,207,103.50,4.31,1,6,5,0.024492,0.527353,TopoStake,pog(D=3_omega=0.50),1.48,1933,0
387,1,0x763be7657fec175a3de5f1ee0a506722872c886d,8.018429,1773025886,f96527624bcb8b89017f8f77c77aaad96ced748870e44b8e888f2e821c0e660c,206,103.00,3.63,2,5,4,0.024480,0.527324,TopoStake,pog(D=3_omega=0.50),1.51,1934,0
387,2,0x9bdb1c7ad4bd8fe797b07c08117c74a591dbab2d,6.422485,1773025888,8907272b9154fe23035da0be9e927efc137577382a01374a98ac11b575ca8c80,110,110.00,3.63,1,5,4,0.024460,0.526923,TopoStake,pog(D=3_omega=0.50),0.99,1935,0
387,3,0x719361397abe003a91af76243e5f9c7a0cd4279f,64.617821,1773025890,841235455dc87c6b4de9c6071cb036e3ea4c044544467d7fe7c3a0ab820a723d,210,105.00,3.63,1,5,4,0.024438,0.526453,TopoStake,pog(D=3_omega=0.50),1.50,1936,0
387,4,0x8c11ec9090dd820c076e57e899d9c604c79d6b32,31.581198,1773025892,d008e434bd0d8cc7ed273ee0a831feabef14f42980df7818dccd2d70fd871c85,226,113.00,3.76,1,5,4,0.024447,0.526635,TopoStake,pog(D=3_omega=0.50),1.31,1937,0
388,0,0x6064b9f5883bf9737dfe314ff68c56e09e68ac89,46.230571,1773025894,74d1d24dcf593359a8dc86d3985804359b2113858b4843d67c6ae8010482c190,201,100.50,3.96,1,6,4,0.024438,0.526702,TopoStake,pog(D=3_omega=0.50),1.27,1938,0
388,1,0x719361397abe003a91af76243e5f9c7a0cd4279f,65.618916,1773025896,595fb9eb4d9fe3e68ed08dc76108352652118f282887e799042e376f450982cf,241,80.33,3.90,1,5,4,0.024437,0.526865,TopoStake,pog(D=3_omega=0.50),1.98,1939,0
388,2,0x28672c71695142588ed26ada6f4b18b8b6c12308,13.682397,1773025899,a395857864751b416a3b60166b5d1607ab33a6bbe860420ec1512de94b0065fd,207,103.50,3.90,1,5,4,0.024446,0.527047,TopoStake,pog(D=3_omega=0.50),1.52,1940,0
388,3,0x30509a8084fdfe6fe24d9c9a817c209ad194f8e3,82.758775,1773025900,ca4865c784436cc2c3c544c07afa552399265ca3f60c00ae44c60216672a4e80,178,89.00,3.62,1,5,4,0.024429,0.526800,TopoStake,pog(D=3_omega=0.50),1.42,1941,0
388,4,0xd67aaaf210c0c36ddcb7055222d168b5c9dd1b36,8.166154,1773025902,9341c85a6aba52d9894bca7cc1f6a0824a8c9f1aaccc02c676e1d7cc5c4d7ade,101,101.00,3.25,1,5,3,0.024446,0.527013,TopoStake,pog(D=3_omega=0.50),1.00,1942,0
389,0,0xeaa5003682d7289190651081ae2bee847097afc5,18.752078,1773025904,69a4ac345c3a71aa3db7fa7fdd5bd827e255f63aa644113269ced0f2c1b515df,208,104.00,3.94,1,5,4,0.024426,0.526607,TopoStake,pog(D=3_omega=0.50),1.50,1943,0
389,1,0x4414c05be2cf328f38d2e3ef4b705d6b894f044a,25.102888,1773025906,d662edcaa1519751083aafc90cff2d4d57f29988241e32fcc6169ff9971f7de3,190,95.00,4.24,1,6,4,0.024411,0.526502,TopoStake,pog(D=3_omega=0.50),1.41,1944,0
389,2,0x1cb1274c711a6c2e4e1596846e6ac604eeefb358,16.409035,1773025908,674fec7ef1413a45df8e54df7228b74bc99cebd4fb06ec6f7a814d8f88a3200a,250,125.00,3.78,1,5,4,0.024399,0.526503,TopoStake,pog(D=3_omega=0.50),1.19,1945,0
389,3,0x07902d0371763a00d97ed9ba16ff0a206cb0fd19,156.790386,1773025910,f7145d0a3669e8a557b03083c3b60224f8f5a13d71e3c492d84b3c5f742ff9be,237,79.00,3.61,1,5,4,0.024384,0.526329,TopoStake,pog(D=3_omega=0.50),1.80,1946,0
389,4,0xc774b0fee7cabbef3b1ae14bf36db3df0d32c1df,16.163712,1773025913,78d26539575a4ff32826b1e5b6cf9704b9337c6f5907bc6d89ed5fee25490ffa,200,100.00,2.76,2,4,3,0.024438,0.526560,TopoStake,pog(D=3_omega=0.50),1.47,1947,0
390,0,0x28672c71695142588ed26ada6f4b18b8b6c12308,14.683229,1773025914,30e9b9d60a5a179cc739fa92afc1713b83ba16bc15915ebd5f5ff0c7e27d7f51,202,101.00,4.02,1,5,4,0.024421,0.526374,TopoStake,pog(D=3_omega=0.50),1.44,1948,0
390,1,0x53be6e527cc5a7d850b5eae27b9cef342e0665f2,17.043925,1773025916,b7bc333ca0ab98a0d2dd41aef5e6bdcb438ce87bec9d6c4b144337de868dad02,94,94.00,3.63,1,5,4,0.024405,0.526154,TopoStake,pog(D=3_omega=0.50),1.00,1949,0
390,2,0x016d3fc36beee7caa8fbd6c1caa42461dd7f9850,55.959782,1773025918,bbb87799e0ab9410840bc350f48afe12a1d9f4df26a5999c22b77f355085e150,215,107.50,3.40,1,5,4,0.024389,0.525987,TopoStake,pog(D=3_omega=0.50),1.45,1950,0
390,3,0x13f9dadc05f6c237b03411e2aed1800cf21a5d89,121.474965,1773025920,64cc077156a2618fe98d6825f9a5a2bea7edb73f85d8d9df9dbb422d9295eb76,245,122.50,3.03,1,4,3,0.024393,0.526159,TopoStake,pog(D=3_omega=0.50),1.20,1951,0
390,4,0xf5ecb44daf07a1d1073dbc89baf04bd7541fa517,6.044371,1773025922,da6da2f55f577d34ffc43e1953d28359501b2a1583776d5c1ca46989d49a0faf,212,106.00,3.02,1,5,3,0.024429,0.526381,TopoStake,pog(D=3_omega=0.50),0.77,1952,0
391,0,0xf5ecb44daf07a1d1073dbc89baf04bd7541fa517,7.045324,1773025924,ade69b973ebebd134183062277958c3f576cf1070a4d8b751e20c54e3165906a,207,69.00,4.11,1,6,4,0.024408,0.525887,TopoStake,pog(D=3_omega=0.50),1.74,1953,0
391,1,0x13f9dadc05f6c237b03411e2aed1800cf21a5d89,122.476097,1773025927,5d3f6d64b77de98d83744636286bbbbb607e71f0f5d629be152b864bb52aceda,223,111.50,4.07,1,6,4,0.024387,0.525446,TopoStake,pog(D=3_omega=0.50),1.59,1954,0
391,2,0x07902d0371763a00d97ed9ba16ff0a206cb0fd19,157.791910,1773025928,78f5cc5b71916ff8d49a1bf4a374bd9532df59da830991570d6c7b82f32ecc54,211,105.50,3.09,1,5,3,0.024424,0.525668,TopoStake,pog(D=3_omega=0.50),1.45,1955,0
391,3,0xaadc5fea232580cb8fba739ac5d05a48559c7e52,19.352824,1773025930,4b34ff5bef1eaad34ecf814a3118953da88f6bc30faa171dc0c72aa79307a39f,102,102.00,2.75,1,4,3,0.024478,0.525899,TopoStake,pog(D=3_omega=0.50),1.00,1956,0
391,4,0x8c11ec9090dd820c076e57e899d9c604c79d6b32,32.582087,1773025932,9455d233cbbfbe54578ff1f593d77270fc9cb25d9ff504a1870873d091edd4d4,192,96.00,4.35,1,6,4,0.024463,0.525827,TopoStake,pog(D=3_omega=0.50),1.47,1957,0
392,0,0x24898fcb116b48cb2b6fd5d3b4eb599fee0f4633,25.059326,1773025934,4282b3caaa206548ee12a271a0deb3a439a7bab7cbcba28f8d5073af7be125e9,200,100.00,4.14,1,6,4,0.024455,0.525921,TopoStake,pog(D=3_omega=0.50),1.44,1958,0
392,1,0x30509a8084fdfe6fe24d9c9a817c209ad194f8e3,83.759649,1773025936,2b96e6290f050c1067a8bda91686663dc9a724cd5bd93a9352c8bd07b7e51d3b,244,122.00,3.54,2,5,4,0.024444,0.525912,TopoStake,pog(D=3_omega=0.50),1.09,1959,0
392,2,0x30405867b72597aaeb27803bb2c7f3f5fc7d5384,17.514825,1773025938,46c6420a908d29b9502ad4ef55bbcb785aa99a3e4ef9da3bd8cf213774556ca7,217,72.33,3.40,1,5,3,0.024461,0.526123,TopoStake,pog(D=3_omega=0.50),1.65,1960,0
392,3,0x07902d0371763a00d97ed9ba16ff0a206cb0fd19,158.792667,1773025941,e442e891248f275a1f107d357cbdd87d9ca927439cedd197ff96de3a2adf47c3,187,93.50,3.48,1,5,4,0.024445,0.525964,TopoStake,pog(D=3_omega=0.50),1.57,1961,0
392,4,0x1cb1274c711a6c2e4e1596846e6ac604eeefb358,17.410080,1773025942,e20f37af27943b0510e846e016e07b9c6c56f3453b92059dc0945b97a2c6f239,194,97.00,2.70,1,4,3,0.024499,0.526194,TopoStake,pog(D=3_omega=0.50),1.47,1962,0
393,0,0x075e1d95c7891e1c00414ca1aa9a7a8cf6270019,78.263388,1773025944,bf54dbb4d0e3de44a7db1efc4b0053750b491b68ef88a73a50240d7ba675746a,74,74.00,3.57,1,5,4,0.024484,0.526024,TopoStake,pog(D=3_omega=0.50),1.00,1963,0
393,1,0x13f9dadc05f6c237b03411e2aed1800cf21a5d89,123.477510,1773025946,f1eb3e4e54ce900bb573c8f73395b1749bf836b38121aa5bd877e36b12343789,210,105.00,3.12,1,5,3,0.024498,0.526224,TopoStake,pog(D=3_omega=0.50),1.47,1964,0
393,2,0x016d3fc36beee7caa8fbd6c1caa42461dd7f9850,56.961089,1773025948,a6719184bb4972e6a5e382c48c058ce0efe0390c39400f9b45c4f424a2b53a57,250,125.00,2.96,1,5,3,0.024535,0.526444,TopoStake,pog(D=3_omega=0.50),1.28,1965,0
393,3,0x13f9dadc05f6c237b03411e2aed1800cf21a5d89,124.478799,1773025950,01833f1a61f9ec4934c03d9ddc2468338c8c93eea03d4d592b83e31f96856b94,245,122.50,3.08,1,4,3,0.024538,0.526615,TopoStake,pog(D=3_omega=0.50),0.94,1966,0
393,4,0x6064b9f5883bf9737dfe314ff68c56e09e68ac89,47.231701,1773025952,b016b221477a699356d5627ddc25c2eb5723f42a1b150fb27c897d1c72cc9936,218,109.00,3.08,1,5,3,0.024575,0.526834,TopoStake,pog(D=3_omega=0.50),0.63,1967,0
394,0,0x719361397abe003a91af76243e5f9c7a0cd4279f,66.620059,1773025955,39c2252dcb7cdd204fe43cd92a417e245b8f4f4a02a14ce4966f038fdf94aa76,175,58.33,3.85,1,5,4,0.024574,0.526994,TopoStake,pog(D=3_omega=0.50),1.47,1968,0
394,1,0xac61c91e7d24df824351a6c4e562a75f0cf646f8,4.225377,1773025956,0258e66911d71cb83b84cdce94352542a258b8c784d9db8a4d0c10388271cdbc,193,96.50,3.81,1,5,4,0.024574,0.526995,TopoStake,pog(D=3_omega=0.50),1.42,1969,0
394,2,0xc339f8bf978200eb65afce6c7121402eda949097,9.054793,1773025958,5bbf53ea8c4057feefbd96af2d71f430c85e371e88f3aa1cd16607e3d0d9c2d0,103,103.00,4.07,2,6,4,0.024561,0.526618,TopoStake,pog(D=3_omega=0.50),1.00,1970,0
394,3,0xc24b36dee27726233c3bbd9e1f028f98b6b2a424,32.437986,1773025960,ee9954450f076e6da4e6af78b9d1ac79fbc7de97c8080f6f96c04ca8e09a4c44,187,93.50,4.35,1,6,4,0.024541,0.526243,TopoStake,pog(D=3_omega=0.50),1.53,1971,0
394,4,0x687bf2437a044a3e42ff2f8a79a8e54ba9601f70,11.051135,1773025962,b4c699132bfde5b971322ec0a82438457d55e2c0cac0c5b79bee74432b561f7b,196,98.00,3.94,1,6,4,0.024533,0.526324,TopoStake,pog(D=3_omega=0.50),1.49,1972,0
395,0,0xa447d277b02012c2afd9ddcbbe123f27cc971963,15.804329,1773025964,c0b17bda3af796be295803648e5ed5136ba2733595b0427e35e5d5938288b0bd,250,125.00,3.75,1,5,4,0.024514,0.526000,TopoStake,pog(D=3_omega=0.50),1.22,1973,0
395,1,0xd46407aa7b668c72de3cf1c1a12b7fa2e308a1b2,19.989886,1773025966,b995652846684067f2557a6daff7281b2c3818a973d343bfee76ebf4a608a1cc,234,117.00,3.48,1,5,3,0.024498,0.525805,TopoStake,pog(D=3_omega=0.50),0.84,1974,0
395,2,0xe478b1e4d1538274c0c70cbd7df877f9abab2f62,14.291735,1773025968,74838e1fb9a6606cedc2bbc3b792c6dda5b9040e26eb56ab047bdb18118258c6,212,70.67,3.89,1,5,4,0.024484,0.525746,TopoStake,pog(D=3_omega=0.50),1.56,1975,0
395,3,0x719361397abe003a91af76243e5f9c7a0cd4279f,67.620948,1773025970,433cd3a1738d89e194cbaecdf0755e8bc19fc47c07c51aad1c23dc09e9499111,190,95.00,4.06,1,5,4,0.024467,0.525513,TopoStake,pog(D=3_omega=0.50),1.42,1976,0
395,4,0x9bdb1c7ad4bd8fe797b07c08117c74a591dbab2d,7.422941,1773025972,341d577f44ca1e8e1f73d3abf0ad09d21ee7674be3a0882284bf299a6a11126c,100,100.00,3.99,1,5,4,0.024476,0.525693,TopoStake,pog(D=3_omega=0.50),1.01,1977,0
396,0,0x13f9dadc05f6c237b03411e2aed1800cf21a5d89,125.480474,1773025974,ebb60270bb4acc7e26d4aee9fd9db9ed301c338769a9bfab45de0f1e448cef9b,210,105.00,3.70,1,5,4,0.024456,0.525267,TopoStake,pog(D=3_omega=0.50),1.45,1978,0
396,1,0xdcf2130496e27a8094ab996aea4aa77788d65869,34.528622,1773025976,b16711b772729a27b6e60ac280bdade487f0dc2022ac18470309f7c1a269fcfb,224,112.00,2.88,1,5,3,0.024493,0.525486,TopoStake,pog(D=3_omega=0.50),1.31,1979,0
396,2,0x13f9dadc05f6c237b03411e2aed1800cf21a5d89,126.481604,1773025978,7290f59613440c068bc1a5b6785b673c51d09ce9ec3e6b9460a76f4bec0776be,214,107.00,3.97,1,5,4,0.024485,0.525598,TopoStake,pog(D=3_omega=0.50),1.12,1980,0
396,3,0x0d91704595bff3aec25d40822498a51c62b05e3a,27.598811,1773025980,4e2461c39dd554d66146d3cb182261b7d9d0d7664927eff987852391f60d1c2d,234,117.00,3.09,1,5,3,0.024523,0.525817,TopoStake,pog(D=3_omega=0.50),0.78,1981,0
396,4,0xc24b36dee27726233c3bbd9e1f028f98b6b2a424,33.438822,1773025982,f245f3b8b719d985162897702c2556bb2fec6c415523a5f1fdb54a38729f81ea,214,71.33,3.26,1,5,3,0.024512,0.525847,TopoStake,pog(D=3_omega=0.50),1.55,1982,0
397,0,0xbc3f8508d26048f2064aa8c068f4c94d08d77d18,14.054811,1773025985,e76637231eb915d3a3a6c57d2dde2474b5d555364a29c81a8be1881bb899f689,213,106.50,4.06,1,6,4,0.024504,0.525946,TopoStake,pog(D=3_omega=0.50),1.50,1983,0
397,1,0xb2a7fe70a6f3137d38f6cb4c3ec6dd1e24f2d5f4,19.416560,1773025987,c48f22bda4fc4e464c74c79060151144cfd8f033d35d70b6b8109b2f7f0a8c52,182,91.00,4.32,1,6,4,0.024487,0.525701,TopoStake,pog(D=3_omega=0.50),1.49,1984,0
397,2,0xdcf2130496e27a8094ab996aea4aa77788d65869,35.529683,1773025989,2e88c77321af68a4c0b3233d30e9ba834b2ff0c2c37dcc4ba27803a546927da9,200,100.00,4.34,1,6,4,0.024473,0.525621,TopoStake,pog(D=3_omega=0.50),1.49,1985,0
397,3,0x9bdb1c7ad4bd8fe797b07c08117c74a591dbab2d,8.423813,1773025991,0a595e6c70fb66a49099dd46cc23854c241d717493cb342287e1b750865c1e87,229,114.50,4.00,1,5,4,0.024466,0.525741,TopoStake,pog(D=3_omega=0.50),1.43,1986,0
397,4,0x269cdf52f97e1d9f14b7be895155a7b294f0b21d,74.819055,1773025993,59cfcc3c9f5716ee690836830e9ebfe0f2bba805c9a2502736ebb35ab0679f3d,223,111.50,3.57,1,5,4,0.024447,0.525341,TopoStake,pog(D=3_omega=0.50),1.20,1987,0
398,0,0x13f9dadc05f6c237b03411e2aed1800cf21a5d89,127.483212,1773025995,ad351531e4f855b85711c1ee2c432a81ec6b84b924d934ad94a709d294e26716,236,118.00,3.57,1,5,4,0.024459,0.525530,TopoStake,pog(D=3_omega=0.50),1.00,1988,0
398,1,0x377eaef292051bbf8ada05b2af76a3f3b9d722a7,8.037346,1773025997,7b0b1d6ba467e3382029bad830a417ebde0879abb183d3723bd891f5fae59220,239,79.67,3.08,2,5,3,0.024496,0.525748,TopoStake,pog(D=3_omega=0.50),1.62,1989,0
398,2,0xc4dc29db975b952e04358340e56b68fa4ba63fbc,15.534760,1773026000,b295954fe3c3ee6790a00bb88d0b0ca6931394a600f01735ee22047a9d183f5a,218,109.00,3.56,1,5,4,0.024476,0.525330,TopoStake,pog(D=3_omega=0.50),1.50,1990,0
398,3,0x13f9dadc05f6c237b03411e2aed1800cf21a5d89,128.484456,1773026001,cd64c8c2dc9ebf84432ee570a51bec0a86f4752917f1d54aec97e311fbd3e87f,188,94.00,3.65,1,5,4,0.024476,0.525330,TopoStake,pog(D=3_omega=0.50),1.47,1991,0
398,4,0x30509a8084fdfe6fe24d9c9a817c209ad194f8e3,84.761403,1773026003,a76ee93142ddc190a4dfc900a53bef0d58109a71ef812508b3dc4333ee209466,111,111.00,2.98,1,4,3,0.024497,0.525344,TopoStake,pog(D=3_omega=0.50),0.99,1992,0
399,0,0x1796dc61e715f15a2d27dfa32bd34780f12a8c24,26.752980,1773026005,164f2796b5096809563b583759909f70acd75b13ca72c1da7a60385b6e78acbb,195,97.50,3.36,1,5,3,0.024514,0.525552,TopoStake,pog(D=3_omega=0.50),1.44,1993,0
399,1,0x7e40df5d801345015e84c843908efc6683665fa4,5.635119,1773026007,96968cc0f9044b6a1a72ece67334ee3894538df1f9b2ad70a6e6ea92c2567c26,211,105.50,3.28,1,5,3,0.024503,0.525564,TopoStake,pog(D=3_omega=0.50),1.36,1994,0
399,2,0x13f9dadc05f6c237b03411e2aed1800cf21a5d89,129.485103,1773026009,c92ae6974941a16276b8e3a2896af2b0fe4bcb16633c319f621445ba9fe7fa3f,250,125.00,3.29,1,5,3,0.024482,0.525063,TopoStake,pog(D=3_omega=0.50),1.06,1995,0
399,3,0x50f7fa851f9314d682e36da5caa4635039b5305d,25.119081,1773026011,1d37dbc6deb9d2498c99c37dca114ca900db6cbdbcd5b34f4c11306fe76634e9,198,99.00,3.26,2,5,3,0.024520,0.525280,TopoStake,pog(D=3_omega=0.50),0.82,1996,0
399,4,0x07902d0371763a00d97ed9ba16ff0a206cb0fd19,159.796015,1773026014,fde7903faaefeea8ccf37938650d25e6412dd3ac36a362aa6ed0fea7381bd40a,183,61.00,3.29,1,5,3,0.024508,0.525263,TopoStake,pog(D=3_omega=0.50),1.49,1997,0
400,0,0xe478b1e4d1538274c0c70cbd7df877f9abab2f62,15.292456,1773026015,beb2cd4c46dfe11b572ed386e910c4ec2a7824bd74b4c59128d1a46df4b93a06,216,108.00,2.73,1,4,3,0.024508,0.525263,TopoStake,pog(D=3_omega=0.50),1.46,1998,0
400,1,0x13f9dadc05f6c237b03411e2aed1800cf21a5d89,130.486146,1773026017,d3df6c75bd1b96473076628f046e9da6613b086e078e32a653cf7de4a1f35677,90,90.00,4.04,2,5,4,0.024544,0.525275,TopoStake,pog(D=3_omega=0.50),1.00,1999,0
400,2,0x07902d0371763a00d97ed9ba16ff0a206cb0fd19,160.797115,1773026019,e505f9466c5f8839f43859e8b219fb3f8ad6f624f2171cb3966e057bb481c310,202,101.00,2.93,1,4,3,0.024582,0.525491,TopoStake,pog(D=3_omega=0.50),1.53,2000,0
400,3,0x719361397abe003a91af76243e5f9c7a0cd4279f,68.621653,1773026021,0f443ff3d362214caccd494c8aadd47957733e3a71dd4afdc458914745e4af45,213,106.50,2.75,1,4,3,0.024634,0.525717,TopoStake,pog(D=3_omega=0.50),1.40,2001,0
400,4,0x4a217e35f6402e7f62a49f6d62e27c6585c2f3fd,10.472148,1773026023,c9b7411473fd4dd681fc3866e8bdec1d517f2901abba69a646196d70cb79b7ae,205,102.50,3.72,1,5,4,0.024643,0.525895,TopoStake,pog(D=3_omega=0.50),1.05,2002,0
401,0,0x4414c05be2cf328f38d2e3ef4b705d6b894f044a,26.103538,1773026025,ace314db16e04ea61e204f6703339f3ad4a8e53df29764faa1e144ef2ced64b4,236,118.00,3.62,2,5,4,0.024624,0.525552,TopoStake,pog(D=3_omega=0.50),0.89,2003,0
401,1,0x1d1d2c63625de70b1e5ef40056bd2deb89d7fef2,13.058875,1773026027,d2083114bf5f3872c253dd5d3a5ae586b9031ab32c2b6e2a4ece5c1a855a84e6,199,66.33,3.98,1,5,4,0.024613,0.525554,TopoStake,pog(D=3_omega=0.50),1.63,2004,0
401,2,0xd1cd4b808ce6b2841ad42746b64c5a047e857ef0,32.261395,1773026029,d69d0653c648806b3d0dcb794696742596d54539b664901cc35dbe09c871ee4c,220,110.00,3.68,1,5,4,0.024595,0.525282,TopoStake,pog(D=3_omega=0.50),1.45,2005,0
401,3,0x016d3fc36beee7caa8fbd6c1caa42461dd7f9850,57.962824,1773026031,1acb2fee01334530b2fc53568439981a334068daf0b3366889775565ea9cad9d,98,98.00,3.97,3,6,4,0.024587,0.525348,TopoStake,pog(D=3_omega=0.50),1.00,2006,0
401,4,0x1796dc61e715f15a2d27dfa32bd34780f12a8c24,27.753977,1773026033,fec63c8b6d86617fabdd54503c832802ffd4d0146ca05ac8dbcaf0bb4364decd,175,87.50,3.07,1,4,3,0.024591,0.525516,TopoStake,pog(D=3_omega=0.50),1.49,2007,0
402,0,0xd61b00c297972877b45f8d7f4d67fdaf20c67c59,13.317646,1773026035,390b5b9a6fb26782428c594c7b818d05a30170eb1b6cb968962abdfd7fcb5a0f,241,120.50,3.18,1,5,3,0.024580,0.525540,TopoStake,pog(D=3_omega=0.50),1.43,2008,0
402,1,0xa3786e459f289a76c0e8af8ad834e3d0c6d47199,27.737151,1773026037,149433bf214efe303097dc32f34ad9a47a18875fe04ed264d0b06309bf81b67a,198,99.00,4.45,1,6,5,0.024563,0.525268,TopoStake,pog(D=3_omega=0.50),1.41,2009,0
402,2,0x24898fcb116b48cb2b6fd5d3b4eb599fee0f4633,26.060303,1773026039,3234b22a93d8a6037da0dac6bff387f48aa82dcf929143d4b108173eddcc9bcb,215,107.50,4.12,1,6,4,0.024552,0.525282,TopoStake,pog(D=3_omega=0.50),1.16,2010,0
402,3,0x07902d0371763a00d97ed9ba16ff0a206cb0fd19,161.798821,1773026041,e850ba6f61340805ca8513f9a205eb844338acf03c61c3b06ec68179410aa441,239,79.67,3.51,1,5,4,0.024541,0.525275,TopoStake,pog(D=3_omega=0.50),1.89,2011,0
402,4,0xa3786e459f289a76c0e8af8ad834e3d0c6d47199,28.738139,1773026044,27178f5a8a609e7cbd4a6df4f14398381b29939ae49922784a6aeb2c731aecf6,194,97.00,2.76,2,4,3,0.024593,0.525500,TopoStake,pog(D=3_omega=0.50),1.49,2012,0
403,0,0xb990cdf21950e6086c350175c4bc504e45858230,7.097865,1773026045,e4bd0da203e926ce5ab81f961e7797c8810b39b443368778454e56ebad550636,189,94.50,4.21,1,6,4,0.024583,0.525531,TopoStake,pog(D=3_omega=0.50),1.50,2013,0
403,1,0x0d91704595bff3aec25d40822498a51c62b05e3a,28.599682,1773026047,5af20c38e813b42ee1a7b24a84c96ff66ddd7ce1ff98112994ae96910a5b5408,99,99.00,3.92,1,5,4,0.024563,0.525091,TopoStake,pog(D=3_omega=0.50),0.98,2014,0
403,2,0x1cb1274c711a6c2e4e1596846e6ac604eeefb358,18.409949,1773026049,17bdba1fc437327578a538302782b87b30db61926ffda85cf31ba572b70466ef,207,103.50,3.38,2,5,3,0.024553,0.525111,TopoStake,pog(D=3_omega=0.50),1.42,2015,0
403,3,0x2abf89d7c96c80fcff9dec1fe92803573094ee35,1.196116,1773026051,cdd9babf6b52d572a121fc77e2ccb2b8fcc8689bb6baeeb328fdfac29788bfbe,194,97.00,3.43,1,5,4,0.024538,0.524982,TopoStake,pog(D=3_omega=0.50),1.39,2016,0
403,4,0x30509a8084fdfe6fe24d9c9a817c209ad194f8e3,85.762842,1773026053,e49ca5e4eca398dce9e00a3f2310e1a4459574a0cb516b891015990c4b502ba0,246,123.00,3.48,1,5,4,0.024515,0.524332,TopoStake,pog(D=3_omega=0.50),1.04,2017,0
404,0,0xf13caa2c5f6f6cf61e51290bfa7826a9140b4faf,4.013298,1773026055,a24a33207ee7983c4e55a6c1c0d5911bae56d8073950c689685c14a0e9255457,207,103.50,3.33,1,5,3,0.024531,0.524538,TopoStake,pog(D=3_omega=0.50),0.71,2018,0
404,1,0xe478b1e4d1538274c0c70cbd7df877f9abab2f62,16.292490,1773026058,dcb1b5e3c9cd3d89bf904a6e61fb9b384f815774fe04ef7e3233b49ba75bbdee,179,59.67,4.22,1,6,4,0.024510,0.523981,TopoStake,pog(D=3_omega=0.50),1.46,2019,0
404,2,0x30509a8084fdfe6fe24d9c9a817c209ad194f8e3,86.763897,1773026059,efdafddd4223b5c54ecc1cf04fc33126368ff1df9a6be25009074fc7a2d47ac5,205,102.50,4.09,1,5,4,0.024494,0.523786,TopoStake,pog(D=3_omega=0.50),1.58,2020,0
404,3,0x7e40df5d801345015e84c843908efc6683665fa4,6.635897,1773026061,bfc663026e0b9f5a0c9d7a3f0ec9a6e895104a45ce146b7d279c63f26001cb0d,87,87.00,3.46,1,5,3,0.024511,0.523992,TopoStake,pog(D=3_omega=0.50),1.00,2021,0
404,4,0x07902d0371763a00d97ed9ba16ff0a206cb0fd19,162.800508,1773026063,94657e32dd3cceba12f64e123ac9cad35c70e7012bc5379bac6f2ff6860c27b8,185,92.50,3.41,1,5,4,0.024491,0.523528,TopoStake,pog(D=3_omega=0.50),1.47,2022,0
405,0,0x71f297f96355f349d66f0e9b681e7d4e11224660,15.163447,1773026065,58c3a4090c47012e16009eea36378084570bb519572f69ef66d5c31fc44c90fb,232,116.00,2.70,2,4,3,0.024543,0.523752,TopoStake,pog(D=3_omega=0.50),1.31,2023,0
405,1,0xeb82a21cb3d0dd781eb22ad74bb7cd9b4d2a06ec,20.921366,1773026067,168d00a041d885b80da1c2fcfa314f82a0eb2301f7ba001d7894fe64b1b157e4,181,90.50,3.78,1,5,4,0.024526,0.523530,TopoStake,pog(D=3_omega=0.50),1.20,2024,0
405,2,0x269cdf52f97e1d9f14b7be895155a7b294f0b21d,75.820558,1773026069,311a6b64673e0a0ff6fafd906294e49fc3c346c42151051433fb037b2fabdf28,245,81.67,4.02,1,6,4,0.024513,0.523489,TopoStake,pog(D=3_omega=0.50),1.99,2025,0
405,3,0x81d019380961f92c2031b0a7fba69f7675145088,21.493478,1773026071,7d6bff658bc57a9a2a74307a6a4ee23a023de0e90b20c446e9c996774baba262,215,107.50,3.56,1,5,4,0.024524,0.523675,TopoStake,pog(D=3_omega=0.50),1.56,2026,0
405,4,0x3513d672439a59c26cc5711f2b715ccb4810a774,13.279868,1773026073,6119c8dab91de5cf86a291172d4061f4f96855518db5b69a2d1463d2adbc5aae,211,105.50,3.68,1,5,4,0.024511,0.523636,TopoStake,pog(D=3_omega=0.50),1.55,2027,0
406,0,0x075e1d95c7891e1c00414ca1aa9a7a8cf6270019,79.266496,1773026075,604b95387dd1d4ccf10c0476c4ef081ae0531211412e4547ffaf8e96a83adcb8,104,104.00,3.80,1,5,4,0.024494,0.523357,TopoStake,pog(D=3_omega=0.50),1.00,2028,0
406,1,0xa447d277b02012c2afd9ddcbbe123f27cc971963,16.804760,1773026077,7497851187d768c27e2459d83a5e19bede1271e292a31d5e503f50a2bb2e9833,200,100.00,3.09,1,5,3,0.024507,0.523553,TopoStake,pog(D=3_omega=0.50),1.43,2029,0
406,2,0x1cb1274c711a6c2e4e1596846e6ac604eeefb358,19.410756,1773026079,5bd0fa343965339883f00a58c9267eeb470e1124ed735554c7eb9ce693d2a13d,196,98.00,3.53,1,5,4,0.024491,0.523366,TopoStake,pog(D=3_omega=0.50),1.46,2030,0
406,3,0x07902d0371763a00d97ed9ba16ff0a206cb0fd19,163.802189,1773026081,5dc521060c49281e30cf5f9d5f492ef563adac89b986065c0046515973f87a5d,235,117.50,3.43,1,5,3,0.024477,0.523279,TopoStake,pog(D=3_omega=0.50),1.12,2031,0
406,4,0x719361397abe003a91af76243e5f9c7a0cd4279f,69.622723,1773026083,4842b70c00d637f23d7b30428b372cc50374d4366c78d45155042806590ec46a,224,112.00,2.81,1,4,3,0.024529,0.523502,TopoStake,pog(D=3_omega=0.50),0.69,2032,0
407,0,0x07902d0371763a00d97ed9ba16ff0a206cb0fd19,164.803321,1773026085,cdb1554cc73c0176d89a68a4cc94a3a44f19ce5eef1b865e143c21818d17f142,174,58.00,3.87,1,5,4,0.024538,0.523678,TopoStake,pog(D=3_omega=0.50),1.51,2033,0
407,1,0x1796dc61e715f15a2d27dfa32bd34780f12a8c24,28.754932,1773026088,928a2093856f7d2361686a1d841939cc9c735db4a76bcfc7c0e0d4a7c15063f3,202,101.00,2.81,1,4,3,0.024590,0.523902,TopoStake,pog(D=3_omega=0.50),1.41,2034,0
407,2,0x07902d0371763a00d97ed9ba16ff0a206cb0fd19,165.804351,1773026090,9aec6a832cc4d89bdce8c50bff6d1515423ff86005215eaf2a4701e1070d9dd9,196,98.00,3.40,1,5,3,0.024580,0.523916,TopoStake,pog(D=3_omega=0.50),1.52,2035,0
407,3,0x269cdf52f97e1d9f14b7be895155a7b294f0b21d,76.821622,1773026092,c1d253ce8273cb9f3d08addb55fcd198eaab2920ea968ca5b5bab566b58c3368,179,89.50,2.79,1,4,3,0.024632,0.524140,TopoStake,pog(D=3_omega=0.50),1.55,2036,0
407,4,0xdcf2130496e27a8094ab996aea4aa77788d65869,36.530442,1773026094,096e85701f2eda90db9d176b48ff8bc3fd740ee7b64bbd24cf3cbe329b1b2c1c,186,93.00,3.60,1,5,4,0.024644,0.524324,TopoStake,pog(D=3_omega=0.50),1.54,2037,0
408,0,0x13f9dadc05f6c237b03411e2aed1800cf21a5d89,131.489055,1773026096,81dec378dfc722ab0d3b5f3122580adc18adcd53773f6803e3fd05705a995389,193,96.50,3.78,1,5,4,0.024637,0.524442,TopoStake,pog(D=3_omega=0.50),1.31,2038,0
408,1,0x269cdf52f97e1d9f14b7be895155a7b294f0b21d,77.822519,1773026098,bcd017e0cc5ac3b7e57e8e26ecc70300841be6bc50c7c9c77a48695d4d7fb15e,247,123.50,3.15,1,5,3,0.024674,0.524655,TopoStake,pog(D=3_omega=0.50),0.97,2039,0
408,2,0xcb7977f4997b4252c0152e135dd79b3cfe35c1a5,19.624489,1773026100,ab0a5c21797c989162eb62ca0209510e4f6099ac513caf1256841497df7fc202,197,65.67,3.71,2,5,4,0.024686,0.524839,TopoStake,pog(D=3_omega=0.50),1.58,2040,0
408,3,0x28672c71695142588ed26ada6f4b18b8b6c12308,15.682730,1773026103,17ae90e3efc75c813638a29ccba07b2c609a48b520a9fa64af608f0ba595d3ad,208,104.00,4.28,1,6,4,0.024671,0.524752,TopoStake,pog(D=3_omega=0.50),1.49,2041,0
408,4,0x269cdf52f97e1d9f14b7be895155a7b294f0b21d,78.823488,1773026104,9bfc1d17a0e488d9187e75d278dc31ade7352790d50095a1a77c9704d1704382,190,95.00,3.66,1,5,4,0.024655,0.524533,TopoStake,pog(D=3_omega=0.50),1.59,2042,0
409,0,0x687bf2437a044a3e42ff2f8a79a8e54ba9601f70,12.051432,1773026106,1026520bf826baed3c1f5ab6e171f74615923b374b163388fcb68c3e7011a74e,89,89.00,3.46,1,5,4,0.024668,0.524717,TopoStake,pog(D=3_omega=0.50),0.99,2043,0
409,1,0x30509a8084fdfe6fe24d9c9a817c209ad194f8e3,87.764807,1773026108,c8485d31d8bbe21ca405adc3e17177c6038b3d9b11731a27cd63aab297633b0f,204,102.00,3.88,1,5,4,0.024650,0.524414,TopoStake,pog(D=3_omega=0.50),1.53,2044,0
409,2,0x3d92e045fb1847aae132b40ebfcc471a32f687de,11.116932,1773026110,48df9ddf0b5e6a460c9c667803fb980961a52076fd6cc8819fd93693697da531,229,114.50,3.19,1,5,3,0.024666,0.524617,TopoStake,pog(D=3_omega=0.50),1.28,2045,0
409,3,0xa068e3c9a21c8d8be636cd2d285895979ec3262e,32.978269,1773026112,c4d2371667b355f1f792a50ee204108cd90aa88cec55325687b8cbc6c6c1a1a2,213,106.50,3.64,1,5,4,0.024648,0.524294,TopoStake,pog(D=3_omega=0.50),1.10,2046,0
409,4,0x07902d0371763a00d97ed9ba16ff0a206cb0fd19,166.805977,1773026114,64e3f5c70ad4a385bdbbadbf317a0b6d25c84a7c57a52e11a7e1744cef11b314,220,73.33,4.38,1,6,4,0.024640,0.524374,TopoStake,pog(D=3_omega=0.50),1.95,2047,0
410,0,0x13f9dadc05f6c237b03411e2aed1800cf21a5d89,132.490668,1773026117,3149b6e84d0662970b70f13b6fdb4228ec06932533ddb9907cb47da3c1c484fc,209,104.50,2.81,2,4,3,0.024692,0.524595,TopoStake,pog(D=3_omega=0.50),1.69,2048,0
410,1,0x3d92e045fb1847aae132b40ebfcc471a32f687de,12.117964,1773026118,0137430475e524a1b55edba5e0c15cbf619d07581eefb3917b9bd68499ddd80e,173,86.50,3.12,2,4,3,0.024728,0.524807,TopoStake,pog(D=3_omega=0.50),1.45,2049,0
410,2,0x07902d0371763a00d97ed9ba16ff0a206cb0fd19,167.807040,1773026120,5a067f5616f813deadd6e7ce0da50f314e0dec437c18b4ff53313f3f3d195e66,106,106.00,3.99,1,5,4,0.024711,0.524498,TopoStake,pog(D=3_omega=0.50),0.98,2050,0
410,3,0x30509a8084fdfe6fe24d9c9a817c209ad194f8e3,88.765930,1773026122,d27a9b3811acf2457955ad43627aacfb97f270ed9b1d99fef7ae0cc980304e9b,206,103.00,2.75,1,4,3,0.024763,0.524719,TopoStake,pog(D=3_omega=0.50),1.55,2051,0
410,4,0x6064b9f5883bf9737dfe314ff68c56e09e68ac89,48.232340,1773026124,73bc1285d59ce17b36c7ff999dcc064fbe665d4838573cc06596339ef1525943,229,114.50,3.15,1,5,3,0.024780,0.524921,TopoStake,pog(D=3_omega=0.50),1.31,2052,0
411,0,0x786f26993bf015cd2da6fb5d3ccd1879e01246ab,2.258962,1773026126,fffe109f32bb6d9ece3ac6596789eb326f46230c316e78a682ee73b4d507f1c1,247,123.50,3.75,1,5,4,0.024778,0.525076,TopoStake,pog(D=3_omega=0.50),1.07,2053,0
411,1,0x07902d0371763a00d97ed9ba16ff0a206cb0fd19,168.808268,1773026128,a14136e86f96c297aaeea7fcebde350a870eb97303039e5c9140dab9b63b3f98,205,102.50,4.06,1,5,4,0.024756,0.524487,TopoStake,pog(D=3_omega=0.50),0.88,2054,0
411,2,0x269cdf52f97e1d9f14b7be895155a7b294f0b21d,79.823974,1773026131,fe802326d63414c72680902a0a6da25dd011ab8aa995822ff1d00e76456794e5,198,66.00,2.86,2,4,3,0.024808,0.524708,TopoStake,pog(D=3_omega=0.50),1.68,2055,0
411,3,0xb990cdf21950e6086c350175c4bc504e45858230,8.097781,1773026132,7dcd1ef9e6270908958c9948f14850bd385032861a521a7c1d242d3147f6fd19,211,105.50,3.56,1,5,4,0.024821,0.524896,TopoStake,pog(D=3_omega=0.50),1.47,2056,0
411,4,0x4414c05be2cf328f38d2e3ef4b705d6b894f044a,27.104054,1773026134,38b8d28f9d1805f4f610034e3b9d3f5686d0c4f3f1ec6ff4845071d8b9962887,102,102.00,3.97,1,5,4,0.024801,0.524484,TopoStake,pog(D=3_omega=0.50),1.00,2057,0
412,0,0x07902d0371763a00d97ed9ba16ff0a206cb0fd19,169.809355,1773026136,d4321f7188872096da96ba2b32ef27d667ece6b4d97d7165fcac53dd9dae2a47,208,104.00,3.91,1,5,4,0.024790,0.524487,TopoStake,pog(D=3_omega=0.50),1.49,2058,0
412,1,0x6064b9f5883bf9737dfe314ff68c56e09e68ac89,49.233504,1773026138,cd339febd56e4149f7159c3adc0d7ef0dd29209327d1f555fe7f9441abf7361c,219,109.50,2.68,1,4,3,0.024843,0.524708,TopoStake,pog(D=3_omega=0.50),1.29,2059,0
412,2,0x30509a8084fdfe6fe24d9c9a817c209ad194f8e3,89.767245,1773026140,3c51807cae381d16308d845c1e3066c2b1fc30d8ecd050f2620e1e06d119c146,212,106.00,3.83,1,5,4,0.024841,0.524862,TopoStake,pog(D=3_omega=0.50),1.13,2060,0
412,3,0xd39dbd3662315e3935ec08e6b6028e73b3c09de2,32.932557,1773026142,476ff9932f2e7cb69f2e450070e2d12e7f8ec76af732de4e37891ac368f936db,248,124.00,3.39,2,5,3,0.024858,0.525063,TopoStake,pog(D=3_omega=0.50),0.93,2061,0
412,4,0x0d91704595bff3aec25d40822498a51c62b05e3a,29.600936,1773026144,d853a668447d7bbbc0e10e31b6883302476b787a163016155cef9ac1643731e1,165,55.00,4.48,1,6,5,0.024850,0.525132,TopoStake,pog(D=3_omega=0.50),1.52,2062,0
413,0,0xc24b36dee27726233c3bbd9e1f028f98b6b2a424,34.439321,1773026146,e448a1e1c5b97c06c9be2385265788edc1850008a6a4fc05493181ffad149e0d,205,102.50,3.33,1,5,3,0.024840,0.525168,TopoStake,pog(D=3_omega=0.50),1.72,2063,0
413,1,0x81193196c1dbdbf80709d43a5af5ce21c201fbd7,10.818797,1773026148,5b6ccc82a43ea3a7d26e8adfaf3df575840a11a3a654cf59bd3c87a1ce2aec6c,100,100.00,4.03,1,6,4,0.024832,0.525266,TopoStake,pog(D=3_omega=0.50),1.00,2064,0
413,2,0x8c11ec9090dd820c076e57e899d9c604c79d6b32,33.582243,1773026150,ce90e51ad2dc063576eee6da7ca56a5ed4c01ab13b94cb359ad782a0c97b1eef,189,94.50,3.95,1,6,4,0.024813,0.524930,TopoStake,pog(D=3_omega=0.50),1.46,2065,0
413,3,0xa3786e459f289a76c0e8af8ad834e3d0c6d47199,29.738489,1773026152,892e68f4d54fd1ac319314421f1ed495f118a7b0925e89545d91e3c4588442e8,211,105.50,4.08,1,6,4,0.024805,0.525011,TopoStake,pog(D=3_omega=0.50),1.46,2066,0
413,4,0xc24b36dee27726233c3bbd9e1f028f98b6b2a424,35.439747,1773026154,dfa8bf4eba07a10073f27c78a1778b338a8a08e1ef86573c2ca80053116dc613,198,99.00,4.26,1,6,4,0.024795,0.525043,TopoStake,pog(D=3_omega=0.50),1.44,2067,0
414,0,0x24898fcb116b48cb2b6fd5d3b4eb599fee0f4633,27.061220,1773026156,65cb45a4267c639bf8ae9f1023083400419166616e387c67550baed9f3d06212,250,125.00,3.94,2,6,4,0.024788,0.525150,TopoStake,pog(D=4_omega=0.50),1.12,2068,0
414,1,0x8c11ec9090dd820c076e57e899d9c604c79d6b32,34.583213,1773026158,cd9715123c5f62b8980516ab1f1dc9446eb0141b5b88c7f0a80d9b53f6b31776,250,83.33,3.58,1,5,4,0.024777,0.525143,TopoStake,pog(D=4_omega=0.50),1.98,2069,0
414,2,0xaadc5fea232580cb8fba739ac5d05a48559c7e52,20.352156,1773026161,22e1af58f62ebdb1c83ee6048782dc21cf536b0933d3fe3575dadbe89fab1600,156,78.00,3.92,1,5,4,0.024769,0.525232,TopoStake,pog(D=4_omega=0.50),1.54,2070,0
414,3,0x07902d0371763a00d97ed9ba16ff0a206cb0fd19,170.811246,1773026162,4a545bba208963069a8d57c61e0d8b97bbe5dacd53701b499412554322366d00,202,101.00,4.42,1,6,5,0.024755,0.525168,TopoStake,pog(D=4_omega=0.50),1.49,2071,0
414,4,0x13f9dadc05f6c237b03411e2aed1800cf21a5d89,133.492496,1773026164,374e63fc3b43fe058d1789c054365738d66f6d42f4fb2a3581d65ee0222c6bba,93,93.00,2.89,1,4,3,0.024807,0.525387,TopoStake,pog(D=4_omega=0.50),0.99,2072,0
415,0,0xa7e4d4d949807065ebf85adc1be8c382c7236c15,19.212547,1773026166,d302ac5a48275c8ac97533bafcae5d235b9fa652953bcce85ed0f89f2b0d0f89,215,107.50,3.08,1,5,3,0.024843,0.525597,TopoStake,pog(D=3_omega=0.50),1.49,2073,0
415,1,0x30509a8084fdfe6fe24d9c9a817c209ad194f8e3,90.768666,1773026168,7c674c37d8834c5cb23467e1bf531052da5d37a46f0ebe1cba0b872b871f4541,214,107.00,3.81,1,6,4,0.024828,0.525488,TopoStake,pog(D=3_omega=0.50),1.40,2074,0
415,2,0x1796dc61e715f15a2d27dfa32bd34780f12a8c24,29.755943,1773026170,3462e66e56906c767bdb3ec73c365fe43b09a440f135ea4c91deb8a53dc24e87,250,125.00,3.27,1,5,3,0.024845,0.525688,TopoStake,pog(D=3_omega=0.50),1.12,2075,0
415,3,0x13f9dadc05f6c237b03411e2aed1800cf21a5d89,134.493722,1773026172,164637d2aa9a051b20df9c6c78e2bb90ed735ed8934fb5ffa9a64fd384d8c9f4,212,106.00,3.31,1,5,3,0.024835,0.525711,TopoStake,pog(D=3_omega=0.50),0.76,2076,0
415,4,0x26d553a2f4343b3a7dc88bbd87b3d0a25d3838d9,25.227761,1773026174,6f6056060453dbc26e5380e7424b20c1d7be1615f1c55778b99877282585de70,218,72.67,3.20,1,5,3,0.024871,0.525919,TopoStake,pog(D=3_omega=0.50),1.59,2077,0
416,0,0xe478b1e4d1538274c0c70cbd7df877f9abab2f62,17.292886,1773026176,78ca231e19e76feab3ce1e8dfe0ce61dbd0311e4eca93c47f39e7a41d65c63bc,207,103.50,3.72,1,5,4,0.024859,0.525894,TopoStake,pog(D=3_omega=0.50),1.51,2078,0
416,1,0x89100a8056319ba37491b32ba255004180607bc2,42.822020,1773026178,d39fab8af82d807f6bd4c90ea5173be9de59faaeda99d729d0633090e7020231,93,93.00,4.00,1,5,4,0.024844,0.525717,TopoStake,pog(D=3_omega=0.50),1.00,2079,0
416,2,0x8d9e46becf415ca26aa698c9657087e6554aabda,7.361941,1773026180,90f553db62414e56bd78f97ad9ecee293b0b6b5d3fa9e843ed1c98841184b5af,200,100.00,3.83,1,5,4,0.024840,0.525851,TopoStake,pog(D=3_omega=0.50),1.42,2080,0
416,3,0xb2a7fe70a6f3137d38f6cb4c3ec6dd1e24f2d5f4,20.416050,1773026182,3b294f7b08f4fd7bfa536e446de4c4c5f2783c767ca05fddf6c07361610de6f6,197,98.50,3.64,1,5,4,0.024820,0.525419,TopoStake,pog(D=3_omega=0.50),1.43,2081,0
416,4,0xea287b266dbe2c2d402fd91814bcfc4c95d6b0fd,12.151688,1773026184,e850441bd9c618b1eb500c1885509282f2e19ed1bb61078c370eaf5df05ee46f,192,96.00,4.05,1,6,4,0.024806,0.525350,TopoStake,pog(D=3_omega=0.50),1.35,2082,0
417,0,0x30509a8084fdfe6fe24d9c9a817c209ad194f8e3,91.770078,1773026186,8487ec8a79556b5f04db686beba1639d4497df6cf3ce729a777525b2eba25c02,250,125.00,4.00,1,6,4,0.024788,0.525036,TopoStake,pog(D=3_omega=0.50),1.15,2083,0
417,1,0x13f9dadc05f6c237b03411e2aed1800cf21a5d89,135.495123,1773026188,03c92ae631d8d23ec90ef93663972efc4adc6f400ca0761ddf5003f638d7bab5,229,76.33,3.45,1,5,4,0.024805,0.525235,TopoStake,pog(D=3_omega=0.50),1.74,2084,0
417,2,0x24898fcb116b48cb2b6fd5d3b4eb599fee0f4633,28.062392,1773026191,ad68e8b1851bc4b2437bbcceac4a6563776787c7cede1960ec1bedf550a614d0,187,93.50,3.03,1,5,3,0.024841,0.525443,TopoStake,pog(D=3_omega=0.50),1.51,2085,0
417,3,0x81193196c1dbdbf80709d43a5af5ce21c201fbd7,11.819372,1773026193,8f94836e87f7353fefa413d11e020cf283781ca7274232fba928dbb0c2802aee,175,87.50,3.58,1,5,4,0.024831,0.525445,TopoStake,pog(D=3_omega=0.50),1.57,2086,0
417,4,0x269cdf52f97e1d9f14b7be895155a7b294f0b21d,80.825248,1773026195,b323abb727340e610afbd01d54685173b44a590e0def440c5dd84674b890933d,212,106.00,4.02,1,6,4,0.024813,0.525122,TopoStake,pog(D=3_omega=0.50),1.53,2087,0
418,0,0x016d3fc36beee7caa8fbd6c1caa42461dd7f9850,58.964355,1773026197,28b62e914159d0cce8b27ae0c4cd17c97e36fed3a75e85df9bdd42b991df7491,215,107.50,3.63,1,5,4,0.024825,0.525311,TopoStake,pog(D=3_omega=0.50),1.46,2088,0
418,1,0x6414c6a8400ff3419cd81855d09de2848d770e0e,4.125658,1773026199,e79adc0b084bcac0e368a7029215deba1e5102735753140ba4a204bff3602855,235,117.50,3.03,1,4,3,0.024828,0.525472,TopoStake,pog(D=3_omega=0.50),1.14,2089,0
418,2,0xd1cd4b808ce6b2841ad42746b64c5a047e857ef0,33.261432,1773026201,3d73db82454dde9315b25c47cfd095e005d4c3b4e6de03543a3f31e06fee9c34,178,89.00,3.93,1,5,4,0.024807,0.524927,TopoStake,pog(D=3_omega=0.50),0.92,2090,0
418,3,0x6064b9f5883bf9737dfe314ff68c56e09e68ac89,50.234474,1773026203,f6d01527e56cee6bfb69906e1a65fef9115a379b6040d71c2500d23fa3abfe80,227,113.50,3.89,1,5,4,0.024798,0.524991,TopoStake,pog(D=3_omega=0.50),0.70,2091,0
418,4,0x075e1d95c7891e1c00414ca1aa9a7a8cf6270019,80.269313,1773026206,9e31115602ea498094428fd5662d53f017f62e5f979922ca1e61c235ab96e1a4,167,55.67,3.83,1,5,4,0.024797,0.525143,TopoStake,pog(D=3_omega=0.50),1.51,2092,0
419,0,0x016d3fc36beee7caa8fbd6c1caa42461dd7f9850,59.965525,1773026207,f9533392f360fe7e81e94e1bc50079a29ac507a391f843014e195b7556af96d0,204,102.00,3.18,2,5,3,0.024809,0.525322,TopoStake,pog(D=3_omega=0.50),1.53,2093,0
419,1,0x30509a8084fdfe6fe24d9c9a817c209ad194f8e3,92.771409,1773026209,be37231c4bb7f1556e994289e893809c5cc1d267db51c3c06c89d8772a4963ea,103,103.00,3.13,1,4,3,0.024812,0.525483,TopoStake,pog(D=3_omega=0.50),0.99,2094,0
419,2,0xcb7977f4997b4252c0152e135dd79b3cfe35c1a5,20.624738,1773026211,3ec36775404dc0962693a39229858987f4ed6bfab6f6c8b12f2f7b210c734796,193,96.50,3.38,1,5,4,0.024829,0.525681,TopoStake,pog(D=3_omega=0.50),1.50,2095,0
419,3,0x30509a8084fdfe6fe24d9c9a817c209ad194f8e3,93.772391,1773026213,898a63b742a5050d16c3f829fcee4ce375ebb18d2e979d94813821f409daa24b,225,112.50,4.19,1,6,4,0.024815,0.525610,TopoStake,pog(D=3_omega=0.50),1.45,2096,0
419,4,0x07902d0371763a00d97ed9ba16ff0a206cb0fd19,171.813358,1773026215,f4b3ea2bc72690e5488bbd1be7015d2cc68fd9b2fdcecc803830c9bba055ea36,250,125.00,3.36,1,5,3,0.024833,0.525808,TopoStake,pog(D=3_omega=0.50),1.10,2097,0
420,0,0x63f4973c0df8a5358405f396dc0673a463c48de9,41.938509,1773026217,0ca5c03c3317037296e612f514730674ec79e5c931b72a9d80c1ccfab75f379b,246,82.00,2.85,1,4,3,0.024884,0.526024,TopoStake,pog(D=3_omega=0.50),1.72,2098,0
420,1,0x213068cb42718d1dd6d00a6d94d62a3def0e68eb,6.348028,1773026220,24beb30ca27337de93551b9260aea1332ad80a9fc309c0268ebcb640dfdcdf87,186,93.00,3.62,1,5,4,0.024879,0.526147,TopoStake,pog(D=3_omega=0.50),1.58,2099,0
420,2,0x269cdf52f97e1d9f14b7be895155a7b294f0b21d,81.826440,1773026221,1fbe51cc461b99326fef2d740be7c0694191f8c133dd51020be57d5880217c9c,208,104.00,3.64,1,5,4,0.024859,0.525678,TopoStake,pog(D=3_omega=0.50),1.49,2100,0
420,3,0x3513d672439a59c26cc5711f2b715ccb4810a774,14.279259,1773026223,bd0083f7cad1bb8906be83e4df576733a7f0d10375a9c2382a75e8627f1af8f3,83,83.00,3.80,1,5,4,0.024872,0.525866,TopoStake,pog(D=3_omega=0.50),1.00,2101,0
420,4,0xc24b36dee27726233c3bbd9e1f028f98b6b2a424,36.440791,1773026225,d1bc99a145f67e3f9b565676eb60dd1f7926e355cfb0c3a99ba79fdbdba8d012,195,97.50,3.93,1,5,4,0.024855,0.525629,TopoStake,pog(D=3_omega=0.50),1.49,2102,0
421,0,0x377eaef292051bbf8ada05b2af76a3f3b9d722a7,9.037008,1773026227,2e8496e7564d0d9456c5460d75da15c8a28a42c12567ea3a2bcc8d15993475e9,190,95.00,4.03,1,6,4,0.024848,0.525733,TopoStake,pog(D=3_omega=0.50),1.53,2103,0
421,1,0xe6ebb0cdfd04183d498964e5efc4096ba77b17d6,45.328442,1773026229,6792d82d99396b01d887bea5b723f782dfe85a93db60fb159046f688ce9b45d8,236,118.00,3.47,1,5,3,0.024829,0.525368,TopoStake,pog(D=3_omega=0.50),1.21,2104,0
421,2,0xd39dbd3662315e3935ec08e6b6028e73b3c09de2,33.932837,1773026231,c0efb3f0d9751a1d360167811aca078cd08c7885b701db36605c66afff732832,208,104.00,3.93,1,6,4,0.024825,0.525510,TopoStake,pog(D=3_omega=0.50),0.92,2105,0
421,3,0xa7e4d4d949807065ebf85adc1be8c382c7236c15,20.213243,1773026233,6ceedea11c0ae6388274eaabe0fd3e919e4149d35cb2235b4ee27d5396e59ae4,186,93.00,4.41,1,6,5,0.024817,0.525583,TopoStake,pog(D=3_omega=0.50),0.78,2106,0
421,4,0x377eaef292051bbf8ada05b2af76a3f3b9d722a7,10.038151,1773026236,f80bccf537a3232f925b90bc68676001fd3f566a61be5635174eea956cfdc772,245,81.67,4.08,1,6,4,0.024803,0.525493,TopoStake,pog(D=3_omega=0.50),1.75,2107,0
422,0,0x13f9dadc05f6c237b03411e2aed1800cf21a5d89,136.497340,1773026237,c0771c810b5db771f1227fa8e3b18aded6ba19d76272e7eb47cd75996166b134,199,99.50,3.69,1,5,4,0.024785,0.525144,TopoStake,pog(D=3_omega=0.50),1.54,2108,0
422,1,0xdcf2130496e27a8094ab996aea4aa77788d65869,37.530799,1773026239,eba72de036250318b4242149390dbc5cd6de862476dd44bda4e8d275b68c3327,104,104.00,3.07,1,5,3,0.024820,0.525350,TopoStake,pog(D=3_omega=0.50),1.00,2109,0
422,2,0x13f9dadc05f6c237b03411e2aed1800cf21a5d89,137.497876,1773026241,2fa69fc814ccbb5bd6f353b30d8957df5f45672310337c7bc4502ce7a66a5e63,184,92.00,3.83,1,5,4,0.024814,0.525463,TopoStake,pog(D=3_omega=0.50),1.44,2110,0
422,3,0x13f9dadc05f6c237b03411e2aed1800cf21a5d89,138.498861,1773026243,055cdc609a2c066b1af947a921ff4d36a91368889efbdc328ee08841b9665544,201,100.50,3.04,2,5,3,0.024849,0.525669,TopoStake,pog(D=3_omega=0.50),1.35,2111,0
422,4,0x13f9dadc05f6c237b03411e2aed1800cf21a5d89,139.500071,1773026245,abe5fc04ff4b04d03b2be5b54659bd42539918f19fc83fbd3133356d72feba57,246,123.00,3.00,1,5,3,0.024886,0.525874,TopoStake,pog(D=3_omega=0.50),1.11,2112,0
423,0,0x8c11ec9090dd820c076e57e899d9c604c79d6b32,35.583771,1773026247,255b449065b720b5fdb0b437c4c3c5d000e5435a18af8043255b9f0018a79ef4,250,125.00,3.15,1,5,3,0.024922,0.526079,TopoStake,pog(D=3_omega=0.50),0.88,2113,0
423,1,0x6064b9f5883bf9737dfe314ff68c56e09e68ac89,51.235294,1773026249,028db7b9b2d5d67f39d7d3f3af6be701d13fe576999a9309fd644a2d3645c5a7,169,84.50,4.14,1,6,4,0.024914,0.526174,TopoStake,pog(D=3_omega=0.50),0.65,2114,0
423,2,0x24898fcb116b48cb2b6fd5d3b4eb599fee0f4633,29.063295,1773026251,72db70b525588ce266f503d9c492b86d0719ddc9e9bce51e12a09a4b87efa88a,203,67.67,3.96,1,5,4,0.024913,0.526323,TopoStake,pog(D=3_omega=0.50),1.64,2115,0
423,3,0x719361397abe003a91af76243e5f9c7a0cd4279f,70.624122,1773026253,3bb62caa67854e1dbfdab467bf90a4c59e43de2cb9b6c10b89126c9604880c63,205,102.50,3.53,1,5,4,0.024903,0.526328,TopoStake,pog(D=3_omega=0.50),1.48,2116,0
423,4,0xe478b1e4d1538274c0c70cbd7df877f9abab2f62,18.292878,1773026255,e3cdb35e31b3bee469377205d3943b03df710a1668c1734bd2881c3a342fcb9d,93,93.00,3.91,2,5,4,0.024910,0.526496,TopoStake,pog(D=3_omega=0.50),1.00,2117,0
424,0,0xdcf2130496e27a8094ab996aea4aa77788d65869,38.531636,1773026257,52f5eb8d2a10eb5fbc10b78d1a55eace50762af4d7ef35fd16ae8052a181952c,191,95.50,4.05,1,5,4,0.024895,0.526358,TopoStake,pog(D=3_omega=0.50),1.48,2118,0
424,1,0xd1cd4b808ce6b2841ad42746b64c5a047e857ef0,34.262408,1773026259,9847e7a041cd6c069417db157f1aa43a53a5800a0f726fdf0f0126f19927ee4b,196,98.00,3.98,1,5,4,0.024889,0.526470,TopoStake,pog(D=3_omega=0.50),1.47,2119,0
424,2,0x0d91704595bff3aec25d40822498a51c62b05e3a,30.601847,1773026261,509c1ff35b78b8e239d513572ac8f9000c1e6e7dae9c6f20ca6856c7f31fe170,230,115.00,3.85,1,6,4,0.024881,0.526540,TopoStake,pog(D=3_omega=0.50),1.39,2120,0
424,3,0x0d91704595bff3aec25d40822498a51c62b05e3a,31.603087,1773026263,879aafaae65055f0ba24071a9a992bc46f5384d47aa3269b258981bcee4e4a11,250,125.00,3.25,1,5,3,0.024871,0.526580,TopoStake,pog(D=3_omega=0.50),1.14,2121,0
424,4,0xf5ecb44daf07a1d1073dbc89baf04bd7541fa517,8.043730,1773026265,2b4306d0d0ac9a443c7737e39aa0f5d57cfaf529f42e23004fab4bdfe4c9aeed,246,123.00,3.36,1,5,3,0.024862,0.526628,TopoStake,pog(D=3_omega=0.50),0.82,2122,0
425,0,0xbc3f8508d26048f2064aa8c068f4c94d08d77d18,15.053848,1773026267,ef689125220e64548abdfcfacf714347eaa7084fb204008e55193e9d456b9131,200,100.00,4.04,2,5,4,0.024843,0.526215,TopoStake,pog(D=3_omega=0.50),0.51,2123,0
425,1,0xb2a7fe70a6f3137d38f6cb4c3ec6dd1e24f2d5f4,21.416618,1773026270,b0bb2612bfe9328421bcac0187a33754fb091c4afafcbf0dc273bc02f7f39e70,183,61.00,4.26,1,6,4,0.024826,0.525986,TopoStake,pog(D=3_omega=0.50),1.52,2124,0
425,2,0x07902d0371763a00d97ed9ba16ff0a206cb0fd19,172.816473,1773026271,e9f6aee39a987df7875b0a360f5fb2638c0f5d89300add41efb698fe3476ab09,199,99.50,4.27,1,6,4,0.024813,0.525935,TopoStake,pog(D=3_omega=0.50),1.48,2125,0
425,3,0x13f9dadc05f6c237b03411e2aed1800cf21a5d89,140.502078,1773026273,bd34f4faecec28bfc3ea8d584e1dd7ed89295f3cef0c7b1fdb827dc909eb81fc,109,109.00,2.70,1,4,3,0.024863,0.526149,TopoStake,pog(D=3_omega=0.50),1.00,2126,0
425,4,0x07902d0371763a00d97ed9ba16ff0a206cb0fd19,173.817050,1773026275,a8d16dfc0eea9efcf8b1a72ab2bcb00a2719bf5f909a0364b5e03ee96b7d1f39,196,98.00,3.08,1,5,3,0.024899,0.526352,TopoStake,pog(D=3_omega=0.50),1.47,2127,0
426,0,0x07902d0371763a00d97ed9ba16ff0a206cb0fd19,174.818045,1773026277,a34fa025629eda396beb8b9b4874ab8227a067aed40658f5a70337b11cc2b705,205,102.50,2.65,2,4,3,0.024949,0.526565,TopoStake,pog(D=3_omega=0.50),1.36,2128,0
426,1,0x13f9dadc05f6c237b03411e2aed1800cf21a5d89,141.503145,1773026279,a15eacb936bb5fc08422ad894a54e657e51a6443963d2bd96e5fe7ed3a1f0482,228,114.00,2.83,1,4,3,0.025000,0.526777,TopoStake,pog(D=3_omega=0.50),1.04,2129,0
426,2,0x075e1d95c7891e1c00414ca1aa9a7a8cf6270019,81.271379,1773026281,def76dc218b40d558700d0a836893737e6c413ba318c744bb8916be8ce1bfc8d,215,107.50,3.10,2,5,3,0.025036,0.526980,TopoStake,pog(D=3_omega=0.50),0.64,2130,0
426,3,0x8c11ec9090dd820c076e57e899d9c604c79d6b32,36.584329,1773026283,dd6eeb808f3a2eba99360253aef2b7532f6e7a6c24141d50d33f845e94d5654e,226,113.00,3.15,1,5,3,0.025048,0.527156,TopoStake,pog(D=3_omega=0.50),0.57,2131,0
426,4,0x13f9dadc05f6c237b03411e2aed1800cf21a5d89,142.504273,1773026286,44c1707eab504456c9e8a36083045291e09e5297763ca3eccee54eb92c65ca46,196,65.33,4.15,1,6,4,0.025040,0.527250,TopoStake,pog(D=3_omega=0.50),1.51,2132,0
427,0,0x3d92e045fb1847aae132b40ebfcc471a32f687de,13.117559,1773026287,285a1f6fc8465de35c55306808686ebf83c43015b89dd28c4bad0b45ac76b097,173,86.50,3.15,1,5,3,0.025077,0.527453,TopoStake,pog(D=3_omega=0.50),1.47,2133,0
427,1,0x9bdb1c7ad4bd8fe797b07c08117c74a591dbab2d,9.422770,1773026289,6e2b33e63299c5616544e103a8666cb65b554843069bbc8ddc105c1601e6531d,96,96.00,4.00,1,5,4,0.025060,0.527174,TopoStake,pog(D=3_omega=0.50),1.00,2134,0
427,2,0x269cdf52f97e1d9f14b7be895155a7b294f0b21d,82.827195,1773026291,edf3fb932f8c2134e8894fd5075056de7458390b2d133c4be63f5772ea9cc051,197,98.50,3.77,2,5,4,0.025041,0.526814,TopoStake,pog(D=3_omega=0.50),1.53,2135,0
427,3,0xeb82a21cb3d0dd781eb22ad74bb7cd9b4d2a06ec,21.920996,1773026293,f6d58eee26bf9469354da23337b8f853f20fecfe6c293f5e6ea3f888d2f1b356,218,109.00,3.61,1,5,4,0.025053,0.526998,TopoStake,pog(D=3_omega=0.50),1.44,2136,0
427,4,0x3d92e045fb1847aae132b40ebfcc471a32f687de,14.117971,1773026295,d139c9253d01e806c89b22330cb4e6cdbbba36460dc8a2fbb9e2711fbb869baa,191,95.50,3.87,1,6,4,0.025039,0.526954,TopoStake,pog(D=3_omega=0.50),1.36,2137,0
428,0,0x0d91704595bff3aec25d40822498a51c62b05e3a,32.604236,1773026297,05158cf10f5199291d4988cb75dcbd409ae2616f7afe9e12a6b6bafe0ee563b5,231,115.50,3.91,1,5,4,0.025023,0.526706,TopoStake,pog(D=3_omega=0.50),1.22,2138,0
428,1,0x6064b9f5883bf9737dfe314ff68c56e09e68ac89,52.236301,1773026299,e6495ceee108b471c9671aa71400a6e25d291234480dd51c0e73e782b851e3cc,250,125.00,3.35,1,5,3,0.025014,0.526753,TopoStake,pog(D=3_omega=0.50),0.94,2139,0
428,2,0x07902d0371763a00d97ed9ba16ff0a206cb0fd19,175.819866,1773026301,4ac70631e24060f26e7618e115b78f3b26857b53d365cc928ecb7c085b5f8385,184,61.33,3.82,2,5,4,0.025013,0.526901,TopoStake,pog(D=3_omega=0.50),1.56,2140,0
428,3,0x0d91704595bff3aec25d40822498a51c62b05e3a,33.605478,1773026303,ed3d413ef6a3066313c08ca29345a1576a851e4618203fbdd233e340f8263df8,206,103.00,2.79,2,4,3,0.025063,0.527112,TopoStake,pog(D=3_omega=0.50),1.54,2141,0
428,4,0xa068e3c9a21c8d8be636cd2d285895979ec3262e,33.978201,1773026305,810dbf720f353ee998be7c634d19ca371fd2c071b493c07fc91579b6bde09591,88,88.00,3.28,1,5,3,0.025054,0.527165,TopoStake,pog(D=3_omega=0.50),1.00,2142,0
429,0,0x07902d0371763a00d97ed9ba16ff0a206cb0fd19,176.820960,1773026307,2b57a79ca8af2fe6e6a873db47f2670b59391f996e6b47e4da8edd56f17a2d92,211,105.50,4.40,1,6,5,0.025046,0.527216,TopoStake,pog(D=3_omega=0.50),1.56,2143,0
429,1,0x719361397abe003a91af76243e5f9c7a0cd4279f,71.624720,1773026309,2fbf13831d3c5147db2447d3568440fb9cf87282d15fd2f62f31ee22f62efc6f,227,113.50,2.78,1,4,3,0.025096,0.527427,TopoStake,pog(D=3_omega=0.50),1.36,2144,0
429,2,0xcb7977f4997b4252c0152e135dd79b3cfe35c1a5,21.625125,1773026311,5b8d9bcead618453117a60bdf70476b803061458ff85de5bf49c051804a64735,194,97.00,3.72,1,5,4,0.025103,0.527592,TopoStake,pog(D=3_omega=0.50),1.22,2145,0
429,3,0x6064b9f5883bf9737dfe314ff68c56e09e68ac89,53.237173,1773026313,fbf3f458869fbf80ed5145dd2d14689d2dcd97ccde66d82fe4cb1534adc813ef,218,109.00,4.09,1,6,4,0.025090,0.527533,TopoStake,pog(D=3_omega=0.50),1.19,2146,0
429,4,0x282f43759e22b50aa7989261c51c367f325c3f91,14.337974,1773026315,294b9122c7fbe25f0a04b8c48e9c24ce7030b4b8acca2133f070ccf3615c9125,231,115.50,3.75,1,5,4,0.025089,0.527680,TopoStake,pog(D=3_omega=0.50),0.94,2147,0
430,0,0x50f7fa851f9314d682e36da5caa4635039b5305d,26.119541,1773026317,cc39a0f69e9be02471eb4465db09b8ecafacf061ac480e5eefd8e4e347a51199,202,67.33,3.92,1,6,4,0.025072,0.527430,TopoStake,pog(D=3_omega=0.50),1.60,2148,0
430,1,0x377eaef292051bbf8ada05b2af76a3f3b9d722a7,11.038684,1773026319,23065d406bb227161f17c4210b4395cef9bdb88ca32b85edd7aa5e3798ae55a6,186,93.00,3.33,1,5,3,0.025060,0.527412,TopoStake,pog(D=3_omega=0.50),1.48,2149,0
430,2,0xe6ebb0cdfd04183d498964e5efc4096ba77b17d6,46.329266,1773026321,4a85c1892ad9a3e5300d2d5b32149e5425711687c86c6af044673459ce6641e7,124,124.00,3.60,1,5,4,0.025043,0.527083,TopoStake,pog(D=3_omega=0.50),1.00,2150,0
430,3,0x1796dc61e715f15a2d27dfa32bd34780f12a8c24,30.757107,1773026323,9874c6a08e0445470cd15a0c25b6d01a8916bc1081bdd810bc16bbaf70f31969,196,98.00,4.01,1,6,4,0.025039,0.527221,TopoStake,pog(D=3_omega=0.50),1.49,2151,0
430,4,0x6064b9f5883bf9737dfe314ff68c56e09e68ac89,54.238269,1773026325,1320189ffe6b7f3d0b0cbcd354ebea9d29480bf936c1644e5de2bdb7ba246929,180,90.00,3.33,1,5,3,0.025029,0.527256,TopoStake,pog(D=3_omega=0.50),1.45,2152,0
431,0,0x075e1d95c7891e1c00414ca1aa9a7a8cf6270019,82.273155,1773026327,e43031fe2af9ac21ee16e3b2ec3409e021fd201688d3d71c0d31766449e7411d,225,112.50,3.78,1,5,4,0.025029,0.527403,TopoStake,pog(D=3_omega=0.50),1.43,2153,0
431,1,0x34412315480562da4810040fd15c81f99880e1ab,13.886028,1773026329,3b4d2ee4b18a7175c1cad71ed3122da4e1a8a49d0a1991533d2a9a152ec8a7e8,250,125.00,3.11,1,5,3,0.025040,0.527576,TopoStake,pog(D=3_omega=0.50),1.14,2154,0
431,2,0x30509a8084fdfe6fe24d9c9a817c209ad194f8e3,94.774832,1773026331,fa90c30caee4498c9b4f7abebef2ea80d93066380d1a6a46670741346b267b80,243,121.50,3.95,1,5,4,0.025024,0.527310,TopoStake,pog(D=3_omega=0.50),0.91,2155,0
431,3,0x63f4973c0df8a5358405f396dc0673a463c48de9,42.939163,1773026333,8b0ca281fe2a43d23c6e9a982e003e7322aeea02cf33cd4f4bf1e1b48cc1b677,250,83.33,3.37,1,5,3,0.025040,0.527502,TopoStake,pog(D=3_omega=0.50),1.65,2156,0
431,4,0x13f9dadc05f6c237b03411e2aed1800cf21a5d89,143.506373,1773026336,8c183866340674887b6773e13ee0818616c53ecc00412db3be49f87e26cc82ee,223,111.50,3.62,2,5,4,0.025035,0.527622,TopoStake,pog(D=3_omega=0.50),1.53,2157,0
432,0,0x016d3fc36beee7caa8fbd6c1caa42461dd7f9850,60.966608,1773026337,ea3740600b4c10c01c726877ce3301a66adb507c1954eea2aebca9e049fff4dc,201,100.50,3.09,1,5,3,0.025071,0.527822,TopoStake,pog(D=3_omega=0.50),1.53,2158,0
432,1,0x24898fcb116b48cb2b6fd5d3b4eb599fee0f4633,30.064191,1773026339,5f9eb2927e27ae2f772b96d5dc4a08f5ef340579a2c23c49b4da38266f813ecf,99,99.00,3.07,1,4,3,0.025073,0.527977,TopoStake,pog(D=3_omega=0.50),0.97,2159,0
432,2,0x13f9dadc05f6c237b03411e2aed1800cf21a5d89,144.507394,1773026341,30dd71eade43277336e918426abd602e97a7640f760d98dafe8b21e72b24331a,219,109.50,3.53,1,5,4,0.025063,0.527990,TopoStake,pog(D=3_omega=0.50),1.48,2160,0
432,3,0xac768e60b9269babb15cb1e36ee843243d7c7543,29.735814,1773026343,b7e4b085c67d21aee8ac65c997af42373b9b8ac2475abe300d79f1ceae57e172,240,120.00,2.91,1,5,3,0.025100,0.528190,TopoStake,pog(D=3_omega=0.50),1.29,2161,0
432,4,0x016d3fc36beee7caa8fbd6c1caa42461dd7f9850,61.967102,1773026345,bbc9258616a1fa22b8a6e71b3806a09d4a46ef6c44c59491cff7bbbc60a245db,208,104.00,4.08,1,6,4,0.025089,0.528191,TopoStake,pog(D=3_omega=0.50),1.12,2162,0
433,0,0xf82400c4f426bdbd2bc687ffef1f22c1a381c851,7.038593,1773026347,d918d688f15c525fb708c1ce0eb363019b1b292bb9683038600705ed03ac4433,238,119.00,3.19,1,4,3,0.025092,0.528346,TopoStake,pog(D=3_omega=0.50),0.82,2163,0
433,1,0xc774b0fee7cabbef3b1ae14bf36db3df0d32c1df,17.161907,1773026349,dcf28c66de1ebff533cbfa6662e4c3b698aa815a832c8802c53d32102f6ebc2d,202,67.33,3.96,1,6,4,0.025073,0.527908,TopoStake,pog(D=3_omega=0.50),1.55,2164,0
433,2,0x13f9dadc05f6c237b03411e2aed1800cf21a5d89,145.508817,1773026352,2e5bc7a8b5f6bffd9e3b4faea2cbd5a82cde90f9d7fbcfc8ea9c08e1cb406759,192,96.00,3.98,1,5,4,0.025057,0.527725,TopoStake,pog(D=3_omega=0.50),1.54,2165,0
433,3,0x9c39f7fffaa5c5cfab20dfdd05663497918580c1,18.423970,1773026353,18c4e3d077148d9004b0bee461e45b5ea88834f16d3456bf1a69e924a145efad,193,96.50,2.92,1,5,3,0.025094,0.527924,TopoStake,pog(D=3_omega=0.50),1.49,2166,0
433,4,0x1796dc61e715f15a2d27dfa32bd34780f12a8c24,31.758045,1773026355,724255b9133fc8b1801461ef6fb8e7f68ea92db55be321147632bb378d0d94b0,82,82.00,4.10,2,5,4,0.025079,0.527784,TopoStake,pog(D=3_omega=0.50),1.00,2167,0
434,0,0x0d91704595bff3aec25d40822498a51c62b05e3a,34.605838,1773026357,f8277265a6f8e7930611f5c81a95a53b73fcd3427a9dc641ac38884ebaee8558,212,106.00,3.28,1,5,3,0.025069,0.527821,TopoStake,pog(D=3_omega=0.50),1.46,2168,0
434,1,0xfdc414c57908f0e2a6a926079902d4688d553610,5.145081,1773026359,e8e5bc0b462fc5e2d6d1de0dc9d59ff4f0933d643703aa03259d2cddb13b16b0,210,105.00,3.17,1,5,3,0.025061,0.527884,TopoStake,pog(D=3_omega=0.50),1.33,2169,0
434,2,0x89100a8056319ba37491b32ba255004180607bc2,43.822621,1773026361,7637bb307f49e53326a09aacbd8893dbb232fadfb8cdb672e6cf1bb5f5e68740,198,99.00,4.64,1,6,5,0.025041,0.527405,TopoStake,pog(D=3_omega=0.50),1.43,2170,0
434,3,0x13f9dadc05f6c237b03411e2aed1800cf21a5d89,146.510067,1773026363,e6c94ee299031a7bcaf9898ca1ca4ec66b738cbbe4f8ca43c88b2a08f35ae090,250,125.00,3.86,1,5,4,0.025036,0.527531,TopoStake,pog(D=3_omega=0.50),1.17,2171,0
434,4,0x50f7fa851f9314d682e36da5caa4635039b5305d,27.120243,1773026365,423b809591c091ecb7602cff94a4bc829e348dc76133d0aa675ed58a02d48809,212,106.00,3.19,2,5,3,0.025073,0.527730,TopoStake,pog(D=3_omega=0.50),0.75,2172,0
435,0,0x30509a8084fdfe6fe24d9c9a817c209ad194f8e3,95.776418,1773026368,80f21f237f7e8d4c4eaf1a15d87a122713eb098cc0658c4dfe2752db64409307,205,68.33,3.36,1,5,3,0.025062,0.527714,TopoStake,pog(D=3_omega=0.50),1.49,2173,0
435,1,0x13f9dadc05f6c237b03411e2aed1800cf21a5d89,147.511185,1773026369,4c085b8c7b637ddb3aed1ba3954b0d23c6b34ba176966c9c77cbfa296a7d2588,172,86.00,3.36,1,5,3,0.025078,0.527903,TopoStake,pog(D=3_omega=0.50),1.56,2174,0
435,2,0xcb7977f4997b4252c0152e135dd79b3cfe35c1a5,22.625799,1773026371,71aab28da9202ca73e5e5e36a28b748321f1e70eecbba82341388c37a690934c,108,108.00,2.91,1,4,3,0.025078,0.527904,TopoStake,pog(D=3_omega=0.50),1.00,2175,0
435,3,0x30509a8084fdfe6fe24d9c9a817c209ad194f8e3,96.777276,1773026373,6987240f8efddf3868cab73df7543d1660cd02d8cd189f731c755e725d499cb4,217,108.50,4.23,1,6,4,0.025065,0.527867,TopoStake,pog(D=3_omega=0.50),1.52,2176,0
435,4,0x30509a8084fdfe6fe24d9c9a817c209ad194f8e3,97.778291,1773026375,22d6f485ee4e52b9163b50ef672dc466a0cf64a71c323e0ee92147146dec348e,207,103.50,3.32,1,5,3,0.025081,0.528056,TopoStake,pog(D=3_omega=0.50),1.36,2177,0
436,0,0xc339f8bf978200eb65afce6c7121402eda949097,10.052822,1773026377,83f40b90475ccab190e282616f96e30b593f69ae8bd07bd573edd19482d96c9c,215,107.50,3.35,1,5,3,0.025098,0.528246,TopoStake,pog(D=3_omega=0.50),1.23,2178,0
436,1,0x3513d672439a59c26cc5711f2b715ccb4810a774,15.279358,1773026379,970d5fdc763465b10e96cf2abe991bd32e80f44d96c16343905c8f2e54451d16,169,84.50,4.30,1,6,4,0.025080,0.527895,TopoStake,pog(D=3_omega=0.50),1.04,2179,0
436,2,0x81193196c1dbdbf80709d43a5af5ce21c201fbd7,12.819082,1773026381,0af5e2c68733d051fb759c75490d9ca824af559467f931330cdc39c669a5643f,250,83.33,3.86,1,5,4,0.025064,0.527666,TopoStake,pog(D=3_omega=0.50),1.87,2180,0
436,3,0x07902d0371763a00d97ed9ba16ff0a206cb0fd19,177.824478,1773026384,cf4df731a0ecfac1997d7cbb2a3f009df2e432006c3e92d10aba7bd90afd862c,201,100.50,4.00,1,6,4,0.025047,0.527374,TopoStake,pog(D=3_omega=0.50),1.52,2181,0
436,4,0x30509a8084fdfe6fe24d9c9a817c209ad194f8e3,98.779432,1773026385,4143f4c7a6b602cd3dbae3848b04f4c11592b5891e9bdbe2de237c74d3ee0f1f,193,96.50,2.74,1,4,3,0.025096,0.527581,TopoStake,pog(D=3_omega=0.50),1.49,2182,0
437,0,0xf13caa2c5f6f6cf61e51290bfa7826a9140b4faf,5.011251,1773026387,86e073f1a77e58a50f4b96350cb40a3c0d4ddbec10ed00b828f0fa99e19c6bc7,99,99.00,3.24,1,5,3,0.025113,0.527770,TopoStake,pog(D=3_omega=0.50),1.00,2183,0
437,1,0x1d1d2c63625de70b1e5ef40056bd2deb89d7fef2,14.057244,1773026389,b5ce75172e96c035bcd94bc468fca568471849baa8deb248866c6ba31f14cb07,222,111.00,4.25,1,6,4,0.025093,0.527280,TopoStake,pog(D=3_omega=0.50),1.52,2184,0
437,2,0x13f9dadc05f6c237b03411e2aed1800cf21a5d89,147.511618,1773026391,a26694f5a99f0b3423ccb3d7dcd9efd95453482aef9eedc6c87d81d8b4208698,193,96.50,3.55,1,5,4,0.025076,0.527014,TopoStake,pog(D=3_omega=0.50),1.37,2185,0
437,3,0x719361397abe003a91af76243e5f9c7a0cd4279f,72.625831,1773026393,b2103123dad74d28648c1daac91af42d7b5fb2b079bef89a067efeff07844f86,250,125.00,2.96,2,5,3,0.025112,0.527212,TopoStake,pog(D=3_omega=0.50),0.99,2186,0
437,4,0xfdc414c57908f0e2a6a926079902d4688d553610,6.145428,1773026395,36c3741308b9d9941ebcc612f6362f9beb77af18b9b2bbf843829b4282cadfb3,212,106.00,3.80,1,5,4,0.025119,0.527374,TopoStake,pog(D=3_omega=0.50),0.84,2187,0
438,0,0x4414c05be2cf328f38d2e3ef4b705d6b894f044a,28.104027,1773026397,4b5cdb4b8c70ddc8549b3d000d9838d4de67bb233a11fac3d4923d5e4d5df089,183,61.00,4.78,1,6,5,0.025099,0.526908,TopoStake,pog(D=3_omega=0.50),1.79,2188,0
438,1,0x269cdf52f97e1d9f14b7be895155a7b294f0b21d,83.828775,1773026400,620b845f12dceffd02bc6507ef3dc1cca21301743bc7def48e253a1526691064,236,118.00,4.00,1,5,4,0.025088,0.526901,TopoStake,pog(D=3_omega=0.50),1.72,2189,0
438,2,0x63f4973c0df8a5358405f396dc0673a463c48de9,43.940072,1773026402,ff312a8872c67b043580235bbb5cb1f47947e0d86aff1ca3f6dc29680d6923b1,217,108.50,3.59,1,5,4,0.025100,0.527081,TopoStake,pog(D=3_omega=0.50),1.52,2190,0
438,3,0x0d91704595bff3aec25d40822498a51c62b05e3a,35.606952,1773026404,6b49d8b33df4b0a2df3caa01d1585ffd5205aa7206c9861feb229dca6a6526b0,203,101.50,3.68,1,5,4,0.025095,0.527200,TopoStake,pog(D=3_omega=0.50),1.45,2191,0
438,4,0x075e1d95c7891e1c00414ca1aa9a7a8cf6270019,83.275361,1773026406,9065fef690d12724b611a0b529e98b3fbcb38cf1ca204cd72b85fbd35ce00986,193,96.50,3.38,1,5,3,0.025087,0.527282,TopoStake,pog(D=3_omega=0.50),1.50,2192,0
439,0,0x016d3fc36beee7caa8fbd6c1caa42461dd7f9850,62.968525,1773026408,14e0c7c48ce48d9f809044f8e7b79d2d6ccc2d41aceed6eda5b9559d65214fab,228,114.00,3.01,1,5,3,0.025098,0.527453,TopoStake,pog(D=3_omega=0.50),1.18,2193,0
439,1,0x4414c05be2cf328f38d2e3ef4b705d6b894f044a,29.105095,1773026410,bd9273f2994810e3073fddec7cfffcaaafa18f6c3f1d4d50a662e88bd335aff1,248,124.00,3.20,1,4,3,0.025100,0.527605,TopoStake,pog(D=3_omega=0.50),0.89,2194,0
439,2,0xa9105f442328d397529b8e4e9e656fa89016ff45,19.459623,1773026412,f9198f8f30c362aa40f739aae94ecefee201524e9a125ee9552b9437adc5a7de,202,67.33,3.99,1,5,4,0.025090,0.527598,TopoStake,pog(D=3_omega=0.50),1.58,2195,0
439,3,0x50f7fa851f9314d682e36da5caa4635039b5305d,28.121004,1773026415,b4c87b113698f3a4a6358dfedda490bd4042e6d12ecd5f48cf8e01fe600359b4,221,110.50,3.71,1,5,4,0.025075,0.527491,TopoStake,pog(D=3_omega=0.50),1.64,2196,0
439,4,0xdcf2130496e27a8094ab996aea4aa77788d65869,39.532029,1773026416,1cf8a0e81489a41fe570af84a92db6eff7cba02f7123814c251e4e163782beac,193,96.50,3.34,1,5,3,0.025064,0.527474,TopoStake,pog(D=3_omega=0.50),1.53,2197,0
440,0,0x719361397abe003a91af76243e5f9c7a0cd4279f,73.627000,1773026418,600e38f94e17fbf8243178ba245a8503feb24d8408fcb928416696a7a252a8f0,107,107.00,4.03,1,5,4,0.025058,0.527583,TopoStake,pog(D=3_omega=0.50),1.00,2198,0
440,1,0x28672c71695142588ed26ada6f4b18b8b6c12308,16.681923,1773026420,74f9e6fb625c70cdf0e9e551ff417bb87ce6a05e1995ddd8de6ff35c7669fa3b,199,99.50,3.81,1,5,4,0.025065,0.527744,TopoStake,pog(D=3_omega=0.50),1.54,2199,0
440,2,0x719361397abe003a91af76243e5f9c7a0cd4279f,74.627919,1773026422,a9931ea8e63b47b9ea94f0d1850eadc71d23884b3478dd1cc02feaf5604b3494,241,120.50,3.56,1,5,4,0.025050,0.527550,TopoStake,pog(D=3_omega=0.50),1.40,2200,0
440,3,0x9bdb1c7ad4bd8fe797b07c08117c74a591dbab2d,10.422914,1773026424,44557810bded12ba050b30483fc4c712841b2229d46af2644cf6e596122d2289,200,100.00,3.69,1,5,4,0.025057,0.527711,TopoStake,pog(D=3_omega=0.50),1.09,2201,0
440,4,0x30509a8084fdfe6fe24d9c9a817c209ad194f8e3,99.780334,1773026426,270129b46d72fb33a5e18e4cb97ea8c9fb28ec122c85d9da4425c34fbfeca369,250,125.00,3.79,1,5,4,0.025039,0.527365,TopoStake,pog(D=3_omega=0.50),1.03,2202,0
441,0,0x269cdf52f97e1d9f14b7be895155a7b294f0b21d,84.829960,1773026428,6703aca96170967729d57877ba3095fcf876d2ed9d6f16768aaef87b67a8dbf8,186,62.00,3.38,1,5,3,0.025056,0.527552,TopoStake,pog(D=3_omega=0.50),1.63,2203,0
441,1,0x016d3fc36beee7caa8fbd6c1caa42461dd7f9850,63.969855,1773026431,042dbc29e889b05e50bb66ecfd2b1c42e2cf096933be50f869afb7b3dc6c0589,211,105.50,3.61,1,5,4,0.025067,0.527731,TopoStake,pog(D=3_omega=0.50),1.48,2204,0
441,2,0xb2a7fe70a6f3137d38f6cb4c3ec6dd1e24f2d5f4,22.416684,1773026433,2d235d79cfda25f90ebd60961dd273d36ad398a46408bdae8f7d88778b645db0,188,94.00,3.07,2,4,3,0.025070,0.527883,TopoStake,pog(D=3_omega=0.50),1.47,2205,0
441,3,0xb7b4ee0a72bc410bf6d32b9cd3f3e11fc756d6f1,11.068086,1773026435,c5925c6fd5e26fd1fc9e49ca49d37fb8e2e1b9c2947ca03eb9edec073fb9db28,190,95.00,4.16,1,6,4,0.025057,0.527835,TopoStake,pog(D=3_omega=0.50),1.53,2206,0
441,4,0x49b57eb4dace37c8819daf079c9c674f766d4f38,19.226670,1773026437,638f76dba90e63988e1e677c61ba9a503a21821bb3a04b0e45103f9b0b315b15,196,98.00,3.90,1,6,4,0.025040,0.527503,TopoStake,pog(D=3_omega=0.50),1.46,2207,0
442,0,0x30509a8084fdfe6fe24d9c9a817c209ad194f8e3,100.781342,1773026439,486ecd4efcc1459c46941a5dda43b051ceddda503c4e745cc9710589d84e6449,161,80.50,3.88,1,5,4,0.025025,0.527382,TopoStake,pog(D=3_omega=0.50),1.42,2208,0
442,1,0x377eaef292051bbf8ada05b2af76a3f3b9d722a7,12.038724,1773026441,2bcababa4f51a151a98624133021ea36b4057f1f312995e4f62b98899e84bfec,243,121.50,3.39,1,5,3,0.025043,0.527570,TopoStake,pog(D=3_omega=0.50),1.02,2209,0
442,2,0xa5a12d96532497871d73549e55ab377e3dcb3a40,5.076102,1773026443,254202d28a5cb00625717e596cdde06fc3c76d4295527acd9ea0a488b1d86ddb,238,119.00,3.57,1,5,4,0.025025,0.527253,TopoStake,pog(D=3_omega=0.50),0.66,2210,0
442,3,0x07902d0371763a00d97ed9ba16ff0a206cb0fd19,178.827637,1773026445,55cf125dde8717ca57c94ac5e8f8609c4f0539eda80526563972690d01af8f8e,204,68.00,4.20,2,6,4,0.025006,0.526764,TopoStake,pog(D=3_omega=0.50),1.54,2211,0
442,4,0x13f9dadc05f6c237b03411e2aed1800cf21a5d89,148.514384,1773026448,36c0255a92b9a62badd77c34521c6b64b9a4c56e862a1b6305e69308d28d9495,194,97.00,2.82,1,4,3,0.025053,0.526968,TopoStake,pog(D=3_omega=0.50),1.62,2212,0
443,0,0xeb82a21cb3d0dd781eb22ad74bb7cd9b4d2a06ec,22.920952,1773026449,14f489f150d31bac340b234862d070a733e0639194e7b945f034c2884cbf3866,186,93.00,3.03,1,5,3,0.025089,0.527164,TopoStake,pog(D=3_omega=0.50),1.52,2213,0
443,1,0x71f297f96355f349d66f0e9b681e7d4e11224660,16.162343,1773026451,137fa261d0f18cc14a1ee7f8d5fed712d433ccd071e503122c60fb9bea5aa66b,101,101.00,4.12,1,6,4,0.025076,0.527120,TopoStake,pog(D=3_omega=0.50),1.00,2214,0
443,2,0xa7e4d4d949807065ebf85adc1be8c382c7236c15,21.213138,1773026453,aea0465c5c9524eafddaf3f7903f5a082ccb6192f2278652336ad5221ff9fa78,209,104.50,3.91,1,5,4,0.025060,0.526915,TopoStake,pog(D=3_omega=0.50),1.50,2215,0
443,3,0x269cdf52f97e1d9f14b7be895155a7b294f0b21d,85.831133,1773026455,9e26692db77d14eff2b353395493efb51eed89d1dbe90d273909aecddc7e9fda,246,123.00,3.85,1,6,4,0.025047,0.526845,TopoStake,pog(D=3_omega=0.50),1.40,2216,0
443,4,0x687bf2437a044a3e42ff2f8a79a8e54ba9601f70,13.049984,1773026457,6867368d2bc129ee11971dab8eab7616760a911385317c7a7307c3ce07caee59,235,117.50,3.60,1,5,4,0.025058,0.527023,TopoStake,pog(D=3_omega=0.50),1.10,2217,0
444,0,0x311eb133eb413ac3f21249889bb101e5d40820ce,1.096832,1773026459,11567973d775a4ebdc46966e99605ed96cf7311aa2fde4b1bb222107d7c012a5,215,107.50,3.85,1,5,4,0.025041,0.526735,TopoStake,pog(D=3_omega=0.50),0.88,2218,0
444,1,0x13f9dadc05f6c237b03411e2aed1800cf21a5d89,149.515501,1773026462,01c87f3abb74e10052fe653efd32ff9a56de813a65801578282e73e4c5aafc86,220,73.33,3.64,1,5,4,0.025041,0.526735,TopoStake,pog(D=3_omega=0.50),1.69,2219,0
444,2,0x719361397abe003a91af76243e5f9c7a0cd4279f,75.629001,1773026463,72b11a07dd40f59064779d5fe904689c4dc6cbc619c9407a23d1a0eec6ace78e,168,84.00,3.04,1,5,3,0.025041,0.526736,TopoStake,pog(D=3_omega=0.50),1.51,2220,0
444,3,0x269cdf52f97e1d9f14b7be895155a7b294f0b21d,86.832290,1773026465,62525406d59e531130d085e063fde8d2a03fa9d2ac768801efe338f9dcc3b6bb,110,110.00,3.85,2,5,4,0.025049,0.526896,TopoStake,pog(D=3_omega=0.50),1.00,2221,0
444,4,0x30405867b72597aaeb27803bb2c7f3f5fc7d5384,18.512859,1773026467,02fc71e48c790299bd5a7abf3b66780bd8387a36a0ea090202a1e9d42e72f340,213,106.50,3.66,1,5,4,0.025061,0.527073,TopoStake,pog(D=3_omega=0.50),1.46,2222,0
445,0,0x81d019380961f92c2031b0a7fba69f7675145088,22.492426,1773026469,20b7fde0ae38f1eb48caefd309718843f500f6abb701da5327e7568cf3c67ebd,209,104.50,3.46,1,4,4,0.025046,0.526929,TopoStake,pog(D=3_omega=0.50),1.44,2223,0
445,1,0x07902d0371763a00d97ed9ba16ff0a206cb0fd19,179.829326,1773026471,e41d1cb961b0ac52d7fe87b1c1451bd8867265fa375fc9acd011462c5d871e14,242,121.00,3.56,1,5,4,0.025033,0.526870,TopoStake,pog(D=3_omega=0.50),1.24,2224,0
445,2,0x53be6e527cc5a7d850b5eae27b9cef342e0665f2,18.043158,1773026473,bc00708bbaa28e40a74eaa46b0fc777bdc97005bdf6ddc01c5a275da6bdd9ae9,227,113.50,2.82,1,4,3,0.025080,0.527073,TopoStake,pog(D=3_omega=0.50),0.89,2225,0
445,3,0x07902d0371763a00d97ed9ba16ff0a206cb0fd19,180.830522,1773026475,42b694257b85d5fd2f2786b4277b0ad867e3645403b63b771c07206435eb9516,193,64.33,3.48,2,5,4,0.025065,0.526914,TopoStake,pog(D=3_omega=0.50),1.48,2226,0
445,4,0x30405867b72597aaeb27803bb2c7f3f5fc7d5384,19.513859,1773026478,6491247acade611b8e3e8e7ceb902640fe80f06a0e50fc9064503b07d1676e17,180,90.00,2.83,2,4,3,0.025113,0.527118,TopoStake,pog(D=3_omega=0.50),1.48,2227,0
446,0,0x07902d0371763a00d97ed9ba16ff0a206cb0fd19,181.831448,1773026480,43d565e9f5fcc3937f11bb8c0c8cbe5c1f2dd10714ce7eff58c9af4148ddb906,200,100.00,3.58,1,5,4,0.025099,0.526998,TopoStake,pog(D=3_omega=0.50),1.49,2228,0
446,1,0x63f4973c0df8a5358405f396dc0673a463c48de9,44.940989,1773026482,bd99c83f346e3a815ad3c152bd6a352c64333e78d4b7cc6e771c02f94c013d62,222,111.00,2.75,1,4,3,0.025147,0.527202,TopoStake,pog(D=3_omega=0.50),1.49,2229,0
446,2,0x016d3fc36beee7caa8fbd6c1caa42461dd7f9850,64.971032,1773026484,c9b8c208be2d56b4cdab1311e8e279430b5eeb8c53138ebf315521ddb6e412d3,183,91.50,3.55,1,5,4,0.025142,0.527326,TopoStake,pog(D=3_omega=0.50),1.45,2230,0
446,3,0x5cd626f4b83428b146919d30f4b3e481d259a9dc,2.036750,1773026486,55236ae98928ea42fdcf6d54b80ed8e835db85e4ed4dadd31f3ff26cf01456a6,250,125.00,3.07,1,4,3,0.025145,0.527477,TopoStake,pog(D=3_omega=0.50),1.17,2231,0
446,4,0xd39dbd3662315e3935ec08e6b6028e73b3c09de2,34.932751,1773026488,9f1a528ba542a075a7ced3209e15567b80078bb7f26bcf22c2828e0c9aa4c80c,203,101.50,3.98,1,6,4,0.025124,0.526916,TopoStake,pog(D=3_omega=0.50),1.03,2232,0
447,0,0x6414c6a8400ff3419cd81855d09de2848d770e0e,5.124199,1773026490,8297d130e159f1c5940ba4aadaf478b4cdc468f4a2315f1295867635e0ca979b,186,93.00,4.32,1,6,4,0.025116,0.526980,TopoStake,pog(D=3_omega=0.50),0.86,2233,0
447,1,0xa9105f442328d397529b8e4e9e656fa89016ff45,20.460336,1773026493,de9eb13bbf5c12ae803ff6ca1e75e1c478b7fd2e688d6f37b263cc625f7e05d2,249,83.00,3.95,1,5,4,0.025096,0.526489,TopoStake,pog(D=3_omega=0.50),1.77,2234,0
447,2,0x6064b9f5883bf9737dfe314ff68c56e09e68ac89,55.239374,1773026494,c1ff8d88e1484ed80839216cb8f352f240192c3a0f46ffb6f4974d41240b9061,88,44.00,3.62,1,5,4,0.025082,0.526399,TopoStake,pog(D=3_omega=0.50),1.02,2235,0
447,3,0xac768e60b9269babb15cb1e36ee843243d7c7543,30.736191,1773026496,c1741abea4254ccfc70a9bb7503f8f6dd7af0d5fa3713cfe4c1ab9a41dd71132,108,108.00,3.84,1,5,4,0.025081,0.526541,TopoStake,pog(D=3_omega=0.50),1.00,2236,0
447,4,0xcdc82b7c868072205a399d0f68e6e3ad3bfd1ca6,9.180757,1773026498,423a04e7390fd53d0b15f45d6c77d5446298db4565b076fa27d467b6c62fb2f3,211,105.50,3.99,1,6,4,0.025072,0.526563,TopoStake,pog(D=3_omega=0.50),1.47,2237,0
448,0,0xe478b1e4d1538274c0c70cbd7df877f9abab2f62,19.292250,1773026500,442ab04ccc05ef04e49e5fa2f105fccff80c6f5f355a4f2496f180de77484a5a,207,103.50,3.52,1,5,4,0.025053,0.526208,TopoStake,pog(D=3_omega=0.50),1.44,2238,0
448,1,0x07902d0371763a00d97ed9ba16ff0a206cb0fd19,182.833157,1773026502,0959380f79af5f7f23ad68a66f4b3670d4ce60562d8a8592984fd8253f2d305a,223,111.50,3.87,1,5,4,0.025039,0.526074,TopoStake,pog(D=3_omega=0.50),1.37,2239,0
448,2,0xdcf2130496e27a8094ab996aea4aa77788d65869,40.532204,1773026504,f053810038b88dd60422c46e12a5df25d27ae649b68fae483f5e01f3cdf1baaa,250,125.00,2.72,1,4,3,0.025087,0.526277,TopoStake,pog(D=3_omega=0.50),0.89,2240,0
448,3,0x016d3fc36beee7caa8fbd6c1caa42461dd7f9850,65.972343,1773026506,3d0929183eded6074966a487b5789a474a7dcd1f218408c559bdd64d181b13e1,200,100.00,3.88,1,5,4,0.025081,0.526383,TopoStake,pog(D=3_omega=0.50),0.69,2241,0
448,4,0x282f43759e22b50aa7989261c51c367f325c3f91,15.337777,1773026509,f5e900502ce20da524151c1ad2876a778ef64f76c5e467632985db6c24d63a15,175,58.33,3.10,1,4,3,0.025084,0.526534,TopoStake,pog(D=3_omega=0.50),1.53,2242,0
449,0,0x075e1d95c7891e1c00414ca1aa9a7a8cf6270019,84.278089,1773026510,7b1acb9ad5cb94831fab0997fb34f5bb8767a2915903c0422bc50afebbe62800,192,96.00,3.87,1,5,4,0.025084,0.526534,TopoStake,pog(D=3_omega=0.50),1.52,2243,0
449,1,0x016d3fc36beee7caa8fbd6c1caa42461dd7f9850,66.973156,1773026512,5fbda9040f00d5f97e9bf2074797ee33aea980e61c960dcae6aac70e2568380f,111,111.00,3.05,1,4,3,0.025094,0.526701,TopoStake,pog(D=3_omega=0.50),0.98,2244,0
449,2,0xd1cd4b808ce6b2841ad42746b64c5a047e857ef0,35.262536,1773026514,6c4593cd2214d6947f6cf22066b0aa77a923615d8e306766fd340d7ac068ce75,186,93.00,3.03,1,4,3,0.025098,0.526851,TopoStake,pog(D=3_omega=0.50),1.39,2245,0
449,3,0x269cdf52f97e1d9f14b7be895155a7b294f0b21d,87.833580,1773026516,5cab0bfb3e6a84d2193d9a83cb91df155fd04ab2a589c30d2030e3088d3b8fe1,223,111.50,3.91,1,6,4,0.025090,0.526916,TopoStake,pog(D=3_omega=0.50),1.50,2246,0
449,4,0xaadc5fea232580cb8fba739ac5d05a48559c7e52,21.351039,1773026518,247c9fdfd9b24d331252a529364fae55d30fd3b9fa4770cc35e5f5175fa70672,250,125.00,3.56,1,5,4,0.025101,0.527091,TopoStake,pog(D=3_omega=0.50),1.35,2247,0
450,0,0x269cdf52f97e1d9f14b7be895155a7b294f0b21d,88.834818,1773026520,f6cbfd61909983643bb62938ce250d24c68b8d947880573c27a50d2b2d136bbb,225,112.50,4.16,1,6,4,0.025088,0.527015,TopoStake,pog(D=3_omega=0.50),1.11,2248,0
450,1,0xa3786e459f289a76c0e8af8ad834e3d0c6d47199,30.737749,1773026522,541d40fd90aa4e80e9a6e780573b3986e12584c4f140d22d1c8deb86b23bf52f,244,81.33,3.66,1,5,4,0.025100,0.527191,TopoStake,pog(D=3_omega=0.50),1.78,2249,0
450,2,0x30405867b72597aaeb27803bb2c7f3f5fc7d5384,20.514563,1773026525,31943648101c71c248bb4b387146a4c19b3a3a618c616fbf779a576a245556a0,189,94.50,4.28,1,6,4,0.025090,0.527203,TopoStake,pog(D=3_omega=0.50),1.51,2250,0
450,3,0x49b57eb4dace37c8819daf079c9c674f766d4f38,20.226911,1773026526,4cd92f756ec2204ac365952a0039fdd453633427f49ba0cf7678592c2b04115b,199,99.50,3.52,1,5,4,0.025076,0.527106,TopoStake,pog(D=3_omega=0.50),1.49,2251,0
450,4,0xa068e3c9a21c8d8be636cd2d285895979ec3262e,34.978335,1773026528,baaf8dd192bee80b267ff179ac02082e8a5e261a7c8bbcb2ea20c4be6aa5df94,97,97.00,3.79,1,5,4,0.025062,0.526995,TopoStake,pog(D=3_omega=0.50),0.98,2252,0
451,0,0x07902d0371763a00d97ed9ba16ff0a206cb0fd19,183.835251,1773026530,8295ec671747b3e0e0912af5852c2d512ebdf3c657dc379aaceb76a94a0f795a,216,108.00,4.37,1,6,4,0.025054,0.527045,TopoStake,pog(D=3_omega=0.50),1.48,2253,0
451,1,0xf6e059718dbd0a0956726ab97d06bad5efc6cd18,2.980770,1773026532,5bc23ab39ed597b8cdac3e167ad22886e764217ee2c3689e94ecc249370acb2c,234,117.00,2.73,1,4,3,0.025101,0.527247,TopoStake,pog(D=3_omega=0.50),1.27,2254,0
451,2,0xd39dbd3662315e3935ec08e6b6028e73b3c09de2,35.933319,1773026534,daaa53e205ade82ca35853be48d4fea6e4e39e23e92ca9647e0031af5752efb3,216,108.00,3.73,1,5,4,0.025081,0.526724,TopoStake,pog(D=3_omega=0.50),0.99,2255,0
451,3,0x28672c71695142588ed26ada6f4b18b8b6c12308,17.682798,1773026536,14560de7d62b1a2ce3f26336896141c97a39a8d411cacf63ec9a60004440eb50,207,103.50,4.44,1,6,5,0.025073,0.526794,TopoStake,pog(D=3_omega=0.50),1.04,2256,0
451,4,0x1796dc61e715f15a2d27dfa32bd34780f12a8c24,32.759220,1773026538,01098401a244d1ab752da99d59dca41080c38a57820edbe9e6bbced7dd774a44,250,83.33,3.70,2,5,4,0.025058,0.526621,TopoStake,pog(D=3_omega=0.50),1.89,2257,0
452,0,0x4a217e35f6402e7f62a49f6d62e27c6585c2f3fd,11.469864,1773026541,7fe86f6c47d14fcc6486507b33d5a5255b60eab3e1d23486ec0c7875e5e43809,212,106.00,3.36,1,5,3,0.025049,0.526658,TopoStake,pog(D=3_omega=0.50),1.50,2258,0
452,1,0x075e1d95c7891e1c00414ca1aa9a7a8cf6270019,85.279060,1773026542,1e74e3d9a7068cf267b492e21725168ae108b94e0b591c268c7b88818eee249d,177,88.50,3.66,1,5,4,0.025049,0.526658,TopoStake,pog(D=3_omega=0.50),1.51,2259,0
452,2,0x63f4973c0df8a5358405f396dc0673a463c48de9,45.941822,1773026544,f3443cd70c63f13f3b149ab5ea9240b62bd079cd3c81816107026458471c121c,112,112.00,3.09,1,5,3,0.025059,0.526825,TopoStake,pog(D=3_omega=0.50),0.98,2260,0
452,3,0xa447d277b02012c2afd9ddcbbe123f27cc971963,17.803246,1773026546,baeb98408c312f519ceb70e75dc98c2ade1be671470d34f5dbe797b501f1ea83,220,110.00,3.64,2,5,4,0.025055,0.526947,TopoStake,pog(D=3_omega=0.50),1.48,2261,0
452,4,0x54f496e5c1d9f95a916cf7f5b62e9c98e64a3dc5,1.001556,1773026548,46958902bf96e412eb4f3fd353ab1b777886e6330225bef9643c8d28937b2f8d,223,111.50,3.31,1,5,3,0.025040,0.526770,TopoStake,pog(D=3_omega=0.50),1.27,2262,0
453,0,0x6064b9f5883bf9737dfe314ff68c56e09e68ac89,56.239864,1773026550,a952cbf5ccceff5312a16c3a1603b58713321f2ff470ec2e0d03baf341fc3934,188,94.00,4.02,1,5,4,0.025019,0.526173,TopoStake,pog(D=3_omega=0.50),1.32,2263,0
453,1,0xbc3f8508d26048f2064aa8c068f4c94d08d77d18,16.052671,1773026552,67c3e569e5c81571fec3b7e0cc29180d4667057f32f41ee5fa162ca4fc16eff9,250,125.00,3.77,1,5,4,0.025019,0.526313,TopoStake,pog(D=3_omega=0.50),1.04,2264,0
453,2,0xc774b0fee7cabbef3b1ae14bf36db3df0d32c1df,18.161387,1773026554,33eef8d58ad54637e5443160f5b98ed46c952cd26b750c1da8fd4a94d78e9e48,212,70.67,4.27,1,6,4,0.025003,0.526102,TopoStake,pog(D=3_omega=0.50),1.75,2265,0
453,3,0x9bdb1c7ad4bd8fe797b07c08117c74a591dbab2d,11.423132,1773026557,958dd390627b83c01186b93601312d9427170cf36f07ed4c7301038e3edb244f,227,113.50,4.03,1,5,4,0.024989,0.525930,TopoStake,pog(D=3_omega=0.50),1.55,2266,0
453,4,0x50f7fa851f9314d682e36da5caa4635039b5305d,29.121491,1773026559,98cabe71e51919a49b8d12fcdf874d0e5adc37278843eea828bf53ed18296724,224,112.00,3.67,1,5,4,0.024971,0.525607,TopoStake,pog(D=3_omega=0.50),1.46,2267,0
454,0,0x52e05d9fa4faa167f30baba23c710e4f49115288,3.112598,1773026561,452894ec8c4a582933542d93c68d934f2a38ee515ff6ef8e956deee222627cef,195,97.50,3.29,1,4,3,0.024961,0.525593,TopoStake,pog(D=3_omega=0.50),1.54,2268,0
454,1,0xa068e3c9a21c8d8be636cd2d285895979ec3262e,35.979061,1773026563,e561b9731d773185d6a325ed315730edd5c4e738a04df9ac51f0384a5c25d0d6,186,93.00,3.88,1,5,4,0.024941,0.525069,TopoStake,pog(D=3_omega=0.50),1.44,2269,0
454,2,0x075e1d95c7891e1c00414ca1aa9a7a8cf6270019,86.279924,1773026565,c52b5e5b15b362a52e313cfdf10aa6244aa5e780900eec5e4084924af430b6e9,230,115.00,4.34,1,6,4,0.024933,0.525133,TopoStake,pog(D=3_omega=0.50),1.45,2270,0
454,3,0x07902d0371763a00d97ed9ba16ff0a206cb0fd19,184.837764,1773026567,322901d208b05ca5cec339bcb5a532800d8f73529215f2302991a6cb66736548,250,125.00,3.11,1,5,3,0.024944,0.525299,TopoStake,pog(D=3_omega=0.50),1.18,2271,0
454,4,0x7e40df5d801345015e84c843908efc6683665fa4,7.633383,1773026569,932a643f79e3ede8c74ad14630c5044c5d80a12a52e78c3f038bcdaca5a528c1,250,125.00,2.82,1,4,3,0.024991,0.525500,TopoStake,pog(D=3_omega=0.50),0.81,2272,0
455,0,0x9c39f7fffaa5c5cfab20dfdd05663497918580c1,19.423183,1773026571,5296ad5859b4218f9a945da9c49c09843459116341a0ab0210d168248fe837f5,216,72.00,3.38,1,5,3,0.024972,0.525096,TopoStake,pog(D=3_omega=0.50),1.59,2273,0
455,1,0xcb7977f4997b4252c0152e135dd79b3cfe35c1a5,23.625859,1773026573,86ab8101aafcb327957c2775f3f5bb92f7180ffad4499cf4ec933ac825764b2b,214,107.00,4.13,1,5,4,0.024958,0.524959,TopoStake,pog(D=3_omega=0.50),1.47,2274,0
455,2,0x8c11ec9090dd820c076e57e899d9c604c79d6b32,37.584432,1773026575,d0624f4ad4890f5f57d561207b84b14cc2728c04c817fffe600a90dee64e13ba,105,105.00,4.30,3,6,4,0.024946,0.524924,TopoStake,pog(D=3_omega=0.50),1.00,2275,0
455,3,0x28672c71695142588ed26ada6f4b18b8b6c12308,18.683785,1773026577,1ae886119234202f468d085d313b9d4a264a37cdaee05e90566afa50036f97f4,205,102.50,4.16,1,6,4,0.024938,0.525022,TopoStake,pog(D=3_omega=0.50),1.47,2276,0
455,4,0x07902d0371763a00d97ed9ba16ff0a206cb0fd19,185.839293,1773026579,edce76af8c9ed5f19219035b4efb172ddd654c596081baf61430b5358f04c1b5,231,115.50,3.58,1,5,4,0.024924,0.524862,TopoStake,pog(D=3_omega=0.50),1.48,2277,0
456,0,0x1796dc61e715f15a2d27dfa32bd34780f12a8c24,33.760376,1773026581,3631544f641739fa3cb335aa8c1eb310299751abcaa301df8135f0639ca9a18e,248,124.00,2.71,1,4,3,0.024971,0.525062,TopoStake,pog(D=3_omega=0.50),1.23,2278,0
456,1,0x8c11ec9090dd820c076e57e899d9c604c79d6b32,38.585313,1773026583,d26466d46f24594653b759217f46714938ddb92604926e106ac94bbc1ab74ab1,250,125.00,3.26,2,5,3,0.024962,0.525099,TopoStake,pog(D=3_omega=0.50),1.04,2279,0
456,2,0xaadc5fea232580cb8fba739ac5d05a48559c7e52,22.351502,1773026585,1837c7594fc991d5f7aa07d4c74f6fb87bf7d01d9adf81989d272f492c14a853,193,96.50,4.13,1,6,4,0.024955,0.525195,TopoStake,pog(D=3_omega=0.50),0.89,2280,0
456,3,0x6d6b2734a20229ddd7fd4a1470ba3e3bad4e4a85,6.615340,1773026587,317f71f50544f658fff5816e34aa7c76516c73e740300f2804071f3ba990de28,201,67.00,4.32,1,6,4,0.024942,0.525129,TopoStake,pog(D=3_omega=0.50),1.78,2281,0
456,4,0x1cb1274c711a6c2e4e1596846e6ac604eeefb358,20.410356,1773026590,7625c23a80e5208a8197a351ca66c1ed10cd69a4e3bb0f2adddda9cf161d3656,183,91.50,3.62,1,5,4,0.024924,0.524688,TopoStake,pog(D=3_omega=0.50),1.59,2282,0
457,0,0xac768e60b9269babb15cb1e36ee843243d7c7543,31.736849,1773026592,6e53a3c344f030575b1d93e4964975ab052f57222a38a759992cbab51a4caf41,197,98.50,3.53,1,5,4,0.024910,0.524576,TopoStake,pog(D=3_omega=0.50),1.51,2283,0
457,1,0x13f9dadc05f6c237b03411e2aed1800cf21a5d89,149.518980,1773026594,e715508684239ae44e7479a7280aa282c95e9b9375301c98d7b8157407d6d624,205,102.50,3.97,1,6,4,0.024901,0.524605,TopoStake,pog(D=3_omega=0.50),1.46,2284,0
457,2,0x016d3fc36beee7caa8fbd6c1caa42461dd7f9850,67.974537,1773026596,1564cb938e714d806f2d8bea9703a6a76d6b5ae39d333f177a65c8147fa70299,215,107.50,3.05,1,5,3,0.024934,0.524796,TopoStake,pog(D=3_omega=0.50),1.47,2285,0
457,3,0x8c11ec9090dd820c076e57e899d9c604c79d6b32,39.586195,1773026598,92dfcae0939911ebf6cb42cafa5b3233475cf82b68fe721260de0f33ca258a1b,228,114.00,3.08,1,4,3,0.024938,0.524944,TopoStake,pog(D=3_omega=0.50),1.29,2286,0
457,4,0x8c11ec9090dd820c076e57e899d9c604c79d6b32,40.587003,1773026600,dd88bc9a81ab75591759f035f5137d0509ae5f3f4a2842ac17baab6e35323424,186,93.00,4.20,1,6,4,0.024931,0.525041,TopoStake,pog(D=3_omega=0.50),1.28,2287,0
458,0,0x075e1d95c7891e1c00414ca1aa9a7a8cf6270019,87.281718,1773026602,c9476348892f49de8f96c5fe3f089df1cfedf30d0f2e8abeec2b28c49013b9d4,234,117.00,4.24,1,6,4,0.024925,0.525138,TopoStake,pog(D=3_omega=0.50),1.14,2288,0
458,1,0x269cdf52f97e1d9f14b7be895155a7b294f0b21d,89.836391,1773026604,4b3b0d429869a93fa94afc7ba7de294c00e55adbc74b035bb716e1ae5569c547,250,83.33,3.27,1,5,3,0.024936,0.525302,TopoStake,pog(D=3_omega=0.50),1.74,2289,0
458,2,0xd39dbd3662315e3935ec08e6b6028e73b3c09de2,36.933858,1773026607,d02f837307ad4dbb98957b143b34d1e3e856a24ca319dface52a1c60fb0bde11,193,96.50,3.61,1,5,4,0.024947,0.525476,TopoStake,pog(D=3_omega=0.50),1.53,2290,0
458,3,0x30509a8084fdfe6fe24d9c9a817c209ad194f8e3,101.784615,1773026608,9518bbe99dff1e2fb326aa0141ea31bda4b1801e09f02b6833aa9205b5ff007c,204,102.00,4.46,1,6,5,0.024940,0.525558,TopoStake,pog(D=3_omega=0.50),1.45,2291,0
458,4,0x30509a8084fdfe6fe24d9c9a817c209ad194f8e3,102.785050,1773026610,28e608df8a3170c89fa09bd8b5d45c28a313c5fb073319e6e2b55b4360715e35,95,95.00,3.37,1,5,3,0.024956,0.525740,TopoStake,pog(D=3_omega=0.50),0.99,2292,0
459,0,0xea287b266dbe2c2d402fd91814bcfc4c95d6b0fd,13.149745,1773026612,ff447e0e4e0ac7680526ee5880f361cf7b987f6ecfffbd1225696d7d047170ae,180,90.00,3.37,1,5,3,0.024972,0.525921,TopoStake,pog(D=3_omega=0.50),1.43,2293,0
459,1,0x8c11ec9090dd820c076e57e899d9c604c79d6b32,41.587969,1773026614,0945b0309f79a57cb6a078d9c6c4ac09c8952fdc7c9346b837125923e4a3f110,214,107.00,3.83,1,6,4,0.024956,0.525637,TopoStake,pog(D=3_omega=0.50),1.44,2294,0
459,2,0x377eaef292051bbf8ada05b2af76a3f3b9d722a7,13.038919,1773026616,1b4f3ae6cdf3c138525b6e62ee42e13ea88296b5d21ffad91eff20ed3b96b8a1,219,109.50,4.16,2,6,4,0.024950,0.525742,TopoStake,pog(D=3_omega=0.50),1.37,2295,0
459,3,0xd61b00c297972877b45f8d7f4d67fdaf20c67c59,14.314017,1773026618,8c732de93f0afa23ca11a7764e9a245bd7b980ca496a3a7fb4ba1e75f3c68298,250,125.00,3.59,1,5,4,0.024933,0.525447,TopoStake,pog(D=3_omega=0.50),0.95,2296,0
459,4,0xa3786e459f289a76c0e8af8ad834e3d0c6d47199,31.738160,1773026620,7edcee71c99a06d5072d5b17c204a63d19b0df1986baef90e490bbd2fcc80dda,183,61.00,4.42,1,6,5,0.024917,0.525193,TopoStake,pog(D=3_omega=0.50),1.58,2297,0
460,0,0xc339f8bf978200eb65afce6c7121402eda949097,11.051608,1773026623,7a06f1eee3bd7a4b8c1bbcba7b67412c8f7add51b958e72ed6ee38960fb31459,213,106.50,4.23,1,6,4,0.024908,0.525212,TopoStake,pog(D=4_omega=0.50),1.64,2298,0
460,1,0x07902d0371763a00d97ed9ba16ff0a206cb0fd19,186.841927,1773026625,02205c47dd2a3bf02a88c62faccc632bd44720c4aeb9b59b7f60568231f8317e,194,97.00,4.29,1,6,4,0.024891,0.524880,TopoStake,pog(D=4_omega=0.50),1.45,2299,0
460,2,0xa9105f442328d397529b8e4e9e656fa89016ff45,21.459856,1773026627,e8f8ad6e02488f0e69a8d9f8a584f2832d7fd817c36177b2f83b9a21b9576934,184,92.00,2.74,1,4,3,0.024938,0.525078,TopoStake,pog(D=4_omega=0.50),1.51,2300,0
460,3,0x13f9dadc05f6c237b03411e2aed1800cf21a5d89,150.520789,1773026629,8875a4eddc27bbbe4bb137233df6e57ad2f97cade607027de0761c973caa7beb,220,110.00,3.65,1,5,4,0.024924,0.524997,TopoStake,pog(D=4_omega=0.50),1.54,2301,0
460,4,0x50f7fa851f9314d682e36da5caa4635039b5305d,30.122331,1773026631,7f85887173c156538d843e578ed41c7593973a6bb2bea88d714d8650cfb4f763,250,125.00,2.99,1,5,3,0.024958,0.525187,TopoStake,pog(D=4_omega=0.50),1.27,2302,0
461,0,0x719361397abe003a91af76243e5f9c7a0cd4279f,76.630038,1773026633,dbbecd6b27f94bb4e432bf19515daaea637b7db894fa7920b38d1cdb5775c986,236,118.00,3.25,1,5,3,0.024947,0.525181,TopoStake,pog(D=3_omega=0.50),1.02,2303,0
461,1,0x3513d672439a59c26cc5711f2b715ccb4810a774,16.279189,1773026635,40438d2842a2e5d189d00fb106035ce4515ea51150557afd0e4b42d40d8ab9d8,239,119.50,3.91,1,5,4,0.024954,0.525337,TopoStake,pog(D=3_omega=0.50),0.74,2304,0
461,2,0x13f9dadc05f6c237b03411e2aed1800cf21a5d89,151.522170,1773026638,369119ef8c425edc84a68ccf694c66bfed0d78ec639230bb0c6b705a63a9bc80,201,67.00,3.81,1,5,4,0.024939,0.525128,TopoStake,pog(D=3_omega=0.50),1.57,2305,0
461,3,0x3513d672439a59c26cc5711f2b715ccb4810a774,17.280183,1773026639,708c6f97aeed2a3b20d3bcd0d252cc7ea388c47a5a72f5c2ba11a9b5a471b4fe,232,116.00,3.12,1,5,3,0.024939,0.525128,TopoStake,pog(D=3_omega=0.50),1.50,2306,0
461,4,0x7e40df5d801345015e84c843908efc6683665fa4,8.634066,1773026641,08fe1ed1244404a33542673e6cbaef354969568ad5b7d705b025eef6e9660545,86,86.00,3.84,2,5,4,0.024924,0.524936,TopoStake,pog(D=3_omega=0.50),1.00,2307,0
462,0,0x24898fcb116b48cb2b6fd5d3b4eb599fee0f4633,31.064847,1773026643,37f12d3b77c9282ada7ad98779d7520b2d43d3a7d14148b52cfa9595fd1084ea,204,102.00,3.47,1,5,3,0.024906,0.524567,TopoStake,pog(D=3_omega=0.50),1.48,2308,0
462,1,0x30509a8084fdfe6fe24d9c9a817c209ad194f8e3,103.786139,1773026645,217c60c29a2d46688f0c90714b6735c6792fbebbf8f48ae98112548454e304e7,214,107.00,3.57,1,5,4,0.024897,0.524577,TopoStake,pog(D=3_omega=0.50),1.50,2309,0
462,2,0x07902d0371763a00d97ed9ba16ff0a206cb0fd19,187.843477,1773026647,81577576d8f6dc3a2ac909f631318db267e941487911478b63f6169360882e75,216,108.00,3.22,1,5,3,0.024913,0.524758,TopoStake,pog(D=3_omega=0.50),1.17,2310,0
462,3,0x4a217e35f6402e7f62a49f6d62e27c6585c2f3fd,11.469290,1773026649,854695a414fd3b4b3c7dcf257ab752238100af854eb09b8304cf05c290cbd382,240,120.00,2.81,1,4,3,0.024959,0.524956,TopoStake,pog(D=3_omega=0.50),0.89,2311,0
462,4,0x016d3fc36beee7caa8fbd6c1caa42461dd7f9850,68.975888,1773026651,cfa7071f63ffab47ea96738731efa0ab925e3826ded8b041985e6d73b3df5a26,202,101.00,3.67,2,5,4,0.024943,0.524627,TopoStake,pog(D=3_omega=0.50),0.53,2312,0
463,0,0x58a21eeb7ab18ba8adf1296e66a4487076e95dac,31.105842,1773026654,03c5ceeb03419cb59eb037c5fedcb04fdffb62d976107c5565d059e22c88b6b2,197,65.67,3.11,1,4,3,0.024946,0.524773,TopoStake,pog(D=3_omega=0.50),1.48,2313,0
463,1,0x8c11ec9090dd820c076e57e899d9c604c79d6b32,42.588856,1773026655,67cd857671e716d128af48b6bdd6bdcba89bd6d7e42803901daeaf2823a2b4d0,211,105.50,4.04,2,5,4,0.024946,0.524774,TopoStake,pog(D=3_omega=0.50),1.45,2314,0
463,2,0x016d3fc36beee7caa8fbd6c1caa42461dd7f9850,69.976849,1773026657,d8d15bed652e0ff2e1a69ea551548159edc3283bca089aa7dcd472906cfb1b95,92,92.00,4.25,2,6,4,0.024937,0.524777,TopoStake,pog(D=3_omega=0.50),1.00,2315,0
463,3,0x075e1d95c7891e1c00414ca1aa9a7a8cf6270019,88.283517,1773026659,949a9df1fbea0d6c08d349ffe3e4f24cc2cbedaeebec767917d104e353a0b686,215,107.50,3.17,1,4,3,0.024941,0.524923,TopoStake,pog(D=3_omega=0.50),1.45,2316,0
463,4,0xc24b36dee27726233c3bbd9e1f028f98b6b2a424,37.440250,1773026661,41fffb79f84685c52e924000f44c2803ed3dcfcda66c3d4394b669f73a5c7707,201,100.50,3.02,1,5,3,0.024951,0.525086,TopoStake,pog(D=3_omega=0.50),1.25,2317,0
464,0,0x0d91704595bff3aec25d40822498a51c62b05e3a,36.608062,1773026663,9d3635db43e1ad7f78587aff80c1f99b63c81ed50c5be2585517b5215172779a,196,98.00,3.83,1,6,4,0.024944,0.525169,TopoStake,pog(D=3_omega=0.50),1.23,2318,0
464,1,0xb2a7fe70a6f3137d38f6cb4c3ec6dd1e24f2d5f4,23.416250,1773026665,ec66a307bcc254d56af5fce08dcfcd5bee1789e1d5b6e15ab1d81c391a76e8c8,250,125.00,3.26,1,5,3,0.024936,0.525236,TopoStake,pog(D=3_omega=0.50),0.92,2319,0
464,2,0x49b57eb4dace37c8819daf079c9c674f766d4f38,21.226474,1773026667,65286b0acf1dea7981651ab698c54cef57d403e8a151023c0a8606d4a837b58f,209,69.67,4.23,1,6,4,0.024924,0.525191,TopoStake,pog(D=3_omega=0.50),1.78,2320,0
464,3,0x58a21eeb7ab18ba8adf1296e66a4487076e95dac,32.106817,1773026670,004676feedd5805336c8a13edf817ca61eb1cf7ca296ac1e5c6474fe463fa10f,231,115.50,3.90,1,6,4,0.024910,0.525097,TopoStake,pog(D=3_omega=0.50),1.64,2321,0
464,4,0x075e1d95c7891e1c00414ca1aa9a7a8cf6270019,89.284702,1773026671,4dd7863e689b21eff1409267b0527a6b398ef681ad91d9b4570861bfa4c8cb0c,172,86.00,3.99,2,5,4,0.024901,0.525114,TopoStake,pog(D=3_omega=0.50),1.53,2322,0
465,0,0x07902d0371763a00d97ed9ba16ff0a206cb0fd19,188.845403,1773026673,ea8755e7d843cac814ea3abfb9d6331f7097cbda654bb387da2f98889100ff6c,92,92.00,3.14,1,5,3,0.024912,0.525277,TopoStake,pog(D=3_omega=0.50),1.00,2323,0
465,1,0x1d1d2c63625de70b1e5ef40056bd2deb89d7fef2,15.056309,1773026675,ba9ff46f9f9ad8ceb149ff2fb839c6c316e6c7c7ea3e09c5a9a0fee8935f2549,218,109.00,2.68,1,4,3,0.024958,0.525473,TopoStake,pog(D=3_omega=0.50),1.47,2324,0
465,2,0x9c39f7fffaa5c5cfab20dfdd05663497918580c1,20.423731,1773026677,b5d2f8e3346e511a54aa4a888ca88ef5c91a70d6e4ddc60c351773ca42e2dca8,212,106.00,3.61,1,5,4,0.024942,0.525243,TopoStake,pog(D=3_omega=0.50),1.28,2325,0
465,3,0x7e40df5d801345015e84c843908efc6683665fa4,9.634838,1773026679,87945d122077f987abb1ec4c285b031d410593be5207e2ca489eb2f4ecec1b9a,190,95.00,4.03,1,5,4,0.024929,0.525123,TopoStake,pog(D=3_omega=0.50),1.34,2326,0
465,4,0xac768e60b9269babb15cb1e36ee843243d7c7543,32.737480,1773026681,60f6ca4dbe5b695520fe0a9046c04a1bc38024bbc57488f676e3547514731c0d,250,125.00,3.48,2,5,4,0.024912,0.524775,TopoStake,pog(D=3_omega=0.50),0.99,2327,0
466,0,0x377eaef292051bbf8ada05b2af76a3f3b9d722a7,14.039820,1773026683,a4b399dcf517cc2af4a1585bf2a8eb6a52b7e157e6cb7955a5bae81bd437c9ce,250,83.33,4.03,2,6,4,0.024902,0.524800,TopoStake,pog(D=3_omega=0.50),1.71,2328,0
466,1,0x13f9dadc05f6c237b03411e2aed1800cf21a5d89,151.523270,1773026686,5fe9dc853bd5333ec14c3598ff627b569b61c600a265e3a365444476b2c09f23,214,107.00,3.58,1,5,4,0.024887,0.524534,TopoStake,pog(D=3_omega=0.50),1.58,2329,0
466,2,0x26d553a2f4343b3a7dc88bbd87b3d0a25d3838d9,26.226670,1773026687,1f65f940a0578d3a40ea1f82014d7395e864082cefb02fd6ef868fdc10f58053,182,91.00,3.09,1,5,3,0.024887,0.524534,TopoStake,pog(D=3_omega=0.50),1.53,2330,0
466,3,0x377eaef292051bbf8ada05b2af76a3f3b9d722a7,15.040862,1773026689,2e82b55cc1688f5edcf2b2bf64079ff752b4449aec1287f2351c11543a09356b,98,98.00,3.69,1,5,4,0.024908,0.524699,TopoStake,pog(D=3_omega=0.50),0.99,2331,0
466,4,0x075e1d95c7891e1c00414ca1aa9a7a8cf6270019,90.285278,1773026691,72aa317d86ba5a9ad6fff9e2dbaf42cec859f2cce1c0b0357377d535803cfe69,224,112.00,3.69,1,5,4,0.024892,0.524461,TopoStake,pog(D=3_omega=0.50),1.50,2332,0
467,0,0x37cc7a82e66d4f4c2ae13b9ee895d3af1a1d7a05,18.251655,1773026693,2e730b020ce2f80e439fa40a1fc8d29021581fa8ef1216f88954a51d590bed9d,214,107.00,3.06,1,5,3,0.024904,0.524627,TopoStake,pog(D=3_omega=0.50),1.13,2333,0
467,1,0x213068cb42718d1dd6d00a6d94d62a3def0e68eb,7.345769,1773026695,e07654f01909367b9a6b25be5bfd03546bc56ae02d4d003ada19c7bce3b5cd01,217,108.50,4.04,1,6,4,0.024889,0.524451,TopoStake,pog(D=3_omega=0.50),0.96,2334,0
467,2,0x07902d0371763a00d97ed9ba16ff0a206cb0fd19,189.847165,1773026697,5e64b33c10ea8d8c3188d8b64bbcf2cd63726f239a0a9fa87bdc538eb03b3d8f,227,75.67,3.72,1,5,4,0.024871,0.524040,TopoStake,pog(D=3_omega=0.50),1.60,2335,0
467,3,0x606627477c3734932f47972f83c27cf4e3b35b4f,35.402269,1773026700,6298bd56da0c96fd84711dbef26b5f9688f329aff80db739715f30f796764132,199,99.50,2.81,1,4,3,0.024917,0.524235,TopoStake,pog(D=3_omega=0.50),1.54,2336,0
467,4,0x81d019380961f92c2031b0a7fba69f7675145088,23.492020,1773026702,1be13edb9ca9a7366c67c85b0fc195decf8709a1ccd3c4598f7a1ba6e62652fd,169,84.50,3.59,1,5,4,0.024917,0.524236,TopoStake,pog(D=3_omega=0.50),1.47,2337,0
468,0,0x0d91704595bff3aec25d40822498a51c62b05e3a,37.609376,1773026704,570a343fa6c006ded3c31be2370b28017c1acc8ce9e49e15f44f1a10abf3c824,185,92.50,3.71,1,5,4,0.024897,0.524231,TopoStake,pog(D=3_omega=0.50),1.48,2338,0
468,1,0xa7e4d4d949807065ebf85adc1be8c382c7236c15,22.212790,1773026706,6f2d39975566aeb4d05df568d937bfc6d50182089a8c3fcac39b3f7149877b58,203,101.50,3.24,1,5,3,0.024889,0.524308,TopoStake,pog(D=3_omega=0.50),1.33,2339,0
468,2,0x1d1d2c63625de70b1e5ef40056bd2deb89d7fef2,16.057065,1773026708,1d988ef7faa9cc6bca454fcc215a8d73c0880a79a4a3906b94284709557566eb,245,122.50,3.81,1,6,4,0.024876,0.524233,TopoStake,pog(D=3_omega=0.50),1.18,2340,0
468,3,0x07902d0371763a00d97ed9ba16ff0a206cb0fd19,190.848483,1773026710,4f426f02942f12675602040eee13b15a29d177158adf29a54597212bf236e82b,245,122.50,3.72,1,5,4,0.024861,0.524015,TopoStake,pog(D=3_omega=0.50),0.93,2341,0
468,4,0x13f9dadc05f6c237b03411e2aed1800cf21a5d89,152.524714,1773026712,84ca396a827eb8b6f0d49677d1e5827ba254d4f718b9f5b4a1c88b5394053f33,192,64.00,2.89,1,4,3,0.024907,0.524210,TopoStake,pog(D=3_omega=0.50),1.66,2342,0
469,0,0x408bb0bf84df50b21c53c74420987f172d4036a1,7.770684,1773026715,0f8049cd21d70a8004e5d0ae97681a87668f32f336ce7c7470219eac90194e74,209,104.50,3.09,1,5,3,0.024940,0.524397,TopoStake,pog(D=3_omega=0.50),1.51,2343,0
469,1,0x07902d0371763a00d97ed9ba16ff0a206cb0fd19,191.849550,1773026717,74d5236dcb2553fdeb4ac27512eeedfd38e0efde8cc070cb2ae4cd9f03719e1c,211,105.50,3.60,1,5,4,0.024922,0.523995,TopoStake,pog(D=3_omega=0.50),1.47,2344,0
469,2,0xfdc414c57908f0e2a6a926079902d4688d553610,7.143544,1773026719,3f843983e24b394cbad0b21fa265f18e769f37ed1534e062ae9de6acc5fcd02b,200,100.00,2.75,1,4,3,0.024968,0.524190,TopoStake,pog(D=3_omega=0.50),1.45,2345,0
469,3,0xdcf2130496e27a8094ab996aea4aa77788d65869,41.532401,1773026721,0c7af46ea05a08cbc3f0801091da2d91673107ef9540bb8ec7df32bbf97eb6b6,197,98.50,4.75,1,6,5,0.024950,0.523764,TopoStake,pog(D=3_omega=0.50),1.50,2346,0
469,4,0x6064b9f5883bf9737dfe314ff68c56e09e68ac89,57.241127,1773026723,5a7ccd4c020d1cb931e08a1f673d92f9e98bcb3f21f65c8dc257e99fbf49645e,222,111.00,3.84,1,5,4,0.024944,0.523859,TopoStake,pog(D=3_omega=0.50),1.37,2347,0
470,0,0x6d6b2734a20229ddd7fd4a1470ba3e3bad4e4a85,7.615078,1773026725,26bdab11ddef5d580f2a1f705476e2f61cda79bad9cb53dd4528d80503b597fe,245,122.50,3.68,1,5,4,0.024943,0.523995,TopoStake,pog(D=3_omega=0.50),1.06,2348,0
470,1,0x016d3fc36beee7caa8fbd6c1caa42461dd7f9850,70.978308,1773026727,1a1f843998788f7d95f260d2a7c84601ff64525f1ce96f449eb41a528e55077a,238,119.00,3.78,1,5,4,0.024925,0.523578,TopoStake,pog(D=3_omega=0.50),0.71,2349,0
470,2,0x4414c05be2cf328f38d2e3ef4b705d6b894f044a,30.104826,1773026730,ac673b673b63989bd410e67e1031cb35c740b7954209859d5a1155b9eb2d504f,217,72.33,3.14,1,4,3,0.024929,0.523723,TopoStake,pog(D=3_omega=0.50),1.49,2350,0
470,3,0x606627477c3734932f47972f83c27cf4e3b35b4f,36.403055,1773026731,dd493eb8bef682f05c67a0192cccb2d108688ac2faaf40327f482f981d3533d6,201,100.50,3.86,1,5,4,0.024919,0.523709,TopoStake,pog(D=3_omega=0.50),1.51,2351,0
470,4,0x13f9dadc05f6c237b03411e2aed1800cf21a5d89,153.526237,1773026733,2692d6d6f3d183c0c31bfc8dcc3466d64b77d2319a6983aae52a250c470b6f12,97,97.00,3.51,2,5,4,0.024911,0.523766,TopoStake,pog(D=3_omega=0.50),1.00,2352,0
471,0,0x13f9dadc05f6c237b03411e2aed1800cf21a5d89,154.527327,1773026735,0c306f01d80e537a821964c747b818f64cc00d6128c3f3208144f33d840103b4,222,111.00,2.98,1,4,3,0.024944,0.523952,TopoStake,pog(D=3_omega=0.50),1.51,2353,0
471,1,0xe478b1e4d1538274c0c70cbd7df877f9abab2f62,20.291846,1773026737,effac5e138e207c320221338f3f73af861799e0ef5fc94bca4f2d20a1f7965c2,217,108.50,2.97,1,5,3,0.024977,0.524138,TopoStake,pog(D=3_omega=0.50),1.26,2354,0
471,2,0x719361397abe003a91af76243e5f9c7a0cd4279f,77.631532,1773026739,1fa0239866fbec301ff3f438bb77802fe07490908aeeeef8885d75df235d9f93,175,87.50,3.84,1,5,4,0.024963,0.524010,TopoStake,pog(D=3_omega=0.50),1.21,2355,0
471,3,0x719361397abe003a91af76243e5f9c7a0cd4279f,78.632762,1773026741,58a428af50036c7cb05deaa0e6cbeecda077586b0059c66e6d55f706209a9357,250,125.00,3.86,1,5,4,0.024969,0.524163,TopoStake,pog(D=3_omega=0.50),1.19,2356,0
471,4,0xe478b1e4d1538274c0c70cbd7df877f9abab2f62,21.292729,1773026743,087b55a9ca16218810f48122f951370d9b1f18dab4a0dd2b5c2a7be391f55892,250,83.33,3.80,1,5,4,0.024976,0.524315,TopoStake,pog(D=3_omega=0.50),1.86,2357,0
472,0,0xb990cdf21950e6086c350175c4bc504e45858230,9.094197,1773026746,deb3a60a0ecd40072fe1a6ac20d5f46ae4b50b1f39cf371345e65a0d79c85da6,211,105.50,3.97,1,5,4,0.024963,0.524215,TopoStake,pog(D=3_omega=0.50),1.48,2358,0
472,1,0xdcf2130496e27a8094ab996aea4aa77788d65869,42.533402,1773026747,d60d5a25dc49f2da01c42e885522c50d56c9378feb49353af6b995cb384ba452,213,106.50,4.08,1,5,4,0.024963,0.524215,TopoStake,pog(D=3_omega=0.50),1.46,2359,0
472,2,0x13f9dadc05f6c237b03411e2aed1800cf21a5d89,155.528702,1773026749,3dcf398d22421be2adf4b599fb68bc5df3f5f999adce47ed9bf87ade5f1a1563,101,101.00,3.94,2,5,4,0.024940,0.523962,TopoStake,pog(D=3_omega=0.50),1.00,2360,0
472,3,0x016d3fc36beee7caa8fbd6c1caa42461dd7f9850,71.979513,1773026751,e98899af664b0dee117a12b63d840fa9d5b97c5efa9557ada7d5a81451eb0e75,179,89.50,3.08,1,4,3,0.024973,0.524148,TopoStake,pog(D=3_omega=0.50),1.40,2361,0
472,4,0x71f297f96355f349d66f0e9b681e7d4e11224660,17.161807,1773026753,9160447fe453a609ef310332b60b10ff88483b73aff2c1cfe547a7ff641a6dd9,231,115.50,3.11,2,4,3,0.024977,0.524292,TopoStake,pog(D=3_omega=0.50),1.26,2362,0
473,0,0xa3786e459f289a76c0e8af8ad834e3d0c6d47199,32.738460,1773026755,6af40635add41440f08b1530361e7e652a6737576ee1bce37bf64e51ebe29e0d,207,103.50,3.89,1,5,4,0.024962,0.524095,TopoStake,pog(D=3_omega=0.50),1.14,2363,0
473,1,0xf13caa2c5f6f6cf61e51290bfa7826a9140b4faf,6.009018,1773026757,cdd82b9e133db12603b0e2f456bb425a96b64c2a9a4204c49b71f1fb2c1ec4cb,233,116.50,4.25,2,6,4,0.024953,0.524112,TopoStake,pog(D=3_omega=0.50),0.97,2364,0
473,2,0x13f9dadc05f6c237b03411e2aed1800cf21a5d89,156.529827,1773026759,20a1e796b56b97758a03e060fecdf822db46314aa24c951e02a4a6a1b162621d,218,72.67,4.37,2,6,4,0.024934,0.523666,TopoStake,pog(D=3_omega=0.50),1.72,2365,0
473,3,0x377eaef292051bbf8ada05b2af76a3f3b9d722a7,16.041619,1773026761,cb40d0669a9c4fbf2a48d3a04c90957d1ee155117f002128e46b26d92126522b,201,100.50,3.07,1,5,3,0.024968,0.523851,TopoStake,pog(D=3_omega=0.50),1.55,2366,0
473,4,0x075e1d95c7891e1c00414ca1aa9a7a8cf6270019,91.287297,1773026763,552d280193ee310f0b6e82c510adf62b4add30e8ba03fb7da6df872f477cb6e0,111,111.00,3.74,2,5,4,0.024953,0.523627,TopoStake,pog(D=3_omega=0.50),1.00,2367,0
474,0,0x53be6e527cc5a7d850b5eae27b9cef342e0665f2,19.043213,1773026765,44810cde15ce4d31b19b50d9931c6186765f76b77010c9221cb9e7939a9b74da,195,97.50,3.13,1,5,3,0.024963,0.523795,TopoStake,pog(D=3_omega=0.50),1.50,2368,0
474,1,0x13f9dadc05f6c237b03411e2aed1800cf21a5d89,157.530883,1773026767,62e481fe0eb9584f636a67aa038cc1553e3337831eb86f1e6ada5564f077b48d,214,107.00,3.35,1,5,3,0.024949,0.523644,TopoStake,pog(D=3_omega=0.50),1.43,2369,0
474,2,0x1796dc61e715f15a2d27dfa32bd34780f12a8c24,34.761816,1773026769,5eac1b57f3620ad9cc6e990d78bc753636084d74a31912a01717a170078576c5,214,107.00,2.92,1,5,3,0.024983,0.523828,TopoStake,pog(D=3_omega=0.50),1.04,2370,0
474,3,0xbc3f8508d26048f2064aa8c068f4c94d08d77d18,17.052007,1773026771,f4f01d60a108b7981d7dec70f459af727b507a911640d6e06ccad468956919e2,218,109.00,3.32,1,5,3,0.024974,0.523864,TopoStake,pog(D=3_omega=0.50),0.80,2371,0
474,4,0xaadc5fea232580cb8fba739ac5d05a48559c7e52,23.351216,1773026773,a8b3257cdf46943d38819422baa780e3fba078599a3278dd21ecfcde6daf0323,191,95.50,4.24,1,6,4,0.024960,0.523661,TopoStake,pog(D=3_omega=0.50),0.64,2372,0
475,0,0x6064b9f5883bf9737dfe314ff68c56e09e68ac89,58.242354,1773026776,e556057dbbda6b8c91bdaa515211b42be9c698d791ea80da0df716d2a3a4685b,203,67.67,4.42,1,6,5,0.024947,0.523601,TopoStake,pog(D=3_omega=0.50),1.58,2373,0
475,1,0x7e40df5d801345015e84c843908efc6683665fa4,10.635386,1773026777,fc51dcc150dbfe09a72d7f73229579451fc37eb8b6bd113f6fb8bf5697c2e82f,203,101.50,4.00,1,5,4,0.024947,0.523736,TopoStake,pog(D=3_omega=0.50),1.50,2374,0
475,2,0xa9105f442328d397529b8e4e9e656fa89016ff45,22.460088,1773026779,6560f362b6120e01e42aa19d889a8970cf6811959c4c177cf89def7b272fd523,110,110.00,3.40,1,5,3,0.024930,0.523401,TopoStake,pog(D=3_omega=0.50),0.99,2375,0
475,3,0xa3786e459f289a76c0e8af8ad834e3d0c6d47199,33.739363,1773026781,594a3b38ba3a88d7068f7af98235f48ceb63a85510ff1fb36138f9ac2c6a87e0,209,104.50,3.72,1,5,4,0.024917,0.523324,TopoStake,pog(D=3_omega=0.50),1.46,2376,0
475,4,0xdcf2130496e27a8094ab996aea4aa77788d65869,43.533704,1773026783,cf3756a4558e109ad3716d40af55d3df4a70edb0d6907472d1f6f3289ce121ba,187,93.50,4.33,1,6,4,0.024908,0.523352,TopoStake,pog(D=3_omega=0.50),1.53,2377,0
476,0,0x13f9dadc05f6c237b03411e2aed1800cf21a5d89,158.532401,1773026785,cf6334e51352311ef87c8bf55603b925b976c0e70010561ad8618325b9015833,227,113.50,3.80,1,5,4,0.024903,0.523454,TopoStake,pog(D=3_omega=0.50),1.23,2378,0
476,1,0x50f7fa851f9314d682e36da5caa4635039b5305d,31.123402,1773026787,fbbb4b39d9023d31e0d96dadfdd29212fb7571c84bf391a1ab2e3634209d8d25,236,118.00,3.25,1,5,3,0.024936,0.523638,TopoStake,pog(D=3_omega=0.50),0.73,2379,0
476,2,0x075e1d95c7891e1c00414ca1aa9a7a8cf6270019,92.288618,1773026790,2af1b89639134297618357cd52d0de1df17a5e45282d9d4c933ea9ecda01d75c,200,66.67,3.33,1,5,3,0.024926,0.523634,TopoStake,pog(D=3_omega=0.50),1.45,2380,0
476,3,0x07902d0371763a00d97ed9ba16ff0a206cb0fd19,192.853154,1773026791,01c4dd06901f1609d0393e89e78551226983e0e666704dec5a010587ee8b50a6,199,99.50,3.11,2,5,3,0.024937,0.523801,TopoStake,pog(D=3_omega=0.50),1.50,2381,0
476,4,0x1cb1274c711a6c2e4e1596846e6ac604eeefb358,21.410468,1773026793,54353c3d53e338f3d7b94066cb62902bf59824a4385571eee34c8e54096db38b,108,108.00,2.78,2,4,3,0.024982,0.523993,TopoStake,pog(D=3_omega=0.50),1.00,2382,0
477,0,0x34d94cc0534eb50dec7956bea31407428d6d5ef8,3.049621,1773026795,4be55e9bd77e424e9f36dd079cfd8c326e9eae76a53cc86748b035081066425d,212,106.00,3.54,1,5,4,0.024969,0.523891,TopoStake,pog(D=3_omega=0.50),1.47,2383,0
477,1,0x26d553a2f4343b3a7dc88bbd87b3d0a25d3838d9,27.226628,1773026797,7ecba2a97d44819ddccb64cd59a590346d5e0f845e26b557c511adb7cea38420,235,117.50,3.68,1,5,4,0.024950,0.523383,TopoStake,pog(D=3_omega=0.50),1.43,2384,0
477,2,0x0d91704595bff3aec25d40822498a51c62b05e3a,38.610488,1773026799,d5464dcd7b711a3a2bd0c2e1e3054c3b0ebfaf3f855dec47125dd06b861df707,227,113.50,3.62,1,5,4,0.024938,0.523362,TopoStake,pog(D=3_omega=0.50),1.20,2385,0
477,3,0x4a217e35f6402e7f62a49f6d62e27c6585c2f3fd,12.469255,1773026801,8381e29843fa4728e4fd23ec8c377bb651276bd80a1aa612350568db9bf2750b,250,125.00,3.30,1,5,3,0.024931,0.523447,TopoStake,pog(D=3_omega=0.50),0.97,2386,0
477,4,0x07902d0371763a00d97ed9ba16ff0a206cb0fd19,193.854019,1773026803,5f4d9f670164b446a28a69ac979fa73f69f62d79be070fa6f104cf40ffd29411,217,72.33,3.67,1,5,4,0.024915,0.523149,TopoStake,pog(D=3_omega=0.50),1.65,2387,0
478,0,0xd61b00c297972877b45f8d7f4d67fdaf20c67c59,15.313462,1773026806,25a67573c3b26721930da7394b2fb336dd3c674a0822f6b6947747bceb7f7df8,230,115.00,2.73,1,4,3,0.024960,0.523341,TopoStake,pog(D=3_omega=0.50),1.55,2388,0
478,1,0x07902d0371763a00d97ed9ba16ff0a206cb0fd19,194.855229,1773026807,8d9f94e44e75a672629e6ee251ce49f49004c938c311ac986ef4c2f52d69defe,212,106.00,4.49,1,6,5,0.024945,0.523106,TopoStake,pog(D=3_omega=0.50),1.46,2389,0
478,2,0xa9a524611994a27dd3134d643379aa14edf7cb39,2.053647,1773026809,0e36ec62db51c4ca4abbd984fa8f9ed311fe66763e6f93de06eabe5da8ac990f,109,109.00,2.79,1,4,3,0.024990,0.523298,TopoStake,pog(D=3_omega=0.50),1.00,2390,0
478,3,0x13f9dadc05f6c237b03411e2aed1800cf21a5d89,159.534142,1773026811,ca568d1dae8ed3f1f0989003f0c95dcbdae880806e4b174c318a7eb6a605539a,183,91.50,3.77,1,5,4,0.024970,0.522767,TopoStake,pog(D=3_omega=0.50),1.42,2391,0
478,4,0x71f297f96355f349d66f0e9b681e7d4e11224660,18.162451,1773026813,f8a9a8ee4f43b8dd9351f13cf39d1abf872accb118c637af054f83ca31f11a2c,232,116.00,2.87,1,5,3,0.025004,0.522950,TopoStake,pog(D=3_omega=0.50),1.21,2392,0
479,0,0x016d3fc36beee7caa8fbd6c1caa42461dd7f9850,72.981005,1773026815,6a3368e3df20177343686fa3e6e5b6d1c3ad2ea7aaf746219c1e7b807ed40d2c,168,84.00,3.75,1,5,4,0.024990,0.522767,TopoStake,pog(D=3_omega=0.50),1.15,2393,0
479,1,0x1cb1274c711a6c2e4e1596846e6ac604eeefb358,22.411480,1773026817,224076224d3f5b787a39f5cd7c7bdb4a10023e1a275358764451334ffb3aa778,250,125.00,3.11,1,4,3,0.024994,0.522910,TopoStake,pog(D=3_omega=0.50),0.92,2394,0
479,2,0x13f9dadc05f6c237b03411e2aed1800cf21a5d89,160.535370,1773026820,2cee8fe4131ab9770d48cd33062cb812052d0048d3552390a10a6cb35bab61c0,246,82.00,3.53,1,5,4,0.024981,0.522825,TopoStake,pog(D=3_omega=0.50),1.73,2395,0
479,3,0x7e40df5d801345015e84c843908efc6683665fa4,11.635675,1773026821,a5922500b36f3739e83ce251adc1f3f4cf9f9a461fa280953be9db066b09d649,179,89.50,2.91,1,5,3,0.025014,0.523008,TopoStake,pog(D=3_omega=0.50),1.54,2396,0
479,4,0xfdc414c57908f0e2a6a926079902d4688d553610,8.143309,1773026823,89993474dad7808bfdd6ca8b487e68a5bc1bf162c9a7b870d80e347c73db88ad,114,114.00,3.37,1,5,3,0.024998,0.522687,TopoStake,pog(D=3_omega=0.50),1.00,2397,0
480,0,0x50f7fa851f9314d682e36da5caa4635039b5305d,32.124303,1773026825,37e5b61a122b65a5411370d1074fdd27bdc12f9a7d87146140006258893bde39,196,98.00,4.69,1,6,5,0.024980,0.522296,TopoStake,pog(D=3_omega=0.50),1.47,2398,0
480,1,0x07902d0371763a00d97ed9ba16ff0a206cb0fd19,195.856320,1773026827,48a93e699b1bda25149bcd39dff38ac9d75a98342357b965d3dee000d4bdfd55,227,113.50,3.29,1,5,3,0.024971,0.522300,TopoStake,pog(D=3_omega=0.50),1.44,2399,0
480,2,0x9ba702916c26a8583a7f277d6932b3c0d9927ce0,2.156817,1773026829,6ba8e88af0f3b7a87a1ababee4baaf0248e9086c25774a02f38d45b695a456e4,250,125.00,2.78,1,4,3,0.025016,0.522491,TopoStake,pog(D=3_omega=0.50),1.07,2400,0
480,3,0x9bdb1c7ad4bd8fe797b07c08117c74a591dbab2d,12.422353,1773026831,68ebd6f6c9556382b4bad609144a732a0eb02620af94b8bf37fad038ddcd9edb,220,110.00,3.66,2,5,4,0.024996,0.521958,TopoStake,pog(D=3_omega=0.50),0.71,2401,0
480,4,0x3513d672439a59c26cc5711f2b715ccb4810a774,18.279516,1773026833,35d46c7ca9a24e24de066fa542139fac35973cdac7d93174728c9c429823a1ab,217,72.33,3.70,1,5,4,0.024980,0.521652,TopoStake,pog(D=3_omega=0.50),1.54,2402,0
481,0,0x89100a8056319ba37491b32ba255004180607bc2,44.823251,1773026836,a85e037b83f10d53ad9383e3c69ae3416db5cdb3ec494fb112736912a84bd8f2,179,89.50,3.88,1,5,4,0.024966,0.521466,TopoStake,pog(D=3_omega=0.50),1.55,2403,0
481,1,0xcdfb7a191f0bf929991735127c8d1b4e5b99de22,0.001792,1773026837,c08b160c5f75656ac0b5eefd6a5e3ff5cc88b8f72d86284251bd5c7b1200ed06,202,101.00,3.94,1,5,4,0.024966,0.521467,TopoStake,pog(D=3_omega=0.50),1.47,2404,0
481,2,0x07902d0371763a00d97ed9ba16ff0a206cb0fd19,196.857840,1773026839,23f97cc7f4ecf8367797188996ae7bfcb78391b3391a0b0a755099e07b5bedc3,91,91.00,4.47,1,6,5,0.024941,0.520983,TopoStake,pog(D=3_omega=0.50),0.99,2405,0
481,3,0xf5ecb44daf07a1d1073dbc89baf04bd7541fa517,9.040303,1773026841,21244179107644ee30faeea8e67557d99031691b86f6690c7e4eab2d74c5f2b3,208,104.00,2.77,1,4,3,0.024986,0.521174,TopoStake,pog(D=3_omega=0.50),1.48,2406,0
481,4,0x81d019380961f92c2031b0a7fba69f7675145088,24.492261,1773026843,fe48e83affc54e51a26d3a32701cb4b704fadfb519a5f1b655df9a119af60d67,234,117.00,3.93,1,6,4,0.024969,0.520818,TopoStake,pog(D=3_omega=0.50),1.34,2407,0
482,0,0xb990cdf21950e6086c350175c4bc504e45858230,10.094523,1773026845,951789e881f37f73a81e61c25f7dc6f66ff07c03b351b64b5c331e73021dc835,239,119.50,3.74,1,5,4,0.024957,0.520789,TopoStake,pog(D=3_omega=0.50),1.10,2408,0
482,1,0x0d91704595bff3aec25d40822498a51c62b05e3a,39.611893,1773026847,ebe82d8a2e996471585368a0e6d0bc949a2b4dc0c483383471781e75798068b4,223,111.50,4.01,1,5,4,0.024940,0.520451,TopoStake,pog(D=3_omega=0.50),0.88,2409,0
482,2,0x016d3fc36beee7caa8fbd6c1caa42461dd7f9850,73.982351,1773026849,557fc5d0a16ab11cfea59da957c9a2340bf617f90a20e70e72e1cfc3529adf53,236,78.67,3.35,1,5,3,0.024933,0.520536,TopoStake,pog(D=3_omega=0.50),1.68,2410,0
482,3,0x37cc7a82e66d4f4c2ae13b9ee895d3af1a1d7a05,19.251676,1773026851,6990e8d6e4cac9b0ba864c35faecc8580bf04149601c66950b87e1e45ab7d5f6,203,101.50,3.14,1,4,3,0.024937,0.520679,TopoStake,pog(D=3_omega=0.50),1.47,2411,0
482,4,0xeb82a21cb3d0dd781eb22ad74bb7cd9b4d2a06ec,23.919047,1773026853,3717e98320308d589a7b8ac52cf4e84c7488007b8445079e9be75085abf724d0,92,92.00,3.93,2,6,4,0.024924,0.520531,TopoStake,pog(D=3_omega=0.50),1.00,2412,0
483,0,0x3d92e045fb1847aae132b40ebfcc471a32f687de,15.116434,1773026855,83a47c85ef89fe94f1af691c2133590021e13f4b72a0604c44a03b91d0d36ba3,209,104.50,4.09,1,6,4,0.024911,0.520481,TopoStake,pog(D=3_omega=0.50),1.47,2413,0
483,1,0x0d91704595bff3aec25d40822498a51c62b05e3a,40.613073,1773026857,bb9eaa7fd9aa2916534b5658158c362762a2322c6b8c7037102d179cd86d4ccc,191,95.50,4.02,2,5,4,0.024896,0.520240,TopoStake,pog(D=3_omega=0.50),1.48,2414,0
483,2,0xaadc5fea232580cb8fba739ac5d05a48559c7e52,24.351454,1773026859,7a45852e8df65f5dc1abd01e2f586bb7282467962d4f369b6d64050092888891,217,108.50,3.19,1,5,3,0.024890,0.520325,TopoStake,pog(D=3_omega=0.50),1.11,2415,0
483,3,0x13f9dadc05f6c237b03411e2aed1800cf21a5d89,161.537299,1773026861,2abc7538216e919cb1df52b27899ff20614e2b00f2e70b5813d76921d63cfc3d,196,98.00,4.14,1,6,4,0.024878,0.520282,TopoStake,pog(D=3_omega=0.50),0.82,2416,0
483,4,0xac768e60b9269babb15cb1e36ee843243d7c7543,33.738266,1773026863,62789d672b8ad431fc80a3cd895437f5d42e2b8b62039384bf2a9edcebea12f1,250,83.33,3.10,1,5,3,0.024911,0.520465,TopoStake,pog(D=3_omega=0.50),1.83,2417,0
484,0,0x30509a8084fdfe6fe24d9c9a817c209ad194f8e3,104.789545,1773026866,80d2808a7d24fbb5ee30fdbcb6aede2f1cdd6035d6725decb282c6a03607e6d3,221,110.50,4.04,1,6,4,0.024902,0.520485,TopoStake,pog(D=3_omega=0.50),1.65,2418,0
484,1,0x30509a8084fdfe6fe24d9c9a817c209ad194f8e3,105.790400,1773026868,de554fa68ed9471eea52f8b106b09448066ed662be248ba24bfffc0ab2ff16cf,173,86.50,3.27,1,5,3,0.024916,0.520660,TopoStake,pog(D=3_omega=0.50),1.49,2419,0
484,2,0x6064b9f5883bf9737dfe314ff68c56e09e68ac89,59.243166,1773026870,d0d21df6def128c5f80a5a8663fa5fb57ae0523406b5b8c6d7333652cf218aed,211,105.50,3.38,1,5,3,0.024931,0.520834,TopoStake,pog(D=3_omega=0.50),1.50,2420,0
484,3,0xea287b266dbe2c2d402fd91814bcfc4c95d6b0fd,14.149017,1773026872,adb1c06970f1f6de7ef24fbd1985bcd3720d301cf8464e22c4a8c6ab828e1c3c,197,98.50,3.79,1,5,4,0.024930,0.520968,TopoStake,pog(D=3_omega=0.50),1.50,2421,0
484,4,0xa447d277b02012c2afd9ddcbbe123f27cc971963,18.802512,1773026874,55fa2b6c1e8eb2456e609f5c511b03c5fe98edc447b3b9307df4add2da23a0fa,191,95.50,4.04,1,6,4,0.024915,0.520707,TopoStake,pog(D=3_omega=0.50),1.43,2422,0
485,0,0x07902d0371763a00d97ed9ba16ff0a206cb0fd19,197.860206,1773026876,44c9a6d07b53103ccc223f7f15204c164b4b07743625b98f4ca94c865603d732,231,115.50,3.44,1,5,3,0.024901,0.520533,TopoStake,pog(D=3_omega=0.50),1.05,2423,0
485,1,0xf6e059718dbd0a0956726ab97d06bad5efc6cd18,3.978532,1773026878,90cbdbfbc5e18f5f96e5aa3e697886dce943089dac795140368dccba1b5d1135,236,118.00,2.86,1,4,3,0.024946,0.520723,TopoStake,pog(D=3_omega=0.50),0.70,2424,0
485,2,0x075e1d95c7891e1c00414ca1aa9a7a8cf6270019,93.291061,1773026881,3e608370fae7716edce2ca5489ce7f894c3ffd7bf62064cbfea9101b5766a87c,205,68.33,3.70,2,5,4,0.024927,0.520241,TopoStake,pog(D=3_omega=0.50),1.54,2425,0
485,3,0xf6e059718dbd0a0956726ab97d06bad5efc6cd18,4.979533,1773026882,02c3c6338a50ae1712abef807ef4097e8e4050d7011045200cf2f7dd57cf592e,194,97.00,3.28,1,5,3,0.024938,0.520406,TopoStake,pog(D=3_omega=0.50),1.45,2426,0
485,4,0x13f9dadc05f6c237b03411e2aed1800cf21a5d89,162.539009,1773026884,ee67f6c39b96c7e4922cd4a74e60b179174f937c52742226880c40b92aadf86d,99,99.00,3.65,1,5,4,0.024919,0.519943,TopoStake,pog(D=3_omega=0.50),1.00,2427,0
486,0,0x30509a8084fdfe6fe24d9c9a817c209ad194f8e3,106.791552,1773026886,108640d6fe66e1c38d93daa53d9d29b4e8e3a074cb69fe54466c0845b0133783,198,99.00,3.04,1,5,3,0.024952,0.520125,TopoStake,pog(D=3_omega=0.50),1.43,2428,0
486,1,0x13f9dadc05f6c237b03411e2aed1800cf21a5d89,163.539987,1773026888,8bb0a8073befcdc583b882419fbb8489a8eee663edb06bc79ecd9a34de9e34d5,208,104.00,3.30,1,5,3,0.024967,0.520299,TopoStake,pog(D=3_omega=0.50),1.42,2429,0
486,2,0x53be6e527cc5a7d850b5eae27b9cef342e0665f2,20.043934,1773026890,61ea0e3d20c6c89421df1bf4afc7f4582c0feb2ea0c24664f4b19290f015f059,221,110.50,2.89,1,4,3,0.025000,0.520481,TopoStake,pog(D=3_omega=0.50),1.20,2430,0
486,3,0x016d3fc36beee7caa8fbd6c1caa42461dd7f9850,74.983605,1773026892,10f749d91a5ccb998a49f822ee82c63e7317a3b96c793fdb5cdf68e53e77378c,222,111.00,3.58,1,5,4,0.024987,0.520347,TopoStake,pog(D=3_omega=0.50),0.90,2431,0
486,4,0x269cdf52f97e1d9f14b7be895155a7b294f0b21d,90.838564,1773026894,2850c5abf2bfaf5a5709856f330e7a92edaaf5a00742d0c04bcfd96197d02b84,163,81.50,3.13,1,4,3,0.024991,0.520488,TopoStake,pog(D=3_omega=0.50),0.53,2432,0
487,0,0x28672c71695142588ed26ada6f4b18b8b6c12308,19.683251,1773026897,8059b234597168d72256a12a95186abda9b354e403f14fe64e9fda69f0c2b09b,175,58.33,3.57,1,5,4,0.025001,0.520645,TopoStake,pog(D=3_omega=0.50),1.53,2433,0
487,1,0x13f9dadc05f6c237b03411e2aed1800cf21a5d89,164.541182,1773026898,6132c0998069f38b88f80a3f4a542dddea220ee60002de6011819d4ae7bbbc59,207,103.50,3.67,2,5,4,0.025001,0.520645,TopoStake,pog(D=3_omega=0.50),1.50,2434,0
487,2,0x1cb1274c711a6c2e4e1596846e6ac604eeefb358,23.412310,1773026900,1a5529487720b4385d4f40eab20820eee7680589501ee59965c380dabce16927,107,107.00,3.04,1,4,3,0.025021,0.520680,TopoStake,pog(D=3_omega=0.50),1.00,2435,0
487,3,0xd46407aa7b668c72de3cf1c1a12b7fa2e308a1b2,20.985537,1773026902,d0aac567811c79e6273c9a974f7da4a11e6142c00cc2cfa2205ddd64ba74f538,189,94.50,3.47,1,5,4,0.025008,0.520611,TopoStake,pog(D=3_omega=0.50),1.50,2436,0
487,4,0x9c39f7fffaa5c5cfab20dfdd05663497918580c1,21.423437,1773026904,b32291cd8428587feda3a3e482398129bf276f1ae42a028b0826a41f309595ee,207,103.50,3.81,1,5,4,0.024995,0.520494,TopoStake,pog(D=3_omega=0.50),1.48,2437,0
488,0,0x1d1d2c63625de70b1e5ef40056bd2deb89d7fef2,17.056973,1773026906,2558ba3235072095786c5e6e45394161a8d75f9816949195355a8e1983c9659f,234,117.00,3.99,1,5,4,0.024982,0.520383,TopoStake,pog(D=3_omega=0.50),1.44,2438,0
488,1,0xa3786e459f289a76c0e8af8ad834e3d0c6d47199,34.739515,1773026908,96e5e5edd2b9607a659f8cff5e17c78cac78a526e2cc2b10a0631700fb0610e4,249,124.50,3.75,1,5,4,0.024968,0.520179,TopoStake,pog(D=3_omega=0.50),1.00,2439,0
488,2,0x1cb1274c711a6c2e4e1596846e6ac604eeefb358,24.413184,1773026910,b942b74653a2d60bc2873fb3a0d95114ae7470722a8ce704a8bee8d7aa6f927a,188,62.67,4.27,1,6,4,0.024959,0.520207,TopoStake,pog(D=3_omega=0.50),1.62,2440,0
488,3,0xdcf2130496e27a8094ab996aea4aa77788d65869,44.534321,1773026913,b733b4b8db76f2f8d5a191d8899bc5eb73fb0463bae6a83d2c5aade4a1531b37,205,102.50,3.49,1,5,4,0.024947,0.520158,TopoStake,pog(D=3_omega=0.50),1.56,2441,0
488,4,0x07902d0371763a00d97ed9ba16ff0a206cb0fd19,198.862686,1773026914,f052931ffe207e824813246b90be4e8f9a7e2f653eb778d67d0c8f6063911761,197,98.50,3.91,1,5,4,0.024947,0.520158,TopoStake,pog(D=3_omega=0.50),1.52,2442,0
489,0,0xe6ebb0cdfd04183d498964e5efc4096ba77b17d6,47.328373,1773026916,8d7b2b048ceebbc408b275d1ee393cc3c01b56a12737bd47d9bd03f7fdc23089,103,103.00,2.61,1,4,3,0.024986,0.520447,TopoStake,pog(D=3_omega=0.50),0.98,2443,0
489,1,0xb7b4ee0a72bc410bf6d32b9cd3f3e11fc756d6f1,12.065506,1773026918,bc22a964cd60b3f721532e9ee5bd3f9abb30a805af4b4c697437ba289bf79c12,190,95.00,4.04,1,6,4,0.024981,0.520572,TopoStake,pog(D=3_omega=0.50),1.47,2444,0
489,2,0x075e1d95c7891e1c00414ca1aa9a7a8cf6270019,94.292481,1773026920,19b5ab861d9d51ce5374b6fec1300fc459187510c599c757f5bfea8e9854b814,239,119.50,3.84,1,6,4,0.024965,0.520259,TopoStake,pog(D=3_omega=0.50),1.27,2445,0
489,3,0x28672c71695142588ed26ada6f4b18b8b6c12308,20.684194,1773026922,9b7eca82f338ed5fb37d159f2d39738747dee317e7150012f71dbe901bd8a5bd,244,122.00,3.05,1,5,3,0.024975,0.520423,TopoStake,pog(D=3_omega=0.50),0.98,2446,0
489,4,0x016d3fc36beee7caa8fbd6c1caa42461dd7f9850,75.984597,1773026924,38916df03d71f9b8b5e00aab597eadce978127d699d79d9d1263ce3675a2251e,201,100.50,3.68,1,5,4,0.024962,0.520290,TopoStake,pog(D=3_omega=0.50),0.58,2447,0
490,0,0x63f4973c0df8a5358405f396dc0673a463c48de9,46.942086,1773026927,84814748083aafcb5bbc32e00e5ee3c7a0f7d3c69885a8bfdf7a45a77086b6d8,211,70.33,3.11,1,4,3,0.024967,0.520430,TopoStake,pog(D=3_omega=0.50),1.49,2448,0
490,1,0x13f9dadc05f6c237b03411e2aed1800cf21a5d89,165.542440,1773026928,facbf23819ed7d6f76a55c543cc892af2fed283c53c88322ef56ce1ea7526c23,203,101.50,3.53,1,5,4,0.024962,0.520546,TopoStake,pog(D=3_omega=0.50),1.56,2449,0
490,2,0x34d94cc0534eb50dec7956bea31407428d6d5ef8,4.049588,1773026930,9953c6b0e6519f999d738f77c189f52c9216c563f6324ce7d36552be4ba205d6,89,89.00,2.98,1,5,3,0.024995,0.520727,TopoStake,pog(D=3_omega=0.50),0.97,2450,0
490,3,0x282f43759e22b50aa7989261c51c367f325c3f91,15.335246,1773026932,19a024fb0a4d1e4de8f8b54b7e6e8e874b80645860850af5cb50340235dd7804,174,87.00,3.68,1,5,4,0.024977,0.520242,TopoStake,pog(D=3_omega=0.50),1.45,2451,0
490,4,0x13f9dadc05f6c237b03411e2aed1800cf21a5d89,166.542899,1773026934,6e18fd07b194e6a57dafbf0031e82abfff0f4d1614c4d7c490e26e7b98648de9,203,101.50,3.96,1,5,4,0.024962,0.520001,TopoStake,pog(D=3_omega=0.50),1.44,2452,0
491,0,0x63f4973c0df8a5358405f396dc0673a463c48de9,47.943119,1773026936,4b99a49acbf7b4183c5293d568e60e363c91b0f0e44946ea5a626565a73e37ef,250,125.00,2.92,1,4,3,0.024995,0.520181,TopoStake,pog(D=3_omega=0.50),1.09,2453,0
491,1,0xa3786e459f289a76c0e8af8ad834e3d0c6d47199,35.740127,1773026938,6352e62a3a551884fbf914233ace6c8a6091fbea2a693f461372bd5bf647e4f9,240,120.00,3.55,2,5,4,0.024991,0.520302,TopoStake,pog(D=3_omega=0.50),0.78,2454,0
491,2,0x53be6e527cc5a7d850b5eae27b9cef342e0665f2,21.044603,1773026940,2720ec8b75488860e8f9e6b8776d8574e84d7eb3c98535d443722dc1ecc4f747,208,69.33,4.28,1,6,4,0.024982,0.520342,TopoStake,pog(D=3_omega=0.50),1.62,2455,0
491,3,0x075e1d95c7891e1c00414ca1aa9a7a8cf6270019,95.293941,1773026943,78cae60d68f05a4196a970242a620e62def819975ec456ff964985502b7d78ca,199,99.50,3.50,1,5,4,0.024969,0.520210,TopoStake,pog(D=3_omega=0.50),1.61,2456,0
491,4,0x81d019380961f92c2031b0a7fba69f7675145088,25.492757,1773026945,1dfbeb565947921ef8a52870a51a03602f05dde96da73aaead07fd3c58ea1012,205,102.50,3.10,1,5,3,0.024969,0.520211,TopoStake,pog(D=3_omega=0.50),1.46,2457,0
492,0,0x687bf2437a044a3e42ff2f8a79a8e54ba9601f70,14.047726,1773026947,fbaf47a3ed91e173ef5a50d7999778475997b7cffb755b0fbcab91a0393df1d6,198,99.00,3.64,1,5,4,0.024958,0.520183,TopoStake,pog(D=3_omega=0.50),1.45,2458,0
492,1,0x0d91704595bff3aec25d40822498a51c62b05e3a,41.614280,1773026949,fdbe22255a8cf6d72bb174da0502c3c90b9250f0d9c40ef81c58b884f871f978,201,100.50,3.85,1,5,4,0.024942,0.519918,TopoStake,pog(D=3_omega=0.50),1.44,2459,0
492,2,0x075e1d95c7891e1c00414ca1aa9a7a8cf6270019,95.293966,1773026951,f8dab612568a246f37632c97541b017a4c8002bd56513b4f5f952ed67fbfde19,250,125.00,3.09,1,5,3,0.024936,0.520002,TopoStake,pog(D=3_omega=0.50),1.14,2460,0
492,3,0x016d3fc36beee7caa8fbd6c1caa42461dd7f9850,76.985695,1773026953,e69279d79b3d23c29fa6ad1d66e9507cc2f2279383fb4897fcfb633b6d0035ba,214,107.00,3.08,1,5,3,0.024946,0.520166,TopoStake,pog(D=3_omega=0.50),0.80,2461,0
492,4,0x606627477c3734932f47972f83c27cf4e3b35b4f,37.402814,1773026956,e166a77978476aba31293bce9d6749e5da704d9e0428f860b49246f7c7f37afc,207,69.00,3.18,1,4,3,0.024951,0.520305,TopoStake,pog(D=3_omega=0.50),1.50,2462,0
493,0,0x37cc7a82e66d4f4c2ae13b9ee895d3af1a1d7a05,20.251479,1773026957,b4fccbd60faf7773660651665cd4c083d7f02a151b8ae1f2e57a709ea969c00b,207,103.50,3.70,2,5,4,0.024943,0.520369,TopoStake,pog(D=3_omega=0.50),1.54,2463,0
493,1,0x075e1d95c7891e1c00414ca1aa9a7a8cf6270019,96.295056,1773026959,fb435015f6974109566f27a65201119b6b0964d22d5bd75bd795ffe769985a47,95,95.00,4.00,1,5,4,0.024930,0.520222,TopoStake,pog(D=3_omega=0.50),1.00,2464,0
493,2,0x26d553a2f4343b3a7dc88bbd87b3d0a25d3838d9,28.227028,1773026961,11dbb047f169b9840e2c24f8f4824e4a0d51aeec2bab178cd4b765d2082afa4f,192,96.00,3.18,1,5,3,0.024941,0.520386,TopoStake,pog(D=3_omega=0.50),1.43,2465,0
493,3,0x28672c71695142588ed26ada6f4b18b8b6c12308,21.685057,1773026963,a51c81d2cbd31f5b192adac270d0c6b4f41f91f4409992e4a24a192d4927f278,175,87.50,3.79,1,5,4,0.024930,0.520366,TopoStake,pog(D=3_omega=0.50),1.44,2466,0
493,4,0x6414c6a8400ff3419cd81855d09de2848d770e0e,6.121577,1773026965,5db5723d285c866a3ee00c77555033cfc4384e84b6889508e824748c72f23676,250,125.00,3.56,1,5,4,0.024917,0.520255,TopoStake,pog(D=3_omega=0.50),1.08,2467,0
494,0,0x269cdf52f97e1d9f14b7be895155a7b294f0b21d,91.839761,1773026967,589def0cf836e509cb49bb2faf92b05c16cc4d58f729ae63a0fab789d7c6e4f9,225,112.50,3.93,1,5,4,0.024900,0.519823,TopoStake,pog(D=3_omega=0.50),0.90,2468,0
494,1,0x89100a8056319ba37491b32ba255004180607bc2,45.824021,1773026969,0eb59bb64bdc90e3e672c82bd75629e5fc7b69d627ba40a331733cf095c27a30,201,67.00,3.68,1,5,4,0.024909,0.519978,TopoStake,pog(D=3_omega=0.50),1.68,2469,0
494,2,0xd39dbd3662315e3935ec08e6b6028e73b3c09de2,37.933320,1773026971,1ae894d0606de132687a940fba5cf6ecd76db52687e1c56a3b1a2a1ac24fe89e,181,90.50,3.96,2,5,4,0.024904,0.520086,TopoStake,pog(D=3_omega=0.50),1.48,2470,0
494,3,0x07902d0371763a00d97ed9ba16ff0a206cb0fd19,199.865214,1773026973,9e95f2eb96bb07ec4c9463574c63f6bbe986f911430cc96c4ec3baafd7c3b19d,98,98.00,4.36,1,6,5,0.024896,0.520154,TopoStake,pog(D=3_omega=0.50),1.00,2471,0
494,4,0x26d553a2f4343b3a7dc88bbd87b3d0a25d3838d9,29.227827,1773026975,223013f128b6224585064f592a3b1ab2fbef1aafce819969bd56788a64983bea,196,98.00,2.80,1,4,3,0.024939,0.520341,TopoStake,pog(D=3_omega=0.50),1.51,2472,0
495,0,0xc4dc29db975b952e04358340e56b68fa4ba63fbc,16.529182,1773026977,45eb1acd2518042c121846e80064b397c9d1d8e00a3aeeb565d3a5a15c294a07,195,97.50,3.80,1,5,4,0.024929,0.520321,TopoStake,pog(D=3_omega=0.50),1.49,2473,0
495,1,0x30405867b72597aaeb27803bb2c7f3f5fc7d5384,21.513197,1773026979,7957d4018d547ea011ac1f7a57a424affd4ccba324c61e881fa94f5d1edd5858,241,120.50,3.59,1,5,4,0.024915,0.520107,TopoStake,pog(D=3_omega=0.50),1.29,2474,0
495,2,0x49b57eb4dace37c8819daf079c9c674f766d4f38,22.226346,1773026981,3c773e569f238b1ca2abd5b844860d9a20817c6f9ef818c56976960578e90f56,250,125.00,3.58,2,5,4,0.024902,0.519981,TopoStake,pog(D=3_omega=0.50),1.06,2475,0
495,3,0x075e1d95c7891e1c00414ca1aa9a7a8cf6270019,97.296343,1773026983,887a6fa802605bcf2a83b0c3ca7b3ba050ebcdc1a07645b562bd220e0376dee9,243,121.50,3.83,1,6,4,0.024889,0.519883,TopoStake,pog(D=3_omega=0.50),0.85,2476,0
495,4,0xa9105f442328d397529b8e4e9e656fa89016ff45,23.459874,1773026986,eea5eb884fcec86a2163016c8a0f0222b6b9615cdeae749c744aafa228561ed8,203,67.67,3.17,1,5,3,0.024900,0.520046,TopoStake,pog(D=3_omega=0.50),1.58,2477,0
496,0,0x016d3fc36beee7caa8fbd6c1caa42461dd7f9850,77.987035,1773026987,5b9de33e581a6080724c286f6961c8401b70398ffc57e6cad316b722135ef7ad,207,103.50,3.67,1,5,4,0.024900,0.520046,TopoStake,pog(D=3_omega=0.50),1.55,2478,0
496,1,0x269cdf52f97e1d9f14b7be895155a7b294f0b21d,92.840869,1773026989,beff6b23de897f279ddf3751d5c59826b528df90ac4385767283af75be189fde,116,116.00,3.16,1,4,3,0.024905,0.520185,TopoStake,pog(D=3_omega=0.50),1.00,2479,0
496,2,0x13f9dadc05f6c237b03411e2aed1800cf21a5d89,167.545419,1773026991,892ed920b13f0657f61fb7e7ecdf78a5360966c336f9a8af2985717f8a4dabe0,235,117.50,3.61,1,5,4,0.024915,0.520339,TopoStake,pog(D=3_omega=0.50),1.56,2480,0
496,3,0xe184aeec69f3313df03bef8752946c65f0a70021,5.055461,1773026993,c9427d7bdfd0e1eceec2efb242cd01bd134e929d5f266e9dfd584e0661e9fe8e,207,103.50,2.93,1,4,3,0.024947,0.520518,TopoStake,pog(D=3_omega=0.50),1.30,2481,0
496,4,0x269cdf52f97e1d9f14b7be895155a7b294f0b21d,93.842052,1773026995,5879f208a8075d5efeca32b1f184466d06cd838806220c23eeff86409e07fd1c,197,98.50,3.87,1,6,4,0.024930,0.520058,TopoStake,pog(D=3_omega=0.50),1.06,2482,0
497,0,0x075e1d95c7891e1c00414ca1aa9a7a8cf6270019,98.297482,1773026997,8cbbb256cba3400ece69bd8adaa7888d75ea2992afdf24a5777d5ec5a3af1ee1,200,100.00,3.64,1,5,4,0.024939,0.520213,TopoStake,pog(D=3_omega=0.50),0.69,2483,0
497,1,0xac61c91e7d24df824351a6c4e562a75f0cf646f8,5.216958,1773026999,71c0f29ca2d48bd6305d5d3be76a96dfbf5653c05c4e7d967085c18e77efbde3,212,70.67,3.26,1,5,3,0.024950,0.520375,TopoStake,pog(D=3_omega=0.50),1.66,2484,0
497,2,0x30405867b72597aaeb27803bb2c7f3f5fc7d5384,22.514353,1773027002,a72f08bcfdbeb99a770a87fbe6d4b319c0d00de4efd59c3f676b0f423d2d4a93,190,95.00,4.04,1,6,4,0.024933,0.519915,TopoStake,pog(D=3_omega=0.50),1.52,2485,0
497,3,0x37cc7a82e66d4f4c2ae13b9ee895d3af1a1d7a05,21.251751,1773027004,328e8760558b857c64f4eff1db367430395a7198eb09ea11470fadd3afef6278,206,103.00,3.54,1,5,4,0.024920,0.519820,TopoStake,pog(D=3_omega=0.50),1.53,2486,0
497,4,0x37cc7a82e66d4f4c2ae13b9ee895d3af1a1d7a05,22.252711,1773027006,e041809ab4232574c5f980ec1f572b32eca2fd5badfab7c4d4502bb666e80e4e,202,101.00,3.96,1,5,4,0.024907,0.519679,TopoStake,pog(D=3_omega=0.50),1.46,2487,0
498,0,0xd39dbd3662315e3935ec08e6b6028e73b3c09de2,38.933410,1773027008,1ed538c1dbc29a746839c28dee5d249caeaa31a2dc690f780dd3ab68ec177b79,189,94.50,3.90,1,6,4,0.024895,0.519568,TopoStake,pog(D=3_omega=0.50),1.51,2488,0
498,1,0x0d91704595bff3aec25d40822498a51c62b05e3a,42.615706,1773027010,4a7ed4bcbeb54088e25d20f8d6cd6865a8e283283f7f576a920eb742fbf64864,190,95.00,4.48,1,6,5,0.024887,0.519644,TopoStake,pog(D=3_omega=0.50),1.35,2489,0
498,2,0x24898fcb116b48cb2b6fd5d3b4eb599fee0f4633,32.065623,1773027012,510b802f1435dd32ca2d91ab55e7ebc4deb99e2a32f369cb874ba197ebb6e545,250,125.00,3.23,2,5,3,0.024881,0.519735,TopoStake,pog(D=3_omega=0.50),0.99,2490,0
498,3,0xc577329e86aaecb006f17fb90499c54671119935,1.277547,1773027014,d67da3e836829610064675926ad07ecfac1d2000079db7ff34ee5f576cf3f4c2,220,110.00,3.61,1,5,4,0.024872,0.519732,TopoStake,pog(D=3_omega=0.50),0.60,2491,0
498,4,0x075e1d95c7891e1c00414ca1aa9a7a8cf6270019,99.298749,1773027017,698b6563a8156ec88e1661ce52c834bf3eeb046e31d950938ee0177b4bd41d9c,219,73.00,4.01,1,6,4,0.024872,0.519732,TopoStake,pog(D=3_omega=0.50),1.55,2492,0
499,0,0xa068e3c9a21c8d8be636cd2d285895979ec3262e,36.978251,1773027018,743a139dbc028601694d81dd4bb8c9e4482bcda526fadaadc959a1038b721098,195,97.50,3.29,1,5,3,0.024864,0.519351,TopoStake,pog(D=3_omega=0.50),1.56,2493,0
499,1,0xf13caa2c5f6f6cf61e51290bfa7826a9140b4faf,7.007885,1773027020,9c8893cecaf92b28f84ec3e7bddc9d7b425404c30e6c51cf44ca6ab322e6284e,103,103.00,4.38,1,6,5,0.024856,0.519403,TopoStake,pog(D=3_omega=0.50),1.00,2494,0
499,2,0x26d553a2f4343b3a7dc88bbd87b3d0a25d3838d9,30.228592,1773027022,a4f30b75db5039883f81b595de58146748b2157955793bfc22bbcda1be586005,203,101.50,4.25,1,6,4,0.024839,0.518990,TopoStake,pog(D=3_omega=0.50),1.53,2495,0
499,3,0x30405867b72597aaeb27803bb2c7f3f5fc7d5384,23.515188,1773027024,d024c112a1520f4c91707bff69597677a905069c10fb7a892a6155f2e800b934,212,106.00,3.80,1,5,4,0.024829,0.518972,TopoStake,pog(D=3_omega=0.50),1.41,2496,0
499,4,0x0d91704595bff3aec25d40822498a51c62b05e3a,43.616968,1773027026,9da9d93796117d2e745bdcc26fcb050579ef74279301d5ff15a8d9cf6161490f,235,117.50,3.43,1,4,4,0.024817,0.518899,TopoStake,pog(D=3_omega=0.50),1.16,2497,0
