epoch,slot,miner,proposer_stake,timestamp,block_hash,tx_count,throughput,avg_path_length,min_path_length,max_path_length,median_path_length,stake_concentration,gini_coefficient,consensus_type,consensus_state,avg_tx_delay_s,block_production_success,block_production_failed
0,2,0xeb82a21cb3d0dd781eb22ad74bb7cd9b4d2a06ec,0.048976,1772562289,5acfeef0f17eca15bad680432ca0f61b6df0cc10caba310a5eea5cb3de528460,1,0.00,1.00,1,1,1,0.016269,0.600008,Minotaur,minotaur(pow_w:0.50),0.00,0,0
0,3,0xa9a524611994a27dd3134d643379aa14edf7cb39,1.165054,1772562291,726f63afcf985cd66ea87acc031ad2b118a302b8b5b6ea98a01b82bb8fbaf672,195,39.00,4.51,1,6,5,0.016103,0.596055,Minotaur,minotaur(pow_w:0.50),1.48,1,0
0,4,0xf55ac289e673da1ea6a1a44e8ad510964a8c7060,2.432686,1772562293,f1ad92464f4d3636d5055c988997abd4e27c0b91764616493f4d76245c5eb8bf,200,100.00,4.02,1,6,4,0.016036,0.595715,Minotaur,minotaur(pow_w:0.50),1.46,2,0
1,0,0xdcf2130496e27a8094ab996aea4aa77788d65869,0.445930,1772562295,31f994f37875262de7b13be74250c4a84f9f992c8f84da738be2729caec83eda,192,96.00,3.84,1,5,4,0.016078,0.596948,Minotaur,minotaur(pow_w:0.50),1.51,3,0
1,1,0x9ee5d2f2f5de94256ba4a9eb035f3e4d2ea6926a,4.614471,1772562297,e301de6f278ce67387dea7e4633644435ff09ec4f1785461a66044dbdcd6d2bc,210,70.00,4.54,2,7,5,0.015950,0.594897,Minotaur,minotaur(pow_w:0.50),2.50,4,0
1,2,0x9ee5d2f2f5de94256ba4a9eb035f3e4d2ea6926a,5.616461,1772562299,e4b88fa68c8a1790bde16661aa1fcd1083e44574cec163d361c9a02ba9e11571,204,102.00,4.16,1,6,4,0.016171,0.597468,Minotaur,minotaur(pow_w:0.50),2.46,5,0
1,3,0x57e3892f0023c24041f622af6dc5707191b2d2ff,4.764573,1772562301,38c4e533c926dda108cd027ebb542d66dfc25ada90268a08dddef529d97cd51a,216,108.00,4.19,1,6,4,0.016468,0.600019,Minotaur,minotaur(pow_w:0.50),2.42,6,0
1,4,0x9ee5d2f2f5de94256ba4a9eb035f3e4d2ea6926a,6.618591,1772562303,22384208f619b149658955c830eb2ae989de32d6d59d37a5abef86399989ca4d,218,109.00,3.81,1,5,4,0.016687,0.602452,Minotaur,minotaur(pow_w:0.50),2.49,7,0
2,0,0x37cc7a82e66d4f4c2ae13b9ee895d3af1a1d7a05,0.744150,1772562305,31ac3c14d332d6191fc093eed36bb2c741e4c45fc395f8ee320da21199da7ed9,209,104.50,4.20,1,6,4,0.017048,0.604939,Minotaur,minotaur(pow_w:0.50),2.53,8,0
2,1,0x21c7a306b3cca8bd89d0be66a55236c4631d2923,3.142611,1772562307,f5c9d081a04050ce139b4669add232b1f00fc649df0d89a7427965451f3ad9b5,193,96.50,3.87,1,6,4,0.016933,0.603622,Minotaur,minotaur(pow_w:0.50),2.47,9,0
2,2,0xa447d277b02012c2afd9ddcbbe123f27cc971963,2.947659,1772562309,46e41fd16c6cda970f62dacced815016dd23b4160de7bed359f18a81b2c3f466,194,97.00,4.10,1,6,4,0.017007,0.605297,Minotaur,minotaur(pow_w:0.50),2.40,10,0
2,3,0x908c4aa9c7360555ff390e0bfa275f690bd28087,2.281714,1772562312,28998c65dbd137423430f20a1c06782e0409361c954364323973f968599b1721,189,94.50,4.29,1,6,4,0.017062,0.606723,Minotaur,minotaur(pow_w:0.50),2.42,11,0
2,4,0xb5e6604b4a3f90d91425ba7d4022353ad26c29ba,4.468929,1772562314,7545b12b2dc9b755133d9b3b3d1db060e2d66bb38f9543fc5273100a81cfb92c,215,107.50,4.61,1,6,5,0.017065,0.607572,Minotaur,minotaur(pow_w:0.50),2.43,12,0
3,0,0x1929f93bb07e2510631aeafe14937c4f11ee1899,3.931836,1772562316,cbe136e52c1bc81b3c5ed30915309ed7748c3dce6217a0011c22d5b664c7feb7,200,100.00,4.62,1,6,5,0.017231,0.609787,Minotaur,minotaur(pow_w:0.50),2.42,13,0
3,1,0x736a479ae6c77ae4dfa73702011ac77961903b8b,3.571784,1772562318,8b0a54110c11fcd2ac28507531d8aacdcc9da7a37aaeb2c55d6a1f86eb3b3695,244,122.00,3.87,1,6,4,0.017351,0.611811,Minotaur,minotaur(pow_w:0.50),2.09,14,0
3,2,0x26896082d5b826a8bd78bb91973a2e197c7f424f,1.504886,1772562320,0c974a8e0b55e7b097c1d4d74a2cbd259ce981ecb97752d2107624f11bb713d1,160,80.00,4.07,1,5,4,0.017441,0.613555,Minotaur,minotaur(pow_w:0.50),2.01,15,0
3,3,0xd5540753439d870b98b562fa81625a362573e8a1,0.250367,1772562322,062ea44e8b6871224e20633b7b2997ab743988e116d2790934a027b32ea14d01,243,121.50,3.70,1,5,4,0.017377,0.613516,Minotaur,minotaur(pow_w:0.50),1.86,16,0
3,4,0xd30112d9e8fb890eee1497d58e0796d7099236c5,4.328136,1772562324,950680e09fd375dc00e4c34cb57f9ff8146eeb871fad908bc9adb9f06c023f8b,188,94.00,4.07,1,6,4,0.017224,0.610755,Minotaur,minotaur(pow_w:0.50),1.69,17,0
4,0,0x719361397abe003a91af76243e5f9c7a0cd4279f,1.604324,1772562326,e2a59e89fb54097cc9591c9cc098fd045dd967480bc7d67f8b9beeb8bdd45b67,180,90.00,4.41,1,6,4,0.017362,0.612738,Minotaur,minotaur(pow_w:0.50),1.78,18,0
4,1,0xbd8ea1a3ef295bc31a4330a63fb03446621bb9ca,2.854613,1772562328,25171a118799f330e954a5cdd3243f97dec681858928e6aafed55deed547fdc2,245,122.50,4.33,2,6,4,0.017305,0.612757,Minotaur,minotaur(pow_w:0.50),1.89,19,0
4,2,0x4e4f8d26e08ed7bc47317628f39dcbd0d62a4b92,2.593222,1772562330,b563c85bdc273be5ecdded06b3a057eaa268a7f3c0e7628b99c8f05c6534fcd6,222,111.00,4.10,2,6,4,0.017334,0.613870,Minotaur,minotaur(pow_w:0.50),1.61,20,0
4,3,0x9ee5d2f2f5de94256ba4a9eb035f3e4d2ea6926a,7.620461,1772562332,306d54d70e1828d665503d5d0b3b976cf665f4980ca558753627d1bbb35c138b,207,103.50,3.71,1,6,4,0.017344,0.614733,Minotaur,minotaur(pow_w:0.50),1.64,21,0
4,4,0x1929f93bb07e2510631aeafe14937c4f11ee1899,4.934156,1772562334,5cfdb751a74e42c32f6e08a87332b89f4de587e4019c981e70ffc7e0521b7619,200,100.00,4.25,2,6,4,0.017693,0.616947,Minotaur,minotaur(pow_w:0.50),1.48,22,0
5,0,0xf55ac289e673da1ea6a1a44e8ad510964a8c7060,3.434376,1772562336,bfaf840d6e78c6706d564aca9a58641d0275ad9bc09d57be49e5b22c5cf0c86c,219,109.50,3.99,1,6,4,0.017853,0.618923,Minotaur,minotaur(pow_w:0.50),1.58,23,0
5,1,0xe6ac6ee85edf9fd29a2a96a746131314497a7dae,3.350059,1772562338,0e5fcf9b88c61e5756839140a0511ae415fd2d5edb32207f81b73b9a9e26eccd,219,109.50,3.96,3,5,4,0.017909,0.620332,Minotaur,minotaur(pow_w:0.50),1.53,24,0
5,2,0xd61b00c297972877b45f8d7f4d67fdaf20c67c59,0.845535,1772562340,74892a29d9feb8722e071fde8d55cfae73f590392fed039f1636f5cbb130f7f5,197,98.50,4.11,1,6,4,0.017957,0.621590,Minotaur,minotaur(pow_w:0.50),1.52,25,0
5,3,0xd67aaaf210c0c36ddcb7055222d168b5c9dd1b36,1.710281,1772562342,22552d1afd0289068c862dadc6f84d81a7e0dd6661d61758e1d31b84de2b9730,195,97.50,4.54,1,7,5,0.017840,0.620369,Minotaur,minotaur(pow_w:0.50),1.51,26,0
5,4,0x21c7a306b3cca8bd89d0be66a55236c4631d2923,4.144341,1772562344,83cc98b3071ad34346bba09299dc095d948b1f0f712f3656007754d3fa9728a8,205,102.50,4.38,1,7,4,0.017780,0.620383,Minotaur,minotaur(pow_w:0.50),1.57,27,0
6,0,0xd46407aa7b668c72de3cf1c1a12b7fa2e308a1b2,0.431400,1772562346,271b1e0af636346be35a4f2f15d0efffbce60373474c3b1dd4d0516989024e39,181,90.50,4.10,1,6,4,0.017875,0.622041,Minotaur,minotaur(pow_w:0.50),1.39,28,0
6,1,0xa9a524611994a27dd3134d643379aa14edf7cb39,2.166724,1772562348,49709e2339a9ea2b8f559ce76511ada790244f5f1976c54bdc0de5fcbedd3f82,200,66.67,4.29,1,6,4,0.017734,0.619867,Minotaur,minotaur(pow_w:0.50),2.44,29,0
6,2,0x86ff64c118a1d895de497417c51566801f041b29,3.687854,1772562350,93f9a123034f68fe182886c82f82684fcac49daa220ed4ab9cd726b856b02de9,202,101.00,4.11,2,6,4,0.017702,0.620254,Minotaur,minotaur(pow_w:0.50),2.45,30,0
6,3,0xac768e60b9269babb15cb1e36ee843243d7c7543,2.677475,1772562352,d833f62d6c1b40f4ea0e9e7e24dee2ac7a02115f2ae77417d4ea767824521d64,196,98.00,3.64,1,5,4,0.017763,0.621609,Minotaur,minotaur(pow_w:0.50),2.43,31,0
6,4,0x9ee5d2f2f5de94256ba4a9eb035f3e4d2ea6926a,8.622331,1772562355,c661357d021f23d17d66b0a5133208305aed361d1d4de07038f554ae92bf0a28,195,97.50,4.08,1,6,4,0.017761,0.622280,Minotaur,minotaur(pow_w:0.50),2.42,32,0
7,0,0xe6ac6ee85edf9fd29a2a96a746131314497a7dae,4.351919,1772562357,b6f819bc9ebed81f39ca23c5765700d968f7ef4505d5a3e9815d4c7782800e26,241,120.50,4.12,2,6,4,0.018113,0.624320,Minotaur,minotaur(pow_w:0.50),2.31,33,0
7,1,0x54f496e5c1d9f95a916cf7f5b62e9c98e64a3dc5,0.654193,1772562359,d437234ac77b67fe1fd1aec976b16a3e4f0345a4eb7c96a9ef1703445eacaae2,222,111.00,4.19,1,6,4,0.018204,0.625873,Minotaur,minotaur(pow_w:0.50),2.18,34,0
7,2,0x63f4973c0df8a5358405f396dc0673a463c48de9,0.575536,1772562361,dda32bd7a672a5caee65b8e1295ddca00c04c5169c36582b0a47de1dce086ae5,219,109.50,4.21,1,6,4,0.018075,0.624203,Minotaur,minotaur(pow_w:0.50),2.00,35,0
7,3,0x201a0986890f62993aad9a27774df79626864d3c,0.284275,1772562363,78ed14d8751752f6884fdbfdf46e4f8bdc7b3dab6a50a1a90913fb4eb0a94c69,213,106.50,4.18,2,6,4,0.017944,0.622320,Minotaur,minotaur(pow_w:0.50),1.91,36,0
7,4,0x1929f93bb07e2510631aeafe14937c4f11ee1899,5.936166,1772562365,67be2e87b7db98244d57951e92eb1a15a70722d3098fec3d9b5c789ed88c0784,231,115.50,3.48,1,5,4,0.017797,0.619661,Minotaur,minotaur(pow_w:0.50),1.73,37,0
8,0,0xb5bd9a09974bf229341d914f01ce2e2c8b346713,1.282104,1772562367,409b76bf77bc5f2b2b289c730d35a52f73e1ed7024da8bec3bdb1ac7e4ed7dea,209,104.50,3.96,1,6,4,0.017973,0.621589,Minotaur,minotaur(pow_w:0.50),1.67,38,0
8,1,0x0dcc0d0c917f3c454bbb1587d973a40d89a776cd,1.765706,1772562369,3e6a01d72269e03faeff4803a1ba72ad9376f13652181735d943d184c020107c,222,111.00,4.07,1,6,4,0.017973,0.621595,Minotaur,minotaur(pow_w:0.50),1.45,39,0
8,2,0xe478b1e4d1538274c0c70cbd7df877f9abab2f62,0.112065,1772562371,60e5cfbbe6ef135e14e1cbd2fe0d3014e10929124706ee1a6b9dc2f72d144276,196,98.00,3.82,1,5,4,0.017821,0.620893,Minotaur,minotaur(pow_w:0.50),1.42,40,0
8,3,0x0d91704595bff3aec25d40822498a51c62b05e3a,0.379512,1772562373,41f6fd60f8d146a72a5a973f511cdaed4c94350d344ff49585c25c90b8efe323,187,93.50,5.04,1,7,5,0.017821,0.620899,Minotaur,minotaur(pow_w:0.50),1.46,41,0
8,4,0x54f496e5c1d9f95a916cf7f5b62e9c98e64a3dc5,1.656253,1772562375,3d2877272e84c97bc40d406d2da7dc0d0af3eb52c15b10d9cf19ae579612643c,183,91.50,3.72,1,5,4,0.017533,0.615200,Minotaur,minotaur(pow_w:0.50),1.44,42,0
9,0,0xac768e60b9269babb15cb1e36ee843243d7c7543,3.679205,1772562377,50e27600380ca6c3f2784f2b1ddf8e865ffe174f0a41a8246d3b9214e9494b12,205,102.50,4.22,1,6,4,0.017468,0.614976,Minotaur,minotaur(pow_w:0.50),1.47,43,0
9,1,0xb5e6604b4a3f90d91425ba7d4022353ad26c29ba,5.470559,1772562379,7a7bb33c3d893c6eea2f84e336b6c58f6ba543b1d2c9cc9f982987c341186092,199,66.33,4.04,1,6,4,0.017510,0.616170,Minotaur,minotaur(pow_w:0.50),2.53,44,0
9,2,0x24898fcb116b48cb2b6fd5d3b4eb599fee0f4633,1.202461,1772562381,5508c8cce045860d03bd91e2c990d5d7a5dcc6725e4c1b74f42ca64c75866d7e,196,98.00,4.56,1,6,5,0.017646,0.617958,Minotaur,minotaur(pow_w:0.50),2.46,45,0
9,3,0x9ee5d2f2f5de94256ba4a9eb035f3e4d2ea6926a,9.624531,1772562383,b63ddeb607eb015dfb587855a4ff5a170392dcf3b8795828e5d1088ea5c05d88,177,88.50,3.82,1,5,4,0.017555,0.617117,Minotaur,minotaur(pow_w:0.50),2.45,46,0
9,4,0x077851107a4aaeae8dda111af1cd2ebe0ce8e0e2,1.411089,1772562386,f24a6c6165f75408d63f3c762f5900ba483dbbd43d0b7fd7e252f3466cf3c24a,204,102.00,4.25,1,6,4,0.017900,0.619036,Minotaur,minotaur(pow_w:0.50),2.43,47,0
10,0,0xbd8ea1a3ef295bc31a4330a63fb03446621bb9ca,3.856473,1772562387,fd5caa40795126901f1af74582ef527602a0ecdc43b63070b6c95bde115765da,223,111.50,3.07,1,5,3,0.017817,0.618423,Minotaur,minotaur(pow_w:0.50),2.28,48,0
10,1,0x0d91704595bff3aec25d40822498a51c62b05e3a,1.381232,1772562389,e44cc16571108726bba838d173bb1aab41357ce7302dc0de9d7a782d7921534b,116,116.00,4.47,2,6,4,0.017859,0.619607,Minotaur,minotaur(pow_w:0.50),1.61,49,0
10,2,0x81193196c1dbdbf80709d43a5af5ce21c201fbd7,0.960877,1772562391,0d537e252b3348dc12da8b7ecfc2af59e7752f146ac11032047d0b1aa9a82d32,239,119.50,3.53,2,5,4,0.017775,0.618896,Minotaur,minotaur(pow_w:0.50),1.97,50,0
10,3,0x9aeb8a8d56a71905e6746816f869696dd179c93a,0.293452,1772562393,39d13e5cc6c18a3b19e9d40ea6f39a8ddfa103b39296c42a6fe661bb6dc2fc0b,200,100.00,4.04,1,6,4,0.017671,0.617566,Minotaur,minotaur(pow_w:0.50),1.94,51,0
10,4,0xb5e6604b4a3f90d91425ba7d4022353ad26c29ba,6.472459,1772562395,a66e4db449a4792247d32e83c02f4ea3c79de4f4e3abbfe317dc7050d7ce1108,202,101.00,4.25,2,6,4,0.017535,0.614947,Minotaur,minotaur(pow_w:0.50),1.85,52,0
11,0,0xe3de47cd6a683f0071813f881efa7652a069e5d6,1.882395,1772562397,932b1c815fa25c7caac216825c17467e4f806f9e4d38f3110e76f1ecc5af829b,215,107.50,4.46,1,6,5,0.017702,0.616725,Minotaur,minotaur(pow_w:0.50),1.75,53,0
11,1,0x9b46315c7b4e9d596103fa2d6c3eb98845b48474,2.764352,1772562399,8b63163f4a20e51c2fc19a8dc42c1d5f364074890058eed22441e784ec800b5a,213,106.50,4.78,1,6,5,0.017643,0.616577,Minotaur,minotaur(pow_w:0.50),1.70,54,0
11,2,0x86ff64c118a1d895de497417c51566801f041b29,4.689484,1772562401,4feb33bc8a200621da1979539b1262ba7afea16accdd7d59508e053ad72e90be,192,96.00,4.64,2,6,5,0.017627,0.617166,Minotaur,minotaur(pow_w:0.50),1.57,55,0
11,3,0x6c60c75984d94dc873869b4fa34a1c6369e5f832,0.522465,1772562403,7ba22d07581f2fce386ad6446fc8d6b86a9e64aecf8e4cec72a7b12cdbd4c23e,232,116.00,3.73,1,5,4,0.017702,0.618617,Minotaur,minotaur(pow_w:0.50),1.65,56,0
11,4,0xb5e6604b4a3f90d91425ba7d4022353ad26c29ba,7.474539,1772562405,61a8778463fd07d789da8c71241ddf54f0c93c9e8c7e67f3b06f0f0c6923f097,208,104.00,4.41,2,6,4,0.017579,0.616505,Minotaur,minotaur(pow_w:0.50),1.50,57,0
12,0,0x7f72084637ac712a9437ed31e4caa8a88437c54b,4.191209,1772562407,2d88bea242bb9e6dbf419e9ee0c5477646ac4d81194852795085635a897c7322,228,114.00,4.42,1,6,5,0.017780,0.618264,Minotaur,minotaur(pow_w:0.50),1.44,58,0
12,1,0xb5bd9a09974bf229341d914f01ce2e2c8b346713,2.284044,1772562409,a2c432a39eeb8ef483ef56b4b4b2f58c7ff386344a8fbdf9b60d397b48837e27,225,75.00,4.05,1,6,4,0.017825,0.619448,Minotaur,minotaur(pow_w:0.50),2.48,59,0
12,2,0xbd8ea1a3ef295bc31a4330a63fb03446621bb9ca,4.857493,1772562411,99b71ff3385050d7084d6b4fd60151b97f2ab63ea0fb32b3b618d44ca2558103,217,108.50,3.98,1,6,4,0.017782,0.619613,Minotaur,minotaur(pow_w:0.50),2.46,60,0
12,3,0xe6ac6ee85edf9fd29a2a96a746131314497a7dae,5.353719,1772562414,486bda9d8e77f4dd62c9e86fda3b6d9a9ce5d6f8dda3208c49ecb0c49d04715e,224,112.00,4.20,1,6,4,0.017855,0.620993,Minotaur,minotaur(pow_w:0.50),2.47,61,0
12,4,0xac768e60b9269babb15cb1e36ee843243d7c7543,4.680855,1772562415,a8d98333afeaedcde5f2e7f4188d8b421e6e8cafc9951cef5debfb76a779bd80,213,106.50,4.06,1,6,4,0.017948,0.622488,Minotaur,minotaur(pow_w:0.50),2.34,62,0
13,0,0x54f496e5c1d9f95a916cf7f5b62e9c98e64a3dc5,2.658123,1772562417,f2987379e10b4babd74f8b46d76f4c009c1fb791f7fb6ec7386ef2ab532f4f52,127,127.00,4.13,2,6,4,0.018008,0.623696,Minotaur,minotaur(pow_w:0.50),1.70,63,0
13,1,0xbd8ea1a3ef295bc31a4330a63fb03446621bb9ca,5.859693,1772562419,e06ec7a995fef5f2c026e86a464637e659ee326e5b7c7b197cd2f0393f80bbea,214,107.00,4.24,1,6,4,0.017979,0.624069,Minotaur,minotaur(pow_w:0.50),2.01,64,0
13,2,0x1929f93bb07e2510631aeafe14937c4f11ee1899,6.937826,1772562421,64e5c7ef568f102f9a50d5b830160eb171e3f73444aaa7bca33d67d2be027599,218,109.00,3.93,1,6,4,0.018087,0.625578,Minotaur,minotaur(pow_w:0.50),1.79,65,0
13,3,0x1cf23fd02cfc98e919eaf2cc6ed1d6356c36260d,2.355278,1772562423,a751e670690922d125325d7314d42064d5ada306f2349aef2a91b9ac1272e4de,213,106.50,3.94,1,6,4,0.018240,0.627167,Minotaur,minotaur(pow_w:0.50),1.79,66,0
13,4,0x719361397abe003a91af76243e5f9c7a0cd4279f,2.606044,1772562425,09060583dcb88ef0acbf959d0fb401866f0a47e7296b4823d4024cbe5ebf6b4c,208,104.00,3.74,1,5,4,0.018193,0.627252,Minotaur,minotaur(pow_w:0.50),1.53,67,0
14,0,0xfb35fdafcfc84561a42700a4a1c274edeb75bdc1,0.226707,1772562427,33f7f995233839239f3f1a3075da20dc65b182f7edc20791f52103dd20d58f9b,193,96.50,4.17,1,6,4,0.018194,0.627257,Minotaur,minotaur(pow_w:0.50),1.42,68,0
14,1,0x26896082d5b826a8bd78bb91973a2e197c7f424f,2.506516,1772562429,3baf80ae57d6e3b7ad3de23d91a617f367aac1481bd950dbe83a0384748fc189,178,89.00,5.13,1,7,5,0.018058,0.624519,Minotaur,minotaur(pow_w:0.50),1.52,69,0
14,2,0x81193196c1dbdbf80709d43a5af5ce21c201fbd7,1.962587,1772562431,57b5b22b34ce4b8bd8f1ce2e6d3bdee416d357a52e89485281c3fa826c98e17e,200,100.00,3.67,1,6,4,0.018019,0.624677,Minotaur,minotaur(pow_w:0.50),1.50,70,0
14,3,0x016d3fc36beee7caa8fbd6c1caa42461dd7f9850,0.104572,1772562433,d3323f52c0dde9634b05a23017fb1a3b9325ed7720971de2130d14c6dbeac362,206,68.67,4.09,1,6,4,0.017957,0.624398,Minotaur,minotaur(pow_w:0.50),2.54,71,0
14,4,0xf0bd048a92a215bf323f2a70d6a54ab9b348f309,3.244158,1772562435,443b4ff02f696fe416b3025f70bc6fc2cb5df46e673921620932d2a3d14a1063,214,107.00,3.24,2,5,3,0.017820,0.621283,Minotaur,minotaur(pow_w:0.50),2.47,72,0
15,0,0x736a479ae6c77ae4dfa73702011ac77961903b8b,4.572354,1772562438,2446888b721533cf571cbec618fc1b47b6e7eb395a056208cacb63eb129cc793,212,106.00,4.81,2,6,5,0.017812,0.621943,Minotaur,minotaur(pow_w:0.50),2.45,73,0
15,1,0xa447d277b02012c2afd9ddcbbe123f27cc971963,3.948859,1772562439,0c5f2200cf030bf2e23eece77be3fd0dada00b5cb6005d13a2111b612e2c9082,195,97.50,4.18,1,6,4,0.017857,0.623018,Minotaur,minotaur(pow_w:0.50),2.44,74,0
15,2,0x21c7a306b3cca8bd89d0be66a55236c4631d2923,5.145351,1772562441,4ba7e7eecaf68721b2578403ddf643ed82aaf9d1fa590f1e6159dae09909ef6a,104,104.00,4.38,2,6,5,0.017875,0.623910,Minotaur,minotaur(pow_w:0.50),1.84,75,0
15,3,0xbd8ea1a3ef295bc31a4330a63fb03446621bb9ca,6.861743,1772562443,6ff3eab254738a764f8e87b4bc599ea178832c21eaa96997669459ef5aa45101,226,113.00,4.06,1,6,4,0.017940,0.625124,Minotaur,minotaur(pow_w:0.50),2.10,76,0
15,4,0x26896082d5b826a8bd78bb91973a2e197c7f424f,3.508456,1772562445,094ca3b4645c7389d0626922219fc343f0d6956701b4cdb4573886738d7bffaf,223,111.50,4.07,1,6,4,0.018070,0.626584,Minotaur,minotaur(pow_w:0.50),1.90,77,0
16,0,0xbd8ea1a3ef295bc31a4330a63fb03446621bb9ca,7.863953,1772562447,c9da4ad92c07df0d44a7265eb98c668b472dbaefa787536da6a8a99148ac85d4,201,100.50,3.78,1,5,4,0.018067,0.627267,Minotaur,minotaur(pow_w:0.50),1.64,78,0
16,1,0xede641736af30384f3691f747a402ceadfdbe5c7,0.556796,1772562449,9e3dbe0dfaa8c34dadca8bdce00af3c059bce12f115e2eae9ba58e764568fbfc,203,101.50,4.14,1,6,4,0.018232,0.628784,Minotaur,minotaur(pow_w:0.50),1.58,79,0
16,2,0x213068cb42718d1dd6d00a6d94d62a3def0e68eb,0.180729,1772562451,05f879e2520108e6993eb0c63958a09aa5b65beb32827998d62b95fe1bb1c263,212,106.00,4.50,1,6,5,0.018113,0.626759,Minotaur,minotaur(pow_w:0.50),1.52,80,0
16,3,0xf0bd048a92a215bf323f2a70d6a54ab9b348f309,4.246118,1772562453,969789342c20a26333f7aafb255e3925a16786a975cb26b66d5869ee5724cbbb,193,96.50,3.75,1,6,4,0.017982,0.623908,Minotaur,minotaur(pow_w:0.50),1.46,81,0
16,4,0x57e3892f0023c24041f622af6dc5707191b2d2ff,5.765723,1772562455,d5bbfd3f280b93821537064b55f36d4bdf450f7e33ecf5c4cf45eb461ea341e4,183,91.50,4.79,1,6,5,0.018005,0.624758,Minotaur,minotaur(pow_w:0.50),1.51,82,0
17,0,0xdd14034b084733395b6c7ea432bdeed9b035fe64,0.366771,1772562457,f248f6cc9207e768723a431a2216740ea2e5a38369532302d879d7d593646e8f,204,68.00,3.81,1,5,4,0.018083,0.626069,Minotaur,minotaur(pow_w:0.50),2.50,83,0
17,1,0xbd8ea1a3ef295bc31a4330a63fb03446621bb9ca,8.865883,1772562460,823370d1c279664d77123273d49942e486b5505df56538e71bcdcc53d246f3e5,209,104.50,4.05,1,6,4,0.017960,0.623629,Minotaur,minotaur(pow_w:0.50),2.48,84,0
17,2,0xd30112d9e8fb890eee1497d58e0796d7099236c5,5.328906,1772562461,15051a2ef5ed97a364abb528b2d73158c163ce3458d8d0d888ae9e615acc1744,175,87.50,4.10,1,6,4,0.018149,0.625157,Minotaur,minotaur(pow_w:0.50),2.27,85,0
17,3,0x0dcc0d0c917f3c454bbb1587d973a40d89a776cd,2.766926,1772562463,5fc441a763c2aac5260e4b98e9d76bb91c83cb62cd77f140ece6878cf4745b13,86,86.00,4.60,2,6,5,0.018206,0.626289,Minotaur,minotaur(pow_w:0.50),1.92,86,0
17,4,0x0658b0ee660469a924b63a95d5150c3e085ad23b,0.792365,1772562465,1a2aa86a59708cc73477d1a1e3d11f243ee73d93371727ec151c1d5b61e74ecc,250,125.00,3.78,1,5,4,0.018170,0.626494,Minotaur,minotaur(pow_w:0.50),2.16,87,0
18,0,0x1929f93bb07e2510631aeafe14937c4f11ee1899,7.939636,1772562467,8e37525271e239ce5e5007fb566e6b49100ae6a741a171eaf894619304f3e8cc,250,125.00,2.99,2,4,3,0.018063,0.624849,Minotaur,minotaur(pow_w:0.50),1.82,88,0
18,1,0xd5540753439d870b98b562fa81625a362573e8a1,1.251447,1772562469,9a16c1a4602b88907cbf3396500870016aad5c20eac9b09290420ae6a71d41d2,99,49.50,3.77,2,6,4,0.018210,0.626261,Minotaur,minotaur(pow_w:0.50),1.16,89,0
18,2,0xb5bd9a09974bf229341d914f01ce2e2c8b346713,3.285824,1772562471,1d6f1827239a86ee0522d3843c7e9eb8dc584583d765168d8f716a563c1417a4,186,93.00,4.35,1,6,4,0.018119,0.625299,Minotaur,minotaur(pow_w:0.50),1.52,90,0
18,3,0xd30112d9e8fb890eee1497d58e0796d7099236c5,6.329636,1772562473,ac4c6c2c57724cf1a234578c4a9b3c75244b3f2c5b8a6ac00f44537d136b972d,203,101.50,4.01,1,6,4,0.018100,0.625774,Minotaur,minotaur(pow_w:0.50),1.54,91,0
18,4,0xe7792a20046b0c4f4f924c11c8be8222d5b68043,3.806974,1772562475,e9c2102b99deaace102427ea08c77e7193de123bb07cc5503f091ecd60efcdb1,199,99.50,4.65,1,6,5,0.018186,0.627064,Minotaur,minotaur(pow_w:0.50),1.47,92,0
19,0,0x86ff64c118a1d895de497417c51566801f041b29,5.691304,1772562477,133eb5ee7c13625501b35b89afc0ec878dc550a9fa62115d6bd4f97054e694a6,220,73.33,4.65,1,7,5,0.018183,0.627699,Minotaur,minotaur(pow_w:0.50),2.48,93,0
19,1,0x1929f93bb07e2510631aeafe14937c4f11ee1899,8.940526,1772562480,0b63bea7110afe7e0a8e6728a9729a18f535af98bf751d5ec8b204a0f3eab4c7,209,104.50,3.67,1,5,4,0.018244,0.628822,Minotaur,minotaur(pow_w:0.50),2.43,94,0
19,2,0xa447d277b02012c2afd9ddcbbe123f27cc971963,4.949619,1772562481,c3f870de8cce135c92c59d3d944636e614d2dcf894169f88239b23e9e0b65752,217,108.50,3.93,2,6,4,0.018412,0.630216,Minotaur,minotaur(pow_w:0.50),2.44,95,0
19,3,0x63f4973c0df8a5358405f396dc0673a463c48de9,1.576826,1772562483,b2b3ca9bb2612294d6645f0385bc873f00dc3317909113ab199214aadfeec41b,114,114.00,4.15,1,6,4,0.018444,0.631112,Minotaur,minotaur(pow_w:0.50),1.82,96,0
19,4,0x86ff64c118a1d895de497417c51566801f041b29,6.693334,1772562485,11e74b6dc23a2fd293d039ed735e4b43e79066929e384b96ec4db454db1da3eb,230,115.00,4.18,1,6,4,0.018363,0.630456,Minotaur,minotaur(pow_w:0.50),2.03,97,0
20,0,0xaea88a8cb0031b73ae83cde463c9cf385fb58f9c,4.058737,1772562487,a13fab4bf48cf083bec9b386471de5038e481b1d8c842b071aad4aea93205802,237,118.50,3.70,1,5,4,0.018451,0.631679,Minotaur,minotaur(pow_w:0.50),1.87,98,0
20,1,0x81d019380961f92c2031b0a7fba69f7675145088,1.552724,1772562489,d44591672fa3ec0b9a9857c653483e466ed2eb4b089805b7bd150b70fc74a99f,200,100.00,4.42,1,6,5,0.018451,0.632293,Minotaur,minotaur(pow_w:0.50),1.62,99,0
20,2,0x21c7a306b3cca8bd89d0be66a55236c4631d2923,6.147341,1772562491,38c99b50a58793883600eedaeec79c4936a12e2ec797070e70d98351230f1226,195,97.50,4.37,1,6,4,0.018369,0.631567,Minotaur,minotaur(pow_w:0.50),1.56,100,0
20,3,0xf35d520fa17b329eb053a9cfbf42625ab43bfc6b,2.006325,1772562493,a77c57298dbd753f98e4df6b7cedaa5a7af83e46d3da5834492258bfe4b68415,218,109.00,4.09,1,6,4,0.018436,0.632658,Minotaur,minotaur(pow_w:0.50),1.59,101,0
20,4,0x269cdf52f97e1d9f14b7be895155a7b294f0b21d,0.505477,1772562495,0e4a54f09a9f0bcaba4e34e5d7eb995a17eb2e83c43f7ae7d94013da50aec6bb,210,105.00,4.39,1,6,4,0.018369,0.632275,Minotaur,minotaur(pow_w:0.50),1.53,102,0
21,0,0xe7792a20046b0c4f4f924c11c8be8222d5b68043,4.808994,1772562497,578aca7312e76f625ae942838dc0a050ecc0af5a0304b7fabb773aca85e51b3a,192,64.00,4.16,1,6,4,0.018255,0.630152,Minotaur,minotaur(pow_w:0.50),2.52,103,0
21,1,0x7f72084637ac712a9437ed31e4caa8a88437c54b,5.192969,1772562500,1c79f7315702528dd4e5c8e6ef5dbc3cc330514e475cc401e6ac5c8b1ab7677b,207,103.50,4.62,1,7,5,0.018277,0.630924,Minotaur,minotaur(pow_w:0.50),2.52,104,0
21,2,0x1929f93bb07e2510631aeafe14937c4f11ee1899,9.942596,1772562501,92483fa6f1d7853d3d9abbc1113f0fe32a1f4e7c29a58c83d82e7f6bf9fd6ed6,224,112.00,4.09,1,6,4,0.018310,0.631763,Minotaur,minotaur(pow_w:0.50),2.41,105,0
21,3,0x1d20c49c356c7ab4d2c5e12f8c3ec2230f3b0431,0.871931,1772562503,ad48cbd9e6b6f440347c4d108b3e18f7911e827a6dd59609c0793d7b41f8e7de,129,129.00,3.74,1,5,4,0.018489,0.633152,Minotaur,minotaur(pow_w:0.50),1.62,106,0
21,4,0x213068cb42718d1dd6d00a6d94d62a3def0e68eb,1.182209,1772562505,1f27a6b75cdcaa9db7bba8fb58c5f38ab42ee91560906def5f66c98e78925650,230,115.00,3.67,1,5,4,0.018386,0.631585,Minotaur,minotaur(pow_w:0.50),1.93,107,0
22,0,0xa9a524611994a27dd3134d643379aa14edf7cb39,3.167754,1772562507,75924362900c091f8f37ee44759ebfcc1a564b45dcb5787f0abc8f9f7d34b96b,245,122.50,3.76,1,5,4,0.018294,0.630407,Minotaur,minotaur(pow_w:0.50),1.68,108,0
22,1,0x6d6b2734a20229ddd7fd4a1470ba3e3bad4e4a85,1.365864,1772562509,577d513d78a16111264632fec090797b20adc78b12ec3c013e14ebb9fb60b25a,206,103.00,4.12,1,6,4,0.018295,0.630412,Minotaur,minotaur(pow_w:0.50),1.59,109,0
22,2,0x1929f93bb07e2510631aeafe14937c4f11ee1899,10.943856,1772562511,9e09f1eab698660378791290e2484d0cd2a61a82aaa8b64c9f65c511c2a967a0,233,116.50,4.08,1,6,4,0.018209,0.629408,Minotaur,minotaur(pow_w:0.50),1.47,110,0
22,3,0x8719ca31b72ae8a5404006763c53d5ad503dbcb0,0.719273,1772562513,8265e928b1f429ec3e1ea6f36d086366a90fd34ac1d407ef292fa23f12395e48,207,103.50,4.01,1,6,4,0.018411,0.630824,Minotaur,minotaur(pow_w:0.50),1.52,111,0
22,4,0x50fd7cec35d6da8c1ceeb02c78df7b739d3dadb5,2.208328,1772562515,00f1f24f176b4ad288b8c022d04bd0dc71968ecb36aac631090208dbd37122c0,202,67.33,4.50,1,6,5,0.018306,0.628974,Minotaur,minotaur(pow_w:0.50),2.53,112,0
23,0,0xf0bd048a92a215bf323f2a70d6a54ab9b348f309,5.247548,1772562518,b6ef6bc0686c5e01a9b6736cd9975ac94a43bb501848000ffdec66fde6bbc344,214,107.00,3.86,1,5,4,0.018245,0.628712,Minotaur,minotaur(pow_w:0.50),2.47,113,0
23,1,0xac61c91e7d24df824351a6c4e562a75f0cf646f8,0.265578,1772562519,7be71ba872d4b2dd02515f799c76c6858ba768d72f0ffde3b6f1c80330bc998a,186,93.00,4.62,1,6,5,0.018274,0.629499,Minotaur,minotaur(pow_w:0.50),2.49,114,0
23,2,0x86ff64c118a1d895de497417c51566801f041b29,7.695304,1772562521,5446d1fcc77405478a355e6cae39cbd40a554ae9c84b53c6ba380b90ff276ba4,99,99.00,4.44,1,6,5,0.018157,0.626967,Minotaur,minotaur(pow_w:0.50),1.90,115,0
23,3,0xd61b00c297972877b45f8d7f4d67fdaf20c67c59,1.846225,1772562523,6915a9f089ef9aae8d70d25695cc1786468334311d16a6151fd697b94a678193,250,125.00,3.64,1,6,4,0.018256,0.628172,Minotaur,minotaur(pow_w:0.50),2.21,116,0
23,4,0x24898fcb116b48cb2b6fd5d3b4eb599fee0f4633,2.203281,1772562525,748a6465eae7349dd401f9b4b0a4a28109a60a7b2525cd460fc04c31f97efb7d,223,111.50,4.48,1,6,4,0.018185,0.627587,Minotaur,minotaur(pow_w:0.50),1.99,117,0
24,0,0xeaed16a53862ce938d26cf3973ed751a6a09f116,1.322480,1772562527,d54019bc65bfd2796290a34d4baa6a664ad790c9115d62a269f18dafb8b619ec,197,98.50,3.92,1,5,4,0.018125,0.627250,Minotaur,minotaur(pow_w:0.50),1.70,118,0
24,1,0xe6ac6ee85edf9fd29a2a96a746131314497a7dae,6.355089,1772562529,de14b1c9191c36642f180f901a506a66c5a6f9626d53092e514726093ceefbd4,183,91.50,4.09,1,6,4,0.018041,0.626144,Minotaur,minotaur(pow_w:0.50),1.50,119,0
24,2,0xf0bd048a92a215bf323f2a70d6a54ab9b348f309,6.249288,1772562531,61dfa32fd789687d267295e4e8ccc48438d40a577c8f238d5d6d8b3e15396044,218,109.00,4.22,2,6,4,0.018098,0.627166,Minotaur,minotaur(pow_w:0.50),1.52,120,0
24,3,0xe6ac6ee85edf9fd29a2a96a746131314497a7dae,7.357249,1772562533,02d4b46567e93e47627020ef48a2a25efaf14ad737abb386086969de52441deb,206,68.67,4.70,1,6,5,0.018150,0.628116,Minotaur,minotaur(pow_w:0.50),2.50,121,0
24,4,0xa7e4d4d949807065ebf85adc1be8c382c7236c15,0.139344,1772562535,ff041a648e1417a0eb69a2d4f644f9ebc44e530b90a60bbaae32afe53560eea1,189,94.50,4.19,1,6,4,0.018232,0.629229,Minotaur,minotaur(pow_w:0.50),2.48,122,0
25,0,0xb5bd9a09974bf229341d914f01ce2e2c8b346713,4.287474,1772562538,5d11780d0c78bf7287d821feb2dc7cc5832d75bc00f8c46cb777c17ea3b3bced,210,105.00,3.78,1,5,4,0.018115,0.626484,Minotaur,minotaur(pow_w:0.50),2.34,123,0
25,1,0x1929f93bb07e2510631aeafe14937c4f11ee1899,11.945686,1772562540,f3a43e1f570896fb8b4c86e803e671b7a5d6269652ba014f2c2d132bb1ecc787,224,112.00,4.01,1,6,4,0.018112,0.627048,Minotaur,minotaur(pow_w:0.50),2.30,124,0
25,2,0x6887b8f3f9fc2326b290d4bfb86a84ffe55773ea,0.458906,1772562542,1ff439dec16613bf5f5d062fee9142324c15b3e7f307e5647510146f99e0475d,250,125.00,3.86,1,5,4,0.018314,0.628397,Minotaur,minotaur(pow_w:0.50),2.02,125,0
25,3,0x1d20c49c356c7ab4d2c5e12f8c3ec2230f3b0431,1.873971,1772562544,4526d6a06fdef5f23fec2b2c4dba97cde35f463d373af1c3ce6b978324a8aba1,200,100.00,3.81,1,5,4,0.018206,0.626175,Minotaur,minotaur(pow_w:0.50),1.80,126,0
25,4,0xd61b00c297972877b45f8d7f4d67fdaf20c67c59,2.848315,1772562546,52beef549f7ebcf9edf7739b354272455c32a99d4b8799b86c27928d8e3a4d2e,219,109.50,3.71,1,5,4,0.018137,0.625538,Minotaur,minotaur(pow_w:0.50),1.70,127,0
26,0,0xb5e6604b4a3f90d91425ba7d4022353ad26c29ba,8.475819,1772562548,77f3d48de2658c1f9eee983d741b3debdc853f343ec474250062565de7cae1cd,190,95.00,4.44,1,6,5,0.018093,0.625643,Minotaur,minotaur(pow_w:0.50),1.55,128,0
26,1,0xb5e6604b4a3f90d91425ba7d4022353ad26c29ba,9.477819,1772562550,30d447acbda07e7b94f6e9e2e2d491ea07395ec1e85fd31b0fad8ef31cf33cb3,205,102.50,4.61,1,6,5,0.018197,0.626824,Minotaur,minotaur(pow_w:0.50),1.60,129,0
26,2,0xaea88a8cb0031b73ae83cde463c9cf385fb58f9c,5.060267,1772562552,4ec46feb5f6e3b7b46d8ecd4d3582f38b8032938f681b431ffc435e01580819c,194,97.00,4.58,1,6,5,0.018325,0.628035,Minotaur,minotaur(pow_w:0.50),1.52,130,0
26,3,0xede641736af30384f3691f747a402ceadfdbe5c7,1.558276,1772562554,a898c5ed0a5f0d0d2a99f76e099661a5200681c13380ff352e71b5c6dfd58d9f,204,68.00,4.33,1,6,4,0.018337,0.628681,Minotaur,minotaur(pow_w:0.50),2.45,131,0
26,4,0x8719ca31b72ae8a5404006763c53d5ad503dbcb0,1.720993,1772562557,443dbf018e86186ad3a5684e07ae5a97ea358c9bdc7ad5debfd35cdefcad6a8a,183,91.50,4.62,1,6,5,0.018259,0.627752,Minotaur,minotaur(pow_w:0.50),2.46,132,0
27,0,0xb5e6604b4a3f90d91425ba7d4022353ad26c29ba,10.479699,1772562559,bbfe7edf4addc1dc2fe82c6a79836117e862a0e1943e40d22f233ab03dcc5f55,222,111.00,4.43,1,6,5,0.018186,0.626921,Minotaur,minotaur(pow_w:0.50),2.39,133,0
27,1,0xb5e6604b4a3f90d91425ba7d4022353ad26c29ba,11.481769,1772562561,f914607b1ff767068df864136d9a2614288e797f894e41989d7b34923e307b25,209,104.50,4.36,1,6,5,0.018334,0.628173,Minotaur,minotaur(pow_w:0.50),2.38,134,0
27,2,0xa447d277b02012c2afd9ddcbbe123f27cc971963,5.950099,1772562563,2528116c12e0124e53b45376f79633bbc0186a259a7050ec37fd4c493d19953b,214,107.00,4.59,1,6,5,0.018504,0.629423,Minotaur,minotaur(pow_w:0.50),2.07,135,0
27,3,0x015f92da24ee3ddbee68c4fe75679e9771f6ce44,1.942849,1772562565,8fc3c20ffa1a03f4b3ec7d9405a700c7b89cd953da1039d4c5e98941fbcbf8b7,236,118.00,4.26,1,6,4,0.018504,0.629428,Minotaur,minotaur(pow_w:0.50),1.79,136,0
27,4,0x81193196c1dbdbf80709d43a5af5ce21c201fbd7,2.963667,1772562567,58198ac4492c71a0e30bd66ee79c8b242fae0222d8c75e5b00793b086c8a65d4,113,56.50,3.28,2,5,3,0.018435,0.628736,Minotaur,minotaur(pow_w:0.50),1.27,137,0
28,0,0xeaed16a53862ce938d26cf3973ed751a6a09f116,2.323940,1772562569,0cc745a3a91dac35fec3f1e57bebdc7da0705bac3e6429e43174640d05d1e42e,217,108.50,4.11,2,6,4,0.018391,0.628858,Minotaur,minotaur(pow_w:0.50),1.49,138,0
28,1,0xaea88a8cb0031b73ae83cde463c9cf385fb58f9c,6.062147,1772562571,953470921eea24a71f8223247267aafea4c0469f21d9ed688947bde1800a76ae,224,74.67,4.07,1,6,4,0.018332,0.628467,Minotaur,minotaur(pow_w:0.50),2.50,139,0
28,2,0x7f72084637ac712a9437ed31e4caa8a88437c54b,6.194699,1772562573,c5a6d7a2f1972ee70d38aa71baae514b71f3ba6b786236a9d08be7fdb4bbf56b,172,86.00,4.40,1,6,4,0.018364,0.629287,Minotaur,minotaur(pow_w:0.50),2.55,140,0
28,3,0xf55ac289e673da1ea6a1a44e8ad510964a8c7060,4.435356,1772562576,d906581afd1872ac982bcedc8572bf4b7191a24191265e9c969bf1e8984d5af5,216,108.00,3.99,1,6,4,0.018398,0.630076,Minotaur,minotaur(pow_w:0.50),2.41,141,0
28,4,0x81d019380961f92c2031b0a7fba69f7675145088,2.554084,1772562578,4ab6f2253fda5cb050668144621f7d58590ed6a44c7b7470a1428dc09d37d5f0,221,110.50,3.79,1,5,4,0.018390,0.630557,Minotaur,minotaur(pow_w:0.50),2.28,142,0
29,0,0x1929f93bb07e2510631aeafe14937c4f11ee1899,12.947896,1772562580,32d903d6b1e1630393cb06bedcbbaa97a0deba9183f8a74889919544ffbb6101,198,99.00,4.27,1,6,4,0.018336,0.630318,Minotaur,minotaur(pow_w:0.50),2.21,143,0
29,1,0x719361397abe003a91af76243e5f9c7a0cd4279f,2.605164,1772562582,efd31beb24f47faca89f3df035778db030fde1426ec6b25b666a6cafc9f10981,245,122.50,3.87,1,6,4,0.018528,0.631572,Minotaur,minotaur(pow_w:0.50),1.98,144,0
29,2,0x8d5719d526bfade8878a894b0e96895672f3435b,3.457694,1772562584,2fd653f4317bdba30e1b19cc267bd0b6a9303fbeb7d9dc02a67d07c40ac4f7df,196,98.00,4.30,1,6,4,0.018474,0.631324,Minotaur,minotaur(pow_w:0.50),1.66,145,0
29,3,0xe6ac6ee85edf9fd29a2a96a746131314497a7dae,8.358899,1772562586,b1fae64d227df8da5711432952774ff0e4be7c57aa0bcd2f2b242700b299cef2,209,104.50,4.69,1,6,5,0.018474,0.631329,Minotaur,minotaur(pow_w:0.50),1.59,146,0
29,4,0xb5e6604b4a3f90d91425ba7d4022353ad26c29ba,12.483709,1772562588,d42cbad7a0349b5df6dd1814df2bc4500568531a5d4f11338765d4f03628b5ab,208,104.00,4.22,1,6,4,0.018555,0.632374,Minotaur,minotaur(pow_w:0.50),1.54,147,0
30,0,0xb5bd9a09974bf229341d914f01ce2e2c8b346713,5.289374,1772562590,24968b4ac0ae1e5d4514fad7cacc49ae274a6b23d28a0eb6ecdd96f1427757a2,200,100.00,4.62,1,6,5,0.018730,0.633566,Minotaur,minotaur(pow_w:0.50),1.50,148,0
30,1,0xaea88a8cb0031b73ae83cde463c9cf385fb58f9c,7.063687,1772562592,6be192eac92e621ba58a06b70e537a6674e6e6ab6a16c541755da39024d541c4,218,72.67,4.02,1,6,4,0.018737,0.634157,Minotaur,minotaur(pow_w:0.50),2.50,149,0
30,2,0x1929f93bb07e2510631aeafe14937c4f11ee1899,13.950226,1772562595,b1e7e5b60842c7c1bf771bc85b165d18bcbd33e9ded9f7b4fdd0e61ea584cd1f,181,90.50,4.28,1,6,4,0.018783,0.635076,Minotaur,minotaur(pow_w:0.50),2.56,150,0
30,3,0xd30112d9e8fb890eee1497d58e0796d7099236c5,7.330766,1772562596,9dc680e2f8350e1dbee014a1dfd69b408035384079cadbd994b603c61d4f38b1,228,114.00,3.73,1,6,4,0.018985,0.636287,Minotaur,minotaur(pow_w:0.50),2.30,151,0
30,4,0x1929f93bb07e2510631aeafe14937c4f11ee1899,14.952506,1772562598,c1e9b98a1d8ac51f3f0fd431138bde32bb44d87b8efb429fbbd6df9f8ffcc9af,97,97.00,4.54,1,6,5,0.019035,0.637190,Minotaur,minotaur(pow_w:0.50),1.81,152,0
31,0,0xd61b00c297972877b45f8d7f4d67fdaf20c67c59,3.849925,1772562600,6d181c0fa7528589c3ff2cf8aba47080ae5619b4fdf1c267aba2b203d6527f84,250,125.00,3.93,2,6,4,0.019254,0.638389,Minotaur,minotaur(pow_w:0.50),2.20,153,0
31,1,0x8d5719d526bfade8878a894b0e96895672f3435b,3.457574,1772562602,cf1a3122283ffcf177ea6f658abbdd8054e49e92618c156f6416d5d1fd9a3cef,234,117.00,4.53,2,6,5,0.019223,0.638743,Minotaur,minotaur(pow_w:0.50),1.91,154,0
31,2,0x6c60c75984d94dc873869b4fa34a1c6369e5f832,1.523245,1772562604,86cee512d61f8c335019b42239aecdc3737f18300514d02b374fd461260ee380,125,62.50,4.62,1,6,5,0.019183,0.638963,Minotaur,minotaur(pow_w:0.50),1.40,155,0
31,3,0x9ee5d2f2f5de94256ba4a9eb035f3e4d2ea6926a,10.625201,1772562606,2a40bc10c10eeb0f211b4b4d4a094842cb307c8992a28b14429c9585e3ce32db,205,102.50,4.45,1,6,5,0.019100,0.637929,Minotaur,minotaur(pow_w:0.50),1.62,156,0
31,4,0x7f72084637ac712a9437ed31e4caa8a88437c54b,7.196639,1772562608,153dfc53f4c535f7b66295aa0d686b65e6a2b87d1c3947d892c005b6f6adb233,199,99.50,4.31,1,6,4,0.019217,0.639023,Minotaur,minotaur(pow_w:0.50),1.51,157,0
32,0,0x251d5c9c13f2e28438778c52ea591567f54ffcce,0.899812,1772562610,ced10ae316e295129147830857015b470cacb0b17b8de70dcfb3a52e1f57b6b0,205,68.33,3.99,2,6,4,0.019258,0.639847,Minotaur,minotaur(pow_w:0.50),2.52,158,0
32,1,0x7f72084637ac712a9437ed31e4caa8a88437c54b,8.198659,1772562613,700ec03fe59b2cd2fbba4d9f63091c197649eafbaaa4c6f5edb2a47599bc306d,203,101.50,3.96,1,5,4,0.019162,0.638292,Minotaur,minotaur(pow_w:0.50),2.41,159,0
32,2,0x6fffbc98201ac7b26abc2f3bcd1d9cc6660210b3,2.509577,1772562615,fe8cb9570e975315c5fd084ad7df50e68645c200adb36d41d1800473960becd6,222,111.00,3.98,1,6,4,0.019223,0.639213,Minotaur,minotaur(pow_w:0.50),2.24,160,0
32,3,0x11cda440efbd7feef624c5cb807ae62e7c888299,3.041776,1772562617,ae0552c7aaf1941778bba895e41729a3a0ffcc5c5aaff63d20a116ffa32ab845,215,107.50,3.89,1,5,4,0.019162,0.638840,Minotaur,minotaur(pow_w:0.50),2.03,161,0
32,4,0xb5e6604b4a3f90d91425ba7d4022353ad26c29ba,13.485429,1772562619,847cd2fda2cec1d2e6dc683d9fd2265f6190a30057dc418a69f84f4755540c29,230,115.00,3.72,1,5,4,0.019112,0.638810,Minotaur,minotaur(pow_w:0.50),1.86,162,0
33,0,0x1929f93bb07e2510631aeafe14937c4f11ee1899,15.954786,1772562621,541967fdb6e429a43927a02895e049ebbbe89d6d776ae33ad991a8e69e399c7a,192,96.00,4.55,1,6,5,0.019282,0.639921,Minotaur,minotaur(pow_w:0.50),1.69,163,0
33,1,0x57e3892f0023c24041f622af6dc5707191b2d2ff,6.766643,1772562623,fb8c64814c4bc8a9f60ab1644277b64794935d18e78b996e59e3afddf6e8a7eb,227,113.50,3.99,1,6,4,0.019282,0.639924,Minotaur,minotaur(pow_w:0.50),1.65,164,0
33,2,0x6887b8f3f9fc2326b290d4bfb86a84ffe55773ea,1.460446,1772562625,a3e2b657e15772813dbc0f66495a3faa51243eafba52e2efaa32f1829df30474,172,86.00,3.85,1,5,4,0.019527,0.641783,Minotaur,minotaur(pow_w:0.50),1.62,165,0
33,3,0x6887b8f3f9fc2326b290d4bfb86a84ffe55773ea,2.462546,1772562627,73d43dcfd8c7ea35d1ca3dec4361090df25a586ecac5d5042655c462be32147c,211,70.33,3.86,1,5,4,0.019442,0.640682,Minotaur,minotaur(pow_w:0.50),2.46,166,0
33,4,0x37cc7a82e66d4f4c2ae13b9ee895d3af1a1d7a05,1.743730,1772562629,8106e65d4cfecd416b261cbfe18d8d525a77ba8e47da1f5c26ca0885026c3ee6,224,112.00,3.89,1,5,4,0.019378,0.640219,Minotaur,minotaur(pow_w:0.50),2.54,167,0
34,0,0x7f72084637ac712a9437ed31e4caa8a88437c54b,9.200789,1772562632,b406563c68888b694bf8210c9c508fc16ff50a178a16b6ebd89f07199600ea2e,215,107.50,3.91,1,6,4,0.019301,0.639254,Minotaur,minotaur(pow_w:0.50),2.44,168,0
34,1,0x7f72084637ac712a9437ed31e4caa8a88437c54b,10.203029,1772562634,b4bc8458f9a524b7ce09b3b3687873c420664d879ad9dbe9dfe3a1ec0de9d573,225,112.50,3.99,1,6,4,0.019374,0.640222,Minotaur,minotaur(pow_w:0.50),2.22,169,0
34,2,0x282f43759e22b50aa7989261c51c367f325c3f91,0.218004,1772562636,018d46b5d909ba28f347eceb3b24934892155c9c775dd4ae8fec57688587f83f,209,104.50,4.10,1,6,4,0.019467,0.641220,Minotaur,minotaur(pow_w:0.50),1.97,170,0
34,3,0xe3de47cd6a683f0071813f881efa7652a069e5d6,2.883025,1772562638,4d82230bebd2c0a365a66bf275ea26ee142940b9e75bec41438c3a4d3be6c461,215,107.50,3.72,1,5,4,0.019358,0.638886,Minotaur,minotaur(pow_w:0.50),1.77,171,0
34,4,0xea287b266dbe2c2d402fd91814bcfc4c95d6b0fd,0.389823,1772562640,5401333a0247b95125b939f17372af0bc06c001f497edd7d73281df7264cc012,185,92.50,4.83,1,7,5,0.019304,0.638693,Minotaur,minotaur(pow_w:0.50),1.75,172,0
35,0,0x86ff64c118a1d895de497417c51566801f041b29,8.697074,1772562642,b60aaa9ec57b1b75ca1187c0fbeff5c88cb9e9d7b64dc646c6fca08d562cc190,238,119.00,3.96,1,5,4,0.019200,0.636574,Minotaur,minotaur(pow_w:0.50),1.75,173,0
35,1,0x0658b0ee660469a924b63a95d5150c3e085ad23b,1.793635,1772562644,e7c336228f47df9dfc1da74bca74a70f41f5c4b05e3ff54d42de6e420c013754,212,106.00,3.78,1,5,4,0.019260,0.637459,Minotaur,minotaur(pow_w:0.50),1.47,174,0
35,2,0xcb7977f4997b4252c0152e135dd79b3cfe35c1a5,0.162955,1772562646,73f49fd948e87eae5a44cdac07c7b43a762b6b9955d802502d19915c7618a35b,223,111.50,3.00,2,4,3,0.019185,0.636518,Minotaur,minotaur(pow_w:0.50),1.52,175,0
35,3,0xf6e059718dbd0a0956726ab97d06bad5efc6cd18,0.321230,1772562648,1424ad04a2d378c157301663fe3dca13e689ffdb9fb601d762acf5fdbda48844,224,74.67,3.96,1,6,4,0.019079,0.634079,Minotaur,minotaur(pow_w:0.50),2.49,176,0
35,4,0x736a479ae6c77ae4dfa73702011ac77961903b8b,5.572904,1772562651,4a94c50e1c10c4878ccfef524ab8c2fb0afaf015bf1bb450386dd81a55c80abd,204,102.00,4.67,1,6,5,0.018977,0.631841,Minotaur,minotaur(pow_w:0.50),2.48,177,0
36,0,0xbd8ea1a3ef295bc31a4330a63fb03446621bb9ca,9.866313,1772562652,f7bf4c5ecfb1dae670af6087bc4d4704689efea6e6d209e30e48a77c3b192580,191,95.50,4.15,1,6,4,0.018976,0.632407,Minotaur,minotaur(pow_w:0.50),2.41,178,0
36,1,0xd30112d9e8fb890eee1497d58e0796d7099236c5,8.331266,1772562654,d8bdf07a1058d4ebbaff9bf2cff9271a9d8b754cd82d8213373f1a9c1470a29c,138,138.00,4.01,3,6,4,0.019056,0.633358,Minotaur,minotaur(pow_w:0.50),1.65,179,0
36,2,0x736a479ae6c77ae4dfa73702011ac77961903b8b,6.574814,1772562656,9c74cfd3d3bd2eaae42979287ea00be7b298968322569d3cf732b29044292258,213,106.50,4.55,1,6,5,0.019105,0.634182,Minotaur,minotaur(pow_w:0.50),2.08,180,0
36,3,0xac768e60b9269babb15cb1e36ee843243d7c7543,5.680615,1772562658,230f7d096073624de68372dcc5d757860080c23b9baa7d42298182ed38b35de4,213,106.50,4.23,2,6,4,0.019121,0.634827,Minotaur,minotaur(pow_w:0.50),1.82,181,0
36,4,0x4432cc2cd29f30f506f24d28ccd49f5b26f48e51,1.455331,1772562660,a6b00754d75639c21faec50d18a784885451fb3a9f3adfd05dfb71e8a81799d4,230,115.00,4.17,1,6,4,0.019120,0.635355,Minotaur,minotaur(pow_w:0.50),1.64,182,0
37,0,0x26896082d5b826a8bd78bb91973a2e197c7f424f,4.509016,1772562662,7d46002429263a697ab233ad25808ad84c251d9d876fbb686dafe71bc3d3ba6f,190,95.00,3.98,2,6,4,0.019040,0.634229,Minotaur,minotaur(pow_w:0.50),1.49,183,0
37,1,0x1929f93bb07e2510631aeafe14937c4f11ee1899,16.956826,1772562664,e97e19f6f0f2f4850490e24820e260fb6084f4af063bf94ca893f67e18b29dc1,197,65.67,3.81,1,5,4,0.019017,0.634585,Minotaur,minotaur(pow_w:0.50),2.42,184,0
37,2,0xbd8ea1a3ef295bc31a4330a63fb03446621bb9ca,10.867623,1772562666,e4b0bf5d742eca816518a7d56b85615265caaa4e2e7aa49c8297aef23d91cd92,193,96.50,3.95,1,6,4,0.019221,0.635675,Minotaur,minotaur(pow_w:0.50),2.49,185,0
37,3,0x50fd7cec35d6da8c1ceeb02c78df7b739d3dadb5,3.209528,1772562669,27d3089f65838d4c89c3cbbd936f3e25c3c9ccf87cf1ae0bfa6113e8826319d7,210,105.00,4.10,1,6,4,0.019312,0.636634,Minotaur,minotaur(pow_w:0.50),2.41,186,0
37,4,0x9b46315c7b4e9d596103fa2d6c3eb98845b48474,3.764662,1772562671,3c5f694c2c34272265616f55b1ece67e1c8cb8aad331d2a217ec5e2d6c2a69e7,220,110.00,3.79,2,5,4,0.019264,0.636635,Minotaur,minotaur(pow_w:0.50),2.30,187,0
38,0,0x8d5719d526bfade8878a894b0e96895672f3435b,4.458364,1772562673,2abffee66b137ca68eb340e2078d55c6ebc07999063bfbee00520dea878337c1,162,81.00,4.62,1,6,5,0.019225,0.636838,Minotaur,minotaur(pow_w:0.50),2.19,188,0
38,1,0x86ff64c118a1d895de497417c51566801f041b29,9.698974,1772562675,48c6c2a7b01ebf911f3f15b08dca83e6933c7bb636d518643a46f37de1ace636,206,103.00,4.63,1,6,5,0.019199,0.637123,Minotaur,minotaur(pow_w:0.50),2.03,189,0
38,2,0x81d019380961f92c2031b0a7fba69f7675145088,3.555354,1772562677,8c30498f1ef166d4c9f751b65ff999ab9975bd509a4ee68eafbc1d0d9b840f43,235,117.50,3.77,1,5,4,0.019266,0.637990,Minotaur,minotaur(pow_w:0.50),1.73,190,0
38,3,0x57e3892f0023c24041f622af6dc5707191b2d2ff,7.767973,1772562679,7325d2335c10b46e786e26f183fc3c0c07e782d8b5331c50505635dfca9545e7,198,99.00,4.45,1,6,5,0.019223,0.638088,Minotaur,minotaur(pow_w:0.50),1.55,191,0
38,4,0x1d20c49c356c7ab4d2c5e12f8c3ec2230f3b0431,2.875261,1772562681,e4c79df5258b7cd51b7cde31ac4bd78bd69374911101639cbc491275fdc1be41,202,101.00,3.82,1,5,4,0.019223,0.638094,Minotaur,minotaur(pow_w:0.50),1.55,192,0
39,0,0x26896082d5b826a8bd78bb91973a2e197c7f424f,5.510866,1772562683,e6c0c388429d736332c7c11688796c14e7a8895f25621e868126337050639e90,231,77.00,3.62,1,5,4,0.019169,0.637827,Minotaur,minotaur(pow_w:0.50),2.50,193,0
39,1,0x1929f93bb07e2510631aeafe14937c4f11ee1899,17.958606,1772562685,f76a73e803ea20d00f96bbb40c30cb5159e08f555edcb7c6ff28715511a30cf7,199,99.50,3.75,1,5,4,0.019161,0.638270,Minotaur,minotaur(pow_w:0.50),2.46,194,0
39,2,0xb5bd9a09974bf229341d914f01ce2e2c8b346713,6.290914,1772562687,51b89e657e0f94e79bc029404f3ed59f7b12ef94851952f00a9cc0a633afa532,164,82.00,3.77,1,6,4,0.019368,0.639319,Minotaur,minotaur(pow_w:0.50),2.37,195,0
39,3,0x86ff64c118a1d895de497417c51566801f041b29,10.701254,1772562689,e457809d02d83af2ca09e4ec7af4a154ef4bbc987a7c4f71d46d206c589665d8,107,107.00,3.87,1,6,4,0.019371,0.639836,Minotaur,minotaur(pow_w:0.50),1.79,196,0
39,4,0xe6ac6ee85edf9fd29a2a96a746131314497a7dae,9.360299,1772562691,a197f25e2fbaa23a671626456053a68278012d5780e49ec2091f9fa57b7dcc80,221,110.50,3.62,1,5,4,0.019450,0.640702,Minotaur,minotaur(pow_w:0.50),2.14,197,0
40,0,0x48c58818efe36dfbd1c5dfead6851bbf8aefb18f,1.821141,1772562693,5562db18661d8e4027dbaf79edfce581c6e5cf8a78112587579691b67f79040c,207,103.50,4.15,2,6,4,0.019505,0.641503,Minotaur,minotaur(pow_w:0.50),1.78,198,0
40,1,0x736a479ae6c77ae4dfa73702011ac77961903b8b,7.576704,1772562695,e94acedb45f6caf68c92ee525cde8561655d37ce034fd0bd900ca6523ce5c12d,221,110.50,3.92,1,5,4,0.019431,0.640565,Minotaur,minotaur(pow_w:0.50),1.59,199,0
40,2,0xdc2bc9a639e2bc25c5f57e628a7cd55f6a3d023b,0.631434,1772562697,c28f5940a0db660fa0081ec869bbbaa4dcd715b07aab2313c5f56b1b03174b44,205,102.50,4.30,2,6,4,0.019454,0.641258,Minotaur,minotaur(pow_w:0.50),1.56,200,0
40,3,0x6fffbc98201ac7b26abc2f3bcd1d9cc6660210b3,3.511277,1772562699,82e8eb468a327f7ceb9886948e0abefec564619853e860b98bbe3c82e164569b,216,108.00,4.17,1,6,4,0.019361,0.639478,Minotaur,minotaur(pow_w:0.50),1.52,201,0
40,4,0x6d6b2734a20229ddd7fd4a1470ba3e3bad4e4a85,2.367044,1772562701,01d95aa580e93c221a5623d9882323240910e9ddd6eab85b794a2b5e21637e86,193,96.50,4.09,2,6,4,0.019316,0.639502,Minotaur,minotaur(pow_w:0.50),1.51,202,0
41,0,0xe6ac6ee85edf9fd29a2a96a746131314497a7dae,10.362319,1772562703,5e87d2bb231402d3497cc1fe127427dc9985103dc8daebdc62250d83b25e5eae,217,72.33,4.03,1,6,4,0.019253,0.638898,Minotaur,minotaur(pow_w:0.50),2.50,203,0
41,1,0xd61b00c297972877b45f8d7f4d67fdaf20c67c59,4.851485,1772562705,79efd9954dac873b32bb6dc30917387329c2a659a9b26680673c778b6cc59307,220,110.00,4.03,2,6,4,0.019321,0.639694,Minotaur,minotaur(pow_w:0.50),2.35,204,0
41,2,0x9ee5d2f2f5de94256ba4a9eb035f3e4d2ea6926a,11.626581,1772562707,7313a30b7e12b36111db402744da9987c0c8ca42e9621bd9984068c0fd2ac5c7,88,88.00,4.52,2,6,5,0.019299,0.639979,Minotaur,minotaur(pow_w:0.50),1.91,205,0
41,3,0xe6ac6ee85edf9fd29a2a96a746131314497a7dae,11.364489,1772562709,115037cf6c00222c7336a3d603bf750b15ca6053c122aafe60ed58e31110f87e,248,124.00,4.24,2,6,4,0.019386,0.640904,Minotaur,minotaur(pow_w:0.50),2.15,206,0
41,4,0x50f7fa851f9314d682e36da5caa4635039b5305d,0.310830,1772562711,efc12b48d3008514e9065bbe679f198319c275478cc977cd416eb3b4f23459b7,240,120.00,4.23,1,6,4,0.019468,0.641765,Minotaur,minotaur(pow_w:0.50),1.96,207,0
42,0,0xb5e6604b4a3f90d91425ba7d4022353ad26c29ba,14.486759,1772562713,3dad347db606061af788398fa9c468985eb52e6062cdc170df4ea1df4ec7b3bc,209,104.50,4.09,1,6,4,0.019371,0.639620,Minotaur,minotaur(pow_w:0.50),1.54,208,0
42,1,0x7a9a5663a42886122502c508c938d16377d4baa7,2.069999,1772562715,4bba48d85614a9a8b6916ece44eeba0f625fef6c429a1d2ac94bd78b3bc9da91,192,96.00,4.61,2,6,5,0.019501,0.640586,Minotaur,minotaur(pow_w:0.50),1.56,209,0
42,2,0xbd8ea1a3ef295bc31a4330a63fb03446621bb9ca,11.869423,1772562717,e97c1283cf170d0d19db975793245c0f2fc7f26d3d7a08107e961f28a9c8be69,192,96.00,4.54,1,6,5,0.019432,0.639777,Minotaur,minotaur(pow_w:0.50),1.56,210,0
42,3,0x49b57eb4dace37c8819daf079c9c674f766d4f38,0.204098,1772562719,977e554a06277946fb3cdb3bb0db5d8c78572ba965cc9ffd76809cdf1864446d,203,67.67,4.15,1,6,4,0.019519,0.640654,Minotaur,minotaur(pow_w:0.50),2.51,211,0
42,4,0x7f72084637ac712a9437ed31e4caa8a88437c54b,11.204549,1772562721,91ba941bb8af99e8548c70bbc6d81afe14a694fa95ed1c9e2c11b522b6e8f726,195,97.50,4.21,1,6,4,0.019420,0.638375,Minotaur,minotaur(pow_w:0.50),2.49,212,0
43,0,0xf55ac289e673da1ea6a1a44e8ad510964a8c7060,5.436396,1772562723,ad1f9f282d31bd3501a379849e7dbf189d55c185c32d29baf36bfa342b8c0e6f,212,106.00,4.06,2,6,4,0.019495,0.639165,Minotaur,minotaur(pow_w:0.50),2.40,213,0
43,1,0xc339f8bf978200eb65afce6c7121402eda949097,0.152293,1772562725,5ae5abf38b69dbbff0e1be78713dd4e78c7be74ce0f117c815441163bfd73aa6,125,125.00,3.63,1,5,4,0.019479,0.639513,Minotaur,minotaur(pow_w:0.50),1.66,214,0
43,2,0x6c60c75984d94dc873869b4fa34a1c6369e5f832,2.524505,1772562727,7a24f299a366c565b9472eb259f1caa6cb11184017b9bfdb28e3fbcbdbc1717b,172,86.00,4.75,1,7,5,0.019381,0.637155,Minotaur,minotaur(pow_w:0.50),2.18,215,0
43,3,0x8d5719d526bfade8878a894b0e96895672f3435b,5.460044,1772562729,ead465b6508c08ee1507eb9aa4a5a28b41aeaee7067c60bcb90be82f625a689d,250,125.00,4.39,1,6,4,0.019320,0.636622,Minotaur,minotaur(pow_w:0.50),2.10,216,0
43,4,0x736a479ae6c77ae4dfa73702011ac77961903b8b,8.578504,1772562731,16d14324b67a4d0e8520f29b0f5674d270ded81b00fcec2d867514f614028dc3,121,60.50,4.45,1,6,5,0.019305,0.636941,Minotaur,minotaur(pow_w:0.50),1.64,217,0
44,0,0x81d019380961f92c2031b0a7fba69f7675145088,4.557004,1772562733,9f7dcc1ac960d82ca7615121eb7d6b48d77d192525fb0f7754f07fc229180f27,216,108.00,4.23,1,6,4,0.019336,0.637643,Minotaur,minotaur(pow_w:0.50),1.56,218,0
44,1,0xe3de47cd6a683f0071813f881efa7652a069e5d6,3.884345,1772562735,c480068bfadfc7ffe4ceb7702da7a0a0a8d5896be1770e2e212e526983904685,209,104.50,4.45,1,6,5,0.019307,0.637849,Minotaur,minotaur(pow_w:0.50),1.51,219,0
44,2,0xdd14034b084733395b6c7ea432bdeed9b035fe64,1.366901,1772562737,58fa6173f50870cb949898d4bbdcac7a7c5594a6b40d89fa1aa9687dc3fbc168,185,61.67,4.80,1,6,5,0.019267,0.637947,Minotaur,minotaur(pow_w:0.50),2.46,220,0
44,3,0x21c7a306b3cca8bd89d0be66a55236c4631d2923,7.147721,1772562740,758f29a9ab9623dc3803bf90121b0860ef3479831fd6135ecefc2c64ca86e5bd,223,111.50,3.97,1,6,4,0.019190,0.636811,Minotaur,minotaur(pow_w:0.50),2.52,221,0
44,4,0xe3de47cd6a683f0071813f881efa7652a069e5d6,4.886175,1772562741,9681e0398d6257aa8c0a58825d13df610787f0bb0d41d9aa92ff1cf01a7d1f2f,190,95.00,4.04,1,6,4,0.019199,0.637394,Minotaur,minotaur(pow_w:0.50),2.30,222,0
45,0,0x8d5719d526bfade8878a894b0e96895672f3435b,6.461134,1772562743,57754f641bc5037c5614fc83fcae968edd336debf8ad44fe1fceff13c265cbcb,93,93.00,4.67,1,6,5,0.019174,0.637583,Minotaur,minotaur(pow_w:0.50),1.90,223,0
45,1,0x736a479ae6c77ae4dfa73702011ac77961903b8b,9.580614,1772562745,9fd4c8206838575e43869dc9b19bc0c57d34e65a4e37083cf5efd8d45a9f3ec9,236,118.00,4.65,1,6,5,0.019173,0.638049,Minotaur,minotaur(pow_w:0.50),2.21,224,0
45,2,0x81193196c1dbdbf80709d43a5af5ce21c201fbd7,3.964797,1772562747,208db4917e5c3a6db4ead64dbe2392b7228e4952fdbe6559bc138ff99a37a15a,218,109.00,4.36,2,6,4,0.019217,0.638762,Minotaur,minotaur(pow_w:0.50),1.84,225,0
45,3,0x86ff64c118a1d895de497417c51566801f041b29,11.703104,1772562749,429fe7dafb08d3920c1bb1651b92ed93ad2bde4095ac3b8f11ca62660ec64dab,225,112.50,4.24,1,6,4,0.019178,0.638835,Minotaur,minotaur(pow_w:0.50),1.62,226,0
45,4,0x9c39f7fffaa5c5cfab20dfdd05663497918580c1,0.989652,1772562751,17b6eec4ee3ae9303b01e57df9e8b65627c8279c437f9e4d85f5ae3174fcdcce,198,99.00,3.77,2,5,4,0.019252,0.639611,Minotaur,minotaur(pow_w:0.50),1.45,227,0
46,0,0x251d5c9c13f2e28438778c52ea591567f54ffcce,1.900802,1772562753,4f136a04ad305d8163921dd56f73afa01555469216acb57a4935ad88da4de295,201,100.50,4.21,1,6,4,0.019171,0.638217,Minotaur,minotaur(pow_w:0.50),1.54,228,0
46,1,0x1cf23fd02cfc98e919eaf2cc6ed1d6356c36260d,3.354988,1772562755,e69b6b17b638552d259202acb22df2111887032da79afbb91448414bb50f6dff,200,66.67,3.98,1,5,4,0.019102,0.637293,Minotaur,minotaur(pow_w:0.50),2.47,229,0
46,2,0xe6ac6ee85edf9fd29a2a96a746131314497a7dae,12.366499,1772562758,c018bf1bbdc8eafa50510f6fe641b54b2055baa7e8744a9e52ee9a1b75fb631b,191,95.50,3.75,1,5,4,0.019056,0.637195,Minotaur,minotaur(pow_w:0.50),2.45,230,0
46,3,0xd5540753439d870b98b562fa81625a362573e8a1,2.251357,1772562759,06714e5b1b159cbeb524d9a89993c583f350f98ebde397ac8ad2a66184b53fc2,218,109.00,4.05,1,6,4,0.019137,0.638035,Minotaur,minotaur(pow_w:0.50),2.24,231,0
46,4,0x736a479ae6c77ae4dfa73702011ac77961903b8b,10.582694,1772562761,1753b10ca8aa9156bab01012da25d4ea708adea76f9c7feae0a6c42e5c29893b,106,106.00,4.21,2,6,4,0.019074,0.637299,Minotaur,minotaur(pow_w:0.50),1.66,232,0
47,0,0xb5e6604b4a3f90d91425ba7d4022353ad26c29ba,15.488369,1772562763,17455c45639b1475629f3b424572d3fbd3c9925fb4e1557b1f1caa6301b8a66f,220,110.00,4.19,1,6,4,0.019129,0.637998,Minotaur,minotaur(pow_w:0.50),1.95,233,0
47,1,0xb5bd9a09974bf229341d914f01ce2e2c8b346713,7.291384,1772562765,0ff90e2c7effedc092bb3ccff9165327226b1864f18a81f475c6de76bae026e5,211,105.50,4.46,1,6,5,0.019251,0.638906,Minotaur,minotaur(pow_w:0.50),1.82,234,0
47,2,0x7a9a5663a42886122502c508c938d16377d4baa7,3.071579,1772562767,fb2a8018a5bfe35060c3d11d87ee10d77dda4fd68d88bcbef2bac910849295ef,210,105.00,3.99,1,6,4,0.019251,0.638909,Minotaur,minotaur(pow_w:0.50),1.60,235,0
47,3,0x86ff64c118a1d895de497417c51566801f041b29,12.704974,1772562769,4c16721cd7006778367acf74bc106b9555ff5400999c1dc66f4249c0a3a84416,201,100.50,4.47,1,6,5,0.019199,0.638647,Minotaur,minotaur(pow_w:0.50),1.49,236,0
47,4,0xe6ac6ee85edf9fd29a2a96a746131314497a7dae,13.368619,1772562771,d25df8fc16e3c4de75443eba7a2226e06705dbdaf5a7fa79b409ca96b2d536b8,175,87.50,3.69,1,5,4,0.019281,0.639485,Minotaur,minotaur(pow_w:0.50),1.47,237,0
48,0,0xe3de47cd6a683f0071813f881efa7652a069e5d6,5.886835,1772562773,d08319b45b5c2c934bf448be5576212a4d61f88db5749e207fd843ad5922ddf4,210,70.00,4.20,2,6,4,0.019371,0.640336,Minotaur,minotaur(pow_w:0.50),2.45,238,0
48,1,0xb5e6604b4a3f90d91425ba7d4022353ad26c29ba,16.490409,1772562776,4e5571c60d3351c86f211a9c860bab955b29dc44dc7282ffaabe67efaa0a24ef,190,95.00,4.78,1,7,5,0.019357,0.640669,Minotaur,minotaur(pow_w:0.50),2.45,239,0
48,2,0x86ff64c118a1d895de497417c51566801f041b29,13.706664,1772562778,ea9451942715bfdcaa749d28a901e50e1d386ed3aa1e198ceb854084c0a14065,205,102.50,4.60,2,6,5,0.019487,0.641558,Minotaur,minotaur(pow_w:0.50),2.43,240,0
48,3,0xbd8ea1a3ef295bc31a4330a63fb03446621bb9ca,12.870893,1772562780,15d857a94be513d381e3a574b3293e0e6c4be945829139813b8d7898759d7917,250,125.00,3.73,1,6,4,0.019578,0.642385,Minotaur,minotaur(pow_w:0.50),2.32,241,0
48,4,0x1929f93bb07e2510631aeafe14937c4f11ee1899,18.959636,1772562782,334b3231476df28223b752fbd4fc436b8f313bafd560d0c79017dc5ff9976d3e,234,117.00,4.08,1,6,4,0.019656,0.643160,Minotaur,minotaur(pow_w:0.50),1.99,242,0
49,0,0x7f72084637ac712a9437ed31e4caa8a88437c54b,12.206159,1772562784,3b2916cf51b93ba6913bfb16a16f04dad5d53fbed5799dcc72ec139f20d3664d,218,109.00,3.93,1,6,4,0.019815,0.644071,Minotaur,minotaur(pow_w:0.50),1.78,243,0
49,1,0x8d5719d526bfade8878a894b0e96895672f3435b,7.463234,1772562786,a0c94c409b51be93f0c18d089db4d1600223677c4468780f8d4f90fc8e6287ae,197,98.50,4.13,1,6,4,0.019883,0.644789,Minotaur,minotaur(pow_w:0.50),1.49,244,0
49,2,0xc339f8bf978200eb65afce6c7121402eda949097,1.153543,1772562788,41358727c9a05874e7ea3d9458855fdc161f03c3a29af8353f73394ba5798741,199,99.50,4.72,1,6,5,0.019886,0.645326,Minotaur,minotaur(pow_w:0.50),1.53,245,0
49,3,0x6d6b2734a20229ddd7fd4a1470ba3e3bad4e4a85,3.368704,1772562790,9d897ef945f18bee08672e0e63d8f0816a4715db9bb789d54d59541b3b8fcb44,189,94.50,5.11,1,7,5,0.019806,0.644069,Minotaur,minotaur(pow_w:0.50),1.51,246,0
49,4,0xb5e6604b4a3f90d91425ba7d4022353ad26c29ba,17.492359,1772562792,ee25a9a4bb8f772921d306617698cc839b396401371ceaa340ddb7d4427b66ba,198,66.00,4.15,1,6,4,0.019755,0.643905,Minotaur,minotaur(pow_w:0.50),2.49,247,0
50,0,0x57e3892f0023c24041f622af6dc5707191b2d2ff,7.767213,1772562795,f302ff8a36d9f73bcf18cb155713f781f8159b0565505dc802fb65e39af5aa8c,225,112.50,4.57,1,6,5,0.019889,0.644768,Minotaur,minotaur(pow_w:0.50),2.50,248,0
50,1,0x9ee5d2f2f5de94256ba4a9eb035f3e4d2ea6926a,12.628531,1772562797,1d8c6c1653cfeaacc6c6086660d3bd9213cf60f1a0a4d8ef8ff096e6b28470fb,236,118.00,3.65,1,5,4,0.019895,0.645307,Minotaur,minotaur(pow_w:0.50),2.26,249,0
50,2,0x6fffbc98201ac7b26abc2f3bcd1d9cc6660210b3,4.512407,1772562799,8666de0261eb9e347f7a1d6fd60a095ecfe15aaa923ed101dddd87c1e0e5f20e,226,113.00,4.08,1,6,4,0.019964,0.646007,Minotaur,minotaur(pow_w:0.50),2.00,250,0
50,3,0x077851107a4aaeae8dda111af1cd2ebe0ce8e0e2,2.410449,1772562801,5283976aa6326c4a26b7e73f4dedc6547c6b9967288b0c135629b9fa6301875f,239,119.50,4.09,1,5,4,0.019927,0.646090,Minotaur,minotaur(pow_w:0.50),1.84,251,0
50,4,0xede641736af30384f3691f747a402ceadfdbe5c7,2.558436,1772562803,260cf855f7c6d9d995f349d2a8f646fa2f756111ad218f4b7b73a061c4b2f1f8,233,116.50,3.29,1,5,3,0.019864,0.645424,Minotaur,minotaur(pow_w:0.50),1.69,252,0
51,0,0xac768e60b9269babb15cb1e36ee843243d7c7543,6.682175,1772562805,bc5d753a3d823db68a36eda743134a02a202c8248d58176d0c00e3ad821fb8f2,191,95.50,4.54,1,6,5,0.019864,0.645427,Minotaur,minotaur(pow_w:0.50),1.51,253,0
51,1,0x26896082d5b826a8bd78bb91973a2e197c7f424f,6.511926,1772562807,f2acc6d5544a97bbd7b2581ff4a96b862e9ef18d922dd75c606ece2f0c1baf7d,206,103.00,4.14,1,6,4,0.019794,0.645212,Minotaur,minotaur(pow_w:0.50),1.60,254,0
51,2,0x736a479ae6c77ae4dfa73702011ac77961903b8b,11.584564,1772562809,72611c7ac1a689923839a3a25663156ec0826b16a8ef7d8b090cb896d18b32b4,183,91.50,3.81,1,6,4,0.019783,0.645557,Minotaur,minotaur(pow_w:0.50),1.54,255,0
51,3,0x9ee5d2f2f5de94256ba4a9eb035f3e4d2ea6926a,13.630681,1772562811,a43da9e67c9c3bd629b206e6c8454a5d3a83d093e4c7da10ed29a435ffc3d309,190,63.33,4.30,2,6,4,0.019836,0.646198,Minotaur,minotaur(pow_w:0.50),2.51,256,0
51,4,0x8d5719d526bfade8878a894b0e96895672f3435b,8.465054,1772562813,2446bc66341d9cbc2c9da8776ac96e3847441f52588ce7e8798abe68dcb74e2a,195,97.50,4.15,1,6,4,0.019913,0.646934,Minotaur,minotaur(pow_w:0.50),2.43,257,0
52,0,0x201a0986890f62993aad9a27774df79626864d3c,1.283505,1772562815,4c97de22b57a3bdfbc82a29f44f15c6fa5de2d5d04d6fd3de41e55f851b3a301,102,102.00,4.67,2,6,5,0.019925,0.647495,Minotaur,minotaur(pow_w:0.50),1.95,258,0
52,1,0x4e4f8d26e08ed7bc47317628f39dcbd0d62a4b92,3.591832,1772562817,d21e503304a3838400e6257876c5baaa5c8594b50eb785a1e84adde913a2c3c7,250,125.00,3.44,1,5,4,0.019848,0.646311,Minotaur,minotaur(pow_w:0.50),2.12,259,0
52,2,0xe6ac6ee85edf9fd29a2a96a746131314497a7dae,14.370359,1772562819,5fac16b2d1dc0e501ef9ec6b6c55566108f0844aa41da8a27934d5264aa9c38f,248,124.00,3.61,1,5,4,0.019800,0.646195,Minotaur,minotaur(pow_w:0.50),1.82,260,0
52,3,0x282f43759e22b50aa7989261c51c367f325c3f91,1.219024,1772562821,dcc692baa8c740d89c11cac7dda3338ffe1f3e1e0f6f8b422e33f01740a4e176,167,83.50,4.18,1,6,4,0.019884,0.646971,Minotaur,minotaur(pow_w:0.50),1.48,261,0
52,4,0x6887b8f3f9fc2326b290d4bfb86a84ffe55773ea,3.463626,1772562823,f6f59e420273292f7fda3b934c9aae683c6a9fc1bb29fc1e6f528599fadd2c79,197,98.50,3.76,1,5,4,0.019807,0.645734,Minotaur,minotaur(pow_w:0.50),1.49,262,0
53,0,0xea287b266dbe2c2d402fd91814bcfc4c95d6b0fd,1.390953,1772562825,8262d28be4f5dbc7d98b9109cb2bd593cc3dca60d11e0484bb0f4708fd174c0a,196,98.00,3.96,1,5,4,0.019808,0.645739,Minotaur,minotaur(pow_w:0.50),1.52,263,0
53,1,0xaadc5fea232580cb8fba739ac5d05a48559c7e52,0.167013,1772562827,a52279deb0994bc41efd73b82e7bd388112b8f2321e81a3cc58ea0caca515b3a,192,64.00,3.87,1,5,4,0.019733,0.644553,Minotaur,minotaur(pow_w:0.50),2.54,264,0
53,2,0xdd14034b084733395b6c7ea432bdeed9b035fe64,2.368521,1772562830,f88071e255a2d420e63c0d77003382be984ccb200acf36e50b3d9121cfc0c725,202,101.00,4.91,1,6,5,0.019645,0.642438,Minotaur,minotaur(pow_w:0.50),2.49,265,0
53,3,0x11cda440efbd7feef624c5cb807ae62e7c888299,4.042776,1772562831,2eb31653651c06db3d66f93c5045e7c3fd74777c0b6c009052e60cca59bd8f3a,212,106.00,4.09,2,5,4,0.019583,0.641719,Minotaur,minotaur(pow_w:0.50),2.31,266,0
53,4,0x1929f93bb07e2510631aeafe14937c4f11ee1899,19.961516,1772562833,a4fee6aaf3bf946004911c6b7c90de243c4e825db201e030c8eded514331d358,117,117.00,3.83,2,5,4,0.019542,0.641701,Minotaur,minotaur(pow_w:0.50),1.61,267,0
54,0,0x2abf89d7c96c80fcff9dec1fe92803573094ee35,1.238361,1772562835,8d1d0932ea55d47453cf02183ed97521c5c17c0bea2fe6d60c370a0cbb63b03e,250,125.00,3.85,1,6,4,0.019689,0.642561,Minotaur,minotaur(pow_w:0.50),1.86,268,0
54,1,0x11cda440efbd7feef624c5cb807ae62e7c888299,5.043886,1772562837,f6f25fd3aa6fe3d104467450eabc422641439888590cc0df268b4a1dcd183748,214,107.00,3.97,1,6,4,0.019614,0.641303,Minotaur,minotaur(pow_w:0.50),1.70,269,0
54,2,0xbd8ea1a3ef295bc31a4330a63fb03446621bb9ca,13.872793,1772562839,fafcb0240121ece20b063e4258c1c283891ecb5bb11e845ed94230a565448230,200,100.00,3.71,1,5,4,0.019585,0.641434,Minotaur,minotaur(pow_w:0.50),1.53,270,0
54,3,0x213068cb42718d1dd6d00a6d94d62a3def0e68eb,2.182219,1772562841,bd5b20b5445a396b9a4b695db8d12f2c37072373c74a18027d276dcc3f9a68da,197,98.50,4.10,1,6,4,0.019658,0.642140,Minotaur,minotaur(pow_w:0.50),1.44,271,0
54,4,0xac61c91e7d24df824351a6c4e562a75f0cf646f8,1.264458,1772562843,5e3a784148b276f369815ab4f2321509d3708bcb7f87d2c381cd3fa45b13c0b1,204,102.00,3.61,1,5,4,0.019595,0.641305,Minotaur,minotaur(pow_w:0.50),1.51,272,0
55,0,0x7f72084637ac712a9437ed31e4caa8a88437c54b,13.207599,1772562845,02edc333c5f5d5799dc7c6a1dbee88d720a9e349df005c6d60600c467d52d29e,180,60.00,4.58,1,6,5,0.019521,0.640040,Minotaur,minotaur(pow_w:0.50),2.51,273,0
55,1,0x7f72084637ac712a9437ed31e4caa8a88437c54b,14.209539,1772562847,b9657d596b5a1eca59d838e94a871c8b6bd58561560f280300cd33e43e00cef2,195,97.50,4.00,1,6,4,0.019585,0.640698,Minotaur,minotaur(pow_w:0.50),2.45,274,0
55,2,0x34412315480562da4810040fd15c81f99880e1ab,1.652948,1772562849,33f2312859b8bdd7a839d51ee8444b5359b6f9ec007e394d434aa42487761a22,131,131.00,4.01,1,6,4,0.019660,0.641399,Minotaur,minotaur(pow_w:0.50),1.74,275,0
55,3,0xd30112d9e8fb890eee1497d58e0796d7099236c5,9.332096,1772562851,7c528658e2557bfc976ae936e5352659f6ae4ca65f7852a33133e1079317d985,218,109.00,3.65,1,5,4,0.019591,0.640270,Minotaur,minotaur(pow_w:0.50),2.03,276,0
55,4,0x408bb0bf84df50b21c53c74420987f172d4036a1,0.124125,1772562853,8b0da576fe1e1331575a5680e367fd4f78a30341fd6353e680792eb84eeb6502,207,103.50,4.51,1,6,5,0.019610,0.640857,Minotaur,minotaur(pow_w:0.50),1.90,277,0
56,0,0x21c7a306b3cca8bd89d0be66a55236c4631d2923,8.148951,1772562855,ba5e704afec884b39930afff1d571076a805852ffd14e4dcb58a6d7b32142441,231,115.50,4.13,1,6,4,0.019524,0.638737,Minotaur,minotaur(pow_w:0.50),1.77,278,0
56,1,0x6887b8f3f9fc2326b290d4bfb86a84ffe55773ea,3.463296,1772562857,f15044ac6059eaa9493660dccbe149dacd7e44365213f04ce4ef545687b67b0e,203,101.50,4.22,1,6,4,0.019528,0.639246,Minotaur,minotaur(pow_w:0.50),1.57,279,0
56,2,0x8d5719d526bfade8878a894b0e96895672f3435b,9.465844,1772562859,2bfb2a542966444bd11a430664eeeef80bf4f9ac72145313466889fd82520389,194,97.00,3.78,1,5,4,0.019481,0.639067,Minotaur,minotaur(pow_w:0.50),1.49,280,0
56,3,0x48c58818efe36dfbd1c5dfead6851bbf8aefb18f,2.822391,1772562861,b11baa3cb883d91c5c8eae980e2eeba24c8fa7c6b140dd37394cd883699bdcf8,211,70.33,4.67,2,6,5,0.019500,0.639628,Minotaur,minotaur(pow_w:0.50),2.48,281,0
56,4,0xaadc5fea232580cb8fba739ac5d05a48559c7e52,1.168803,1772562863,a2ff69dfc75ecd3971405ad63bb2b2e000326ed5627febb851f450f0ca8599c1,204,102.00,3.90,1,5,4,0.019445,0.639146,Minotaur,minotaur(pow_w:0.50),2.50,282,0
57,0,0x50fd7cec35d6da8c1ceeb02c78df7b739d3dadb5,4.210408,1772562865,3224cda86064fb9baa711b5cbcbecfae18b2a287942e1ea242d68588b2e995bf,228,114.00,4.89,1,6,5,0.019372,0.637828,Minotaur,minotaur(pow_w:0.50),2.50,283,0
57,1,0x1cf23fd02cfc98e919eaf2cc6ed1d6356c36260d,4.356158,1772562867,8d0efaf066a15d9736000969956d5668175b839c6dd6c6748caf60e31f7a56a2,133,133.00,3.78,2,5,4,0.019333,0.637812,Minotaur,minotaur(pow_w:0.50),1.71,284,0
57,2,0x7f72084637ac712a9437ed31e4caa8a88437c54b,15.210699,1772562869,3b289dc9dffd6bf6bc1c71a58f878f158000c03d21f01bffe5857cabf778b498,223,111.50,3.73,2,5,4,0.019296,0.637798,Minotaur,minotaur(pow_w:0.50),1.87,285,0
57,3,0x736a479ae6c77ae4dfa73702011ac77961903b8b,12.586124,1772562871,a26a3d411b2bb893680b7f18bf2e4c44563955fb2160f72a48b68658d22be0b8,223,111.50,4.00,1,6,4,0.019377,0.638564,Minotaur,minotaur(pow_w:0.50),1.71,286,0
57,4,0x7f72084637ac712a9437ed31e4caa8a88437c54b,16.212899,1772562873,2c4faca610940965005b07631bf1a19b7d4863900956becc882f82e753492a18,224,112.00,4.32,2,6,4,0.019429,0.639176,Minotaur,minotaur(pow_w:0.50),1.75,287,0
58,0,0xa447d277b02012c2afd9ddcbbe123f27cc971963,5.947759,1772562875,21e72d6e2cc0f0e3548adb5597d9dceb4cd71778e6600404dee39b62dcd2f20b,199,99.50,4.20,2,6,4,0.019429,0.639179,Minotaur,minotaur(pow_w:0.50),1.62,288,0
58,1,0xd30112d9e8fb890eee1497d58e0796d7099236c5,10.333956,1772562877,de2a9e7e408a7cdc5611ae30476d78af8163a019b0b81e9893b9f893abf53b16,161,80.50,4.37,1,6,5,0.019498,0.640191,Minotaur,minotaur(pow_w:0.50),1.53,289,0
58,2,0x4e4f8d26e08ed7bc47317628f39dcbd0d62a4b92,4.593812,1772562879,3ca29ea944f8010ca944a6a7c3ff06b92d787fa518acbb965c75053cfc04342c,175,58.33,4.71,2,6,5,0.019524,0.640760,Minotaur,minotaur(pow_w:0.50),2.55,290,0
58,3,0x7f72084637ac712a9437ed31e4caa8a88437c54b,17.214829,1772562881,bd926101af714cd43265c888225679ca01ef48a1201878e36e668924a6172ab9,221,110.50,3.51,1,6,3,0.019488,0.640752,Minotaur,minotaur(pow_w:0.50),2.48,291,0
58,4,0x86ff64c118a1d895de497417c51566801f041b29,14.708464,1772562883,1bdef3f615888d50c7d5a3d688ecdadbf8c71241823dedab7ddff114c1085a95,224,112.00,3.96,1,6,4,0.019586,0.641504,Minotaur,minotaur(pow_w:0.50),2.33,292,0
59,0,0xd67aaaf210c0c36ddcb7055222d168b5c9dd1b36,2.708741,1772562885,0fd94a9d329227f9e475bca8df5000ec42e2884a68e16a65cd43cd68e6661520,115,115.00,3.58,1,5,4,0.019657,0.642197,Minotaur,minotaur(pow_w:0.50),1.70,293,0
59,1,0xe3de47cd6a683f0071813f881efa7652a069e5d6,6.888045,1772562887,af84f55c02921d4080c1b94822ee265f582b4445448a827630be3b5217304b54,176,88.00,4.44,1,6,4,0.019601,0.641634,Minotaur,minotaur(pow_w:0.50),2.02,294,0
59,2,0x11cda440efbd7feef624c5cb807ae62e7c888299,6.045676,1772562889,4332ef381d6a63c98d5371b2001c562edaf6936b449f51b627ca9e7d341e70ea,191,95.50,4.70,2,6,5,0.019588,0.641976,Minotaur,minotaur(pow_w:0.50),1.87,295,0
59,3,0x8c11ec9090dd820c076e57e899d9c604c79d6b32,0.075227,1772562891,8d8b65e52037518fb933c0077c8b94dcd3a7bb3fbba9acb0613dad6afd292646,238,119.00,3.92,1,6,4,0.019567,0.642194,Minotaur,minotaur(pow_w:0.50),1.81,296,0
59,4,0xe6ac6ee85edf9fd29a2a96a746131314497a7dae,15.371619,1772562893,fe7b93130e62a76fde48b759d737965120477871a2660666b6a9689fc228f7e9,199,99.50,4.33,2,7,4,0.019484,0.640074,Minotaur,minotaur(pow_w:0.50),1.53,297,0
60,0,0xbd8ea1a3ef295bc31a4330a63fb03446621bb9ca,14.874343,1772562895,c68a3fafd025a1bedc4e7b5923d5fad1ca5f4afc4dff45f29ffa4644e2ec1dd7,207,103.50,4.11,1,6,4,0.019560,0.640781,Minotaur,minotaur(pow_w:0.50),1.47,298,0
60,1,0x8d5719d526bfade8878a894b0e96895672f3435b,10.467754,1772562897,809b0e32b2c55abf61bbe824a1370623ac8885abb22ca0af0978ccd646cdc773,221,73.67,4.14,1,6,4,0.019629,0.641437,Minotaur,minotaur(pow_w:0.50),2.47,299,0
60,2,0x11cda440efbd7feef624c5cb807ae62e7c888299,7.048006,1772562899,faf2ca3aa3ad04e8d88ccf86ea509afbd8dadc930ff9288b61d2b7c49f5bd031,206,103.00,4.71,1,6,5,0.019652,0.641969,Minotaur,minotaur(pow_w:0.50),2.50,300,0
60,3,0x1cf23fd02cfc98e919eaf2cc6ed1d6356c36260d,5.358238,1772562901,0085c2ada3bd9d76b95e0d79dd4150d52ac301b951bc0014d5e387f1a294e25d,216,108.00,3.61,1,5,4,0.019640,0.642301,Minotaur,minotaur(pow_w:0.50),2.32,301,0
60,4,0x077851107a4aaeae8dda111af1cd2ebe0ce8e0e2,3.411979,1772562903,7757a8516dc336dacb98f547a386c7f0c7849135d78ecd9864bceadf40054d41,128,128.00,3.53,2,5,3,0.019612,0.642417,Minotaur,minotaur(pow_w:0.50),1.68,302,0
61,0,0x1929f93bb07e2510631aeafe14937c4f11ee1899,20.963586,1772562905,4b25c36773c4d47178b6200054eb7075d2435e67d903bea4e8975ec8eca108d1,245,122.50,3.18,1,5,3,0.019563,0.642165,Minotaur,minotaur(pow_w:0.50),1.97,303,0
61,1,0xbd8ea1a3ef295bc31a4330a63fb03446621bb9ca,15.876453,1772562907,6bed144c349889116a1af65170bc2066ed5681514de432a54a63944a66995e1c,226,113.00,3.87,2,6,4,0.019691,0.642955,Minotaur,minotaur(pow_w:0.50),1.65,304,0
61,2,0xe7792a20046b0c4f4f924c11c8be8222d5b68043,5.808404,1772562909,9218e247ddcf6f4fa6e28d4a9ef713c0dd395a393a10aa4b6fac1524088a99b7,215,107.50,4.06,1,6,4,0.019767,0.643638,Minotaur,minotaur(pow_w:0.50),1.65,305,0
61,3,0x9b46315c7b4e9d596103fa2d6c3eb98845b48474,4.764602,1772562911,96eab640d7d7efcf5e85d9455fd56bf67f6ac43d9612a0fed3fe6ca2b1be33d4,192,96.00,4.66,2,6,5,0.019741,0.643790,Minotaur,minotaur(pow_w:0.50),1.57,306,0
61,4,0x0d91704595bff3aec25d40822498a51c62b05e3a,2.380462,1772562913,846ee2a0dd5f0b3d4be166d13bf17c730fd299d7525d6dfedf4219cc98b5b731,237,118.50,4.69,1,6,5,0.019706,0.643769,Minotaur,minotaur(pow_w:0.50),1.58,307,0
62,0,0x86ff64c118a1d895de497417c51566801f041b29,15.709384,1772562915,dc9dfcbf075131c2a924218a02ddcd394051a97ff9171acdd0c7dd34dc3321c9,187,93.50,3.57,1,5,4,0.019647,0.643025,Minotaur,minotaur(pow_w:0.50),1.50,308,0
62,1,0x81d019380961f92c2031b0a7fba69f7675145088,5.557884,1772562917,fbcfd2df5378c15f6b15e03b26dba7e3f9ec2500a3891a36bc171c4d4fedf611,222,74.00,3.86,1,5,4,0.019719,0.643667,Minotaur,minotaur(pow_w:0.50),2.48,309,0
62,2,0x9ee5d2f2f5de94256ba4a9eb035f3e4d2ea6926a,14.631811,1772562920,027859eef079ec6488bd6967e229e6e3f57b02cc6db4bc61421120871109baf7,217,108.50,4.30,1,6,4,0.019691,0.643759,Minotaur,minotaur(pow_w:0.50),2.46,310,0
62,3,0xd61b00c297972877b45f8d7f4d67fdaf20c67c59,5.850845,1772562922,fd25be5ff06a3ddf68528f27b35c2d22cdc325095587f15bb67c6550c5fc9a77,235,117.50,4.12,1,6,4,0.019752,0.644357,Minotaur,minotaur(pow_w:0.50),2.32,311,0
62,4,0xb5e6604b4a3f90d91425ba7d4022353ad26c29ba,18.493759,1772562924,ccdf867f1e6f157490ed7185ae466b72efbca83ae5c30261e30a32a3290a091b,207,103.50,4.41,1,6,4,0.019726,0.644460,Minotaur,minotaur(pow_w:0.50),2.18,312,0
63,0,0xa447d277b02012c2afd9ddcbbe123f27cc971963,6.948999,1772562926,054d1a8167915e16f58d9f609048e57d997c579ad5d6f95a27e5f4885b3da26c,225,112.50,4.45,1,6,5,0.019823,0.645200,Minotaur,minotaur(pow_w:0.50),2.06,313,0
63,1,0x736a479ae6c77ae4dfa73702011ac77961903b8b,13.587964,1772562928,d912a55784186d170511598f1559338808a66d7df730de96f9c86511f380b024,242,121.00,4.40,1,6,4,0.019808,0.645473,Minotaur,minotaur(pow_w:0.50),1.92,314,0
63,2,0x26896082d5b826a8bd78bb91973a2e197c7f424f,7.512846,1772562930,8481239701f3799380bb360bea159e3e522b4c31bfadfc8a44197fb0d1c0a90d,196,98.00,4.27,2,6,4,0.019856,0.646032,Minotaur,minotaur(pow_w:0.50),1.62,315,0
63,3,0x48c58818efe36dfbd1c5dfead6851bbf8aefb18f,3.823931,1772562932,61d2ccc09a3bd9532d5a6101992f92ec5ce98015cc0828b0ab653f1135e48143,205,102.50,3.86,1,6,4,0.019846,0.646384,Minotaur,minotaur(pow_w:0.50),1.50,316,0
63,4,0xd30112d9e8fb890eee1497d58e0796d7099236c5,11.335216,1772562934,085ad706bb9e121dbf8069c2215079cac9868387bd3b5449176f1e0ff797e465,198,99.00,3.91,1,5,4,0.019800,0.646212,Minotaur,minotaur(pow_w:0.50),1.48,317,0
64,0,0xd67aaaf210c0c36ddcb7055222d168b5c9dd1b36,3.710111,1772562936,2cb674cf99157bdad8a58d30854ed2d4db84819b0809abc32359b21f1a281468,199,66.33,4.64,1,6,5,0.019826,0.646734,Minotaur,minotaur(pow_w:0.50),2.43,318,0
64,1,0x7f72084637ac712a9437ed31e4caa8a88437c54b,18.216689,1772562939,6d71034d64a85b9a39fecaf3a8276ecb3362de16c1e1e2197ff3cbaf0df406c4,214,107.00,4.29,1,6,4,0.019780,0.646514,Minotaur,minotaur(pow_w:0.50),2.47,319,0
64,2,0xe3de47cd6a683f0071813f881efa7652a069e5d6,7.889685,1772562941,64a745ffb85678410f288b4d7328520959ca12870028e971e068b0b39ba3ac1d,223,111.50,3.95,1,6,4,0.019869,0.647210,Minotaur,minotaur(pow_w:0.50),2.26,320,0
64,3,0x48c58818efe36dfbd1c5dfead6851bbf8aefb18f,4.825871,1772562943,fa8b85f966e6ba15c1c3ed170655031ce32ff5e13387e2da994decdd6b807be7,177,88.50,4.74,1,7,5,0.019862,0.647589,Minotaur,minotaur(pow_w:0.50),2.22,321,0
64,4,0x1929f93bb07e2510631aeafe14937c4f11ee1899,21.965606,1772562945,d5859bea39a5b250b1bc6f14c6b5dacf0c05ab5aedc319675ac4d51a428f07c1,250,125.00,3.88,1,5,4,0.019826,0.647535,Minotaur,minotaur(pow_w:0.50),2.19,322,0
65,0,0x86ff64c118a1d895de497417c51566801f041b29,16.711424,1772562947,dd7c73192ec9f3ff7865b7dc378b815cedf5660b1da619c58bf9597a43af2fe5,250,125.00,3.90,2,6,4,0.019948,0.648281,Minotaur,minotaur(pow_w:0.50),1.74,323,0
65,1,0xb5bd9a09974bf229341d914f01ce2e2c8b346713,7.290204,1772562949,be5c4e9a2e899ad92e63950b1eed86434f0a69652fc81f1a8946a1919bb5e8cd,106,53.00,3.79,2,5,4,0.020021,0.648933,Minotaur,minotaur(pow_w:0.50),1.26,324,0
65,2,0x9c39f7fffaa5c5cfab20dfdd05663497918580c1,1.990332,1772562951,1796fe4ee05ac98ce246d4c156e35853c0007de0009b48ef11b0007fbe9d24fe,185,92.50,4.03,1,6,4,0.020007,0.649200,Minotaur,minotaur(pow_w:0.50),1.50,325,0
65,3,0xb5bd9a09974bf229341d914f01ce2e2c8b346713,8.292034,1772562953,0f8b0c2f76c67ad43f8a365869d2c94b1edd1142b1034b247d940176e179657f,205,68.33,4.05,1,6,4,0.019944,0.648265,Minotaur,minotaur(pow_w:0.50),2.51,326,0
65,4,0xb5bd9a09974bf229341d914f01ce2e2c8b346713,9.294304,1772562955,d22f7b97ca912dc1583cae0a0330413550286aa2851bd2cb26dad7642cce6377,229,114.50,4.10,1,6,4,0.019939,0.648658,Minotaur,minotaur(pow_w:0.50),2.47,327,0
66,0,0x9ee5d2f2f5de94256ba4a9eb035f3e4d2ea6926a,15.633931,1772562958,9fe24c926ead8ab31ab265710c7a14b1f5a919f5795ffd3e27c997c9cba85bab,203,101.50,4.02,1,6,4,0.019943,0.649110,Minotaur,minotaur(pow_w:0.50),2.55,328,0
66,1,0x4414c05be2cf328f38d2e3ef4b705d6b894f044a,0.671393,1772562960,70ce453771596a8e5c0a878c448c93aa598b39b55836c5294d1e05324b4e71d9,209,104.50,4.17,1,6,4,0.020004,0.649682,Minotaur,minotaur(pow_w:0.50),2.27,329,0
66,2,0x9ee5d2f2f5de94256ba4a9eb035f3e4d2ea6926a,16.636001,1772562962,1493c4e288728b23e13bf69879d5b569449a7e97fa3b7d0f2b108efb59480e15,231,115.50,4.13,1,6,4,0.019930,0.648168,Minotaur,minotaur(pow_w:0.50),2.06,330,0
66,3,0x908c4aa9c7360555ff390e0bfa275f690bd28087,3.279134,1772562964,25cbbb39b9b13afa77f8c9df47ace70f8b3aa4c58d77a7137395b3dca28588dc,228,114.00,4.02,1,6,4,0.019998,0.648780,Minotaur,minotaur(pow_w:0.50),1.89,331,0
66,4,0x6fffbc98201ac7b26abc2f3bcd1d9cc6660210b3,5.513577,1772562966,e1832e63af8abbada1b2d4ce090b66a9de4eb48d82b4eea46c5001fb5911151e,183,91.50,4.53,1,6,5,0.019948,0.648432,Minotaur,minotaur(pow_w:0.50),1.75,332,0
67,0,0x81d019380961f92c2031b0a7fba69f7675145088,6.559784,1772562968,fb051c08509b8a2fd2e3ed2016ceadbf7b6e781e767326e13214c5f97b5ef442,227,113.50,4.09,1,6,4,0.019917,0.648447,Minotaur,minotaur(pow_w:0.50),1.70,333,0
67,1,0x0dcc0d0c917f3c454bbb1587d973a40d89a776cd,3.765986,1772562970,88887c427b8cece6790635f741003f865af44b18f01b0645089b2e265ef2ae1f,219,109.50,4.37,1,6,4,0.019896,0.648609,Minotaur,minotaur(pow_w:0.50),1.52,334,0
67,2,0x8d5719d526bfade8878a894b0e96895672f3435b,11.469424,1772562972,cb57581f28919b433c5b640bd987309953cadb4e5c5323790a2149954071b329,189,63.00,3.90,1,5,4,0.019850,0.648361,Minotaur,minotaur(pow_w:0.50),2.50,335,0
67,3,0x0d91704595bff3aec25d40822498a51c62b05e3a,3.381892,1772562974,97428933132ad325fd014c4680f0a9450494ffb6d5353c5da3aa16ac3cdb53f5,200,100.00,4.66,1,6,5,0.019872,0.648838,Minotaur,minotaur(pow_w:0.50),2.54,336,0
67,4,0x736a479ae6c77ae4dfa73702011ac77961903b8b,14.589524,1772562977,240df7334df40aaec229d7d3fa768261b036b9e11e425c767d064b717fda72cb,190,95.00,3.45,1,5,4,0.019823,0.648477,Minotaur,minotaur(pow_w:0.50),2.31,337,0
68,0,0x34412315480562da4810040fd15c81f99880e1ab,2.654138,1772562979,c24a069a48708768b2bba4111a1899a8624ac91f3542823b6ebe6dab302caa5e,202,101.00,4.06,1,6,4,0.019871,0.649004,Minotaur,minotaur(pow_w:0.50),2.41,338,0
68,1,0xac768e60b9269babb15cb1e36ee843243d7c7543,7.683105,1772562981,594da0045394bfe7dc5c0d2b41fc2318bb9a0841183acb04aae1546a1de3964d,250,125.00,3.62,1,5,4,0.019816,0.648370,Minotaur,minotaur(pow_w:0.50),1.96,339,0
68,2,0x11cda440efbd7feef624c5cb807ae62e7c888299,8.049636,1772562983,4b8fed3b25cba56832eefdf66fa8532dbd76ee8f100688c26221a6ce6f97be02,228,114.00,4.07,1,6,4,0.019804,0.648650,Minotaur,minotaur(pow_w:0.50),1.75,340,0
68,3,0x015f92da24ee3ddbee68c4fe75679e9771f6ce44,2.941229,1772562985,486d303797540a0ef36355c4856fa751ca12f2168c3d92b5a0739d744e6e6a40,219,109.50,3.79,1,6,4,0.019796,0.648962,Minotaur,minotaur(pow_w:0.50),1.59,341,0
68,4,0xf35d520fa17b329eb053a9cfbf42625ab43bfc6b,3.005265,1772562987,752b8d59ef63323bac6efb113a2b1d4039f433ac16f0451d80d37f2311798715,211,105.50,3.23,1,5,3,0.019743,0.648431,Minotaur,minotaur(pow_w:0.50),1.52,342,0
69,0,0x7f72084637ac712a9437ed31e4caa8a88437c54b,19.218619,1772562989,a809ea1e8672e4c0d14de91991e6b406e21d31ead5a6277c9d99e3825262427d,214,107.00,4.32,2,6,4,0.019692,0.647903,Minotaur,minotaur(pow_w:0.50),1.54,343,0
69,1,0x21c7a306b3cca8bd89d0be66a55236c4631d2923,9.150111,1772562991,d4f07de923c38a0725ef157616c820f4dfdb4530be07e825f1d1009428db6623,183,61.00,4.09,2,6,4,0.019778,0.648580,Minotaur,minotaur(pow_w:0.50),2.49,344,0
69,2,0x81d019380961f92c2031b0a7fba69f7675145088,7.561784,1772562994,e013615fa8776b841b3cea2f40a29baec46f0a7b8f17e3c35bf612efbd5b282f,179,89.50,4.11,1,6,4,0.019778,0.648990,Minotaur,minotaur(pow_w:0.50),2.45,345,0
69,3,0x1d20c49c356c7ab4d2c5e12f8c3ec2230f3b0431,3.875581,1772562995,e4da1bd6936d5571b252fadd60cb03c78e70eb6dfe76f8fa2c2a6739175e5372,216,108.00,4.34,1,6,4,0.019765,0.649209,Minotaur,minotaur(pow_w:0.50),2.44,346,0
69,4,0xd5540753439d870b98b562fa81625a362573e8a1,3.250537,1772562997,02b54c941bc2f994093a96963252c95dbaec691f873b46bd835bd5ac80f8bd47,140,140.00,3.53,1,5,4,0.019720,0.648944,Minotaur,minotaur(pow_w:0.50),1.61,347,0
70,0,0x86ff64c118a1d895de497417c51566801f041b29,17.712164,1772562999,3000b2f37bcc0c22ad9507fb4305dd38ef3ce59743a1d0d4f62b97d62b223051,206,103.00,4.20,1,6,4,0.019671,0.648474,Minotaur,minotaur(pow_w:0.50),1.83,348,0
70,1,0xf55ac289e673da1ea6a1a44e8ad510964a8c7060,6.435846,1772563001,85f201a02c9e6cb55d12f3e3534f2c5b07d0c0bc9751c07526f242eccc8f58c7,226,113.00,3.69,1,5,4,0.019742,0.649098,Minotaur,minotaur(pow_w:0.50),1.70,349,0
70,2,0xb5e6604b4a3f90d91425ba7d4022353ad26c29ba,19.495479,1772563003,0ab5af8cee7862409558b68efabe1c5d934814d759559588e4d6345d53200aa2,234,117.00,3.89,2,5,4,0.019719,0.649213,Minotaur,minotaur(pow_w:0.50),1.53,350,0
70,3,0x282f43759e22b50aa7989261c51c367f325c3f91,2.219814,1772563005,e0b330756baf8e34f01ba5290a6801dfcb6e995671602d524392995253e26e94,203,101.50,4.61,1,6,5,0.019720,0.649217,Minotaur,minotaur(pow_w:0.50),1.56,351,0
70,4,0xd61b00c297972877b45f8d7f4d67fdaf20c67c59,6.852415,1772563007,6da462761146cc728ac2249881e6c79e859884d44ac70c07f85667ca1f8957f7,208,69.33,3.78,1,5,4,0.019662,0.648380,Minotaur,minotaur(pow_w:0.50),2.47,352,0
71,0,0xbd8ea1a3ef295bc31a4330a63fb03446621bb9ca,16.877883,1772563010,40bf0864d3f5458f6f9f1c2b45c87c43190d38283d2567320f0f5aaadd534a43,208,104.00,4.55,1,6,5,0.019643,0.648515,Minotaur,minotaur(pow_w:0.50),2.49,353,0
71,1,0xd61b00c297972877b45f8d7f4d67fdaf20c67c59,7.854495,1772563011,15b6320c52f90262b1b5bd1370cf03ee15bcdf6343f5dd3de00b1e4baaffdf6e,214,107.00,3.96,1,6,4,0.019705,0.649085,Minotaur,minotaur(pow_w:0.50),2.29,354,0
71,2,0x71f297f96355f349d66f0e9b681e7d4e11224660,1.020234,1772563013,3d408ffaa054b443d808511a5e380ef594b937a8c51a0bf9f56cc00399efe437,98,98.00,4.45,2,6,5,0.019694,0.649313,Minotaur,minotaur(pow_w:0.50),1.68,355,0
71,3,0x4e4f8d26e08ed7bc47317628f39dcbd0d62a4b92,5.595212,1772563015,8c7d6957f86eaebfc83e1ca0011a60e76e5c97a855c14b573e8bf1810e9273cd,250,125.00,3.76,1,6,4,0.019627,0.648058,Minotaur,minotaur(pow_w:0.50),2.00,356,0
71,4,0xb5bd9a09974bf229341d914f01ce2e2c8b346713,10.295944,1772563017,9e21291273f79fe19b173bc7cfc6b379320021699e07edb3ce07273fe3139000,233,116.50,3.66,1,6,4,0.019597,0.648057,Minotaur,minotaur(pow_w:0.50),1.79,357,0
72,0,0x57e3892f0023c24041f622af6dc5707191b2d2ff,8.767983,1772563019,2ca2a24a80bd5598de94113de7e6780432dbb60fad5781f3ff0c2831f4ea7eb3,206,103.00,3.97,1,6,4,0.019597,0.648059,Minotaur,minotaur(pow_w:0.50),1.44,358,0
72,1,0x33af4c5018ce01c87c5cb0da30d9749dea5f7a26,0.693405,1772563021,8a94bc7a686c4eda51cdc58cd7c9de4ebb1c6d94257e2e1528d028d2593ce00f,188,94.00,3.81,2,6,4,0.019601,0.648844,Minotaur,minotaur(pow_w:0.50),1.52,359,0
72,2,0xe3de47cd6a683f0071813f881efa7652a069e5d6,8.891035,1772563023,e52e31aad845bafb008cb67069f268559ab750b6c63853b1f6d274aa69ea4171,202,67.33,4.13,2,5,4,0.019533,0.647390,Minotaur,minotaur(pow_w:0.50),2.49,360,0
72,3,0x7a9a5663a42886122502c508c938d16377d4baa7,4.071829,1772563025,0e6a615185d462366b92c36411a9da7ed03843a63264ef7590fe8cc778d286e5,208,104.00,4.87,1,7,5,0.019529,0.647735,Minotaur,minotaur(pow_w:0.50),2.43,361,0
72,4,0xf35d520fa17b329eb053a9cfbf42625ab43bfc6b,4.007115,1772563027,c6862fec0033cc48c84e4f054577d5331dc61dcc33e0ac70c06412310aa397d2,203,101.50,4.56,1,6,5,0.019488,0.647502,Minotaur,minotaur(pow_w:0.50),2.48,362,0
73,0,0xe6ac6ee85edf9fd29a2a96a746131314497a7dae,16.372699,1772563029,9ae863e0ef24c6ac9bcc631536843eaed9292f80875a54159f1e9610f5b642ec,118,118.00,4.34,1,6,4,0.019446,0.647228,Minotaur,minotaur(pow_w:0.50),1.90,363,0
73,1,0xb5e6604b4a3f90d91425ba7d4022353ad26c29ba,19.495259,1772563031,486a5eae091c47977514dcf6a977613576b21a7e5ce152ca9d9329097b2e2c86,250,125.00,4.12,1,6,4,0.019502,0.647758,Minotaur,minotaur(pow_w:0.50),2.20,364,0
73,2,0xb5e6604b4a3f90d91425ba7d4022353ad26c29ba,20.497749,1772563033,b1fe772b60bacfbd5dc34ed3821a1a43a13399c0f26e5a406df0b4faf9b785ee,250,125.00,4.55,2,6,5,0.019581,0.648398,Minotaur,minotaur(pow_w:0.50),1.86,365,0
73,3,0x0dcc0d0c917f3c454bbb1587d973a40d89a776cd,4.767476,1772563035,2b5bcf18e3dc390db0402dace7ef098159deab7dc970e32aacc6180cd1ad7dff,97,48.50,4.60,1,6,5,0.019667,0.649054,Minotaur,minotaur(pow_w:0.50),1.33,366,0
73,4,0xede641736af30384f3691f747a402ceadfdbe5c7,3.558786,1772563037,5ceb0fb5ed759098efda6689b5477d0e718cc255167b46c0bb89b6d50e2187ca,185,92.50,3.94,1,5,4,0.019630,0.648939,Minotaur,minotaur(pow_w:0.50),1.57,367,0
74,0,0xd30112d9e8fb890eee1497d58e0796d7099236c5,12.336506,1772563039,fbc419f512deec791acd88638c4cd66b4a57dde7cb7786ce2ccb0e45fee529f1,202,67.33,4.58,1,6,5,0.019584,0.648534,Minotaur,minotaur(pow_w:0.50),2.50,368,0
74,1,0xe3de47cd6a683f0071813f881efa7652a069e5d6,9.892975,1772563041,f05d3ce5b62f885f3991637639ddd43ba829161911fe97098538b4b7c104628f,194,97.00,4.67,2,6,5,0.019606,0.649001,Minotaur,minotaur(pow_w:0.50),2.40,369,0
74,2,0x269cdf52f97e1d9f14b7be895155a7b294f0b21d,1.503917,1772563043,19ac36757020f7f6e0169fc1dd45b98aea8f5bb95da8b173b68656fffff331fc,218,109.00,4.73,1,7,5,0.019609,0.649382,Minotaur,minotaur(pow_w:0.50),2.44,370,0
74,3,0x282f43759e22b50aa7989261c51c367f325c3f91,3.221674,1772563045,ea8b77a2eb069e5d64c7da0a0d57a51e1089fd636b702697f9161a80aabd4a66,158,158.00,4.01,1,6,4,0.019548,0.648310,Minotaur,minotaur(pow_w:0.50),1.78,371,0
74,4,0x908c4aa9c7360555ff390e0bfa275f690bd28087,4.280294,1772563047,e406ea32bb77070b124f1b1c1d418df0aedeacf9ea8674380664b303f64f0d2a,223,111.50,3.65,2,5,4,0.019500,0.647802,Minotaur,minotaur(pow_w:0.50),2.03,372,0
75,0,0x736a479ae6c77ae4dfa73702011ac77961903b8b,15.591114,1772563049,3888a904606c899409929f0bbaf102be2961c3501679b33ffca64e0190eecb32,196,98.00,4.60,1,6,5,0.019461,0.647571,Minotaur,minotaur(pow_w:0.50),1.93,373,0
75,1,0x9c39f7fffaa5c5cfab20dfdd05663497918580c1,2.991752,1772563051,f1fecb212aaad78c3b831e4f7c121948bd11c420b55647e3d90eddf182922b4c,244,122.00,4.28,1,6,4,0.019506,0.648064,Minotaur,minotaur(pow_w:0.50),1.82,374,0
75,2,0x719361397abe003a91af76243e5f9c7a0cd4279f,3.604104,1772563053,c3c3774b13bf6352f05c40446f307d490b7d6fc4d8fc1b29ace19e0cf80f36eb,201,100.50,4.23,1,6,4,0.019457,0.647477,Minotaur,minotaur(pow_w:0.50),1.47,375,0
75,3,0xe7792a20046b0c4f4f924c11c8be8222d5b68043,6.809314,1772563055,7e766ddfa019d822f9005d947a2e36b903e2029a3d96d1660498660528fdafc9,204,102.00,4.43,2,6,4,0.019413,0.647034,Minotaur,minotaur(pow_w:0.50),1.52,376,0
75,4,0x6887b8f3f9fc2326b290d4bfb86a84ffe55773ea,4.463946,1772563057,c4a6f67ab4fc8312ee3919fe520df811d73e0a6251b580cb939ec61a4ebcebf9,217,72.33,4.73,1,6,5,0.019392,0.647137,Minotaur,minotaur(pow_w:0.50),2.50,377,0
76,0,0x7f72084637ac712a9437ed31e4caa8a88437c54b,20.220009,1772563060,202245f965cc88b352f00755badd994deef760f7309be719e4752941f037a32b,207,103.50,3.84,1,5,4,0.019355,0.646930,Minotaur,minotaur(pow_w:0.50),2.46,378,0
76,1,0x4e4f8d26e08ed7bc47317628f39dcbd0d62a4b92,6.597242,1772563061,d4af413019dcb01e07a360eceb033020e16b642cac2aae7328f94083b4b9802d,206,103.00,3.91,1,6,4,0.019433,0.647546,Minotaur,minotaur(pow_w:0.50),2.37,379,0
76,2,0xdd14034b084733395b6c7ea432bdeed9b035fe64,3.369101,1772563063,ef7bcf4045ef8645ffa4bb3734b0a20313e4c75bae87d0b5b69fb1346bb0a885,118,118.00,3.42,1,5,3,0.019411,0.647611,Minotaur,minotaur(pow_w:0.50),1.53,380,0
76,3,0xac768e60b9269babb15cb1e36ee843243d7c7543,8.684745,1772563065,bc6bd2f44a09ad09d09a092b75c8e012488bd17aed6a1a62c7898794ded66755,201,100.50,4.05,1,6,4,0.019365,0.647084,Minotaur,minotaur(pow_w:0.50),1.81,381,0
76,4,0x7f72084637ac712a9437ed31e4caa8a88437c54b,21.222029,1772563067,d4ae58e8630d0401769dc82a209ec45f536195ec6744fc93a0a069b586f415b7,210,105.00,4.09,1,6,4,0.019358,0.647379,Minotaur,minotaur(pow_w:0.50),1.67,382,0
77,0,0x33af4c5018ce01c87c5cb0da30d9749dea5f7a26,1.695085,1772563069,b4064349dd05eb693f4fb255080747997f066762455fd1905965ee12ce19801c,217,108.50,4.17,2,6,4,0.019443,0.648009,Minotaur,minotaur(pow_w:0.50),1.59,383,0
77,1,0x86ff64c118a1d895de497417c51566801f041b29,18.713974,1772563071,1e3b9cbafd472ff9667a0049395955fc0a462b7c1b2d2a9fcd6cecc5b182b6e8,189,94.50,4.10,1,5,4,0.019385,0.647005,Minotaur,minotaur(pow_w:0.50),1.54,384,0
77,2,0x7f72084637ac712a9437ed31e4caa8a88437c54b,22.224169,1772563073,0a8554702f610c96604e37093905e1d3a4b722f2707c98961924269d92bedc08,217,72.33,3.78,1,5,4,0.019450,0.647591,Minotaur,minotaur(pow_w:0.50),2.52,385,0
77,3,0x57e3892f0023c24041f622af6dc5707191b2d2ff,9.769483,1772563075,5bffef7db7b2ef46e949d4424dc1195bcc50aef11b7b823c357fc09dfefc6f80,184,92.00,4.04,1,6,4,0.019539,0.648231,Minotaur,minotaur(pow_w:0.50),2.48,386,0
77,4,0x11cda440efbd7feef624c5cb807ae62e7c888299,9.051166,1772563078,45537f63877a88294c357ed526d22d69ae637bc68e7fbd981d788f9193c4d37d,217,108.50,3.82,1,5,4,0.019539,0.648575,Minotaur,minotaur(pow_w:0.50),2.46,387,0
78,0,0x6c60c75984d94dc873869b4fa34a1c6369e5f832,3.524595,1772563079,849a94de8dacad113a30d8fb261fb4c78edfe504fd5718a85e76053a0f3451cb,250,125.00,3.74,1,6,4,0.019534,0.648859,Minotaur,minotaur(pow_w:0.50),2.25,388,0
78,1,0x6d6b2734a20229ddd7fd4a1470ba3e3bad4e4a85,4.368724,1772563081,3262d40dacf4a34187f82181bd8eb3bf4e7cbf7963865434537c42be3b913a13,109,109.00,4.19,1,6,4,0.019489,0.648354,Minotaur,minotaur(pow_w:0.50),1.61,389,0
78,2,0x311eb133eb413ac3f21249889bb101e5d40820ce,0.069057,1772563083,b8ecf71b2e8e4dba5f1b9fc1e8db39c1ade3b84fb153e7b8420070c840384091,203,101.50,4.03,1,6,4,0.019450,0.648097,Minotaur,minotaur(pow_w:0.50),1.86,390,0
78,3,0x11cda440efbd7feef624c5cb807ae62e7c888299,10.053606,1772563085,7b3ada7aa5c84bced2c7d94a25d5ba9b91079c22e2be79c3362b27143b4a9e4d,198,99.00,3.56,2,5,4,0.019381,0.646285,Minotaur,minotaur(pow_w:0.50),1.70,391,0
78,4,0xc339f8bf978200eb65afce6c7121402eda949097,2.153343,1772563087,feb5affea6c6a4aa575659125d9bc039fee86a84751dcd1a4bb8fc666a995cef,201,100.50,3.82,1,6,4,0.019382,0.646622,Minotaur,minotaur(pow_w:0.50),1.51,392,0
79,0,0xa9a524611994a27dd3134d643379aa14edf7cb39,3.163814,1772563089,ab8bf8a655899cfc0dd0ce818f24a1458645cb2473d125ef39d2570b4154f642,184,92.00,4.98,1,7,5,0.019329,0.645783,Minotaur,minotaur(pow_w:0.50),1.44,393,0
79,1,0x8d5719d526bfade8878a894b0e96895672f3435b,12.470554,1772563091,76963d94845d661702e233b86ddbbc60db067812cdf49102258799ef0ae19e21,197,65.67,4.04,1,5,4,0.019282,0.645195,Minotaur,minotaur(pow_w:0.50),2.53,394,0
79,2,0xbd8ea1a3ef295bc31a4330a63fb03446621bb9ca,17.879423,1772563094,dd2792540fd6a61f36d622bab23daef3cf6a8abc5af500f736eb6151891480a3,214,107.00,4.73,1,6,5,0.019301,0.645626,Minotaur,minotaur(pow_w:0.50),2.48,395,0
79,3,0x8c11ec9090dd820c076e57e899d9c604c79d6b32,1.075877,1772563095,91db2ebe437b5f23bd32f367cdc56b95478947d3a9904fe4ad902156cdf97f72,212,106.00,3.97,1,6,4,0.019356,0.646175,Minotaur,minotaur(pow_w:0.50),2.39,396,0
79,4,0xbd8ea1a3ef295bc31a4330a63fb03446621bb9ca,18.881533,1772563097,cafdb8809a9e7e4f6a85514347b02989b9e755f5b7121d78dbdef222fd574960,105,105.00,4.09,1,6,4,0.019295,0.644987,Minotaur,minotaur(pow_w:0.50),1.69,397,0
80,0,0x4432cc2cd29f30f506f24d28ccd49f5b26f48e51,2.454151,1772563099,eef9a2bdcf8ed5a5382bea06a338260eb43a5f6f46afc323e6ff78bbf4300e97,221,110.50,4.07,1,6,4,0.019357,0.645541,Minotaur,minotaur(pow_w:0.50),1.97,398,0
80,1,0xbd8ea1a3ef295bc31a4330a63fb03446621bb9ca,19.883723,1772563101,66135d84c4358970b81140fae48caf37c458c6833990d41050960667ce5bcbe0,207,103.50,3.96,2,6,4,0.019306,0.644785,Minotaur,minotaur(pow_w:0.50),1.66,399,0
80,2,0xbd8ea1a3ef295bc31a4330a63fb03446621bb9ca,20.885623,1772563103,8e4fd1fc4ed9a5987d5c070629451494747595ac05cf207d0ba37697f2ab0b3a,191,95.50,4.07,1,6,4,0.019373,0.645358,Minotaur,minotaur(pow_w:0.50),1.50,400,0
80,3,0x736a479ae6c77ae4dfa73702011ac77961903b8b,16.593184,1772563105,a0712397f535173561064636ea86db27ee02966761242772992809354cf57f2d,214,107.00,4.01,1,6,4,0.019447,0.645938,Minotaur,minotaur(pow_w:0.50),1.50,401,0
80,4,0x81d019380961f92c2031b0a7fba69f7675145088,8.563324,1772563107,f374b59b72bfaa0266481b7ac1c288a5242c91ef096ec8d34be9e1335ef634c3,195,97.50,4.12,1,6,4,0.019492,0.646415,Minotaur,minotaur(pow_w:0.50),1.46,402,0
81,0,0xa447d277b02012c2afd9ddcbbe123f27cc971963,7.950269,1772563109,697c68a4a299851dae9928597061835d95884d07b15d62e1b52b3a16d8ca8da6,196,65.33,4.40,1,6,4,0.019481,0.646657,Minotaur,minotaur(pow_w:0.50),2.49,403,0
81,1,0x7f72084637ac712a9437ed31e4caa8a88437c54b,23.225769,1772563112,e3936fd62f1ba438c0abbc1aff12814813acb9f74d4e906e2210eabfee7cbfcf,201,100.50,4.35,1,6,4,0.019467,0.646841,Minotaur,minotaur(pow_w:0.50),2.46,404,0
81,2,0x34412315480562da4810040fd15c81f99880e1ab,3.655648,1772563114,b0f38649f9d4a5b2f6e73d9ab65b20e88e4e620ee6af56599be1882a0f85672c,250,125.00,4.08,1,6,4,0.019555,0.647479,Minotaur,minotaur(pow_w:0.50),2.44,405,0
81,3,0xe6ac6ee85edf9fd29a2a96a746131314497a7dae,17.374709,1772563116,81752ac348fc9c76284411aa3bc14738d7a4a7f0ebd76aa0892d86ebb2fd57d8,250,125.00,3.64,1,5,4,0.019511,0.646987,Minotaur,minotaur(pow_w:0.50),2.10,406,0
81,4,0x37cc7a82e66d4f4c2ae13b9ee895d3af1a1d7a05,2.742740,1772563118,0f5a6056a808dd5c6a238b3dabd6ac38adaa32f82c488f05689434ccfc17e0a3,225,112.50,4.10,1,6,4,0.019559,0.647488,Minotaur,minotaur(pow_w:0.50),1.90,407,0
82,0,0xe6ac6ee85edf9fd29a2a96a746131314497a7dae,18.376929,1772563120,2ccfdfff3a7d74758c8def3baeb5923ea015e38bf07c63870d3696cdd54cb8d1,246,123.00,4.01,1,6,4,0.019509,0.646791,Minotaur,minotaur(pow_w:0.50),1.64,408,0
82,1,0x015f92da24ee3ddbee68c4fe75679e9771f6ce44,3.942509,1772563122,4bea6a478afd5384a1961e594608f5c63c72d9fe4d19ea30c5f6a7bb14b9bdf5,188,94.00,4.23,1,6,4,0.019563,0.647302,Minotaur,minotaur(pow_w:0.50),1.50,409,0
82,2,0x0dcc0d0c917f3c454bbb1587d973a40d89a776cd,5.768746,1772563124,fa67832d54cf62d94bfdebb2e1e1cb8a9c5c36aa56a4fce025ec94ac9f7c92ff,223,111.50,3.37,1,5,3,0.019522,0.646882,Minotaur,minotaur(pow_w:0.50),1.50,410,0
82,3,0x9f6752dd365e7e8a776667bcea96fdad7d488c9a,2.134947,1772563126,f504a87827435be5affef8f7a1bdacdba998c089577decb703e3be0273477361,204,68.00,3.91,1,5,4,0.019492,0.646875,Minotaur,minotaur(pow_w:0.50),2.47,411,0
82,4,0xac768e60b9269babb15cb1e36ee843243d7c7543,9.686495,1772563129,f90a7576994460e37643a1dab05278971b8a6c21f04b9804974de5f4113bfa7a,225,112.50,4.27,1,7,4,0.019439,0.646007,Minotaur,minotaur(pow_w:0.50),2.47,412,0
83,0,0x11cda440efbd7feef624c5cb807ae62e7c888299,11.055316,1772563130,9b77be9fa091d79802891d9ea6ded60be43284200d32df228f9acf490fa393f3,205,102.50,4.05,1,6,4,0.019435,0.646287,Minotaur,minotaur(pow_w:0.50),2.31,413,0
83,1,0x81d019380961f92c2031b0a7fba69f7675145088,9.565124,1772563132,322222051722ef290030cff6d545ebc124b688e2a96a258d6a9f652bc8d4a324,156,156.00,3.81,1,6,4,0.019440,0.646669,Minotaur,minotaur(pow_w:0.50),1.61,414,0
83,2,0x7f72084637ac712a9437ed31e4caa8a88437c54b,24.228119,1772563134,b4b21f50659b7f8677c70891cec44052e82340d2ed5195519a03ea9a75931418,188,94.00,4.39,2,6,4,0.019435,0.646921,Minotaur,minotaur(pow_w:0.50),1.82,415,0
83,3,0x077851107a4aaeae8dda111af1cd2ebe0ce8e0e2,4.412789,1772563136,495f2834b145f6aff21cfc5bfd7f9b646579fe49194ac2f6c4e3aadc79f1337e,229,114.50,4.12,2,6,4,0.019525,0.647545,Minotaur,minotaur(pow_w:0.50),1.74,416,0
83,4,0x1929f93bb07e2510631aeafe14937c4f11ee1899,22.966846,1772563138,3e40efc6b23a0204df32f6249dbdeab00bdaf1314976d1c5f311a2d07742a09b,187,93.50,3.19,1,5,3,0.019487,0.647273,Minotaur,minotaur(pow_w:0.50),1.51,417,0
84,0,0xaea88a8cb0031b73ae83cde463c9cf385fb58f9c,8.061427,1772563140,ba0948ba6ac31c0ce0fe08d2a6cbe7ab133bc90e52d9d1939ac9e24a5e1797b7,204,102.00,3.96,2,6,4,0.019567,0.647872,Minotaur,minotaur(pow_w:0.50),1.50,418,0
84,1,0xeb82a21cb3d0dd781eb22ad74bb7cd9b4d2a06ec,1.045086,1772563142,cb235bf7923fe1a774b19a6f0c4584bb1253ea93eb59a6ed8db28eb5d678ec0b,203,67.67,4.34,1,6,4,0.019552,0.648036,Minotaur,minotaur(pow_w:0.50),2.45,419,0
84,2,0x0d91704595bff3aec25d40822498a51c62b05e3a,4.382752,1772563145,0b6a82ed81a6975924a59c500eaaeaf5d467c613659a5e6ac4aa0a88f91de11b,194,97.00,4.39,1,6,5,0.019492,0.646856,Minotaur,minotaur(pow_w:0.50),2.43,420,0
84,3,0xc339f8bf978200eb65afce6c7121402eda949097,3.154813,1772563146,0fb2867c3aa5fa608e1bbb02da42b0c278aa90f9a92c10198627e70c86511e7b,206,103.00,3.47,1,5,4,0.019454,0.646553,Minotaur,minotaur(pow_w:0.50),2.35,421,0
84,4,0xd30112d9e8fb890eee1497d58e0796d7099236c5,13.337616,1772563148,5c3a9d00742d781c1f5830d914c8f3e5815bf794bb82e54c3bdaaf68664e60a7,74,74.00,5.09,2,7,5,0.019408,0.645929,Minotaur,minotaur(pow_w:0.50),1.95,422,0
85,0,0x9ee5d2f2f5de94256ba4a9eb035f3e4d2ea6926a,17.636971,1772563150,ba3bb0caef8d763864ba0a3f94157f9a4788f39167579ade280b196f31c84568,236,118.00,4.59,1,6,5,0.019426,0.646355,Minotaur,minotaur(pow_w:0.50),2.29,423,0
85,1,0x48c58818efe36dfbd1c5dfead6851bbf8aefb18f,5.826831,1772563152,a947c5d0667b11b7de38fe108149ef337ab1f9e9a90720490577e2dcf4560c10,243,121.50,4.24,1,6,4,0.019471,0.646830,Minotaur,minotaur(pow_w:0.50),1.82,424,0
85,2,0x1929f93bb07e2510631aeafe14937c4f11ee1899,23.968766,1772563154,a61b16ff7c19c92eef7307f1dd0cacc1d0fd441c9afb774c485c91245f5cd3f7,128,64.00,3.83,2,5,4,0.019442,0.646805,Minotaur,minotaur(pow_w:0.50),1.16,425,0
85,3,0x9ee5d2f2f5de94256ba4a9eb035f3e4d2ea6926a,18.639371,1772563156,86cf8e41021251d7ef7d6aa16f80fc1df53ba9ddd24e709802613f0f66b88795,180,90.00,4.01,2,6,4,0.019525,0.647396,Minotaur,minotaur(pow_w:0.50),1.53,426,0
85,4,0x26896082d5b826a8bd78bb91973a2e197c7f424f,8.513356,1772563158,dc8cdcedd28a56ccc111785e47631ad5c33e74a042b0294e70ebc96091ae53ef,221,73.67,4.18,2,6,4,0.019575,0.647873,Minotaur,minotaur(pow_w:0.50),2.48,427,0
86,0,0x48c58818efe36dfbd1c5dfead6851bbf8aefb18f,6.828081,1772563161,14a3ad17d485cf4fb784e466dbf5d8dfd85e0991ea04cfe0773e525581ba4b37,180,90.00,3.71,1,5,4,0.019562,0.648054,Minotaur,minotaur(pow_w:0.50),2.47,428,0
86,1,0x60705151f1f537cacd5b801f3ef1b31dc3f605de,0.925197,1772563162,8fe68ec7770bd14e6c1704c28967a58988f60d9ee313af5e55525dfbbc7d5869,223,111.50,3.95,1,6,4,0.019538,0.648104,Minotaur,minotaur(pow_w:0.50),2.38,429,0
86,2,0xe3de47cd6a683f0071813f881efa7652a069e5d6,10.894365,1772563164,232bdcca83b80d0f6576005b6e45f4c348f27e4e6db0235d5bef833afd8b775b,127,127.00,4.22,1,6,4,0.019479,0.646871,Minotaur,minotaur(pow_w:0.50),1.77,430,0
86,3,0xd30112d9e8fb890eee1497d58e0796d7099236c5,14.339836,1772563166,4d023787e625a0bab1485a7793f53e2ffbd68d1815bef41e87936d0763ff2782,194,97.00,4.71,1,6,5,0.019481,0.647214,Minotaur,minotaur(pow_w:0.50),2.20,431,0
86,4,0xa5a12d96532497871d73549e55ab377e3dcb3a40,0.297940,1772563168,1dacdf01e91e975ee96115d62efd5f0d984d3fb78d9be4f0afb596f346e102d6,248,124.00,4.65,1,6,5,0.019481,0.647216,Minotaur,minotaur(pow_w:0.50),2.02,432,0
87,0,0x1929f93bb07e2510631aeafe14937c4f11ee1899,24.970426,1772563170,f6b7eeef280879bba274b2a6acc2ebd09946bac98c53f941472e1ba7fd9f19aa,161,80.50,4.22,2,6,4,0.019481,0.647218,Minotaur,minotaur(pow_w:0.50),1.66,433,0
87,1,0x86ff64c118a1d895de497417c51566801f041b29,19.715524,1772563172,f2c611fc05ad608c80bb01968a36a4035c6de4910f359d85eaa172d7634530a5,177,88.50,3.92,1,6,4,0.019418,0.645669,Minotaur,minotaur(pow_w:0.50),1.51,434,0
87,2,0x71f297f96355f349d66f0e9b681e7d4e11224660,2.021584,1772563174,3e03fefae362f8189e7289eec3f1c723ca7db80fefb638308ceab21d4f161f07,199,99.50,3.70,1,5,4,0.019559,0.646783,Minotaur,minotaur(pow_w:0.50),1.47,435,0
87,3,0xea287b266dbe2c2d402fd91814bcfc4c95d6b0fd,2.390393,1772563176,011fe7994f27221c3918efb2fa1d31c1521feef0d7627c12473cf9986712dc0e,191,63.67,3.98,1,6,4,0.019506,0.645896,Minotaur,minotaur(pow_w:0.50),2.48,436,0
87,4,0xa9a524611994a27dd3134d643379aa14edf7cb39,4.165204,1772563179,8e9aff6a8f046d9371b09dde684798f8f3f5f868d679545ff17aee2ca59787f3,206,103.00,3.79,1,5,4,0.019456,0.645097,Minotaur,minotaur(pow_w:0.50),2.44,437,0
88,0,0xf35d520fa17b329eb053a9cfbf42625ab43bfc6b,5.007385,1772563181,2cc11c948813ae0e8486ee57cfaa0f20dc065967e7864f070fd956e1eab213af,208,104.00,4.09,1,6,4,0.019417,0.644719,Minotaur,minotaur(pow_w:0.50),2.29,438,0
88,1,0x7f72084637ac712a9437ed31e4caa8a88437c54b,25.230059,1772563183,80c1def9eb190eebb5b4f2d60be8fdd7a117ddbac810dff78b1721ab7b11710c,212,106.00,4.21,2,6,4,0.019383,0.644585,Minotaur,minotaur(pow_w:0.50),2.10,439,0
88,2,0x0dcc0d0c917f3c454bbb1587d973a40d89a776cd,6.770466,1772563185,2436340e22df680c561c68eb3f499d646ea1db901d65d5894678bc8ce22fe66f,222,111.00,3.90,1,6,4,0.019469,0.645172,Minotaur,minotaur(pow_w:0.50),1.86,440,0
88,3,0xe3de47cd6a683f0071813f881efa7652a069e5d6,11.896135,1772563187,9fe3b90f3e482ca9a7e22bad02dafa5ee690d568e3d780a0dcc8e4f5e95d57fc,221,110.50,4.02,1,5,4,0.019445,0.645200,Minotaur,minotaur(pow_w:0.50),1.68,441,0
88,4,0xb5e6604b4a3f90d91425ba7d4022353ad26c29ba,21.497679,1772563189,8f649c0756ba375a8da805cb37b8f2f57a19844efe08b968241d88ff969e5537,191,95.50,4.87,1,7,5,0.019445,0.645203,Minotaur,minotaur(pow_w:0.50),1.55,442,0
89,0,0x7f72084637ac712a9437ed31e4caa8a88437c54b,26.232259,1772563191,732b99a9300fb523f27b8936e745d38602a16868dde0bbcbb9ae5a46c7b6e6ee,235,117.50,4.51,1,6,5,0.019514,0.646114,Minotaur,minotaur(pow_w:0.50),1.67,443,0
89,1,0xb5e6604b4a3f90d91425ba7d4022353ad26c29ba,22.499989,1772563193,055d5e108e36444d37f6577f395566b73fb66794b5a692a803e5799afa4df8f9,199,66.33,4.07,1,6,4,0.019604,0.646711,Minotaur,minotaur(pow_w:0.50),2.47,444,0
89,2,0xf6e059718dbd0a0956726ab97d06bad5efc6cd18,1.319580,1772563196,026ad04dbb3cd02edcd8e982e9aeefafda488292aa5732b63becd3bca653b508,224,112.00,4.45,1,6,5,0.019671,0.647261,Minotaur,minotaur(pow_w:0.50),2.41,445,0
89,3,0x6d6b2734a20229ddd7fd4a1470ba3e3bad4e4a85,5.370194,1772563197,6c0824dd79385caacdd3c8d437a80734f6aeabe51af461bc4cefdb46e475cd06,204,102.00,4.55,1,6,5,0.019615,0.646177,Minotaur,minotaur(pow_w:0.50),2.45,446,0
89,4,0x0dcc0d0c917f3c454bbb1587d973a40d89a776cd,7.772606,1772563199,79e491efa6832159ee51e1e64abdf17b89eb02ac12f4f3d1177baf5490af1c45,146,146.00,3.92,3,6,4,0.019582,0.646085,Minotaur,minotaur(pow_w:0.50),1.68,447,0
90,0,0xe7792a20046b0c4f4f924c11c8be8222d5b68043,7.810774,1772563201,f1cfa9b38d80d76ab8fb5c9809cb7100637e3e36be06adebc3b3c6865d02c0b8,230,115.00,3.87,1,5,4,0.019563,0.646199,Minotaur,minotaur(pow_w:0.50),1.99,448,0
90,1,0xd30112d9e8fb890eee1497d58e0796d7099236c5,14.339486,1772563203,0c40c49d94402396bd48de9bb44efe577e7930971577cd616bee6acb073fd06f,182,91.00,4.59,2,7,5,0.019545,0.646293,Minotaur,minotaur(pow_w:0.50),1.71,449,0
90,2,0x1929f93bb07e2510631aeafe14937c4f11ee1899,25.971896,1772563205,ed01d44d300fac1705a9c64c4442d88c98f8f7bf025fc7beee04c09a0898582b,232,116.00,4.59,1,6,5,0.019564,0.646703,Minotaur,minotaur(pow_w:0.50),1.61,450,0
90,3,0x81193196c1dbdbf80709d43a5af5ce21c201fbd7,4.964007,1772563207,5e6d53418b563179ee43a0f9768fc0727f91cda414e6792ce8ac2675b687bee0,192,96.00,3.95,2,5,4,0.019649,0.647269,Minotaur,minotaur(pow_w:0.50),1.56,451,0
90,4,0x81d019380961f92c2031b0a7fba69f7675145088,10.566484,1772563209,7d3b740932b60eedb6dc11b694cedf0c865f52161c4c92af0069c0cb9d2f0514,204,102.00,4.04,1,6,4,0.019614,0.647090,Minotaur,minotaur(pow_w:0.50),1.53,452,0
91,0,0xe6ac6ee85edf9fd29a2a96a746131314497a7dae,19.378219,1772563211,27730951687f3c213ee4e0f11809bd288a8f04f42a847fafd4631389ce84d883,212,70.67,4.32,1,6,4,0.019611,0.647382,Minotaur,minotaur(pow_w:0.50),2.49,453,0
91,1,0xe6ac6ee85edf9fd29a2a96a746131314497a7dae,20.380229,1772563214,e2c955477a60480cf135229c3a546e12696a908bcbab558f4479aa78c986aefd,201,100.50,4.09,1,6,4,0.019658,0.647849,Minotaur,minotaur(pow_w:0.50),2.44,454,0
91,2,0xf0bd048a92a215bf323f2a70d6a54ab9b348f309,7.246628,1772563216,0f52a303288a1ca7bc8073d883e3bdd2ccd02b4c7d82859eba5be9fd953dd23b,226,113.00,4.14,2,6,4,0.019710,0.648335,Minotaur,minotaur(pow_w:0.50),2.29,455,0
91,3,0xd30112d9e8fb890eee1497d58e0796d7099236c5,15.341626,1772563218,a425164b173c4a30fa0b7f28a4aa9aa1b2097a9e7d860fbdff26c6abc7426a14,193,96.50,4.59,1,7,5,0.019687,0.648376,Minotaur,minotaur(pow_w:0.50),2.22,456,0
91,4,0x736a479ae6c77ae4dfa73702011ac77961903b8b,17.594264,1772563220,3a93bbad2d92213b93e63d5bfc67a81ad5881d8752d452c1d648a2e6c5252398,208,104.00,4.54,1,6,5,0.019710,0.648778,Minotaur,minotaur(pow_w:0.50),2.08,457,0
92,0,0xfb35fdafcfc84561a42700a4a1c274edeb75bdc1,1.223307,1772563222,3f865f99f970d2f78bf5d6bfd29ec50366d0dd9f30e5f5ecd094723945cdeb57,250,125.00,4.22,1,6,4,0.019745,0.649200,Minotaur,minotaur(pow_w:0.50),1.90,458,0
92,1,0x1929f93bb07e2510631aeafe14937c4f11ee1899,26.973766,1772563224,9ff1cc481365c1dc5d2c78bb2fe7709ff945beea043eea7d399633a190252a02,129,64.50,4.87,1,7,5,0.019689,0.648090,Minotaur,minotaur(pow_w:0.50),1.52,459,0
92,2,0x37cc7a82e66d4f4c2ae13b9ee895d3af1a1d7a05,3.744440,1772563226,91ea6797278e8130c977577b1d31408a11892a1ed370110e8897409768c8efd8,222,111.00,3.96,1,6,4,0.019776,0.648663,Minotaur,minotaur(pow_w:0.50),1.57,460,0
92,3,0x9b46315c7b4e9d596103fa2d6c3eb98845b48474,5.764722,1772563228,3990652d8afea0d01c5feb73b046868fc9243e894a7302d188218c1dcb44fb97,180,90.00,3.96,1,5,4,0.019734,0.648160,Minotaur,minotaur(pow_w:0.50),1.47,461,0
92,4,0x6fffbc98201ac7b26abc2f3bcd1d9cc6660210b3,6.514077,1772563230,84f428eb2b3820cc7aaad8964b1aa52262ec4b35ff89fa9c8725639d8cff4b0f,172,57.33,4.60,1,6,5,0.019703,0.648085,Minotaur,minotaur(pow_w:0.50),2.56,462,0
93,0,0xaea88a8cb0031b73ae83cde463c9cf385fb58f9c,9.062787,1772563232,38c4c87c57130608f2f4ba9637fcf638d185b6193051377c73b085aeaa94dd78,202,101.00,3.99,1,6,4,0.019676,0.648057,Minotaur,minotaur(pow_w:0.50),2.42,463,0
93,1,0xaea88a8cb0031b73ae83cde463c9cf385fb58f9c,10.063747,1772563234,a799c9008a3fb19226a8ccec2ced0c95af833b3c5c142c9e147288d0384b63d4,98,98.00,4.47,1,6,5,0.019664,0.648246,Minotaur,minotaur(pow_w:0.50),1.83,464,0
93,2,0xd30112d9e8fb890eee1497d58e0796d7099236c5,16.343606,1772563236,122824772e94ba2c6d0576a568dffde9bcbfc18eb48e5c5763fcca161beddc78,226,113.00,4.27,1,6,4,0.019656,0.648478,Minotaur,minotaur(pow_w:0.50),2.04,465,0
93,3,0x57e3892f0023c24041f622af6dc5707191b2d2ff,10.770563,1772563238,717bc566ed6c3542026bf91b3c13ca1cfb64fae215e91d3c735ca34d9d372c35,190,95.00,4.56,1,6,5,0.019683,0.648874,Minotaur,minotaur(pow_w:0.50),1.96,466,0
93,4,0x1929f93bb07e2510631aeafe14937c4f11ee1899,27.975936,1772563240,e617e1b3880106a392d25eae7a3e1e9c814a2f35b4a0e706e143c957972141b0,242,121.00,3.92,2,5,4,0.019680,0.649144,Minotaur,minotaur(pow_w:0.50),1.84,467,0
94,0,0x13f9dadc05f6c237b03411e2aed1800cf21a5d89,0.588376,1772563242,d7d389cbdb30fffd672222581a03da8f4d03af3138e1badb95b7bf63a17c2f8d,195,97.50,3.85,1,6,4,0.019769,0.649713,Minotaur,minotaur(pow_w:0.50),1.49,468,0
94,1,0x213068cb42718d1dd6d00a6d94d62a3def0e68eb,3.181629,1772563244,d2974c2d6ebb11f35286d426043983e8cd983c31445a308aaac664d0fe2293fa,194,97.00,3.63,1,5,4,0.019710,0.648364,Minotaur,minotaur(pow_w:0.50),1.47,469,0
94,2,0xeaed16a53862ce938d26cf3973ed751a6a09f116,3.321710,1772563246,1ab18b2f207740a68c0fca331243e074bbc3204bab4733088965b0ce09629b91,198,66.00,3.77,1,6,4,0.019665,0.647754,Minotaur,minotaur(pow_w:0.50),2.43,470,0
94,3,0x86ff64c118a1d895de497417c51566801f041b29,20.717104,1772563249,008f28bc038eb5ab2ef39ca494745c0f3d0921e7893d5b903cb9c7d9f93d9c15,200,100.00,3.99,1,6,4,0.019622,0.647149,Minotaur,minotaur(pow_w:0.50),2.46,471,0
94,4,0x9f6752dd365e7e8a776667bcea96fdad7d488c9a,3.136487,1772563250,a4b181da93e998350c9b27238caee08ab453644f5296dac4e89af4701d76d140,235,117.50,3.60,1,5,4,0.019671,0.647614,Minotaur,minotaur(pow_w:0.50),2.26,472,0
95,0,0xd30112d9e8fb890eee1497d58e0796d7099236c5,17.345376,1772563252,121510a0d4216805855e67d5b9e55248f3531ae32513915c3a141571b1dd11dd,105,105.00,4.08,2,6,4,0.019626,0.646962,Minotaur,minotaur(pow_w:0.50),1.68,473,0
95,1,0x6fffbc98201ac7b26abc2f3bcd1d9cc6660210b3,7.515957,1772563254,56ac611c36516a28ff944a6add3f9f68568c9cffc234954501f5f1269b80f489,210,105.00,4.66,1,6,5,0.019657,0.647355,Minotaur,minotaur(pow_w:0.50),2.02,474,0
95,2,0x11cda440efbd7feef624c5cb807ae62e7c888299,12.056076,1772563256,dc9f9b1a65d639edaea6521b324e6506c48860c46b62ef63cdf3b83c3cb37dcc,227,113.50,4.00,1,5,4,0.019657,0.647357,Minotaur,minotaur(pow_w:0.50),1.84,475,0
95,3,0xa3786e459f289a76c0e8af8ad834e3d0c6d47199,0.269031,1772563258,d7f11107f558f13559fdcf70264a8a053e8c8d5a26d50e4b6c5d17e53e16c60f,207,103.50,3.71,1,5,4,0.019638,0.647726,Minotaur,minotaur(pow_w:0.50),1.53,476,0
95,4,0x1929f93bb07e2510631aeafe14937c4f11ee1899,28.977766,1772563260,14fd5add047d47c2dee8af3ac3017654aa1e0bacc4e555439e909115cb2fa52e,190,95.00,4.11,1,6,4,0.019578,0.646235,Minotaur,minotaur(pow_w:0.50),1.45,477,0
96,0,0xe6ac6ee85edf9fd29a2a96a746131314497a7dae,21.382259,1772563262,3bca2735e921a3258360170b1bac8586de0e156e7fd00dfd0eaf2415f79c199e,199,66.33,3.97,1,6,4,0.019669,0.646800,Minotaur,minotaur(pow_w:0.50),2.40,478,0
96,1,0xbd8ea1a3ef295bc31a4330a63fb03446621bb9ca,21.886703,1772563264,bc9c7c6b6d59f616028de4877e38417f54c71e46af5cf286aaae7a626788d7a4,192,96.00,4.13,1,5,4,0.019720,0.647279,Minotaur,minotaur(pow_w:0.50),2.44,479,0
96,2,0x6064b9f5883bf9737dfe314ff68c56e09e68ac89,0.206997,1772563266,37aa2defa73f32230548db889bcbacf003e4b26631c281fe6f2b6c413e282629,205,102.50,4.06,1,6,4,0.019773,0.647764,Minotaur,minotaur(pow_w:0.50),2.50,480,0
96,3,0xaea88a8cb0031b73ae83cde463c9cf385fb58f9c,11.065857,1772563268,048642404c7092b92a4d86b63b6a36af14205daf07d24c3747a746f64b685f7f,137,137.00,4.04,1,6,4,0.019713,0.646231,Minotaur,minotaur(pow_w:0.50),1.82,481,0
96,4,0x736a479ae6c77ae4dfa73702011ac77961903b8b,18.596334,1772563270,e8d5bb2f8ffe070355728431e424f916ee9a6dcf599d46cdbfff21b62b1695f2,218,109.00,4.32,1,6,4,0.019709,0.646503,Minotaur,minotaur(pow_w:0.50),2.22,482,0
97,0,0x9ee5d2f2f5de94256ba4a9eb035f3e4d2ea6926a,19.640881,1772563272,9fb3cbd219f0ce0ece1309c603ec4409eae66ab5730131c2c48e473ab6ac538e,215,107.50,4.13,1,6,4,0.019744,0.646913,Minotaur,minotaur(pow_w:0.50),1.87,483,0
97,1,0x63f4973c0df8a5358405f396dc0673a463c48de9,2.574036,1772563274,703f8ffa00f7fd8d3a4d475de76e015f08f971d3518b406c274c15d9601e4cec,248,124.00,4.22,1,6,4,0.019785,0.647342,Minotaur,minotaur(pow_w:0.50),1.74,484,0
97,2,0xa447d277b02012c2afd9ddcbbe123f27cc971963,8.951219,1772563276,991627c9a2cf2db6830dd5b93f02f668f30aed04f1dcb5af50f7a9b500daf393,116,58.00,4.31,1,6,4,0.019737,0.646606,Minotaur,minotaur(pow_w:0.50),1.09,485,0
97,3,0xac768e60b9269babb15cb1e36ee843243d7c7543,10.687275,1772563278,8651d4dd8ac50dc5a93ab300d3bb340884b7b2a818b16f26b5500c29015d919f,207,103.50,4.38,1,6,4,0.019722,0.646768,Minotaur,minotaur(pow_w:0.50),1.50,486,0
97,4,0x54f496e5c1d9f95a916cf7f5b62e9c98e64a3dc5,3.654533,1772563280,610fc6d1d16ce8b2ff881ae967531836ca0517c775d005996410ab51e0a82a09,212,70.67,4.13,2,6,4,0.019716,0.646993,Minotaur,minotaur(pow_w:0.50),2.50,487,0
98,0,0x9b46315c7b4e9d596103fa2d6c3eb98845b48474,6.766112,1772563283,aa82fc18eda7ae451214950d9c9e6cf55b5e955349d245ab81c6ca807fce3745,192,96.00,4.29,1,6,4,0.019675,0.646441,Minotaur,minotaur(pow_w:0.50),2.44,488,0
98,1,0xd30112d9e8fb890eee1497d58e0796d7099236c5,18.347196,1772563284,d2d47b0f0abaff71dbfc6ccdac5d4040833f4c7f2db3a202e86c1f737f9c2cec,205,102.50,4.51,1,6,5,0.019649,0.646410,Minotaur,minotaur(pow_w:0.50),2.49,489,0
98,2,0x6d6b2734a20229ddd7fd4a1470ba3e3bad4e4a85,6.371154,1772563286,c496cf381b1b624498d6fa176b69df076b98a1de1ac46accac79d8d98e730335,111,111.00,4.50,1,6,5,0.019682,0.646794,Minotaur,minotaur(pow_w:0.50),1.86,490,0
98,3,0xd30112d9e8fb890eee1497d58e0796d7099236c5,19.348276,1772563288,c6373166cf4c74176a119b92b31325f8ae0815b407cd11f5d454be3181c30191,250,125.00,3.94,1,6,4,0.019654,0.646732,Minotaur,minotaur(pow_w:0.50),2.10,491,0
98,4,0x11cda440efbd7feef624c5cb807ae62e7c888299,13.057926,1772563290,458b6f544fc1a638d737558cb3fb592e20fc52f538aaa91e4a75f68e496080c3,212,106.00,4.47,1,6,5,0.019691,0.647130,Minotaur,minotaur(pow_w:0.50),1.90,492,0
99,0,0x6d6b2734a20229ddd7fd4a1470ba3e3bad4e4a85,7.373584,1772563292,5544608d35c6c9aae7b81dfaf8874fdf0309faa2fae5a7da94926d931cbca80a,235,117.50,3.86,2,5,4,0.019696,0.647481,Minotaur,minotaur(pow_w:0.50),1.74,493,0
99,1,0x0658b0ee660469a924b63a95d5150c3e085ad23b,2.791575,1772563294,0e63516cbf5af3c9e8df93ba829ad8e4f69e6d0130034685aac5eca008feb719,189,94.50,4.07,1,6,4,0.019674,0.647481,Minotaur,minotaur(pow_w:0.50),1.49,494,0
99,2,0xf35d520fa17b329eb053a9cfbf42625ab43bfc6b,6.008685,1772563296,605dfa47247561c10f54d1fead94728d09673ef75ab8e6d0ed5ea4d4ef01596e,192,96.00,2.97,1,4,3,0.019628,0.646773,Minotaur,minotaur(pow_w:0.50),1.49,495,0
99,3,0x86ff64c118a1d895de497417c51566801f041b29,21.719134,1772563298,623c027164720ec885496121ef74f57e7e79727484fdb3801b6f9728ad03d9f1,207,69.00,4.44,1,6,4,0.019599,0.646684,Minotaur,minotaur(pow_w:0.50),2.48,496,0
99,4,0x1929f93bb07e2510631aeafe14937c4f11ee1899,29.979496,1772563301,ad14f5e7627441e6491043787f9d2ce57709eeb1953302ea0ed908c3242376db,192,96.00,3.71,2,5,4,0.019647,0.647133,Minotaur,minotaur(pow_w:0.50),2.36,497,0
