epoch,slot,miner,proposer_stake,timestamp,block_hash,tx_count,throughput,avg_path_length,min_path_length,max_path_length,median_path_length,stake_concentration,gini_coefficient,consensus_type,consensus_state,avg_tx_delay_s,block_production_success,block_production_failed
0,2,0x8c11ec9090dd820c076e57e899d9c604c79d6b32,1.566509,1772473906,67f6f3c9af7716346f597fb6fbb44f4b509bd75a4bf583eed9f4dccacfd0966c,1,0.00,1.00,1,1,1,0.024406,0.600039,Minotaur,minotaur(pow_w:0.50),0.00,0,0
0,3,0x07902d0371763a00d97ed9ba16ff0a206cb0fd19,2.532229,1772473908,ec46026093eb77e9b35b00db8337a343593814c962f4e7d6c04ada662e04c157,490,81.67,4.27,1,6,4,0.024331,0.600376,Minotaur,minotaur(pow_w:0.50),2.47,1,0
0,4,0xbc3f8508d26048f2064aa8c068f4c94d08d77d18,3.068399,1772473910,0b492b0b3cf3d1abd421cf9e608227e3d875cef088e8167a5c0690cb611cab9c,264,132.00,2.75,1,4,3,0.024441,0.602297,Minotaur,minotaur(pow_w:0.50),2.94,2,0
1,0,0x07902d0371763a00d97ed9ba16ff0a206cb0fd19,3.534789,1772473912,4c99908c1c5c975ddc46c80c707d9722bf9b1bffd932180fd352ac1d070f2089,469,234.50,4.31,1,7,4,0.024644,0.604767,Minotaur,minotaur(pow_w:0.50),2.53,3,0
1,1,0xa3786e459f289a76c0e8af8ad834e3d0c6d47199,4.727273,1772473914,b4e42fd6fa9cda656dc33c54ffa64329ef44dd20da4d784c2ea3f7cf5f50b5f6,288,144.00,2.76,1,4,3,0.024921,0.607668,Minotaur,minotaur(pow_w:0.50),2.92,4,0
1,2,0x07902d0371763a00d97ed9ba16ff0a206cb0fd19,3.534729,1772473916,88162df0d823c83b837f43fe0f51d69e7515fae913bf5dbe065e3716235b51f8,473,236.50,4.70,1,7,5,0.025145,0.608547,Minotaur,minotaur(pow_w:0.50),2.49,5,0
1,3,0xe6ebb0cdfd04183d498964e5efc4096ba77b17d6,4.294243,1772473918,dc80f6dcb723a79c5be0efdc2f6f64d6bd96cc862be1a99f5a65008c1360afb6,227,75.67,2.74,1,4,3,0.025403,0.611384,Minotaur,minotaur(pow_w:0.50),3.88,6,0
1,4,0xc4dc29db975b952e04358340e56b68fa4ba63fbc,0.544291,1772473920,32851bd716416083d68a3704ec1310c460f2627a85f5dd949c1ff225352eb43f,471,471.00,4.58,1,7,5,0.025543,0.612026,Minotaur,minotaur(pow_w:0.50),2.50,7,0
2,0,0xeaa5003682d7289190651081ae2bee847097afc5,0.761835,1772473922,f2a081a5e73daa23c926d5cd33bd373fb52d1b8986753425fcaa1e6838bf70aa,262,131.00,5.23,1,8,5,0.025486,0.612129,Minotaur,minotaur(pow_w:0.50),2.94,8,0
2,1,0x58a21eeb7ab18ba8adf1296e66a4487076e95dac,4.092614,1772473925,634d89f5c44276cb390a0acda2b07395f2c064cd0c0804ca64436226d41500f9,465,232.50,4.94,1,7,5,0.025234,0.610180,Minotaur,minotaur(pow_w:0.50),2.48,9,0
2,2,0xe478b1e4d1538274c0c70cbd7df877f9abab2f62,2.300006,1772473926,79d952d590d43ee6214bd227c8d2aac3ec2ec062953b60f5104766ffc9fc6d9f,497,165.67,4.18,1,7,4,0.025548,0.613156,Minotaur,minotaur(pow_w:0.50),3.03,10,0
2,3,0xb2a7fe70a6f3137d38f6cb4c3ec6dd1e24f2d5f4,1.422458,1772473932,6c5c8ecb09eef8a71347a17f4e221d93517630defee766391328845ba24b2466,176,176.00,4.38,1,7,4,0.025551,0.614308,Minotaur,minotaur(pow_w:0.50),2.93,11,0
2,4,0x269cdf52f97e1d9f14b7be895155a7b294f0b21d,0.725973,1772473932,6c5c8ecb09eef8a71347a17f4e221d93517630defee766391328845ba24b2466,176,176.00,4.38,1,7,4,0.025552,0.614322,Minotaur,minotaur(pow_w:0.50),2.93,11,0
3,0,0xa3786e459f289a76c0e8af8ad834e3d0c6d47199,5.731583,1772473934,97513bbdbc042125781d47c1f5618c07c178120a5e102fbdc7cd666d41768686,625,104.17,4.09,1,7,4,0.025295,0.612161,Minotaur,minotaur(pow_w:0.50),6.73,12,1
3,1,0x49b57eb4dace37c8819daf079c9c674f766d4f38,1.231430,1772473936,da8a2aaa7006483ef99a803c756005949bfcfd45315f4cca013b5a86b8095fb9,144,72.00,4.58,1,7,5,0.025841,0.615567,Minotaur,minotaur(pow_w:0.50),6.37,13,1
3,2,0x9c39f7fffaa5c5cfab20dfdd05663497918580c1,0.427558,1772473938,2e39a8e52b80f3b8c8c9e7ae21ea3d3447c3480966bd51d48e986fcf49178791,501,250.50,3.87,1,6,4,0.025658,0.614711,Minotaur,minotaur(pow_w:0.50),2.31,14,1
3,3,0x63f4973c0df8a5358405f396dc0673a463c48de9,3.900427,1772473941,c015c722d3088c94b28d560631d01ea60dec39151a92e7071696d7eb90e58b5d,241,120.50,3.96,1,7,4,0.025353,0.611366,Minotaur,minotaur(pow_w:0.50),2.42,15,1
3,4,0xc4dc29db975b952e04358340e56b68fa4ba63fbc,1.546451,1772473942,246ff5e3a16ebcbb23e5cbe39c058ce7c449324a26a30291744564236bf5fb43,456,228.00,3.79,1,7,4,0.025354,0.611378,Minotaur,minotaur(pow_w:0.50),2.23,16,1
4,0,0xc774b0fee7cabbef3b1ae14bf36db3df0d32c1df,1.173477,1772473944,ddf8b35bda9936064884b58b897999d3099531bdca22e544f0d510efba823c47,197,197.00,4.96,1,7,5,0.025448,0.613650,Minotaur,minotaur(pow_w:0.50),1.95,17,1
4,1,0x016d3fc36beee7caa8fbd6c1caa42461dd7f9850,0.879409,1772473946,56a5e6fb3f9e85a9ea49b4af806b021c472b124909a20cabe46bc81f89f93e68,385,192.50,4.04,1,7,4,0.025260,0.612379,Minotaur,minotaur(pow_w:0.50),1.86,18,1
4,2,0x6d6b2734a20229ddd7fd4a1470ba3e3bad4e4a85,1.642524,1772473948,bd8dfd2879927dd7aca0427ffe39fd63a21b3add3555fa92b1d93e2a4ae80b6f,592,197.33,3.56,1,7,3,0.025032,0.610249,Minotaur,minotaur(pow_w:0.50),2.91,19,1
4,3,0xc4dc29db975b952e04358340e56b68fa4ba63fbc,2.548231,1772473950,10f405d791522c6b8cdab7caa19d04d0a3ba2da299019918257291b0a888ba64,357,178.50,4.79,1,7,5,0.025033,0.610274,Minotaur,minotaur(pow_w:0.50),2.73,20,1
4,4,0xa3786e459f289a76c0e8af8ad834e3d0c6d47199,6.732583,1772473952,e55a330728c7bc130577d60a8e22ecdc39303a7c2a90eb8531bccf9e650a7fa1,383,191.50,5.45,1,8,5,0.024928,0.611116,Minotaur,minotaur(pow_w:0.50),2.83,21,1
5,0,0xe478b1e4d1538274c0c70cbd7df877f9abab2f62,3.300976,1772473955,3c45f94f8470ed9bd8400c96491b95fde1c178cf37f0980dd71be03acc54c8ac,518,259.00,4.79,1,7,5,0.024929,0.611130,Minotaur,minotaur(pow_w:0.50),2.97,22,1
5,1,0x269cdf52f97e1d9f14b7be895155a7b294f0b21d,1.731703,1772473961,efbbcdc57526faaffbdc745b0a55472c74fcdc35b488f20851e010a090731523,368,184.00,4.52,1,7,5,0.025512,0.614314,Minotaur,minotaur(pow_w:0.50),3.20,23,1
5,2,0xe6ebb0cdfd04183d498964e5efc4096ba77b17d6,5.298153,1772473961,efbbcdc57526faaffbdc745b0a55472c74fcdc35b488f20851e010a090731523,368,184.00,4.52,1,7,5,0.025512,0.614316,Minotaur,minotaur(pow_w:0.50),3.20,23,1
5,3,0x89100a8056319ba37491b32ba255004180607bc2,2.785937,1772473963,d203f9d26e66c19ddae8e6df54b028bb6fed5f127413435464190c7189df9856,625,89.29,4.23,1,7,4,0.025612,0.616224,Minotaur,minotaur(pow_w:0.50),7.14,24,2
5,4,0xd61b00c297972877b45f8d7f4d67fdaf20c67c59,0.335541,1772473965,1c9ed629c37aa5576b4b246b4272735f92bb47e1bc7b9c57880539160db55c9c,144,144.00,4.69,1,8,5,0.025512,0.617066,Minotaur,minotaur(pow_w:0.50),6.17,25,2
6,0,0x8d9e46becf415ca26aa698c9657087e6554aabda,0.387696,1772473967,d7bf2261f777d8d346f542699cd753c1335e3d8571ed19e8fdc2cde520da5698,480,160.00,4.66,1,7,5,0.025212,0.613410,Minotaur,minotaur(pow_w:0.50),2.46,26,2
6,1,0x1796dc61e715f15a2d27dfa32bd34780f12a8c24,1.722931,1772473969,a357e32d7890259312360849d055ab67031dd8c4485912df597df69e3d718c54,270,135.00,4.73,1,7,5,0.024926,0.609837,Minotaur,minotaur(pow_w:0.50),2.90,27,2
6,2,0xbc3f8508d26048f2064aa8c068f4c94d08d77d18,4.071769,1772473971,1b8f5613823418c744c37f969339845e5b343ee2c9b6f814757b37957ebce97d,471,235.50,3.26,1,6,3,0.024812,0.609406,Minotaur,minotaur(pow_w:0.50),2.36,28,2
6,3,0x63f4973c0df8a5358405f396dc0673a463c48de9,4.904127,1772473973,5d7bce2520fb91c5a7f1e0b3e1780a777c6ded07847cd0217b0f0f5f66aa199a,237,118.50,4.57,1,7,5,0.024986,0.611636,Minotaur,minotaur(pow_w:0.50),2.75,29,2
6,4,0xa3786e459f289a76c0e8af8ad834e3d0c6d47199,7.737283,1772473976,9d7ae1fd0b5ffcc434bae6df227172aa3308a8cbe7ec8fff8b2f7d8ffb8b9f5c,508,254.00,4.06,1,7,4,0.025253,0.614338,Minotaur,minotaur(pow_w:0.50),2.38,30,2
7,0,0x4ba33404d90c4ae989714d9d174cd882cffb7994,1.117642,1772473977,13c2f672088722bfcd0d07a8f28d194613d6bab3aaf840eede999f3528f1c3d8,271,135.50,4.48,1,7,5,0.025253,0.614350,Minotaur,minotaur(pow_w:0.50),2.66,31,2
7,1,0x3d92e045fb1847aae132b40ebfcc471a32f687de,0.127115,1772473979,0dcdab95d82ec718202e47eb7008b2689dc5a06e16730d8bde20d4652073b5ef,317,317.00,4.20,1,7,4,0.025640,0.615437,Minotaur,minotaur(pow_w:0.50),1.67,32,2
7,2,0xb2a7fe70a6f3137d38f6cb4c3ec6dd1e24f2d5f4,1.421278,1772473981,063639f1ce8cfc2cb863c67bc5d8b8cb4f22ae109cfefa7895f485c1a6446a58,521,173.67,4.09,1,7,4,0.025641,0.615462,Minotaur,minotaur(pow_w:0.50),3.00,33,2
7,3,0x719361397abe003a91af76243e5f9c7a0cd4279f,3.542266,1772473983,2baa8d2598c7de8576f42c975be03dbb4f542ed6038166a5be2aa2ed61583611,516,258.00,4.61,1,8,5,0.025163,0.609645,Minotaur,minotaur(pow_w:0.50),2.80,34,2
7,4,0x63f4973c0df8a5358405f396dc0673a463c48de9,5.908997,1772473986,d4b94feb5fb90a41f63a201577fb18181c4f5d04db626fb1aefa82b45af52221,412,206.00,4.61,1,8,5,0.025241,0.611292,Minotaur,minotaur(pow_w:0.50),2.91,35,2
8,0,0x34412315480562da4810040fd15c81f99880e1ab,1.896263,1772473992,e641824400d4da6197d201880d22f5f35d601bbaa416eff36235425f4e1bb928,456,228.00,4.49,1,7,4,0.025242,0.611325,Minotaur,minotaur(pow_w:0.50),3.04,36,2
8,1,0xe6ebb0cdfd04183d498964e5efc4096ba77b17d6,5.297713,1772473992,e641824400d4da6197d201880d22f5f35d601bbaa416eff36235425f4e1bb928,456,228.00,4.49,1,7,4,0.025576,0.614003,Minotaur,minotaur(pow_w:0.50),3.04,36,2
8,2,0xb2a7fe70a6f3137d38f6cb4c3ec6dd1e24f2d5f4,2.426008,1772473995,7bf9795927713d0651098a743b4f61676be6634c4c80f20eb54188b761da7175,625,78.12,4.82,1,8,5,0.025580,0.614086,Minotaur,minotaur(pow_w:0.50),8.01,37,3
8,3,0x4ba33404d90c4ae989714d9d174cd882cffb7994,2.120172,1772473996,cde3d776e787fa5a04b872228e94efeb5cd90287a2d22530994f1f76b5db1e47,150,150.00,3.94,1,6,4,0.025522,0.614591,Minotaur,minotaur(pow_w:0.50),4.67,38,3
8,4,0x1796dc61e715f15a2d27dfa32bd34780f12a8c24,2.726991,1772473998,88b4794e1454329cacb8692ecee28f05b50faf6e322e79119cd79e97ae21f344,290,290.00,4.34,1,7,4,0.025523,0.614613,Minotaur,minotaur(pow_w:0.50),1.62,39,3
9,0,0x7e40df5d801345015e84c843908efc6683665fa4,0.657519,1772474000,86cad9c5f860470dc4719a86d566399bda6ba902c69e953cad8e0c022ffc97ec,545,181.67,3.39,1,6,3,0.025404,0.615254,Minotaur,minotaur(pow_w:0.50),2.90,40,3
9,1,0x311eb133eb413ac3f21249889bb101e5d40820ce,0.132889,1772474002,74629cfbca525d325718ec9e99abb45a6ded118dec6440455d753aebc8575b78,461,230.50,4.33,1,8,4,0.025160,0.612420,Minotaur,minotaur(pow_w:0.50),2.62,41,3
9,2,0x63f4973c0df8a5358405f396dc0673a463c48de9,6.913117,1772474005,d0f99df5a544f90362ac4dc9aea3d193debd98a3597257f311d53e917a5c6150,596,298.00,4.03,1,7,4,0.024866,0.607930,Minotaur,minotaur(pow_w:0.50),2.53,42,3
9,3,0x37cc7a82e66d4f4c2ae13b9ee895d3af1a1d7a05,0.262695,1772474006,3577c794698ecfc39291d0ce988dcd5b4518d810aea92c35c75517b92db0d558,263,131.50,4.40,1,8,4,0.025263,0.610515,Minotaur,minotaur(pow_w:0.50),2.52,43,3
9,4,0x719361397abe003a91af76243e5f9c7a0cd4279f,4.545836,1772474009,b790590a3dd5e7cfc790571bb4aa0d7f9fc2622a3f434845878542ae133fd98f,271,271.00,4.03,1,7,4,0.024984,0.606493,Minotaur,minotaur(pow_w:0.50),1.73,44,3
10,0,0x4ba33404d90c4ae989714d9d174cd882cffb7994,3.122732,1772474012,917609aed6c1e4f132969258104f4f740df441833946238ea702573125cb04aa,476,158.67,3.92,1,7,4,0.025132,0.608674,Minotaur,minotaur(pow_w:0.50),2.86,45,3
10,1,0xd39dbd3662315e3935ec08e6b6028e73b3c09de2,0.921070,1772474020,7e00ad00cbd71681ff8e554ea1d225235db4c85ab4d91e1333f524eb9de51a14,469,117.25,4.57,1,7,5,0.025136,0.609709,Minotaur,minotaur(pow_w:0.50),3.93,46,3
10,2,0x016d3fc36beee7caa8fbd6c1caa42461dd7f9850,1.883649,1772474020,7e00ad00cbd71681ff8e554ea1d225235db4c85ab4d91e1333f524eb9de51a14,469,117.25,4.57,1,7,5,0.025136,0.609711,Minotaur,minotaur(pow_w:0.50),3.93,46,3
10,3,0x4414c05be2cf328f38d2e3ef4b705d6b894f044a,2.086969,1772474022,a197f362b81df5e2faedc92a815aa0430765c4d78540af760a1b6bd51ea57c28,625,78.12,4.89,1,7,5,0.024929,0.607430,Minotaur,minotaur(pow_w:0.50),9.00,47,4
10,4,0xe6ebb0cdfd04183d498964e5efc4096ba77b17d6,5.296893,1772474024,a197f362b81df5e2faedc92a815aa0430765c4d78540af760a1b6bd51ea57c28,625,78.12,4.89,1,7,5,0.024930,0.607452,Minotaur,minotaur(pow_w:0.50),9.00,47,5
11,0,0xc24b36dee27726233c3bbd9e1f028f98b6b2a424,2.410559,1772474027,a61a44954c5ce75a8329b83f6aa74388ee50db65ce5f74c74a7f331df0f87e69,233,116.50,4.39,1,7,4,0.024931,0.607475,Minotaur,minotaur(pow_w:0.50),10.21,47,6
11,1,0x71f297f96355f349d66f0e9b681e7d4e11224660,0.168670,1772474028,d3784c1e4f380d3263eff65f97d9b9359b24beb2b4dd8b4b090338cf353e19e4,533,266.50,4.54,1,8,4,0.024932,0.607485,Minotaur,minotaur(pow_w:0.50),2.50,47,7
11,2,0x63f4973c0df8a5358405f396dc0673a463c48de9,7.915117,1772474030,4861459aa484ac8e179eb733f1669d2932974639058203c0871aa9f0f42891f9,319,159.50,4.34,1,7,4,0.024933,0.607506,Minotaur,minotaur(pow_w:0.50),2.59,47,8
11,3,0xd46407aa7b668c72de3cf1c1a12b7fa2e308a1b2,1.988489,1772474032,a8049a0f5409a5533775b71304d0ce4c12077aca0fc43585a726c4685f3a56b9,273,273.00,3.92,1,6,4,0.024934,0.607527,Minotaur,minotaur(pow_w:0.50),1.52,47,9
11,4,0x26d553a2f4343b3a7dc88bbd87b3d0a25d3838d9,3.216300,1772474034,8db4e8cda34564e9f4b88012f359ae5b2d7a4cf1c5f0142efc21a0689080f554,515,171.67,4.24,1,8,4,0.024935,0.607548,Minotaur,minotaur(pow_w:0.50),2.93,47,10
12,0,0x49b57eb4dace37c8819daf079c9c674f766d4f38,2.234270,1772474040,2f9f57a7eca7653e88f9451c56d041edc6a5a3d6f7bfa992b1d499427765973c,507,253.50,4.35,1,7,5,0.024936,0.607569,Minotaur,minotaur(pow_w:0.50),2.86,47,11
12,1,0x89100a8056319ba37491b32ba255004180607bc2,3.785557,1772474040,2f9f57a7eca7653e88f9451c56d041edc6a5a3d6f7bfa992b1d499427765973c,507,253.50,4.35,1,7,5,0.024937,0.607583,Minotaur,minotaur(pow_w:0.50),2.86,47,11
12,2,0x719361397abe003a91af76243e5f9c7a0cd4279f,5.549766,1772474042,52e416d48836a4d1652f08e068c979a38c6611434d8314c676f2ae39d8779050,625,104.17,4.40,1,7,4,0.024939,0.607636,Minotaur,minotaur(pow_w:0.50),6.85,47,13
12,3,0xb2a7fe70a6f3137d38f6cb4c3ec6dd1e24f2d5f4,3.426358,1772474044,d9b2f2de85067a67c5a4faa51243b9c80dfe039ba985624729fd28fa10bcb84f,91,91.00,4.58,2,7,5,0.025169,0.610012,Minotaur,minotaur(pow_w:0.50),4.80,48,13
12,4,0x311eb133eb413ac3f21249889bb101e5d40820ce,1.137849,1772474046,86d0beccdd0516ec39c89a8bbf2d5abf88d4ee0287da323d34b4414c87cf37cf,486,162.00,4.31,1,6,4,0.025170,0.610026,Minotaur,minotaur(pow_w:0.50),2.51,49,13
13,0,0x58a21eeb7ab18ba8adf1296e66a4487076e95dac,5.094654,1772474048,f14f3e8fcf4b43cc685fbcc31767762e2d96a7961ae564aa1ce8069fa1db715a,263,131.50,3.67,1,7,4,0.024981,0.608071,Minotaur,minotaur(pow_w:0.50),2.89,50,13
13,1,0x07902d0371763a00d97ed9ba16ff0a206cb0fd19,4.534769,1772474051,be6cf954766ea45e8cdde07fbf525abc0f008dd6c42876f94188f4f4b782651a,505,252.50,4.33,1,7,4,0.025158,0.610253,Minotaur,minotaur(pow_w:0.50),2.44,51,13
13,2,0xe478b1e4d1538274c0c70cbd7df877f9abab2f62,4.302196,1772474052,be6cf954766ea45e8cdde07fbf525abc0f008dd6c42876f94188f4f4b782651a,505,252.50,4.33,1,7,4,0.025158,0.610262,Minotaur,minotaur(pow_w:0.50),2.44,51,13
13,3,0x81193196c1dbdbf80709d43a5af5ce21c201fbd7,0.835459,1772474054,a0f166246aa2b8eb30d2adea9cd59a0e1e6eb5ee0b8140b640024b48d8dbe0f1,484,161.33,2.76,1,4,3,0.025159,0.610282,Minotaur,minotaur(pow_w:0.50),2.98,52,14
13,4,0x63f4973c0df8a5358405f396dc0673a463c48de9,7.914447,1772474056,c039e33066a1415fae3704d4a287e539cbaeaea45f5a7f8f7723a1eab3df9c0f,422,211.00,4.00,1,7,4,0.025061,0.609427,Minotaur,minotaur(pow_w:0.50),2.24,53,14
14,0,0xdcf2130496e27a8094ab996aea4aa77788d65869,4.501757,1772474058,2d1be8b9e1b571a001c3c025ab395753ac8e62f6665a6c9f063399aee0631cde,551,183.67,4.45,1,7,4,0.025473,0.611870,Minotaur,minotaur(pow_w:0.50),2.84,54,14
14,1,0xe6ebb0cdfd04183d498964e5efc4096ba77b17d6,5.295953,1772474060,038634ac2105f3e608a6e4543f834cc7ecbb49b8672b4b354896d17fa4555149,337,168.50,4.90,1,7,5,0.025574,0.613557,Minotaur,minotaur(pow_w:0.50),3.02,55,14
14,2,0x8c11ec9090dd820c076e57e899d9c604c79d6b32,2.567749,1772474062,0c9b974e242ee519f69de8302ed97ab176be0487c067bfac1379c1b15808dc73,471,235.50,4.45,1,7,4,0.025739,0.615492,Minotaur,minotaur(pow_w:0.50),2.55,56,14
14,3,0xa3786e459f289a76c0e8af8ad834e3d0c6d47199,8.737963,1772474065,10d8d177e1f005935d1da955b6451e50bcbe354d6099ea553c3d20f199027e96,333,166.50,3.91,1,7,4,0.025665,0.615726,Minotaur,minotaur(pow_w:0.50),2.65,57,14
14,4,0xdcf2130496e27a8094ab996aea4aa77788d65869,5.504937,1772474072,b0fc44bcc0dfbc4d58e26658724a0b6815a7657dc9c138609aa0e60b7e4efb13,479,159.67,4.69,1,7,5,0.025666,0.615752,Minotaur,minotaur(pow_w:0.50),3.61,58,14
15,0,0x6064b9f5883bf9737dfe314ff68c56e09e68ac89,2.188429,1772474072,b0fc44bcc0dfbc4d58e26658724a0b6815a7657dc9c138609aa0e60b7e4efb13,479,159.67,4.69,1,7,5,0.026110,0.618186,Minotaur,minotaur(pow_w:0.50),3.61,58,14
15,1,0x26d553a2f4343b3a7dc88bbd87b3d0a25d3838d9,3.215540,1772474074,beded15dd60f3fc48b275997fc03aebda38ba9fc0a5fc0c35d10f00c4e93dc7d,625,89.29,4.60,1,8,4,0.026000,0.618001,Minotaur,minotaur(pow_w:0.50),7.97,59,15
15,2,0xe6ebb0cdfd04183d498964e5efc4096ba77b17d6,6.300273,1772474076,beded15dd60f3fc48b275997fc03aebda38ba9fc0a5fc0c35d10f00c4e93dc7d,625,89.29,4.60,1,8,4,0.026001,0.618022,Minotaur,minotaur(pow_w:0.50),7.97,59,16
15,3,0x34d94cc0534eb50dec7956bea31407428d6d5ef8,0.083507,1772474078,ee2480a7a26f3283fea90ca65876ecbd80ea96649e153a85cadb3edb1cf307e1,625,156.25,4.46,1,9,4,0.026227,0.620150,Minotaur,minotaur(pow_w:0.50),4.05,60,16
15,4,0x3d92e045fb1847aae132b40ebfcc471a32f687de,1.129845,1772474080,ee2480a7a26f3283fea90ca65876ecbd80ea96649e153a85cadb3edb1cf307e1,625,156.25,4.46,1,9,4,0.026228,0.620170,Minotaur,minotaur(pow_w:0.50),4.05,60,17
16,0,0x28672c71695142588ed26ada6f4b18b8b6c12308,0.688178,1772474083,ee2480a7a26f3283fea90ca65876ecbd80ea96649e153a85cadb3edb1cf307e1,625,156.25,4.46,1,9,4,0.026229,0.620191,Minotaur,minotaur(pow_w:0.50),4.05,60,18
16,1,0x63f4973c0df8a5358405f396dc0673a463c48de9,8.919357,1772474084,4ec4ce675a77a0ba8b7f13d571ba38cf561a41377ff5bbdaed7d7abf887a0802,625,89.29,4.07,1,6,4,0.026229,0.620201,Minotaur,minotaur(pow_w:0.50),6.35,60,19
16,2,0x30405867b72597aaeb27803bb2c7f3f5fc7d5384,0.514454,1772474086,23db3e6f47fe203324c732d5d0121b46ad3e3a8412e3fcf2abda38db19b1da48,394,197.00,3.71,1,6,4,0.026230,0.620221,Minotaur,minotaur(pow_w:0.50),3.56,60,20
16,3,0x8c11ec9090dd820c076e57e899d9c604c79d6b32,3.570519,1772474088,a32518c648e9972aaec0646a9f719ff657dd2d1228cc5428a6be0e986d0d6c0e,225,225.00,4.07,2,7,4,0.026231,0.620240,Minotaur,minotaur(pow_w:0.50),1.72,60,21
16,4,0xe6ebb0cdfd04183d498964e5efc4096ba77b17d6,7.306203,1772474090,8a1a22fed5a344651deab357681f4298c85f955a3a56fff6c62c7a144eb761f2,526,175.33,3.96,1,6,4,0.026232,0.620259,Minotaur,minotaur(pow_w:0.50),2.94,60,22
17,0,0x1796dc61e715f15a2d27dfa32bd34780f12a8c24,3.730021,1772474092,6aa25c9d495096889e0d253a680786e688702d281d2c0d97d53997bc3bad8993,518,259.00,4.36,1,7,5,0.026234,0.620289,Minotaur,minotaur(pow_w:0.50),2.79,60,23
17,1,0xaadc5fea232580cb8fba739ac5d05a48559c7e52,1.351953,1772474094,31db238201e03903a74b8cb3eca04bd027510a677e1c982ea2cab4792d93b06d,391,195.50,5.89,1,9,6,0.026235,0.620309,Minotaur,minotaur(pow_w:0.50),2.78,60,24
17,2,0xb2a7fe70a6f3137d38f6cb4c3ec6dd1e24f2d5f4,3.425098,1772474098,5fb75f5a23d47d9267a0690d8ee5e2308e5f21e105baa26a04733c34a5ed2e4a,513,256.50,3.62,1,7,3,0.026235,0.620310,Minotaur,minotaur(pow_w:0.50),2.72,60,25
17,3,0x13f9dadc05f6c237b03411e2aed1800cf21a5d89,0.273832,1772474098,5fb75f5a23d47d9267a0690d8ee5e2308e5f21e105baa26a04733c34a5ed2e4a,513,256.50,3.62,1,7,3,0.026236,0.620339,Minotaur,minotaur(pow_w:0.50),2.72,60,25
17,4,0xeaa5003682d7289190651081ae2bee847097afc5,1.762505,1772474106,7f60a377db80cd1e1838a999952e9b489b77524382108325b6e2e23320668220,597,149.25,2.93,1,5,3,0.026237,0.620352,Minotaur,minotaur(pow_w:0.50),3.84,61,26
18,0,0x58a21eeb7ab18ba8adf1296e66a4487076e95dac,6.098294,1772474108,7f60a377db80cd1e1838a999952e9b489b77524382108325b6e2e23320668220,597,149.25,2.93,1,5,3,0.025971,0.616538,Minotaur,minotaur(pow_w:0.50),3.84,61,27
18,1,0xe6ebb0cdfd04183d498964e5efc4096ba77b17d6,7.305713,1772474111,fdbaf73711808b089e83ec7a62bbcf4707fe67fc41bcc41fb57cba0e166c34b7,625,69.44,5.52,1,10,5,0.025972,0.616556,Minotaur,minotaur(pow_w:0.50),10.00,61,28
18,2,0x016d3fc36beee7caa8fbd6c1caa42461dd7f9850,1.881229,1772474112,be3e3ebe49b8cac3dcf34e553f6442c651d87fc89065eed62add0ff5471a6c0b,316,316.00,5.19,1,9,5,0.025973,0.616566,Minotaur,minotaur(pow_w:0.50),10.89,61,29
18,3,0x63f4973c0df8a5358405f396dc0673a463c48de9,8.918497,1772474114,ddca53819f35d9c0c28f1940a78e904abfd2c30088e2df983748b6322ee6dc5a,298,149.00,3.97,1,7,4,0.025974,0.616584,Minotaur,minotaur(pow_w:0.50),1.76,61,30
18,4,0xaadc5fea232580cb8fba739ac5d05a48559c7e52,1.351423,1772474116,9b3d75d50e2f5e7ae05c4bc0f69593c6c08eec8ad4e6dbe90f027e987f85da59,377,377.00,3.25,1,7,3,0.025975,0.616602,Minotaur,minotaur(pow_w:0.50),1.45,61,31
19,0,0xd39dbd3662315e3935ec08e6b6028e73b3c09de2,1.925000,1772474118,79bf564540051d43ad3446853346837670186e31abee9370010c9a5069505390,522,261.00,4.61,1,7,5,0.025976,0.616632,Minotaur,minotaur(pow_w:0.50),2.67,61,32
19,1,0xa447d277b02012c2afd9ddcbbe123f27cc971963,1.803465,1772474120,76e9ed17bf876ec7e4543cd3b666a1bec4279e9cd5b8a1666a545c9edc219d4a,289,144.50,4.93,1,7,5,0.025843,0.616015,Minotaur,minotaur(pow_w:0.50),2.88,62,32
19,2,0x1796dc61e715f15a2d27dfa32bd34780f12a8c24,3.729381,1772474125,3bf33998b0dc619c505803a984f46b45a590f6083f969619f432fd12cce7d9f6,486,243.00,4.20,1,7,4,0.025701,0.615115,Minotaur,minotaur(pow_w:0.50),2.44,63,32
19,3,0xd46407aa7b668c72de3cf1c1a12b7fa2e308a1b2,1.986129,1772474125,3bf33998b0dc619c505803a984f46b45a590f6083f969619f432fd12cce7d9f6,486,243.00,4.20,1,7,4,0.025701,0.615115,Minotaur,minotaur(pow_w:0.50),2.44,63,32
19,4,0xe6ebb0cdfd04183d498964e5efc4096ba77b17d6,7.305313,1772474127,d416b4a22390b9dba8387e0542c00e3251df9cf4506408936b34503ee34aea06,625,125.00,3.64,1,7,3,0.025712,0.616372,Minotaur,minotaur(pow_w:0.50),4.76,64,33
20,0,0x37cc7a82e66d4f4c2ae13b9ee895d3af1a1d7a05,1.262565,1772474129,90d6b8e87a52b2b634b5e32b28c2576530eeec7fbf31a940dfca1fcd63936685,243,243.00,4.07,1,8,4,0.025994,0.618457,Minotaur,minotaur(pow_w:0.50),2.11,65,33
20,1,0xeb82a21cb3d0dd781eb22ad74bb7cd9b4d2a06ec,2.919655,1772474131,13b8ae7dc942523c3b9de7295273dda2989dca6246a6192243681614802604e6,538,179.33,4.31,1,7,4,0.025809,0.616616,Minotaur,minotaur(pow_w:0.50),2.76,66,33
20,2,0xdcf2130496e27a8094ab996aea4aa77788d65869,5.503317,1772474133,383d6ba655476937257531ba4e067fe1ca10783101a28eb662d04a928f4bdb76,279,139.50,4.34,1,7,4,0.025751,0.617029,Minotaur,minotaur(pow_w:0.50),2.94,67,33
20,3,0xd46407aa7b668c72de3cf1c1a12b7fa2e308a1b2,1.985819,1772474136,a0d9975fbd624bd9584809d0fc500b81ca33d27b1a26d38eacc5a87df6b72623,488,244.00,4.34,1,7,4,0.025883,0.618758,Minotaur,minotaur(pow_w:0.50),2.45,68,33
20,4,0x4ba33404d90c4ae989714d9d174cd882cffb7994,4.124472,1772474137,c9565070e35215db6bca9b4e5655a2d8cb18e40afbff6b71231f58c756abe923,300,150.00,4.09,1,7,4,0.025884,0.618767,Minotaur,minotaur(pow_w:0.50),2.63,69,33
21,0,0x6064b9f5883bf9737dfe314ff68c56e09e68ac89,3.192929,1772474140,56112f423da6dabe7f99b2d3744cbd24e388493a5f7b7d66b51e934efb4ccc9a,304,304.00,4.17,1,7,4,0.025779,0.619170,Minotaur,minotaur(pow_w:0.50),1.59,70,33
21,1,0x26d553a2f4343b3a7dc88bbd87b3d0a25d3838d9,3.213820,1772474142,56112f423da6dabe7f99b2d3744cbd24e388493a5f7b7d66b51e934efb4ccc9a,304,304.00,4.17,1,7,4,0.025780,0.619183,Minotaur,minotaur(pow_w:0.50),1.59,70,33
21,2,0xeb82a21cb3d0dd781eb22ad74bb7cd9b4d2a06ec,3.922225,1772474143,765acafad68614655ca50a1ae48f3843f98938fbcb756ce13a430228ff98ffda,116,116.00,3.94,1,6,4,0.025739,0.619770,Minotaur,minotaur(pow_w:0.50),2.77,72,33
21,3,0xc24b36dee27726233c3bbd9e1f028f98b6b2a424,2.407689,1772474147,5229a8e5af2df2d69753971af06d4a8c2a7259fe17f1eb3ff82cce3fe66ce80c,512,256.00,4.36,1,7,4,0.025739,0.619782,Minotaur,minotaur(pow_w:0.50),2.31,73,33
21,4,0x81193196c1dbdbf80709d43a5af5ce21c201fbd7,1.837549,1772474154,651413c1895e9783700f79700f4337eff07e7982bcf1a30d0fa7dfa03e2e2bb4,322,80.50,5.20,1,8,5,0.025748,0.620773,Minotaur,minotaur(pow_w:0.50),4.85,74,33
22,0,0xc4dc29db975b952e04358340e56b68fa4ba63fbc,3.547391,1772474154,651413c1895e9783700f79700f4337eff07e7982bcf1a30d0fa7dfa03e2e2bb4,322,80.50,5.20,1,8,5,0.025647,0.620354,Minotaur,minotaur(pow_w:0.50),4.85,74,33
22,1,0x2abf89d7c96c80fcff9dec1fe92803573094ee35,0.223545,1772474156,d8742370464cbfcb985e7ec6ee7c6650b0bcce399e7ed1da6984da353e571a79,625,89.29,4.51,1,7,5,0.025511,0.619277,Minotaur,minotaur(pow_w:0.50),8.00,75,34
22,2,0x63f4973c0df8a5358405f396dc0673a463c48de9,8.917257,1772474158,708918acceb962851a5646b591b4fdcd8a32c74644894074a2f6c21ee8b94bcb,214,107.00,4.14,1,8,4,0.025264,0.615491,Minotaur,minotaur(pow_w:0.50),8.45,76,34
22,3,0xdcf2130496e27a8094ab996aea4aa77788d65869,6.507627,1772474161,4649e3ce085e623000cbb483ff334f711c8ca8dd011d6d6264b2af34d063d723,499,249.50,3.94,1,7,4,0.025607,0.617595,Minotaur,minotaur(pow_w:0.50),2.36,77,34
22,4,0x30509a8084fdfe6fe24d9c9a817c209ad194f8e3,2.650369,1772474162,c853621c8b6257c8fc5531742c810650405070d43ae5294680139a20c2a711a6,321,160.50,4.01,1,7,4,0.025607,0.617604,Minotaur,minotaur(pow_w:0.50),2.35,78,34
23,0,0x81193196c1dbdbf80709d43a5af5ce21c201fbd7,2.843559,1772474164,40eb0cd72b6ad62ef6f93919ede9774f2c4d96f17cd3ea43a06e4edec9a8c7d8,323,323.00,3.50,1,6,4,0.025692,0.619181,Minotaur,minotaur(pow_w:0.50),1.43,79,34
23,1,0x269cdf52f97e1d9f14b7be895155a7b294f0b21d,2.732933,1772474166,3bfad48d48bb9ff00552e8bebcf8093aa25259e38eb12ded1273d2c54f074cca,532,177.33,4.38,1,7,4,0.025618,0.619124,Minotaur,minotaur(pow_w:0.50),2.69,80,34
23,2,0x1796dc61e715f15a2d27dfa32bd34780f12a8c24,4.734481,1772474168,136cdf7f66b410690a9c541663da5dbf4215ae82a17692834f39d25501d11bd6,326,163.00,4.17,1,7,4,0.025536,0.618802,Minotaur,minotaur(pow_w:0.50),3.05,81,34
23,3,0x28672c71695142588ed26ada6f4b18b8b6c12308,0.686098,1772474171,4e56644dc20e58dcb4945266f3e6e1800d20b92cac687ef77e4ae62cf644db41,539,269.50,3.42,1,7,3,0.025583,0.620046,Minotaur,minotaur(pow_w:0.50),2.41,82,34
23,4,0x719361397abe003a91af76243e5f9c7a0cd4279f,6.547266,1772474172,810ddd6d94a15b772eb9107243544e8b475b7a6d60efc77ad8c7295958aa1708,363,181.50,3.96,1,7,4,0.025371,0.617218,Minotaur,minotaur(pow_w:0.50),2.26,83,34
24,0,0x4a217e35f6402e7f62a49f6d62e27c6585c2f3fd,1.486037,1772474175,ed0bf639b5425e4e230b451aa9d4248e001730ef9f15a1902814d22a5642e0f5,403,201.50,4.12,1,7,4,0.025528,0.618886,Minotaur,minotaur(pow_w:0.50),2.32,84,34
24,1,0x63f4973c0df8a5358405f396dc0673a463c48de9,9.921777,1772474181,42858aa9638fbcb22c63e9ae43bd2977f8ad3e3cccc39043c1d5eeb8f2d3a52b,263,131.50,4.63,1,7,5,0.025368,0.617294,Minotaur,minotaur(pow_w:0.50),2.91,85,34
24,2,0xbc3f8508d26048f2064aa8c068f4c94d08d77d18,5.069549,1772474181,42858aa9638fbcb22c63e9ae43bd2977f8ad3e3cccc39043c1d5eeb8f2d3a52b,263,131.50,4.63,1,7,5,0.025368,0.617299,Minotaur,minotaur(pow_w:0.50),2.91,85,34
24,3,0x606627477c3734932f47972f83c27cf4e3b35b4f,3.371057,1772474183,7cc5df1d916da238d52eb8fdd732044d3278c3f8bfedf7e0d0cb2ad97136b54b,625,89.29,4.64,1,8,5,0.025727,0.619427,Minotaur,minotaur(pow_w:0.50),7.71,86,35
24,4,0xa447d277b02012c2afd9ddcbbe123f27cc971963,2.806895,1772474185,e8cb9008a5d7216e1733c629179f33a74df7b1c2f042437f7417f28b8450f390,282,282.00,3.67,1,6,4,0.025679,0.619821,Minotaur,minotaur(pow_w:0.50),1.33,87,35
25,0,0x58a21eeb7ab18ba8adf1296e66a4487076e95dac,6.096394,1772474187,d7705e267a57267ade755bcff283bdf0ccec49a7258cb8f558d6c278695d866a,428,142.67,4.32,1,7,4,0.025597,0.619461,Minotaur,minotaur(pow_w:0.50),2.62,88,35
25,1,0xe478b1e4d1538274c0c70cbd7df877f9abab2f62,4.298546,1772474189,e98aaa070c2972dcd4b89eadbb32ea7b37570e986ae2b6d941c1e4a5475d4ba5,467,233.50,5.07,1,7,5,0.025598,0.619478,Minotaur,minotaur(pow_w:0.50),2.76,89,35
25,2,0xa3786e459f289a76c0e8af8ad834e3d0c6d47199,9.739593,1772474192,086d0b483a1aa61851eb94c2e4a0afb45be2f47d7789bb862ea66f8687d84edf,297,148.50,4.05,1,6,4,0.025712,0.621841,Minotaur,minotaur(pow_w:0.50),2.76,90,35
25,3,0x49b57eb4dace37c8819daf079c9c674f766d4f38,2.230470,1772474193,03dc0025a68e1d218619c8eaf951ad04fff808c54549ca867f6524a21d7f39bb,492,246.00,4.56,1,7,5,0.025604,0.620389,Minotaur,minotaur(pow_w:0.50),2.27,91,35
25,4,0xc774b0fee7cabbef3b1ae14bf36db3df0d32c1df,2.171437,1772474195,52de8f715e2f290f96f6726915965139f9c9ced526d5d2c805b1623c30d9e82f,186,186.00,4.37,3,6,4,0.025805,0.621361,Minotaur,minotaur(pow_w:0.50),2.00,92,35
26,0,0xbc3f8508d26048f2064aa8c068f4c94d08d77d18,5.068979,1772474197,3c6d3e76d9d376631e743293bc6620d475c968647025d266eb43016599b995bc,420,140.00,4.12,1,8,4,0.025683,0.620307,Minotaur,minotaur(pow_w:0.50),2.60,93,35
26,1,0xeb82a21cb3d0dd781eb22ad74bb7cd9b4d2a06ec,4.926005,1772474199,1d818d8a2059c8002aa3936a10b6342744eabcfe3697489b6886898fcb81031d,440,220.00,4.41,1,7,4,0.025684,0.620332,Minotaur,minotaur(pow_w:0.50),2.92,94,35
26,2,0x3513d672439a59c26cc5711f2b715ccb4810a774,1.285615,1772474202,d2b91efe15cfec51c8e797c9ff69eb7875e4ccccc8d8c937bd8f45adfcf63b7b,273,136.50,4.09,1,7,4,0.025718,0.621448,Minotaur,minotaur(pow_w:0.50),2.76,95,35
26,3,0x26d553a2f4343b3a7dc88bbd87b3d0a25d3838d9,4.213310,1772474203,e570e63392f2cd2a88477ce2d3838389bfcb38fe535154a57e26329fbb611da2,533,266.50,4.06,1,7,4,0.025719,0.621456,Minotaur,minotaur(pow_w:0.50),2.26,96,35
26,4,0x8d9e46becf415ca26aa698c9657087e6554aabda,1.384856,1772474205,ebbd5f91d7fd13be77ce35322d3175f82f18ee5380b87c5e1f6910df55efd9c5,174,174.00,3.76,1,5,4,0.025548,0.619569,Minotaur,minotaur(pow_w:0.50),1.95,97,35
27,0,0xcb7977f4997b4252c0152e135dd79b3cfe35c1a5,0.621213,1772474208,9f785cdf61506ca47a4a7d766b27e8272a37db0034263e7b3f3de1dfc819ee91,472,157.33,4.89,1,7,5,0.025377,0.618422,Minotaur,minotaur(pow_w:0.50),2.59,98,35
27,1,0x1796dc61e715f15a2d27dfa32bd34780f12a8c24,5.738911,1772474211,9f785cdf61506ca47a4a7d766b27e8272a37db0034263e7b3f3de1dfc819ee91,472,157.33,4.89,1,7,5,0.025378,0.618440,Minotaur,minotaur(pow_w:0.50),2.59,98,35
27,2,0x606627477c3734932f47972f83c27cf4e3b35b4f,4.373287,1772474212,0f1d1f574e5212611cb9d5cbebbf6c1f134a1fb402fcb20594d255185cb5e510,564,188.00,5.01,1,7,5,0.025378,0.618455,Minotaur,minotaur(pow_w:0.50),3.65,99,35
27,3,0xeb82a21cb3d0dd781eb22ad74bb7cd9b4d2a06ec,5.928575,1772474217,d6aeae8d25fb5587cfddbe1b9410096e8c9abbf7bb10d64ca47fb143d253596d,500,166.67,3.50,1,7,3,0.025249,0.616922,Minotaur,minotaur(pow_w:0.50),3.81,100,35
27,4,0xdcf2130496e27a8094ab996aea4aa77788d65869,7.509677,1772474217,d6aeae8d25fb5587cfddbe1b9410096e8c9abbf7bb10d64ca47fb143d253596d,500,166.67,3.50,1,7,3,0.025175,0.615554,Minotaur,minotaur(pow_w:0.50),3.81,100,36
28,0,0xb990cdf21950e6086c350175c4bc504e45858230,0.114818,1772474219,dd1c9cdce41902eba011da74e73728b9e7824e3dbfa036f283fa3cff55652f82,625,104.17,4.76,1,8,5,0.025333,0.618287,Minotaur,minotaur(pow_w:0.50),6.72,101,37
28,1,0x30509a8084fdfe6fe24d9c9a817c209ad194f8e3,3.652239,1772474222,705d30181a57e1bf5db131cc9a7c212f670803b4a2e5f485d9dad1012b87f7d5,217,108.50,4.03,1,6,4,0.025107,0.614487,Minotaur,minotaur(pow_w:0.50),3.01,102,37
28,2,0x075e1d95c7891e1c00414ca1aa9a7a8cf6270019,0.134285,1772474223,00df2468acd5704f1c22835c8be77be72108f0af0da1d23f431eb8c0e1137a68,544,272.00,3.44,1,6,3,0.025067,0.614948,Minotaur,minotaur(pow_w:0.50),2.21,103,37
28,3,0x95ab54d268473cce82094026afefdbd5cadf418b,0.591818,1772474225,67f2e773800537af98bd3f70472166d41c0adba1177c2a5f445a95db88155b80,169,169.00,3.49,2,6,3,0.024847,0.611162,Minotaur,minotaur(pow_w:0.50),1.98,104,37
28,4,0xd46407aa7b668c72de3cf1c1a12b7fa2e308a1b2,2.986579,1772474227,1e07ed75c9c9c9e978ee31c4d9f1a64d4329faa31ddf77bc134e93bdfcf0bd41,474,158.00,4.45,1,7,5,0.024653,0.608170,Minotaur,minotaur(pow_w:0.50),2.59,105,37
29,0,0x81193196c1dbdbf80709d43a5af5ce21c201fbd7,3.847339,1772474229,ef0d330c7191617190141bb239c936a2f09927207f48290f1a6798430e347ebf,525,262.50,4.43,1,7,5,0.024582,0.607944,Minotaur,minotaur(pow_w:0.50),2.73,106,37
29,1,0x1796dc61e715f15a2d27dfa32bd34780f12a8c24,6.743221,1772474232,6e38a92e2f7f93b700c1534bc6589cd1cf04f4a6290563f6a64181a4da9bde95,257,128.50,4.33,1,7,4,0.024555,0.608422,Minotaur,minotaur(pow_w:0.50),3.00,107,37
29,2,0x6064b9f5883bf9737dfe314ff68c56e09e68ac89,3.190419,1772474233,4b54c38b77a91e579722b0d66b5f32874ada3ec72ef3b43cfab6e64a8d3744bf,575,287.50,3.24,1,6,3,0.024555,0.608430,Minotaur,minotaur(pow_w:0.50),2.17,108,37
29,3,0x269cdf52f97e1d9f14b7be895155a7b294f0b21d,3.734783,1772474235,919f619eb2296f60ba5343a69631f059fa564c1fe0cba41b7921127e3e607451,144,144.00,4.88,2,7,5,0.024607,0.609747,Minotaur,minotaur(pow_w:0.50),1.97,109,37
29,4,0x7e40df5d801345015e84c843908efc6683665fa4,1.656319,1772474238,c84d8705ff6166f0ed11a5e376a8bc956948f69afe9d16bca8a41c44b5d0d1d5,499,166.33,3.81,1,6,4,0.024571,0.610021,Minotaur,minotaur(pow_w:0.50),2.57,110,37
30,0,0x34412315480562da4810040fd15c81f99880e1ab,1.890193,1772474239,c84d8705ff6166f0ed11a5e376a8bc956948f69afe9d16bca8a41c44b5d0d1d5,499,166.33,3.81,1,6,4,0.024571,0.610030,Minotaur,minotaur(pow_w:0.50),2.57,110,37
30,1,0xd39dbd3662315e3935ec08e6b6028e73b3c09de2,2.924930,1772474245,d9e286ed1850f5e6c94b6149433986378a0d49813aad909a38556dad346e24ab,125,125.00,4.58,3,7,5,0.024446,0.608774,Minotaur,minotaur(pow_w:0.50),2.41,112,37
30,2,0x6d6b2734a20229ddd7fd4a1470ba3e3bad4e4a85,2.638674,1772474245,d9e286ed1850f5e6c94b6149433986378a0d49813aad909a38556dad346e24ab,125,125.00,4.58,3,7,5,0.024447,0.608775,Minotaur,minotaur(pow_w:0.50),2.41,112,37
30,3,0xc24b36dee27726233c3bbd9e1f028f98b6b2a424,3.408419,1772474247,b6f56a501f090c2a2a7db6eb895222a26508d09883388df1a014f0161b182925,625,104.17,5.06,1,8,5,0.024373,0.608315,Minotaur,minotaur(pow_w:0.50),6.63,113,38
30,4,0xa3786e459f289a76c0e8af8ad834e3d0c6d47199,10.743193,1772474249,89c557c43dd0e45aeec7a04aa2ff73087e6e399d47cbab14bd2e01a54f953efd,52,52.00,4.87,2,7,5,0.024322,0.608217,Minotaur,minotaur(pow_w:0.50),4.60,114,38
31,0,0xac768e60b9269babb15cb1e36ee843243d7c7543,3.710258,1772474251,a3132911e8616e29ebabb9b675431fc781ab85e747f1d75b0adaa9f554f8e3f2,508,169.33,4.40,1,7,4,0.024322,0.608226,Minotaur,minotaur(pow_w:0.50),2.39,115,38
31,1,0x26d553a2f4343b3a7dc88bbd87b3d0a25d3838d9,5.213820,1772474253,a3132911e8616e29ebabb9b675431fc781ab85e747f1d75b0adaa9f554f8e3f2,508,169.33,4.40,1,7,4,0.024613,0.610072,Minotaur,minotaur(pow_w:0.50),2.39,115,39
31,2,0x719361397abe003a91af76243e5f9c7a0cd4279f,7.549126,1772474255,537cfc802836dd4b1013185900840a55fc071489eae8c541e9ca2cec1c553b7e,625,156.25,3.90,1,6,4,0.024613,0.610088,Minotaur,minotaur(pow_w:0.50),3.40,116,39
31,3,0xd61b00c297972877b45f8d7f4d67fdaf20c67c59,1.333041,1772474257,592b1a5209d639e6c490f049d31082c17cada1068ea02082d6b0eea4f941b175,115,115.00,3.90,1,7,4,0.024774,0.612663,Minotaur,minotaur(pow_w:0.50),2.61,117,39
31,4,0x07902d0371763a00d97ed9ba16ff0a206cb0fd19,5.536389,1772474260,8e18364c18a5cf5ddf08c45a97db04ee864dbc176d570f20840f0ce8296a7f82,483,161.00,4.76,1,7,5,0.024774,0.612678,Minotaur,minotaur(pow_w:0.50),2.49,118,39
32,0,0x687bf2437a044a3e42ff2f8a79a8e54ba9601f70,1.058549,1772474261,8e18364c18a5cf5ddf08c45a97db04ee864dbc176d570f20840f0ce8296a7f82,483,161.00,4.76,1,7,5,0.024622,0.610791,Minotaur,minotaur(pow_w:0.50),2.49,118,39
32,1,0xeb82a21cb3d0dd781eb22ad74bb7cd9b4d2a06ec,6.933655,1772474263,1e95d166ae38a4b8f9606d017cc4d7c747da909c6c33b3753927498f04041027,481,160.33,2.70,1,4,3,0.024623,0.610807,Minotaur,minotaur(pow_w:0.50),3.08,119,40
32,2,0x07902d0371763a00d97ed9ba16ff0a206cb0fd19,6.541179,1772474265,8b248ac5afdfd318b710fe6d5a089257155471ab399455bec9be10af5a1e7ed2,470,156.67,4.11,1,7,4,0.024759,0.613120,Minotaur,minotaur(pow_w:0.50),3.20,120,40
32,3,0x07902d0371763a00d97ed9ba16ff0a206cb0fd19,5.536349,1772474267,8b248ac5afdfd318b710fe6d5a089257155471ab399455bec9be10af5a1e7ed2,470,156.67,4.11,1,7,4,0.024725,0.612135,Minotaur,minotaur(pow_w:0.50),3.20,120,40
32,4,0x26d553a2f4343b3a7dc88bbd87b3d0a25d3838d9,6.219820,1772474269,c03abea654aebe36b4ba50909cd3ac300cdf0786c8f0ed49b3a272fe4995b9ed,517,172.33,2.82,1,4,3,0.024725,0.612142,Minotaur,minotaur(pow_w:0.50),3.67,121,40
33,0,0xd61b00c297972877b45f8d7f4d67fdaf20c67c59,2.337551,1772474272,6851559e236d63223a268347f5fa8cca1e0628b81febc2a67f0552f81e431c8a,287,287.00,3.77,1,6,4,0.024825,0.614253,Minotaur,minotaur(pow_w:0.50),1.87,123,40
33,1,0xdcf2130496e27a8094ab996aea4aa77788d65869,7.508377,1772474273,6eaa7861ed0ac23fcfce1d21ae69da272703efafb0e18ca2f9a426e64b3cd953,504,168.00,5.20,1,8,5,0.024718,0.613232,Minotaur,minotaur(pow_w:0.50),3.33,124,40
33,2,0x1796dc61e715f15a2d27dfa32bd34780f12a8c24,7.748081,1772474275,6eaa7861ed0ac23fcfce1d21ae69da272703efafb0e18ca2f9a426e64b3cd953,504,168.00,5.20,1,8,5,0.024718,0.613245,Minotaur,minotaur(pow_w:0.50),3.33,124,41
33,3,0xac768e60b9269babb15cb1e36ee843243d7c7543,3.709538,1772474278,075db098c11d18cddbb7ace8147fc5916d9b8e18e3844896d1cf4e57917904a1,625,156.25,3.40,1,7,3,0.024847,0.614696,Minotaur,minotaur(pow_w:0.50),4.40,125,41
33,4,0x3513d672439a59c26cc5711f2b715ccb4810a774,2.289085,1772474279,45e523bfbcd4f8c676ce113e825a07ffad685826717b100c597ef9505f16a73c,131,131.00,3.33,1,7,3,0.024797,0.614731,Minotaur,minotaur(pow_w:0.50),1.97,126,41
34,0,0xcb7977f4997b4252c0152e135dd79b3cfe35c1a5,1.625283,1772474281,43779d2b67bd04d370f16ade27813af740d0458733a2797d2d4c88dea2f63b3f,298,298.00,3.99,1,7,4,0.024688,0.613613,Minotaur,minotaur(pow_w:0.50),1.49,127,41
34,1,0xe478b1e4d1538274c0c70cbd7df877f9abab2f62,5.299206,1772474283,7fe449ecc2ffecea23d16546b026cd97995b5c155b3cb2802638ecb84706533f,543,181.00,4.83,1,7,5,0.024552,0.611989,Minotaur,minotaur(pow_w:0.50),2.83,128,41
34,2,0x13f9dadc05f6c237b03411e2aed1800cf21a5d89,1.275242,1772474285,304c0f7cda7d7683d4c1207e9e04d2f187b8428cfaa419dc8835bbf22ca67e26,519,259.50,4.33,1,7,4,0.024571,0.612837,Minotaur,minotaur(pow_w:0.50),2.70,129,41
34,3,0x81193196c1dbdbf80709d43a5af5ce21c201fbd7,4.848719,1772474288,b1e20d86f3d1d7aab7d6ccb3a416ebd140f411ba8314149343277c80afef8adc,393,196.50,2.84,1,5,3,0.024421,0.610820,Minotaur,minotaur(pow_w:0.50),2.38,130,41
34,4,0xc4dc29db975b952e04358340e56b68fa4ba63fbc,3.544471,1772474295,88c41d4206ee885c27bea979b7ac117d7de24c2dc85dd526d0a773aeae3c9c7a,438,146.00,4.43,1,7,4,0.024420,0.611516,Minotaur,minotaur(pow_w:0.50),3.26,131,41
35,0,0x606627477c3734932f47972f83c27cf4e3b35b4f,4.371577,1772474295,88c41d4206ee885c27bea979b7ac117d7de24c2dc85dd526d0a773aeae3c9c7a,438,146.00,4.43,1,7,4,0.024420,0.611519,Minotaur,minotaur(pow_w:0.50),3.26,131,41
35,1,0x8c11ec9090dd820c076e57e899d9c604c79d6b32,3.565659,1772474297,664d9f622e6d650fd8693f2c9d703d20f920bf6a66f99e87a27d206799802ece,625,89.29,5.42,1,8,5,0.024367,0.611419,Minotaur,minotaur(pow_w:0.50),7.40,132,42
35,2,0xbc3f8508d26048f2064aa8c068f4c94d08d77d18,5.066639,1772474299,cdf4584a6463887ac7264f6da9d39e87138c4aa36878dc5004188053f5c15561,55,55.00,4.16,1,6,4,0.024313,0.611203,Minotaur,minotaur(pow_w:0.50),3.02,133,42
35,3,0x3513d672439a59c26cc5711f2b715ccb4810a774,3.291455,1772474301,92d23f662054cc86fea6b44d7215606a3dd898312304bc7eadfa1e2ad773bd23,518,172.67,4.20,1,7,4,0.024313,0.611209,Minotaur,minotaur(pow_w:0.50),2.40,134,42
35,4,0x63f4973c0df8a5358405f396dc0673a463c48de9,10.925277,1772474303,e33a3bdeeb37463a76fee8e6d073f3c12ae7f1fe9f5f3579059be2fd869fc16b,222,222.00,4.39,1,7,4,0.024252,0.611368,Minotaur,minotaur(pow_w:0.50),1.99,135,42
36,0,0x4414c05be2cf328f38d2e3ef4b705d6b894f044a,2.079549,1772474305,556a6ee518b283a10492fd653a4de42ebc8db170f22a157e7fe77ee750c3ccf0,400,133.33,3.96,1,6,4,0.024486,0.612988,Minotaur,minotaur(pow_w:0.50),2.57,136,42
36,1,0xc774b0fee7cabbef3b1ae14bf36db3df0d32c1df,3.173127,1772474307,ded1bcf472b66ed73be788147afb7700556d324ffe38b5009f940e7d3dfc127a,551,275.50,4.17,1,7,4,0.024371,0.611665,Minotaur,minotaur(pow_w:0.50),2.68,137,42
36,2,0x6064b9f5883bf9737dfe314ff68c56e09e68ac89,4.190029,1772474309,dde13f9e0c5afee3e81c56ddf91a153262c5818afdce37dc4604699f6e6ab92c,271,135.50,4.84,1,8,5,0.024299,0.611033,Minotaur,minotaur(pow_w:0.50),2.95,138,42
36,3,0xac768e60b9269babb15cb1e36ee843243d7c7543,4.709898,1772474312,d3d184e10d0fa6cc680c7e5d7e427d41426846e31013746c017b2cbc2d62c455,532,266.00,3.99,1,6,4,0.024267,0.611244,Minotaur,minotaur(pow_w:0.50),2.40,139,42
36,4,0x26d553a2f4343b3a7dc88bbd87b3d0a25d3838d9,7.221580,1772474313,7fea65188c625fcea104b884402e6c4ab68f5be377c3158c0c40d01eaaa651b6,303,151.50,4.54,1,8,4,0.024267,0.611251,Minotaur,minotaur(pow_w:0.50),2.45,140,42
37,0,0xe6ebb0cdfd04183d498964e5efc4096ba77b17d6,8.302903,1772474316,c1e8994802edd9e84252e460f23fae9417bfad047787be454e9adc7b9e6c8956,381,381.00,3.81,1,6,4,0.024333,0.612821,Minotaur,minotaur(pow_w:0.50),1.39,141,42
37,1,0x1796dc61e715f15a2d27dfa32bd34780f12a8c24,8.753271,1772474318,c1e8994802edd9e84252e460f23fae9417bfad047787be454e9adc7b9e6c8956,381,381.00,3.81,1,6,4,0.024333,0.612830,Minotaur,minotaur(pow_w:0.50),1.39,141,42
37,2,0x269cdf52f97e1d9f14b7be895155a7b294f0b21d,4.737423,1772474322,ae7897ce1169ebea6531ac939750e45fcbb6b23170754ce6590b68f9c02d5b8d,177,177.00,3.34,1,5,3,0.024468,0.614299,Minotaur,minotaur(pow_w:0.50),2.14,143,42
37,3,0x6064b9f5883bf9737dfe314ff68c56e09e68ac89,5.195109,1772474324,ae7897ce1169ebea6531ac939750e45fcbb6b23170754ce6590b68f9c02d5b8d,177,177.00,3.34,1,5,3,0.024468,0.614306,Minotaur,minotaur(pow_w:0.50),2.14,143,42
37,4,0x4414c05be2cf328f38d2e3ef4b705d6b894f044a,3.084729,1772474324,ae7897ce1169ebea6531ac939750e45fcbb6b23170754ce6590b68f9c02d5b8d,177,177.00,3.34,1,5,3,0.024468,0.614306,Minotaur,minotaur(pow_w:0.50),2.14,143,42
38,0,0xd46407aa7b668c72de3cf1c1a12b7fa2e308a1b2,3.989369,1772474332,7038a8a197463c5f668e4a34d6e02893589cd55f4df3dec5b94ef3cb3e6cfe6d,226,113.00,4.76,1,8,5,0.024470,0.614843,Minotaur,minotaur(pow_w:0.50),5.66,145,43
38,1,0x63f4973c0df8a5358405f396dc0673a463c48de9,11.928517,1772474332,7038a8a197463c5f668e4a34d6e02893589cd55f4df3dec5b94ef3cb3e6cfe6d,226,113.00,4.76,1,8,5,0.024470,0.614845,Minotaur,minotaur(pow_w:0.50),5.66,145,43
38,2,0x6414c6a8400ff3419cd81855d09de2848d770e0e,0.145766,1772474335,d829648d59e5f664ed1dcd2a6947dc4475cb1647cbb1a1cc1f9e9e0c880bab3b,625,69.44,4.66,1,8,5,0.024427,0.614817,Minotaur,minotaur(pow_w:0.50),10.00,146,44
38,3,0x606627477c3734932f47972f83c27cf4e3b35b4f,4.370467,1772474337,d829648d59e5f664ed1dcd2a6947dc4475cb1647cbb1a1cc1f9e9e0c880bab3b,625,69.44,4.66,1,8,5,0.024428,0.614830,Minotaur,minotaur(pow_w:0.50),10.00,146,45
38,4,0xf6e059718dbd0a0956726ab97d06bad5efc6cd18,1.006127,1772474339,a343942e82ba6b95f246e0c081959069d16831684a84c1606176212128381f9f,625,156.25,4.35,1,10,4,0.024429,0.614844,Minotaur,minotaur(pow_w:0.50),10.95,147,45
39,0,0xbc3f8508d26048f2064aa8c068f4c94d08d77d18,6.070789,1772474341,1912fdc669673e82283e4b42b6328322d4fd6644115f1b2c11f8dec502b1f130,75,75.00,3.83,1,6,4,0.024246,0.612765,Minotaur,minotaur(pow_w:0.50),3.85,148,45
39,1,0x26d553a2f4343b3a7dc88bbd87b3d0a25d3838d9,8.224630,1772474344,702f60ed4718b0906990bbfa812556c422901660cdb49957abff68a1fb68918d,494,164.67,4.31,1,7,4,0.024276,0.613625,Minotaur,minotaur(pow_w:0.50),2.47,149,45
39,2,0xd67aaaf210c0c36ddcb7055222d168b5c9dd1b36,0.178461,1772474345,066357b37ac3d872abeb4f7ebfc769c2259a1608b86f3346816ab8933e221abb,342,171.00,3.73,1,6,4,0.024276,0.613631,Minotaur,minotaur(pow_w:0.50),2.38,150,45
39,3,0x49b57eb4dace37c8819daf079c9c674f766d4f38,3.228550,1772474347,1fd4e93f9527013c75461e46b409bd8e6a0a5b0d7a49868d4e0998cad0934b44,250,250.00,3.77,1,7,4,0.024097,0.610456,Minotaur,minotaur(pow_w:0.50),1.44,151,45
39,4,0xe6ebb0cdfd04183d498964e5efc4096ba77b17d6,8.302003,1772474349,c2b3b0cbae5d3b4d5f6afba64b4e28e748342895bb24b86e8bcca345acb69d3f,576,192.00,4.05,1,6,4,0.024027,0.609797,Minotaur,minotaur(pow_w:0.50),2.76,152,45
40,0,0xd61b00c297972877b45f8d7f4d67fdaf20c67c59,3.340431,1772474352,2efb1cfca71922eb38b05b699c55f2a2acaa41193e31a0df83c4d56256cd7eef,300,150.00,4.51,1,7,5,0.024133,0.611125,Minotaur,minotaur(pow_w:0.50),2.84,153,45
40,1,0x719361397abe003a91af76243e5f9c7a0cd4279f,8.547976,1772474353,2efb1cfca71922eb38b05b699c55f2a2acaa41193e31a0df83c4d56256cd7eef,300,150.00,4.51,1,7,5,0.024133,0.611130,Minotaur,minotaur(pow_w:0.50),2.84,153,45
40,2,0xac768e60b9269babb15cb1e36ee843243d7c7543,5.711908,1772474355,c15904837417a74adf8d76db780ae59be35e8a60eea69fe00bdafd7764e17b31,528,176.00,5.18,1,8,5,0.024066,0.610454,Minotaur,minotaur(pow_w:0.50),3.41,154,46
40,3,0x07902d0371763a00d97ed9ba16ff0a206cb0fd19,6.537579,1772474357,e66d0c71f47a50601380493bcb97447c2962a37a889f292c4b4696c37610f4c3,625,208.33,4.53,1,8,4,0.024066,0.610466,Minotaur,minotaur(pow_w:0.50),3.51,155,46
40,4,0x49b57eb4dace37c8819daf079c9c674f766d4f38,4.234020,1772474359,0ce2bb28a7a1acd40e2d783f747be06ae49f438888b0515c9412aa6bd039f9ed,151,75.50,2.75,1,4,3,0.024109,0.611345,Minotaur,minotaur(pow_w:0.50),3.74,156,46
41,0,0x28672c71695142588ed26ada6f4b18b8b6c12308,1.685028,1772474362,d56a77ebcb5fdbbc3f1da5cfb9e439bf2b692e0be080c57760ba33a72b728781,513,256.50,4.05,1,6,4,0.024071,0.611307,Minotaur,minotaur(pow_w:0.50),2.44,157,46
41,1,0xb2a7fe70a6f3137d38f6cb4c3ec6dd1e24f2d5f4,3.418548,1772474363,e3784fcd2b87677ce526392efe423a4d92c213f35ebda192031d6ebba8722974,289,144.50,4.11,1,8,4,0.024031,0.610451,Minotaur,minotaur(pow_w:0.50),2.69,158,46
41,2,0x07902d0371763a00d97ed9ba16ff0a206cb0fd19,6.537489,1772474365,6ddc0f121171e52001664390ab9b7aa5fb2b8dde79800897a2cd014ac30b2c43,314,314.00,4.08,1,6,4,0.023844,0.608131,Minotaur,minotaur(pow_w:0.50),1.66,159,46
41,3,0xeb82a21cb3d0dd781eb22ad74bb7cd9b4d2a06ec,7.936085,1772474367,6ddc0f121171e52001664390ab9b7aa5fb2b8dde79800897a2cd014ac30b2c43,314,314.00,4.08,1,6,4,0.023884,0.609007,Minotaur,minotaur(pow_w:0.50),1.66,159,46
41,4,0xc774b0fee7cabbef3b1ae14bf36db3df0d32c1df,4.174377,1772474369,e12e646385ea8ee74cfb8d9e3b16a954aaa0481f027eddbee6557f269b0a3d21,625,125.00,4.34,1,7,4,0.023932,0.609325,Minotaur,minotaur(pow_w:0.50),4.68,160,47
42,0,0x95ab54d268473cce82094026afefdbd5cadf418b,1.592878,1772474372,e12e646385ea8ee74cfb8d9e3b16a954aaa0481f027eddbee6557f269b0a3d21,625,125.00,4.34,1,7,4,0.023970,0.610193,Minotaur,minotaur(pow_w:0.50),4.68,160,48
42,1,0xa3786e459f289a76c0e8af8ad834e3d0c6d47199,11.745403,1772474373,e12e646385ea8ee74cfb8d9e3b16a954aaa0481f027eddbee6557f269b0a3d21,625,125.00,4.34,1,7,4,0.023970,0.610199,Minotaur,minotaur(pow_w:0.50),4.68,160,48
42,2,0x34412315480562da4810040fd15c81f99880e1ab,2.887953,1772474375,98196e10aa002881fae5fce125a09069bd4f34866c855ab0e0721210cd8a8494,625,125.00,4.59,1,7,5,0.023845,0.608466,Minotaur,minotaur(pow_w:0.50),4.95,161,49
42,3,0xa3786e459f289a76c0e8af8ad834e3d0c6d47199,11.745273,1772474377,85c13a746ed7fe6b15acc0127c8c0fbf801a19c5f93feb6c67c763459677533a,625,156.25,4.70,1,7,5,0.023846,0.608478,Minotaur,minotaur(pow_w:0.50),4.18,161,50
42,4,0x95ab54d268473cce82094026afefdbd5cadf418b,2.598998,1772474379,38af3bfa464bf236eaad9462a0a3c1aa6515da97705ea26a9a883dbf5d0dd50b,57,57.00,4.58,3,6,5,0.023847,0.608497,Minotaur,minotaur(pow_w:0.50),2.84,161,51
43,0,0x6d6b2734a20229ddd7fd4a1470ba3e3bad4e4a85,2.635254,1772474382,f6897b09758ed6d4449f3b145c96cec1b01b0fbe2a373d5ab0ade395a0944f4a,490,163.33,4.48,1,7,4,0.023847,0.608509,Minotaur,minotaur(pow_w:0.50),2.50,161,52
43,1,0xa447d277b02012c2afd9ddcbbe123f27cc971963,3.806405,1772474383,f6897b09758ed6d4449f3b145c96cec1b01b0fbe2a373d5ab0ade395a0944f4a,490,163.33,4.48,1,7,4,0.023848,0.608516,Minotaur,minotaur(pow_w:0.50),2.50,161,53
43,2,0xe6ebb0cdfd04183d498964e5efc4096ba77b17d6,9.304103,1772474385,854643e86a1ca3db7ae520b6244d4e74a2ddaa793ef92d82cc5bc3967685ac9f,486,243.00,4.33,1,6,4,0.023848,0.608529,Minotaur,minotaur(pow_w:0.50),2.38,161,54
43,3,0xa3786e459f289a76c0e8af8ad834e3d0c6d47199,11.745073,1772474387,333d992eb820c722e74ccf73e16bf80de2f92a4279b0aa0357945300bb761aae,228,228.00,4.46,1,8,4,0.023849,0.608542,Minotaur,minotaur(pow_w:0.50),1.99,161,55
43,4,0xa3786e459f289a76c0e8af8ad834e3d0c6d47199,11.744993,1772474389,a8ccc0fbcb0505e0b9e1c93a968ebefd0f6b3df97f30770be27da5a6b50a1b14,421,140.33,4.21,1,7,4,0.023850,0.608561,Minotaur,minotaur(pow_w:0.50),2.59,161,56
44,0,0x719361397abe003a91af76243e5f9c7a0cd4279f,8.547056,1772474392,b4a7529fadd89b61bd9e4b02cafe9ea444395bffc2455067260c23cc9ca5e018,581,290.50,4.73,1,7,5,0.023850,0.608572,Minotaur,minotaur(pow_w:0.50),2.76,161,57
44,1,0x30509a8084fdfe6fe24d9c9a817c209ad194f8e3,4.653579,1772474393,b4a7529fadd89b61bd9e4b02cafe9ea444395bffc2455067260c23cc9ca5e018,581,290.50,4.73,1,7,5,0.023851,0.608579,Minotaur,minotaur(pow_w:0.50),2.76,161,58
44,2,0x606627477c3734932f47972f83c27cf4e3b35b4f,5.375287,1772474395,20509cdf41315491c13e12e12e8fcc6bf4e4df04f8f22d1f186f112f16780c6c,542,180.67,3.92,1,7,4,0.023851,0.608591,Minotaur,minotaur(pow_w:0.50),3.30,161,59
44,3,0xbc3f8508d26048f2064aa8c068f4c94d08d77d18,7.074429,1772474397,e4d9f9fccd7ac9baccbda610f9f0d22ca53da71ff9da27a9ad2d2dc8d3b7047c,160,160.00,3.82,1,6,4,0.023852,0.608610,Minotaur,minotaur(pow_w:0.50),1.98,161,60
44,4,0xc4dc29db975b952e04358340e56b68fa4ba63fbc,4.548351,1772474400,5ed4acd553f8125cd20c0ed0f92e69ccee9b716afe17f8e9ce83cf6a7c5ca415,500,166.67,4.21,1,7,4,0.023852,0.608612,Minotaur,minotaur(pow_w:0.50),2.48,161,61
45,0,0x26d553a2f4343b3a7dc88bbd87b3d0a25d3838d9,8.223220,1772474406,f7f1b2c24e81ea5a69844ba8824f9da3277684d138fe8d4b49fb95934a407ae2,397,198.50,3.96,1,8,4,0.023853,0.608629,Minotaur,minotaur(pow_w:0.50),2.20,161,62
45,1,0x1796dc61e715f15a2d27dfa32bd34780f12a8c24,9.752821,1772474406,f7f1b2c24e81ea5a69844ba8824f9da3277684d138fe8d4b49fb95934a407ae2,397,198.50,3.96,1,8,4,0.023853,0.608629,Minotaur,minotaur(pow_w:0.50),2.20,161,62
45,2,0xd61b00c297972877b45f8d7f4d67fdaf20c67c59,4.344381,1772474409,6197f8081c57ebde32976ad3c1fe1bc735b2b4e540ea3e70020b067e3e4b07f9,625,78.12,3.80,1,7,4,0.023997,0.610059,Minotaur,minotaur(pow_w:0.50),8.17,162,63
45,3,0x6064b9f5883bf9737dfe314ff68c56e09e68ac89,6.195099,1772474410,c6dcbcda5a6227e243e1fe4c40e56342a6f41c4717588acfeca96d05c33a049a,162,81.00,4.30,1,9,4,0.023997,0.610065,Minotaur,minotaur(pow_w:0.50),3.48,162,64
45,4,0x63f4973c0df8a5358405f396dc0673a463c48de9,11.926417,1772474412,d62cf6d46bd186becaa3799d3410b59c9fe901dd7f42a94392880b30df21698b,373,373.00,3.89,1,7,4,0.024021,0.610804,Minotaur,minotaur(pow_w:0.50),1.45,163,64
46,0,0xeb82a21cb3d0dd781eb22ad74bb7cd9b4d2a06ec,8.941225,1772474414,a0d8c4a51cc12b33539adbe1da53dbe1fea67fed4591a1011df1f672f0c66701,508,169.33,4.37,1,7,4,0.024228,0.612344,Minotaur,minotaur(pow_w:0.50),2.53,164,64
46,1,0x7e40df5d801345015e84c843908efc6683665fa4,1.652049,1772474417,89d59ccc493a9d98888de82965dd6fce88cb1fd7a2ee83cfc6ef98817e38818f,269,134.50,4.41,1,7,4,0.024335,0.613595,Minotaur,minotaur(pow_w:0.50),2.99,165,64
46,2,0x3513d672439a59c26cc5711f2b715ccb4810a774,4.290505,1772474418,de80ed95d2706f8edee62007e4b77ebf3b2fe86656be1ef8e9cd10ca12032ae1,529,264.50,4.29,1,7,4,0.024210,0.611848,Minotaur,minotaur(pow_w:0.50),2.38,166,64
46,3,0x719361397abe003a91af76243e5f9c7a0cd4279f,8.546396,1772474420,8aaa38a245d2211f19a6e8a3d63bed7b64d1a04ea5e96ab98927eff60557d504,213,213.00,4.63,2,7,5,0.024169,0.611764,Minotaur,minotaur(pow_w:0.50),1.98,167,64
46,4,0x606627477c3734932f47972f83c27cf4e3b35b4f,5.374777,1772474422,c2aae7318e9771ccb45fb6e245c7a51f3551f897af94ff9a82419b1fbce8f7e1,445,148.33,3.93,1,7,4,0.024260,0.612895,Minotaur,minotaur(pow_w:0.50),2.51,168,64
47,0,0x719361397abe003a91af76243e5f9c7a0cd4279f,9.550796,1772474424,c18da6ccac8a3dbddf1ba35f078853dd47cb7aabab49d79b0c4522d0e2b17cd9,488,244.00,4.26,1,7,4,0.024251,0.613331,Minotaur,minotaur(pow_w:0.50),2.48,169,64
47,1,0x58a21eeb7ab18ba8adf1296e66a4487076e95dac,6.090354,1772474427,59a83c2564d492f36b205dc328386ab91a4f4560641f87c793ecd49086b1d986,274,274.00,4.07,1,7,4,0.024252,0.613342,Minotaur,minotaur(pow_w:0.50),1.88,170,64
47,2,0xf82400c4f426bdbd2bc687ffef1f22c1a381c851,0.053061,1772474430,060c00d3374457edc6ca428033a5a6a0982bee44ea897eccb6275ced6c8fb463,540,135.00,4.55,1,7,4,0.024370,0.614563,Minotaur,minotaur(pow_w:0.50),3.51,171,64
47,3,0x719361397abe003a91af76243e5f9c7a0cd4279f,10.553386,1772474437,36968b03314da74bb34d5ffd2141f0f3549dc47e0c26c16965c0cc86882e51c9,528,176.00,5.01,1,9,5,0.024381,0.615154,Minotaur,minotaur(pow_w:0.50),3.82,172,64
47,4,0xe6ebb0cdfd04183d498964e5efc4096ba77b17d6,9.302713,1772474437,36968b03314da74bb34d5ffd2141f0f3549dc47e0c26c16965c0cc86882e51c9,528,176.00,5.01,1,9,5,0.024209,0.611878,Minotaur,minotaur(pow_w:0.50),3.82,172,64
48,0,0x07902d0371763a00d97ed9ba16ff0a206cb0fd19,7.537539,1772474439,d6c27d9b0ea2543ce22b47227ea26f38b2e1bc26b799dfd5ec95c31674b83bab,625,89.29,4.61,1,8,5,0.024354,0.613205,Minotaur,minotaur(pow_w:0.50),8.00,173,65
48,1,0xeb82a21cb3d0dd781eb22ad74bb7cd9b4d2a06ec,9.943255,1772474442,0ed3394d0ea62784b3932ac1f3f53be2bec05a58c547c570f210623b19c36990,28,28.00,2.36,1,4,3,0.024405,0.614157,Minotaur,minotaur(pow_w:0.50),5.18,174,65
48,2,0x4ba33404d90c4ae989714d9d174cd882cffb7994,5.120142,1772474443,102036f5364f92dcfae2bfd0724f5549f0e81b36336f3eb35b7ae3af07713c1c,536,178.67,4.09,1,7,4,0.024525,0.615315,Minotaur,minotaur(pow_w:0.50),2.36,175,65
48,3,0x30509a8084fdfe6fe24d9c9a817c209ad194f8e3,4.652439,1772474445,c5985ce4df4eb87f0deafaaaa7f72d7e24dd99b19ef3f8f96376763ee93df0e2,197,197.00,4.80,1,7,5,0.024502,0.615565,Minotaur,minotaur(pow_w:0.50),2.00,176,65
48,4,0xb2a7fe70a6f3137d38f6cb4c3ec6dd1e24f2d5f4,4.419818,1772474447,6b50637e9f4d87b7a1cf62c61d25f265e49c1e8d13fddfef1d61ff74841e4e6f,425,141.67,3.61,1,6,4,0.024466,0.615583,Minotaur,minotaur(pow_w:0.50),2.50,177,65
49,0,0xe6ebb0cdfd04183d498964e5efc4096ba77b17d6,9.302383,1772474449,ac0ee1be4f20c02acf00f6a6e3e8e89b07184abdf8b54526b06b0d755c2b9837,520,260.00,4.51,1,7,4,0.024422,0.615441,Minotaur,minotaur(pow_w:0.50),2.58,178,65
49,1,0xa3786e459f289a76c0e8af8ad834e3d0c6d47199,11.743533,1772474452,45a427568a09148f8753e7bd7872a02672e03ce9149b28ad7ae4d8e295ac0645,275,137.50,4.40,1,7,4,0.024518,0.616490,Minotaur,minotaur(pow_w:0.50),2.81,179,65
49,2,0xaadc5fea232580cb8fba739ac5d05a48559c7e52,1.342873,1772474453,0e1745598b194e93f344d55aaedf4fcb4bbfb14f9abc299f67929d7022f9ebcb,492,246.00,4.60,1,7,5,0.024681,0.617829,Minotaur,minotaur(pow_w:0.50),2.33,180,65
49,3,0x26d553a2f4343b3a7dc88bbd87b3d0a25d3838d9,8.221910,1772474455,ad39394fe4de8874e5d36191ded2a98c6d4820f326939c59d6b1743e197744fc,213,213.00,4.56,3,7,4,0.024548,0.615914,Minotaur,minotaur(pow_w:0.50),1.97,181,65
49,4,0x606627477c3734932f47972f83c27cf4e3b35b4f,6.378857,1772474457,0dde8d6ffab86d027c34a967552fc88e1398bb768bcabe42f757c16bfc3a01b0,489,163.00,3.83,1,6,4,0.024609,0.616853,Minotaur,minotaur(pow_w:0.50),2.47,182,65
50,0,0x07902d0371763a00d97ed9ba16ff0a206cb0fd19,8.537519,1772474460,c6150b7af9539d86159151677d75063a20870c496f3458817cc1b10132ec980b,372,186.00,4.23,1,7,4,0.024617,0.617424,Minotaur,minotaur(pow_w:0.50),2.65,183,65
50,1,0x07902d0371763a00d97ed9ba16ff0a206cb0fd19,8.537489,1772474461,c6150b7af9539d86159151677d75063a20870c496f3458817cc1b10132ec980b,372,186.00,4.23,1,7,4,0.024617,0.617425,Minotaur,minotaur(pow_w:0.50),2.65,183,65
50,2,0x81193196c1dbdbf80709d43a5af5ce21c201fbd7,5.848319,1772474463,c6150b7af9539d86159151677d75063a20870c496f3458817cc1b10132ec980b,372,186.00,4.23,1,7,4,0.024618,0.617447,Minotaur,minotaur(pow_w:0.50),2.65,183,65
50,3,0x07902d0371763a00d97ed9ba16ff0a206cb0fd19,9.543729,1772474466,38074f3cc18b048da7b7ef277fd2da2901a475bca0728ad791d32b355abf2377,129,129.00,2.83,1,4,3,0.024684,0.618347,Minotaur,minotaur(pow_w:0.50),5.57,185,66
50,4,0x34412315480562da4810040fd15c81f99880e1ab,2.885763,1772474467,38074f3cc18b048da7b7ef277fd2da2901a475bca0728ad791d32b355abf2377,129,129.00,2.83,1,4,3,0.024685,0.618353,Minotaur,minotaur(pow_w:0.50),5.57,185,66
51,0,0x26d553a2f4343b3a7dc88bbd87b3d0a25d3838d9,9.226440,1772474469,6ad0d36ed094c035b2c0ca63ca879293338f985fb0993a73d1f506939f7c7f12,249,124.50,2.69,1,4,3,0.024685,0.618360,Minotaur,minotaur(pow_w:0.50),2.00,186,67
51,1,0x63f4973c0df8a5358405f396dc0673a463c48de9,12.929927,1772474471,4c0199296f11ac856a8a0e58323efb9c94ca0a5b1415e73d80b5e2346a78ae29,625,208.33,3.95,1,6,4,0.024859,0.620181,Minotaur,minotaur(pow_w:0.50),3.25,187,67
51,2,0xbc3f8508d26048f2064aa8c068f4c94d08d77d18,7.072529,1772474473,b89a0c0959dd27dc25df49a84261362c0a0d2e96c77dc379ed3249a3709b85f0,166,83.00,4.21,1,8,4,0.025038,0.621547,Minotaur,minotaur(pow_w:0.50),3.77,188,67
51,3,0x07902d0371763a00d97ed9ba16ff0a206cb0fd19,10.546089,1772474475,61864df1c014ed50a6d92fbda78db64ceb9a1c1a2dc7a5f7e00c6281939b51f0,513,256.50,4.22,1,7,4,0.025038,0.621553,Minotaur,minotaur(pow_w:0.50),2.41,189,67
51,4,0xe478b1e4d1538274c0c70cbd7df877f9abab2f62,6.299696,1772474477,15d4d759eb913e8209a92d0a8d3f36fe12496e8c40276b364e4e1b2bc4573fb4,201,100.50,2.73,1,4,3,0.025039,0.621564,Minotaur,minotaur(pow_w:0.50),2.98,190,67
52,0,0x0d91704595bff3aec25d40822498a51c62b05e3a,0.557616,1772474479,0379b73993adb23edd25156ac5c4f4cadff8f62c93a7033ef9461fe7eab93159,476,238.00,4.17,1,6,4,0.025148,0.623088,Minotaur,minotaur(pow_w:0.50),2.52,191,67
52,1,0x3d92e045fb1847aae132b40ebfcc471a32f687de,1.119225,1772474481,b8baaae7c52c15f13a2839b199f9fc1996813b89a1e334ba04784b5e71125b5e,471,235.50,3.76,1,6,4,0.024994,0.620628,Minotaur,minotaur(pow_w:0.50),2.52,192,67
52,2,0x4a217e35f6402e7f62a49f6d62e27c6585c2f3fd,2.481137,1772474484,3df01aa0f733a724a656fd048e676af39306ff601515448194a274a9dc1bdcf2,300,150.00,4.00,1,6,4,0.024856,0.618562,Minotaur,minotaur(pow_w:0.50),2.72,193,67
52,3,0xbc3f8508d26048f2064aa8c068f4c94d08d77d18,7.072209,1772474485,6d4f20ad4ad4e7e2a43cbd076932ac31a2c66b07027cfc19586311c0d16f397c,504,168.00,4.69,1,7,5,0.024857,0.618568,Minotaur,minotaur(pow_w:0.50),3.41,194,67
52,4,0x60705151f1f537cacd5b801f3ef1b31dc3f605de,0.291884,1772474487,fed9d7ad9335c4bec896f984687d9a6c837978943f94a8e6548fdc0583411d68,213,213.00,4.62,1,8,4,0.024773,0.618234,Minotaur,minotaur(pow_w:0.50),1.99,195,67
53,0,0xd39dbd3662315e3935ec08e6b6028e73b3c09de2,3.925270,1772474490,b0fa332eb84ef8ad75e9eb3f5544972975591c2c27b83e3a93ae270a86a8343d,484,161.33,4.37,1,7,5,0.024616,0.615491,Minotaur,minotaur(pow_w:0.50),2.53,196,67
53,1,0x2abf89d7c96c80fcff9dec1fe92803573094ee35,1.217415,1772474491,fa065e0675ef992026591af18c7964c79f4b1f93ba8dadaa1a2630e313fbfdec,518,172.67,4.63,1,8,5,0.024553,0.615030,Minotaur,minotaur(pow_w:0.50),3.41,197,67
53,2,0x54f496e5c1d9f95a916cf7f5b62e9c98e64a3dc5,0.031098,1772474497,d1cc7bf84e8845e23656dbc224a951e7859c5094559f6dcd8d2b240c9b97c17f,200,200.00,4.41,1,7,4,0.024423,0.613010,Minotaur,minotaur(pow_w:0.50),1.95,198,67
53,3,0x63f4973c0df8a5358405f396dc0673a463c48de9,13.931077,1772474497,d1cc7bf84e8845e23656dbc224a951e7859c5094559f6dcd8d2b240c9b97c17f,200,200.00,4.41,1,7,4,0.024423,0.613011,Minotaur,minotaur(pow_w:0.50),1.95,198,67
53,4,0x63f4973c0df8a5358405f396dc0673a463c48de9,13.930937,1772474499,b06004acb90f31e91d39e3fd1baf4b8b6169119a57e64c2a029d9706f906d410,625,89.29,4.69,1,7,5,0.024265,0.609836,Minotaur,minotaur(pow_w:0.50),6.60,199,68
54,0,0x63f4973c0df8a5358405f396dc0673a463c48de9,13.930877,1772474501,b06004acb90f31e91d39e3fd1baf4b8b6169119a57e64c2a029d9706f906d410,625,89.29,4.69,1,7,5,0.024266,0.609852,Minotaur,minotaur(pow_w:0.50),6.60,199,69
54,1,0x4ba33404d90c4ae989714d9d174cd882cffb7994,6.120412,1772474504,b06004acb90f31e91d39e3fd1baf4b8b6169119a57e64c2a029d9706f906d410,625,89.29,4.69,1,7,5,0.024266,0.609863,Minotaur,minotaur(pow_w:0.50),6.60,199,70
54,2,0xf6e059718dbd0a0956726ab97d06bad5efc6cd18,2.002937,1772474505,b06004acb90f31e91d39e3fd1baf4b8b6169119a57e64c2a029d9706f906d410,625,89.29,4.69,1,7,5,0.024266,0.609868,Minotaur,minotaur(pow_w:0.50),6.60,199,70
54,3,0x63f4973c0df8a5358405f396dc0673a463c48de9,13.930757,1772474507,cc3e2d80a7d3947c335bcd00384c9c63eac8ef48adbe2fcd18ef8213c72cd722,518,172.67,4.18,1,7,4,0.024260,0.610235,Minotaur,minotaur(pow_w:0.50),2.47,200,71
54,4,0x13f9dadc05f6c237b03411e2aed1800cf21a5d89,2.273642,1772474509,c2eccd3b182fcb2984167f4b8d8f5b0fd410a9c199b7a9b1c76f35fe0ff8bf0e,300,100.00,3.65,1,7,3,0.024261,0.610251,Minotaur,minotaur(pow_w:0.50),1.85,200,72
55,0,0x34412315480562da4810040fd15c81f99880e1ab,2.884643,1772474512,1495fbd9e5d3629f5d7afdf1c250c82a97d0d1df7993e668f4072200fa3fa095,497,248.50,3.05,1,5,3,0.024262,0.610261,Minotaur,minotaur(pow_w:0.50),2.37,200,73
55,1,0x606627477c3734932f47972f83c27cf4e3b35b4f,7.381097,1772474513,fb101aadbf2febbcee581c61c17f8f5ed68e28233bdb4c9346d90069750ba95b,257,128.50,3.97,1,7,4,0.024262,0.610265,Minotaur,minotaur(pow_w:0.50),2.52,201,73
55,2,0x687bf2437a044a3e42ff2f8a79a8e54ba9601f70,1.052409,1772474515,db116254f15f11c4eb9740a5612adc7b802bd719808c42c420edcf1a5efa280c,320,320.00,3.86,1,7,4,0.024199,0.610105,Minotaur,minotaur(pow_w:0.50),1.62,202,73
55,3,0x1cb1274c711a6c2e4e1596846e6ac604eeefb358,0.393421,1772474517,899ec7d86621d04efcb8866d5753ca1e0af00ba1afee8b2a0a68018828af1f1c,548,182.67,4.08,1,7,4,0.024069,0.607958,Minotaur,minotaur(pow_w:0.50),2.79,203,73
55,4,0x95ab54d268473cce82094026afefdbd5cadf418b,2.595348,1772474519,6b5384f8d8208d1fbff56711512e6f7c173817c50836bf2d37bbeb5452e856a6,379,189.50,3.93,1,6,4,0.023924,0.605288,Minotaur,minotaur(pow_w:0.50),2.86,204,73
56,0,0x63f4973c0df8a5358405f396dc0673a463c48de9,13.930387,1772474522,5bf086c9bb04d3a46042c6781378d65cc1ec18dbaed2791527e9a9938f7d46d0,540,270.00,4.46,1,7,5,0.023833,0.604302,Minotaur,minotaur(pow_w:0.50),2.48,205,73
56,1,0x4ba33404d90c4ae989714d9d174cd882cffb7994,7.126272,1772474524,5bf086c9bb04d3a46042c6781378d65cc1ec18dbaed2791527e9a9938f7d46d0,540,270.00,4.46,1,7,5,0.023833,0.604307,Minotaur,minotaur(pow_w:0.50),2.48,205,73
56,2,0xdcf2130496e27a8094ab996aea4aa77788d65869,7.501967,1772474527,3d5817cbe347ccb80ae080bf328d2b79e8f14cde1456ee1fe6e08c4054666b2d,580,193.33,4.33,1,8,4,0.023833,0.604307,Minotaur,minotaur(pow_w:0.50),2.80,206,73
56,3,0x1796dc61e715f15a2d27dfa32bd34780f12a8c24,10.756011,1772474528,603d853d1e8e8eec46201774b9341495d0d10379e4405231ed87211304d4c0d3,371,185.50,4.09,1,7,4,0.023851,0.604920,Minotaur,minotaur(pow_w:0.50),2.37,208,73
56,4,0xe6ebb0cdfd04183d498964e5efc4096ba77b17d6,10.303113,1772474534,b406f4577c3de81429a8ad8e485a3d1839e62581a6ebf8e83c75af469c520323,287,287.00,3.35,1,5,3,0.023977,0.606622,Minotaur,minotaur(pow_w:0.50),1.46,209,73
57,0,0xeb82a21cb3d0dd781eb22ad74bb7cd9b4d2a06ec,10.946745,1772474534,b406f4577c3de81429a8ad8e485a3d1839e62581a6ebf8e83c75af469c520323,287,287.00,3.35,1,5,3,0.023977,0.606622,Minotaur,minotaur(pow_w:0.50),1.46,209,73
57,1,0xa3786e459f289a76c0e8af8ad834e3d0c6d47199,12.746453,1772474544,4ec2acd3e67fca30443fc03361f63e26d85e50844a6df8af97d15134e06c269b,564,80.57,5.12,1,9,5,0.024067,0.607586,Minotaur,minotaur(pow_w:0.50),6.76,210,73
57,2,0x07902d0371763a00d97ed9ba16ff0a206cb0fd19,11.547119,1772474544,4ec2acd3e67fca30443fc03361f63e26d85e50844a6df8af97d15134e06c269b,564,80.57,5.12,1,9,5,0.023979,0.606658,Minotaur,minotaur(pow_w:0.50),6.76,210,74
57,3,0xa447d277b02012c2afd9ddcbbe123f27cc971963,3.802315,1772474546,97418afa3d1d162f0464c136427c15f25387e6eb0305c383795311db01b0b367,625,62.50,4.77,1,10,5,0.024214,0.608882,Minotaur,minotaur(pow_w:0.50),11.00,211,75
57,4,0xeb82a21cb3d0dd781eb22ad74bb7cd9b4d2a06ec,10.946365,1772474548,97418afa3d1d162f0464c136427c15f25387e6eb0305c383795311db01b0b367,625,62.50,4.77,1,10,5,0.024214,0.608897,Minotaur,minotaur(pow_w:0.50),11.00,211,76
58,0,0x34412315480562da4810040fd15c81f99880e1ab,3.886333,1772474551,0c6ca9e84487d66bf0f6d82fa63f82578f20631c1e6c994147912991bea87e7f,625,312.50,4.92,1,9,5,0.024215,0.608907,Minotaur,minotaur(pow_w:0.50),13.00,211,77
58,1,0xa3786e459f289a76c0e8af8ad834e3d0c6d47199,13.752313,1772474552,2bf792130b89d248ce3d99907e0259d9026a159ce6b382f8f01160a7937feda0,116,58.00,4.74,1,8,5,0.024215,0.608912,Minotaur,minotaur(pow_w:0.50),12.31,211,78
58,2,0x606627477c3734932f47972f83c27cf4e3b35b4f,8.383317,1772474554,2bf792130b89d248ce3d99907e0259d9026a159ce6b382f8f01160a7937feda0,116,58.00,4.74,1,8,5,0.024215,0.608922,Minotaur,minotaur(pow_w:0.50),12.31,211,79
58,3,0xeb82a21cb3d0dd781eb22ad74bb7cd9b4d2a06ec,10.946185,1772474556,7cad645d0ea640b27dca2c2f60394e086d338721552ab45699966f714ea86f1b,469,234.50,3.99,1,7,4,0.024216,0.608930,Minotaur,minotaur(pow_w:0.50),2.24,211,80
58,4,0x719361397abe003a91af76243e5f9c7a0cd4279f,11.556676,1772474558,c74fdf15ddf5fffc22623e03966307bfea42c638a35a175674fb840d090aa768,625,156.25,4.20,1,7,4,0.024217,0.608945,Minotaur,minotaur(pow_w:0.50),3.84,211,81
59,0,0x34412315480562da4810040fd15c81f99880e1ab,3.886153,1772474561,04c14b16ced3fbdece1c5568b07458f4e428bab91e817d9560704ce39570ced1,220,110.00,4.23,1,7,4,0.024217,0.608956,Minotaur,minotaur(pow_w:0.50),3.93,211,82
59,1,0x606627477c3734932f47972f83c27cf4e3b35b4f,8.383107,1772474562,28a79bea2188cc62fa8855e16d24fe80856d35a9f0cb64db0743e5d392c20b5a,517,258.50,4.08,1,7,4,0.024217,0.608961,Minotaur,minotaur(pow_w:0.50),2.45,211,83
59,2,0xbc3f8508d26048f2064aa8c068f4c94d08d77d18,8.072509,1772474564,4a4ad24861bb718809047f7d4e8150dd95ff141aff006b7a9fac24b2c7e4111e,334,167.00,4.12,1,6,4,0.024218,0.608972,Minotaur,minotaur(pow_w:0.50),2.49,211,84
59,3,0x60705151f1f537cacd5b801f3ef1b31dc3f605de,1.294724,1772474566,636efb036113d2c5a2b42b234d4617edeb4ac8e7811af4eff2565cc818f392f5,283,283.00,4.06,1,7,4,0.024218,0.608983,Minotaur,minotaur(pow_w:0.50),1.52,211,85
59,4,0xaadc5fea232580cb8fba739ac5d05a48559c7e52,2.342123,1772474568,700422b637f0f36223ded73cc6987aaf5ca3e500e5b52017751220f5e1c409bc,584,194.67,4.41,1,8,4,0.024219,0.608998,Minotaur,minotaur(pow_w:0.50),2.90,211,86
60,0,0x6064b9f5883bf9737dfe314ff68c56e09e68ac89,7.194909,1772474570,cc3184bd47d0cfaefbff2fec0e1195a15f7612c99c80d3e68f16d37ad4c0cb69,157,157.00,4.68,1,8,5,0.024220,0.609009,Minotaur,minotaur(pow_w:0.50),2.41,211,87
60,1,0x30509a8084fdfe6fe24d9c9a817c209ad194f8e3,5.653309,1772474572,82731ec6a468e914a34f150d3e4275ea528cf36c55d618c77738fbe543407d45,494,164.67,4.31,1,7,4,0.024220,0.609014,Minotaur,minotaur(pow_w:0.50),2.50,211,88
60,2,0xbc3f8508d26048f2064aa8c068f4c94d08d77d18,8.072329,1772474574,e88d1d449c6d4e95bf134e7d16d7d2f49e448ef88a9131ee51292edd5bf888d9,287,143.50,3.70,1,6,4,0.024220,0.609023,Minotaur,minotaur(pow_w:0.50),2.62,211,89
60,3,0x4414c05be2cf328f38d2e3ef4b705d6b894f044a,3.078089,1772474576,6789a802b6553fb754f0fac45d06f56b3720698ca8e09a9f433047acb8b3717f,333,333.00,3.88,1,6,4,0.024221,0.609033,Minotaur,minotaur(pow_w:0.50),1.56,211,90
60,4,0xe6ebb0cdfd04183d498964e5efc4096ba77b17d6,11.307453,1772474578,60713e26dab321473f87fa7a709ecc0343643c218b6523715210ae84d0cb9211,466,155.33,4.37,1,7,4,0.024221,0.609039,Minotaur,minotaur(pow_w:0.50),2.73,211,91
61,0,0xeaa5003682d7289190651081ae2bee847097afc5,1.750995,1772474581,13528fe24dbfafd8b7cc17404d27e4ca8b79ca32255575cf12d3bc5e2a0d52e5,515,257.50,4.09,1,7,4,0.024221,0.609051,Minotaur,minotaur(pow_w:0.50),2.57,211,92
61,1,0x37cc7a82e66d4f4c2ae13b9ee895d3af1a1d7a05,2.257065,1772474583,13528fe24dbfafd8b7cc17404d27e4ca8b79ca32255575cf12d3bc5e2a0d52e5,515,257.50,4.09,1,7,4,0.024222,0.609059,Minotaur,minotaur(pow_w:0.50),2.57,211,92
61,2,0xdcf2130496e27a8094ab996aea4aa77788d65869,8.504097,1772474584,13528fe24dbfafd8b7cc17404d27e4ca8b79ca32255575cf12d3bc5e2a0d52e5,515,257.50,4.09,1,7,4,0.024222,0.609063,Minotaur,minotaur(pow_w:0.50),2.57,211,93
61,3,0x016d3fc36beee7caa8fbd6c1caa42461dd7f9850,1.869659,1772474591,b23891641e45c9301c7066f89f0e9a83a5a681d78999319aa000a015f2a5b50a,383,191.50,4.33,1,8,4,0.024122,0.607885,Minotaur,minotaur(pow_w:0.50),3.90,212,93
61,4,0x58a21eeb7ab18ba8adf1296e66a4487076e95dac,7.091624,1772474591,b23891641e45c9301c7066f89f0e9a83a5a681d78999319aa000a015f2a5b50a,383,191.50,4.33,1,8,4,0.024223,0.609079,Minotaur,minotaur(pow_w:0.50),3.90,212,94
62,0,0xaadc5fea232580cb8fba739ac5d05a48559c7e52,2.341463,1772474593,cfd62df75b62cc43797af263ec0bb319ee582b21b1ef1ffbec66635ea62c71a7,625,78.12,3.66,1,7,3,0.024124,0.607926,Minotaur,minotaur(pow_w:0.50),9.00,213,95
62,1,0x58a21eeb7ab18ba8adf1296e66a4487076e95dac,7.091434,1772474595,7ab129b1e5ce85d0b11584c86f66703eb8d647a17da7336fc55a6a9bb7bb46b0,187,93.50,4.87,1,8,5,0.023918,0.605178,Minotaur,minotaur(pow_w:0.50),9.98,214,95
62,2,0xf6e059718dbd0a0956726ab97d06bad5efc6cd18,2.000577,1772474598,a581e3c93ea31f99d43b9b46bffc76fd73df00c00022ba091c05add44b1588fd,475,237.50,4.08,1,7,4,0.023929,0.605658,Minotaur,minotaur(pow_w:0.50),2.45,215,95
62,3,0x408bb0bf84df50b21c53c74420987f172d4036a1,0.782714,1772474599,81a79a93ba26e8561acb7a55e3eed195c73b9a334c68e7451af485beb25e2e06,286,143.00,4.55,1,7,5,0.023825,0.604161,Minotaur,minotaur(pow_w:0.50),2.77,216,95
62,4,0x26d553a2f4343b3a7dc88bbd87b3d0a25d3838d9,10.229500,1772474601,4a66adfd370e612a4d70c86e661c48effb758cc116d761d143da6607bba1441e,317,317.00,4.02,1,7,4,0.023696,0.601835,Minotaur,minotaur(pow_w:0.50),1.65,217,95
63,0,0xe6ebb0cdfd04183d498964e5efc4096ba77b17d6,11.306873,1772474603,e05e1b2917876125ca636a005865eff2d34a8c0dc45acddec63a581e2e6356bd,601,200.33,3.93,1,6,4,0.023776,0.602694,Minotaur,minotaur(pow_w:0.50),2.86,218,95
63,1,0xe6ebb0cdfd04183d498964e5efc4096ba77b17d6,12.310453,1772474605,4e4cab599d543144c43ed7535114641c201ea8d0f332b0dca8f6a15b74e17cad,366,183.00,4.45,1,8,4,0.023879,0.603801,Minotaur,minotaur(pow_w:0.50),2.77,219,95
63,2,0xb2a7fe70a6f3137d38f6cb4c3ec6dd1e24f2d5f4,5.420888,1772474608,e7b1760734cf990ada98e82e45ce00ec480431bc919166af576bd1e037a1125f,428,214.00,4.47,1,8,4,0.024001,0.604959,Minotaur,minotaur(pow_w:0.50),2.60,220,95
63,3,0xc577329e86aaecb006f17fb90499c54671119935,0.303852,1772474609,615e7ac7ecd22022e8a1499d3f7b5d37181a0e118b3fe87db1da688c076c9523,322,161.00,4.14,1,6,4,0.024002,0.604964,Minotaur,minotaur(pow_w:0.50),2.52,221,95
63,4,0xe478b1e4d1538274c0c70cbd7df877f9abab2f62,7.301126,1772474611,2b73348183730e4a86a5077acbdca90d66dd68b132dfc796d6ec8a73b80f18b4,325,325.00,3.90,1,7,4,0.023832,0.602490,Minotaur,minotaur(pow_w:0.50),1.60,222,95
64,0,0xb2a7fe70a6f3137d38f6cb4c3ec6dd1e24f2d5f4,6.424008,1772474613,4bf5e2100c35ff0d3f190eca4f383e41405e97d24aef2c6f4f6c48a5c9b2d688,543,181.00,4.20,1,7,4,0.023844,0.602960,Minotaur,minotaur(pow_w:0.50),2.80,223,95
64,1,0xe6ebb0cdfd04183d498964e5efc4096ba77b17d6,13.314383,1772474616,f034e87a0d197b81b190be26a5bed07263e7c60b80cf88622fd0a5d4f61613fb,282,141.00,4.43,1,7,4,0.023836,0.603272,Minotaur,minotaur(pow_w:0.50),2.54,224,95
64,2,0xa3786e459f289a76c0e8af8ad834e3d0c6d47199,13.750713,1772474618,f034e87a0d197b81b190be26a5bed07263e7c60b80cf88622fd0a5d4f61613fb,282,141.00,4.43,1,7,4,0.023837,0.603274,Minotaur,minotaur(pow_w:0.50),2.54,224,95
64,3,0xeb82a21cb3d0dd781eb22ad74bb7cd9b4d2a06ec,10.944555,1772474620,cf726cf64ccd2cf15bf452de54e26fc3d8124e051ec8a06b071c83a0b1c4860a,63,63.00,5.05,1,7,6,0.023983,0.604531,Minotaur,minotaur(pow_w:0.50),2.67,226,95
64,4,0xa5a12d96532497871d73549e55ab377e3dcb3a40,0.094222,1772474624,cf726cf64ccd2cf15bf452de54e26fc3d8124e051ec8a06b071c83a0b1c4860a,63,63.00,5.05,1,7,6,0.023983,0.604541,Minotaur,minotaur(pow_w:0.50),2.67,226,95
65,0,0xeb82a21cb3d0dd781eb22ad74bb7cd9b4d2a06ec,10.944445,1772474624,c0f1385c65f7e81eb35f423f3d78a71fc99069da39bd11a1cfa9ee5b7d4c94f4,613,204.33,4.54,1,8,5,0.023984,0.604553,Minotaur,minotaur(pow_w:0.50),3.36,227,95
65,1,0x606627477c3734932f47972f83c27cf4e3b35b4f,8.381687,1772474632,99b6586c2f23b11ab924cd56260f3a3564a9912125c129acb4c3735d65dcee9c,477,119.25,4.58,1,8,4,0.023984,0.604560,Minotaur,minotaur(pow_w:0.50),4.90,228,95
65,2,0xc4dc29db975b952e04358340e56b68fa4ba63fbc,4.542841,1772474632,99b6586c2f23b11ab924cd56260f3a3564a9912125c129acb4c3735d65dcee9c,477,119.25,4.58,1,8,4,0.023984,0.604560,Minotaur,minotaur(pow_w:0.50),4.90,228,96
65,3,0xd46407aa7b668c72de3cf1c1a12b7fa2e308a1b2,4.988209,1772474634,99b6586c2f23b11ab924cd56260f3a3564a9912125c129acb4c3735d65dcee9c,477,119.25,4.58,1,8,4,0.023843,0.601650,Minotaur,minotaur(pow_w:0.50),4.90,228,96
65,4,0x3513d672439a59c26cc5711f2b715ccb4810a774,5.287225,1772474636,fac2b49473baaeb231917f76bff32144ed87438047f7cb81cb699055f09f41fc,625,78.12,4.68,1,8,5,0.023844,0.601659,Minotaur,minotaur(pow_w:0.50),9.00,228,99
66,0,0x3513d672439a59c26cc5711f2b715ccb4810a774,5.287195,1772474638,69a37cc4709f8ac9662099f2c7b44fa41794bd134f0625eedb90d00fc393cdd1,625,156.25,4.05,1,7,4,0.023844,0.601669,Minotaur,minotaur(pow_w:0.50),5.80,229,99
66,1,0x1796dc61e715f15a2d27dfa32bd34780f12a8c24,11.755911,1772474640,e4623618664f2082e728568ee114f6b6d62340088763e15c27ddda44b9312484,70,70.00,4.29,1,7,4,0.023799,0.602045,Minotaur,minotaur(pow_w:0.50),2.74,230,99
66,2,0x28672c71695142588ed26ada6f4b18b8b6c12308,2.680718,1772474643,67a19131a766dc9e8b9e51b1bcce394b7a6cd4cacf5f544cda2a5b4248afefd1,535,178.33,3.42,1,6,3,0.023900,0.603111,Minotaur,minotaur(pow_w:0.50),2.45,231,99
66,3,0xa447d277b02012c2afd9ddcbbe123f27cc971963,3.800035,1772474644,a821846c54f5eb1724ed5abc3264bda54dc4312305597daff72bd7775aa20584,290,145.00,3.85,1,7,4,0.023812,0.602058,Minotaur,minotaur(pow_w:0.50),2.67,232,99
66,4,0x1cb1274c711a6c2e4e1596846e6ac604eeefb358,1.393901,1772474646,f80f2273e301431568dd1f4a5b38b0a44c110f4dfb86a1d77d66e1d342019bab,268,268.00,3.75,1,7,3,0.023748,0.601581,Minotaur,minotaur(pow_w:0.50),1.73,233,99
67,0,0xac768e60b9269babb15cb1e36ee843243d7c7543,5.705038,1772474648,38b2bc21874049dac0ae2828ca2d6e96affdfc04411116a968b2c94d65bca190,604,201.33,4.00,1,6,4,0.023636,0.599720,Minotaur,minotaur(pow_w:0.50),2.96,234,99
67,1,0x1796dc61e715f15a2d27dfa32bd34780f12a8c24,12.761061,1772474650,7a75b4ecb5b0f8238c814723dabb254bc3384042da974a4ab4388b5bfa95bac3,238,119.00,4.57,1,8,4,0.023611,0.599885,Minotaur,minotaur(pow_w:0.50),2.82,235,99
67,2,0xd46407aa7b668c72de3cf1c1a12b7fa2e308a1b2,4.987789,1772474653,0bd0a1cae4c47d5fe7e093f681cb196a1672e874e80fb61441b235f224aa6593,536,268.00,3.48,1,7,3,0.023727,0.600971,Minotaur,minotaur(pow_w:0.50),2.44,236,99
67,3,0x3d92e045fb1847aae132b40ebfcc471a32f687de,2.117925,1772474654,6cdbce532c26eeeb9165f5be7a31b2a0d054b00a5d4e95ae46bb89643bd5b61b,298,149.00,3.94,1,7,4,0.023728,0.600976,Minotaur,minotaur(pow_w:0.50),2.42,237,99
67,4,0xb2a7fe70a6f3137d38f6cb4c3ec6dd1e24f2d5f4,7.425818,1772474657,5679a44b8527f3ee398d423a3884ec4dacdcb80470003034de1305c89722754f,341,341.00,3.82,1,6,4,0.023687,0.600967,Minotaur,minotaur(pow_w:0.50),1.56,238,99
68,0,0xe6ebb0cdfd04183d498964e5efc4096ba77b17d6,13.313073,1772474658,5679a44b8527f3ee398d423a3884ec4dacdcb80470003034de1305c89722754f,341,341.00,3.82,1,6,4,0.023591,0.599564,Minotaur,minotaur(pow_w:0.50),1.56,238,99
68,1,0x9c39f7fffaa5c5cfab20dfdd05663497918580c1,1.412768,1772474660,4f71add727e955ecb85e16df787d9a60cd4ad44e5f8d061b3e3afcae6fd15cd4,625,156.25,4.60,1,8,5,0.023599,0.599995,Minotaur,minotaur(pow_w:0.50),3.74,239,100
68,2,0xb2a7fe70a6f3137d38f6cb4c3ec6dd1e24f2d5f4,8.431928,1772474662,714de089e903539dba5e514466f3a0d8597baa6ada947c8cdaf70fcacaf87091,296,98.67,4.30,1,7,4,0.023489,0.598110,Minotaur,minotaur(pow_w:0.50),2.26,240,100
68,3,0x719361397abe003a91af76243e5f9c7a0cd4279f,11.553996,1772474664,267e95ee32362a0eea5d40d68a7822cd9aa5a647cf5336dd69f9446082e3d9c4,549,274.50,4.40,1,7,4,0.023490,0.598115,Minotaur,minotaur(pow_w:0.50),2.48,241,100
68,4,0xc774b0fee7cabbef3b1ae14bf36db3df0d32c1df,4.166967,1772474666,bfc2fd097ab7bb8ac9183ad87ef69628cc6fe88ca38ebc19cf0b62655e37b37c,232,232.00,4.75,1,8,5,0.023577,0.599095,Minotaur,minotaur(pow_w:0.50),1.97,242,100
69,0,0x89100a8056319ba37491b32ba255004180607bc2,3.769637,1772474669,2493f27cee46b640a20adfe3e7138565e92f1d8baeff4fba73e0b28af098cac2,444,148.00,4.35,1,8,4,0.023521,0.598759,Minotaur,minotaur(pow_w:0.50),2.59,243,100
69,1,0xc4dc29db975b952e04358340e56b68fa4ba63fbc,4.541441,1772474671,2493f27cee46b640a20adfe3e7138565e92f1d8baeff4fba73e0b28af098cac2,444,148.00,4.35,1,8,4,0.023521,0.598764,Minotaur,minotaur(pow_w:0.50),2.59,243,100
69,2,0xf6e059718dbd0a0956726ab97d06bad5efc6cd18,3.001517,1772474672,79a2fe81b6f8b2646e36d99636ee7cef9b2b82bded2ca76f98f02d7c9f92781e,625,208.33,4.31,1,7,4,0.023457,0.598195,Minotaur,minotaur(pow_w:0.50),3.25,244,100
69,3,0xa3786e459f289a76c0e8af8ad834e3d0c6d47199,14.749923,1772474675,0753f22bb6624fff2ec75fe072d1e9e30363626fe0fa796a1f6536a94d159f5f,284,142.00,4.40,1,8,4,0.023380,0.597289,Minotaur,minotaur(pow_w:0.50),1.70,245,101
69,4,0x269cdf52f97e1d9f14b7be895155a7b294f0b21d,4.728773,1772474676,0753f22bb6624fff2ec75fe072d1e9e30363626fe0fa796a1f6536a94d159f5f,284,142.00,4.40,1,8,4,0.023380,0.597293,Minotaur,minotaur(pow_w:0.50),1.70,245,101
70,0,0x8c11ec9090dd820c076e57e899d9c604c79d6b32,4.557109,1772474679,f6a7955075b5e974ca0c9d0c720785ed7a10b2ead3f03af1c01ec440a32d5e13,141,141.00,4.05,1,6,4,0.023336,0.597154,Minotaur,minotaur(pow_w:0.50),2.87,247,101
70,1,0x719361397abe003a91af76243e5f9c7a0cd4279f,12.555986,1772474680,f6a7955075b5e974ca0c9d0c720785ed7a10b2ead3f03af1c01ec440a32d5e13,141,141.00,4.05,1,6,4,0.023336,0.597158,Minotaur,minotaur(pow_w:0.50),2.87,247,101
70,2,0xe6ebb0cdfd04183d498964e5efc4096ba77b17d6,13.312573,1772474682,be17b2ddd88ef282ee8a527edd60779a0f5fddaf495daae5bbec768df27f0b48,625,156.25,4.18,1,7,4,0.023337,0.597167,Minotaur,minotaur(pow_w:0.50),3.64,248,101
70,3,0x9c39f7fffaa5c5cfab20dfdd05663497918580c1,2.415308,1772474684,e9c87ba475808afcdda45452fe6eff370af55aea1253fe60befb4341ffa5c415,201,201.00,4.39,1,7,4,0.023554,0.599210,Minotaur,minotaur(pow_w:0.50),2.72,249,101
70,4,0x4a217e35f6402e7f62a49f6d62e27c6585c2f3fd,3.480897,1772474687,b4a0fa58c1179dfdbcdb0c43db1e2e6f596663422b271c8db2d7eed1097c7574,469,156.33,4.33,1,7,4,0.023465,0.597955,Minotaur,minotaur(pow_w:0.50),2.48,250,101
71,0,0xaadc5fea232580cb8fba739ac5d05a48559c7e52,3.340853,1772474688,c235f259b76c31b3bb1789d42789ee65ffa931c783e0933b30e24d436cefe35e,288,144.00,4.48,1,7,5,0.023465,0.597959,Minotaur,minotaur(pow_w:0.50),2.76,251,101
71,1,0xc24b36dee27726233c3bbd9e1f028f98b6b2a424,4.398599,1772474690,bc03d86cd28226e5308646e0fb4d438dfd86863e669223023ea7e26767cb9e73,335,335.00,4.23,1,7,4,0.023325,0.596352,Minotaur,minotaur(pow_w:0.50),1.65,252,101
71,2,0xe6ebb0cdfd04183d498964e5efc4096ba77b17d6,14.314403,1772474692,f858f638da91a3b1bbc392c7baecf0190267d3480fecce572ad0226e6c0cf9b9,554,184.67,4.31,1,7,4,0.023274,0.596027,Minotaur,minotaur(pow_w:0.50),2.73,253,101
71,3,0x49b57eb4dace37c8819daf079c9c674f766d4f38,5.231010,1772474695,37bf2318d48d9c936ced5a77b534b2e6457fb0d1ddb6c07ce129877714abb88d,407,203.50,4.42,1,7,4,0.023402,0.597189,Minotaur,minotaur(pow_w:0.50),2.67,254,101
71,4,0xbc3f8508d26048f2064aa8c068f4c94d08d77d18,8.069039,1772474700,486a51401321a0a9feb524300e83335f0c5b7510e694bbf740aacb1f45d3e18d,251,125.50,4.05,1,6,4,0.023403,0.597202,Minotaur,minotaur(pow_w:0.50),2.84,255,101
72,0,0xd61b00c297972877b45f8d7f4d67fdaf20c67c59,4.336621,1772474701,486a51401321a0a9feb524300e83335f0c5b7510e694bbf740aacb1f45d3e18d,251,125.50,4.05,1,6,4,0.023365,0.597154,Minotaur,minotaur(pow_w:0.50),2.84,255,101
72,1,0x282f43759e22b50aa7989261c51c367f325c3f91,0.334017,1772474702,8e1b082a136032daa579b863625f7db7a6864f5cc175845610a3367215c9c22e,625,89.29,4.82,1,9,4,0.023366,0.597179,Minotaur,minotaur(pow_w:0.50),7.00,256,101
72,2,0x282f43759e22b50aa7989261c51c367f325c3f91,1.335077,1772474704,c2f83779f382724fc2be9791fe30222a835b1eb4eb1d9bc879eee92a9ee482ff,110,110.00,4.37,1,7,4,0.023256,0.595296,Minotaur,minotaur(pow_w:0.50),6.48,257,102
72,3,0xdcf2130496e27a8094ab996aea4aa77788d65869,8.501297,1772474706,2a9f314368a426b404ee42396f963cecd0401f5558e0a4aea5bb7bd0c2feadbf,470,156.67,3.91,1,6,4,0.023151,0.593422,Minotaur,minotaur(pow_w:0.50),2.47,258,102
72,4,0xc24b36dee27726233c3bbd9e1f028f98b6b2a424,5.403779,1772474709,189e7ebe1465da8d54de7c3324baebbfe893a8569afef922da61a44ea6081613,287,143.50,4.39,1,7,4,0.023172,0.594097,Minotaur,minotaur(pow_w:0.50),2.80,259,102
73,0,0x3d92e045fb1847aae132b40ebfcc471a32f687de,3.120145,1772474710,c502390f13fc20dde44665b208a058d921e83d9bbd4cedac61755c21eadeebb1,519,173.00,4.13,1,7,4,0.023172,0.594102,Minotaur,minotaur(pow_w:0.50),3.31,260,102
73,1,0xf6e059718dbd0a0956726ab97d06bad5efc6cd18,4.003397,1772474712,d68b79b1cf3e52a0251078f3d4b175ca05f114fada3df230bfe9dff2f13becd5,150,150.00,4.25,2,6,5,0.023139,0.594075,Minotaur,minotaur(pow_w:0.50),1.97,261,102
73,2,0xc24b36dee27726233c3bbd9e1f028f98b6b2a424,6.408819,1772474714,802bcba5734c57244c9386df4daaec87d446d6b36f1e842bdf19ffeb4fbd5a31,470,156.67,4.11,1,7,4,0.023008,0.592533,Minotaur,minotaur(pow_w:0.50),2.57,262,102
73,3,0x606627477c3734932f47972f83c27cf4e3b35b4f,8.379677,1772474717,8cf26a84bfb4f0d6143515076caa4ad6cef5906852a8c09f86d363f0e462cddd,266,133.00,4.26,1,6,5,0.022992,0.592713,Minotaur,minotaur(pow_w:0.50),3.00,263,102
73,4,0x63f4973c0df8a5358405f396dc0673a463c48de9,13.925737,1772474718,12f239f2b73ebfb4b4db411ac742f95019698233c5c8d5025422613673d3c024,524,262.00,3.99,1,7,4,0.023009,0.593311,Minotaur,minotaur(pow_w:0.50),2.39,264,102
74,0,0xe478b1e4d1538274c0c70cbd7df877f9abab2f62,8.303866,1772474720,12f239f2b73ebfb4b4db411ac742f95019698233c5c8d5025422613673d3c024,524,262.00,3.99,1,7,4,0.023010,0.593320,Minotaur,minotaur(pow_w:0.50),2.39,264,103
74,1,0x54f496e5c1d9f95a916cf7f5b62e9c98e64a3dc5,1.031568,1772474722,05dcd7181ff23058e7075ec5c15e2e258d27871e07ef9fda218df7fecba9d564,625,156.25,4.32,1,7,4,0.023026,0.593856,Minotaur,minotaur(pow_w:0.50),3.46,265,103
74,2,0x07902d0371763a00d97ed9ba16ff0a206cb0fd19,11.543929,1772474724,05dcd7181ff23058e7075ec5c15e2e258d27871e07ef9fda218df7fecba9d564,625,156.25,4.32,1,7,4,0.023026,0.593865,Minotaur,minotaur(pow_w:0.50),3.46,265,103
74,3,0xd61b00c297972877b45f8d7f4d67fdaf20c67c59,4.336011,1772474727,05dcd7181ff23058e7075ec5c15e2e258d27871e07ef9fda218df7fecba9d564,625,156.25,4.32,1,7,4,0.023026,0.593874,Minotaur,minotaur(pow_w:0.50),3.46,265,103
74,4,0x60705151f1f537cacd5b801f3ef1b31dc3f605de,1.290414,1772474729,a933fca047b4311bb067492c830ab3078d7b3850105dee83e45651019fc2f491,625,104.17,2.76,1,4,3,0.023096,0.594746,Minotaur,minotaur(pow_w:0.50),5.12,266,104
75,0,0x8c11ec9090dd820c076e57e899d9c604c79d6b32,4.555769,1772474731,0eb4fd8f2cc6264ddcf0196e684ab9f5729dcc4c90ad0b43da2842153e1730bd,615,205.00,4.35,1,7,4,0.023097,0.594754,Minotaur,minotaur(pow_w:0.50),3.51,267,104
75,1,0x8c11ec9090dd820c076e57e899d9c604c79d6b32,4.555659,1772474733,0eb4fd8f2cc6264ddcf0196e684ab9f5729dcc4c90ad0b43da2842153e1730bd,615,205.00,4.35,1,7,4,0.022993,0.592850,Minotaur,minotaur(pow_w:0.50),3.51,267,104
75,2,0xb2a7fe70a6f3137d38f6cb4c3ec6dd1e24f2d5f4,8.430298,1772474736,0eb4fd8f2cc6264ddcf0196e684ab9f5729dcc4c90ad0b43da2842153e1730bd,615,205.00,4.35,1,7,4,0.022994,0.592860,Minotaur,minotaur(pow_w:0.50),3.51,267,104
75,3,0xb2a7fe70a6f3137d38f6cb4c3ec6dd1e24f2d5f4,8.430298,1772474737,0eb4fd8f2cc6264ddcf0196e684ab9f5729dcc4c90ad0b43da2842153e1730bd,615,205.00,4.35,1,7,4,0.022994,0.592863,Minotaur,minotaur(pow_w:0.50),3.51,267,104
75,4,0x719361397abe003a91af76243e5f9c7a0cd4279f,13.561006,1772474739,ce61e1a6dccc0425378ebceb34aadffa4eaad3843d2ab09622ab06d6a21af51d,173,173.00,4.25,1,6,4,0.023043,0.594036,Minotaur,minotaur(pow_w:0.50),3.95,269,104
76,0,0xeb82a21cb3d0dd781eb22ad74bb7cd9b4d2a06ec,10.941895,1772474741,b2fa22538f16da3e53ebbd06124318d12a75b80cb797cb6ae762e33b70b5f1d6,275,91.67,3.87,1,7,4,0.023142,0.595039,Minotaur,minotaur(pow_w:0.50),2.06,270,104
76,1,0xe6ebb0cdfd04183d498964e5efc4096ba77b17d6,15.317223,1772474744,e2185c372974049ed44f17cdb29acf2f5277a65ecc2c11acda705a01e687bffc,495,247.50,4.18,1,7,4,0.023198,0.595820,Minotaur,minotaur(pow_w:0.50),2.46,271,104
76,2,0xd46407aa7b668c72de3cf1c1a12b7fa2e308a1b2,5.988839,1772474745,aa6151060009474a02429e45bcf758b2dc827b34ce53a94ecaedae635ec45b69,298,149.00,4.18,1,7,4,0.023198,0.595825,Minotaur,minotaur(pow_w:0.50),2.35,272,104
76,3,0xc24b36dee27726233c3bbd9e1f028f98b6b2a424,7.410749,1772474747,d422d09a06641b16caa3d1490414cf07a214142dcb5e573912127e1a482aebc6,338,338.00,4.01,1,6,4,0.023324,0.596960,Minotaur,minotaur(pow_w:0.50),1.42,273,104
76,4,0x719361397abe003a91af76243e5f9c7a0cd4279f,14.563356,1772474749,1f9640890c2dacfbe8c51adee2c8b4b0d3e33aa31d80a0b0f9e129c21f8daddc,502,167.33,4.30,1,7,4,0.023292,0.597312,Minotaur,minotaur(pow_w:0.50),2.66,274,104
77,0,0x89100a8056319ba37491b32ba255004180607bc2,4.773737,1772474752,b4ce70a6f1719131fcfc1b576f043381eaf65c642a5d07ce1335628f2c86237b,270,135.00,4.33,1,7,4,0.023402,0.598366,Minotaur,minotaur(pow_w:0.50),3.00,275,104
77,1,0x13f9dadc05f6c237b03411e2aed1800cf21a5d89,2.267922,1772474753,b4ce70a6f1719131fcfc1b576f043381eaf65c642a5d07ce1335628f2c86237b,270,135.00,4.33,1,7,4,0.023402,0.598370,Minotaur,minotaur(pow_w:0.50),3.00,275,104
77,2,0x26d553a2f4343b3a7dc88bbd87b3d0a25d3838d9,11.231650,1772474755,294f7b51c195beff50bde590435195266e606dbdedabff09b7d9541766a1c653,206,206.00,3.24,1,5,3,0.023266,0.596785,Minotaur,minotaur(pow_w:0.50),1.99,277,104
77,3,0x4ba33404d90c4ae989714d9d174cd882cffb7994,8.123512,1772474757,cdf643271114bc98f7bfd33dbac190f025f66701be34b51f8e04cc8c6d4c2cea,487,162.33,3.94,1,6,4,0.023321,0.597525,Minotaur,minotaur(pow_w:0.50),2.53,278,104
77,4,0x4ba33404d90c4ae989714d9d174cd882cffb7994,9.127642,1772474760,8c14367c24e23ae17dde166369012bfeb3b60497a4417e68e54ae846da1f66ce,421,210.50,4.53,1,7,4,0.023326,0.597893,Minotaur,minotaur(pow_w:0.50),2.51,279,104
78,0,0xcb7977f4997b4252c0152e135dd79b3cfe35c1a5,2.618613,1772474762,ec4bf35ee39fa1fc2ca006bbcfacc2b5ddcb57a736449eaa64dd955f788470b0,326,163.00,4.34,1,7,4,0.023346,0.598441,Minotaur,minotaur(pow_w:0.50),2.53,280,104
78,1,0xeb82a21cb3d0dd781eb22ad74bb7cd9b4d2a06ec,11.946305,1772474768,e0b4d028725c3ca6deaf73d5988252b4cac943ceae147f341a9b21e055e17bdb,426,142.00,5.11,1,7,5,0.023346,0.598451,Minotaur,minotaur(pow_w:0.50),3.80,281,104
78,2,0xdcf2130496e27a8094ab996aea4aa77788d65869,9.502747,1772474768,e0b4d028725c3ca6deaf73d5988252b4cac943ceae147f341a9b21e055e17bdb,426,142.00,5.11,1,7,5,0.023265,0.597271,Minotaur,minotaur(pow_w:0.50),3.80,281,104
78,3,0x54f496e5c1d9f95a916cf7f5b62e9c98e64a3dc5,1.030328,1772474771,04a0b8af0a62fb3aa948c1e4a3f0670f00c847d063f75063707bee7905d0a2c7,625,89.29,4.80,1,8,5,0.023329,0.598066,Minotaur,minotaur(pow_w:0.50),7.98,282,105
78,4,0x63f4973c0df8a5358405f396dc0673a463c48de9,13.924297,1772474772,04a0b8af0a62fb3aa948c1e4a3f0670f00c847d063f75063707bee7905d0a2c7,625,89.29,4.80,1,8,5,0.023329,0.598069,Minotaur,minotaur(pow_w:0.50),7.98,282,105
79,0,0x1796dc61e715f15a2d27dfa32bd34780f12a8c24,13.763441,1772474774,14ecd838d5d54e3f22b29c1fb57283e8efc2157e4afd23b88e9e80d6adce33a6,548,182.67,4.06,1,7,4,0.023329,0.598077,Minotaur,minotaur(pow_w:0.50),3.34,283,105
79,1,0x9c39f7fffaa5c5cfab20dfdd05663497918580c1,3.417868,1772474776,ea99d923c7121ab0e82a5e726f0119d340ba734490d9e026fd8b892588247893,249,124.50,3.52,1,6,3,0.023510,0.599882,Minotaur,minotaur(pow_w:0.50),3.01,284,105
79,2,0x0d91704595bff3aec25d40822498a51c62b05e3a,1.555326,1772474779,4b4f3c445676580064318f3446fd447891e6b8e2000480341112c2b56dfed8b3,479,239.50,4.11,1,7,4,0.023440,0.599000,Minotaur,minotaur(pow_w:0.50),2.51,285,105
79,3,0xa068e3c9a21c8d8be636cd2d285895979ec3262e,0.947771,1772474780,fc826b04f994ad806c15d464bd52fe9a25f64d2000062ff9da39a880884c9762,404,202.00,3.39,1,6,3,0.023440,0.599004,Minotaur,minotaur(pow_w:0.50),2.30,286,105
79,4,0xbc3f8508d26048f2064aa8c068f4c94d08d77d18,9.073239,1772474782,66f1d8999bfc6bb91dc85a5f13d9bde59e0bdbc8f8623adcaade0699b19d6229,200,200.00,4.26,1,7,4,0.023343,0.597265,Minotaur,minotaur(pow_w:0.50),1.39,287,105
80,0,0x2abf89d7c96c80fcff9dec1fe92803573094ee35,2.212725,1772474784,5b29062e9530cd6d04be31af6e196e702fcca020b5b43c5b9896c331a0d55313,580,193.33,4.39,1,7,4,0.023253,0.595719,Minotaur,minotaur(pow_w:0.50),2.82,288,105
80,1,0x606627477c3734932f47972f83c27cf4e3b35b4f,9.383067,1772474786,bc1d6d32ddd1927f65ebee0dc6124fd0d64e969c4f0db408df5d787a45fab5e8,267,133.50,4.19,1,7,4,0.023167,0.594335,Minotaur,minotaur(pow_w:0.50),2.99,289,105
80,2,0xe6ebb0cdfd04183d498964e5efc4096ba77b17d6,16.319053,1772474789,f30c1bf5108b532955d1a3694543db01af37b0c8091620d7dca6dcc9ac67a9b8,530,265.00,4.27,1,7,4,0.023188,0.594846,Minotaur,minotaur(pow_w:0.50),2.45,290,105
80,3,0x63f4973c0df8a5358405f396dc0673a463c48de9,14.929337,1772474791,b0104b86405f3b1537afbc4fc8c3afb0b7aa3c1935d4dc00578023664b7492a4,333,166.50,4.26,1,8,4,0.023309,0.595926,Minotaur,minotaur(pow_w:0.50),2.42,291,105
80,4,0x26d553a2f4343b3a7dc88bbd87b3d0a25d3838d9,12.235600,1772474793,ee8bd1311de4c8fb48b1282c5273c481912c4d8e7a0806bfc03cdba4a628ec10,579,193.00,4.41,1,7,4,0.023309,0.595933,Minotaur,minotaur(pow_w:0.50),2.95,292,105
81,0,0x719361397abe003a91af76243e5f9c7a0cd4279f,15.564936,1772474795,0888047b641cfb80037aa267ee63d689cf317cbb5b5b7dccc3ce13e7760c9b68,201,201.00,4.16,3,6,4,0.023468,0.597660,Minotaur,minotaur(pow_w:0.50),2.22,293,105
81,1,0xaadc5fea232580cb8fba739ac5d05a48559c7e52,4.341513,1772474798,ab4fe913d0dd6416313aaa87fa939d41f462e514aa32b6193d4084101cfce9d8,544,181.33,4.17,1,7,4,0.023574,0.598651,Minotaur,minotaur(pow_w:0.50),2.44,294,105
81,2,0x34412315480562da4810040fd15c81f99880e1ab,3.880263,1772474799,551af35e074bafdd5b1146d369f520af41829a98faf9e4e87bb758037367f753,301,150.50,4.33,1,8,4,0.023574,0.598656,Minotaur,minotaur(pow_w:0.50),2.74,295,105
81,3,0xa068e3c9a21c8d8be636cd2d285895979ec3262e,1.949321,1772474802,7803a2b7b2a4ddd50831a04eac6447151de37c303227fc506c6449352fc0d436,310,310.00,3.83,1,7,4,0.023455,0.597482,Minotaur,minotaur(pow_w:0.50),1.64,296,105
81,4,0xbc3f8508d26048f2064aa8c068f4c94d08d77d18,10.078659,1772474804,7803a2b7b2a4ddd50831a04eac6447151de37c303227fc506c6449352fc0d436,310,310.00,3.83,1,7,4,0.023455,0.597483,Minotaur,minotaur(pow_w:0.50),1.64,296,105
82,0,0xf6e059718dbd0a0956726ab97d06bad5efc6cd18,5.005797,1772474805,fb60288e32597ce6fd893d108da87d04c2d72085e26f09c1c619d5c9dc6925aa,625,125.00,4.87,1,7,5,0.023365,0.595942,Minotaur,minotaur(pow_w:0.50),4.86,297,105
82,1,0x6064b9f5883bf9737dfe314ff68c56e09e68ac89,7.189099,1772474808,7e35be95dcd11a24f94593a24398fef7663747cff0c2740614fd2360a1d030d3,208,104.00,5.15,1,8,5,0.023319,0.595697,Minotaur,minotaur(pow_w:0.50),4.77,298,106
82,2,0xa3786e459f289a76c0e8af8ad834e3d0c6d47199,14.746793,1772474809,c104399b4166d42baafa94ba994c0991196bb564642423b80e7c6cabec21b521,570,190.00,3.89,1,6,4,0.023319,0.595701,Minotaur,minotaur(pow_w:0.50),3.22,299,106
82,3,0x13f9dadc05f6c237b03411e2aed1800cf21a5d89,3.268672,1772474811,c104399b4166d42baafa94ba994c0991196bb564642423b80e7c6cabec21b521,570,190.00,3.89,1,6,4,0.023304,0.595906,Minotaur,minotaur(pow_w:0.50),3.22,299,107
82,4,0x1796dc61e715f15a2d27dfa32bd34780f12a8c24,14.764731,1772474813,951b40c6bf345136eca026742fc508e2262b5f4c9dc5ecae38325e60c2cc4799,623,207.67,3.19,1,5,3,0.023234,0.594951,Minotaur,minotaur(pow_w:0.50),3.08,300,107
83,0,0xac768e60b9269babb15cb1e36ee843243d7c7543,6.703248,1772474816,99cc76f183a583305618ef16ee6e09648fd5feefd260c933bace4156fdfbda50,256,128.00,3.64,1,7,4,0.023395,0.596811,Minotaur,minotaur(pow_w:0.50),2.81,301,107
83,1,0xac768e60b9269babb15cb1e36ee843243d7c7543,6.703228,1772474817,222c429bc29d96e0fd0bda8c596347389261f2ae228494f930f93d6b1dc24ffd,477,238.50,4.36,1,7,4,0.023395,0.596814,Minotaur,minotaur(pow_w:0.50),2.34,302,107
83,2,0x8d9e46becf415ca26aa698c9657087e6554aabda,2.374056,1772474819,dd4c8e825354b6d1491c1ab17b527ba6bb1cacdd1326ff27abf264e2d3c8701a,213,213.00,5.08,1,8,5,0.023363,0.597132,Minotaur,minotaur(pow_w:0.50),1.96,303,107
83,3,0x687bf2437a044a3e42ff2f8a79a8e54ba9601f70,2.050639,1772474822,ffb8b3595194a236c91425e93a18d2a5cb9c2174d78b221b08c92c5f1f495c73,444,148.00,4.82,1,7,5,0.023280,0.595804,Minotaur,minotaur(pow_w:0.50),2.57,304,107
83,4,0xf6e059718dbd0a0956726ab97d06bad5efc6cd18,6.007457,1772474823,ffb8b3595194a236c91425e93a18d2a5cb9c2174d78b221b08c92c5f1f495c73,444,148.00,4.82,1,7,5,0.023280,0.595805,Minotaur,minotaur(pow_w:0.50),2.57,304,107
84,0,0x07902d0371763a00d97ed9ba16ff0a206cb0fd19,12.548809,1772474826,ae7b39aac9f89246077ee73ca0687a05c0c3db3289319306b11b974934a5721e,124,124.00,4.79,1,8,5,0.023248,0.595788,Minotaur,minotaur(pow_w:0.50),2.90,306,107
84,1,0xc4dc29db975b952e04358340e56b68fa4ba63fbc,4.537771,1772474834,ae7b39aac9f89246077ee73ca0687a05c0c3db3289319306b11b974934a5721e,124,124.00,4.79,1,8,5,0.023248,0.595801,Minotaur,minotaur(pow_w:0.50),2.90,306,107
84,2,0x6d6b2734a20229ddd7fd4a1470ba3e3bad4e4a85,2.624194,1772474834,f6b90e1061b3268b6adcecde5caeb31d6c1975bfc635d65383bf2ca6821ed89f,491,81.83,2.78,1,5,3,0.023305,0.596515,Minotaur,minotaur(pow_w:0.50),6.81,307,107
84,3,0xdcf2130496e27a8094ab996aea4aa77788d65869,9.501397,1772474837,51bc926cc1cd628c314fbc3d937313bf63ccd5372ee6a899318adfd090de7b0d,625,104.17,5.58,1,9,5,0.023196,0.595353,Minotaur,minotaur(pow_w:0.50),10.00,308,108
84,4,0xbc3f8508d26048f2064aa8c068f4c94d08d77d18,10.077929,1772474838,609b3c160569fca62f5913e97ca4f0eb6929c92e6bf934f9783350f710f558aa,196,196.00,4.11,1,7,4,0.023196,0.595357,Minotaur,minotaur(pow_w:0.50),5.90,309,108
85,0,0x6064b9f5883bf9737dfe314ff68c56e09e68ac89,8.194229,1772474840,3bb616e6a1ce2553c12fc5d0c2943229d38f776b92117340f43eb207e9ee8899,321,321.00,4.14,1,6,4,0.023211,0.595815,Minotaur,minotaur(pow_w:0.50),1.46,310,108
85,1,0x6d6b2734a20229ddd7fd4a1470ba3e3bad4e4a85,2.623994,1772474842,501f1755d012a9b412387202ec7f104a692198a64c9a90e41f6b5c7bf25da5a9,574,191.33,4.14,1,7,4,0.023230,0.596633,Minotaur,minotaur(pow_w:0.50),2.69,311,108
85,2,0x2abf89d7c96c80fcff9dec1fe92803573094ee35,3.214175,1772474844,0478d1b56db7e8d5701805c5d678d7c0d541b9326c977d4993990cfa62116683,282,141.00,4.97,1,8,5,0.023152,0.595402,Minotaur,minotaur(pow_w:0.50),2.97,312,108
85,3,0x2abf89d7c96c80fcff9dec1fe92803573094ee35,3.214175,1772474846,0478d1b56db7e8d5701805c5d678d7c0d541b9326c977d4993990cfa62116683,282,141.00,4.97,1,8,5,0.023152,0.595406,Minotaur,minotaur(pow_w:0.50),2.97,312,108
85,4,0xc24b36dee27726233c3bbd9e1f028f98b6b2a424,8.413479,1772474848,b8194c698955eab443008739a391c1d68f6d673815be1a31f5b50fbd5f3fe38f,174,174.00,4.39,1,7,4,0.023026,0.593810,Minotaur,minotaur(pow_w:0.50),1.97,314,108
86,0,0x07902d0371763a00d97ed9ba16ff0a206cb0fd19,12.548339,1772474850,ee7de417082d5b895186c7211d93619f263a171787336ee88a003521cc9a5ca7,464,154.67,4.16,1,7,4,0.023026,0.594071,Minotaur,minotaur(pow_w:0.50),2.49,315,108
86,1,0x1cb1274c711a6c2e4e1596846e6ac604eeefb358,2.394861,1772474853,ee7de417082d5b895186c7211d93619f263a171787336ee88a003521cc9a5ca7,464,154.67,4.16,1,7,4,0.023026,0.594079,Minotaur,minotaur(pow_w:0.50),2.49,315,108
86,2,0xac768e60b9269babb15cb1e36ee843243d7c7543,8.709528,1772474854,527393bb4597fef9ebfdb25e97ef85e4b56843d35309c6d7a3a3a5c156316927,385,96.25,2.61,1,4,3,0.023079,0.594785,Minotaur,minotaur(pow_w:0.50),4.63,316,108
86,3,0xc774b0fee7cabbef3b1ae14bf36db3df0d32c1df,5.167167,1772474856,3fca2f3abfb90f5231a5e327ed2f98be1aa89e061cabf33f4162f48d2ff16a78,545,272.50,4.32,1,7,4,0.023081,0.595048,Minotaur,minotaur(pow_w:0.50),3.90,317,109
86,4,0xa3786e459f289a76c0e8af8ad834e3d0c6d47199,14.745753,1772474858,c8f925945e4e5df4290045ab97f479dd84e8256c202f69f267f85b389fe64890,278,139.00,4.22,1,6,5,0.022986,0.594097,Minotaur,minotaur(pow_w:0.50),3.03,318,109
87,0,0x7e40df5d801345015e84c843908efc6683665fa4,2.647059,1772474861,a7e9ed9f195d3f91d43fdf8870a31da50c075185dc366d80507d072565f784a6,474,237.00,4.60,1,7,5,0.023117,0.595606,Minotaur,minotaur(pow_w:0.50),2.44,319,109
87,1,0x719361397abe003a91af76243e5f9c7a0cd4279f,16.569006,1772474862,2bff7146784036befef6001f97e9cb5c50101fb4c720a442646d53043ba307d5,315,157.50,3.90,1,7,4,0.023118,0.595610,Minotaur,minotaur(pow_w:0.50),2.53,320,109
87,2,0x60705151f1f537cacd5b801f3ef1b31dc3f605de,2.293604,1772474864,6d453396e1042a4a455fefe5bdee2fcf31d9e3b924416f08da813f3db842a80c,306,306.00,4.12,1,7,4,0.023093,0.594617,Minotaur,minotaur(pow_w:0.50),1.61,321,109
87,3,0xbc3f8508d26048f2064aa8c068f4c94d08d77d18,11.080459,1772474867,1ce158b0ab5f6cc00119f338af06be7bf49213ca5334e8417fda388e8183d770,459,153.00,4.41,1,7,4,0.023093,0.594621,Minotaur,minotaur(pow_w:0.50),3.10,322,109
87,4,0xa3786e459f289a76c0e8af8ad834e3d0c6d47199,15.750303,1772474874,e852711e8c4974e04e53cf1ecf08eac3fbaeefe9396c621548ecd8a5cf63337c,476,158.67,4.64,1,8,5,0.023012,0.593187,Minotaur,minotaur(pow_w:0.50),4.21,323,109
88,0,0x719361397abe003a91af76243e5f9c7a0cd4279f,17.571896,1772474874,e852711e8c4974e04e53cf1ecf08eac3fbaeefe9396c621548ecd8a5cf63337c,476,158.67,4.64,1,8,5,0.023043,0.593792,Minotaur,minotaur(pow_w:0.50),4.21,323,109
88,1,0xe6ebb0cdfd04183d498964e5efc4096ba77b17d6,17.320863,1772474876,ac602c6cb5055739e47e2975a484655c2a572555208061488dce4f878b942c05,625,89.29,4.70,1,8,5,0.023044,0.593814,Minotaur,minotaur(pow_w:0.50),7.96,324,110
88,2,0x282f43759e22b50aa7989261c51c367f325c3f91,2.335487,1772474878,cf4d393e26ed240e80e1a656ded55e6a5339c25bc5ed6dd6f87a15f515db1039,130,130.00,5.67,1,9,6,0.023154,0.594804,Minotaur,minotaur(pow_w:0.50),7.23,325,110
88,3,0xb2a7fe70a6f3137d38f6cb4c3ec6dd1e24f2d5f4,10.434868,1772474881,147c1f540939fd126605d6459a8fd543ab2d0bc964017188a333247051e266c2,512,170.67,4.01,1,6,4,0.023073,0.593343,Minotaur,minotaur(pow_w:0.50),2.48,326,110
88,4,0xb7b4ee0a72bc410bf6d32b9cd3f3e11fc756d6f1,0.060019,1772474882,15d1cc15a60a3e61a58167cfb1a6857f80494303f1abe6631cc432f107b72005,280,140.00,4.18,2,7,4,0.023074,0.593347,Minotaur,minotaur(pow_w:0.50),2.65,327,110
89,0,0x719361397abe003a91af76243e5f9c7a0cd4279f,17.571646,1772474884,3e0fe2a835c22a19d917ba7b625c4347c34e42004b5f7b02b887ece5b274031d,375,375.00,3.74,1,7,4,0.022987,0.591524,Minotaur,minotaur(pow_w:0.50),1.51,328,110
89,1,0x58a21eeb7ab18ba8adf1296e66a4487076e95dac,8.089364,1772474886,647c95cf2daeba504f76ad423724264846a4802e7bb32800037e0403aefe8b03,556,185.33,4.24,1,7,4,0.023097,0.592493,Minotaur,minotaur(pow_w:0.50),2.74,329,110
89,2,0x3d92e045fb1847aae132b40ebfcc471a32f687de,4.116965,1772474889,87351427149ac888b969c09f8a08f0259abc1b1db2f93be62325be189e3ddb04,306,153.00,5.05,1,7,5,0.023088,0.592643,Minotaur,minotaur(pow_w:0.50),2.97,330,110
89,3,0x8c11ec9090dd820c076e57e899d9c604c79d6b32,4.551909,1772474890,c919cfcf2c6dca75ad31f5f1ee1a3a6a0ba094de0407c72b31fa9b2a164f5b62,535,178.33,3.99,1,6,4,0.023030,0.591968,Minotaur,minotaur(pow_w:0.50),3.31,331,110
89,4,0xac768e60b9269babb15cb1e36ee843243d7c7543,9.714098,1772474892,c919cfcf2c6dca75ad31f5f1ee1a3a6a0ba094de0407c72b31fa9b2a164f5b62,535,178.33,3.99,1,6,4,0.023031,0.591974,Minotaur,minotaur(pow_w:0.50),3.31,331,110
90,0,0x58a21eeb7ab18ba8adf1296e66a4487076e95dac,9.092294,1772474894,00820723e631fcd34fde0b4755f5679b6f03b6af03bfc016ecc7c40d0b306879,606,202.00,4.36,1,8,4,0.023042,0.592385,Minotaur,minotaur(pow_w:0.50),3.27,332,110
90,1,0x89100a8056319ba37491b32ba255004180607bc2,5.775657,1772474897,b214d724b7d4a9dbaa8f78ae3403da6f42272ab5bb31c39b2f77b3543649cb46,100,50.00,4.44,1,7,4,0.023045,0.592650,Minotaur,minotaur(pow_w:0.50),3.17,333,110
90,2,0x07902d0371763a00d97ed9ba16ff0a206cb0fd19,12.547619,1772474898,b214d724b7d4a9dbaa8f78ae3403da6f42272ab5bb31c39b2f77b3543649cb46,100,50.00,4.44,1,7,4,0.023045,0.592654,Minotaur,minotaur(pow_w:0.50),3.17,333,110
90,3,0xac768e60b9269babb15cb1e36ee843243d7c7543,10.720008,1772474900,d0058066abcc9c071bb805656879dbe8210ca5e80595417941ce7f2c6ec88d9b,211,211.00,2.82,1,4,3,0.023008,0.592558,Minotaur,minotaur(pow_w:0.50),2.97,335,110
90,4,0x63f4973c0df8a5358405f396dc0673a463c48de9,15.932527,1772474902,d7bb127c6645c2771a55f52d9cd16036512be83b94c2fb44710d8f7f2d3871ad,479,239.50,4.43,1,7,4,0.023073,0.593737,Minotaur,minotaur(pow_w:0.50),2.52,336,110
91,0,0xe6ebb0cdfd04183d498964e5efc4096ba77b17d6,18.321653,1772474905,c064337249d6b7b744d50b4ffb301055d608457cf21b656535aab1f0545076b2,311,155.50,4.45,1,8,4,0.023157,0.594614,Minotaur,minotaur(pow_w:0.50),2.86,337,110
91,1,0x63f4973c0df8a5358405f396dc0673a463c48de9,16.935557,1772474907,aa4fa3b892505d3ea7808140f2131c7a8a752c97ab1816ed3f8fcd74a4910d4c,562,187.33,4.34,1,7,4,0.023267,0.595576,Minotaur,minotaur(pow_w:0.50),3.22,338,110
91,2,0x719361397abe003a91af76243e5f9c7a0cd4279f,18.576696,1772474909,89600355e9bc15dcb3b43723d5694baa84be245cedbeb36b1b41aee337703fc6,311,155.50,4.37,1,8,4,0.023319,0.595782,Minotaur,minotaur(pow_w:0.50),3.01,339,110
91,3,0x37cc7a82e66d4f4c2ae13b9ee895d3af1a1d7a05,3.253225,1772474912,dd9fe80bc8ef117a173477355f33e7503abf1df28e0ee153f1b4a941c7fe21e2,495,247.50,4.04,1,7,4,0.023471,0.597374,Minotaur,minotaur(pow_w:0.50),2.49,340,110
91,4,0xac768e60b9269babb15cb1e36ee843243d7c7543,11.724378,1772474916,0c87f343dfcef78aeea88faf2262e7608ac3917ffffaccef2692591bc72b8bdc,545,181.67,4.15,1,7,4,0.023471,0.597378,Minotaur,minotaur(pow_w:0.50),3.02,341,110
92,0,0x26d553a2f4343b3a7dc88bbd87b3d0a25d3838d9,13.234880,1772474917,0c87f343dfcef78aeea88faf2262e7608ac3917ffffaccef2692591bc72b8bdc,545,181.67,4.15,1,7,4,0.023362,0.595728,Minotaur,minotaur(pow_w:0.50),3.02,341,110
92,1,0x81193196c1dbdbf80709d43a5af5ce21c201fbd7,5.837439,1772474924,77f61056fca825185902587db8c37b15c17651042fc53a61a4ef181e9ac8a902,108,108.00,3.63,1,6,4,0.023449,0.597094,Minotaur,minotaur(pow_w:0.50),2.78,343,110
92,2,0x1796dc61e715f15a2d27dfa32bd34780f12a8c24,15.764621,1772474924,77f61056fca825185902587db8c37b15c17651042fc53a61a4ef181e9ac8a902,108,108.00,3.63,1,6,4,0.023449,0.597096,Minotaur,minotaur(pow_w:0.50),2.78,343,110
92,3,0x606627477c3734932f47972f83c27cf4e3b35b4f,10.385137,1772474926,07d59a2fe4a819e68ac176f70519478ad0189c964935c9d766712ee5c7e17eff,625,78.12,4.49,1,7,5,0.023450,0.597120,Minotaur,minotaur(pow_w:0.50),8.00,344,110
92,4,0x8d9e46becf415ca26aa698c9657087e6554aabda,3.376486,1772474928,965ac6126fe5af81fa5168240cab0dba5bba48bb8d1451b828ee6673ca159494,231,231.00,4.61,1,8,5,0.023423,0.597391,Minotaur,minotaur(pow_w:0.50),8.35,345,111
93,0,0x4ba33404d90c4ae989714d9d174cd882cffb7994,10.127332,1772474930,e2b9ca92231241ac0e2aa1c218ba8dc5f8dd4a37d4dfda495a26e3489705bfe2,473,157.67,4.52,1,7,5,0.023356,0.596419,Minotaur,minotaur(pow_w:0.50),2.61,346,111
93,1,0x9c39f7fffaa5c5cfab20dfdd05663497918580c1,4.419028,1772474933,3f85c33ea145829668bb6d66aabe8589587616fcd1a90ccd765e0e69b1acb9b2,300,150.00,4.47,1,7,4,0.023366,0.596776,Minotaur,minotaur(pow_w:0.50),3.01,347,111
93,2,0x89100a8056319ba37491b32ba255004180607bc2,6.780297,1772474934,470acc7e0eff22d26afad6f34c6d3e4a6aa0c526b0633a62f85f24aeeecd9e35,527,263.50,4.14,1,7,4,0.023366,0.596780,Minotaur,minotaur(pow_w:0.50),2.38,348,111
93,3,0x30509a8084fdfe6fe24d9c9a817c209ad194f8e3,5.644439,1772474936,66947582bee2f400257af6aca7f839118fca25e75f43f80312b32b7a4246523c,214,214.00,4.29,1,7,4,0.023282,0.596233,Minotaur,minotaur(pow_w:0.50),2.00,349,111
93,4,0x3513d672439a59c26cc5711f2b715ccb4810a774,7.286745,1772474938,9087e0c7dd6d4eb0c1f770cd1e686c120f501c6f117e57ac985fddf44db9a8dc,494,164.67,3.94,1,6,4,0.023241,0.596030,Minotaur,minotaur(pow_w:0.50),2.50,350,111
94,0,0x6414c6a8400ff3419cd81855d09de2848d770e0e,0.130806,1772474940,f54c5b389ac09a7146cd308ed3d4157df5f3b0078b241cb6074f0f04316a6d16,489,244.50,4.72,1,7,5,0.023241,0.596037,Minotaur,minotaur(pow_w:0.50),2.52,351,111
94,1,0xe6ebb0cdfd04183d498964e5efc4096ba77b17d6,19.326183,1772474942,9b38f24e60941f719efaa07c89090f6ab153616d9d092e59c0167b129518d375,270,135.00,4.20,1,7,4,0.023139,0.593817,Minotaur,minotaur(pow_w:0.50),2.64,352,111
94,2,0xac768e60b9269babb15cb1e36ee843243d7c7543,11.723628,1772474944,4882d5c28427f8b59679852e91cc907e59ebb29bc13561bbb045aa72fdd28ed1,290,290.00,4.13,1,7,4,0.023250,0.594747,Minotaur,minotaur(pow_w:0.50),1.67,353,111
94,3,0x1796dc61e715f15a2d27dfa32bd34780f12a8c24,15.763911,1772474946,089c74907619bda436daf5a55bd800714aad7e6594c51dc4afe3705e7e7d249d,509,169.67,4.51,1,8,4,0.023277,0.595293,Minotaur,minotaur(pow_w:0.50),3.07,354,111
94,4,0x269cdf52f97e1d9f14b7be895155a7b294f0b21d,5.723703,1772474949,d0b4d81a62788dabffa76bc7760f0bef6a3e073fc39301453227e94c355d5ea0,274,137.00,3.49,1,6,3,0.023347,0.596089,Minotaur,minotaur(pow_w:0.50),3.15,355,111
95,0,0xe184aeec69f3313df03bef8752946c65f0a70021,0.066497,1772474950,7dacc6cbd8a01db56a16711a3cc39bae65a19fe0a5b0ed33406b1d5338e555ac,498,249.00,3.93,1,6,4,0.023306,0.595847,Minotaur,minotaur(pow_w:0.50),2.44,356,111
95,1,0x07902d0371763a00d97ed9ba16ff0a206cb0fd19,13.549089,1772474955,1d09839a451829721618638669d0f57a39c571cd90455a054191a6dc60aa939c,219,109.50,4.47,1,7,4,0.023204,0.593553,Minotaur,minotaur(pow_w:0.50),2.89,357,111
95,2,0x1796dc61e715f15a2d27dfa32bd34780f12a8c24,16.766471,1772474956,1d09839a451829721618638669d0f57a39c571cd90455a054191a6dc60aa939c,219,109.50,4.47,1,7,4,0.023204,0.593554,Minotaur,minotaur(pow_w:0.50),2.89,357,111
95,3,0xac768e60b9269babb15cb1e36ee843243d7c7543,12.728358,1772474957,1d09839a451829721618638669d0f57a39c571cd90455a054191a6dc60aa939c,219,109.50,4.47,1,7,4,0.023204,0.593569,Minotaur,minotaur(pow_w:0.50),2.89,357,111
95,4,0x719361397abe003a91af76243e5f9c7a0cd4279f,19.580496,1772474959,02b338c4f61624ba4605cac248716e018c75c72f1ebcb4b78941bb9dc65175a5,625,104.17,3.64,1,7,3,0.023204,0.593573,Minotaur,minotaur(pow_w:0.50),6.64,358,113
96,0,0xa3786e459f289a76c0e8af8ad834e3d0c6d47199,15.748153,1772474961,99e7c3e8544f3adbefb9e891fb33542fcc818d748087b5d6a6d09629fb4a37f7,448,149.33,4.07,1,7,4,0.023393,0.595258,Minotaur,minotaur(pow_w:0.50),3.22,359,113
96,1,0x719361397abe003a91af76243e5f9c7a0cd4279f,20.584886,1772474963,d8fcde25e386a98808033741c8c3ce41d8788e47cd9a6ac2a4611d1f30066639,261,130.50,4.57,1,8,5,0.023394,0.595262,Minotaur,minotaur(pow_w:0.50),2.77,360,113
96,2,0x606627477c3734932f47972f83c27cf4e3b35b4f,11.386577,1772474966,cef1c0111f67c93e5d43a09f12916752f82ccc69748fb2aa85ca6b8257ae7461,340,340.00,3.74,1,7,4,0.023577,0.596911,Minotaur,minotaur(pow_w:0.50),1.66,361,113
96,3,0x26d553a2f4343b3a7dc88bbd87b3d0a25d3838d9,14.234810,1772474968,cef1c0111f67c93e5d43a09f12916752f82ccc69748fb2aa85ca6b8257ae7461,340,340.00,3.74,1,7,4,0.023577,0.596912,Minotaur,minotaur(pow_w:0.50),1.66,361,113
96,4,0x63f4973c0df8a5358405f396dc0673a463c48de9,17.937237,1772474974,60db63e51dcd9f75bfd583fe1c3331a131725b9fb06297e9787e0df47728248e,87,87.00,3.71,1,6,4,0.023626,0.597596,Minotaur,minotaur(pow_w:0.50),1.75,363,113
97,0,0xe6ebb0cdfd04183d498964e5efc4096ba77b17d6,20.328433,1772474974,60db63e51dcd9f75bfd583fe1c3331a131725b9fb06297e9787e0df47728248e,87,87.00,3.71,1,6,4,0.023626,0.597601,Minotaur,minotaur(pow_w:0.50),1.75,363,113
97,1,0xbc3f8508d26048f2064aa8c068f4c94d08d77d18,12.082649,1772474976,ecfad350a0cc342c85b9b10379b343e4994cd6479305439c8e929b1a402b9b49,625,89.29,4.42,1,8,4,0.023714,0.598441,Minotaur,minotaur(pow_w:0.50),6.97,364,114
97,2,0x63f4973c0df8a5358405f396dc0673a463c48de9,18.943257,1772474979,71f52083fa84830e90020bd5e92134acb276afa23c37bf027c41026146ca6c2c,523,261.50,4.51,1,8,4,0.023739,0.598959,Minotaur,minotaur(pow_w:0.50),2.90,365,114
97,3,0x9c39f7fffaa5c5cfab20dfdd05663497918580c1,5.423198,1772474980,733f54c18bb27aec15df0c6190d515616bdba027832267a1d00fa8823052ccd4,538,269.00,4.24,1,8,4,0.023739,0.598962,Minotaur,minotaur(pow_w:0.50),1.94,366,114
97,4,0x1cb1274c711a6c2e4e1596846e6ac604eeefb358,2.391811,1772474983,ce8360cae0f2e33045994184eb1cec55162eec19a782927fd923c99db7e08847,198,198.00,4.98,1,8,5,0.023835,0.599774,Minotaur,minotaur(pow_w:0.50),2.00,367,114
98,0,0x4414c05be2cf328f38d2e3ef4b705d6b894f044a,3.068349,1772474985,33ae03d79f58f26500d5ae811a02d6be8fa53e1312869abd57bf3dcb926dd58f,307,102.33,3.84,1,6,4,0.023788,0.599456,Minotaur,minotaur(pow_w:0.50),2.74,368,114
98,1,0x1796dc61e715f15a2d27dfa32bd34780f12a8c24,17.771991,1772474989,33ae03d79f58f26500d5ae811a02d6be8fa53e1312869abd57bf3dcb926dd58f,307,102.33,3.84,1,6,4,0.023788,0.599462,Minotaur,minotaur(pow_w:0.50),2.74,368,114
98,2,0x07902d0371763a00d97ed9ba16ff0a206cb0fd19,13.548669,1772474989,38e26ddeda5224f9fe14ba33fe6a4d4502a52270ef0edc20adc18ae9c66938f9,625,208.33,4.52,1,7,4,0.023710,0.598088,Minotaur,minotaur(pow_w:0.50),3.01,369,114
98,3,0x81193196c1dbdbf80709d43a5af5ce21c201fbd7,6.841939,1772474997,cea2a230389157f292c7ea9eb0dd27f650828608a235d3c8beeec9164d63c89b,257,85.67,3.95,1,7,4,0.023792,0.598860,Minotaur,minotaur(pow_w:0.50),4.28,370,114
98,4,0x58a21eeb7ab18ba8adf1296e66a4487076e95dac,10.091104,1772474998,cea2a230389157f292c7ea9eb0dd27f650828608a235d3c8beeec9164d63c89b,257,85.67,3.95,1,7,4,0.023792,0.598860,Minotaur,minotaur(pow_w:0.50),4.28,370,115
99,0,0x89100a8056319ba37491b32ba255004180607bc2,7.780977,1772474999,cea2a230389157f292c7ea9eb0dd27f650828608a235d3c8beeec9164d63c89b,257,85.67,3.95,1,7,4,0.023793,0.598889,Minotaur,minotaur(pow_w:0.50),4.28,370,115
99,1,0xbc3f8508d26048f2064aa8c068f4c94d08d77d18,13.087279,1772475001,6e1b40316f257d13656c777d9aa1c094ab1feaaceb4dcb1559320164ef5e8e5d,625,62.50,4.68,1,8,5,0.023761,0.598890,Minotaur,minotaur(pow_w:0.50),11.00,371,117
99,2,0x63f4973c0df8a5358405f396dc0673a463c48de9,19.948087,1772475003,fd9078edeafb77bb3aa0a5dc0558d44302f2bc012b42dff103f183da11b043fc,625,208.33,4.81,1,10,5,0.023794,0.599497,Minotaur,minotaur(pow_w:0.50),9.13,372,117
99,3,0x606627477c3734932f47972f83c27cf4e3b35b4f,11.385547,1772475006,861c1dafb45655c6f52b5fb87081a78979047a327d414afe62cbbbc8e5967fa6,240,120.00,4.14,1,6,4,0.023896,0.600325,Minotaur,minotaur(pow_w:0.50),3.50,373,117
99,4,0xa5a12d96532497871d73549e55ab377e3dcb3a40,1.089892,1772475007,861c1dafb45655c6f52b5fb87081a78979047a327d414afe62cbbbc8e5967fa6,240,120.00,4.14,1,6,4,0.023896,0.600328,Minotaur,minotaur(pow_w:0.50),3.50,373,117
