epoch,slot,miner,proposer_stake,timestamp,block_hash,tx_count,throughput,avg_path_length,min_path_length,max_path_length,median_path_length,stake_concentration,gini_coefficient,consensus_type,consensus_state,avg_tx_delay_s,block_production_success,block_production_failed
0,1,0xeaa5003682d7289190651081ae2bee847097afc5,0.762295,1772336827,a1f11bb4fea4a701e6a8539f3c7986325c9a54179316f98098b44e59a130fc37,1,0.00,1.00,1,1,1,0.545718,0.151191,pow,pow(difficulty=20_work_amount=1048576),0.00,0,0
0,2,0x13f9dadc05f6c237b03411e2aed1800cf21a5d89,0.278002,1772336833,d2cad2b4e89c10ca6b109efa79314da8d05fcec9fb530d61ed5932f8a66499bf,250,27.78,7.56,1,15,7,0.024172,0.598245,pow,pow(difficulty=20_work_amount=1048576),4.77,1,0
0,3,0x63f4973c0df8a5358405f396dc0673a463c48de9,3.901127,1772336835,a1cde9e3c137ab1165adb52dd411bd69ffd3258b641f1640940028830b380c62,250,41.67,6.78,1,13,6,0.023851,0.594228,pow,pow(difficulty=20_work_amount=1048576),6.14,2,0
0,4,0xf6e059718dbd0a0956726ab97d06bad5efc6cd18,1.016697,1772336837,9d2d573a947495c427eb807b5c9b03fd6d750c1cb37b9b44b53c239f0f5f1522,205,102.50,5.30,1,11,5,0.024221,0.597697,pow,pow(difficulty=20_work_amount=1048576),3.63,3,0
1,0,0x63f4973c0df8a5358405f396dc0673a463c48de9,4.903167,1772336839,477acd9fe516a117f34631eaf713e19caefb09dfddd384981e61170a54d1cc00,176,88.00,7.24,1,15,7,0.024039,0.596564,pow,pow(difficulty=19_work_amount=524288),2.15,4,0
1,1,0xbc3f8508d26048f2064aa8c068f4c94d08d77d18,3.068399,1772336841,8b1bf3aeae911e57d2c08f3f05386ce912156107f5a17e20dc3af1a3c37f3daa,250,83.33,5.49,1,10,6,0.024565,0.600332,pow,pow(difficulty=19_work_amount=524288),2.82,5,0
1,2,0xd46407aa7b668c72de3cf1c1a12b7fa2e308a1b2,1.991529,1772336843,185121fe922663aae53161a67a85a4cb2b022f8022a173235666a1b9b399a218,146,73.00,7.28,1,12,7,0.024566,0.600344,pow,pow(difficulty=19_work_amount=524288),2.35,6,0
1,3,0xeb82a21cb3d0dd781eb22ad74bb7cd9b4d2a06ec,2.924445,1772336846,d15dddcecdfec4c9f2dae7d2c2a7554ea565ffcdb1aac9304f4fd12f5bb19046,197,98.50,5.92,1,11,6,0.024567,0.600357,pow,pow(difficulty=19_work_amount=524288),2.44,7,0
1,4,0xd46407aa7b668c72de3cf1c1a12b7fa2e308a1b2,2.993469,1772336848,c29bda5561b9849ef1e20e7ee533cd08965a9d8469f7e1757c6812e82f717ab5,212,106.00,7.48,1,15,7,0.024692,0.603672,pow,pow(difficulty=19_work_amount=524288),2.40,8,0
2,0,0x075e1d95c7891e1c00414ca1aa9a7a8cf6270019,0.141665,1772336850,5d0a43302def11a5ef15cdfb758d21e3af0215b694de7307a9eb306940185dc2,196,98.00,6.04,1,11,6,0.024837,0.605803,pow,pow(difficulty=20_work_amount=1048576),2.44,9,0
2,1,0xac768e60b9269babb15cb1e36ee843243d7c7543,3.717958,1772336852,c6c7b2d533a2b9bc258256326196f419009ed853de490893e186ab9da0001d32,214,107.00,6.63,2,14,6,0.024491,0.600873,pow,pow(difficulty=20_work_amount=1048576),2.13,10,0
2,2,0xc774b0fee7cabbef3b1ae14bf36db3df0d32c1df,1.174137,1772336854,b2d94b727732dbd8a72c8fdbb03777975708b0baf852a21059bbc313f8f40f6b,134,44.67,5.96,1,12,6,0.024492,0.600885,pow,pow(difficulty=20_work_amount=1048576),2.83,11,0
2,3,0x30509a8084fdfe6fe24d9c9a817c209ad194f8e3,2.656499,1772336857,2007c37c834ef62e81aa363c0a42c858b8cbe4b596db6e20091729ad9602b373,223,111.50,6.59,2,12,7,0.024492,0.600897,pow,pow(difficulty=20_work_amount=1048576),2.59,12,0
2,4,0xeb82a21cb3d0dd781eb22ad74bb7cd9b4d2a06ec,3.926425,1772336858,f0b12ed1d5dc6a7a52821ff4cbe86c2cc2a04f4221017233320aa1b098757696,201,100.50,7.65,1,11,8,0.024326,0.600056,pow,pow(difficulty=20_work_amount=1048576),2.50,13,0
3,0,0x4a217e35f6402e7f62a49f6d62e27c6585c2f3fd,1.492777,1772336860,b51e2209ffe877032a7413214c6d0ec354ff892ddaa5bb16151624bcfe232e9e,103,103.00,6.21,1,12,7,0.024609,0.603046,pow,pow(difficulty=21_work_amount=2097152),1.93,14,0
3,1,0xe6ebb0cdfd04183d498964e5efc4096ba77b17d6,4.294143,1772336862,adbf97a18757cc874e8cae5a9d1c7d2a830af915816dea02b170e50b3a81171a,241,80.33,8.75,1,15,10,0.024610,0.603058,pow,pow(difficulty=21_work_amount=2097152),3.50,15,0
3,2,0x34412315480562da4810040fd15c81f99880e1ab,1.898033,1772336864,7e45cf65e352af73e30d5fde49a9e5f8165de07b22e44aac6b46a1460a388daf,135,135.00,5.92,1,14,6,0.024938,0.606125,pow,pow(difficulty=21_work_amount=2097152),2.22,16,0
3,3,0x4414c05be2cf328f38d2e3ef4b705d6b894f044a,2.089319,1772336866,1c1c77d6f42c356c40bff46004069c414ac1211a3c7ff02bee45614c4f3d2280,242,80.67,7.71,1,12,8,0.024875,0.606689,pow,pow(difficulty=21_work_amount=2097152),2.93,17,0
3,4,0x269cdf52f97e1d9f14b7be895155a7b294f0b21d,0.726043,1772336869,244e65197c4f66a43bd1aeaa7bcaae70e47ef949d6b9a7992e7a1034f2a693cb,98,49.00,9.43,1,16,9,0.024839,0.607391,pow,pow(difficulty=21_work_amount=2097152),3.13,18,0
4,0,0x60705151f1f537cacd5b801f3ef1b31dc3f605de,0.305504,1772336870,82df3c01e5013ffb40a198e9cb3006b1499a2d91f761ec1604c2c710d0fba950,245,122.50,5.53,1,11,5,0.024595,0.605090,pow,pow(difficulty=22_work_amount=4194304),2.69,19,0
4,1,0x1796dc61e715f15a2d27dfa32bd34780f12a8c24,1.723961,1772336872,50af84845cee6d28f8f906550663f99c0bd6c36632062c71aaecbc60e3ebe5e4,118,118.00,6.02,2,11,6,0.024292,0.601138,pow,pow(difficulty=22_work_amount=4194304),1.75,20,0
4,2,0x4414c05be2cf328f38d2e3ef4b705d6b894f044a,3.090219,1772336874,5652d41171b54d55271dfbd009d454609f15040eb3645a8b0a69b1fbd773b48f,250,83.33,5.87,1,12,6,0.024204,0.601166,pow,pow(difficulty=22_work_amount=4194304),2.96,21,0
4,3,0x719361397abe003a91af76243e5f9c7a0cd4279f,3.543536,1772336876,20a29d846334010653f8ddee28d86c1ce34b899e12879c1c6be256e3c19b2f4b,76,38.00,6.46,1,15,6,0.024312,0.603052,pow,pow(difficulty=22_work_amount=4194304),3.07,22,0
4,4,0x1796dc61e715f15a2d27dfa32bd34780f12a8c24,2.726421,1772336879,f0cc5c479f073e82f0742af71ceb170d82ba9266822a7bcff9d5c03505d32e45,250,125.00,5.82,1,12,6,0.024478,0.605201,pow,pow(difficulty=22_work_amount=4194304),2.94,23,0
5,0,0xdcf2130496e27a8094ab996aea4aa77788d65869,4.505277,1772336881,c9892912de6bd4208a0f8e1ecf964e44b725793586197aa8ff62ac56c33ab228,172,86.00,5.46,1,12,5,0.024521,0.606470,pow,pow(difficulty=23_work_amount=8388608),2.43,24,0
5,1,0x89100a8056319ba37491b32ba255004180607bc2,2.786917,1772336883,a37895868c356df2b1eb349095d89c7a912b4f572a9f5c57422532adf3765394,222,111.00,5.81,1,12,5,0.024802,0.609249,pow,pow(difficulty=23_work_amount=8388608),2.24,25,0
5,2,0x6064b9f5883bf9737dfe314ff68c56e09e68ac89,2.191799,1772336886,d1dcc8bff522658225ae07308880396ababc04978e77f4bd236ecad1769f4f77,177,88.50,5.83,2,13,6,0.024840,0.610368,pow,pow(difficulty=23_work_amount=8388608),1.75,26,0
5,3,0x49b57eb4dace37c8819daf079c9c674f766d4f38,1.231380,1772336887,47e6500c460d4e61a0fbcf08c6d6309bc75bd0d8a4ef4d3d65041eb9f3000c2e,226,75.33,7.07,1,11,7,0.024794,0.610748,pow,pow(difficulty=23_work_amount=8388608),2.65,27,0
5,4,0x6d6b2734a20229ddd7fd4a1470ba3e3bad4e4a85,1.642884,1772336889,634a62b203bbc2145e92b28d079676d8ee2f79442fb7c9a854defd52d90afdce,115,115.00,8.48,1,13,10,0.024621,0.609647,pow,pow(difficulty=23_work_amount=8388608),1.80,28,0
6,0,0xc774b0fee7cabbef3b1ae14bf36db3df0d32c1df,2.176017,1772336892,5a987357a63263e8f58447587d0ac110bf77320ba5340b9ad8ae9a9b915bc010,217,108.50,5.90,1,12,6,0.024503,0.609150,pow,pow(difficulty=24_work_amount=16777216),2.29,29,0
6,1,0xe478b1e4d1538274c0c70cbd7df877f9abab2f62,2.299766,1772336893,d3e2a13913592f2bcc3589af7cb825137e16dcc42d4dc7953cb617f69426c71e,198,66.00,6.64,1,12,7,0.024454,0.609273,pow,pow(difficulty=24_work_amount=16777216),2.63,30,0
6,2,0xa9105f442328d397529b8e4e9e656fa89016ff45,0.470794,1772336895,12e19af39a65580cb3f2ff8e4dc4bed754f793879e689172d45ef54031e3c5d2,123,123.00,5.50,1,13,5,0.024418,0.609430,pow,pow(difficulty=24_work_amount=16777216),1.63,31,0
6,3,0x26d553a2f4343b3a7dc88bbd87b3d0a25d3838d9,3.218740,1772336898,9c017876f3df23e169b32520c803bb1dfb4beb5eeefd28258b89494468091be6,246,82.00,6.14,1,13,6,0.024156,0.606280,pow,pow(difficulty=24_work_amount=16777216),2.78,32,0
6,4,0xf6e059718dbd0a0956726ab97d06bad5efc6cd18,2.017807,1772336899,620f06dde3cace5d606f3b7c243b3431fbf3db8a8f442701c52dd3e3d6ee2b62,191,95.50,6.30,1,11,7,0.024231,0.607664,pow,pow(difficulty=24_work_amount=16777216),2.21,33,0
7,0,0x26d553a2f4343b3a7dc88bbd87b3d0a25d3838d9,4.220590,1772336902,92ccfa003f838795f4fcc129d8c05ab357d91ad5c06741f4dbe26ccd2738ffba,129,64.50,7.23,2,15,7,0.024158,0.607343,pow,pow(difficulty=25_work_amount=33554432),2.67,34,0
7,1,0xdcf2130496e27a8094ab996aea4aa77788d65869,5.507307,1772336904,5c51124e944ff9a92197947a017e89f53621943f34231b577a9a30d39442800d,250,125.00,6.12,1,11,6,0.024342,0.609588,pow,pow(difficulty=25_work_amount=33554432),2.71,35,0
7,2,0xdcf2130496e27a8094ab996aea4aa77788d65869,6.509297,1772336905,c07b6a7d6abbf6bcd2444b5f0ce30abd70a9ea1c18a5d134cd61719d1efc137a,199,99.50,5.86,1,12,6,0.024665,0.612424,pow,pow(difficulty=25_work_amount=33554432),2.45,36,0
7,3,0x6d6b2734a20229ddd7fd4a1470ba3e3bad4e4a85,2.644774,1772336908,89eb8c6641c18aaa4a414e46e666d123cc8d56b483b59f56248b574be22eacec,131,131.00,5.65,2,13,5,0.025090,0.615277,pow,pow(difficulty=25_work_amount=33554432),1.63,37,0
7,4,0x81193196c1dbdbf80709d43a5af5ce21c201fbd7,0.838359,1772336910,8387e1744b86a32bb33c5ec21f2384be8c4bd38a1f4a59a36594da5081fd8066,250,62.50,6.62,1,12,6,0.025067,0.615618,pow,pow(difficulty=25_work_amount=33554432),3.66,38,0
8,0,0xeb82a21cb3d0dd781eb22ad74bb7cd9b4d2a06ec,4.926945,1772336912,4217773fea73c6e07604cfb450c27bc5826712dbab94f89aa9a4fd37770c7407,96,96.00,6.95,1,14,7,0.024844,0.613461,pow,pow(difficulty=26_work_amount=67108864),2.74,39,0
8,1,0x63f4973c0df8a5358405f396dc0673a463c48de9,5.904887,1772336914,1cd190003a99b3c15c6784816373be7e00836d22cf91444191ec416f8426028c,222,74.00,7.28,1,14,7,0.024845,0.613469,pow,pow(difficulty=26_work_amount=67108864),3.30,40,0
8,2,0x49b57eb4dace37c8819daf079c9c674f766d4f38,2.232250,1772336915,03a9b75bf2a5cd624fb8aadb6c29c3382141f5cc8f9af61229b8f99f030ade76,106,106.00,5.34,1,10,5,0.025174,0.616103,pow,pow(difficulty=26_work_amount=67108864),2.21,41,0
8,3,0x719361397abe003a91af76243e5f9c7a0cd4279f,4.545646,1772336918,ffe6624e308f46062d57fb160ed6b022a6aef8acc7a38b935c62f58efa8a2a71,97,48.50,7.85,1,15,9,0.025175,0.616112,pow,pow(difficulty=26_work_amount=67108864),2.49,42,0
8,4,0xe6ebb0cdfd04183d498964e5efc4096ba77b17d6,5.294953,1772336919,c0d296e262eeb2216f0782b7f9c53c8d4a1b1d18101e3c18d60871bf10dd3e44,250,83.33,5.84,1,12,6,0.025348,0.618274,pow,pow(difficulty=26_work_amount=67108864),3.90,43,0
9,0,0xa3786e459f289a76c0e8af8ad834e3d0c6d47199,4.726433,1772336925,2f456dbb709bebfd30f1a08a28f82cae944aa6c1fdf6cec80d55181010c5f22b,34,34.00,10.03,3,14,11,0.025591,0.620652,pow,pow(difficulty=27_work_amount=134217728),3.26,44,0
9,1,0xaadc5fea232580cb8fba739ac5d05a48559c7e52,1.355563,1772336927,4eb99ce46be3f8e282b43a3b2549c5d6935b1d5c9043252b11ea91f33bd6687e,250,50.00,6.50,1,13,6,0.025767,0.622683,pow,pow(difficulty=27_work_amount=134217728),5.17,45,0
9,2,0x30405867b72597aaeb27803bb2c7f3f5fc7d5384,0.518204,1772336931,2038b11c82a253ad4998c52d1ac8a872968d7c9ce0b7747e050df49ebc1c374b,156,78.00,5.44,1,12,5,0.025589,0.621440,pow,pow(difficulty=27_work_amount=134217728),2.83,46,0
9,3,0xaadc5fea232580cb8fba739ac5d05a48559c7e52,2.357063,1772336934,532e1bf3591127e58eb029d7f7349c44e52b5751a7cc86ac182ccf0a0c233f5b,250,62.50,7.86,1,12,8,0.025331,0.618395,pow,pow(difficulty=27_work_amount=134217728),3.68,47,0
9,4,0xaadc5fea232580cb8fba739ac5d05a48559c7e52,2.357033,1772336937,223d610db0978d76fd67ae9e7633ff1be77bbf45a6618666070cce692c6ba5b9,247,61.75,5.99,1,13,6,0.025331,0.618409,pow,pow(difficulty=27_work_amount=134217728),3.62,48,0
10,0,0x58a21eeb7ab18ba8adf1296e66a4487076e95dac,4.092074,1772336954,fd3ed72019dd453a30eda06b9052b0589e68d17227f1803e050233fd5d07142e,250,83.33,6.77,1,13,6,0.025260,0.618219,pow,pow(difficulty=28_work_amount=268435456),3.03,49,0
10,1,0x606627477c3734932f47972f83c27cf4e3b35b4f,3.376467,1772336967,2d2c297fdd800c6aa652c6598aec753b76725a00e63d3168acf43ceb605a0a92,250,14.71,7.64,1,12,8,0.025289,0.619417,pow,pow(difficulty=28_work_amount=268435456),16.72,50,0
10,2,0x26d553a2f4343b3a7dc88bbd87b3d0a25d3838d9,5.222450,1772336968,ff4038a3a6442de263777e117701c19cc3834ea759fcd21f46777edd0bea4a6b,250,20.83,6.58,1,11,6,0.025385,0.621058,pow,pow(difficulty=28_work_amount=268435456),16.62,51,0
10,3,0x50f7fa851f9314d682e36da5caa4635039b5305d,0.105016,1772336978,462d8208c76b87ba42d3fe23ba7857b773b9bf3dc919bd69c8aff482256e4410,62,62.00,5.84,1,10,6,0.025596,0.624000,pow,pow(difficulty=28_work_amount=268435456),8.48,52,0
10,4,0x4a217e35f6402e7f62a49f6d62e27c6585c2f3fd,1.491487,1772336980,3898e1052e5d7168eff1c5b46d10305aa1c1c75358552ef29dbfbb6678fc5c21,250,22.73,8.37,1,14,10,0.025598,0.624042,pow,pow(difficulty=28_work_amount=268435456),10.96,53,0
11,0,0x0d91704595bff3aec25d40822498a51c62b05e3a,0.569906,1772336982,0641af4a1e7ac202b1f988873c49a6f606a8a4aea03d7b9bbc495236e3a00fb6,61,61.00,6.49,1,15,5,0.025148,0.618418,pow,pow(difficulty=27_work_amount=134217728),5.87,54,0
11,1,0xb2a7fe70a6f3137d38f6cb4c3ec6dd1e24f2d5f4,1.421578,1772336984,ef84410faae7780550e592f4b9e0288b5d3f6ce922ed2ea28dfbb0a59e327bcd,250,83.33,6.14,1,13,6,0.025148,0.618429,pow,pow(difficulty=27_work_amount=134217728),3.01,55,0
11,2,0x1796dc61e715f15a2d27dfa32bd34780f12a8c24,3.727061,1772336993,0f4c36e9fd80ad80b5f9f61823b55c8792691fbf80696fbc934b3014b854013b,79,79.00,5.51,1,11,5,0.024748,0.614146,pow,pow(difficulty=27_work_amount=134217728),2.43,56,0
11,3,0xb2a7fe70a6f3137d38f6cb4c3ec6dd1e24f2d5f4,2.422248,1772336995,a090c0691ac2e5a80c467304a093c29cff45c2100b7ca10a272e089082e2f68c,250,25.00,5.53,1,12,5,0.024794,0.615355,pow,pow(difficulty=27_work_amount=134217728),10.05,57,0
11,4,0x719361397abe003a91af76243e5f9c7a0cd4279f,5.547226,1772336997,556a8c72d1c6b155613f3903821d98e292027cea9fe236375a8f2d5ed2f38e2c,80,80.00,4.65,1,12,4,0.024722,0.615127,pow,pow(difficulty=27_work_amount=134217728),3.90,58,0
12,0,0x8d9e46becf415ca26aa698c9657087e6554aabda,0.387476,1772337001,145aca973162e84b123e3ec42557dcf408acfe679212c8b6be3603fcda77a946,154,77.00,6.36,1,13,6,0.024918,0.617120,pow,pow(difficulty=28_work_amount=268435456),2.08,59,0
12,1,0xe6ebb0cdfd04183d498964e5efc4096ba77b17d6,6.294493,1772337005,d40284198fb426d0ad1721195a16df94d5069b0eadb6ba6f4244d446b0db7698,250,62.50,6.00,1,12,6,0.024670,0.613700,pow,pow(difficulty=28_work_amount=268435456),4.13,60,0
12,2,0xd46407aa7b668c72de3cf1c1a12b7fa2e308a1b2,3.993829,1772337007,d24912aec6e8e251f912898f1431ec52583fc9083d418759515a42c4a20b20cd,250,50.00,7.42,1,14,7,0.024921,0.615914,pow,pow(difficulty=28_work_amount=268435456),4.50,61,0
12,3,0x4414c05be2cf328f38d2e3ef4b705d6b894f044a,4.089799,1772337012,31d663ef550f215defab2c78c9d6c2504e71e1a16a2c3473217de0277b5d4d44,58,58.00,5.40,1,11,5,0.024972,0.617101,pow,pow(difficulty=28_work_amount=268435456),2.79,62,0
12,4,0x1d1d2c63625de70b1e5ef40056bd2deb89d7fef2,0.070518,1772337015,cc4e1a1a568df9fa26e757cfc1c594cf69f766e8f4a36a104ef068cd8763c15d,250,50.00,9.88,1,16,11,0.025029,0.618236,pow,pow(difficulty=28_work_amount=268435456),4.88,63,0
13,0,0xdcf2130496e27a8094ab996aea4aa77788d65869,7.509617,1772337017,14149bedad079634b6732e10a4090defec0e1f749f19168bb97ae0731985317b,228,57.00,5.94,1,12,6,0.024759,0.613643,pow,pow(difficulty=27_work_amount=134217728),3.39,64,0
13,1,0x6064b9f5883bf9737dfe314ff68c56e09e68ac89,3.192899,1772337019,65159c30fd18ee1b6ef0f7c5ba8d343c8a0af0fc5544e01f20c645ffff08a284,77,77.00,7.57,2,12,7,0.025083,0.616020,pow,pow(difficulty=27_work_amount=134217728),2.25,65,0
13,2,0x30509a8084fdfe6fe24d9c9a817c209ad194f8e3,2.654939,1772337020,2b5b67a5604c53edd7ab1d94a806f2bc4cd274dc11ae9ef65d3235aafbe21bad,250,83.33,6.75,1,11,7,0.025060,0.616504,pow,pow(difficulty=27_work_amount=134217728),3.24,66,0
13,3,0x6d6b2734a20229ddd7fd4a1470ba3e3bad4e4a85,3.646244,1772337023,687aee5dd5b35c4dd99b8b1d8c0150d1b23757d7c02efdfbec05572b081810c1,73,73.00,7.36,1,11,8,0.024993,0.616355,pow,pow(difficulty=27_work_amount=134217728),2.90,67,0
13,4,0xa068e3c9a21c8d8be636cd2d285895979ec3262e,0.967201,1772337027,591692121d7f5f81ea9f18e9229068cbbacc83182a610a6079e970fa57433e42,250,83.33,6.10,1,12,6,0.024994,0.616363,pow,pow(difficulty=27_work_amount=134217728),3.22,68,0
14,0,0x81193196c1dbdbf80709d43a5af5ce21c201fbd7,1.838199,1772337033,6b83000b05b3ece14c6f04630db00cc4196ee9ca262ace8777af8acc1e070332,250,83.33,7.00,1,13,7,0.024807,0.614970,pow,pow(difficulty=28_work_amount=268435456),3.29,69,0
14,1,0xa3786e459f289a76c0e8af8ad834e3d0c6d47199,5.727663,1772337036,7f3026e45543833dd6676b901c3e7c5cdd44ebffd927df1356e16b53e9b789ab,250,35.71,7.28,1,14,7,0.024680,0.614055,pow,pow(difficulty=28_work_amount=268435456),5.98,70,0
14,2,0xcdc82b7c868072205a399d0f68e6e3ad3bfd1ca6,0.206281,1772337039,82a94ea46f92fb159434629743caddef73b8ba827ef450cebb0e2bcfb85f6e5f,228,76.00,6.47,1,13,6,0.024681,0.614066,pow,pow(difficulty=28_work_amount=268435456),4.33,71,0
14,3,0xa7e4d4d949807065ebf85adc1be8c382c7236c15,0.216576,1772337049,8814bec402f7ceffacd66009bddd9d00ff678450d766cb701bf53da610d592eb,218,72.67,6.19,1,11,6,0.024594,0.611905,pow,pow(difficulty=28_work_amount=268435456),3.03,72,0
14,4,0x07902d0371763a00d97ed9ba16ff0a206cb0fd19,2.530059,1772337054,d9526778ed7fe396e08d04418f6176b388cc38b537fa158f1921840dce58b756,250,27.78,6.51,1,13,6,0.024352,0.607965,pow,pow(difficulty=28_work_amount=268435456),9.34,73,0
15,0,0x13f9dadc05f6c237b03411e2aed1800cf21a5d89,1.278332,1772337056,dd4ca55102da9c4c93faa64bdae5db6dd3750475b9038d9251021d8d921b7485,250,41.67,6.52,1,13,6,0.024279,0.607640,pow,pow(difficulty=27_work_amount=134217728),8.26,74,0
15,1,0xa447d277b02012c2afd9ddcbbe123f27cc971963,1.806825,1772337058,0cb5a024bdb33935435186db969125efe4df71a4b9cfaa23e8765b6cc6d1c5ec,41,41.00,7.46,1,13,7,0.024117,0.606089,pow,pow(difficulty=27_work_amount=134217728),4.61,75,0
15,2,0x8d9e46becf415ca26aa698c9657087e6554aabda,1.389366,1772337061,ca8eebefd836a0c024648c85bd35797f6b0516bab572e6d8f5e29b225fa6f62f,215,107.50,5.84,1,13,6,0.023994,0.605019,pow,pow(difficulty=27_work_amount=134217728),2.33,76,0
15,3,0x4414c05be2cf328f38d2e3ef4b705d6b894f044a,5.091759,1772337062,9d7f06b83de31d8a59cc88615e7bbf795cd8d64e9e59f38412ff016d843e601a,217,72.33,5.93,1,12,6,0.023844,0.603461,pow,pow(difficulty=27_work_amount=134217728),2.80,77,0
15,4,0x1cb1274c711a6c2e4e1596846e6ac604eeefb358,0.406021,1772337067,b1dc517cc873c60198fc0d4044f93b033b518a54fdcc5671673f918a194c7992,138,69.00,8.88,1,16,10,0.023946,0.605019,pow,pow(difficulty=27_work_amount=134217728),2.68,78,0
16,0,0xd1cd4b808ce6b2841ad42746b64c5a047e857ef0,0.238434,1772337071,169677fd1bd9d08ad7d170f7657249db32ebcabd3740ee1e84e5e7087a0df6a7,250,50.00,5.83,1,12,6,0.023731,0.601651,pow,pow(difficulty=28_work_amount=268435456),5.50,79,0
16,1,0xa3786e459f289a76c0e8af8ad834e3d0c6d47199,6.729543,1772337079,cf168b81cf0f322e280ed6f5304b85bc55f12b72d5e2859fef6d7a07a65011f0,250,62.50,6.19,1,11,6,0.023732,0.601668,pow,pow(difficulty=28_work_amount=268435456),4.61,80,0
16,2,0x49b57eb4dace37c8819daf079c9c674f766d4f38,2.230570,1772337084,3b5d5557842e4d93406d4c4f7acfd22b10b714dbaa4044f402ca109b2ace9bc6,250,35.71,7.14,1,13,7,0.023714,0.599846,pow,pow(difficulty=28_work_amount=268435456),6.89,81,0
16,3,0x6064b9f5883bf9737dfe314ff68c56e09e68ac89,4.194639,1772337085,1933db20c12499fd75dd2f2bcc045393c380e9c42f67469c0a85e48f8d2f06da,250,41.67,9.48,1,15,10,0.023623,0.599119,pow,pow(difficulty=28_work_amount=268435456),7.11,82,0
16,4,0x719361397abe003a91af76243e5f9c7a0cd4279f,6.547796,1772337095,e8cccd126a89043fb6427e16948445857b4d3b73f62a5f1326635b2050686e92,62,62.00,7.08,2,11,8,0.023657,0.600120,pow,pow(difficulty=28_work_amount=268435456),3.84,83,0
17,0,0x6d6b2734a20229ddd7fd4a1470ba3e3bad4e4a85,4.647974,1772337097,3866c6b6abd9eb618a7d74c311b852ed69cb7c7cdfb37601f22fead26ae38087,250,22.73,6.07,1,13,6,0.023658,0.600148,pow,pow(difficulty=27_work_amount=134217728),10.18,84,0
17,1,0x13f9dadc05f6c237b03411e2aed1800cf21a5d89,2.278352,1772337099,8bb229871d68183c3580ff9e82995d1af17ca8ab07d92915cf2c3d24263fe4be,65,65.00,6.15,1,12,6,0.023719,0.601370,pow,pow(difficulty=27_work_amount=134217728),9.43,85,0
17,2,0x26d553a2f4343b3a7dc88bbd87b3d0a25d3838d9,6.221640,1772337101,2fefe05fc89d51947900e39be49b287738bac835cc3f1f832cdce053627320b1,238,79.33,6.11,1,13,6,0.023719,0.601377,pow,pow(difficulty=27_work_amount=134217728),3.27,86,0
17,3,0xd46407aa7b668c72de3cf1c1a12b7fa2e308a1b2,4.993239,1772337103,15333dc62f6f5161ac08ab644612e2919e7d5e8f8d482943922a3de3858eade5,87,87.00,6.05,1,10,6,0.023875,0.603109,pow,pow(difficulty=27_work_amount=134217728),2.41,87,0
17,4,0xd3997be86c88837e3fd467517b943590b28fa641,0.056971,1772337106,d25dab0f11340b5c5a9bad6ea99423e88238a386b8cd5df8097c2043bb037c45,155,77.50,5.74,1,11,5,0.023950,0.604385,pow,pow(difficulty=27_work_amount=134217728),2.37,88,0
18,0,0xac61c91e7d24df824351a6c4e562a75f0cf646f8,0.249688,1772337109,529f3940a0535245a4a695e78015234bc93b80654cfc9597a8f0e0b4e6a2d678,250,62.50,6.23,1,11,6,0.023720,0.599914,pow,pow(difficulty=28_work_amount=268435456),4.07,89,0
18,1,0x606627477c3734932f47972f83c27cf4e3b35b4f,4.377337,1772337110,8349b5789ac48b2d8297cc2dfd114419c844ee7e1aca155f0540b6467ffd6ec6,151,75.50,6.02,1,13,5,0.023505,0.596043,pow,pow(difficulty=28_work_amount=268435456),2.52,90,0
18,2,0x34412315480562da4810040fd15c81f99880e1ab,2.898053,1772337113,978fb95d06e8c693295a6be2c19332619e4e73fa4f59b08489b00bc1101a3ae9,140,140.00,5.95,1,11,6,0.023541,0.596955,pow,pow(difficulty=28_work_amount=268435456),1.64,91,0
18,3,0x8c11ec9090dd820c076e57e899d9c604c79d6b32,1.563469,1772337121,a539b6dd8966114aa24df6fad65d9f6d06e55291c6d1a78e09fa2b988d886e33,250,62.50,8.01,1,13,8,0.023487,0.596939,pow,pow(difficulty=28_work_amount=268435456),3.91,92,0
18,4,0x016d3fc36beee7caa8fbd6c1caa42461dd7f9850,0.877519,1772337127,014c94017ee205c959b3ba8b7f1275cf94bd444525c1bfb1026b4c8d86f30198,250,31.25,6.74,1,13,6,0.023488,0.596964,pow,pow(difficulty=28_work_amount=268435456),8.09,93,0
19,0,0x5cd626f4b83428b146919d30f4b3e481d259a9dc,0.072973,1772337129,876a6e77c33cf565648ecbabc96a30b4b530ea91c6a0bc32392ca898d2bdcc8b,250,41.67,7.02,1,13,7,0.023185,0.593259,pow,pow(difficulty=27_work_amount=134217728),6.66,94,0
19,1,0x7e40df5d801345015e84c843908efc6683665fa4,0.657099,1772337133,7eacaf193dfaffe5ad3de995c254db9528c0893b925f2eb3e4bce09d133d913f,97,97.00,6.60,1,11,7,0.022971,0.588848,pow,pow(difficulty=27_work_amount=134217728),4.35,95,0
19,2,0x016d3fc36beee7caa8fbd6c1caa42461dd7f9850,1.879869,1772337134,05cb2ba2b967d12da47b700b6b48922043081c169f976559a69a112890b828e9,250,62.50,6.72,1,13,7,0.022792,0.585948,pow,pow(difficulty=27_work_amount=134217728),4.06,96,0
19,3,0xe478b1e4d1538274c0c70cbd7df877f9abab2f62,3.298436,1772337137,0b5ca1dc64c72bdb2a63a93f92df20532e89f4bc51bc7c0e46ad636840dde20e,48,24.00,7.65,2,13,8,0.022685,0.584842,pow,pow(difficulty=27_work_amount=134217728),4.88,97,0
19,4,0x1cb1274c711a6c2e4e1596846e6ac604eeefb358,1.407661,1772337141,a47a53b8231b0578d4747523132dd72e1b06727c74fe39682b8fc1b665e83186,250,83.33,6.12,1,13,6,0.022686,0.584847,pow,pow(difficulty=27_work_amount=134217728),3.14,98,0
20,0,0x26d553a2f4343b3a7dc88bbd87b3d0a25d3838d9,7.222110,1772337145,59667ddd24f232f0ac323239773091f9995817c29b236794ebb855fa943a8da4,250,83.33,6.15,1,12,6,0.022526,0.583558,pow,pow(difficulty=28_work_amount=268435456),3.12,99,0
20,1,0x07902d0371763a00d97ed9ba16ff0a206cb0fd19,3.531769,1772337148,94f46593d702d59aef1227642cac329e5a8c1f75b4cb4f24a55065c120096f89,250,50.00,6.74,1,11,7,0.022527,0.583574,pow,pow(difficulty=28_work_amount=268435456),4.44,100,0
20,2,0x9bdb1c7ad4bd8fe797b07c08117c74a591dbab2d,0.446352,1772337151,507e84cb9f309224fb4ac7a1b81b79bb764ffa7f5f7902ba9de3bc81f4dc8af4,250,83.33,6.59,1,13,7,0.022695,0.585927,pow,pow(difficulty=28_work_amount=268435456),3.37,101,0
20,3,0x58a21eeb7ab18ba8adf1296e66a4487076e95dac,5.092394,1772337152,0f026ff182efe0ce9841b856cd98cbb85cb532feaab2268959f4ae6d14ae5584,161,80.50,7.28,1,13,7,0.022512,0.582559,pow,pow(difficulty=28_work_amount=268435456),2.16,102,0
20,4,0x81193196c1dbdbf80709d43a5af5ce21c201fbd7,2.839539,1772337154,c5f5576dc33d4b81a38742b3e5e52cc5825e7b18cff41c9ae746fa2c3e7f9152,89,89.00,7.33,1,12,8,0.022576,0.583750,pow,pow(difficulty=28_work_amount=268435456),1.84,103,0
21,0,0x719361397abe003a91af76243e5f9c7a0cd4279f,6.547236,1772337164,ebc7e195a2a624c628f15edb81b0f41802df64c10f2cc70ee031e2833f8da221,194,97.00,6.69,1,13,7,0.022521,0.583545,pow,pow(difficulty=29_work_amount=536870912),2.34,104,0
21,1,0xd46407aa7b668c72de3cf1c1a12b7fa2e308a1b2,5.994249,1772337166,662d4c2d3c0a0958a3584aa9115b37daeee344085f9f7221e3332487f005c0a5,250,22.73,6.57,1,12,6,0.022522,0.583571,pow,pow(difficulty=29_work_amount=536870912),11.25,105,0
21,2,0xdcf2130496e27a8094ab996aea4aa77788d65869,8.509037,1772337171,17ff1e70348ed2b14b10905d1873cfbce81cc7f491a6aadea4e7e7c748dc6100,157,78.50,5.74,2,10,6,0.022658,0.585229,pow,pow(difficulty=29_work_amount=536870912),5.09,106,0
21,3,0x016d3fc36beee7caa8fbd6c1caa42461dd7f9850,2.879899,1772337184,8cd5d95bb507b58132baa5b2748f151b46029ea48262e55554d99aa28e949121,250,62.50,6.19,1,12,6,0.022990,0.588707,pow,pow(difficulty=29_work_amount=536870912),4.22,107,0
21,4,0xbc3f8508d26048f2064aa8c068f4c94d08d77d18,3.064539,1772337187,646a24dc1dac5a617252a44596ec144214f5b8457f43cf4bd73b3bf86d05edd4,250,19.23,6.37,1,13,7,0.022932,0.588453,pow,pow(difficulty=29_work_amount=536870912),13.14,108,0
22,0,0x606627477c3734932f47972f83c27cf4e3b35b4f,5.377937,1772337190,04a05a8d73a2812423a3c30f9b059ed1173e06cd29ae4bc91030063b02575c11,250,83.33,6.66,1,12,7,0.022881,0.588269,pow,pow(difficulty=28_work_amount=268435456),6.64,109,0
22,1,0x1cb1274c711a6c2e4e1596846e6ac604eeefb358,2.409541,1772337193,943a87462cf6021618e193b068039893a2b825844b42fec9717ff623fc6fa834,250,62.50,6.18,1,11,6,0.022944,0.589412,pow,pow(difficulty=28_work_amount=268435456),3.82,110,0
22,2,0x4414c05be2cf328f38d2e3ef4b705d6b894f044a,6.091839,1772337206,09527ff0c2d20b061ab026dbd39f3567635382aac0528c32c03f813ec6a904e5,250,83.33,5.98,2,12,6,0.022944,0.589422,pow,pow(difficulty=28_work_amount=268435456),3.32,111,0
22,3,0xa068e3c9a21c8d8be636cd2d285895979ec3262e,1.967801,1772337208,5dcb361ee4dd98b84dd4d2fd13f3fc40ce005a21bec163508c9093f02f213421,250,19.23,9.37,1,16,11,0.022862,0.588689,pow,pow(difficulty=28_work_amount=268435456),12.61,112,0
22,4,0x49b57eb4dace37c8819daf079c9c674f766d4f38,3.231540,1772337241,5dcb361ee4dd98b84dd4d2fd13f3fc40ce005a21bec163508c9093f02f213421,250,19.23,9.37,1,16,11,0.022960,0.590077,pow,pow(difficulty=28_work_amount=268435456),12.61,112,1
23,0,0x58a21eeb7ab18ba8adf1296e66a4487076e95dac,6.092354,1772337244,b1af9936fce8e2207ae84c4d69871d7a22a53e53b55887608e7b58bc71e49c87,250,7.14,9.06,1,15,10,0.022915,0.589929,pow,pow(difficulty=27_work_amount=134217728),37.52,113,1
23,1,0xb2a7fe70a6f3137d38f6cb4c3ec6dd1e24f2d5f4,3.420288,1772337246,68f46343bdf4149743f04bc78e55ad0b399113053fe282ff31bb1a00a4c17924,205,68.33,7.46,1,12,8,0.022915,0.589935,pow,pow(difficulty=27_work_amount=134217728),8.29,114,1
23,2,0xeb82a21cb3d0dd781eb22ad74bb7cd9b4d2a06ec,4.923465,1772337248,1bf88fb7cca6d622248dbeecaa13e0703f7251bffbe5b025f710bbbaab07f0f2,245,122.50,5.56,1,12,5,0.023005,0.591110,pow,pow(difficulty=27_work_amount=134217728),2.59,115,1
23,3,0x07902d0371763a00d97ed9ba16ff0a206cb0fd19,4.533259,1772337254,8a5cc97aa388f5d6522921ff69a17777c3e347df2741672c804aeef46d3fd9a1,71,71.00,6.61,1,14,6,0.022997,0.591922,pow,pow(difficulty=27_work_amount=134217728),2.00,116,1
23,4,0xe6ebb0cdfd04183d498964e5efc4096ba77b17d6,7.294543,1772337256,885d6bce4ae6c12daf5545ced9b48161354b27220bdfec28a728000225405474,250,35.71,7.14,1,14,7,0.022998,0.591939,pow,pow(difficulty=27_work_amount=134217728),7.36,117,1
24,0,0x408bb0bf84df50b21c53c74420987f172d4036a1,0.795084,1772337258,d8408fc7f8a11e73f34e91d520519f86c4a5969e8f8ccd14075b107483a4abf0,129,64.50,6.73,1,14,7,0.023145,0.594269,pow,pow(difficulty=28_work_amount=268435456),4.50,118,1
24,1,0xa447d277b02012c2afd9ddcbbe123f27cc971963,2.806945,1772337260,7883656ebdadb88e56cbe2dc2adf73dff1e8a798c387f168bbaf3753606e6641,183,91.50,7.66,1,15,7,0.023145,0.594275,pow,pow(difficulty=28_work_amount=268435456),2.82,119,1
24,2,0x07902d0371763a00d97ed9ba16ff0a206cb0fd19,5.535619,1772337264,960451491c7814be1be974e68a3e33318078f96b35887e9f4907c0f7c58c31e0,203,101.50,5.40,1,12,5,0.022984,0.591744,pow,pow(difficulty=28_work_amount=268435456),2.96,120,1
24,3,0xa447d277b02012c2afd9ddcbbe123f27cc971963,3.808945,1772337268,a11251c1f833390fff7d732617d1801a2ecc1fac02ee73187ea2297251514a69,250,62.50,6.78,1,13,7,0.022967,0.592000,pow,pow(difficulty=28_work_amount=268435456),4.58,121,1
24,4,0x7e40df5d801345015e84c843908efc6683665fa4,1.658129,1772337270,1d0a5ad31d92b8913491cf7ef9152993e838487df2f04d023c2310d62d3b615b,250,62.50,5.62,1,12,6,0.022968,0.592010,pow,pow(difficulty=28_work_amount=268435456),4.60,122,1
25,0,0x26d553a2f4343b3a7dc88bbd87b3d0a25d3838d9,8.223310,1772337291,30c4278db6681dd2e7863c54c1d7f781356f9b519f562a4046825f6be3547e06,60,60.00,6.23,1,13,5,0.022848,0.590653,pow,pow(difficulty=28_work_amount=268435456),2.35,123,1
25,1,0xa3786e459f289a76c0e8af8ad834e3d0c6d47199,7.729713,1772337303,9de02b8de7f835c1deb398034995efdcdfc9a0a2dcfbc092301743aded3b8f12,250,11.36,6.35,1,11,6,0.023017,0.592472,pow,pow(difficulty=28_work_amount=268435456),21.94,124,1
25,2,0x30509a8084fdfe6fe24d9c9a817c209ad194f8e3,3.652759,1772337305,a96cc44da368c8af91d3fcafe5c0d4b31921c4d1d82cecf1b437e0cc4c65de1e,250,20.83,7.09,1,13,7,0.023019,0.592506,pow,pow(difficulty=28_work_amount=268435456),13.80,125,1
25,3,0x89100a8056319ba37491b32ba255004180607bc2,3.784547,1772337307,dde1d1b2e4ad5229cb8a780c53986a68802b929972ac225ae41a019ad7067f9c,125,125.00,6.78,1,11,7,0.022984,0.592581,pow,pow(difficulty=28_work_amount=268435456),6.94,126,1
25,4,0x719361397abe003a91af76243e5f9c7a0cd4279f,7.548276,1772337311,9af0a2dd3f1b290ae14da7ad6d18c7c1387feb76b87284e09d32e943e6832f96,235,78.33,6.02,1,13,6,0.022985,0.592587,pow,pow(difficulty=28_work_amount=268435456),2.83,127,1
26,0,0x719361397abe003a91af76243e5f9c7a0cd4279f,8.550756,1772337316,7da9da9c92ef37fae95e3335fe8c9bd323219dfb7141bce2b4b8457054596863,250,83.33,6.60,1,13,6,0.023085,0.594277,pow,pow(difficulty=27_work_amount=134217728),3.20,128,1
26,1,0x3513d672439a59c26cc5711f2b715ccb4810a774,1.288245,1772337329,d3f886571306b5cc7522662cb6d95331a5e6339bcfb25e18770ec81c4eedac20,250,50.00,5.64,1,13,6,0.023254,0.595955,pow,pow(difficulty=27_work_amount=134217728),4.24,129,1
26,2,0xdcf2130496e27a8094ab996aea4aa77788d65869,9.509847,1772337330,21d5fc1fd9db98ddef82d901c0fcbd2448ff772b131dc4098c0bf99a05a00210,250,19.23,9.06,1,13,10,0.023118,0.594239,pow,pow(difficulty=27_work_amount=134217728),12.50,130,1
26,3,0x269cdf52f97e1d9f14b7be895155a7b294f0b21d,1.723703,1772337368,21d5fc1fd9db98ddef82d901c0fcbd2448ff772b131dc4098c0bf99a05a00210,250,19.23,9.06,1,13,10,0.023122,0.594328,pow,pow(difficulty=27_work_amount=134217728),12.50,130,2
26,4,0xfdc414c57908f0e2a6a926079902d4688d553610,0.175142,1772337369,62dca800a9aef99c3a7be81025791cb41ffd2a3f1f226792abaf5b51f6ece69a,250,6.41,5.92,1,11,6,0.023005,0.592924,pow,pow(difficulty=27_work_amount=134217728),40.52,131,2
27,0,0x37cc7a82e66d4f4c2ae13b9ee895d3af1a1d7a05,0.259555,1772337371,188bc53fabc09b052ab7d54bc0dd75aa724d5ca02ae48a504802abbbecef20db,92,92.00,7.05,1,14,7,0.022825,0.589272,pow,pow(difficulty=26_work_amount=67108864),33.36,132,2
27,1,0xd67aaaf210c0c36ddcb7055222d168b5c9dd1b36,0.183691,1772337372,f2cf4e9340626f6adc20e904cd617cf421a528d6d1c5d0bd30aba0c9ad6649d1,139,69.50,8.53,2,14,9,0.022651,0.585739,pow,pow(difficulty=26_work_amount=67108864),2.60,133,2
27,2,0xc4dc29db975b952e04358340e56b68fa4ba63fbc,0.539201,1772337376,97a1bdcfb426f4d8f88da457186b3c2c1ec688c41035d91d950f3bf10733488f,184,184.00,5.50,1,11,5,0.022477,0.581996,pow,pow(difficulty=26_work_amount=67108864),1.94,134,2
27,3,0x26d553a2f4343b3a7dc88bbd87b3d0a25d3838d9,9.224760,1772337377,90a77358a4dac5c420f52aa035b8f3b650086f6cabb9ea198713e92bac0d45bb,250,62.50,6.72,1,12,7,0.022318,0.578930,pow,pow(difficulty=26_work_amount=67108864),3.48,135,2
27,4,0x408bb0bf84df50b21c53c74420987f172d4036a1,1.795814,1772337379,a85f9096b089fe140c3832f91b796235d1c4ac633e8f908f63feb5c50eed0196,123,61.50,5.77,1,11,6,0.022503,0.580704,pow,pow(difficulty=26_work_amount=67108864),3.26,136,2
28,0,0x4414c05be2cf328f38d2e3ef4b705d6b894f044a,7.092669,1772337383,cbe2202e7a6d80ff57646f05d9b8273546d4e079c68bfbc99e3b0b31cd26b61d,85,85.00,8.51,1,14,10,0.022394,0.579373,pow,pow(difficulty=27_work_amount=134217728),1.87,137,2
28,1,0x4414c05be2cf328f38d2e3ef4b705d6b894f044a,8.095109,1772337387,d2b9df5f2cbd2cf51586a2ca63796af028ab5c543cdf74c4292eea3af538a63a,250,50.00,10.00,1,16,11,0.022492,0.580783,pow,pow(difficulty=27_work_amount=134217728),5.14,138,2
28,2,0x63f4973c0df8a5358405f396dc0673a463c48de9,6.901547,1772337390,32d8a775dc4a33e2c1edeac8864c518ffcb066400d76bfd118b308b0b065a771,250,62.50,9.39,1,16,11,0.022492,0.580793,pow,pow(difficulty=27_work_amount=134217728),4.43,139,2
28,3,0x1cb1274c711a6c2e4e1596846e6ac604eeefb358,3.410011,1772337391,ac698ca8bf41d93a3da571d47bc443fb000d040f26b4de08ee48845766df44b9,202,67.33,6.08,1,10,6,0.022710,0.583560,pow,pow(difficulty=27_work_amount=134217728),3.22,140,2
28,4,0x63f4973c0df8a5358405f396dc0673a463c48de9,7.903547,1772337396,c46ab4a2e4348d1f2d6af17b702ec720c3106b66eeeb33dfe03002ab6a37febc,99,99.00,4.92,1,11,5,0.022660,0.583299,pow,pow(difficulty=27_work_amount=134217728),1.36,141,2
29,0,0xa3786e459f289a76c0e8af8ad834e3d0c6d47199,7.728483,1772337416,90800af3239774e5ba889b288098f0366a3e33ee721f8a8988ea316b6264e778,250,50.00,6.04,1,11,6,0.022779,0.584685,pow,pow(difficulty=28_work_amount=268435456),4.60,142,2
29,1,0x4414c05be2cf328f38d2e3ef4b705d6b894f044a,9.097349,1772337417,67125000ad74447654393f5d0d26a53778f7f0607be84765ed25aefb36d2eead,250,11.90,6.99,1,13,7,0.022781,0.584740,pow,pow(difficulty=28_work_amount=268435456),21.13,143,2
29,2,0xac768e60b9269babb15cb1e36ee843243d7c7543,3.711768,1772337454,67125000ad74447654393f5d0d26a53778f7f0607be84765ed25aefb36d2eead,250,11.90,6.99,1,13,7,0.022894,0.586090,pow,pow(difficulty=28_work_amount=268435456),21.13,143,3
29,3,0xc774b0fee7cabbef3b1ae14bf36db3df0d32c1df,3.172087,1772337455,a83aca2314c2cc78d77d3b46e62497313d5452ac2708ba5789036b0da77d5661,250,6.58,6.25,2,12,6,0.022894,0.586099,pow,pow(difficulty=28_work_amount=268435456),42.05,144,3
29,4,0x26d553a2f4343b3a7dc88bbd87b3d0a25d3838d9,10.225140,1772337459,c3c8df9338ed7385d4b9813a3d0eaf5afeaf030aca4b7ba7fbcb6408ec1a0110,87,87.00,6.60,1,12,7,0.022792,0.585486,pow,pow(difficulty=28_work_amount=268435456),36.08,145,3
30,0,0xb2a7fe70a6f3137d38f6cb4c3ec6dd1e24f2d5f4,4.420508,1772337460,bd80beff51e4c3a6ae9316740be7463b021fde42f9ee6ed70243609bd80f5d62,250,83.33,6.40,1,11,7,0.022986,0.587213,pow,pow(difficulty=27_work_amount=134217728),3.12,146,3
30,1,0xd67aaaf210c0c36ddcb7055222d168b5c9dd1b36,1.184861,1772337462,26d542cbbc75fa596b33408e73c7552cb4bb2458d87d5183b0b181c3469d28e3,52,52.00,6.21,2,11,6,0.022968,0.587655,pow,pow(difficulty=27_work_amount=134217728),2.63,147,3
30,2,0x63f4973c0df8a5358405f396dc0673a463c48de9,8.905387,1772337464,d63a270190a2c2f8546f098b2abe5c24177e819831929d809ea1f417435f1516,194,97.00,5.89,1,11,6,0.022835,0.585787,pow,pow(difficulty=27_work_amount=134217728),2.21,148,3
30,3,0xd61b00c297972877b45f8d7f4d67fdaf20c67c59,0.330621,1772337467,2004653a11605ba9e363e857bb696a44269f7cf34abe3b62094cef84f2bf81e6,153,76.50,6.07,1,11,6,0.022975,0.587284,pow,pow(difficulty=27_work_amount=134217728),2.22,149,3
30,4,0x30509a8084fdfe6fe24d9c9a817c209ad194f8e3,4.652329,1772337468,e2a79e45c6f9d79814bbe32782ac72483bf6409b888afb794ef335c7f3cb43ca,250,83.33,5.64,1,11,5,0.022812,0.583920,pow,pow(difficulty=27_work_amount=134217728),3.06,150,3
31,0,0x63f4973c0df8a5358405f396dc0673a463c48de9,9.906887,1772337470,b84c48e1d454f258af58c7aab38695d4fa0e08b083686ec75a95cdf2a3915b0a,35,35.00,6.20,2,11,6,0.022801,0.584403,pow,pow(difficulty=28_work_amount=268435456),2.14,151,3
31,1,0x6064b9f5883bf9737dfe314ff68c56e09e68ac89,5.191579,1772337476,67d22aa80abf62e39e6234ab857d95fd37e42bdab39c2545b77bba5f68033d00,213,71.00,5.32,1,10,5,0.022970,0.586007,pow,pow(difficulty=28_work_amount=268435456),2.54,152,3
31,2,0xe478b1e4d1538274c0c70cbd7df877f9abab2f62,4.297556,1772337477,d62f1f4f5dd78cfe5b4551f0479fe9211cec576375776fe003f159007cb51a62,250,41.67,7.12,1,12,7,0.022975,0.586628,pow,pow(difficulty=28_work_amount=268435456),6.28,153,3
31,3,0x687bf2437a044a3e42ff2f8a79a8e54ba9601f70,1.060309,1772337481,c96be4eeac2002b4812e6f70756f4d06b1c39356b4d13bc3f0a8829f78c4d6f9,66,66.00,5.74,1,12,6,0.022949,0.586851,pow,pow(difficulty=28_work_amount=268435456),4.77,154,3
31,4,0x3513d672439a59c26cc5711f2b715ccb4810a774,2.289075,1772337483,57b31576042fcaa09ac4f6d9edb9eef28cccf679f27aa53a79726d6b6c962d59,250,50.00,6.17,1,12,6,0.022814,0.584781,pow,pow(difficulty=28_work_amount=268435456),4.06,155,3
32,0,0xeb82a21cb3d0dd781eb22ad74bb7cd9b4d2a06ec,5.921645,1772337484,9d2caa34007207d464e6add1990aa3966bc7731a0c6c75b7b7bf9ed3a8e1d05e,44,44.00,6.18,1,13,6,0.022721,0.583852,pow,pow(difficulty=29_work_amount=536870912),3.20,156,3
32,1,0xb2a7fe70a6f3137d38f6cb4c3ec6dd1e24f2d5f4,5.420758,1772337490,425bc32ad05c57e32a5866177b08f043e5cf4f0ea010996a9cd2d6535fcbdd15,145,72.50,6.54,2,14,7,0.022748,0.584666,pow,pow(difficulty=29_work_amount=536870912),2.57,157,3
32,2,0xe478b1e4d1538274c0c70cbd7df877f9abab2f62,5.298096,1772337499,fa9f5a0741bbb4d3a40d59384dc180892a7de0bf0d02975983d5286491b1eaa2,250,50.00,5.79,1,12,5,0.022759,0.585249,pow,pow(difficulty=29_work_amount=536870912),5.66,158,3
32,3,0x30509a8084fdfe6fe24d9c9a817c209ad194f8e3,5.652339,1772337507,11afd17a6f89125d1bd91ab65cb583ce19a399c55178a0bb61abc838d6db6ec4,250,25.00,6.13,1,12,6,0.022760,0.585274,pow,pow(difficulty=29_work_amount=536870912),11.14,159,3
32,4,0x606627477c3734932f47972f83c27cf4e3b35b4f,6.377597,1772337515,4d24abeb93395c4f541b04a46bac616e361b40ffb2f654cfcbd997475ecaec8b,250,31.25,7.96,1,12,9,0.022781,0.586283,pow,pow(difficulty=29_work_amount=536870912),8.42,160,3
33,0,0xdcf2130496e27a8094ab996aea4aa77788d65869,9.508307,1772337517,c1163d79a2e3b7411bccd05a4dadfd06b865a9a7720136bb1e728fbb5e9660a2,250,35.71,6.44,1,10,7,0.022820,0.587170,pow,pow(difficulty=28_work_amount=268435456),8.13,161,3
33,1,0x26d553a2f4343b3a7dc88bbd87b3d0a25d3838d9,11.226850,1772337552,c1163d79a2e3b7411bccd05a4dadfd06b865a9a7720136bb1e728fbb5e9660a2,250,35.71,6.44,1,10,7,0.022823,0.587245,pow,pow(difficulty=28_work_amount=268435456),8.13,161,3
33,2,0x016d3fc36beee7caa8fbd6c1caa42461dd7f9850,3.878499,1772337562,49c3db5feafe8bb598407eda7117d27cdd082780ff2760b8f2a77b88c72554d5,250,6.76,6.29,1,11,7,0.023013,0.588856,pow,pow(difficulty=28_work_amount=268435456),37.49,162,3
33,3,0x3513d672439a59c26cc5711f2b715ccb4810a774,3.288715,1772337568,f9a47c65cb8f8e333428c5ae315139880582e8f62beef1f4bca0c8b9a07dd45a,250,22.73,6.84,1,13,7,0.022970,0.588770,pow,pow(difficulty=28_work_amount=268435456),12.77,163,3
33,4,0xb2a7fe70a6f3137d38f6cb4c3ec6dd1e24f2d5f4,6.422558,1772337572,e9a87abb1e8ac0dc6c39dd4828c70aed6b6b21b5201ebf02329a397f2c5b8928,250,41.67,8.62,1,13,9,0.022970,0.588784,pow,pow(difficulty=28_work_amount=268435456),7.98,164,3
34,0,0xc577329e86aaecb006f17fb90499c54671119935,0.313832,1772337577,704d23b754896767d3a15f9179cee7f677294ca9f4480ed185edf97b7fa10870,250,62.50,5.47,1,12,5,0.022942,0.589016,pow,pow(difficulty=27_work_amount=134217728),5.26,165,3
34,1,0xac768e60b9269babb15cb1e36ee843243d7c7543,4.713078,1772337582,b9159c4fe825f41e7785e6c5704e876e5fa28bbeb1b954985b1cb0f53da09f69,250,62.50,6.48,1,12,6,0.022788,0.585736,pow,pow(difficulty=27_work_amount=134217728),4.05,166,3
34,2,0x269cdf52f97e1d9f14b7be895155a7b294f0b21d,2.724063,1772337587,3907eb64870f9b0004816be5d7f5c2ad7b4f90006dda0cd05df7cde94e8c6ac2,250,41.67,6.04,1,12,6,0.022788,0.585749,pow,pow(difficulty=27_work_amount=134217728),6.24,167,3
34,3,0xe478b1e4d1538274c0c70cbd7df877f9abab2f62,6.299696,1772337589,0e03c5949f6bb677146fe7992d741614cb6fbb6505a20b53afde79f0036f1284,250,62.50,6.19,1,11,6,0.022690,0.585205,pow,pow(difficulty=27_work_amount=134217728),4.16,168,3
34,4,0xbc3f8508d26048f2064aa8c068f4c94d08d77d18,4.062979,1772337591,a7de9f42d939d109e3f8d6386fc04ae3779f3ef145071a70e886e8eea8615d2e,196,98.00,5.94,1,12,6,0.022719,0.585872,pow,pow(difficulty=27_work_amount=134217728),2.66,169,3
35,0,0xc24b36dee27726233c3bbd9e1f028f98b6b2a424,2.405709,1772337600,be16263c1cb2bbb61d27962d6bef40b251d3da3d90d3ae52792e67ac53e1c85c,171,85.50,6.44,1,11,6,0.022680,0.585790,pow,pow(difficulty=28_work_amount=268435456),2.42,170,3
35,1,0xe6ebb0cdfd04183d498964e5efc4096ba77b17d6,8.292583,1772337602,f3b3095dea8736acfb0def77b823e7088d685dec2bb4ce2c6af205c23dff6051,250,25.00,7.03,1,12,7,0.022681,0.585813,pow,pow(difficulty=28_work_amount=268435456),10.18,171,3
35,2,0x53be6e527cc5a7d850b5eae27b9cef342e0665f2,0.034356,1772337624,63e3f1304ecaf8fdb1d5ab8cca3cc3acae8f452de87213c7164075ae84f1b875,130,65.00,6.89,2,14,7,0.022677,0.586025,pow,pow(difficulty=27_work_amount=134217728),5.38,172,3
35,3,0xeb82a21cb3d0dd781eb22ad74bb7cd9b4d2a06ec,6.921785,1772337632,e9d0fa342a698a93bb52bcd75e0f0cd2edc10e46305c39b207dcad7c665a3cae,250,11.90,8.13,1,13,9,0.022522,0.582344,pow,pow(difficulty=27_work_amount=134217728),21.45,173,3
35,4,0x5cd626f4b83428b146919d30f4b3e481d259a9dc,1.068843,1772337633,0d42fb8cd75c8136668c38284e627baff2b2413a1f14361f942dcc5580cf652c,250,27.78,7.51,1,14,7,0.022566,0.583261,pow,pow(difficulty=27_work_amount=134217728),14.42,174,3
36,0,0x719361397abe003a91af76243e5f9c7a0cd4279f,9.550206,1772337636,166bd47b407c90b31cc0ccf765975238717a95e079cabe887eb7e3585fece7c3,30,30.00,6.67,2,10,8,0.022441,0.581283,pow,pow(difficulty=26_work_amount=67108864),6.37,175,3
36,1,0xb2a7fe70a6f3137d38f6cb4c3ec6dd1e24f2d5f4,7.424388,1772337638,425732fdbf140d0c39677342fcd86a0366e9889c9ad269f3b344a324293854fb,223,74.33,5.76,1,12,6,0.022558,0.582679,pow,pow(difficulty=26_work_amount=67108864),2.14,176,3
36,2,0x26d553a2f4343b3a7dc88bbd87b3d0a25d3838d9,12.228560,1772337640,865cfcd07c1d4c918aabcb8eb161e17441a4033ebc871fb0ca6dcc00a46b3016,70,35.00,6.63,2,11,7,0.022612,0.583649,pow,pow(difficulty=26_work_amount=67108864),2.71,177,3
36,3,0xc24b36dee27726233c3bbd9e1f028f98b6b2a424,3.407679,1772337643,1c88c1550ac05924689461174640d47c56ea7b5722079e2082823f476dc11dc6,188,94.00,6.21,1,10,7,0.022800,0.585176,pow,pow(difficulty=26_work_amount=67108864),2.31,178,3
36,4,0x95ab54d268473cce82094026afefdbd5cadf418b,0.591168,1772337644,da33ee468dcd5c6ab6ffca7b7ebe57cad2b58fdc2fac4b4e18176c4431afd9b5,250,83.33,7.06,1,12,7,0.022739,0.584598,pow,pow(difficulty=26_work_amount=67108864),3.04,179,3
37,0,0x9ba702916c26a8583a7f277d6932b3c0d9927ce0,0.190017,1772337647,f6eb6353c51ad400a31f1a25c91aff71336e2d56dd816de23a6738f8c02d5bf3,64,64.00,6.31,2,13,6,0.022601,0.581807,pow,pow(difficulty=27_work_amount=134217728),2.11,180,3
37,1,0x28672c71695142588ed26ada6f4b18b8b6c12308,0.684138,1772337648,5441d8d1f08a2ace914aa590b1be39e24eb9499034662cdaa66ce966b0585959,196,65.33,5.93,2,12,6,0.022453,0.578362,pow,pow(difficulty=27_work_amount=134217728),2.46,181,3
37,2,0xe6ebb0cdfd04183d498964e5efc4096ba77b17d6,9.293453,1772337651,6364f474028d16d51fdaf657d98f2ce5e49dc7f047541fc5818322304ca1cd78,157,78.50,6.48,1,11,7,0.022320,0.575662,pow,pow(difficulty=27_work_amount=134217728),2.45,182,3
37,3,0xa447d277b02012c2afd9ddcbbe123f27cc971963,3.804685,1772337652,1be692d5012d8b45c9e38075071080387c00b78d17e9d66e928b7e4f66b0509b,223,111.50,7.11,1,14,7,0.022420,0.576953,pow,pow(difficulty=27_work_amount=134217728),2.48,183,3
37,4,0xb990cdf21950e6086c350175c4bc504e45858230,0.114338,1772337655,34342a40062492b620bf412457a7413b97a4b2e01466708b90f14da1afa0ab34,87,43.50,5.76,1,12,6,0.022372,0.576634,pow,pow(difficulty=27_work_amount=134217728),2.80,184,3
38,0,0x4414c05be2cf328f38d2e3ef4b705d6b894f044a,9.094869,1772337656,e751aa1fd536b2f4753fcc91916cbc7035b1b4cdd3b04c447c848848d2de90b3,228,76.00,6.50,1,12,6,0.022372,0.576641,pow,pow(difficulty=28_work_amount=268435456),3.03,185,3
38,1,0x8c11ec9090dd820c076e57e899d9c604c79d6b32,2.560639,1772337691,e751aa1fd536b2f4753fcc91916cbc7035b1b4cdd3b04c447c848848d2de90b3,228,76.00,6.50,1,12,6,0.022228,0.573133,pow,pow(difficulty=28_work_amount=268435456),3.03,185,3
38,2,0xeb82a21cb3d0dd781eb22ad74bb7cd9b4d2a06ec,7.923595,1772337695,a7b1106f74dda96f7471fbe300108aa3ed2f1003e734ce58a37ed6a510ea4482,250,6.94,7.04,2,13,7,0.022148,0.572269,pow,pow(difficulty=28_work_amount=268435456),35.97,186,3
38,3,0x63f4973c0df8a5358405f396dc0673a463c48de9,10.906817,1772337697,40b64a05fb74739635e0c2602975bb91f4621c569116cba55ba516f409d9b5cf,250,62.50,7.56,1,16,7,0.022209,0.573260,pow,pow(difficulty=28_work_amount=268435456),14.32,187,3
38,4,0x30509a8084fdfe6fe24d9c9a817c209ad194f8e3,6.652769,1772337699,7d8c53a43161fd5a41c16f2fa91ad9ad289c0ab2548bddffa89014fae1e6bf3e,78,78.00,5.15,1,10,5,0.022346,0.574695,pow,pow(difficulty=28_work_amount=268435456),2.17,188,3
39,0,0xe6ebb0cdfd04183d498964e5efc4096ba77b17d6,10.295033,1772337703,12cf444318921063215c5a06fe15eeb380074411f958abe8f8b74a2666b3630c,167,83.50,6.80,1,11,7,0.022370,0.575391,pow,pow(difficulty=29_work_amount=536870912),2.13,189,3
39,1,0xf6e059718dbd0a0956726ab97d06bad5efc6cd18,3.010547,1772337705,82b472746f2220f4835ad11d7d7134bb77ad2b4236140021008b8d98a7173099,250,50.00,7.04,1,14,7,0.022488,0.576725,pow,pow(difficulty=29_work_amount=536870912),5.00,190,3
39,2,0xc4dc29db975b952e04358340e56b68fa4ba63fbc,1.537931,1772337711,61b88b0d8e7cd7e0f1fc01e3fe5dbf7272b0e9884563224f3c74fcb01bfc1156,61,61.00,7.74,1,15,7,0.022417,0.575922,pow,pow(difficulty=29_work_amount=536870912),2.69,191,3
39,3,0x63f4973c0df8a5358405f396dc0673a463c48de9,11.907437,1772337714,f546cda998212c26e4b9f3248da2e77907cb1cd38842b6ab5ec61fdea2f85fde,250,35.71,7.10,1,12,7,0.022310,0.574481,pow,pow(difficulty=29_work_amount=536870912),6.82,192,3
39,4,0xe478b1e4d1538274c0c70cbd7df877f9abab2f62,7.300556,1772337726,bc49f0c2b4f4f45712e88771ee39746261540f81b66e6657b5bd68b52f3abe55,140,70.00,5.74,1,11,5,0.022463,0.575887,pow,pow(difficulty=29_work_amount=536870912),2.96,193,3
40,0,0xa068e3c9a21c8d8be636cd2d285895979ec3262e,1.962621,1772337728,58a533a5a8b05b21fd1c4a30010f7417a6f9de5986d63aa1f71c1870be4d86e0,250,20.83,6.29,1,13,6,0.022500,0.576708,pow,pow(difficulty=28_work_amount=268435456),11.96,194,3
40,1,0xa447d277b02012c2afd9ddcbbe123f27cc971963,4.804605,1772337762,58a533a5a8b05b21fd1c4a30010f7417a6f9de5986d63aa1f71c1870be4d86e0,250,20.83,6.29,1,13,6,0.022503,0.576779,pow,pow(difficulty=28_work_amount=268435456),11.96,194,3
40,2,0xdcf2130496e27a8094ab996aea4aa77788d65869,9.505727,1772337765,b62060af1b86b045e2942f8260e95f6ebbb873bd50363c2e063af4ee236a91f4,250,6.94,5.92,1,12,6,0.022477,0.576965,pow,pow(difficulty=28_work_amount=268435456),36.39,195,3
40,3,0x4a217e35f6402e7f62a49f6d62e27c6585c2f3fd,2.483667,1772337807,b62060af1b86b045e2942f8260e95f6ebbb873bd50363c2e063af4ee236a91f4,250,6.94,5.92,1,12,6,0.022480,0.577034,pow,pow(difficulty=28_work_amount=268435456),36.39,195,3
40,4,0x4ba33404d90c4ae989714d9d174cd882cffb7994,1.109652,1772337812,b087ef371dd4817c143f60ee5632cbe517904bc26f8126ca05bebad6be3c180b,250,5.43,9.27,1,15,10,0.022481,0.577058,pow,pow(difficulty=28_work_amount=268435456),56.22,196,3
41,0,0x81193196c1dbdbf80709d43a5af5ce21c201fbd7,3.834639,1772337813,dd5d6661ccf38e85c48a7a3047eb77d15297917097cd881d14a3e1f1aa83e073,250,62.50,8.81,1,14,10,0.022397,0.576092,pow,pow(difficulty=27_work_amount=134217728),8.84,197,3
41,1,0xc4dc29db975b952e04358340e56b68fa4ba63fbc,2.539371,1772337821,0c77515cd49b8fe003af32338a197a35d3398ea80715a2fa1292ccba9c731c95,75,75.00,6.89,1,14,7,0.022347,0.575731,pow,pow(difficulty=27_work_amount=134217728),2.83,198,3
41,2,0x89100a8056319ba37491b32ba255004180607bc2,4.781707,1772337828,6ef4a2bf327394a98602a385ea257a51d64adb0676289d6f314e180415f675e2,250,27.78,7.32,1,12,8,0.022266,0.574728,pow,pow(difficulty=27_work_amount=134217728),8.24,199,3
41,3,0x63f4973c0df8a5358405f396dc0673a463c48de9,12.907627,1772337830,089c53d19e72454bd94560e3c7866989ed670c5827c2cbcc350de5c61948511e,250,35.71,6.52,1,13,6,0.022239,0.574848,pow,pow(difficulty=27_work_amount=134217728),8.19,200,3
41,4,0x30509a8084fdfe6fe24d9c9a817c209ad194f8e3,7.653319,1772337834,6af24506875dd5b5dddfb2af6c8a5fc5edbf21c2f11d9d7d5914362048eb32bc,178,89.00,5.50,1,11,5,0.022239,0.574852,pow,pow(difficulty=27_work_amount=134217728),4.42,201,3
42,0,0x89100a8056319ba37491b32ba255004180607bc2,5.784067,1772337836,7711ca0dbaece5547774869cf42db797dc71f6a3fd6fd28b3aae1f903fab1d4b,250,62.50,7.49,1,12,8,0.022407,0.576275,pow,pow(difficulty=26_work_amount=67108864),4.08,202,3
42,1,0x07902d0371763a00d97ed9ba16ff0a206cb0fd19,6.532189,1772337838,8ef5d8b4f3d94cea782b141a045493c64d03ed1e4698ddaa68be52f5e92c6fea,66,66.00,6.32,1,13,6,0.022440,0.577434,pow,pow(difficulty=26_work_amount=67108864),2.83,203,3
42,2,0x49b57eb4dace37c8819daf079c9c674f766d4f38,4.228190,1772337840,cf3596d364f942039caa0172a6556220a9324d11c7aee10520417f5db89da41a,244,81.33,6.36,1,13,6,0.022441,0.577438,pow,pow(difficulty=26_work_amount=67108864),3.27,204,3
42,3,0xc24b36dee27726233c3bbd9e1f028f98b6b2a424,4.408389,1772337844,76046c79e61222fbb301be92fdf3dc5838d1902f2dd98cfd5631ae31194e1f2d,71,71.00,8.23,1,14,9,0.022398,0.577271,pow,pow(difficulty=26_work_amount=67108864),2.68,205,3
42,4,0x95ab54d268473cce82094026afefdbd5cadf418b,1.589898,1772337845,1c87049bd0cf460708683f47be0467812dded3832ef455c180c16927805f60ff,250,50.00,6.96,1,12,7,0.022399,0.577279,pow,pow(difficulty=26_work_amount=67108864),4.94,206,3
43,0,0x6064b9f5883bf9737dfe314ff68c56e09e68ac89,6.190309,1772337849,9702111aaf15f93cd39a0b55ccb0b823b18d79558b63a9d7c2f55a23ecb3ae84,35,35.00,8.09,2,13,7,0.022295,0.575851,pow,pow(difficulty=27_work_amount=134217728),3.20,207,3
43,1,0x81193196c1dbdbf80709d43a5af5ce21c201fbd7,4.835089,1772337851,607c68c18b63f419c80afb0f0d512c8354bef87637bbefa182e542d7cc827f68,250,50.00,7.23,1,11,8,0.022298,0.576270,pow,pow(difficulty=27_work_amount=134217728),4.12,208,3
43,2,0x81193196c1dbdbf80709d43a5af5ce21c201fbd7,5.836079,1772337853,448283d25fd8f6c9721cb6b51fcb778dec730eca8986f8a1ba15a701187ba855,101,101.00,6.36,2,14,6,0.022270,0.576299,pow,pow(difficulty=27_work_amount=134217728),2.73,209,3
43,3,0x8c11ec9090dd820c076e57e899d9c604c79d6b32,3.561269,1772337857,954641a6b1453715c55b4897fadf7a27027d518e448503e6879d4faf4f22e427,219,73.00,7.31,1,14,7,0.022270,0.576303,pow,pow(difficulty=27_work_amount=134217728),2.79,210,3
43,4,0x9bdb1c7ad4bd8fe797b07c08117c74a591dbab2d,1.440962,1772337858,db933ef307dcad596247e4d1b6b5b04dc6dd21d579965c5a206da6e5ef82fb7f,250,62.50,6.60,1,13,6,0.022265,0.576584,pow,pow(difficulty=27_work_amount=134217728),4.22,211,3
44,0,0xc774b0fee7cabbef3b1ae14bf36db3df0d32c1df,4.169047,1772337865,4e7b046670b1366a6629932ac8a70c8a5bc71e25d6ca2391f12a1c116273ef86,75,75.00,7.09,3,13,7,0.022159,0.575014,pow,pow(difficulty=28_work_amount=268435456),2.83,212,3
44,1,0x95ab54d268473cce82094026afefdbd5cadf418b,2.589978,1772337877,b77b7904de0ec7c23e925432a7494e12d5f1f884e02c6a75a513fb6f7abc1985,250,35.71,6.65,1,12,7,0.022160,0.575027,pow,pow(difficulty=28_work_amount=268435456),6.07,213,3
44,2,0x719361397abe003a91af76243e5f9c7a0cd4279f,10.550076,1772337880,61bb202d77959b96f3573037669f9200699b958586a3f188743610e07375a558,250,19.23,6.53,1,13,6,0.022117,0.574767,pow,pow(difficulty=28_work_amount=268435456),12.70,214,3
44,3,0x49b57eb4dace37c8819daf079c9c674f766d4f38,5.228470,1772337885,f53e073c74ecbed7147063f6ea3fb4bdf0466358dfce69b01c1ee5232bfa3e3f,237,79.00,6.11,1,13,6,0.022137,0.574954,pow,pow(difficulty=28_work_amount=268435456),6.25,215,3
44,4,0xc24b36dee27726233c3bbd9e1f028f98b6b2a424,4.407979,1772337887,f719fface28ab73929f26326834dfdabc644faecc22bac7f347f88e43cbc4f7b,250,50.00,9.15,1,15,10,0.022117,0.575049,pow,pow(difficulty=28_work_amount=268435456),4.70,216,3
45,0,0x606627477c3734932f47972f83c27cf4e3b35b4f,7.376227,1772337890,fa74d122859826084940b0ca7cc1e78976597ba895fb727dce5d8808f327e45a,87,87.00,7.20,1,12,7,0.022079,0.574823,pow,pow(difficulty=27_work_amount=134217728),3.76,217,3
45,1,0x34412315480562da4810040fd15c81f99880e1ab,3.892973,1772337892,4893baf29611045d8f792c287a8b85d467ee0af39c4309c787e50b7f2a7fde52,250,83.33,6.48,1,11,7,0.022079,0.574827,pow,pow(difficulty=27_work_amount=134217728),3.01,218,3
45,2,0x719361397abe003a91af76243e5f9c7a0cd4279f,11.552276,1772337893,e2666fe0e8c8daca2a05f76242ecf053df13a869dacaecb79f97f89599539737,139,69.50,7.10,1,13,7,0.022029,0.574336,pow,pow(difficulty=27_work_amount=134217728),2.16,219,3
45,3,0xc24b36dee27726233c3bbd9e1f028f98b6b2a424,5.408769,1772337896,07bbf0cc280bede8d00736428c3b57d9848214430776ed63d9c79f8a5ebcefd3,132,132.00,5.01,2,9,5,0.022145,0.575576,pow,pow(difficulty=27_work_amount=134217728),1.64,220,3
45,4,0x3513d672439a59c26cc5711f2b715ccb4810a774,4.287925,1772337898,15b4bfdc298419029b6c8bbb17f341b1f253c7260af8e4b36fc48b1bff86de17,235,78.33,7.31,1,12,7,0.022127,0.575643,pow,pow(difficulty=27_work_amount=134217728),2.72,221,3
46,0,0x8c11ec9090dd820c076e57e899d9c604c79d6b32,3.560889,1772337909,5d56eb5a308c502105b3ee7720f90f259a5ebb91264fdc6af106bd4028b32d79,195,65.00,8.28,1,13,9,0.022128,0.575648,pow,pow(difficulty=28_work_amount=268435456),3.11,222,3
46,1,0x3513d672439a59c26cc5711f2b715ccb4810a774,5.289745,1772337920,46c06a910d308888a39c6fce37ac68ad01ffa1ef3b35c8625dde095c200b6998,250,22.73,6.54,1,13,6,0.022029,0.574605,pow,pow(difficulty=28_work_amount=268435456),11.49,223,3
46,2,0x3513d672439a59c26cc5711f2b715ccb4810a774,6.292155,1772337926,b381d945c083f7642b6bdadff8a185e08434e19987abd66401af3b555c00f58d,250,22.73,8.83,1,13,9,0.022009,0.574595,pow,pow(difficulty=28_work_amount=268435456),13.69,224,3
46,3,0x81193196c1dbdbf80709d43a5af5ce21c201fbd7,6.837689,1772337940,12664cae85a31cfc5b0e7d4c22db75d8a8ad382cc926e6d0ccd2e0e22d1c06ff,250,50.00,8.96,1,13,9,0.022009,0.574929,pow,pow(difficulty=28_work_amount=268435456),8.14,225,3
46,4,0x58a21eeb7ab18ba8adf1296e66a4487076e95dac,7.087054,1772337943,718411820c1f8b5773431ad53220e608d26b49a326534344bed16e9fe261a39e,250,17.86,7.10,1,14,7,0.022021,0.575468,pow,pow(difficulty=28_work_amount=268435456),13.14,226,3
47,0,0xeb82a21cb3d0dd781eb22ad74bb7cd9b4d2a06ec,8.923615,1772337944,3d50e80196465df6e704ebceb641dca3e0c05b34f39b6c4490ec37dd264d798b,211,52.75,7.33,1,12,8,0.022021,0.575477,pow,pow(difficulty=27_work_amount=134217728),7.16,227,3
47,1,0xc24b36dee27726233c3bbd9e1f028f98b6b2a424,6.410559,1772337954,9aee8b99faab6ae3932c2667dcc1307c9f8afbe6c8fdbea1838e40781a36235d,110,110.00,6.44,1,14,7,0.022075,0.576509,pow,pow(difficulty=27_work_amount=134217728),1.76,228,3
47,2,0xeb82a21cb3d0dd781eb22ad74bb7cd9b4d2a06ec,9.924605,1772337958,c2ba512d5ea81939109b49b2e8dd2d9e26c039dc309199b6021b041d51bb2996,250,22.73,7.30,1,12,7,0.022076,0.576803,pow,pow(difficulty=27_work_amount=134217728),10.18,229,3
47,3,0x1796dc61e715f15a2d27dfa32bd34780f12a8c24,4.720291,1772337959,2ee254fc8f0f72a2dfcb72ba3b6f6cbc14a745740051ab0713f7c190ac4e8df8,250,62.50,7.64,1,14,7,0.022076,0.576810,pow,pow(difficulty=27_work_amount=134217728),5.53,230,3
47,4,0x13f9dadc05f6c237b03411e2aed1800cf21a5d89,2.269612,1772337962,d77f959ce206009b44d7015bac2efa2c6f220ac7fad9e05d9dd3839944f4249f,100,100.00,6.49,1,12,6,0.022042,0.576534,pow,pow(difficulty=27_work_amount=134217728),1.86,231,3
48,0,0xdcf2130496e27a8094ab996aea4aa77788d65869,9.503877,1772337964,ec4f1f1bf0bdd42a8a82a421393dd19e209d15d442f0fdd399aadb6fdaba718b,166,55.33,5.85,1,12,6,0.021958,0.575422,pow,pow(difficulty=26_work_amount=67108864),2.39,232,3
48,1,0xe478b1e4d1538274c0c70cbd7df877f9abab2f62,8.300336,1772337998,ec4f1f1bf0bdd42a8a82a421393dd19e209d15d442f0fdd399aadb6fdaba718b,166,55.33,5.85,1,12,6,0.021961,0.575484,pow,pow(difficulty=26_work_amount=67108864),2.39,232,3
48,2,0x4a217e35f6402e7f62a49f6d62e27c6585c2f3fd,3.483917,1772338000,876dc4e4f5c37042c85229489683c1811d86eacf9af018bf966a9db1e30f104a,250,6.94,6.48,2,12,6,0.021999,0.576316,pow,pow(difficulty=26_work_amount=67108864),36.13,233,3
48,3,0x60705151f1f537cacd5b801f3ef1b31dc3f605de,1.295854,1772338001,6e7538fa7084013523543b13897785ff02b93c97bc90ad42525879210f058f83,65,32.50,8.89,1,14,11,0.021940,0.575559,pow,pow(difficulty=26_work_amount=67108864),24.22,234,3
48,4,0x95ab54d268473cce82094026afefdbd5cadf418b,3.591318,1772338006,d7bd048411878f257d4651f28af1bd362324907dee348588a08fabf73e46774b,137,68.50,5.97,1,11,6,0.021837,0.573927,pow,pow(difficulty=26_work_amount=67108864),2.47,235,3
49,0,0xe478b1e4d1538274c0c70cbd7df877f9abab2f62,9.302706,1772338009,375b7159551c13fdd0edb982753b2fb8e3beef0f08323b4164717d0b0c8b4943,250,50.00,6.58,1,13,6,0.021781,0.573167,pow,pow(difficulty=27_work_amount=134217728),5.64,236,3
49,1,0x4ba33404d90c4ae989714d9d174cd882cffb7994,1.107812,1772338010,b6b89e7a6db91ba5b8255cadb9084e7f9cda9673968414b6973f7de977ed7313,208,69.33,6.07,1,12,6,0.021781,0.573172,pow,pow(difficulty=27_work_amount=134217728),4.03,237,3
49,2,0x269cdf52f97e1d9f14b7be895155a7b294f0b21d,3.722523,1772338013,a4bc6ff173d18263d62d4771a78610f115dc7b82c6bbafa6d4b81f69afaecb22,41,41.00,5.00,1,12,5,0.021677,0.571324,pow,pow(difficulty=27_work_amount=134217728),1.59,238,3
49,3,0xbc3f8508d26048f2064aa8c068f4c94d08d77d18,5.060729,1772338015,db3aa8e342ac31053ed0c17e1323687e2e9f910a18e267a6b8ebe716648d9402,250,62.50,5.53,1,11,6,0.021624,0.570568,pow,pow(difficulty=27_work_amount=134217728),4.08,239,3
49,4,0x719361397abe003a91af76243e5f9c7a0cd4279f,12.552366,1772338017,c47651e1083a4946562e2999e5d8d8f1e21ee17aabda209388e5a74127c33da9,108,54.00,6.27,2,11,6,0.021598,0.570399,pow,pow(difficulty=27_work_amount=134217728),2.81,240,3
50,0,0x4a217e35f6402e7f62a49f6d62e27c6585c2f3fd,4.484347,1772338020,3f3724d43b071084f9b77a9343c61a38ba337251317704afe4b13024744202b9,159,79.50,6.27,2,12,6,0.021715,0.571602,pow,pow(difficulty=28_work_amount=268435456),2.58,241,3
50,1,0x4ba33404d90c4ae989714d9d174cd882cffb7994,2.108112,1772338027,003b0ae17776dbf0bdadb8b987d32dd405c8d4e6bc50fe2e36a7edad91d87d1d,227,75.67,8.99,1,15,10,0.021677,0.571175,pow,pow(difficulty=28_work_amount=268435456),3.36,242,3
50,2,0x26d553a2f4343b3a7dc88bbd87b3d0a25d3838d9,13.226880,1772338036,01c46377b68ee1b84e648651decd7e895002fce902a4e5b9400098979ca83a13,250,35.71,9.34,1,14,10,0.021593,0.570004,pow,pow(difficulty=28_work_amount=268435456),7.27,243,3
50,3,0xa3786e459f289a76c0e8af8ad834e3d0c6d47199,8.724503,1772338037,fc6cbfa25f643dec0f8855baf074cb8e9b435c5212da180b01dcfbfecb45d728,250,27.78,6.65,1,11,7,0.021721,0.571253,pow,pow(difficulty=28_work_amount=268435456),9.11,244,3
50,4,0xe478b1e4d1538274c0c70cbd7df877f9abab2f62,9.302396,1772338040,f27b88c27dcbbf60f62b93245ca65fdf139bf17b99879a78cdf129f485e8c180,83,83.00,6.57,2,13,6,0.021762,0.572128,pow,pow(difficulty=28_work_amount=268435456),7.82,245,3
51,0,0x07902d0371763a00d97ed9ba16ff0a206cb0fd19,6.530279,1772338042,ad0b7695bb76cf8f513c623da744146c42de93e6961dcf34ca2e5ce0cef52103,250,83.33,6.02,1,12,6,0.021762,0.572132,pow,pow(difficulty=27_work_amount=134217728),3.05,246,3
51,1,0x408bb0bf84df50b21c53c74420987f172d4036a1,2.789994,1772338044,5cca7af06043579939e97bee70bdf355da099d2d0c7e0524b122a8c7f0e827a1,45,45.00,7.18,1,14,6,0.021761,0.572409,pow,pow(difficulty=27_work_amount=134217728),2.29,247,3
51,2,0xdc2bc9a639e2bc25c5f57e628a7cd55f6a3d023b,0.089576,1772338047,7aa2eaba00a80652021c05492dd5a8216c7b92a07e403117ee805158f9ff0a27,153,76.50,8.81,1,15,10,0.021689,0.571396,pow,pow(difficulty=27_work_amount=134217728),2.53,248,3
51,3,0x016d3fc36beee7caa8fbd6c1caa42461dd7f9850,4.876199,1772338048,e5890244af19e1b2c3a386922cccb06154310b7a522e0a3749f949c9118202a3,250,62.50,5.94,2,11,6,0.021569,0.568347,pow,pow(difficulty=27_work_amount=134217728),4.40,249,3
51,4,0xc577329e86aaecb006f17fb90499c54671119935,1.311322,1772338054,eb2fa76f97b866ca6b06ad83e6fa43e786f56b9f5983ce0701bf62d1601e08d7,64,64.00,6.44,1,12,7,0.021537,0.568035,pow,pow(difficulty=27_work_amount=134217728),2.88,250,3
52,0,0xa9105f442328d397529b8e4e9e656fa89016ff45,1.461934,1772338057,5af603558f183a08490af79076f01ff8e3f24e7a24158d728cda223362802d3e,250,35.71,6.45,1,12,7,0.021537,0.568044,pow,pow(difficulty=28_work_amount=268435456),6.04,251,3
52,1,0x7e40df5d801345015e84c843908efc6683665fa4,2.650689,1772338068,50bf3845c9985cf80ff601a7ce92f70d56e8282441967e914d2c20fe87aa641e,202,67.33,5.74,1,12,6,0.021441,0.566395,pow,pow(difficulty=28_work_amount=268435456),3.66,252,3
52,2,0x4414c05be2cf328f38d2e3ef4b705d6b894f044a,9.090699,1772338070,a30ef147c1355e083cd3868af231dc3eb0b0c521e3dcdda18ad04c3ce59bcc7e,250,25.00,7.29,1,13,7,0.021276,0.563751,pow,pow(difficulty=28_work_amount=268435456),10.38,253,3
52,3,0x6064b9f5883bf9737dfe314ff68c56e09e68ac89,7.190279,1772338105,a30ef147c1355e083cd3868af231dc3eb0b0c521e3dcdda18ad04c3ce59bcc7e,250,25.00,7.29,1,13,7,0.021279,0.563808,pow,pow(difficulty=28_work_amount=268435456),10.38,253,3
52,4,0xdcf2130496e27a8094ab996aea4aa77788d65869,9.502477,1772338109,0ffe69f2dc83f945ea440976fd7395c1f04d52323b225a24a36698ccd597fe53,250,6.58,7.00,1,11,7,0.021290,0.564344,pow,pow(difficulty=28_work_amount=268435456),39.50,254,3
53,0,0xe478b1e4d1538274c0c70cbd7df877f9abab2f62,9.301406,1772338143,0ffe69f2dc83f945ea440976fd7395c1f04d52323b225a24a36698ccd597fe53,250,6.58,7.00,1,11,7,0.021292,0.564405,pow,pow(difficulty=27_work_amount=134217728),39.50,254,3
53,1,0xa9105f442328d397529b8e4e9e656fa89016ff45,2.463044,1772338145,f05c38e0eda58b6e29846456795a5e2c6e41f5a37473755e89d5bf8dbe847ee2,250,6.58,5.99,1,12,6,0.021340,0.565368,pow,pow(difficulty=27_work_amount=134217728),43.01,255,3
53,2,0xaadc5fea232580cb8fba739ac5d05a48559c7e52,4.349953,1772338148,536e5175f25a14ea4593c8b4350fa76edc4298960b7e6193d423b514a55869e8,79,79.00,6.13,1,12,6,0.021266,0.564227,pow,pow(difficulty=27_work_amount=134217728),36.30,256,3
53,3,0xeb82a21cb3d0dd781eb22ad74bb7cd9b4d2a06ec,9.922615,1772338158,29c77235654389e148521662f65fa48950dce52012e452d27ff2c71d7c480f7d,250,83.33,6.40,1,13,6,0.021225,0.563697,pow,pow(difficulty=27_work_amount=134217728),3.12,257,3
53,4,0x0d91704595bff3aec25d40822498a51c62b05e3a,1.560986,1772338160,ceb254ea9be49b1d072bc4c9cb75c85494ffb9f1c24a5b3b7ae4b8ef0ddbe99c,250,22.73,7.96,1,14,8,0.021283,0.564719,pow,pow(difficulty=27_work_amount=134217728),10.35,258,3
54,0,0xa9105f442328d397529b8e4e9e656fa89016ff45,3.463724,1772338162,664cba91e649c9cb7c6cbbfbde3c42c5aa0557425234b0599383285dcd05ee15,63,63.00,5.10,1,12,5,0.021194,0.563174,pow,pow(difficulty=26_work_amount=67108864),5.86,259,3
54,1,0xdcf2130496e27a8094ab996aea4aa77788d65869,9.502027,1772338166,7737cda83c5e8b12e530e836b25b39adceb6704c0a396a71fa26c860a776aa0b,250,83.33,5.88,1,12,6,0.021138,0.562309,pow,pow(difficulty=26_work_amount=67108864),2.98,260,3
54,2,0x89100a8056319ba37491b32ba255004180607bc2,6.780997,1772338199,7737cda83c5e8b12e530e836b25b39adceb6704c0a396a71fa26c860a776aa0b,250,83.33,5.88,1,12,6,0.021140,0.562370,pow,pow(difficulty=26_work_amount=67108864),2.98,260,3
54,3,0xbc3f8508d26048f2064aa8c068f4c94d08d77d18,6.060099,1772338201,34f1c1dfc92ba0a8966bccff06476716a6c1cc7b69289a2b2e4299117e86823f,250,6.94,6.42,1,13,6,0.021142,0.562691,pow,pow(difficulty=26_work_amount=67108864),35.66,261,3
54,4,0x49b57eb4dace37c8819daf079c9c674f766d4f38,6.227840,1772338206,c4b5b4f428f2088578b01c3d726dcb47f36e8dcff75936294142d0d10a5ac6d0,196,65.33,6.23,1,11,6,0.021130,0.562769,pow,pow(difficulty=26_work_amount=67108864),18.71,262,3
55,0,0xaadc5fea232580cb8fba739ac5d05a48559c7e52,5.351733,1772338207,2f944cc3841fa3909b3cb992276f906b4080991493d13590949e7926d037d9ad,250,50.00,8.92,1,15,10,0.021122,0.562829,pow,pow(difficulty=25_work_amount=33554432),5.32,263,3
55,1,0xa9105f442328d397529b8e4e9e656fa89016ff45,4.465714,1772338210,e6d19901b7b0e8bb8542f2b9e027d9cdce071ea44b26c5787c40dce7d8e46c7d,68,68.00,6.34,1,13,6,0.021098,0.562672,pow,pow(difficulty=25_work_amount=33554432),3.87,264,3
55,2,0xfb35fdafcfc84561a42700a4a1c274edeb75bdc1,0.049424,1772338211,19b64328ebea5d5512e67963d21f1938cd15232243f3374035c34e5cc56ceeae,221,73.67,5.76,1,12,6,0.021060,0.562138,pow,pow(difficulty=25_work_amount=33554432),2.39,265,3
55,3,0x6064b9f5883bf9737dfe314ff68c56e09e68ac89,8.191619,1772338215,8d573bf0835b8ff2dc50c60d367d4d80effb01ef3bbeb1e733ba5abe8e855fec,154,77.00,7.06,1,14,7,0.020947,0.559158,pow,pow(difficulty=25_work_amount=33554432),2.49,266,3
55,4,0xe478b1e4d1538274c0c70cbd7df877f9abab2f62,10.303166,1772338217,331d6ad97e6b91a651e8cb4cd66be8f3bc90cf96e1bcf0eff163ac66e8cf913e,250,62.50,7.02,1,11,7,0.020948,0.559163,pow,pow(difficulty=25_work_amount=33554432),4.34,267,3
56,0,0xe6ebb0cdfd04183d498964e5efc4096ba77b17d6,11.291883,1772338218,dbefed50a9f8bcc228711f27657b6a789f1436623ecac9b272c197f03cbc5153,95,95.00,5.27,1,12,5,0.021007,0.560142,pow,pow(difficulty=26_work_amount=67108864),2.76,268,3
56,1,0x58a21eeb7ab18ba8adf1296e66a4487076e95dac,7.084544,1772338221,b2426bf0e8e46ecc01b768f1c32bfe97a73b6deb0743fec190ba5b7b1f1368cf,121,60.50,7.52,1,14,7,0.021081,0.561208,pow,pow(difficulty=26_work_amount=67108864),2.45,269,3
56,2,0x719361397abe003a91af76243e5f9c7a0cd4279f,13.551926,1772338225,6aa5a097664611c1e1c9376e08fbee18d8ca4b566d76c6592a2b6a87f5da6506,185,92.50,7.72,1,11,8,0.021085,0.561589,pow,pow(difficulty=26_work_amount=67108864),2.66,270,3
56,3,0xa3786e459f289a76c0e8af8ad834e3d0c6d47199,9.723413,1772338226,dd63c6b7cab48f35af7cbed606b92870245e84adbc481c9362ecb478a488a75f,250,62.50,6.36,1,13,6,0.021194,0.562762,pow,pow(difficulty=26_work_amount=67108864),4.14,271,3
56,4,0xa068e3c9a21c8d8be636cd2d285895979ec3262e,1.957611,1772338231,49d7b57104cbefeee30e1307512da8cbb4844fe97cfa1f70ad04e6be26265202,50,50.00,7.18,1,13,7,0.021240,0.563641,pow,pow(difficulty=26_work_amount=67108864),3.62,272,3
57,0,0x0d91704595bff3aec25d40822498a51c62b05e3a,2.560656,1772338263,49d7b57104cbefeee30e1307512da8cbb4844fe97cfa1f70ad04e6be26265202,50,50.00,7.18,1,13,7,0.021242,0.563697,pow,pow(difficulty=27_work_amount=134217728),3.62,272,3
57,1,0x30509a8084fdfe6fe24d9c9a817c209ad194f8e3,8.651699,1772338266,38662c3bd451443d3cc4781a34dc39a01b048d41fc7faa1f11442bd8cb6f51a2,250,6.58,6.72,1,14,6,0.021242,0.563701,pow,pow(difficulty=27_work_amount=134217728),37.44,273,3
57,2,0xe6ebb0cdfd04183d498964e5efc4096ba77b17d6,12.292633,1772338268,5592d48ca592fc7553f431cf9fc887b0543d635e16fab8cfa4da62b26e29e322,166,83.00,7.66,1,11,8,0.021270,0.564445,pow,pow(difficulty=27_work_amount=134217728),18.34,274,3
57,3,0x8d9e46becf415ca26aa698c9657087e6554aabda,2.379696,1772338270,9c0b13aadc1146474ebee51f5d1ad1c1188d3af949b3f4a8f46400bbfe6002a2,161,80.50,6.86,1,14,7,0.021355,0.565485,pow,pow(difficulty=27_work_amount=134217728),2.43,275,3
57,4,0xaadc5fea232580cb8fba739ac5d05a48559c7e52,6.351773,1772338275,bfc9eef795efedf538011dcdbb302952f8bca47ec7838c39843f506da06bfe79,199,99.50,6.06,1,12,6,0.021280,0.564321,pow,pow(difficulty=27_work_amount=134217728),2.30,276,3
58,0,0xbc3f8508d26048f2064aa8c068f4c94d08d77d18,7.061329,1772338276,0a47a2886621f655ddf521c35448653150f5f41a7371a72b04db006c7de7e1dc,250,41.67,6.66,1,13,6,0.021270,0.564336,pow,pow(difficulty=28_work_amount=268435456),5.48,277,3
58,1,0xac768e60b9269babb15cb1e36ee843243d7c7543,5.708798,1772338286,60e05b57fd18dd276197f543b4ac6216a70e40036d07994193b8fd319397d524,64,64.00,6.66,1,11,7,0.021270,0.564339,pow,pow(difficulty=28_work_amount=268435456),4.80,278,3
58,2,0x28672c71695142588ed26ada6f4b18b8b6c12308,1.679158,1772338294,20abd3c660525448bcbf515e8461e7e915aae01eeb8ea04b7d7b0ae6e1e1da37,250,25.00,6.31,1,12,6,0.021249,0.564519,pow,pow(difficulty=28_work_amount=268435456),10.12,279,3
58,3,0x6064b9f5883bf9737dfe314ff68c56e09e68ac89,8.190779,1772338295,b0f91e5efb40d2d428d2a297f9d875058fa37f3fc3af49c9a3474ddbc4a41fdb,250,35.71,7.28,1,11,8,0.021249,0.564533,pow,pow(difficulty=28_work_amount=268435456),7.48,280,3
58,4,0xdcf2130496e27a8094ab996aea4aa77788d65869,9.500467,1772338299,2182a3c61a33ed45311229a94352349c59e32e5b72c8f5a3e4531831c8b1f30c,79,79.00,6.90,1,11,7,0.021266,0.565159,pow,pow(difficulty=28_work_amount=268435456),5.68,281,3
59,0,0x81d019380961f92c2031b0a7fba69f7675145088,0.479543,1772338333,2182a3c61a33ed45311229a94352349c59e32e5b72c8f5a3e4531831c8b1f30c,79,79.00,6.90,1,11,7,0.021269,0.565212,pow,pow(difficulty=27_work_amount=134217728),5.68,281,3
59,1,0x30509a8084fdfe6fe24d9c9a817c209ad194f8e3,9.652709,1772338335,09a65f5b6b2a1930a062d83167509eb50c5d6a7b5dc172a066d959b221d3523d,250,6.41,7.11,1,14,7,0.021165,0.562758,pow,pow(difficulty=27_work_amount=134217728),38.18,282,3
59,2,0xac768e60b9269babb15cb1e36ee843243d7c7543,6.710758,1772338340,972bb1a44e202ec3c6092661c91f2c8edee26476146d096a49baa9b2f7649ab6,149,74.50,7.43,1,11,8,0.021205,0.563561,pow,pow(difficulty=27_work_amount=134217728),21.81,283,3
59,3,0x26d553a2f4343b3a7dc88bbd87b3d0a25d3838d9,14.226210,1772338341,b57482f0fad9c2bfe64b6cf49e044b7ea03270c1ff2bcafe6fea6cc1fe273490,250,62.50,6.03,1,12,6,0.021198,0.563630,pow,pow(difficulty=27_work_amount=134217728),4.51,284,3
59,4,0x34412315480562da4810040fd15c81f99880e1ab,4.890023,1772338346,0cfcdc9256a5ac4309cf36ac5f4e8bbae0ea13395aa0425df33b8bf4358f64d2,86,86.00,6.06,1,10,7,0.021307,0.564794,pow,pow(difficulty=27_work_amount=134217728),3.56,285,3
60,0,0x377eaef292051bbf8ada05b2af76a3f3b9d722a7,0.042427,1772338347,7ecb0998128906856bfacdebc4beeb5ca162c9cfdc89393b17008b8b20df8c09,250,41.67,8.37,1,13,9,0.021271,0.564380,pow,pow(difficulty=28_work_amount=268435456),6.04,286,3
60,1,0xd46407aa7b668c72de3cf1c1a12b7fa2e308a1b2,6.984179,1772338353,b3b27d3a2519dba940fba6d4f29819d3f65cc26526dbeb0b1f8960b96eb13fab,36,36.00,8.58,1,14,10,0.021163,0.561449,pow,pow(difficulty=28_work_amount=268435456),4.69,287,3
60,2,0x07902d0371763a00d97ed9ba16ff0a206cb0fd19,7.527459,1772338355,05e21440565154716b06615d6fb8f4230af65fabc3bfb565c83bff010c6e4973,250,41.67,5.92,1,11,6,0.021163,0.561456,pow,pow(difficulty=28_work_amount=268435456),5.16,288,3
60,3,0x687bf2437a044a3e42ff2f8a79a8e54ba9601f70,2.053879,1772338372,39622b8be2795e85ac1d4520e501d805bf340a428bd20ef611d06e53ba3855f4,139,46.33,5.86,1,12,6,0.021160,0.561611,pow,pow(difficulty=28_work_amount=268435456),3.40,289,3
60,4,0x28672c71695142588ed26ada6f4b18b8b6c12308,1.678188,1772338375,8c8cd0fcfc4628341c7c6d1c51cf097dba9c2402cbe2660d418d42159571a4f0,250,14.71,6.37,1,12,6,0.021165,0.562034,pow,pow(difficulty=28_work_amount=268435456),17.41,290,3
61,0,0x63f4973c0df8a5358405f396dc0673a463c48de9,13.903547,1772338379,4351db9505722d6239fec7cfbdee635dec7225f88182b3dba01e22d041370eba,185,92.50,6.91,1,11,7,0.021006,0.559323,pow,pow(difficulty=27_work_amount=134217728),8.14,291,3
61,1,0xe6ebb0cdfd04183d498964e5efc4096ba77b17d6,13.293073,1772338380,42ccedad79621f5c461282d4510180b69d72a57633301012f925cf9f92ce87b1,250,50.00,6.17,1,11,6,0.021104,0.560411,pow,pow(difficulty=27_work_amount=134217728),4.46,292,3
61,2,0xa3786e459f289a76c0e8af8ad834e3d0c6d47199,10.722253,1772338383,289ca6a606158eba39f34789a14501a7280be763b7174d0331abc60fffcf21a9,43,43.00,7.60,2,13,8,0.021192,0.561413,pow,pow(difficulty=27_work_amount=134217728),2.86,293,3
61,3,0x63f4973c0df8a5358405f396dc0673a463c48de9,14.906007,1772338386,bab7c565fe9a73c08a6a728fc93420a28b75eca6b4d4529107e68c5f80def854,193,64.33,5.94,1,12,6,0.021241,0.562315,pow,pow(difficulty=27_work_amount=134217728),2.39,294,3
61,4,0xeb82a21cb3d0dd781eb22ad74bb7cd9b4d2a06ec,10.922865,1772338388,0d411fda22ec5a70487adf49383f285885766d5b82817cd8048c6855ed0f8e80,250,62.50,5.94,1,11,6,0.021241,0.562320,pow,pow(difficulty=27_work_amount=134217728),4.09,295,3
62,0,0x34412315480562da4810040fd15c81f99880e1ab,5.892073,1772338394,68bf96586db3905cb3e4a758d9d8b5f298864833fd248128d50d60346121a570,48,48.00,7.08,1,14,7,0.021400,0.564325,pow,pow(difficulty=28_work_amount=268435456),3.48,296,3
62,1,0x016d3fc36beee7caa8fbd6c1caa42461dd7f9850,5.873069,1772338402,5b7c8eb9f5ed5f275eb8dec728a0cf7b1013262163f892af67ee5dc65f30d4b3,250,35.71,8.32,1,13,9,0.021378,0.564189,pow,pow(difficulty=28_work_amount=268435456),7.00,297,3
62,2,0xc4dc29db975b952e04358340e56b68fa4ba63fbc,3.535891,1772338423,91100a71cd500b5b9153a2054ed898e6b9efa3459b2522295fc6025b0e8ba1bb,250,31.25,6.66,1,13,7,0.021378,0.564201,pow,pow(difficulty=27_work_amount=134217728),8.90,298,3
62,3,0xa3786e459f289a76c0e8af8ad834e3d0c6d47199,11.723753,1772338430,c834623adeda8a74bf06188de316d495c676c37dada68f8039af9d3edf8d48e1,250,11.90,7.32,1,12,8,0.021356,0.564034,pow,pow(difficulty=27_work_amount=134217728),20.94,299,3
62,4,0x8c11ec9090dd820c076e57e899d9c604c79d6b32,4.558089,1772338431,20921bc18f0902ac1da57372ae203426d41e8be593adc7d87685a9149755f579,250,41.67,6.77,1,13,6,0.021359,0.564134,pow,pow(difficulty=27_work_amount=134217728),11.29,300,3
63,0,0xa447d277b02012c2afd9ddcbbe123f27cc971963,5.800705,1772338433,73b62603fbeb2c815d4585e3173bdbebe6531794d69f6d92628c09a5ee7dcffc,69,69.00,6.30,1,13,5,0.021317,0.563590,pow,pow(difficulty=26_work_amount=67108864),3.17,301,3
63,1,0x28672c71695142588ed26ada6f4b18b8b6c12308,2.679468,1772338436,99169cc3f12fc10e42eb0e08bb16c1de574adc700e9a602db6d74c4716437c24,197,65.67,5.52,1,11,6,0.021318,0.563592,pow,pow(difficulty=26_work_amount=67108864),2.87,302,3
63,2,0xeaa5003682d7289190651081ae2bee847097afc5,1.748465,1772338437,26bfe51bce3a118d24626e1c75ab813521d6dfac8dc94fa15a1906cf27d14fbd,250,83.33,6.78,1,11,7,0.021250,0.562500,pow,pow(difficulty=26_work_amount=67108864),3.36,303,3
63,3,0xdcf2130496e27a8094ab996aea4aa77788d65869,9.499277,1772338441,c5accf2d7860b415609b4f23682aeaece7f7ddebba61e5affe6a5bd8c897b19c,63,63.00,7.46,1,14,7,0.021169,0.561072,pow,pow(difficulty=26_work_amount=67108864),2.73,304,3
63,4,0x34412315480562da4810040fd15c81f99880e1ab,6.893833,1772338476,c5accf2d7860b415609b4f23682aeaece7f7ddebba61e5affe6a5bd8c897b19c,63,63.00,7.46,1,14,7,0.021171,0.561122,pow,pow(difficulty=26_work_amount=67108864),2.73,304,3
64,0,0xdcf2130496e27a8094ab996aea4aa77788d65869,9.498857,1772338477,f08c604fef4743a51f27e6417531ed3fe9f313e5088566aed916316e8895e4c9,250,6.41,8.18,1,13,9,0.021171,0.561128,pow,pow(difficulty=25_work_amount=33554432),39.18,305,3
64,1,0xc24b36dee27726233c3bbd9e1f028f98b6b2a424,7.407109,1772338512,f08c604fef4743a51f27e6417531ed3fe9f313e5088566aed916316e8895e4c9,250,6.41,8.18,1,13,9,0.021164,0.561212,pow,pow(difficulty=25_work_amount=33554432),39.18,305,3
64,2,0x2abf89d7c96c80fcff9dec1fe92803573094ee35,0.212575,1772338514,666f72769d19d0c70487860576a48aea244d24fc7422015119d524b1fe92d56d,250,7.14,7.24,1,12,7,0.021162,0.561475,pow,pow(difficulty=25_work_amount=33554432),41.20,306,3
64,3,0x26d553a2f4343b3a7dc88bbd87b3d0a25d3838d9,15.224880,1772338517,94b78f20394d4f6b6eceeee7aa78fbf50e2f8411a7c92248ab11db63c45338fa,132,66.00,6.38,1,10,6,0.021162,0.561477,pow,pow(difficulty=25_work_amount=33554432),17.22,307,3
64,4,0xa447d277b02012c2afd9ddcbbe123f27cc971963,5.799865,1772338518,8e7be382d695854dfc2d019fe0010940d113ecb5ccef1444dbf2bf4527b45529,235,78.33,6.34,1,11,7,0.021166,0.559913,pow,pow(difficulty=25_work_amount=33554432),2.57,308,3
65,0,0xeb82a21cb3d0dd781eb22ad74bb7cd9b4d2a06ec,11.922185,1772338520,a5059914bb04e32f68d93a6bcaf4993ad9c7f70493972014f19e3571abe95c2a,102,102.00,5.59,1,11,5,0.021141,0.559682,pow,pow(difficulty=26_work_amount=67108864),1.88,309,3
65,1,0xc774b0fee7cabbef3b1ae14bf36db3df0d32c1df,5.164557,1772338521,72e20cf2c2c55da47ce121ee52ea330d4b48cf20e0d5d28b903468ab515bcd7f,131,65.50,7.08,1,14,7,0.021199,0.560553,pow,pow(difficulty=26_work_amount=67108864),2.08,310,3
65,2,0x6064b9f5883bf9737dfe314ff68c56e09e68ac89,9.189509,1772338524,6c6f0c7c58b3d67150ab23a8cfb2e32c79ade00e8bd6d6cc1886bd687f44317c,148,148.00,5.76,1,12,6,0.021165,0.560165,pow,pow(difficulty=26_work_amount=67108864),1.50,311,3
65,3,0xeb82a21cb3d0dd781eb22ad74bb7cd9b4d2a06ec,12.923415,1772338526,8a63da0f73f9a77fa9222783e09859bd56eaea68e6cb98556667bcd18a644a31,250,62.50,7.18,1,11,7,0.021165,0.560167,pow,pow(difficulty=26_work_amount=67108864),3.53,312,3
65,4,0xd61b00c297972877b45f8d7f4d67fdaf20c67c59,1.322531,1772338535,c2437520b7056a17bcd772067d9e026184215ca004156c31f589fea39609f1c9,84,84.00,6.49,1,14,6,0.021254,0.561750,pow,pow(difficulty=26_work_amount=67108864),2.40,313,3
66,0,0x34412315480562da4810040fd15c81f99880e1ab,7.895703,1772338536,da07606db1910a44b886c5aa77c964574d8ecbc2629715d78700ba044d8aa5ae,250,25.00,5.49,1,11,5,0.021169,0.560164,pow,pow(difficulty=25_work_amount=33554432),9.79,314,3
66,1,0x016d3fc36beee7caa8fbd6c1caa42461dd7f9850,6.874189,1772338539,1332261a16fbb3742a187f8f970bf223778292925166fccbb695ea0c896a827a,88,88.00,8.17,2,13,8,0.021171,0.560596,pow,pow(difficulty=25_work_amount=33554432),7.66,315,3
66,2,0x63f4973c0df8a5358405f396dc0673a463c48de9,15.907167,1772338541,aa4261241fce855193d2176d9df890bebf8902dd28ac3d5fab02bc4e33e1db05,195,65.00,6.08,1,13,6,0.021171,0.560599,pow,pow(difficulty=25_work_amount=33554432),2.22,316,3
66,3,0xe6ebb0cdfd04183d498964e5efc4096ba77b17d6,14.291773,1772338542,293ce2dc023fb73de03a155f42569c42459fe21aa838fc3f3427101dab860267,86,43.00,5.83,1,11,6,0.021277,0.561681,pow,pow(difficulty=25_work_amount=33554432),2.62,317,3
66,4,0xac768e60b9269babb15cb1e36ee843243d7c7543,7.710998,1772338545,3335bccce2e25b543004e7e861df4893c979b15b696cc71329dd65328ff16d5d,111,111.00,6.77,1,14,7,0.021361,0.562661,pow,pow(difficulty=25_work_amount=33554432),1.82,318,3
67,0,0xa3786e459f289a76c0e8af8ad834e3d0c6d47199,12.725103,1772338546,7398e28c487d1af6fd4d3fa975e26cd9d5f50181b5a05994af50602798459e36,250,62.50,6.28,1,12,6,0.021361,0.562663,pow,pow(difficulty=26_work_amount=67108864),3.94,319,3
67,1,0x30509a8084fdfe6fe24d9c9a817c209ad194f8e3,10.652279,1772338549,8801c65b4e4518739495b0d450aa660e9a526985ae841634f2507309818b9082,35,35.00,8.06,2,13,7,0.021420,0.563798,pow,pow(difficulty=26_work_amount=67108864),3.31,320,3
67,2,0x13f9dadc05f6c237b03411e2aed1800cf21a5d89,3.265162,1772338554,fc31f2cc56b00e132bb4bc2e20b2f61e9b005ca5a0dafa248a76be2be5f441bf,200,66.67,7.51,1,11,8,0.021420,0.563801,pow,pow(difficulty=26_work_amount=67108864),3.33,321,3
67,3,0xaadc5fea232580cb8fba739ac5d05a48559c7e52,7.351173,1772338555,8c0322b1d7fdc7467fc40fd4f97ad982c704920b683acbc4305125bd41168ef7,250,62.50,6.53,1,13,6,0.021455,0.564549,pow,pow(difficulty=26_work_amount=67108864),4.23,322,3
67,4,0xac768e60b9269babb15cb1e36ee843243d7c7543,8.713428,1772338557,d0bfb629c195a129b362609af5f5a2f5d170a96cfd3b0ac4fe20e559e4476830,48,48.00,7.62,1,13,8,0.021447,0.564666,pow,pow(difficulty=26_work_amount=67108864),2.71,323,3
68,0,0x89100a8056319ba37491b32ba255004180607bc2,7.779907,1772338565,7765be223dc6054b62b0b7d636ef3f1fe5a8214482c88a46a6e585cd62c3d5a9,179,89.50,5.57,1,12,5,0.021456,0.565220,pow,pow(difficulty=27_work_amount=134217728),2.20,324,3
68,1,0x4414c05be2cf328f38d2e3ef4b705d6b894f044a,9.085929,1772338569,19f9664f820ef0e09b0de0cd099f216584c55cb332306d4603729a1e789e869e,250,27.78,6.87,1,13,6,0.021453,0.565474,pow,pow(difficulty=27_work_amount=134217728),8.93,325,3
68,2,0x269cdf52f97e1d9f14b7be895155a7b294f0b21d,4.719173,1772338605,19f9664f820ef0e09b0de0cd099f216584c55cb332306d4603729a1e789e869e,250,27.78,6.87,1,13,6,0.021455,0.565524,pow,pow(difficulty=27_work_amount=134217728),8.93,325,3
68,3,0x719361397abe003a91af76243e5f9c7a0cd4279f,14.550276,1772338609,10067d5a8300da1c59a96c6d41898573fd86d94beb81995f750d32da97bcd214,250,6.41,5.90,1,11,6,0.021413,0.564978,pow,pow(difficulty=27_work_amount=134217728),39.42,326,3
68,4,0x6064b9f5883bf9737dfe314ff68c56e09e68ac89,10.191099,1772338610,52bdba9d17823776add141de20ddf349378c9d75067947b121659b6e3fa63db7,250,62.50,6.26,2,13,6,0.021494,0.565908,pow,pow(difficulty=27_work_amount=134217728),14.45,327,3
69,0,0x1d1d2c63625de70b1e5ef40056bd2deb89d7fef2,1.056388,1772338611,601b173c067a43b7c39b43717fb6fac293b06faa8a5324fb5db8cdaf71bbd83a,98,98.00,6.95,2,11,7,0.021520,0.566569,pow,pow(difficulty=26_work_amount=67108864),1.83,328,3
69,1,0x311eb133eb413ac3f21249889bb101e5d40820ce,0.118109,1772338614,e3d8d67f2350978a83ca34c646070d20f74705b01ae33719d949290363ae76d3,157,78.50,5.17,1,11,5,0.021432,0.564831,pow,pow(difficulty=26_work_amount=67108864),2.36,329,3
69,2,0xb2a7fe70a6f3137d38f6cb4c3ec6dd1e24f2d5f4,8.415538,1772338616,26bced2806358eb9dd05016f6a3593a3f9bbf799ed31538a1df7448ce3c10632,241,80.33,7.69,1,12,8,0.021432,0.564834,pow,pow(difficulty=26_work_amount=67108864),3.22,330,3
69,3,0x4414c05be2cf328f38d2e3ef4b705d6b894f044a,9.085499,1772338617,f3cc6cbae8b1caf80ea1bcb4aeaf8412cd9e2b0df433e483743d158bef065b93,67,67.00,5.10,1,8,5,0.021337,0.562609,pow,pow(difficulty=26_work_amount=67108864),2.88,331,3
69,4,0xbc3f8508d26048f2064aa8c068f4c94d08d77d18,8.058369,1772338652,f3cc6cbae8b1caf80ea1bcb4aeaf8412cd9e2b0df433e483743d158bef065b93,67,67.00,5.10,1,8,5,0.021339,0.562656,pow,pow(difficulty=26_work_amount=67108864),2.88,331,3
70,0,0x4414c05be2cf328f38d2e3ef4b705d6b894f044a,9.085139,1772338654,f2a336ee7f0ee6173ddd90e15dc922f3e8ced40640cb87d77cc65b3985a3935c,250,6.76,6.59,1,11,7,0.021338,0.562940,pow,pow(difficulty=25_work_amount=33554432),37.14,332,3
70,1,0x49b57eb4dace37c8819daf079c9c674f766d4f38,7.225020,1772338688,f2a336ee7f0ee6173ddd90e15dc922f3e8ced40640cb87d77cc65b3985a3935c,250,6.76,6.59,1,11,7,0.021340,0.562988,pow,pow(difficulty=25_work_amount=33554432),37.14,332,3
70,2,0xaadc5fea232580cb8fba739ac5d05a48559c7e52,8.350183,1772338690,3cd20488002ab892c47b29d51d309fc7aeced81e51d6fba316851a806e77e481,250,7.14,9.26,1,15,10,0.021329,0.562987,pow,pow(difficulty=25_work_amount=33554432),41.98,333,3
70,3,0x9bdb1c7ad4bd8fe797b07c08117c74a591dbab2d,2.433812,1772338691,a1939b4e2296bc4b8dec265f057cdab71a172938edbea19aed83d2ffbff76917,64,32.00,8.16,1,13,9,0.021331,0.563319,pow,pow(difficulty=25_work_amount=33554432),33.33,334,3
70,4,0xeb82a21cb3d0dd781eb22ad74bb7cd9b4d2a06ec,13.922785,1772338693,064b3b51c2f909d7a4d7b85c64bf08ec96db168c2356a1510da0bda59a7dd30f,169,84.50,6.26,2,13,6,0.021262,0.562186,pow,pow(difficulty=25_work_amount=33554432),2.62,335,3
71,0,0xc24b36dee27726233c3bbd9e1f028f98b6b2a424,8.407839,1772338695,72b0af1512dcb86f9573df7266202cfe3a059e5fc1b2d389113b1ea59faa3c79,212,106.00,7.18,1,14,7,0.021331,0.563040,pow,pow(difficulty=26_work_amount=67108864),2.59,336,3
71,1,0x63f4973c0df8a5358405f396dc0673a463c48de9,16.906457,1772338697,4a329ccad3b8920baf66459a8c765da23fea209f7af85f1310cb1a6d82d3fd5e,139,139.00,7.23,1,12,7,0.021333,0.563340,pow,pow(difficulty=26_work_amount=67108864),1.99,337,3
71,2,0xbc3f8508d26048f2064aa8c068f4c94d08d77d18,9.060409,1772338701,8cae7db60ec22e0f6d77cacbbf2a26aa8bcb5cb5ca530e084ff8c697d4cf72f1,240,80.00,5.85,1,11,6,0.021435,0.564381,pow,pow(difficulty=26_work_amount=67108864),2.90,338,3
71,3,0xa5a12d96532497871d73549e55ab377e3dcb3a40,0.093412,1772338702,0c428823b86d7c6168bb703222a137de963df437e05c72952bbe39fb7db6c99e,250,83.33,6.55,1,11,7,0.021443,0.564878,pow,pow(difficulty=26_work_amount=67108864),3.10,339,3
71,4,0xac768e60b9269babb15cb1e36ee843243d7c7543,9.713678,1772338704,d5cd0489e26ee3ceb60e00a8fed1c8053657f735b9bbc49929d1ada02d1c46a3,47,47.00,5.83,1,11,5,0.021347,0.562218,pow,pow(difficulty=26_work_amount=67108864),2.13,340,3
72,0,0x89100a8056319ba37491b32ba255004180607bc2,8.780977,1772338705,a9b80ed50f05dbb9f8e72562a11162d9cd2f7f8263a7b8ef00fe2a00366e3e19,116,58.00,5.32,1,12,5,0.021363,0.562802,pow,pow(difficulty=27_work_amount=134217728),1.97,341,3
72,1,0x30405867b72597aaeb27803bb2c7f3f5fc7d5384,1.502754,1772338708,0a87ef070d9a4b8bac32b0a5b3beeced1db54c849ab5be5c35e5805f6956d534,115,115.00,5.97,1,13,6,0.021368,0.563161,pow,pow(difficulty=27_work_amount=134217728),1.67,342,3
72,2,0xeb82a21cb3d0dd781eb22ad74bb7cd9b4d2a06ec,14.924775,1772338712,587f6e3bb428311603119f7b6b9022402f0a8465aeaf415ca5a8b186f11a7407,215,71.67,7.60,1,11,8,0.021288,0.561658,pow,pow(difficulty=27_work_amount=134217728),2.71,343,3
72,3,0x282f43759e22b50aa7989261c51c367f325c3f91,0.334287,1772338714,2cf7bf89aee072b857aed8e10f6538049bf4771b98b3dac55ca0387e74bb9387,250,50.00,7.97,2,14,8,0.021364,0.562548,pow,pow(difficulty=27_work_amount=134217728),4.90,344,3
72,4,0x58a21eeb7ab18ba8adf1296e66a4487076e95dac,8.081764,1772338716,e3701d7f17b984f1023b8e8cee873389adf292d698f644269f15d57901031808,152,76.00,6.21,1,11,7,0.021271,0.560113,pow,pow(difficulty=27_work_amount=134217728),3.35,345,3
73,0,0x6d6b2734a20229ddd7fd4a1470ba3e3bad4e4a85,5.632504,1772338722,259e0a6588caa138d783082690e0a55a5883257a36fb1186e506d8af98efb2ca,115,115.00,7.14,1,11,8,0.021268,0.560263,pow,pow(difficulty=28_work_amount=268435456),1.95,346,3
73,1,0x26d553a2f4343b3a7dc88bbd87b3d0a25d3838d9,16.225270,1772338724,18c438ab993c38e2e769a0f839cfa94dd39604e904a3ad359c966806b4a76f3f,250,35.71,6.43,1,12,6,0.021236,0.559974,pow,pow(difficulty=28_work_amount=268435456),7.01,347,3
73,2,0xb2a7fe70a6f3137d38f6cb4c3ec6dd1e24f2d5f4,9.415188,1772338725,b2482c56c7c9166ad000b03d78b38ed00940bb1e2de79f53219090c8b32c60ae,24,24.00,6.92,1,11,7,0.021324,0.560949,pow,pow(difficulty=28_work_amount=268435456),5.96,348,3
73,3,0x8c11ec9090dd820c076e57e899d9c604c79d6b32,5.555959,1772338730,7d6ce902cfe9c7864506226d7e03bd1712ee6d3028e35798140e8a6dca2dbe43,179,89.50,5.44,2,12,5,0.021334,0.561443,pow,pow(difficulty=28_work_amount=268435456),2.51,349,3
73,4,0x28672c71695142588ed26ada6f4b18b8b6c12308,3.678558,1772338735,818c6c3d24cae91d0b670000f8ccb08fd130a6e4830fe065a6a033a4b2b1e3ad,250,50.00,6.90,1,14,7,0.021334,0.561448,pow,pow(difficulty=28_work_amount=268435456),5.30,350,3
74,0,0xc24b36dee27726233c3bbd9e1f028f98b6b2a424,9.408719,1772338736,faf3a64374aef8640483c3f525e6e4a87f9e41b657da695dab707ed7a59e2ab1,250,50.00,7.25,1,11,8,0.021247,0.560369,pow,pow(difficulty=29_work_amount=536870912),5.50,351,3
74,1,0x6d6b2734a20229ddd7fd4a1470ba3e3bad4e4a85,6.634814,1772338739,dde355a944f759db4745237f7b55e409fe2eb146d06795bbc566492b1747e142,79,79.00,7.46,1,12,7,0.021257,0.560812,pow,pow(difficulty=29_work_amount=536870912),3.84,352,3
74,2,0xd61b00c297972877b45f8d7f4d67fdaf20c67c59,2.323081,1772338742,c02af453268fcb7f493a7af059ea00bba98d5ac6e0e90892176830d17422fa46,205,102.50,6.37,1,12,6,0.021236,0.560660,pow,pow(difficulty=29_work_amount=536870912),2.43,353,3
74,3,0x63f4973c0df8a5358405f396dc0673a463c48de9,17.908427,1772338747,6864fd35b7adba24edf6f824447fc5d65c27c0d51ecd2b315e6515277e980c74,250,62.50,5.38,1,10,5,0.021236,0.560662,pow,pow(difficulty=29_work_amount=536870912),3.98,354,3
74,4,0x719361397abe003a91af76243e5f9c7a0cd4279f,15.551476,1772338753,059881e3c2445f6c84b1990c16f4978691a12cfb16bd7f5b002a01695d210951,250,50.00,5.92,1,10,6,0.021168,0.559506,pow,pow(difficulty=29_work_amount=536870912),4.62,355,3
75,0,0x52e05d9fa4faa167f30baba23c710e4f49115288,0.129259,1772338756,6a0479eff2e71c7951a5fa94b7dfb427964e03f0b64e429a09604bca7fd59e72,250,50.00,6.26,1,13,6,0.021345,0.561410,pow,pow(difficulty=28_work_amount=268435456),5.66,356,3
75,1,0x07902d0371763a00d97ed9ba16ff0a206cb0fd19,8.524939,1772338762,bc80a955d9e229c4e33c9d9bf4e438d360e0f4c9e2e9683c4ad3a2353cd38e80,228,57.00,7.84,1,13,9,0.021346,0.561416,pow,pow(difficulty=28_work_amount=268435456),3.71,357,3
75,2,0x30509a8084fdfe6fe24d9c9a817c209ad194f8e3,11.652289,1772338764,95e66617703795689beccd45b1b5cc762c226d5a5bebdc43d6c9670f1f2bfd3a,250,50.00,6.62,1,13,7,0.021252,0.559016,pow,pow(difficulty=28_work_amount=268435456),5.42,358,3
75,3,0x4414c05be2cf328f38d2e3ef4b705d6b894f044a,9.084189,1772338779,4c44edd37e498454d3ab9522c0318530dcbaeceab739c088876f56d5860608b0,134,67.00,7.54,1,12,8,0.021284,0.559738,pow,pow(difficulty=28_work_amount=268435456),2.81,359,3
75,4,0x4414c05be2cf328f38d2e3ef4b705d6b894f044a,9.083769,1772338816,4c44edd37e498454d3ab9522c0318530dcbaeceab739c088876f56d5860608b0,134,67.00,7.54,1,12,8,0.021286,0.559799,pow,pow(difficulty=28_work_amount=268435456),2.81,359,3
76,0,0xa3786e459f289a76c0e8af8ad834e3d0c6d47199,13.722453,1772338852,4c44edd37e498454d3ab9522c0318530dcbaeceab739c088876f56d5860608b0,134,67.00,7.54,1,12,8,0.021288,0.559846,pow,pow(difficulty=29_work_amount=536870912),2.81,359,3
76,1,0x606627477c3734932f47972f83c27cf4e3b35b4f,7.367147,1772338854,9932570d69fe58babb8096b7e1914c979737d95f593485e5000e6160fbffcce2,250,2.81,6.70,2,13,6,0.021342,0.560616,pow,pow(difficulty=29_work_amount=536870912),89.06,360,3
76,2,0xa447d277b02012c2afd9ddcbbe123f27cc971963,6.797155,1772338864,9cef17567fe582db2b7c1568d144d207ff14573c8fa3720d00835f3b673c5a4e,37,37.00,6.78,1,10,7,0.021327,0.560585,pow,pow(difficulty=29_work_amount=536870912),86.16,361,3
76,3,0x1796dc61e715f15a2d27dfa32bd34780f12a8c24,5.712591,1772338869,b7bc40437bdd26e0136070445e0269a710da1acea8ff56f626ff01036f78446b,250,25.00,6.17,2,13,6,0.021328,0.560598,pow,pow(difficulty=29_work_amount=536870912),10.12,362,3
76,4,0x719361397abe003a91af76243e5f9c7a0cd4279f,16.552786,1772338881,35b2d06c97f03099293daef21ecf6ce510586526bca63e208f8fc21f116fa939,250,50.00,6.10,1,12,6,0.021275,0.560064,pow,pow(difficulty=29_work_amount=536870912),5.33,363,3
77,0,0x8c11ec9090dd820c076e57e899d9c604c79d6b32,6.557019,1772338889,485350216b9b20fb9d43e607c075ea1e9465692810dc0f164daea5059e551911,250,20.83,6.56,1,13,6,0.021356,0.560988,pow,pow(difficulty=28_work_amount=268435456),12.20,364,3
77,1,0x26d553a2f4343b3a7dc88bbd87b3d0a25d3838d9,17.224040,1772338894,02b3360e6e00b63be0fc1bccbc8d6aa6d1b586b9ee730de9b7109cf43fccd658,250,27.78,7.20,1,14,7,0.021357,0.560999,pow,pow(difficulty=28_work_amount=268435456),11.02,365,3
77,2,0xeb82a21cb3d0dd781eb22ad74bb7cd9b4d2a06ec,15.925425,1772338898,dc748f7dd6341c816039df7418e5527a20ec36978b4a5191babbc8d4d89c1139,250,62.50,6.35,1,11,7,0.021444,0.561925,pow,pow(difficulty=28_work_amount=268435456),5.61,366,3
77,3,0x89100a8056319ba37491b32ba255004180607bc2,9.780117,1772338907,9324364d4127636af98d7c06e2679e28a6395b6155b0adfd70ce8bd7d95d3206,236,59.00,7.01,1,14,7,0.021517,0.562767,pow,pow(difficulty=28_work_amount=268435456),2.80,367,3
77,4,0xa3786e459f289a76c0e8af8ad834e3d0c6d47199,14.724393,1772338908,ac68dcbb64f48c21363af3c78e82b19fad2eda2f838e123e1314fd52bde672b9,250,25.00,6.21,1,13,6,0.021518,0.562780,pow,pow(difficulty=28_work_amount=268435456),10.22,368,3
78,0,0xa3786e459f289a76c0e8af8ad834e3d0c6d47199,15.724803,1772338912,f86adaac27baff3d7715beab79c5e566d5e0f01ff134f176d6a2d04802885f9f,43,43.00,6.42,1,13,6,0.021577,0.563546,pow,pow(difficulty=27_work_amount=134217728),8.35,369,3
78,1,0xa3786e459f289a76c0e8af8ad834e3d0c6d47199,16.727273,1772338913,1ffeaa6a614be586b014ff2f7175701a095ff4b6edbeb1303e975b98bc404aab,250,83.33,6.07,1,13,6,0.021646,0.564335,pow,pow(difficulty=27_work_amount=134217728),3.14,370,3
78,2,0x9ba702916c26a8583a7f277d6932b3c0d9927ce0,1.179137,1772338916,2fc97dcb37def08339be44c84efa215f627c3b04bb47ba385b7bb03b853670db,79,79.00,6.05,1,13,5,0.021725,0.565164,pow,pow(difficulty=27_work_amount=134217728),2.24,371,3
78,3,0x719361397abe003a91af76243e5f9c7a0cd4279f,17.554836,1772338919,91317699f7cd416ac93b19c4b38e0b1c5ffba9acb66e413736dd04564b145892,250,62.50,5.99,2,12,6,0.021725,0.565168,pow,pow(difficulty=27_work_amount=134217728),3.70,372,3
78,4,0xa3786e459f289a76c0e8af8ad834e3d0c6d47199,17.728023,1772338928,4574903c22d8285f4dd342354b839a53eaeb76698d570822098f5e18744dace8,210,105.00,5.77,2,12,6,0.021730,0.564469,pow,pow(difficulty=27_work_amount=134217728),2.53,373,3
79,0,0xaadc5fea232580cb8fba739ac5d05a48559c7e52,9.348523,1772338929,ddcce4a4e325117f462c6d8a020dc1014a26f19c7da7fe568d133f69eb337136,250,25.00,6.54,1,12,6,0.021730,0.564481,pow,pow(difficulty=26_work_amount=67108864),9.65,374,3
79,1,0x4a217e35f6402e7f62a49f6d62e27c6585c2f3fd,5.477537,1772338931,ced188ceb39e9318fff9f256269de8f73b999a426f80ecd186039b829de5f22d,68,68.00,6.81,1,13,7,0.021818,0.565685,pow,pow(difficulty=26_work_amount=67108864),8.28,375,3
79,2,0xa3786e459f289a76c0e8af8ad834e3d0c6d47199,18.730383,1772338934,7303d500f88d8bb66c654cfc8b868f08d0ebda918eb55546997578d1cbf4d31b,116,58.00,7.84,1,14,8,0.021780,0.565253,pow,pow(difficulty=26_work_amount=67108864),2.66,376,3
79,3,0x075e1d95c7891e1c00414ca1aa9a7a8cf6270019,1.123615,1772338936,f3c1f022970b07c49a8de87ebcf41aa723a5229ed95f4f95fa6cfb209db7e3d4,239,119.50,5.85,1,12,6,0.021875,0.566196,pow,pow(difficulty=26_work_amount=67108864),2.83,377,3
79,4,0x49b57eb4dace37c8819daf079c9c674f766d4f38,8.225270,1772338938,0cad1b7038da569e95cba3a65082df40783d8824eeac4c229063b6494353275b,194,97.00,7.19,1,14,7,0.021794,0.564564,pow,pow(difficulty=26_work_amount=67108864),2.48,378,3
80,0,0xcb7977f4997b4252c0152e135dd79b3cfe35c1a5,0.607583,1772338945,b1ba1b43bf21e48b821de7b58aaa2071b1d0a9eb5a6b6bcec13d002c00f6a9aa,164,54.67,8.63,1,15,10,0.021794,0.564567,pow,pow(difficulty=27_work_amount=134217728),3.15,379,3
80,1,0x4ba33404d90c4ae989714d9d174cd882cffb7994,3.101832,1772338947,e25b554619b433a89fab6a3eb094844e5ddafa27d155758f7620fcc352a91631,250,41.67,6.82,1,11,7,0.021698,0.562544,pow,pow(difficulty=27_work_amount=134217728),6.89,380,3
80,2,0x30509a8084fdfe6fe24d9c9a817c209ad194f8e3,12.651619,1772338955,526dd6d95b32a66067721d25bbcdc5b70ce9d8cd04b31ed093e6f3c1bbc80901,89,44.50,7.11,1,14,8,0.021637,0.561674,pow,pow(difficulty=27_work_amount=134217728),5.02,381,3
80,3,0x26d553a2f4343b3a7dc88bbd87b3d0a25d3838d9,18.225960,1772338956,a83b18db575c1513d39cff04ab5aeb2055ff07289e85867ef67c05279f99a37c,250,27.78,7.51,1,12,8,0.021670,0.562367,pow,pow(difficulty=27_work_amount=134217728),9.02,382,3
80,4,0x687bf2437a044a3e42ff2f8a79a8e54ba9601f70,3.050209,1772338960,df18527f2f57054033c7860da5fc65f7d7b1e4e6e8e0a833f1caad5dcc759ca5,49,49.00,6.80,3,11,7,0.021756,0.563223,pow,pow(difficulty=27_work_amount=134217728),7.39,383,3
81,0,0xe6ebb0cdfd04183d498964e5efc4096ba77b17d6,15.288763,1772338963,d4a70d8d21e52a26b944b887c796d1f50807577972b1eb9f9507dd3a36442957,250,62.50,6.34,2,12,6,0.021695,0.562296,pow,pow(difficulty=26_work_amount=67108864),3.23,384,3
81,1,0xac768e60b9269babb15cb1e36ee843243d7c7543,10.712318,1772338964,4f4ab49faa3a451620f4d8c91baee3bd72604806b8f3cf9ea1f9345efd5f5296,250,62.50,7.39,1,14,7,0.021752,0.563020,pow,pow(difficulty=26_work_amount=67108864),3.84,385,3
81,2,0xc577329e86aaecb006f17fb90499c54671119935,2.304302,1772338967,f75882c59bfd49f4a15c0e45851faff1392cf7b79afcd7fca3b0e22f19bd4844,66,66.00,6.44,1,12,7,0.021764,0.563604,pow,pow(difficulty=26_work_amount=67108864),1.83,386,3
81,3,0xc24b36dee27726233c3bbd9e1f028f98b6b2a424,10.407039,1772338969,84b1335a4588d1a1900a74a50491968935243ee50577308ff1429cb5ac3ac695,234,58.50,5.66,1,12,6,0.021696,0.562447,pow,pow(difficulty=26_work_amount=67108864),3.02,387,3
81,4,0xcdc82b7c868072205a399d0f68e6e3ad3bfd1ca6,1.188811,1772338973,ccbf325be8764ba4fcda55c45cd94f92ea53681e6d3c7a81fbb1ae70b430c492,38,38.00,9.42,7,13,10,0.021705,0.562959,pow,pow(difficulty=26_work_amount=67108864),2.66,388,3
82,0,0xc774b0fee7cabbef3b1ae14bf36db3df0d32c1df,6.161597,1772338976,2814d4f4b8dc80f9f71f3b40fb6f875d0e05352032033fd2585dcd21911b3afb,250,50.00,5.96,1,11,6,0.021627,0.561351,pow,pow(difficulty=27_work_amount=134217728),5.15,389,3
82,1,0xdcf2130496e27a8094ab996aea4aa77788d65869,9.493687,1772338979,29d67252d3215114e4969950c86a9dde33fe7a37112a780d3ab27c78bdd8ef06,221,73.67,6.70,1,12,7,0.021627,0.561354,pow,pow(difficulty=27_work_amount=134217728),3.24,390,3
82,2,0xeaa5003682d7289190651081ae2bee847097afc5,2.743505,1772339012,29d67252d3215114e4969950c86a9dde33fe7a37112a780d3ab27c78bdd8ef06,221,73.67,6.70,1,12,7,0.021598,0.561067,pow,pow(difficulty=27_work_amount=134217728),3.24,390,3
82,3,0x63f4973c0df8a5358405f396dc0673a463c48de9,18.908367,1772339017,dbaa5c861fd62aa8886fc3df1b0a2878356a8a637050c53d67b5261a0353e060,250,6.94,8.22,1,16,8,0.021535,0.560011,pow,pow(difficulty=27_work_amount=134217728),36.27,391,3
82,4,0x6064b9f5883bf9737dfe314ff68c56e09e68ac89,11.187989,1772339021,ccaaea9f7f9b338f756604c51020e1295ccf84abf55ff8c121f5a48995e30e35,250,62.50,5.88,1,11,6,0.021623,0.560897,pow,pow(difficulty=27_work_amount=134217728),10.41,392,3
83,0,0x0d91704595bff3aec25d40822498a51c62b05e3a,2.553446,1772339022,bd9e98f4c00c8c9d8c9fdd4d2f9ba480c86f239c3e3d52dd04b50b78a95eec1c,250,62.50,7.00,1,11,7,0.021639,0.561489,pow,pow(difficulty=26_work_amount=67108864),3.93,393,3
83,1,0x30405867b72597aaeb27803bb2c7f3f5fc7d5384,2.501674,1772339024,3cdf83424ea11a5044ac25c329d7a5650378b9fda57999fc9583fe7e7de67900,93,93.00,6.55,1,14,6,0.021574,0.560351,pow,pow(difficulty=26_work_amount=67108864),2.75,394,3
83,2,0x0d91704595bff3aec25d40822498a51c62b05e3a,3.554326,1772339025,39e6d18a7edcb41e082deeb0cc8ca492aa827f994248cbd90fe4091fe98d5c74,199,99.50,7.68,1,12,8,0.021509,0.559164,pow,pow(difficulty=26_work_amount=67108864),2.22,395,3
83,3,0xa9a524611994a27dd3134d643379aa14edf7cb39,0.074620,1772339028,027bbdd6c4e39efac0c9adbc96067eb3f6810f6d527fec6087d750ad837d3fe7,99,49.50,6.23,2,13,6,0.021454,0.558384,pow,pow(difficulty=26_work_amount=67108864),2.76,396,3
83,4,0x58a21eeb7ab18ba8adf1296e66a4487076e95dac,9.079574,1772339030,386efb6d2b5e8211d28820ae81ca87c2823f92f3cebace910fb4c3d954efae59,250,83.33,6.07,1,13,5,0.021368,0.555898,pow,pow(difficulty=26_work_amount=67108864),3.36,397,3
84,0,0x6d6b2734a20229ddd7fd4a1470ba3e3bad4e4a85,7.634014,1772339032,cbedb6ceb7fc73fd50fb8744f23e0ae4b13b4dc11c34f33b58f03073439cfc53,81,81.00,7.63,1,11,8,0.021364,0.556157,pow,pow(difficulty=27_work_amount=134217728),2.68,398,3
84,1,0x26d553a2f4343b3a7dc88bbd87b3d0a25d3838d9,19.225550,1772339037,e9d00fa7217b536c19512ab8a99247ccc7593a7a446173090f9838d6fca12f89,219,73.00,5.88,1,12,6,0.021347,0.556128,pow,pow(difficulty=27_work_amount=134217728),3.05,399,3
84,2,0xa3786e459f289a76c0e8af8ad834e3d0c6d47199,19.731783,1772339038,2c08dce170dffc741b534dcd0fc1b0fdbf39a601ec6f07cd5e1834573cb0fd75,250,62.50,6.37,1,11,7,0.021434,0.557005,pow,pow(difficulty=27_work_amount=134217728),4.26,400,3
84,3,0x408bb0bf84df50b21c53c74420987f172d4036a1,3.781544,1772339041,259617b2057b03d11aa18b210f68a07a4555cdea082db4b62c2eb39888424744,45,45.00,8.60,2,13,8,0.021525,0.557895,pow,pow(difficulty=27_work_amount=134217728),2.71,401,3
84,4,0xa447d277b02012c2afd9ddcbbe123f27cc971963,7.798045,1772339047,1dcafb820f1281808111f34d70ff71fe9abf566f36799ee94c5dca26ed542c96,163,54.33,8.64,1,15,10,0.021472,0.557177,pow,pow(difficulty=27_work_amount=134217728),2.58,402,3
85,0,0xbc3f8508d26048f2064aa8c068f4c94d08d77d18,10.059539,1772339050,bce69b3395ea5e6bbf4957f00898d26b87b05d851d957f9f7ac0d7ffb05615d9,250,35.71,5.73,1,12,6,0.021456,0.557144,pow,pow(difficulty=26_work_amount=67108864),7.39,403,3
85,1,0x89100a8056319ba37491b32ba255004180607bc2,9.778467,1772339051,90bbb2e30c3dbec7cfd1cc23dfefc63a7324d787f5f52f3e689d5ff22cc243ff,200,100.00,6.15,1,11,6,0.021459,0.557568,pow,pow(difficulty=26_work_amount=67108864),3.79,404,3
85,2,0xb990cdf21950e6086c350175c4bc504e45858230,1.102228,1772339053,ef1ee9652224c33b95b61b18e0dbfd74dfdbf0a11a9b571182924944960d9ba7,79,79.00,7.35,2,13,7,0.021457,0.557524,pow,pow(difficulty=26_work_amount=67108864),1.86,405,3
85,3,0x6064b9f5883bf9737dfe314ff68c56e09e68ac89,12.190119,1772339056,266b26353daf7b98b7af085407a53f87180426c03c90eab39ce1100a2596d37b,177,59.00,6.28,1,12,6,0.021381,0.555889,pow,pow(difficulty=26_work_amount=67108864),2.60,406,3
85,4,0x89100a8056319ba37491b32ba255004180607bc2,10.779187,1772339060,5e1aac14161d11fc5a4a36780fed7b3ea31dd5ad040c0970237b3d934df2dc34,201,100.50,7.25,2,11,7,0.021381,0.555892,pow,pow(difficulty=26_work_amount=67108864),2.60,407,3
86,0,0xeb82a21cb3d0dd781eb22ad74bb7cd9b4d2a06ec,16.926205,1772339063,cffd3ff8c19a1fb07af1893345d7d3eec79a15e25fc875ba1ed5694da74ea6db,250,62.50,6.50,2,13,6,0.021413,0.557000,pow,pow(difficulty=27_work_amount=134217728),4.24,408,3
86,1,0xa068e3c9a21c8d8be636cd2d285895979ec3262e,1.949221,1772339067,b421da54d05f1644a58f4157039ed70c0a70b315562e74bc5800e3052005a32f,163,54.33,6.77,1,14,7,0.021475,0.557738,pow,pow(difficulty=27_work_amount=134217728),2.80,409,3
86,2,0x58a21eeb7ab18ba8adf1296e66a4487076e95dac,10.079724,1772339100,b421da54d05f1644a58f4157039ed70c0a70b315562e74bc5800e3052005a32f,163,54.33,6.77,1,14,7,0.021477,0.557779,pow,pow(difficulty=27_work_amount=134217728),2.80,409,3
86,3,0xcb7977f4997b4252c0152e135dd79b3cfe35c1a5,1.608333,1772339107,5fcae6667fa2b2e42a0bbad3332cdef46b1f5f8c3225616043edb7a1ab5e38c3,250,6.76,7.74,1,12,8,0.021479,0.558158,pow,pow(difficulty=27_work_amount=134217728),36.83,410,3
86,4,0xbc3f8508d26048f2064aa8c068f4c94d08d77d18,10.058909,1772339112,98c4b97bc244ca95cae991559c33e0db44528c64acda2e8ee2585a09bb80b12b,250,31.25,7.22,1,12,8,0.021480,0.558165,pow,pow(difficulty=27_work_amount=134217728),12.58,411,3
87,0,0x4414c05be2cf328f38d2e3ef4b705d6b894f044a,9.080869,1772339113,ea279f8161daf744ab6b6b3b4cc6fb51bb6622019c5c74ad8fe6613310384106,250,62.50,6.81,1,11,7,0.021409,0.556752,pow,pow(difficulty=26_work_amount=67108864),5.17,412,3
87,1,0x9c39f7fffaa5c5cfab20dfdd05663497918580c1,0.405148,1772339147,ea279f8161daf744ab6b6b3b4cc6fb51bb6622019c5c74ad8fe6613310384106,250,62.50,6.81,1,11,7,0.021412,0.557124,pow,pow(difficulty=26_work_amount=67108864),5.17,412,3
87,2,0x016d3fc36beee7caa8fbd6c1caa42461dd7f9850,6.868489,1772339149,27c73dada0890c506163e69733578f71b1548e3f099334a5963db26d247008e6,250,7.14,6.84,1,13,6,0.021412,0.557126,pow,pow(difficulty=26_work_amount=67108864),34.76,413,3
87,3,0xb2a7fe70a6f3137d38f6cb4c3ec6dd1e24f2d5f4,10.412748,1772339154,edff0a396cbde24dbf04aa451394d88ee6046aeb3c662cf24c6de231b6dbbe78,104,52.00,6.63,1,13,7,0.021306,0.554717,pow,pow(difficulty=26_work_amount=67108864),33.89,414,3
87,4,0x26d553a2f4343b3a7dc88bbd87b3d0a25d3838d9,20.227040,1772339158,64e2910be94a95b65a43e88ded73961f5e4f80995b2d3acf520c65c1a4830b7b,250,41.67,5.59,1,11,5,0.021312,0.555076,pow,pow(difficulty=26_work_amount=67108864),6.02,415,3
88,0,0x269cdf52f97e1d9f14b7be895155a7b294f0b21d,5.716243,1772339159,8160c0cf6ea3f8ad7303618a2b4d48a7cf759fc71be6cddd3709d4c141288e0b,250,62.50,6.62,1,11,7,0.021312,0.555081,pow,pow(difficulty=25_work_amount=33554432),3.84,416,3
88,1,0xa447d277b02012c2afd9ddcbbe123f27cc971963,8.799505,1772339162,b87be58d5bfcc983b8c8ddaba3d7e3784deb67ebdfa3cde0ba6fea062ef54fb8,49,49.00,6.76,2,11,7,0.021277,0.554678,pow,pow(difficulty=25_work_amount=33554432),1.82,417,3
88,2,0x81193196c1dbdbf80709d43a5af5ce21c201fbd7,7.828869,1772339163,99293e060609fa93746a49a2668528648b4e9f1df119f11c78c61ef4f305e265,189,63.00,5.70,1,12,6,0.021268,0.554826,pow,pow(difficulty=25_work_amount=33554432),2.40,418,3
88,3,0x282f43759e22b50aa7989261c51c367f325c3f91,1.331257,1772339166,75006b12dc8386c6d05df04f1837f6593c32324cbced9beb5baada57dd417232,136,136.00,6.53,1,14,6,0.021251,0.554756,pow,pow(difficulty=25_work_amount=33554432),1.62,419,3
88,4,0x719361397abe003a91af76243e5f9c7a0cd4279f,18.554636,1772339168,7e60306fa059e0238c4bd07872455e291f8abffa991b33cda81988bef3c7e599,250,83.33,6.24,1,11,6,0.021179,0.553219,pow,pow(difficulty=25_work_amount=33554432),2.83,420,3
89,0,0x016d3fc36beee7caa8fbd6c1caa42461dd7f9850,7.869329,1772339170,e67401603471b40e8d1603b0edaeb235df33227f2855a970b29c956016115a31,101,50.50,5.84,1,14,5,0.021252,0.553990,pow,pow(difficulty=26_work_amount=67108864),2.02,421,3
89,1,0x8c11ec9090dd820c076e57e899d9c604c79d6b32,6.553829,1772339171,f08c4d79b92dd24b7740d609dee58a894d3f17ffc0107a6f3b56ece6b47981b2,157,78.50,6.65,1,13,6,0.021235,0.553890,pow,pow(difficulty=26_work_amount=67108864),2.32,422,3
89,2,0xdcf2130496e27a8094ab996aea4aa77788d65869,9.491687,1772339174,cbfcbeec6513203bca25d9cf8f3d7eeca7a1378cf3f43bcc15d0f17fb5f5adb8,185,92.50,6.42,1,13,6,0.021207,0.553613,pow,pow(difficulty=26_work_amount=67108864),2.50,423,3
89,3,0xe6ebb0cdfd04183d498964e5efc4096ba77b17d6,16.288813,1772339207,cbfcbeec6513203bca25d9cf8f3d7eeca7a1378cf3f43bcc15d0f17fb5f5adb8,185,92.50,6.42,1,13,6,0.021208,0.553651,pow,pow(difficulty=26_work_amount=67108864),2.50,423,3
89,4,0x269cdf52f97e1d9f14b7be895155a7b294f0b21d,6.716243,1772339210,de529927755ab6c827f47063f72e7ef5b075bef9b693184cbb443b7a7bf91cbe,250,6.94,7.53,1,14,7,0.021261,0.554337,pow,pow(difficulty=26_work_amount=67108864),36.21,424,3
90,0,0x26d553a2f4343b3a7dc88bbd87b3d0a25d3838d9,20.226470,1772339214,39dd6a9ac1f3715b0d12e772620f55e731a574871de6289b7c91e90e7dbecac5,170,56.67,5.39,2,10,6,0.021234,0.554054,pow,pow(difficulty=25_work_amount=33554432),9.56,425,3
90,1,0xb2a7fe70a6f3137d38f6cb4c3ec6dd1e24f2d5f4,11.414688,1772339215,2cefe5e0ca6865504ede65c47e66def0e9561c5b0053fe9c0b79e67a787d5e53,250,62.50,6.87,1,11,7,0.021317,0.554920,pow,pow(difficulty=25_work_amount=33554432),4.48,426,3
90,2,0xbc3f8508d26048f2064aa8c068f4c94d08d77d18,11.060379,1772339218,db1f907118f4f868daf14a37ffa80b99eee25370145084bcddd7fa5246f97fde,78,78.00,5.90,1,12,6,0.021328,0.555450,pow,pow(difficulty=25_work_amount=33554432),2.85,427,3
90,3,0x6d6b2734a20229ddd7fd4a1470ba3e3bad4e4a85,8.634404,1772339219,459c0fddf8e8517b92b1c4136cef02eb6f7d43a33da7b7b10e11bbab860812ba,188,62.67,6.72,1,11,7,0.021336,0.555885,pow,pow(difficulty=25_work_amount=33554432),2.38,428,3
90,4,0x89100a8056319ba37491b32ba255004180607bc2,11.780027,1772339221,dda750a31f21cd042ab9223dda7ea51232e77a3049569536b07f7cd10dead77a,149,74.50,6.34,2,11,6,0.021324,0.555937,pow,pow(difficulty=25_work_amount=33554432),2.39,429,3
91,0,0x4414c05be2cf328f38d2e3ef4b705d6b894f044a,9.079819,1772339224,2422b62428ac75a19f23499c1eae03c2faaf4590920d932b1c4ea443e1a923bf,153,153.00,5.95,1,13,6,0.021324,0.555939,pow,pow(difficulty=26_work_amount=67108864),1.61,430,3
91,1,0x4a217e35f6402e7f62a49f6d62e27c6585c2f3fd,6.475237,1772339258,2422b62428ac75a19f23499c1eae03c2faaf4590920d932b1c4ea443e1a923bf,153,153.00,5.95,1,13,6,0.021339,0.556490,pow,pow(difficulty=26_work_amount=67108864),1.61,430,3
91,2,0x30509a8084fdfe6fe24d9c9a817c209ad194f8e3,13.651159,1772339260,cc821023998ac00078956186f905b5e977fad7bf21a37f3c2b6dc4ac8ecd8538,250,6.58,9.35,1,15,11,0.021310,0.556129,pow,pow(difficulty=26_work_amount=67108864),37.57,431,3
91,3,0x269cdf52f97e1d9f14b7be895155a7b294f0b21d,7.717313,1772339261,ded79dd0720a1ad1ca4c43d5cec22fb5976956cfc6abdff7754e5177cb88e921,77,77.00,7.56,1,12,8,0.021338,0.556758,pow,pow(difficulty=26_work_amount=67108864),33.61,432,3
91,4,0x606627477c3734932f47972f83c27cf4e3b35b4f,8.363517,1772339268,7b8eaba58dc1fc3648961e4500edd00eb9812c1a2d3db1cd651b6c6dd90fd905,162,162.00,5.60,1,11,6,0.021338,0.556760,pow,pow(difficulty=26_work_amount=67108864),1.57,433,3
92,0,0xd39dbd3662315e3935ec08e6b6028e73b3c09de2,0.899830,1772339271,387ba56c7a1bce4ebb60d466d2ad14845159c5980546eae5c635b20161bba525,250,31.25,6.63,1,11,7,0.021303,0.556526,pow,pow(difficulty=27_work_amount=134217728),7.63,434,3
92,1,0x58a21eeb7ab18ba8adf1296e66a4487076e95dac,11.080814,1772339274,63571a0ce6d2b227224cb6caefecd98270af9dca8abd14cb43815f87f75a0569,177,59.00,5.72,1,11,6,0.021304,0.556529,pow,pow(difficulty=27_work_amount=134217728),3.91,435,3
92,2,0x719361397abe003a91af76243e5f9c7a0cd4279f,19.554466,1772339275,583de229b8677774e3e16b11a0788e4a876225c2baa4dfb06c7bb5d0dbf5ae4c,232,77.33,7.52,1,12,8,0.021230,0.554746,pow,pow(difficulty=27_work_amount=134217728),3.50,436,3
92,3,0xeb82a21cb3d0dd781eb22ad74bb7cd9b4d2a06ec,17.925985,1772339280,cb5091823659945c2f8e8d75204f322b5257fa2e7e12279e6d1c46a3807b0103,81,81.00,5.73,1,11,6,0.021303,0.555517,pow,pow(difficulty=27_work_amount=134217728),1.89,437,3
92,4,0xc4dc29db975b952e04358340e56b68fa4ba63fbc,4.529791,1772339294,02220dbb5ba9a0752211a5dd30ac76b5037b38d05f4bbfc8dcd4ec04cfa5de68,250,50.00,7.57,1,14,7,0.021363,0.556222,pow,pow(difficulty=27_work_amount=134217728),4.05,438,3
93,0,0x30509a8084fdfe6fe24d9c9a817c209ad194f8e3,14.651619,1772339296,a4d6d7c9929beb65a18349ce3522a9a260e20fded868f8019b276d92bb95b90f,250,16.67,6.88,1,12,7,0.021319,0.555737,pow,pow(difficulty=26_work_amount=67108864),14.31,439,3
93,1,0xe184aeec69f3313df03bef8752946c65f0a70021,0.066747,1772339298,d431fa252dec4f8342700ed322264b2fd51825b575e2048c5c3436729c5224c6,75,75.00,6.20,2,12,6,0.021353,0.556358,pow,pow(difficulty=26_work_amount=67108864),5.57,440,3
93,2,0x8d9e46becf415ca26aa698c9657087e6554aabda,3.370706,1772339301,85b381850a5844d23a1dae499a0c706c57e951ad639c48ebc6a27c08e986acd1,204,68.00,6.04,1,13,6,0.021273,0.554002,pow,pow(difficulty=26_work_amount=67108864),2.85,441,3
93,3,0x34412315480562da4810040fd15c81f99880e1ab,8.888693,1772339304,a23a4e51ec770a9a7f0a3cb15447f3823c09ba3ae46138e7e0b2e0fc0fb8a6f0,250,125.00,5.78,1,12,6,0.021219,0.553177,pow,pow(difficulty=26_work_amount=67108864),2.63,442,3
93,4,0xb2a7fe70a6f3137d38f6cb4c3ec6dd1e24f2d5f4,12.414618,1772339305,7afed37d1d024b47adfdaccec57295586635daf889d9341eb0f1ac87f378789d,195,65.00,7.79,1,12,8,0.021220,0.553180,pow,pow(difficulty=26_work_amount=67108864),2.81,443,3
94,0,0xe6ebb0cdfd04183d498964e5efc4096ba77b17d6,17.290123,1772339309,3d6c2a417e0c3c99c86d65b49e23cf1faf032685555c8d23b5909784741a758b,75,37.50,4.93,1,9,5,0.021236,0.553718,pow,pow(difficulty=27_work_amount=134217728),2.89,444,3
94,1,0xeaa5003682d7289190651081ae2bee847097afc5,3.743475,1772339315,8fcfc34080f298e52e2edda15fc28ae4d0899abf4f7c7fcd1c82dc75e0180d5a,250,62.50,7.22,1,14,7,0.021289,0.554379,pow,pow(difficulty=27_work_amount=134217728),4.30,445,3
94,2,0xac768e60b9269babb15cb1e36ee843243d7c7543,11.709748,1772339317,daea96fd4fcfe4a09ad2c92e0bf060878a816fd8c30e903e3d13b93a03e54c7e,250,41.67,7.63,1,14,7,0.021238,0.553644,pow,pow(difficulty=27_work_amount=134217728),5.92,446,3
94,3,0x606627477c3734932f47972f83c27cf4e3b35b4f,9.365547,1772339319,8710e413ed091927856ba85b72b22d0a1f5de1a8c35bc404239d96eb28272479,75,75.00,5.80,2,11,6,0.021248,0.554093,pow,pow(difficulty=27_work_amount=134217728),4.77,447,3
94,4,0x606627477c3734932f47972f83c27cf4e3b35b4f,10.367417,1772339320,cc93399d11710f972803fc133cd3efff559fede1f58eae31a754745c9a06d18e,187,93.50,6.49,1,11,7,0.021240,0.554283,pow,pow(difficulty=27_work_amount=134217728),2.40,448,3
95,0,0xb990cdf21950e6086c350175c4bc504e45858230,2.101418,1772339323,ce8dab44af5c12ea7baaca4490f48cd0b573a1b5d1bdd41ef0b83e19b6902869,110,110.00,6.35,2,11,6,0.021239,0.554563,pow,pow(difficulty=28_work_amount=268435456),1.93,449,3
95,1,0xa3786e459f289a76c0e8af8ad834e3d0c6d47199,20.729333,1772339327,340da080641b3655e7388fb49a6368160834951c5647b031f90dd9b71b6b92ec,250,83.33,6.76,1,12,7,0.021177,0.553387,pow,pow(difficulty=28_work_amount=268435456),3.02,450,3
95,2,0xc774b0fee7cabbef3b1ae14bf36db3df0d32c1df,7.160277,1772339342,522cc4f9c2ed5309993cd93ea97adbac5da9323e3834ec4d6c124946f1b4422f,220,55.00,6.98,1,13,7,0.021253,0.554215,pow,pow(difficulty=28_work_amount=268435456),2.89,451,3
95,3,0x719361397abe003a91af76243e5f9c7a0cd4279f,20.554606,1772339355,f6515646e48c47febff4175d7793b8ef51679739f89edd17028cbf327bf9718a,250,16.67,6.66,1,12,7,0.021229,0.553966,pow,pow(difficulty=28_work_amount=268435456),14.77,452,3
95,4,0x311eb133eb413ac3f21249889bb101e5d40820ce,1.113259,1772339356,118d2eebdcdf6c04c3d844287ca6189a0c3b47765cf62e14bad9b22bde43dd11,250,19.23,6.23,1,12,6,0.021304,0.554756,pow,pow(difficulty=28_work_amount=268435456),16.00,453,3
96,0,0x311eb133eb413ac3f21249889bb101e5d40820ce,2.113739,1772339361,92977b0cd0744dc65b6194db830f06c31cb8a0cd5f344965636ff05452cf0375,49,49.00,6.67,2,11,7,0.021234,0.553147,pow,pow(difficulty=27_work_amount=134217728),7.71,454,3
96,1,0x95ab54d268473cce82094026afefdbd5cadf418b,4.580338,1772339363,be1aae47dff4c4e6323fd4de8789d6ad82ba192923bbb8ea8c30f39cdccf062d,250,50.00,8.54,1,13,9,0.021234,0.553153,pow,pow(difficulty=27_work_amount=134217728),4.92,455,3
96,2,0x719361397abe003a91af76243e5f9c7a0cd4279f,21.556886,1772339365,40634f7c1f679075f4fb4ff46a59f3b86cb79aa71d6e203440f7fb5ecca11a44,113,37.67,6.42,1,13,6,0.021128,0.551443,pow,pow(difficulty=27_work_amount=134217728),3.40,456,3
96,3,0xeb82a21cb3d0dd781eb22ad74bb7cd9b4d2a06ec,18.927665,1772339370,b3b4e06105751ad4ed41a31ac52d61b23b41a4387dc808dc8d3db82b709316d7,111,111.00,6.91,2,12,7,0.021209,0.552276,pow,pow(difficulty=27_work_amount=134217728),2.14,457,3
96,4,0x719361397abe003a91af76243e5f9c7a0cd4279f,22.557916,1772339376,08843fa9bb217121597f0770a11f6e579e8a24e8693cde468ebb534a58f17b45,250,50.00,7.59,1,14,7,0.021269,0.552964,pow,pow(difficulty=27_work_amount=134217728),5.12,458,3
97,0,0x3513d672439a59c26cc5711f2b715ccb4810a774,7.279195,1772339377,1e7a39e9a36175f812211fd5e47be8528a5ae0ff13ee21bf7811f4f2f02f4612,250,41.67,6.54,1,13,6,0.021355,0.553803,pow,pow(difficulty=26_work_amount=67108864),5.39,459,3
97,1,0xa447d277b02012c2afd9ddcbbe123f27cc971963,9.799075,1772339381,71d65d7387f303b9fa28a19e5459705391fdcf70186e319a7b1e8b9532455330,89,44.50,8.98,2,13,10,0.021330,0.553531,pow,pow(difficulty=26_work_amount=67108864),4.92,460,3
97,2,0x3513d672439a59c26cc5711f2b715ccb4810a774,8.280035,1772339382,8ad901e75a4da0ffda3c1eb6c5d729d8350366775e6d589aaed45ead7adfbaba,250,83.33,5.93,1,12,6,0.021324,0.553734,pow,pow(difficulty=26_work_amount=67108864),3.31,461,3
97,3,0xd46407aa7b668c72de3cf1c1a12b7fa2e308a1b2,7.976919,1772339384,8cece9b286ccb1c15d62ca6e2cfe72a6f5a94cf1ac00889a6807992115206efb,82,82.00,8.89,2,13,9,0.021306,0.553618,pow,pow(difficulty=26_work_amount=67108864),2.95,462,3
97,4,0x89100a8056319ba37491b32ba255004180607bc2,12.780007,1772339386,5a7f5fcf5f8ba14c534764bfddd7c4b2c0be358847226caedf9daa7deb410e5d,148,74.00,5.33,2,11,5,0.021286,0.553403,pow,pow(difficulty=26_work_amount=67108864),1.93,463,3
98,0,0x89100a8056319ba37491b32ba255004180607bc2,12.779997,1772339388,3433870746d570d5f0390a4c5a58372f1f7a8fbbd5ac10a4e2231c9f76e71855,250,83.33,6.33,2,13,6,0.021286,0.553406,pow,pow(difficulty=27_work_amount=134217728),3.22,464,3
98,1,0x30509a8084fdfe6fe24d9c9a817c209ad194f8e3,15.651369,1772339390,a2d1fd75cca586f8223f489deca21f79c8d425603a3460df4f5fc57c2035060d,76,76.00,6.95,1,13,7,0.021321,0.554485,pow,pow(difficulty=27_work_amount=134217728),2.93,465,3
98,2,0x4414c05be2cf328f38d2e3ef4b705d6b894f044a,9.078289,1772339392,7906f5f4d677f3ceec7bf3e723362a7d501b7bb6fc31f68907c23865ddbc60a7,212,106.00,7.59,1,11,8,0.021355,0.555080,pow,pow(difficulty=27_work_amount=134217728),2.23,466,3
98,3,0xdcf2130496e27a8094ab996aea4aa77788d65869,9.489027,1772339427,7906f5f4d677f3ceec7bf3e723362a7d501b7bb6fc31f68907c23865ddbc60a7,212,106.00,7.59,1,11,8,0.021356,0.555114,pow,pow(difficulty=27_work_amount=134217728),2.23,466,3
98,4,0x8d9e46becf415ca26aa698c9657087e6554aabda,4.371616,1772339460,7906f5f4d677f3ceec7bf3e723362a7d501b7bb6fc31f68907c23865ddbc60a7,212,106.00,7.59,1,11,8,0.021358,0.555150,pow,pow(difficulty=27_work_amount=134217728),2.23,466,3
99,0,0x4ba33404d90c4ae989714d9d174cd882cffb7994,4.097432,1772339462,d8696c604484570b05d9a4e6e9abb38f853e8fc93c0a235f66987e141daf8ca0,250,3.57,6.23,1,12,6,0.021312,0.554569,pow,pow(difficulty=26_work_amount=67108864),69.77,467,3
99,1,0xe478b1e4d1538274c0c70cbd7df877f9abab2f62,11.291866,1772339465,144b9ca6bca510891ae886e7961f834c9d30f8e25d32cc6fe763c31ae4b76e5d,172,86.00,9.31,1,14,10,0.021265,0.553901,pow,pow(difficulty=26_work_amount=67108864),37.83,468,3
99,2,0xac768e60b9269babb15cb1e36ee843243d7c7543,12.709208,1772339466,d632b0c5513cc910397415df67cbd0a9328668083f2ea968f360554b18e047b8,240,80.00,6.14,1,12,6,0.021268,0.554272,pow,pow(difficulty=26_work_amount=67108864),2.72,469,3
99,3,0x26d553a2f4343b3a7dc88bbd87b3d0a25d3838d9,21.226480,1772339468,eb465f338936fda86f7c9e72e200c8a47b650d8938f5392e65d60231d5f8dfaf,102,102.00,6.20,1,12,6,0.021280,0.554744,pow,pow(difficulty=26_work_amount=67108864),1.81,470,3
99,4,0xd61b00c297972877b45f8d7f4d67fdaf20c67c59,3.318751,1772339470,dfc176c168e88963b4f51976f61ea77c1b117a163fc9599c3030791957a8b104,182,60.67,6.22,1,11,7,0.021280,0.554746,pow,pow(difficulty=26_work_amount=67108864),2.57,471,3
