epoch,slot,miner,proposer_stake,timestamp,block_hash,tx_count,throughput,avg_path_length,min_path_length,max_path_length,median_path_length,stake_concentration,gini_coefficient,consensus_type,consensus_state,avg_tx_delay_s,block_production_success,block_production_failed
0,2,0xb2a7fe70a6f3137d38f6cb4c3ec6dd1e24f2d5f4,1.423058,1772471886,18df38b8a2e2bf947a139e7d3fd92ef0b80daf7dbdd324e8443633f8d186b50d,1,0.00,1.00,1,1,1,0.024405,0.600029,Minotaur,minotaur(pow_w:0.50),0.00,0,0
0,3,0x34412315480562da4810040fd15c81f99880e1ab,1.898313,1772471888,ee11c180f8923db6a05fe855f643986b98c1005e5832a19dfb19260caf0743e5,318,53.00,4.26,1,6,4,0.024302,0.600056,Minotaur,minotaur(pow_w:0.50),2.50,1,0
0,4,0x34412315480562da4810040fd15c81f99880e1ab,2.901143,1772471890,5d070358bf41f38292bdc22476dc46143b9384c71b580d08b9508829a874b85d,284,142.00,4.04,1,6,4,0.024290,0.600901,Minotaur,minotaur(pow_w:0.50),2.51,2,0
1,0,0x63f4973c0df8a5358405f396dc0673a463c48de9,3.901187,1772471892,c101caccbf552c8fe13740598b6c4fbfd579151239b336c1009d162b1803f39f,316,158.00,4.06,1,6,4,0.024463,0.603260,Minotaur,minotaur(pow_w:0.50),2.50,3,0
1,1,0x60705151f1f537cacd5b801f3ef1b31dc3f605de,0.305914,1772471894,55c0ba87543d807531295335b65808b0470f5d7d171fb78b4dc25dc8488cf456,272,136.00,3.64,1,6,4,0.024811,0.606618,Minotaur,minotaur(pow_w:0.50),2.50,4,0
1,2,0x606627477c3734932f47972f83c27cf4e3b35b4f,3.377667,1772471897,405e49a83baf96d87a61c32944f28d7554c7d4b5342eea5830a0dca7d1bc99a1,284,142.00,4.19,1,6,4,0.024487,0.602881,Minotaur,minotaur(pow_w:0.50),2.49,5,0
1,3,0xdcf2130496e27a8094ab996aea4aa77788d65869,4.505637,1772471899,2b3ad15652da7f55615008566ccba18e36982fe5d00ee8310174a28a25d84748,321,160.50,3.68,1,5,4,0.024719,0.605489,Minotaur,minotaur(pow_w:0.50),2.44,6,0
1,4,0xac768e60b9269babb15cb1e36ee843243d7c7543,3.718078,1772471901,f32589337f304dfa4f52a91988614708ba899470e6b6eef5fdb82cf706ce514e,273,136.50,4.00,1,6,4,0.025136,0.608992,Minotaur,minotaur(pow_w:0.50),2.50,7,0
2,0,0x719361397abe003a91af76243e5f9c7a0cd4279f,3.543806,1772471903,98929edbb76e8f19c2068c68d365725483b97b8ddad0fbe6849a80212e6cb277,290,145.00,3.99,1,6,4,0.025398,0.611657,Minotaur,minotaur(pow_w:0.50),2.44,8,0
2,1,0xcdc82b7c868072205a399d0f68e6e3ad3bfd1ca6,0.208181,1772471905,2498917cb92f65dc4a9d0f69c201bf59067a3e224d7b81f211128692a94162ef,278,139.00,3.90,1,5,4,0.025616,0.613961,Minotaur,minotaur(pow_w:0.50),2.39,9,0
2,2,0xa3786e459f289a76c0e8af8ad834e3d0c6d47199,4.727093,1772471907,c8f2794c9e4088b7642f39c814497c281f0273f13de733de12fddfe005536dfa,337,168.50,3.65,1,6,4,0.025270,0.609571,Minotaur,minotaur(pow_w:0.50),2.28,10,0
2,3,0x07902d0371763a00d97ed9ba16ff0a206cb0fd19,2.531829,1772471909,ec5e6074fbe93cdc27886bf2b8afbf9433897f6e8253816cdfecaee1a6f54ed2,193,96.50,4.32,2,6,4,0.025667,0.612848,Minotaur,minotaur(pow_w:0.50),2.44,11,0
2,4,0x4ba33404d90c4ae989714d9d174cd882cffb7994,1.118982,1772471911,dff9cf4f62d0c0f9231fd744ee8059fe1ffb66a5b611fd563840dd279ada6fc4,375,125.00,2.75,1,4,3,0.025695,0.614274,Minotaur,minotaur(pow_w:0.50),3.04,12,0
3,0,0x606627477c3734932f47972f83c27cf4e3b35b4f,4.380707,1772471913,04f8da2c3fad3ccf3e97e0faf58be4a6f73822b292a20ba863d3787658e1c28b,44,44.00,3.98,1,6,4,0.025497,0.613307,Minotaur,minotaur(pow_w:0.50),2.36,13,0
3,1,0xc24b36dee27726233c3bbd9e1f028f98b6b2a424,2.413089,1772471915,ac4e81583ec024f0dcb4e379f5a49136372ca7ee26bd08800ad872564b817c66,370,185.00,3.69,1,5,4,0.025497,0.613321,Minotaur,minotaur(pow_w:0.50),2.18,14,0
3,2,0xa9105f442328d397529b8e4e9e656fa89016ff45,0.471164,1772471917,caf7d99b4c816f27587479ecf43c4b7b6949a84918eb5e101e09146cfbba9092,155,77.50,3.88,1,6,4,0.025501,0.614433,Minotaur,minotaur(pow_w:0.50),1.93,15,0
3,3,0xac768e60b9269babb15cb1e36ee843243d7c7543,4.720658,1772471919,ac54a3e27cc5407ef39a39805f7a11fa0d89c83c97bc7e9beaa67f7b307c9f0e,302,151.00,3.67,1,6,4,0.025207,0.611377,Minotaur,minotaur(pow_w:0.50),1.93,16,0
3,4,0x34412315480562da4810040fd15c81f99880e1ab,3.903873,1772471921,668838555f4e713fc5ce07b4dd7f2914d16118f5516f08decfc5b3535990e281,319,106.33,3.88,1,6,4,0.025552,0.614325,Minotaur,minotaur(pow_w:0.50),2.86,17,0
4,0,0x89100a8056319ba37491b32ba255004180607bc2,2.786837,1772471923,b5e2e7f671159f703e7b147ec7f0b0fcd30d56395699d3850605318a5dcc644e,304,152.00,3.95,1,6,4,0.025553,0.614343,Minotaur,minotaur(pow_w:0.50),2.77,18,0
4,1,0x6d6b2734a20229ddd7fd4a1470ba3e3bad4e4a85,1.643024,1772471925,b7b529aed24d66aa44e985966526a7276af100a80da48267fe3d964acdc3fa84,318,159.00,3.92,1,6,4,0.025600,0.615656,Minotaur,minotaur(pow_w:0.50),2.61,19,0
4,2,0x30509a8084fdfe6fe24d9c9a817c209ad194f8e3,2.656079,1772471927,756be6d152c6dc2e502241a8b13129c3507bc5ad480b0ecb0219ff227be0c923,288,144.00,3.77,1,5,4,0.025476,0.615537,Minotaur,minotaur(pow_w:0.50),2.50,20,0
4,3,0x3513d672439a59c26cc5711f2b715ccb4810a774,1.292205,1772471929,0226fe9c5581994afe6e0fca750a313c134e10e9431744c312f4c9fa9b2f89f1,305,152.50,3.56,1,5,4,0.025497,0.616541,Minotaur,minotaur(pow_w:0.50),2.54,21,0
4,4,0xdcf2130496e27a8094ab996aea4aa77788d65869,5.507947,1772471931,7f1ef8ea4146551b5edfa1984d56564a7ea31225701f95416ae140b31e0cc39c,298,149.00,3.93,1,6,4,0.025323,0.615684,Minotaur,minotaur(pow_w:0.50),2.51,22,0
5,0,0x63f4973c0df8a5358405f396dc0673a463c48de9,4.903307,1772471933,14bfd08598cc3ad9b299d4978c8f4aab6b239362b932b8779444cac146525595,287,143.50,4.01,1,6,4,0.025729,0.618730,Minotaur,minotaur(pow_w:0.50),2.48,23,0
5,1,0x95ab54d268473cce82094026afefdbd5cadf418b,0.598818,1772471935,4597f15a97ebf3bd4f3eb727fdfe39402b650798430eaae2852e420ffbfed2b8,281,140.50,3.73,1,6,4,0.026037,0.621370,Minotaur,minotaur(pow_w:0.50),2.47,24,0
5,2,0xa3786e459f289a76c0e8af8ad834e3d0c6d47199,5.728573,1772471938,9e095c05947c8657e7898e1400e3488ed0e6d0d1f36bebc38db2251b8a06fa7b,304,152.00,4.39,1,6,5,0.025761,0.618722,Minotaur,minotaur(pow_w:0.50),2.47,25,0
5,3,0x60705151f1f537cacd5b801f3ef1b31dc3f605de,1.308144,1772471939,cec044ffc22eeac324aa17dbb3a9c45ba84257644c809c26d3ca8bb5f766a0c5,286,143.00,4.34,1,6,4,0.026159,0.621577,Minotaur,minotaur(pow_w:0.50),2.47,26,0
5,4,0x719361397abe003a91af76243e5f9c7a0cd4279f,4.546136,1772471941,42b8f602bcb534076f322e596a6750bacd5b548e4bdf710940c24f9046cf52d8,158,158.00,4.32,1,6,4,0.025974,0.620539,Minotaur,minotaur(pow_w:0.50),1.99,27,0
6,0,0x213068cb42718d1dd6d00a6d94d62a3def0e68eb,0.370099,1772471943,a4e53b5eca5a4d4c05fc951d90cfee874e172d5fe4dfdc17264dab85dd6a2a66,335,167.50,3.80,1,5,4,0.025975,0.620548,Minotaur,minotaur(pow_w:0.50),2.39,28,0
6,1,0x606627477c3734932f47972f83c27cf4e3b35b4f,4.380257,1772471945,7c560eecab99c9557a4f4773b2f95fe6280d7c523e8d9d8065789e9ff3ebf5c0,217,108.50,3.42,1,5,3,0.025674,0.617007,Minotaur,minotaur(pow_w:0.50),2.24,29,0
6,2,0x50f7fa851f9314d682e36da5caa4635039b5305d,0.105446,1772471947,f899a2f3df5a4b6b74dc0eac8322719d820b612f06687900ce939821d5dffe0a,303,151.50,3.60,1,5,4,0.025878,0.619309,Minotaur,minotaur(pow_w:0.50),2.07,30,0
6,3,0x4414c05be2cf328f38d2e3ef4b705d6b894f044a,2.088799,1772471949,646d9b8f4eda4e4a284051e403e0ed92b11d32573308ae1bba799d3b4a9089b7,337,168.50,3.44,2,6,3,0.025549,0.614404,Minotaur,minotaur(pow_w:0.50),1.90,31,0
6,4,0xc774b0fee7cabbef3b1ae14bf36db3df0d32c1df,1.173557,1772471951,1f2be39ca3cd6340ce5bd60d91068130ce8ffb517be9fef4b3866523a14d46d4,310,155.00,3.89,1,6,4,0.025466,0.614625,Minotaur,minotaur(pow_w:0.50),1.70,32,0
7,0,0xe184aeec69f3313df03bef8752946c65f0a70021,0.091227,1772471953,b0652566acdda4eaa39145a3b3332709701dfb07a57ed08c283f1a6ccf9d952b,274,137.00,3.79,1,6,4,0.025467,0.614640,Minotaur,minotaur(pow_w:0.50),1.68,33,0
7,1,0x34412315480562da4810040fd15c81f99880e1ab,3.903433,1772471955,eed94a1304d5a24d9201a99a65b1166ea09ab8511e09280a4b96507aeea3ba7a,335,111.67,4.10,1,6,4,0.024959,0.608245,Minotaur,minotaur(pow_w:0.50),2.81,34,0
7,2,0xdcf2130496e27a8094ab996aea4aa77788d65869,6.510457,1772471957,20f1811ca03d2dd31c70702fd99b73002e4e85ed0284bb9609b1212b53f69c61,294,147.00,4.01,1,6,4,0.025089,0.610216,Minotaur,minotaur(pow_w:0.50),2.55,35,0
7,3,0xe6ebb0cdfd04183d498964e5efc4096ba77b17d6,4.293353,1772471959,2cfb3c0124fb9568ef8fd19fb10c888fefcddcd6474560e1cf0417fdf8acf2e3,300,150.00,4.02,1,6,4,0.025508,0.613061,Minotaur,minotaur(pow_w:0.50),2.61,36,0
7,4,0x07902d0371763a00d97ed9ba16ff0a206cb0fd19,3.534819,1772471961,4d737637b9dd4944dc1e082f2ca322e1b6658a7e2eebde1361d01b7d45185f83,283,141.50,4.18,1,7,4,0.025664,0.615025,Minotaur,minotaur(pow_w:0.50),2.51,37,0
8,0,0x34412315480562da4810040fd15c81f99880e1ab,4.906293,1772471964,e844aa487bad66fd6e904392c034aeb6525efd692dbc84d168a4facc20424374,282,141.00,2.83,1,4,3,0.025729,0.616498,Minotaur,minotaur(pow_w:0.50),2.49,38,0
8,1,0x6d6b2734a20229ddd7fd4a1470ba3e3bad4e4a85,2.645404,1772471965,39d839c7cc04876055fa7547eb217505e501325875c6404c30d2e331dd3e7440,297,148.50,4.18,1,6,4,0.025938,0.618571,Minotaur,minotaur(pow_w:0.50),2.49,39,0
8,2,0xc24b36dee27726233c3bbd9e1f028f98b6b2a424,3.413949,1772471967,6ff55a5dcdf1ff207049fd5875887113495d6548c1322445fa0abbb0a28a3027,156,156.00,3.63,1,6,4,0.025897,0.619183,Minotaur,minotaur(pow_w:0.50),1.87,40,0
8,3,0xc4dc29db975b952e04358340e56b68fa4ba63fbc,0.543441,1772471969,1774c6be4729421963416d32200849865bd6a991c488cdf98219dc567ceb6627,319,159.50,4.00,1,6,4,0.025897,0.619191,Minotaur,minotaur(pow_w:0.50),2.32,41,0
8,4,0xe6ebb0cdfd04183d498964e5efc4096ba77b17d6,5.296013,1772471971,0569d11f288a2f69b1c31af7343f6d813ae6de8fdf14af57a3d74aad4a1c3710,173,86.50,3.55,1,6,3,0.025633,0.616171,Minotaur,minotaur(pow_w:0.50),2.41,42,0
9,0,0xeaa5003682d7289190651081ae2bee847097afc5,0.760905,1772471973,ba9149de1854466628213cb3face057fccd896f65b7cdd60f34c2807bc246254,339,169.50,4.08,1,7,4,0.025867,0.618342,Minotaur,minotaur(pow_w:0.50),2.11,43,0
9,1,0xa447d277b02012c2afd9ddcbbe123f27cc971963,1.808105,1772471975,6dd8f714ca1297591389c82916ed70455940092f3659ed771a69a692f84bb7ec,172,86.00,4.09,1,6,4,0.025628,0.615889,Minotaur,minotaur(pow_w:0.50),1.94,44,0
9,2,0xe6ebb0cdfd04183d498964e5efc4096ba77b17d6,6.299353,1772471977,5bda692edd499335a9ed81503b2833e313e1f0ebe52d1ef21c4d0e0152131409,371,123.67,3.62,2,6,4,0.025628,0.615901,Minotaur,minotaur(pow_w:0.50),2.80,45,0
9,3,0xac768e60b9269babb15cb1e36ee843243d7c7543,5.723008,1772471979,3d66499059a8391e29eecac01ee85a801a2f019c2a2c4f617ba9cdae3f1463d3,170,170.00,4.14,1,7,4,0.025816,0.617981,Minotaur,minotaur(pow_w:0.50),1.42,46,0
9,4,0x49b57eb4dace37c8819daf079c9c674f766d4f38,1.230850,1772471981,2fa58b426fa188319bd49216fe2553be1bd25709e0ed9f465e9d528f84fff2e0,320,106.67,3.89,1,6,4,0.026067,0.620132,Minotaur,minotaur(pow_w:0.50),2.50,47,0
10,0,0xd61b00c297972877b45f8d7f4d67fdaf20c67c59,0.335511,1772471983,95f6dcdd102aa996688eeb855fca95a6df9271a64039320d7dad752cedbbab75,332,166.00,3.94,1,6,4,0.025873,0.618638,Minotaur,minotaur(pow_w:0.50),2.57,48,0
10,1,0x606627477c3734932f47972f83c27cf4e3b35b4f,5.382817,1772471986,da33045353ccfa507f9651abd8744a0d21245af34052b2a5a14b35faac600376,289,144.50,4.58,1,6,5,0.025597,0.614885,Minotaur,minotaur(pow_w:0.50),2.47,49,0
10,2,0x606627477c3734932f47972f83c27cf4e3b35b4f,6.385497,1772471987,2807720a5963c672ccd0d8a76e7c6b8c9b71756fdd75c8263c7d54053507d39a,269,134.50,3.67,1,5,4,0.025801,0.616774,Minotaur,minotaur(pow_w:0.50),2.39,50,0
10,3,0x81193196c1dbdbf80709d43a5af5ce21c201fbd7,0.837579,1772471989,ed724708af2b10ba454eb8fde00110206ba9ee6cd0bfc4b719195a6534a0c77d,177,177.00,3.78,1,5,4,0.026089,0.618974,Minotaur,minotaur(pow_w:0.50),1.90,51,0
10,4,0xe6ebb0cdfd04183d498964e5efc4096ba77b17d6,7.300863,1772471991,a68b1bddf0a098985e48a6dac1918cee401791b06347fc7793650b9384a9e17f,292,146.00,3.92,1,6,4,0.025860,0.616570,Minotaur,minotaur(pow_w:0.50),2.30,52,0
11,0,0x28672c71695142588ed26ada6f4b18b8b6c12308,0.690948,1772471993,32ad886170a501a99f049f0210af69f805fc8be67e2ca3f3fdac317dc492eb2f,215,107.50,3.87,1,6,4,0.026219,0.619054,Minotaur,minotaur(pow_w:0.50),2.21,53,0
11,1,0x07902d0371763a00d97ed9ba16ff0a206cb0fd19,4.537169,1772471995,8045ce1c70f99c01ffbab54522542b197d1ada043f3c8331f4d680e2d3d173a9,354,118.00,3.62,1,5,4,0.025976,0.616189,Minotaur,minotaur(pow_w:0.50),2.90,54,0
11,2,0xd46407aa7b668c72de3cf1c1a12b7fa2e308a1b2,1.989969,1772471997,b06ec260bdb9803c676f7402c5bf60a5d3046e1b29a55aba6f165885628137dd,190,95.00,2.86,1,4,3,0.026076,0.617753,Minotaur,minotaur(pow_w:0.50),2.52,55,0
11,3,0xa3786e459f289a76c0e8af8ad834e3d0c6d47199,6.730683,1772471999,00c71af4db9c43da82668a15e64691eb6d1fc1bded399a6828e0e005d3bac78a,308,154.00,3.97,1,6,4,0.025950,0.617469,Minotaur,minotaur(pow_w:0.50),2.51,56,0
11,4,0xfb35fdafcfc84561a42700a4a1c274edeb75bdc1,0.061114,1772472001,d43a8a2759e8a65f66fdc69b6dce4485da4298a3d16852d5f1720310b1c802ba,324,162.00,4.24,1,6,4,0.026232,0.619606,Minotaur,minotaur(pow_w:0.50),2.49,57,0
12,0,0xe6ebb0cdfd04183d498964e5efc4096ba77b17d6,8.302793,1772472003,beea66ad8550e6e1b70f7447fb1ebfc76c1a09e8f5149cacba0ef642b572533a,337,168.50,4.08,1,6,4,0.025940,0.614728,Minotaur,minotaur(pow_w:0.50),2.54,58,0
12,1,0x63f4973c0df8a5358405f396dc0673a463c48de9,5.904907,1772472005,9b8c4153b11ca51b5299ee7fca2a83b30aa3d784d71c389d859a65e08b1638b9,324,162.00,4.12,1,7,4,0.026341,0.617163,Minotaur,minotaur(pow_w:0.50),2.49,59,0
12,2,0xa3786e459f289a76c0e8af8ad834e3d0c6d47199,7.733843,1772472007,d918849c40831ff45cf391579836e034adeb7661ad988b18d92e7132cc388bda,154,154.00,3.60,1,6,4,0.026532,0.618949,Minotaur,minotaur(pow_w:0.50),1.88,60,0
12,3,0xa3786e459f289a76c0e8af8ad834e3d0c6d47199,8.736753,1772472009,760453646755bb28240e242cd3da8d94ac1d1b3bdfc54e381872ba5b7d861a50,294,147.00,4.27,1,6,4,0.026865,0.621203,Minotaur,minotaur(pow_w:0.50),2.37,61,0
12,4,0x606627477c3734932f47972f83c27cf4e3b35b4f,7.386937,1772472011,6b793d9b53b3cdca5a5f54b59a076c0a108ea0b98260549f4af71a2207f716af,179,89.50,4.20,1,6,4,0.027267,0.623480,Minotaur,minotaur(pow_w:0.50),2.47,62,0
13,0,0x606627477c3734932f47972f83c27cf4e3b35b4f,8.390637,1772472013,c2640fe4d69898252e444080eeb31429584617a1aed8412aa3659d3b7f6eafe1,371,123.67,3.70,1,5,4,0.027551,0.625538,Minotaur,minotaur(pow_w:0.50),3.01,63,0
13,1,0x4ba33404d90c4ae989714d9d174cd882cffb7994,2.118162,1772472015,a3373765971b03b902a225c62c73fe7032b44ff770ff7143f66a6c84ceb4d0bd,156,156.00,3.86,1,5,4,0.027552,0.625549,Minotaur,minotaur(pow_w:0.50),1.26,64,0
13,2,0x58a21eeb7ab18ba8adf1296e66a4487076e95dac,4.091184,1772472017,ec60c2e2c6c23c0a89039573ff8de6067c422d903eaa4e1fa46a5c4a47aed317,254,84.67,4.39,1,6,4,0.027761,0.627322,Minotaur,minotaur(pow_w:0.50),2.55,65,0
13,3,0xd61b00c297972877b45f8d7f4d67fdaf20c67c59,1.337911,1772472019,034a56622997bf083ab0bf0ae61091ff48364c17916252c8e0c190b9ae8b1e36,316,158.00,3.93,1,6,4,0.027770,0.628532,Minotaur,minotaur(pow_w:0.50),2.57,66,0
13,4,0xeaa5003682d7289190651081ae2bee847097afc5,1.761765,1772472022,d156ef020ac54c48ff4daafe80eecffe423f8ccf4ec09df1f0680e5b1800041a,256,128.00,4.52,1,6,5,0.027569,0.627062,Minotaur,minotaur(pow_w:0.50),2.52,67,0
14,0,0xd61b00c297972877b45f8d7f4d67fdaf20c67c59,2.340441,1772472023,51af129ac0c8693b5bf8ffe7d37554c7cfb3496fbb3e6bd5c06cbdcfe5275af9,290,145.00,4.33,1,6,4,0.027402,0.626200,Minotaur,minotaur(pow_w:0.50),2.46,68,0
14,1,0x30405867b72597aaeb27803bb2c7f3f5fc7d5384,0.517054,1772472025,9620af8cb133cac54564f878a9dd374f7cfbb5a783af1c9e3c195295ea1a413c,154,154.00,4.60,1,7,5,0.027280,0.626072,Minotaur,minotaur(pow_w:0.50),1.96,69,0
14,2,0xa3786e459f289a76c0e8af8ad834e3d0c6d47199,9.738273,1772472027,cd1a1947ed90ec91e76124f6ab55fdf44504a994b2534ce4345cda6b50b54cf7,353,176.50,3.54,2,6,3,0.027026,0.622837,Minotaur,minotaur(pow_w:0.50),2.20,70,0
14,3,0xeb82a21cb3d0dd781eb22ad74bb7cd9b4d2a06ec,2.922475,1772472029,cede76634eb2907214b394a138bd1f4365f151baad050d87c3344769a72e7074,138,69.00,4.30,1,6,4,0.027439,0.625050,Minotaur,minotaur(pow_w:0.50),2.30,71,0
14,4,0xc24b36dee27726233c3bbd9e1f028f98b6b2a424,3.413179,1772472031,fc05ff449e7a0871d08280dbf984b1ddba91ef40a41a498e30a2871ef64360c4,355,118.33,3.91,1,7,4,0.027356,0.625557,Minotaur,minotaur(pow_w:0.50),3.01,72,0
15,0,0xd67aaaf210c0c36ddcb7055222d168b5c9dd1b36,0.187221,1772472033,151e8bfd10073bd99c837779a354abd59ca8cb1d0c4e46d84944bcc5c2fba3df,172,172.00,4.25,2,6,4,0.027308,0.626382,Minotaur,minotaur(pow_w:0.50),1.51,73,0
15,1,0xaadc5fea232580cb8fba739ac5d05a48559c7e52,1.354023,1772472035,8a9a2924b8b7bbc72c3918ab9569dc157dff659005efe5dbb9a5174a6bc731be,316,105.33,3.96,1,6,4,0.027035,0.622282,Minotaur,minotaur(pow_w:0.50),2.54,74,0
15,2,0xeaa5003682d7289190651081ae2bee847097afc5,2.764355,1772472037,cd99e82a6ef852aba2c489a85e86d50920edf4c2390fb056d7acd633b30c4463,285,142.50,4.32,1,6,4,0.026847,0.620744,Minotaur,minotaur(pow_w:0.50),2.45,75,0
15,3,0xac768e60b9269babb15cb1e36ee843243d7c7543,6.725188,1772472040,870310730b213273e603d770db1b06cbb2e82c16226f358338972bc21a589959,323,161.50,4.28,1,7,4,0.026757,0.620920,Minotaur,minotaur(pow_w:0.50),2.48,76,0
15,4,0xd46407aa7b668c72de3cf1c1a12b7fa2e308a1b2,2.992479,1772472042,536468af0aa32f7b24f613c850ee2a9c549bbdf12ee3c686c653224dc11f48cc,340,170.00,3.99,1,6,4,0.026933,0.622611,Minotaur,minotaur(pow_w:0.50),2.46,77,0
16,0,0x1cb1274c711a6c2e4e1596846e6ac604eeefb358,0.405731,1772472044,d7d3cd2c244d6c2aa93aae15b52b26a37f9ae8d87ba8df888b2169d94ef2e822,274,137.00,3.78,1,5,4,0.026855,0.622931,Minotaur,minotaur(pow_w:0.50),2.38,78,0
16,1,0x34412315480562da4810040fd15c81f99880e1ab,5.908213,1772472046,03ded67b19ec1aad3b86aad56dcdb451b1ab24d0f78fb2f83248c72aa4b24c4e,333,166.50,3.47,1,5,4,0.026608,0.619440,Minotaur,minotaur(pow_w:0.50),2.12,79,0
16,2,0xa3786e459f289a76c0e8af8ad834e3d0c6d47199,10.739433,1772472048,5c2232d1c2eb2e29fd988522919cfdcb9597e588b9dd8225951dbd5814a33a91,160,80.00,3.73,1,6,4,0.026721,0.620877,Minotaur,minotaur(pow_w:0.50),1.88,80,0
16,3,0xa068e3c9a21c8d8be636cd2d285895979ec3262e,0.966771,1772472050,ce282ec6b9775e1864207bac1f54fc3f8ff826db059989efaab2d8c793eed183,337,112.33,4.23,1,6,4,0.027140,0.622981,Minotaur,minotaur(pow_w:0.50),2.88,81,0
16,4,0x30405867b72597aaeb27803bb2c7f3f5fc7d5384,1.520204,1772472052,d0246873f7cd1e989d8780a6617e7fcc03ee840102c6bb3d409f3699970f17e9,309,154.50,4.34,1,6,4,0.026928,0.620713,Minotaur,minotaur(pow_w:0.50),2.66,82,0
17,0,0xac768e60b9269babb15cb1e36ee843243d7c7543,7.728358,1772472055,5a85b1bac76472d750f8a1f69e30baecb3f4a03822fecfc2deb103608eccc203,270,135.00,3.54,1,5,4,0.026755,0.619393,Minotaur,minotaur(pow_w:0.50),2.61,83,0
17,1,0x50f7fa851f9314d682e36da5caa4635039b5305d,1.107116,1772472056,9a42739a8b868dd557c12cd1aadae383c2f6e726ac512f5e8e272d1916394b32,305,152.50,4.05,1,6,4,0.026968,0.621130,Minotaur,minotaur(pow_w:0.50),2.52,84,0
17,2,0xd46407aa7b668c72de3cf1c1a12b7fa2e308a1b2,3.995059,1772472058,a7f8c2730aad0e58a95da2f719a0ebc35b176d951bb914386de5a500c8d2f964,171,171.00,3.36,1,6,3,0.026769,0.619013,Minotaur,minotaur(pow_w:0.50),1.88,85,0
17,3,0xb2a7fe70a6f3137d38f6cb4c3ec6dd1e24f2d5f4,2.423858,1772472060,49fb9d4e2f602aefe872479576abfe159c1de2256d001b34366890824a75e18d,325,162.50,3.85,1,6,4,0.026769,0.619023,Minotaur,minotaur(pow_w:0.50),2.29,86,0
17,4,0xe6ebb0cdfd04183d498964e5efc4096ba77b17d6,9.305303,1772472062,573bceac7f1d7b50497b6d73433d3e5b8c4bf67f2bb702b39119847db051dc65,156,78.00,4.10,1,6,4,0.026653,0.618741,Minotaur,minotaur(pow_w:0.50),2.44,87,0
18,0,0xd39dbd3662315e3935ec08e6b6028e73b3c09de2,0.920890,1772472064,81449e96e43d8fa178a2fcb397a5c0d57c734770a566b53870a941f91e0e0755,352,117.33,4.09,1,7,4,0.026950,0.620670,Minotaur,minotaur(pow_w:0.50),3.01,88,0
18,1,0xa9105f442328d397529b8e4e9e656fa89016ff45,1.472334,1772472066,3f1206654fb21860ba6fd9653b9baaee10cc6d3c2d2dfbdf65147b932f4b89ef,170,170.00,4.15,1,6,4,0.026742,0.618161,Minotaur,minotaur(pow_w:0.50),1.49,89,0
18,2,0xe6ebb0cdfd04183d498964e5efc4096ba77b17d6,10.308783,1772472068,df2a0c422706a9aa72b1b481896e475732653311b4edcbfd2ee8f6f210f39a3e,300,100.00,3.81,2,6,4,0.026569,0.616581,Minotaur,minotaur(pow_w:0.50),2.62,90,0
18,3,0xc774b0fee7cabbef3b1ae14bf36db3df0d32c1df,2.174387,1772472071,3348779db874855325bdea55edea9ffa25d520766044e86d680fffa68f9fa84e,333,166.50,4.22,1,7,4,0.026911,0.618504,Minotaur,minotaur(pow_w:0.50),2.58,91,0
18,4,0xac768e60b9269babb15cb1e36ee843243d7c7543,8.731098,1772472072,491b85e7e7184059c8c2db211b09b9cc24b24d3785358a16e6cfe360952b20aa,314,157.00,4.04,1,6,4,0.026777,0.617857,Minotaur,minotaur(pow_w:0.50),2.46,92,0
19,0,0x4414c05be2cf328f38d2e3ef4b705d6b894f044a,3.090069,1772472074,8a962efb8d178cfc24b9ecab27bceaf225b87a04c427c13e0ead5fdbe37b5185,166,166.00,3.86,1,6,4,0.027017,0.619568,Minotaur,minotaur(pow_w:0.50),1.86,93,0
19,1,0x8c11ec9090dd820c076e57e899d9c604c79d6b32,1.563929,1772472076,14dc9bfb439b283279011bd5958bfba0f8d3c4ce25b9131683ec74266cbbd9b8,344,172.00,3.79,1,6,4,0.026933,0.619840,Minotaur,minotaur(pow_w:0.50),2.26,94,0
19,2,0xc24b36dee27726233c3bbd9e1f028f98b6b2a424,4.414119,1772472078,3e132a92e76d31a33067bd6f5120c2dedca58befbc4468b2aa10f0be24c72b16,219,109.50,4.05,1,6,4,0.026764,0.618312,Minotaur,minotaur(pow_w:0.50),2.10,95,0
19,3,0x3513d672439a59c26cc5711f2b715ccb4810a774,2.292845,1772472080,0a860e830914a8f764b02ed78c757c5b0cb49325b5a472276ff583ac96e66a37,346,115.33,4.02,1,7,4,0.026755,0.619348,Minotaur,minotaur(pow_w:0.50),2.72,96,0
19,4,0x2abf89d7c96c80fcff9dec1fe92803573094ee35,0.226845,1772472082,63c55096ad939d08e2da73570435cd21aaa8e715f315b0011aba1c53f8b49ab8,302,151.00,3.83,1,5,4,0.026755,0.619358,Minotaur,minotaur(pow_w:0.50),2.48,97,0
20,0,0x9c39f7fffaa5c5cfab20dfdd05663497918580c1,0.425728,1772472085,173b5346265fe7fc11ba4fd166d6516589adb9fabeafc2238229327c00d6d6d2,296,148.00,3.66,1,6,4,0.026517,0.615627,Minotaur,minotaur(pow_w:0.50),2.48,98,0
20,1,0xd46407aa7b668c72de3cf1c1a12b7fa2e308a1b2,3.994569,1772472086,3b975ba49afe5e3c750d78ff10bcb1440c396560cdd5ccbe94020170f75117e7,294,147.00,3.98,1,6,4,0.026292,0.612217,Minotaur,minotaur(pow_w:0.50),2.44,99,0
20,2,0x30509a8084fdfe6fe24d9c9a817c209ad194f8e3,3.656729,1772472088,a3e814198f908c8d7fab88d020154bcfb0fef535935cd0359e0e20af7f698b10,187,187.00,3.68,1,6,4,0.026261,0.613077,Minotaur,minotaur(pow_w:0.50),1.81,100,0
20,3,0x4414c05be2cf328f38d2e3ef4b705d6b894f044a,4.093349,1772472090,77e87598bb007d49bfa242b855d416810b7b410457acd302760b766cf98e1720,362,120.67,3.36,1,5,3,0.026212,0.613707,Minotaur,minotaur(pow_w:0.50),3.02,101,0
20,4,0xa3786e459f289a76c0e8af8ad834e3d0c6d47199,11.742213,1772472092,2afffccc87b0d2264655aad659278dda86c50e78931f579b35646b4417379260,201,201.00,3.86,1,6,4,0.026185,0.614422,Minotaur,minotaur(pow_w:0.50),1.61,102,0
21,0,0x34412315480562da4810040fd15c81f99880e1ab,6.909173,1772472094,c1b0fa4985fae8f18c5a28f0523d039fddd3d615832727f68fbeb73223a57425,303,101.00,4.27,1,6,4,0.026185,0.614431,Minotaur,minotaur(pow_w:0.50),2.59,103,0
21,1,0x213068cb42718d1dd6d00a6d94d62a3def0e68eb,1.369849,1772472096,7a2e1fa49f109f85ec8a4a59415d9c8a3eb4ec6a11e6a47af8b4cae425723445,306,153.00,4.03,1,6,4,0.026664,0.617787,Minotaur,minotaur(pow_w:0.50),2.56,104,0
21,2,0xeb82a21cb3d0dd781eb22ad74bb7cd9b4d2a06ec,3.925015,1772472098,cd17ae178dcbf7143ad4127ded612d3cfeab8d58aa8d8e1cfc61af53b888d400,338,169.00,3.56,1,5,4,0.026491,0.615929,Minotaur,minotaur(pow_w:0.50),2.45,105,0
21,3,0xd61b00c297972877b45f8d7f4d67fdaf20c67c59,3.340971,1772472100,e836ecae898f49ee354e6bbffa9ca91b151497ffb92d9ef55ef589f0165c9e3e,161,161.00,4.01,1,6,4,0.026448,0.616474,Minotaur,minotaur(pow_w:0.50),1.97,106,0
21,4,0x30509a8084fdfe6fe24d9c9a817c209ad194f8e3,4.660149,1772472102,34139076dc27e1d7df563642edad80e3d7909413f1346b223afdc79af41b67d3,296,148.00,4.51,1,6,5,0.026376,0.616725,Minotaur,minotaur(pow_w:0.50),2.41,107,0
22,0,0x606627477c3734932f47972f83c27cf4e3b35b4f,9.390807,1772472104,c2bf1ee4dfd7eef0eac7a4249c4744ffd106c7093b614143ddf62f9e567e07ce,281,140.50,3.35,1,6,3,0.026369,0.617585,Minotaur,minotaur(pow_w:0.50),2.05,108,0
22,1,0x786f26993bf015cd2da6fb5d3ccd1879e01246ab,0.288432,1772472106,dfa1cf3752e294cf608bf19cc97f7979bd9ab0e466a3dfe995e9d7630b4a5bdb,312,104.00,3.71,1,5,4,0.026592,0.619203,Minotaur,minotaur(pow_w:0.50),2.62,109,0
22,2,0xea287b266dbe2c2d402fd91814bcfc4c95d6b0fd,0.160424,1772472108,5a038ef1c4e26a96a12bd46909562da6a65ae918457fc4aab4915f1c2c616289,311,155.50,4.05,1,6,4,0.026369,0.615639,Minotaur,minotaur(pow_w:0.50),2.55,110,0
22,3,0x58a21eeb7ab18ba8adf1296e66a4487076e95dac,5.092844,1772472111,e04c989bd2026e025c5951fff9e013914e7d97e848850c995eaad762a2914be8,330,165.00,4.07,1,6,4,0.026144,0.611755,Minotaur,minotaur(pow_w:0.50),2.50,111,0
22,4,0xa3786e459f289a76c0e8af8ad834e3d0c6d47199,12.744983,1772472112,99263d06905dd278b79ec74e9ee82df5e861fd68f59c809ec32ff82c53789154,325,162.50,4.00,1,6,4,0.026155,0.612789,Minotaur,minotaur(pow_w:0.50),2.52,112,0
23,0,0xdcf2130496e27a8094ab996aea4aa77788d65869,7.510947,1772472114,c91b98dfa7dce402cc6df0e8c50207fd53911f5ce9d5e7be62ae6362a0961659,164,164.00,4.37,1,6,4,0.026522,0.614624,Minotaur,minotaur(pow_w:0.50),1.98,113,0
23,1,0x1796dc61e715f15a2d27dfa32bd34780f12a8c24,1.721291,1772472116,fcdeabf9e5492cb530f5fa962004ffcb6d55e95105ae2781e84f90db36f299c2,331,165.50,3.83,1,6,4,0.026639,0.616019,Minotaur,minotaur(pow_w:0.50),2.17,114,0
23,2,0x9ba702916c26a8583a7f277d6932b3c0d9927ce0,0.194987,1772472118,f5ddc677fd518fd9f3951c692a061037304424867b113df84ee4d4e768f85b27,242,80.67,3.35,1,5,3,0.026487,0.614721,Minotaur,minotaur(pow_w:0.50),2.70,115,0
23,3,0x3513d672439a59c26cc5711f2b715ccb4810a774,2.292245,1772472120,7ed9a030b020dc213584130ce01620ce63b8dfd9e396a430e9daa2da1cc899f8,293,146.50,3.84,1,6,4,0.026267,0.610910,Minotaur,minotaur(pow_w:0.50),2.56,116,0
23,4,0xd39dbd3662315e3935ec08e6b6028e73b3c09de2,1.921720,1772472123,5e78c41b66bd7051cf99cea00f9d6b9f798214aa2275a02efe9aacad49a261df,318,159.00,3.85,1,5,4,0.026144,0.610330,Minotaur,minotaur(pow_w:0.50),2.50,117,0
24,0,0x58a21eeb7ab18ba8adf1296e66a4487076e95dac,6.095874,1772472124,e5a702a378b6c2f3be94af98a4c246c10a524b869183907d866ba978f7c359da,300,150.00,4.66,1,6,5,0.026006,0.609204,Minotaur,minotaur(pow_w:0.50),2.48,118,0
24,1,0xeb82a21cb3d0dd781eb22ad74bb7cd9b4d2a06ec,4.926225,1772472126,695d6bf8c50e63eab09d109e82c925a6359ad9413a201ce83d9fb7484cd37660,142,142.00,3.80,1,5,4,0.026054,0.610364,Minotaur,minotaur(pow_w:0.50),1.87,119,0
24,2,0xe6ebb0cdfd04183d498964e5efc4096ba77b17d6,11.311203,1772472128,f66521af3d3ca5ef54f571bc18fd6c2c2fdca2cf6f8345d3ea8d9ce5e78acd7c,352,176.00,3.95,1,7,4,0.026048,0.611209,Minotaur,minotaur(pow_w:0.50),2.22,120,0
24,3,0x89100a8056319ba37491b32ba255004180607bc2,3.786807,1772472130,1ec8ab6d5f2ec3d6bab1a76167ead9d9c4258d921acd67ac5d5c87834c7bec92,197,98.50,4.15,2,7,4,0.026319,0.612889,Minotaur,minotaur(pow_w:0.50),2.14,121,0
24,4,0x07902d0371763a00d97ed9ba16ff0a206cb0fd19,5.537009,1772472132,eda80ad6232e960bdfae7f4a9ce66df5e06582ad3085e4312a486d369447d536,354,118.00,3.98,1,6,4,0.026260,0.613228,Minotaur,minotaur(pow_w:0.50),2.79,122,0
25,0,0x9ba702916c26a8583a7f277d6932b3c0d9927ce0,1.197687,1772472134,7974d57ad80b61813658530ed24f3c81a439fe76d684650447a67b181d3c9143,306,153.00,2.74,1,4,3,0.026275,0.614191,Minotaur,minotaur(pow_w:0.50),2.54,123,0
25,1,0x719361397abe003a91af76243e5f9c7a0cd4279f,4.542936,1772472137,890c46479ff3e4c6e83bfa61d6701d37cb99327f642714e62534228e53ae64aa,305,152.50,4.32,1,7,5,0.026106,0.612122,Minotaur,minotaur(pow_w:0.50),2.55,124,0
25,2,0xa447d277b02012c2afd9ddcbbe123f27cc971963,2.809325,1772472138,1954baca5d74313fd0dde9f0e40ba8b6b156c766f05382f8e701c55aaeb9b91f,296,148.00,3.86,1,5,4,0.026079,0.612656,Minotaur,minotaur(pow_w:0.50),2.45,125,0
25,3,0x13f9dadc05f6c237b03411e2aed1800cf21a5d89,0.274492,1772472140,162076f8f4023cd8b3dc7e37637a9e1452688e758c799311ce9ea43d988f3207,166,166.00,3.46,1,5,3,0.025979,0.612439,Minotaur,minotaur(pow_w:0.50),1.95,126,0
25,4,0x269cdf52f97e1d9f14b7be895155a7b294f0b21d,0.722783,1772472142,517e85414b70f9b9091718c70b3eee9ad25935c12cdf8c07aec9a4990bd4e632,375,187.50,2.96,1,5,3,0.025776,0.608894,Minotaur,minotaur(pow_w:0.50),2.15,127,0
26,0,0xeaa5003682d7289190651081ae2bee847097afc5,3.765925,1772472144,960db27eb93a88ac597baeec55034ce6f6284feb8ce96665200f5fb9eb1e046f,145,72.50,3.37,1,5,3,0.025594,0.606073,Minotaur,minotaur(pow_w:0.50),1.65,128,0
26,1,0x34412315480562da4810040fd15c81f99880e1ab,7.911373,1772472146,4a5ad76c1390d10847198b8bfc96138df6ab93328e89f790e7097da1ccd07d0b,290,96.67,4.36,1,7,4,0.025595,0.606082,Minotaur,minotaur(pow_w:0.50),2.94,129,0
26,2,0xdcf2130496e27a8094ab996aea4aa77788d65869,8.513817,1772472148,d3e023eaba25f648f7df6a28d7be7fdb98fec0a3590d9ff1555c80320a93fce8,325,162.50,4.11,1,6,4,0.025705,0.607403,Minotaur,minotaur(pow_w:0.50),2.70,130,0
26,3,0xdcf2130496e27a8094ab996aea4aa77788d65869,9.516607,1772472150,1ff8ed0e32fbce7a9635c15d411deb0c98833b7c4ef351883cf5a9bd4706a1a7,281,140.50,3.98,2,6,4,0.025836,0.608730,Minotaur,minotaur(pow_w:0.50),2.54,131,0
26,4,0xc4dc29db975b952e04358340e56b68fa4ba63fbc,1.542641,1772472153,c5276d21bc30d7c5244b616c1417d38fbdfc2780c0971c232d4c506b91c29980,277,138.50,3.94,1,6,4,0.026004,0.610166,Minotaur,minotaur(pow_w:0.50),2.43,132,0
27,0,0xc4dc29db975b952e04358340e56b68fa4ba63fbc,2.545521,1772472154,9052426a60a2fe9a225a32137ade4047cd137875a7085694a086a91c1c332779,290,145.00,3.71,1,6,4,0.025854,0.608507,Minotaur,minotaur(pow_w:0.50),2.49,133,0
27,1,0x4414c05be2cf328f38d2e3ef4b705d6b894f044a,5.094269,1772472156,32960494102f7bd9c1c8f49fa35b93f0a889b53e6e8ef93f19f6b402b1cbe380,175,175.00,3.73,1,6,4,0.025745,0.608029,Minotaur,minotaur(pow_w:0.50),1.81,134,0
27,2,0x30405867b72597aaeb27803bb2c7f3f5fc7d5384,2.521474,1772472158,afc9bfc351306dc694dfd974dd2f281e6ea271e1ef07c959618770edb3797375,301,150.50,3.84,1,6,4,0.025736,0.608734,Minotaur,minotaur(pow_w:0.50),2.10,135,0
27,3,0x34412315480562da4810040fd15c81f99880e1ab,8.914373,1772472160,18c570a1d39ddf4614e2db7b835d87c94f5286aa5614a1655ef455b0678196e9,220,110.00,3.63,1,6,4,0.025627,0.608152,Minotaur,minotaur(pow_w:0.50),1.95,136,0
27,4,0x58a21eeb7ab18ba8adf1296e66a4487076e95dac,7.096784,1772472162,68f981434daf4c2f4de6c799ebeec2b38792150be780ef5bb07b198853017249,306,102.00,3.91,1,6,4,0.025627,0.608160,Minotaur,minotaur(pow_w:0.50),2.60,137,0
28,0,0x719361397abe003a91af76243e5f9c7a0cd4279f,5.545436,1772472164,425fb39ae492b42b24e04ae6c8c9a0217cd042a4c44cf7378484af9ca892004f,298,149.00,3.97,1,6,4,0.025824,0.610545,Minotaur,minotaur(pow_w:0.50),2.59,138,0
28,1,0xdcf2130496e27a8094ab996aea4aa77788d65869,10.519147,1772472167,eee5b0768aea2a85f93bcd954b5c76f961bee88614ef5e69a87aa00a4e7a4092,316,158.00,3.93,1,6,4,0.025828,0.611330,Minotaur,minotaur(pow_w:0.50),2.55,139,0
28,2,0x687bf2437a044a3e42ff2f8a79a8e54ba9601f70,1.062869,1772472168,1bbad878cf7e3a43575dc50d6eb3579d0316757a8e6a3df3189d4203f48fe357,309,154.50,3.83,1,6,4,0.026013,0.612792,Minotaur,minotaur(pow_w:0.50),2.47,140,0
28,3,0xa3786e459f289a76c0e8af8ad834e3d0c6d47199,13.745823,1772472170,be664822d5cbfbdfda56b0a414cb210cb4f788b3a28fbfcd27aabfd2364f2a3c,162,162.00,3.71,1,7,4,0.025849,0.610507,Minotaur,minotaur(pow_w:0.50),1.87,141,0
28,4,0x8c11ec9090dd820c076e57e899d9c604c79d6b32,2.564729,1772472172,0afda7178f765147c355264e476b910c5e85fad614b47d535e1e84d9dbd7a76f,299,149.50,4.25,1,6,4,0.026147,0.612135,Minotaur,minotaur(pow_w:0.50),2.26,142,0
29,0,0x1cb1274c711a6c2e4e1596846e6ac604eeefb358,1.407261,1772472174,4a0f259becd0c76a843208f37c4976931b93ddf9cf433a31502a4606785a416a,213,106.50,4.05,1,6,4,0.026147,0.612143,Minotaur,minotaur(pow_w:0.50),2.08,143,0
29,1,0x719361397abe003a91af76243e5f9c7a0cd4279f,6.548466,1772472176,f45436bcf6ff11b4622c8743a2c076d60cd1a0e25e6a79ea34a36c737718dee3,326,108.67,3.52,1,5,4,0.025884,0.609621,Minotaur,minotaur(pow_w:0.50),2.71,144,0
29,2,0x9bdb1c7ad4bd8fe797b07c08117c74a591dbab2d,0.444962,1772472178,f16c1297d1d95dc6f849ce6fa034706de22f94bbef8b421f546bda8d98bf7f8c,289,144.50,3.94,1,5,4,0.025917,0.610612,Minotaur,minotaur(pow_w:0.50),2.49,145,0
29,3,0xc24b36dee27726233c3bbd9e1f028f98b6b2a424,5.416029,1772472181,7d6897b36d9b5cb27f165ab3fc0b7cae9c354bd070bc941556e04a3284b4865f,320,160.00,3.85,1,6,4,0.025734,0.607446,Minotaur,minotaur(pow_w:0.50),2.48,146,0
29,4,0xe6ebb0cdfd04183d498964e5efc4096ba77b17d6,12.312393,1772472182,6d4cc7663ad7a1854e8038b92a82f25f9dcdbbd13e979ee0128dabe86175493f,315,157.50,3.94,1,6,4,0.025725,0.608093,Minotaur,minotaur(pow_w:0.50),2.45,147,0
30,0,0xd61b00c297972877b45f8d7f4d67fdaf20c67c59,4.342701,1772472184,cbbac13909c270fdbb453a010be5ced715ded6c93a8721bb558c907cf42ec434,160,160.00,3.97,1,6,4,0.025954,0.609604,Minotaur,minotaur(pow_w:0.50),1.79,148,0
30,1,0x075e1d95c7891e1c00414ca1aa9a7a8cf6270019,0.137275,1772472186,3bad1e832b5d93b45d3008d82044844e3c1f9243dc569fb75bc09fd74fc4aa3e,213,106.50,4.31,1,6,4,0.025906,0.609935,Minotaur,minotaur(pow_w:0.50),1.90,149,0
30,2,0xe478b1e4d1538274c0c70cbd7df877f9abab2f62,2.295906,1772472188,b43a6b81029133b4c3552a08516eadb5dc755c0f328692d1c9dc2e935abe2157,374,124.67,3.05,1,5,3,0.025714,0.606302,Minotaur,minotaur(pow_w:0.50),2.86,150,0
30,3,0xd1cd4b808ce6b2841ad42746b64c5a047e857ef0,0.236124,1772472190,b3c595bb3bbf99854e235174566fe8617e82a1b3cc7a4664da701fc88ca27735,143,71.50,4.14,1,6,4,0.025598,0.605432,Minotaur,minotaur(pow_w:0.50),2.08,151,0
30,4,0xe6ebb0cdfd04183d498964e5efc4096ba77b17d6,13.313823,1772472193,6ebeb8f5c777072127772e70c8f9a6244199723b1aa5ba012c9dedb91abab4ae,276,138.00,3.95,1,6,4,0.025414,0.601929,Minotaur,minotaur(pow_w:0.50),2.47,152,0
31,0,0x58a21eeb7ab18ba8adf1296e66a4487076e95dac,8.099384,1772472194,306bc58aa9f5f890399c30d0b178b13b6f6db4cd5dd3b1bab2961c8a0362de42,279,139.50,4.17,1,7,4,0.025666,0.603435,Minotaur,minotaur(pow_w:0.50),2.50,153,0
31,1,0xa3786e459f289a76c0e8af8ad834e3d0c6d47199,14.748403,1772472196,5483de77ec2e2e266ae94e010f6dd1e2869d7c0b72b302035c6fc83dfeb2bf1b,160,160.00,3.67,1,5,4,0.025741,0.604523,Minotaur,minotaur(pow_w:0.50),1.84,154,0
31,2,0xbc3f8508d26048f2064aa8c068f4c94d08d77d18,3.063899,1772472198,2a3f673718ff57d708f462a1298afbb050c3e52a29d96315d4af53c54bf2f035,320,160.00,4.26,1,6,4,0.026031,0.606090,Minotaur,minotaur(pow_w:0.50),2.36,155,0
31,3,0x34412315480562da4810040fd15c81f99880e1ab,9.916873,1772472200,f5987358457a02e4f094687fbf605d562eda9af4f5958e291287922a0a8d8596,201,100.50,4.15,1,6,4,0.025938,0.605902,Minotaur,minotaur(pow_w:0.50),1.99,156,0
31,4,0xeb82a21cb3d0dd781eb22ad74bb7cd9b4d2a06ec,5.928405,1772472202,94eb60c7d6c3cd0aa5a43b91df552b95e1c5b7ac7cc8bf78f04df2a31c8798f8,296,98.67,4.02,1,6,4,0.026065,0.607172,Minotaur,minotaur(pow_w:0.50),2.74,157,0
32,0,0xa3786e459f289a76c0e8af8ad834e3d0c6d47199,15.751453,1772472205,87c9353c9c5c77266bdc16c19a603ec270cea6885dd5a3016d391336b138a76b,304,152.00,4.08,1,6,4,0.026062,0.607893,Minotaur,minotaur(pow_w:0.50),2.48,158,0
32,1,0xe478b1e4d1538274c0c70cbd7df877f9abab2f62,3.297106,1772472206,b941f09dcda5b91ddb8071df9f730774e1583988b99b76cab2177eb1ee747981,268,134.00,4.29,1,6,4,0.026369,0.609419,Minotaur,minotaur(pow_w:0.50),2.47,159,0
32,2,0xeb82a21cb3d0dd781eb22ad74bb7cd9b4d2a06ec,6.931385,1772472208,d89e05a57c7c1bf30438474091254085d93fe50ea992ddd5821ac0bf1ed29c24,168,168.00,3.86,1,5,4,0.026280,0.609352,Minotaur,minotaur(pow_w:0.50),1.92,160,0
32,3,0xd61b00c297972877b45f8d7f4d67fdaf20c67c59,5.344441,1772472210,cb0415f01400c63faf3d4abe2e5004edb5ba2e1f085fa9ae7d1d1497f5f39ea4,340,170.00,4.03,1,7,4,0.026304,0.610262,Minotaur,minotaur(pow_w:0.50),2.33,161,0
32,4,0xd46407aa7b668c72de3cf1c1a12b7fa2e308a1b2,4.994529,1772472212,ff46df07e38424b161e389b90da807acfd66208d88ae8e998b6718b75a5c0853,164,82.00,4.20,1,7,4,0.026278,0.610734,Minotaur,minotaur(pow_w:0.50),2.30,162,0
33,0,0x4414c05be2cf328f38d2e3ef4b705d6b894f044a,6.096459,1772472214,ad747132c4c84cdf433acc7938d624fae0c6a4915325dd709080fa4bb584df81,350,116.67,3.88,1,6,4,0.026242,0.611078,Minotaur,minotaur(pow_w:0.50),2.91,163,0
33,1,0xeb82a21cb3d0dd781eb22ad74bb7cd9b4d2a06ec,7.934685,1772472216,c43a1c2d77e7cd5210318af73fce18bf48a3d1ae64d71df080fb7d168c58b4ae,188,94.00,3.95,2,6,4,0.026238,0.611719,Minotaur,minotaur(pow_w:0.50),2.41,164,0
33,2,0x26d553a2f4343b3a7dc88bbd87b3d0a25d3838d9,3.214070,1772472219,46564c3147687458c4ff5684168088949efb5ff54fdfc5341627d4981854dba7,302,151.00,4.09,1,7,4,0.026289,0.612657,Minotaur,minotaur(pow_w:0.50),2.48,165,0
33,3,0xa3786e459f289a76c0e8af8ad834e3d0c6d47199,16.753873,1772472220,997d9ba75bc60a4b1db1277d60b1240d736c30f8592871845bc5963696ed9bf4,301,150.50,3.77,1,6,4,0.026197,0.612441,Minotaur,minotaur(pow_w:0.50),2.47,166,0
33,4,0x30405867b72597aaeb27803bb2c7f3f5fc7d5384,3.522944,1772472222,b82cd17bf7bd23fe923586ca73248ebcd6f11e285a5551e91f1ff725fce0c85b,133,133.00,4.33,1,6,4,0.026508,0.613902,Minotaur,minotaur(pow_w:0.50),1.97,167,0
34,0,0x1796dc61e715f15a2d27dfa32bd34780f12a8c24,2.722001,1772472224,3be8463f50d8e5802c03f998c25ec46aa75a3c37f531c1c9f8bfe54d53c23d94,349,174.50,3.49,1,5,3,0.026423,0.613839,Minotaur,minotaur(pow_w:0.50),2.19,168,0
34,1,0xf6e059718dbd0a0956726ab97d06bad5efc6cd18,1.011647,1772472226,8cb587777385a92d5e5a5b33e25f259f067073d679797501fb00239f0acbac2b,211,105.50,3.26,1,5,3,0.026423,0.613844,Minotaur,minotaur(pow_w:0.50),1.76,169,0
34,2,0xe478b1e4d1538274c0c70cbd7df877f9abab2f62,4.298536,1772472228,8d08d74c43f3eb5e6a46685f9da9bd234fa12cd7241dfdb04b9867f7240d3377,292,97.33,3.78,1,6,4,0.026266,0.611550,Minotaur,minotaur(pow_w:0.50),2.54,170,0
34,3,0x408bb0bf84df50b21c53c74420987f172d4036a1,0.794794,1772472230,c527abab4b8c5446fe3fe125944dd402ab6f588cf762fc5fbe953bbd06f176fa,278,139.00,4.03,1,6,4,0.026206,0.611728,Minotaur,minotaur(pow_w:0.50),2.50,171,0
34,4,0xaadc5fea232580cb8fba739ac5d05a48559c7e52,2.353913,1772472233,8896ede2d9e9ee0cdc7b682eb0ab9f5a5ead04a5275196134c0ade91c4473136,295,147.50,3.74,1,6,4,0.026045,0.609100,Minotaur,minotaur(pow_w:0.50),2.48,172,0
35,0,0x34412315480562da4810040fd15c81f99880e1ab,10.919403,1772472234,e197e220e5ee9c1cee38dabee2b4526d2a7acd17493a2a4217e213ce28629ec0,299,149.50,4.28,1,6,4,0.025930,0.608226,Minotaur,minotaur(pow_w:0.50),2.47,173,0
35,1,0x6064b9f5883bf9737dfe314ff68c56e09e68ac89,2.186969,1772472236,a15b952c69288e5e6e35d03959bdc7e822e0471b663dfd69d50c06bf84143bce,183,183.00,3.84,1,6,4,0.026059,0.609475,Minotaur,minotaur(pow_w:0.50),1.77,174,0
35,2,0xa447d277b02012c2afd9ddcbbe123f27cc971963,3.809385,1772472238,e9d8bb86348c414ae9473ae231d164a8a366ec0eaa0bfb5e9f05c1d06041c41f,356,118.67,3.92,1,6,4,0.025939,0.608428,Minotaur,minotaur(pow_w:0.50),3.04,175,0
35,3,0xac768e60b9269babb15cb1e36ee843243d7c7543,9.730458,1772472240,0e6b57da6d8ad94e788f9a9282a487e41b22c6bd5f18b9e5e27ac5fc6d0b977e,162,162.00,3.60,2,6,4,0.025866,0.608414,Minotaur,minotaur(pow_w:0.50),1.64,176,0
35,4,0x1796dc61e715f15a2d27dfa32bd34780f12a8c24,2.721771,1772472242,e566dac7e5790d76a36e140180e56a9c16e53a001171c09613b8e01475aefd5e,306,102.00,3.95,1,6,4,0.025958,0.609497,Minotaur,minotaur(pow_w:0.50),2.58,177,0
36,0,0x3513d672439a59c26cc5711f2b715ccb4810a774,3.293725,1772472245,382f1207c28eac93f91deed53d53ad56cc0fdc6c85b72ffd039a39fb5058d09f,322,161.00,3.35,1,5,3,0.025854,0.608766,Minotaur,minotaur(pow_w:0.50),2.64,178,0
36,1,0x26d553a2f4343b3a7dc88bbd87b3d0a25d3838d9,4.216710,1772472246,b37474de84be9a180b38e929f8609f446cc763141e55a21b5204c6f378285361,299,149.50,3.77,1,5,4,0.025767,0.608430,Minotaur,minotaur(pow_w:0.50),2.49,179,0
36,2,0x34412315480562da4810040fd15c81f99880e1ab,11.921033,1772472248,c18441f8696756746c2f0741b21dec5042fcdea062b91e0e5e020057d5b87035,171,171.00,3.70,1,6,4,0.025706,0.608476,Minotaur,minotaur(pow_w:0.50),1.93,180,0
36,3,0xc24b36dee27726233c3bbd9e1f028f98b6b2a424,6.417999,1772472250,634cffd60c73969977c520643c12210cf9bc48c390d5a4f009c90832a83e6807,345,172.50,3.91,1,6,4,0.025852,0.609737,Minotaur,minotaur(pow_w:0.50),2.29,181,0
36,4,0x6d6b2734a20229ddd7fd4a1470ba3e3bad4e4a85,3.642244,1772472252,6dadf1d998ae521270708c4f40858cef76a36f24c7ff6297b403b8e0a070c143,190,95.00,4.01,1,6,4,0.025849,0.610383,Minotaur,minotaur(pow_w:0.50),2.07,182,0
37,0,0xd46407aa7b668c72de3cf1c1a12b7fa2e308a1b2,5.997379,1772472254,0540a20b4365a68a030b939e76bfdc28143c1a52b6963138c45135dc6ec688db,355,118.33,3.85,1,6,4,0.025771,0.610156,Minotaur,minotaur(pow_w:0.50),2.69,183,0
37,1,0xa3786e459f289a76c0e8af8ad834e3d0c6d47199,17.754693,1772472256,5374da1cfa33a67ed82003b343f27998a9430b95d7b62c919ef8e126cd961447,298,149.00,3.90,1,6,4,0.025755,0.610616,Minotaur,minotaur(pow_w:0.50),2.59,184,0
37,2,0x8c11ec9090dd820c076e57e899d9c604c79d6b32,3.565499,1772472259,f7dfb92b7604fb15563895410f672e17f33755ed837f20b3601eae6c5df6998e,325,162.50,4.36,1,6,4,0.026047,0.611999,Minotaur,minotaur(pow_w:0.50),2.48,185,0
37,3,0x6d6b2734a20229ddd7fd4a1470ba3e3bad4e4a85,4.645684,1772472261,507f1c53a19a91a31c958cc5b8b62b85d6d60500073956168f1d93d1714e0713,286,143.00,4.15,1,6,4,0.025965,0.611670,Minotaur,minotaur(pow_w:0.50),2.40,186,0
37,4,0x37cc7a82e66d4f4c2ae13b9ee895d3af1a1d7a05,0.259025,1772472263,e3ff656b7da832a9f987db16875aaffb181e9b579e286ce4471e13dedd531468,324,162.00,3.71,1,7,4,0.025912,0.611777,Minotaur,minotaur(pow_w:0.50),2.35,187,0
38,0,0x60705151f1f537cacd5b801f3ef1b31dc3f605de,2.304984,1772472265,033ff616eaa20bc1ec787fc6e70ba3addeeb45c69922c74db0a4219a534e7a15,182,91.00,3.70,1,6,4,0.025747,0.608596,Minotaur,minotaur(pow_w:0.50),2.09,188,0
38,1,0x26d553a2f4343b3a7dc88bbd87b3d0a25d3838d9,5.218080,1772472267,e72e2fd18a2b3ab44a1fcbb07ad594be49aab25b6b351490f6e0f6ed517c7577,322,107.33,4.17,2,6,4,0.025747,0.608601,Minotaur,minotaur(pow_w:0.50),2.84,189,0
38,2,0x719361397abe003a91af76243e5f9c7a0cd4279f,7.550136,1772472269,d7904e1afa7bef15f0087706d20973df719f3b3fa84a015e32d58d686215d34c,285,142.50,3.83,1,6,4,0.025597,0.607802,Minotaur,minotaur(pow_w:0.50),2.55,190,0
38,3,0x1796dc61e715f15a2d27dfa32bd34780f12a8c24,3.724621,1772472272,c5e180861edeb4f9093cba3e31c32d10cece9c51471499fcd383fbdc7708c11e,319,159.50,3.82,1,5,4,0.025618,0.608599,Minotaur,minotaur(pow_w:0.50),2.49,191,0
38,4,0x07902d0371763a00d97ed9ba16ff0a206cb0fd19,6.537939,1772472274,c3e7a343fb90ae91ca7ae19c486cb7135e5072df00a2dbd8c6706ac2084ab6b6,322,161.00,3.26,1,5,3,0.025543,0.608286,Minotaur,minotaur(pow_w:0.50),2.44,192,0
39,0,0xa3786e459f289a76c0e8af8ad834e3d0c6d47199,18.757683,1772472276,1163ee1c144a719bb7f059896d62dbb33fea5bb1ea7dc4e1def6ae33b7030539,375,125.00,2.70,1,4,3,0.025538,0.608844,Minotaur,minotaur(pow_w:0.50),3.03,193,0
39,1,0x89100a8056319ba37491b32ba255004180607bc2,4.788477,1772472278,79562414af18018e7419dcee8c1fe51e4d7a93f9a9311a69228f1015053bdb80,109,109.00,3.95,1,6,4,0.025831,0.610185,Minotaur,minotaur(pow_w:0.50),1.50,194,0
39,2,0xa3786e459f289a76c0e8af8ad834e3d0c6d47199,19.758723,1772472280,7a93e99e4c2fc6711e4368fe608e2f26d7ae10a5f8dc12f25da48d9f325d2a28,336,112.00,3.80,1,6,4,0.025780,0.610242,Minotaur,minotaur(pow_w:0.50),2.74,195,0
39,3,0xdcf2130496e27a8094ab996aea4aa77788d65869,11.520607,1772472282,502e224514ad7eebed7ffcbdddaccbb547da18af997ba9ef4e0212f6b62ed930,275,137.50,4.21,1,6,4,0.026091,0.611570,Minotaur,minotaur(pow_w:0.50),2.56,196,0
39,4,0xe6ebb0cdfd04183d498964e5efc4096ba77b17d6,14.315223,1772472285,1789e0c75e2c94f0b3d6e18dcd7966ae3fd21c642b1112eb1d212dcdc8509ba9,285,142.50,3.87,1,5,4,0.026200,0.612684,Minotaur,minotaur(pow_w:0.50),2.56,197,0
40,0,0xd39dbd3662315e3935ec08e6b6028e73b3c09de2,2.922170,1772472286,c69e2740d79ea31859add003ccfb47caab99a071b117a1532704576702444aaa,304,152.00,4.11,1,7,4,0.026373,0.613924,Minotaur,minotaur(pow_w:0.50),2.49,198,0
40,1,0x6d6b2734a20229ddd7fd4a1470ba3e3bad4e4a85,5.648554,1772472288,974f0be369d24f41c53ae35a1e1c006a43618645f123cd127802869483b55602,142,142.00,4.43,1,6,5,0.026273,0.613194,Minotaur,minotaur(pow_w:0.50),1.94,199,0
40,2,0x30509a8084fdfe6fe24d9c9a817c209ad194f8e3,5.660149,1772472290,43b42c509d9ccf91648a1d6d20f7aa1f1dac1f6880cbf1b72d817664e94bb8c5,358,179.00,3.68,1,6,4,0.026273,0.613201,Minotaur,minotaur(pow_w:0.50),2.27,200,0
40,3,0x30509a8084fdfe6fe24d9c9a817c209ad194f8e3,6.662309,1772472292,d3b60a697f9c57a88bc39887771e92582ab631e6b6724eb1febd10ef19a52471,217,108.50,3.38,2,5,4,0.026203,0.613611,Minotaur,minotaur(pow_w:0.50),1.69,201,0
40,4,0xa3786e459f289a76c0e8af8ad834e3d0c6d47199,20.761313,1772472294,a44fcc6e12121ef195f9c23b80b5dad11ea2b56ffd027ed9c8dc207454421320,317,105.67,3.47,1,5,3,0.026203,0.613616,Minotaur,minotaur(pow_w:0.50),2.62,202,0
41,0,0xa9a524611994a27dd3134d643379aa14edf7cb39,0.090640,1772472296,b5f383fb6df5e3e1b43df80139471c9aff31c037c8d18937c55f3d19797d1b15,303,151.50,4.31,1,6,4,0.026504,0.615391,Minotaur,minotaur(pow_w:0.50),2.51,203,0
41,1,0xeaa5003682d7289190651081ae2bee847097afc5,3.763935,1772472299,4a909e12b50c5d6fecdd570e5306e2011e3bbfb9a79acc1604843485178e6375,300,150.00,3.96,1,6,4,0.026338,0.612118,Minotaur,minotaur(pow_w:0.50),2.51,204,0
41,2,0x016d3fc36beee7caa8fbd6c1caa42461dd7f9850,0.874189,1772472301,2b363df74d8ff87aa0b7ec88fabe378eebffcfbe289d988aea956540132439fe,331,165.50,4.29,1,6,4,0.026258,0.611742,Minotaur,minotaur(pow_w:0.50),2.43,205,0
41,3,0xa3786e459f289a76c0e8af8ad834e3d0c6d47199,21.764223,1772472303,009082d54f5a11c01d46a4e9b455bbe2286d0d85dbd063661b621de56eec4074,273,136.50,3.03,1,5,3,0.026113,0.609405,Minotaur,minotaur(pow_w:0.50),2.16,206,0
41,4,0x30509a8084fdfe6fe24d9c9a817c209ad194f8e3,7.665269,1772472305,16bd78e1ce92ef9c39a53b54286cc72065184a7c787c0ca46f3f4bdd6b2ad8b9,259,129.50,4.14,1,6,4,0.026438,0.610687,Minotaur,minotaur(pow_w:0.50),1.80,207,0
42,0,0x60705151f1f537cacd5b801f3ef1b31dc3f605de,3.307704,1772472307,4623ebced972c81bf00541639421ead3ed7771654100e40e81002404e69fba74,348,116.00,3.46,1,6,3,0.026444,0.611368,Minotaur,minotaur(pow_w:0.50),2.80,208,0
42,1,0xd46407aa7b668c72de3cf1c1a12b7fa2e308a1b2,6.999559,1772472309,d4c98145af01f4adf3ece3c7ab8504ac32215e5d775f18d5cf42773ff8325f85,299,149.50,4.23,1,6,4,0.026353,0.610786,Minotaur,minotaur(pow_w:0.50),2.57,209,0
42,2,0x58a21eeb7ab18ba8adf1296e66a4487076e95dac,9.099454,1772472312,6781aec5c703b4576055911eea2534a3171f7a3069350c06a2e4d1bff9754c2d,273,136.50,3.98,1,6,4,0.026343,0.611319,Minotaur,minotaur(pow_w:0.50),2.47,210,0
42,3,0x719361397abe003a91af76243e5f9c7a0cd4279f,8.552656,1772472313,b917201742b14cd14f4f2479f46911c7f29e038a6a4402f646f0ac198cfa6c7e,291,145.50,3.91,1,6,4,0.026379,0.612178,Minotaur,minotaur(pow_w:0.50),2.45,211,0
42,4,0xd61b00c297972877b45f8d7f4d67fdaf20c67c59,6.344521,1772472315,83d045efdc3acd28991a20d74930c40b541ebfea8613314f50c61d1dd48f5f37,164,164.00,3.70,2,5,4,0.026402,0.612936,Minotaur,minotaur(pow_w:0.50),1.82,212,0
43,0,0xe478b1e4d1538274c0c70cbd7df877f9abab2f62,5.300036,1772472317,b3537073e1763c6b54c59f1ab7688d6610ed51ccf31a38bd3641ec0f3c2c0adc,320,160.00,4.57,1,7,5,0.026377,0.613222,Minotaur,minotaur(pow_w:0.50),2.25,213,0
43,1,0xd39dbd3662315e3935ec08e6b6028e73b3c09de2,3.923110,1772472319,bfa492b59f1275e4e087db179391dd0faa721aaf48187cc4ca180d89a0d9132d,258,129.00,4.02,1,5,4,0.026329,0.613256,Minotaur,minotaur(pow_w:0.50),1.94,214,0
43,2,0xdcf2130496e27a8094ab996aea4aa77788d65869,12.522847,1772472321,749d8d1881418e4caa6ebb1c5a296aca964f6cbaedcbfd5885a73bfb82ddb730,304,101.33,4.46,1,6,5,0.026252,0.612881,Minotaur,minotaur(pow_w:0.50),2.69,215,0
43,3,0x606627477c3734932f47972f83c27cf4e3b35b4f,10.390747,1772472324,204d72d2d6e660efb8dd398cd2d736b0c19128b58186a5b70178034f99d1361f,317,158.50,3.98,1,6,4,0.026357,0.613961,Minotaur,minotaur(pow_w:0.50),2.57,216,0
43,4,0x26d553a2f4343b3a7dc88bbd87b3d0a25d3838d9,6.220020,1772472325,b00069514ea57d23e7ef7b785c532574ec053d10be169dcc03087b9cfe018204,309,154.50,3.71,1,5,4,0.026415,0.614903,Minotaur,minotaur(pow_w:0.50),2.44,217,0
44,0,0x687bf2437a044a3e42ff2f8a79a8e54ba9601f70,2.062249,1772472327,2c4280638b265c3cd39d18b04b6c310c61f6b0cd3cf3c81dec7d60962a0305bf,162,162.00,3.62,1,6,4,0.026385,0.615083,Minotaur,minotaur(pow_w:0.50),1.84,218,0
44,1,0x9ba702916c26a8583a7f277d6932b3c0d9927ce0,2.197827,1772472329,c1c06c4536c0f7fb9b8dea30ce1668bd4b388207ade6449c534221ba2cb24ccb,325,162.50,3.81,1,7,4,0.026269,0.613949,Minotaur,minotaur(pow_w:0.50),2.12,219,0
44,2,0xeb82a21cb3d0dd781eb22ad74bb7cd9b4d2a06ec,8.935915,1772472331,8bfded2c415525a101d99ec453b3a626a94b3c1f0088c50fd1a903342d68d09a,148,74.00,3.62,1,5,4,0.026156,0.612822,Minotaur,minotaur(pow_w:0.50),1.77,220,0
44,3,0x213068cb42718d1dd6d00a6d94d62a3def0e68eb,2.369639,1772472333,39672813924cd94aae5565a5cda116bec5f384c91e7de3312a4c65de7d5025fb,342,114.00,4.15,1,7,4,0.026182,0.613550,Minotaur,minotaur(pow_w:0.50),2.74,221,0
44,4,0x4414c05be2cf328f38d2e3ef4b705d6b894f044a,7.096539,1772472336,58f4737c47e1fa4c93076393c7fa1885cb91a5da16e0eb8413c05724465831ae,316,158.00,3.63,1,5,4,0.026074,0.612461,Minotaur,minotaur(pow_w:0.50),2.53,222,0
45,0,0xe6ebb0cdfd04183d498964e5efc4096ba77b17d6,15.317553,1772472337,3cc021731d8f9cfe2b19824f9347ef54daf4c39ad959134db3ee761f446a7b4d,317,158.50,3.94,1,6,4,0.026062,0.612900,Minotaur,minotaur(pow_w:0.50),2.47,223,0
45,1,0x81193196c1dbdbf80709d43a5af5ce21c201fbd7,1.835229,1772472339,3bfdb4c8e2cccfa28aa5f4b1f7e4745d7e1d981325caff795bd0e9e2a7956278,169,169.00,3.98,1,7,4,0.026215,0.614038,Minotaur,minotaur(pow_w:0.50),1.92,224,0
45,2,0xbc3f8508d26048f2064aa8c068f4c94d08d77d18,4.063709,1772472341,db07d88ce8382c8195a04a29254cbc8c62923d42529443fe1bcd7e8962195ea0,337,168.50,3.89,2,6,4,0.026096,0.612687,Minotaur,minotaur(pow_w:0.50),2.28,225,0
45,3,0x71f297f96355f349d66f0e9b681e7d4e11224660,0.164960,1772472343,2a3e6c43c61f71ccbf3ee84d4af3884e2476bb3817216389784e5d5dcad9f0c8,186,93.00,4.18,1,6,4,0.026023,0.612343,Minotaur,minotaur(pow_w:0.50),2.05,226,0
45,4,0x3d92e045fb1847aae132b40ebfcc471a32f687de,0.122085,1772472345,13f748262c001a3ca9af8b6a9b66e8e1ec68b5443f878de1e7b8e91b2c5d77e2,322,107.33,4.05,1,6,4,0.025873,0.609318,Minotaur,minotaur(pow_w:0.50),2.72,227,0
46,0,0x81d019380961f92c2031b0a7fba69f7675145088,0.488063,1772472347,6b5589b612a3a34b91a0464165afe4a5f00292bd663d795f2fd47abfb539f764,304,152.00,3.91,1,5,4,0.025723,0.606210,Minotaur,minotaur(pow_w:0.50),2.51,228,0
46,1,0xc24b36dee27726233c3bbd9e1f028f98b6b2a424,7.418499,1772472350,3e55609d47887f28bedadb4b4bfc5285997610bc12ac96c08bf57b882fe17e95,331,165.50,3.87,2,7,4,0.025583,0.603486,Minotaur,minotaur(pow_w:0.50),2.53,229,0
46,2,0xa447d277b02012c2afd9ddcbbe123f27cc971963,4.809215,1772472352,1c18255a998588f0ae56d5ccee94f39553c37974827f036a28b490e38a2d513e,312,156.00,4.01,1,6,4,0.025577,0.603986,Minotaur,minotaur(pow_w:0.50),2.51,230,0
46,3,0x016d3fc36beee7caa8fbd6c1caa42461dd7f9850,1.876149,1772472354,10127dff4e5321779702d8715cc6ddc393b4804c181d9a13527e28fc3e7482a7,287,143.50,3.38,1,6,3,0.025521,0.603927,Minotaur,minotaur(pow_w:0.50),2.25,231,0
46,4,0x26d553a2f4343b3a7dc88bbd87b3d0a25d3838d9,7.221230,1772472356,820729a7a23685732726c1a9bf9d541bdb501a08c627ff930f2fbefd42880e0e,375,125.00,3.13,1,5,3,0.025409,0.602595,Minotaur,minotaur(pow_w:0.50),2.90,232,0
47,0,0xeb82a21cb3d0dd781eb22ad74bb7cd9b4d2a06ec,9.938995,1772472358,3cdf231a7d84da196e2aa731fb6b9c4ce5b15b03e1ca7c9a1b9faedbaa04fe35,163,163.00,3.88,2,6,4,0.025399,0.602988,Minotaur,minotaur(pow_w:0.50),1.34,233,0
47,1,0xdcf2130496e27a8094ab996aea4aa77788d65869,13.525357,1772472360,b440bea9b5ca0b4fe9cdfca0f3c5eb3acaaae9d9a6adcc7eb58459fb5bb36f90,325,108.33,4.16,1,7,4,0.025441,0.603818,Minotaur,minotaur(pow_w:0.50),2.50,234,0
47,2,0xdcf2130496e27a8094ab996aea4aa77788d65869,14.528287,1772472362,e989d8df8db23d4c5dd611f0f52a12ddb27af483a80ae6d0c768dd0033abe7b1,296,148.00,3.92,1,6,4,0.025548,0.604886,Minotaur,minotaur(pow_w:0.50),2.51,235,0
47,3,0x4a217e35f6402e7f62a49f6d62e27c6585c2f3fd,1.486337,1772472364,63fe7391c7eff6467e267d7970d79fc4d2e48d566939d08e7e6fbfb6c1e45fe3,132,132.00,3.95,1,6,4,0.025673,0.605945,Minotaur,minotaur(pow_w:0.50),1.98,236,0
47,4,0x07902d0371763a00d97ed9ba16ff0a206cb0fd19,7.540319,1772472366,5f2a2fbaf23ca92464e7dfc7396e48dbff8d849e485c1f2d72bd95b6dc0a4b8b,369,184.50,3.61,1,6,4,0.025553,0.604370,Minotaur,minotaur(pow_w:0.50),2.24,237,0
48,0,0x34412315480562da4810040fd15c81f99880e1ab,12.922453,1772472368,0056cf9d5d320de2a2d3ec1738531e996cf77e87edbec4b4c811027f32c92cee,255,85.00,2.87,1,4,3,0.025547,0.604782,Minotaur,minotaur(pow_w:0.50),2.85,238,0
48,1,0x30405867b72597aaeb27803bb2c7f3f5fc7d5384,4.524474,1772472370,445c23a15d4db11ba5dae77e68cbd0bda2ac9a3b28c75d1d73c1c76f8ae6a227,255,127.50,3.95,1,6,4,0.025638,0.605773,Minotaur,minotaur(pow_w:0.50),2.52,239,0
48,2,0x408bb0bf84df50b21c53c74420987f172d4036a1,1.795394,1772472373,a656a92dc074bff66afc3c08fd5e75b060162847ce2cd94cb9a8b099e390a77f,303,151.50,3.62,1,5,4,0.025575,0.605588,Minotaur,minotaur(pow_w:0.50),2.51,240,0
48,3,0x63f4973c0df8a5358405f396dc0673a463c48de9,6.900497,1772472374,afb115021826d04428f6542dae4d565a0c4b32944eeec9c2732e4f64f07d7f4e,336,168.00,3.77,1,6,4,0.025463,0.604151,Minotaur,minotaur(pow_w:0.50),2.45,241,0
48,4,0xe6ebb0cdfd04183d498964e5efc4096ba77b17d6,16.318573,1772472376,bde122fef840610725abadf9550e294f774a34e397110a2280e5896c4a9c912a,186,186.00,3.62,1,6,4,0.025444,0.604387,Minotaur,minotaur(pow_w:0.50),1.83,242,0
49,0,0xdcf2130496e27a8094ab996aea4aa77788d65869,15.529267,1772472378,5fbdec620201f2faee73dc495e8e1e692666f10cbdcba98bbed67e45eca70a4b,318,159.00,3.97,1,7,4,0.025593,0.605488,Minotaur,minotaur(pow_w:0.50),2.12,243,0
49,1,0xc774b0fee7cabbef3b1ae14bf36db3df0d32c1df,3.173047,1772472380,07c47f55472fab004c73ab00f6afeddb5a911ea1526929f7b4f1efe185cf03b3,213,106.50,3.74,1,6,4,0.025725,0.606521,Minotaur,minotaur(pow_w:0.50),1.99,244,0
49,2,0x9c39f7fffaa5c5cfab20dfdd05663497918580c1,1.424348,1772472382,eb018945100034539d3c281b7091774b892e4633059be368dee7dda042ad3712,324,108.00,4.15,1,6,4,0.025638,0.605879,Minotaur,minotaur(pow_w:0.50),2.73,245,0
49,3,0xc24b36dee27726233c3bbd9e1f028f98b6b2a424,8.421059,1772472385,3dc9f128409cc2bc915288b846f06b24fd0d1b06c39a7bf8dc20f2d3be72f867,276,138.00,4.00,1,6,4,0.025520,0.604214,Minotaur,minotaur(pow_w:0.50),2.52,246,0
49,4,0x07902d0371763a00d97ed9ba16ff0a206cb0fd19,8.542659,1772472386,5200d373ef3764cefa8e4ad61ffb6f0aea369ca560ed6b90096a17a6e3f88031,288,144.00,3.97,1,6,4,0.025525,0.604803,Minotaur,minotaur(pow_w:0.50),2.42,247,0
50,0,0x30509a8084fdfe6fe24d9c9a817c209ad194f8e3,8.667519,1772472388,add3dd4b6e6f0e99a5ad98bd1c33c25d28bac6d87a25ef99203b4a7b23313a1a,238,238.00,2.63,1,4,3,0.025532,0.605355,Minotaur,minotaur(pow_w:0.50),1.54,248,0
50,1,0xac768e60b9269babb15cb1e36ee843243d7c7543,10.731308,1772472390,5b87034b820058746a5c2509e96e73026dfdcc0dc18176cdc2c8cca0ecbfd456,299,149.50,3.43,1,6,3,0.025541,0.605873,Minotaur,minotaur(pow_w:0.50),1.86,249,0
50,2,0xe478b1e4d1538274c0c70cbd7df877f9abab2f62,6.301526,1772472392,36e4a99c05ac402336ea05c066182c722edc98792a10fbe320aa02ea03451841,333,111.00,4.01,1,6,4,0.025584,0.606720,Minotaur,minotaur(pow_w:0.50),2.86,250,0
50,3,0x687bf2437a044a3e42ff2f8a79a8e54ba9601f70,3.064649,1772472394,20ef00ab16f30c6943f11fbaf39e81d0661707f1f6502d8b2c942b6dc321e22d,342,171.00,4.06,1,6,4,0.025551,0.606832,Minotaur,minotaur(pow_w:0.50),2.67,251,0
50,4,0xc774b0fee7cabbef3b1ae14bf36db3df0d32c1df,4.176037,1772472397,023adeca578ee7001d3a1ef21a883c2a6b3f8e72c4a287c81dc668bfa2571426,279,139.50,3.89,1,6,4,0.025463,0.606107,Minotaur,minotaur(pow_w:0.50),2.55,252,0
51,0,0xb2a7fe70a6f3137d38f6cb4c3ec6dd1e24f2d5f4,3.420588,1772472398,11982ee8a5de65a4aa881a34e86ea75ab63a3b1611190e3524a5c0fe87a73f57,341,170.50,4.04,1,6,4,0.025394,0.605748,Minotaur,minotaur(pow_w:0.50),2.47,253,0
51,1,0x07902d0371763a00d97ed9ba16ff0a206cb0fd19,9.544789,1772472400,ccc17bf74fb2d837c0e5184e68ea0df8a0ace726db905b61d8be9cca45219e97,175,175.00,4.18,1,6,4,0.025313,0.605097,Minotaur,minotaur(pow_w:0.50),1.87,254,0
51,2,0xa3786e459f289a76c0e8af8ad834e3d0c6d47199,22.765443,1772472402,6467f2ed4158fa5cff195009399b9e711f19c317c638567d2500c2c7c70abe94,329,109.67,2.72,1,4,3,0.025335,0.605772,Minotaur,minotaur(pow_w:0.50),2.86,255,0
51,3,0xe478b1e4d1538274c0c70cbd7df877f9abab2f62,7.304866,1772472404,be07601902c2f5fa54f733222025ca29985eb574939f41423361fa3470195616,262,131.00,4.19,1,6,4,0.025575,0.606885,Minotaur,minotaur(pow_w:0.50),2.69,256,0
51,4,0x49b57eb4dace37c8819daf079c9c674f766d4f38,2.228010,1772472406,cbd83a722a6a06037b68394cc54e8a191817e614cda93ece32b11f8d464c4b3c,375,187.50,4.12,1,6,4,0.025557,0.607127,Minotaur,minotaur(pow_w:0.50),2.86,257,0
52,0,0x30509a8084fdfe6fe24d9c9a817c209ad194f8e3,9.670079,1772472409,294b34bab11ccb68cc2259f5654abd93574ecb1d3ef44b93a1609ce9726d1f00,212,106.00,3.91,1,6,4,0.025456,0.605911,Minotaur,minotaur(pow_w:0.50),2.59,258,0
52,1,0xac768e60b9269babb15cb1e36ee843243d7c7543,11.734248,1772472410,bc7348089e9b2056e6d77dbade3c59b8e36764b4c947a722f6aa018a56077813,317,158.50,3.38,1,5,3,0.025476,0.606537,Minotaur,minotaur(pow_w:0.50),2.38,259,0
52,2,0x9ba702916c26a8583a7f277d6932b3c0d9927ce0,3.198197,1772472412,e25dc88cf7d0ce1e5025603ecf727e4efd69471b725a9e7a3d1b68c2c36770d6,192,192.00,3.85,1,6,4,0.025529,0.607407,Minotaur,minotaur(pow_w:0.50),1.77,260,0
52,3,0x075e1d95c7891e1c00414ca1aa9a7a8cf6270019,1.137595,1772472414,27844f62348ca6daa174702aa1bbb77fcfeb7a57dfdb9449b331ad1c02ffbb2b,331,165.50,3.75,1,6,4,0.025530,0.607412,Minotaur,minotaur(pow_w:0.50),2.13,261,0
52,4,0x687bf2437a044a3e42ff2f8a79a8e54ba9601f70,4.067179,1772472416,6ee901894761fbd53a9194ad5c93f69e1e190fc686dedf90ee16c9754895c832,235,117.50,3.20,1,6,3,0.025445,0.606653,Minotaur,minotaur(pow_w:0.50),1.74,262,0
53,0,0x719361397abe003a91af76243e5f9c7a0cd4279f,9.552776,1772472418,aaba34ae36765010d2fe5d8e22ce6378ca5b387e2b5e2b1c81e11eebd5d5c787,292,97.33,3.83,1,6,4,0.025327,0.604817,Minotaur,minotaur(pow_w:0.50),2.49,263,0
53,1,0xcb7977f4997b4252c0152e135dd79b3cfe35c1a5,0.621443,1772472421,122f8d02412044e61f7dbbacbf217a3399f06be609f6af630032a566796cb44c,282,141.00,3.92,1,6,4,0.025345,0.605374,Minotaur,minotaur(pow_w:0.50),2.51,264,0
53,2,0x606627477c3734932f47972f83c27cf4e3b35b4f,11.392347,1772472422,55206b34d072caf1c9fcb5f086b4911c25433eea4e90f4d84234541c293f9c1d,300,150.00,4.33,1,6,4,0.025220,0.602970,Minotaur,minotaur(pow_w:0.50),2.54,265,0
53,3,0x13f9dadc05f6c237b03411e2aed1800cf21a5d89,1.274002,1772472424,5af3f548eeecf58c056b6835eb5a5c53c30766f520f0735e02ee365bca804afc,173,173.00,3.61,1,5,4,0.025266,0.603780,Minotaur,minotaur(pow_w:0.50),1.86,266,0
53,4,0xb2a7fe70a6f3137d38f6cb4c3ec6dd1e24f2d5f4,4.421958,1772472426,2576b81032f8fdffcd857d79bbec298610da13aefab2b489edaf24c786abb200,368,122.67,2.98,1,5,3,0.025266,0.603784,Minotaur,minotaur(pow_w:0.50),3.01,267,0
54,0,0xe478b1e4d1538274c0c70cbd7df877f9abab2f62,8.308316,1772472428,b990576f7d6f66ef02720a1c92ddbdee94c591ffb764a8af688cb1c11707b320,122,122.00,4.07,1,6,4,0.025202,0.603489,Minotaur,minotaur(pow_w:0.50),1.59,268,0
54,1,0x786f26993bf015cd2da6fb5d3ccd1879e01246ab,1.286902,1772472430,a865a0e097941dca5e3e0f3e67bfec44429701fdc2939b7b5cc0916efbe79dad,359,119.67,4.06,1,6,4,0.025199,0.603904,Minotaur,minotaur(pow_w:0.50),2.72,269,0
54,2,0x49b57eb4dace37c8819daf079c9c674f766d4f38,3.229810,1772472432,77fb8a8330264158fdaff810bb96651b23c920389c3f54b2b558e02be840319f,303,151.50,4.09,1,6,4,0.025087,0.602150,Minotaur,minotaur(pow_w:0.50),2.50,270,0
54,3,0xcdc82b7c868072205a399d0f68e6e3ad3bfd1ca6,1.203671,1772472434,78ad72bb9ab134fc5c6ca1c9d7b9e42288a8a288514ef4d4c1a3a9bde9773ff3,293,146.50,3.92,1,6,4,0.025005,0.601376,Minotaur,minotaur(pow_w:0.50),2.51,271,0
54,4,0xac61c91e7d24df824351a6c4e562a75f0cf646f8,0.244738,1772472436,04eaa8146fe280f6fd56ea48b769832c0877a6990bcdfe5d8e64901396fa3f88,143,143.00,3.36,1,5,3,0.024893,0.599528,Minotaur,minotaur(pow_w:0.50),1.81,272,0
55,0,0x34412315480562da4810040fd15c81f99880e1ab,13.923843,1772472438,8f5ef2c73ba245976bf01c613063c99558a01a50d55b42daabceeda4ed0ebe53,345,172.50,3.96,1,6,4,0.024767,0.596790,Minotaur,minotaur(pow_w:0.50),2.25,273,0
55,1,0xeb82a21cb3d0dd781eb22ad74bb7cd9b4d2a06ec,10.941105,1772472440,5beddc2255d1a6904cba126170478c699e656298c4d68b479e0e89b927bb44e8,209,104.50,4.02,1,6,4,0.024850,0.597712,Minotaur,minotaur(pow_w:0.50),2.00,274,0
55,2,0xbc3f8508d26048f2064aa8c068f4c94d08d77d18,5.064239,1772472442,bd02cdf3ac21da8ca60cb371f52a2022f50628a70ef1c6e43acf23a1a62813ad,332,110.67,4.06,1,7,4,0.024886,0.598465,Minotaur,minotaur(pow_w:0.50),2.71,275,0
55,3,0x4ba33404d90c4ae989714d9d174cd882cffb7994,3.114302,1772472445,9a42aa200d243c8d0fcfe9b1576b996d32ecce0364cf067c97564e1d2e017945,301,150.50,4.34,1,6,4,0.024833,0.598373,Minotaur,minotaur(pow_w:0.50),2.50,276,0
55,4,0x63f4973c0df8a5358405f396dc0673a463c48de9,7.901377,1772472446,44d89487af6dc5318f96ce92f5bd9fa4cb7f02a32eaf7e92bead06f54dc5e688,314,157.00,4.40,1,6,4,0.024752,0.597535,Minotaur,minotaur(pow_w:0.50),2.44,277,0
56,0,0xe6ebb0cdfd04183d498964e5efc4096ba77b17d6,17.320713,1772472448,b4704439236f20e4e262a61077ca393a0f10da46e42654d372e31cdef0743adc,148,148.00,3.52,1,5,3,0.024742,0.597867,Minotaur,minotaur(pow_w:0.50),1.84,278,0
56,1,0xe478b1e4d1538274c0c70cbd7df877f9abab2f62,9.311586,1772472450,13111866c06646e342bd8c7ba608b331ad85bad7515f8e058f88ee3c04f58d1d,324,162.00,4.09,2,7,4,0.024871,0.598884,Minotaur,minotaur(pow_w:0.50),2.22,279,0
56,2,0x4414c05be2cf328f38d2e3ef4b705d6b894f044a,8.097849,1772472452,fdbe7f84c23f2994c1e9cc611986c626420c09bb295f8537bc70bef0af7c889b,199,99.50,3.95,1,6,4,0.024880,0.599357,Minotaur,minotaur(pow_w:0.50),1.90,280,0
56,3,0xa3786e459f289a76c0e8af8ad834e3d0c6d47199,23.767183,1772472454,1d0374cd56618e4c133712f0372451448aa45e60422e1ce5baf7e93d01a3201d,317,105.67,3.95,1,6,4,0.024871,0.599665,Minotaur,minotaur(pow_w:0.50),2.67,281,0
56,4,0x30509a8084fdfe6fe24d9c9a817c209ad194f8e3,10.672509,1772472456,f0e83db842a7c5ced694789b1fc3729175f8a1725b6815a729b7ca79f3f4148b,262,131.00,4.26,1,6,4,0.025089,0.600723,Minotaur,minotaur(pow_w:0.50),2.53,282,0
57,0,0x26d553a2f4343b3a7dc88bbd87b3d0a25d3838d9,8.221310,1772472458,84e008b985976710eb6c3c45edb33fc0c21ccff5e0b87e4a1b47f550ff969304,314,157.00,3.50,1,5,3,0.025116,0.601398,Minotaur,minotaur(pow_w:0.50),2.50,283,0
57,1,0xd46407aa7b668c72de3cf1c1a12b7fa2e308a1b2,8.000129,1772472460,195acda4e2b966e92fc771084504deb66033c509b05b9a7203c00da3166f5507,140,140.00,3.66,1,5,4,0.025107,0.601665,Minotaur,minotaur(pow_w:0.50),1.90,284,0
57,2,0xcdc82b7c868072205a399d0f68e6e3ad3bfd1ca6,2.204661,1772472462,99ed29eabcf686f14769d2f68ef7d839d56e58f1b99357fe6831446187bd1d83,308,154.00,3.85,1,6,4,0.025094,0.601856,Minotaur,minotaur(pow_w:0.50),2.24,285,0
57,3,0xa3786e459f289a76c0e8af8ad834e3d0c6d47199,24.769693,1772472464,680c7dc1c30bae49ff63e07e535c2dc80d7f731a917a4b355fd06be1be34d221,236,118.00,3.69,1,6,4,0.024999,0.600658,Minotaur,minotaur(pow_w:0.50),2.02,286,0
57,4,0xa9105f442328d397529b8e4e9e656fa89016ff45,2.469444,1772472466,2986b23f1294d6664117cebc914539a0221f1d9bd745c6f563f39ea8af73ab0a,279,93.00,4.30,1,6,4,0.025223,0.601698,Minotaur,minotaur(pow_w:0.50),2.73,287,0
58,0,0x687bf2437a044a3e42ff2f8a79a8e54ba9601f70,4.066589,1772472469,e2f8600faf4a0f7a9c27d7d9f477584b6478a26c1e9ee450c040369cdcde59d7,284,142.00,3.81,1,6,4,0.025132,0.600594,Minotaur,minotaur(pow_w:0.50),2.54,288,0
58,1,0xd46407aa7b668c72de3cf1c1a12b7fa2e308a1b2,9.003019,1772472470,afa389e86b3d11cbb07438f1095cc70de013ccb12e55a5bfe10234d42e1060af,295,147.50,3.82,1,6,4,0.025063,0.600117,Minotaur,minotaur(pow_w:0.50),2.49,289,0
58,2,0xeb82a21cb3d0dd781eb22ad74bb7cd9b4d2a06ec,11.944145,1772472472,f2883a4e07ba40e57049be5395688bc112d276b8d29b2c2246e9b9cfd2993ef7,169,169.00,3.83,1,6,4,0.025063,0.600478,Minotaur,minotaur(pow_w:0.50),1.95,290,0
58,3,0xd46407aa7b668c72de3cf1c1a12b7fa2e308a1b2,10.004649,1772472474,8d42f5b07189a288d5407becd8c4b1c49a6dc251a8d13d89181aadf734864703,353,117.67,3.95,1,7,4,0.025103,0.601233,Minotaur,minotaur(pow_w:0.50),3.20,291,0
58,4,0xd39dbd3662315e3935ec08e6b6028e73b3c09de2,4.923860,1772472476,d5f3704b6355270244a6da35963c3ab8432558218c3d57bc1f7a82a383f491cb,206,206.00,3.83,1,5,4,0.025116,0.601760,Minotaur,minotaur(pow_w:0.50),1.70,292,0
59,0,0x6d6b2734a20229ddd7fd4a1470ba3e3bad4e4a85,6.649174,1772472478,183d5f8549a9ce754a4207f4999bfabee4d5cef318327aefd2e4610573589470,308,102.67,4.50,1,6,5,0.025059,0.601564,Minotaur,minotaur(pow_w:0.50),2.65,293,0
59,1,0xb2a7fe70a6f3137d38f6cb4c3ec6dd1e24f2d5f4,5.422248,1772472481,10ecabe4bd4dae6f0bf7172d83e654ecf0ed0c36c237ca10023068c4e714f14f,313,156.50,3.85,1,6,4,0.025026,0.601662,Minotaur,minotaur(pow_w:0.50),2.59,294,0
59,2,0xaadc5fea232580cb8fba739ac5d05a48559c7e52,3.353123,1772472482,47766fa0e087e7b0c53e6faff03ce501ecc432d6db8d23fac8e919e170a6d6d0,281,140.50,4.30,1,6,4,0.024976,0.601582,Minotaur,minotaur(pow_w:0.50),2.48,295,0
59,3,0x9c39f7fffaa5c5cfab20dfdd05663497918580c1,2.425658,1772472484,0e57fb2c8eba955c97b80d250e79f3ec78ed06b741ba3f760adab0c3bcf822b4,166,166.00,4.24,1,6,4,0.024899,0.600793,Minotaur,minotaur(pow_w:0.50),1.89,296,0
59,4,0x07902d0371763a00d97ed9ba16ff0a206cb0fd19,10.546909,1772472486,bdc257e776c8ebe8879a5ab2e78c6a3019dbeb9a104c0e3863dc684dafaa4148,353,117.67,3.97,1,6,4,0.024810,0.599641,Minotaur,minotaur(pow_w:0.50),3.24,297,0
60,0,0xa3786e459f289a76c0e8af8ad834e3d0c6d47199,25.772213,1772472488,1cddf7b4b01066ed21349c0d4738521310194f65fd61f59c4746090af12012b4,245,122.50,2.82,1,4,3,0.024829,0.600216,Minotaur,minotaur(pow_w:0.50),2.73,298,0
60,1,0x95ab54d268473cce82094026afefdbd5cadf418b,1.593938,1772472490,7b3955c1ae7c5faf2fe5eedaecf93e9c78a4129f98b8b8a21f2deda5bb120615,245,122.50,4.25,2,6,4,0.024829,0.600221,Minotaur,minotaur(pow_w:0.50),2.47,299,0
60,2,0xe6ebb0cdfd04183d498964e5efc4096ba77b17d6,18.323213,1772472493,9706d1d37c1b75f3e4e9b10ea200f11eac4429fbe8ffcf61815ede5c4e69e0d2,332,166.00,4.41,1,7,5,0.024949,0.599687,Minotaur,minotaur(pow_w:0.50),2.48,300,0
60,3,0xa3786e459f289a76c0e8af8ad834e3d0c6d47199,26.774623,1772472494,45387ccaeef9fe23824e9843495e41851414b49431e74aa190f0eb611ec03be3,330,165.00,3.98,1,7,4,0.025068,0.600640,Minotaur,minotaur(pow_w:0.50),2.45,301,0
60,4,0x34412315480562da4810040fd15c81f99880e1ab,14.925203,1772472496,56ce559050eb676726969d65c70d039bd3388d02299efa8551249113c379c1eb,141,141.00,4.31,2,6,4,0.025296,0.601640,Minotaur,minotaur(pow_w:0.50),1.95,302,0
61,0,0xdcf2130496e27a8094ab996aea4aa77788d65869,16.529717,1772472498,cfff6d40450b95e71c1cf5c1024ed9914b16ab1b2c50a89e760cd36fc88ccbef,297,148.50,3.81,1,6,4,0.025368,0.602482,Minotaur,minotaur(pow_w:0.50),2.01,303,0
61,1,0xc4dc29db975b952e04358340e56b68fa4ba63fbc,3.541921,1772472500,52702aa51971decc23cb57d393799573d9e100258e57e3ac263d21b919a065dd,302,100.67,3.85,1,6,4,0.025459,0.603371,Minotaur,minotaur(pow_w:0.50),2.89,304,0
61,2,0xa3786e459f289a76c0e8af8ad834e3d0c6d47199,27.775853,1772472502,d02aaa5eb31b356df31a4f8825dc0bd8ff86743394fa6c6b07035862641f0f76,321,160.50,3.90,1,6,4,0.025382,0.602619,Minotaur,minotaur(pow_w:0.50),2.63,305,0
61,3,0x30509a8084fdfe6fe24d9c9a817c209ad194f8e3,11.675049,1772472505,1b340656ea19bb9d5a304179694d51cd32be639953772643245e14171feb2881,343,171.50,4.31,1,6,4,0.025616,0.603608,Minotaur,minotaur(pow_w:0.50),2.55,306,0
61,4,0xd46407aa7b668c72de3cf1c1a12b7fa2e308a1b2,11.006249,1772472506,75dc25a49334e4e56729cee6aea0909bdc9c4a73c6d116e36f6380edc0674a49,293,146.50,3.33,1,5,3,0.025642,0.604247,Minotaur,minotaur(pow_w:0.50),2.42,307,0
62,0,0x9bdb1c7ad4bd8fe797b07c08117c74a591dbab2d,1.443182,1772472508,b25c880564b8f40e42e153957b143cdf9ab6d2efbea632d0504fa26d88765e1d,178,178.00,3.76,1,6,4,0.025659,0.604793,Minotaur,minotaur(pow_w:0.50),1.77,308,0
62,1,0x4a217e35f6402e7f62a49f6d62e27c6585c2f3fd,2.487787,1772472510,af08ed9e3ba37c2a302ce300ba7c1a71762ebfda7796c02d791787cc4d2481c1,345,115.00,3.74,1,6,4,0.025555,0.603151,Minotaur,minotaur(pow_w:0.50),3.05,309,0
62,2,0x89100a8056319ba37491b32ba255004180607bc2,5.788597,1772472512,37405f607b014bae7809857af7b47179cc4c66398ad79dc2e113ed4649e52893,182,182.00,3.95,2,6,4,0.025465,0.602001,Minotaur,minotaur(pow_w:0.50),1.66,310,0
62,3,0x34412315480562da4810040fd15c81f99880e1ab,15.927933,1772472514,5375793d441099c94d9e171ee3599fb43b01824db30c8dfd2ad2fb85fea4fc1f,297,99.00,3.94,1,6,4,0.025416,0.601972,Minotaur,minotaur(pow_w:0.50),2.53,311,0
62,4,0x9c39f7fffaa5c5cfab20dfdd05663497918580c1,3.428778,1772472517,b372ca4dca265e3290dcd2052fcc23e8dc30c10d68b2ee9cf8f6d5cbf8ade6f0,270,135.00,4.13,1,6,4,0.025494,0.602797,Minotaur,minotaur(pow_w:0.50),2.52,312,0
63,0,0xa447d277b02012c2afd9ddcbbe123f27cc971963,5.809445,1772472518,3b9f89883bb5f8ea4dcd61d1da285f4c3243b126195d35dd380970146f912ab5,296,148.00,4.09,2,6,4,0.025416,0.601970,Minotaur,minotaur(pow_w:0.50),2.46,313,0
63,1,0x4ba33404d90c4ae989714d9d174cd882cffb7994,4.116422,1772472520,ae0752a0456f89a625f73cfacaad57aa487b8a9e9a818534eb68f93a5464b703,214,214.00,3.38,1,6,3,0.025368,0.601897,Minotaur,minotaur(pow_w:0.50),1.69,314,0
63,2,0x4414c05be2cf328f38d2e3ef4b705d6b894f044a,9.100089,1772472522,f25a207c5fc1e597bb22d7146d0d0b247abbab9fec6fd0d7202362c5eb1ef346,284,142.00,4.34,1,6,4,0.025299,0.601367,Minotaur,minotaur(pow_w:0.50),2.13,315,0
63,3,0xd67aaaf210c0c36ddcb7055222d168b5c9dd1b36,1.182871,1772472524,ac3b561a8516dd0e9b3fe1c9c8cfdf46eb6d1d5ade69b18a91cb8f39264417fe,361,120.33,4.04,1,6,4,0.025291,0.601668,Minotaur,minotaur(pow_w:0.50),2.88,316,0
63,4,0x07902d0371763a00d97ed9ba16ff0a206cb0fd19,11.548759,1772472526,3117b1939e151d7eba35e4f1547ea66f91a023974c1e00cedb0c75c02733641c,184,92.00,3.95,1,5,4,0.025187,0.599891,Minotaur,minotaur(pow_w:0.50),2.32,317,0
64,0,0x6d6b2734a20229ddd7fd4a1470ba3e3bad4e4a85,7.651564,1772472529,dd22f18ea08d6d94891fc71c676ef6ebd8573a46f9048d4230b9c409aeebd0ad,263,131.50,2.79,2,4,3,0.025209,0.600449,Minotaur,minotaur(pow_w:0.50),2.56,318,0
64,1,0xeb82a21cb3d0dd781eb22ad74bb7cd9b4d2a06ec,12.946855,1772472530,ed778b7c7007da3912786feb4f4cdcc44d201da3ff75610a1c67d6f47514fc1d,290,145.00,4.07,1,6,4,0.025184,0.600573,Minotaur,minotaur(pow_w:0.50),2.36,319,0
64,2,0x58a21eeb7ab18ba8adf1296e66a4487076e95dac,10.099504,1772472532,8804bd807d113cbbb1692553d5124d22252914b07d08023b9c3977e6a9c66cc5,182,182.00,3.85,1,7,4,0.025221,0.601334,Minotaur,minotaur(pow_w:0.50),1.76,320,0
64,3,0x26d553a2f4343b3a7dc88bbd87b3d0a25d3838d9,9.221640,1772472534,e4d03383c6785f6bcd6cea96d2209a0f7a2427ed5df5642efa444b6fd63aa109,341,113.67,3.83,1,6,4,0.025224,0.601766,Minotaur,minotaur(pow_w:0.50),3.03,321,0
64,4,0x1796dc61e715f15a2d27dfa32bd34780f12a8c24,4.723851,1772472536,267c8d77e2e35dae40f81f1db086a19fb4e1c688aac206d6f2f0ed5546f99daf,219,219.00,3.76,2,5,4,0.025217,0.602030,Minotaur,minotaur(pow_w:0.50),1.71,322,0
65,0,0xb2a7fe70a6f3137d38f6cb4c3ec6dd1e24f2d5f4,6.424218,1772472538,a52337bc1c324a28548878c50d3cab4912ff2d25c05a3a1b8064c1287da71beb,332,110.67,3.37,1,5,3,0.025156,0.601713,Minotaur,minotaur(pow_w:0.50),2.55,323,0
65,1,0x30509a8084fdfe6fe24d9c9a817c209ad194f8e3,12.677399,1772472541,bebeb293ed1c55fd655623e7cf2bcc25ae0a33e21ba657417035862daa4679b8,303,151.50,4.34,1,6,4,0.025116,0.601707,Minotaur,minotaur(pow_w:0.50),2.45,324,0
65,2,0x4a217e35f6402e7f62a49f6d62e27c6585c2f3fd,3.489187,1772472542,1a0a7a34db723a495e2f2c5f81ada4454328dde16eb8b1517f486f73d809702b,332,166.00,3.33,1,5,3,0.025148,0.602403,Minotaur,minotaur(pow_w:0.50),2.37,325,0
65,3,0xe478b1e4d1538274c0c70cbd7df877f9abab2f62,10.312026,1772472544,7f07fbba9bc3746279ba9e6b97770ac002f26d954cd09cc6b7a4f514e64af9d6,164,164.00,3.53,1,6,3,0.025074,0.601565,Minotaur,minotaur(pow_w:0.50),1.74,326,0
65,4,0x58a21eeb7ab18ba8adf1296e66a4487076e95dac,11.102744,1772472546,811e2ba14b90bfc0844e91a00f7e72847fbf272e1daf4e231a45d9b69deaba8a,321,160.50,3.98,1,6,4,0.025078,0.601973,Minotaur,minotaur(pow_w:0.50),2.00,327,0
66,0,0xa447d277b02012c2afd9ddcbbe123f27cc971963,6.811185,1772472548,a90db90fe7ef4917a6d5ededa87a8e43bcc75c35dece28426e200aac46fbdd34,330,110.00,3.87,1,6,4,0.025091,0.602424,Minotaur,minotaur(pow_w:0.50),2.74,328,0
66,1,0xe6ebb0cdfd04183d498964e5efc4096ba77b17d6,19.325533,1772472551,a37854b7a2af5d284311bc252104db031f195ae575f026801fccbd59ab684022,334,167.00,3.66,2,6,4,0.025055,0.602441,Minotaur,minotaur(pow_w:0.50),2.60,329,0
66,2,0xcb7977f4997b4252c0152e135dd79b3cfe35c1a5,1.622563,1772472552,d4cd06b086c594ee2080f044d08c3c001512b5dfb40ddb85efed5e6bda25a2c2,304,152.00,4.15,1,7,4,0.025162,0.603321,Minotaur,minotaur(pow_w:0.50),2.48,330,0
66,3,0xac768e60b9269babb15cb1e36ee843243d7c7543,12.734238,1772472554,e5def76e8690aa2694ad298573fabdd1fdfd11e5abb15ee34d3420d3a9645c52,161,161.00,4.33,1,7,4,0.025066,0.601786,Minotaur,minotaur(pow_w:0.50),1.98,331,0
66,4,0x3513d672439a59c26cc5711f2b715ccb4810a774,4.291845,1772472556,30343a51826674954e1c62d1ad3e217b6c7a741129f171abe5deb321f9cb5f6e,362,181.00,3.83,1,6,4,0.025096,0.602431,Minotaur,minotaur(pow_w:0.50),2.26,332,0
67,0,0x81d019380961f92c2031b0a7fba69f7675145088,1.488253,1772472558,3c3a9d075a2b2629100af5758a929859146d98e7bae7cd39cf3a527077b05ac5,204,102.00,3.85,2,5,4,0.025032,0.601935,Minotaur,minotaur(pow_w:0.50),1.95,333,0
67,1,0x58a21eeb7ab18ba8adf1296e66a4487076e95dac,12.105764,1772472560,124ec5fa4c980999794e97ba64fda8a6551c0fa6a0956b89e8089ab7b82b11e4,342,114.00,3.84,2,7,4,0.025032,0.601939,Minotaur,minotaur(pow_w:0.50),2.68,334,0
67,2,0x26d553a2f4343b3a7dc88bbd87b3d0a25d3838d9,10.223460,1772472563,44f3a5cf7809aae4fac2f85d709164066ca7ed6671530673be53f6b749d717a8,324,162.00,4.09,1,6,4,0.024958,0.600861,Minotaur,minotaur(pow_w:0.50),2.57,335,0
67,3,0x6d6b2734a20229ddd7fd4a1470ba3e3bad4e4a85,8.653934,1772472564,0830ffbad4e1e1a064c0e01e35a406a9712b85722c75ea9d3f318c8119541bd9,298,149.00,3.79,1,6,4,0.024960,0.601198,Minotaur,minotaur(pow_w:0.50),2.43,336,0
67,4,0x282f43759e22b50aa7989261c51c367f325c3f91,0.343477,1772472566,eb5d11303bd6b29ceb539e39d36cfa1bcc2ede9a5e9048fce65e5a276a94218b,142,142.00,3.61,1,5,4,0.024944,0.601363,Minotaur,minotaur(pow_w:0.50),1.85,337,0
68,0,0x30509a8084fdfe6fe24d9c9a817c209ad194f8e3,13.680279,1772472568,c824ac7946bf9c1b8eb0dc1ebe824a5cd686c318f3b889dba92826e34bd7ce63,338,169.00,3.72,1,6,4,0.024836,0.599059,Minotaur,minotaur(pow_w:0.50),2.12,338,0
68,1,0x719361397abe003a91af76243e5f9c7a0cd4279f,10.553306,1772472570,9186e66552a0d59cd45aec1ef795fc3c18e2fc0d51874febd5d9db11ea18fa74,214,107.00,3.41,1,6,3,0.024875,0.599775,Minotaur,minotaur(pow_w:0.50),1.74,339,0
68,2,0x49b57eb4dace37c8819daf079c9c674f766d4f38,4.230710,1772472572,3f188e1115ac871066d060f05574b7d0dac6f223ad38301f0ef0c9751fd4529c,330,110.00,3.82,1,6,4,0.024879,0.600110,Minotaur,minotaur(pow_w:0.50),2.54,340,0
68,3,0x606627477c3734932f47972f83c27cf4e3b35b4f,12.392117,1772472575,45f21abbc20e2e7cc75ee4ce0c1a08ebddb95a1d46a4c00522ee7c1d5266ad41,316,158.00,3.99,1,6,4,0.024815,0.599557,Minotaur,minotaur(pow_w:0.50),2.57,341,0
68,4,0x719361397abe003a91af76243e5f9c7a0cd4279f,11.556536,1772472576,dbc9eb18df29970f4cb07b8ad0de93aa587c5d4eb069246544e305819bcee14b,299,149.50,3.59,1,5,4,0.024839,0.600101,Minotaur,minotaur(pow_w:0.50),2.47,342,0
69,0,0x95ab54d268473cce82094026afefdbd5cadf418b,2.596318,1772472578,72a4e7167e6c709e046b1f63962d2330ce624fd3dc9feb5d31c78dca1467c3a5,199,199.00,3.60,1,6,4,0.024853,0.600524,Minotaur,minotaur(pow_w:0.50),1.73,343,0
69,1,0x26d553a2f4343b3a7dc88bbd87b3d0a25d3838d9,11.226210,1772472580,b9ab9293b133702de97d1d5d630a4a4758a15b6d3b06f80428f474d14fae1e7d,352,117.33,4.29,1,6,4,0.024771,0.599460,Minotaur,minotaur(pow_w:0.50),3.14,344,0
69,2,0x6d6b2734a20229ddd7fd4a1470ba3e3bad4e4a85,9.655044,1772472582,7a544de612b3022a74f20e3a4fa66eb77340e7df47d1d18e12a3540d945af42b,238,119.00,3.87,1,6,4,0.024782,0.599817,Minotaur,minotaur(pow_w:0.50),2.60,345,0
69,3,0xb2a7fe70a6f3137d38f6cb4c3ec6dd1e24f2d5f4,7.426468,1772472585,5ce0c909da7543223e576b1abff1fd61468992ebd7201a9f20a38b38c6d44102,280,140.00,3.80,1,6,4,0.024775,0.600055,Minotaur,minotaur(pow_w:0.50),2.47,346,0
69,4,0xd39dbd3662315e3935ec08e6b6028e73b3c09de2,5.925490,1772472586,516c142d407359f58c9c45e667c01813f7498472344d5d181f5099c25fd67fba,295,147.50,4.25,1,6,4,0.024745,0.600108,Minotaur,minotaur(pow_w:0.50),2.47,347,0
70,0,0x89100a8056319ba37491b32ba255004180607bc2,6.790487,1772472588,5774f44cfd36bfa94b4d86294a6b976c97e89279168cd16ebc7244d89af052c8,154,154.00,4.43,1,6,5,0.024699,0.599997,Minotaur,minotaur(pow_w:0.50),1.94,348,0
70,1,0xdcf2130496e27a8094ab996aea4aa77788d65869,17.531347,1772472590,d2f0126a9d70086d2efb490ca861cf4d91043fcabbdf7e132a481781b88c2558,362,120.67,3.85,1,6,4,0.024700,0.600002,Minotaur,minotaur(pow_w:0.50),3.13,349,0
70,2,0xdcf2130496e27a8094ab996aea4aa77788d65869,17.531317,1772472592,75f1b8098f21984c7f44e77bf4692c8c5af49e984bb7167450ecc9401b0d43f5,171,171.00,3.80,2,6,4,0.024700,0.600006,Minotaur,minotaur(pow_w:0.50),1.73,350,0
70,3,0x58a21eeb7ab18ba8adf1296e66a4487076e95dac,13.108404,1772472594,d20169df297edf399c12e71fd4e0cf30d82bc126d1bd616a688baaf5ad308cd6,328,109.33,4.08,1,6,4,0.024775,0.600810,Minotaur,minotaur(pow_w:0.50),2.66,351,0
70,4,0x07902d0371763a00d97ed9ba16ff0a206cb0fd19,12.550109,1772472597,40fe5086aba17252633db91b01447df52b98bc971f7e268f12f4b3ddbec9e6eb,298,149.00,3.95,1,6,4,0.024804,0.601396,Minotaur,minotaur(pow_w:0.50),2.51,352,0
71,0,0x6064b9f5883bf9737dfe314ff68c56e09e68ac89,3.185449,1772472598,71de95070ff9fb8b937467781dfbcb997de6f7b6fa4c6be6919b7b78a6d03732,318,159.00,2.78,1,4,3,0.024826,0.601881,Minotaur,minotaur(pow_w:0.50),2.47,353,0
71,1,0x60705151f1f537cacd5b801f3ef1b31dc3f605de,4.306204,1772472600,7f1758d9ad09c59e0c6bb5e680b504dbf2d4d7611a7ca8397ad906032dd6a416,189,189.00,3.89,1,6,4,0.024751,0.600955,Minotaur,minotaur(pow_w:0.50),1.85,354,0
71,2,0x8d9e46becf415ca26aa698c9657087e6554aabda,0.378056,1772472602,545258c2336a0fab55ce82f5297ef4464d29f8c16f9a56af7d40ebfc5158378f,339,113.00,4.32,1,7,4,0.024689,0.600406,Minotaur,minotaur(pow_w:0.50),3.24,355,0
71,3,0xaadc5fea232580cb8fba739ac5d05a48559c7e52,4.352923,1772472604,99340a77df225de9bcc768c96d6ef1367c06c8c4cbc1500b2368156ae6691baa,217,108.50,3.88,1,7,4,0.024587,0.598168,Minotaur,minotaur(pow_w:0.50),2.84,356,0
71,4,0x016d3fc36beee7caa8fbd6c1caa42461dd7f9850,2.876389,1772472607,eb143499bf8aafd3d0c04564d9f4d2e31505cbaff78b7db8415576cea4254f52,287,143.50,4.33,1,6,4,0.024525,0.597610,Minotaur,minotaur(pow_w:0.50),2.59,357,0
72,0,0x49b57eb4dace37c8819daf079c9c674f766d4f38,5.233310,1772472608,cb20f4987b48e4d094bcead5b240081b1efeac799e82ad72e270e274c59fea0e,320,160.00,3.08,1,5,3,0.024449,0.596600,Minotaur,minotaur(pow_w:0.50),2.41,358,0
72,1,0x63f4973c0df8a5358405f396dc0673a463c48de9,8.900497,1772472610,58246589d8f968b6cc3fe106e586073970fe599a7b40b6ec7b882faf2f16ceb7,148,148.00,3.76,1,6,4,0.024398,0.596371,Minotaur,minotaur(pow_w:0.50),1.84,359,0
72,2,0x4414c05be2cf328f38d2e3ef4b705d6b894f044a,10.102439,1772472612,bd4d75a06d7ec61332b3c95dbe4071c048142357c71e6c64a252404d0be88994,369,184.50,3.65,1,6,4,0.024383,0.596517,Minotaur,minotaur(pow_w:0.50),2.13,360,0
72,3,0x075e1d95c7891e1c00414ca1aa9a7a8cf6270019,2.137095,1772472614,cd3c277e07aee57e5d0c1f76ca11eaf878b3726c0b7f12988f3a666554f84178,176,88.00,3.77,1,6,4,0.024380,0.596749,Minotaur,minotaur(pow_w:0.50),1.48,361,0
72,4,0xd46407aa7b668c72de3cf1c1a12b7fa2e308a1b2,12.006369,1772472616,cb576df99eb71430fbd29572f2868034942010c558a93554e318a8600070d386,339,113.00,3.24,1,6,3,0.024297,0.595491,Minotaur,minotaur(pow_w:0.50),2.64,362,0
73,0,0x63f4973c0df8a5358405f396dc0673a463c48de9,9.904037,1772472619,c4ebccb1ac1ac4fd7169f6888067db9f4fb873b961e8cf5ea02008c2d493e061,293,146.50,3.90,1,6,4,0.024313,0.595895,Minotaur,minotaur(pow_w:0.50),2.43,363,0
73,1,0x30509a8084fdfe6fe24d9c9a817c209ad194f8e3,14.681729,1772472620,500d7ddf85fd22dccd4fb95709434f8bf92f08c6afb1ee21aabca2ca8e4d85b8,273,136.50,3.67,1,5,4,0.024307,0.596072,Minotaur,minotaur(pow_w:0.50),2.47,364,0
73,2,0x4414c05be2cf328f38d2e3ef4b705d6b894f044a,11.104059,1772472622,125094dbe4ebb2cd0920e92d1976de796ea3e21cc3cbdf75892b842afb3545c2,209,209.00,3.27,2,5,3,0.024349,0.596771,Minotaur,minotaur(pow_w:0.50),1.66,365,0
73,3,0x719361397abe003a91af76243e5f9c7a0cd4279f,12.557766,1772472624,a3d825b33481e56539cd3a4a336d37c7bf1ccbdbd88416abfb2c92258436ef2c,327,109.00,3.82,1,6,4,0.024354,0.597060,Minotaur,minotaur(pow_w:0.50),2.96,366,0
73,4,0x28672c71695142588ed26ada6f4b18b8b6c12308,1.684528,1772472626,8e9ca15125bc150888eb4839144e87b0955b159167a359dbbf604598d3c7c12a,191,191.00,3.74,2,5,4,0.024374,0.597477,Minotaur,minotaur(pow_w:0.50),1.52,367,0
74,0,0xeb82a21cb3d0dd781eb22ad74bb7cd9b4d2a06ec,13.947215,1772472628,7186589a293fbe855132727d66354dd9023ec5e3d46ebfb5113f8697e3844836,315,105.00,3.75,1,5,4,0.024288,0.595996,Minotaur,minotaur(pow_w:0.50),2.56,368,0
74,1,0x4a217e35f6402e7f62a49f6d62e27c6585c2f3fd,4.489527,1772472630,54c5c4cc96d9e553711179ed12f09ec88d19e4592ade927e3cae7a55101594ca,302,151.00,4.05,1,7,4,0.024320,0.596638,Minotaur,minotaur(pow_w:0.50),2.51,369,0
74,2,0xbc3f8508d26048f2064aa8c068f4c94d08d77d18,6.064719,1772472632,4d40ec908740fbe2e1ac2b372ebaddcb6e5945e5c0991870e566ac0f7ed80020,154,154.00,3.61,1,6,4,0.024262,0.596113,Minotaur,minotaur(pow_w:0.50),1.88,370,0
74,3,0xdcf2130496e27a8094ab996aea4aa77788d65869,18.533987,1772472634,893dbe52ceac4377bfb98449741113974694696a5aa060682b1ec4b388f54e2b,332,166.00,4.19,1,6,4,0.024262,0.596117,Minotaur,minotaur(pow_w:0.50),2.38,371,0
74,4,0xa3786e459f289a76c0e8af8ad834e3d0c6d47199,28.777283,1772472636,8af24b1aadd2d49158e86a4cdbda64819a20269ac70bc1742232307886c3917c,255,127.50,3.92,1,6,4,0.024294,0.596759,Minotaur,minotaur(pow_w:0.50),2.15,372,0
75,0,0xac768e60b9269babb15cb1e36ee843243d7c7543,13.736768,1772472638,32c64211136b04920889634e20243cac57d841d38030648d549c88d3fdc79606,355,118.33,4.22,1,6,4,0.024465,0.597619,Minotaur,minotaur(pow_w:0.50),2.72,373,0
75,1,0xbc3f8508d26048f2064aa8c068f4c94d08d77d18,7.067939,1772472641,5b978e51572b0cdd4b7f028bb2ca8c5ba30236ff61ae3fc8bec3092b25ded1eb,298,149.00,3.95,1,6,4,0.024493,0.598201,Minotaur,minotaur(pow_w:0.50),2.57,374,0
75,2,0xdcf2130496e27a8094ab996aea4aa77788d65869,19.536417,1772472642,979e34649023ce58946f7d3e2a4cd44c9ec933d0710e5d60953202701de70c8a,317,158.50,4.23,1,6,4,0.024458,0.598185,Minotaur,minotaur(pow_w:0.50),2.49,375,0
75,3,0xeb82a21cb3d0dd781eb22ad74bb7cd9b4d2a06ec,14.950025,1772472644,e4f198ed3e41f53cbadbfe5322b1122fc1387312c2f1b2b2bfde27199b66625b,191,191.00,3.73,1,6,4,0.024539,0.598957,Minotaur,minotaur(pow_w:0.50),1.87,376,0
75,4,0x49b57eb4dace37c8819daf079c9c674f766d4f38,6.234190,1772472646,3eb3e3c862a89394a574a90b7a8c45d061c6f89eb289b8e5203c0243bc98b748,295,147.50,3.95,1,6,4,0.024577,0.599600,Minotaur,minotaur(pow_w:0.50),2.17,377,0
76,0,0x687bf2437a044a3e42ff2f8a79a8e54ba9601f70,5.066789,1772472648,bdaf1133666e4f5efe4dd8a54d0bf5cf0dbe626507cd391f880ff16fe2006d48,201,100.50,3.87,1,6,4,0.024577,0.599604,Minotaur,minotaur(pow_w:0.50),1.80,378,0
76,1,0x34412315480562da4810040fd15c81f99880e1ab,16.928443,1772472650,5fda7c9263d96c504ff8dbf7e6ce4cafa1db33d3008c78d48fefea6664f47474,322,107.33,3.89,1,7,4,0.024534,0.599448,Minotaur,minotaur(pow_w:0.50),2.64,379,0
76,2,0x1796dc61e715f15a2d27dfa32bd34780f12a8c24,5.725361,1772472653,58cc52606dc7d190e900785fd1af64cb5223ee5361aaa8af6929adaa3ee8ad1b,313,156.50,4.03,1,6,4,0.024590,0.600164,Minotaur,minotaur(pow_w:0.50),2.58,380,0
76,3,0xaadc5fea232580cb8fba739ac5d05a48559c7e52,5.355113,1772472654,53e7b284d0e442ffe93b7c922809dc37643b89d4fcff5266ff63dd1c48205aba,299,149.50,3.19,1,5,3,0.024541,0.599930,Minotaur,minotaur(pow_w:0.50),2.47,381,0
76,4,0xea287b266dbe2c2d402fd91814bcfc4c95d6b0fd,1.155254,1772472656,779330e2420276c3e4d61bab49c04663fadf5c887ec3bb8b1ea57d2cb0b2187f,158,158.00,4.22,1,6,4,0.024490,0.599643,Minotaur,minotaur(pow_w:0.50),1.96,382,0
77,0,0x4414c05be2cf328f38d2e3ef4b705d6b894f044a,12.106829,1772472658,17e00b9151a4874e86a2689c35e79bb5e1c107ca2c4897ca055d116184cea9ab,334,167.00,3.98,1,6,4,0.024401,0.597959,Minotaur,minotaur(pow_w:0.50),2.28,383,0
77,1,0xa3786e459f289a76c0e8af8ad834e3d0c6d47199,29.780493,1772472660,90b5b93df83fb6ff4f552ca82b8babdb471bec5e10f334f4c96b80b5f75a915d,198,99.00,3.90,1,6,4,0.024411,0.598284,Minotaur,minotaur(pow_w:0.50),1.85,384,0
77,2,0xa3786e459f289a76c0e8af8ad834e3d0c6d47199,30.783933,1772472662,fcf7bdd7030449c89f114c07fe1dbaaccf954f0dba00ca879cf9f96e373973f4,348,116.00,4.31,1,7,4,0.024581,0.599120,Minotaur,minotaur(pow_w:0.50),2.72,385,0
77,3,0x26d553a2f4343b3a7dc88bbd87b3d0a25d3838d9,12.227320,1772472665,66b0d96d74ae6ddfbd75e5fc8b6e3c0e950e6db29a5a01a2bd7e6550c6c5538a,315,157.50,4.20,1,7,4,0.024757,0.599955,Minotaur,minotaur(pow_w:0.50),2.51,386,0
77,4,0x016d3fc36beee7caa8fbd6c1caa42461dd7f9850,3.878699,1772472666,6034da7291682cf58448c0bba6f42fa3dd4ace8798e3d2e21f405abd4dcd3c8f,297,148.50,3.83,1,6,4,0.024767,0.600247,Minotaur,minotaur(pow_w:0.50),2.49,387,0
78,0,0x8d9e46becf415ca26aa698c9657087e6554aabda,1.378956,1772472668,99611fa787d7859951d637022b033ee3847a81966cdb7719c635faf950cc5d7a,223,223.00,3.04,1,5,3,0.024701,0.599494,Minotaur,minotaur(pow_w:0.50),1.62,388,0
78,1,0x95ab54d268473cce82094026afefdbd5cadf418b,3.598288,1772472670,d3861a744019d4e5245beb445b8a6563c1daec1734a523bb9e5cc6366fcefd14,283,141.50,3.82,1,6,4,0.024614,0.597888,Minotaur,minotaur(pow_w:0.50),1.94,389,0
78,2,0xe478b1e4d1538274c0c70cbd7df877f9abab2f62,11.313276,1772472672,c87f2ed3f3e039a471e4c2886e2fb89298728eeb216b95746a027a48f1cd9ec5,332,110.67,4.32,1,6,4,0.024547,0.597037,Minotaur,minotaur(pow_w:0.50),2.84,390,0
78,3,0xc24b36dee27726233c3bbd9e1f028f98b6b2a424,9.419439,1772472674,140c34c4bec6cd6ebd684008a1ee7163d07962fe91202d46b36a667f10121523,208,104.00,4.07,1,6,4,0.024547,0.597040,Minotaur,minotaur(pow_w:0.50),2.50,391,0
78,4,0xd46407aa7b668c72de3cf1c1a12b7fa2e308a1b2,13.008269,1772472677,9a6a1a436f144681ca513a5400cbd583b67b1a6d04cfa9b18d798aac04aff746,271,135.50,3.91,1,6,4,0.024532,0.597393,Minotaur,minotaur(pow_w:0.50),2.44,392,0
79,0,0xc774b0fee7cabbef3b1ae14bf36db3df0d32c1df,5.175657,1772472678,9fff41a83cc5252480a739a2017f7f41712bbc9f5d223ed992199bf8b3c7b446,338,169.00,3.91,1,6,4,0.024548,0.597806,Minotaur,minotaur(pow_w:0.50),2.50,393,0
79,1,0x63f4973c0df8a5358405f396dc0673a463c48de9,10.905947,1772472680,9e0e384ffbcb40ee6eb6863dc84c938bb6a68b3a31e45dce3d7c95b241db7c74,178,178.00,3.84,1,6,4,0.024495,0.597464,Minotaur,minotaur(pow_w:0.50),1.81,394,0
79,2,0x58a21eeb7ab18ba8adf1296e66a4487076e95dac,14.109764,1772472682,d993b6c1b86906906078083ad4d96d5e5cabd8a2e6a286a5c4471f60bfce7fee,281,140.50,3.61,1,5,4,0.024492,0.597661,Minotaur,minotaur(pow_w:0.50),1.87,395,0
79,3,0xc24b36dee27726233c3bbd9e1f028f98b6b2a424,10.422039,1772472684,89e630a51c3af8f97c0c1a460b62538fa34deac11b938bea02231031abf71a83,320,106.67,3.88,1,6,4,0.024516,0.598204,Minotaur,minotaur(pow_w:0.50),2.80,396,0
79,4,0x50f7fa851f9314d682e36da5caa4635039b5305d,2.100146,1772472686,e1e80b14918d40389e7b918196f5c9f9745fcdb67362dd30ea9eb0719b6aa24e,335,167.50,3.97,1,6,4,0.024508,0.598347,Minotaur,minotaur(pow_w:0.50),2.66,397,0
80,0,0xe478b1e4d1538274c0c70cbd7df877f9abab2f62,12.315106,1772472689,27cda1edd94c69b0b18bcb29a9445b05b7537987558cde9c2e3fd66cc7cdebc3,321,160.50,3.38,1,6,3,0.024429,0.597087,Minotaur,minotaur(pow_w:0.50),2.51,398,0
80,1,0xe478b1e4d1538274c0c70cbd7df877f9abab2f62,13.318066,1772472690,639180788fcd5d6722a840d36d860766c9ae2add9e8ad54ba05eb1c4894365f3,297,148.50,3.98,1,6,4,0.024438,0.597334,Minotaur,minotaur(pow_w:0.50),2.45,399,0
80,2,0xd46407aa7b668c72de3cf1c1a12b7fa2e308a1b2,14.011409,1772472692,cf0eec0f619c2777478b892031af264f4584f4c7730f72f0f13c4f4e01b03b2a,171,171.00,3.96,1,5,4,0.024454,0.597765,Minotaur,minotaur(pow_w:0.50),1.90,400,0
80,3,0xa447d277b02012c2afd9ddcbbe123f27cc971963,7.812535,1772472694,25ea039c9cad139bbd7d7e9f699f41a699185515a0ccd61e5bbc9c8273545105,311,155.50,3.80,1,6,4,0.024476,0.598245,Minotaur,minotaur(pow_w:0.50),2.15,401,0
80,4,0x719361397abe003a91af76243e5f9c7a0cd4279f,13.558626,1772472696,563e537ea8c8650456f7dce52a0aa2d10d79bfdf6c0534449cd2f44767d4ea26,207,103.50,3.62,2,6,4,0.024446,0.598278,Minotaur,minotaur(pow_w:0.50),1.81,402,0
81,0,0xd46407aa7b668c72de3cf1c1a12b7fa2e308a1b2,15.014449,1772472698,d0bb0c7cd3fccc0985a8eb89dae4fd56b50b5848706dec46370323765d14c67d,309,103.00,3.86,1,5,4,0.024464,0.598684,Minotaur,minotaur(pow_w:0.50),2.61,403,0
81,1,0xd39dbd3662315e3935ec08e6b6028e73b3c09de2,6.925350,1772472701,113915da9646682a1661fb5ab9c4af36ecdfb0a3517f15afdb2d03082ef4ce4c,297,148.50,3.93,1,6,4,0.024493,0.599255,Minotaur,minotaur(pow_w:0.50),2.53,404,0
81,2,0x213068cb42718d1dd6d00a6d94d62a3def0e68eb,3.367219,1772472702,5e2169aeb39d4a2e9469d60e63c3c2955e9fe2596a5d7549773aa1bef9000f1e,271,135.50,4.71,2,6,5,0.024455,0.599168,Minotaur,minotaur(pow_w:0.50),2.50,405,0
81,3,0xc4dc29db975b952e04358340e56b68fa4ba63fbc,4.541761,1772472704,ae52be38c91a0dfaf09eafe97f6b4a7443b0f539a2fde8970a3724626ea91701,183,183.00,3.36,1,5,3,0.024388,0.598269,Minotaur,minotaur(pow_w:0.50),1.71,406,0
81,4,0x016d3fc36beee7caa8fbd6c1caa42461dd7f9850,4.880419,1772472706,ca739783bdc9d701fb1f7c245f1ed114d522c6aee3f1c0f674cac3d132208fa8,315,157.50,3.73,1,6,4,0.024330,0.597721,Minotaur,minotaur(pow_w:0.50),2.09,407,0
82,0,0xac768e60b9269babb15cb1e36ee843243d7c7543,14.738778,1772472708,87b49e8e52dd389ac08c915064bb06121fa73ce14a72ea7368dfdbc0a8e43b5a,249,83.00,3.21,1,5,3,0.024331,0.597725,Minotaur,minotaur(pow_w:0.50),2.63,408,0
82,1,0xf6e059718dbd0a0956726ab97d06bad5efc6cd18,2.007637,1772472710,6420b75e677b5218e9ba72bba8cdefbbdb36bfe73c08b1faa587ed1ab429f4b2,302,151.00,4.04,1,6,4,0.024303,0.597760,Minotaur,minotaur(pow_w:0.50),2.57,409,0
82,2,0xeb82a21cb3d0dd781eb22ad74bb7cd9b4d2a06ec,15.952065,1772472713,154a3daf37e675397b98545772eadbda8ef80f37cdb11c41e59d46daa81ea53e,315,157.50,3.86,1,6,4,0.024225,0.596450,Minotaur,minotaur(pow_w:0.50),2.51,410,0
82,3,0xe6ebb0cdfd04183d498964e5efc4096ba77b17d6,20.326183,1772472714,a487db25c5911e854e659c7d9e749d3b0fbc82721dd2485a80cb1c3fa1ca3003,312,156.00,4.01,1,7,4,0.024261,0.597081,Minotaur,minotaur(pow_w:0.50),2.45,411,0
82,4,0x6d6b2734a20229ddd7fd4a1470ba3e3bad4e4a85,10.656024,1772472716,59cf27f8c486b8c9319efe1dbdfa276682a6c180721d9f6acc54370eec63ccbd,169,169.00,3.66,1,6,4,0.024331,0.597825,Minotaur,minotaur(pow_w:0.50),1.76,412,0
83,0,0x0d91704595bff3aec25d40822498a51c62b05e3a,0.558826,1772472718,292581d8cd0babba7f2c74ff10bcbbd737043f9b228bc2585475c9782e35fd1d,328,109.33,3.78,1,6,4,0.024324,0.597942,Minotaur,minotaur(pow_w:0.50),3.08,413,0
83,1,0x89100a8056319ba37491b32ba255004180607bc2,6.788497,1772472720,97ad4c0dadce738be2481a36428eef2a2396099e55448f994b71fcc9006445ed,194,194.00,3.60,2,6,4,0.024235,0.596010,Minotaur,minotaur(pow_w:0.50),1.59,414,0
83,2,0x63f4973c0df8a5358405f396dc0673a463c48de9,11.908167,1772472723,75b643345a920dd80751ced50bc79c71388ddecdbebef91ec6e71b46d219fed7,302,100.67,3.99,1,6,4,0.024197,0.595883,Minotaur,minotaur(pow_w:0.50),2.54,415,0
83,3,0x81d019380961f92c2031b0a7fba69f7675145088,2.489253,1772472724,a634858b08bb02a6bd2b7bd0165b76dca386f626a7138ce5ac652269804101a3,285,142.50,3.76,1,6,4,0.024199,0.596072,Minotaur,minotaur(pow_w:0.50),2.48,416,0
83,4,0x8d9e46becf415ca26aa698c9657087e6554aabda,2.380916,1772472726,107c5bb6c284aff4dcc91f25360035602804bdd8b1b6f70d9b4b5a432ac79d8f,172,172.00,3.53,1,6,4,0.024126,0.594972,Minotaur,minotaur(pow_w:0.50),1.87,417,0
84,0,0xe478b1e4d1538274c0c70cbd7df877f9abab2f62,14.319116,1772472728,36cb046da62b5e1831e2d97bbb757486ce6d924192b69d316213e080ee6cab56,290,145.00,3.65,1,6,4,0.024053,0.593797,Minotaur,minotaur(pow_w:0.50),2.18,418,0
84,1,0x213068cb42718d1dd6d00a6d94d62a3def0e68eb,4.368619,1772472730,be50c816248cde289ff3642c8f6ed8b32325557ba8479b4408f4dd1171da406b,194,97.00,3.99,1,5,4,0.024074,0.594228,Minotaur,minotaur(pow_w:0.50),1.89,419,0
84,2,0x8c11ec9090dd820c076e57e899d9c604c79d6b32,4.561089,1772472732,506429a70d5348bf7dc2d79b5f1153f7a724587951fa816d5a61b55a3ce139c4,309,103.00,3.80,1,5,4,0.024017,0.593583,Minotaur,minotaur(pow_w:0.50),2.71,420,0
84,3,0x6064b9f5883bf9737dfe314ff68c56e09e68ac89,4.185339,1772472735,ba0da27a7712c7ca59da3df3404bf22d2b12d0f619e51b32c733dcb4aa31e7c2,296,148.00,4.27,1,6,4,0.023962,0.592971,Minotaur,minotaur(pow_w:0.50),2.47,421,0
84,4,0xf6e059718dbd0a0956726ab97d06bad5efc6cd18,3.010407,1772472736,e4eee89d6e38e8ca8f25fbad4f8ab96fc99ab9b03411c7956322ab40dc588fe3,291,145.50,3.82,1,6,4,0.023904,0.592216,Minotaur,minotaur(pow_w:0.50),2.51,422,0
85,0,0xa3786e459f289a76c0e8af8ad834e3d0c6d47199,31.786083,1772472738,ee105beb4051a7a49d50a7913530c4a3f77abafbb7a0f37bce0d38380fc29964,147,147.00,3.65,1,6,4,0.023838,0.591244,Minotaur,minotaur(pow_w:0.50),1.87,423,0
85,1,0x89100a8056319ba37491b32ba255004180607bc2,7.791307,1772472740,542ed6180d5fd6a45a5b38ca0f764540776ca08bf3213a5dcb1acdec40292761,308,154.00,4.16,1,6,4,0.023993,0.592031,Minotaur,minotaur(pow_w:0.50),2.17,424,0
85,2,0x28672c71695142588ed26ada6f4b18b8b6c12308,2.685728,1772472742,cd35148556ae0d1dd9037c2ddfacf9ce8ab4deda89469b84d76b4c1835c51c8e,233,77.67,3.85,1,5,4,0.023962,0.592028,Minotaur,minotaur(pow_w:0.50),2.79,425,0
85,3,0xa5a12d96532497871d73549e55ab377e3dcb3a40,0.098642,1772472745,fcbe6964181aa9f06626e442635937fc5c22c6e6e32fc10fec3b0302bd2255ae,311,155.50,3.69,1,6,4,0.023893,0.590937,Minotaur,minotaur(pow_w:0.50),2.50,426,0
85,4,0x4a217e35f6402e7f62a49f6d62e27c6585c2f3fd,5.489397,1772472746,25076f6fd8652d39155d8a7deb8cf25b9eef93eccbc44d301760b7a9d19c2b6e,245,122.50,4.07,1,6,4,0.023805,0.588830,Minotaur,minotaur(pow_w:0.50),2.51,427,0
86,0,0xe478b1e4d1538274c0c70cbd7df877f9abab2f62,15.320876,1772472748,cb50c9d03e762b483e85d20b793396414f7e8da1ab48b02a30f13f53d4d030be,148,148.00,3.47,1,5,4,0.023758,0.588521,Minotaur,minotaur(pow_w:0.50),1.89,428,0
86,1,0x63f4973c0df8a5358405f396dc0673a463c48de9,12.910587,1772472750,99c95c968288a78bfdd47c3871e27f69c88f78655ce96166a2be7f2e22d956c9,329,109.67,3.95,1,6,4,0.023785,0.589053,Minotaur,minotaur(pow_w:0.50),3.26,429,0
86,2,0xdcf2130496e27a8094ab996aea4aa77788d65869,20.536707,1772472752,ff291e8ca9cec80ab1d83e4fc468338ec1aa57bbaaa582769e58021c270d5ce9,234,234.00,3.65,1,6,4,0.023785,0.589057,Minotaur,minotaur(pow_w:0.50),1.91,430,0
86,3,0x8c11ec9090dd820c076e57e899d9c604c79d6b32,5.563689,1772472754,3389b9f527526ef8e76a3f3f3c27d6cf71c2653e54b102848cac28cdc3a6e67c,301,100.33,3.92,1,5,4,0.023859,0.590055,Minotaur,minotaur(pow_w:0.50),2.64,431,0
86,4,0x58a21eeb7ab18ba8adf1296e66a4487076e95dac,15.111974,1772472757,23a6af03747f0d28581fc4ce8e968d7eb022569fc0519cfa41e2cb471c966766,304,152.00,4.22,1,6,4,0.023812,0.589726,Minotaur,minotaur(pow_w:0.50),2.46,432,0
87,0,0xbc3f8508d26048f2064aa8c068f4c94d08d77d18,8.069429,1772472758,7acc60455c3ad2fc4e45e9accd846cfe1772a347a7e50a1cc0537c63f5f52a17,270,135.00,3.88,1,6,4,0.023836,0.590187,Minotaur,minotaur(pow_w:0.50),2.44,433,0
87,1,0x4a217e35f6402e7f62a49f6d62e27c6585c2f3fd,6.490687,1772472760,fbf1f8fc3bc416ccb5020570f197a9dca4a511e4d68a60fbd89b27356b9bb0a0,171,171.00,4.07,1,6,4,0.023808,0.590197,Minotaur,minotaur(pow_w:0.50),1.94,434,0
87,2,0x269cdf52f97e1d9f14b7be895155a7b294f0b21d,1.714993,1772472762,1e2f2e850ca1b593183775de6f4227c1f9855271fcf1d5b5c6cff51e9d56142d,375,125.00,3.76,1,6,4,0.023768,0.590012,Minotaur,minotaur(pow_w:0.50),3.22,435,0
87,3,0x408bb0bf84df50b21c53c74420987f172d4036a1,2.792874,1772472764,f40850bcaf649699a6193f5d1293af590c0631219414a40234ae3baed84a8f18,224,224.00,3.58,1,5,4,0.023694,0.588595,Minotaur,minotaur(pow_w:0.50),1.77,436,0
87,4,0x9c39f7fffaa5c5cfab20dfdd05663497918580c1,4.428178,1772472766,07bf314de0cf40514c7e971b68ac4e47c071b159a9c0710151e5aec341903358,301,100.33,3.76,1,6,4,0.023627,0.587531,Minotaur,minotaur(pow_w:0.50),2.59,437,0
88,0,0x63f4973c0df8a5358405f396dc0673a463c48de9,13.912727,1772472769,75dd3c2f04b87cd58c67d6badcbd474834398d88c9ab06973eb75e0598ee40fa,278,139.00,4.13,1,6,4,0.023573,0.586842,Minotaur,minotaur(pow_w:0.50),2.52,438,0
88,1,0x34412315480562da4810040fd15c81f99880e1ab,17.929793,1772472770,7ca8ca5717bcdaa9f55329dacc6704c123969173793978f0f4e3d8fb895be1b5,279,139.50,3.71,1,6,4,0.023588,0.587206,Minotaur,minotaur(pow_w:0.50),2.49,439,0
88,2,0x6064b9f5883bf9737dfe314ff68c56e09e68ac89,5.187749,1772472772,f9235814fae2728c368c00635bcde91d1f2620b1fb63b7aa3be5d45e3faf7490,165,165.00,3.72,1,6,4,0.023632,0.587861,Minotaur,minotaur(pow_w:0.50),1.79,440,0
88,3,0xa068e3c9a21c8d8be636cd2d285895979ec3262e,1.958901,1772472774,df726a15f4145a7537a6f19bd5840ac5be4f607f7b3609657d4b4331cb61ad49,348,116.00,3.92,1,6,4,0.023583,0.587411,Minotaur,minotaur(pow_w:0.50),3.09,441,0
88,4,0x1796dc61e715f15a2d27dfa32bd34780f12a8c24,6.726771,1772472776,c892d6360efb0ae5d98f8966007456eb874b254100d3c704bc5219444e4ae09e,149,149.00,4.18,1,6,4,0.023511,0.586057,Minotaur,minotaur(pow_w:0.50),1.62,442,0
89,0,0xaadc5fea232580cb8fba739ac5d05a48559c7e52,6.354643,1772472778,b99d481e38502334d201851baecbb370315727ccf4e31817216c65a73da093dd,303,101.00,3.35,1,5,3,0.023474,0.585883,Minotaur,minotaur(pow_w:0.50),2.69,443,0
89,1,0x58a21eeb7ab18ba8adf1296e66a4487076e95dac,16.114334,1772472781,1f5a0b49a3b4c947b07d3b314b860f32454d65e6b6b68fccb6fa6ac25bfc3678,305,152.50,4.35,1,6,4,0.023435,0.585629,Minotaur,minotaur(pow_w:0.50),2.51,444,0
89,2,0x075e1d95c7891e1c00414ca1aa9a7a8cf6270019,3.138005,1772472783,7ed8a8fc412363275531bf7dc25f390158207efa9984a818c4768f65935fb762,317,158.50,3.86,1,6,4,0.023464,0.586205,Minotaur,minotaur(pow_w:0.50),2.48,445,0
89,3,0x075e1d95c7891e1c00414ca1aa9a7a8cf6270019,4.141755,1772472785,b851d1c29d7302d460aeae02318368c12057122ac3a40c3e03329a74d5380702,375,187.50,3.06,1,6,3,0.023402,0.585233,Minotaur,minotaur(pow_w:0.50),2.22,446,0
89,4,0x9bdb1c7ad4bd8fe797b07c08117c74a591dbab2d,2.442162,1772472787,5d47826556e20204adc70c849b2aa867b5ffd541fd4f7b70fbf80d8131ab97aa,182,91.00,3.16,1,5,3,0.023347,0.584457,Minotaur,minotaur(pow_w:0.50),1.92,447,0
90,0,0xcdfb7a191f0bf929991735127c8d1b4e5b99de22,0.035608,1772472789,51813633df9171bfff2e1a60f0e5ec293ddf56b67dfc411c0c96471dbcf58213,325,108.33,3.77,2,5,4,0.023280,0.583243,Minotaur,minotaur(pow_w:0.50),2.72,448,0
90,1,0x4414c05be2cf328f38d2e3ef4b705d6b894f044a,13.106839,1772472792,a2befee4cf662107ab6a09a26db63da7250792a6680c7cbf4a4ad5292594a07a,299,149.50,4.33,1,6,4,0.023197,0.581169,Minotaur,minotaur(pow_w:0.50),2.59,449,0
90,2,0x1796dc61e715f15a2d27dfa32bd34780f12a8c24,7.729571,1772472793,03308f15f796de2097a89e2eefb8fde7124b47e07c5bff7699af39ddf421b926,296,148.00,3.98,1,6,4,0.023205,0.581454,Minotaur,minotaur(pow_w:0.50),2.46,450,0
90,3,0x1796dc61e715f15a2d27dfa32bd34780f12a8c24,8.731541,1772472795,18af83141c831193e7fbef0f85d2a6dd15bef9a12bc5d13f502d297faf4c1df7,201,201.00,3.17,1,5,3,0.023176,0.581402,Minotaur,minotaur(pow_w:0.50),1.79,451,0
90,4,0x34412315480562da4810040fd15c81f99880e1ab,18.931043,1772472797,80c25e7fe2a2fa50eb8da82dd7685dd013b5e102cc83411a214b6ad209903520,365,121.67,3.33,1,5,3,0.023154,0.581478,Minotaur,minotaur(pow_w:0.50),2.98,452,0
91,0,0xf6e059718dbd0a0956726ab97d06bad5efc6cd18,4.010977,1772472799,e2e2c32c6eaddb9042f3a42b978dfdc633e7a5f21db94b759c49c09e1a9721c4,140,140.00,3.87,1,6,4,0.023154,0.581481,Minotaur,minotaur(pow_w:0.50),1.46,453,0
91,1,0xeb82a21cb3d0dd781eb22ad74bb7cd9b4d2a06ec,16.953845,1772472801,937ffeeea611a4f1e8e6a091adf62048be7a6bcb76069e3b0d26c1cfd2dd14f9,340,113.33,3.92,1,6,4,0.023147,0.581310,Minotaur,minotaur(pow_w:0.50),2.63,454,0
91,2,0xa3786e459f289a76c0e8af8ad834e3d0c6d47199,32.788193,1772472804,7f0155fc70549d45ab3126eeeac8fb80cbf70f7c8de83c2d3b731fa2cf53fabd,309,154.50,4.12,1,7,4,0.023181,0.581917,Minotaur,minotaur(pow_w:0.50),2.57,455,0
91,3,0xe6ebb0cdfd04183d498964e5efc4096ba77b17d6,21.326503,1772472806,f035c2d0f102442dc811263ae9c947e7270810f484934f330e97f38042bf2f09,300,150.00,4.30,1,6,4,0.023322,0.582675,Minotaur,minotaur(pow_w:0.50),2.43,456,0
91,4,0x89100a8056319ba37491b32ba255004180607bc2,8.792387,1772472808,26023ac68855548de828e8cd5998f43ef836f88646aa1679a0e892b55f0fab89,242,121.00,3.85,1,7,4,0.023384,0.583383,Minotaur,minotaur(pow_w:0.50),2.48,457,0
92,0,0x606627477c3734932f47972f83c27cf4e3b35b4f,13.391867,1772472810,803abeef8beb6eaea6b937232663565f1b951a3a22762130401b5cb93eedd976,375,125.00,3.90,1,6,4,0.023361,0.583426,Minotaur,minotaur(pow_w:0.50),3.02,458,0
92,1,0x1796dc61e715f15a2d27dfa32bd34780f12a8c24,9.734891,1772472812,46e8df613b56c1047943be8c0ad5fb1ea742410712573437c43a8e3cc7ac0082,187,93.50,3.78,1,5,4,0.023369,0.583702,Minotaur,minotaur(pow_w:0.50),2.45,459,0
92,2,0xc24b36dee27726233c3bbd9e1f028f98b6b2a424,11.423349,1772472815,f1d03f4d9361e6cbe72017c88979ff2d9868047daa6e88b42bac140cb1ba1455,291,145.50,3.24,1,5,3,0.023352,0.583790,Minotaur,minotaur(pow_w:0.50),2.51,460,0
92,3,0x58a21eeb7ab18ba8adf1296e66a4487076e95dac,17.116924,1772472816,989a15e15a4195ea78ea76f6b30bbd7e469e296ee380e850ac9da3d2f95d4838,329,164.50,3.99,1,6,4,0.023346,0.583941,Minotaur,minotaur(pow_w:0.50),2.49,461,0
92,4,0x8c11ec9090dd820c076e57e899d9c604c79d6b32,6.565749,1772472818,1fb50ba77609755cb0fe49b92df686725f239a522e88d9c3135d23e3fdf011fb,193,193.00,3.90,1,6,4,0.023379,0.584509,Minotaur,minotaur(pow_w:0.50),1.82,462,0
93,0,0x30405867b72597aaeb27803bb2c7f3f5fc7d5384,5.520974,1772472820,71c3487d648ed853b7a495a795ccd2833d5da1a646daffbda86fac6f54194222,298,149.00,4.08,1,6,4,0.023340,0.584261,Minotaur,minotaur(pow_w:0.50),2.23,463,0
93,1,0x4414c05be2cf328f38d2e3ef4b705d6b894f044a,14.109309,1772472822,84bb5d3c933435722f96b0b7f8d59776a4a62873e949274b00de644f1c948a9e,223,111.50,3.63,1,5,4,0.023341,0.584265,Minotaur,minotaur(pow_w:0.50),2.05,464,0
93,2,0xa3786e459f289a76c0e8af8ad834e3d0c6d47199,33.790893,1772472824,6c32cab8e7962c4adc907f9257ccd2ad88e17cf718f27ea85687de51b41443fe,307,102.33,4.01,1,6,4,0.023307,0.584208,Minotaur,minotaur(pow_w:0.50),2.53,465,0
93,3,0x6064b9f5883bf9737dfe314ff68c56e09e68ac89,6.190409,1772472827,b29836ee7524d15d5b8e67e848466b034adc4b41d624ad0fb83409e71b57e17a,287,143.50,4.36,2,6,4,0.023448,0.584948,Minotaur,minotaur(pow_w:0.50),2.53,466,0
93,4,0x58a21eeb7ab18ba8adf1296e66a4487076e95dac,18.118674,1772472828,2d4540c94bcfeb5266136a216b7bb74673157d943e2792b0dd99acd21c1af42a,291,145.50,3.83,1,6,4,0.023407,0.584621,Minotaur,minotaur(pow_w:0.50),2.46,467,0
94,0,0xd39dbd3662315e3935ec08e6b6028e73b3c09de2,7.926170,1772472830,c0d05b5cd40b092d8cac65767b784e28730e7f4b9a6e28820b177e3053db60f0,179,179.00,3.70,1,6,4,0.023444,0.585212,Minotaur,minotaur(pow_w:0.50),1.83,468,0
94,1,0x4414c05be2cf328f38d2e3ef4b705d6b894f044a,15.112219,1772472832,5133bf72a1e9a9a8a5dc014937bf055bda050e4d473714fc55319bb089b41fbf,319,159.50,4.45,1,6,5,0.023414,0.585137,Minotaur,minotaur(pow_w:0.50),2.21,469,0
94,2,0x07902d0371763a00d97ed9ba16ff0a206cb0fd19,13.550029,1772472834,2380acdc1fde66c4a99021839c584adc1ecad7c343b95f50a90bbad4cdc5bdcf,231,77.00,3.89,1,6,4,0.023431,0.585542,Minotaur,minotaur(pow_w:0.50),2.89,470,0
94,3,0x4a217e35f6402e7f62a49f6d62e27c6585c2f3fd,7.493347,1772472836,fddde5815723098ea866fa52ac40869112e969f0899eb55a56494004b3026ae3,306,153.00,2.78,1,4,3,0.023438,0.585774,Minotaur,minotaur(pow_w:0.50),2.58,471,0
94,4,0x408bb0bf84df50b21c53c74420987f172d4036a1,3.794624,1772472839,68b08828b4b0c921a08903bfa4abd9636cc685db27333644b53b8b5673195f2d,277,138.50,4.12,1,6,4,0.023405,0.585643,Minotaur,minotaur(pow_w:0.50),2.43,472,0
95,0,0xe6ebb0cdfd04183d498964e5efc4096ba77b17d6,22.328593,1772472840,5898635402778ebe7a6c60443dac103a5da626dc04121cb4047ba941889b99b6,293,146.50,3.59,1,6,4,0.023349,0.584787,Minotaur,minotaur(pow_w:0.50),2.43,473,0
95,1,0x34412315480562da4810040fd15c81f99880e1ab,19.931833,1772472842,63734d1c6c39c695fe92f7ca39ef58adce413f7deea935311eab2a72b326b194,188,188.00,3.94,1,7,4,0.023411,0.585478,Minotaur,minotaur(pow_w:0.50),1.83,474,0
95,2,0xc4dc29db975b952e04358340e56b68fa4ba63fbc,5.542891,1772472844,716b0c3b53d8ef5e0ceaaf74f7ef672bbaf536e180c4e19357ad5b8323f603b4,364,121.33,3.95,1,6,4,0.023411,0.585482,Minotaur,minotaur(pow_w:0.50),3.06,475,0
95,3,0xa3786e459f289a76c0e8af8ad834e3d0c6d47199,34.793433,1772472846,d17b79f65b1ac934b5d9a282423b63b1d064db676e7322d6c7c3c612bacd07b4,195,195.00,3.93,1,6,4,0.023413,0.585682,Minotaur,minotaur(pow_w:0.50),1.63,476,0
95,4,0xcdc82b7c868072205a399d0f68e6e3ad3bfd1ca6,3.201101,1772472849,57243823c1b3591ce0239b5d48b6f3769a387331482a2e1cbcdf271dfb2de947,340,113.33,4.44,1,6,4,0.023552,0.586406,Minotaur,minotaur(pow_w:0.50),2.64,477,0
96,0,0xa447d277b02012c2afd9ddcbbe123f27cc971963,8.812435,1772472850,7ee241f783c3760a8712748f4e00d3d168c4d80fa8f7a1645e61b3038bc3d882,285,142.50,3.61,1,6,4,0.023492,0.585439,Minotaur,minotaur(pow_w:0.50),2.51,478,0
96,1,0xb2a7fe70a6f3137d38f6cb4c3ec6dd1e24f2d5f4,8.425228,1772472852,9d404d3c8d60d33f0874a2753c564cd12546350b853decc31e512b4f249b771e,179,179.00,3.45,1,6,3,0.023468,0.585437,Minotaur,minotaur(pow_w:0.50),1.84,479,0
96,2,0x1796dc61e715f15a2d27dfa32bd34780f12a8c24,10.737231,1772472854,419a735eac21100d2a3954c7386311af1111b6bebc39b2fcf3e4ccd62e3d4a9b,274,137.00,4.38,2,6,4,0.023440,0.585370,Minotaur,minotaur(pow_w:0.50),2.38,480,0
96,3,0x1796dc61e715f15a2d27dfa32bd34780f12a8c24,11.739911,1772472856,9d31a2e626cf64326a6a266f637638fe8e55f0077f14b20b3b45beb38c8462a1,269,134.50,3.31,2,5,3,0.023428,0.585455,Minotaur,minotaur(pow_w:0.50),1.88,481,0
96,4,0x4ba33404d90c4ae989714d9d174cd882cffb7994,5.114502,1772472858,1b8302d082da0e6b23e6ad71f69df232946d280720750a2e1143a9b8a8e7375a,303,101.00,3.31,1,5,3,0.023421,0.585583,Minotaur,minotaur(pow_w:0.50),2.51,482,0
97,0,0xd46407aa7b668c72de3cf1c1a12b7fa2e308a1b2,16.014779,1772472861,fafaaa862f23b3a4ffdb5e8ab3043f622b684a190a09154b823a7f7f7cf81ee8,331,165.50,4.54,1,6,5,0.023374,0.585078,Minotaur,minotaur(pow_w:0.50),2.55,483,0
97,1,0x58a21eeb7ab18ba8adf1296e66a4487076e95dac,19.120034,1772472862,902a6192fb9aece39d309e15d7c3ebe6bc0d23ea5bbb8578f1e918cb610a1069,338,169.00,3.91,1,6,4,0.023393,0.585566,Minotaur,minotaur(pow_w:0.50),2.47,484,0
97,2,0x81193196c1dbdbf80709d43a5af5ce21c201fbd7,2.830869,1772472864,fc1dfac89590bcad52635eb282dfd2581b2c75f3476bfe16d5f47d089a80c141,173,173.00,3.81,1,6,4,0.023432,0.586137,Minotaur,minotaur(pow_w:0.50),1.85,485,0
97,3,0x719361397abe003a91af76243e5f9c7a0cd4279f,14.559176,1772472866,6ea1794e56df8c732622a05da44508480d1851a0b3183a161a3b04d7c5d42065,351,117.00,3.88,1,6,4,0.023370,0.585072,Minotaur,minotaur(pow_w:0.50),3.13,486,0
97,4,0x213068cb42718d1dd6d00a6d94d62a3def0e68eb,5.369399,1772472868,c040019b1f99d33852fa39d959c988dd84ccae665b616aa4b73ec7f04a5893fa,183,183.00,3.67,1,5,4,0.023381,0.585385,Minotaur,minotaur(pow_w:0.50),1.72,487,0
98,0,0x719361397abe003a91af76243e5f9c7a0cd4279f,15.560966,1772472870,52ec6da14dfa8c6457e0c7369d54299f3ff000430fa557544f343f9fdd89b238,299,99.67,3.67,1,5,4,0.023335,0.584903,Minotaur,minotaur(pow_w:0.50),2.64,488,0
98,1,0xc774b0fee7cabbef3b1ae14bf36db3df0d32c1df,6.174487,1772472872,bf5fca7f78932939c8f4ee11e1f3161cfead1b2586ad559c19286f5f806e661c,328,164.00,3.83,1,6,4,0.023351,0.585312,Minotaur,minotaur(pow_w:0.50),2.41,489,0
98,2,0x7e40df5d801345015e84c843908efc6683665fa4,0.645189,1772472874,aa6a19968e289532cb954c4b0b88506ef8f5fa7cd4cd82d2c40ea8380ac63fc4,148,148.00,3.87,1,6,4,0.023310,0.584945,Minotaur,minotaur(pow_w:0.50),1.91,490,0
98,3,0x30509a8084fdfe6fe24d9c9a817c209ad194f8e3,15.679849,1772472876,96d54eaf92b60356e21dbe4e5a59eddb90863ea8a245bdbe139ab0e3b0c15b8e,364,182.00,3.38,1,5,3,0.023236,0.583266,Minotaur,minotaur(pow_w:0.50),2.19,491,0
98,4,0x606627477c3734932f47972f83c27cf4e3b35b4f,14.392577,1772472878,3b24ef2e6ce1a2865d866ed89c5b83ca182e90da4184d5e313e313674e550507,194,97.00,3.31,1,5,3,0.023253,0.583661,Minotaur,minotaur(pow_w:0.50),1.66,492,0
99,0,0xac768e60b9269babb15cb1e36ee843243d7c7543,15.739058,1772472880,ff3dc8b3cce92a1fd3b5707b997a4ece3973a397fffb5e2dfeee3bac672b2492,333,111.00,3.73,1,6,4,0.023262,0.583928,Minotaur,minotaur(pow_w:0.50),2.62,493,0
99,1,0xd46407aa7b668c72de3cf1c1a12b7fa2e308a1b2,17.017809,1772472883,c309a751d8fdae37d474c7acd6c44e170c4fd565ac6b8b004c4ba249c697005f,297,148.50,3.91,1,6,4,0.023278,0.584298,Minotaur,minotaur(pow_w:0.50),2.45,494,0
99,2,0xc4dc29db975b952e04358340e56b68fa4ba63fbc,6.544221,1772472884,b7fd414e594721feac6a6d774e775bea63cde7c7427952eba64f60e1aa46fb70,299,149.50,3.85,1,6,4,0.023302,0.584795,Minotaur,minotaur(pow_w:0.50),2.40,495,0
99,3,0x1796dc61e715f15a2d27dfa32bd34780f12a8c24,12.742411,1772472886,4ae85911db06e9f2afea964095ba0302398a51383b6e713ebe1cca5a731217a9,199,199.00,3.71,2,6,4,0.023263,0.584477,Minotaur,minotaur(pow_w:0.50),1.75,496,0
99,4,0xa3786e459f289a76c0e8af8ad834e3d0c6d47199,35.796243,1772472888,935469300dcb0552bba029e351f71ad724b4889351037f592a627a2389f97b73,375,125.00,3.30,1,5,3,0.023262,0.584645,Minotaur,minotaur(pow_w:0.50),2.96,497,0
