epoch,slot,miner,proposer_stake,timestamp,block_hash,tx_count,throughput,avg_path_length,min_path_length,max_path_length,median_path_length,stake_concentration,gini_coefficient,consensus_type,consensus_state,avg_tx_delay_s,block_production_success,block_production_failed
0,1,0xa9105f442328d397529b8e4e9e656fa89016ff45,0.471594,1772339480,f42cb878cf9cca22e2e3f9606d287f32245b5a8cac2bbaa3297f145d8bd87d8d,1,0.00,1.00,1,1,1,0.667986,0.498923,pow,pow(difficulty=20_work_amount=1048576),0.00,0,0
0,2,0x89100a8056319ba37491b32ba255004180607bc2,2.787467,1772339487,4d90768b0dab1d84d34cb4162cbc12b221172b6fa4870456e7d50e6915eb05c7,250,31.25,3.45,1,4,4,0.024115,0.597085,pow,pow(difficulty=20_work_amount=1048576),4.04,1,0
0,3,0xc24b36dee27726233c3bbd9e1f028f98b6b2a424,2.413379,1772339489,51078648288b18459cd4577ef6ca8cc28158ce79f8964be7f4b5df8196bec137,250,31.25,3.06,1,4,3,0.024279,0.599393,pow,pow(difficulty=20_work_amount=1048576),7.03,2,0
0,4,0x4a217e35f6402e7f62a49f6d62e27c6585c2f3fd,1.492897,1772339491,5b7bd90dd15fde61415859f01ccaef67df0a33a98611d60bcfca258d370e47b5,250,125.00,3.40,1,5,3,0.024360,0.601007,pow,pow(difficulty=20_work_amount=1048576),3.44,3,0
1,0,0x81193196c1dbdbf80709d43a5af5ce21c201fbd7,0.838979,1772339494,589d6208940b84772d3816e54301db957cfdeaac20ba0260435c23b4c6a8e963,201,100.50,3.39,1,5,4,0.024263,0.601150,pow,pow(difficulty=19_work_amount=524288),1.57,4,0
1,1,0x49b57eb4dace37c8819daf079c9c674f766d4f38,1.231980,1772339495,71aae9ca14e91bbff6ea0faafd9cf97772a6ed146805839b1681e718b2e03405,205,102.50,3.30,1,5,3,0.024046,0.599478,pow,pow(difficulty=19_work_amount=524288),1.57,5,0
1,2,0xeb82a21cb3d0dd781eb22ad74bb7cd9b4d2a06ec,2.924465,1772339497,7f11548b04b85a4155c9323250a3d2989a137e34d5ec2ea2fbff17595f42691c,103,103.00,3.25,2,4,3,0.023903,0.598781,pow,pow(difficulty=19_work_amount=524288),1.00,6,0
1,3,0x3513d672439a59c26cc5711f2b715ccb4810a774,1.292625,1772339499,c92c891590bfa2fad77a07952d040278cd8e1ac03bf16f372851baafbde91d70,206,103.00,3.40,1,5,3,0.024058,0.600846,pow,pow(difficulty=19_work_amount=524288),1.50,7,0
1,4,0x7e40df5d801345015e84c843908efc6683665fa4,0.659859,1772339501,6773f073357a4b0786d8adefbc5273183312735ebe187b4580b16eb5bf3d7c42,246,123.00,2.92,1,4,3,0.023922,0.600120,pow,pow(difficulty=19_work_amount=524288),1.11,8,0
2,0,0x30509a8084fdfe6fe24d9c9a817c209ad194f8e3,2.656589,1772339503,18a4cae5289f2ce3e8a0b0b6abc6da346520a5c238e64b2b70e98c227917d13f,221,73.67,3.28,2,4,3,0.023681,0.597643,pow,pow(difficulty=20_work_amount=1048576),1.75,9,0
2,1,0x6d6b2734a20229ddd7fd4a1470ba3e3bad4e4a85,1.643374,1772339506,9fcb9bedc9e4d3f605ec1854f910c1b0766fc57df5d756301d9d1af5f1eff153,203,101.50,3.49,1,5,3,0.023775,0.599163,pow,pow(difficulty=20_work_amount=1048576),1.54,10,0
2,2,0x3513d672439a59c26cc5711f2b715ccb4810a774,2.295045,1772339507,64efd2cf087bdbe06dff84ed26407da49822fe11d2be31daf3eca55556d76018,192,96.00,3.20,1,4,3,0.023697,0.599142,pow,pow(difficulty=20_work_amount=1048576),1.51,11,0
2,3,0x07902d0371763a00d97ed9ba16ff0a206cb0fd19,2.531859,1772339509,38d9d8317933b27e9cfecdf0bd6e21de2032bf04ff8b8f2162b4fa90a495401d,89,89.00,2.93,2,4,3,0.023722,0.600055,pow,pow(difficulty=20_work_amount=1048576),1.00,12,0
2,4,0x28672c71695142588ed26ada6f4b18b8b6c12308,0.692128,1772339511,9115fe820fc9db81d5cc612c32ffd6634fd304e62e88e285459cfdffaec023b4,182,91.00,3.22,1,4,3,0.023780,0.601079,pow,pow(difficulty=20_work_amount=1048576),1.43,13,0
3,0,0x81193196c1dbdbf80709d43a5af5ce21c201fbd7,1.840769,1772339513,c38b3a279247ce2fca43e870659b09f2887c9606c77382e1407d93db44ae8d59,238,119.00,2.95,1,4,3,0.023548,0.598614,pow,pow(difficulty=21_work_amount=2097152),1.33,14,0
3,1,0xeb82a21cb3d0dd781eb22ad74bb7cd9b4d2a06ec,3.926355,1772339515,4628a76f1befc9451c748cbf6b1d3db619ded3af91ad90d514d200ece59a0f3c,248,82.67,3.27,2,4,3,0.023495,0.598704,pow,pow(difficulty=21_work_amount=2097152),2.01,15,0
3,2,0x6064b9f5883bf9737dfe314ff68c56e09e68ac89,2.192139,1772339517,10701127b7b5a5103d6c7c015b16fab78ab11726538fe638f27cc584063c8c53,209,104.50,3.42,1,5,3,0.023750,0.601764,pow,pow(difficulty=21_work_amount=2097152),1.68,16,0
3,3,0x89100a8056319ba37491b32ba255004180607bc2,3.789527,1772339520,b9100043c2dfce1323f61226ed871759a3adc1df13efe6e9769e7fdac95800be,187,93.50,3.21,1,4,3,0.023740,0.602114,pow,pow(difficulty=21_work_amount=2097152),1.47,17,0
3,4,0x81193196c1dbdbf80709d43a5af5ce21c201fbd7,2.843179,1772339522,c62c7542ebc961564c06276f6678541f7f355a80bdec740bc58705f83a8ca36e,200,100.00,3.09,1,4,3,0.023957,0.604812,pow,pow(difficulty=21_work_amount=2097152),1.49,18,0
4,0,0x4ba33404d90c4ae989714d9d174cd882cffb7994,1.118832,1772339524,2774ddeaf60da0a5deb148f27b80a432473c1002d750613abbc13c55e077d110,208,104.00,3.33,1,4,3,0.024029,0.605953,pow,pow(difficulty=22_work_amount=4194304),1.48,19,0
4,1,0xbc3f8508d26048f2064aa8c068f4c94d08d77d18,3.068079,1772339526,bba975ebf7f33bc43e5b93d91de43e0a99fc16de56817a21666597ebad271ed3,222,111.00,3.33,1,4,3,0.023855,0.604423,pow,pow(difficulty=22_work_amount=4194304),1.40,20,0
4,2,0xa3786e459f289a76c0e8af8ad834e3d0c6d47199,4.727013,1772339528,50fb0a6ed60df5cccda07f0c9e42b0f8efed87e2eb287775d3f0603b1d43af93,250,83.33,3.27,1,4,3,0.023951,0.605817,pow,pow(difficulty=22_work_amount=4194304),1.98,21,0
4,3,0xeb82a21cb3d0dd781eb22ad74bb7cd9b4d2a06ec,4.928275,1772339531,8050f43c9aa0a854512d254fc88f99a3e39f4dd841a8693fe95f5cf400660d1d,237,118.50,3.28,2,4,3,0.024264,0.608940,pow,pow(difficulty=22_work_amount=4194304),1.75,22,0
4,4,0xe478b1e4d1538274c0c70cbd7df877f9abab2f62,2.299716,1772339532,6bf853d1815ef42cbbbd4637ba595bc9d4b2a51f671d119a89160156ad6116e5,208,104.00,3.39,1,5,3,0.024589,0.611920,pow,pow(difficulty=22_work_amount=4194304),1.50,23,0
5,0,0x26d553a2f4343b3a7dc88bbd87b3d0a25d3838d9,3.218760,1772339534,930824b476b29e4ef27ce1aed1d7b7fd3519e2b5e75b8e193cb75e11f25f6abb,95,95.00,3.46,1,5,4,0.024559,0.612020,pow,pow(difficulty=23_work_amount=8388608),1.00,24,0
5,1,0x6064b9f5883bf9737dfe314ff68c56e09e68ac89,3.193769,1772339536,69cdb38a1ab81a724475ccc695c9f0cdacd5edd6fe2e8c92896b91ba4a8d0405,210,105.00,3.14,1,4,3,0.024645,0.613444,pow,pow(difficulty=23_work_amount=8388608),1.47,25,0
5,2,0x26d553a2f4343b3a7dc88bbd87b3d0a25d3838d9,4.220830,1772339539,7b378623c6c98f18f19d3bc5a4c2cc7fc7f36d24fbcb81480b76d698911fca1f,250,83.33,3.20,1,4,3,0.024721,0.614634,pow,pow(difficulty=23_work_amount=8388608),1.99,26,0
5,3,0xc24b36dee27726233c3bbd9e1f028f98b6b2a424,3.415299,1772339540,d97342a86e8a62ca3ab733b47719365a819ec72d12ba7d81f776b6b480c25052,214,107.00,3.26,1,4,3,0.024920,0.617139,pow,pow(difficulty=23_work_amount=8388608),1.65,27,0
5,4,0xeb82a21cb3d0dd781eb22ad74bb7cd9b4d2a06ec,5.930305,1772339542,654a0ca5d1c9a12e8b2a0fa82509cb44b419ac3ce80a648c0925d7290873b0fd,118,118.00,3.41,1,5,3,0.025011,0.618548,pow,pow(difficulty=23_work_amount=8388608),1.00,28,0
6,0,0xd1cd4b808ce6b2841ad42746b64c5a047e857ef0,0.240004,1772339545,71dd5bb8a8769b2c1a4f8a9df943ba81bb797244b888b661e76c82d1b31afff8,250,83.33,3.40,1,5,3,0.025399,0.621449,pow,pow(difficulty=24_work_amount=16777216),2.14,29,0
6,1,0x4414c05be2cf328f38d2e3ef4b705d6b894f044a,2.088989,1772339546,c85fd87b4b28f933cdf6e80ccfc2fc95c47f6e63350d4d43fa85ad18f5f42b4d,239,119.50,3.29,1,4,3,0.025097,0.617607,pow,pow(difficulty=24_work_amount=16777216),1.81,30,0
6,2,0x282f43759e22b50aa7989261c51c367f325c3f91,0.352867,1772339548,22369b818f5b437efd96a6232b995d55b1f58dc8723dd3b7265acf311c7a3010,99,99.00,3.19,1,4,3,0.025017,0.617384,pow,pow(difficulty=24_work_amount=16777216),1.00,31,0
6,3,0x28672c71695142588ed26ada6f4b18b8b6c12308,1.694208,1772339551,c1cd807a051271ee11d8668fa9b292247a4fccd4dc652cada4f9ccb6e35bda82,250,125.00,3.21,2,4,3,0.024738,0.613921,pow,pow(difficulty=24_work_amount=16777216),1.12,32,0
6,4,0x63f4973c0df8a5358405f396dc0673a463c48de9,3.900527,1772339553,be54c90a408bc947130ec36a986f51f72cbd2bb46d4227c4cf93e720f4bfd8c1,243,81.00,3.08,1,4,3,0.024615,0.613241,pow,pow(difficulty=24_work_amount=16777216),1.77,33,0
7,0,0xa447d277b02012c2afd9ddcbbe123f27cc971963,1.808505,1772339555,18cebc80260e45cd7c3f9b5ad879cf91f0f02ef301b76a2cd1c20dd6b530fa70,227,113.50,3.07,1,5,3,0.024741,0.615165,pow,pow(difficulty=25_work_amount=33554432),1.34,34,0
7,1,0x1796dc61e715f15a2d27dfa32bd34780f12a8c24,1.723651,1772339557,987e3aa5ae8026b1e7c50333c32a2a9918bcf5b187c1503d339b071dbbaac440,158,79.00,3.24,1,4,3,0.024629,0.614476,pow,pow(difficulty=25_work_amount=33554432),1.48,35,0
7,2,0xd46407aa7b668c72de3cf1c1a12b7fa2e308a1b2,1.990959,1772339559,343dd8d99c1b87ab366a70d1038f0e4930fd987d23fb93bdf47a4702c571bd9a,250,83.33,3.11,1,4,3,0.024509,0.613570,pow,pow(difficulty=25_work_amount=33554432),2.11,36,0
7,3,0x4414c05be2cf328f38d2e3ef4b705d6b894f044a,3.089859,1772339560,b7c80cc77b0e26039fba112e9201a7498cfc4a61aa402ad372996cdb14272d37,141,141.00,2.94,1,4,3,0.024418,0.612852,pow,pow(difficulty=25_work_amount=33554432),1.24,37,0
7,4,0x282f43759e22b50aa7989261c51c367f325c3f91,1.355257,1772339563,dd5568d9821f796e8ede21ec2bff5aa5edc31ec6ca7a27f9299095cbc2ffa7db,169,169.00,2.99,1,4,3,0.024443,0.613491,pow,pow(difficulty=25_work_amount=33554432),0.60,38,0
8,0,0x34412315480562da4810040fd15c81f99880e1ab,1.897313,1772339566,8137665493877a1e5e96ae206132cd07abbe01d4d92d2830a3856af3e23f7b6e,210,70.00,3.25,2,4,3,0.024443,0.613495,pow,pow(difficulty=26_work_amount=67108864),1.66,39,0
8,1,0xeaa5003682d7289190651081ae2bee847097afc5,0.761465,1772339567,93236d3aa3147623da8e77edcab1c2b213248bda4f4b48336e7acc048fe6aaf1,250,83.33,3.07,1,4,3,0.024184,0.611057,pow,pow(difficulty=26_work_amount=67108864),2.11,40,0
8,2,0x8c11ec9090dd820c076e57e899d9c604c79d6b32,1.565459,1772339569,bcf4d0d35bb71985bfe5fac85a8550f915143e21da013054ce600f218dd88a70,42,42.00,3.29,2,4,3,0.024185,0.611065,pow,pow(difficulty=26_work_amount=67108864),1.90,41,0
8,3,0xd61b00c297972877b45f8d7f4d67fdaf20c67c59,0.335991,1772339570,1378f26d13e8338b5e4fe4e75e96b3ff54145f48a21ffb2708875627e3dd0b73,192,96.00,3.04,1,4,3,0.023838,0.607267,pow,pow(difficulty=26_work_amount=67108864),1.53,42,0
8,4,0x8c11ec9090dd820c076e57e899d9c604c79d6b32,2.567359,1772339573,41a1789f0eb737eecb3dac566e69c999023f4a3814eeb143f5cc4e235edd16f7,221,110.50,3.18,1,4,3,0.023588,0.603872,pow,pow(difficulty=26_work_amount=67108864),1.52,43,0
9,0,0x58a21eeb7ab18ba8adf1296e66a4487076e95dac,4.092184,1772339579,411a43ddb650307397893325fbe322852eb9be2a7b087855a72f8a22246b96d4,218,109.00,3.03,1,4,3,0.023558,0.603705,pow,pow(difficulty=27_work_amount=134217728),1.43,44,0
9,1,0x719361397abe003a91af76243e5f9c7a0cd4279f,3.543026,1772339580,025f9a330d737379af5050e386f78dd33c27bfcbb65e8106570fb947f234816d,250,41.67,3.35,1,4,3,0.023672,0.605630,pow,pow(difficulty=27_work_amount=134217728),5.01,45,0
9,2,0xf6e059718dbd0a0956726ab97d06bad5efc6cd18,1.015697,1772339585,aec49e9740492fa3a317895028196ab8219d46102c3845921b62f2952a221667,35,35.00,2.74,1,4,3,0.023729,0.606773,pow,pow(difficulty=27_work_amount=134217728),3.43,46,0
9,3,0xb2a7fe70a6f3137d38f6cb4c3ec6dd1e24f2d5f4,1.421988,1772339592,41280ce66328627aef3feb2de98937b8e014bc0b8ad0998b9946946d7243cba2,250,50.00,3.04,1,4,3,0.023547,0.604719,pow,pow(difficulty=27_work_amount=134217728),4.18,47,0
9,4,0x07902d0371763a00d97ed9ba16ff0a206cb0fd19,3.532779,1772339594,49819b16f7c63f55fc5a2945a6ecb1457a022901940f0541ce9232206cc4a35a,250,31.25,3.42,1,4,4,0.023407,0.603068,pow,pow(difficulty=27_work_amount=134217728),7.17,48,0
10,0,0xf5ecb44daf07a1d1073dbc89baf04bd7541fa517,0.067850,1772339595,b419bbed660ced522215081002cca53093930ba8be27d355e8f698cf99f2b487,129,129.00,3.24,1,4,3,0.023458,0.604060,pow,pow(difficulty=26_work_amount=67108864),3.19,49,0
10,1,0xa447d277b02012c2afd9ddcbbe123f27cc971963,2.809645,1772339598,2bcc50533e92d814d23d9f02828312104b6a6333bbaa2be87f88ad516cfaddaa,223,111.50,3.15,1,5,3,0.023196,0.599626,pow,pow(difficulty=26_work_amount=67108864),1.49,50,0
10,2,0xa3786e459f289a76c0e8af8ad834e3d0c6d47199,5.728713,1772339600,e1e0d75705c5c77833099ba0c4db55ab42aa3f113a4b0c7eb2807b5958d3d42a,210,105.00,3.20,1,4,3,0.023197,0.599630,pow,pow(difficulty=26_work_amount=67108864),1.50,51,0
10,3,0xa3786e459f289a76c0e8af8ad834e3d0c6d47199,5.728683,1772339602,13e8eb4b89827723952d1c1d98e93083617d8c07375ac4bdc677f78a2aee03ae,250,83.33,3.22,2,4,3,0.023181,0.599668,pow,pow(difficulty=26_work_amount=67108864),2.14,52,0
10,4,0x07902d0371763a00d97ed9ba16ff0a206cb0fd19,4.533949,1772339604,e9c94e4b5e6192504349831d8b870b2bb1976453ce2970549edb6c68a8cc3081,44,44.00,3.07,1,4,3,0.023731,0.604630,pow,pow(difficulty=26_work_amount=67108864),1.89,53,0
11,0,0x282f43759e22b50aa7989261c51c367f325c3f91,2.356927,1772339607,1468f801a77b8e23ba771678ab9e18a4c73697420df034604f4a67173156eb5f,198,99.00,3.23,1,4,3,0.023848,0.606636,pow,pow(difficulty=27_work_amount=134217728),1.48,54,0
11,1,0x81193196c1dbdbf80709d43a5af5ce21c201fbd7,3.844309,1772339609,4b85ad929382cfa72e10fba2851d5a2814ab8f221fd9c0d7bdc230946072a3ed,250,83.33,3.27,1,4,3,0.023780,0.605992,pow,pow(difficulty=27_work_amount=134217728),2.09,55,0
11,2,0x81193196c1dbdbf80709d43a5af5ce21c201fbd7,4.845979,1772339610,19d7e48e74d0381fbefe2a02d1b5be7b6b788a481826c16d7236f3133d610c27,168,84.00,3.31,1,4,3,0.023834,0.607164,pow,pow(difficulty=27_work_amount=134217728),1.62,56,0
11,3,0xd39dbd3662315e3935ec08e6b6028e73b3c09de2,0.922470,1772339612,65ab978c72041b63eac8598533088d3c3dfae2f914ea5a02af9fa27a89d08d93,176,88.00,3.38,2,4,3,0.023966,0.609184,pow,pow(difficulty=27_work_amount=134217728),1.57,57,0
11,4,0x34412315480562da4810040fd15c81f99880e1ab,2.899393,1772339615,c6cbad48537126808700bed694de742e76a62168c7a89eec6a757e85112c4c99,107,107.00,3.33,1,4,3,0.023777,0.606928,pow,pow(difficulty=27_work_amount=134217728),1.04,58,0
12,0,0x95ab54d268473cce82094026afefdbd5cadf418b,0.598308,1772339616,ab1aa0935d312e28b66295f66388a9ed00104e0aa842c1313c4660667ccee751,250,62.50,3.08,1,4,3,0.023748,0.606835,pow,pow(difficulty=28_work_amount=268435456),3.22,59,0
12,1,0x58a21eeb7ab18ba8adf1296e66a4487076e95dac,5.094304,1772339621,9e4bf8781a8193316d677adb9cebe0a5785996a234b536c0c1dd2318f65aea27,163,163.00,3.24,1,4,3,0.023539,0.604045,pow,pow(difficulty=28_work_amount=268435456),1.67,60,0
12,2,0x606627477c3734932f47972f83c27cf4e3b35b4f,3.376427,1772339625,8b2bd7ed1b55e59e47007953e9c34644fe52b6f53f31c03ea4ece8ef2b87ab84,250,50.00,3.31,1,4,3,0.023680,0.606050,pow,pow(difficulty=28_work_amount=268435456),4.24,61,0
12,3,0xac768e60b9269babb15cb1e36ee843243d7c7543,3.716908,1772339627,a279df74848d2dd262b09e6e833421389bf450dd003dd0c17bcc5ae317371cee,250,83.33,3.40,1,4,3,0.023680,0.606058,pow,pow(difficulty=28_work_amount=268435456),2.50,62,0
12,4,0xbc3f8508d26048f2064aa8c068f4c94d08d77d18,4.069689,1772339633,267b95b622db026365b4b13739b0ef1dcbdd9661543caad51642936abf8f5de3,105,52.50,3.18,1,4,3,0.023711,0.606909,pow,pow(difficulty=28_work_amount=268435456),1.20,63,0
13,0,0x606627477c3734932f47972f83c27cf4e3b35b4f,3.376327,1772339642,471ab6c656f79ff4f14b0eee24c9086812a245841d6c9150b32c633628e0390b,250,41.67,3.34,1,4,3,0.023766,0.608079,pow,pow(difficulty=27_work_amount=134217728),5.11,64,0
13,1,0xa447d277b02012c2afd9ddcbbe123f27cc971963,3.811375,1772339646,c22b2cbe8be778c0d974a2bbf2716329749423cffdf967e28c41ecb81bce882c,250,25.00,3.34,2,4,3,0.023767,0.608114,pow,pow(difficulty=27_work_amount=134217728),8.59,65,0
13,2,0x4414c05be2cf328f38d2e3ef4b705d6b894f044a,4.090519,1772339651,c5aecb035271a7a6e68fac088af23746435107163d1d92d0cdb4be935a637be4,250,62.50,3.20,1,4,3,0.023768,0.608401,pow,pow(difficulty=27_work_amount=134217728),3.79,66,0
13,3,0x30509a8084fdfe6fe24d9c9a817c209ad194f8e3,3.657199,1772339652,9e29e55e19067cd2fc00fe762560a38aa7de56cbfc08b8ea2d5ca709789ba46d,250,62.50,3.20,1,4,3,0.023846,0.609967,pow,pow(difficulty=27_work_amount=134217728),2.41,67,0
13,4,0xeaa5003682d7289190651081ae2bee847097afc5,1.761005,1772339654,8f09d6486244e99177b500d6cb17f008085074a455fd288ab616de687d874155,178,89.00,3.53,1,5,4,0.023860,0.610261,pow,pow(difficulty=27_work_amount=134217728),1.85,68,0
14,0,0xac768e60b9269babb15cb1e36ee843243d7c7543,4.717608,1772339657,42b1b1d4c68c7d68736d4ff3776af97cada1ea4769263ee88dcb536a06762ab4,199,199.00,3.11,1,4,3,0.023737,0.608905,pow,pow(difficulty=28_work_amount=268435456),0.58,69,0
14,1,0x63f4973c0df8a5358405f396dc0673a463c48de9,4.901557,1772339660,ecd95f94b974c3699f0683e61e9736432148212c05f7a5eae1de31a86d605253,250,62.50,3.01,1,4,3,0.023823,0.610414,pow,pow(difficulty=28_work_amount=268435456),2.48,70,0
14,2,0x89100a8056319ba37491b32ba255004180607bc2,4.790127,1772339662,c07900bf17308879ef9ae9c8b3efcdb54a5fe3970a42d563673e12861a5abd46,250,83.33,3.17,1,4,3,0.023918,0.611947,pow,pow(difficulty=28_work_amount=268435456),2.95,71,0
14,3,0xbc3f8508d26048f2064aa8c068f4c94d08d77d18,5.071799,1772339673,ca4b660c08abe40d67076e689fb725ba0650f2fea2958f3e7c0719e93d0afdc0,153,153.00,2.96,1,4,3,0.024002,0.613270,pow,pow(difficulty=28_work_amount=268435456),1.41,72,0
14,4,0x4414c05be2cf328f38d2e3ef4b705d6b894f044a,5.092759,1772339683,18a412e382daf553f7e02ca7ac43d95d2616d2895ab5313cc5f551a096be644b,250,20.83,3.21,1,4,3,0.024102,0.614731,pow,pow(difficulty=28_work_amount=268435456),11.09,73,0
15,0,0x9bdb1c7ad4bd8fe797b07c08117c74a591dbab2d,0.447522,1772339686,02d3a64ff6d425136a3dd7f4a3e1f265216e3cfa953200fd9addcfb4fda6c2c8,250,25.00,3.15,1,5,3,0.024200,0.616082,pow,pow(difficulty=27_work_amount=134217728),11.87,74,0
15,1,0x3513d672439a59c26cc5711f2b715ccb4810a774,3.294045,1772339690,398e3d84442d3e40ab7df3b30be0eb22ad889278227f7bfe2789b8753ebe0165,194,64.67,3.35,1,5,3,0.023986,0.613102,pow,pow(difficulty=27_work_amount=134217728),1.75,75,0
15,2,0x606627477c3734932f47972f83c27cf4e3b35b4f,4.378397,1772339691,e957a4bcc6e5a8911b0ac9a994c89ff946de9b925e6e3cb4e3aeefc3a084df17,250,83.33,3.02,1,4,3,0.023986,0.613118,pow,pow(difficulty=27_work_amount=134217728),2.34,76,0
15,3,0x7e40df5d801345015e84c843908efc6683665fa4,1.660079,1772339693,45ad68bd7921920f223e39a2c8bc74ccc94ab350f173ddcc2232334af4721416,88,88.00,3.05,1,4,3,0.024005,0.613804,pow,pow(difficulty=27_work_amount=134217728),1.69,77,0
15,4,0x30509a8084fdfe6fe24d9c9a817c209ad194f8e3,4.658569,1772339694,52fa17f002c564f4cb00f86f79d698656357fb5f7cab1cca07636cd4ea1d9bcd,205,102.50,3.24,1,4,3,0.023872,0.612288,pow,pow(difficulty=27_work_amount=134217728),1.42,78,0
16,0,0x07902d0371763a00d97ed9ba16ff0a206cb0fd19,5.534789,1772339697,19c2a311257ca539e5b42ec1d64e85001512b3c98d77fbbb2bd0e9d93cf0eb49,109,109.00,3.36,1,5,3,0.023931,0.613150,pow,pow(difficulty=28_work_amount=268435456),0.77,79,0
16,1,0x606627477c3734932f47972f83c27cf4e3b35b4f,5.379237,1772339702,d189a7c08a3e6cfb4fdf244e00ef6b875cc27c034c53e5c6d506f619b52d7141,250,83.33,3.24,1,4,3,0.024042,0.614716,pow,pow(difficulty=28_work_amount=268435456),1.98,80,0
16,2,0x81193196c1dbdbf80709d43a5af5ce21c201fbd7,5.846929,1772339705,0941fed3e08df5834199f8654056f0172d9c2e024cd768101051bee3af1e3da5,250,41.67,3.40,1,4,3,0.024139,0.616027,pow,pow(difficulty=28_work_amount=268435456),4.41,81,0
16,3,0x1796dc61e715f15a2d27dfa32bd34780f12a8c24,2.724711,1772339708,a9b68d9a05cfac7c6bf56e753921da65703da8deaef51610751158da7e4eb41a,250,125.00,3.34,1,4,3,0.024262,0.617666,pow,pow(difficulty=28_work_amount=268435456),2.23,82,0
16,4,0xac768e60b9269babb15cb1e36ee843243d7c7543,5.719518,1772339714,0b6b7b19f027c261bc01f8d4f199872aa86298c0325db06d9426204b4715b5d9,250,62.50,3.15,1,4,3,0.024191,0.617155,pow,pow(difficulty=28_work_amount=268435456),2.50,83,0
17,0,0x606627477c3734932f47972f83c27cf4e3b35b4f,6.381597,1772339716,2480659c746953f5e2c59f7736d194daec8a7813d26f1fa3b3c6f26c8c351906,250,50.00,3.03,1,4,3,0.024300,0.618579,pow,pow(difficulty=27_work_amount=134217728),4.74,84,0
17,1,0xc24b36dee27726233c3bbd9e1f028f98b6b2a424,4.414909,1772339719,932e909ef2f3de206f77b3d684aea66a09e19a082a206254d7473979bb9b141c,250,83.33,3.30,1,5,3,0.024445,0.620339,pow,pow(difficulty=27_work_amount=134217728),3.52,85,0
17,2,0xac61c91e7d24df824351a6c4e562a75f0cf646f8,0.250238,1772339726,fc58fcd83634dd8f75a9f1acd00d733d31cee38eb1f2a709f1383b85773204cd,250,125.00,3.43,1,5,4,0.024469,0.620896,pow,pow(difficulty=27_work_amount=134217728),1.93,86,0
17,3,0x4ba33404d90c4ae989714d9d174cd882cffb7994,2.118842,1772339728,48fde6cc0dc5b339940a87f84ff3644901e39ae2a92299fb63324d1630795178,250,35.71,3.19,1,4,3,0.024250,0.617606,pow,pow(difficulty=27_work_amount=134217728),5.22,87,0
17,4,0x95ab54d268473cce82094026afefdbd5cadf418b,1.598908,1772339729,0ee2d9037a23acf449dbd74d9dd4c4afac49c7921d712aebe274f4eb9375fc0a,122,61.00,3.52,1,4,4,0.024251,0.617611,pow,pow(difficulty=27_work_amount=134217728),2.63,88,0
18,0,0x719361397abe003a91af76243e5f9c7a0cd4279f,4.542016,1772339736,58ddafb511e9939fb5c9d390779052067f073d3ba0f48e758e84430335a01a68,189,189.00,3.17,1,5,3,0.024004,0.614867,pow,pow(difficulty=28_work_amount=268435456),0.49,89,0
18,1,0x269cdf52f97e1d9f14b7be895155a7b294f0b21d,0.724183,1772339737,434f4af6bf7276eaed418ec28789acf4ca42d5ee5cfff1af681d2f5540d57532,250,35.71,3.26,1,4,3,0.024034,0.615410,pow,pow(difficulty=28_work_amount=268435456),5.31,90,0
18,2,0xac768e60b9269babb15cb1e36ee843243d7c7543,6.721798,1772339741,14e1e780f4b68a8a3f766e9e87b2bffda4d0042cb51e86c5ed20cc5ef09d6778,41,41.00,3.24,2,4,3,0.023850,0.612924,pow,pow(difficulty=28_work_amount=268435456),4.78,91,0
18,3,0xd46407aa7b668c72de3cf1c1a12b7fa2e308a1b2,2.990489,1772339745,d3620113783b7a31c3e724497b8002c31d9847cf5d3a7a2af41b295a4075e845,250,62.50,3.10,1,4,3,0.023850,0.612935,pow,pow(difficulty=28_work_amount=268435456),3.23,92,0
18,4,0x26d553a2f4343b3a7dc88bbd87b3d0a25d3838d9,5.220740,1772339748,2b36880ee42009b5615e9bcffddb1da6339aa0f111c457b08ad75aaf198a2d34,250,50.00,2.93,1,4,3,0.023939,0.614277,pow,pow(difficulty=28_work_amount=268435456),4.24,93,0
19,0,0xe6ebb0cdfd04183d498964e5efc4096ba77b17d6,4.292263,1772339755,0526aa78467196abb18f1b2b480e3a3302629b12aa2ffb0aae976f5d79b0924f,192,96.00,3.24,1,4,3,0.023999,0.615112,pow,pow(difficulty=29_work_amount=536870912),2.43,94,0
19,1,0x63f4973c0df8a5358405f396dc0673a463c48de9,5.902897,1772339769,3bccabfbffda95d8cd187126561d256aa0b84a74b77e9eb07522293cebf13f27,250,35.71,3.17,1,4,3,0.024008,0.615445,pow,pow(difficulty=29_work_amount=536870912),6.24,95,0
19,2,0xa3786e459f289a76c0e8af8ad834e3d0c6d47199,7.730203,1772339777,ff45ddc17df3ca6555357b875422ee91d39d45b1b6b1789e3014177f6b73e6f9,250,17.86,3.13,1,5,3,0.024102,0.616752,pow,pow(difficulty=29_work_amount=536870912),13.54,96,0
19,3,0x28672c71695142588ed26ada6f4b18b8b6c12308,2.694298,1772339785,6ca16ba181f0bfed695d64d390a66f6706f2547c13363df016825102c5bab3d9,250,31.25,3.25,1,4,3,0.024287,0.618687,pow,pow(difficulty=29_work_amount=536870912),10.30,97,0
19,4,0x26d553a2f4343b3a7dc88bbd87b3d0a25d3838d9,6.222360,1772339790,f3722ca4bb18370cb0fc9dbca161c4b65ccb69417c48db0d2644352e880c5056,250,27.78,3.02,1,4,3,0.024206,0.617992,pow,pow(difficulty=29_work_amount=536870912),8.83,98,0
20,0,0x606627477c3734932f47972f83c27cf4e3b35b4f,7.383357,1772339791,441d23112071c6ed0b639005d71328563b7cf6736309da9a9d3f6ba0b8bf2187,250,50.00,3.29,1,4,3,0.024307,0.619352,pow,pow(difficulty=28_work_amount=268435456),6.99,99,0
20,1,0x63f4973c0df8a5358405f396dc0673a463c48de9,6.905017,1772339795,723aed714f3b9aac468898785b1baa66c39d39c5e1b8969f5eae424ca885310a,167,167.00,3.32,1,4,3,0.024462,0.621094,pow,pow(difficulty=28_work_amount=268435456),2.11,100,0
20,2,0x81193196c1dbdbf80709d43a5af5ce21c201fbd7,6.848379,1772339800,5528b9e836dd117fa5bb31d651c17d0b8be28addbd587d53d3d452067c22aa33,250,62.50,3.20,1,4,3,0.024589,0.622632,pow,pow(difficulty=28_work_amount=268435456),3.25,101,0
20,3,0xd39dbd3662315e3935ec08e6b6028e73b3c09de2,1.921880,1772339801,3b9ee5e826b81cecec89535e8a623b706616b23e1f47a04ceea3bab376969366,250,62.50,3.30,1,4,3,0.024711,0.624049,pow,pow(difficulty=28_work_amount=268435456),3.99,102,0
20,4,0xcdc82b7c868072205a399d0f68e6e3ad3bfd1ca6,0.205451,1772339803,ceb2f742fe61c81cec141659bb3251a41ef82c263394491d351a7daeb13dee88,61,61.00,3.48,1,4,4,0.024585,0.622649,pow,pow(difficulty=28_work_amount=268435456),2.93,103,0
21,0,0x9bdb1c7ad4bd8fe797b07c08117c74a591dbab2d,1.448202,1772339812,a1476084f3a4250092350b5a768ca2e5384fcf6851b83e3fa468015a7e56c69e,250,83.33,3.42,1,4,3,0.024378,0.619373,pow,pow(difficulty=29_work_amount=536870912),2.33,104,0
21,1,0x4a217e35f6402e7f62a49f6d62e27c6585c2f3fd,2.491607,1772339818,ccd5acde9ff6b75cbf3d32ade3384daa393a6e28fd3f3ff92e901e7904da0156,250,31.25,3.44,1,5,3,0.024234,0.617618,pow,pow(difficulty=29_work_amount=536870912),7.86,105,0
21,2,0xe478b1e4d1538274c0c70cbd7df877f9abab2f62,3.297766,1772339820,10c263a7e00126d9a7bb97c61590d6ca12c1bf1de1dcb10c0e69787b3479c7f5,250,41.67,3.52,1,5,4,0.024141,0.616676,pow,pow(difficulty=29_work_amount=536870912),4.58,106,0
21,3,0xe6ebb0cdfd04183d498964e5efc4096ba77b17d6,5.294083,1772339823,c67cd988d5a9befdfe49f08d44db9c74b4a48a8fded7db44170abf67cd42f584,145,72.50,3.48,1,5,4,0.024086,0.616306,pow,pow(difficulty=29_work_amount=536870912),2.38,107,0
21,4,0x1796dc61e715f15a2d27dfa32bd34780f12a8c24,3.726061,1772339826,bd76944afbfda948578fe372230ff16fb90712180fac05ccfd9f4bd6692893ad,250,83.33,3.18,1,4,3,0.024125,0.617002,pow,pow(difficulty=29_work_amount=536870912),2.32,108,0
22,0,0xdcf2130496e27a8094ab996aea4aa77788d65869,4.502797,1772339833,868dca90a6822774b827a72162d531efa2b000d3f42eb4d186ddfbda1a048676,250,83.33,3.18,1,4,3,0.024090,0.616898,pow,pow(difficulty=30_work_amount=1073741824),2.21,109,0
22,1,0x37cc7a82e66d4f4c2ae13b9ee895d3af1a1d7a05,0.261605,1772339853,47f57301af0559f8f79bcee2b07ec62efd2041936040360d1bd68cbae7f774ca,250,35.71,3.34,1,4,3,0.024090,0.617131,pow,pow(difficulty=29_work_amount=536870912),5.44,110,0
22,2,0x95ab54d268473cce82094026afefdbd5cadf418b,2.599498,1772339856,9d1d56f4f41e01d7e1a475359e802b9d6f5474504bffa148f64253c8f7b88b95,250,11.90,3.44,2,5,3,0.024093,0.617193,pow,pow(difficulty=29_work_amount=536870912),20.77,111,0
22,3,0x016d3fc36beee7caa8fbd6c1caa42461dd7f9850,0.877279,1772339876,8cc2488b35e9eca9508fe19b737ce3047989444b7209daf4012a9e23944ec492,201,100.50,3.23,1,4,3,0.023898,0.614072,pow,pow(difficulty=29_work_amount=536870912),10.75,112,0
22,4,0x6d6b2734a20229ddd7fd4a1470ba3e3bad4e4a85,2.641344,1772339885,5cd93a27671577dd51df1b430776987db95462aeef61610dea5bcf050aa3b652,250,12.50,3.19,1,4,3,0.023651,0.610941,pow,pow(difficulty=29_work_amount=536870912),19.17,113,0
23,0,0xa3786e459f289a76c0e8af8ad834e3d0c6d47199,8.731713,1772339887,85dd8d6c1c6873966635f094cc9b8c3c54827ac82edf36fc9f6689e1ef84a21b,250,27.78,3.20,1,4,3,0.023569,0.609988,pow,pow(difficulty=28_work_amount=268435456),9.39,114,0
23,1,0x719361397abe003a91af76243e5f9c7a0cd4279f,5.542816,1772339890,0b027d0e294ee89b7d1c2f9d28a51cef2d2bedca54d37919842429cc52e7b092,168,84.00,3.27,2,4,3,0.023753,0.611778,pow,pow(difficulty=28_work_amount=268435456),2.53,115,0
23,2,0xeb82a21cb3d0dd781eb22ad74bb7cd9b4d2a06ec,6.929345,1772339893,a9ab7982653838f0086afc579849584cb20d0722f46a13a3c21225f9a9acdf1e,250,83.33,3.32,1,4,3,0.023754,0.611784,pow,pow(difficulty=28_work_amount=268435456),2.21,116,0
23,3,0xd39dbd3662315e3935ec08e6b6028e73b3c09de2,2.921780,1772339898,d1d4ba8e2ae884d516d7d0a8aea61dd3baeaff2d61d3d0ba46f3999587e333a8,227,75.67,3.35,1,5,3,0.023795,0.612555,pow,pow(difficulty=28_work_amount=268435456),2.02,117,0
23,4,0x8c11ec9090dd820c076e57e899d9c604c79d6b32,3.566069,1772339899,03241b08e08ce87aeb5c8b503c51a4e6c3e0d32258e638d8cdb175e16ccd343b,250,50.00,3.38,1,4,3,0.023895,0.613860,pow,pow(difficulty=28_work_amount=268435456),4.27,118,0
24,0,0xac768e60b9269babb15cb1e36ee843243d7c7543,7.722478,1772339911,6231461df97ee839bd1c6e1b1d0b374c5b224b23ac828bb304ab4eb3eaa1dec7,60,60.00,3.10,2,4,3,0.023849,0.613560,pow,pow(difficulty=29_work_amount=536870912),3.75,119,0
24,1,0xe478b1e4d1538274c0c70cbd7df877f9abab2f62,4.298146,1772339928,e3af9009a7eb885eeb39e6a4c0f2616af0d440f969465bfe076cd0006af49886,250,19.23,3.10,1,4,3,0.023979,0.615127,pow,pow(difficulty=29_work_amount=536870912),12.26,120,0
24,2,0xdcf2130496e27a8094ab996aea4aa77788d65869,5.504287,1772339932,1839f479d6788701e6b8d0e2047d38b33bd53c098aee18064fbcb6650c124d5f,250,15.62,3.45,1,5,4,0.023981,0.615170,pow,pow(difficulty=29_work_amount=536870912),17.06,121,0
24,3,0x0d91704595bff3aec25d40822498a51c62b05e3a,0.566606,1772339944,40eb3975d46f89f4aecbba972cdaec997973de38f0c33d5ca2b2c3cf46ec355d,250,62.50,3.30,1,4,3,0.023963,0.615229,pow,pow(difficulty=29_work_amount=536870912),2.89,122,0
24,4,0xd39dbd3662315e3935ec08e6b6028e73b3c09de2,2.921290,1772339958,9188caf20f7c593fb17999990ba60fcf00c1d9f6d576e4cf999988cc7fbdfcd9,250,19.23,3.14,1,4,3,0.023822,0.613279,pow,pow(difficulty=29_work_amount=536870912),12.17,123,0
25,0,0x606627477c3734932f47972f83c27cf4e3b35b4f,8.383367,1772339970,925a64977a5643e37fd664bf1bd9afd10dfa3f37637e29e13ebfe23ccf36d067,250,17.86,3.46,1,4,4,0.023749,0.612459,pow,pow(difficulty=28_work_amount=268435456),14.02,124,0
25,1,0x30509a8084fdfe6fe24d9c9a817c209ad194f8e3,5.656629,1772339971,6e4d917d30a4f547e458f95e52142fd6c4cc8b15c73ed88fe1881e50b89a616f,250,22.73,3.33,1,4,3,0.023750,0.612488,pow,pow(difficulty=28_work_amount=268435456),9.23,125,0
25,2,0xbc3f8508d26048f2064aa8c068f4c94d08d77d18,6.071209,1772339973,94ee1557f328125b1864259c48c855c49068816d8b68429c749e2a725a86354b,43,43.00,3.47,1,5,4,0.023785,0.613137,pow,pow(difficulty=28_work_amount=268435456),8.07,126,0
25,3,0x687bf2437a044a3e42ff2f8a79a8e54ba9601f70,1.061709,1772339976,0386690970d2eabecf92a841f1d159f5d6d19878de2f9a464f5fb5ee53d39523,181,90.50,3.25,1,5,3,0.023836,0.614004,pow,pow(difficulty=28_work_amount=268435456),1.43,127,0
25,4,0xe478b1e4d1538274c0c70cbd7df877f9abab2f62,5.300016,1772339982,fc8a5b60b720f2486f74573e2bd70ee0ce3ff59b71a4817f1fdcedd3c338182c,250,62.50,3.34,1,4,3,0.023686,0.611968,pow,pow(difficulty=28_work_amount=268435456),3.22,128,0
26,0,0x4ba33404d90c4ae989714d9d174cd882cffb7994,3.117752,1772339985,64c224ea8560259c2af5bf6f488990cb3e4740c42dd36127d9563f5e18b19e05,250,41.67,3.40,1,5,4,0.023705,0.612315,pow,pow(difficulty=29_work_amount=536870912),6.04,129,0
26,1,0xe478b1e4d1538274c0c70cbd7df877f9abab2f62,6.302346,1772340000,92ab06ae110af443fee2a50e43af9adbea05f1c8cef2ed7d141788f88962b541,250,125.00,3.47,2,4,4,0.023638,0.611547,pow,pow(difficulty=29_work_amount=536870912),3.38,130,0
26,2,0x4ba33404d90c4ae989714d9d174cd882cffb7994,4.120112,1772340003,24ed87ec64598de1d7b16b4e8586bf1c3441a8eacacf7d01f37e1a85e2655dab,250,16.67,3.40,1,5,3,0.023639,0.611587,pow,pow(difficulty=29_work_amount=536870912),13.72,131,0
26,3,0xd61b00c297972877b45f8d7f4d67fdaf20c67c59,1.333911,1772340016,35c0ae028c0ffdea31bc12844805f768c7746bc9ba4baae4cfa0753f799c237c,250,62.50,3.49,1,4,4,0.023665,0.612396,pow,pow(difficulty=29_work_amount=536870912),6.50,132,0
26,4,0x4ba33404d90c4ae989714d9d174cd882cffb7994,5.122402,1772340023,9f55b5e26a1d3953e594c5c3cfa9a607cddb52a3f1554e39ccad4de8b88686a0,250,19.23,3.18,1,4,3,0.023530,0.610622,pow,pow(difficulty=29_work_amount=536870912),12.69,133,0
27,0,0xdcf2130496e27a8094ab996aea4aa77788d65869,6.505887,1772340024,4e3485835eab87795029254f2bd5c29430d7b15824c80c7eb4de87c1cde4fc28,250,41.67,3.44,1,4,4,0.023539,0.610821,pow,pow(difficulty=28_work_amount=268435456),8.33,134,0
27,1,0xf6e059718dbd0a0956726ab97d06bad5efc6cd18,2.013617,1772340025,7939c9478757c6d1ee3a82369e8f54da6f34d0f332aafcf19ce402e02c8a6cbf,57,57.00,3.33,1,4,3,0.023597,0.611744,pow,pow(difficulty=28_work_amount=268435456),5.00,135,0
27,2,0xb990cdf21950e6086c350175c4bc504e45858230,0.117628,1772340031,72a59ef74499019f7d617376ec1b0a9e423f5214a68efe2780ff530922a7076a,205,102.50,2.89,1,4,3,0.023488,0.610382,pow,pow(difficulty=28_work_amount=268435456),1.53,136,0
27,3,0xc774b0fee7cabbef3b1ae14bf36db3df0d32c1df,1.169337,1772340035,f6611c11a7534e7cf3e5cb8a58e64e851452c9316e3dcefc4ecc403a95a2441e,250,50.00,3.35,1,4,3,0.023310,0.607169,pow,pow(difficulty=28_work_amount=268435456),4.38,137,0
27,4,0x58a21eeb7ab18ba8adf1296e66a4487076e95dac,6.092754,1772340054,10b0a1a2c87d0782349b87de46c2b72dfbe64b0ed651f55ad6cc76d383018a93,250,50.00,3.34,1,4,3,0.023310,0.607182,pow,pow(difficulty=28_work_amount=268435456),4.72,138,0
28,0,0x49b57eb4dace37c8819daf079c9c674f766d4f38,2.228160,1772340060,2fb159ba6c955b8c7c09c13bb23bcb9f42982f603370278f03667907238fa87e,250,13.89,3.40,1,4,3,0.023216,0.605894,pow,pow(difficulty=27_work_amount=134217728),16.75,139,0
28,1,0xa447d277b02012c2afd9ddcbbe123f27cc971963,4.810025,1772340063,f53317368f4456d253f5b21b594508555be6f5e4009b09b2449fe052a48b5286,250,35.71,3.22,1,4,3,0.023118,0.604636,pow,pow(difficulty=27_work_amount=134217728),8.92,140,0
28,2,0x8c11ec9090dd820c076e57e899d9c604c79d6b32,4.565049,1772340064,21f3dec80d206b3932fe2eb2e91f888e2e2abcf9f2c2e1e9dcee39ee3e7e6d4b,249,124.50,3.31,1,4,3,0.023112,0.604703,pow,pow(difficulty=27_work_amount=134217728),2.00,141,0
28,3,0x28672c71695142588ed26ada6f4b18b8b6c12308,3.694108,1772340066,289a5730dc13c0dcd8bfea3f1e117eb646626738dd2863c940851dcaefabe239,61,61.00,3.08,2,4,3,0.023097,0.604643,pow,pow(difficulty=27_work_amount=134217728),1.00,142,0
28,4,0xa447d277b02012c2afd9ddcbbe123f27cc971963,5.812485,1772340069,7ca89291699d5dd64f335ecacf3fddaf44a1780b8e865011f8d3bfe2d6a9a2ea,210,105.00,2.98,1,4,3,0.023051,0.604270,pow,pow(difficulty=27_work_amount=134217728),1.47,143,0
29,0,0x719361397abe003a91af76243e5f9c7a0cd4279f,6.543466,1772340082,1d7ef874d0d1bf4f83a095eac8c61269ce26e8bbc6d907d8f727f423636cf3e9,250,62.50,3.25,2,4,3,0.023078,0.604687,pow,pow(difficulty=28_work_amount=268435456),3.16,144,0
29,1,0xa3786e459f289a76c0e8af8ad834e3d0c6d47199,9.731613,1772340085,68ef4cd93bb23d593fe4bd526eb63ba62c8e2c47b45dfc3bc35b609641de64d8,250,19.23,3.26,1,4,3,0.023130,0.605500,pow,pow(difficulty=28_work_amount=268435456),12.07,145,0
29,2,0xd61b00c297972877b45f8d7f4d67fdaf20c67c59,2.335561,1772340089,55e2fc1e40585c5dd4ea20cd200411070b7b5c90da77bad170693b66a1095b61,187,93.50,3.27,1,4,3,0.023288,0.607095,pow,pow(difficulty=28_work_amount=268435456),2.10,146,0
29,3,0xdcf2130496e27a8094ab996aea4aa77788d65869,7.505707,1772340092,0c8ff5a52118081e439e0242b6396cbcfd2a0420151f246094347c952a441c3d,250,62.50,3.16,2,4,3,0.023193,0.605840,pow,pow(difficulty=28_work_amount=268435456),3.36,147,0
29,4,0xac768e60b9269babb15cb1e36ee843243d7c7543,8.723078,1772340097,667e2253b3945be0df0359780cd75df57c2f78fbc1f5156661cafca7bf9d3e65,250,83.33,3.26,1,4,3,0.023193,0.605848,pow,pow(difficulty=28_work_amount=268435456),2.79,148,0
30,0,0x30509a8084fdfe6fe24d9c9a817c209ad194f8e3,6.655659,1772340100,c3665b1f6af63b55d68efd9ab1489887ae746fd778b3ef0e7fa4c2be54480086,250,41.67,3.08,1,4,3,0.023272,0.607102,pow,pow(difficulty=27_work_amount=134217728),5.17,149,0
30,1,0x9c39f7fffaa5c5cfab20dfdd05663497918580c1,0.422778,1772340105,b8e943909ff9ca12cb5192446018d1cc21349b91b504d991cda5819a26acd7ac,177,88.50,3.26,1,5,3,0.023435,0.609314,pow,pow(difficulty=27_work_amount=134217728),0.93,150,0
30,2,0x0d91704595bff3aec25d40822498a51c62b05e3a,1.567496,1772340107,05013b47f19789b8da3ebed61d33b0dd18734ba51d4cde4f105849196eff65ac,250,41.67,3.30,1,5,3,0.023277,0.606666,pow,pow(difficulty=27_work_amount=134217728),4.76,151,0
30,3,0xbc3f8508d26048f2064aa8c068f4c94d08d77d18,7.071599,1772340108,8cc198d06ef96544fa710a7819cfc25c6c685d6ccda72aa20f7424647ab2b21c,198,198.00,3.13,1,4,3,0.023157,0.604971,pow,pow(difficulty=27_work_amount=134217728),2.46,152,0
30,4,0xa3786e459f289a76c0e8af8ad834e3d0c6d47199,10.733293,1772340114,1c61855c05fd3381f353edd0fec3c450a0635a051614836f1e1ee844eabfd1b1,203,101.50,3.34,1,4,3,0.023215,0.605886,pow,pow(difficulty=27_work_amount=134217728),1.41,153,0
31,0,0x07902d0371763a00d97ed9ba16ff0a206cb0fd19,6.533239,1772340115,980e40bd4576c9106eed7b7d08b896605f95fed47e49574d991922849d4f1b51,250,41.67,3.21,1,4,3,0.023389,0.607431,pow,pow(difficulty=26_work_amount=67108864),5.30,154,0
31,1,0xf6e059718dbd0a0956726ab97d06bad5efc6cd18,3.014867,1772340119,63ae318360bf35625e4ad4d387c785aa533325058b3e57316d9472cf1a798978,139,139.00,3.07,1,4,3,0.023426,0.607982,pow,pow(difficulty=26_work_amount=67108864),2.17,155,0
31,2,0x30509a8084fdfe6fe24d9c9a817c209ad194f8e3,7.657169,1772340121,00b3a3eac82ba74d69c5401f0461c565831ee89ee4983c9b624be86f7f80cfc3,250,50.00,2.97,1,4,3,0.023426,0.607989,pow,pow(difficulty=26_work_amount=67108864),3.73,156,0
31,3,0x606627477c3734932f47972f83c27cf4e3b35b4f,8.381937,1772340123,da959fad89b0edba2c5b20f7232e488d2733d770dbe82da4c4149108fc969cc6,141,141.00,3.21,1,5,3,0.023421,0.608243,pow,pow(difficulty=26_work_amount=67108864),1.91,157,0
31,4,0xd46407aa7b668c72de3cf1c1a12b7fa2e308a1b2,3.989439,1772340125,3e8b324754d8c197222de421344a777e1f0077c38a361a599bda5d9fce422458,235,78.33,3.29,1,4,3,0.023512,0.609562,pow,pow(difficulty=26_work_amount=67108864),1.98,158,0
32,0,0xc24b36dee27726233c3bbd9e1f028f98b6b2a424,5.413319,1772340134,9a483129eacd88ee6f94c055e98fbea9c739bbc6a7760449d50ce98673047bb8,201,100.50,2.87,1,4,3,0.023466,0.609257,pow,pow(difficulty=27_work_amount=134217728),1.73,159,0
32,1,0xe6ebb0cdfd04183d498964e5efc4096ba77b17d6,6.293643,1772340135,e2ac044dbfa510cd9091609a4c46e467c8be3abcc6585d5616a9907a9d204355,250,31.25,3.42,1,5,4,0.023467,0.609278,pow,pow(difficulty=27_work_amount=134217728),7.76,160,0
32,2,0x719361397abe003a91af76243e5f9c7a0cd4279f,7.545056,1772340139,e873c60dc378bcaa2a11aaa6e35919d3cee6ad9abdc9e72c9e4ff3451861df78,191,95.50,3.13,1,4,3,0.023491,0.609656,pow,pow(difficulty=27_work_amount=134217728),4.61,161,0
32,3,0xdcf2130496e27a8094ab996aea4aa77788d65869,8.507697,1772340140,70616c28463c16add6a7ec943e79499c124ace3f0272999d1e264f328e7e6706,250,62.50,3.34,1,4,3,0.023551,0.610636,pow,pow(difficulty=27_work_amount=134217728),3.24,162,0
32,4,0xdcf2130496e27a8094ab996aea4aa77788d65869,9.509297,1772340146,105df238be5c19a03fb8680897264d63f328d5020c71f55f6f746bd9244f06d9,166,166.00,3.31,1,4,3,0.023639,0.611874,pow,pow(difficulty=27_work_amount=134217728),2.03,163,0
33,0,0xbc3f8508d26048f2064aa8c068f4c94d08d77d18,8.073209,1772340148,53049deae36ac97e283504ce39e9994f5998dabeba28cf6bc0991667ca6e18de,250,50.00,3.33,1,4,3,0.023640,0.611884,pow,pow(difficulty=28_work_amount=268435456),4.29,164,0
33,1,0xd46407aa7b668c72de3cf1c1a12b7fa2e308a1b2,4.991179,1772340150,1404a2cc0d40be2bc6dbec69bf324105dd21dd3ffb7163592b38a59f53d53550,147,73.50,3.33,1,4,3,0.023826,0.614313,pow,pow(difficulty=28_work_amount=268435456),2.76,165,0
33,2,0xac768e60b9269babb15cb1e36ee843243d7c7543,9.725118,1772340157,061aa1db2b692f47b8a03e15f3a98d1d7d87c038f65bdff74b49bf2bdf9f5ccf,250,83.33,2.90,1,4,3,0.023805,0.614241,pow,pow(difficulty=28_work_amount=268435456),2.23,166,0
33,3,0xa447d277b02012c2afd9ddcbbe123f27cc971963,6.814255,1772340162,6856f76fb7c44aff0ee3b303770502d3da9b4575994910543a2c5ad4cd17a32b,250,35.71,3.02,1,4,3,0.023806,0.614261,pow,pow(difficulty=28_work_amount=268435456),6.88,167,0
33,4,0x606627477c3734932f47972f83c27cf4e3b35b4f,9.383867,1772340165,a3a43bd7dc7d084f855bf06d9189bf17513b8a553ee65da7468f4ccccf395fa0,250,62.50,3.20,1,4,3,0.023951,0.616050,pow,pow(difficulty=28_work_amount=268435456),4.10,168,0
34,0,0xc4dc29db975b952e04358340e56b68fa4ba63fbc,0.537891,1772340166,1317f9c1cb6bf29f8d68fc62ab00b08d7ca61f7d3f2666be0481c247fda227df,250,62.50,3.33,1,4,3,0.024054,0.617247,pow,pow(difficulty=27_work_amount=134217728),2.55,169,0
34,1,0x4414c05be2cf328f38d2e3ef4b705d6b894f044a,6.090399,1772340169,27a22d34052f5d4f38d6f1f70dce3726fcc751ff61609cb2042d05d0f48d8295,104,104.00,3.26,1,4,3,0.023902,0.614793,pow,pow(difficulty=27_work_amount=134217728),0.93,170,0
34,2,0x4414c05be2cf328f38d2e3ef4b705d6b894f044a,7.092879,1772340174,38166b12e1bee302d405b4e3c7512cd7119b9e1ae68c3f6066080404a4154ed2,250,62.50,3.16,1,4,3,0.023909,0.615003,pow,pow(difficulty=27_work_amount=134217728),3.00,171,0
34,3,0x26d553a2f4343b3a7dc88bbd87b3d0a25d3838d9,7.220750,1772340175,f11be761f9db1824aab651b951f7a7328b6d96842b02c3acf95cd754459ed5f6,250,62.50,3.21,1,4,3,0.023910,0.615012,pow,pow(difficulty=27_work_amount=134217728),3.74,172,0
34,4,0x606627477c3734932f47972f83c27cf4e3b35b4f,10.386237,1772340180,0a9332d3cedf46fc5a521647917fea217b62f8a60ee4722d76b1eb0055b7e214,145,145.00,3.13,1,4,3,0.023947,0.615666,pow,pow(difficulty=27_work_amount=134217728),1.70,173,0
35,0,0xc774b0fee7cabbef3b1ae14bf36db3df0d32c1df,2.170537,1772340181,496f41c0951c92be6cdf0d0658b7b16418e157f12ae80360117681d70d812ed7,250,41.67,3.32,2,4,3,0.024072,0.616963,pow,pow(difficulty=26_work_amount=67108864),4.71,174,0
35,1,0x34412315480562da4810040fd15c81f99880e1ab,3.895653,1772340185,86645bc7d93ce307e007b77c099742fc6c02083401f71ce34474fd2514fd7218,90,90.00,3.26,1,4,3,0.023967,0.615609,pow,pow(difficulty=26_work_amount=67108864),2.93,175,0
35,2,0x6d6b2734a20229ddd7fd4a1470ba3e3bad4e4a85,3.641204,1772340186,a0d1a0b0c10904d0c4cda1c4afd6d4f75e51a302264f444eaed7e90f69c823f2,250,62.50,3.07,1,4,3,0.023910,0.615188,pow,pow(difficulty=26_work_amount=67108864),3.25,176,0
35,3,0x54f496e5c1d9f95a916cf7f5b62e9c98e64a3dc5,0.037548,1772340188,50a396bf7faa87e9b894df82f5e9a8f2ab3a0e5f61edaab6e165fce71f6056f5,40,40.00,3.15,2,4,3,0.023847,0.614593,pow,pow(difficulty=26_work_amount=67108864),3.00,177,0
35,4,0x269cdf52f97e1d9f14b7be895155a7b294f0b21d,1.720173,1772340191,50589442099e8b6d6f2e7e475dba864a81f4ec2b3b310f6decf20fb390d23412,208,104.00,3.41,1,4,3,0.023687,0.611465,pow,pow(difficulty=26_work_amount=67108864),1.48,178,0
36,0,0x07902d0371763a00d97ed9ba16ff0a206cb0fd19,7.533949,1772340192,7b375d66faac30e9cc20a8ad10b01215a5eef00e51d627da3319fe9f2ed012ae,250,62.50,3.22,1,4,3,0.023573,0.609876,pow,pow(difficulty=27_work_amount=134217728),3.06,179,0
36,1,0xb2a7fe70a6f3137d38f6cb4c3ec6dd1e24f2d5f4,2.418598,1772340199,a25e3fc5f1c14927373c3d782e7f2cc3ee897ca41f61e12d07e65978742be8db,137,137.00,3.18,1,4,3,0.023615,0.610609,pow,pow(difficulty=27_work_amount=134217728),0.44,180,0
36,2,0x4a217e35f6402e7f62a49f6d62e27c6585c2f3fd,3.490197,1772340202,4a536d3b2c6016c0a00d1ab3dd13e47cc446dd1bc572ea147d7e9cadd488060a,250,31.25,3.42,1,4,3,0.023521,0.609347,pow,pow(difficulty=27_work_amount=134217728),6.29,181,0
36,3,0x016d3fc36beee7caa8fbd6c1caa42461dd7f9850,1.876019,1772340203,e3cf3a28b458b9c84a7f85a696deae641fb04cc7da1c4ab61693f91087f456f7,250,125.00,3.51,1,5,4,0.023522,0.609354,pow,pow(difficulty=27_work_amount=134217728),2.63,182,0
36,4,0x6d6b2734a20229ddd7fd4a1470ba3e3bad4e4a85,4.641444,1772340205,b71bccc088bb54f0c2eeac26938bb15e67bb6cd4e8a3b780104732a7b50d2b5b,23,23.00,3.48,3,4,3,0.023414,0.607770,pow,pow(difficulty=27_work_amount=134217728),1.74,183,0
37,0,0x26d553a2f4343b3a7dc88bbd87b3d0a25d3838d9,8.221880,1772340217,d7c17cfb602e23f650d98ce8ab0f68e480d0e9522b78470379dc3ac2e54a767b,249,83.00,3.10,1,4,3,0.023379,0.607561,pow,pow(difficulty=28_work_amount=268435456),2.02,184,0
37,1,0xeb82a21cb3d0dd781eb22ad74bb7cd9b4d2a06ec,7.928635,1772340221,dc94a64fb744ff240f1f7a326b8591f109bdbc13dab380e6a17b87d9ea8f6a7d,250,22.73,3.32,1,4,3,0.023438,0.608535,pow,pow(difficulty=28_work_amount=268435456),10.39,185,0
37,2,0xe6ebb0cdfd04183d498964e5efc4096ba77b17d6,7.294713,1772340222,6ccadc40813cbc17db484923ceeb87fa4ba414370662155798d4f22f58f08365,250,62.50,3.48,1,5,4,0.023486,0.609341,pow,pow(difficulty=28_work_amount=268435456),4.88,186,0
37,3,0x6064b9f5883bf9737dfe314ff68c56e09e68ac89,4.188959,1772340225,3c80e66585ccc55546b63e38ddf33fc5d258b639c93bc87ecbeb31fe06d58490,137,68.50,3.19,1,4,3,0.023518,0.609872,pow,pow(difficulty=28_work_amount=268435456),1.71,187,0
37,4,0xa068e3c9a21c8d8be636cd2d285895979ec3262e,0.961731,1772340232,e00d91955cf392523f0c258a1535864b11d3800a8620c6510a6fb454a42f03c1,195,97.50,3.24,1,4,3,0.023469,0.609459,pow,pow(difficulty=28_work_amount=268435456),1.54,188,0
38,0,0x606627477c3734932f47972f83c27cf4e3b35b4f,11.388147,1772340233,3537c66fd3a00908d93b546556107112b0adf1a992ed17ec69a4dfb3683888bd,250,35.71,3.40,1,4,3,0.023340,0.607464,pow,pow(difficulty=27_work_amount=134217728),6.26,189,0
38,1,0x07902d0371763a00d97ed9ba16ff0a206cb0fd19,8.534789,1772340235,55741895541c3647e3d0993093a2a035ad880e3728323fdb0068732ee4bd8218,174,174.00,3.19,1,4,3,0.023472,0.608795,pow,pow(difficulty=27_work_amount=134217728),2.53,190,0
38,2,0xf6e059718dbd0a0956726ab97d06bad5efc6cd18,4.016157,1772340237,fcf0c1ca31355e048e1563e1a53f1ea543343eae7c3e4121eac3cc6939011e34,119,59.50,3.24,2,4,3,0.023531,0.609733,pow,pow(difficulty=27_work_amount=134217728),1.22,191,0
38,3,0x719361397abe003a91af76243e5f9c7a0cd4279f,8.546486,1772340239,ac68e92f230e0433fd17e6a6b01a4bba1edf05efd2c39874ce641a9d3bd81f39,203,101.50,3.01,1,4,3,0.023477,0.609209,pow,pow(difficulty=27_work_amount=134217728),1.51,192,0
38,4,0xc4dc29db975b952e04358340e56b68fa4ba63fbc,1.538151,1772340241,a327b7091e2f21b359b17392f64d59145fc80eedc32e211f169c7357b6e3948b,250,83.33,3.28,1,4,3,0.023477,0.609215,pow,pow(difficulty=27_work_amount=134217728),2.04,193,0
39,0,0xd1cd4b808ce6b2841ad42746b64c5a047e857ef0,1.235774,1772340243,8e5e2341dde60996744d3cdbfdce9d951891c7d4ead441514e4149b64957b9bb,107,107.00,3.41,2,4,3,0.023420,0.608353,pow,pow(difficulty=28_work_amount=268435456),0.53,194,0
39,1,0x24898fcb116b48cb2b6fd5d3b4eb599fee0f4633,0.047304,1772340252,536c115d12b932f66f7cc0cc18123621b25c681c6a85d390f15b30c78da0f1e9,204,68.00,3.37,2,4,3,0.023300,0.606480,pow,pow(difficulty=28_work_amount=268435456),1.53,195,0
39,2,0x26d553a2f4343b3a7dc88bbd87b3d0a25d3838d9,9.223940,1772340256,bf27d10bd958438c480eb0002e0daf952ac287b00b53149b5dcca172134ef60e,250,31.25,3.22,1,4,3,0.023153,0.603530,pow,pow(difficulty=28_work_amount=268435456),7.14,196,0
39,3,0x30509a8084fdfe6fe24d9c9a817c209ad194f8e3,8.657229,1772340264,60a5e3f279cc85652eb06c0e2af5909c335ee9398be50626ffdc9b392cf4fea6,250,62.50,3.24,1,4,3,0.023224,0.604552,pow,pow(difficulty=28_work_amount=268435456),3.51,197,0
39,4,0x763be7657fec175a3de5f1ee0a506722872c886d,0.032752,1772340265,e5436550d44a1c121f21df791db9b5f866891323258b0c15ce3d84fbc4f3766a,250,31.25,3.48,1,5,4,0.023282,0.605382,pow,pow(difficulty=28_work_amount=268435456),7.33,198,0
40,0,0x07902d0371763a00d97ed9ba16ff0a206cb0fd19,9.535719,1772340267,2489aaeb0859376d1170b7ff024e82977df3d69e14057ddac296c88ffac9c8e4,20,20.00,3.05,2,4,3,0.023135,0.602349,pow,pow(difficulty=27_work_amount=134217728),6.70,199,0
40,1,0x1796dc61e715f15a2d27dfa32bd34780f12a8c24,4.724371,1772340269,cb9a7d926ef6e9b747ecd332cd5c4dbbc55c0e3551fff9873160111785d29ac8,250,125.00,3.18,1,4,3,0.023211,0.603351,pow,pow(difficulty=27_work_amount=134217728),1.22,200,0
40,2,0xe478b1e4d1538274c0c70cbd7df877f9abab2f62,7.301636,1772340271,f805e6a6275a1b29b603a2727f13699a110f0fe0d7da1865583f5ee02e26f081,236,78.67,3.13,1,4,3,0.023175,0.603080,pow,pow(difficulty=27_work_amount=134217728),1.99,201,0
40,3,0x30509a8084fdfe6fe24d9c9a817c209ad194f8e3,9.659609,1772340276,65ed1babe6bb45819d47be5de3f1ecac6d6ab49e06f35a662e0b0ba9b0774cae,225,112.50,3.37,1,4,3,0.023175,0.603085,pow,pow(difficulty=27_work_amount=134217728),1.56,202,0
40,4,0x07902d0371763a00d97ed9ba16ff0a206cb0fd19,10.538089,1772340278,9ac75a06401466038ab5ba257df263a29d8ff3cdef6de777801c516bca4a4362,250,50.00,3.50,2,5,4,0.023272,0.604496,pow,pow(difficulty=27_work_amount=134217728),4.24,203,0
41,0,0x687bf2437a044a3e42ff2f8a79a8e54ba9601f70,2.061259,1772340282,e87ee0b19aee24d85627bc42c9cfa564114cb092315d1c3b3ea72b9e4d8bf579,149,149.00,3.13,1,4,3,0.023366,0.605643,pow,pow(difficulty=28_work_amount=268435456),2.17,204,0
41,1,0xe478b1e4d1538274c0c70cbd7df877f9abab2f62,8.303716,1772340291,03c7c620de60a533cf2f5b8a5e292e2057e9a295c91972e339600f844e3e4cc5,250,50.00,3.31,1,4,3,0.023267,0.604166,pow,pow(difficulty=28_work_amount=268435456),4.15,205,0
41,2,0x016d3fc36beee7caa8fbd6c1caa42461dd7f9850,2.875109,1772340293,aea0c1a12d2ed43cf17d98d59ad49e1981d5e09a74dee63aa8536f306eb4fcd3,250,27.78,3.34,1,5,3,0.023309,0.604847,pow,pow(difficulty=28_work_amount=268435456),9.32,206,0
41,3,0x30509a8084fdfe6fe24d9c9a817c209ad194f8e3,10.661809,1772340295,71a6294c07c5330da837284cdaec1b66d062b8d9f6d36bfd84a19f2f563e7862,137,137.00,3.26,1,4,3,0.023309,0.604852,pow,pow(difficulty=28_work_amount=268435456),1.90,207,0
41,4,0x58a21eeb7ab18ba8adf1296e66a4487076e95dac,7.092714,1772340298,97180c74bff9c158c327af3cdb620e2b2ebe67872a942b7465ea4aa6ac2c3ed1,212,106.00,3.46,1,5,4,0.023402,0.605946,pow,pow(difficulty=28_work_amount=268435456),1.51,208,0
42,0,0x63f4973c0df8a5358405f396dc0673a463c48de9,7.902237,1772340302,411bffc0a0170bd98d027ca859a996bbff00e01e2c0a28308f4799a5e751661d,250,62.50,3.40,1,4,3,0.023414,0.606277,pow,pow(difficulty=27_work_amount=134217728),3.07,209,0
42,1,0xe6ebb0cdfd04183d498964e5efc4096ba77b17d6,8.295303,1772340304,77a4b2a880a1654d8f1c8ece9f52881f529771577e8f93ecd6351cf09f13549b,250,83.33,3.19,1,4,3,0.023444,0.606789,pow,pow(difficulty=27_work_amount=134217728),2.94,210,0
42,2,0x58a21eeb7ab18ba8adf1296e66a4487076e95dac,8.095134,1772340307,8972e724c81f6811772c871e0cda7e7dcbbdf16ad9536feb0b6ce7c38e13b268,103,51.50,3.34,2,4,3,0.023444,0.606792,pow,pow(difficulty=27_work_amount=134217728),1.23,211,0
42,3,0xc24b36dee27726233c3bbd9e1f028f98b6b2a424,5.411329,1772340314,84b5df8773dc235b9f29268e0576f6a4c625215f4e6588d97ec4e6b6b5acbd71,250,62.50,3.44,1,4,4,0.023512,0.607764,pow,pow(difficulty=27_work_amount=134217728),3.22,212,0
42,4,0xe6ebb0cdfd04183d498964e5efc4096ba77b17d6,9.296203,1772340315,5e62028f70729ebc888daa9f8fbfa54c0df06888d455ca026c79a485235ac219,250,41.67,3.40,1,5,3,0.023513,0.607779,pow,pow(difficulty=27_work_amount=134217728),6.16,213,0
43,0,0xe6ebb0cdfd04183d498964e5efc4096ba77b17d6,10.296493,1772340316,a115799723bcef1f56364324afb70c4b235a0669def7b86f2def44452f8b2a8b,31,31.00,3.29,1,4,4,0.023569,0.608560,pow,pow(difficulty=28_work_amount=268435456),5.35,214,0
43,1,0x687bf2437a044a3e42ff2f8a79a8e54ba9601f70,3.063379,1772340320,c585ef09a85f4c036823a00e75be416a27a5d83058be9c483275b8aea465f4ea,94,94.00,3.03,1,4,3,0.023646,0.609508,pow,pow(difficulty=28_work_amount=268435456),0.85,215,0
43,2,0xc24b36dee27726233c3bbd9e1f028f98b6b2a424,5.411179,1772340324,fe87dca3a9247b984eeb8dfbf5fddf3af2f297d73e8e6b47c08997e2581fabd0,250,62.50,3.37,1,4,3,0.023568,0.608666,pow,pow(difficulty=28_work_amount=268435456),3.12,216,0
43,3,0x016d3fc36beee7caa8fbd6c1caa42461dd7f9850,2.874719,1772340336,ba40f3ed529246c0fe84925e86865b4b54936c5824799a9ca2074d0407f91faf,250,62.50,3.42,1,5,4,0.023539,0.608655,pow,pow(difficulty=28_work_amount=268435456),3.08,217,0
43,4,0xa068e3c9a21c8d8be636cd2d285895979ec3262e,1.963221,1772340340,d46c1d1f21ca42a591eae819a1a88e84df69df7d069ea186fb24d17725dd4b20,250,20.83,3.23,2,4,3,0.023459,0.607684,pow,pow(difficulty=28_work_amount=268435456),11.56,218,0
44,0,0x34412315480562da4810040fd15c81f99880e1ab,4.896503,1772340341,f28523cd92e0e92a36233d922d6bf141a0507a1af68b7bfd61140636d01e66f2,250,50.00,3.35,1,4,3,0.023359,0.606138,pow,pow(difficulty=27_work_amount=134217728),5.23,219,0
44,1,0x89100a8056319ba37491b32ba255004180607bc2,5.784337,1772340347,233497c5731b04826bbbe8ba0cf26c4482e9d15d7f80bdfd263bba256a69322a,73,73.00,2.95,1,4,3,0.023321,0.605865,pow,pow(difficulty=27_work_amount=134217728),1.85,220,0
44,2,0xdcf2130496e27a8094ab996aea4aa77788d65869,10.509947,1772340352,826e4d2130286b189d734dddbb25830b8f8b788d9a6846627b4d62e675443623,250,41.67,3.14,1,4,3,0.023301,0.605931,pow,pow(difficulty=27_work_amount=134217728),5.11,221,0
44,3,0x13f9dadc05f6c237b03411e2aed1800cf21a5d89,0.269682,1772340357,cdd0f12921fd0cf1893baa3a3f93aeaf70317a2723b36e489c81ecc28484ffe7,250,50.00,3.28,1,4,3,0.023377,0.606849,pow,pow(difficulty=27_work_amount=134217728),4.12,222,0
44,4,0xe6ebb0cdfd04183d498964e5efc4096ba77b17d6,11.297093,1772340358,8fbf6f0a649eb755f8284620c1cbca1674c569b049054bbb32d0be8c68a15d39,250,41.67,2.99,1,4,3,0.023244,0.604346,pow,pow(difficulty=27_work_amount=134217728),5.79,223,0
45,0,0x606627477c3734932f47972f83c27cf4e3b35b4f,12.388407,1772340361,afbcb04bb61181a61a947da1236d61cc5a4f526aefcbce63cbd946306be9f38b,54,54.00,3.09,1,4,3,0.023335,0.605431,pow,pow(difficulty=26_work_amount=67108864),3.06,224,0
45,1,0xaadc5fea232580cb8fba739ac5d05a48559c7e52,1.347543,1772340363,2e1c9103678d4462f4878f9b48581cb300d6a0bc368c742acbc581c9c316bd59,250,62.50,3.40,1,4,3,0.023445,0.606654,pow,pow(difficulty=26_work_amount=67108864),2.24,225,0
45,2,0xfdc414c57908f0e2a6a926079902d4688d553610,0.171042,1772340365,1a3e1daa4c67b9a25852260f4dc91c53793924ae117421951b8fb313a52b9c2b,132,132.00,3.45,2,4,3,0.023334,0.604897,pow,pow(difficulty=26_work_amount=67108864),1.49,226,0
45,3,0x408bb0bf84df50b21c53c74420987f172d4036a1,0.790804,1772340367,6b9e68ad964197babe64b329e818fb22403226aa7d2fd4a9a831ee406970a492,201,100.50,3.25,1,4,3,0.023201,0.602255,pow,pow(difficulty=26_work_amount=67108864),1.46,227,0
45,4,0xa3786e459f289a76c0e8af8ad834e3d0c6d47199,11.733243,1772340368,0a2decb7bbbf85aca309de56053f52387e3aae1cee41114f809e19ae2f7bcec6,192,96.00,3.34,1,4,3,0.023082,0.600165,pow,pow(difficulty=26_work_amount=67108864),1.56,228,0
46,0,0x606627477c3734932f47972f83c27cf4e3b35b4f,13.390827,1772340371,6350f1fd433e71e7bb3f63c6f33723d30642c3e2e5a330ad2d2cf996e69462f2,197,98.50,3.13,1,4,3,0.023176,0.601289,pow,pow(difficulty=27_work_amount=134217728),1.52,229,0
46,1,0x4a217e35f6402e7f62a49f6d62e27c6585c2f3fd,3.488407,1772340373,f9b9689b6b9e8a12561f9d906e6f795668b1b3b6771286bd1bbee0011235db24,245,122.50,3.29,1,4,3,0.023301,0.602505,pow,pow(difficulty=27_work_amount=134217728),1.38,230,0
46,2,0xa3786e459f289a76c0e8af8ad834e3d0c6d47199,12.735143,1772340376,4952b3212462dc070a2fd9f7caad642bef872389c059bad9709f445e376cf1e5,194,97.00,3.41,1,5,3,0.023234,0.601830,pow,pow(difficulty=27_work_amount=134217728),1.27,231,0
46,3,0x719361397abe003a91af76243e5f9c7a0cd4279f,9.547336,1772340378,94f526006bf2fce71fe211b2a0bb43bf92466e463d9c154784c9c7d4c8ad0729,250,83.33,3.26,1,4,3,0.023344,0.602974,pow,pow(difficulty=27_work_amount=134217728),2.10,232,0
46,4,0xf6e059718dbd0a0956726ab97d06bad5efc6cd18,5.016887,1772340378,3525ae9b1534b502c090b8e69d289852a9e5b6229e1b526f36f074278e2a3cd9,123,61.50,3.28,2,4,3,0.023391,0.603698,pow,pow(difficulty=27_work_amount=134217728),1.51,233,0
47,0,0x6d6b2734a20229ddd7fd4a1470ba3e3bad4e4a85,5.642204,1772340382,ea37e5e5db4d060e0695b32f06439be77236f9a1318cc306e9165c411b61a0c5,101,101.00,3.11,2,4,3,0.023352,0.603420,pow,pow(difficulty=28_work_amount=268435456),0.00,234,0
47,1,0x269cdf52f97e1d9f14b7be895155a7b294f0b21d,2.720943,1772340383,3bf1732de0f1e9f85cadb90bd71ff2341cb0ef792eac5ba49d94fe71387f7336,250,50.00,3.19,2,4,3,0.023325,0.603364,pow,pow(difficulty=28_work_amount=268435456),3.28,235,0
47,2,0x2abf89d7c96c80fcff9dec1fe92803573094ee35,0.220535,1772340385,eed2f6a6ed163ce058d5e0f7eec0c679ae2af4266cf8cf81ba5018d66a7ac65d,66,66.00,3.11,1,4,3,0.023243,0.602287,pow,pow(difficulty=28_work_amount=268435456),1.91,236,0
47,3,0x6064b9f5883bf9737dfe314ff68c56e09e68ac89,5.189339,1772340389,3ba7d3612807e61bbaa8ae48b772ce9d1571c9295bbbdb619073c30c2062cd64,250,83.33,3.51,1,4,4,0.023115,0.599705,pow,pow(difficulty=28_work_amount=268435456),2.21,237,0
47,4,0xb2a7fe70a6f3137d38f6cb4c3ec6dd1e24f2d5f4,3.418988,1772340391,a25f35ef0fbc0afa901e9b6b9e0f28e30ddb4df0652014502b0f89c1a88e8fac,250,62.50,3.29,1,4,3,0.023115,0.599708,pow,pow(difficulty=28_work_amount=268435456),3.58,238,0
48,0,0xeb82a21cb3d0dd781eb22ad74bb7cd9b4d2a06ec,8.929305,1772340394,0582c1e451d98835a7b11ddf4263d0c8b02659c320c7156fa813dd709ffc4438,102,102.00,3.29,1,5,3,0.023047,0.598954,pow,pow(difficulty=29_work_amount=536870912),2.39,239,0
48,1,0xe6ebb0cdfd04183d498964e5efc4096ba77b17d6,12.297263,1772340402,463866af9fae63827fbd458ff469ac8385e377a24ef093fc10f1556826567d42,250,62.50,3.43,1,5,3,0.023081,0.599560,pow,pow(difficulty=29_work_amount=536870912),3.12,240,0
48,2,0xe6ebb0cdfd04183d498964e5efc4096ba77b17d6,13.299663,1772340413,3bca29369bffa6a4c26eee4bb8b896357ab9e9ba6f5eec43b9da5a515d5c2566,250,35.71,3.17,1,4,3,0.023175,0.600631,pow,pow(difficulty=29_work_amount=536870912),6.00,241,0
48,3,0x28672c71695142588ed26ada6f4b18b8b6c12308,4.692758,1772340418,686cdc5cb9b0263c10fd26ae4238aae214bb64e866757e2699be3452c4447676,250,22.73,3.20,1,4,3,0.023287,0.601738,pow,pow(difficulty=29_work_amount=536870912),11.75,242,0
48,4,0xaadc5fea232580cb8fba739ac5d05a48559c7e52,2.348303,1772340426,3b79a6ace19c8eaa18a502da457b6d6443af30e6e66c3c2be740ba4223c81c7a,250,41.67,3.02,1,4,3,0.023241,0.601332,pow,pow(difficulty=29_work_amount=536870912),6.98,243,0
49,0,0xe478b1e4d1538274c0c70cbd7df877f9abab2f62,9.304876,1772340432,c8550d8f7f9c641ac49ae83d7347e24ef374d9dc21d76c18a88ddca47023dc00,250,35.71,3.32,2,4,3,0.023242,0.601345,pow,pow(difficulty=28_work_amount=268435456),5.94,244,0
49,1,0xeb82a21cb3d0dd781eb22ad74bb7cd9b4d2a06ec,9.931425,1772340443,8e804989457f2f856579cf0e43b4bdf6a2d8e87647b2880396901085da2d6fd2,250,35.71,3.38,1,5,3,0.023154,0.600036,pow,pow(difficulty=28_work_amount=268435456),6.97,245,0
49,2,0xe478b1e4d1538274c0c70cbd7df877f9abab2f62,10.307116,1772340445,17fe1e1c98328d459f92728bd4c83d1d49c781dc5aa934992edb2c154462ccba,250,22.73,3.50,1,5,4,0.023192,0.600651,pow,pow(difficulty=28_work_amount=268435456),10.62,246,0
49,3,0xc774b0fee7cabbef3b1ae14bf36db3df0d32c1df,3.168957,1772340449,65f83d5638ad625bd2f92e24328598ac48e48da5b7467d31469021f3eeef3cc8,88,88.00,3.39,1,4,3,0.023291,0.602053,pow,pow(difficulty=28_work_amount=268435456),8.17,247,0
49,4,0x1796dc61e715f15a2d27dfa32bd34780f12a8c24,5.724711,1772340452,09fef7b216fc6a34148fbeb01d5199e9a34172be442734cbb7e029b69dadd0c4,250,50.00,3.25,1,4,3,0.023218,0.601143,pow,pow(difficulty=28_work_amount=268435456),4.20,248,0
50,0,0x58a21eeb7ab18ba8adf1296e66a4487076e95dac,9.096254,1772340456,eb53e8cc48b3d8b2efd0863c3df46b4d9c5eab370309593714f0eb16e843b8c5,250,83.33,3.18,1,4,3,0.023218,0.601148,pow,pow(difficulty=27_work_amount=134217728),2.66,249,0
50,1,0xd61b00c297972877b45f8d7f4d67fdaf20c67c59,3.334351,1772340458,c5821e52bf0a84d575198e15269e01c2cde488c618523a83ef3e13932debc58d,250,62.50,3.36,1,4,3,0.023219,0.601575,pow,pow(difficulty=27_work_amount=134217728),2.35,250,0
50,2,0x4414c05be2cf328f38d2e3ef4b705d6b894f044a,7.090379,1772340459,02e32134ee5a84ba1360cf9ac3a99ec8b930a82186febd419fc17fd3ed9e4b3d,185,185.00,3.17,1,4,3,0.023219,0.601579,pow,pow(difficulty=27_work_amount=134217728),1.38,251,0
50,3,0x26d553a2f4343b3a7dc88bbd87b3d0a25d3838d9,10.224510,1772340462,a552028ef625dbe5a38ed06356a6c97d769e82dc3dd72919e447d700334976f2,207,103.50,3.14,1,4,3,0.023144,0.600943,pow,pow(difficulty=27_work_amount=134217728),1.55,252,0
50,4,0x63f4973c0df8a5358405f396dc0673a463c48de9,8.903037,1772340465,79e2f9df1271b734b02b4980b9d2a495fa716fe95cdde615ee0fa040a89e9e16,194,97.00,3.26,1,4,3,0.023191,0.601582,pow,pow(difficulty=27_work_amount=134217728),1.54,253,0
51,0,0xa3786e459f289a76c0e8af8ad834e3d0c6d47199,13.736833,1772340467,0771b29fd5ab75bb5b1ce2a8dd0cd83cdf3109902466ee575ad0e62236056380,250,83.33,3.19,1,4,3,0.023215,0.602010,pow,pow(difficulty=28_work_amount=268435456),2.26,254,0
51,1,0x606627477c3734932f47972f83c27cf4e3b35b4f,14.392247,1772340475,014dc2b58ffb3db596791303340c2ec0f3e0f6693f0d5c0d66c057f8ebda550a,250,83.33,3.24,1,4,3,0.023320,0.603071,pow,pow(difficulty=28_work_amount=268435456),2.06,255,0
51,2,0xe6ebb0cdfd04183d498964e5efc4096ba77b17d6,14.301383,1772340477,e50cb3fdade9728f0b7fce06c0cdb5101f4d8a8157bcce5b7c456369cc3edccc,250,31.25,3.35,1,4,3,0.023435,0.604182,pow,pow(difficulty=28_work_amount=268435456),6.34,256,0
51,3,0xf6e059718dbd0a0956726ab97d06bad5efc6cd18,6.016947,1772340479,d394eb5d4856493582d08a1a3e908b61e3d7c4acf34f78ae2fe5a7fb64e0f589,168,168.00,3.24,2,4,3,0.023546,0.605215,pow,pow(difficulty=28_work_amount=268435456),2.56,257,0
51,4,0x60705151f1f537cacd5b801f3ef1b31dc3f605de,0.296334,1772340481,7ea89b5054734df3c8fa1b02472acee9b6f95d0c8e08f5bd903c3f5027a5f9d6,214,107.00,3.04,1,4,3,0.023546,0.605219,pow,pow(difficulty=28_work_amount=268435456),1.51,258,0
52,0,0x58a21eeb7ab18ba8adf1296e66a4487076e95dac,10.098534,1772340495,92052371e4f7685ca30b925f889db05f43df065aaf8769808437d0d3722201d7,250,83.33,3.06,1,4,3,0.023397,0.602787,pow,pow(difficulty=29_work_amount=536870912),2.16,259,0
52,1,0x606627477c3734932f47972f83c27cf4e3b35b4f,15.394487,1772340505,b4c089294dea8500fb15015834500fd4e934dbff76f4676b90c7d3a383e90d00,250,17.86,3.34,1,4,3,0.023437,0.603351,pow,pow(difficulty=29_work_amount=536870912),13.87,260,0
52,2,0x58a21eeb7ab18ba8adf1296e66a4487076e95dac,11.100734,1772340509,3f9b1648cc52c0277e4e7ff0578118b97cc8e450575c7a6c8775482292d251fe,250,27.78,3.42,1,4,4,0.023438,0.603368,pow,pow(difficulty=29_work_amount=536870912),8.61,261,0
52,3,0x63f4973c0df8a5358405f396dc0673a463c48de9,9.905007,1772340526,5faeca8e8fbaaa058b569bbbe13267db3ea73df09a30fdf318b4573986fcbe95,250,50.00,3.35,1,4,3,0.023616,0.605306,pow,pow(difficulty=29_work_amount=536870912),4.12,262,0
52,4,0x719361397abe003a91af76243e5f9c7a0cd4279f,10.546906,1772340540,4dab79c36f90933a84bbaf4c1da208af4756c12667cd7419fcc2a6140ff2aeeb,250,14.71,3.21,1,4,3,0.023617,0.605337,pow,pow(difficulty=29_work_amount=536870912),17.62,263,0
53,0,0xc24b36dee27726233c3bbd9e1f028f98b6b2a424,6.411329,1772340542,83631a2020191e5a58de82185072c21f7d0d727c4c792867f5ea156e125883c5,250,19.23,3.35,1,4,3,0.023694,0.606360,pow,pow(difficulty=28_work_amount=268435456),14.04,264,0
53,1,0x28672c71695142588ed26ada6f4b18b8b6c12308,5.693728,1772340545,11bad9169433853c05b4d977470500b4a56e8dadb76016ffb14e4fb3b1968f5d,172,86.00,3.38,1,5,3,0.023671,0.606400,pow,pow(difficulty=28_work_amount=268435456),5.88,265,0
53,2,0xb2a7fe70a6f3137d38f6cb4c3ec6dd1e24f2d5f4,4.418568,1772340549,1f29d9d8ed7bca6849eebffa0b93bf1c4572275b92f4d651b76c809d634878b3,250,62.50,3.04,1,4,3,0.023671,0.606407,pow,pow(difficulty=28_work_amount=268435456),3.21,266,0
53,3,0xe6ebb0cdfd04183d498964e5efc4096ba77b17d6,15.302213,1772340552,051ef4c043c2dcc7f72191592b5a53099a719df67a7d33e580246ce80898900d,250,83.33,3.39,1,4,3,0.023581,0.605719,pow,pow(difficulty=28_work_amount=268435456),2.35,267,0
53,4,0x016d3fc36beee7caa8fbd6c1caa42461dd7f9850,3.874909,1772340571,46e7c55b4a5bca7d7bb4149b0e1bd690986b8109bf3e953bfbd45ccb423f2536,216,72.00,3.30,1,4,3,0.023696,0.606742,pow,pow(difficulty=28_work_amount=268435456),1.81,268,0
54,0,0x1796dc61e715f15a2d27dfa32bd34780f12a8c24,6.725831,1772340572,cf92b18380a8856179f3b8ee8cba06061d2fe9da210da6993ca83cd07864d8a3,250,12.50,3.27,1,5,3,0.023697,0.606778,pow,pow(difficulty=27_work_amount=134217728),19.30,269,0
54,1,0x606627477c3734932f47972f83c27cf4e3b35b4f,16.396067,1772340575,bfd2eabb3a83aa429fa0df139ea72e3ee25fccfe5a5908760cdbd0034b5a0b57,66,66.00,3.15,2,4,3,0.023678,0.606843,pow,pow(difficulty=27_work_amount=134217728),18.47,270,0
54,2,0x6d6b2734a20229ddd7fd4a1470ba3e3bad4e4a85,6.642584,1772340578,fd9e28b80d458ccb51c7d6e2b57dcd03c7166c70b88db54d8dbc488898ebf282,187,93.50,3.33,1,4,3,0.023807,0.607914,pow,pow(difficulty=27_work_amount=134217728),1.42,271,0
54,3,0x1796dc61e715f15a2d27dfa32bd34780f12a8c24,7.726401,1772340579,982de59ad14fc932a6392a418a235fbc81ec2117ddca3e071937899192a780ee,250,83.33,3.19,1,4,3,0.023785,0.607903,pow,pow(difficulty=27_work_amount=134217728),2.27,272,0
54,4,0x4a217e35f6402e7f62a49f6d62e27c6585c2f3fd,4.488277,1772340582,303b8b45edaf2a073732440cb5fd0b24e4eac4a08d2f3866932ffe884128f579,75,75.00,2.93,1,4,3,0.023779,0.608158,pow,pow(difficulty=27_work_amount=134217728),1.75,273,0
55,0,0xe478b1e4d1538274c0c70cbd7df877f9abab2f62,11.306406,1772340584,af2cfe4d952148154e9c30aa02f54bab72946617774392ed05ecb9a6b42be465,250,83.33,3.51,1,5,4,0.023724,0.607633,pow,pow(difficulty=28_work_amount=268435456),2.21,274,0
55,1,0x50f7fa851f9314d682e36da5caa4635039b5305d,0.095416,1772340605,40b8b7d4ee9f3e10b61b6a01344446243b0cc223a9d0a57019d9f6dd6e439d87,138,69.00,3.34,1,5,3,0.023772,0.608422,pow,pow(difficulty=27_work_amount=134217728),1.62,275,0
55,2,0xac768e60b9269babb15cb1e36ee843243d7c7543,10.723228,1772340606,e163e19b835dcc8936cfd5e76cffb90bac66e10ae9fe4d00d4e06d352192ca0e,250,11.90,3.36,2,4,3,0.023653,0.605886,pow,pow(difficulty=27_work_amount=134217728),20.33,276,0
55,3,0x687bf2437a044a3e42ff2f8a79a8e54ba9601f70,4.062909,1772340608,4a833a06f7ad11147d794bad97eef54a31536a19e350a0eb2c5999586a20057d,191,95.50,3.09,2,4,3,0.023691,0.606434,pow,pow(difficulty=27_work_amount=134217728),10.12,277,0
55,4,0x30509a8084fdfe6fe24d9c9a817c209ad194f8e3,11.660769,1772340611,d5b1ee9efab864f617cee37e243c00d0e87ab3a450357103629dd47a18a65826,112,112.00,3.32,1,4,3,0.023630,0.605814,pow,pow(difficulty=27_work_amount=134217728),1.02,278,0
56,0,0x282f43759e22b50aa7989261c51c367f325c3f91,3.349607,1772340612,8a763b6729610659da696785fba1481f2089e73a2492f31b86a8006f5c4b0283,250,83.33,3.42,1,5,3,0.023681,0.606638,pow,pow(difficulty=26_work_amount=67108864),2.24,279,0
56,1,0x34412315480562da4810040fd15c81f99880e1ab,5.894583,1772340613,e80924d32e8b4a09be48c42bd03edb28ef354e263997a112ac22083e0bfb1fe2,59,59.00,3.24,1,4,3,0.023610,0.605758,pow,pow(difficulty=26_work_amount=67108864),1.98,280,0
56,2,0x606627477c3734932f47972f83c27cf4e3b35b4f,17.397507,1772340617,5404e3f2d2b8265fc1190cfc1ba09dc5bdc54028e6d0b133286028f0b8f8baa0,188,94.00,3.04,1,4,3,0.023576,0.605558,pow,pow(difficulty=26_work_amount=67108864),1.48,281,0
56,3,0xdcf2130496e27a8094ab996aea4aa77788d65869,11.509857,1772340619,f49759d585139b29154d71fab9b8d7b43e238cad60698a7e0d127eb7ae99b3b4,250,62.50,3.40,1,4,3,0.023709,0.606598,pow,pow(difficulty=26_work_amount=67108864),3.36,282,0
56,4,0x34d94cc0534eb50dec7956bea31407428d6d5ef8,0.076577,1772340622,eaff9420cfe72e400975aaa9192d2d53bb51e6dd211eabdc05181259270ca985,216,216.00,3.33,1,4,3,0.023755,0.607330,pow,pow(difficulty=26_work_amount=67108864),1.19,283,0
57,0,0x26d553a2f4343b3a7dc88bbd87b3d0a25d3838d9,11.224940,1772340627,9ebd154b501790d4d13e7d482413e0b69604126a0f19b7e034337d8a8dd5ff0a,250,62.50,3.02,1,4,3,0.023636,0.604741,pow,pow(difficulty=27_work_amount=134217728),2.37,284,0
57,1,0x63f4973c0df8a5358405f396dc0673a463c48de9,10.906457,1772340628,d2c85a1e23f0684b325551196d9c1661966eed3ea2142d898bc707f099a4e74f,250,62.50,3.29,1,4,3,0.023637,0.604749,pow,pow(difficulty=27_work_amount=134217728),3.85,285,0
57,2,0x4a217e35f6402e7f62a49f6d62e27c6585c2f3fd,5.490317,1772340631,f90a7591dbadea6f6d6e459758d67a9f20030af6e3b59e23d17014dee6f9cb71,27,27.00,3.00,2,4,3,0.023674,0.605275,pow,pow(difficulty=27_work_amount=134217728),3.78,286,0
57,3,0x49b57eb4dace37c8819daf079c9c674f766d4f38,3.224560,1772340633,6a916e5749389f0202a4503b430aa84f64cf59bb562e30b55f8994a1bfff1ed9,250,83.33,3.45,1,5,4,0.023633,0.604962,pow,pow(difficulty=27_work_amount=134217728),2.16,287,0
57,4,0xa9105f442328d397529b8e4e9e656fa89016ff45,1.462424,1772340635,40d1074f31cef52eb0f0c166674c1247f9e182987cbf393d07212bdae30e26e9,186,93.00,2.99,1,4,3,0.023560,0.604007,pow,pow(difficulty=27_work_amount=134217728),1.36,288,0
58,0,0x63f4973c0df8a5358405f396dc0673a463c48de9,11.906647,1772340637,c51fed898b3ed868e46788ee7e9488937f9dd57ab3b86450f77ccc5cbc0eb525,165,82.50,3.49,1,5,4,0.023463,0.602483,pow,pow(difficulty=28_work_amount=268435456),1.38,289,0
58,1,0x26d553a2f4343b3a7dc88bbd87b3d0a25d3838d9,11.224790,1772340638,aa0f360d8885f19178e500c68da7796cf44a048c3d10765b93339a5c78b75475,215,107.50,3.23,1,4,3,0.023513,0.603250,pow,pow(difficulty=28_work_amount=268435456),1.52,290,0
58,2,0x016d3fc36beee7caa8fbd6c1caa42461dd7f9850,3.874039,1772340640,5151beed3addd4e1bf13ad24090e9a3f901c30e6b9fb7f7f99042358e7c6a1a6,100,100.00,3.32,1,4,3,0.023552,0.603796,pow,pow(difficulty=28_work_amount=268435456),1.00,291,0
58,3,0x30509a8084fdfe6fe24d9c9a817c209ad194f8e3,12.662939,1772340644,dad8226352767c231ba7a16dd87fdb349f80b67320e0febc7d95f000f01c775b,250,83.33,3.20,1,4,3,0.023552,0.603801,pow,pow(difficulty=28_work_amount=268435456),2.20,292,0
58,4,0xf6e059718dbd0a0956726ab97d06bad5efc6cd18,7.017257,1772340647,e92d1ac030e038b1753d7d44a55addcd76c2cd30b99184baff2b6a11e3dd8e4e,250,62.50,3.47,1,4,4,0.023489,0.603084,pow,pow(difficulty=28_work_amount=268435456),3.06,293,0
59,0,0x8c11ec9090dd820c076e57e899d9c604c79d6b32,5.560319,1772340655,373e1867acb7e888d257f600421e8202daec456e5ce8aa8b7b9cef845624f3f3,111,55.50,2.96,1,4,3,0.023527,0.603969,pow,pow(difficulty=29_work_amount=536870912),1.28,294,0
59,1,0x719361397abe003a91af76243e5f9c7a0cd4279f,11.548006,1772340659,3fba78ea52aa904ff3a6e9de7fb2039558c058aba33df35e5d49e5a7741c07aa,250,27.78,3.10,1,4,3,0.023487,0.603638,pow,pow(difficulty=29_work_amount=536870912),8.18,295,0
59,2,0x075e1d95c7891e1c00414ca1aa9a7a8cf6270019,0.129805,1772340668,a19134da826bdc75bceb03c46b67d4fd0afa196ea6cadc7d0b711fa660cb7c2b,240,80.00,3.29,1,4,3,0.023529,0.604227,pow,pow(difficulty=29_work_amount=536870912),2.56,296,0
59,3,0x606627477c3734932f47972f83c27cf4e3b35b4f,18.399457,1772340689,14f4fb757895719499acb59a79f204c79560ec979abcadc161d09fa86d5a9f7a,250,25.00,3.00,1,4,3,0.023416,0.601754,pow,pow(difficulty=28_work_amount=268435456),9.30,297,0
59,4,0xe184aeec69f3313df03bef8752946c65f0a70021,0.080287,1772340692,64aa78c30d367d6fc8d5bf946dc022a40d24b5ef08766412838ea24f2a9e91b0,250,11.90,3.40,2,4,3,0.023550,0.602793,pow,pow(difficulty=28_work_amount=268435456),22.22,298,0
60,0,0xd67aaaf210c0c36ddcb7055222d168b5c9dd1b36,0.177201,1772340693,610926e7978e682a955765edfc25d5456ebc0c751095ffc12a4a23cd5efdefc7,228,114.00,3.38,1,5,3,0.023550,0.602797,pow,pow(difficulty=27_work_amount=134217728),6.87,299,0
60,1,0xa3786e459f289a76c0e8af8ad834e3d0c6d47199,14.737123,1772340706,668898409a9cbdd8f797e847b37d81ab83b56b1aea431270aa4295e329679676,114,114.00,3.37,1,4,3,0.023437,0.600331,pow,pow(difficulty=27_work_amount=134217728),1.00,300,0
60,2,0xb2a7fe70a6f3137d38f6cb4c3ec6dd1e24f2d5f4,5.419338,1772340708,a632fae3ddb607ca70813358a6e6aef1d65cbf4d1b93ed7fbc967894856e387a,250,17.86,3.23,1,4,3,0.023438,0.600351,pow,pow(difficulty=27_work_amount=134217728),13.27,301,0
60,3,0x6064b9f5883bf9737dfe314ff68c56e09e68ac89,5.186219,1772340711,854bf1eeb6dd75be87313652409d53549851b2a48b7d76f3f8834fac66c9f95e,240,120.00,3.36,1,4,3,0.023520,0.601258,pow,pow(difficulty=27_work_amount=134217728),4.55,302,0
60,4,0x26d553a2f4343b3a7dc88bbd87b3d0a25d3838d9,12.224940,1772340714,3b54d96f80ba4ee8c3dc14e619f6f0e12b6730a720c13d05ea97d008ca420a23,220,110.00,3.23,1,4,3,0.023432,0.600382,pow,pow(difficulty=27_work_amount=134217728),1.51,303,0
61,0,0x30509a8084fdfe6fe24d9c9a817c209ad194f8e3,13.664709,1772340715,959ad6fb64ceee95112ca3d743cfb3d7bc716d3a239af411642635846915c0c9,250,83.33,3.22,1,4,3,0.023432,0.600387,pow,pow(difficulty=26_work_amount=67108864),2.18,304,0
61,1,0xf6e059718dbd0a0956726ab97d06bad5efc6cd18,8.017837,1772340716,fbe29cc0260d8720123ddf1ba8470b47c6cdb6c4cb8d1ac4bb7b61209f4b84e6,75,75.00,3.49,2,5,4,0.023498,0.601232,pow,pow(difficulty=26_work_amount=67108864),1.96,305,0
61,2,0x8c11ec9090dd820c076e57e899d9c604c79d6b32,6.562249,1772340719,abff29ce97aec6276973da0c35333f9418238b5539adfa79f66ee5e362303f39,110,110.00,2.96,2,4,3,0.023489,0.601472,pow,pow(difficulty=26_work_amount=67108864),1.00,306,0
61,3,0x1796dc61e715f15a2d27dfa32bd34780f12a8c24,8.725601,1772340720,eb855f194354e8a62da86860fca795675cdbc574c8563fcb8d1e8f160e08e16b,250,83.33,3.04,1,4,3,0.023461,0.601370,pow,pow(difficulty=26_work_amount=67108864),2.22,307,0
61,4,0x63f4973c0df8a5358405f396dc0673a463c48de9,12.907937,1772340722,bcde9fa98cc473329a9fb68ddd547883b0406dbc0277a335f3da0480c27bbf4e,149,149.00,3.06,1,4,3,0.023461,0.601667,pow,pow(difficulty=26_work_amount=67108864),0.91,308,0
62,0,0xd61b00c297972877b45f8d7f4d67fdaf20c67c59,4.333111,1772340726,57334b17c79fe3864714ba81edea18b8ed91df6bd11e034e5ca415d9b369306e,234,78.00,3.18,1,4,3,0.023461,0.601668,pow,pow(difficulty=27_work_amount=134217728),1.64,309,0
62,1,0x8c11ec9090dd820c076e57e899d9c604c79d6b32,7.564619,1772340728,bdcf0e5b544b7d39bb02138f8ba685d9e069d1af5649a438c3f3d05d71028676,250,62.50,3.22,1,4,3,0.023457,0.601853,pow,pow(difficulty=27_work_amount=134217728),3.15,310,0
62,2,0xe478b1e4d1538274c0c70cbd7df877f9abab2f62,12.306236,1772340729,9f1603ea9c1dd52659a175770169631f0ce33dc8db2d5a4b45fdd8ee6e75120e,34,34.00,2.97,2,4,3,0.023442,0.601969,pow,pow(difficulty=27_work_amount=134217728),2.94,311,0
62,3,0x07902d0371763a00d97ed9ba16ff0a206cb0fd19,11.535269,1772340733,ee33aa76721f1e9d6b91b07f7a98963a8acda1e4a7427bae7a8029b85d0e77a6,196,98.00,3.40,1,4,3,0.023486,0.602676,pow,pow(difficulty=27_work_amount=134217728),1.44,312,0
62,4,0xac768e60b9269babb15cb1e36ee843243d7c7543,11.723938,1772340734,310fe8a21f93e729fd70ad9a164bbe032e2aa304e5045dd0b2221bb67b7249a3,250,62.50,3.32,1,4,3,0.023486,0.602681,pow,pow(difficulty=27_work_amount=134217728),3.36,313,0
63,0,0xd3997be86c88837e3fd467517b943590b28fa641,0.047561,1772340737,dba46fd5107844fe53f03ae784528d8c1e4493cc3b51dc368fcf24c3ebf9013e,82,82.00,3.00,1,4,3,0.023522,0.603229,pow,pow(difficulty=28_work_amount=268435456),2.68,314,0
63,1,0x9ba702916c26a8583a7f277d6932b3c0d9927ce0,0.186787,1772340739,ef5a1e2a6421ddcea3f8f651e3de3880d1005253418d2a511e2a8269af3d46bf,203,101.50,3.32,1,4,3,0.023411,0.600645,pow,pow(difficulty=28_work_amount=268435456),1.48,315,0
63,2,0x4414c05be2cf328f38d2e3ef4b705d6b894f044a,8.089799,1772340742,c2fea7e630d202edc1f0b2e8c605f92d7bbfb395df69fe781c19a8e5bd30a364,250,125.00,3.02,1,4,3,0.023303,0.598186,pow,pow(difficulty=28_work_amount=268435456),1.23,316,0
63,3,0x30509a8084fdfe6fe24d9c9a817c209ad194f8e3,14.665129,1772340745,fce2af2faade7d2b5585a4c0ce73b87ea667b51cdc0c9e2f728e51d01e574e94,250,83.33,3.16,1,4,3,0.023304,0.598189,pow,pow(difficulty=28_work_amount=268435456),1.98,317,0
63,4,0x89100a8056319ba37491b32ba255004180607bc2,6.782737,1772340757,385623be7fd8e7b9396c1d5a5df2a179d8307a840d68d85272856dafa8ea7a84,237,79.00,3.48,1,5,4,0.023365,0.599178,pow,pow(difficulty=28_work_amount=268435456),1.77,318,0
64,0,0x58a21eeb7ab18ba8adf1296e66a4487076e95dac,12.100884,1772340761,20e10840fbc33bbac3352de299002f27826156e4d48a3698cc975df883d22e85,250,20.83,3.15,1,4,3,0.023340,0.599094,pow,pow(difficulty=27_work_amount=134217728),11.11,319,0
64,1,0xd46407aa7b668c72de3cf1c1a12b7fa2e308a1b2,5.987779,1772340767,ded5d5a21267b65d74f44eabe6dfb5ac2a384acc7265340afabdf254e153f67e,250,50.00,3.46,1,4,4,0.023379,0.599691,pow,pow(difficulty=27_work_amount=134217728),5.86,320,0
64,2,0xeb82a21cb3d0dd781eb22ad74bb7cd9b4d2a06ec,10.930505,1772340774,fd201682bd4caba125fae8e47a0fb04c6b969d8761b5cbe1e03beb3d61358ec0,250,50.00,2.88,1,4,3,0.023343,0.599387,pow,pow(difficulty=27_work_amount=134217728),4.31,321,0
64,3,0xa447d277b02012c2afd9ddcbbe123f27cc971963,7.810155,1772340775,278bd9ca0047b4ad4048f7901d708f4bfba2b3a3f9744fdace47b73b6809f7b7,250,35.71,3.50,1,5,4,0.023366,0.599786,pow,pow(difficulty=27_work_amount=134217728),6.02,322,0
64,4,0x606627477c3734932f47972f83c27cf4e3b35b4f,19.401017,1772340777,5a9a13b7a7ae4fd7c098dba2b162372198423108db52daaefc55c2744b929d3d,187,93.50,3.21,1,4,3,0.023352,0.599874,pow,pow(difficulty=27_work_amount=134217728),3.06,323,0
65,0,0x58a21eeb7ab18ba8adf1296e66a4487076e95dac,13.103194,1772340779,b3595da08910b9b1587c167d5b487886b19440ebbda74bfbfdcc93fec75d4330,113,113.00,3.41,1,4,4,0.023476,0.600830,pow,pow(difficulty=26_work_amount=67108864),1.00,324,0
65,1,0x28672c71695142588ed26ada6f4b18b8b6c12308,6.693928,1772340781,551eebdf6a0bb4505292afab2d0207602769baef77155954dd4ea477ad54c596,219,109.50,3.34,1,4,3,0.023523,0.601539,pow,pow(difficulty=26_work_amount=67108864),1.33,325,0
65,2,0xa447d277b02012c2afd9ddcbbe123f27cc971963,8.811945,1772340782,d9fc598c7382e432af9ca9c5350a9b6d8e481df38a5d7258d03785bcba543e9c,237,79.00,3.00,1,4,3,0.023494,0.601360,pow,pow(difficulty=26_work_amount=67108864),1.90,326,0
65,3,0xa447d277b02012c2afd9ddcbbe123f27cc971963,9.813085,1772340785,a90e78f46083fd4924e2c79b1456f26dfae69652efd2e9eed977d1fb9d80790c,117,117.00,3.23,2,4,3,0.023490,0.601596,pow,pow(difficulty=26_work_amount=67108864),1.02,327,0
65,4,0xc24b36dee27726233c3bbd9e1f028f98b6b2a424,7.410709,1772340788,732da38b81edb97af1d5fb9eec1435b3f1e8862f87e69ef6e3e2a82eef452634,227,113.50,3.17,1,4,3,0.023497,0.601911,pow,pow(difficulty=26_work_amount=67108864),1.48,328,0
66,0,0x58a21eeb7ab18ba8adf1296e66a4487076e95dac,14.105194,1772340791,90f21d85b8ec2b99a988a3536c68711e5cce426d89125440a3009f8ded61d3c3,250,83.33,3.47,1,5,4,0.023476,0.601868,pow,pow(difficulty=27_work_amount=134217728),2.12,329,0
66,1,0xa3786e459f289a76c0e8af8ad834e3d0c6d47199,15.738843,1772340792,735adf3971402588fdb604a428f7b772bc343786745f2968df6de25907709800,250,83.33,3.40,1,4,3,0.023533,0.602616,pow,pow(difficulty=27_work_amount=134217728),1.88,330,0
66,2,0x606627477c3734932f47972f83c27cf4e3b35b4f,20.401867,1772340796,8d084b5ce2f67dfc296f1487997f788d02fb5440c426676796650f3631a87f45,182,91.00,3.24,1,4,3,0.023608,0.603476,pow,pow(difficulty=27_work_amount=134217728),1.48,331,0
66,3,0x1796dc61e715f15a2d27dfa32bd34780f12a8c24,9.726181,1772340799,3a54dc6123c9c39919c09a42f845973a50e978446446ec77c783b4840114c0f4,250,83.33,3.40,1,4,3,0.023735,0.604409,pow,pow(difficulty=27_work_amount=134217728),2.09,332,0
66,4,0xa7e4d4d949807065ebf85adc1be8c382c7236c15,0.205296,1772340801,b475b6ef945a0e53093391fcbafc5f153b0a47bda476ecea240014c80b5ff3c2,250,83.33,3.12,1,4,3,0.023739,0.604666,pow,pow(difficulty=27_work_amount=134217728),1.70,333,0
67,0,0xbc3f8508d26048f2064aa8c068f4c94d08d77d18,9.068049,1772340803,6543ad716b7141721081a91af5dfd30b2803147780d572f057ad7f5d91cd8ef7,155,77.50,3.05,1,4,3,0.023634,0.602277,pow,pow(difficulty=28_work_amount=268435456),1.45,334,0
67,1,0xd39dbd3662315e3935ec08e6b6028e73b3c09de2,3.915390,1772340805,13122f62e7014ec54b807bd1006c2b33e387b7e38a1f675915d03f2bf30d3242,200,100.00,3.29,1,4,3,0.023630,0.602488,pow,pow(difficulty=28_work_amount=268435456),1.56,335,0
67,2,0x58a21eeb7ab18ba8adf1296e66a4487076e95dac,15.107514,1772340806,5b4822f985ee5fd8ccad33ae75bc722a9f0f5632fa2fd518ff619880f112b806,187,93.50,3.40,1,4,3,0.023568,0.601780,pow,pow(difficulty=28_work_amount=268435456),1.45,336,0
67,3,0x58a21eeb7ab18ba8adf1296e66a4487076e95dac,16.108354,1772340808,f32be5dbb249e89a1ef671340870795bce24c3e2ab543b13a8a57b0b550f910c,86,86.00,3.27,1,4,3,0.023632,0.602534,pow,pow(difficulty=28_work_amount=268435456),1.00,337,0
67,4,0x58a21eeb7ab18ba8adf1296e66a4487076e95dac,17.110284,1772340812,1d83eb35b10f37953f1e4b1a02d114c19ace08a3f46ec39bcd7f1d7b45daccd9,194,97.00,3.40,1,4,3,0.023706,0.603366,pow,pow(difficulty=28_work_amount=268435456),1.47,338,0
68,0,0x81d019380961f92c2031b0a7fba69f7675145088,0.481093,1772340817,52cbcdbb719a3b2eebc9784756bcea708d2d967cb35c8547922d78685d300592,250,50.00,3.32,1,4,3,0.023706,0.603373,pow,pow(difficulty=29_work_amount=536870912),4.03,339,0
68,1,0x719361397abe003a91af76243e5f9c7a0cd4279f,12.548736,1772340821,ffe1954c57d81cdda7c4dfb9c106c49364aa5abec86ef0248190831fd688ba72,250,62.50,3.52,1,5,4,0.023689,0.602148,pow,pow(difficulty=29_work_amount=536870912),2.94,340,0
68,2,0x6d6b2734a20229ddd7fd4a1470ba3e3bad4e4a85,7.642644,1772340842,7273fbc59a9e25f26b7ff56b144ae5f0484c438c2c85cc0beff85b52e35e317c,250,50.00,3.34,1,5,3,0.023722,0.602739,pow,pow(difficulty=28_work_amount=268435456),4.10,341,0
68,3,0x63f4973c0df8a5358405f396dc0673a463c48de9,13.908987,1772340848,475bd5ea75da45e8b49e668f29f69a5d82ca5c0fd0ae209a55a89998bf1cea10,250,12.50,3.20,1,4,3,0.023724,0.602769,pow,pow(difficulty=28_work_amount=268435456),19.29,342,0
68,4,0x016d3fc36beee7caa8fbd6c1caa42461dd7f9850,4.874369,1772340850,a3fa48c9fcfda12c72fb4d6851511d5c7bfdbe07898e8c24838c228562b09744,250,35.71,3.24,1,4,3,0.023749,0.603416,pow,pow(difficulty=28_work_amount=268435456),9.98,343,0
69,0,0xa068e3c9a21c8d8be636cd2d285895979ec3262e,2.960601,1772340852,6fc5e91c50294db7aa10eff617edd1f16e8cbf51eb7d37b3621480a4ce792572,120,120.00,3.19,1,4,3,0.023697,0.602891,pow,pow(difficulty=27_work_amount=134217728),1.45,344,0
69,1,0x4414c05be2cf328f38d2e3ef4b705d6b894f044a,9.091249,1772340855,9974f4e9e109f8b2d14ce398a948e18cae297527ed699f7f57db220392b494aa,249,124.50,3.28,1,4,3,0.023624,0.601943,pow,pow(difficulty=27_work_amount=134217728),1.30,345,0
69,2,0xb2a7fe70a6f3137d38f6cb4c3ec6dd1e24f2d5f4,6.420378,1772340856,b0393f40b81f72e07db2f276dcab25a3b7f4ce14f48135b5d26ff2ea9f126dc8,250,83.33,3.35,1,4,3,0.023618,0.602105,pow,pow(difficulty=27_work_amount=134217728),1.92,346,0
69,3,0x606627477c3734932f47972f83c27cf4e3b35b4f,21.403737,1772340863,1fb41f71e49b12f7744ad2175fb54924f408ad76137546cc6b76a3c311edf73e,12,12.00,3.17,1,4,4,0.023583,0.601843,pow,pow(difficulty=27_work_amount=134217728),1.67,347,0
69,4,0x6064b9f5883bf9737dfe314ff68c56e09e68ac89,6.186839,1772340864,28eff4f49d54ebc3acecc42cc5f325dd9a888765394f9d0870573ffa17fc3e9d,250,35.71,3.38,1,5,3,0.023583,0.601852,pow,pow(difficulty=27_work_amount=134217728),6.22,348,0
70,0,0x3513d672439a59c26cc5711f2b715ccb4810a774,4.284565,1772340872,3eb77232d298e5075619bff2a4acb2f28a2ced09ce457b1b07386df936cdf653,67,67.00,3.06,1,4,3,0.023670,0.602409,pow,pow(difficulty=28_work_amount=268435456),5.07,349,0
70,1,0x63f4973c0df8a5358405f396dc0673a463c48de9,14.911127,1772340876,169b7fc48d4e469df839a82efd1fc576087e10ec65c2e0d89fa39458e9e04804,250,27.78,3.09,1,4,3,0.023671,0.602421,pow,pow(difficulty=28_work_amount=268435456),8.28,350,0
70,2,0x606627477c3734932f47972f83c27cf4e3b35b4f,22.406077,1772340878,3ac996675adde4f19f3ef8fd54e5ef4593585232805465d914f1b73ef6889e87,250,83.33,3.25,1,4,3,0.023667,0.602450,pow,pow(difficulty=28_work_amount=268435456),3.82,351,0
70,3,0xd61b00c297972877b45f8d7f4d67fdaf20c67c59,5.334001,1772340879,834b8410a7bdca180ebfa247bc5f2d6f77fcc04aaece000e3c936c287dc592ae,117,58.50,3.26,1,4,3,0.023798,0.603340,pow,pow(difficulty=28_work_amount=268435456),1.32,352,0
70,4,0xaadc5fea232580cb8fba739ac5d05a48559c7e52,3.346143,1772340881,7cdcce37f57bd598e3d4a5dd4bfbf644df7d7919e9003000dd89a8ddfab004ef,107,107.00,3.16,1,4,3,0.023751,0.602841,pow,pow(difficulty=28_work_amount=268435456),0.99,353,0
71,0,0xac768e60b9269babb15cb1e36ee843243d7c7543,12.723428,1772340883,134790166a7614b54914ce269ea368a7e4cf7184d7327b34b57ed2339e4f860d,231,115.50,3.21,1,4,3,0.023683,0.601951,pow,pow(difficulty=29_work_amount=536870912),1.21,354,0
71,1,0x408bb0bf84df50b21c53c74420987f172d4036a1,1.787474,1772340904,cec77da9c320a476c65bb048cd7c90537e0ec78ea4e3973e5cf44f7f0e2801f6,168,84.00,3.17,2,4,3,0.023712,0.602500,pow,pow(difficulty=28_work_amount=268435456),1.38,355,0
71,2,0x8c11ec9090dd820c076e57e899d9c604c79d6b32,8.563089,1772340906,c806cd0fa360890538b6b16dad98b9e312c76bb76d9af741cf18e91395d87c35,250,11.36,3.41,1,4,4,0.023629,0.601266,pow,pow(difficulty=28_work_amount=268435456),21.17,356,0
71,3,0xbc3f8508d26048f2064aa8c068f4c94d08d77d18,10.069069,1772340909,757036b10f54a5d9f81d9564d402bdbc1765402abc17e98d1c7e9ebfe79f8677,129,129.00,3.06,2,4,3,0.023615,0.601355,pow,pow(difficulty=28_work_amount=268435456),10.46,357,0
71,4,0xf6e059718dbd0a0956726ab97d06bad5efc6cd18,9.016657,1772340916,74093bb5129dba8a92a65da1c949c30f049a89943cd2bc7e2eef9655f0f2d3d9,250,83.33,3.34,1,4,3,0.023615,0.601360,pow,pow(difficulty=28_work_amount=268435456),2.12,358,0
72,0,0x8c11ec9090dd820c076e57e899d9c604c79d6b32,9.564249,1772340919,8b83cd91512ba06034103251c59e96f6ea21162909d87b799897416275ca8144,250,31.25,3.00,1,4,3,0.023617,0.601596,pow,pow(difficulty=27_work_amount=134217728),6.98,359,0
72,1,0x4ba33404d90c4ae989714d9d174cd882cffb7994,6.116252,1772340920,7ed2fc72c4eefddea13012bab4ef2a44461fffbf4219c45889e13c1e47f66f8e,117,58.50,3.07,2,4,3,0.023603,0.601793,pow,pow(difficulty=27_work_amount=134217728),1.46,360,0
72,2,0xeb82a21cb3d0dd781eb22ad74bb7cd9b4d2a06ec,11.931395,1772340922,4d51e2f857256ad66db2863fbe634d2eb13873db80c79fec17e7f2d583f014fe,182,91.00,3.48,2,4,4,0.023564,0.601400,pow,pow(difficulty=27_work_amount=134217728),1.52,361,0
72,3,0xa447d277b02012c2afd9ddcbbe123f27cc971963,10.814125,1772340930,a2f68251fca551aa13c471f39ba29aabb5dfa10b197095ad7af2dd1ffb750a47,103,103.00,3.36,2,5,3,0.023583,0.601829,pow,pow(difficulty=27_work_amount=134217728),1.00,362,0
72,4,0x4414c05be2cf328f38d2e3ef4b705d6b894f044a,10.092949,1772340937,d4c81e085238d535996e97589344c5fc989fccf48aab93571dd3ddce34c74061,250,27.78,3.16,1,4,3,0.023591,0.602128,pow,pow(difficulty=27_work_amount=134217728),8.19,363,0
73,0,0xdcf2130496e27a8094ab996aea4aa77788d65869,12.508957,1772340938,96995e5af181b2a5109fc744d649387b51f50387f71668df181516bc94c3662a,250,35.71,3.10,1,4,3,0.023591,0.602286,pow,pow(difficulty=26_work_amount=67108864),7.76,364,0
73,1,0xcdc82b7c868072205a399d0f68e6e3ad3bfd1ca6,1.196611,1772340941,a3d4c90b5dc3f53d85d99beb343bd302b13266388c32f18a85a8843ea7110f5b,100,100.00,3.25,1,4,3,0.023615,0.602741,pow,pow(difficulty=26_work_amount=67108864),4.90,365,0
73,2,0x53be6e527cc5a7d850b5eae27b9cef342e0665f2,0.028506,1772340944,b3403a2f213113518fc2a80c209ca0461a17eee563afd7188a9d983c0570e337,250,62.50,3.29,1,4,3,0.023527,0.601347,pow,pow(difficulty=26_work_amount=67108864),2.15,366,0
73,3,0x4414c05be2cf328f38d2e3ef4b705d6b894f044a,11.095199,1772340945,5e3437ec6e671bc8c73b4a9118d5718bbcc4fa8a74fe10fa58a368b38dcf4945,250,83.33,3.21,1,4,3,0.023428,0.598896,pow,pow(difficulty=26_work_amount=67108864),2.83,367,0
73,4,0x9c39f7fffaa5c5cfab20dfdd05663497918580c1,1.416518,1772340948,436fd7453fab962bf2e32f09154a370c28402552345a7ceb6c648737d1b7ca2d,99,99.00,3.15,1,4,3,0.023438,0.599183,pow,pow(difficulty=26_work_amount=67108864),0.22,368,0
74,0,0xac768e60b9269babb15cb1e36ee843243d7c7543,13.724498,1772340950,d7dff994dd57de2eb9215cf25f97224e9131709cbecbd0d3484e373c3c89a6e6,215,71.67,3.37,1,4,3,0.023354,0.597811,pow,pow(difficulty=27_work_amount=134217728),1.59,369,0
74,1,0xd39dbd3662315e3935ec08e6b6028e73b3c09de2,4.915850,1772340951,fb60517d565f3232f3aad8cd19593e497de2634cf38961ecd77e42c11f50724e,162,81.00,3.15,2,4,3,0.023388,0.598412,pow,pow(difficulty=27_work_amount=134217728),1.49,370,0
74,2,0x1796dc61e715f15a2d27dfa32bd34780f12a8c24,10.727251,1772340956,6f1f3d04ce54498e4cf69e8e8d42e0b2186deb58d960853be0d3bbca629667f8,216,108.00,3.49,1,4,4,0.023338,0.597850,pow,pow(difficulty=27_work_amount=134217728),1.55,371,0
74,3,0x30509a8084fdfe6fe24d9c9a817c209ad194f8e3,15.665309,1772340957,b241e8dc4d7490b574e4db22203a00b138b61ba5cc9f832b8657275ce5100f47,250,62.50,3.18,1,4,3,0.023344,0.598049,pow,pow(difficulty=27_work_amount=134217728),3.26,372,0
74,4,0xdcf2130496e27a8094ab996aea4aa77788d65869,13.509777,1772340963,335dc3954dca3dcd0d30612121285c3d8be41d14d800d685957d01fa2dfa85cd,150,75.00,3.47,1,5,4,0.023396,0.598740,pow,pow(difficulty=27_work_amount=134217728),1.99,373,0
75,0,0xdcf2130496e27a8094ab996aea4aa77788d65869,14.512237,1772340965,12c4f11a65f348c3f2468a9b7fb2a3693ca3cb06e2f8d47c49aa32606453f0de,250,41.67,3.38,1,4,3,0.023428,0.599293,pow,pow(difficulty=28_work_amount=268435456),5.13,374,0
75,1,0xa068e3c9a21c8d8be636cd2d285895979ec3262e,3.961901,1772340966,e8e0e697121bb61a17ab2ec53c5b2e82433928c62c3ee8d8bda237940703a4a0,64,64.00,3.03,1,4,3,0.023428,0.599294,pow,pow(difficulty=28_work_amount=268435456),3.56,375,0
75,2,0xc577329e86aaecb006f17fb90499c54671119935,0.305752,1772340969,96b5c6c62da54a024aba800ddb7705877f44373c758f9a2ec4820c5026fb2d61,92,92.00,3.26,1,4,3,0.023368,0.598572,pow,pow(difficulty=28_work_amount=268435456),0.93,376,0
75,3,0x49b57eb4dace37c8819daf079c9c674f766d4f38,4.223260,1772340975,541631244a98fda905293db6b7236fa7c230b7e425731b2684f3d048a0476453,250,83.33,3.27,1,4,3,0.023275,0.596404,pow,pow(difficulty=28_work_amount=268435456),2.26,377,0
75,4,0x719361397abe003a91af76243e5f9c7a0cd4279f,13.549696,1772340977,35daa21c599054cdbb83860e44c36bd9a0feefa2763605b1d52fe0da92ad8280,250,35.71,3.15,1,5,3,0.023218,0.595710,pow,pow(difficulty=28_work_amount=268435456),6.21,378,0
76,0,0x34412315480562da4810040fd15c81f99880e1ab,6.892663,1772340981,51ec7a6b53f21192224efed83f33988f12ab68e758332fc1ffe5db1a483954cf,141,141.00,3.22,1,4,3,0.023249,0.596221,pow,pow(difficulty=29_work_amount=536870912),2.06,379,0
76,1,0xac768e60b9269babb15cb1e36ee843243d7c7543,14.725768,1772340984,9b3f4153fb0c1ab381264ce903a4973ca52d6d85e8c9f5bb4c4abefe1237ab51,250,50.00,3.01,1,4,3,0.023218,0.596007,pow,pow(difficulty=29_work_amount=536870912),3.95,380,0
76,2,0x6064b9f5883bf9737dfe314ff68c56e09e68ac89,7.186439,1772340986,ca48356abc50055d310cff71f8e15fe46b5d9d8c071fe1a4e167bf8575fdc6fb,231,115.50,3.10,1,4,3,0.023259,0.596600,pow,pow(difficulty=29_work_amount=536870912),1.89,381,0
76,3,0x4a217e35f6402e7f62a49f6d62e27c6585c2f3fd,6.489267,1772340991,281c938e9a178ce6751ceac624a0fde9830c92ceebeff9f91af2e10fe6af81ff,250,83.33,3.30,1,4,3,0.023230,0.596430,pow,pow(difficulty=29_work_amount=536870912),2.15,382,0
76,4,0x6d6b2734a20229ddd7fd4a1470ba3e3bad4e4a85,8.643484,1772341004,e346671f65d3c51ad524dee4c5cca6deb4824904b53fcfb45937c25e3bcafeca,250,50.00,3.52,1,5,4,0.023195,0.596077,pow,pow(difficulty=29_work_amount=536870912),4.63,383,0
77,0,0xdcf2130496e27a8094ab996aea4aa77788d65869,14.511717,1772341006,4089464db7f3f8032619a26a1292b92cc3b3954112507cf732bb5a8d6eaf0af1,250,20.83,3.24,1,4,3,0.023196,0.596093,pow,pow(difficulty=28_work_amount=268435456),12.61,384,0
77,1,0xe6ebb0cdfd04183d498964e5efc4096ba77b17d6,16.300083,1772341014,7057c51c45e2d49186681ef9390560c580c8a782f2172fa775d20a6295b725e1,205,68.33,3.24,1,4,3,0.023218,0.596666,pow,pow(difficulty=28_work_amount=268435456),2.72,385,0
77,2,0xeaa5003682d7289190651081ae2bee847097afc5,2.749205,1772341018,77050abc12fe49b06d0d4cf66699c03f954e9fa65a8e2ddbd257224df176ba1e,250,31.25,3.20,1,4,3,0.023272,0.597395,pow,pow(difficulty=28_work_amount=268435456),7.40,386,0
77,3,0x1796dc61e715f15a2d27dfa32bd34780f12a8c24,11.729061,1772341022,d5fd4608782138f1c08ef844c1ce1e64cf99cf5c7d7d9865fb9954e6ad690eb5,250,62.50,3.22,1,4,3,0.023203,0.596455,pow,pow(difficulty=28_work_amount=268435456),5.16,387,0
77,4,0xa3786e459f289a76c0e8af8ad834e3d0c6d47199,16.738403,1772341027,0df84c2d38606e13e651948427ff16d53cf8b30a78216e29586a48d415e16332,250,83.33,3.19,1,4,3,0.023215,0.596788,pow,pow(difficulty=28_work_amount=268435456),2.40,388,0
78,0,0xa9105f442328d397529b8e4e9e656fa89016ff45,2.459964,1772341028,ccb10a48cef506c856d93d3ddfe584367896691e88b462b33dbf5bf0e62bce68,250,50.00,3.18,1,4,3,0.023271,0.597518,pow,pow(difficulty=27_work_amount=134217728),3.70,389,0
78,1,0x687bf2437a044a3e42ff2f8a79a8e54ba9601f70,5.060069,1772341030,21769e497a1965ec0e9d85a341e8831c0851997ac72572f6798a4b644b7d737c,114,114.00,3.33,1,4,3,0.023199,0.596505,pow,pow(difficulty=27_work_amount=134217728),1.29,390,0
78,2,0xa068e3c9a21c8d8be636cd2d285895979ec3262e,4.962221,1772341032,a4c0446977dd5fac403dd6f216f1f2935d37426e7cdc47127de0e5e6be800391,233,77.67,3.28,1,4,3,0.023151,0.595943,pow,pow(difficulty=27_work_amount=134217728),1.82,391,0
78,3,0x269cdf52f97e1d9f14b7be895155a7b294f0b21d,3.714863,1772341034,282fa679a2568008ea2d97a58406f4cb4a85812e33b8e2c3112b67c36ef0b90e,205,102.50,3.31,1,4,3,0.023102,0.595325,pow,pow(difficulty=27_work_amount=134217728),1.77,392,0
78,4,0xa3786e459f289a76c0e8af8ad834e3d0c6d47199,17.740833,1772341036,4bb7db065dec7c1bbdb52301f369289ccf6e1628477c4fb90edde1e231f3b78b,134,134.00,3.19,1,4,3,0.023042,0.594528,pow,pow(difficulty=27_work_amount=134217728),1.26,393,0
79,0,0x63f4973c0df8a5358405f396dc0673a463c48de9,15.912057,1772341043,eb8dbf40cf953ee3ed626fb3a06f7c724a3181b1b93ff30383e10caf9c930199,247,123.50,3.12,1,4,3,0.023106,0.595303,pow,pow(difficulty=28_work_amount=268435456),1.12,394,0
79,1,0xeaa5003682d7289190651081ae2bee847097afc5,3.751485,1772341044,f12aae67b84996f8f8ce25ff0a5134d1be1945228b76dba2b107c9f6a1f36065,250,35.71,3.21,1,4,3,0.023153,0.595937,pow,pow(difficulty=28_work_amount=268435456),5.44,395,0
79,2,0x9bdb1c7ad4bd8fe797b07c08117c74a591dbab2d,2.438592,1772341052,07a1268a8307108919eab46a43af93581ba31f8991b2f16ff99abdae075fd67d,51,51.00,2.92,1,4,3,0.023094,0.595112,pow,pow(difficulty=28_work_amount=268435456),4.10,396,0
79,3,0xbc3f8508d26048f2064aa8c068f4c94d08d77d18,11.070149,1772341059,e65ec5a0563ae49ea78a4d2845b53c8299020277efb4d30268d424947a3a4a1b,250,27.78,3.40,1,5,3,0.023023,0.594078,pow,pow(difficulty=28_work_amount=268435456),8.12,397,0
79,4,0xac768e60b9269babb15cb1e36ee843243d7c7543,15.727268,1772341068,0dd529b032ddf88a2b3674be3e9097b54407e4d4ca0bcad9e2b00f0c948c8200,250,41.67,3.31,1,4,3,0.023028,0.594276,pow,pow(difficulty=28_work_amount=268435456),5.42,398,0
80,0,0xac768e60b9269babb15cb1e36ee843243d7c7543,16.729698,1772341071,57cf6b7d069818d876f77aa61b1ec5cb052a2d029a3d0b5665901942a05fbdee,250,27.78,3.05,1,4,3,0.023072,0.594862,pow,pow(difficulty=27_work_amount=134217728),8.72,399,0
80,1,0x26d553a2f4343b3a7dc88bbd87b3d0a25d3838d9,12.221410,1772341076,a34c82923f153f3ec985e26161791ed48a41bd6895e9c9512f76bc8df95b552b,189,63.00,3.12,1,4,3,0.023124,0.595528,pow,pow(difficulty=27_work_amount=134217728),1.74,400,0
80,2,0x58a21eeb7ab18ba8adf1296e66a4487076e95dac,18.110264,1772341079,5b64f750fc645b561c81b6eb5f91e86bdce8764fa55521c70f846a8c038c02ad,250,50.00,3.22,1,4,3,0.023137,0.595886,pow,pow(difficulty=27_work_amount=134217728),4.20,401,0
80,3,0xaadc5fea232580cb8fba739ac5d05a48559c7e52,4.346503,1772341081,115a53160d7553c3f4b21dcfa790deef457ec5f809a09fc6f1b61811d24478aa,250,62.50,3.35,1,4,3,0.023200,0.596634,pow,pow(difficulty=27_work_amount=134217728),3.37,402,0
80,4,0x4a217e35f6402e7f62a49f6d62e27c6585c2f3fd,7.490777,1772341085,96ae2090207dc3918865fe30220bbe17906823410c9df78939915cc7256f61af,200,200.00,3.25,1,4,3,0.023146,0.595900,pow,pow(difficulty=27_work_amount=134217728),1.31,403,0
81,0,0xfdc414c57908f0e2a6a926079902d4688d553610,1.166062,1772341088,39a9d4ad4078f0726d67641128074ca83fc574e9f12bfa9c138094d33af20cd7,250,62.50,3.49,1,5,4,0.023118,0.595774,pow,pow(difficulty=28_work_amount=268435456),2.93,404,0
81,1,0x6064b9f5883bf9737dfe314ff68c56e09e68ac89,8.187929,1772341092,e0bd1334d9a53079fcae1090b6ebfb5f60167f8262aefd1591010a7f5fb23446,250,83.33,3.24,1,4,3,0.023038,0.594415,pow,pow(difficulty=28_work_amount=268435456),2.44,405,0
81,2,0x4ba33404d90c4ae989714d9d174cd882cffb7994,7.116332,1772341099,3b9d15998b9e65301c0fda4ffad0eefddd1bbd09942bd9a572e0abaf4caecc21,250,50.00,3.31,1,4,3,0.023016,0.594391,pow,pow(difficulty=28_work_amount=268435456),3.86,406,0
81,3,0xf13caa2c5f6f6cf61e51290bfa7826a9140b4faf,0.031024,1772341100,43884c70a78f90fb78927fb47fcdcc74f48945c50ebe8964bb004bfa98c7c2ba,250,41.67,3.48,1,4,4,0.023017,0.594398,pow,pow(difficulty=28_work_amount=268435456),5.95,407,0
81,4,0xcb7977f4997b4252c0152e135dd79b3cfe35c1a5,0.613393,1772341101,1604e92ce71ef84b6789accdc4c24ce188baf9ccd3abdae73980ee4a779c060e,33,33.00,3.18,1,4,3,0.022897,0.591844,pow,pow(difficulty=28_work_amount=268435456),4.48,408,0
82,0,0xac768e60b9269babb15cb1e36ee843243d7c7543,17.731258,1772341109,aaed91619c82f784c2df24aa225f7e99df8aaf17e06e66c1b76929f86d8c9179,195,97.50,2.95,1,4,3,0.022814,0.590040,pow,pow(difficulty=29_work_amount=536870912),1.44,409,0
82,1,0x58a21eeb7ab18ba8adf1296e66a4487076e95dac,19.112334,1772341114,7f2225ca40ae7ae1bda155b36373efa8b5f822f051c67fdc3ba27dc9a4f43489,250,35.71,3.08,1,4,3,0.022871,0.590737,pow,pow(difficulty=29_work_amount=536870912),6.28,410,0
82,2,0xa447d277b02012c2afd9ddcbbe123f27cc971963,11.814945,1772341118,143c1e2767c5b225301a0fb8bcf1a3178287552a623e8f799ea292536e822e01,250,50.00,3.48,1,4,4,0.022939,0.591510,pow,pow(difficulty=29_work_amount=536870912),4.89,411,0
82,3,0x89100a8056319ba37491b32ba255004180607bc2,7.781727,1772341129,388e8be9367c86b4f92d589048538d8660b93934bba26f5758cda2f5611d4924,250,50.00,3.12,1,4,3,0.022947,0.591777,pow,pow(difficulty=29_work_amount=536870912),4.50,412,0
82,4,0x719361397abe003a91af76243e5f9c7a0cd4279f,14.549526,1772341139,9e37b6a06175f18b88a1783fbe6720d867a91e7111033d10d1f8e99247cfbde2,250,22.73,3.09,1,4,3,0.022922,0.591672,pow,pow(difficulty=29_work_amount=536870912),10.46,413,0
83,0,0x6064b9f5883bf9737dfe314ff68c56e09e68ac89,9.189819,1772341141,f7569685e52b4f1e0d4c7b626e7531e10ed3333c98a84d9f9bea0950dd319381,250,25.00,3.30,1,4,3,0.022952,0.592163,pow,pow(difficulty=28_work_amount=268435456),10.62,414,0
83,1,0xa447d277b02012c2afd9ddcbbe123f27cc971963,12.817125,1772341145,56ede650cb6fa946d3aa24240321f2119dce57e2d8d4bbd52fe7050e994994e4,182,182.00,3.13,1,4,3,0.022938,0.592190,pow,pow(difficulty=28_work_amount=268435456),4.79,415,0
83,2,0xbc3f8508d26048f2064aa8c068f4c94d08d77d18,12.071619,1772341162,11a85ef6fe10f5c93255873f908a1dcf6a9b645b30d46e84e6a13e90d91b0fcd,250,62.50,3.21,1,4,3,0.022953,0.592592,pow,pow(difficulty=28_work_amount=268435456),3.32,416,0
83,3,0x606627477c3734932f47972f83c27cf4e3b35b4f,23.404637,1772341164,68a92026024daebbd8012bfd0ff29538e6d6002ee5bc8af1a617a7278bdba4c6,250,14.71,3.25,1,4,3,0.022963,0.592865,pow,pow(difficulty=28_work_amount=268435456),16.78,417,0
83,4,0x30509a8084fdfe6fe24d9c9a817c209ad194f8e3,16.664519,1772341166,4f16f5fcd58f2b22cbe4f20a773175efa46afdde5911accc0cd2d4d9fe73d845,146,73.00,3.39,1,4,3,0.023061,0.593659,pow,pow(difficulty=28_work_amount=268435456),6.82,418,0
84,0,0xb2a7fe70a6f3137d38f6cb4c3ec6dd1e24f2d5f4,7.417418,1772341167,0e2d90340aac33139eaf9a58c2123fc8b90c948397a2ac30b977e7ef1b990b52,250,83.33,3.50,1,5,4,0.023106,0.594257,pow,pow(difficulty=27_work_amount=134217728),2.29,419,0
84,1,0x719361397abe003a91af76243e5f9c7a0cd4279f,15.551516,1772341170,08a5e00a584eae5b2963990d5ef6e852e5794d0991840108aae6373c6ff55be1,110,110.00,3.24,2,4,3,0.023077,0.594019,pow,pow(difficulty=27_work_amount=134217728),0.51,420,0
84,2,0x9bdb1c7ad4bd8fe797b07c08117c74a591dbab2d,3.439872,1772341171,e24713f8d372ac77dcd327367fb12a4efc747c5a9a661b7894db1333af64725a,250,83.33,3.24,1,4,3,0.023111,0.594529,pow,pow(difficulty=27_work_amount=134217728),1.88,421,0
84,3,0xdcf2130496e27a8094ab996aea4aa77788d65869,15.511977,1772341174,63b7265162f35d1361550548273b7df4182705abe12bb8819b84420d57318d38,93,46.50,3.49,1,4,4,0.023051,0.593661,pow,pow(difficulty=27_work_amount=134217728),1.06,422,0
84,4,0xac768e60b9269babb15cb1e36ee843243d7c7543,18.733158,1772341175,2cec2afb2cdf769016df71df865b314f715cf9390901ff536bdb2a617025a27c,223,111.50,3.22,1,4,3,0.023085,0.594130,pow,pow(difficulty=27_work_amount=134217728),1.34,423,0
85,0,0xe184aeec69f3313df03bef8752946c65f0a70021,0.075317,1772341180,0eb8cd399b501c7de36d038e216c801d7fd27293475af81c3e16c40c945cf8af,165,82.50,3.12,1,4,3,0.023143,0.594833,pow,pow(difficulty=28_work_amount=268435456),1.44,424,0
85,1,0xa9105f442328d397529b8e4e9e656fa89016ff45,3.459674,1772341182,de1cc51bf2b21aa1abd8e0125cef135ae979478c4544dfc92a6ee84f5b0a7f5a,250,50.00,3.32,1,4,3,0.023057,0.592597,pow,pow(difficulty=28_work_amount=268435456),4.15,425,0
85,2,0x6d6b2734a20229ddd7fd4a1470ba3e3bad4e4a85,9.644034,1772341188,671d4e2d7d7f635833a616c7ca75c7076d0afb4d81f58054bcebb6388064333c,132,132.00,3.30,1,4,3,0.022997,0.591705,pow,pow(difficulty=28_work_amount=268435456),1.55,426,0
85,3,0x13f9dadc05f6c237b03411e2aed1800cf21a5d89,1.263612,1772341191,4cc9bd745077a2d8147b412931968c51fee051dd449f50f02ed7a596265b3bab,250,41.67,3.21,1,4,3,0.022985,0.591752,pow,pow(difficulty=28_work_amount=268435456),5.22,427,0
85,4,0xe6ebb0cdfd04183d498964e5efc4096ba77b17d6,17.300823,1772341192,59ce9d9d8a80630b3a2e658efa755192e4fda3d1c3f16056785fe4dfe9ae59ee,250,83.33,3.02,1,4,3,0.022909,0.590443,pow,pow(difficulty=28_work_amount=268435456),2.46,428,0
86,0,0xa3786e459f289a76c0e8af8ad834e3d0c6d47199,18.741873,1772341199,2aa8da59fd8ff713b79fc27f863b7cf120936de281afb19c6356d6633936c421,84,84.00,3.31,1,4,3,0.022955,0.591055,pow,pow(difficulty=29_work_amount=536870912),1.00,429,0
86,1,0x49b57eb4dace37c8819daf079c9c674f766d4f38,5.223670,1772341209,2f8d336d6f890abbd96d223feefc7c17910037cac50d9c99c245f70788f0946b,250,31.25,3.13,2,4,3,0.023012,0.591724,pow,pow(difficulty=29_work_amount=536870912),7.19,430,0
86,2,0xf82400c4f426bdbd2bc687ffef1f22c1a381c851,0.048411,1772341218,04cfbaa2c5c1168c84583db71d60aec653b85b9707e2b1a1e15970d6046fa687,250,25.00,3.17,1,4,3,0.022966,0.591182,pow,pow(difficulty=29_work_amount=536870912),9.71,431,0
86,3,0xe6ebb0cdfd04183d498964e5efc4096ba77b17d6,18.301433,1772341235,0fc3d29a666bfaf3c11a592d6015fe25567287e563e3aa62e65af1219a9597c8,250,31.25,3.32,1,4,3,0.022881,0.588927,pow,pow(difficulty=29_work_amount=536870912),7.33,432,0
86,4,0xc774b0fee7cabbef3b1ae14bf36db3df0d32c1df,4.163857,1772341240,014cb894d2a5710241ce6b372bfac19a4756059bac4d8f840ff209d26030928d,250,14.71,3.23,1,4,3,0.022882,0.588947,pow,pow(difficulty=29_work_amount=536870912),17.74,433,0
87,0,0x269cdf52f97e1d9f14b7be895155a7b294f0b21d,4.714093,1772341242,6fb700a1a14442e1640cfde54ed33982b58353f00093484ccd191ad046b5435d,250,50.00,3.28,1,4,3,0.022881,0.588807,pow,pow(difficulty=28_work_amount=268435456),6.01,434,0
87,1,0x4414c05be2cf328f38d2e3ef4b705d6b894f044a,12.093099,1772341244,5f08cabe31fad4b47ea64b44cef5f8aec3959888a79fc8db1cf13b87e31fbe80,198,99.00,3.26,1,4,3,0.022881,0.588809,pow,pow(difficulty=28_work_amount=268435456),2.55,435,0
87,2,0xa3786e459f289a76c0e8af8ad834e3d0c6d47199,19.743943,1772341245,a448d4f1435d91aa89a8ec45f0292e736b3874511e098c778d77492a3631f6c5,196,98.00,3.21,1,4,3,0.022837,0.588348,pow,pow(difficulty=28_work_amount=268435456),1.46,436,0
87,3,0xeb82a21cb3d0dd781eb22ad74bb7cd9b4d2a06ec,12.929085,1772341254,0701e7578a3cc5a11e81b407c4db8a3e9890a432d4609bcb4eedeb1ed05aad1c,200,100.00,3.16,1,4,3,0.022899,0.589072,pow,pow(difficulty=28_work_amount=268435456),1.53,437,0
87,4,0xb2a7fe70a6f3137d38f6cb4c3ec6dd1e24f2d5f4,8.417618,1772341258,dd83144b2559481cfd3ffb055d5834e2cc4c6d278096c338bb8f10a86056aed3,250,31.25,3.40,1,5,3,0.022910,0.589432,pow,pow(difficulty=28_work_amount=268435456),7.26,438,0
88,0,0x63f4973c0df8a5358405f396dc0673a463c48de9,16.912437,1772341259,f529c941d276a1fc33ab620ad27744fc60d8cfbe2efe56ebfad899872149c29b,250,62.50,3.41,1,5,3,0.022888,0.589382,pow,pow(difficulty=27_work_amount=134217728),3.67,439,0
88,1,0x34412315480562da4810040fd15c81f99880e1ab,7.892543,1772341261,88ca366f9d6be05168506ba0630b98640e5f1aab02fd0594688852140721be50,174,87.00,3.14,1,4,3,0.022928,0.589931,pow,pow(difficulty=27_work_amount=134217728),1.70,440,0
88,2,0xbc3f8508d26048f2064aa8c068f4c94d08d77d18,13.072979,1772341266,ff09d18d9fa27891eebaeecc5598e4daab608a5e32a9d389d7f3716b8b095849,214,107.00,3.06,1,4,3,0.022901,0.589772,pow,pow(difficulty=27_work_amount=134217728),1.57,441,0
88,3,0x6d6b2734a20229ddd7fd4a1470ba3e3bad4e4a85,10.645764,1772341273,6b3ea823047d9d88a26b60dc94e3c0b0fbbaa8c19dcd97b6ef6a803553544fda,250,62.50,3.28,1,4,3,0.022902,0.589776,pow,pow(difficulty=27_work_amount=134217728),3.38,442,0
88,4,0x7e40df5d801345015e84c843908efc6683665fa4,2.645789,1772341274,832da6a741eca5595d67881b5474cecc6d2ca46e932c86ff54ce96dcabe39b7d,250,31.25,3.20,1,4,3,0.022906,0.590246,pow,pow(difficulty=27_work_amount=134217728),7.37,443,0
89,0,0xa9105f442328d397529b8e4e9e656fa89016ff45,4.459974,1772341279,237f9b83c6e2b854e4b535fbb4e9d800b84a89cf6e806bad0394ef50cc04e7d6,68,68.00,3.35,2,4,3,0.022842,0.589298,pow,pow(difficulty=26_work_amount=67108864),1.49,444,0
89,1,0xaadc5fea232580cb8fba739ac5d05a48559c7e52,5.346683,1772341280,b11b38c7acfbabec59ce53c27bab247686c912f8bdaaf8f1497a620d98248c8b,250,62.50,3.43,1,4,4,0.022792,0.588556,pow,pow(difficulty=26_work_amount=67108864),3.21,445,0
89,2,0x016d3fc36beee7caa8fbd6c1caa42461dd7f9850,5.871309,1772341282,a58c8a5a3e84958b5a04aad027729625fd338af6f55a23f3f47b3039d389a1a3,52,52.00,3.37,2,4,3,0.022747,0.588002,pow,pow(difficulty=26_work_amount=67108864),2.96,446,0
89,3,0xa447d277b02012c2afd9ddcbbe123f27cc971963,13.818145,1772341284,7993b3dda3d5777f3dee24e049090dbdad9065fe11c407dac5b65e358e62eee0,250,83.33,3.21,1,4,3,0.022707,0.587571,pow,pow(difficulty=26_work_amount=67108864),2.13,447,0
89,4,0xeb82a21cb3d0dd781eb22ad74bb7cd9b4d2a06ec,13.931275,1772341286,1b7914189e0db6b414ac93421e6bfbce91ba9d458d21bb4edfc7782a8220e447,30,30.00,3.20,2,4,3,0.022723,0.587976,pow,pow(difficulty=26_work_amount=67108864),1.97,448,0
90,0,0xc774b0fee7cabbef3b1ae14bf36db3df0d32c1df,5.165877,1772341291,e66100e933f5aecb7eabe278d7326071d6fdb3a9f2bd4e84fff987a528bd1310,221,110.50,3.50,1,5,4,0.022739,0.588357,pow,pow(difficulty=27_work_amount=134217728),1.55,449,0
90,1,0xeb82a21cb3d0dd781eb22ad74bb7cd9b4d2a06ec,14.933425,1772341294,48ee84c947687d92c8b3a1f4b025c8553fef99db9d6f4936636a32ee467fc559,250,50.00,3.25,1,4,3,0.022740,0.588362,pow,pow(difficulty=27_work_amount=134217728),4.32,450,0
90,2,0xdcf2130496e27a8094ab996aea4aa77788d65869,16.513107,1772341296,f6a7795f9b57eb66c2c64dd8242ad3cf5e473b5745ffba1e4628fe1a4d2ea459,250,83.33,3.36,1,5,3,0.022717,0.588132,pow,pow(difficulty=27_work_amount=134217728),2.40,451,0
90,3,0x4a217e35f6402e7f62a49f6d62e27c6585c2f3fd,8.491077,1772341301,a252373375a40123604b19d2500bebe7339966e2a9ca15e30a1110d7b866734c,206,103.00,3.31,1,4,3,0.022718,0.588135,pow,pow(difficulty=27_work_amount=134217728),1.56,452,0
90,4,0xc774b0fee7cabbef3b1ae14bf36db3df0d32c1df,6.168287,1772341302,2aa01ddce90c03d594e3032477736eb1c91afb3b07f8801e651c496d9f7749b5,250,50.00,3.50,2,4,4,0.022729,0.588532,pow,pow(difficulty=27_work_amount=134217728),4.19,453,0
91,0,0xd39dbd3662315e3935ec08e6b6028e73b3c09de2,5.914540,1772341304,42766280f15019425d7f0502f4e4c43924b2b874594a5d0b47d881909568b3d2,52,52.00,3.31,1,4,3,0.022691,0.588131,pow,pow(difficulty=28_work_amount=268435456),3.83,454,0
91,1,0xa068e3c9a21c8d8be636cd2d285895979ec3262e,5.961761,1772341307,c9b2b5ce1dccfb8c17ac55e1ba7fe4507620501f3962e54e221dc4375e72f399,250,83.33,3.38,2,4,3,0.022651,0.587642,pow,pow(difficulty=28_work_amount=268435456),2.27,455,0
91,2,0x81193196c1dbdbf80709d43a5af5ce21c201fbd7,7.835769,1772341310,5986b48aa1ca4501fafbee4a0f5b1ee879becf5ce3c3e4c3ba5d8d3ccc526ea8,250,125.00,3.48,1,4,4,0.022612,0.587130,pow,pow(difficulty=28_work_amount=268435456),1.88,456,0
91,3,0xf6e059718dbd0a0956726ab97d06bad5efc6cd18,10.015287,1772341314,a1323e2dd90f12ef59dc4923f82711a09e8f6e558db9e13e2a32b318a0600519,190,63.33,3.25,1,4,3,0.022585,0.586924,pow,pow(difficulty=28_work_amount=268435456),1.61,457,0
91,4,0x4a217e35f6402e7f62a49f6d62e27c6585c2f3fd,9.493427,1772341319,8bd9e7e45a0975664f854b4bc04dbd577994126418758c7277733728a3f3f911,250,62.50,3.00,1,4,3,0.022585,0.586928,pow,pow(difficulty=28_work_amount=268435456),3.22,458,0
92,0,0xa447d277b02012c2afd9ddcbbe123f27cc971963,14.818015,1772341320,38649ab7d3faf0cadcef4520a7a7ff122ca46f1ffa88f7617920de0f54d07dc4,250,50.00,3.52,1,5,4,0.022558,0.586966,pow,pow(difficulty=29_work_amount=536870912),4.58,459,0
92,1,0x4a217e35f6402e7f62a49f6d62e27c6585c2f3fd,10.495827,1772341322,7a49baf1bd42cedf87e3a4d7ed966e4a95aeb647c9ba19ef8cabb1a01d902478,65,65.00,2.97,1,4,3,0.022579,0.587342,pow,pow(difficulty=29_work_amount=536870912),3.06,460,0
92,2,0x58a21eeb7ab18ba8adf1296e66a4487076e95dac,20.112724,1772341324,ee95d46f361e1b0fa62c75003645722a74218fbdc1e0742b56b45c34640e8a8c,170,85.00,3.52,1,5,4,0.022571,0.587401,pow,pow(difficulty=29_work_amount=536870912),1.45,461,0
92,3,0x81193196c1dbdbf80709d43a5af5ce21c201fbd7,8.837539,1772341331,789f08ac67b80f06038f03ebb99ecba91a4754aae20dfccf951c0085f5996102,250,83.33,3.31,1,4,3,0.022626,0.588082,pow,pow(difficulty=29_work_amount=536870912),2.18,462,0
92,4,0x89100a8056319ba37491b32ba255004180607bc2,8.782287,1772341332,dc3012684271f08dd8b0ecdeffdcc94ee4047f40e5a21259c48df429a5997b46,250,41.67,3.29,1,4,3,0.022606,0.587995,pow,pow(difficulty=29_work_amount=536870912),5.85,463,0
93,0,0xa3786e459f289a76c0e8af8ad834e3d0c6d47199,20.744973,1772341347,cf6dfd406f682e71c9de9bd52b5e581da68a8163b4db4b6dd3a9507c84c7c05d,94,94.00,3.09,1,4,3,0.022586,0.587864,pow,pow(difficulty=30_work_amount=1073741824),0.65,464,0
93,1,0x4414c05be2cf328f38d2e3ef4b705d6b894f044a,13.094019,1772341359,2431dc9d9cb896c6294c53fd403bf3f161d52bc1281270e703be21f4e930988d,250,15.62,3.14,1,4,3,0.022645,0.588563,pow,pow(difficulty=30_work_amount=1073741824),14.24,465,0
93,2,0x4a217e35f6402e7f62a49f6d62e27c6585c2f3fd,11.497177,1772341375,df3cd250493f163571a84cf891be0b217a2fcb87e81e09a0d2cc4287d6eac140,250,20.83,3.21,1,4,3,0.022646,0.588576,pow,pow(difficulty=30_work_amount=1073741824),12.98,466,0
93,3,0xaadc5fea232580cb8fba739ac5d05a48559c7e52,6.346353,1772341391,37b36af482619c550229e2724e4e0eb48fc7ae3ae86654ba56b5abea4d0d7eca,250,16.67,3.53,1,5,4,0.022651,0.589017,pow,pow(difficulty=30_work_amount=1073741824),17.03,467,0
93,4,0x5cd626f4b83428b146919d30f4b3e481d259a9dc,0.057583,1772341412,df7c8f80d86c3c37ed7444ad83a732765e9d7c2cede0dd12d174584ac4e9b8ce,250,14.71,3.38,1,4,3,0.022615,0.588594,pow,pow(difficulty=29_work_amount=536870912),17.74,468,0
94,0,0xd39dbd3662315e3935ec08e6b6028e73b3c09de2,6.915770,1772341417,4fd39772df2d673ed6f410151da7cdfd4d1bce2166a800e13bec439034244acc,250,11.90,3.14,1,4,3,0.022537,0.586480,pow,pow(difficulty=28_work_amount=268435456),24.67,469,0
94,1,0x07902d0371763a00d97ed9ba16ff0a206cb0fd19,11.528039,1772341423,ecf2317f68cf404be6234abfd6c8af470239ac619d578c4e191a7dacfa93eac3,250,50.00,3.32,1,4,3,0.022505,0.586146,pow,pow(difficulty=28_work_amount=268435456),7.44,470,0
94,2,0xd67aaaf210c0c36ddcb7055222d168b5c9dd1b36,1.171131,1772341427,a9dc40fc7bb4ebf6aff78a368fb5cdddf60a39067171d17298841ac8bde714b4,250,50.00,3.23,1,4,3,0.022502,0.586265,pow,pow(difficulty=28_work_amount=268435456),4.82,471,0
94,3,0x30509a8084fdfe6fe24d9c9a817c209ad194f8e3,17.664219,1772341429,3751169496b8740682f551db96742298be4bc9e309ff8586b6492b474decd053,250,50.00,3.28,1,4,3,0.022432,0.585006,pow,pow(difficulty=28_work_amount=268435456),4.00,472,0
94,4,0xc4dc29db975b952e04358340e56b68fa4ba63fbc,2.527241,1772341433,181f8fe234bdfcdce726c29137f830cdc95862d4544c2ec263c8e0b280e47c28,199,99.50,3.53,1,5,4,0.022469,0.585548,pow,pow(difficulty=28_work_amount=268435456),2.27,473,0
95,0,0x1cb1274c711a6c2e4e1596846e6ac604eeefb358,0.388651,1772341435,a449c7186edcf39d75d2f57b1850cbddc17d05cbcba87f93226f6a18f2b4eaf0,250,83.33,3.28,1,4,3,0.022408,0.584614,pow,pow(difficulty=27_work_amount=134217728),2.21,474,0
95,1,0x89100a8056319ba37491b32ba255004180607bc2,9.782257,1772341436,9ec58f9bfec1bfa01e9e582fb29dbbe04b160700e7b867070445674e1534d2d6,132,66.00,3.23,1,4,3,0.022333,0.582748,pow,pow(difficulty=27_work_amount=134217728),1.48,475,0
95,2,0xd46407aa7b668c72de3cf1c1a12b7fa2e308a1b2,6.983409,1772341437,8e2f9ff42076313da0b85640ea813998f67f43eac53f8a4b36d201aa8f97ab58,91,91.00,3.04,1,4,3,0.022319,0.582718,pow,pow(difficulty=27_work_amount=134217728),1.00,476,0
95,3,0x6064b9f5883bf9737dfe314ff68c56e09e68ac89,10.188499,1772341440,2b8306f2dc4e6d9bc9df2c875953a8d5be1c80958928eb925760dfb3b3d7204b,137,137.00,2.77,1,4,3,0.022287,0.582370,pow,pow(difficulty=27_work_amount=134217728),0.72,477,0
95,4,0xeb82a21cb3d0dd781eb22ad74bb7cd9b4d2a06ec,15.934405,1772341451,be0d557b60ea5974f5ba3eb796391e566292e856c4d7251a11ab7cd516897479,250,83.33,3.23,1,4,3,0.022276,0.582357,pow,pow(difficulty=27_work_amount=134217728),1.86,478,0
96,0,0xaadc5fea232580cb8fba739ac5d05a48559c7e52,7.348103,1772341452,91784bd07dcc82a2f193515ccbe8bb5c959534c50d4262e8d9330b0259a0ac8d,250,22.73,3.41,1,5,3,0.022301,0.582787,pow,pow(difficulty=26_work_amount=67108864),9.38,479,0
96,1,0x4414c05be2cf328f38d2e3ef4b705d6b894f044a,14.095489,1772341453,cf45906be55896c713bfcecd8cd344da87b872b60c58477c41ac40beb1bcaf63,71,71.00,3.34,1,4,3,0.022271,0.582470,pow,pow(difficulty=26_work_amount=67108864),8.89,480,0
96,2,0x6064b9f5883bf9737dfe314ff68c56e09e68ac89,11.190899,1772341457,7046160d52583f2219bb9b426d124fced9af0e827be24521fec1d9b75c99ecbd,216,108.00,3.21,1,4,3,0.022284,0.582806,pow,pow(difficulty=26_work_amount=67108864),1.55,481,0
96,3,0x89100a8056319ba37491b32ba255004180607bc2,10.782877,1772341459,d6b8e10fce7eb9d7c1ad206d194b77cc718a7fba4d73794559ca3309c5a61c24,250,83.33,3.21,1,4,3,0.022279,0.582875,pow,pow(difficulty=26_work_amount=67108864),2.31,482,0
96,4,0x7e40df5d801345015e84c843908efc6683665fa4,3.644549,1772341460,b83a794b866dcf0b2aa4d09f831b8eed0eac1f5a099523bcf03ac811288e6b4d,160,80.00,3.07,2,4,3,0.022270,0.582886,pow,pow(difficulty=26_work_amount=67108864),1.79,483,0
97,0,0x58a21eeb7ab18ba8adf1296e66a4487076e95dac,21.113674,1772341463,50c50f7dd2f6044b6403576025130af8e37e745e41c72efd22756f7925e991ac,102,102.00,3.07,1,4,3,0.022218,0.582074,pow,pow(difficulty=27_work_amount=134217728),0.85,484,0
97,1,0xc774b0fee7cabbef3b1ae14bf36db3df0d32c1df,7.166817,1772341465,243deb4d6f0f09c0c80a0d04532349d24e0c43f328b8d6a97e6431bde195200f,250,62.50,3.43,1,5,4,0.022274,0.582738,pow,pow(difficulty=27_work_amount=134217728),3.14,485,0
97,2,0x016d3fc36beee7caa8fbd6c1caa42461dd7f9850,6.871969,1772341469,b0dea0000345a15dd20535f91ceab396db76f19992a358b947aa23ea5444e010,243,121.50,3.31,1,4,3,0.022274,0.582739,pow,pow(difficulty=27_work_amount=134217728),1.92,486,0
97,3,0xa447d277b02012c2afd9ddcbbe123f27cc971963,15.817395,1772341470,c3a4c3b1fcca998b7695e6cd3ebfb246e370c79857ab500aca9f25056735b06f,250,83.33,3.26,1,5,3,0.022210,0.581928,pow,pow(difficulty=27_work_amount=134217728),2.08,487,0
97,4,0x8c11ec9090dd820c076e57e899d9c604c79d6b32,10.559629,1772341472,6913f81cfcdd6531c6bb7d1d7921dcaa4eacaf61ff5b27a53e8606d696f81feb,48,48.00,3.21,1,4,3,0.022232,0.582302,pow,pow(difficulty=27_work_amount=134217728),1.96,488,0
98,0,0xeb82a21cb3d0dd781eb22ad74bb7cd9b4d2a06ec,16.936615,1772341475,a3972f97323aa91d46784932d6f9359f4664919ddc21198f7021f2ba98f8f252,250,125.00,2.99,1,4,3,0.022222,0.582268,pow,pow(difficulty=28_work_amount=268435456),1.24,489,0
98,1,0x30509a8084fdfe6fe24d9c9a817c209ad194f8e3,18.665769,1772341491,00a98afd73f588ddca9538385562959c1374831819534e9d17d560f47e2887fa,250,83.33,3.34,1,5,3,0.022251,0.582719,pow,pow(difficulty=28_work_amount=268435456),1.78,490,0
98,2,0xc24b36dee27726233c3bbd9e1f028f98b6b2a424,8.406019,1772341493,1efabcf3f7b1d7641e74f2fec7cfbbed5ba4b17a2b25fd7b68cf00fe6a6155b9,250,14.71,3.48,1,5,4,0.022290,0.583284,pow,pow(difficulty=28_work_amount=268435456),15.17,491,0
98,3,0x4ba33404d90c4ae989714d9d174cd882cffb7994,8.114572,1772341499,399daccc06a38afce5fa619624e390e78b8ead8b210e9abb733ca30f808a6216,39,39.00,3.51,2,5,3,0.022267,0.583107,pow,pow(difficulty=28_work_amount=268435456),13.95,492,0
98,4,0x6d6b2734a20229ddd7fd4a1470ba3e3bad4e4a85,11.645924,1772341502,05c0c9ca88588da38dbf6ab837da3f15283768382d718f1fb6bc4f68bfdeeaec,250,35.71,3.48,1,4,4,0.022267,0.583114,pow,pow(difficulty=28_work_amount=268435456),6.21,493,0
99,0,0xa447d277b02012c2afd9ddcbbe123f27cc971963,16.817525,1772341505,5dd82d1c6168e20aca92f6e7736b6a72a2e37dca9d537d8b9698ca3c14e25041,154,77.00,3.16,1,4,3,0.022238,0.582949,pow,pow(difficulty=27_work_amount=134217728),3.27,494,0
99,1,0xd46407aa7b668c72de3cf1c1a12b7fa2e308a1b2,7.984209,1772341505,d551edc53e331c62bba0cdfb436be7caf9b732ae0775a90b9e5f8334e545b2df,250,83.33,3.22,1,4,3,0.022264,0.583356,pow,pow(difficulty=27_work_amount=134217728),2.16,495,0
99,2,0xa447d277b02012c2afd9ddcbbe123f27cc971963,17.819975,1772341512,92e557c78523458f6e6ba366ed9be8764b5bffa1bb1d061fbb825fe06deaa497,53,53.00,3.00,2,4,3,0.022238,0.583078,pow,pow(difficulty=27_work_amount=134217728),0.92,496,0
99,3,0xdcf2130496e27a8094ab996aea4aa77788d65869,17.512737,1772341514,3bc9a542cc29e8d10ab72fe7c3588067434275da9ebc4950683d0e890aa118b0,250,35.71,3.24,1,4,3,0.022271,0.583571,pow,pow(difficulty=27_work_amount=134217728),5.32,497,0
99,4,0x07902d0371763a00d97ed9ba16ff0a206cb0fd19,12.529469,1772341519,a4685cf8a83ebfeed05ad30d1fd50f3bf5dbcd4dd627822c6d24af20d5a37042,234,117.00,3.23,1,4,3,0.022301,0.584005,pow,pow(difficulty=27_work_amount=134217728),2.17,498,0
