epoch,slot,miner,proposer_stake,timestamp,block_hash,tx_count,throughput,avg_path_length,min_path_length,max_path_length,median_path_length,stake_concentration,gini_coefficient,consensus_type,consensus_state,avg_tx_delay_s,block_production_success,block_production_failed
0,1,0xcdfb7a191f0bf929991735127c8d1b4e5b99de22,0.049358,1772274690,8ba3a7f7a28bc75d17a3d4107915fde1ac40c45e9197ed3c39daf9a8f3049744,1,0.00,1.00,1,1,1,0.545718,0.151191,pow,pow(difficulty=20_work_amount=1048576),0.00,0,0
0,2,0xf6e059718dbd0a0956726ab97d06bad5efc6cd18,1.016777,1772274696,8ba3a7f7a28bc75d17a3d4107915fde1ac40c45e9197ed3c39daf9a8f3049744,1,0.00,1.00,1,1,1,0.024406,0.600039,pow,pow(difficulty=20_work_amount=1048576),0.00,0,0
0,3,0xa3786e459f289a76c0e8af8ad834e3d0c6d47199,4.727373,1772274702,cf5a8e7ce40f5c0474ce9892d2f542fe5f4e04991dfc7f277e784a207cc1d6e1,194,38.80,3.72,1,5,4,0.024223,0.599057,pow,pow(difficulty=20_work_amount=1048576),2.54,2,0
0,4,0x89100a8056319ba37491b32ba255004180607bc2,2.787417,1772274704,0e7ae15ca39736c14635e23521b8c0c05b18e2343867fe1c2523ebc153db8fd1,250,41.67,4.30,1,6,4,0.024758,0.602921,pow,pow(difficulty=20_work_amount=1048576),4.15,3,0
1,0,0xe6ebb0cdfd04183d498964e5efc4096ba77b17d6,4.294423,1772274706,59fe10d995b87c2fe6f2478ffa093e6314f1ccc74840b91a542cea8f4aa9914e,48,24.00,3.88,1,5,4,0.024900,0.605109,pow,pow(difficulty=19_work_amount=524288),2.58,4,0
1,1,0xe6ebb0cdfd04183d498964e5efc4096ba77b17d6,5.295503,1772274708,be8e187b8ec2cd2e42b5fbc1e69a31b9c295e24f8fbacf908deef9e19ed1cdb2,109,54.50,4.23,1,6,4,0.025311,0.608589,pow,pow(difficulty=19_work_amount=524288),2.20,5,0
1,2,0xbc3f8508d26048f2064aa8c068f4c94d08d77d18,3.068289,1772274710,453ae2aaf498ad1e78933b60cb62d3b4b2c51effef8f1e53fa12063e1badfa89,107,53.50,4.07,1,6,4,0.025883,0.612148,pow,pow(difficulty=19_work_amount=524288),1.39,6,0
1,3,0x30509a8084fdfe6fe24d9c9a817c209ad194f8e3,2.656669,1772274713,1ccfc0a96eb1563e55ada0183423db4de25b060dffd7b59d2a4e5a434ae981dd,109,36.33,4.26,1,6,4,0.026033,0.614375,pow,pow(difficulty=19_work_amount=524288),2.35,7,0
1,4,0xeb82a21cb3d0dd781eb22ad74bb7cd9b4d2a06ec,2.924485,1772274714,e1a88740588aff1a116b10742c7f3cef7ead3681c70c39420af0086aee92bb57,145,72.50,3.51,1,5,4,0.026101,0.615940,pow,pow(difficulty=19_work_amount=524288),1.85,8,0
2,0,0x719361397abe003a91af76243e5f9c7a0cd4279f,3.543806,1772274716,3a8f2e22b2522c5f1c5edd22db9947d35c9331b9ad7354fab0a8fd9d0dce2caa,47,47.00,3.70,2,6,4,0.026207,0.617609,pow,pow(difficulty=20_work_amount=1048576),1.00,9,0
2,1,0xa447d277b02012c2afd9ddcbbe123f27cc971963,1.809175,1772274718,f5b88bb6571acae6460ea08ef018c3b60af0c714c433ace935bd6a2a17239311,123,61.50,3.72,1,5,4,0.026410,0.620062,pow,pow(difficulty=20_work_amount=1048576),1.90,10,0
2,2,0xf6e059718dbd0a0956726ab97d06bad5efc6cd18,2.018547,1772274720,3404cd6c7fb3cb289b0a806becc007d2be637b0a8ea167993f31a4fa8ff8848a,112,56.00,3.46,2,5,3,0.026314,0.620533,pow,pow(difficulty=20_work_amount=1048576),1.81,11,0
2,3,0x63f4973c0df8a5358405f396dc0673a463c48de9,3.901087,1772274722,d3c49ba2fb7b043933b9b77d2f4cbc4e53374345f9cb6e66fe21b2d6263923a7,114,57.00,3.77,1,5,4,0.026251,0.621124,pow,pow(difficulty=20_work_amount=1048576),1.67,12,0
2,4,0x6d6b2734a20229ddd7fd4a1470ba3e3bad4e4a85,1.643374,1772274725,587da8d42f7f0ef49e754a96471db63bb68ae2f1aac70c67f9297e759b311cb6,121,40.33,3.60,2,5,4,0.026487,0.623780,pow,pow(difficulty=20_work_amount=1048576),2.14,13,0
3,0,0x63f4973c0df8a5358405f396dc0673a463c48de9,4.902287,1772274726,2aa49c64591c0b1ce0f85a7e813ff3bf297f32a69ccf7c1ce5390cb695061d56,134,67.00,3.74,1,5,4,0.026356,0.623663,pow,pow(difficulty=21_work_amount=2097152),2.28,14,0
3,1,0x30509a8084fdfe6fe24d9c9a817c209ad194f8e3,3.658049,1772274728,a915e0d9b4686d2593af62e4331773f2cc304ef18ae43fb963f2fd6c1915c99e,51,51.00,3.65,3,5,4,0.026728,0.626563,pow,pow(difficulty=21_work_amount=2097152),1.02,15,0
3,2,0x7e40df5d801345015e84c843908efc6683665fa4,0.659749,1772274730,c23c730385bdd67c72969ffa18cad7e71dbcff7c4bd58f0494a6f79f76a8186d,96,48.00,3.35,2,5,4,0.026894,0.628681,pow,pow(difficulty=21_work_amount=2097152),1.52,16,0
3,3,0x49b57eb4dace37c8819daf079c9c674f766d4f38,1.231920,1772274732,e37ff0246ee82a9f7ae4964af75df639c806e890170e1a648b6a6d7d73519443,107,53.50,3.51,1,5,4,0.026605,0.626441,pow,pow(difficulty=21_work_amount=2097152),1.46,17,0
3,4,0x63f4973c0df8a5358405f396dc0673a463c48de9,5.902757,1772274734,d004ee8df10ad3e548e55db6ef3fcbf02eb0637c90c0ce1c08f2545fa1522e1b,109,54.50,3.93,2,6,4,0.026406,0.625427,pow,pow(difficulty=21_work_amount=2097152),1.40,18,0
4,0,0xd46407aa7b668c72de3cf1c1a12b7fa2e308a1b2,1.991349,1772274737,0d2498ef87122dc721a19fb80f296fc6bc3aa2ccf9f37d984f14c30284da6de0,120,40.00,3.52,1,5,4,0.026881,0.628459,pow,pow(difficulty=22_work_amount=4194304),2.11,19,0
4,1,0x408bb0bf84df50b21c53c74420987f172d4036a1,0.799394,1772274738,938f706343b0eb71070aa94dc727677809a2311f42928a0c53fe23cbc30c7130,117,58.50,3.81,1,5,4,0.026783,0.628595,pow,pow(difficulty=22_work_amount=4194304),1.79,20,0
4,2,0x719361397abe003a91af76243e5f9c7a0cd4279f,4.544956,1772274740,e38ef4038ae7ce1f5890d57ea467615c042652376ac4a79b297c42fcd9b7b646,39,39.00,3.62,2,5,4,0.026519,0.626563,pow,pow(difficulty=22_work_amount=4194304),1.92,21,0
4,3,0xa3786e459f289a76c0e8af8ad834e3d0c6d47199,5.729683,1772274742,6a6a592b2261a8fc8665c766199bfcbf95f0c8e5233cadd13b751fc326ffbb06,102,51.00,3.71,1,5,4,0.026772,0.629063,pow,pow(difficulty=22_work_amount=4194304),1.49,22,0
4,4,0xeb82a21cb3d0dd781eb22ad74bb7cd9b4d2a06ec,3.924815,1772274744,731d212d3cfa953dd4d3573556c1c1df1080bd04f30816b8ed25bb76b17aa6e8,109,36.33,4.19,1,6,4,0.027173,0.631772,pow,pow(difficulty=22_work_amount=4194304),2.36,23,0
5,0,0x719361397abe003a91af76243e5f9c7a0cd4279f,5.545906,1772274747,57885918bb42fafd45100ecc146cf593327374a3a4e0c90a3f56ca5c4a283bbb,122,61.00,3.99,1,6,4,0.027319,0.633778,pow,pow(difficulty=23_work_amount=8388608),2.09,24,0
5,1,0xeb82a21cb3d0dd781eb22ad74bb7cd9b4d2a06ec,4.926005,1772274749,3179ba7654c7424e39ea813a5e44f8ff8611e11e083bac71148e75165a0fc67d,114,57.00,3.82,1,5,4,0.027667,0.636214,pow,pow(difficulty=23_work_amount=8388608),1.68,25,0
5,2,0x07902d0371763a00d97ed9ba16ff0a206cb0fd19,2.531819,1772274751,7884604494d51681cb15989284be39e116b18b7f95cfecdbb652374bf1c223ce,82,41.00,3.90,1,6,4,0.027922,0.638415,pow,pow(difficulty=23_work_amount=8388608),1.51,26,0
5,3,0xbc3f8508d26048f2064aa8c068f4c94d08d77d18,4.069179,1772274753,c655d26f196fec0c3c7dc9fe137452e636734fa5001900aa800e9baa77783a96,121,60.50,2.66,1,4,3,0.027862,0.639010,pow,pow(difficulty=23_work_amount=8388608),1.38,27,0
5,4,0xdcf2130496e27a8094ab996aea4aa77788d65869,4.505487,1772274755,181604c26678fcb545912cbf7f981f6a9b4039384d1327d75dc0a32c8ccf6c77,114,38.00,4.19,1,6,4,0.027992,0.640828,pow,pow(difficulty=23_work_amount=8388608),2.45,28,0
6,0,0xdcf2130496e27a8094ab996aea4aa77788d65869,5.506657,1772274758,6a34d1df71510eded471516ab28f0bcc30bcd924dbbdadebffdbfe4f37cb2f0a,118,59.00,3.87,1,6,4,0.028168,0.642670,pow,pow(difficulty=24_work_amount=16777216),2.08,29,0
6,1,0x26d553a2f4343b3a7dc88bbd87b3d0a25d3838d9,3.219110,1772274760,ef4ecf940a6f559f5acef93b402e8b6a0315e7d5b553ae34562946c24a7154ae,112,56.00,4.06,1,6,4,0.028456,0.644717,pow,pow(difficulty=24_work_amount=16777216),1.58,30,0
6,2,0x34412315480562da4810040fd15c81f99880e1ab,1.897853,1772274762,05ce34c951a39e0ee595127588ebea2b906b54357c4222c394f5fdd2c7fe4f50,100,50.00,3.79,2,5,4,0.028461,0.645780,pow,pow(difficulty=24_work_amount=16777216),1.50,31,0
6,3,0x30509a8084fdfe6fe24d9c9a817c209ad194f8e3,4.658869,1772274765,2a6f973987a2dcf96720fe0394d2caf8bd86ba8e69f93f6f05feea88444c6664,116,38.67,3.98,1,6,4,0.028307,0.645450,pow,pow(difficulty=24_work_amount=16777216),2.32,32,0
6,4,0x8c11ec9090dd820c076e57e899d9c604c79d6b32,1.566209,1772274766,8b0cc642550d5e6c5465c3c1db5fb0b3cbebcb4f22a62ab7b4d6f6cff3c40dfd,116,58.00,3.44,2,5,4,0.028473,0.647095,pow,pow(difficulty=24_work_amount=16777216),1.78,33,0
7,0,0xe478b1e4d1538274c0c70cbd7df877f9abab2f62,2.299936,1772274768,3f04498b23f5d8bd2d980c9a88e64e21d841126dc4fd147c8a4c400afcbaf23f,55,55.00,4.27,2,6,4,0.028280,0.646236,pow,pow(difficulty=25_work_amount=33554432),1.00,34,0
7,1,0xa068e3c9a21c8d8be636cd2d285895979ec3262e,0.968641,1772274771,234c12268b2266215dea8ea492687fa9d43cc4543fc8523ca470860b1f733c74,98,32.67,4.11,1,5,4,0.028172,0.646234,pow,pow(difficulty=25_work_amount=33554432),3.14,35,0
7,2,0xdcf2130496e27a8094ab996aea4aa77788d65869,6.507717,1772274772,1986a45dd52fb58773556a707fb345be72a8062a4974f533b76d8f0ef6dbf4ca,132,66.00,4.39,1,6,4,0.027917,0.644426,pow,pow(difficulty=25_work_amount=33554432),1.89,36,0
7,3,0xe478b1e4d1538274c0c70cbd7df877f9abab2f62,3.300886,1772274775,d3bc4b31c053aa199acb27380a6678d95348db2c1b921db627b58e48668d87b9,107,53.50,3.73,2,6,4,0.028267,0.646878,pow,pow(difficulty=25_work_amount=33554432),1.66,37,0
7,4,0x95ab54d268473cce82094026afefdbd5cadf418b,0.599138,1772274777,31bbe24d8e551b3abe7a12345bc11eea6b30f5cbbe41330a8071b953a1f0273b,123,61.50,4.03,1,5,4,0.028261,0.647796,pow,pow(difficulty=25_work_amount=33554432),1.77,38,0
8,0,0x8d9e46becf415ca26aa698c9657087e6554aabda,0.388626,1772274779,7cee48a2d88b101dacae0c7ee217a54040750a873975010f0249e493f17143da,107,53.50,4.56,1,6,5,0.027968,0.645205,pow,pow(difficulty=26_work_amount=67108864),1.50,39,0
8,1,0xac768e60b9269babb15cb1e36ee843243d7c7543,3.717928,1772274783,a057d11160adbae16fba9b241b3c2d9517dad9cc16a4e00156487874ee1b70f1,91,45.50,3.67,1,5,4,0.027659,0.641996,pow,pow(difficulty=26_work_amount=67108864),2.34,40,0
8,2,0x606627477c3734932f47972f83c27cf4e3b35b4f,3.377267,1772274784,d39f669c0623a6ea1b3e5ad5b22508ec3c4c4cee70c74b9bb833d96ecc19b7b5,239,47.80,3.82,1,6,4,0.027697,0.643132,pow,pow(difficulty=26_work_amount=67108864),3.25,41,0
8,3,0x4a217e35f6402e7f62a49f6d62e27c6585c2f3fd,1.492487,1772274787,87c261cf31f46fd83b7a34a76c61b79b949d020a74cd1863463c6005e275157b,17,0.00,2.88,1,4,3,0.027696,0.643890,pow,pow(difficulty=26_work_amount=67108864),5.76,42,0
8,4,0x28672c71695142588ed26ada6f4b18b8b6c12308,0.691868,1772274789,866bbd5265f13b1b24b23fad63003c8a68a7b91e53e849896b77aa301a7edc0a,175,43.75,3.67,1,8,4,0.027504,0.642775,pow,pow(difficulty=26_work_amount=67108864),3.41,43,0
9,0,0x5cd626f4b83428b146919d30f4b3e481d259a9dc,0.075453,1772274791,33694e87e53a9911b7edf05a096c316522a3e9813380b69b9d97094bb40bd1ba,87,87.00,3.52,2,5,4,0.027238,0.640236,pow,pow(difficulty=27_work_amount=134217728),5.32,44,0
9,1,0xe6ebb0cdfd04183d498964e5efc4096ba77b17d6,6.296113,1772274796,1e8179c8d859242247c8a7ae5a71c8ffe293530b70edcdf82caecc440be64937,149,49.67,3.85,1,6,4,0.026916,0.635672,pow,pow(difficulty=27_work_amount=134217728),2.25,45,0
9,2,0x89100a8056319ba37491b32ba255004180607bc2,3.787467,1772274797,7424f06eedd83691f97023ac51c197b915efcc9765730d2db51055a42a7eb3e8,204,51.00,4.04,1,6,4,0.027194,0.637812,pow,pow(difficulty=27_work_amount=134217728),2.72,46,0
9,3,0xc577329e86aaecb006f17fb90499c54671119935,0.320612,1772274799,51d9031e758747a1b904c6ec0cb85fdcc1d1c36c8341dce906e38e5d33860885,62,62.00,3.82,1,5,4,0.027225,0.638756,pow,pow(difficulty=27_work_amount=134217728),1.39,47,0
9,4,0x26d553a2f4343b3a7dc88bbd87b3d0a25d3838d9,4.219840,1772274800,73fa0be43803a1a794774c511dd907213ac7bf2681e0febd9edee286f63b1eca,91,45.50,4.00,1,6,4,0.026932,0.635244,pow,pow(difficulty=27_work_amount=134217728),1.63,48,0
10,0,0x81193196c1dbdbf80709d43a5af5ce21c201fbd7,0.838429,1772274803,5a354207fa8c533bf4770a1dd4723fdcfeb059dbf89f2351dc87e5fe6887d618,71,35.50,3.66,1,5,4,0.027000,0.636410,pow,pow(difficulty=28_work_amount=268435456),1.83,49,0
10,1,0xa3786e459f289a76c0e8af8ad834e3d0c6d47199,6.730383,1772274805,aae728185278d306fa60b90c303283a96d264bb7af232734dde578c7ae81f780,127,63.50,3.92,1,6,4,0.026760,0.634078,pow,pow(difficulty=28_work_amount=268435456),1.89,50,0
10,2,0x07902d0371763a00d97ed9ba16ff0a206cb0fd19,3.532749,1772274821,f3f36394e66959a84eecb56ff7250f43c6a7ea758c97ed374b859a0fdad52882,128,42.67,4.20,1,6,4,0.027048,0.636256,pow,pow(difficulty=28_work_amount=268435456),2.38,51,0
10,3,0x2abf89d7c96c80fcff9dec1fe92803573094ee35,0.228775,1772274825,4e22e819b6bd7b1c1840c7952849d155145b75ff8fc03ef7a793a44020481ccf,250,16.67,2.76,1,4,3,0.027046,0.636886,pow,pow(difficulty=28_work_amount=268435456),13.51,52,0
10,4,0x07902d0371763a00d97ed9ba16ff0a206cb0fd19,4.535139,1772274828,cdb2641de4264857809e347e0d27feb79025306736699d1d496f4168f9851bd4,167,41.75,3.66,1,5,4,0.026754,0.633031,pow,pow(difficulty=28_work_amount=268435456),2.29,53,0
11,0,0xa3786e459f289a76c0e8af8ad834e3d0c6d47199,7.731543,1772274829,a5d1fe0852eff290ba240b3c6dae10f69d63fb39eba240b97860df427768b2fb,137,45.67,2.81,1,4,3,0.026837,0.634241,pow,pow(difficulty=27_work_amount=134217728),1.95,54,0
11,1,0x07902d0371763a00d97ed9ba16ff0a206cb0fd19,5.536499,1772274835,5ccf22345f4cd3d469c963b8f76cc6bdd2b2f8563892695462bb513232d1c1d2,58,58.00,4.17,1,6,4,0.027184,0.636555,pow,pow(difficulty=27_work_amount=134217728),2.24,55,0
11,2,0xd67aaaf210c0c36ddcb7055222d168b5c9dd1b36,0.188661,1772274836,c5918b2c53c836ff1a9ce6ede52b030d47d81b08fdd98e8cf56c601d75fd7818,250,41.67,2.76,2,4,3,0.027338,0.638140,pow,pow(difficulty=27_work_amount=134217728),4.23,56,0
11,3,0x9ba702916c26a8583a7f277d6932b3c0d9927ce0,0.197787,1772274838,a4bb0efc8a9cabd4e9b4ece4fc91e6386670a72accd344f872746ad915eea448,6,6.00,3.17,3,4,3,0.027045,0.634107,pow,pow(difficulty=27_work_amount=134217728),2.67,57,0
11,4,0x1796dc61e715f15a2d27dfa32bd34780f12a8c24,1.723701,1772274839,2b25e3ee6b0aeefe74532030479ebafaa6d76191165fc992370ca0dfff4139bb,92,46.00,3.68,1,5,4,0.026758,0.630029,pow,pow(difficulty=27_work_amount=134217728),1.51,58,0
12,0,0x6d6b2734a20229ddd7fd4a1470ba3e3bad4e4a85,2.644084,1772274844,ab514f7d4977e618609ce2bd45fd1a38e2f64a769ddc901e6caa7c81bd829cef,55,55.00,3.27,1,5,3,0.026599,0.629274,pow,pow(difficulty=28_work_amount=268435456),1.45,59,0
12,1,0xaadc5fea232580cb8fba739ac5d05a48559c7e52,1.355523,1772274851,7037ab71f065d15dc0671bb566740c11546bd97493e2a8607b657ac91454ceb2,227,45.40,3.70,1,5,4,0.026515,0.629508,pow,pow(difficulty=28_work_amount=268435456),3.10,60,0
12,2,0xe6ebb0cdfd04183d498964e5efc4096ba77b17d6,7.297903,1772274855,1e5f5b05b1fefc6b736bbc24e4a90b9c515858b9573760ed40bcc874a5f9e75a,250,31.25,4.29,1,6,4,0.026330,0.628153,pow,pow(difficulty=28_work_amount=268435456),6.98,61,0
12,3,0xc774b0fee7cabbef3b1ae14bf36db3df0d32c1df,1.173647,1772274859,3b4471c468910e0bccc90c14b5961cd1f220c8b8b106a97ed0ca3836eba129ba,152,38.00,4.01,2,6,4,0.026606,0.630260,pow,pow(difficulty=28_work_amount=268435456),2.79,62,0
12,4,0x4414c05be2cf328f38d2e3ef4b705d6b894f044a,2.088829,1772274860,1e838aaed5133e702c23c9d9f33b85528d9a735b3368927e9b5054e30411d9ed,151,37.75,4.16,1,6,4,0.026406,0.628502,pow,pow(difficulty=28_work_amount=268435456),3.40,63,0
13,0,0x687bf2437a044a3e42ff2f8a79a8e54ba9601f70,1.065949,1772274864,8d454e50c0a94d5905e995dbdb7ab08d97c3af6d89870977df34c228c924e1fb,50,0.00,3.84,2,5,4,0.026278,0.628050,pow,pow(difficulty=27_work_amount=134217728),0.88,64,0
13,1,0x719361397abe003a91af76243e5f9c7a0cd4279f,6.546376,1772274870,2990356f2f5d5203c074360b5d955327799b32caa5b2c9f5fd32afe4ac30fa6c,186,46.50,3.86,1,6,4,0.026075,0.626013,pow,pow(difficulty=27_work_amount=134217728),2.38,65,0
13,2,0xf13caa2c5f6f6cf61e51290bfa7826a9140b4faf,0.046214,1772274870,89b26654498000bf478a4c9ce65456b8ff140efad75b8c7034d239dbb0008c42,250,41.67,3.78,1,5,4,0.026279,0.627834,pow,pow(difficulty=27_work_amount=134217728),4.57,66,0
13,3,0x89100a8056319ba37491b32ba255004180607bc2,4.787727,1772274876,25b2d30dbdb893200281baaec4ba0b7069e9db47f4b1a877b169da1d3a2792e3,12,0.00,3.58,2,4,4,0.026003,0.623236,pow,pow(difficulty=27_work_amount=134217728),8.67,67,0
13,4,0x213068cb42718d1dd6d00a6d94d62a3def0e68eb,0.369819,1772274877,5b74f33b8c61a7f02a3ec8a90d4a198f05b2f55959aa3bbf37cafcec97b16ee6,248,41.33,3.87,1,5,4,0.026073,0.624414,pow,pow(difficulty=27_work_amount=134217728),3.86,68,0
14,0,0xd46407aa7b668c72de3cf1c1a12b7fa2e308a1b2,2.991949,1772274879,7556828a99581830c57da602b2b205a3363df71a83d119c301163b48178ebeb3,56,56.00,3.98,1,7,4,0.025825,0.620937,pow,pow(difficulty=28_work_amount=268435456),3.86,69,0
14,1,0xc24b36dee27726233c3bbd9e1f028f98b6b2a424,2.412599,1772274883,2a515c95d7133bec6f5d18c8fc919f4f2f29fc27ae4b7d2d995e28652ac525fd,76,38.00,3.95,3,6,4,0.025765,0.621258,pow,pow(difficulty=28_work_amount=268435456),1.26,70,0
14,2,0x34412315480562da4810040fd15c81f99880e1ab,2.898453,1772274884,90739bf0424262f38186e2001a1eca8848955555ecaf8e4099ff73883373cbcd,193,48.25,4.10,2,6,4,0.025664,0.621113,pow,pow(difficulty=28_work_amount=268435456),2.54,71,0
14,3,0xa3786e459f289a76c0e8af8ad834e3d0c6d47199,8.731863,1772274886,756f69ad36dc400888426f24ee2c296e48447809e3420242b250553fb7a6c4cd,77,38.50,3.65,1,6,4,0.025598,0.621218,pow,pow(difficulty=28_work_amount=268435456),2.21,72,0
14,4,0xdc2bc9a639e2bc25c5f57e628a7cd55f6a3d023b,0.100406,1772274889,14c0836497462190089ac2f74ca5055962c295cc0780dcd910e979a916338c6f,74,37.00,4.35,2,6,4,0.025925,0.623367,pow,pow(difficulty=28_work_amount=268435456),2.89,73,0
15,0,0xa5a12d96532497871d73549e55ab377e3dcb3a40,0.110752,1772274890,7afb4241da71b51af1793e4b0f16edeb3d37d48bf1e6b9f9922440efbf9176f6,130,65.00,4.69,1,6,5,0.025667,0.619055,pow,pow(difficulty=29_work_amount=536870912),1.95,74,0
15,1,0xeb82a21cb3d0dd781eb22ad74bb7cd9b4d2a06ec,5.926125,1772274897,285f99943240735c6dd3a605b99ddbbbfa106b06772d8caa7417887877097ab2,51,51.00,4.14,1,5,4,0.025413,0.614724,pow,pow(difficulty=29_work_amount=536870912),1.00,75,0
15,2,0xdcf2130496e27a8094ab996aea4aa77788d65869,7.508227,1772274901,7a706bc48694339f7c4a0ac6979b3d32c5937bbdf84df076bcf7ddd74db409f1,250,35.71,3.99,1,6,4,0.025544,0.616245,pow,pow(difficulty=29_work_amount=536870912),5.12,76,0
15,3,0x95ab54d268473cce82094026afefdbd5cadf418b,1.599578,1772274917,224156cc5d7492a351801ada562a7877c81a64443032a2431c3add0e4ae78f9a,167,41.75,3.93,1,6,4,0.025772,0.618171,pow,pow(difficulty=29_work_amount=536870912),2.22,77,0
15,4,0x49b57eb4dace37c8819daf079c9c674f766d4f38,2.232020,1772274925,d378f7bb9f23c5178ae39f91c97cf10c53ec63070101e182862adcd4dbb87736,250,14.71,4.51,1,7,5,0.025774,0.618201,pow,pow(difficulty=29_work_amount=536870912),15.19,78,0
16,0,0x8c11ec9090dd820c076e57e899d9c604c79d6b32,2.565779,1772274930,26c6f4d3061779eabbc3c080e56a4cd1cb3bd19271319bb03fe5819e47523b43,250,35.71,3.91,1,6,4,0.025503,0.616583,pow,pow(difficulty=28_work_amount=268435456),4.30,79,0
16,1,0x81d019380961f92c2031b0a7fba69f7675145088,0.493573,1772274935,e151dbbe2b6a9e4390de9dce2aaf6abf88c90af2b2f70b384c64e01a16e9d4cd,189,37.80,4.20,1,6,4,0.025410,0.616339,pow,pow(difficulty=28_work_amount=268435456),3.53,80,0
16,2,0x606627477c3734932f47972f83c27cf4e3b35b4f,4.376637,1772274936,a95a7536f6f1c22f863cbba9fcfa032579c4e7aee4d2e10844b84832cf5742f7,250,50.00,3.66,1,5,4,0.025190,0.613191,pow,pow(difficulty=28_work_amount=268435456),3.34,81,0
16,3,0x6d6b2734a20229ddd7fd4a1470ba3e3bad4e4a85,3.645834,1772274938,0d80afe7cd155c877cd0bf948f65dbed7aa5526a33e7c3aae245b053d2502561,55,27.50,3.58,2,5,4,0.025210,0.614075,pow,pow(difficulty=28_work_amount=268435456),1.93,82,0
16,4,0xb2a7fe70a6f3137d38f6cb4c3ec6dd1e24f2d5f4,1.421668,1772274940,8f4b4efbd357dd61b4258c9b23edb001c92219a927f96d3b376b82aeb79a6f98,76,76.00,3.80,1,5,4,0.025185,0.614529,pow,pow(difficulty=28_work_amount=268435456),1.61,83,0
17,0,0x58a21eeb7ab18ba8adf1296e66a4487076e95dac,4.092024,1772274941,86bdf1ccf4a7e7e8fac25edf28ca6d5722c93ec3f8c0f1f5ef5f69be76596285,102,51.00,4.38,3,6,4,0.025025,0.613083,pow,pow(difficulty=29_work_amount=536870912),1.55,84,0
17,1,0x311eb133eb413ac3f21249889bb101e5d40820ce,0.133969,1772274950,f6895127d6be85ea962489f6218c82cbd5b2a1ca23547eaaad36a205cea45c21,102,51.00,3.65,1,6,4,0.025025,0.613682,pow,pow(difficulty=29_work_amount=536870912),3.02,85,0
17,2,0x58a21eeb7ab18ba8adf1296e66a4487076e95dac,5.092984,1772274971,3a248e366e536d66640b3c7bf75ff9c7bc2de97577915a96d4eb04a01a93d715,250,27.78,3.52,1,5,4,0.024793,0.609555,pow,pow(difficulty=28_work_amount=268435456),8.68,86,0
17,3,0x687bf2437a044a3e42ff2f8a79a8e54ba9601f70,2.067349,1772274974,e4c9bdab4b10f7b215ecd7bdd6708c82b315fc82e960bc59b8faf84f396e3686,250,12.50,3.95,1,6,4,0.024852,0.610706,pow,pow(difficulty=28_work_amount=268435456),18.27,87,0
17,4,0x6d6b2734a20229ddd7fd4a1470ba3e3bad4e4a85,4.646394,1772274994,b5edbf40537db61d7b9172212a4156402455e0182f187cff79142fe7e3c2606e,88,29.33,3.81,1,5,4,0.024734,0.609937,pow,pow(difficulty=28_work_amount=268435456),3.98,88,0
18,0,0xbc3f8508d26048f2064aa8c068f4c94d08d77d18,5.069209,1772274995,c0a5c4157437615d6f8efa22f67a0e50ce7db75792cfc170634b0acd7cafcbaf,250,12.50,3.67,1,5,4,0.024764,0.610740,pow,pow(difficulty=27_work_amount=134217728),18.02,89,0
18,1,0x4a217e35f6402e7f62a49f6d62e27c6585c2f3fd,2.493367,1772275002,a22d82054148b69672312268c79d6fd0395d687e34eb55b14a1cc3d2a728179a,7,7.00,2.29,1,3,2,0.024815,0.611657,pow,pow(difficulty=27_work_amount=134217728),36.00,90,0
18,2,0x30509a8084fdfe6fe24d9c9a817c209ad194f8e3,5.658759,1772275003,08c05613abf6226f4eb2bd7b37d771df2059ba35efd979f2a8cb875a1025719f,250,35.71,3.62,1,5,4,0.024721,0.611234,pow,pow(difficulty=27_work_amount=134217728),5.46,91,0
18,3,0xeb82a21cb3d0dd781eb22ad74bb7cd9b4d2a06ec,6.928055,1772275006,88c4046e9d6c9ea6a3c99d4a4fbcffb297bc1a4d58fd32d8eb22e7e012b446bc,6,6.00,2.83,2,3,3,0.024801,0.612399,pow,pow(difficulty=27_work_amount=134217728),24.83,92,0
18,4,0x8c11ec9090dd820c076e57e899d9c604c79d6b32,3.567219,1772275009,4b462a5433b01fa842cba98a95553623d08ff6c4557dd6edceab61b26f2d503a,150,50.00,3.98,1,6,4,0.024946,0.613995,pow,pow(difficulty=27_work_amount=134217728),3.65,93,0
19,0,0x6064b9f5883bf9737dfe314ff68c56e09e68ac89,2.190909,1772275011,ae3737b5b3ba174ba1eb6e20018b014183a9e60929abff4801e652a6be397318,150,37.50,4.17,1,6,4,0.024907,0.614240,pow,pow(difficulty=26_work_amount=67108864),3.86,94,0
19,1,0x282f43759e22b50aa7989261c51c367f325c3f91,0.351867,1772275013,2041b2d78666e97745e6f9630222eab3bf75cd0f9d384fc6a7b1be6de2aad8d4,119,59.50,3.81,1,6,4,0.024794,0.613443,pow,pow(difficulty=26_work_amount=67108864),2.29,95,0
19,2,0xc774b0fee7cabbef3b1ae14bf36db3df0d32c1df,2.174317,1772275017,c8d53634fd70aca03331887d0424aa6872cdd13868463eeb6d8e2549cee87276,117,58.50,3.76,1,6,4,0.024585,0.610038,pow,pow(difficulty=26_work_amount=67108864),4.65,96,0
19,3,0x26d553a2f4343b3a7dc88bbd87b3d0a25d3838d9,5.219500,1772275019,a43a58c900dba65412c0e2dcddf88ec68ac58ddc374dcd170985f22747997dc5,202,50.50,3.76,1,6,4,0.024474,0.609155,pow,pow(difficulty=26_work_amount=67108864),3.55,97,0
19,4,0xe6ebb0cdfd04183d498964e5efc4096ba77b17d6,8.298673,1772275020,c32150910d2148f5c2c4ad058183a2e4a74d8cab30f9e7260c4f2b8f0893c33e,80,80.00,3.89,2,5,4,0.024475,0.609158,pow,pow(difficulty=26_work_amount=67108864),1.25,98,0
20,0,0x28672c71695142588ed26ada6f4b18b8b6c12308,1.691428,1772275029,d691cc61eace3a929eb5941b1f6675706a5007debd48e1cc72020f34e24f0069,56,56.00,3.84,1,6,4,0.024724,0.611791,pow,pow(difficulty=27_work_amount=134217728),3.36,99,0
20,1,0x89100a8056319ba37491b32ba255004180607bc2,5.789387,1772275030,9bee7b5c14b2dfe58f94c86e17c4529693934b8b2e238efd25ed72909a1f58c5,250,27.78,3.49,1,5,4,0.024587,0.610499,pow,pow(difficulty=27_work_amount=134217728),7.54,100,0
20,2,0x63f4973c0df8a5358405f396dc0673a463c48de9,6.902747,1772275037,f31f578f5b779e4714401bba561dac10e7abdb0ccd1ac21ccb70d6607eb6aad5,5,5.00,2.00,1,3,2,0.024656,0.611535,pow,pow(difficulty=27_work_amount=134217728),45.40,101,0
20,3,0x5cd626f4b83428b146919d30f4b3e481d259a9dc,1.075613,1772275039,c7f7082344634fba1a3bb3694ea3cfa7347ad20e53fc52016c0cbd334b537482,250,35.71,3.47,1,5,4,0.024779,0.612971,pow,pow(difficulty=27_work_amount=134217728),4.89,102,0
20,4,0x58a21eeb7ab18ba8adf1296e66a4487076e95dac,6.095134,1772275040,1199e899c33cf0643fa773ee30e34e4e02f2c441a509e8b41e115263ebc5c72a,53,26.50,3.75,1,6,4,0.024612,0.611049,pow,pow(difficulty=27_work_amount=134217728),2.25,103,0
21,0,0x13f9dadc05f6c237b03411e2aed1800cf21a5d89,0.276482,1772275057,15a90fad48a010fb22cc34b09d758484f1bf1bc45abdafdb660e899c0db2c68d,59,59.00,3.86,1,5,4,0.024690,0.612148,pow,pow(difficulty=28_work_amount=268435456),3.27,104,0
21,1,0xeb82a21cb3d0dd781eb22ad74bb7cd9b4d2a06ec,7.929465,1772275062,c1c30d765e66d1c0a45f2f6f69e426b76bd54b75cae6c289964d6dd7154dab80,250,14.71,3.00,1,5,3,0.024487,0.608625,pow,pow(difficulty=28_work_amount=268435456),15.39,105,0
21,2,0x63f4973c0df8a5358405f396dc0673a463c48de9,7.905097,1772275068,0be2ddc3c4f5c322cc0c0e305b91688023705299fe7c90c30883a397b4b0d1f3,229,45.80,4.00,1,6,4,0.024650,0.610246,pow,pow(difficulty=28_work_amount=268435456),3.24,106,0
21,3,0x07902d0371763a00d97ed9ba16ff0a206cb0fd19,6.537809,1772275072,bf83ac8c723aa3935c34793d9914e4410a6011d343aacf3df9e15a663076ca0a,250,41.67,3.53,1,5,4,0.024809,0.611754,pow,pow(difficulty=28_work_amount=268435456),4.30,107,0
21,4,0xa3786e459f289a76c0e8af8ad834e3d0c6d47199,9.731753,1772275080,43b286ad89da9807f5e4aadcd48d6dd0d01d81c62eab043807e4290562a53048,149,37.25,2.78,1,4,3,0.024899,0.612920,pow,pow(difficulty=28_work_amount=268435456),2.43,108,0
22,0,0x07902d0371763a00d97ed9ba16ff0a206cb0fd19,7.539269,1772275081,8cfd97beb024efb35c16deb2ddb93ea7ba1411ebd7417327ba0c8a001709d71b,250,27.78,4.18,1,6,4,0.025134,0.614748,pow,pow(difficulty=27_work_amount=134217728),9.33,109,0
22,1,0xa068e3c9a21c8d8be636cd2d285895979ec3262e,1.968151,1772275084,0699ff6c8fc9daa59288158a03c57752dab73cce3fb006b8c7092e34b5dba19f,58,0.00,2.64,1,4,3,0.025263,0.616074,pow,pow(difficulty=27_work_amount=134217728),1.03,110,0
22,2,0x89100a8056319ba37491b32ba255004180607bc2,6.789197,1772275088,dc55645543bbe6d80ddae18762b021572cb3b695c3589c1205a8d52b985334e1,162,54.00,4.30,1,6,5,0.025135,0.614911,pow,pow(difficulty=27_work_amount=134217728),6.67,111,0
22,3,0x26d553a2f4343b3a7dc88bbd87b3d0a25d3838d9,6.219930,1772275091,997904c220ef3f121cb51c0bd84ec7172af22bd84b68aa489253c00f6da686cd,188,37.60,3.77,1,5,4,0.025225,0.616027,pow,pow(difficulty=27_work_amount=134217728),5.72,112,0
22,4,0xac768e60b9269babb15cb1e36ee843243d7c7543,4.718618,1772275093,ca48b6434775924ba9024f56deb786e579adadd7dc4083e61fd70d9f7996e69b,164,82.00,3.80,1,5,4,0.025287,0.616919,pow,pow(difficulty=27_work_amount=134217728),2.34,113,0
23,0,0x81193196c1dbdbf80709d43a5af5ce21c201fbd7,1.838199,1772275096,a3e78d981e9261f2fb4b008733abf627610acf1e39fbc8a2b15033f96124b7ee,103,51.50,3.78,1,5,4,0.025281,0.617400,pow,pow(difficulty=28_work_amount=268435456),4.85,114,0
23,1,0x4414c05be2cf328f38d2e3ef4b705d6b894f044a,3.087999,1772275098,0d5c2ad52910e95385b86cccf13617de82967801d124dc3885fbe66c3db63cb0,159,53.00,3.98,1,6,4,0.025147,0.616074,pow,pow(difficulty=28_work_amount=268435456),3.40,115,0
23,2,0x6d6b2734a20229ddd7fd4a1470ba3e3bad4e4a85,5.648294,1772275100,022e816c0a8e0d59400c4c179980334bb15e11d4e5c923011ac3494561f05072,120,60.00,3.79,2,5,4,0.025069,0.615979,pow,pow(difficulty=28_work_amount=268435456),4.44,116,0
23,3,0x8c11ec9090dd820c076e57e899d9c604c79d6b32,4.568259,1772275101,6fff0c6031f92164d907b66f93c2cf4509e18f29f21a990c043541b5751b9993,111,55.50,3.61,1,5,4,0.025101,0.616650,pow,pow(difficulty=28_work_amount=268435456),2.20,117,0
23,4,0x016d3fc36beee7caa8fbd6c1caa42461dd7f9850,0.877839,1772275108,1715188d01431ed03bbfc205f72fd8dcfa285eb87d47033c9901c77ab6f6ac21,55,55.00,3.76,1,5,4,0.025086,0.617008,pow,pow(difficulty=28_work_amount=268435456),7.31,118,0
24,0,0x26d553a2f4343b3a7dc88bbd87b3d0a25d3838d9,7.221410,1772275127,c32e981f9ddf8607bed7af64513c338fa669df3a1af5d71a0cd98d9e2d22bff7,250,35.71,3.10,1,4,3,0.024914,0.614763,pow,pow(difficulty=29_work_amount=536870912),5.66,119,0
24,1,0xcdc82b7c868072205a399d0f68e6e3ad3bfd1ca6,0.206041,1772275137,1aad8bdd8ff263f2e9a778e49765d20f8a7d28a5754b579e7fa91ba467e3da7b,250,13.16,3.75,1,5,4,0.025011,0.615876,pow,pow(difficulty=29_work_amount=536870912),16.05,120,0
24,2,0x016d3fc36beee7caa8fbd6c1caa42461dd7f9850,1.880179,1772275138,71de135c95e1a1f2c4dc63643b40e08d809d9adab2549b5a12198d48f5aafb57,250,25.00,3.58,1,5,4,0.024813,0.612305,pow,pow(difficulty=29_work_amount=536870912),12.05,121,0
24,3,0x58a21eeb7ab18ba8adf1296e66a4487076e95dac,7.095264,1772275141,4c44df36ae9673db0fb5f5ae5ed2ac6011aca70d5e1d712aba02c070b9b3f8c3,49,24.50,3.18,2,4,3,0.024687,0.610985,pow,pow(difficulty=29_work_amount=536870912),4.31,122,0
24,4,0x408bb0bf84df50b21c53c74420987f172d4036a1,1.797694,1772275142,c66890a02da7b93c675a480beeee13deb2959899f35873e7efda72a8cfd463be,99,49.50,3.97,1,5,4,0.024774,0.611963,pow,pow(difficulty=29_work_amount=536870912),3.64,123,0
25,0,0x13f9dadc05f6c237b03411e2aed1800cf21a5d89,1.278542,1772275145,54d0dc9bf819dd8f86a16caf432493c9660e74edf00478ac82df8a67ea88880e,59,59.00,3.37,2,4,4,0.024644,0.610512,pow,pow(difficulty=28_work_amount=268435456),6.90,124,0
25,1,0xc774b0fee7cabbef3b1ae14bf36db3df0d32c1df,3.175807,1772275146,3447b64bf0d3caee027d6e7aa60a54cb06a7ab9aed70e7761136b1ade8d8468b,141,47.00,3.01,1,5,3,0.024496,0.608748,pow,pow(difficulty=28_work_amount=268435456),2.00,125,0
25,2,0xdcf2130496e27a8094ab996aea4aa77788d65869,8.508557,1772275147,5754ccc008040ced66b24426d56da1d81d09f21319355dea99276c5dc707ce7f,61,61.00,3.69,1,5,4,0.024424,0.608661,pow,pow(difficulty=28_work_amount=268435456),6.57,126,0
25,3,0xe478b1e4d1538274c0c70cbd7df877f9abab2f62,4.300306,1772275150,70911e4fc77a7adcd1fc5160bf5478b47cd339257073344a10744fa01890e0a8,61,30.50,3.70,1,5,4,0.024561,0.610120,pow,pow(difficulty=28_work_amount=268435456),5.70,127,0
25,4,0x07902d0371763a00d97ed9ba16ff0a206cb0fd19,8.539589,1772275157,91931dbd5827c42cec6cf79c0cc523163c87364a99c558b0ab9e3db4be4b807e,143,71.50,3.90,1,5,4,0.024532,0.610388,pow,pow(difficulty=28_work_amount=268435456),4.94,128,0
26,0,0x2abf89d7c96c80fcff9dec1fe92803573094ee35,1.228905,1772275158,922769c3733edd2da8de6ad47c1060d9cbd6e5f106295b9c22a901d3876aa4c2,250,35.71,2.74,1,4,3,0.024666,0.611759,pow,pow(difficulty=29_work_amount=536870912),4.92,129,0
26,1,0x34412315480562da4810040fd15c81f99880e1ab,3.897943,1772275160,b68b4a9ec82e7adbe2c88590cedb73398eda009ef97f45fa8c70867adf018e29,11,11.00,2.45,1,5,2,0.024517,0.609909,pow,pow(difficulty=29_work_amount=536870912),52.00,130,0
26,2,0x58a21eeb7ab18ba8adf1296e66a4487076e95dac,8.096134,1772275167,81ef56da468ebeb18c173496b761793f35351cb89bc09b147a111ed73913c08f,94,47.00,3.98,2,6,4,0.024470,0.610037,pow,pow(difficulty=29_work_amount=536870912),2.30,131,0
26,3,0x26d553a2f4343b3a7dc88bbd87b3d0a25d3838d9,8.223590,1772275170,cb550b704d26b8a920c037e4cad53706b121990516468b5742ff6362b5463843,250,35.71,3.86,1,6,4,0.024471,0.610045,pow,pow(difficulty=29_work_amount=536870912),5.21,132,0
26,4,0x50f7fa851f9314d682e36da5caa4635039b5305d,0.103836,1772275173,7c3687fe8111ce25a3d0f8ab89881e1c4b648903134a58f7063cfc812aba34cb,104,34.67,3.54,1,5,4,0.024587,0.611227,pow,pow(difficulty=29_work_amount=536870912),3.61,133,0
27,0,0x4ba33404d90c4ae989714d9d174cd882cffb7994,1.116722,1772275177,d962e0b78f1d16173f8177b84b0608b7918bf60240abb1227b11a87a7e5fca5d,185,61.67,3.35,1,5,3,0.024398,0.607536,pow,pow(difficulty=28_work_amount=268435456),5.37,134,0
27,1,0x07902d0371763a00d97ed9ba16ff0a206cb0fd19,9.541929,1772275178,6a5b5b3e734b508364dcf6f903290b5e1f66dbeafe7c502beec3bcc0d330df67,178,44.50,4.34,1,6,4,0.024398,0.607541,pow,pow(difficulty=28_work_amount=268435456),3.95,135,0
27,2,0x89100a8056319ba37491b32ba255004180607bc2,7.790597,1772275181,f8949a8ba3ec53c794762d474724c6bdd557c5ba66aa45881f674134de18d2d3,68,68.00,2.93,1,4,3,0.024398,0.607542,pow,pow(difficulty=28_work_amount=268435456),1.65,136,0
27,3,0x81d019380961f92c2031b0a7fba69f7675145088,1.494863,1772275189,60853f7a0e76ded8eaa39d703c0c6ebde27a726febd8f613fb0845d664f0d5d2,190,47.50,3.75,1,5,4,0.024653,0.610109,pow,pow(difficulty=28_work_amount=268435456),3.22,137,0
27,4,0xa447d277b02012c2afd9ddcbbe123f27cc971963,2.808105,1772275203,1bb1042f0083c2c9ffba654cb05dd9a97ad3b1f72aa24feccdfe8d734b44c97e,250,35.71,3.76,1,5,4,0.024516,0.608409,pow,pow(difficulty=28_work_amount=268435456),6.30,138,0
28,0,0x49b57eb4dace37c8819daf079c9c674f766d4f38,3.233330,1772275204,9ce72e0cc2a5dcabd0a91756809fbf87b10e3ad7b444e66becc943ee38eb3a71,250,17.86,3.49,1,5,4,0.024428,0.608024,pow,pow(difficulty=27_work_amount=134217728),14.12,139,0
28,1,0xdcf2130496e27a8094ab996aea4aa77788d65869,9.508847,1772275207,b6763b0ae1be08883ab49eeaa8fe9ca64d42c0ffc9b4e76336f7dcc2466f5efe,13,13.00,2.92,2,4,3,0.024356,0.607818,pow,pow(difficulty=27_work_amount=134217728),35.62,140,0
28,2,0xa068e3c9a21c8d8be636cd2d285895979ec3262e,2.969241,1772275210,f602cadcc6ddeec82aaf3ee7f08fa873d9a68ba71bb79f013c83fe5458c46ed5,155,51.67,3.99,1,6,4,0.024505,0.609261,pow,pow(difficulty=27_work_amount=134217728),2.72,141,0
28,3,0x6064b9f5883bf9737dfe314ff68c56e09e68ac89,3.191269,1772275213,3b30c2998065ea7dec7294477e69693cde2b8dc55f93b415dfe53a796bb4176b,150,50.00,4.33,1,6,5,0.024422,0.608834,pow,pow(difficulty=27_work_amount=134217728),3.54,142,0
28,4,0x49b57eb4dace37c8819daf079c9c674f766d4f38,4.233380,1772275214,0bc23acc7e629076ee2b32d401b42d50d1f4954ab31181cc21cceee2aaf5e9c6,162,40.50,3.83,1,6,4,0.024347,0.608458,pow,pow(difficulty=27_work_amount=134217728),3.85,143,0
29,0,0x4ba33404d90c4ae989714d9d174cd882cffb7994,1.116442,1772275224,5ddd9b697f64b80a09bd32717d0c51dc466165de3bca0d465fc5f34bea21e521,34,0.00,3.79,1,5,4,0.024309,0.608579,pow,pow(difficulty=28_work_amount=268435456),0.91,144,0
29,1,0xdcf2130496e27a8094ab996aea4aa77788d65869,10.510317,1772275226,32905c853f4b9352fb4c0da12240c9b445ebe7fa7ddbb0bcb7b77860b652383c,250,25.00,4.51,2,6,4,0.024309,0.608588,pow,pow(difficulty=28_work_amount=268435456),7.74,145,0
29,2,0x4414c05be2cf328f38d2e3ef4b705d6b894f044a,4.088609,1772275237,307a96eeefe046ca12821563c256e9fdbc617a89f43410f571115353051204b0,69,34.50,3.94,1,6,4,0.024339,0.608176,pow,pow(difficulty=28_work_amount=268435456),1.90,146,0
29,3,0x4a217e35f6402e7f62a49f6d62e27c6585c2f3fd,3.494827,1772275238,fe15d9d846ab0ef4f18a56311b00431750d0b2b1318c9e556ab3540290e0f216,250,22.73,4.00,2,5,4,0.024294,0.608198,pow,pow(difficulty=28_work_amount=268435456),9.29,147,0
29,4,0xe6ebb0cdfd04183d498964e5efc4096ba77b17d6,9.298073,1772275242,ab93a6288d7bcd6401f4f08995551e19f38c390d932d0ab04b9b668bc5238124,2,2.00,3.00,3,3,3,0.024230,0.607907,pow,pow(difficulty=28_work_amount=268435456),35.50,148,0
30,0,0x4ba33404d90c4ae989714d9d174cd882cffb7994,2.118772,1772275245,315b695ff0e4f1652db9871736ea6eabaa6bff99eada6109dc125ff364f1cf50,197,39.40,4.06,1,6,4,0.024358,0.609225,pow,pow(difficulty=27_work_amount=134217728),4.05,149,0
30,1,0xdcf2130496e27a8094ab996aea4aa77788d65869,11.510867,1772275246,57f0197636c89771d1e53e1e36115ba0d3ceeb04d790b89e114d4fd2813ec423,138,69.00,4.41,1,6,4,0.024247,0.608028,pow,pow(difficulty=27_work_amount=134217728),1.91,150,0
30,2,0xa068e3c9a21c8d8be636cd2d285895979ec3262e,3.970531,1772275247,e465b843eaa20614b3be9f2e7a31cf245a2c1056bafd6939c47685a9a4cb6024,40,40.00,3.88,1,5,4,0.024443,0.609572,pow,pow(difficulty=27_work_amount=134217728),1.35,151,0
30,3,0xdcf2130496e27a8094ab996aea4aa77788d65869,12.511267,1772275251,6fe6695abe44123661434dce1fd8ca2e65fefc7ea453f18ff72c659402a83845,57,57.00,4.11,1,6,4,0.024391,0.609424,pow,pow(difficulty=27_work_amount=134217728),1.14,152,0
30,4,0x34412315480562da4810040fd15c81f99880e1ab,4.898363,1772275252,2988be942b8c649b30c0419ffc750ad9176f94dfa76ffdf37bd722f4c1c6850f,208,52.00,4.00,2,6,4,0.024613,0.610952,pow,pow(difficulty=27_work_amount=134217728),2.60,153,0
31,0,0x4ba33404d90c4ae989714d9d174cd882cffb7994,3.120112,1772275257,35103abd90f446dbdbab8d259c4c696145c90646b68b6b0344ac60b7ded33bb6,43,43.00,3.67,1,6,4,0.024589,0.611194,pow,pow(difficulty=28_work_amount=268435456),2.88,154,0
31,1,0xeaa5003682d7289190651081ae2bee847097afc5,0.759655,1772275264,51bfb8e6de482b20623b99067aba40348338d6ce4fb53f78a8fcb5d1066b47da,250,41.67,4.44,1,6,4,0.024509,0.610649,pow,pow(difficulty=28_work_amount=268435456),4.25,155,0
31,2,0xeaa5003682d7289190651081ae2bee847097afc5,1.762125,1772275266,73d05b553fe6d3e7723c61b402b30217c09993cfaf6fead6010e36ba9730bb23,250,35.71,4.23,1,6,4,0.024355,0.608278,pow,pow(difficulty=28_work_amount=268435456),7.05,156,0
31,3,0xaadc5fea232580cb8fba739ac5d05a48559c7e52,2.355943,1772275268,8123910fdaf0775f95d722fecb799bbb50fd6a1c86edd693143866533f3482f1,46,46.00,4.09,1,6,4,0.024233,0.606711,pow,pow(difficulty=28_work_amount=268435456),0.91,157,0
31,4,0x58a21eeb7ab18ba8adf1296e66a4487076e95dac,8.095484,1772275270,04cd7c7ece6fea010fee83de96c9b0fb79a6e69b52517882a1bc10efc2e255b0,112,37.33,4.26,1,6,4,0.024132,0.605676,pow,pow(difficulty=28_work_amount=268435456),5.39,158,0
32,0,0xbc3f8508d26048f2064aa8c068f4c94d08d77d18,6.068009,1772275281,14daf81638b743efa4c1edcdfc26422cc42f9f60ae4eb3ec7475263b6caaaf87,104,104.00,3.81,1,6,4,0.024206,0.606607,pow,pow(difficulty=29_work_amount=536870912),1.82,159,0
32,1,0xcdc82b7c868072205a399d0f68e6e3ad3bfd1ca6,1.207821,1772275299,f47209c67d38aa997927c0ea08bf8d25cde889d4fea281a890397dd4a0755585,250,22.73,4.28,1,6,4,0.024218,0.607243,pow,pow(difficulty=29_work_amount=536870912),10.51,160,0
32,2,0xe6ebb0cdfd04183d498964e5efc4096ba77b17d6,10.299733,1772275306,2ddcb0581cfffcbd0384ec492e8b592c79b251014581f35ce641f50ffc32ac22,250,13.89,3.52,1,5,4,0.024082,0.605331,pow,pow(difficulty=29_work_amount=536870912),16.84,161,0
32,3,0xe6ebb0cdfd04183d498964e5efc4096ba77b17d6,11.302203,1772275320,9788db2c456e76cfc769879eb564fabd69a225b957c41130d6c515d4281ea9e3,250,31.25,4.06,1,6,4,0.024220,0.606701,pow,pow(difficulty=29_work_amount=536870912),6.48,162,0
32,4,0x07902d0371763a00d97ed9ba16ff0a206cb0fd19,10.541889,1772275324,dfc0b24739edb9c58f7fa852bd3b8232d020826a2aac8ff38022ecafb802bdf4,250,19.23,4.07,1,6,4,0.024384,0.608118,pow,pow(difficulty=29_work_amount=536870912),9.81,163,0
33,0,0xeb82a21cb3d0dd781eb22ad74bb7cd9b4d2a06ec,8.930295,1772275326,a055da4ecea5d048aab19bdc198d5c3756eb5a492cd003519bf191194a03a330,155,38.75,2.72,1,4,3,0.024522,0.609420,pow,pow(difficulty=28_work_amount=268435456),5.17,164,0
33,1,0xcdc82b7c868072205a399d0f68e6e3ad3bfd1ca6,2.210021,1772275327,75fc9ba9e96532cfa613ba3fdff5fa706bef276097ceff07ca6d6a4dc043b7ee,150,50.00,4.03,1,6,4,0.024611,0.610537,pow,pow(difficulty=28_work_amount=268435456),5.07,165,0
33,2,0x52e05d9fa4faa167f30baba23c710e4f49115288,0.145509,1772275331,daaafdbf5337f36b7f24aa96b4b5bb23d7ee83b30cb93a7acf043e3b62a24162,22,0.00,2.82,1,4,4,0.024502,0.609316,pow,pow(difficulty=28_work_amount=268435456),6.36,166,0
33,3,0xa3786e459f289a76c0e8af8ad834e3d0c6d47199,10.732843,1772275333,726bdda6daa1f08b8771437b9d02fd6470b7cff9832edff98d6335d6da00fbdf,201,50.25,3.84,1,6,4,0.024335,0.606064,pow,pow(difficulty=28_work_amount=268435456),10.00,167,0
33,4,0x719361397abe003a91af76243e5f9c7a0cd4279f,7.546756,1772275335,56f5005fce204323e72f86d95a17eeb7e547e93afd7c58d2bcd211e602ef79d1,125,62.50,4.07,1,6,4,0.024473,0.607307,pow,pow(difficulty=28_work_amount=268435456),11.06,168,0
34,0,0x4414c05be2cf328f38d2e3ef4b705d6b894f044a,5.090539,1772275339,ea9b3fbcf06d2d4328daa36dd6fbe5c52f83023aa9899e299b4374d695d29bfd,108,54.00,3.59,1,5,4,0.024517,0.608072,pow,pow(difficulty=29_work_amount=536870912),15.21,169,0
34,1,0x37cc7a82e66d4f4c2ae13b9ee895d3af1a1d7a05,0.261695,1772275346,8486cb7fa693376de8bbdda94b63d6cf8e61daed5a58b278788f0a43f712d246,219,43.80,3.97,1,5,4,0.024490,0.608344,pow,pow(difficulty=29_work_amount=536870912),5.00,170,0
34,2,0x49b57eb4dace37c8819daf079c9c674f766d4f38,5.233150,1772275365,42c6391cc6afd14c8267ef90ccdb808437f6f2614e783a9786e91e831ab77411,250,35.71,3.52,1,8,4,0.024329,0.605283,pow,pow(difficulty=29_work_amount=536870912),61.06,171,0
34,3,0xc577329e86aaecb006f17fb90499c54671119935,1.318812,1772275386,1e3dfbc48e4258ff2f21c5200dac7a3e28984eaf1fff9f58fe0d62e4c07056fe,250,13.16,3.89,1,6,4,0.024308,0.605580,pow,pow(difficulty=28_work_amount=268435456),20.31,172,0
34,4,0x30509a8084fdfe6fe24d9c9a817c209ad194f8e3,6.656799,1772275388,29436176a93bc85bf3d25bd8fc378b2826ac7f27d9a74406a5fbc87325d07532,250,12.50,3.86,1,6,4,0.024309,0.605603,pow,pow(difficulty=28_work_amount=268435456),22.93,173,0
35,0,0x30405867b72597aaeb27803bb2c7f3f5fc7d5384,0.515214,1772275390,f91b5330ec55f42bb8a0beaa19c469684cca5aafe0b30c610e27fac346d2d721,80,40.00,3.17,1,5,3,0.024326,0.606259,pow,pow(difficulty=27_work_amount=134217728),8.76,174,0
35,1,0x89100a8056319ba37491b32ba255004180607bc2,8.791377,1772275391,23668ae4a5aebdbb7c09ff2134a25d9d874988d8bcc574422cb960fab0435383,123,61.50,3.41,1,5,4,0.024174,0.603572,pow,pow(difficulty=27_work_amount=134217728),4.19,175,0
35,2,0x4ba33404d90c4ae989714d9d174cd882cffb7994,4.121932,1772275394,46e26b68004185bd95d11d0d3dff533d88b2af9718fd772f064ff24ee3a7ab3e,59,59.00,3.49,2,5,4,0.024248,0.604564,pow,pow(difficulty=27_work_amount=134217728),23.58,176,0
35,3,0xdcf2130496e27a8094ab996aea4aa77788d65869,13.512607,1772275396,0210e2bd11021abfdc879a4248bb2c8f6c9c45b19e447b6cf21c6f507efeebce,169,56.33,4.43,1,6,4,0.024249,0.604568,pow,pow(difficulty=27_work_amount=134217728),4.14,177,0
35,4,0xe6ebb0cdfd04183d498964e5efc4096ba77b17d6,12.304303,1772275398,5383c2684373f42a630913f56cbbaa1a5dc6c938c4cf83a84cabd568317f9ac7,114,57.00,3.80,1,6,4,0.024448,0.605985,pow,pow(difficulty=27_work_amount=134217728),4.34,178,0
36,0,0xc24b36dee27726233c3bbd9e1f028f98b6b2a424,3.411949,1772275400,8f1246de03d5330a45fecfa47ab852c60c807efd78ceec718d79c84e67d118a9,100,50.00,4.26,1,6,4,0.024611,0.607317,pow,pow(difficulty=28_work_amount=268435456),2.53,179,0
36,1,0x719361397abe003a91af76243e5f9c7a0cd4279f,8.547436,1772275405,1a92ec3f031b5120437944e186f6acd7d936aec00ff3d3a8451931d5a41089bc,102,34.00,3.80,1,6,4,0.024536,0.606876,pow,pow(difficulty=28_work_amount=268435456),7.89,180,0
36,2,0x58a21eeb7ab18ba8adf1296e66a4487076e95dac,9.095834,1772275408,e02a6aaba6f1ae32b39ca4ca4d651856feb6bceebccfd189c98116608030c511,249,49.80,3.75,1,6,4,0.024597,0.607723,pow,pow(difficulty=28_work_amount=268435456),4.23,181,0
36,3,0x4414c05be2cf328f38d2e3ef4b705d6b894f044a,6.092319,1772275411,50328fdda382b329b184f0a7c298a7c47b8302f976332ec0730767a0eda5c776,57,28.50,3.86,1,7,4,0.024670,0.608664,pow,pow(difficulty=28_work_amount=268435456),1.19,182,0
36,4,0xc24b36dee27726233c3bbd9e1f028f98b6b2a424,4.412859,1772275413,d2d4d58df732010d80503f1f98beffcfdf295c9dfbd71b7875c69acc8af08e59,143,47.67,3.85,1,5,4,0.024664,0.609128,pow,pow(difficulty=28_work_amount=268435456),2.80,183,0
37,0,0xa447d277b02012c2afd9ddcbbe123f27cc971963,3.809645,1772275417,7486c5fe829ec0a1f654cde7327c4eaea3dc881d2ba946c5e2aedc1de4fb3956,87,43.50,3.85,1,6,4,0.024613,0.609026,pow,pow(difficulty=29_work_amount=536870912),1.86,184,0
37,1,0x606627477c3734932f47972f83c27cf4e3b35b4f,5.374797,1772275422,51915826c442ded6274d8bbcf5188f7b1ece3a2df3b70d85d632112f152765b3,194,48.50,3.45,1,5,3,0.024548,0.608682,pow,pow(difficulty=29_work_amount=536870912),2.37,185,0
37,2,0x606627477c3734932f47972f83c27cf4e3b35b4f,6.377277,1772275427,be58ef0cbae4297378e47163fe1085120f0508cc3598b52c1646e9eab904a7de,250,50.00,3.64,1,5,4,0.024523,0.608909,pow,pow(difficulty=29_work_amount=536870912),9.16,186,0
37,3,0xe478b1e4d1538274c0c70cbd7df877f9abab2f62,5.300496,1772275439,cdde996f46f8ea7ca021f8b6b634cf160175f015903f1bc5fcac2f2c689411f1,226,37.67,3.60,1,5,4,0.024522,0.609368,pow,pow(difficulty=29_work_amount=536870912),3.41,187,0
37,4,0x0d91704595bff3aec25d40822498a51c62b05e3a,0.567676,1772275458,03dc852fcfa46582e5d6f9ac42fcbd507d1d25aee4716fbb3ce106b93cc5c145,250,22.73,4.00,1,5,4,0.024495,0.609504,pow,pow(difficulty=29_work_amount=536870912),9.97,188,0
38,0,0x8719ca31b72ae8a5404006763c53d5ad503dbcb0,0.112955,1772275459,7871c97f5c5671af7ededb35de78138ebb1a3dadf3b1444b1c9e4781807e982a,250,12.50,3.13,1,5,3,0.024350,0.606945,pow,pow(difficulty=28_work_amount=268435456),26.10,189,0
38,1,0x0d91704595bff3aec25d40822498a51c62b05e3a,1.570056,1772275466,50abbf2346fec98a31f0c57aed7707a0c25e915fe369b21aa613ff11b0bd8934,2,0.00,1.50,1,2,2,0.024194,0.603677,pow,pow(difficulty=28_work_amount=268435456),551.50,190,0
38,2,0xa3786e459f289a76c0e8af8ad834e3d0c6d47199,11.733243,1772275467,66aeec0e865c0fce9ea70220266b9435deca43c8972818e1a0d3f6780a02f61c,246,30.75,3.31,1,5,3,0.024076,0.602041,pow,pow(difficulty=28_work_amount=268435456),5.89,191,0
38,3,0xc774b0fee7cabbef3b1ae14bf36db3df0d32c1df,4.174937,1772275479,dd44ddc6123fad4e197713b297137d194561ad44dbfad0a9846a9cd89a52da04,32,32.00,3.19,1,5,3,0.024206,0.603258,pow,pow(difficulty=28_work_amount=268435456),30.59,192,0
38,4,0xc577329e86aaecb006f17fb90499c54671119935,1.318242,1772275481,7fab65d0ad86b164bc5b78a121a910c6064688d4233eff4e29d34d6d5d5b3c06,250,22.73,3.88,1,6,4,0.024207,0.603269,pow,pow(difficulty=28_work_amount=268435456),14.28,193,0
39,0,0x89100a8056319ba37491b32ba255004180607bc2,9.791517,1772275482,249d9e3593e56501da1f769f388a1c2e36eac2314c97d9ef0e6a5057b6fef561,66,33.00,3.79,1,6,4,0.024028,0.601233,pow,pow(difficulty=27_work_amount=134217728),4.36,194,0
39,1,0x269cdf52f97e1d9f14b7be895155a7b294f0b21d,0.722453,1772275486,3362261e6080fe423de71437e0a9ff636687d0b252af0dba97b5f44e3d582ec4,71,71.00,3.70,1,5,4,0.024108,0.602271,pow,pow(difficulty=27_work_amount=134217728),3.42,195,0
39,2,0x63f4973c0df8a5358405f396dc0673a463c48de9,8.905247,1772275490,fed10e7733633c9a01f7cbba5b0b0593fbe131013032463633115ea4f4b9d148,193,48.25,3.52,1,5,4,0.023971,0.599848,pow,pow(difficulty=27_work_amount=134217728),6.99,196,0
39,3,0xcb7977f4997b4252c0152e135dd79b3cfe35c1a5,0.624833,1772275492,31c5433ad2efc20ccfd3941bf3b0895d674d5fbf9415f37bf502e8c7bd84cc09,219,54.75,3.63,1,5,4,0.023971,0.599854,pow,pow(difficulty=27_work_amount=134217728),8.30,197,0
39,4,0xc577329e86aaecb006f17fb90499c54671119935,2.318822,1772275495,9031719c2e4794d07746aa88a75f18d96cb2a82702a4c5d1fb8cec44f5710e74,113,56.50,4.11,1,6,4,0.023891,0.598069,pow,pow(difficulty=27_work_amount=134217728),14.80,198,0
40,0,0xac768e60b9269babb15cb1e36ee843243d7c7543,5.717958,1772275511,52380641c1719ad71f95ad76b9080eb19b08c42320f8d0a3f97d12a69b633d75,186,62.00,3.81,1,6,4,0.023794,0.597028,pow,pow(difficulty=28_work_amount=268435456),1.99,199,0
40,1,0x3513d672439a59c26cc5711f2b715ccb4810a774,1.288465,1772275512,0fd8f7f889243a1b3edbb306cfdd0268e6ed5e7b884db76c6ce2deef2ea1cd9c,250,14.71,3.84,1,6,4,0.023776,0.597278,pow,pow(difficulty=28_work_amount=268435456),18.26,200,0
40,2,0x89100a8056319ba37491b32ba255004180607bc2,10.792037,1772275517,9e0c49989e506f1de26147c38e2e82ec453aa9bde7461cd9c46994e00deac572,8,0.00,1.75,1,2,2,0.023657,0.595410,pow,pow(difficulty=28_work_amount=268435456),228.50,201,0
40,3,0x1796dc61e715f15a2d27dfa32bd34780f12a8c24,2.720691,1772275519,7bcbbc2cc51cc998568b25c28abfdab4e2bfc8a8c32537003d64c553b487e03e,243,48.60,3.95,1,5,4,0.023754,0.596492,pow,pow(difficulty=28_work_amount=268435456),3.50,202,0
40,4,0xeb82a21cb3d0dd781eb22ad74bb7cd9b4d2a06ec,9.930815,1772275522,fbcbe4eafd437702c8c14b2e321ad97cef8c18f2ed8b831610615475d5f95f20,65,32.50,3.60,2,6,3,0.023668,0.595750,pow,pow(difficulty=28_work_amount=268435456),2.77,203,0
41,0,0xdcf2130496e27a8094ab996aea4aa77788d65869,14.513117,1772275533,59a3658f6c377abf4387e96631b29199be64af7a07a928a97a0f23c9301122be,175,43.75,3.95,1,6,4,0.023743,0.596728,pow,pow(difficulty=29_work_amount=536870912),2.85,204,0
41,1,0x71f297f96355f349d66f0e9b681e7d4e11224660,0.167670,1772275540,0d8050ed073f6cc5c39f48186b926b1286cd14fd57bb42b434506fbd2c9c6dec,250,22.73,3.89,1,6,4,0.023920,0.598054,pow,pow(difficulty=29_work_amount=536870912),9.96,205,0
41,2,0x6d6b2734a20229ddd7fd4a1470ba3e3bad4e4a85,6.647144,1772275546,d2eb1028a40940b8fd4e64b980e1a51dced28bc4958f61f4caa923b4d63c0442,250,41.67,3.90,1,5,4,0.023776,0.594944,pow,pow(difficulty=29_work_amount=536870912),7.58,206,0
41,3,0xf82400c4f426bdbd2bc687ffef1f22c1a381c851,0.061761,1772275550,25fa434926e6c6ab1670cb19a291c897cdbccfb837964eaa57b3c665639c0157,250,41.67,3.59,1,5,4,0.023776,0.595420,pow,pow(difficulty=29_work_amount=536870912),6.70,207,0
41,4,0xa447d277b02012c2afd9ddcbbe123f27cc971963,4.810765,1772275553,39219dff7aafee9c56288c0212588f80d20c9b0b36623d908d7fa66ba4c0a48e,164,41.00,3.96,1,6,4,0.023776,0.595424,pow,pow(difficulty=29_work_amount=536870912),10.05,208,0
42,0,0x8c11ec9090dd820c076e57e899d9c604c79d6b32,5.566539,1772275556,a9114cf5a7f92f128cbed88f7af3dd6b99f3ada24afd2ec7d8b13dc405737b80,148,49.33,3.40,1,5,3,0.023591,0.592058,pow,pow(difficulty=28_work_amount=268435456),2.55,209,0
42,1,0x6414c6a8400ff3419cd81855d09de2848d770e0e,0.151806,1772275557,1bda5cb5b4a3c9a2e4810a1a4607554ea65b950a93775cf059a9f08e30ed85a1,193,64.33,4.05,1,6,4,0.023568,0.592187,pow,pow(difficulty=28_work_amount=268435456),8.21,210,0
42,2,0xc24b36dee27726233c3bbd9e1f028f98b6b2a424,5.412899,1772275570,2d43ce8f97dae00aea1fec7cb73c866d7ef58fde5ecfaccf48364bc3e86848c5,65,65.00,3.74,1,5,4,0.023428,0.589000,pow,pow(difficulty=28_work_amount=268435456),14.37,211,0
42,3,0xc774b0fee7cabbef3b1ae14bf36db3df0d32c1df,5.176957,1772275572,a9141998b272406fd59c02cdc464f614531e224bdc5c668453c7e08738565669,250,17.86,4.03,1,6,4,0.023401,0.589041,pow,pow(difficulty=28_work_amount=268435456),11.47,212,0
42,4,0xd39dbd3662315e3935ec08e6b6028e73b3c09de2,0.919280,1772275574,2492267942edcf46c239c85f94b93a10397613143bac6fdbaa33708a24dc7f6a,56,56.00,3.80,1,5,4,0.023369,0.588958,pow,pow(difficulty=28_work_amount=268435456),4.39,213,0
43,0,0xeb82a21cb3d0dd781eb22ad74bb7cd9b4d2a06ec,10.932345,1772275576,bd4210f06c01dbb1a4db1abc26a32ea14571d4478caee1f9633827562a13a997,91,45.50,4.32,1,6,4,0.023248,0.586760,pow,pow(difficulty=27_work_amount=134217728),10.99,214,0
43,1,0x49b57eb4dace37c8819daf079c9c674f766d4f38,6.234450,1772275577,a97754ea87665b570a8c6fa85db43f729f9c0735ab2e08854c803d9cc5a6bcae,108,54.00,3.98,1,6,4,0.023337,0.587776,pow,pow(difficulty=27_work_amount=134217728),1.64,215,0
43,2,0x63f4973c0df8a5358405f396dc0673a463c48de9,9.906897,1772275580,36e5d98fab189a33ba0e451045a27adde46ce21544cbd8f6f5a073e0fbc085ca,73,73.00,3.70,1,6,4,0.023326,0.588058,pow,pow(difficulty=27_work_amount=134217728),13.73,216,0
43,3,0x4414c05be2cf328f38d2e3ef4b705d6b894f044a,7.092919,1772275583,ba7728db947e97aec1277b04138aeeeb3b4e2946be1b9041942f6d6973628f20,145,48.33,3.61,1,5,4,0.023326,0.588059,pow,pow(difficulty=27_work_amount=134217728),2.43,217,0
43,4,0x49b57eb4dace37c8819daf079c9c674f766d4f38,7.235160,1772275585,25ad13f6623d1b4c23eca595b0b578ec4b940c139a68af8cabcbcac5cf1554e1,151,50.33,3.92,1,5,4,0.023326,0.588062,pow,pow(difficulty=27_work_amount=134217728),2.77,218,0
44,0,0xdcf2130496e27a8094ab996aea4aa77788d65869,15.515267,1772275588,eeb34bd2359b512529f785ddef63f87da3771032a8806088af40254ab195f48d,112,56.00,3.80,1,6,4,0.023342,0.589141,pow,pow(difficulty=28_work_amount=268435456),1.50,219,0
44,1,0x719361397abe003a91af76243e5f9c7a0cd4279f,9.548926,1772275597,7124286e5d58ce5e555bcdf48f6916118de80efe9169c728e43693fbf0a75790,133,44.33,3.81,1,6,4,0.023519,0.590422,pow,pow(difficulty=28_work_amount=268435456),2.29,220,0
44,2,0x26d553a2f4343b3a7dc88bbd87b3d0a25d3838d9,9.222510,1772275599,110fdc8c29d6e8c8431abfb32e340a890e189d1693fd4008d4232f8531692389,250,25.00,3.77,1,5,4,0.023574,0.591264,pow,pow(difficulty=28_work_amount=268435456),8.98,221,0
44,3,0x07902d0371763a00d97ed9ba16ff0a206cb0fd19,11.542159,1772275601,a3608b208ee43112ef3e8d928ae908aa965aa5839b9ef5d5a66a5191dbab6a72,63,63.00,3.49,1,5,4,0.023620,0.591987,pow,pow(difficulty=28_work_amount=268435456),8.30,222,0
44,4,0xac768e60b9269babb15cb1e36ee843243d7c7543,6.719928,1772275603,6ebc37f6f2408a34f2344298867811221332a3b3784cc26b3f12c8a6654a0461,144,48.00,2.78,1,4,3,0.023711,0.593016,pow,pow(difficulty=28_work_amount=268435456),2.13,223,0
45,0,0x6064b9f5883bf9737dfe314ff68c56e09e68ac89,4.190759,1772275613,51bc1fc0b11b91b71070511005109d4ecf68ddcb7b95afde1a099a0caad17a83,59,59.00,3.92,1,5,4,0.023705,0.593332,pow,pow(difficulty=27_work_amount=134217728),3.63,224,0
45,1,0x719361397abe003a91af76243e5f9c7a0cd4279f,10.551316,1772275614,b90f06cd16cdc2883a2f72a15ede3a087e64bd03198ec0bd5ed5512e6bd03a1f,250,25.00,3.86,1,5,4,0.023649,0.593074,pow,pow(difficulty=27_work_amount=134217728),9.66,225,0
45,2,0x3513d672439a59c26cc5711f2b715ccb4810a774,2.288035,1772275619,c6f6cd495075770d4b6f0e01665bb3a96d70a6e8d1f01ed453c266f6568d65f8,7,7.00,3.43,2,4,4,0.023718,0.593941,pow,pow(difficulty=27_work_amount=134217728),7.00,226,0
45,3,0x6d6b2734a20229ddd7fd4a1470ba3e3bad4e4a85,7.649284,1772275621,5348ec277194171469192b9e81cde21c03e93e961ba641c1fd2c50a3cd7aec1b,245,40.83,3.87,1,5,4,0.023624,0.592879,pow,pow(difficulty=27_work_amount=134217728),4.17,227,0
45,4,0x4a217e35f6402e7f62a49f6d62e27c6585c2f3fd,4.492987,1772275623,2f6b96aeeade6d7ea96fe1c21bca829c3bab5cd4c73133fde7bbc5447616ff4b,68,68.00,4.13,2,7,4,0.023635,0.593426,pow,pow(difficulty=27_work_amount=134217728),1.44,228,0
46,0,0x58a21eeb7ab18ba8adf1296e66a4487076e95dac,10.095264,1772275627,ebc05065815fa0a3856383fcd1e5219c2e78534e39271aeba09b68e54ea6c5c9,115,57.50,3.63,1,5,4,0.023585,0.593158,pow,pow(difficulty=28_work_amount=268435456),3.18,229,0
46,1,0x9bdb1c7ad4bd8fe797b07c08117c74a591dbab2d,0.444572,1772275637,64dc4f79a43c24245edb678c66e20d9673a233f519abb14be4640630b0abfde9,216,43.20,3.92,1,5,4,0.023642,0.593949,pow,pow(difficulty=28_work_amount=268435456),3.24,230,0
46,2,0x63f4973c0df8a5358405f396dc0673a463c48de9,9.906627,1772275640,ade33a7e414484f15c89f2141b5a236c87540696cc06548b1d416d1d1cd6102a,250,25.00,3.73,1,5,4,0.023514,0.591239,pow,pow(difficulty=28_work_amount=268435456),11.39,231,0
46,3,0x606627477c3734932f47972f83c27cf4e3b35b4f,7.378467,1772275643,0d4bdcc5bcd724fab152c0378cbe18aec09fb6decdcb9db471c55dcbbdd27269,110,55.00,3.44,1,5,3,0.023566,0.591956,pow,pow(difficulty=28_work_amount=268435456),2.86,232,0
46,4,0xa3786e459f289a76c0e8af8ad834e3d0c6d47199,12.732633,1772275645,655a087b540a243f2605e42ba76195b2d7491738d8da0fb930418540f6fe1907,145,48.33,3.58,1,5,4,0.023570,0.592369,pow,pow(difficulty=28_work_amount=268435456),3.08,233,0
47,0,0x4414c05be2cf328f38d2e3ef4b705d6b894f044a,8.094009,1772275646,7967affb83c50ecfa4465fa6f0cc5b771b39432e6b3295d1bdc479c471cd3cec,93,46.50,4.23,1,5,4,0.023673,0.593490,pow,pow(difficulty=27_work_amount=134217728),2.37,234,0
47,1,0xe6ebb0cdfd04183d498964e5efc4096ba77b17d6,13.303993,1772275650,03372ccbcff46eeb579f1d0f7c50154be544cc4e13d25a29e1b1573d174043e8,63,63.00,3.63,1,5,4,0.023688,0.594030,pow,pow(difficulty=27_work_amount=134217728),4.19,235,0
47,2,0x07902d0371763a00d97ed9ba16ff0a206cb0fd19,12.543409,1772275651,2ec9a822ed73543604a63e20271a4ab0b178d5cc6962b43e7061b870b187c23e,173,43.25,4.10,1,6,4,0.023799,0.595148,pow,pow(difficulty=27_work_amount=134217728),3.16,236,0
47,3,0x606627477c3734932f47972f83c27cf4e3b35b4f,8.379877,1772275653,aef81d54f0677a2a6b6d93cb6550615f27d95b9c572e778d556d9bb4fedb7399,53,53.00,2.81,2,4,3,0.023894,0.596161,pow,pow(difficulty=27_work_amount=134217728),1.00,237,0
47,4,0xac768e60b9269babb15cb1e36ee843243d7c7543,7.720278,1772275656,899fa3b532cfe856117e5b50a35e7919c1df5378f68a82faf6097f9ef6254316,104,52.00,3.62,1,5,4,0.023911,0.596689,pow,pow(difficulty=27_work_amount=134217728),1.44,238,0
48,0,0x606627477c3734932f47972f83c27cf4e3b35b4f,9.380857,1772275657,4611a17d177118106928731d170f58461c2039af42a329a407785ff940f9fb85,151,50.33,3.75,1,6,4,0.023916,0.597066,pow,pow(difficulty=28_work_amount=268435456),3.19,239,0
48,1,0x30509a8084fdfe6fe24d9c9a817c209ad194f8e3,7.656149,1772275662,e235c55d217f542c36376298d2b57ecbd3cd6a50dfd1a89709420d8ad1b3b3b1,62,62.00,3.42,1,5,4,0.023951,0.597656,pow,pow(difficulty=28_work_amount=268435456),0.95,240,0
48,2,0x6064b9f5883bf9737dfe314ff68c56e09e68ac89,5.193079,1772275667,3bd86abdc4017ae1e7ce6d63e8a250fe7b783f1fc5d345acec9faddb47b4bb05,245,49.00,3.41,1,5,4,0.023954,0.597961,pow,pow(difficulty=28_work_amount=268435456),3.84,241,0
48,3,0x8719ca31b72ae8a5404006763c53d5ad503dbcb0,1.112015,1772275671,e9909111bdcfce6aa5847429061578acfa5fd2fadc69a17f06beea4869872baa,247,49.40,3.90,1,8,4,0.023954,0.597966,pow,pow(difficulty=28_work_amount=268435456),2.99,242,0
48,4,0x07902d0371763a00d97ed9ba16ff0a206cb0fd19,13.543839,1772275672,9cb5b53a2d310b2379263136d9e2d3464607b6b0b1a92a56582112bf135187da,183,36.60,4.28,1,10,4,0.023799,0.595901,pow,pow(difficulty=28_work_amount=268435456),4.89,243,0
49,0,0x49b57eb4dace37c8819daf079c9c674f766d4f38,8.235820,1772275677,b0b75f9f544712aba68d007d140ae32acf34986464cd07fe6c9e9c20125ccfab,56,0.00,2.91,1,4,3,0.023904,0.596955,pow,pow(difficulty=27_work_amount=134217728),0.98,244,0
49,1,0xd46407aa7b668c72de3cf1c1a12b7fa2e308a1b2,3.989059,1772275682,ecfed3a1acb4e061b890ebf5b1a0b5dc1d1957bbbd8c8ec4e5fa326bc453e0c4,249,41.50,3.95,1,6,4,0.023916,0.597341,pow,pow(difficulty=27_work_amount=134217728),3.97,245,0
49,2,0x63f4973c0df8a5358405f396dc0673a463c48de9,10.907437,1772275683,13f84827c4bb1ecb0e2e8df93c8a6d8a137afd43c7c486c2ca0080b74c575a41,221,44.20,3.86,1,7,4,0.023853,0.596963,pow,pow(difficulty=27_work_amount=134217728),6.00,246,0
49,3,0xeaa5003682d7289190651081ae2bee847097afc5,2.760335,1772275687,d4d2bc9954fd72beced9c6b5e526c5bdb568cb9ae47bb2cba3b7b51c222da650,31,0.00,3.19,1,4,3,0.023910,0.597724,pow,pow(difficulty=27_work_amount=134217728),1.16,247,0
49,4,0x606627477c3734932f47972f83c27cf4e3b35b4f,10.381287,1772275689,3ec092ba2f2dcd9afe1eaa25abe8fc3b81f53575548caccbc24efa7afeda2764,206,51.50,4.29,1,9,4,0.023826,0.597008,pow,pow(difficulty=27_work_amount=134217728),11.95,248,0
50,0,0xb7b4ee0a72bc410bf6d32b9cd3f3e11fc756d6f1,0.079079,1772275692,723dac06b4fd251269861b4fab021f18576b2095acca65112754b312acc170b0,101,50.50,3.54,1,5,4,0.023873,0.597648,pow,pow(difficulty=28_work_amount=268435456),2.29,249,0
50,1,0x8d9e46becf415ca26aa698c9657087e6554aabda,1.385096,1772275694,2119111654ee7610110ca6f1a85152d74cbbbd4ccc7767480b2eff1ecf31f57e,130,43.33,3.92,1,6,4,0.023744,0.594603,pow,pow(difficulty=28_work_amount=268435456),5.02,250,0
50,2,0xd46407aa7b668c72de3cf1c1a12b7fa2e308a1b2,4.991209,1772275706,5e5534b2bf2af1a75bd2a7fee41033df9fece9291872ed8abd3898f6f32f1ccb,102,51.00,3.62,1,5,4,0.023638,0.592924,pow,pow(difficulty=28_work_amount=268435456),22.37,251,0
50,3,0x6064b9f5883bf9737dfe314ff68c56e09e68ac89,6.195269,1772275711,12560ab3689898389fb37a9e3e06b58a450ad00ac54c6414076d0230025028f4,250,19.23,3.89,1,6,4,0.023638,0.592935,pow,pow(difficulty=28_work_amount=268435456),10.61,252,0
50,4,0xd39dbd3662315e3935ec08e6b6028e73b3c09de2,1.919390,1772275716,63cacfb1bea98f2ebfe4a03a480955e73e20bded295bb29bd4c9aba265f610c6,148,37.00,3.91,1,6,4,0.023614,0.593070,pow,pow(difficulty=28_work_amount=268435456),2.70,253,0
51,0,0x30509a8084fdfe6fe24d9c9a817c209ad194f8e3,8.658269,1772275717,f94691514e2fcfb1ea7faaff77e53ce186c4127dc5f250c852676c95db7a03c0,250,41.67,4.48,1,6,5,0.023518,0.591714,pow,pow(difficulty=27_work_amount=134217728),5.61,254,0
51,1,0x28672c71695142588ed26ada6f4b18b8b6c12308,2.690538,1772275720,bab490c6e4592ee3cbde2b4550d11f05c80b0cffcb95342e1971369214d1517b,13,0.00,3.00,2,4,3,0.023535,0.592166,pow,pow(difficulty=27_work_amount=134217728),2.00,255,0
51,2,0xdcf2130496e27a8094ab996aea4aa77788d65869,16.515797,1772275723,2138e92c034326481369ed9e3bd6c2654e098b65c05998f88977c9fc0ce1e483,153,51.00,3.44,1,5,4,0.023452,0.591370,pow,pow(difficulty=27_work_amount=134217728),17.83,256,0
51,3,0x4a217e35f6402e7f62a49f6d62e27c6585c2f3fd,5.493587,1772275726,9f500f1485d198052eaa63617f8b17e70fa84ef465cd6ae90ec8333b7268cbae,207,51.75,3.91,1,6,4,0.023597,0.592516,pow,pow(difficulty=27_work_amount=134217728),3.44,257,0
51,4,0x282f43759e22b50aa7989261c51c367f325c3f91,1.349757,1772275731,68315d32a1cd5d5e12cb7c3cef5f94d26aab5a0f62eaf630cde17088c59eb9e6,134,67.00,3.63,1,5,4,0.023560,0.592388,pow,pow(difficulty=27_work_amount=134217728),3.10,258,0
52,0,0xb2a7fe70a6f3137d38f6cb4c3ec6dd1e24f2d5f4,2.418838,1772275735,15f6f058e1163372b5f1266ce2cc0b256861f885bd9997e298aed783849700d2,250,41.67,3.82,1,7,4,0.023456,0.590647,pow,pow(difficulty=26_work_amount=67108864),5.30,259,0
52,1,0x63f4973c0df8a5358405f396dc0673a463c48de9,11.907527,1772275737,e04b316587c4174c5e8ce44b24228bedc4064ba1e8f4c59be1e9e3851268279e,109,27.25,4.06,1,6,4,0.023370,0.589633,pow,pow(difficulty=26_work_amount=67108864),15.19,260,0
52,2,0xd46407aa7b668c72de3cf1c1a12b7fa2e308a1b2,4.990999,1772275738,37829c72e9d512a5ca167ecf5e792c30faf777b1dd6cf6cbc2512f3ed18e23b9,107,107.00,3.67,1,5,4,0.023437,0.590539,pow,pow(difficulty=26_work_amount=67108864),1.66,261,0
52,3,0x58a21eeb7ab18ba8adf1296e66a4487076e95dac,11.096814,1772275740,fbed433c8fd2411730996fedbd18b554195c057e1f1b587180df506fa7588da1,53,53.00,3.92,2,6,4,0.023392,0.590273,pow,pow(difficulty=26_work_amount=67108864),1.57,262,0
52,4,0xeb82a21cb3d0dd781eb22ad74bb7cd9b4d2a06ec,11.932525,1772275743,20d9a3bbcf00999c8d0200f8d719cfed430f592fd613c1198e3ae70ad255cb72,124,41.33,3.88,1,6,4,0.023444,0.590991,pow,pow(difficulty=26_work_amount=67108864),2.16,263,0
53,0,0x26d553a2f4343b3a7dc88bbd87b3d0a25d3838d9,10.222400,1772275747,411d888bf6af74f25d6214db405c92934d54be391fe0bc7b063d84f2f97f8b74,129,64.50,4.02,1,6,4,0.023508,0.591822,pow,pow(difficulty=27_work_amount=134217728),2.41,264,0
53,1,0xc24b36dee27726233c3bbd9e1f028f98b6b2a424,6.414379,1772275748,829a03fef1d02c9109b46e498dba30475bd67e76fd2f7df8046715cb52bc9b5b,202,50.50,3.74,1,5,4,0.023545,0.592381,pow,pow(difficulty=27_work_amount=134217728),2.78,265,0
53,2,0x63f4973c0df8a5358405f396dc0673a463c48de9,12.908497,1772275750,90a0ae76b3de3b9debddf1ab2e78f37abc799567dd444b8290f7deb9d92bca29,64,64.00,4.09,1,7,4,0.023521,0.592507,pow,pow(difficulty=27_work_amount=134217728),3.00,266,0
53,3,0x81d019380961f92c2031b0a7fba69f7675145088,2.494413,1772275753,dba1403ce4796572c16737877e7a3ec957cf510aa9686f7cc93fc59fc234dcfd,123,41.00,3.41,1,5,4,0.023598,0.593401,pow,pow(difficulty=27_work_amount=134217728),2.28,267,0
53,4,0x37cc7a82e66d4f4c2ae13b9ee895d3af1a1d7a05,1.262185,1772275760,aec5ecbab20416467b1b92378d489edab6931bb3a3ef05113a2ee6e13deb5e04,141,47.00,3.62,1,5,4,0.023513,0.592403,pow,pow(difficulty=27_work_amount=134217728),14.34,268,0
54,0,0x58a21eeb7ab18ba8adf1296e66a4487076e95dac,12.097964,1772275770,1ad855a15df75b8a55303501182491a3a64fcacb511ea5f26d24988ae7717f6c,250,35.71,3.47,1,6,4,0.023410,0.590607,pow,pow(difficulty=28_work_amount=268435456),55.88,269,0
54,1,0x719361397abe003a91af76243e5f9c7a0cd4279f,11.550556,1772275780,aea58721f0956f424b0fc5c08c2d894b5f52e4965dbde282bb05d360b5f76a3d,250,27.78,3.94,1,6,4,0.023474,0.591397,pow,pow(difficulty=28_work_amount=268435456),8.16,270,0
54,2,0x269cdf52f97e1d9f14b7be895155a7b294f0b21d,1.722753,1772275796,596dd5ac49e68750c6fe17c2ba4163d93cf617968e64507e279dc067e6b9228a,250,22.73,3.80,2,5,4,0.023527,0.592104,pow,pow(difficulty=28_work_amount=268435456),9.28,271,0
54,3,0xeb82a21cb3d0dd781eb22ad74bb7cd9b4d2a06ec,12.933525,1772275797,4dccd07383b35d5542e551706df52a73409c5865d9634a89495ac7dc5ae3d241,250,16.67,3.58,1,5,4,0.023432,0.590554,pow,pow(difficulty=28_work_amount=268435456),14.56,272,0
54,4,0x30509a8084fdfe6fe24d9c9a817c209ad194f8e3,9.657899,1772275799,b885dc43637f3332b5b5c9f9bbe6615a050eb2679528ed8be5487e8289e05cd7,9,9.00,2.00,1,3,2,0.023505,0.591377,pow,pow(difficulty=28_work_amount=268435456),20.56,273,0
55,0,0x13f9dadc05f6c237b03411e2aed1800cf21a5d89,2.276782,1772275801,e7d88a57f7b11b76c7f61b3f7d04f317a2199b4f8553d380e9d78950e3580498,125,62.50,3.08,1,5,3,0.023528,0.591866,pow,pow(difficulty=27_work_amount=134217728),4.38,274,0
55,1,0xdcf2130496e27a8094ab996aea4aa77788d65869,17.517527,1772275803,1a36119f0d6ed60d4ba2e4eda360db4c96615ee0445abd7cc6a359a4f9556e63,103,51.50,2.82,1,5,3,0.023442,0.590663,pow,pow(difficulty=27_work_amount=134217728),3.73,275,0
55,2,0x7e40df5d801345015e84c843908efc6683665fa4,1.655369,1772275806,459c81b9f83b671e6e93e7db918e6be50fb546a15752e23d7224c9240b885d8f,103,51.50,4.12,1,6,4,0.023580,0.591749,pow,pow(difficulty=27_work_amount=134217728),2.16,276,0
55,3,0x282f43759e22b50aa7989261c51c367f325c3f91,2.351837,1772275807,42a8d0a7e6397a6ff20f426ebb4d70de640e416c8dfd82a429ef72a56990f5b7,173,57.67,3.38,1,5,3,0.023484,0.590104,pow,pow(difficulty=27_work_amount=134217728),10.08,277,0
55,4,0x6d6b2734a20229ddd7fd4a1470ba3e3bad4e4a85,8.649054,1772275808,4e652031fdb134b8bd78f8f7bd64128d75120d7f85dd0464a043884097de7e04,46,46.00,4.07,1,6,4,0.023399,0.588903,pow,pow(difficulty=27_work_amount=134217728),4.46,278,0
56,0,0xbc3f8508d26048f2064aa8c068f4c94d08d77d18,7.067809,1772275812,26a1614d49460e2b31dc92e262fc050178464a6212b78ce07499099aac8ae99d,54,54.00,3.59,1,5,4,0.023406,0.589279,pow,pow(difficulty=28_work_amount=268435456),4.59,279,0
56,1,0x213068cb42718d1dd6d00a6d94d62a3def0e68eb,1.365599,1772275815,facbb7d3d016de4996a45dda2dc6bf56e177ffccf98cc63402b59ce5f6c51d26,194,48.50,4.16,1,6,4,0.023389,0.589472,pow,pow(difficulty=28_work_amount=268435456),8.77,280,0
56,2,0x4ba33404d90c4ae989714d9d174cd882cffb7994,4.120112,1772275818,37f36224263266aa4b19fd7451b2c523ce3bd464b6f9f2153a7521666861126c,142,47.33,3.48,1,5,4,0.023291,0.587670,pow,pow(difficulty=28_work_amount=268435456),39.59,281,0
56,3,0x58a21eeb7ab18ba8adf1296e66a4487076e95dac,13.100124,1772275822,ad54373239933d534649423b0a250fbdd4e8e6427aaf394f27a423bf9ef7ce55,159,53.00,4.43,1,6,5,0.023291,0.587673,pow,pow(difficulty=28_work_amount=268435456),3.60,282,0
56,4,0xa068e3c9a21c8d8be636cd2d285895979ec3262e,4.968321,1772275823,1267039a1c2883ae6091ff6f63ec5d9cc747bce2bdc622a5f82794b06c95d1fd,241,48.20,3.95,2,6,4,0.023361,0.588471,pow,pow(difficulty=28_work_amount=268435456),3.66,283,0
57,0,0x0d91704595bff3aec25d40822498a51c62b05e3a,2.570916,1772275837,4da18543ae70302087b1890c74e8d12bd45b85e2c29f2ea0ef89a5fe92158e68,14,0.00,2.14,1,3,3,0.023314,0.588170,pow,pow(difficulty=29_work_amount=536870912),105.50,284,0
57,1,0xa068e3c9a21c8d8be636cd2d285895979ec3262e,5.968381,1772275856,715f8fb83dd8fce88f4226367996e6eabf94a083e9646f9225b9485ac4ba6f99,250,16.67,3.35,1,7,3,0.023234,0.587148,pow,pow(difficulty=29_work_amount=536870912),14.51,285,0
57,2,0xc4dc29db975b952e04358340e56b68fa4ba63fbc,0.538841,1772275865,f4cdde8698c6311aa4b8979131c373c9545a742093ab76c7294497b656759c52,250,13.16,4.33,1,6,5,0.023203,0.587133,pow,pow(difficulty=29_work_amount=536870912),17.24,286,0
57,3,0xc577329e86aaecb006f17fb90499c54671119935,3.318642,1772275877,15a0c45c0825d665b3a481d8066c35c85b8102fdb7d9fad8aa140401ff3041a6,250,27.78,3.54,1,5,4,0.023095,0.584773,pow,pow(difficulty=29_work_amount=536870912),39.80,287,0
57,4,0x95ab54d268473cce82094026afefdbd5cadf418b,2.597568,1772275883,df21c519ee4a8c22f9a0ea6dbeb47afc4019269dc975289352daab94979b6211,250,22.73,3.78,1,6,4,0.023026,0.584288,pow,pow(difficulty=29_work_amount=536870912),13.31,288,0
58,0,0xeb82a21cb3d0dd781eb22ad74bb7cd9b4d2a06ec,13.933065,1772275885,55c5bcf9060e0e1c65bc44c12d4cf1c99185a8afa63461e61a3112b587a30840,236,39.33,4.34,1,6,5,0.023027,0.584292,pow,pow(difficulty=28_work_amount=268435456),14.00,289,0
58,1,0xac768e60b9269babb15cb1e36ee843243d7c7543,8.720618,1772275886,7131acec1b5b42ced3afe99883378da42f1e47d411ae665997cace4010870e45,97,48.50,4.06,2,7,4,0.023105,0.585248,pow,pow(difficulty=28_work_amount=268435456),4.76,290,0
58,2,0x34412315480562da4810040fd15c81f99880e1ab,5.895623,1772275891,d7108e2f200bd8b29e81b4f6b91df34db3d06a97f165daced1010b169c98f186,73,73.00,3.77,1,5,4,0.023111,0.585586,pow,pow(difficulty=28_work_amount=268435456),9.33,291,0
58,3,0xb2a7fe70a6f3137d38f6cb4c3ec6dd1e24f2d5f4,3.419218,1772275895,2821091e74570fe90090a7508066d38922649ced2c7d465ee52fb2a8efa75d6d,250,41.67,3.99,1,6,4,0.023078,0.585494,pow,pow(difficulty=28_work_amount=268435456),9.89,292,0
58,4,0x89100a8056319ba37491b32ba255004180607bc2,11.792547,1772275897,0947e588921e406a48e7e3e72f4f1af4fbc5d9407d9048d0625abd3a0627cd0c,97,32.33,4.13,1,6,4,0.023011,0.584999,pow,pow(difficulty=28_work_amount=268435456),7.28,293,0
59,0,0x719361397abe003a91af76243e5f9c7a0cd4279f,12.552416,1772275913,b8d0a6ff6c34278d23c475c81a964aab9f5515bdde1dc9d1a342d2b0f67631b4,120,60.00,3.77,1,5,4,0.023011,0.585001,pow,pow(difficulty=29_work_amount=536870912),4.01,294,0
59,1,0xeaa5003682d7289190651081ae2bee847097afc5,3.761415,1772275924,c199436e266f49a0b24e8738225f8f14d686241201738445fa5a187838024f30,250,15.62,3.76,1,6,4,0.023114,0.586337,pow,pow(difficulty=29_work_amount=536870912),15.32,295,0
59,2,0xa068e3c9a21c8d8be636cd2d285895979ec3262e,6.970381,1772275926,200474bbb4d9a221dcb950f14983056a6c1b76eb63d21b0d74ebfc7e8c1b0b15,250,22.73,4.15,1,6,4,0.023052,0.585910,pow,pow(difficulty=29_work_amount=536870912),11.46,296,0
59,3,0xeb82a21cb3d0dd781eb22ad74bb7cd9b4d2a06ec,14.933835,1772275942,5439450005a553f368286653cd145a81a2c0fb329a8fa022a11ae6e965709d0a,72,24.00,3.94,1,6,4,0.023033,0.586043,pow,pow(difficulty=29_work_amount=536870912),6.94,297,0
59,4,0x9bdb1c7ad4bd8fe797b07c08117c74a591dbab2d,1.445552,1772275952,a130b0549944ebcd4a8919aff7750238b1e51c488bbdb95f0f47387f1d6b8788,250,16.67,4.08,1,6,4,0.023119,0.587045,pow,pow(difficulty=29_work_amount=536870912),14.63,298,0
60,0,0xd46407aa7b668c72de3cf1c1a12b7fa2e308a1b2,5.990469,1772275955,b9e4114b007eefa10de0d1e6fc017c3aef2147d6d3620080adeb852a1f2f2b66,250,22.73,3.75,1,5,4,0.023027,0.585307,pow,pow(difficulty=28_work_amount=268435456),10.09,299,0
60,1,0xa3786e459f289a76c0e8af8ad834e3d0c6d47199,13.731993,1772275957,60daab96a30383858af566b45cab3a02a1e0545a5ff10b2a72fc4b4bb8a4f4f9,117,58.50,3.75,1,5,4,0.022994,0.585195,pow,pow(difficulty=28_work_amount=268435456),3.62,300,0
60,2,0xac61c91e7d24df824351a6c4e562a75f0cf646f8,0.245768,1772275958,f2b89e74a07c178fc787ddd6e278616a19cc12671379a859637654958a58ef17,130,43.33,4.04,1,6,4,0.023062,0.586030,pow,pow(difficulty=28_work_amount=268435456),8.42,301,0
60,3,0xc24b36dee27726233c3bbd9e1f028f98b6b2a424,7.414089,1772275962,f663c308a31b310e72dbc650a1ae685cf7af4df136a6ff389f4ac48850892f74,44,0.00,3.89,1,6,4,0.022955,0.583484,pow,pow(difficulty=28_work_amount=268435456),15.50,302,0
60,4,0x60705151f1f537cacd5b801f3ef1b31dc3f605de,0.299554,1772275967,3401d0208622daaa72331beba3ce35c3285773b25a6356999b1551109e3f79da,200,50.00,4.06,1,6,4,0.022940,0.583644,pow,pow(difficulty=28_work_amount=268435456),4.46,303,0
61,0,0xac768e60b9269babb15cb1e36ee843243d7c7543,9.720918,1772275976,a1ba037d15b441b8da452b0b91b11f4a73aeb7f1e23a3144e59be7a000f16c31,250,50.00,4.06,1,6,4,0.022835,0.581114,pow,pow(difficulty=29_work_amount=536870912),14.40,304,0
61,1,0xe6ebb0cdfd04183d498964e5efc4096ba77b17d6,14.303943,1772275988,da658b3c23900f5300861c9f27e818fe838f4a20182338ca40ae27ed14ed0d1e,250,25.00,3.88,1,6,4,0.022850,0.581552,pow,pow(difficulty=29_work_amount=536870912),7.44,305,0
61,2,0xaadc5fea232580cb8fba739ac5d05a48559c7e52,3.353753,1772275999,a57f1aaff6551c69562e2de495dcf5d7b5d9146bc7232057b692b68c2c4ba30e,250,22.73,4.02,1,6,4,0.022851,0.581560,pow,pow(difficulty=29_work_amount=536870912),12.12,306,0
61,3,0x07902d0371763a00d97ed9ba16ff0a206cb0fd19,14.542869,1772276001,38a66962453f8c4719cfeea8fb2a08e4271e38ca3082d95f11e1196870eb96ca,250,20.83,4.40,1,7,5,0.022858,0.581889,pow,pow(difficulty=29_work_amount=536870912),13.67,307,0
61,4,0x8c11ec9090dd820c076e57e899d9c604c79d6b32,6.566309,1772276010,0f0bba5cb2a5ada659cf420ec435155b32a4846be392f391d14262bf8e07100e,57,57.00,2.53,2,4,2,0.022932,0.582766,pow,pow(difficulty=29_work_amount=536870912),9.46,308,0
62,0,0xd39dbd3662315e3935ec08e6b6028e73b3c09de2,2.920630,1772276016,9d2bb7bddcfa34f4f7712629c37594385f564d6542e27f9ddbf93af3beb8bf9b,250,27.78,4.15,1,6,4,0.022906,0.582772,pow,pow(difficulty=28_work_amount=268435456),7.54,309,0
62,1,0xe478b1e4d1538274c0c70cbd7df877f9abab2f62,6.300196,1772276023,b0c78a1a57f82a0be3d88de5037602c097f7ec1a37c2067510f2456cf5225f7b,250,35.71,4.35,1,6,5,0.022907,0.582777,pow,pow(difficulty=28_work_amount=268435456),12.56,310,0
62,2,0x63f4973c0df8a5358405f396dc0673a463c48de9,13.908147,1772276024,5b48a081196653ce4c50d4ef1aa42d705e85c7c5dbb5eabd0f15ac05fef5aa4b,250,41.67,4.02,1,5,4,0.022806,0.581878,pow,pow(difficulty=28_work_amount=268435456),15.32,311,0
62,3,0xd61b00c297972877b45f8d7f4d67fdaf20c67c59,0.330391,1772276027,1cbf59385faffc6e4fef9b73bf22285c251b88d73e16089c5a0212e0778c725f,32,32.00,2.75,1,4,3,0.022870,0.582644,pow,pow(difficulty=28_work_amount=268435456),18.84,312,0
62,4,0xaadc5fea232580cb8fba739ac5d05a48559c7e52,4.356073,1772276028,33678d2cc01149faa28ff848e0fc88e4dee2662dfa4e440accc473fda5cb5810,139,46.33,4.46,1,6,5,0.022767,0.580151,pow,pow(difficulty=28_work_amount=268435456),4.27,313,0
63,0,0xac768e60b9269babb15cb1e36ee843243d7c7543,10.723198,1772276038,13c6a38b5bde989a2ee40462707594316f430e0a1cc7f63311ddfbb94337da00,50,50.00,4.08,1,6,4,0.022714,0.579807,pow,pow(difficulty=29_work_amount=536870912),2.84,314,0
63,1,0x269cdf52f97e1d9f14b7be895155a7b294f0b21d,2.723773,1772276042,817655d8be2fce0a27aef4797132656a9caf74daeea9ee6b56bb8df1076210f8,250,25.00,3.94,1,6,4,0.022739,0.580325,pow,pow(difficulty=29_work_amount=536870912),9.41,315,0
63,2,0x075e1d95c7891e1c00414ca1aa9a7a8cf6270019,0.134875,1772276063,f1ef809a29aed08e95958d2904a531c6ee66fc00a86d549b929a98c8a3a147ab,208,41.60,3.50,1,6,4,0.022666,0.579378,pow,pow(difficulty=28_work_amount=268435456),6.11,316,0
63,3,0xaadc5fea232580cb8fba739ac5d05a48559c7e52,5.356343,1772276075,341e9cf73245b57299bcc13383d10da2e9caff07a9a7a0eff5a17361c21a690c,250,12.50,3.13,1,5,3,0.022667,0.579393,pow,pow(difficulty=28_work_amount=268435456),18.52,317,0
63,4,0x6414c6a8400ff3419cd81855d09de2848d770e0e,1.149546,1772276096,816e663a26ec280d686d5572fffa412a31ca147b335ae5e040a995adaf951bbe,250,19.23,4.34,1,6,5,0.022524,0.576452,pow,pow(difficulty=27_work_amount=134217728),10.87,318,0
64,0,0x6d6b2734a20229ddd7fd4a1470ba3e3bad4e4a85,9.648244,1772276097,2c1f5bda0dbeb767bc183fd8fb9c6391f64c0ac202b4628f38b3113c50896f13,250,12.50,3.78,1,5,4,0.022434,0.574660,pow,pow(difficulty=26_work_amount=67108864),24.13,319,0
64,1,0x30405867b72597aaeb27803bb2c7f3f5fc7d5384,1.512864,1772276100,a669e1c6cf2a4c6a7ec08d27f9fa1b9ad76476414e5bd225cc23ae4f5be293d7,23,23.00,3.13,1,4,3,0.022445,0.575040,pow,pow(difficulty=26_work_amount=67108864),21.61,320,0
64,2,0xd46407aa7b668c72de3cf1c1a12b7fa2e308a1b2,6.990979,1772276101,0ed549d80904619db9cbad4004a3b3186f6d8662b394db0a4a8ec0543ef20f76,137,45.67,3.61,2,5,4,0.022360,0.573372,pow,pow(difficulty=26_work_amount=67108864),3.71,321,0
64,3,0x606627477c3734932f47972f83c27cf4e3b35b4f,11.380447,1772276103,9930160502abd4d7f3cce089cdb14484278fccb1acc912deb679d11843c0fdb2,62,62.00,3.82,1,5,4,0.022340,0.573410,pow,pow(difficulty=26_work_amount=67108864),6.34,322,0
64,4,0x34412315480562da4810040fd15c81f99880e1ab,6.897063,1772276105,62e627eb81d9fae664d96d1783e098563da07f3994f66e544c80a73d32f5230a,135,45.00,3.59,1,5,4,0.022371,0.573968,pow,pow(difficulty=26_work_amount=67108864),6.68,323,0
65,0,0x606627477c3734932f47972f83c27cf4e3b35b4f,12.381757,1772276108,d0439896c24c49d33a0ed5aac822a55f8307f83707477dd79917e770d4d082dc,92,92.00,4.09,1,6,4,0.022349,0.573942,pow,pow(difficulty=27_work_amount=134217728),7.51,324,0
65,1,0x34412315480562da4810040fd15c81f99880e1ab,7.897973,1772276109,cb85deec83f31c728ef355b03a2aa47a0b6df3cfbfa91e0bc7f2c3b62d6230da,170,42.50,3.58,1,5,4,0.022391,0.574541,pow,pow(difficulty=27_work_amount=134217728),2.79,325,0
65,2,0x8d9e46becf415ca26aa698c9657087e6554aabda,2.384206,1772276112,8291e8cf3f0e8b781b17193aa3a8b14ae564060f7abe373d8b90594313139132,34,0.00,4.09,1,6,4,0.022380,0.574731,pow,pow(difficulty=27_work_amount=134217728),0.88,326,0
65,3,0xa3786e459f289a76c0e8af8ad834e3d0c6d47199,14.732493,1772276115,db69734996db84245d7564c45adf4c87e34d5c8b9be39da2fa572da1357d368e,153,38.25,3.55,1,5,4,0.022306,0.573575,pow,pow(difficulty=27_work_amount=134217728),11.64,327,0
65,4,0x63f4973c0df8a5358405f396dc0673a463c48de9,14.907987,1772276122,83240260d5a717288d8e3e296e8b8a6e0db6ae002aa9761ff038f80dbcf81f4a,149,49.67,4.19,1,6,4,0.022374,0.574402,pow,pow(difficulty=27_work_amount=134217728),7.64,328,0
66,0,0x408bb0bf84df50b21c53c74420987f172d4036a1,2.793334,1772276127,b2c2a6ca1ad82362a006d96bed7f659e98edf2a6978d73dd2e141fb35ddc7b1c,250,35.71,3.58,1,5,4,0.022443,0.575215,pow,pow(difficulty=28_work_amount=268435456),6.54,329,0
66,1,0xc339f8bf978200eb65afce6c7121402eda949097,0.072214,1772276134,b33c50828f0a8b8b3bd3d66ac024e144c73bfdea612df055532a91790f4b2bf8,235,47.00,3.49,1,5,4,0.022373,0.574283,pow,pow(difficulty=28_work_amount=268435456),9.14,330,0
66,2,0x6d6b2734a20229ddd7fd4a1470ba3e3bad4e4a85,10.648234,1772276138,bfd0b252dc4a2e3702842ec4a70cea1986736348dfd6ae4ae1e9ac6c97b3b70e,250,35.71,4.22,1,6,4,0.022274,0.571623,pow,pow(difficulty=28_work_amount=268435456),7.87,331,0
66,3,0x34412315480562da4810040fd15c81f99880e1ab,8.898133,1772276139,bcb491a878c3c5f35566cd2cb49ed88fc5953c32aec501d0bde5138573e47290,133,44.33,3.52,1,5,4,0.022293,0.572067,pow,pow(difficulty=28_work_amount=268435456),2.10,332,0
66,4,0x6d6b2734a20229ddd7fd4a1470ba3e3bad4e4a85,11.649474,1772276147,2fea2487383bbbaaa1413e3a4a02b4eac41849b81b4434cd7baa94b10c18651a,45,45.00,3.78,1,5,4,0.022293,0.572369,pow,pow(difficulty=28_work_amount=268435456),1.22,333,0
67,0,0xac768e60b9269babb15cb1e36ee843243d7c7543,11.725198,1772276148,d5b66005b3c920147ad2acf61053cc9248016fedbd5d2354cc44240ba90f7be8,250,31.25,3.66,1,5,4,0.022323,0.572884,pow,pow(difficulty=27_work_amount=134217728),6.31,334,0
67,1,0xf6e059718dbd0a0956726ab97d06bad5efc6cd18,3.012897,1772276150,598c526a8f1493c4b4c124fb2bd04327b7e048542486ab3f74711e14fc225cbb,38,19.00,3.61,2,5,4,0.022353,0.573351,pow,pow(difficulty=27_work_amount=134217728),3.61,335,0
67,2,0x63f4973c0df8a5358405f396dc0673a463c48de9,15.910337,1772276152,9ab0248038cf69f48a96294b7dbec0680f061505ffcbfe2e9f3097cb6db98477,80,80.00,3.59,1,5,4,0.022287,0.572533,pow,pow(difficulty=27_work_amount=134217728),65.72,336,0
67,3,0x1d1d2c63625de70b1e5ef40056bd2deb89d7fef2,0.064748,1772276157,899c09941d2c8c933cb8d85b57e140b5aeeee529706a04150944b3640d5813ae,141,47.00,3.55,1,5,4,0.022363,0.573464,pow,pow(difficulty=27_work_amount=134217728),2.69,337,0
67,4,0x606627477c3734932f47972f83c27cf4e3b35b4f,13.383287,1772276159,9bfadf1d73f2887f8f117b4473544e2b45f672401b290479b2dbd8af1f1522c3,233,58.25,3.65,1,5,4,0.022265,0.570795,pow,pow(difficulty=27_work_amount=134217728),27.82,338,0
68,0,0xc774b0fee7cabbef3b1ae14bf36db3df0d32c1df,6.174387,1772276165,245b8fdbeeeaf9f0330f3963a36984c5b507620da89465093e6fe09c7f822ff5,117,58.50,3.59,1,5,4,0.022312,0.571453,pow,pow(difficulty=28_work_amount=268435456),1.72,339,0
68,1,0x95ab54d268473cce82094026afefdbd5cadf418b,2.596128,1772276175,0b2249f90783bc51b257f8a510d71c45ee7b713b0ff6b8e186e38aeb3c89bba3,250,35.71,3.93,1,5,4,0.022280,0.571291,pow,pow(difficulty=28_work_amount=268435456),10.67,340,0
68,2,0xd46407aa7b668c72de3cf1c1a12b7fa2e308a1b2,7.991209,1772276177,6f0b91ae49ed69d7a9b0b00d8499ff52d001b3e55887d6728f193dacf6f1da68,250,25.00,4.40,1,7,5,0.022211,0.570208,pow,pow(difficulty=28_work_amount=268435456),11.68,341,0
68,3,0x719361397abe003a91af76243e5f9c7a0cd4279f,13.553426,1772276183,02c9f20273bf71cb861685217957a9649b8fe191f813e49a0d78347bdcced13e,60,30.00,3.53,1,6,4,0.022199,0.570371,pow,pow(difficulty=28_work_amount=268435456),3.62,342,0
68,4,0xb2a7fe70a6f3137d38f6cb4c3ec6dd1e24f2d5f4,4.418778,1772276191,010cfb3d981ad3b51fcead72bf231fbbea31212350041d43c68b7077e4974b48,250,41.67,3.85,1,5,4,0.022246,0.571003,pow,pow(difficulty=28_work_amount=268435456),9.48,343,0
69,0,0x9bdb1c7ad4bd8fe797b07c08117c74a591dbab2d,2.446912,1772276193,e0319bb5c18601e9de896e41d905be9fa01b70decdc423d89cf1347ae7de487a,250,31.25,4.19,1,6,4,0.022196,0.570667,pow,pow(difficulty=27_work_amount=134217728),12.55,344,0
69,1,0x6d6b2734a20229ddd7fd4a1470ba3e3bad4e4a85,12.651564,1772276195,fc25b68ecc61e0db1e04f5907ba0f96d630c0e3067d99207c7f105100b979f28,67,33.50,3.36,1,5,3,0.022125,0.569475,pow,pow(difficulty=27_work_amount=134217728),3.66,345,0
69,2,0x49b57eb4dace37c8819daf079c9c674f766d4f38,9.235600,1772276202,1c7f9c12215f5ab8beb65d4ca033a13fe319cda886ec9d54b68658cb9e943d0a,84,84.00,3.82,2,5,4,0.022162,0.570018,pow,pow(difficulty=27_work_amount=134217728),1.43,346,0
69,3,0x8c11ec9090dd820c076e57e899d9c604c79d6b32,7.567949,1772276203,a3509ddbcf6e374a2e3d9461e9e9af86e0a44398cde8cff9e4f1d4b211dc8282,250,35.71,3.94,1,6,4,0.022163,0.570312,pow,pow(difficulty=27_work_amount=134217728),8.78,347,0
69,4,0xd46407aa7b668c72de3cf1c1a12b7fa2e308a1b2,8.991659,1772276204,d93c737b60bf6bf380cfa000bf5a514357285d3a9326b85af14e1665061589a2,15,15.00,3.00,1,5,3,0.022146,0.570369,pow,pow(difficulty=27_work_amount=134217728),34.80,348,0
70,0,0x4414c05be2cf328f38d2e3ef4b705d6b894f044a,9.091839,1772276208,68c255403d868afa2f815d69fb88a1399959a2bf81c7521a1c77003fc413ba06,77,38.50,3.71,2,5,4,0.022144,0.570598,pow,pow(difficulty=28_work_amount=268435456),2.55,349,0
70,1,0x1796dc61e715f15a2d27dfa32bd34780f12a8c24,3.717701,1772276217,eb8dc81f7e4e2328b4379ba8d5e017a48ea368b297b29f3356c4932bef8e1401,215,53.75,3.85,1,5,4,0.022142,0.570793,pow,pow(difficulty=28_work_amount=268435456),8.68,350,0
70,2,0x58a21eeb7ab18ba8adf1296e66a4487076e95dac,14.100614,1772276218,5d6a080b8135ceac3e715da4a9dd2ebeed7a8787e2cb065aa203853b52a00155,250,31.25,3.45,2,8,3,0.022085,0.570316,pow,pow(difficulty=28_work_amount=268435456),7.00,351,0
70,3,0xbc3f8508d26048f2064aa8c068f4c94d08d77d18,8.067649,1772276227,359dabef60255519f705b0c94954eac0f9d64165dee75de58ed8b276973bf0e1,26,13.00,3.46,1,5,4,0.022135,0.570961,pow,pow(difficulty=28_work_amount=268435456),11.42,352,0
70,4,0x282f43759e22b50aa7989261c51c367f325c3f91,3.350097,1772276236,88028cea5daf60d5d4ff3f274a11b2f3a619a509c852736ba6c5d53e4c7e24ee,250,27.78,4.27,1,6,4,0.022122,0.571062,pow,pow(difficulty=28_work_amount=268435456),8.07,353,0
71,0,0x8c11ec9090dd820c076e57e899d9c604c79d6b32,8.567919,1772276242,4d12c16416dd1b45148ddf483aef0f9c866234bc13eb97268fd8fca7d053b0c1,250,31.25,3.90,1,6,4,0.022062,0.570395,pow,pow(difficulty=27_work_amount=134217728),9.54,354,0
71,1,0x26d553a2f4343b3a7dc88bbd87b3d0a25d3838d9,11.221760,1772276246,7dcf11ad744e86933a331a4d85db2581495bd703201e30e270ef9af553bc28ad,250,35.71,4.14,1,6,4,0.022054,0.570510,pow,pow(difficulty=27_work_amount=134217728),4.99,355,0
71,2,0xdcf2130496e27a8094ab996aea4aa77788d65869,18.516537,1772276254,81593b8703d1ffb5598fa0d38051940897fbb0829f3e1b927dd1d3cd36cf6ace,160,53.33,3.79,1,5,4,0.022073,0.570915,pow,pow(difficulty=27_work_amount=134217728),11.98,356,0
71,3,0x4ba33404d90c4ae989714d9d174cd882cffb7994,4.118022,1772276257,8126735fcba83d2ea615c591c49648d33626ff613c7c26e350adec2cc4251915,250,31.25,3.82,1,6,4,0.022165,0.571859,pow,pow(difficulty=27_work_amount=134217728),8.50,357,0
71,4,0xe6ebb0cdfd04183d498964e5efc4096ba77b17d6,15.304953,1772276260,17d31dc5f6d05348754b44dd30a0325feb2f2e76cd4d26736f158447fb1de72e,123,30.75,4.31,1,6,4,0.022112,0.571425,pow,pow(difficulty=27_work_amount=134217728),4.20,358,0
72,0,0x6064b9f5883bf9737dfe314ff68c56e09e68ac89,7.194069,1772276264,891f9cb6c9e70e1bde207923938989e5df610bebbd63e4b998c9948dc7724da2,181,60.33,3.98,1,6,4,0.022171,0.572213,pow,pow(difficulty=26_work_amount=67108864),8.40,359,0
72,1,0xdcf2130496e27a8094ab996aea4aa77788d65869,19.518987,1772276266,048c7f367ddcf73b4300b2c3453a30e37c5055855545bfd4e34ab14ba0ce752a,173,57.67,3.85,1,5,4,0.022148,0.572171,pow,pow(difficulty=26_work_amount=67108864),11.12,360,0
72,2,0x6d6b2734a20229ddd7fd4a1470ba3e3bad4e4a85,13.652004,1772276270,1034858c8f1d25278bbfc6895be34b74792c14e98093a83c5deaa4c8cdc216c6,126,63.00,3.98,1,6,4,0.022247,0.573099,pow,pow(difficulty=26_work_amount=67108864),1.44,361,0
72,3,0x377eaef292051bbf8ada05b2af76a3f3b9d722a7,0.049467,1772276271,cf0d5e14dd0d678c4dc643b429cf8d8286c36855a5bc1f7c72119b8a9f45301f,204,51.00,3.66,1,5,4,0.022287,0.573642,pow,pow(difficulty=26_work_amount=67108864),3.23,362,0
72,4,0x63f4973c0df8a5358405f396dc0673a463c48de9,16.911147,1772276273,e93c76eeda7bf9aea9470c5eaec4de73a69cd3d48227c965d486d7ad9b2f96b4,70,70.00,3.60,1,5,4,0.022194,0.571068,pow,pow(difficulty=26_work_amount=67108864),13.34,363,0
73,0,0x3513d672439a59c26cc5711f2b715ccb4810a774,3.287055,1772276276,da909f4d910fa82a45b085ac5f15fb762f46c1f4923c9f97af7230afae1e2fb5,132,44.00,3.44,1,5,4,0.022265,0.571948,pow,pow(difficulty=27_work_amount=134217728),2.90,364,0
73,1,0x719361397abe003a91af76243e5f9c7a0cd4279f,14.555506,1772276278,8d3ef548464b053dd9c636e70464c6a2e93fdac88c428ae0f37a4e6cfca8317b,134,67.00,3.78,1,5,4,0.022204,0.571209,pow,pow(difficulty=27_work_amount=134217728),3.06,365,0
73,2,0x719361397abe003a91af76243e5f9c7a0cd4279f,15.556576,1772276279,4a2702fe8b54b0611af3daf1c233a320a2229b8cb205fc0ab186c0c2c2a6c954,107,53.50,3.81,1,6,4,0.022251,0.571838,pow,pow(difficulty=27_work_amount=134217728),3.50,366,0
73,3,0xe6ebb0cdfd04183d498964e5efc4096ba77b17d6,16.306693,1772276283,aad9ca8abf08973efd4e13c5f1597bbb3a0827bff11c5e76876ebed4a82955c0,74,37.00,3.70,2,5,4,0.022307,0.572609,pow,pow(difficulty=27_work_amount=134217728),1.57,367,0
73,4,0xdcf2130496e27a8094ab996aea4aa77788d65869,20.520157,1772276286,550f689ecc5dac284ef42427984f6179951d7bc0330decfbbe49f45d0092ab03,178,59.33,4.06,1,6,4,0.022307,0.572610,pow,pow(difficulty=27_work_amount=134217728),2.31,368,0
74,0,0x408bb0bf84df50b21c53c74420987f172d4036a1,3.794874,1772276289,2b891b63c631912a55ed14b58249deed736e9f129f78e80152c654f40f6fd806,164,54.67,3.99,1,6,4,0.022472,0.574333,pow,pow(difficulty=28_work_amount=268435456),2.01,369,0
74,1,0xd46407aa7b668c72de3cf1c1a12b7fa2e308a1b2,9.992009,1772276294,ccdc521fefaa758d2f45a2cf8088bb2c947cff0c100d2a204572316cb9dbe3df,190,47.50,3.49,1,5,4,0.022415,0.573769,pow,pow(difficulty=28_work_amount=268435456),3.79,370,0
74,2,0xe6ebb0cdfd04183d498964e5efc4096ba77b17d6,17.308413,1772276296,e7eebe3e15c2eb37d56d06fa72cbaf94736895360bf1ae013c4e1d37960feacb,216,54.00,3.85,1,6,4,0.022417,0.574067,pow,pow(difficulty=28_work_amount=268435456),3.67,371,0
74,3,0xeb82a21cb3d0dd781eb22ad74bb7cd9b4d2a06ec,15.934135,1772276299,c4dd54fa19333c69586481ed02da661a83fbff934640b5f482bffa7416d7ee5c,104,52.00,4.12,1,6,4,0.022417,0.574069,pow,pow(difficulty=28_work_amount=268435456),1.52,372,0
74,4,0x07902d0371763a00d97ed9ba16ff0a206cb0fd19,15.541969,1772276304,a3522efb17a791171e705c1a87385390bd20ca42f4afaa1c66a8bd688146629c,158,52.67,3.82,1,6,4,0.022487,0.574901,pow,pow(difficulty=28_work_amount=268435456),6.34,373,0
75,0,0xc24b36dee27726233c3bbd9e1f028f98b6b2a424,8.414299,1772276305,725bd023b05907f779b1c96f01ec1df5e6a273b45c60a7c4012fcaa9a6bdc1cc,226,37.67,2.79,1,4,3,0.022594,0.576313,pow,pow(difficulty=27_work_amount=134217728),4.50,374,0
75,1,0xc774b0fee7cabbef3b1ae14bf36db3df0d32c1df,7.176167,1772276309,4baa3a8a121005221096a3cf80e1a995810d689d84e8287816d1deb8907d39e2,34,0.00,4.12,1,6,4,0.022580,0.576359,pow,pow(difficulty=27_work_amount=134217728),12.32,375,0
75,2,0xdcf2130496e27a8094ab996aea4aa77788d65869,21.521677,1772276313,73278f1ec62ccc547b01d984f6d334a1e3ef54b40c6feecb8bba778096146044,199,49.75,3.99,1,6,4,0.022554,0.576264,pow,pow(difficulty=27_work_amount=134217728),3.92,376,0
75,3,0xa3786e459f289a76c0e8af8ad834e3d0c6d47199,15.733083,1772276315,a2381f3fe2c5d41ca3b3701684708da33810d118c857b9e7708b3a0a5a0410f5,196,39.20,3.78,1,6,4,0.022659,0.577153,pow,pow(difficulty=27_work_amount=134217728),3.42,377,0
75,4,0x63f4973c0df8a5358405f396dc0673a463c48de9,17.912217,1772276316,9318c0b8c484f669ff702b152fe379c36e64d2cf18562c42c30cc2df8a6e369a,92,92.00,4.11,1,6,4,0.022710,0.577795,pow,pow(difficulty=27_work_amount=134217728),8.71,378,0
76,0,0x63f4973c0df8a5358405f396dc0673a463c48de9,18.913107,1772276321,d14b26865b62e242d62483e322bb840bacc7ca1ae1535d3836d66b13c2dfbeb6,91,45.50,3.56,2,5,4,0.022781,0.578616,pow,pow(difficulty=28_work_amount=268435456),1.64,379,0
76,1,0xbc3f8508d26048f2064aa8c068f4c94d08d77d18,9.069709,1772276324,5a20e08a22db60018e78a51871807972442741c2476103dff31a74d5519982ac,227,56.75,3.54,1,5,4,0.022781,0.578618,pow,pow(difficulty=28_work_amount=268435456),2.77,380,0
76,2,0xe6ebb0cdfd04183d498964e5efc4096ba77b17d6,18.309263,1772276326,225781c736c8144989933b2bc8ab48e33df6dc970daf9895dda76263aec236ec,148,49.33,4.17,1,6,4,0.022849,0.579532,pow,pow(difficulty=28_work_amount=268435456),2.02,381,0
76,3,0x30509a8084fdfe6fe24d9c9a817c209ad194f8e3,10.656389,1772276327,6c3d0f81c4922ddfb648ef1beeeb769f45b90ba346b2ed6a57b1cc3cc813d5a7,102,51.00,4.28,1,6,4,0.022921,0.580318,pow,pow(difficulty=28_work_amount=268435456),1.64,382,0
76,4,0x4a217e35f6402e7f62a49f6d62e27c6585c2f3fd,6.492017,1772276330,e8a343bbddadd87235d20c402b457aa7c91aa1d2e7c3099089bb7f0459d9375a,51,51.00,3.33,1,5,3,0.022923,0.580620,pow,pow(difficulty=28_work_amount=268435456),17.20,383,0
77,0,0x58a21eeb7ab18ba8adf1296e66a4487076e95dac,15.100274,1772276333,d05491e5d1677c7495198836a489d7d179b29c0657e09fcab1b11744ad2594b8,162,40.50,3.60,1,5,4,0.022889,0.580439,pow,pow(difficulty=29_work_amount=536870912),14.88,384,0
77,1,0xea287b266dbe2c2d402fd91814bcfc4c95d6b0fd,0.155794,1772276336,e9ab703036caf511d3f31fd4ed2ecb139c23d442adef4cbb756ca0b7ca7258a7,125,62.50,3.88,1,5,4,0.022931,0.581008,pow,pow(difficulty=29_work_amount=536870912),2.09,385,0
77,2,0x1cb1274c711a6c2e4e1596846e6ac604eeefb358,0.400561,1772276338,4e080d7259f987e1a1710fe5f070600a0bd6584138cd07c0c95a411c1d18aa89,199,49.75,3.95,1,6,4,0.022841,0.578580,pow,pow(difficulty=29_work_amount=536870912),21.67,386,0
77,3,0x63f4973c0df8a5358405f396dc0673a463c48de9,19.915297,1772276350,50795d3afbfefb6386999f842090856c502f716bcb2a8c5bb57c3377e35dc874,70,70.00,3.43,1,5,4,0.022753,0.576338,pow,pow(difficulty=29_work_amount=536870912),28.07,387,0
77,4,0x2abf89d7c96c80fcff9dec1fe92803573094ee35,2.222945,1772276355,f8825288ecb9b8cb7d543bf1e1c280a62768c80b31c9820229c86f42e7a90db2,250,19.23,3.62,1,5,4,0.022837,0.577169,pow,pow(difficulty=29_work_amount=536870912),10.85,388,0
78,0,0xc577329e86aaecb006f17fb90499c54671119935,4.318642,1772276360,483b6a3d65e21762c5f97a3fc6d6f768106b58209e04cc113f6c46c8010b4e3b,221,44.20,3.77,1,5,4,0.022765,0.575947,pow,pow(difficulty=28_work_amount=268435456),5.12,389,0
78,1,0xdcf2130496e27a8094ab996aea4aa77788d65869,22.523377,1772276365,427c9be04a657b49ba0c5643747b7d7551679ad67c064925239d8b7bbbec4c86,250,62.50,4.03,1,9,4,0.022712,0.575514,pow,pow(difficulty=28_work_amount=268435456),5.32,390,0
78,2,0x606627477c3734932f47972f83c27cf4e3b35b4f,14.383457,1772276373,e2f66219b4fd42a2891650840320165ccc575ace4d9760190161f6fc9dedfa35,206,34.33,3.93,1,6,4,0.022817,0.576380,pow,pow(difficulty=28_work_amount=268435456),3.83,391,0
78,3,0x719361397abe003a91af76243e5f9c7a0cd4279f,16.556826,1772276373,e2e07903c2f752b88699507b1984bbb48fbe57fd15eed17196379a6252bdba05,250,35.71,3.68,1,7,4,0.022851,0.576900,pow,pow(difficulty=28_work_amount=268435456),7.60,392,0
78,4,0x719361397abe003a91af76243e5f9c7a0cd4279f,17.556906,1772276378,00626650e29e1267073c43475b71a6b627a94efce1fb5da5052c20e41fe8ee68,8,8.00,3.12,2,4,3,0.022902,0.577608,pow,pow(difficulty=28_work_amount=268435456),9.25,393,0
79,0,0x07902d0371763a00d97ed9ba16ff0a206cb0fd19,16.543709,1772276380,5b7610d322e1ed10d1b695d426d16bd40ce06e16b4d92d0df40a8ae422c4f6cf,222,44.40,3.80,1,5,4,0.022962,0.578338,pow,pow(difficulty=27_work_amount=134217728),3.20,394,0
79,1,0x26d553a2f4343b3a7dc88bbd87b3d0a25d3838d9,12.222730,1772276383,3f1374f61af8a732fbb17fdbf61123044a43df239c3790835751026e27e0f98a,67,67.00,2.79,2,4,3,0.023012,0.578999,pow,pow(difficulty=27_work_amount=134217728),1.67,395,0
79,2,0xa9105f442328d397529b8e4e9e656fa89016ff45,0.463464,1772276384,6c8efb757ee330d6299cb060cb029b805dabe2bf6450b720581edc6940138cec,164,54.67,3.71,1,5,4,0.023025,0.579391,pow,pow(difficulty=27_work_amount=134217728),4.70,396,0
79,3,0xeb82a21cb3d0dd781eb22ad74bb7cd9b4d2a06ec,16.935225,1772276387,63ca2d41b669a40202a391346cff6818c192e3f6c4cf644c270e73d68abc863f,78,39.00,3.58,1,5,4,0.022938,0.577208,pow,pow(difficulty=27_work_amount=134217728),42.77,397,0
79,4,0x89100a8056319ba37491b32ba255004180607bc2,12.791467,1772276391,1852a28bc5929afc34ffb4c047e3a9111e04094832f84b57060443849198da1f,119,59.50,4.05,1,6,4,0.022939,0.577209,pow,pow(difficulty=27_work_amount=134217728),2.21,398,0
80,0,0xbc3f8508d26048f2064aa8c068f4c94d08d77d18,10.070749,1772276408,90bc0e6f194f3f68df0cb1b55542b81121970b7188b97e8405adb4b20d951480,218,54.50,3.85,1,5,4,0.023008,0.578284,pow,pow(difficulty=28_work_amount=268435456),13.12,399,0
80,1,0x719361397abe003a91af76243e5f9c7a0cd4279f,18.558956,1772276413,56c3a34f9de43f45e1e29c0ce649f0f0abc4c21f033d460d45e295f28168af35,250,13.89,4.28,1,6,4,0.023003,0.578518,pow,pow(difficulty=28_work_amount=268435456),16.59,400,0
80,2,0x07902d0371763a00d97ed9ba16ff0a206cb0fd19,17.544249,1772276434,2c75b54749cb17d0d17b44478c2a8f320a99952cfa0432fc33189921acf33d00,228,57.00,3.79,1,5,4,0.023067,0.579248,pow,pow(difficulty=27_work_amount=134217728),2.70,401,0
80,3,0x269cdf52f97e1d9f14b7be895155a7b294f0b21d,3.723733,1772276436,9ba42a710bae047bea227e77c23f117878a079218070daaff78699098f8d1b01,250,11.90,2.89,1,7,3,0.023123,0.579917,pow,pow(difficulty=27_work_amount=134217728),18.96,402,0
80,4,0x07902d0371763a00d97ed9ba16ff0a206cb0fd19,18.546629,1772276440,605738b53c90214427246a0be3154a9434389bce9097de80873679c8cac835e1,41,20.50,3.41,2,4,3,0.023064,0.579303,pow,pow(difficulty=27_work_amount=134217728),6.71,403,0
81,0,0x30509a8084fdfe6fe24d9c9a817c209ad194f8e3,11.656359,1772276445,b68de0b2563e76db919b270ef3d49dc95160cb86f426c65a0cc1fc820db2c926,205,51.25,2.79,1,4,3,0.023127,0.579985,pow,pow(difficulty=26_work_amount=67108864),2.72,404,0
81,1,0xf6e059718dbd0a0956726ab97d06bad5efc6cd18,4.012277,1772276449,653bab78191bbb5bb355ecccf46eb992e03bc443c10ab28a01fc4c86d3f0156a,250,50.00,3.32,1,5,3,0.023133,0.580292,pow,pow(difficulty=26_work_amount=67108864),4.37,405,0
81,2,0xc24b36dee27726233c3bbd9e1f028f98b6b2a424,9.413719,1772276450,7b007e7e5c71d924991e7d62a46e2b4bd112abab292ba2faad5fa7aac0cc5741,148,37.00,3.79,1,5,4,0.023076,0.579726,pow,pow(difficulty=26_work_amount=67108864),3.99,406,0
81,3,0xe478b1e4d1538274c0c70cbd7df877f9abab2f62,7.300536,1772276451,e35a5dd86a50fb00c361b7ec0586cf67be88421f3dc794324220d106e34348dc,65,65.00,4.00,1,6,4,0.023064,0.579822,pow,pow(difficulty=26_work_amount=67108864),3.91,407,0
81,4,0xac768e60b9269babb15cb1e36ee843243d7c7543,12.724018,1772276455,313028a42616e4b5cb2e26d90ef2a91c6476f8379467b13729a83730fe574f82,53,53.00,3.74,1,5,4,0.023034,0.579699,pow,pow(difficulty=26_work_amount=67108864),17.21,408,0
82,0,0x719361397abe003a91af76243e5f9c7a0cd4279f,19.560956,1772276456,0fa95bd1fc0da56976e058b5d0d4f0421c39e56ba47366430405b92759a37a00,189,47.25,3.96,1,6,4,0.023048,0.580061,pow,pow(difficulty=27_work_amount=134217728),5.66,409,0
82,1,0xcb7977f4997b4252c0152e135dd79b3cfe35c1a5,1.621273,1772276460,f6341f8b18034cc24bdf562b984d9df33b41fd5e7fe9ba05ce3dd3d9f1853a99,56,56.00,3.57,1,5,4,0.023116,0.580802,pow,pow(difficulty=27_work_amount=134217728),1.71,410,0
82,2,0xc24b36dee27726233c3bbd9e1f028f98b6b2a424,10.414309,1772276463,1b7b6cbe1157b2433d697f22bb9046e42a449df44444c673d9e5b9603ac16576,209,52.25,4.16,1,5,4,0.023041,0.579395,pow,pow(difficulty=27_work_amount=134217728),19.40,411,0
82,3,0x4414c05be2cf328f38d2e3ef4b705d6b894f044a,10.092709,1772276465,445fc87c19552e7dac8f9e911969e27cb087701055b8fdd9997cef98d7212287,148,49.33,3.97,1,6,4,0.023036,0.579607,pow,pow(difficulty=27_work_amount=134217728),2.03,412,0
82,4,0x606627477c3734932f47972f83c27cf4e3b35b4f,15.385447,1772276470,5884f0d2c4e2e578cc47c1b301b76945acc924db722fd4ecd9fc9db1787d0444,90,45.00,3.73,1,5,4,0.023028,0.579747,pow,pow(difficulty=27_work_amount=134217728),14.12,413,0
83,0,0x4ba33404d90c4ae989714d9d174cd882cffb7994,5.118142,1772276474,1bd4b183eaa96b86b896365bf58fdbc95773cbd86476d3fa5edd7d188ec6b95e,250,41.67,3.68,1,5,4,0.023062,0.580259,pow,pow(difficulty=26_work_amount=67108864),4.31,414,0
83,1,0xeaa5003682d7289190651081ae2bee847097afc5,4.761125,1772276474,21a3a348dcb19578a2fa42ac0fac29f1162b3e6d535144ccda49268cd6f67f75,116,38.67,4.17,1,6,4,0.023014,0.579956,pow,pow(difficulty=26_work_amount=67108864),2.49,415,0
83,2,0x719361397abe003a91af76243e5f9c7a0cd4279f,20.561426,1772276477,ff5da9d0553fe09b457ad9cc81a6ff461c40bf93d44c80b0b12da45c992cb5b5,28,0.00,3.36,1,6,3,0.022965,0.579563,pow,pow(difficulty=26_work_amount=67108864),95.57,416,0
83,3,0x719361397abe003a91af76243e5f9c7a0cd4279f,21.563096,1772276479,8e051814f1963b5c5cc89c784b826e26132b62cbaa8bb5deb4019c456b974030,168,56.00,3.80,1,5,4,0.023038,0.580320,pow,pow(difficulty=26_work_amount=67108864),2.35,417,0
83,4,0x719361397abe003a91af76243e5f9c7a0cd4279f,22.563946,1772276480,4d22e8d9b54a874375eb276bc3f89169323e2463a4f9cdac39cf149a008207ed,86,43.00,3.98,2,5,4,0.023118,0.581087,pow,pow(difficulty=26_work_amount=67108864),1.50,418,0
84,0,0x269cdf52f97e1d9f14b7be895155a7b294f0b21d,4.723903,1772276486,f2218d999b3ebb2f1046b784cb80c19d444dc4ddfc403f7c221d95b2e15b636c,53,53.00,3.72,1,5,4,0.023205,0.581854,pow,pow(difficulty=27_work_amount=134217728),0.94,419,0
84,1,0x49b57eb4dace37c8819daf079c9c674f766d4f38,10.236750,1772276487,680d11a6a39ce86d1bb589c02f4692c3d84c2e1efb8cf4da15d04462aa17c4e0,250,41.67,3.71,1,5,4,0.023154,0.581415,pow,pow(difficulty=27_work_amount=134217728),4.26,420,0
84,2,0x8c11ec9090dd820c076e57e899d9c604c79d6b32,9.569139,1772276491,c0420f5994b0763060947b3d23ee3f368c98aeef5c007c7bf1f1386e78be93f1,13,13.00,2.69,1,4,3,0.023146,0.581533,pow,pow(difficulty=27_work_amount=134217728),74.46,421,0
84,3,0x9c39f7fffaa5c5cfab20dfdd05663497918580c1,0.419768,1772276494,255a52e305f58370e84c2b1e96628a41108bf4f7b5f9bd64da0689b7e3eb9c32,216,54.00,4.10,1,6,4,0.023146,0.581534,pow,pow(difficulty=27_work_amount=134217728),4.43,422,0
84,4,0xbc3f8508d26048f2064aa8c068f4c94d08d77d18,11.072869,1772276496,d3a34eca826a8b5e9c8daadd1eabd95297c06053e1067176ee51db2c7a198240,140,46.67,4.15,1,5,4,0.023133,0.581579,pow,pow(difficulty=27_work_amount=134217728),11.77,423,0
85,0,0xe6ebb0cdfd04183d498964e5efc4096ba77b17d6,19.309593,1772276499,979dc2086dcffdfddd29690a1730f197394060b44dd784b0b8c1075a31316e71,92,46.00,4.40,2,6,5,0.023047,0.579662,pow,pow(difficulty=28_work_amount=268435456),1.61,424,0
85,1,0xf6e059718dbd0a0956726ab97d06bad5efc6cd18,5.013497,1772276503,7b2b5272f0e96ae7e1262bc8f00f91dbd9a073550424e16046a28d246c80c61f,151,37.75,4.29,1,6,4,0.023107,0.580335,pow,pow(difficulty=28_work_amount=268435456),3.17,425,0
85,2,0x34412315480562da4810040fd15c81f99880e1ab,9.896923,1772276506,ac8d5a6f7555273b63f1ccea697ff66b06a1a822125fd2456b96389efcb9aac9,204,51.00,3.73,1,5,4,0.023059,0.579930,pow,pow(difficulty=28_work_amount=268435456),3.35,426,0
85,3,0xac768e60b9269babb15cb1e36ee843243d7c7543,13.725598,1772276511,bd43e5a6ec297da22b2571cd79b233f8f66bfbab7be652bd9b8fb4768cdb8f56,135,67.50,3.98,1,6,4,0.023048,0.579964,pow,pow(difficulty=28_work_amount=268435456),2.00,427,0
85,4,0x26d553a2f4343b3a7dc88bbd87b3d0a25d3838d9,13.223680,1772276512,f0e3c63945f47d6d778c976b7d90bb904d2d7dfb5a1bd1080d92fd3a5e909b64,250,50.00,3.86,1,6,4,0.023065,0.580373,pow,pow(difficulty=28_work_amount=268435456),3.31,428,0
86,0,0xa5a12d96532497871d73549e55ab377e3dcb3a40,1.103432,1772276519,c07484c2b04f67d6c2b2f8e1ec9ca14d9da63b34c961dd26db018e162b18ed8e,15,15.00,2.60,1,3,3,0.023078,0.580717,pow,pow(difficulty=29_work_amount=536870912),15.07,429,0
86,1,0x8c11ec9090dd820c076e57e899d9c604c79d6b32,10.571159,1772276531,b3159ade3f85830c51f9a08822525720825ac142ccd1ca5fc2d4b2f1d1541c60,250,35.71,4.00,1,5,4,0.023001,0.579149,pow,pow(difficulty=29_work_amount=536870912),25.90,430,0
86,2,0x4ba33404d90c4ae989714d9d174cd882cffb7994,6.119062,1772276537,4411dcc1ad4126ef25ab21b5c67c7cea5ac807bd7bccba47e5f942eb81976650,250,19.23,4.16,1,6,4,0.022995,0.579262,pow,pow(difficulty=29_work_amount=536870912),10.39,431,0
86,3,0xa447d277b02012c2afd9ddcbbe123f27cc971963,5.807225,1772276539,f0f99e40e9bd51a8d1eb09842aceba0597a018b7904a78aa3de57611776a82ba,250,41.67,4.53,1,6,5,0.022955,0.579047,pow,pow(difficulty=29_work_amount=536870912),4.20,432,0
86,4,0x58a21eeb7ab18ba8adf1296e66a4487076e95dac,16.100374,1772276556,a59e1d325edfc2b4f42e653c4546f8abb47b8bf5cd5e17f5971df250dfeb3107,51,51.00,3.45,1,5,4,0.022914,0.578773,pow,pow(difficulty=29_work_amount=536870912),3.31,433,0
87,0,0x63f4973c0df8a5358405f396dc0673a463c48de9,20.916537,1772276560,9be38290f14fd41e7b4d7cc55bb4f820eb0a566cf5d2a467b4ad9d0f0644941c,250,14.71,3.90,1,6,4,0.022948,0.579303,pow,pow(difficulty=28_work_amount=268435456),15.70,434,0
87,1,0x63f4973c0df8a5358405f396dc0673a463c48de9,21.918167,1772276561,1e1b4e4d79192fcb72aeca7c72706cb2121d2a27986f02e56ea457b4bdeb2446,164,41.00,3.68,1,5,4,0.023016,0.580011,pow,pow(difficulty=28_work_amount=268435456),2.58,435,0
87,2,0xdcf2130496e27a8094ab996aea4aa77788d65869,23.524317,1772276563,64cbac90ec2935bc9259a2ece6fd3cc19cc6c085722c71c98c21640d282be3c9,83,83.00,3.54,1,5,3,0.023016,0.580012,pow,pow(difficulty=28_work_amount=268435456),0.70,436,0
87,3,0x81193196c1dbdbf80709d43a5af5ce21c201fbd7,2.832309,1772276566,8def00508aa2b97937b6f067845ea80827d5cafc0c914740b766229782bd9ee0,77,38.50,3.99,1,6,4,0.023102,0.580790,pow,pow(difficulty=28_work_amount=268435456),2.26,437,0
87,4,0x606627477c3734932f47972f83c27cf4e3b35b4f,16.387397,1772276567,dc6ae6bd421615b403e12bbc362fb1347fb45a74059897fe620639bf36a301dd,138,46.00,3.86,1,6,4,0.023038,0.579873,pow,pow(difficulty=28_work_amount=268435456),30.61,438,0
88,0,0x63f4973c0df8a5358405f396dc0673a463c48de9,21.917337,1772276574,766d8f7a75079113f49bacab26a3c50cfe854b276f0f1c3b96f75c8286f4cb92,61,61.00,3.49,1,5,4,0.023072,0.580383,pow,pow(difficulty=29_work_amount=536870912),2.15,439,0
88,1,0x719361397abe003a91af76243e5f9c7a0cd4279f,23.563936,1772276584,d5799291fe5f84eae04fede34b51961451136b026b6e36fda7073d08ea480af1,250,35.71,3.66,1,5,4,0.023145,0.581087,pow,pow(difficulty=29_work_amount=536870912),5.09,440,0
88,2,0x34412315480562da4810040fd15c81f99880e1ab,10.897893,1772276587,19364a9f614539cf125cbd2f701d5c1e56aa7d0cdec1f3e3f795adb6dcf6d204,250,22.73,3.86,1,5,4,0.023229,0.581829,pow,pow(difficulty=29_work_amount=536870912),8.26,441,0
88,3,0xeb82a21cb3d0dd781eb22ad74bb7cd9b4d2a06ec,17.935365,1772276600,a5153539c5e869ae3dd16ec3d6e870b50632ad8d51667545205964e31a357a96,135,45.00,3.95,1,6,4,0.023223,0.581965,pow,pow(difficulty=29_work_amount=536870912),4.17,442,0
88,4,0x719361397abe003a91af76243e5f9c7a0cd4279f,24.566336,1772276612,3176c3e13ef300eb8eb08e0830eea571e1a2771f184ce90f5c35b68e08823133,250,19.23,4.06,1,6,4,0.023266,0.582552,pow,pow(difficulty=29_work_amount=536870912),13.27,443,0
89,0,0xc774b0fee7cabbef3b1ae14bf36db3df0d32c1df,8.176637,1772276619,148c7a0419b3809243b12215a69aee658f12c2ddc87445e49dcdb42d02bba4be,250,20.83,3.82,1,5,4,0.023355,0.583324,pow,pow(difficulty=28_work_amount=268435456),10.31,444,0
89,1,0x4414c05be2cf328f38d2e3ef4b705d6b894f044a,11.092889,1772276621,a1ccddf2cd58820a969a382e5d606736a669a6fd5d0ec42eb94e8c4a3da422e8,250,35.71,4.06,1,6,4,0.023329,0.583297,pow,pow(difficulty=28_work_amount=268435456),9.06,445,0
89,2,0x016d3fc36beee7caa8fbd6c1caa42461dd7f9850,2.873599,1772276625,99db3aa34e84690e221f181e22a1da6d772826ec150854a5a78eb40b331adda6,63,63.00,3.97,2,6,4,0.023323,0.583433,pow,pow(difficulty=28_work_amount=268435456),6.43,446,0
89,3,0x63f4973c0df8a5358405f396dc0673a463c48de9,22.919507,1772276628,9dcde029220eaa45817840066eaad36f170d9361133548be161ad9b62e2eda2b,209,41.80,3.11,1,4,3,0.023259,0.582508,pow,pow(difficulty=28_work_amount=268435456),4.44,447,0
89,4,0xac768e60b9269babb15cb1e36ee843243d7c7543,14.727358,1772276629,5971caa222cc934a760a010c5510f3f459302dad78202cb091739c77ff85a1e5,150,75.00,3.61,1,6,4,0.023335,0.583194,pow,pow(difficulty=28_work_amount=268435456),3.03,448,0
90,0,0xdcf2130496e27a8094ab996aea4aa77788d65869,24.524807,1772276633,78824713712a6d799d1b82934c9938b18f35c258c0d3e4d9cfcb5530e89d1b9c,90,45.00,3.93,1,6,4,0.023354,0.583616,pow,pow(difficulty=29_work_amount=536870912),2.98,449,0
90,1,0x07902d0371763a00d97ed9ba16ff0a206cb0fd19,19.547809,1772276644,6774dc24312b335415e0acf8ed2f1c2a828e600aa67d9d59227b9cecc34763a2,170,42.50,4.06,2,6,4,0.023439,0.584336,pow,pow(difficulty=29_work_amount=536870912),3.48,450,0
90,2,0xdcf2130496e27a8094ab996aea4aa77788d65869,25.526437,1772276645,3f37c295bf5cf614dbf0fcebcf32991b60682446ac944472998f5350874cae4a,250,25.00,2.72,1,4,3,0.023490,0.584954,pow,pow(difficulty=29_work_amount=536870912),8.82,451,0
90,3,0xb2a7fe70a6f3137d38f6cb4c3ec6dd1e24f2d5f4,5.418878,1772276653,4c47b96c10cc0461382247f18339af703989cb99fd35ec029aa4733043c89b70,4,4.00,4.00,4,4,4,0.023581,0.585701,pow,pow(difficulty=29_work_amount=536870912),8.00,452,0
90,4,0x4a217e35f6402e7f62a49f6d62e27c6585c2f3fd,7.491967,1772276660,1afe73d4e990dd587b83a2046bec500540bbaa84542b026491461b3679c09c5b,250,31.25,4.21,1,6,4,0.023534,0.585338,pow,pow(difficulty=29_work_amount=536870912),14.65,453,0
91,0,0xeb82a21cb3d0dd781eb22ad74bb7cd9b4d2a06ec,18.937625,1772276667,39b3dab40a18a73150e0e21e1382e4ba36bd20a73a087649df9a0fbb56030cbc,250,31.25,3.62,1,5,4,0.023502,0.585203,pow,pow(difficulty=28_work_amount=268435456),6.02,454,0
91,1,0x30509a8084fdfe6fe24d9c9a817c209ad194f8e3,12.657829,1772276675,14b589a29b38005408da26cfcd255f2fc0e38fd7c425af072af1f12bd6948ac3,250,41.67,3.95,1,6,4,0.023547,0.585768,pow,pow(difficulty=28_work_amount=268435456),5.38,455,0
91,2,0x49b57eb4dace37c8819daf079c9c674f766d4f38,11.235890,1772276677,87d4171aa1a8f9f77a5d2f7331e10aa00fdc0ac395fef105e5fee772faf6af9e,250,31.25,3.32,1,5,3,0.023550,0.586037,pow,pow(difficulty=28_work_amount=268435456),8.52,456,0
91,3,0x6414c6a8400ff3419cd81855d09de2848d770e0e,2.148936,1772276679,4b8645e0f00b89993e895cb471def331583c79bd52483cba34070a0e27822ca1,58,29.00,3.83,2,5,4,0.023542,0.586160,pow,pow(difficulty=28_work_amount=268435456),11.07,457,0
91,4,0x30509a8084fdfe6fe24d9c9a817c209ad194f8e3,13.660269,1772276684,14b862039e970da5a7f5b17710082615f3c6eb72b59335bf1a674d885ff67a86,117,58.50,3.73,1,5,4,0.023474,0.584977,pow,pow(difficulty=28_work_amount=268435456),9.85,458,0
92,0,0xa068e3c9a21c8d8be636cd2d285895979ec3262e,7.967051,1772276685,fa49e4ef30f4a28d7a9f8ba0a866974a63d89281bbcbc57dec3c63d0bfc8cb63,220,44.00,3.32,1,5,3,0.023483,0.585292,pow,pow(difficulty=27_work_amount=134217728),3.17,459,0
92,1,0xe478b1e4d1538274c0c70cbd7df877f9abab2f62,8.299816,1772276690,a5fd94b0957a980fb5ccf6dc9ba444202d3266450bc65bd1e1c86ba60269c4f0,48,48.00,3.88,1,5,4,0.023453,0.585189,pow,pow(difficulty=27_work_amount=134217728),53.29,460,0
92,2,0x81d019380961f92c2031b0a7fba69f7675145088,3.490693,1772276692,5a688c071fd9a716cd67d3b7f90c1380e2c577e16b9eb1687f9c4872e0a505b2,250,41.67,3.94,1,5,4,0.023426,0.585101,pow,pow(difficulty=27_work_amount=134217728),7.49,461,0
92,3,0x016d3fc36beee7caa8fbd6c1caa42461dd7f9850,3.875339,1772276694,16e54ac5ed657ce400b63a25eacb81056225e4dce7852e8fd51461e73ec3bda9,67,67.00,3.54,1,5,4,0.023368,0.584415,pow,pow(difficulty=27_work_amount=134217728),20.85,462,0
92,4,0xa068e3c9a21c8d8be636cd2d285895979ec3262e,8.967471,1772276697,7af31acef901578b4b492d3dacd180c1f95b00bbb9d4be1a0b73364a66e0be82,100,50.00,3.20,2,4,3,0.023312,0.583799,pow,pow(difficulty=27_work_amount=134217728),1.55,463,0
93,0,0x58a21eeb7ab18ba8adf1296e66a4487076e95dac,17.102004,1772276701,febed05826fc2902bb608cc213a717bd6a2011824c6b69934501db533f2de4c8,154,51.33,4.40,1,6,5,0.023289,0.583756,pow,pow(difficulty=28_work_amount=268435456),2.17,464,0
93,1,0x89100a8056319ba37491b32ba255004180607bc2,13.792287,1772276704,62b4abfc10960c3253b509dbb3e6f97d487a6da12d2b0eb9649c2415af5b6d4c,194,48.50,3.92,1,6,4,0.023320,0.584265,pow,pow(difficulty=28_work_amount=268435456),3.54,465,0
93,2,0xe6ebb0cdfd04183d498964e5efc4096ba77b17d6,20.310083,1772276705,98331e53c6dc640205ec405ecf3ebf8b4d6cb9af5d876c612a0a4792e77cd027,151,50.33,3.79,1,5,4,0.023329,0.584559,pow,pow(difficulty=28_work_amount=268435456),13.95,466,0
93,3,0x26d553a2f4343b3a7dc88bbd87b3d0a25d3838d9,14.222930,1772276707,a7d51e4dc20a7a232825dbc53e894f155c3a15adc451dc6e55c8514a09fa6d75,68,34.00,3.65,1,6,4,0.023380,0.585173,pow,pow(difficulty=28_work_amount=268435456),11.93,467,0
93,4,0x63f4973c0df8a5358405f396dc0673a463c48de9,23.920627,1772276716,c2a53a90c14ee1c4dac7108ed458f37247291fce5e51cfec462095851e2c600a,91,91.00,3.70,1,5,4,0.023391,0.585489,pow,pow(difficulty=28_work_amount=268435456),5.35,468,0
94,0,0x07902d0371763a00d97ed9ba16ff0a206cb0fd19,20.549929,1772276717,2c534153121975fb0d00df3ef20a9e8f23813e1dc568d2805dcfb4df1c1dd6d8,250,27.78,3.58,1,5,4,0.023464,0.586148,pow,pow(difficulty=27_work_amount=134217728),6.74,469,0
94,1,0x8d9e46becf415ca26aa698c9657087e6554aabda,3.382786,1772276727,17e51e63b142dea8b8704d176f60cb6642fd4f450800f64faaf2a7bb2059de06,1,1.00,3.00,3,3,3,0.023514,0.586736,pow,pow(difficulty=27_work_amount=134217728),5.00,470,0
94,2,0x63f4973c0df8a5358405f396dc0673a463c48de9,24.923067,1772276730,f86dac7a62c1b2b9f01a83f935952d3e70c437655a8a579876ed7367cc3246ba,250,25.00,3.62,1,5,4,0.023455,0.585974,pow,pow(difficulty=27_work_amount=134217728),8.42,471,0
94,3,0x49b57eb4dace37c8819daf079c9c674f766d4f38,12.236170,1772276732,96b2812c043c493cf8d92d72aef25dce705b6b516f116f7aaa49568a325e666b,126,31.50,3.44,1,5,4,0.023533,0.586637,pow,pow(difficulty=27_work_amount=134217728),2.10,472,0
94,4,0x58a21eeb7ab18ba8adf1296e66a4487076e95dac,18.103754,1772276736,bc29aa014d4660f8f735490efc5f44779dcafa86ca5069c96464edcebb1914da,70,70.00,4.04,2,6,4,0.023530,0.586858,pow,pow(difficulty=27_work_amount=134217728),2.79,473,0
95,0,0xe478b1e4d1538274c0c70cbd7df877f9abab2f62,9.302066,1772276737,0b97a72bb11b7605ba0966aa09474dff60989b8952389a4bde28376ffef92704,203,50.75,3.93,1,6,4,0.023564,0.587363,pow,pow(difficulty=26_work_amount=67108864),3.29,474,0
95,1,0xac768e60b9269babb15cb1e36ee843243d7c7543,15.727698,1772276740,302a7185305947bd5c567370d8b7471067ec78e0f774d1bb82e3a583d46fc730,55,55.00,3.93,1,5,4,0.023542,0.587310,pow,pow(difficulty=26_work_amount=67108864),2.96,475,0
95,2,0x213068cb42718d1dd6d00a6d94d62a3def0e68eb,2.362419,1772276741,53611346c2e8d2e92a2cfef74c8c07c0287804045a60c267820f96c1fab34e80,165,55.00,3.93,1,5,4,0.023561,0.587705,pow,pow(difficulty=26_work_amount=67108864),2.02,476,0
95,3,0x95ab54d268473cce82094026afefdbd5cadf418b,3.595508,1772276747,f23bb67452fba306600ff77a4c5621ba383c7318b3292dd934c39eba6ab154ee,55,55.00,3.55,1,5,4,0.023495,0.586588,pow,pow(difficulty=26_work_amount=67108864),35.71,477,0
95,4,0x7e40df5d801345015e84c843908efc6683665fa4,2.652829,1772276748,a6af8e1774963c1ae753b82b79a470c807b160214903775d060b35af6687e9ad,250,41.67,4.22,1,7,4,0.023438,0.585863,pow,pow(difficulty=26_work_amount=67108864),11.26,478,0
96,0,0x60705151f1f537cacd5b801f3ef1b31dc3f605de,1.297994,1772276752,ffd1dac6ae45722e91700872ebf86f5de82af991bb1d11642dfc9b96fbcd3d89,28,28.00,2.64,1,3,3,0.023375,0.584813,pow,pow(difficulty=27_work_amount=134217728),17.04,479,0
96,1,0x4ba33404d90c4ae989714d9d174cd882cffb7994,7.120502,1772276753,3c37302401a8d31019bb94410b05398f5116f5c2daf7bec12c6a0980e2c2ff0f,216,54.00,4.06,1,6,4,0.023304,0.583417,pow,pow(difficulty=27_work_amount=134217728),26.47,480,0
96,2,0x30509a8084fdfe6fe24d9c9a817c209ad194f8e3,14.662049,1772276758,d50ae3624cc043ce724771a8f8b4ee5b0d042016b9917c746cc03645f6248eeb,50,50.00,3.56,1,5,4,0.023270,0.583219,pow,pow(difficulty=27_work_amount=134217728),13.54,481,0
96,3,0xaadc5fea232580cb8fba739ac5d05a48559c7e52,6.355073,1772276761,9fa04ffa19a3c6a4affaa2d57218b09c86df6f1eeb2014f765e1a7d4f406ee62,250,41.67,3.33,1,6,3,0.023281,0.583560,pow,pow(difficulty=27_work_amount=134217728),4.84,482,0
96,4,0x07902d0371763a00d97ed9ba16ff0a206cb0fd19,21.549709,1772276769,a8512de7c0f0a76de052f5cc6032fb7d378137eb9846a9b8bda9e74239ae1d62,116,58.00,4.26,1,6,4,0.023242,0.583310,pow,pow(difficulty=27_work_amount=134217728),14.21,483,0
97,0,0x6d6b2734a20229ddd7fd4a1470ba3e3bad4e4a85,14.651414,1772276770,f688585cf598cb1d99d6e1235d7b6a8f8a4ec3d34ca5a92426f07722787976ab,250,27.78,2.68,1,4,3,0.023295,0.583920,pow,pow(difficulty=26_work_amount=67108864),7.35,484,0
97,1,0x606627477c3734932f47972f83c27cf4e3b35b4f,17.386707,1772276775,f79c7d95eef96c90c3b412127fd8c42c14c81c8762690e1e5d06748ca4bf340b,25,0.00,2.68,1,4,3,0.023306,0.584220,pow,pow(difficulty=26_work_amount=67108864),58.28,485,0
97,2,0x6064b9f5883bf9737dfe314ff68c56e09e68ac89,8.192929,1772276777,3492a8b37ee407b19349f807be0b2cfb9d1478974892e5b3c68ab27d46b8a216,250,41.67,3.73,1,5,4,0.023333,0.584685,pow,pow(difficulty=26_work_amount=67108864),4.18,486,0
97,3,0x58a21eeb7ab18ba8adf1296e66a4487076e95dac,19.105484,1772276779,571a684d9d20b9511c549f8a4201a0888553005fbf0f44c395db50521750b128,64,64.00,3.80,1,5,4,0.023305,0.584546,pow,pow(difficulty=26_work_amount=67108864),6.38,487,0
97,4,0x269cdf52f97e1d9f14b7be895155a7b294f0b21d,5.725033,1772276782,bbcbb926734ed17a45357b5d4f09313ac48a56712e1b244f57978e22e70619de,112,56.00,3.76,2,6,4,0.023342,0.585048,pow,pow(difficulty=26_work_amount=67108864),2.62,488,0
98,0,0xe6ebb0cdfd04183d498964e5efc4096ba77b17d6,21.310403,1772276784,96749769eedfa881283e456dcdf2ecdefa4ffce0de066446469f7ca28ff01bb4,169,42.25,3.53,1,5,4,0.023298,0.584711,pow,pow(difficulty=27_work_amount=134217728),4.98,489,0
98,1,0xc24b36dee27726233c3bbd9e1f028f98b6b2a424,11.414359,1772276789,dd53851569085adee9736abcfe9f6a841f8d4033f2cfd0f59f89959fbc5fddfb,110,55.00,4.06,1,6,4,0.023348,0.585274,pow,pow(difficulty=27_work_amount=134217728),2.75,490,0
98,2,0xb990cdf21950e6086c350175c4bc504e45858230,0.112758,1772276793,ea7b2686a471de725e9a2c5c7dc94c760c6e661d4217ec0f8325a0f4e25c1f2e,225,56.25,4.04,1,6,4,0.023338,0.585389,pow,pow(difficulty=27_work_amount=134217728),2.78,491,0
98,3,0x30509a8084fdfe6fe24d9c9a817c209ad194f8e3,15.664329,1772276796,1ff9b81c73831ce2e33e82f1a9715e63b767002c2b8109acbdfd833546e2ef08,211,52.75,4.01,1,7,4,0.023262,0.583260,pow,pow(difficulty=27_work_amount=134217728),14.40,492,0
98,4,0x63f4973c0df8a5358405f396dc0673a463c48de9,25.923907,1772276798,c41bcdbc72f380e90c26d7ef5dceeec6955dddcfe818ed3f984d6bdb705106d7,204,51.00,3.29,1,5,3,0.023354,0.585745,pow,pow(difficulty=27_work_amount=134217728),2.91,493,0
99,0,0xc577329e86aaecb006f17fb90499c54671119935,5.319022,1772276805,ee988413b6772b19c5dc402b769051bdb9bb9e245dc9473b795295bb1f673358,54,54.00,3.61,2,5,4,0.023429,0.586420,pow,pow(difficulty=28_work_amount=268435456),1.81,494,0
99,1,0x63f4973c0df8a5358405f396dc0673a463c48de9,26.924397,1772276812,b7779c25d8dfa3572cc35a77797db39936b61a9d9c9b0aaee2a3ad711e3e60d0,250,35.71,3.84,1,6,4,0.023383,0.586012,pow,pow(difficulty=28_work_amount=268435456),11.26,495,0
99,2,0xc774b0fee7cabbef3b1ae14bf36db3df0d32c1df,9.178237,1772276817,07580b224b44178c0c59e5740f7575e8e3a75d9aa28558a1cf270f24d0f812b2,250,31.25,3.55,1,5,4,0.023464,0.586709,pow,pow(difficulty=28_work_amount=268435456),5.47,496,0
99,3,0x8c11ec9090dd820c076e57e899d9c604c79d6b32,11.572209,1772276824,7154d94a6fbfeb3f78475a69d8b36362a10af93a527d460ea99f668940fcd8d8,202,40.40,3.98,1,6,4,0.023441,0.586621,pow,pow(difficulty=28_work_amount=268435456),3.81,497,0
99,4,0x3513d672439a59c26cc5711f2b715ccb4810a774,4.285805,1772276832,e0e0bc66282af0a5df03defedb0789ab101d0a33c69259a1100b766ba2339af2,250,41.67,4.26,1,8,4,0.023431,0.586726,pow,pow(difficulty=28_work_amount=268435456),5.66,498,0
