epoch,slot,miner,proposer_stake,timestamp,block_hash,tx_count,throughput,avg_path_length,min_path_length,max_path_length,median_path_length,stake_concentration,gini_coefficient,consensus_type,consensus_state,avg_tx_delay_s,block_production_success,block_production_failed
0,2,0xcb7977f4997b4252c0152e135dd79b3cfe35c1a5,0.629033,1772528464,7aff7a0c18b8d2e18344855b0747659d8d788b7a60ce097f6bbb7d59f2ef7ebc,1,0.00,1.00,1,1,1,0.024405,0.600022,TopoStake,pog(D=0_omega=1.00),0.00,0,0
0,3,0x07902d0371763a00d97ed9ba16ff0a206cb0fd19,2.532189,1772528466,923d942fd92c491a2f37591acfa363552dcc74299061d04ac16bb5895630b020,400,80.00,4.25,1,6,4,0.024146,0.597759,TopoStake,pog(D=0_omega=1.00),1.49,1,0
0,4,0x13f9dadc05f6c237b03411e2aed1800cf21a5d89,0.278030,1772528468,068758159d23896c657b6185c7911e3e921deef59a87adbf6860bfb4f8c19f91,221,110.50,2.78,1,4,3,0.024259,0.599701,TopoStake,pog(D=0_omega=1.00),1.09,2,0
1,0,0x213068cb42718d1dd6d00a6d94d62a3def0e68eb,0.370807,1772528470,2028c2c59ef35fc828ba38d4f6b5a855be345d70e1a6dc91a69a69819ff03c22,371,123.67,3.05,1,5,3,0.023937,0.595657,TopoStake,pog(D=1_omega=1.00),2.49,3,0
1,1,0x07902d0371763a00d97ed9ba16ff0a206cb0fd19,3.532277,1772528472,0502f4066ba799d12431146f55366b2fd28cfc53d57ac0e74a37eee9da41497a,398,199.00,3.62,1,5,4,0.023641,0.592022,TopoStake,pog(D=1_omega=1.00),2.45,4,0
1,2,0xc339f8bf978200eb65afce6c7121402eda949097,0.079617,1772528474,c13c04524c3806f9601e3aeb6c02c734fa45a24699ee9f8793025f44f2ba2f96,377,188.50,2.75,1,4,3,0.023925,0.595088,TopoStake,pog(D=1_omega=1.00),2.48,5,0
1,3,0x54f496e5c1d9f95a916cf7f5b62e9c98e64a3dc5,0.044573,1772528476,e8b8125af19d74e2c6f63a920d4a4ab0a4eae172b808f289f997bd1bbce80d72,373,186.50,4.36,1,6,4,0.023579,0.589442,TopoStake,pog(D=1_omega=1.00),2.48,6,0
1,4,0x30509a8084fdfe6fe24d9c9a817c209ad194f8e3,2.656841,1772528478,9acef02daba6c769fc163f3844458cf18c05ae76624bf2010fabd62b97882696,389,194.50,4.20,1,6,4,0.023236,0.583354,TopoStake,pog(D=1_omega=1.00),2.43,7,0
2,0,0x49b57eb4dace37c8819daf079c9c674f766d4f38,1.231997,1772528480,9fa6282b7f7ad57e897c8037e13ab5e8972d4fadc46784d0bc0b86c2e6caaf75,390,195.00,3.39,1,5,3,0.023349,0.585276,TopoStake,pog(D=2_omega=1.00),2.46,8,0
2,1,0x786f26993bf015cd2da6fb5d3ccd1879e01246ab,0.291483,1772528482,184ba699efe6ba65bb896d8139263fc6d5d0d22c1ba63927ab6155a63214d09a,383,191.50,3.95,1,6,4,0.023215,0.584917,TopoStake,pog(D=2_omega=1.00),2.46,9,0
2,2,0x4ba33404d90c4ae989714d9d174cd882cffb7994,1.119018,1772528484,c573b0302f86ea4103dd3919b4aa7ee8150808649f533a1592375351a392d7ea,375,187.50,4.06,1,5,4,0.022926,0.580704,TopoStake,pog(D=2_omega=1.00),2.40,10,0
2,3,0x89100a8056319ba37491b32ba255004180607bc2,2.787464,1772528486,acf6e5cb19b01e89b08eefe09f73349f3a5324d1f3cc6aec3c43db02eef71227,400,200.00,4.38,1,6,4,0.022778,0.579878,TopoStake,pog(D=2_omega=1.00),2.55,11,0
2,4,0x016d3fc36beee7caa8fbd6c1caa42461dd7f9850,0.880653,1772528488,806a4decb1481bd085b462842abab7dc9e4a392cb9c9ac2bdda0f6d5a8bcda15,232,116.00,3.75,1,5,4,0.022897,0.581761,TopoStake,pog(D=2_omega=1.00),1.98,12,0
3,0,0x30405867b72597aaeb27803bb2c7f3f5fc7d5384,0.518813,1772528490,87873c0fc6b3a4583af8f291b2437b4c71ca83eeff1861eb2aebbada5409bc9c,274,274.00,3.05,1,4,3,0.022711,0.580004,TopoStake,pog(D=3_omega=1.00),1.68,13,0
3,1,0x1796dc61e715f15a2d27dfa32bd34780f12a8c24,1.724817,1772528492,8c20c25f4b39c4e716bf0490400e2c052dc0beaa7c6850256cd2ad28fb3e45e8,361,180.50,3.43,1,5,3,0.022471,0.576762,TopoStake,pog(D=3_omega=1.00),2.08,14,0
3,2,0xd67aaaf210c0c36ddcb7055222d168b5c9dd1b36,0.188960,1772528494,0dd1b2bc8519d415a30ded49e4211a43bbc37a9fe412ba8f981a429944d23696,400,200.00,3.21,1,5,3,0.022419,0.577299,TopoStake,pog(D=3_omega=1.00),2.07,15,0
3,3,0x07902d0371763a00d97ed9ba16ff0a206cb0fd19,4.534043,1772528496,eb2e47ee4841c97b54adc7c36392ccbfd418ee2fe885f1e195740691d86288f3,400,200.00,3.87,1,5,4,0.022137,0.572452,TopoStake,pog(D=3_omega=1.00),2.11,16,0
3,4,0x075e1d95c7891e1c00414ca1aa9a7a8cf6270019,0.142217,1772528498,f7d2a648553417dadbbf8db335c25e8b5778dd28613c71d49c2b345d253b9237,400,200.00,2.82,1,4,3,0.022497,0.576010,TopoStake,pog(D=3_omega=1.00),2.19,17,0
4,0,0xa068e3c9a21c8d8be636cd2d285895979ec3262e,0.968926,1772528500,d662681eb817c25618a3fe684390c2e145ddf261e1475f7a55735c33d4a43b6b,339,169.50,3.14,1,5,3,0.022210,0.570809,TopoStake,pog(D=3_omega=1.00),1.92,18,0
4,1,0x71f297f96355f349d66f0e9b681e7d4e11224660,0.171551,1772528502,b9ba5e9da4da713a4a1b9906f69fa7d971f2df403c953a31ee7266be7d9cc7e2,306,153.00,4.17,1,6,4,0.022046,0.569167,TopoStake,pog(D=3_omega=1.00),1.69,19,0
4,2,0xeb82a21cb3d0dd781eb22ad74bb7cd9b4d2a06ec,2.924385,1772528504,a5d0e0fa6190b2d1389645b5950ce0a8fc38b64dfe73d4572a8f560e883c7f30,400,200.00,3.91,1,5,4,0.021774,0.564092,TopoStake,pog(D=3_omega=1.00),1.88,20,0
4,3,0xaadc5fea232580cb8fba739ac5d05a48559c7e52,1.355999,1772528506,5f285571a8074f5c684b620c95e0b22534bac469c52042133a4219e4ea7a584d,234,117.00,3.97,1,6,4,0.021884,0.565996,TopoStake,pog(D=3_omega=1.00),1.73,21,0
4,4,0x8c11ec9090dd820c076e57e899d9c604c79d6b32,1.566316,1772528508,f2835c1aed1b7b432df8891d56d55aa6d57c3f68503650564402138a12f63b02,400,200.00,4.36,1,6,4,0.021777,0.565539,TopoStake,pog(D=3_omega=1.00),1.78,22,0
5,0,0x3513d672439a59c26cc5711f2b715ccb4810a774,1.292497,1772528510,2476d5ada72023c23d420caa78124ec96712c0eaff243150c6c4a3c358d3d8f0,277,138.50,4.16,1,6,4,0.021698,0.565493,TopoStake,pog(D=4_omega=1.00),1.36,23,0
5,1,0xd39dbd3662315e3935ec08e6b6028e73b3c09de2,0.923190,1772528512,3e72520b729ad7d630fcf5959021888c7c28f1cbb9c1c28813a785e9f64c014d,388,194.00,3.93,1,5,4,0.021583,0.564598,TopoStake,pog(D=4_omega=1.00),1.58,24,0
5,2,0x075e1d95c7891e1c00414ca1aa9a7a8cf6270019,1.143956,1772528514,9d4fdc1f794d14ecc63072c452d8b115cdba6716eb608de75e2927037f199ef7,400,200.00,4.49,1,6,5,0.021421,0.562479,TopoStake,pog(D=4_omega=1.00),1.54,25,0
5,3,0x3513d672439a59c26cc5711f2b715ccb4810a774,2.294347,1772528516,f2aaee017dadf94d018e7094ef17a6e247a553f83ec5748420553081c4b6ab2a,220,110.00,3.17,1,5,3,0.021291,0.560956,TopoStake,pog(D=4_omega=1.00),1.25,26,0
5,4,0x7e40df5d801345015e84c843908efc6683665fa4,0.659991,1772528518,d4c8df3df2fb10ee71daa3a7b419ea2b0926b4e7704d8a1efc51f1b19954549a,400,133.33,3.85,1,5,4,0.021304,0.562053,TopoStake,pog(D=4_omega=1.00),2.53,27,0
6,0,0xb990cdf21950e6086c350175c4bc504e45858230,0.122282,1772528520,52ab8701b463a579f8dbc164baa809cfbb7e8d8d6376fb6f953f01941253c94f,216,216.00,3.41,1,5,3,0.021115,0.559003,TopoStake,pog(D=3_omega=1.00),1.19,28,0
6,1,0x786f26993bf015cd2da6fb5d3ccd1879e01246ab,1.291777,1772528522,adcb85593fa5fa931660d3bf519ad955486de47e5fdd5151134d025eb9921d81,400,133.33,4.07,1,5,4,0.020863,0.553834,TopoStake,pog(D=3_omega=1.00),2.49,29,0
6,2,0xa3786e459f289a76c0e8af8ad834e3d0c6d47199,4.727296,1772528524,4a28926ea17660b4b602cee717b819d9df20158a89b60bf5a7dd71757096c3ed,204,102.00,3.99,1,5,4,0.020756,0.552631,TopoStake,pog(D=3_omega=1.00),2.06,30,0
6,3,0xb2a7fe70a6f3137d38f6cb4c3ec6dd1e24f2d5f4,1.422713,1772528526,a247792727b4322c37652f38b02bc64faef6bb166d9136d4b49312197cd7e5cc,400,200.00,4.22,1,6,4,0.021051,0.555859,TopoStake,pog(D=3_omega=1.00),2.42,31,0
6,4,0x1cb1274c711a6c2e4e1596846e6ac604eeefb358,0.408102,1772528528,623052befd75407cae679e90c17a8f42d3f31172ebe14c6ab37b81aa8ac9723e,195,195.00,4.11,1,6,4,0.020954,0.554904,TopoStake,pog(D=3_omega=1.00),1.90,32,0
7,0,0x4a217e35f6402e7f62a49f6d62e27c6585c2f3fd,1.492613,1772528530,9a1d84477039faa86a6b476e7e22172807b1265d25231eb1f7904af52b6fa85b,400,200.00,3.54,1,5,4,0.020743,0.550977,TopoStake,pog(D=3_omega=1.00),2.48,33,0
7,1,0x8c11ec9090dd820c076e57e899d9c604c79d6b32,2.567453,1772528532,a027c3cedba5ecf8695696a74de0f77ad9ad71d0a2343a85bae3d564d129d975,400,200.00,3.63,1,5,4,0.020657,0.550141,TopoStake,pog(D=3_omega=1.00),2.41,34,0
7,2,0x24898fcb116b48cb2b6fd5d3b4eb599fee0f4633,0.053511,1772528534,ab7028002a595270473eb6096236989e6450680dbf491a27216afe78236e06f9,400,200.00,4.09,1,6,4,0.020690,0.551369,TopoStake,pog(D=3_omega=1.00),2.34,35,0
7,3,0x1796dc61e715f15a2d27dfa32bd34780f12a8c24,2.726991,1772528536,f1ea9293d43db2451d4cb07e690f7eed44498a7e2dc67fcf47ad05ff8d679437,400,200.00,3.65,1,5,4,0.020690,0.551381,TopoStake,pog(D=3_omega=1.00),2.24,36,0
7,4,0x24898fcb116b48cb2b6fd5d3b4eb599fee0f4633,1.055467,1772528538,13f1febf654fbb54c464af5c1ea8a94708d4b8d5611d99de0e41a720cfce502c,368,184.00,3.26,1,5,3,0.020447,0.545879,TopoStake,pog(D=3_omega=1.00),1.96,37,0
8,0,0xa3786e459f289a76c0e8af8ad834e3d0c6d47199,5.728891,1772528540,839e683afed5140f151fde2de04d45e96049ed263883d44f5fc45f3004fd161d,390,195.00,3.58,1,5,4,0.020361,0.545029,TopoStake,pog(D=3_omega=1.00),1.59,38,0
8,1,0xa9105f442328d397529b8e4e9e656fa89016ff45,0.470278,1772528542,9477a365dafcfd07e2c51dd81d285fa64a93457cefd7f512070bc6dce5bee58c,353,176.50,4.21,1,6,4,0.020716,0.548249,TopoStake,pog(D=3_omega=1.00),1.51,39,0
8,2,0x075e1d95c7891e1c00414ca1aa9a7a8cf6270019,2.145430,1772528544,9eebfee417c8d5d8a630cd5f2cd86b2fdac211e97510a245bc1a59212309be88,398,199.00,3.70,1,6,4,0.020520,0.544475,TopoStake,pog(D=3_omega=1.00),1.55,40,0
8,3,0xc577329e86aaecb006f17fb90499c54671119935,0.319720,1772528546,ad04672157c957dca4acc7e78c9bcc091d14bab26c37125e836e055ba3bc51c2,208,104.00,3.18,1,5,3,0.020497,0.545039,TopoStake,pog(D=3_omega=1.00),1.12,41,0
8,4,0xa9105f442328d397529b8e4e9e656fa89016ff45,1.472136,1772528548,8abe163dba4c8f54df20af2ca3cdacc5c0baf5234381705783d72c28de800ee7,400,133.33,3.97,1,6,4,0.020291,0.540748,TopoStake,pog(D=3_omega=1.00),2.52,42,0
9,0,0x1796dc61e715f15a2d27dfa32bd34780f12a8c24,3.728924,1772528550,21bcfc63991de1cea8724a1edca4b5ce74f9be6ba27074f68750e7fdf9b984e8,231,115.50,3.61,1,5,4,0.020201,0.539712,TopoStake,pog(D=3_omega=1.00),2.10,43,0
9,1,0xc24b36dee27726233c3bbd9e1f028f98b6b2a424,2.412775,1772528553,91a81f22e398a23fe22973a05e4f791f33d757873745c985132e62c95ac058dd,400,200.00,3.27,1,5,3,0.020330,0.542284,TopoStake,pog(D=3_omega=1.00),2.40,44,0
9,2,0x0d91704595bff3aec25d40822498a51c62b05e3a,0.571472,1772528554,6faa13fff0831479b01578b50808b304be68bd3fef0cf025f22554cf2c7b042f,388,194.00,3.96,1,6,4,0.020328,0.543007,TopoStake,pog(D=3_omega=1.00),2.34,45,0
9,3,0x13f9dadc05f6c237b03411e2aed1800cf21a5d89,1.279728,1772528556,c9dfb6dd4a2bdd7917cd9fb347fd5a6ae97d542e570bb8a6f0d97416d953441d,283,283.00,3.14,1,5,3,0.020152,0.539459,TopoStake,pog(D=3_omega=1.00),1.58,46,0
9,4,0x07902d0371763a00d97ed9ba16ff0a206cb0fd19,5.538062,1772528558,342ee24de5c550c2b3bb21bfbd4ddfe6818e81b018c4c76941678792f48660e4,400,200.00,2.94,1,5,3,0.020043,0.537775,TopoStake,pog(D=3_omega=1.00),1.81,47,0
10,0,0x6d6b2734a20229ddd7fd4a1470ba3e3bad4e4a85,1.642751,1772528560,93bfbf4aadd8f08946fc3dd9108d952c3e3f4199e8230507a8ede5e21ddc65cf,295,147.50,2.86,1,4,3,0.020326,0.540712,TopoStake,pog(D=3_omega=1.00),1.52,48,0
10,1,0x26d553a2f4343b3a7dc88bbd87b3d0a25d3838d9,3.219036,1772528562,9f29445ee58a63daef26ca1ead6a0bfafb40bf8ec31bd55bff0203411147bffc,352,176.00,3.66,1,5,4,0.020247,0.539947,TopoStake,pog(D=3_omega=1.00),1.56,49,0
10,2,0xc774b0fee7cabbef3b1ae14bf36db3df0d32c1df,1.173390,1772528564,ea0b640d1e1ef4e3b1f6f84081c9d76f7ae6aca262b023169a1adfda40b2ce62,256,128.00,3.90,1,5,4,0.020310,0.541648,TopoStake,pog(D=3_omega=1.00),1.46,50,0
10,3,0x07902d0371763a00d97ed9ba16ff0a206cb0fd19,6.539598,1772528566,aca8c5b8109648d0d58155d1c12d5e8c3539787f723bb48307f7326dfacfa269,400,200.00,3.92,1,5,4,0.020189,0.539535,TopoStake,pog(D=3_omega=1.00),1.53,51,0
10,4,0x1796dc61e715f15a2d27dfa32bd34780f12a8c24,4.730819,1772528568,3dea4415a94711fce39056925a377d1e6b17188fa889209fa4dffb6eae262405,263,131.50,2.80,1,4,3,0.020535,0.542497,TopoStake,pog(D=3_omega=1.00),1.21,52,0
11,0,0x377eaef292051bbf8ada05b2af76a3f3b9d722a7,0.055703,1772528570,5001db74dbf5f3b7ff2d28b55070669524478ac03e2c1cfa754f6110be19d8e9,400,133.33,3.32,1,5,3,0.020715,0.545178,TopoStake,pog(D=3_omega=1.00),2.52,53,0
11,1,0x6d6b2734a20229ddd7fd4a1470ba3e3bad4e4a85,2.644308,1772528573,766b35723a1ccd72d6ed7b53ed2ca4ba64c302d49818893ff7d5a2b65c0244b3,217,108.50,3.63,1,5,4,0.020494,0.540014,TopoStake,pog(D=3_omega=1.00),1.99,54,0
11,2,0x34412315480562da4810040fd15c81f99880e1ab,1.897359,1772528574,993389189b514c448e3dd44fb72d533562cc1fedb8fbb36b7c159534e3de1044,400,200.00,3.56,1,5,4,0.020493,0.540745,TopoStake,pog(D=3_omega=1.00),2.48,55,0
11,3,0xcdc82b7c868072205a399d0f68e6e3ad3bfd1ca6,0.207205,1772528576,73ad16491ebe394c658f4bc4ec0825e599ad4b15ef472bd00eba9701d0b6f6d0,235,235.00,3.89,1,6,4,0.020428,0.540432,TopoStake,pog(D=3_omega=1.00),1.74,56,0
11,4,0x24898fcb116b48cb2b6fd5d3b4eb599fee0f4633,2.057132,1772528578,c564a21aeeb7f2ac82804367af937fe27000ed01b81ea49e938e7d29985ad179,400,200.00,3.52,1,5,4,0.020226,0.535904,TopoStake,pog(D=3_omega=1.00),2.26,57,0
12,0,0x07902d0371763a00d97ed9ba16ff0a206cb0fd19,7.541231,1772528580,b4b3de6d1bf78987327ad67e9597f502829909642f9f112be99fa6ad23a0137e,400,200.00,3.46,1,5,4,0.020176,0.535803,TopoStake,pog(D=3_omega=1.00),2.19,58,0
12,1,0x89100a8056319ba37491b32ba255004180607bc2,3.787333,1772528582,1d2bd47576ba4928ee5a7e609ee275b8626dcf7cbe1d704eeacd8f2f34de552f,400,200.00,2.79,1,4,3,0.020561,0.538677,TopoStake,pog(D=3_omega=1.00),1.98,59,0
12,2,0xaadc5fea232580cb8fba739ac5d05a48559c7e52,2.356906,1772528584,871e69a6d3ad77e97065a22c44e03accf8f86da4d15d3138ec414a82efc6450d,248,124.00,3.80,1,5,4,0.020640,0.540861,TopoStake,pog(D=3_omega=1.00),1.44,60,0
12,3,0x282f43759e22b50aa7989261c51c367f325c3f91,0.352224,1772528586,af6e9a3eee7dd391b51b362be665f84de25a272aa27e2105ae994327ba80fc0a,395,131.67,4.38,1,6,4,0.020606,0.541053,TopoStake,pog(D=3_omega=1.00),2.53,61,0
12,4,0x24898fcb116b48cb2b6fd5d3b4eb599fee0f4633,3.059113,1772528588,517077fb72bb8fe4c67ec3399d30efbdf5d85f072e63c737088af19e1cf0ddc7,399,199.50,3.91,1,6,4,0.020417,0.536970,TopoStake,pog(D=3_omega=1.00),2.53,62,0
13,0,0x53be6e527cc5a7d850b5eae27b9cef342e0665f2,0.041517,1772528590,7406383eacce0e8ebd828fd94915f2dfdb3eb4401c7a2ddd891a80acb269391f,333,166.50,3.59,1,5,4,0.020436,0.538065,TopoStake,pog(D=3_omega=1.00),2.41,63,0
13,1,0x786f26993bf015cd2da6fb5d3ccd1879e01246ab,2.292006,1772528593,f36133dc833f2426aa9501c7c3c0408894932332f1d90aa057be673cd47ffa34,400,200.00,3.50,1,5,4,0.020228,0.532873,TopoStake,pog(D=3_omega=1.00),2.44,64,0
13,2,0xa447d277b02012c2afd9ddcbbe123f27cc971963,1.808280,1772528595,9cdf88bedcefff0a98c10d63a3c9fa698cbd91240facb41b326627bd348b323a,400,200.00,4.03,1,5,4,0.020189,0.532898,TopoStake,pog(D=3_omega=1.00),2.45,65,0
13,3,0xe478b1e4d1538274c0c70cbd7df877f9abab2f62,2.298895,1772528597,22d4c48c38d668893fb4ec097ec6193003ae7a4211a98146248baf7eb0568330,400,200.00,3.51,1,5,4,0.020115,0.532143,TopoStake,pog(D=3_omega=1.00),2.44,66,0
13,4,0x075e1d95c7891e1c00414ca1aa9a7a8cf6270019,3.147441,1772528599,e54fc34b8e39fe1ad578fcb1c43d6e099cdd3947a240531da1047d4bad22433c,400,200.00,4.09,1,5,4,0.020076,0.531996,TopoStake,pog(D=3_omega=1.00),2.51,67,0
14,0,0x6064b9f5883bf9737dfe314ff68c56e09e68ac89,2.191477,1772528601,4aa8bb30dae2768cf6faa16ca8eb6d0acd2f2aadcf456728a18d42313f207736,400,200.00,3.16,1,5,3,0.020096,0.533078,TopoStake,pog(D=3_omega=1.00),1.80,68,0
14,1,0x1796dc61e715f15a2d27dfa32bd34780f12a8c24,5.733277,1772528603,a4d75b45b9cfe9aa3bcaf5133312afc2ad277049eb18a1fd7a20a44231aa9ba6,219,109.50,3.90,2,5,4,0.020048,0.532697,TopoStake,pog(D=3_omega=1.00),1.28,69,0
14,2,0x28672c71695142588ed26ada6f4b18b8b6c12308,0.690882,1772528605,4e65f1237dae1317cbf98b9b39cdd6a34390b60e610bf04e4cd27d6b53d9a8aa,372,186.00,3.32,1,5,3,0.020245,0.535167,TopoStake,pog(D=3_omega=1.00),1.51,70,0
14,3,0x07902d0371763a00d97ed9ba16ff0a206cb0fd19,8.544068,1772528607,f5467e678078edfb26e251184ce31095adc7bb4f6c00022bcffb17a219392886,400,133.33,3.55,1,5,4,0.020091,0.532019,TopoStake,pog(D=3_omega=1.00),2.47,71,0
14,4,0xc339f8bf978200eb65afce6c7121402eda949097,1.078334,1772528609,0bb1ddaf0774049334d8ac45aef838236880e0f822b7039876886dad37d38492,224,112.00,2.80,1,4,3,0.020471,0.534695,TopoStake,pog(D=3_omega=1.00),2.05,72,0
15,0,0x606627477c3734932f47972f83c27cf4e3b35b4f,3.376713,1772528611,bb67bcad4140bc66a54335e16f36f6998cabae94828ffe04eccde36aad99a0b1,383,191.50,4.34,1,6,4,0.020340,0.532396,TopoStake,pog(D=3_omega=1.00),2.48,73,0
15,1,0x26d553a2f4343b3a7dc88bbd87b3d0a25d3838d9,4.219900,1772528613,1a5a4c5eaccaa04b839b42784a7aeca7517969a65f96584697c3e4d9329fe59e,262,262.00,3.46,1,5,3,0.020364,0.533742,TopoStake,pog(D=3_omega=1.00),1.69,74,0
15,2,0x37cc7a82e66d4f4c2ae13b9ee895d3af1a1d7a05,0.263241,1772528615,b281cb083f1274b90deb1cbe5fd02b650d6bc2d77dea0fd1a2fa5f2cfa251dbc,400,200.00,3.75,1,5,4,0.020440,0.535897,TopoStake,pog(D=3_omega=1.00),1.93,75,0
15,3,0x07902d0371763a00d97ed9ba16ff0a206cb0fd19,9.545450,1772528617,ea16c1acb5ee0fc8acf088f4359dbd314cedb741e00d55b7fa2b4c7693261b8f,400,200.00,3.92,1,6,4,0.020258,0.531657,TopoStake,pog(D=3_omega=1.00),1.77,76,0
15,4,0x075e1d95c7891e1c00414ca1aa9a7a8cf6270019,4.149795,1772528619,5804f75975b0fbb91c0eb66e38c7889cead2a4ec49590a6cbb0a184687d24eb5,223,111.50,2.84,1,4,3,0.020672,0.534262,TopoStake,pog(D=3_omega=1.00),1.31,77,0
16,0,0x81d019380961f92c2031b0a7fba69f7675145088,0.492313,1772528621,85725ed297c2917a5b8b247f990916b0101ce7e4470401a6907d5aeef813ba3f,384,192.00,3.20,1,6,3,0.020735,0.536241,TopoStake,pog(D=3_omega=1.00),1.45,78,0
16,1,0xe6ebb0cdfd04183d498964e5efc4096ba77b17d6,4.293173,1772528623,22a7e3f7f4b14e124eeb48b15c09b8cfe8259346bd4a938bdef1b1be56ce6d7f,400,133.33,3.73,2,5,4,0.020566,0.532516,TopoStake,pog(D=3_omega=1.00),2.50,79,0
16,2,0x49b57eb4dace37c8819daf079c9c674f766d4f38,2.231530,1772528626,06647f35cc60a984fcd3e47f1fd36cf60ff8ecb3aed591c3e95f3c8a39b66a7e,202,101.00,3.89,1,6,4,0.020635,0.534454,TopoStake,pog(D=3_omega=1.00),2.09,80,0
16,3,0x6d6b2734a20229ddd7fd4a1470ba3e3bad4e4a85,3.645728,1772528627,11902896274e9ce7a31719599e3a8fa5f23ae6e4c8698dfb975649cddfbd3382,400,200.00,3.98,1,6,4,0.020574,0.534016,TopoStake,pog(D=3_omega=1.00),2.47,81,0
16,4,0xa447d277b02012c2afd9ddcbbe123f27cc971963,2.809878,1772528629,342f7dcf966a109a1de0a9fe50468bf7b47ce29f7b7484e21fd42a5e25196eab,93,93.00,3.09,1,5,3,0.020600,0.535426,TopoStake,pog(D=3_omega=1.00),1.43,82,0
17,0,0x13f9dadc05f6c237b03411e2aed1800cf21a5d89,2.282963,1772528631,69a9d0e628dae79e36de90267bc0adfd37826d7ad39a0bfb899ad019b458c15f,400,200.00,3.53,1,5,4,0.020574,0.535626,TopoStake,pog(D=3_omega=1.00),2.10,83,0
17,1,0x1796dc61e715f15a2d27dfa32bd34780f12a8c24,6.735225,1772528633,693e78484095e018c46fbaf4518fab9f0aabfb6246ebc6c11fb7aeab065362be,400,200.00,3.08,1,5,3,0.020515,0.535084,TopoStake,pog(D=3_omega=1.00),1.96,84,0
17,2,0xaadc5fea232580cb8fba739ac5d05a48559c7e52,3.357731,1772528635,16758f9faff003fdd563f653b1c46d1d011de9e373afe50490ecf10a25b24778,289,144.50,3.28,1,5,3,0.020718,0.537448,TopoStake,pog(D=3_omega=1.00),1.68,85,0
17,3,0xaadc5fea232580cb8fba739ac5d05a48559c7e52,4.359323,1772528637,bd67acf329b7bc89905e21419d6cc0d3c9f29db5878fe09e5b4b83de1c59cd8e,393,131.00,4.30,1,6,4,0.020719,0.538382,TopoStake,pog(D=3_omega=1.00),2.52,86,0
17,4,0xac768e60b9269babb15cb1e36ee843243d7c7543,3.717248,1772528639,134e6abb0113ffaec7be38738841a529ac0df9c48271fc363d8949b46f62c957,400,200.00,4.40,1,6,4,0.020777,0.540117,TopoStake,pog(D=3_omega=1.00),2.51,87,0
18,0,0x13f9dadc05f6c237b03411e2aed1800cf21a5d89,3.285052,1772528641,403edeaf122a11c6a63504dcf5213a4c7d2e0770fffef99c4ebdc2b1d2d1d3fe,195,97.50,3.87,1,5,4,0.020795,0.541285,TopoStake,pog(D=3_omega=1.00),2.06,88,0
18,1,0x2abf89d7c96c80fcff9dec1fe92803573094ee35,0.226768,1772528643,4e28323bc9b1ff072a73a100a207682d375d7a70302af312d339ce5e20e02252,321,321.00,2.89,1,5,3,0.020788,0.541932,TopoStake,pog(D=3_omega=1.00),1.54,89,0
18,2,0xf82400c4f426bdbd2bc687ffef1f22c1a381c851,0.062612,1772528645,db8144adb7b4dd7953a6a8f105f874fe9a6aa776d92ff261a07b63433c382b21,400,200.00,3.73,1,5,4,0.020610,0.537705,TopoStake,pog(D=3_omega=1.00),1.88,90,0
18,3,0x075e1d95c7891e1c00414ca1aa9a7a8cf6270019,5.151985,1772528647,f15b1bfa2e801f62220a21351d29cd701e6ae8947dcc13094065937d00c47555,361,180.50,3.82,1,6,4,0.020426,0.532972,TopoStake,pog(D=3_omega=1.00),1.72,91,0
18,4,0x34412315480562da4810040fd15c81f99880e1ab,2.897649,1772528649,222e9c923693b6263bb3b9d6afb84dec7a9575ad2b12dd5d1627d846eedce238,399,199.50,3.13,1,6,3,0.020521,0.535011,TopoStake,pog(D=3_omega=1.00),1.63,92,0
19,0,0x53be6e527cc5a7d850b5eae27b9cef342e0665f2,1.042760,1772528651,1b08422ae9a34c978726f736325d95f6f58c6dcead69947e74f1774185e8d81d,285,142.50,4.04,1,6,4,0.020492,0.535050,TopoStake,pog(D=3_omega=1.00),1.34,93,0
19,1,0x1cb1274c711a6c2e4e1596846e6ac604eeefb358,1.409040,1772528654,b2d59061d9d50046edb5d70b770b09614f1c3fd31a7203e94f262e1fd48838ed,393,131.00,3.39,1,5,4,0.020364,0.532743,TopoStake,pog(D=3_omega=1.00),2.50,94,0
19,2,0x3d92e045fb1847aae132b40ebfcc471a32f687de,0.126102,1772528655,c5066f47f6af8654e9e5116ab8139b09350a3ee3cab6a929fe995ad66d30dd46,400,200.00,3.49,1,5,4,0.020256,0.531120,TopoStake,pog(D=3_omega=1.00),2.42,95,0
19,3,0x54f496e5c1d9f95a916cf7f5b62e9c98e64a3dc5,1.042692,1772528657,b33c26ccbda9c99552c30b0e09fbbceb52df9060d9831f9f9052fe917cbfcd84,222,222.00,3.87,2,5,4,0.020082,0.526638,TopoStake,pog(D=3_omega=1.00),1.70,96,0
19,4,0x24898fcb116b48cb2b6fd5d3b4eb599fee0f4633,4.060957,1772528659,edee07c208496423eccc45f561a5cd830355cabd2edf46aa6d5e5b394c690844,400,200.00,4.26,1,5,4,0.019959,0.524235,TopoStake,pog(D=3_omega=1.00),2.07,97,0
20,0,0x07902d0371763a00d97ed9ba16ff0a206cb0fd19,10.548263,1772528661,1065a5948745a04ca5cbc97532f66ba7054395ce81beb067082e7a7060349328,285,142.50,3.59,1,5,4,0.019991,0.525591,TopoStake,pog(D=3_omega=1.00),1.73,98,0
20,1,0x81193196c1dbdbf80709d43a5af5ce21c201fbd7,0.836872,1772528663,3e1f26d858d0f441f949450d75c8bb414be69b38325ed446ecf02306d591e2e5,382,191.00,2.75,1,4,3,0.020350,0.527946,TopoStake,pog(D=3_omega=1.00),1.51,99,0
20,2,0xc577329e86aaecb006f17fb90499c54671119935,1.320217,1772528665,42227bb8c20fb796c59f7bc327c29e3ab861dded1d86f7c2c889184a46793ec3,360,120.00,4.04,1,6,4,0.020214,0.525023,TopoStake,pog(D=3_omega=1.00),2.49,100,0
20,3,0x9ba702916c26a8583a7f277d6932b3c0d9927ce0,0.195231,1772528667,593f6d836a3d3fd426af49c57f526be09990da96a6d62e223a6bc7b35939482f,400,200.00,3.99,1,6,4,0.020103,0.523123,TopoStake,pog(D=3_omega=1.00),2.46,101,0
20,4,0x89100a8056319ba37491b32ba255004180607bc2,4.788115,1772528669,0bba6276dd45bdfb4a305290104a4dbde5c5e6757b7497c0211aa61425e7027a,264,264.00,3.53,1,5,4,0.019939,0.518834,TopoStake,pog(D=3_omega=1.00),1.73,102,0
21,0,0xcdfb7a191f0bf929991735127c8d1b4e5b99de22,0.045424,1772528671,4e68acbb312d6d4e06588288983628ec92234b8bf0177c26f6055c499cd4bb68,400,200.00,3.86,1,5,4,0.020000,0.520597,TopoStake,pog(D=3_omega=1.00),2.20,103,0
21,1,0x24898fcb116b48cb2b6fd5d3b4eb599fee0f4633,5.062438,1772528673,f14fc431539ba53528b50f45af13cbe0eed0a501f62d621ba39571bf2a918170,321,160.50,4.28,1,6,4,0.019831,0.515895,TopoStake,pog(D=3_omega=1.00),1.99,104,0
21,2,0x075e1d95c7891e1c00414ca1aa9a7a8cf6270019,6.154609,1772528675,4d11e3b536d14118be3caf0e89f65d07159e128935b89dbae4e6b4b82f8472db,400,200.00,3.56,1,5,4,0.019903,0.517693,TopoStake,pog(D=3_omega=1.00),1.68,105,0
21,3,0xeaa5003682d7289190651081ae2bee847097afc5,0.759004,1772528677,cd3da3f8f390360c248eec6dc281110277f5b44cd01c658846f932666891e414,231,77.00,3.04,1,5,3,0.020025,0.519753,TopoStake,pog(D=3_omega=1.00),2.30,106,0
21,4,0x0d91704595bff3aec25d40822498a51c62b05e3a,1.573477,1772528680,c063ff0e13902b4d7ba07a1c1fbec01ef21954ca5fb71890f18ff64e368f504a,400,200.00,4.32,1,6,4,0.019891,0.516606,TopoStake,pog(D=3_omega=1.00),2.57,107,0
22,0,0x50f7fa851f9314d682e36da5caa4635039b5305d,0.103450,1772528682,852f36d405db5238f5d10b5dad6769ff0263601bc3b49d57ddf4e9f664e1a8ed,364,182.00,3.10,1,5,3,0.019796,0.515183,TopoStake,pog(D=3_omega=1.00),1.83,108,0
22,1,0xa068e3c9a21c8d8be636cd2d285895979ec3262e,1.967834,1772528684,391b8bceaeab386781e8832ab9ec8e7c1d2ad1fd0d6bbf7033c9a4e7d9162524,400,200.00,3.28,1,5,3,0.019635,0.510657,TopoStake,pog(D=3_omega=1.00),1.84,109,0
22,2,0xf6e059718dbd0a0956726ab97d06bad5efc6cd18,1.013687,1772528686,57c789f0f9e9404c873046da939aaade0788425663e17af52f19f90339472352,310,155.00,4.24,1,6,4,0.019560,0.509837,TopoStake,pog(D=3_omega=1.00),1.65,110,0
22,3,0x377eaef292051bbf8ada05b2af76a3f3b9d722a7,1.055690,1772528688,731e23bf4a1b949533aa0e487c6a71aec5222e0a7d04efe5f45ad78f4f9f012b,400,200.00,3.85,1,6,4,0.019444,0.507226,TopoStake,pog(D=3_omega=1.00),1.61,111,0
22,4,0x24898fcb116b48cb2b6fd5d3b4eb599fee0f4633,6.064174,1772528690,3e58c133de1ad62235293e2739d0a195d5112c83c27e95ef9911ee63ba901b21,262,87.33,3.71,1,5,4,0.019330,0.504655,TopoStake,pog(D=3_omega=1.00),2.34,112,0
23,0,0x50f7fa851f9314d682e36da5caa4635039b5305d,1.105343,1772528692,26361d4f854a3f57afc0dce4b8f11347ce306df4b973a939525a022a45a23ae2,400,200.00,3.63,1,5,4,0.019439,0.506598,TopoStake,pog(D=3_omega=1.00),2.49,113,0
23,1,0x89100a8056319ba37491b32ba255004180607bc2,5.790066,1772528694,0794a4cd1942438e5367ca381c78b8b1e0df16841030258cac6d36ca5d65edfa,281,281.00,3.13,1,5,3,0.019328,0.504078,TopoStake,pog(D=3_omega=1.00),1.59,114,0
23,2,0xd67aaaf210c0c36ddcb7055222d168b5c9dd1b36,1.188473,1772528696,28ba7b6ac91ac241a9bee2a737367a29c81b855ada2d7657f3411ac23d8d4dae,400,200.00,3.95,1,5,4,0.019422,0.505890,TopoStake,pog(D=3_omega=1.00),1.92,115,0
23,3,0x52e05d9fa4faa167f30baba23c710e4f49115288,0.145785,1772528698,3a97435c3b6ab794600c8ca7344257452b2736377a14ce9faf86e7c5cdacb893,267,133.50,3.91,1,5,4,0.019315,0.503506,TopoStake,pog(D=3_omega=1.00),1.62,116,0
23,4,0x075e1d95c7891e1c00414ca1aa9a7a8cf6270019,7.155977,1772528700,448c33f8eb32ad9db55ec1b6a0582d8f78be76617beacd3bf78ab7bca43228e6,400,133.33,4.13,1,6,4,0.019165,0.499185,TopoStake,pog(D=3_omega=1.00),2.57,117,0
24,0,0x0d91704595bff3aec25d40822498a51c62b05e3a,2.575358,1772528703,c642dfe2c98c6ef6bde748ba8e450e284e8e49faaf2526b307d0a15bf34d65c9,230,115.00,3.03,1,5,3,0.019312,0.501303,TopoStake,pog(D=3_omega=1.00),2.06,118,0
24,1,0x269cdf52f97e1d9f14b7be895155a7b294f0b21d,0.724338,1772528704,c1349212bb0d062debdd91c748d4e32a7387960d78b3db1e559e14ac319a0865,400,200.00,3.26,1,5,3,0.019264,0.501061,TopoStake,pog(D=3_omega=1.00),2.37,119,0
24,2,0x53be6e527cc5a7d850b5eae27b9cef342e0665f2,2.044528,1772528706,0e04b723291158e7497b02a4080d2aaad406cd9ba7f9dadbb0e8ba4d17c550cb,283,283.00,3.46,1,5,4,0.019140,0.497707,TopoStake,pog(D=3_omega=1.00),1.52,120,0
24,3,0x81193196c1dbdbf80709d43a5af5ce21c201fbd7,1.838203,1772528708,e6d0b496962fe31e37f992b8e380dd22ae615ddca207c5f760c1380c16591988,400,200.00,3.46,1,5,4,0.019072,0.496925,TopoStake,pog(D=3_omega=1.00),1.82,121,0
24,4,0x54f496e5c1d9f95a916cf7f5b62e9c98e64a3dc5,2.043853,1772528710,c1069f91f0100f331a1896ecde5fdd9df470cafd2ba0c1b6d7d04f6dbce6dd0b,244,122.00,4.10,1,6,4,0.018996,0.495772,TopoStake,pog(D=3_omega=1.00),1.48,122,0
25,0,0xb990cdf21950e6086c350175c4bc504e45858230,1.122421,1772528712,1a7ca06b43a0910626b8744a9f273707d1029384dba5ea830b0dbf97dbd72bc8,400,133.33,4.29,1,6,4,0.018929,0.494850,TopoStake,pog(D=3_omega=1.00),2.51,123,0
25,1,0x53be6e527cc5a7d850b5eae27b9cef342e0665f2,3.046473,1772528715,30f24f6edc7da0212da7395a3e44f5cc6b9ff204d03be955e370511467d853b4,226,113.00,3.96,1,5,4,0.018825,0.492269,TopoStake,pog(D=3_omega=1.00),2.06,124,0
25,2,0x075e1d95c7891e1c00414ca1aa9a7a8cf6270019,8.157436,1772528716,68e84203cbbbd2809161fc83a2b098e339c6fa70833cecfd371efdcbf2294304,400,200.00,3.47,1,5,4,0.018798,0.492534,TopoStake,pog(D=3_omega=1.00),2.45,125,0
25,3,0xc24b36dee27726233c3bbd9e1f028f98b6b2a424,3.413164,1772528718,2442247be878767fc556b22f54508f5727e5930cb049884ba6933e55fdc36b97,188,188.00,2.96,1,5,3,0.018972,0.494658,TopoStake,pog(D=3_omega=1.00),1.14,126,0
25,4,0x24898fcb116b48cb2b6fd5d3b4eb599fee0f4633,7.066293,1772528720,a6cf621c840631bb28fe13f138bb453d5d7937262220d925bef8893c22955fbb,400,200.00,3.98,1,6,4,0.018957,0.495289,TopoStake,pog(D=3_omega=1.00),1.72,127,0
26,0,0x0d91704595bff3aec25d40822498a51c62b05e3a,3.577311,1772528722,1f87d7a3a38001177f103492b8a8b776714dd8ba7f392fbc9e8474f249b46f3e,277,138.50,3.66,1,5,4,0.018958,0.495297,TopoStake,pog(D=3_omega=1.00),1.42,128,0
26,1,0x81193196c1dbdbf80709d43a5af5ce21c201fbd7,2.839143,1772528724,6000ae7677b92b1902258b5f04d718dcd91ba35b4710d8869675279d50341320,392,130.67,3.24,1,5,3,0.019073,0.497957,TopoStake,pog(D=3_omega=1.00),2.50,129,0
26,2,0x1796dc61e715f15a2d27dfa32bd34780f12a8c24,7.737543,1772528727,959adf94ec3aa952ef1109f0478de945bfc48ee5f45dd604767ff6887368b555,400,200.00,3.96,1,6,4,0.019034,0.497765,TopoStake,pog(D=3_omega=1.00),2.50,130,0
26,3,0x07902d0371763a00d97ed9ba16ff0a206cb0fd19,11.553025,1772528728,51b7d89e54c6d86cbbbab6499a75d8681b39fef70aecd928a2bb9b5b235d0a13,400,200.00,3.33,1,5,3,0.019179,0.499702,TopoStake,pog(D=3_omega=1.00),2.50,131,0
26,4,0xa3786e459f289a76c0e8af8ad834e3d0c6d47199,6.728969,1772528730,1adf21c744f37c2b294b8146be5a2939f2ba9ac1a4678d84a9ca605a0ffa3d8e,180,180.00,2.71,1,4,3,0.019463,0.501828,TopoStake,pog(D=3_omega=1.00),1.05,132,0
27,0,0x016d3fc36beee7caa8fbd6c1caa42461dd7f9850,1.882224,1772528732,bbef4929862768c87727161880c326507eb68cd07d34b44afc21cb5f964d1e97,357,178.50,4.17,1,6,4,0.019563,0.503585,TopoStake,pog(D=3_omega=1.00),1.66,133,0
27,1,0x3513d672439a59c26cc5711f2b715ccb4810a774,3.294420,1772528734,daab87a4b5d1e28eaef003f5ee6ab325929ee8c313be621a485e19416d2e6ed5,275,137.50,3.19,1,5,3,0.019483,0.502350,TopoStake,pog(D=3_omega=1.00),1.50,134,0
27,2,0x6064b9f5883bf9737dfe314ff68c56e09e68ac89,3.191025,1772528736,df04f70e5da90f4029a165655ee8061bb63ca7b8d1618fd9b8722d09d652f781,400,133.33,3.83,1,5,4,0.019456,0.502623,TopoStake,pog(D=3_omega=1.00),2.55,135,0
27,3,0x075e1d95c7891e1c00414ca1aa9a7a8cf6270019,9.158843,1772528739,34b4f678bdc64cd15cccb2922a93fc8de3cccf8cbb88fc3e6f664977fca6ad60,222,111.00,3.84,1,5,4,0.019424,0.502695,TopoStake,pog(D=3_omega=1.00),2.16,136,0
27,4,0x0d91704595bff3aec25d40822498a51c62b05e3a,4.579293,1772528740,a7c48a3aa4f470742e68dbf722b96de677ee6b6d1a936a77523f867d084d7618,400,200.00,3.15,1,5,3,0.019605,0.504674,TopoStake,pog(D=3_omega=1.00),2.47,137,0
28,0,0x4414c05be2cf328f38d2e3ef4b705d6b894f044a,2.087137,1772528742,0c6f1d296f7642abb6349a79dc2bcdf647cd297fa91ba2a81614ae2aaf5810ad,328,328.00,3.12,1,5,3,0.019621,0.506024,TopoStake,pog(D=3_omega=1.00),1.54,138,0
28,1,0xc24b36dee27726233c3bbd9e1f028f98b6b2a424,4.415016,1772528744,42eaa09c82d3679c108b586428c25b1c0927bb156c2e248c035aed6062f9abbc,400,200.00,3.92,1,5,4,0.019621,0.506030,TopoStake,pog(D=3_omega=1.00),1.75,139,0
28,2,0x2abf89d7c96c80fcff9dec1fe92803573094ee35,1.227768,1772528746,27cedda4acc37bcddfa51eb9568f22f010131ac49ae72ab5edb061776b273a49,262,131.00,4.07,2,6,4,0.019556,0.506170,TopoStake,pog(D=3_omega=1.00),1.58,140,0
28,3,0xe6ebb0cdfd04183d498964e5efc4096ba77b17d6,5.292551,1772528748,bd04fad32f21fef56cb91dd00bfe2f52e5f8b4042164d10d7dea4fa5cdd56f91,400,133.33,3.71,1,5,4,0.019454,0.503815,TopoStake,pog(D=3_omega=1.00),2.53,141,0
28,4,0x282f43759e22b50aa7989261c51c367f325c3f91,1.352382,1772528751,84868b4c111d581a6e4a2dd98f027f4792ddc45ec9f817068b47a8aaad921c2d,237,118.50,3.84,1,6,4,0.019492,0.505299,TopoStake,pog(D=3_omega=1.00),2.09,142,0
29,0,0x016d3fc36beee7caa8fbd6c1caa42461dd7f9850,2.883554,1772528752,23f15904b2e7b9b3df8ffa684c34becb53199a1a62f3c9b5e7cce6f31e2fbbdd,400,200.00,3.94,1,6,4,0.019394,0.503089,TopoStake,pog(D=3_omega=1.00),2.42,143,0
29,1,0x3513d672439a59c26cc5711f2b715ccb4810a774,4.296160,1772528754,5f40e1c33390f3cee77e9dd237286b762b8d77f9d08eacad247097e3d7c391b8,366,366.00,3.04,1,4,3,0.019350,0.502731,TopoStake,pog(D=3_omega=1.00),1.49,144,0
29,2,0xb990cdf21950e6086c350175c4bc504e45858230,2.123003,1772528756,4e953596a96cc5a21dc25280a15e685fee8453c01e76bb8cb09c1ca2d1327cde,400,200.00,3.79,1,5,4,0.019352,0.503753,TopoStake,pog(D=3_omega=1.00),1.66,145,0
29,3,0x075e1d95c7891e1c00414ca1aa9a7a8cf6270019,10.161497,1772528758,139d5567414a84e2d023438382f00736e65bab6f97496907e0ea62c88ad67c17,240,120.00,3.97,1,5,4,0.019282,0.502676,TopoStake,pog(D=3_omega=1.00),1.24,146,0
29,4,0x24898fcb116b48cb2b6fd5d3b4eb599fee0f4633,8.067850,1772528760,a14caef48582fa6c19054bd252a7668ceb2c5639b42b726958e09ed2eaa8e1b9,400,133.33,3.10,1,5,3,0.019477,0.504583,TopoStake,pog(D=3_omega=1.00),2.51,147,0
30,0,0x6064b9f5883bf9737dfe314ff68c56e09e68ac89,4.191851,1772528763,8e7add78dc3e5da805d12d9825a82cd25b2cbe65e3a49d199b39c139f4acebd5,207,103.50,3.46,1,5,4,0.019599,0.506336,TopoStake,pog(D=3_omega=1.00),2.00,148,0
30,1,0x213068cb42718d1dd6d00a6d94d62a3def0e68eb,1.367816,1772528764,6fb8b5ab256628baec98b29b20bdc046635f6734b01d1e26b362d3b9b0f14fd5,400,200.00,3.85,1,5,4,0.019594,0.507193,TopoStake,pog(D=3_omega=1.00),2.32,149,0
30,2,0x07902d0371763a00d97ed9ba16ff0a206cb0fd19,12.555266,1772528766,b815e490384f046cc22f56ce187b678c66156856c4f829f78e29ff99584bfeb9,301,301.00,3.60,1,5,4,0.019497,0.504967,TopoStake,pog(D=3_omega=1.00),1.53,150,0
30,3,0x8d9e46becf415ca26aa698c9657087e6554aabda,0.383871,1772528768,fb79b93d925314013d1f996ef37a6c4a2e734158a397468e4206de63828a8e24,400,200.00,2.79,1,4,3,0.019758,0.506912,TopoStake,pog(D=3_omega=1.00),1.76,151,0
30,4,0x075e1d95c7891e1c00414ca1aa9a7a8cf6270019,11.163749,1772528770,8d30152368482e35de333953536dfa2af2bcbc224fc0c84d5b879eef8b8b2c95,252,126.00,3.69,1,6,4,0.019629,0.503378,TopoStake,pog(D=3_omega=1.00),1.40,152,0
31,0,0x30509a8084fdfe6fe24d9c9a817c209ad194f8e3,3.658352,1772528772,4d13dd5ab5d6bf058936f789338d9fc2083c77ea2a0382431e99f990978eb667,400,133.33,3.18,1,5,3,0.019840,0.505238,TopoStake,pog(D=3_omega=1.00),2.54,153,0
31,1,0x0d91704595bff3aec25d40822498a51c62b05e3a,5.581240,1772528774,8306b60ffb8d36a457650eb1ee6a562250edf636db2db0cba4ca2178fa4dd415,260,130.00,3.24,1,5,3,0.019813,0.505631,TopoStake,pog(D=3_omega=1.00),1.92,154,0
31,2,0x13f9dadc05f6c237b03411e2aed1800cf21a5d89,4.289251,1772528776,0928b89c13d9de4f3713ef7d422425848a809badf36f2e1d959f445cbd953349,272,272.00,3.17,1,5,3,0.019845,0.507014,TopoStake,pog(D=3_omega=1.00),1.58,155,0
31,3,0x07902d0371763a00d97ed9ba16ff0a206cb0fd19,13.557436,1772528778,846cfd5355149f8fa5c1e14bae1e41ad43509e880693f5e096d1c748976c85bc,400,200.00,3.01,1,5,3,0.019837,0.507793,TopoStake,pog(D=3_omega=1.00),1.93,156,0
31,4,0x0d91704595bff3aec25d40822498a51c62b05e3a,6.582584,1772528780,9bfcb82a43fc33cddbb22650b5f3b5d33840c8b9f13b57b1aec808f2fdbb0f0e,293,146.50,2.75,1,4,3,0.020110,0.509679,TopoStake,pog(D=3_omega=1.00),1.59,157,0
32,0,0x89100a8056319ba37491b32ba255004180607bc2,6.791467,1772528782,529b0d48d8b5e48400d5b1ad75752869df17ccc0a8ab8d4368bd3f6f07f1982c,376,188.00,3.24,1,5,3,0.020167,0.511146,TopoStake,pog(D=3_omega=1.00),1.48,158,0
32,1,0xd3997be86c88837e3fd467517b943590b28fa641,0.053731,1772528784,84a42b8e6620be12a65f6199dbb884235993fc6be89b60d280f3ed32ae63aa20,400,133.33,3.90,1,6,4,0.020230,0.512566,TopoStake,pog(D=3_omega=1.00),2.48,159,0
32,2,0x786f26993bf015cd2da6fb5d3ccd1879e01246ab,3.291532,1772528786,682fc7dc547471ab5b080d9131833a80452ba6f532d76623ba35bbc70fc2ded1,224,112.00,4.04,1,6,4,0.020091,0.508607,TopoStake,pog(D=3_omega=1.00),2.03,160,0
32,3,0xcb7977f4997b4252c0152e135dd79b3cfe35c1a5,1.624657,1772528788,fc6fc0fd3a5889294eb5d4033be8e770382f1f62ac0b37b42423c3bbdf9e7b76,237,237.00,3.89,1,5,4,0.020049,0.508575,TopoStake,pog(D=3_omega=1.00),1.84,161,0
32,4,0x0d91704595bff3aec25d40822498a51c62b05e3a,7.584501,1772528790,cdfaf910e28a47479b6301dbec784bed4d69d471725181f34f2cfa5d38e1a593,400,200.00,4.21,1,6,4,0.019958,0.506796,TopoStake,pog(D=3_omega=1.00),2.35,162,0
33,0,0xb990cdf21950e6086c350175c4bc504e45858230,3.123897,1772528792,d87e0535a9fc5984dbdf2f74cc63ed191d5bcc71affe9dfeeb31b28baf45fdf3,336,168.00,3.30,1,5,3,0.020041,0.508312,TopoStake,pog(D=3_omega=1.00),2.03,163,0
33,1,0xd1cd4b808ce6b2841ad42746b64c5a047e857ef0,0.235114,1772528794,1a467daf618e33bd786051e8fd988f156357bf994e68d50a57d7414a46d704db,400,200.00,4.00,1,6,4,0.019994,0.508057,TopoStake,pog(D=3_omega=1.00),1.53,164,0
33,2,0x9c39f7fffaa5c5cfab20dfdd05663497918580c1,0.423129,1772528796,385cdc3d58d57260c36ffc60d2fbc6d41ef08852f21e553fa258212a3b6d300a,195,97.50,3.92,1,6,4,0.019864,0.504391,TopoStake,pog(D=3_omega=1.00),1.04,165,0
33,3,0x3513d672439a59c26cc5711f2b715ccb4810a774,5.297701,1772528799,f502b4a285c6ee7930c0fd2152ace9338df7b9079c33364e8864ea38c50ca958,400,133.33,4.04,1,5,4,0.019741,0.500911,TopoStake,pog(D=3_omega=1.00),2.52,166,0
33,4,0x81193196c1dbdbf80709d43a5af5ce21c201fbd7,3.840335,1772528800,7e6e4bf2a59de7222c150dc8aebbe9e00e59e5b7df8aaa8f8b4873ad48645266,280,140.00,3.60,1,5,4,0.019757,0.502137,TopoStake,pog(D=3_omega=1.00),1.90,167,0
34,0,0xc24b36dee27726233c3bbd9e1f028f98b6b2a424,5.415554,1772528802,a4ee7d5e6583fe102e3fefbac3a53915c960a0dc2ce50993e862d565074c7b6d,250,250.00,3.68,1,6,4,0.019731,0.502536,TopoStake,pog(D=3_omega=1.00),1.58,168,0
34,1,0x719361397abe003a91af76243e5f9c7a0cd4279f,3.541990,1772528804,b901d1d5fdfaa580d5a2cbd22af016b92d3311ff19941a9a029c82f66db9b7f8,400,200.00,4.12,1,6,4,0.019748,0.503707,TopoStake,pog(D=3_omega=1.00),1.90,169,0
34,2,0xaadc5fea232580cb8fba739ac5d05a48559c7e52,5.359026,1772528806,024280a54addb88c02d780e78a2fa6e2e1f7953dbe90102d9f1e3e92c4488674,276,138.00,3.84,1,5,4,0.019713,0.503745,TopoStake,pog(D=3_omega=1.00),1.42,170,0
34,3,0xd61b00c297972877b45f8d7f4d67fdaf20c67c59,0.331454,1772528808,493a5794405156cff44c5ac68dd4dc9e02c3679d55f983d0d25269f8fb475697,392,130.67,4.35,1,6,4,0.019728,0.504823,TopoStake,pog(D=3_omega=1.00),2.52,171,0
34,4,0x28672c71695142588ed26ada6f4b18b8b6c12308,1.690943,1772528811,bc28347d067d1d1d3d9fe21d01606e0bc4a83e0275e414749a92b9c3a51bb4cf,400,200.00,4.41,1,6,5,0.019606,0.501243,TopoStake,pog(D=3_omega=1.00),2.46,172,0
35,0,0x07902d0371763a00d97ed9ba16ff0a206cb0fd19,14.560402,1772528812,c27ca6876f5f3c7b3689c0f03d66288fec7fe2ac29448361ef6b11507c5332c2,397,198.50,3.51,1,5,4,0.019522,0.499591,TopoStake,pog(D=4_omega=1.00),2.14,173,0
35,1,0x1796dc61e715f15a2d27dfa32bd34780f12a8c24,8.740133,1772528814,165768dd3c0d92a4b43ce7d262c6f6a3c897df56918b06007adae2b6e8e7d0ae,374,374.00,2.84,1,4,3,0.019782,0.501391,TopoStake,pog(D=4_omega=1.00),1.46,174,0
35,2,0x075e1d95c7891e1c00414ca1aa9a7a8cf6270019,12.166771,1772528816,dce7f9a3fef307a78425e4659508f9cc61a6f11bd2616a43ace374e0ce794757,398,199.00,3.23,1,5,3,0.019782,0.501397,TopoStake,pog(D=4_omega=1.00),1.53,175,0
35,3,0x213068cb42718d1dd6d00a6d94d62a3def0e68eb,2.368636,1772528818,3b25ea0ec9232276726d227225c046370711b0dd0080bb2579514fbd02b04857,221,110.50,3.18,1,5,3,0.020072,0.504709,TopoStake,pog(D=4_omega=1.00),1.09,176,0
35,4,0x016d3fc36beee7caa8fbd6c1caa42461dd7f9850,3.885165,1772528820,38434084ecae1d4183308b8f6af00eba1be98ece0df6de5cb4dd66357fcef3e9,381,127.00,3.64,1,5,4,0.020003,0.503843,TopoStake,pog(D=4_omega=1.00),2.54,177,0
36,0,0x60705151f1f537cacd5b801f3ef1b31dc3f605de,0.300433,1772528823,9379fcad7eb8ffc29b7bfae2a697778397c73ead0cff6b2048d2aa1fa6d0987e,400,200.00,3.17,1,4,3,0.019973,0.504150,TopoStake,pog(D=3_omega=1.00),2.50,178,0
36,1,0x58a21eeb7ab18ba8adf1296e66a4487076e95dac,4.089962,1772528824,b2c7a7746d9c78e13ee0203048e1743765d79abe23c49eaf8137cd6b9cd30eee,296,148.00,4.01,1,6,4,0.019850,0.500553,TopoStake,pog(D=3_omega=1.00),2.03,179,0
36,2,0xfb35fdafcfc84561a42700a4a1c274edeb75bdc1,0.056435,1772528826,62cf1dcf9f405590e996384b81a0727315c8c70e952ba66dc42ee5ec3ee5c2e8,260,260.00,3.69,1,5,4,0.019826,0.500975,TopoStake,pog(D=3_omega=1.00),1.62,180,0
36,3,0x1796dc61e715f15a2d27dfa32bd34780f12a8c24,9.742137,1772528828,f7ae19457317fdc4acfbf9db2860eabe0a0d513c8346baa5948a2a44a0b50dd2,400,200.00,4.08,1,5,4,0.019700,0.497081,TopoStake,pog(D=3_omega=1.00),2.23,181,0
36,4,0x24898fcb116b48cb2b6fd5d3b4eb599fee0f4633,9.068862,1772528830,02fbe8bc377dd344f5eb86ee0fec3e09b7dec1e465c9cf2b6bdd4498a3fcd2d0,367,183.50,3.27,1,5,3,0.019818,0.498697,TopoStake,pog(D=3_omega=1.00),1.83,182,0
37,0,0x13f9dadc05f6c237b03411e2aed1800cf21a5d89,5.292677,1772528832,ed029506b418b1d57aa7dda082730e276cc7fcef6fb553d128b132e76fcfb60a,400,133.33,3.63,1,5,4,0.019918,0.500236,TopoStake,pog(D=3_omega=1.00),2.51,183,0
37,1,0x4a217e35f6402e7f62a49f6d62e27c6585c2f3fd,2.490959,1772528835,f5917b7c486a3bca9fe33e80645186e8402355a3404937f9e706fc535e0bc1b8,219,109.50,2.98,1,5,3,0.019922,0.501194,TopoStake,pog(D=3_omega=1.00),2.09,184,0
37,2,0x28672c71695142588ed26ada6f4b18b8b6c12308,2.692748,1772528836,716cee30e3a221fabc70d28e6c1f845e7520cc5849bc3b3c1a267feaea92ea92,400,200.00,3.67,1,5,4,0.019856,0.500387,TopoStake,pog(D=3_omega=1.00),2.45,185,0
37,3,0x2abf89d7c96c80fcff9dec1fe92803573094ee35,2.228906,1772528838,6458c176e0cf513f4155b81c1c82e4cc0d1ef00de279b77d6c2df291173627b3,275,275.00,3.41,1,5,3,0.019796,0.499664,TopoStake,pog(D=3_omega=1.00),1.59,186,0
37,4,0x213068cb42718d1dd6d00a6d94d62a3def0e68eb,3.370198,1772528840,2cf4af92d9b8ec9039be048b9fdef0311677896a2a0b0dd599ab95a209486b35,400,200.00,3.69,1,5,4,0.019725,0.498556,TopoStake,pog(D=3_omega=1.00),2.04,187,0
38,0,0x26d553a2f4343b3a7dc88bbd87b3d0a25d3838d9,5.220341,1772528842,498b6d25a6dc132cf457cab93bc4ab71d0e39a8c26470b28766b6bf934c5ea08,313,156.50,3.64,1,5,4,0.019682,0.498322,TopoStake,pog(D=3_omega=1.00),1.77,188,0
38,1,0x13f9dadc05f6c237b03411e2aed1800cf21a5d89,6.293990,1772528844,dfb720a2b6eb4e48d1897f1cb54c2522d315690a850b1f0760b11f582d4425a7,400,133.33,3.79,1,6,4,0.019683,0.499206,TopoStake,pog(D=3_omega=1.00),2.48,189,0
38,2,0xa3786e459f289a76c0e8af8ad834e3d0c6d47199,7.729259,1772528847,158a429eae7526dad8589444456b3ffa5190e760213b99e1fc70c1538a39050f,241,120.50,3.07,1,5,3,0.019710,0.500411,TopoStake,pog(D=3_omega=1.00),2.11,190,0
38,3,0xfb35fdafcfc84561a42700a4a1c274edeb75bdc1,1.057829,1772528848,5a918dc63893250cf0d55655e78d00c0c49c300bd51036dc6b4a402c57f0b617,393,196.50,4.19,1,6,4,0.019769,0.501760,TopoStake,pog(D=3_omega=1.00),2.46,191,0
38,4,0xdc2bc9a639e2bc25c5f57e628a7cd55f6a3d023b,0.094082,1772528850,4e196e2d57a5bf96de4d268ded680fb58f0afd568f6c3f5c42b540df8717db83,279,279.00,3.80,1,5,4,0.019671,0.499273,TopoStake,pog(D=3_omega=1.00),1.71,192,0
39,0,0x28672c71695142588ed26ada6f4b18b8b6c12308,3.693843,1772528852,a930258517fc96756e12fbb1360874f27abc65f150751abf2e762c1425b2f1ef,400,200.00,4.41,1,6,4,0.019550,0.495531,TopoStake,pog(D=3_omega=1.00),2.04,193,0
39,1,0x075e1d95c7891e1c00414ca1aa9a7a8cf6270019,13.168823,1772528854,1b51b790db385603be037893b0500f6a603e74c3a6a60718857f8570dbbc9fa1,301,150.50,3.80,1,5,4,0.019515,0.495516,TopoStake,pog(D=3_omega=1.00),1.61,194,0
39,2,0x34412315480562da4810040fd15c81f99880e1ab,3.896473,1772528856,691bff75796e005bc98a66dba94f6563a5fdc46c20ae545a6f312b6b4c88d9a8,400,133.33,3.17,1,5,3,0.019698,0.497138,TopoStake,pog(D=3_omega=1.00),2.52,195,0
39,3,0x269cdf52f97e1d9f14b7be895155a7b294f0b21d,1.724301,1772528858,bce9dfaca68595451d6414216f3ddaab5357bad8cb7f3e5296cdf08a388fcac2,214,107.00,3.90,1,6,4,0.019666,0.497251,TopoStake,pog(D=3_omega=1.00),2.09,196,0
39,4,0x9c39f7fffaa5c5cfab20dfdd05663497918580c1,1.423971,1772528860,985f49063261445cc6f951f838117cce68c348c1a681c90dce740000fc5c22eb,400,200.00,3.65,1,5,4,0.019584,0.495628,TopoStake,pog(D=3_omega=1.00),2.48,197,0
40,0,0xc577329e86aaecb006f17fb90499c54671119935,2.319949,1772528862,b51a7a619dc34d1e84465ee7d58610f0a04a7fc63ddc885485c647f0e7e6dc85,56,56.00,3.43,1,5,3,0.019496,0.493602,TopoStake,pog(D=3_omega=1.00),1.64,198,0
40,1,0xeb82a21cb3d0dd781eb22ad74bb7cd9b4d2a06ec,3.921445,1772528864,a97b1af401680205fdbe7343ad4e131e2ed2f37535e2297d9fe911457a8a596a,400,200.00,3.95,1,6,4,0.019429,0.492534,TopoStake,pog(D=3_omega=1.00),2.27,199,0
40,2,0x89100a8056319ba37491b32ba255004180607bc2,7.792978,1772528866,3b0bc20716833c0441358f773a75c9e5a1cd2105ebd44f67b0ad939ef81789e0,324,162.00,4.19,1,6,4,0.019430,0.492541,TopoStake,pog(D=3_omega=1.00),1.87,200,0
40,3,0x89100a8056319ba37491b32ba255004180607bc2,8.794928,1772528868,003f5ccdf3a95f2d8c41229e5d4ab90aafa5d6ecfe1219cd258b24669317966f,400,133.33,3.96,1,6,4,0.019454,0.493905,TopoStake,pog(D=3_omega=1.00),2.56,201,0
40,4,0xe478b1e4d1538274c0c70cbd7df877f9abab2f62,3.296661,1772528871,6846a0691d17c766dc13c85177af8ce4f84f7b8539e01915751132cb64165038,220,110.00,3.76,1,6,4,0.019529,0.495292,TopoStake,pog(D=3_omega=1.00),2.05,202,0
41,0,0x719361397abe003a91af76243e5f9c7a0cd4279f,4.542680,1772528872,04006c537029677bd84d0c839d03ed3f56171a5a3d7cc31cc5f40a79408e3382,388,194.00,4.03,1,5,4,0.019483,0.494869,TopoStake,pog(D=3_omega=1.00),2.50,203,0
41,1,0x13f9dadc05f6c237b03411e2aed1800cf21a5d89,7.295612,1772528874,fe8b5eb4d8a36187dd350a7c05b786da0a235377b64b664e12424fa00a51ac88,271,271.00,3.63,1,5,4,0.019465,0.495446,TopoStake,pog(D=3_omega=1.00),1.66,204,0
41,2,0xbc3f8508d26048f2064aa8c068f4c94d08d77d18,3.062391,1772528876,7af0ba4c90da9f736de9e53c669f40db72be7fbe4e4e08cc7ffb19354ee952da,400,200.00,3.14,1,5,3,0.019506,0.496616,TopoStake,pog(D=3_omega=1.00),2.06,205,0
41,3,0xa7e4d4d949807065ebf85adc1be8c382c7236c15,0.211514,1772528878,9b7d92a8b824e0b0239259c299669ff4d4381e30593fee81e29c9723684ce62d,311,155.50,4.22,1,6,4,0.019455,0.496003,TopoStake,pog(D=3_omega=1.00),1.78,206,0
41,4,0x075e1d95c7891e1c00414ca1aa9a7a8cf6270019,14.171580,1772528880,bc1e353567b6cd6f63d33d6fb52795b690160bf639455fff833313e541baeb9a,400,133.33,3.90,1,5,4,0.019343,0.492492,TopoStake,pog(D=3_omega=1.00),2.58,207,0
42,0,0x89100a8056319ba37491b32ba255004180607bc2,9.795792,1772528883,c101af53aa34f13c968a09ca06ba9e4307a4aa5ca56257d9da1975a00d2400b3,235,117.50,3.04,1,5,3,0.019528,0.494051,TopoStake,pog(D=3_omega=1.00),2.06,208,0
42,1,0xeaa5003682d7289190651081ae2bee847097afc5,1.757271,1772528884,d7373fabd08ce0407c6a2cb5c52d75adba6e8efd8d58ce78c7813c9dea84783b,400,200.00,3.79,1,5,4,0.019618,0.495454,TopoStake,pog(D=3_omega=1.00),2.39,209,0
42,2,0x408bb0bf84df50b21c53c74420987f172d4036a1,0.793870,1772528886,b6346cc92905184005e960b2abb935dfdf93b1339e8f1e750109fc90f6645c7a,250,250.00,4.02,1,6,4,0.019538,0.493810,TopoStake,pog(D=3_omega=1.00),1.69,210,0
42,3,0x016d3fc36beee7caa8fbd6c1caa42461dd7f9850,4.887629,1772528888,47511f5a45973be20f4cd257cce00718a5c93bc1db33dcfb10f860aee3cfa798,400,200.00,3.67,1,5,4,0.019539,0.493816,TopoStake,pog(D=3_omega=1.00),2.08,211,0
42,4,0xe6ebb0cdfd04183d498964e5efc4096ba77b17d6,6.291931,1772528890,5d7dc25fbcb1dde199aab687a0e9a6a26de2b5386960638a24f5df2a748b791f,294,147.00,3.15,1,5,3,0.019426,0.491699,TopoStake,pog(D=3_omega=1.00),1.69,212,0
43,0,0x34412315480562da4810040fd15c81f99880e1ab,4.897178,1772528892,e0910fb2299c47fba04ce3eeceb4da0230162d89fe32f8a335a9c731922552f1,388,129.33,4.12,1,7,4,0.019441,0.492778,TopoStake,pog(D=3_omega=1.00),2.48,213,0
43,1,0x016d3fc36beee7caa8fbd6c1caa42461dd7f9850,5.889068,1772528895,1083fc5eb942dcc665ed0b18a21591edaf410b05841f3d35849e53a08939474d,400,200.00,3.96,1,6,4,0.019428,0.493405,TopoStake,pog(D=3_omega=1.00),2.47,214,0
43,2,0x7e40df5d801345015e84c843908efc6683665fa4,1.656703,1772528896,b86cda30b373c448336dc8c3ab0df8849ce85f63b71c8c975ae80012fe07aa8a,400,200.00,3.12,1,4,3,0.019433,0.494304,TopoStake,pog(D=3_omega=1.00),2.46,215,0
43,3,0x4414c05be2cf328f38d2e3ef4b705d6b894f044a,3.087217,1772528898,5c853a393f1aceeb67c4d6b8f667dea4cb24476d847903d030de30d4139ab68d,304,304.00,3.33,1,5,3,0.019354,0.492520,TopoStake,pog(D=3_omega=1.00),1.65,216,0
43,4,0x719361397abe003a91af76243e5f9c7a0cd4279f,5.543802,1772528900,3475ef910337ae8f60890d6b0c413ed56a12825f17062b2997d0974a6eab73dc,400,200.00,3.90,1,5,4,0.019304,0.491894,TopoStake,pog(D=3_omega=1.00),1.85,217,0
44,0,0x13f9dadc05f6c237b03411e2aed1800cf21a5d89,8.298132,1772528902,86e094d9e47ffbab40932736302cc1f9445308a6e852de4523b016ad2dba59e3,252,126.00,3.87,1,5,4,0.019302,0.492619,TopoStake,pog(D=3_omega=1.00),1.44,218,0
44,1,0xa447d277b02012c2afd9ddcbbe123f27cc971963,3.808958,1772528904,643f3f7df4e158522adcd43a4525f9dc1005f542b312a9c7799d63a038ec6c0f,363,121.00,3.04,1,5,3,0.019355,0.493831,TopoStake,pog(D=3_omega=1.00),2.52,219,0
44,2,0x2abf89d7c96c80fcff9dec1fe92803573094ee35,3.230229,1772528907,2b0ee52f56d7359eeced2d4d544abdfafe5411d09136f66466b4eb128f469c5c,400,200.00,3.48,1,5,3,0.019318,0.493671,TopoStake,pog(D=3_omega=1.00),2.58,220,0
44,3,0x4414c05be2cf328f38d2e3ef4b705d6b894f044a,4.089112,1772528908,b47cbf0cf1e1696411be61d734d6c389f25b32c087c0a9c3a25f7c96ece3f4b2,276,138.00,3.66,1,5,4,0.019271,0.493053,TopoStake,pog(D=3_omega=1.00),2.14,221,0
44,4,0xe478b1e4d1538274c0c70cbd7df877f9abab2f62,4.298053,1772528910,a007d65dff708d8ffec2f9616fef7dfd26ed10c9ed21909763e6b41d27412427,249,249.00,3.68,1,5,4,0.019240,0.493097,TopoStake,pog(D=3_omega=1.00),1.61,222,0
45,0,0xc24b36dee27726233c3bbd9e1f028f98b6b2a424,6.415933,1772528912,856e3005c6e835b5d4d05bcbf4e7e9b29e64d702a6299ca935b6e6f8ba261a7c,400,200.00,4.03,1,5,4,0.019213,0.493279,TopoStake,pog(D=3_omega=1.00),1.97,223,0
45,1,0x07902d0371763a00d97ed9ba16ff0a206cb0fd19,15.566346,1772528914,bdc265817b538d881b30ebb94b56814bbfce9bafcb573972dc6f1427ed7d15f9,271,135.50,4.15,1,6,4,0.019227,0.494235,TopoStake,pog(D=3_omega=1.00),1.56,224,0
45,2,0x1796dc61e715f15a2d27dfa32bd34780f12a8c24,10.744964,1772528916,ed60164e116d31f7a2b12ff6ad8fb9fe910a563ca234c352914577625481a330,400,200.00,2.77,1,4,3,0.019414,0.495773,TopoStake,pog(D=3_omega=1.00),1.54,225,0
45,3,0x63f4973c0df8a5358405f396dc0673a463c48de9,3.896543,1772528918,cbe4f255a360820303a226aca5a6f778caa8e16054cb67670e8e26fe8a04dc75,244,81.33,3.26,1,5,3,0.019507,0.497170,TopoStake,pog(D=3_omega=1.00),2.13,226,0
45,4,0x075e1d95c7891e1c00414ca1aa9a7a8cf6270019,15.173870,1772528920,c135d08e730c516c4ad8489292616f4e8b22cbbcccf73ab7dbe200cb7c446961,400,200.00,3.65,1,5,4,0.019470,0.496917,TopoStake,pog(D=3_omega=1.00),2.55,227,0
46,0,0x3d92e045fb1847aae132b40ebfcc471a32f687de,1.124529,1772528922,b3b55569486cd65d0a740172ee636dd8c78ac695f1dfdb01cd5370621a5a1cf9,132,132.00,2.70,1,4,3,0.019644,0.498367,TopoStake,pog(D=3_omega=1.00),1.04,228,0
46,1,0x408bb0bf84df50b21c53c74420987f172d4036a1,1.795361,1772528924,e2dd85421e59426023e96c1e5c76fde776c043a8870b1afee792ae34c15e8b89,385,192.50,3.73,1,5,4,0.019554,0.496035,TopoStake,pog(D=3_omega=1.00),1.84,229,0
46,2,0x8d9e46becf415ca26aa698c9657087e6554aabda,1.383135,1772528926,1397cab525bedf516201086f37f3490fe4873321b9758c933bcc669f839e0097,300,150.00,3.64,1,5,4,0.019478,0.494399,TopoStake,pog(D=3_omega=1.00),1.58,230,0
46,3,0x075e1d95c7891e1c00414ca1aa9a7a8cf6270019,16.174563,1772528928,82cda1956d7f18b16df3fe225c6c084ef2e50a21338067a3c0ad0f038bce7122,400,200.00,3.69,1,6,4,0.019395,0.492284,TopoStake,pog(D=3_omega=1.00),1.59,231,0
46,4,0x075e1d95c7891e1c00414ca1aa9a7a8cf6270019,17.175523,1772528930,427a467a089f8fb3de283d314812baaed711fe8d7e75ee1a3ce38e3977a4b622,200,100.00,3.12,1,5,3,0.019582,0.493770,TopoStake,pog(D=3_omega=1.00),1.15,232,0
47,0,0xc24b36dee27726233c3bbd9e1f028f98b6b2a424,7.416972,1772528933,2b9e97b9a9ae14717d6aae8ceb53d95c19e0d1d0925f72ea8a446bbfd429b132,400,133.33,3.21,1,5,3,0.019784,0.495269,TopoStake,pog(D=3_omega=1.00),2.53,233,0
47,1,0x24898fcb116b48cb2b6fd5d3b4eb599fee0f4633,10.070755,1772528934,00cea596ce432e79afa9c1f0786937a261d9828718bc0d4d6fae8b5f98e148e2,259,129.50,3.75,1,6,4,0.019808,0.496275,TopoStake,pog(D=3_omega=1.00),1.89,234,0
47,2,0xb7b4ee0a72bc410bf6d32b9cd3f3e11fc756d6f1,0.075860,1772528936,705af1fdfc0fa1bbcb1b5a29e9b64777ffdced8cdb700722bd84a216d0f5f17f,290,290.00,3.71,1,5,4,0.019879,0.497535,TopoStake,pog(D=3_omega=1.00),1.49,235,0
47,3,0x8d9e46becf415ca26aa698c9657087e6554aabda,2.384988,1772528938,222465806105d4c71e73ff5c86f148d0c32a15d6b5f9b70f85527eccd6f8b606,400,200.00,3.98,1,6,4,0.019771,0.494128,TopoStake,pog(D=3_omega=1.00),1.67,236,0
47,4,0xaadc5fea232580cb8fba739ac5d05a48559c7e52,6.359180,1772528940,105f6b2019d622398c60b00d55f30906223952f5c04d1038dd6bcb4238c0b0e9,208,104.00,3.74,1,5,4,0.019705,0.493062,TopoStake,pog(D=3_omega=1.00),1.12,237,0
48,0,0x377eaef292051bbf8ada05b2af76a3f3b9d722a7,2.054836,1772528942,a26373d6ff8156af9c11418b51723aa1ca6ff657c749e3cce7d9ccf9508c679c,400,133.33,4.30,1,6,4,0.019709,0.493914,TopoStake,pog(D=3_omega=1.00),2.69,238,0
48,1,0x3d92e045fb1847aae132b40ebfcc471a32f687de,2.126163,1772528945,35ae62f578dfcc45209ecc3d3cb2c521a638946709d88a31940b79847dd0aab0,276,138.00,3.56,1,5,4,0.019637,0.492523,TopoStake,pog(D=3_omega=1.00),2.37,239,0
48,2,0x07902d0371763a00d97ed9ba16ff0a206cb0fd19,16.569387,1772528946,441eb7619c5e37ccfa6eec1f248665059071a3dbc5ab2174e538548b03a35f9c,400,200.00,4.03,1,5,4,0.019567,0.491153,TopoStake,pog(D=3_omega=1.00),2.48,240,0
48,3,0x1796dc61e715f15a2d27dfa32bd34780f12a8c24,11.746299,1772528948,7a224122f4591178ff41b54d8188ed1fa56d1128d4c7dede1b15f1d9e6ecf633,273,273.00,2.73,1,4,3,0.019747,0.492565,TopoStake,pog(D=3_omega=1.00),1.35,241,0
48,4,0x606627477c3734932f47972f83c27cf4e3b35b4f,4.374502,1772528950,21cc1c7962a053592e78e96af6f8e055fc55c50715d253889bfd75c906652108,400,200.00,3.30,1,5,3,0.019842,0.493910,TopoStake,pog(D=3_omega=1.00),1.59,242,0
49,0,0x9bdb1c7ad4bd8fe797b07c08117c74a591dbab2d,0.441704,1772528952,a7c7670fe8d755dad01e5559887f1d93c3fec928dbc38a6a9bda98d6ca491871,224,112.00,3.73,1,5,4,0.019809,0.494051,TopoStake,pog(D=3_omega=1.00),1.27,243,0
49,1,0x13f9dadc05f6c237b03411e2aed1800cf21a5d89,9.300955,1772528954,27839ba240fb2c8f789fa4afb8b5c8c826bf76be4520e3e29aea1249426401b1,391,130.33,3.76,1,5,4,0.019710,0.491014,TopoStake,pog(D=3_omega=1.00),2.52,244,0
49,2,0x30509a8084fdfe6fe24d9c9a817c209ad194f8e3,4.660203,1772528957,0b2b1f2c97903d184c6d02fd254ecde99c0f3e60a3e82d62c924312056870819,398,199.00,3.04,1,5,3,0.019761,0.492179,TopoStake,pog(D=3_omega=1.00),2.44,245,0
49,3,0x26d553a2f4343b3a7dc88bbd87b3d0a25d3838d9,6.221463,1772528958,ac974f5add754ef3522a29c8e2fe152e74d379fce7daae684d66d751134d3ab0,400,200.00,3.31,1,5,3,0.019733,0.492485,TopoStake,pog(D=3_omega=1.00),2.46,246,0
49,4,0xd46407aa7b668c72de3cf1c1a12b7fa2e308a1b2,1.985445,1772528960,8f6154d3a36f2d96e54e4bf2b3c2d3074b67f885a150ec043f5a3253bdc32bcf,310,310.00,3.65,1,5,4,0.019732,0.493231,TopoStake,pog(D=3_omega=1.00),1.66,247,0
50,0,0x63f4973c0df8a5358405f396dc0673a463c48de9,4.898136,1772528962,82ce7bcaa01b1cb1f0e9405ec3bdd5a4d37d2a1e705a4f23f1b3516ac0c6dc4e,400,200.00,3.85,1,5,4,0.019660,0.491696,TopoStake,pog(D=3_omega=1.00),2.08,248,0
50,1,0x1796dc61e715f15a2d27dfa32bd34780f12a8c24,12.748289,1772528964,35bfaeb9b655fa2075499d3a6cc78f4c8d80bb0e78e6a024ec83bc4706670ef9,302,151.00,3.61,2,5,4,0.019636,0.492079,TopoStake,pog(D=3_omega=1.00),1.92,249,0
50,2,0xe478b1e4d1538274c0c70cbd7df877f9abab2f62,5.299452,1772528966,07146b49eba6d4c8ee5ce2d67510fb11acdc61e44d953124e6dcdbdb2bdd0a65,372,186.00,3.41,1,5,3,0.019741,0.493397,TopoStake,pog(D=3_omega=1.00),1.58,250,0
50,3,0xe6ebb0cdfd04183d498964e5efc4096ba77b17d6,7.292856,1772528968,c44cf2eff9b371e988ad1d9b6ce8ebbcb6859c231f1b14019a6e3cf43e70575d,399,133.00,3.94,1,5,4,0.019723,0.493871,TopoStake,pog(D=3_omega=1.00),2.49,251,0
50,4,0x1796dc61e715f15a2d27dfa32bd34780f12a8c24,13.750135,1772528971,7f7c60c893a85a780017f8baabd7f0d9c898e53d91a2bcfb248105a5bdbead3f,363,181.50,4.09,1,6,4,0.019737,0.494772,TopoStake,pog(D=3_omega=1.00),2.43,252,0
51,0,0x1796dc61e715f15a2d27dfa32bd34780f12a8c24,14.752095,1772528973,62c7089f12b8a911de1ccfff93dcfe89408c1896c343a990107902fa5c706bc8,400,200.00,3.27,1,5,3,0.019855,0.496071,TopoStake,pog(D=3_omega=1.00),2.50,253,0
51,1,0x9c39f7fffaa5c5cfab20dfdd05663497918580c1,2.422791,1772528975,08548261656c178943f1d613c06ab4a20a6f9b375581014e128003dc58b628eb,366,183.00,3.27,1,5,3,0.019987,0.497361,TopoStake,pog(D=3_omega=1.00),1.58,254,0
51,2,0xd46407aa7b668c72de3cf1c1a12b7fa2e308a1b2,2.987210,1772528977,0826ec4aba8839a58c182941bc61a6a69d049d0ee636f980f57bcf28e849912a,394,197.00,4.06,1,5,4,0.019921,0.496205,TopoStake,pog(D=3_omega=1.00),1.58,255,0
51,3,0x8d9e46becf415ca26aa698c9657087e6554aabda,3.385517,1772528979,e15167bfcbf5ede77a5f08600e36f261d6342541fe341950555401136d41943e,209,104.50,3.89,1,5,4,0.019864,0.495419,TopoStake,pog(D=3_omega=1.00),1.11,256,0
51,4,0x8d9e46becf415ca26aa698c9657087e6554aabda,4.387397,1772528981,9c95a0fe76181432f2a482cc67aff8fec3a82724d1b2bc715315fd379da6547c,400,133.33,3.66,1,6,4,0.019815,0.494810,TopoStake,pog(D=3_omega=1.00),2.54,257,0
52,0,0x13f9dadc05f6c237b03411e2aed1800cf21a5d89,10.303696,1772528984,7f0d70867e6e9fe8691ec9b47880c1763598fd0200cf20ac1d9ed56fbc2335b9,254,127.00,3.55,1,5,4,0.019781,0.494824,TopoStake,pog(D=3_omega=1.00),2.10,258,0
52,1,0xdc2bc9a639e2bc25c5f57e628a7cd55f6a3d023b,1.093452,1772528985,3aa7c98a8b674fe22388a270413ba753f400dc112c5034bede0f91ab5e62f166,400,200.00,3.07,1,5,3,0.019839,0.495972,TopoStake,pog(D=3_omega=1.00),2.52,259,0
52,2,0x0d91704595bff3aec25d40822498a51c62b05e3a,8.588452,1772528987,8ab0dc71ae659878deefe23133346468cec2ebcd55ad0384fa82ee8da34f1f48,58,58.00,3.86,1,6,4,0.019753,0.493678,TopoStake,pog(D=3_omega=1.00),1.62,260,0
52,3,0x1796dc61e715f15a2d27dfa32bd34780f12a8c24,15.753955,1772528989,000997cd58fdd16598af2233f8433e7122964fd2dd8528f634c607a4f948b1ff,400,200.00,3.29,1,5,3,0.019784,0.494720,TopoStake,pog(D=3_omega=1.00),2.31,261,0
52,4,0x8c11ec9090dd820c076e57e899d9c604c79d6b32,3.565790,1772528991,073532c5f856c583aeed2fa7b94066afcd7725f88b6e0804d7ad01588a4db1bc,379,189.50,3.36,1,5,3,0.019923,0.495985,TopoStake,pog(D=3_omega=1.00),1.86,262,0
53,0,0xf6e059718dbd0a0956726ab97d06bad5efc6cd18,2.010352,1772528993,a3a18b48873d14c3856c85378ddb204053ed5174e12d47af6b99a0f20b1473b8,397,132.33,4.21,1,6,4,0.019876,0.495420,TopoStake,pog(D=3_omega=1.00),2.46,263,0
53,1,0x26d553a2f4343b3a7dc88bbd87b3d0a25d3838d9,7.222819,1772528995,3ae9d7125ec87abba570e4275d68ab851878707f08f1c134b99d2600da67e840,398,199.00,3.69,1,5,4,0.019805,0.493881,TopoStake,pog(D=3_omega=1.00),2.43,264,0
53,2,0xc577329e86aaecb006f17fb90499c54671119935,3.320127,1772528997,320903be8e696a45de6c8ca98be9f9270ed60f02510c4265e587a1659d90c330,396,198.00,3.73,1,5,4,0.019812,0.494689,TopoStake,pog(D=3_omega=1.00),2.45,265,0
53,3,0xe6ebb0cdfd04183d498964e5efc4096ba77b17d6,8.294209,1772528999,43af4416ecefd08b08fc61ee854319a233523981d4c611a84e41a27520a239fb,278,278.00,3.72,1,6,4,0.019761,0.493965,TopoStake,pog(D=3_omega=1.00),1.68,266,0
53,4,0x07902d0371763a00d97ed9ba16ff0a206cb0fd19,17.572960,1772529001,0ec385445a8bfd863f553dc447da50939850303adc38cf3fe0809631d53274f0,400,200.00,4.13,1,6,4,0.019785,0.494913,TopoStake,pog(D=3_omega=1.00),2.14,267,0
54,0,0xcdc82b7c868072205a399d0f68e6e3ad3bfd1ca6,1.203254,1772529003,24f6ae5ab61a3074679352e0eec7741411cca230a3562755c178ff380c08745c,388,194.00,2.78,1,4,3,0.019945,0.496233,TopoStake,pog(D=3_omega=1.00),1.76,268,0
54,1,0x07902d0371763a00d97ed9ba16ff0a206cb0fd19,18.574874,1772529005,91b181a3bdb5c3203f2115bf8cb75762a2639a9c818e5a92a5680cc7b6666af4,354,177.00,3.64,1,5,4,0.019862,0.494036,TopoStake,pog(D=3_omega=1.00),1.47,269,0
54,2,0x408bb0bf84df50b21c53c74420987f172d4036a1,2.795762,1772529007,38fa8bd0330b6ca2e43f679d96759d637a0c697ad61e77bc533e9e1c1f75b897,400,133.33,2.79,1,4,3,0.020035,0.495388,TopoStake,pog(D=3_omega=1.00),2.51,270,0
54,3,0x28672c71695142588ed26ada6f4b18b8b6c12308,4.694093,1772529010,88444dfc523179d05ae16bee6f261fb4782d524f783a82afe768f4edabc2a075,220,110.00,3.57,1,5,4,0.019975,0.494407,TopoStake,pog(D=3_omega=1.00),2.05,271,0
54,4,0x07902d0371763a00d97ed9ba16ff0a206cb0fd19,19.576880,1772529011,d93cdc2c92eb1b47b8506fc68eb64b6b4b89d8f8521674ee6a1e3a9d0b216415,399,199.50,3.54,1,5,4,0.019943,0.494551,TopoStake,pog(D=3_omega=1.00),2.30,272,0
55,0,0xf82400c4f426bdbd2bc687ffef1f22c1a381c851,1.058887,1772529013,33c5ae614245e0a2c6556802daa73fa380b44d77b8dfa37c6cb7ba88859d63cc,332,332.00,2.79,1,4,3,0.020125,0.495887,TopoStake,pog(D=3_omega=1.00),1.48,273,0
55,1,0x606627477c3734932f47972f83c27cf4e3b35b4f,5.374985,1772529015,439ad7caa293c7943ef4f65e8b2456b8f58aba59db02e378334c19c738883e6d,352,176.00,3.95,1,6,4,0.020040,0.493544,TopoStake,pog(D=3_omega=1.00),1.66,274,0
55,2,0x63f4973c0df8a5358405f396dc0673a463c48de9,5.898969,1772529017,23f8df23880e9d2b3279989178ded22faeceea733b20b5699a694e04af9c8b1f,258,129.00,3.72,1,5,4,0.020017,0.493939,TopoStake,pog(D=3_omega=1.00),1.42,275,0
55,3,0xac768e60b9269babb15cb1e36ee843243d7c7543,4.714087,1772529019,cda519f53ec9bc4f55bb61c61bc190aff7396330494e5568ff8243579dba0cc7,400,133.33,3.69,1,5,4,0.020002,0.494474,TopoStake,pog(D=3_omega=1.00),2.55,276,0
55,4,0x26d553a2f4343b3a7dc88bbd87b3d0a25d3838d9,8.224517,1772529022,4a2c34b96494a1c9547d1d85a2d79080a4d645c65e116c2e0d42659e5448dc1e,226,113.00,3.93,1,6,4,0.019969,0.494560,TopoStake,pog(D=3_omega=1.00),2.12,277,0
56,0,0x786f26993bf015cd2da6fb5d3ccd1879e01246ab,4.290255,1772529023,0e17f6e77fbfbdaa21f86240100e155c9987a0c65be365ef3f5b0fa7a3616915,396,198.00,3.79,1,5,4,0.019986,0.495415,TopoStake,pog(D=3_omega=1.00),2.45,278,0
56,1,0x30509a8084fdfe6fe24d9c9a817c209ad194f8e3,5.662662,1772529025,79ece0ca2e71259864b6c552f96495c509227317a716d118bc5a72fd5bcbb0e4,274,274.00,3.94,1,5,4,0.019948,0.495240,TopoStake,pog(D=3_omega=1.00),1.68,279,0
56,2,0x606627477c3734932f47972f83c27cf4e3b35b4f,6.376204,1772529027,2ee3e328a8d10529b56b05ddf8f47977822356172e997689237ec4b4042fdabc,400,200.00,3.48,1,5,4,0.019928,0.495642,TopoStake,pog(D=3_omega=1.00),2.12,280,0
56,3,0x30509a8084fdfe6fe24d9c9a817c209ad194f8e3,6.664600,1772529029,0c8e460922535a515608a8bd2e714bf09115802d3b74b687e1ddf9559e6b06ea,400,200.00,3.62,1,5,4,0.019919,0.496237,TopoStake,pog(D=3_omega=1.00),1.86,281,0
56,4,0x8d9e46becf415ca26aa698c9657087e6554aabda,5.388262,1772529031,496e5202148f6b6441b9c5ade6c4f3fed9f142561ce2672198c2d0fd4b4177d8,201,100.50,3.29,1,5,3,0.019913,0.496864,TopoStake,pog(D=3_omega=1.00),1.14,282,0
57,0,0xd46407aa7b668c72de3cf1c1a12b7fa2e308a1b2,3.987695,1772529034,2f7693f57ba1da44fbfd40b192feed98cfb157d2d796da373a9303126640c641,384,128.00,3.67,1,5,4,0.019890,0.497115,TopoStake,pog(D=3_omega=1.00),2.51,283,0
57,1,0x6d6b2734a20229ddd7fd4a1470ba3e3bad4e4a85,4.641678,1772529035,3f6a71ec61e5b90ec151e32806afc23ce4d45253c668c9066007f2d4a3b01478,397,198.50,3.83,1,5,4,0.019847,0.496703,TopoStake,pog(D=3_omega=1.00),2.35,284,0
57,2,0x26d553a2f4343b3a7dc88bbd87b3d0a25d3838d9,9.226436,1772529037,e41533e8f75be7d564fbf4f4cddc4133dbdeb9a62f13e668bd3f1f16e0e9a66e,273,273.00,3.55,1,5,4,0.019814,0.496635,TopoStake,pog(D=3_omega=1.00),1.68,285,0
57,3,0x606627477c3734932f47972f83c27cf4e3b35b4f,7.378061,1772529039,6991b08b079dce1f210f3a6feba9c7effb27cfc8324fe217eedf98e377100e2f,400,200.00,3.83,1,5,4,0.019842,0.497588,TopoStake,pog(D=3_omega=1.00),1.99,286,0
57,4,0xc577329e86aaecb006f17fb90499c54671119935,4.320916,1772529041,5ddbac942f5f1cd973b14a6b4eee015cfd069604545581799ce605ae1d77fcee,315,157.50,3.69,1,5,4,0.019845,0.498283,TopoStake,pog(D=3_omega=1.00),1.66,287,0
58,0,0xc24b36dee27726233c3bbd9e1f028f98b6b2a424,8.417039,1772529043,694fcfa357841cce33e6f614970b1672ccbf4bfea160111bd5f377f3ffde2b54,396,132.00,4.00,1,6,4,0.019807,0.498005,TopoStake,pog(D=3_omega=1.00),2.51,288,0
58,1,0xf6e059718dbd0a0956726ab97d06bad5efc6cd18,3.011648,1772529046,eede35eb770be173bfaec816ef93bb0274bcdf36154538bb0e961eb308dc0b73,400,200.00,3.89,1,6,4,0.019824,0.498805,TopoStake,pog(D=3_omega=1.00),2.49,289,0
58,2,0x1cb1274c711a6c2e4e1596846e6ac604eeefb358,2.407671,1772529047,b5bf5beb6b3469e4b60ade8ad9a2cde77b0ca47284b3faac1790f468985fdc5b,400,200.00,3.65,1,5,4,0.019769,0.497907,TopoStake,pog(D=3_omega=1.00),2.35,290,0
58,3,0x0d91704595bff3aec25d40822498a51c62b05e3a,9.591463,1772529049,16a8ab975aa8064e6595a7d9e0e041bd2fce585f29c4967c7a72bb8965177667,248,248.00,3.45,1,5,4,0.019706,0.496683,TopoStake,pog(D=3_omega=1.00),1.65,291,0
58,4,0x8c11ec9090dd820c076e57e899d9c604c79d6b32,4.566633,1772529051,8164bc83233b29f0c369959066df275edce34cbd4e97b4292e8ed570d36e5e09,400,200.00,3.23,1,5,3,0.019737,0.497610,TopoStake,pog(D=3_omega=1.00),1.85,292,0
59,0,0x24898fcb116b48cb2b6fd5d3b4eb599fee0f4633,11.072115,1772529053,459cdb4b58660ef73f54aeb16ce25f33f86f593a75a6d68fc7a8c0485b667d7f,400,200.00,4.21,1,6,4,0.019702,0.497421,TopoStake,pog(D=3_omega=1.00),1.58,293,0
59,1,0x016d3fc36beee7caa8fbd6c1caa42461dd7f9850,6.892354,1772529055,f1f376f488ed3fa1c32f770d212db249e76d07ef3743c449c2873f739e885b10,210,105.00,3.55,1,5,4,0.019752,0.498513,TopoStake,pog(D=3_omega=1.00),1.08,294,0
59,2,0x13f9dadc05f6c237b03411e2aed1800cf21a5d89,11.307615,1772529057,1396134894b5b5bc3ddb183cf75f4a8f6a5c23386080b40d9dfd9ddb2eddd805,400,133.33,3.15,1,4,3,0.019747,0.499096,TopoStake,pog(D=3_omega=1.00),2.49,295,0
59,3,0xf82400c4f426bdbd2bc687ffef1f22c1a381c851,2.060039,1772529060,a8a875669345f31c632f33d321570bc5a2c35a01a41f6cb032499c7a4be3a6ed,363,181.50,2.97,1,5,3,0.019799,0.500153,TopoStake,pog(D=3_omega=1.00),2.12,296,0
59,4,0x30405867b72597aaeb27803bb2c7f3f5fc7d5384,1.513550,1772529061,4bfd0fd19d135c6c074046ce1083f05bb409d073c80f4b65fa9d7cb0a820ce59,386,193.00,4.02,1,6,4,0.019731,0.498667,TopoStake,pog(D=3_omega=1.00),2.28,297,0
60,0,0x13f9dadc05f6c237b03411e2aed1800cf21a5d89,12.309438,1772529063,6f157e869cb293d8d88dcc50d47ba41bde767e8f61af809314abdffc3d2ea5a1,271,271.00,3.44,1,5,3,0.019658,0.496738,TopoStake,pog(D=3_omega=1.00),1.51,298,0
60,1,0x07902d0371763a00d97ed9ba16ff0a206cb0fd19,20.581142,1772529065,5a5a9f5f4fc1a7feb68d4a279a2bed6714f46986b2741db9e2fd829a373b7bb8,400,200.00,3.09,1,5,3,0.019721,0.497830,TopoStake,pog(D=3_omega=1.00),1.77,299,0
60,2,0x1cb1274c711a6c2e4e1596846e6ac604eeefb358,3.408763,1772529067,8da73627ab16e21ea5f165cdd514a72804715e799a3be31ddd689dc44e47b798,248,124.00,2.77,1,4,3,0.019887,0.499067,TopoStake,pog(D=3_omega=1.00),1.39,300,0
60,3,0x34d94cc0534eb50dec7956bea31407428d6d5ef8,0.077065,1772529069,65fb17aba1acc658b4ea66ad1dde1decc878a1ef2e7f84b0b449a5b384cf516b,383,127.67,3.52,1,5,4,0.019836,0.498308,TopoStake,pog(D=3_omega=1.00),2.46,301,0
60,4,0x4a217e35f6402e7f62a49f6d62e27c6585c2f3fd,3.489431,1772529072,1f15e52e79825b44b9d0d8e89b4ed6e1287d984f48e7e0b9aefb17d77602dcec,400,200.00,3.69,1,5,4,0.019745,0.495379,TopoStake,pog(D=3_omega=1.00),2.51,302,0
61,0,0x53be6e527cc5a7d850b5eae27b9cef342e0665f2,4.046323,1772529073,796889492ce44cbb4acf293ea95a525b58150dc375e00e9c862f16a66013eb0d,275,137.50,3.52,1,5,4,0.019696,0.494616,TopoStake,pog(D=3_omega=1.00),1.92,303,0
61,1,0x016d3fc36beee7caa8fbd6c1caa42461dd7f9850,7.894283,1772529075,2025be6ac9f7950ab590901a5c167843c1c33484a9726cc8d3add3ca1600dd2a,273,273.00,3.45,1,5,4,0.019655,0.494102,TopoStake,pog(D=3_omega=1.00),1.55,304,0
61,2,0x4ba33404d90c4ae989714d9d174cd882cffb7994,2.112217,1772529077,662fb533660e6635a3d169ab92e9fa474bf06fa3644aa62a75553dcab39c1fdc,400,200.00,3.12,1,4,3,0.019660,0.494774,TopoStake,pog(D=3_omega=1.00),1.73,305,0
61,3,0x213068cb42718d1dd6d00a6d94d62a3def0e68eb,4.368720,1772529079,f85c3e7e43ae323d17dc155137d1e4867fcf6a31615eded02ccfa64beecf0f71,205,102.50,4.37,1,6,4,0.019660,0.494778,TopoStake,pog(D=3_omega=1.00),1.29,306,0
61,4,0x4ba33404d90c4ae989714d9d174cd882cffb7994,3.112968,1772529081,f1cfd1e0391cfc57d2e33f70c6d80ce55ac33ad606b9a1d5fbf3a449c9abaeed,400,133.33,3.71,2,5,4,0.019558,0.492957,TopoStake,pog(D=3_omega=1.00),2.60,307,0
62,0,0x3513d672439a59c26cc5711f2b715ccb4810a774,6.296554,1772529083,0fc87b780ffb7065b88d79ad172fdb95878da5258dc7b1320f33995c3221e477,287,143.50,4.51,1,6,5,0.019506,0.492021,TopoStake,pog(D=3_omega=1.00),2.19,308,0
62,1,0x58a21eeb7ab18ba8adf1296e66a4487076e95dac,5.088350,1772529085,95a72410eccff55faf7a46e2c7f96313269128c51ec038805e0e4af1ba9b2d7c,268,268.00,3.70,1,5,4,0.019492,0.492464,TopoStake,pog(D=3_omega=1.00),1.75,309,0
62,2,0xdcf2130496e27a8094ab996aea4aa77788d65869,4.499739,1772529087,02347ba8ef89e22b4bdedf7e06d88359dd4e46288f1900ba425ceaa4c6e80f65,400,200.00,3.98,1,5,4,0.019464,0.492516,TopoStake,pog(D=3_omega=1.00),2.22,310,0
62,3,0x016d3fc36beee7caa8fbd6c1caa42461dd7f9850,8.896169,1772529089,6906e600958251a157907542a5bcb676500ecb38fb81b949f9a3e06c1c15d030,311,103.67,4.04,1,6,4,0.019428,0.492180,TopoStake,pog(D=3_omega=1.00),2.88,311,0
62,4,0x1796dc61e715f15a2d27dfa32bd34780f12a8c24,16.756465,1772529092,ee34e5399564ef5ee6cedfcc9163ea023f09c1b3bf367c6e643aad5e53db16d4,400,200.00,3.15,1,4,3,0.019445,0.492964,TopoStake,pog(D=3_omega=1.00),2.59,312,0
63,0,0x24898fcb116b48cb2b6fd5d3b4eb599fee0f4633,12.073193,1772529093,033f30a93fb2a924ed2d9bd0f012a6bc5c01f5c892233c27ffc03ebd3a64bee0,239,119.50,3.24,1,5,3,0.019554,0.494074,TopoStake,pog(D=3_omega=1.00),2.09,313,0
63,1,0x016d3fc36beee7caa8fbd6c1caa42461dd7f9850,9.898092,1772529095,565b5d081a835935835a237ce6ebfdb4eb9557b1eebb2095beb77f01ad507276,286,286.00,3.40,1,5,3,0.019607,0.495086,TopoStake,pog(D=3_omega=1.00),1.63,314,0
63,2,0xa068e3c9a21c8d8be636cd2d285895979ec3262e,2.963878,1772529097,d544820e2821aaa9c7ca51012ade6c6bd00d1687c2e83353cfd9224a6f2c0a6f,400,200.00,3.14,1,4,3,0.019633,0.495951,TopoStake,pog(D=3_omega=1.00),2.02,315,0
63,3,0x075e1d95c7891e1c00414ca1aa9a7a8cf6270019,18.182338,1772529099,131a78524d1229e744748467ae69a6e260f41a67d257bfdf4a1964d0fb13c0ed,295,98.33,4.36,1,6,4,0.019579,0.494934,TopoStake,pog(D=3_omega=1.00),2.77,316,0
63,4,0x24898fcb116b48cb2b6fd5d3b4eb599fee0f4633,13.074593,1772529102,5f076843c8d8065c260d584018eb507a2eb34a339c498d7c808636cb920ece7a,400,200.00,3.18,1,6,3,0.019701,0.496079,TopoStake,pog(D=3_omega=1.00),2.55,317,0
64,0,0x4a217e35f6402e7f62a49f6d62e27c6585c2f3fd,4.490324,1772529103,ae3a21984a83b0bfd79ab8758780cc83077312ae8d477980d9210cf53ce75e9f,228,114.00,3.43,1,5,4,0.019763,0.497110,TopoStake,pog(D=3_omega=1.00),2.12,318,0
64,1,0xbc3f8508d26048f2064aa8c068f4c94d08d77d18,4.060439,1772529105,334d2a149e701a0d3494e810964982a6d05a19ba56d5f771f775c986b5f7b54f,255,255.00,3.51,1,5,4,0.019725,0.496717,TopoStake,pog(D=3_omega=1.00),1.59,319,0
64,2,0x8d9e46becf415ca26aa698c9657087e6554aabda,6.389398,1772529107,751d1f9f960933ebf0a9d4b8c287fe468b1e01b18956ed9fdef49e1abb4e820d,400,200.00,4.30,1,6,4,0.019683,0.496088,TopoStake,pog(D=3_omega=1.00),1.97,320,0
64,3,0x07902d0371763a00d97ed9ba16ff0a206cb0fd19,21.583946,1772529109,d7c197da8c4cf590079a7ab5101b6b2611003360b8563f2db3586ba0e5c5f867,254,84.67,3.79,1,6,4,0.019668,0.496483,TopoStake,pog(D=3_omega=1.00),2.58,321,0
64,4,0x6d6b2734a20229ddd7fd4a1470ba3e3bad4e4a85,5.642107,1772529112,813264b998ebcb5ebd1c66088bbca819181696e253b83f05360d79b5e917e14c,400,200.00,2.73,1,4,3,0.019824,0.497660,TopoStake,pog(D=3_omega=1.00),2.46,322,0
65,0,0x1796dc61e715f15a2d27dfa32bd34780f12a8c24,17.757924,1772529113,310cdeceb2ebd9b5b836781b48e8538c1db97e868e9ffc17bde249c2f73b04ec,392,196.00,3.74,1,6,4,0.019799,0.497862,TopoStake,pog(D=3_omega=1.00),2.46,323,0
65,1,0x016d3fc36beee7caa8fbd6c1caa42461dd7f9850,10.900144,1772529115,72abf2d356d860db7fd1d926270d9286441e8c35571546795317d444c95c2200,342,342.00,3.30,1,5,3,0.019799,0.497866,TopoStake,pog(D=3_omega=1.00),1.58,324,0
65,2,0xcb7977f4997b4252c0152e135dd79b3cfe35c1a5,2.621757,1772529117,8dc14d0b843315df5d8368e14b0e2d3133194dea15b31866fc61818d0323ffcb,393,131.00,3.19,1,5,3,0.019942,0.499861,TopoStake,pog(D=3_omega=1.00),2.51,325,0
65,3,0xb990cdf21950e6086c350175c4bc504e45858230,4.122180,1772529119,22e1913434dae896b9598f4944289d5e5793367a5269d745b022179e661df7d4,356,178.00,4.28,1,6,4,0.019883,0.498694,TopoStake,pog(D=3_omega=1.00),2.44,326,0
65,4,0x4a217e35f6402e7f62a49f6d62e27c6585c2f3fd,5.491355,1772529122,90170cfc82f79871a29ce4b371d117855c1b172da1a2acb0f268bcd8f4ef3db2,400,200.00,4.02,1,6,4,0.019841,0.498054,TopoStake,pog(D=3_omega=1.00),2.54,327,0
66,0,0x1cb1274c711a6c2e4e1596846e6ac604eeefb358,4.410407,1772529123,6d781868e6cb312e1088d4fed00b3dbff69229fcff9009a795805636cccb5ba2,281,140.50,3.48,1,5,4,0.019814,0.498163,TopoStake,pog(D=3_omega=1.00),2.06,328,0
66,1,0x30509a8084fdfe6fe24d9c9a817c209ad194f8e3,7.665384,1772529125,39cbf0977afe5e2b6edf0cb8d5922de84fcd1fccccb3a1a44aa8be9c424aa2a3,315,315.00,3.43,1,5,4,0.019775,0.497629,TopoStake,pog(D=3_omega=1.00),1.50,329,0
66,2,0x30405867b72597aaeb27803bb2c7f3f5fc7d5384,2.514093,1772529127,4a0be2918db718f7173865cb7bb62001f97ae9f86b3aa59aaa4da9ee4cf2c5d4,400,133.33,3.39,1,5,3,0.019772,0.498188,TopoStake,pog(D=3_omega=1.00),2.76,330,0
66,3,0xb7b4ee0a72bc410bf6d32b9cd3f3e11fc756d6f1,1.074690,1772529129,f8400a8d08165bfe97d73bc254581728f829c7f4ec6bdb350cb01e5ff85d0046,284,142.00,3.53,1,6,4,0.019713,0.496946,TopoStake,pog(D=3_omega=1.00),2.51,331,0
66,4,0x07902d0371763a00d97ed9ba16ff0a206cb0fd19,22.586511,1772529132,baac745c86e8c20ff1ca176f0d3a3dce09c96c3bed61b6ece30c59380a28418d,374,187.00,3.82,1,6,4,0.019638,0.494855,TopoStake,pog(D=3_omega=1.00),2.48,332,0
67,0,0x53be6e527cc5a7d850b5eae27b9cef342e0665f2,5.047390,1772529133,f9e6b49acad19ed45f048ec5a7c2c98d4b1bdff4861dfe0f29f86dcd573f4316,400,200.00,2.77,1,4,3,0.019795,0.496003,TopoStake,pog(D=3_omega=1.00),2.42,333,0
67,1,0x8c11ec9090dd820c076e57e899d9c604c79d6b32,5.567729,1772529135,fc4e3e021d987242e8b347421fa1006ca5472af13824740dc7025f8500ad8660,185,185.00,3.54,1,5,4,0.019607,0.494728,TopoStake,pog(D=3_omega=1.00),1.98,334,0
67,2,0xa068e3c9a21c8d8be636cd2d285895979ec3262e,3.964625,1772529137,7142bd44280ec1f174440d5b328830cb3c18496ce5754ee22870741a69bb76b1,379,189.50,4.15,1,6,4,0.019582,0.494803,TopoStake,pog(D=3_omega=1.00),1.55,335,0
67,3,0xeaa5003682d7289190651081ae2bee847097afc5,2.754921,1772529139,f1f5a4ff5e683bc83b0380b9367c9261d621b22b9dc3e2b468ed8e8f8450b2bf,277,92.33,4.44,1,6,4,0.019539,0.494055,TopoStake,pog(D=3_omega=1.00),2.42,336,0
67,4,0x0d91704595bff3aec25d40822498a51c62b05e3a,10.593962,1772529142,2872d7fa1a514ad5fd27bc051929f504989ab5485e99658279d02742c163cd4f,369,184.50,4.26,1,6,4,0.019484,0.492898,TopoStake,pog(D=3_omega=1.00),2.52,337,0
68,0,0x408bb0bf84df50b21c53c74420987f172d4036a1,3.795319,1772529143,38004cf9a37df036efbcb7ac5648327b138790830ec94820a8ee6944bbec5d57,400,200.00,3.23,1,5,3,0.019511,0.493756,TopoStake,pog(D=3_omega=1.00),2.51,338,0
68,1,0xeaa5003682d7289190651081ae2bee847097afc5,3.756401,1772529145,0901802ae1838e2b88c026f77803785d9a7e14421fc53e01e4af2186d1a1a87b,97,97.00,2.99,1,5,3,0.019467,0.492931,TopoStake,pog(D=3_omega=1.00),1.31,339,0
68,2,0x4ba33404d90c4ae989714d9d174cd882cffb7994,4.113027,1772529147,1c40c9fa5e82cd20d12c4701a715ca86228bf8b905ab5f6168cb22fc74c1b3ef,400,200.00,4.33,1,6,4,0.019423,0.492057,TopoStake,pog(D=3_omega=1.00),2.17,340,0
68,3,0x63f4973c0df8a5358405f396dc0673a463c48de9,6.899731,1772529149,fa703f6bf31433140a9a93cf0b119dd801fea98988c9ef115bfc7a669ca78d12,310,103.33,4.34,1,6,4,0.019382,0.491268,TopoStake,pog(D=3_omega=1.00),2.86,341,0
68,4,0x786f26993bf015cd2da6fb5d3ccd1879e01246ab,5.290253,1772529152,a0c9a5ab1fc6d0a7c3eaea0309d29520565a02099878e026d4edb792e78ca991,390,195.00,3.54,1,6,4,0.019371,0.491710,TopoStake,pog(D=3_omega=1.00),2.50,342,0
69,0,0x26d553a2f4343b3a7dc88bbd87b3d0a25d3838d9,10.227845,1772529153,01e522cea6768b59d5de09099a2ff2e6f4534bfc2c7ee6491350c7a058f96de4,400,200.00,4.04,1,5,4,0.019343,0.491643,TopoStake,pog(D=3_omega=1.00),2.48,343,0
69,1,0x13f9dadc05f6c237b03411e2aed1800cf21a5d89,13.313568,1772529155,1d8b70e836acc068207019fa56d8e31916994fe1e21bb21baee571e8f3e9fa0b,287,287.00,3.65,1,5,4,0.019365,0.492432,TopoStake,pog(D=3_omega=1.00),1.61,344,0
69,2,0x89100a8056319ba37491b32ba255004180607bc2,10.795640,1772529157,c42a4cbeded1d1e3a60f5ae060641d9fc50cf2815db714a577e4eab43bc90850,400,200.00,3.07,1,5,3,0.019418,0.493390,TopoStake,pog(D=3_omega=1.00),1.96,345,0
69,3,0xfb35fdafcfc84561a42700a4a1c274edeb75bdc1,2.054861,1772529159,2dea4cc5b2d185fa4051e40959817c1533e7bb1808ab700e76e18bc96d0e0152,259,129.50,3.94,1,6,4,0.019446,0.494186,TopoStake,pog(D=3_omega=1.00),1.42,346,0
69,4,0x13f9dadc05f6c237b03411e2aed1800cf21a5d89,14.315586,1772529162,de793497b85e7d0e0cc4e4206534ffafa4f146c102c50097d75497fbea685c7b,390,130.00,3.94,1,6,4,0.019384,0.492707,TopoStake,pog(D=3_omega=1.00),2.52,347,0
70,0,0x075e1d95c7891e1c00414ca1aa9a7a8cf6270019,19.185734,1772529163,d2cce0ea7780a4c4b85cd6637cf37246c4605438dbc676af56db7d6e62186664,400,200.00,3.05,1,5,3,0.019446,0.493690,TopoStake,pog(D=3_omega=1.00),2.46,348,0
70,1,0x6064b9f5883bf9737dfe314ff68c56e09e68ac89,5.189226,1772529165,22a04c5207dbb71d9b7c3b623086d9bcfaa28056177fa0c467d1462c44da47e7,356,356.00,3.05,1,5,3,0.019556,0.494759,TopoStake,pog(D=3_omega=1.00),1.55,349,0
70,2,0x1796dc61e715f15a2d27dfa32bd34780f12a8c24,18.760119,1772529167,4cb7302174fb5eea095d2fa534070ca3278bfd0927d3d125e44d000966cff03f,288,144.00,3.87,1,5,4,0.019526,0.494603,TopoStake,pog(D=3_omega=1.00),1.55,350,0
70,3,0xbc3f8508d26048f2064aa8c068f4c94d08d77d18,5.061089,1772529169,14c55e03725b2c4022a4d06157ef9975f22f0ce5b7721ee3ef7e5ebb01bbed44,400,133.33,3.36,2,5,3,0.019630,0.495624,TopoStake,pog(D=3_omega=1.00),2.55,351,0
70,4,0xd46407aa7b668c72de3cf1c1a12b7fa2e308a1b2,4.988048,1772529172,23acf50e8fbdd17fe6042d72ed97cc65023238b7c2c1297bf303887836f9106b,280,140.00,4.33,1,6,4,0.019598,0.495367,TopoStake,pog(D=3_omega=1.00),2.18,352,0
71,0,0xc774b0fee7cabbef3b1ae14bf36db3df0d32c1df,2.167063,1772529173,136b0dc057e1692ea6d646b7de91f3dfee651e55140df38aff5f0a35f3d0e750,400,200.00,3.81,1,5,4,0.019565,0.495031,TopoStake,pog(D=3_omega=1.00),2.44,353,0
71,1,0x4a217e35f6402e7f62a49f6d62e27c6585c2f3fd,6.492021,1772529175,d3dcf727c750aa84505a93b315a47b93fc34a4f68f50c81e40090cf0a5aca69f,268,268.00,3.98,1,5,4,0.019505,0.493594,TopoStake,pog(D=3_omega=1.00),1.68,354,0
71,2,0xd46407aa7b668c72de3cf1c1a12b7fa2e308a1b2,5.989977,1772529177,fcc05c54e2ffe65e36253759012d3b7b6eaf5b0dc482b6375340d7eadd062003,400,200.00,3.63,1,5,4,0.019487,0.493907,TopoStake,pog(D=3_omega=1.00),1.86,355,0
71,3,0x30405867b72597aaeb27803bb2c7f3f5fc7d5384,3.514883,1772529179,7857ff7fc50cb0f353190ad1df4e69ef5811e4132b98bbd04a0c4b9b1268c156,227,75.67,3.90,1,6,4,0.019464,0.494044,TopoStake,pog(D=3_omega=1.00),2.29,356,0
71,4,0x4414c05be2cf328f38d2e3ef4b705d6b894f044a,5.087374,1772529182,59381dd6fd04ac2a5ac0264ed9873b76956dd610aee5eec76405693745ec5f46,384,192.00,3.52,1,5,4,0.019418,0.493102,TopoStake,pog(D=3_omega=1.00),2.43,357,0
72,0,0x9bdb1c7ad4bd8fe797b07c08117c74a591dbab2d,1.440141,1772529183,cf86ba83e8ef7b441043e22069092ec50cda85673a52f8e9de0b56fb43053d52,400,200.00,3.85,1,5,4,0.019386,0.492778,TopoStake,pog(D=3_omega=1.00),2.36,358,0
72,1,0x0d91704595bff3aec25d40822498a51c62b05e3a,11.596374,1772529185,5ea09ffdc958c512caacdfe5fd9df0e3bf94123c43fb9280661d0baacb70f36a,242,242.00,3.66,1,5,4,0.019320,0.490961,TopoStake,pog(D=3_omega=1.00),1.63,359,0
72,2,0x016d3fc36beee7caa8fbd6c1caa42461dd7f9850,11.902313,1772529187,25178e7980ce31a3b7e05a3539cf8f5c60be0ac97f4c206705bfd80f8b524fd2,400,133.33,3.33,1,5,3,0.019321,0.490966,TopoStake,pog(D=3_omega=1.00),2.61,360,0
72,3,0x07902d0371763a00d97ed9ba16ff0a206cb0fd19,22.588700,1772529189,24a4156501cd551687fecb03298a01032c1d62b97092ee048fd7679ef8d367ce,225,112.50,3.22,1,5,3,0.019385,0.492658,TopoStake,pog(D=3_omega=1.00),2.36,361,0
72,4,0x81d019380961f92c2031b0a7fba69f7675145088,1.484944,1772529192,9ce08ae92351caade42a6756f9f1a07693dfaa1eaa5dde2822b9fcfa76b19029,400,200.00,2.74,1,4,3,0.019519,0.493743,TopoStake,pog(D=3_omega=1.00),2.45,362,0
73,0,0x075e1d95c7891e1c00414ca1aa9a7a8cf6270019,20.188195,1772529193,5382444a0dd25703924d6b81901a8d5af647aef83f86b3a567a4ac16bd51c83d,367,183.50,3.68,1,5,4,0.019453,0.491916,TopoStake,pog(D=3_omega=1.00),2.43,363,0
73,1,0xf6e059718dbd0a0956726ab97d06bad5efc6cd18,4.011528,1772529195,851e46cc632defcc28468c079f757916288501e7d89ea24e5611fb076e06b1fc,366,366.00,3.16,1,5,3,0.019563,0.492954,TopoStake,pog(D=3_omega=1.00),1.51,364,0
73,2,0x07902d0371763a00d97ed9ba16ff0a206cb0fd19,23.590784,1772529197,6bae2723e168dd6a370d90fbc8ce1390b93b26a2f371fc72984afb7c1781cc8f,353,117.67,3.90,1,5,4,0.019520,0.492100,TopoStake,pog(D=3_omega=1.00),2.61,365,0
73,3,0xe6ebb0cdfd04183d498964e5efc4096ba77b17d6,9.293892,1772529199,d87b3fd3938033cc7f48fb3d5117a92ff5c8e6524a513a17cef637ad9efadb9c,400,200.00,2.81,1,4,3,0.019660,0.493179,TopoStake,pog(D=3_omega=1.00),2.67,366,0
73,4,0x07902d0371763a00d97ed9ba16ff0a206cb0fd19,24.592701,1772529202,ad650d24096f3035244e9e58c255bc1a0919214ef0f6d95e99e072886c5c9730,64,32.00,3.66,1,6,4,0.019666,0.493858,TopoStake,pog(D=3_omega=1.00),3.69,367,0
74,0,0x408bb0bf84df50b21c53c74420987f172d4036a1,4.795030,1772529203,28d185a0a6f45d18c63bcb72fa3c10b7e365f3c4238db08fe88db4674ad645f2,400,133.33,2.78,1,4,3,0.019666,0.493859,TopoStake,pog(D=3_omega=1.00),3.34,368,0
74,1,0xeb82a21cb3d0dd781eb22ad74bb7cd9b4d2a06ec,4.917904,1772529205,562202f7e9069cd82c725625fc13fe4f2dae89af2d92d74e9af4b719c75cc63b,153,153.00,3.51,1,5,4,0.019631,0.493364,TopoStake,pog(D=3_omega=1.00),1.97,369,0
74,2,0x49b57eb4dace37c8819daf079c9c674f766d4f38,3.228112,1772529207,6f8e90fef831048bcb2f4b72d1c0593552f9cc4aa3ab896894352df0c5e1f0ec,351,175.50,3.92,1,6,4,0.019597,0.492893,TopoStake,pog(D=3_omega=1.00),1.55,370,0
74,3,0x4414c05be2cf328f38d2e3ef4b705d6b894f044a,6.089145,1772529209,b2d92d42ff5ae8cc5ec8895f3bd1a83cbfbd0290e9ff5bebc144034513dc9d40,400,133.33,4.01,1,6,4,0.019547,0.491885,TopoStake,pog(D=3_omega=1.00),2.63,371,0
74,4,0xa447d277b02012c2afd9ddcbbe123f27cc971963,4.807714,1772529212,05765b12bf5a47b67fb82442ff009d14798b0a7de1abdc545ffc763056ba1461,221,110.50,4.05,1,6,4,0.019524,0.492017,TopoStake,pog(D=3_omega=1.00),2.07,372,0
75,0,0x07902d0371763a00d97ed9ba16ff0a206cb0fd19,24.592889,1772529213,7008110492611f50694820b4335d54d57429851234dd7b952f939da959977cf3,400,200.00,3.51,1,5,4,0.019489,0.491455,TopoStake,pog(D=3_omega=1.00),2.48,373,0
75,1,0x075e1d95c7891e1c00414ca1aa9a7a8cf6270019,21.190376,1772529215,2a607409b9c27c27624e774448a8a47796870af65d2880fd47f9c7b74c0ac58e,220,110.00,2.74,1,4,3,0.019632,0.492516,TopoStake,pog(D=3_omega=1.00),2.15,374,0
75,2,0xa9105f442328d397529b8e4e9e656fa89016ff45,2.463829,1772529217,9d14fa6919350d417f0a5f9241a750e3b0496fd39254c68ef8e1bac35ffbf8ab,377,188.50,3.13,1,5,3,0.019744,0.493532,TopoStake,pog(D=3_omega=1.00),2.49,375,0
75,3,0x269cdf52f97e1d9f14b7be895155a7b294f0b21d,2.722297,1772529219,1d16a1a0bbd08ba2512faa25cfdf4ffdfdd48c453d285f87eef31d059601de2c,363,181.50,3.89,1,6,4,0.019687,0.492256,TopoStake,pog(D=3_omega=1.00),2.56,376,0
75,4,0xc24b36dee27726233c3bbd9e1f028f98b6b2a424,9.416718,1772529222,9469dabfc2a595bc9cc8afb5e6e75cb94d4f1a6cff6cd7cbd65e026ee37919ef,250,125.00,3.79,1,5,4,0.019633,0.491052,TopoStake,pog(D=3_omega=1.00),2.46,377,0
76,0,0x71f297f96355f349d66f0e9b681e7d4e11224660,1.164369,1772529223,40ec97203262f350e7210913759d7d05be85102976215cc5f919a04c5944be16,382,191.00,3.94,1,6,4,0.019638,0.491689,TopoStake,pog(D=3_omega=1.00),2.41,378,0
76,1,0x89100a8056319ba37491b32ba255004180607bc2,11.796333,1772529225,0ec8c8327956f2ad96b19365a7f428a659a049a0391f02ef5c3153cad4df5c30,258,258.00,3.84,1,5,4,0.019570,0.489759,TopoStake,pog(D=3_omega=1.00),1.59,379,0
76,2,0x26d553a2f4343b3a7dc88bbd87b3d0a25d3838d9,11.228812,1772529227,96c76c29e333ed2834a7770205567c4e5f877739fee507482ea3fd80622781ea,400,200.00,3.81,1,5,4,0.019597,0.490527,TopoStake,pog(D=3_omega=1.00),1.96,380,0
76,3,0xa447d277b02012c2afd9ddcbbe123f27cc971963,5.809470,1772529229,c12cca05cfc681122fa33381891e50aa6820553fe356e292d3845f99af404a8f,304,101.33,3.74,1,6,4,0.019617,0.491243,TopoStake,pog(D=3_omega=1.00),2.66,381,0
76,4,0xc24b36dee27726233c3bbd9e1f028f98b6b2a424,10.418439,1772529232,43189df82ddddf1df55a1c8b8a99e47ec8df9d8c1e72b8c83b61d88210c31a0a,400,200.00,3.54,1,6,4,0.019591,0.491219,TopoStake,pog(D=3_omega=1.00),2.54,382,0
77,0,0x408bb0bf84df50b21c53c74420987f172d4036a1,5.795413,1772529233,5b0686dcb94c7b41dd9f48fb1ed9db9826d44468150b2874cdfa1c6f9ccacad6,268,134.00,3.84,1,6,4,0.019604,0.491884,TopoStake,pog(D=3_omega=1.00),1.99,383,0
77,1,0x719361397abe003a91af76243e5f9c7a0cd4279f,6.543231,1772529235,def0fa2a22c48893a84aeda7aba8a4388dfd6ee13233ba28c30d4ee2025f7dc3,261,261.00,3.47,1,5,4,0.019577,0.491810,TopoStake,pog(D=3_omega=1.00),1.56,384,0
77,2,0xa7e4d4d949807065ebf85adc1be8c382c7236c15,1.207891,1772529237,416532fd58ef79e3e201f41ca9031371225b7152f3cfcfc71af010a8ada5cb3b,400,133.33,3.84,1,6,4,0.019557,0.492018,TopoStake,pog(D=3_omega=1.00),2.86,385,0
77,3,0xfb35fdafcfc84561a42700a4a1c274edeb75bdc1,3.055607,1772529239,52d95e33ae5e05e89db0687e702d82873c91a7f05e2cbe85d87d3417b9faa154,247,123.50,3.89,1,6,4,0.019491,0.490099,TopoStake,pog(D=3_omega=1.00),2.50,386,0
77,4,0xc577329e86aaecb006f17fb90499c54671119935,5.320065,1772529242,223638b0e2ab13f9e68d9ad839d681ad6a197bdd91d1214b68f237045c3897a2,400,200.00,3.94,1,6,4,0.019441,0.489020,TopoStake,pog(D=3_omega=1.00),2.50,387,0
78,0,0x07902d0371763a00d97ed9ba16ff0a206cb0fd19,25.594976,1772529243,6da77d8f4154286d21cd58230b472476a0c5d0c046becf9663dfcbc7cc50c89b,287,143.50,3.79,1,6,4,0.019410,0.488681,TopoStake,pog(D=3_omega=1.00),2.01,388,0
78,1,0x13f9dadc05f6c237b03411e2aed1800cf21a5d89,15.319628,1772529245,310cd6938fdd28ee48b87de63fbe6250991d69300515efda7401ba5873f478ca,330,165.00,2.85,1,4,3,0.019410,0.488685,TopoStake,pog(D=3_omega=1.00),2.34,389,0
78,2,0x016d3fc36beee7caa8fbd6c1caa42461dd7f9850,12.903795,1772529247,7f26376e2a5eadb9907cc4085920919c9138e17b19f80a8415628e641be03ec0,395,197.50,3.12,1,5,3,0.019604,0.490624,TopoStake,pog(D=3_omega=1.00),2.53,390,0
78,3,0x8d9e46becf415ca26aa698c9657087e6554aabda,7.389130,1772529249,b16edbe7433ffe6cc64b8d601df41ce3f24f784c6b54d1d7d8a446a47ed8aca3,371,185.50,3.21,1,6,3,0.019636,0.491448,TopoStake,pog(D=3_omega=1.00),2.46,391,0
78,4,0x687bf2437a044a3e42ff2f8a79a8e54ba9601f70,1.055805,1772529251,3bba1c10fcb816ac61a30bf46e6acafcf8caee6005dd45ca0d8a0bbf884273de,396,198.00,4.08,1,7,4,0.019622,0.491865,TopoStake,pog(D=3_omega=1.00),2.48,392,0
79,0,0xfb35fdafcfc84561a42700a4a1c274edeb75bdc1,4.057453,1772529253,f70b8207d5d184b990816d68128fbd206ca578d6a05f7dae42149e4a14ea737d,245,245.00,3.56,1,6,4,0.019555,0.489867,TopoStake,pog(D=3_omega=1.00),1.73,393,0
79,1,0x13f9dadc05f6c237b03411e2aed1800cf21a5d89,16.321712,1772529255,e972b0805f49c916b9c4afe87ede89d0fcef1160c5adc468decad5631fd8e370,400,133.33,3.92,1,6,4,0.019514,0.489010,TopoStake,pog(D=3_omega=1.00),3.15,394,0
79,2,0x50f7fa851f9314d682e36da5caa4635039b5305d,2.101927,1772529257,a055aff92d86fda665be96f3e16f1254f1c6570ae163e4f9b4858f85e5ec78b3,291,291.00,2.97,1,5,3,0.019573,0.489911,TopoStake,pog(D=3_omega=1.00),1.79,395,0
79,3,0xc24b36dee27726233c3bbd9e1f028f98b6b2a424,11.419377,1772529260,76e951c293b852d8d48103d709f662160f75ba9334051542c640cf283503640f,371,123.67,3.36,1,5,3,0.019516,0.488453,TopoStake,pog(D=3_omega=1.00),2.48,396,0
79,4,0x58a21eeb7ab18ba8adf1296e66a4487076e95dac,6.088255,1772529261,6cafcb0282b5ed1cb7ac4aa339ebc7703ac70f5dff2d86b9e4a5591651d2cf00,400,200.00,4.04,1,6,4,0.019534,0.489114,TopoStake,pog(D=3_omega=1.00),2.49,397,0
80,0,0xcb7977f4997b4252c0152e135dd79b3cfe35c1a5,3.621178,1772529263,281ed146caf5913c92bfe3086cd79525ddebb9d08a2d28b3d70eb0c736be0d59,159,159.00,3.44,1,5,4,0.019509,0.489115,TopoStake,pog(D=3_omega=1.00),1.31,398,0
80,1,0x1796dc61e715f15a2d27dfa32bd34780f12a8c24,19.762743,1772529265,a7b82a9f91c6085a13b0e7f8219e60cc20a83d5aa7bd9f644e014704c3e1738d,400,200.00,4.17,1,6,4,0.019509,0.489118,TopoStake,pog(D=3_omega=1.00),1.89,399,0
80,2,0x13f9dadc05f6c237b03411e2aed1800cf21a5d89,17.323316,1772529267,315058c3d3a3bde726ec1942ecfbc6c21d9e143587fd32652d72db269ef99ab8,287,143.50,3.30,1,5,3,0.019550,0.489076,TopoStake,pog(D=3_omega=1.00),1.64,400,0
80,3,0x377eaef292051bbf8ada05b2af76a3f3b9d722a7,3.053737,1772529269,c523029de0f86b3c45bcaf62c3af6859748730e1810b5e1d02537d1549ed7467,400,133.33,3.04,1,5,3,0.019615,0.489968,TopoStake,pog(D=3_omega=1.00),2.58,401,0
80,4,0xac768e60b9269babb15cb1e36ee843243d7c7543,5.712115,1772529272,8150f18f3fde47be11095b10b9965a8bcaaaf57e76a61226ca99ef72b37c31fa,222,111.00,3.55,1,5,4,0.019565,0.488863,TopoStake,pog(D=3_omega=1.00),2.25,402,0
81,0,0x786f26993bf015cd2da6fb5d3ccd1879e01246ab,6.290621,1772529273,3c2a9da37451612a4187649735911854dffdc6120a4121ca580a707917e936f2,400,200.00,3.85,1,6,4,0.019537,0.488663,TopoStake,pog(D=3_omega=1.00),2.35,403,0
81,1,0x8c11ec9090dd820c076e57e899d9c604c79d6b32,6.567867,1772529275,9e2ddd4e7030036ddb83ea0233a02cc5b7b554458bd567dabaed301628b5283a,298,298.00,3.92,1,5,4,0.019513,0.488692,TopoStake,pog(D=3_omega=1.00),1.60,404,0
81,2,0xcdc82b7c868072205a399d0f68e6e3ad3bfd1ca6,2.201731,1772529277,2970d0879774c742be0fb3e342f5aa755e770083d6807d18d75d2baf1c00d554,400,200.00,4.28,1,6,4,0.019492,0.488806,TopoStake,pog(D=3_omega=1.00),1.97,405,0
81,3,0x016d3fc36beee7caa8fbd6c1caa42461dd7f9850,13.905836,1772529279,23e9145b1229b3ee14ed30024cb0b48e8b8b3750ca5be819ef32207131ef4c10,256,128.00,3.60,1,6,4,0.019436,0.487388,TopoStake,pog(D=3_omega=1.00),1.52,406,0
81,4,0x07902d0371763a00d97ed9ba16ff0a206cb0fd19,26.597769,1772529281,a866687aeddced641ade22c46915ab23988a8fd13c4802dc7942a1bd9ef3329f,358,119.33,3.11,1,4,3,0.019472,0.488226,TopoStake,pog(D=3_omega=1.00),2.48,407,0
82,0,0xc4dc29db975b952e04358340e56b68fa4ba63fbc,0.531177,1772529284,bcbe94582b86157136064ec394bcf9533c667233efa532cb2620f853778b195f,400,200.00,2.74,1,4,3,0.019608,0.489223,TopoStake,pog(D=3_omega=1.00),2.53,408,0
82,1,0x377eaef292051bbf8ada05b2af76a3f3b9d722a7,4.054845,1772529285,6223548638b21902010fba38b8a1cc9f3301f95e0a81fd79af93779d81edff5c,268,134.00,3.51,1,5,4,0.019538,0.487058,TopoStake,pog(D=3_omega=1.00),1.91,409,0
82,2,0x81193196c1dbdbf80709d43a5af5ce21c201fbd7,4.835167,1772529287,bbf1065d40726f693a08a3994ce188aef115c0584a01e850faa1622fce630c68,281,281.00,3.57,1,5,4,0.019497,0.486171,TopoStake,pog(D=3_omega=1.00),1.54,410,0
82,3,0x8719ca31b72ae8a5404006763c53d5ad503dbcb0,0.101960,1772529289,1f6cba8708cc2dddee0c9b363df3c6e89e3255b3b292e4298d9e2e6b9a1310f2,382,191.00,3.92,1,6,4,0.019462,0.485593,TopoStake,pog(D=3_omega=1.00),1.69,411,0
82,4,0x8c11ec9090dd820c076e57e899d9c604c79d6b32,7.569394,1772529291,04d40602b2a802b282eb55a41393531054ee479177b16810b0093cf6485da45c,220,110.00,4.30,1,6,4,0.019390,0.483263,TopoStake,pog(D=3_omega=1.00),1.41,412,0
83,0,0x1796dc61e715f15a2d27dfa32bd34780f12a8c24,20.764308,1772529293,248723a07eb6bc1cc32db9756f5d679530a9ec9909da8a7561c1dbc29bf004fe,400,133.33,4.16,1,6,4,0.019376,0.483676,TopoStake,pog(D=3_omega=1.00),2.51,413,0
83,1,0x075e1d95c7891e1c00414ca1aa9a7a8cf6270019,22.194115,1772529296,eae4573c10f25f8546dce0ccff8a73b89b9411e0604b8773bdb3795c35c148ca,385,192.50,3.25,1,5,3,0.019463,0.484592,TopoStake,pog(D=3_omega=1.00),2.36,414,0
83,2,0x0d91704595bff3aec25d40822498a51c62b05e3a,12.599660,1772529297,e9d08a85125d19427cc8c357399dc90a69691c3656670624557843846b8a9603,400,200.00,3.10,1,5,3,0.019560,0.485542,TopoStake,pog(D=3_omega=1.00),2.44,415,0
83,3,0x58a21eeb7ab18ba8adf1296e66a4487076e95dac,7.088504,1772529299,468738e2ca6caec741e09d5c062e4b3c9c120d113f4caf4ba5e25a8ce7e1e308,344,344.00,3.19,1,5,3,0.019584,0.486287,TopoStake,pog(D=3_omega=1.00),1.51,416,0
83,4,0x13f9dadc05f6c237b03411e2aed1800cf21a5d89,18.326058,1772529301,026f282e579555b23f9f2502b3200fb08f62fbd586f1134f2f3dd87815ea844b,392,196.00,3.93,1,5,4,0.019584,0.486291,TopoStake,pog(D=3_omega=1.00),1.65,417,0
84,0,0xbc3f8508d26048f2064aa8c068f4c94d08d77d18,6.060395,1772529303,3fb4fd9b6e2ec74a63a61d3996d770742920f4249a5c589ebf393c9b12f49b2f,224,112.00,3.19,1,5,3,0.019631,0.487421,TopoStake,pog(D=3_omega=1.00),1.24,418,0
84,1,0x1796dc61e715f15a2d27dfa32bd34780f12a8c24,21.766252,1772529305,30d833f599a63f8f8506b17589ff36df13f9f430f972e8534e4482e814394199,400,133.33,4.22,1,6,4,0.019604,0.487304,TopoStake,pog(D=3_omega=1.00),2.51,419,0
84,2,0xc577329e86aaecb006f17fb90499c54671119935,6.320677,1772529308,5c18a6ab94526a90556dc0ad8487706abb4d2d3e08c69d9481a70897cab5f1ef,241,120.50,3.20,1,5,3,0.019695,0.488203,TopoStake,pog(D=3_omega=1.00),2.05,420,0
84,3,0xd67aaaf210c0c36ddcb7055222d168b5c9dd1b36,2.181392,1772529309,d8956f2cfa61b5b8d6133a3fc76a307dfaeafeee8eba4258a308721feaf2ba92,400,200.00,3.94,1,6,4,0.019670,0.488139,TopoStake,pog(D=3_omega=1.00),2.36,421,0
84,4,0x07902d0371763a00d97ed9ba16ff0a206cb0fd19,27.600566,1772529311,7b3cbb353ebea8a70b437298b1b6ec2b2150f3b231382911e7828b89dd9cefe0,262,262.00,3.71,1,5,4,0.019614,0.486719,TopoStake,pog(D=3_omega=1.00),1.59,422,0
85,0,0x8c11ec9090dd820c076e57e899d9c604c79d6b32,8.570889,1772529313,6d7c4f608dcbb659e933420de3d0a5ba35c47ddf59cd6db038748d532dfa947b,400,200.00,2.84,1,4,3,0.019747,0.487691,TopoStake,pog(D=3_omega=1.00),2.10,423,0
85,1,0x3d92e045fb1847aae132b40ebfcc471a32f687de,3.125723,1772529315,65352768bd09aad79a14e584942dc78a947dd77a3612f4d8c118872ae2cd9fa3,329,164.50,4.16,1,6,4,0.019738,0.488227,TopoStake,pog(D=3_omega=1.00),1.86,424,0
85,2,0x81d019380961f92c2031b0a7fba69f7675145088,2.484848,1772529317,4b10306d474f3c3bf7a151acbb1a2d6549ac54bf8b0a9950447bbfcdaca8e7a1,400,133.33,3.93,1,5,4,0.019689,0.487147,TopoStake,pog(D=3_omega=1.00),2.50,425,0
85,3,0x71f297f96355f349d66f0e9b681e7d4e11224660,2.164411,1772529320,90eadd4b9379c0f75642c2db7c02ba52b39d4d29fc81816c167702d23a43327e,240,120.00,3.65,1,5,4,0.019636,0.485821,TopoStake,pog(D=3_omega=1.00),2.03,426,0
85,4,0x26d553a2f4343b3a7dc88bbd87b3d0a25d3838d9,12.229673,1772529321,a7f9cac7e31ab5294b75c01d999c5b55cda0971635e801b68258fa53a74eeb09,400,200.00,3.94,1,5,4,0.019581,0.484343,TopoStake,pog(D=3_omega=1.00),2.43,427,0
86,0,0x377eaef292051bbf8ada05b2af76a3f3b9d722a7,5.055959,1772529323,adc3f3f89d5e22fa8694abf1d6b7ba7b803b925a17342d4f105b0e7cfe6c10ea,291,291.00,3.63,1,5,4,0.019598,0.485015,TopoStake,pog(D=3_omega=1.00),1.56,428,0
86,1,0x3513d672439a59c26cc5711f2b715ccb4810a774,7.295293,1772529325,a5bdfb79ef55cad5994edaa9f554e880a0912a7d4be33f2d9942dd219334e363,400,200.00,3.58,1,5,4,0.019564,0.484520,TopoStake,pog(D=3_omega=1.00),1.99,429,0
86,2,0x269cdf52f97e1d9f14b7be895155a7b294f0b21d,3.722150,1772529327,1922dc2eb11d7100a15a10613f495ca2789db4f2e19786543b78ad4f6e589451,313,156.50,3.87,1,5,4,0.019546,0.484803,TopoStake,pog(D=3_omega=1.00),1.83,430,0
86,3,0x30405867b72597aaeb27803bb2c7f3f5fc7d5384,4.515323,1772529329,d9c226c517b6f2730bf471e7bd4a953c1a8f85ecc154252552d243de61a013f6,400,133.33,3.67,1,5,4,0.019503,0.483828,TopoStake,pog(D=3_omega=1.00),2.48,431,0
86,4,0x9bdb1c7ad4bd8fe797b07c08117c74a591dbab2d,2.439331,1772529332,5a72178a218f94147bdcb025d2cd5655aa3e48eca0b0edc2c256204379f8d6a4,235,117.50,3.46,1,5,4,0.019465,0.483088,TopoStake,pog(D=3_omega=1.00),2.01,432,0
87,0,0x7e40df5d801345015e84c843908efc6683665fa4,2.653439,1772529333,5ed31996b39c0a71a912a4268af49f0ebf06aedca23d6ed1130a20ac2bae808e,400,200.00,3.67,1,5,4,0.019413,0.481705,TopoStake,pog(D=3_omega=1.00),2.39,433,0
87,1,0x89100a8056319ba37491b32ba255004180607bc2,12.797597,1772529335,4a1d790957a521c034e4b7c45c3f622b275f97ecd68a9d3cf3b2f411233f608a,286,286.00,3.30,1,5,3,0.019362,0.480386,TopoStake,pog(D=3_omega=1.00),1.51,434,0
87,2,0x075e1d95c7891e1c00414ca1aa9a7a8cf6270019,23.197030,1772529337,cc8a9c3e427ee167a00cf3da4056568b0dd522dd0551cc11aa3325e8cce042df,400,200.00,3.83,1,5,4,0.019383,0.481077,TopoStake,pog(D=3_omega=1.00),1.84,435,0
87,3,0x07902d0371763a00d97ed9ba16ff0a206cb0fd19,28.603425,1772529339,ae5caa73270ea38408ea5169e657bfe78c422478de2abac6966ba797a02b722c,281,140.50,3.23,1,5,3,0.019477,0.481997,TopoStake,pog(D=3_omega=1.00),1.63,436,0
87,4,0xa3786e459f289a76c0e8af8ad834e3d0c6d47199,8.725918,1772529341,0a904210fc251cf3c629f968a74e25075015e2920d10bc9e8dc7068ea4c52593,374,124.67,2.80,1,4,3,0.019609,0.482954,TopoStake,pog(D=3_omega=1.00),2.49,437,0
88,0,0x34d94cc0534eb50dec7956bea31407428d6d5ef8,1.074514,1772529344,b6ac07d3d0c7d022c9a52f594238dc4b59f1a2ba17bb47570aaa3ff8a36cbedd,400,200.00,4.32,1,6,4,0.019600,0.483461,TopoStake,pog(D=3_omega=1.00),2.54,438,0
88,1,0x3513d672439a59c26cc5711f2b715ccb4810a774,8.296730,1772529345,528356cda27dbffbe2856207ae2d7fbe914fdcd170b6b7a50e38ab4ea1637a39,290,145.00,3.56,1,5,4,0.019538,0.481599,TopoStake,pog(D=3_omega=1.00),1.94,439,0
88,2,0xd61b00c297972877b45f8d7f4d67fdaf20c67c59,1.324218,1772529347,cb1302f0cafcc7c4704b307d3829e71d223b9f66d2b84b0bf3089b9e6209d2a4,272,272.00,3.73,1,5,4,0.019526,0.482045,TopoStake,pog(D=3_omega=1.00),1.55,440,0
88,3,0xc774b0fee7cabbef3b1ae14bf36db3df0d32c1df,3.165703,1772529349,4ab4acbd36016f0d33f1e770f6a48deb36d4792612871570c82bbd91102f9a9d,374,187.00,4.40,1,6,5,0.019466,0.480263,TopoStake,pog(D=3_omega=1.00),1.82,441,0
88,4,0x13f9dadc05f6c237b03411e2aed1800cf21a5d89,19.328670,1772529351,337e6abb29b68812809f63973e02cbe61971292cd09cd79a2c434765091b28e9,262,131.00,4.00,1,6,4,0.019420,0.479148,TopoStake,pog(D=3_omega=1.00),1.55,442,0
89,0,0xcb7977f4997b4252c0152e135dd79b3cfe35c1a5,4.621863,1772529353,270fc6ed609f4742a4a83c1d56e8cf6725d85046f98bda0398882571f0af263e,400,133.33,3.00,1,4,3,0.019484,0.479988,TopoStake,pog(D=3_omega=1.00),2.54,443,0
89,1,0x13f9dadc05f6c237b03411e2aed1800cf21a5d89,20.330632,1772529356,968ca59e8008f0e7f94fd68808a67a6805b912cc2d57841daa6f651da190d165,220,110.00,4.16,1,6,4,0.019447,0.479282,TopoStake,pog(D=3_omega=1.00),2.24,444,0
89,2,0x54f496e5c1d9f95a916cf7f5b62e9c98e64a3dc5,3.036451,1772529357,1d021cf34a178d2adae115d64ba834b9feb0964aa4c4343c7f34a1bfb1f79a7a,400,200.00,3.05,1,5,3,0.019517,0.480116,TopoStake,pog(D=3_omega=1.00),2.47,445,0
89,3,0xf82400c4f426bdbd2bc687ffef1f22c1a381c851,3.057577,1772529359,0d46fa08ad14af7a5608b52f977c39b68d9e0d750466fa725cd89f6433a3def1,265,265.00,3.98,1,5,4,0.019469,0.478928,TopoStake,pog(D=3_omega=1.00),1.74,446,0
89,4,0xb990cdf21950e6086c350175c4bc504e45858230,5.122021,1772529361,e56d7aad5cd6620bca07eb07f93a187a1a8aff4334abbe9532c0bf3e68521fb2,400,200.00,4.00,1,6,4,0.019422,0.477717,TopoStake,pog(D=3_omega=1.00),2.17,447,0
90,0,0x28672c71695142588ed26ada6f4b18b8b6c12308,5.693717,1772529363,ae213a995aa0216b365b682931abb7a769cdd1621e4d247f7f5ff61852fedfec,339,169.50,4.03,1,5,4,0.019422,0.477720,TopoStake,pog(D=3_omega=1.00),1.73,448,0
90,1,0xd1cd4b808ce6b2841ad42746b64c5a047e857ef0,1.227194,1772529365,b5e2e26337eb4238210f1019800543bc87ea2f97a7206949b3a0e47b3ae756bf,371,123.67,3.65,1,5,4,0.019359,0.476917,TopoStake,pog(D=3_omega=1.00),2.51,449,0
90,2,0x0d91704595bff3aec25d40822498a51c62b05e3a,13.601793,1772529368,0279048d6c472425b1c559bbf54fee8e790e6d5868d8251bcc80c0442b8fc02f,400,200.00,3.91,1,6,4,0.019300,0.475105,TopoStake,pog(D=3_omega=1.00),2.49,450,0
90,3,0x07902d0371763a00d97ed9ba16ff0a206cb0fd19,29.606384,1772529369,ebdb077c087ad9b1a3fa9c1d7559e8966ecc0791ccd5d04c84969329f198be6f,351,175.50,3.11,1,5,3,0.019324,0.475839,TopoStake,pog(D=3_omega=1.00),1.71,451,0
90,4,0x016d3fc36beee7caa8fbd6c1caa42461dd7f9850,14.908010,1772529371,105a4cd1e148fc40cf9c6a5d5489d9d50634e287cf1f3cace700bd0c1a3276f1,274,274.00,2.88,1,4,3,0.019453,0.476779,TopoStake,pog(D=3_omega=1.00),1.25,452,0
91,0,0xa068e3c9a21c8d8be636cd2d285895979ec3262e,4.962463,1772529373,37bc91bbf0a19c8f9e5797b4ef84a99e25ac632c4bcbf5d9e7f0713ef31f1ea8,387,193.50,3.11,1,5,3,0.019484,0.477570,TopoStake,pog(D=3_omega=1.00),1.50,453,0
91,1,0x4414c05be2cf328f38d2e3ef4b705d6b894f044a,7.088155,1772529375,796958d72ec04f81891f12d733150cad7cde79af85b542ad24a961c894359e06,400,200.00,4.36,1,6,5,0.019484,0.477573,TopoStake,pog(D=3_omega=1.00),1.50,454,0
91,2,0x016d3fc36beee7caa8fbd6c1caa42461dd7f9850,15.909920,1772529377,3c16bf0cc9a4b825be9b32535c672b3e963cbb24620cf138ce570486de696a36,231,77.00,3.94,1,6,4,0.019464,0.477769,TopoStake,pog(D=3_omega=1.00),2.22,455,0
91,3,0x377eaef292051bbf8ada05b2af76a3f3b9d722a7,6.057434,1772529380,9272131a0a43add3c92b7bc9ad93fb53408293609598e4d0ffe669ff22c8ffcb,400,200.00,3.15,1,4,3,0.019501,0.478556,TopoStake,pog(D=3_omega=1.00),2.52,456,0
91,4,0x63f4973c0df8a5358405f396dc0673a463c48de9,7.899374,1772529381,f865550e4792acfaea2fdaa5a1c02808fc6998c7b4ced9068eab3dbf797254c0,266,133.00,3.43,1,5,3,0.019474,0.478370,TopoStake,pog(D=3_omega=1.00),1.95,457,0
92,0,0x30509a8084fdfe6fe24d9c9a817c209ad194f8e3,8.668034,1772529383,4fb22f9638c0f1df1ba4ca0d2c276b8ba738a5249c334972a940f7c336d31a97,286,286.00,3.52,1,5,4,0.019458,0.478716,TopoStake,pog(D=3_omega=1.00),1.56,458,0
92,1,0xa3786e459f289a76c0e8af8ad834e3d0c6d47199,9.727062,1772529385,b79b8fe9d4cccb99390fe74a2cffd4ff5f39b84fd563cf1c70897cd853dc5815,400,200.00,3.49,1,5,4,0.019448,0.479145,TopoStake,pog(D=3_omega=1.00),1.88,459,0
92,2,0x269cdf52f97e1d9f14b7be895155a7b294f0b21d,4.723516,1772529387,d451a565f9df22711e48ad9c168f0761816e880bf21f6b29ee79056031533909,256,128.00,4.32,1,6,4,0.019444,0.479687,TopoStake,pog(D=3_omega=1.00),1.58,460,0
92,3,0x786f26993bf015cd2da6fb5d3ccd1879e01246ab,7.291035,1772529389,8b97685b86668b3acf2c65538e243661b670faa0f7303e859fa2376b0670dad9,400,133.33,3.67,1,5,4,0.019408,0.478989,TopoStake,pog(D=3_omega=1.00),2.59,461,0
92,4,0x07902d0371763a00d97ed9ba16ff0a206cb0fd19,30.608430,1772529392,cfebd250b53820bcb2bed8abcb2af766320a7438303dea21fb77ad62835af439,193,96.50,4.08,1,5,4,0.019389,0.479186,TopoStake,pog(D=3_omega=1.00),2.02,462,0
93,0,0xf6e059718dbd0a0956726ab97d06bad5efc6cd18,5.010771,1772529393,eaa2ca38efc89562ba5cb7d87fc63c07cc72208da051926adfa676084908ba64,400,200.00,2.79,1,4,3,0.019519,0.480102,TopoStake,pog(D=3_omega=1.00),2.50,463,0
93,1,0x07902d0371763a00d97ed9ba16ff0a206cb0fd19,31.610374,1772529395,3fa20c3126b80850a52ac200c30b23efd9b4a3d20fa576b7d4d0490aab22317c,116,116.00,3.45,1,5,3,0.019484,0.479487,TopoStake,pog(D=3_omega=1.00),1.10,464,0
93,2,0x606627477c3734932f47972f83c27cf4e3b35b4f,8.376176,1772529397,f9f0178f8792d88eb7258bab3b63aac47e7e1b2b9bfc312261021505d0d77045,400,200.00,2.89,1,4,3,0.019619,0.480401,TopoStake,pog(D=3_omega=1.00),1.89,465,0
93,3,0xa068e3c9a21c8d8be636cd2d285895979ec3262e,4.961981,1772529399,d2c00d447314531ebc1f1c485826b95df5f683037b64bd5dbe59fdefb135b2c5,249,124.50,3.69,1,5,4,0.019605,0.480761,TopoStake,pog(D=3_omega=1.00),1.42,466,0
93,4,0x1cb1274c711a6c2e4e1596846e6ac604eeefb358,5.410696,1772529401,147b6b41ddd2d9551a7b9898734524a74bc159f029b485c6e64d2e8853ff834f,400,133.33,4.35,1,6,4,0.019570,0.480095,TopoStake,pog(D=3_omega=1.00),2.54,467,0
94,0,0x213068cb42718d1dd6d00a6d94d62a3def0e68eb,5.366860,1772529404,7596b3c241842a31241cf0a778da30b46a4eb8639b7ab0985e94326465b36aa6,241,120.50,3.43,1,5,4,0.019538,0.479609,TopoStake,pog(D=3_omega=1.00),2.05,468,0
94,1,0xe184aeec69f3313df03bef8752946c65f0a70021,0.074887,1772529405,c0c1ddcbcddd104b594eff8fba353709dd2671ca8a759c0139689ad98f5a6527,400,200.00,3.64,1,5,4,0.019506,0.479067,TopoStake,pog(D=3_omega=1.00),2.44,469,0
94,2,0x53be6e527cc5a7d850b5eae27b9cef342e0665f2,6.046748,1772529407,4df7412c71a664eb34525aadbbd33460ba1745ccd0698193ddb3a16688e53ddd,312,312.00,3.85,1,6,4,0.019441,0.476938,TopoStake,pog(D=3_omega=1.00),1.69,470,0
94,3,0xa7e4d4d949807065ebf85adc1be8c382c7236c15,2.206505,1772529409,b0a55de620c630310fd73d4dcd8c0f2479aa3813457657023a550c957b2c095a,400,200.00,3.45,2,5,4,0.019413,0.476699,TopoStake,pog(D=3_omega=1.00),2.00,471,0
94,4,0xc339f8bf978200eb65afce6c7121402eda949097,2.067097,1772529411,7531a3a1c32e6faf64aa820fe017c3e14486e1f0914d18ac9d011b68bbd3ed74,273,136.50,3.88,1,6,4,0.019362,0.475271,TopoStake,pog(D=3_omega=1.00),1.65,472,0
95,0,0xbc3f8508d26048f2064aa8c068f4c94d08d77d18,7.060266,1772529413,e4b83a76877677221c40f1817135019ba55e0209beca37701a91189cd3b4e2a8,400,133.33,4.44,1,6,5,0.019310,0.473787,TopoStake,pog(D=3_omega=1.00),2.49,473,0
95,1,0x30509a8084fdfe6fe24d9c9a817c209ad194f8e3,9.670100,1772529416,49ed1a1bc9697ddc01133730380c83b34c488e48c704d61434a7ed42480ba21a,205,102.50,4.19,1,6,4,0.019289,0.473908,TopoStake,pog(D=3_omega=1.00),2.02,474,0
95,2,0xd46407aa7b668c72de3cf1c1a12b7fa2e308a1b2,6.988170,1772529417,3201a1a62fead0214bbb435887c6a427c2a4906e4e79d848fdaa94a0cc5a3333,400,200.00,3.41,2,5,3,0.019284,0.474407,TopoStake,pog(D=3_omega=1.00),2.51,475,0
95,3,0x075e1d95c7891e1c00414ca1aa9a7a8cf6270019,24.199777,1772529419,f69c01779fffb029682a7d5748b966c428c13612b79cc1e0eb90d4cd3a89ef7f,99,99.00,3.33,1,5,3,0.019262,0.474476,TopoStake,pog(D=3_omega=1.00),1.17,476,0
95,4,0x53be6e527cc5a7d850b5eae27b9cef342e0665f2,7.048716,1772529421,a7e0beb06bd2a67ab720cd98baf7db712fcb522ebeeee8177dc7082776effdee,400,200.00,3.07,1,5,3,0.019345,0.475345,TopoStake,pog(D=3_omega=1.00),2.13,477,0
96,0,0xdcf2130496e27a8094ab996aea4aa77788d65869,5.497067,1772529423,6c0d97c9454d7c6b8b6415380d79bea7b541664278bf1569229efc1aaa42f2d7,316,158.00,3.52,1,5,4,0.019324,0.475392,TopoStake,pog(D=3_omega=1.00),1.79,478,0
96,1,0xc339f8bf978200eb65afce6c7121402eda949097,3.068289,1772529425,f403e9cfecfabb1910cd16887b2aff03e0d3753a9cb58587c7fa17f4b4960004,400,133.33,3.98,1,5,4,0.019293,0.474887,TopoStake,pog(D=3_omega=1.00),2.55,479,0
96,2,0x377eaef292051bbf8ada05b2af76a3f3b9d722a7,7.058534,1772529428,518e2fe757926a7183c2e09dc1abca3009244713faee619f21a9c3620ff1954f,218,109.00,4.26,1,6,5,0.019248,0.473716,TopoStake,pog(D=3_omega=1.00),2.05,480,0
96,3,0x30509a8084fdfe6fe24d9c9a817c209ad194f8e3,10.672024,1772529429,c142793ccb4e9ddcf5d45b2b89ed37e5c5f01596d1423b2a94237539558b1246,400,200.00,3.59,1,5,4,0.019227,0.473732,TopoStake,pog(D=3_omega=1.00),2.58,481,0
96,4,0x786f26993bf015cd2da6fb5d3ccd1879e01246ab,8.291331,1772529431,075bbc5a778c350972447d12b1ef2565ba94f54d9f58da3ace10cf20c31a796e,125,125.00,2.96,1,4,3,0.019227,0.474280,TopoStake,pog(D=3_omega=1.00),1.16,482,0
97,0,0x07902d0371763a00d97ed9ba16ff0a206cb0fd19,32.613869,1772529433,7423fddf3596dbe0b446216235f6eeef24e2983dd0397ddd9e57512c256aa59a,400,200.00,4.06,1,5,4,0.019213,0.474597,TopoStake,pog(D=3_omega=1.00),1.83,483,0
97,1,0x606627477c3734932f47972f83c27cf4e3b35b4f,9.376993,1772529435,5a2f5cae3a9482c4d68490948efb1fdf76328e1fc32b3f27b6ff2d38350c84b7,257,128.50,2.78,1,4,3,0.019344,0.475488,TopoStake,pog(D=3_omega=1.00),1.40,484,0
97,2,0x24898fcb116b48cb2b6fd5d3b4eb599fee0f4633,14.075495,1772529437,c935d3695b47eeb47b64b8d80b5aad83eadc663c802b549c00d01fa36ce37c6c,362,120.67,3.67,1,5,4,0.019336,0.475927,TopoStake,pog(D=3_omega=1.00),2.46,485,0
97,3,0x34412315480562da4810040fd15c81f99880e1ab,5.891830,1772529440,4f5c858ec6aaf37cc48b1b6b03b92c66572d3de7052d11876b651837ec835403,372,186.00,3.55,1,5,4,0.019356,0.476624,TopoStake,pog(D=3_omega=1.00),2.42,486,0
97,4,0x34d94cc0534eb50dec7956bea31407428d6d5ef8,2.074496,1772529441,d5c421418a130406a921592eeda2f01c775882903c62202e5d7cbf3313a7acdd,385,192.50,3.91,1,6,4,0.019327,0.476273,TopoStake,pog(D=3_omega=1.00),2.37,487,0
98,0,0xd46407aa7b668c72de3cf1c1a12b7fa2e308a1b2,7.988295,1772529443,45f1f6637db83581380f0f1c357e7c8ca17021651fb3428670f0d4845c0b1f2a,226,226.00,3.58,1,5,4,0.019276,0.474792,TopoStake,pog(D=3_omega=1.00),1.65,488,0
98,1,0xf82400c4f426bdbd2bc687ffef1f22c1a381c851,4.058330,1772529445,00062730d642f2ee23735354247595b33af69a88b93e156dffc1cdb8ffae1419,400,200.00,3.86,1,5,4,0.019260,0.475036,TopoStake,pog(D=3_omega=1.00),2.11,489,0
98,2,0x07902d0371763a00d97ed9ba16ff0a206cb0fd19,33.615638,1772529447,244716f29f5be003578876f615cb9279acb1e1e96560ba5fa85605fdabc369ed,312,156.00,3.91,1,6,4,0.019221,0.474169,TopoStake,pog(D=3_omega=1.00),1.80,490,0
98,3,0x13f9dadc05f6c237b03411e2aed1800cf21a5d89,21.335451,1772529449,7d866a7b33e18b8dc38d3274351918eea89dec9f801d49717f96ef39e56c6960,400,200.00,2.81,1,4,3,0.019353,0.475053,TopoStake,pog(D=3_omega=1.00),1.56,491,0
98,4,0x34412315480562da4810040fd15c81f99880e1ab,6.893515,1772529451,ba05d064cc42c4e935332c8f77921b33bbdc06f20a295c3ad8f85e537ad49a32,219,73.00,3.10,1,5,3,0.019414,0.475830,TopoStake,pog(D=3_omega=1.00),2.08,492,0
99,0,0x3d92e045fb1847aae132b40ebfcc471a32f687de,4.126549,1772529453,6e477aadf352a9ee8e0ba99e19773c65af7c83a1701f0aa458c899df1855c88a,400,200.00,4.01,1,5,4,0.019391,0.475782,TopoStake,pog(D=3_omega=1.00),2.53,493,0
99,1,0x719361397abe003a91af76243e5f9c7a0cd4279f,7.543656,1772529455,196bca25dffe7a642713a6f57be90a1296a8aedbb69e6bdc988b9eeb3db6b4cc,85,85.00,3.24,2,5,3,0.019352,0.474905,TopoStake,pog(D=3_omega=1.00),1.38,494,0
99,2,0x28672c71695142588ed26ada6f4b18b8b6c12308,6.694796,1772529457,10422af4e9871110761f315c4a9e25cd2e1f10089f22c0adeb37e49b5ea0b930,400,200.00,3.80,1,5,4,0.019332,0.475007,TopoStake,pog(D=3_omega=1.00),2.03,495,0
99,3,0x9c39f7fffaa5c5cfab20dfdd05663497918580c1,3.417538,1772529459,5e0222b6f22f594e05c072752b050512315dce519495a89f94f32fb5ecdb0e7d,283,141.50,3.70,1,5,4,0.019308,0.474890,TopoStake,pog(D=3_omega=1.00),1.75,496,0
99,4,0x07902d0371763a00d97ed9ba16ff0a206cb0fd19,34.617917,1772529461,bc37ef9de9c1e2df7cdbb887e1b0e7121c42a7a246e03893b83016e99bb2f294,400,133.33,4.05,1,6,4,0.019266,0.473840,TopoStake,pog(D=3_omega=1.00),2.51,497,0
