epoch,slot,miner,proposer_stake,timestamp,block_hash,tx_count,throughput,avg_path_length,min_path_length,max_path_length,median_path_length,stake_concentration,gini_coefficient,consensus_type,consensus_state,avg_tx_delay_s,block_production_success,block_production_failed
0,2,0xa3786e459f289a76c0e8af8ad834e3d0c6d47199,4.727453,1772341526,180bc6dbf8b7bd3d08edefcd4b16d26340c42a5526877e29d4b0f3602fd6867a,1,0.00,1.00,1,1,1,0.024405,0.600017,Minotaur,minotaur(pow_w:0.50),0.00,0,0
0,3,0x58a21eeb7ab18ba8adf1296e66a4487076e95dac,4.093164,1772341528,fe1d875aeff63220eee172cef25a681519e1a99b48121e4c7b8f09a557e09460,216,43.20,5.84,1,9,6,0.024950,0.603898,Minotaur,minotaur(pow_w:0.50),1.51,1,0
0,4,0x07902d0371763a00d97ed9ba16ff0a206cb0fd19,2.532189,1772341530,4d6bb6691c4e6d3cdf7532552455f2e3896a2ebe395e5cbbd4e5d4e67e1192de,192,96.00,6.91,1,11,7,0.025348,0.607387,Minotaur,minotaur(pow_w:0.50),1.50,2,0
1,0,0x63f4973c0df8a5358405f396dc0673a463c48de9,3.901207,1772341532,d25e437c82d6260e50222998a15c3c9a6a2dd5b88451401bdc21d61986d92fc1,225,112.50,6.40,1,10,7,0.025431,0.609208,Minotaur,minotaur(pow_w:0.50),1.35,3,0
1,1,0x63f4973c0df8a5358405f396dc0673a463c48de9,4.903637,1772341534,4c1010f211dd05d0712b3b92060d7d346aa4b0d3cfb0a93b70371683f962f9d3,244,81.33,5.71,1,10,6,0.025760,0.612312,Minotaur,minotaur(pow_w:0.50),2.25,4,0
1,2,0xd61b00c297972877b45f8d7f4d67fdaf20c67c59,0.336821,1772341536,6f523a49a130f2ff85e81f818842d64ceab77567cde3e9e3f890788a6aef849f,139,139.00,5.99,1,10,6,0.026253,0.615733,Minotaur,minotaur(pow_w:0.50),0.89,5,0
1,3,0x8c11ec9090dd820c076e57e899d9c604c79d6b32,1.566399,1772341539,2f9b6d0d6cabfd9718bccc5ac2e33496445f774e5613bd4f8ed44f4bb86b4b1a,222,74.00,6.09,1,11,6,0.025909,0.612111,Minotaur,minotaur(pow_w:0.50),1.77,6,0
1,4,0xac768e60b9269babb15cb1e36ee843243d7c7543,3.718168,1772341540,e2e757901cc3661557e5edf72ef4678567db7c9fa3d3cd397ae963b564634a4d,207,103.50,5.49,1,8,6,0.025788,0.612292,Minotaur,minotaur(pow_w:0.50),1.58,7,0
2,0,0xa3786e459f289a76c0e8af8ad834e3d0c6d47199,5.729423,1772341542,f4336c1d660e95bde592654c3d5d6fe4aac7a47a930ef911ea77406fbe6eda9c,96,96.00,6.10,1,9,6,0.026037,0.614996,Minotaur,minotaur(pow_w:0.50),1.00,8,0
2,1,0xe6ebb0cdfd04183d498964e5efc4096ba77b17d6,4.294423,1772341544,4ffa4c26e768fc9ed99dd709a2192e0f6abfce6d9364ecc20f414ab30f38264c,207,103.50,5.80,1,9,6,0.026613,0.618430,Minotaur,minotaur(pow_w:0.50),1.43,9,0
2,2,0xe478b1e4d1538274c0c70cbd7df877f9abab2f62,2.300116,1772341546,e58f25a0287f7b6e729425c7843916e103504d5e4081779e489dcda55c8570dd,212,106.00,6.33,1,11,7,0.026925,0.621202,Minotaur,minotaur(pow_w:0.50),1.39,10,0
2,3,0xaadc5fea232580cb8fba739ac5d05a48559c7e52,1.356193,1772341548,c2c3e2cc8888c9d4d9a6f4afce0990949770890854dc55c20b18777942ded305,228,76.00,6.57,1,11,7,0.026897,0.622277,Minotaur,minotaur(pow_w:0.50),2.31,11,0
2,4,0xd67aaaf210c0c36ddcb7055222d168b5c9dd1b36,0.189141,1772341550,4cefd21cd8c80e5b26bcfc8c00fb22f6d4329fb658a5b9dd264084066a229c18,157,78.50,5.96,1,10,6,0.026715,0.621809,Minotaur,minotaur(pow_w:0.50),2.09,12,0
3,0,0xa3786e459f289a76c0e8af8ad834e3d0c6d47199,6.731413,1772341553,d77402d5abf5e765869dd63186cfc1f2e3133d7a168c136b578aeb2cc69a3637,197,98.50,5.84,2,11,6,0.026353,0.617347,Minotaur,minotaur(pow_w:0.50),1.84,13,0
3,1,0xa3786e459f289a76c0e8af8ad834e3d0c6d47199,7.733583,1772341554,1159e30d86bb93c29297246b5ac483038c6129662e556b028eb72f9291c6294a,218,109.00,5.80,1,9,6,0.027007,0.620628,Minotaur,minotaur(pow_w:0.50),1.58,14,0
3,2,0xeaa5003682d7289190651081ae2bee847097afc5,0.761975,1772341556,9c3bc03112a426074517a78749cb2ceaf47e7de3be5cf71a2e49a406006fe75f,90,90.00,5.80,1,9,6,0.027786,0.623859,Minotaur,minotaur(pow_w:0.50),0.99,15,0
3,3,0x6d6b2734a20229ddd7fd4a1470ba3e3bad4e4a85,1.643254,1772341558,fe17bed9eea11e0078c3c3f9b0bcc2eb0d2114dd88303afda703cc67b6e30321,211,105.50,7.28,1,12,8,0.027497,0.621821,Minotaur,minotaur(pow_w:0.50),1.45,16,0
3,4,0xcdc82b7c868072205a399d0f68e6e3ad3bfd1ca6,0.207971,1772341560,82ab146a3032c33d082ce138aa6f37182c4231d912ec5580dd6e9ef7e94348d5,193,96.50,5.36,1,10,5,0.027343,0.621669,Minotaur,minotaur(pow_w:0.50),1.42,17,0
4,0,0xa3786e459f289a76c0e8af8ad834e3d0c6d47199,8.734413,1772341562,5be2aadb143542da31d479d60e68b4954e767c13ef1077472fe5048b1325ca3e,221,73.67,6.80,1,12,7,0.026983,0.617267,Minotaur,minotaur(pow_w:0.50),2.30,18,0
4,1,0xac768e60b9269babb15cb1e36ee843243d7c7543,4.718868,1772341564,03bd6af10c70e07f10c3bf824f95247389dc0480a4ff0ca11448597a1eb197a7,172,86.00,5.73,1,9,6,0.027837,0.620414,Minotaur,minotaur(pow_w:0.50),2.01,19,0
4,2,0xe6ebb0cdfd04183d498964e5efc4096ba77b17d6,5.296303,1772341567,e2b40187a1281bfde2e8aa8f238f8d3fc6da439d4a2c8f42c107eeec5440048e,237,118.50,6.06,1,10,6,0.028102,0.623020,Minotaur,minotaur(pow_w:0.50),1.64,20,0
4,3,0x63f4973c0df8a5358405f396dc0673a463c48de9,5.904767,1772341568,3d88516672acb51da098eeb5be5645d84b67afbee02429b7d5ee5d0ee6144a7b,216,108.00,6.41,2,11,6,0.028102,0.623025,Minotaur,minotaur(pow_w:0.50),1.62,21,0
4,4,0xf6e059718dbd0a0956726ab97d06bad5efc6cd18,1.016347,1772341570,0c316c7d4846bcce1d198a02836a034f521fdafa85ade5c3cf71d18a74f557d1,95,95.00,5.74,2,10,6,0.028516,0.625912,Minotaur,minotaur(pow_w:0.50),1.04,22,0
5,0,0xeb82a21cb3d0dd781eb22ad74bb7cd9b4d2a06ec,2.924145,1772341572,999f8149a958d8f05e76ae6d9db3cb958932059ad8fb65d8b631ea647d879f60,198,99.00,8.16,1,12,9,0.028254,0.624402,Minotaur,minotaur(pow_w:0.50),1.44,23,0
5,1,0xd46407aa7b668c72de3cf1c1a12b7fa2e308a1b2,1.991299,1772341574,fdb90d1c383955f954f936c60dfe7a9042ac5fd20a5c3a69e4d183830fb638b2,180,60.00,7.11,2,12,7,0.028250,0.626006,Minotaur,minotaur(pow_w:0.50),2.43,24,0
5,2,0xf6e059718dbd0a0956726ab97d06bad5efc6cd18,2.018267,1772341576,f3f0836f6c1447e52a495084b8bd8570d1bac6a130c995b0f8e946b2a57e5d68,166,83.00,6.81,2,12,7,0.028121,0.626243,Minotaur,minotaur(pow_w:0.50),2.25,25,0
5,3,0xac61c91e7d24df824351a6c4e562a75f0cf646f8,0.251998,1772341579,c7e04798b751922cca1a67c3490d298cf488cfe7999ef1483ce8aaa08aec0c51,195,97.50,7.70,1,12,8,0.027995,0.626359,Minotaur,minotaur(pow_w:0.50),2.12,26,0
5,4,0x719361397abe003a91af76243e5f9c7a0cd4279f,3.543446,1772341580,500837db114a2fa725a01a17086981aa75f61f97d3e76840fc6aad15dba473c2,175,87.50,6.08,1,10,6,0.027996,0.626364,Minotaur,minotaur(pow_w:0.50),1.91,27,0
6,0,0xcdc82b7c868072205a399d0f68e6e3ad3bfd1ca6,1.209921,1772341582,9706ed657ffb1228b07bfb580283b228c59bce73de51124865379e67aff94133,94,94.00,5.98,1,11,6,0.027716,0.624161,Minotaur,minotaur(pow_w:0.50),1.03,28,0
6,1,0xdcf2130496e27a8094ab996aea4aa77788d65869,4.505217,1772341584,eeb47e7d937f9c44286e80dd14c869aa7311aac4f8a60c51b37fea4bfed13836,207,103.50,7.22,1,12,8,0.027494,0.622966,Minotaur,minotaur(pow_w:0.50),1.41,29,0
6,2,0x606627477c3734932f47972f83c27cf4e3b35b4f,3.377147,1772341586,0d1cd189593c000e732a01481725d961335bbf762e2db674473d8581d3493ebe,218,72.67,5.61,1,10,6,0.027672,0.625140,Minotaur,minotaur(pow_w:0.50),2.35,30,0
6,3,0x26d553a2f4343b3a7dc88bbd87b3d0a25d3838d9,3.218930,1772341588,9a4e60896b74fec0db949b075969ecfab4c88f2244dbb673f06aa163392a9c9a,162,81.00,5.42,1,9,6,0.027707,0.626775,Minotaur,minotaur(pow_w:0.50),2.12,31,0
6,4,0x63f4973c0df8a5358405f396dc0673a463c48de9,6.905547,1772341591,d204218741c3fd47a115c206f56bd54754150beddfc07e11029d7c0cecd87375,226,113.00,5.42,1,9,6,0.027708,0.626784,Minotaur,minotaur(pow_w:0.50),1.77,32,0
7,0,0xa3786e459f289a76c0e8af8ad834e3d0c6d47199,9.735843,1772341592,5bac60e425a327e506d4772313ddf136d52bd8ee35222ecdac064ae8a2098c2f,201,100.50,5.96,1,10,6,0.028153,0.630771,Minotaur,minotaur(pow_w:0.50),1.60,33,0
7,1,0xa3786e459f289a76c0e8af8ad834e3d0c6d47199,10.736943,1772341594,79f97bcc1cf8792a99a1bb96dde0566e1793477970998c1ab721ae765e5a09ec,113,113.00,5.77,1,9,6,0.028890,0.633489,Minotaur,minotaur(pow_w:0.50),1.04,34,0
7,2,0x213068cb42718d1dd6d00a6d94d62a3def0e68eb,0.370239,1772341596,d0d9c2704b811029a684bd69bfb6ceb78fdd607c865bce30aeb422beb044fc19,184,92.00,6.07,1,9,7,0.029715,0.636166,Minotaur,minotaur(pow_w:0.50),1.48,35,0
7,3,0x89100a8056319ba37491b32ba255004180607bc2,2.786777,1772341598,c9342220a16e90f860513fb16750d95c945912b3fa7a2bd5c048ecdf74535ea6,231,115.50,5.09,1,9,5,0.029371,0.632621,Minotaur,minotaur(pow_w:0.50),1.34,36,0
7,4,0xcdc82b7c868072205a399d0f68e6e3ad3bfd1ca6,2.211811,1772341600,99eb393d6374f44c7da983408349eb922eb64397eb8b9e9b6486e972c8a66fe0,228,76.00,5.48,1,8,6,0.029297,0.633498,Minotaur,minotaur(pow_w:0.50),2.19,37,0
8,0,0xeaa5003682d7289190651081ae2bee847097afc5,1.763615,1772341603,8bdda2c21ed35c2d0dbed63eeff89a63a723979583c30045fd117665ed548a5e,127,63.50,6.98,1,12,7,0.029160,0.633624,Minotaur,minotaur(pow_w:0.50),1.94,38,0
8,1,0x30509a8084fdfe6fe24d9c9a817c209ad194f8e3,2.656029,1772341604,d9fb6d1105e7a48f202cbf143b4ed344dbcd91f913de1c897ab5f53c4d9a9bc7,224,112.00,7.06,1,11,7,0.029161,0.633629,Minotaur,minotaur(pow_w:0.50),1.86,39,0
8,2,0xe478b1e4d1538274c0c70cbd7df877f9abab2f62,3.301726,1772341606,251dbee8fd75f8d7e937b3c94c860658a2f178f81e38b0971588bdf8eb0e9f5c,124,124.00,6.52,2,11,7,0.028889,0.633583,Minotaur,minotaur(pow_w:0.50),1.10,40,0
8,3,0x49b57eb4dace37c8819daf079c9c674f766d4f38,1.231400,1772341608,85ee161b03043d37bad735c6e08aa8a4569924b0acbacd9a04121fcd4e4ca5c8,188,94.00,6.43,1,11,7,0.028866,0.634623,Minotaur,minotaur(pow_w:0.50),1.41,41,0
8,4,0xa068e3c9a21c8d8be636cd2d285895979ec3262e,0.968231,1772341610,3218987ce549ba84ca5e4030ce88f2e316e2fd35e96583ba9179fd87982df0db,217,72.33,7.28,1,13,8,0.028633,0.633275,Minotaur,minotaur(pow_w:0.50),2.37,42,0
9,0,0xa5a12d96532497871d73549e55ab377e3dcb3a40,0.110732,1772341612,c200839f3c2239e3f3d1f4084381df877869bfcf7d99471ed8208baa8e383e0d,171,85.50,5.71,1,10,6,0.028377,0.631350,Minotaur,minotaur(pow_w:0.50),2.14,43,0
9,1,0x34412315480562da4810040fd15c81f99880e1ab,1.897353,1772341615,90d593397d782e0b88dd54aaa5075a4ffc0aa2b6d56a8dc78640e3b26f8c4d25,250,125.00,5.77,1,8,6,0.028041,0.626738,Minotaur,minotaur(pow_w:0.50),2.04,44,0
9,2,0x63f4973c0df8a5358405f396dc0673a463c48de9,7.907267,1772341616,cfaf5f6fdc35aec2fdeea1fa333257d6c17170c2eb19aeed5c1da2ebc302e916,128,64.00,6.69,1,10,7,0.027884,0.626188,Minotaur,minotaur(pow_w:0.50),1.72,45,0
9,3,0xeaa5003682d7289190651081ae2bee847097afc5,2.765675,1772341618,2c3673bbff3ce238b0991aa4503f219e35f7772a21f84529486a16e882243e7e,112,112.00,6.65,2,10,7,0.028302,0.628577,Minotaur,minotaur(pow_w:0.50),1.17,46,0
9,4,0xbc3f8508d26048f2064aa8c068f4c94d08d77d18,3.067689,1772341620,9533f3e117739a44c4e29a33ac264b665d8e2947d14005e5c7788b0ff44fab68,229,114.50,7.07,1,12,7,0.028222,0.629006,Minotaur,minotaur(pow_w:0.50),1.47,47,0
10,0,0x30509a8084fdfe6fe24d9c9a817c209ad194f8e3,3.657079,1772341622,1961513e24e487ef589ab1ffda58c45b6c503677d9ba43cae8882829d5b2d358,205,102.50,5.97,1,10,6,0.028170,0.629639,Minotaur,minotaur(pow_w:0.50),1.45,48,0
10,1,0x28672c71695142588ed26ada6f4b18b8b6c12308,0.691508,1772341624,6d7563bd3137f2e046619aa5d23ab82f652e3d121d00b5174f031369b1c21eaa,187,62.33,5.84,1,11,6,0.028171,0.630767,Minotaur,minotaur(pow_w:0.50),2.22,49,0
10,2,0xbc3f8508d26048f2064aa8c068f4c94d08d77d18,4.069669,1772341627,1d196118bab699477e43f7cb7fe3a3a29195559cb4871fb5daffd0e380e37c1b,183,91.50,5.78,2,9,6,0.028171,0.630777,Minotaur,minotaur(pow_w:0.50),2.11,50,0
10,3,0x606627477c3734932f47972f83c27cf4e3b35b4f,4.378457,1772341628,3757c8a3d5aaf9c9ace2dc60c02f6d8d97b750e0bdc2a203aa8dbdafe270d752,214,107.00,6.25,1,10,7,0.027937,0.629611,Minotaur,minotaur(pow_w:0.50),1.72,51,0
10,4,0x4414c05be2cf328f38d2e3ef4b705d6b894f044a,2.088679,1772341630,c615b48a1f1fd3075725bb8dc3a08206b0f6d6261839760cb90a90cecb7325a2,96,96.00,5.43,2,9,6,0.027997,0.631116,Minotaur,minotaur(pow_w:0.50),1.06,52,0
11,0,0x89100a8056319ba37491b32ba255004180607bc2,3.788647,1772341632,4e0f30e2c6b2637bffdd1c721f4d8819f4e3ccdde83ac91e596ed9f262d1f112,201,100.50,7.20,1,12,7,0.027854,0.630653,Minotaur,minotaur(pow_w:0.50),1.53,53,0
11,1,0xac61c91e7d24df824351a6c4e562a75f0cf646f8,1.253198,1772341634,e136a3dffc891d474907e49c96348c1c0f37f828d35fee9bff64367037c21748,199,99.50,5.41,1,8,6,0.027858,0.631612,Minotaur,minotaur(pow_w:0.50),1.37,54,0
11,2,0xa3786e459f289a76c0e8af8ad834e3d0c6d47199,11.738273,1772341636,d8478e0a284342e6035bfa50f87617e51d427e08a92467e31b100474c99dd323,219,73.00,6.00,1,11,6,0.027645,0.630078,Minotaur,minotaur(pow_w:0.50),2.19,55,0
11,3,0xa3786e459f289a76c0e8af8ad834e3d0c6d47199,12.739613,1772341638,5a7f34dd8a45d6fc478f94213d2f4de0ff596813123ca97825e0e5c23a4e0cd5,135,67.50,5.66,1,9,6,0.028310,0.632412,Minotaur,minotaur(pow_w:0.50),1.82,56,0
11,4,0xa3786e459f289a76c0e8af8ad834e3d0c6d47199,12.739603,1772341640,aa3779581bfe9985abe1b10e57f9b95d9f0f41cf2ec4459f7aa18766b422451d,220,110.00,6.13,1,9,6,0.028311,0.632416,Minotaur,minotaur(pow_w:0.50),1.56,57,0
12,0,0xd46407aa7b668c72de3cf1c1a12b7fa2e308a1b2,2.992289,1772341642,c7d367aea285e89fa55b1fc70cd789c685d3cfd2abe1050f0536ec9f010f4923,102,102.00,6.03,1,9,6,0.029038,0.634723,Minotaur,minotaur(pow_w:0.50),1.01,58,0
12,1,0x8719ca31b72ae8a5404006763c53d5ad503dbcb0,0.115915,1772341644,7c7288d3942a541ff83f0835aedade202ae95cff3be4712e6f736db2b6413b7f,208,104.00,7.01,1,12,7,0.028954,0.635009,Minotaur,minotaur(pow_w:0.50),1.52,59,0
12,2,0xc774b0fee7cabbef3b1ae14bf36db3df0d32c1df,1.173317,1772341646,fc08bd5468becc859c3f60bb0864f9f38f15193bedcad7ff5198b7eb60ea9e87,217,72.33,5.65,1,9,6,0.028637,0.630659,Minotaur,minotaur(pow_w:0.50),2.37,60,0
12,3,0xe6ebb0cdfd04183d498964e5efc4096ba77b17d6,5.295433,1772341648,edd6d1c1756e7c2d140e294ca254ce5f5cca03df1b15873754153ab76e50e065,174,87.00,6.91,1,12,7,0.028411,0.628950,Minotaur,minotaur(pow_w:0.50),2.22,61,0
12,4,0x8c11ec9090dd820c076e57e899d9c604c79d6b32,2.567429,1772341651,f912265a3d0e8e89087117a2ec4c0a2f585ad3361362d53a6edf540b2ec7c7ec,209,104.50,6.32,1,11,6,0.028510,0.630879,Minotaur,minotaur(pow_w:0.50),1.97,62,0
13,0,0xaadc5fea232580cb8fba739ac5d05a48559c7e52,2.356743,1772341652,284413e5fff60a4d8fe2ef3b86de9d4d165b57ddae73ce805e6bc433079523e7,221,110.50,5.47,1,8,6,0.028510,0.630883,Minotaur,minotaur(pow_w:0.50),1.66,63,0
13,1,0xd61b00c297972877b45f8d7f4d67fdaf20c67c59,1.338031,1772341654,6e84c6f6833a547669d256f7e9832197d619f9b15f92db43ca50955b6733dfaa,98,98.00,6.33,1,10,6,0.028263,0.630374,Minotaur,minotaur(pow_w:0.50),1.00,64,0
13,2,0xbc3f8508d26048f2064aa8c068f4c94d08d77d18,5.071499,1772341656,e2c0372bf36dc70b37ccf97408e0b1ec7067fdfa5a5b64e6104f77fa178cd6ec,204,102.00,6.23,2,11,6,0.028055,0.628830,Minotaur,minotaur(pow_w:0.50),1.41,65,0
13,3,0xaadc5fea232580cb8fba739ac5d05a48559c7e52,3.357693,1772341658,10cb5910b4d68d0fe58448570f65e9c906f224a2ecfcb1ad6cbdc516803ca7a8,221,73.67,6.04,1,10,6,0.028129,0.630506,Minotaur,minotaur(pow_w:0.50),2.30,66,0
13,4,0xdcf2130496e27a8094ab996aea4aa77788d65869,5.506687,1772341660,b5cdfa661106d189761f7fa0ec5de9636ee7c135f4811b56a93f89df70919868,158,79.00,6.04,1,10,6,0.028073,0.630899,Minotaur,minotaur(pow_w:0.50),2.18,67,0
14,0,0xa5a12d96532497871d73549e55ab377e3dcb3a40,1.112662,1772341663,4f5c2f46ffbd6229c7319fcaa0f27ca359c0e825fce978cd8a9032e16880143c,226,113.00,5.76,1,9,6,0.028173,0.632645,Minotaur,minotaur(pow_w:0.50),1.76,68,0
14,1,0x63f4973c0df8a5358405f396dc0673a463c48de9,8.907877,1772341664,c1a6285389cc4f009998d280ebe9648ee16a33c2ef3e4ae9279fe70d0d010c6c,236,118.00,5.44,1,8,6,0.027952,0.630721,Minotaur,minotaur(pow_w:0.50),1.55,69,0
14,2,0xa3786e459f289a76c0e8af8ad834e3d0c6d47199,13.740443,1772341666,6cef5f721bc372610398f434a2a7810e259455edd87e7a876d1c098f830262b8,111,111.00,6.13,1,11,6,0.028288,0.632750,Minotaur,minotaur(pow_w:0.50),0.95,70,0
14,3,0x8c11ec9090dd820c076e57e899d9c604c79d6b32,3.569429,1772341668,ea80600aa0e8508a71ad070d47b006e3ccc659bbec98ec78842a2c3cbf9dfd3b,186,93.00,5.63,1,9,6,0.028953,0.634876,Minotaur,minotaur(pow_w:0.50),1.28,71,0
14,4,0xaadc5fea232580cb8fba739ac5d05a48559c7e52,4.359153,1772341670,d2f332383631c0d172400dcb7de18fdcb8e96fb73737c8beb8df7ebfe1231f2a,222,74.00,5.19,1,8,5,0.028896,0.635312,Minotaur,minotaur(pow_w:0.50),2.01,72,0
15,0,0xeaa5003682d7289190651081ae2bee847097afc5,3.767405,1772341673,eead3f441d08908934eb0b57f7a448f2e531dd8de2d9a68f14a37b75ebca43d0,137,68.50,5.59,1,9,6,0.028891,0.636357,Minotaur,minotaur(pow_w:0.50),1.85,73,0
15,1,0x34412315480562da4810040fd15c81f99880e1ab,2.897993,1772341674,61e2fde783e2d2dbc65d357235b91d23212c1cf28d79b5ec488a35cc9daf4ee4,184,92.00,6.74,2,12,7,0.028892,0.636362,Minotaur,minotaur(pow_w:0.50),1.74,74,0
15,2,0x1796dc61e715f15a2d27dfa32bd34780f12a8c24,1.722971,1772341676,835fe0d901762b4749ad5656cc53087707290713a73714899d886679f28ecf0f,132,132.00,6.11,1,11,6,0.028740,0.636636,Minotaur,minotaur(pow_w:0.50),1.13,75,0
15,3,0x8c11ec9090dd820c076e57e899d9c604c79d6b32,4.571559,1772341678,2fe41c9e894be61b91ab9eafaf32305d36d634ea4a0f27af2da770d28e4a3d08,239,79.67,5.06,1,8,5,0.028558,0.635464,Minotaur,minotaur(pow_w:0.50),2.40,76,0
15,4,0x1796dc61e715f15a2d27dfa32bd34780f12a8c24,2.725321,1772341680,5c17e8b867f1ebaa1c5472cbadcc4c8684ad9da2a2076363e73609d3000ff152,191,95.50,5.43,1,10,6,0.028564,0.636513,Minotaur,minotaur(pow_w:0.50),2.05,77,0
16,0,0x1cb1274c711a6c2e4e1596846e6ac604eeefb358,0.406651,1772341683,b9c905e0e1fa5bf9ea22a8a75563e010c10a36acb5d5d5fee68e69fcd86fb9e4,240,120.00,5.36,1,8,6,0.028449,0.636146,Minotaur,minotaur(pow_w:0.50),1.73,78,0
16,1,0x81d019380961f92c2031b0a7fba69f7675145088,0.493153,1772341684,d21d3ba267a3fec480e20849027dcfb5ae471a9c108f9e218a2a3f4638027f80,188,94.00,5.55,1,9,6,0.028449,0.636149,Minotaur,minotaur(pow_w:0.50),1.49,79,0
16,2,0xdcf2130496e27a8094ab996aea4aa77788d65869,6.508727,1772341686,88d92a5b8e0c1f51985b6429e51f7f8cfc1fde3672dfe7b89ff5e1ae3decb917,89,89.00,5.44,1,9,6,0.027933,0.630081,Minotaur,minotaur(pow_w:0.50),0.97,80,0
16,3,0xe6ebb0cdfd04183d498964e5efc4096ba77b17d6,6.297053,1772341688,be3a271d87c9666cef8a0cff894979d0ec0f0fce3694bcfcccd17031a558ab71,195,97.50,5.72,1,10,6,0.028060,0.631878,Minotaur,minotaur(pow_w:0.50),1.36,81,0
16,4,0x719361397abe003a91af76243e5f9c7a0cd4279f,4.543266,1772341690,44b9e7de305a649a222840ae181a1dfeda01c5748b4a1422fb21855497d0cd21,204,68.00,6.31,1,11,6,0.028169,0.633545,Minotaur,minotaur(pow_w:0.50),2.21,82,0
17,0,0x8c11ec9090dd820c076e57e899d9c604c79d6b32,5.573349,1772341693,5fc1ecc44f4c91825aea06033be43f297e261baae4fe4b0a72c3ea802168256c,169,84.50,5.84,1,10,6,0.028167,0.634440,Minotaur,minotaur(pow_w:0.50),1.82,83,0
17,1,0x1cb1274c711a6c2e4e1596846e6ac604eeefb358,1.408391,1772341695,44a7e74af452043c1a54f9edb4336b7f08592bca6bd6ddbb4586a3ff62e2b17e,182,91.00,5.67,1,8,6,0.028226,0.635897,Minotaur,minotaur(pow_w:0.50),1.60,84,0
17,2,0xf6e059718dbd0a0956726ab97d06bad5efc6cd18,3.019167,1772341697,7a79f470f1ba09abc0a87ffbb0da3947034095571f0ea96824191271b6db4e31,217,108.50,5.35,1,9,5,0.028032,0.634309,Minotaur,minotaur(pow_w:0.50),1.51,85,0
17,3,0x719361397abe003a91af76243e5f9c7a0cd4279f,5.544896,1772341699,96d363598c756356215aaa427a2c3fd1485344641eb09530ea1bb1663d7c593d,213,71.00,7.68,1,12,9,0.027937,0.634050,Minotaur,minotaur(pow_w:0.50),2.38,86,0
17,4,0xa3786e459f289a76c0e8af8ad834e3d0c6d47199,14.741983,1772341702,807b29daee496275476723a4db80b07ce9d165dcb2cdae58a85bc7a89601fd1b,177,88.50,5.72,2,11,6,0.027989,0.635367,Minotaur,minotaur(pow_w:0.50),2.03,87,0
18,0,0xac768e60b9269babb15cb1e36ee843243d7c7543,5.719728,1772341703,493bafe286c2b07532b7dc39998575c8da3bd82ddccce0cafc8d6085b4aaec6c,244,122.00,5.91,1,9,6,0.028572,0.637281,Minotaur,minotaur(pow_w:0.50),1.72,88,0
18,1,0x1cb1274c711a6c2e4e1596846e6ac604eeefb358,2.410441,1772341705,74455f4d3f67e724685a8aae771d32b241d40f7c10bf08b4d3d8af86eded6f40,85,85.00,6.25,1,10,6,0.028624,0.638533,Minotaur,minotaur(pow_w:0.50),1.00,89,0
18,2,0xb2a7fe70a6f3137d38f6cb4c3ec6dd1e24f2d5f4,1.421378,1772341707,3004ae3a61ae7dae41c11e77522e7535e446f22b6683711133547417c7b75093,214,107.00,5.09,1,9,5,0.028485,0.637886,Minotaur,minotaur(pow_w:0.50),1.29,90,0
18,3,0x016d3fc36beee7caa8fbd6c1caa42461dd7f9850,0.878589,1772341709,700f445eeddc8f61bd2bd5d3d6918d2e6b46987e58e79b3dd9a4af313cdcd3f7,243,81.00,5.49,1,10,5,0.028292,0.636249,Minotaur,minotaur(pow_w:0.50),2.20,91,0
18,4,0x606627477c3734932f47972f83c27cf4e3b35b4f,5.378517,1772341712,2d00cca7abe49c98f81022cf6a1e6ac872d2263c02d5d18635b8fdc77a8e3f37,111,55.50,6.19,1,11,7,0.028071,0.633915,Minotaur,minotaur(pow_w:0.50),2.01,92,0
19,0,0x1796dc61e715f15a2d27dfa32bd34780f12a8c24,3.727361,1772341713,a2a45f5dac7f9ced15c54e897db04c72c4d4be8936569fda1a0e145332511107,231,115.50,5.65,1,9,6,0.028072,0.633917,Minotaur,minotaur(pow_w:0.50),1.72,93,0
19,1,0x63f4973c0df8a5358405f396dc0673a463c48de9,9.908477,1772341715,a5ab21b10126e710d6e761624912c9f9475f90581627eb0b83b9984ad4ae0aba,93,93.00,5.15,1,8,5,0.028011,0.634123,Minotaur,minotaur(pow_w:0.50),1.00,94,0
19,2,0xc24b36dee27726233c3bbd9e1f028f98b6b2a424,2.411639,1772341717,06ee678a46dce502c9d5272fb3f548facd26d4f24ce052e56777a638155f1949,210,105.00,6.03,1,10,6,0.028285,0.635883,Minotaur,minotaur(pow_w:0.50),1.48,95,0
19,3,0x81193196c1dbdbf80709d43a5af5ce21c201fbd7,0.837289,1772341719,80ca6e1c34642bad34417091619891e69c11c85a72d71316c6d11867d9688813,213,71.00,6.08,1,11,6,0.028150,0.635161,Minotaur,minotaur(pow_w:0.50),2.15,96,0
19,4,0x28672c71695142588ed26ada6f4b18b8b6c12308,1.692348,1772341722,d89c21a91090222360dd33f418a61755f6d49c01c34905b94c584f290f7b3ee9,146,73.00,6.40,1,10,7,0.028150,0.635168,Minotaur,minotaur(pow_w:0.50),1.73,97,0
20,0,0x687bf2437a044a3e42ff2f8a79a8e54ba9601f70,1.064959,1772341724,5ef7dac8c223fd8961fc3f35c3e279da6caa027fb06a6e4f537ebae489d8b617,214,107.00,5.93,1,9,6,0.027977,0.633763,Minotaur,minotaur(pow_w:0.50),1.63,98,0
20,1,0x3d92e045fb1847aae132b40ebfcc471a32f687de,0.126985,1772341726,bdd3c17960c0cfe8313079d9d470386e1b65cec518da997ad2b4af5fea82d120,180,90.00,5.72,1,10,6,0.027773,0.631587,Minotaur,minotaur(pow_w:0.50),1.43,99,0
20,2,0x58a21eeb7ab18ba8adf1296e66a4487076e95dac,5.093344,1772341728,9f74782a06d81390518cc73ba4b95a3f9b38283ebf12e816f112c880ad71da47,231,77.00,6.13,1,11,6,0.027523,0.627871,Minotaur,minotaur(pow_w:0.50),2.23,100,0
20,3,0x269cdf52f97e1d9f14b7be895155a7b294f0b21d,0.724473,1772341731,c6b497238fd6eee86b831c29f540e74a98c220dc0e2f81ed7c79083adcc54963,133,66.50,6.35,1,11,7,0.027533,0.628850,Minotaur,minotaur(pow_w:0.50),2.02,101,0
20,4,0x6064b9f5883bf9737dfe314ff68c56e09e68ac89,2.190379,1772341732,5367cd5f6d6894a799e9fd92265249b27f1a24d581436a3de0d024b6d1f041b3,205,102.50,5.89,1,10,6,0.027318,0.626250,Minotaur,minotaur(pow_w:0.50),1.85,102,0
21,0,0x26d553a2f4343b3a7dc88bbd87b3d0a25d3838d9,4.219690,1772341734,68ae4d8aab6d094bdb4baf7f8a8e6a8091c6cc4c813d4b8c3b9a4f1d9a547435,98,98.00,6.22,2,10,6,0.027180,0.625338,Minotaur,minotaur(pow_w:0.50),1.02,103,0
21,1,0x4a217e35f6402e7f62a49f6d62e27c6585c2f3fd,1.491027,1772341736,8d409dd31f3ae3f11cb9634f0c883878cfc6a7db90772be5f66c4ea485707c69,223,111.50,5.40,1,9,6,0.027145,0.625855,Minotaur,minotaur(pow_w:0.50),1.37,104,0
21,2,0xa447d277b02012c2afd9ddcbbe123f27cc971963,1.807405,1772341738,19510543848ee5f6f4f1cc5a2ec3c1019d90102a32724e825e831428f5a91653,204,68.00,7.20,1,13,8,0.027146,0.625860,Minotaur,minotaur(pow_w:0.50),2.23,105,0
21,3,0x3513d672439a59c26cc5711f2b715ccb4810a774,1.290735,1772341740,35c2cf3c094a6b8be519802b91d6463212b13a8f8b9488aeef68191040cea0bc,182,91.00,5.44,1,9,6,0.026821,0.622714,Minotaur,minotaur(pow_w:0.50),1.74,106,0
21,4,0x81d019380961f92c2031b0a7fba69f7675145088,1.493393,1772341742,0ae0e3f79553c15c957d94a9535d773cf15bd7c4060c914af8d2c7a0d8496ab2,91,91.00,7.14,1,11,7,0.026645,0.620653,Minotaur,minotaur(pow_w:0.50),1.00,107,0
22,0,0xac61c91e7d24df824351a6c4e562a75f0cf646f8,2.254388,1772341744,000f7723b16c60c42030142759d8744f026a67b35538d65dd9bc41af919c2782,195,97.50,5.91,1,9,6,0.026480,0.618738,Minotaur,minotaur(pow_w:0.50),1.44,108,0
22,1,0xd39dbd3662315e3935ec08e6b6028e73b3c09de2,0.921670,1772341746,5f7018f534a9714a2f8fe5a27d81ea044412dde0eeb028c505f9f8768d3853a4,230,76.67,6.04,1,11,6,0.026480,0.618744,Minotaur,minotaur(pow_w:0.50),2.31,109,0
22,2,0x606627477c3734932f47972f83c27cf4e3b35b4f,5.378177,1772341749,810377807a323afbd06a0a47358cab2664ebf3c4ac393489c16f7bb7204e1dfe,135,67.50,6.70,1,12,7,0.026165,0.615266,Minotaur,minotaur(pow_w:0.50),2.24,110,0
22,3,0x4a217e35f6402e7f62a49f6d62e27c6585c2f3fd,2.492907,1772341750,5386bc201406fab54fd7b97ba3d72aee6ea49596ec5a236b9188baa4ff44f2e3,245,122.50,5.56,2,9,6,0.026188,0.616270,Minotaur,minotaur(pow_w:0.50),1.80,111,0
22,4,0xa3786e459f289a76c0e8af8ad834e3d0c6d47199,15.743833,1772341752,f5725a64c94f6626091be67ff46318312623843f52428c7965add3507b5d1c8f,126,126.00,6.99,1,13,7,0.026075,0.615451,Minotaur,minotaur(pow_w:0.50),0.92,112,0
23,0,0x58a21eeb7ab18ba8adf1296e66a4487076e95dac,6.094414,1772341754,963a43b37c627a7ee3187bfb67b4bae42ab09ff82cd1c2376f6547aa44500902,200,66.67,5.60,1,10,6,0.026572,0.617253,Minotaur,minotaur(pow_w:0.50),2.38,113,0
23,1,0x6d6b2734a20229ddd7fd4a1470ba3e3bad4e4a85,2.643114,1772341757,4520bc92853c9b22ff4d81fbc0efc8b2ed547d34558c03a55fed0e2e4312d599,180,90.00,6.40,1,11,6,0.026619,0.618478,Minotaur,minotaur(pow_w:0.50),2.13,114,0
23,2,0xa068e3c9a21c8d8be636cd2d285895979ec3262e,1.968451,1772341758,4ea343b8edb62b0a4fad579e08c848d42f1e7940293bdf6f1dba40c5f5ba8f16,248,124.00,5.95,1,10,6,0.026508,0.617713,Minotaur,minotaur(pow_w:0.50),1.85,115,0
23,3,0xa3786e459f289a76c0e8af8ad834e3d0c6d47199,16.745763,1772341760,d3b35a8a6f12a2c2169b191a4c971b94ae2003324f86039059d521e61c188296,32,32.00,7.19,1,10,8,0.026369,0.616273,Minotaur,minotaur(pow_w:0.50),1.03,116,0
23,4,0xd67aaaf210c0c36ddcb7055222d168b5c9dd1b36,1.189041,1772341762,08e794c2e0920c1867f94f683c714e6f305be3fdca749c3696ddbd56901bdcd6,195,97.50,5.71,1,9,6,0.026884,0.618038,Minotaur,minotaur(pow_w:0.50),1.34,117,0
24,0,0x4414c05be2cf328f38d2e3ef4b705d6b894f044a,3.089349,1772341764,f6e2154a25b9d95903b829c1f76dbd15f8f8a8ca2f9175f60516ac81d9fb8d06,250,83.33,6.00,1,11,6,0.026707,0.615765,Minotaur,minotaur(pow_w:0.50),2.18,118,0
24,1,0x606627477c3734932f47972f83c27cf4e3b35b4f,6.380487,1772341766,77b18cd0563b910c4cf42f4f4d861bbacc34eddd302ef44c9bbaf0baa6563a74,105,52.50,5.74,1,12,6,0.026707,0.615768,Minotaur,minotaur(pow_w:0.50),2.28,119,0
24,2,0xc774b0fee7cabbef3b1ae14bf36db3df0d32c1df,2.174057,1772341768,a18c066c3e56574d251761e511da3996a6c22dea0eaaf5c31746782feb7ab0b3,148,148.00,5.74,1,9,6,0.026757,0.617022,Minotaur,minotaur(pow_w:0.50),1.27,120,0
24,3,0xc774b0fee7cabbef3b1ae14bf36db3df0d32c1df,3.175957,1772341770,06072f4ebf7bb34626ac7a6e655ee66b7423596589f1a3c0d3c45d713a70aa21,192,96.00,7.52,1,12,7,0.026625,0.615716,Minotaur,minotaur(pow_w:0.50),1.44,121,0
24,4,0x4414c05be2cf328f38d2e3ef4b705d6b894f044a,3.089249,1772341772,bb410c8aa386b433827baff958e404982729fd0fcdff3b69f59ec184e67b1b17,188,62.67,6.85,1,12,7,0.026536,0.615430,Minotaur,minotaur(pow_w:0.50),2.28,122,0
25,0,0x60705151f1f537cacd5b801f3ef1b31dc3f605de,0.303694,1772341775,bdddeab75b48bb3363a6f80d75b87f596b9e58776039f2afa1ddff0eec59ee8f,143,71.50,6.50,1,12,7,0.026445,0.614960,Minotaur,minotaur(pow_w:0.50),2.11,123,0
25,1,0x687bf2437a044a3e42ff2f8a79a8e54ba9601f70,2.066249,1772341776,b7aa9e4aa861431b38c6b623096891d6caf98b429017c3e0c9136329a9c0de53,250,125.00,5.88,1,10,6,0.026237,0.611946,Minotaur,minotaur(pow_w:0.50),1.80,124,0
25,2,0xac768e60b9269babb15cb1e36ee843243d7c7543,6.719908,1772341778,4bddf2d075c2b0ba0087917d502d5fce4eabec2fe8fc0ec059c878d25d8cf8a0,23,23.00,5.70,2,10,7,0.026105,0.610498,Minotaur,minotaur(pow_w:0.50),0.78,125,0
25,3,0xeaa5003682d7289190651081ae2bee847097afc5,4.768245,1772341780,413850354b9ec587554d2ec9059490a5df1a3c886d335a7aa247cfb5d2a68a9f,214,71.33,5.79,1,10,6,0.026166,0.611826,Minotaur,minotaur(pow_w:0.50),2.28,126,0
25,4,0x6064b9f5883bf9737dfe314ff68c56e09e68ac89,3.190829,1772341782,7a1e18c985749bebbd927fbded82b08c7ab716a73f8e1939d15a63e7c38d3970,151,75.50,7.26,1,12,7,0.026145,0.612540,Minotaur,minotaur(pow_w:0.50),2.28,127,0
26,0,0xa3786e459f289a76c0e8af8ad834e3d0c6d47199,17.747493,1772341785,c95220f8962e24130fc6df9be4fefee5c3800d9f8275a92ffe9ff828ebdea87e,250,125.00,6.05,1,10,6,0.026059,0.612123,Minotaur,minotaur(pow_w:0.50),2.00,128,0
26,1,0x71f297f96355f349d66f0e9b681e7d4e11224660,0.169400,1772341787,4d7ac496b9e6896406b50f3e3d572f87880a8dcc3cce12c0e022033508cce820,108,54.00,5.88,2,9,6,0.026556,0.613819,Minotaur,minotaur(pow_w:0.50),1.41,129,0
26,2,0xc24b36dee27726233c3bbd9e1f028f98b6b2a424,3.413079,1772341789,b24718c79a9a076ddecc2db95734ee1a3b12d466c31d26e13b34b7c38f6278a5,202,101.00,6.39,1,11,7,0.026347,0.610554,Minotaur,minotaur(pow_w:0.50),1.47,130,0
26,3,0x63f4973c0df8a5358405f396dc0673a463c48de9,10.909937,1772341791,c527b50a90da66c7b96c92e464c5c348ff463d401f20f88adaa4f913029bc51a,227,75.67,5.95,2,11,6,0.026267,0.610317,Minotaur,minotaur(pow_w:0.50),2.15,131,0
26,4,0xd1cd4b808ce6b2841ad42746b64c5a047e857ef0,0.238084,1772341794,ca440fbebdf4485385c68873fe127dd6ab475c949eba942e981a81e3608569f4,166,83.00,6.11,1,10,6,0.026480,0.611910,Minotaur,minotaur(pow_w:0.50),2.01,132,0
27,0,0xd67aaaf210c0c36ddcb7055222d168b5c9dd1b36,2.191261,1772341795,6530bcf2b638f8b44f0ad7e17a4d537bc11a9917c4d6e42ddcb65b2de0cbfcf7,221,110.50,7.31,1,12,8,0.026277,0.608752,Minotaur,minotaur(pow_w:0.50),1.61,133,0
27,1,0x687bf2437a044a3e42ff2f8a79a8e54ba9601f70,3.066339,1772341797,2744af5f66f5932121bc3d893ab3801313ab0f8fff1561b8165f8006314c8ea1,111,111.00,6.07,1,11,6,0.026150,0.607399,Minotaur,minotaur(pow_w:0.50),0.93,134,0
27,2,0xbc3f8508d26048f2064aa8c068f4c94d08d77d18,6.072279,1772341799,1f5b90e1356edd37038030ecb2813cda5dfaadda62d2cb33086ded8e5956ae65,233,77.67,5.47,1,10,5,0.026058,0.606732,Minotaur,minotaur(pow_w:0.50),2.22,135,0
27,3,0xe6ebb0cdfd04183d498964e5efc4096ba77b17d6,7.298053,1772341802,2c523f9e15645cec6e2547cd4d2e82a14f976cedc7badb9836c1c43253c49ecf,131,65.50,6.44,1,10,7,0.026059,0.606736,Minotaur,minotaur(pow_w:0.50),2.02,136,0
27,4,0xbc3f8508d26048f2064aa8c068f4c94d08d77d18,7.073559,1772341803,0477f909037d5636a8603d1d4c62258d2716dedd4d6007237ddbf8fd1448d8b9,250,125.00,6.85,1,11,7,0.026146,0.609126,Minotaur,minotaur(pow_w:0.50),1.64,137,0
28,0,0xa3786e459f289a76c0e8af8ad834e3d0c6d47199,18.748393,1772341805,ce22a29ebaaed13d3cfe6b0b2b600bf311362589d3f9975f7cb592415901762c,22,22.00,5.86,1,9,7,0.026201,0.610391,Minotaur,minotaur(pow_w:0.50),0.91,138,0
28,1,0xdcf2130496e27a8094ab996aea4aa77788d65869,7.509457,1772341807,f6773d30bccd1a934c74a1a6f8fe1c1e9b400785d0307855edfd731dfd74ae64,235,78.33,5.68,1,9,6,0.026682,0.612022,Minotaur,minotaur(pow_w:0.50),2.29,139,0
28,2,0x89100a8056319ba37491b32ba255004180607bc2,4.789047,1772341810,e246ec8b14457c5aaa34ccca5cf081bcb5051183b9fdd387e2513bf4480221dc,143,71.50,5.62,2,10,6,0.026746,0.613333,Minotaur,minotaur(pow_w:0.50),1.81,140,0
28,3,0xac768e60b9269babb15cb1e36ee843243d7c7543,7.721718,1772341811,4f36789dc7ca84e2fab4fb8a57bb972fe4f260ccd75c05426225389318ca7975,191,95.50,5.54,1,8,6,0.026710,0.613917,Minotaur,minotaur(pow_w:0.50),1.62,141,0
28,4,0x213068cb42718d1dd6d00a6d94d62a3def0e68eb,1.370459,1772341813,b9dfbe804f18937576cbfe52199db882662184fe87dffdbcaf2ef0465d088d4f,93,93.00,5.99,1,10,6,0.026778,0.615200,Minotaur,minotaur(pow_w:0.50),1.00,142,0
29,0,0xa447d277b02012c2afd9ddcbbe123f27cc971963,2.808565,1772341815,fb5dbe47f9cae4ed79e140b3bd93420fc6bfa94834f62263613c7b62e5b36081,221,110.50,5.29,1,9,5,0.026620,0.613170,Minotaur,minotaur(pow_w:0.50),1.40,143,0
29,1,0xac61c91e7d24df824351a6c4e562a75f0cf646f8,3.256108,1772341817,64689a872221895510862e670f2badc0ed8ae49f478cd963ee7e4cc686eea06d,250,83.33,5.52,1,9,6,0.026513,0.612219,Minotaur,minotaur(pow_w:0.50),2.13,144,0
29,2,0xa068e3c9a21c8d8be636cd2d285895979ec3262e,2.968121,1772341819,9eeee4e26b72223050aa2e30a87e421aa8373f988e87ef3313c227fcd8ec6213,112,56.00,5.72,2,11,6,0.026423,0.611635,Minotaur,minotaur(pow_w:0.50),1.54,145,0
29,3,0x30509a8084fdfe6fe24d9c9a817c209ad194f8e3,4.657229,1772341821,b1491d639c6941be428433efd505256d6cd63c4a052f9cb6116ec0a4a9814ab3,106,106.00,6.16,1,10,7,0.026324,0.610690,Minotaur,minotaur(pow_w:0.50),1.08,146,0
29,4,0x3513d672439a59c26cc5711f2b715ccb4810a774,2.290905,1772341823,2b9f3f3777dbe8a5577af7a6533be28a261aa025314546a56a80a964ed9ee4de,214,107.00,6.52,1,11,7,0.026284,0.611160,Minotaur,minotaur(pow_w:0.50),1.44,147,0
30,0,0xc24b36dee27726233c3bbd9e1f028f98b6b2a424,4.415009,1772341825,e169a96d6c6c3794ea1d353095a9f2042fbc2399c90eac133a0bda81b698f67d,216,72.00,7.18,2,12,7,0.026162,0.609785,Minotaur,minotaur(pow_w:0.50),2.30,148,0
30,1,0x63f4973c0df8a5358405f396dc0673a463c48de9,11.911347,1772341828,06e757f417f5f23910fdea839c83efb83fe53b015e8a1cc64e2d4ec52ae370cc,159,79.50,5.87,1,11,6,0.026114,0.610115,Minotaur,minotaur(pow_w:0.50),1.92,149,0
30,2,0xd1cd4b808ce6b2841ad42746b64c5a047e857ef0,1.240004,1772341830,a8bc4a22ee3611caae8dd48b2074ad0e589ad33b5bbb46faab8a181ef2c9a9ca,210,105.00,6.01,1,10,6,0.026315,0.611595,Minotaur,minotaur(pow_w:0.50),1.57,150,0
30,3,0x719361397abe003a91af76243e5f9c7a0cd4279f,6.545456,1772341832,db61787dbc6b39436035306718ed05e8398edc5b194ff2981c01d013f8702b49,230,76.67,7.66,1,13,8,0.026159,0.609497,Minotaur,minotaur(pow_w:0.50),2.44,151,0
30,4,0x07902d0371763a00d97ed9ba16ff0a206cb0fd19,3.531639,1772341834,23e89c0588f881e3e4ef62fd64c3a5f45b64827bc0bfe878d871e53bb2378360,171,85.50,5.44,1,11,5,0.026179,0.610444,Minotaur,minotaur(pow_w:0.50),2.26,152,0
31,0,0x1796dc61e715f15a2d27dfa32bd34780f12a8c24,4.727191,1772341837,d540241455132e8cfd2cb2f96fffc00d52067c8ed0cd04a0a669dfe290e09ae8,233,116.50,6.37,1,10,7,0.026180,0.610450,Minotaur,minotaur(pow_w:0.50),1.89,153,0
31,1,0x8c11ec9090dd820c076e57e899d9c604c79d6b32,6.574029,1772341838,393cefaf418616bd203dd1f14ccceef6c4576eee3cfc053c46a4eb29e807e6e9,208,104.00,5.37,1,8,6,0.026059,0.610436,Minotaur,minotaur(pow_w:0.50),1.57,154,0
31,2,0xc774b0fee7cabbef3b1ae14bf36db3df0d32c1df,4.177127,1772341840,86cca73f1bb86000710a3b3b2b4477d1d2cdc175a0e5e718a1a8934e6142d282,108,108.00,5.16,1,8,5,0.026078,0.611298,Minotaur,minotaur(pow_w:0.50),0.91,155,0
31,3,0x213068cb42718d1dd6d00a6d94d62a3def0e68eb,2.372359,1772341842,7e22d83392e7f85c7625eb2556442796bbf900b7ae1ff7406ab7ce34b853f383,201,67.00,7.39,1,12,7,0.026019,0.611410,Minotaur,minotaur(pow_w:0.50),2.39,156,0
31,4,0xa3786e459f289a76c0e8af8ad834e3d0c6d47199,19.750403,1772341845,c6433e249b7b3b4364e50a4d0a879c945e87db4bb4af125c7aadac2238ce9107,179,89.50,5.15,1,9,5,0.025904,0.610051,Minotaur,minotaur(pow_w:0.50),1.88,157,0
32,0,0xc24b36dee27726233c3bbd9e1f028f98b6b2a424,5.416439,1772341846,641dc0725a246aab3462bb236c5dd3982f0653bfadae5dcb2e947cc0c615735e,211,105.50,6.05,2,9,6,0.026333,0.611559,Minotaur,minotaur(pow_w:0.50),1.58,158,0
32,1,0x89100a8056319ba37491b32ba255004180607bc2,5.790697,1772341848,846a4d9e738211aff6b8fe18c259b5395e29374f7521104df4d0be7b9d6cdbe8,103,103.00,6.15,1,11,7,0.026310,0.612168,Minotaur,minotaur(pow_w:0.50),0.98,159,0
32,2,0x49b57eb4dace37c8819daf079c9c674f766d4f38,2.231230,1772341850,59fefc9cdbca4280aba2419e5e99be5c8629c31e16d65c103571fb14e458cd4b,214,107.00,5.37,1,8,5,0.026298,0.612823,Minotaur,minotaur(pow_w:0.50),1.26,160,0
32,3,0xac768e60b9269babb15cb1e36ee843243d7c7543,8.722188,1772341853,7bf6b46274ade01cf5d912a9745a9e4d033de325c945459a7b1845d616731a27,200,66.67,7.49,1,13,7,0.026298,0.612828,Minotaur,minotaur(pow_w:0.50),2.25,161,0
32,4,0x07902d0371763a00d97ed9ba16ff0a206cb0fd19,4.533789,1772341854,2285cffd434b31199368570670b3e020b546b75dc3c1fcabedb0a19a35dbbb33,172,86.00,6.32,2,10,6,0.026253,0.612654,Minotaur,minotaur(pow_w:0.50),1.84,162,0
33,0,0x49b57eb4dace37c8819daf079c9c674f766d4f38,3.233150,1772341856,1f2aa9c6ba808b49acb576da15645c7bde31dc4059e350a3053a376211415e6d,93,93.00,6.56,1,10,7,0.026201,0.612794,Minotaur,minotaur(pow_w:0.50),1.02,163,0
33,1,0xa3786e459f289a76c0e8af8ad834e3d0c6d47199,20.752353,1772341858,b13d0dcabeed786c76ec6828b4e9c99ed0d24c28b6acac3d2dbf3f7e020a4130,208,69.33,7.25,1,13,8,0.026111,0.612021,Minotaur,minotaur(pow_w:0.50),2.42,164,0
33,2,0xdcf2130496e27a8094ab996aea4aa77788d65869,8.510357,1772341861,9a26d827fa98ef756ee6d23d1e075882782bc0daa8eebb8fdd6677bc201b1565,168,84.00,5.45,1,9,6,0.026540,0.613481,Minotaur,minotaur(pow_w:0.50),1.98,165,0
33,3,0x719361397abe003a91af76243e5f9c7a0cd4279f,7.546866,1772341862,4a7322b877cada8afe52ce794fe4acbe74d33bf3df3edd8e6245712c8035a6b2,229,114.50,6.12,1,10,6,0.026540,0.613483,Minotaur,minotaur(pow_w:0.50),1.68,166,0
33,4,0x63f4973c0df8a5358405f396dc0673a463c48de9,12.913137,1772341864,f088b3ca6e16d71348d432e157520d241292fc530c82277fd814a2dd7bfe08b3,99,99.00,6.65,1,11,7,0.026634,0.615735,Minotaur,minotaur(pow_w:0.50),1.07,167,0
34,0,0x6064b9f5883bf9737dfe314ff68c56e09e68ac89,4.192549,1772341866,d838390ea10b2adfdd54da9c7506002f58e501e2f31e20d15b9a8aca74ae0e6f,223,111.50,6.08,1,10,6,0.026821,0.617090,Minotaur,minotaur(pow_w:0.50),1.41,168,0
34,1,0x8719ca31b72ae8a5404006763c53d5ad503dbcb0,1.116005,1772341868,100b73da44199922f3521e40c31a49547f1071d0b7c1455bc760503e6e31f293,230,76.67,5.90,1,10,6,0.026753,0.617052,Minotaur,minotaur(pow_w:0.50),2.25,169,0
34,2,0xb2a7fe70a6f3137d38f6cb4c3ec6dd1e24f2d5f4,2.422408,1772341871,8db4d2c539ae0eb8e3948f07d775745b6e71403a1f83c9eeab7cfbff6e4c630c,155,77.50,6.19,1,9,6,0.026597,0.614956,Minotaur,minotaur(pow_w:0.50),1.82,170,0
34,3,0xa068e3c9a21c8d8be636cd2d285895979ec3262e,3.968601,1772341872,0a0acbf455480399ef568312034980ccf9c80380544c771a882630406034dc67,215,107.50,5.87,1,10,6,0.026597,0.614958,Minotaur,minotaur(pow_w:0.50),1.53,171,0
34,4,0xeaa5003682d7289190651081ae2bee847097afc5,5.768805,1772341874,bb6bf924a6f2f0dd31c87342011e0afc40ac0ddef3bfb5e4c0ab96281606dcf8,107,107.00,5.96,2,9,6,0.026408,0.613361,Minotaur,minotaur(pow_w:0.50),0.95,172,0
35,0,0x4a217e35f6402e7f62a49f6d62e27c6585c2f3fd,3.492957,1772341876,beffb77dc7d85733a75d77f5e944d4d9c7aa20778bc3d7c690226720dee36f61,204,68.00,6.76,1,12,7,0.026386,0.613902,Minotaur,minotaur(pow_w:0.50),2.34,173,0
35,1,0x606627477c3734932f47972f83c27cf4e3b35b4f,7.380817,1772341879,61ee9c910cb52b5bddd381ba7028782a96ebb21a362c6f9ffd63fe796a35f9f3,141,70.50,7.11,1,13,7,0.026300,0.613311,Minotaur,minotaur(pow_w:0.50),2.23,174,0
35,2,0xa447d277b02012c2afd9ddcbbe123f27cc971963,3.810325,1772341880,2c16f5f1ec66383707898a51bcf1c6bff4786ce9e4232132e008c9eb225e0d27,250,125.00,5.75,1,9,6,0.026322,0.614208,Minotaur,minotaur(pow_w:0.50),1.95,175,0
35,3,0x4414c05be2cf328f38d2e3ef4b705d6b894f044a,4.089669,1772341882,d178b40f04e0dace74be85dd8a8e9f4bb54fc7575002ac5229a2369232e5c0a6,33,33.00,5.24,1,9,6,0.026246,0.613817,Minotaur,minotaur(pow_w:0.50),1.97,176,0
35,4,0xa3786e459f289a76c0e8af8ad834e3d0c6d47199,21.753793,1772341884,6c4d81b949b0058ea01b3d3766c8b169b318053b83eb7593920ba944de626bf6,204,68.00,6.81,1,12,7,0.026178,0.613546,Minotaur,minotaur(pow_w:0.50),2.44,177,0
36,0,0x1796dc61e715f15a2d27dfa32bd34780f12a8c24,5.728851,1772341887,d869c9c252e34a23392ab563fdd04b6f8d560334d03d935ee65689701051b514,148,74.00,5.47,1,9,6,0.026584,0.614930,Minotaur,minotaur(pow_w:0.50),2.05,178,0
36,1,0x719361397abe003a91af76243e5f9c7a0cd4279f,8.547656,1772341888,6cab874d3b4c1788895b0ef89fc48a2ebf37afe415e1f61208899e5832cee216,245,122.50,5.25,1,8,5,0.026557,0.615376,Minotaur,minotaur(pow_w:0.50),1.78,179,0
36,2,0x4a217e35f6402e7f62a49f6d62e27c6585c2f3fd,4.494267,1772341890,b31824e4d16bb73c3cbd327b083fe4690110b9ca58be690d9b8da7ea73a30538,103,103.00,6.36,2,10,7,0.026604,0.616458,Minotaur,minotaur(pow_w:0.50),1.00,180,0
36,3,0xe6ebb0cdfd04183d498964e5efc4096ba77b17d6,8.299723,1772341892,ebe349509c0f3e85e91163dba0ffa17120e2cd5049ccd83859eab999bc38696c,211,70.33,7.85,1,13,8,0.026543,0.616341,Minotaur,minotaur(pow_w:0.50),2.42,181,0
36,4,0x30509a8084fdfe6fe24d9c9a817c209ad194f8e3,5.658609,1772341894,be41a087c598b2e64f1cf73d1f3d20d5c87737b53ce3339b337273918fe8af83,153,76.50,6.03,1,11,6,0.026581,0.617329,Minotaur,minotaur(pow_w:0.50),2.34,182,0
37,0,0xf5ecb44daf07a1d1073dbc89baf04bd7541fa517,0.065530,1772341897,241fc789428afaeffe168905e0b28b25a7e08e87e1f471c1ed5afd360470655d,250,125.00,6.03,1,11,6,0.026550,0.617685,Minotaur,minotaur(pow_w:0.50),1.93,183,0
37,1,0xac768e60b9269babb15cb1e36ee843243d7c7543,9.723468,1772341899,006f0cf7f5f732581852c7281737e5eb6b85848ec00ded1c0345bc3021018c5f,130,65.00,7.61,1,11,8,0.026374,0.614691,Minotaur,minotaur(pow_w:0.50),1.45,184,0
37,2,0x63f4973c0df8a5358405f396dc0673a463c48de9,13.914997,1772341901,1ec78e0d98a10e08e405c1f4ba4b59b124edaa5c8586a57235d92cce25430c29,206,103.00,6.28,1,10,7,0.026447,0.615896,Minotaur,minotaur(pow_w:0.50),1.44,185,0
37,3,0x8719ca31b72ae8a5404006763c53d5ad503dbcb0,2.117205,1772341903,0ca8c4589bbe65227403a283b31ac39c3f2624c767873ab0f30f4adb91868b65,205,102.50,5.63,1,10,5,0.026625,0.617163,Minotaur,minotaur(pow_w:0.50),1.14,186,0
37,4,0x9c39f7fffaa5c5cfab20dfdd05663497918580c1,0.424448,1772341906,a7ee537585d9c56fb922c09681f1227b096a2950a6d0d178a700e392eae3c556,221,73.67,5.64,1,9,6,0.026503,0.615629,Minotaur,minotaur(pow_w:0.50),1.85,187,0
38,0,0x81d019380961f92c2031b0a7fba69f7675145088,2.493673,1772341907,01088f2a7d90005913ce49b33809104dc69e6a60727cc742f1b8bf77f2dde4ec,224,112.00,5.99,1,9,6,0.026339,0.613170,Minotaur,minotaur(pow_w:0.50),1.58,188,0
38,1,0xdcf2130496e27a8094ab996aea4aa77788d65869,9.512267,1772341909,8d77d786f9f5803ba7e09cc392a4f8e8d16fa3d94097cdc216ce058a95feec82,111,111.00,5.37,1,9,5,0.026228,0.611773,Minotaur,minotaur(pow_w:0.50),0.93,189,0
38,2,0xeb82a21cb3d0dd781eb22ad74bb7cd9b4d2a06ec,3.922525,1772341911,29871c91f6e70668af9b2de857a950c547df1c5c4fb86d0d46f8281018ec97f9,249,83.00,5.63,1,10,6,0.026291,0.612894,Minotaur,minotaur(pow_w:0.50),2.29,190,0
38,3,0x606627477c3734932f47972f83c27cf4e3b35b4f,8.382947,1772341914,145a2478f44514adee1f89dcb07c8626e11b238ea8651c1a6ce092192e22c98c,126,63.00,7.21,2,12,7,0.026216,0.612453,Minotaur,minotaur(pow_w:0.50),2.23,191,0
38,4,0xdcf2130496e27a8094ab996aea4aa77788d65869,10.514727,1772341915,24fc66a3ed6e516fe9a726108d3f1cb3c1a90cd2eabfce3817e9f9c7885325f1,250,125.00,5.27,1,9,6,0.026216,0.612455,Minotaur,minotaur(pow_w:0.50),1.84,192,0
39,0,0xc774b0fee7cabbef3b1ae14bf36db3df0d32c1df,5.178487,1772341917,f44af13e62882f68aa63573f6a5a5b91364d173936ab1b4134c15581b12075b7,20,20.00,5.45,1,9,6,0.026334,0.614521,Minotaur,minotaur(pow_w:0.50),1.40,193,0
39,1,0x6d6b2734a20229ddd7fd4a1470ba3e3bad4e4a85,3.644054,1772341919,e830db40158965d846afc3ee53670d2af89a869208db68b899a78be0f52d690c,212,70.67,7.04,1,12,7,0.026288,0.614723,Minotaur,minotaur(pow_w:0.50),2.33,194,0
39,2,0xa3786e459f289a76c0e8af8ad834e3d0c6d47199,22.754883,1772341922,cf14f764c48e478c539ec5401618a9fd3e392752ed1d213eec9203031c6a9603,190,95.00,5.39,1,10,6,0.026205,0.614072,Minotaur,minotaur(pow_w:0.50),1.89,195,0
39,3,0x8d9e46becf415ca26aa698c9657087e6554aabda,0.385246,1772341923,ecea6b2cb01335af7d41c2ab3980b13b1c2be7825e0518ce567a0d5500423a14,221,110.50,6.08,1,9,6,0.026576,0.615369,Minotaur,minotaur(pow_w:0.50),1.66,196,0
39,4,0xa3786e459f289a76c0e8af8ad834e3d0c6d47199,23.757053,1772341925,768dd0d992ab5d2a721812f44fbe6312dfaa6bc69c236dee406318abd4ef5237,123,123.00,4.86,1,8,5,0.026415,0.612886,Minotaur,minotaur(pow_w:0.50),0.93,197,0
40,0,0x63f4973c0df8a5358405f396dc0673a463c48de9,14.916867,1772341927,7c1e9ebcdd7aa9689d6ab166bf56da26db8e479b824d4957a67ff5f86a76c7d2,250,83.33,5.83,1,9,6,0.026802,0.614179,Minotaur,minotaur(pow_w:0.50),2.27,198,0
40,1,0x63f4973c0df8a5358405f396dc0673a463c48de9,14.916857,1772341930,889b8a768b6a682877a309d673da2c77331a70c9c670d797a58d3d5dfe9e5c6b,158,79.00,5.35,1,10,5,0.026802,0.614182,Minotaur,minotaur(pow_w:0.50),1.98,199,0
40,2,0x8c11ec9090dd820c076e57e899d9c604c79d6b32,7.574269,1772341931,638df1d5d3c3c27b46630006ca65d891262ffdc45ecd39bca6968d423c6fbfd7,199,99.50,6.27,1,10,6,0.026977,0.615397,Minotaur,minotaur(pow_w:0.50),1.68,200,0
40,3,0xa447d277b02012c2afd9ddcbbe123f27cc971963,4.810225,1772341933,94fcafb7013fe972c7ffb299ad4dd4b54ffacead3ea63674cd524c5043cf7576,97,97.00,5.63,1,8,6,0.026980,0.616166,Minotaur,minotaur(pow_w:0.50),1.02,201,0
40,4,0xa447d277b02012c2afd9ddcbbe123f27cc971963,5.812435,1772341935,dfeea0443ca89b7690286f85bf8334e05ecd61fffd6903af46545f68c81e000c,222,74.00,5.49,1,9,6,0.026920,0.616129,Minotaur,minotaur(pow_w:0.50),2.32,202,0
41,0,0x58a21eeb7ab18ba8adf1296e66a4487076e95dac,7.094534,1772341938,d5b3e0f301d190149c5d3bbfc634a8387973f7f70f006f32693567ad93023388,179,89.50,5.45,1,9,6,0.026882,0.616405,Minotaur,minotaur(pow_w:0.50),2.07,203,0
41,1,0xeaa5003682d7289190651081ae2bee847097afc5,6.770335,1772341939,f6af436d2e9feedae3ee18f88ad6348be65c98f97ee268a5fb128d2fa14378ff,216,108.00,6.46,1,11,7,0.026882,0.616407,Minotaur,minotaur(pow_w:0.50),1.68,204,0
41,2,0x719361397abe003a91af76243e5f9c7a0cd4279f,9.548276,1772341941,18c92cb8daaf68c3597763d3111b4d99017c8df26b7e4960caccaad9c8a4dca5,95,95.00,6.85,1,12,7,0.026857,0.617641,Minotaur,minotaur(pow_w:0.50),1.08,205,0
41,3,0xa447d277b02012c2afd9ddcbbe123f27cc971963,6.814155,1772341943,b5ab42cc96f63e8eff60ef919e55abc0074aba72b58714e5dcf2d483e61144f8,228,76.00,5.89,1,11,6,0.026902,0.618622,Minotaur,minotaur(pow_w:0.50),2.50,206,0
41,4,0xd39dbd3662315e3935ec08e6b6028e73b3c09de2,1.921270,1772341945,911aa1396e17815682b6035e6466db5ed3eed6e4a370262fac557f8992a28c55,208,104.00,5.12,1,9,5,0.026885,0.619132,Minotaur,minotaur(pow_w:0.50),2.02,207,0
42,0,0xa447d277b02012c2afd9ddcbbe123f27cc971963,7.816215,1772341947,036e2f88dafab44b9e5005a6cea09ea4a515b7af34d650aff12b31fdecb2e22a,209,104.50,7.10,2,12,7,0.026885,0.619134,Minotaur,minotaur(pow_w:0.50),1.77,208,0
42,1,0x26d553a2f4343b3a7dc88bbd87b3d0a25d3838d9,5.220030,1772341949,89deac5c423fde19f43eb78eadb98549add0dad4c7f6046c1939ebc3292624c1,102,102.00,5.64,1,9,6,0.026765,0.618219,Minotaur,minotaur(pow_w:0.50),1.17,209,0
42,2,0xac768e60b9269babb15cb1e36ee843243d7c7543,10.725048,1772341951,7fa9bbb827d2d8dd6c7564b54c3b27e3571c5639cc5e0fd04f518df0d862b83c,198,99.00,5.49,1,9,6,0.026713,0.618283,Minotaur,minotaur(pow_w:0.50),1.42,210,0
42,3,0xac768e60b9269babb15cb1e36ee843243d7c7543,11.727058,1772341953,e95ecb1cd66c1458eb9868e95742104e7e243e7463422ca2207dfa7f89f5b5f3,203,67.67,6.03,1,10,6,0.026780,0.619325,Minotaur,minotaur(pow_w:0.50),2.12,211,0
42,4,0x0d91704595bff3aec25d40822498a51c62b05e3a,0.567166,1772341956,a2e5e062a8298b9e25fd6d5e82c3929a80957ecea40c14ca3d7230078c8a81cb,144,72.00,6.34,1,10,7,0.026780,0.619329,Minotaur,minotaur(pow_w:0.50),1.79,212,0
43,0,0xe6ebb0cdfd04183d498964e5efc4096ba77b17d6,9.300753,1772341957,36b46c76a94d0af44f245912ff0251fe725e016a46e157f4aeddb2c023353eed,189,94.50,5.82,2,9,6,0.026715,0.618140,Minotaur,minotaur(pow_w:0.50),1.57,213,0
43,1,0x6d6b2734a20229ddd7fd4a1470ba3e3bad4e4a85,4.645684,1772341959,b46c8111c159e4d22f9efd0c1dc05b58ace2341d6b28d794c9fceb3edb7c5569,92,92.00,6.71,1,10,7,0.026749,0.619025,Minotaur,minotaur(pow_w:0.50),0.96,214,0
43,2,0xaadc5fea232580cb8fba739ac5d05a48559c7e52,5.357693,1772341961,0b494b7feb9d73f33072c1c49304b33aae0faa36e6262c4e4d37f57f83137f7f,216,72.00,5.64,2,10,6,0.026684,0.618803,Minotaur,minotaur(pow_w:0.50),2.28,215,0
43,3,0xa5a12d96532497871d73549e55ab377e3dcb3a40,2.111952,1772341964,1c3c0b7465de38e92ad3fb3eec91cd0d0566f882d7b76a54930a3f2052a35a4f,174,87.00,6.06,1,10,6,0.026634,0.618824,Minotaur,minotaur(pow_w:0.50),2.06,216,0
43,4,0x6d6b2734a20229ddd7fd4a1470ba3e3bad4e4a85,5.647794,1772341965,41e355878efd78f5cfa14847b7f61e03f0ea636dcf4043beeee9714729d9c080,189,94.50,5.60,1,8,6,0.026517,0.617268,Minotaur,minotaur(pow_w:0.50),1.62,217,0
44,0,0x719361397abe003a91af76243e5f9c7a0cd4279f,10.550286,1772341967,47d3111d03d850372e7327c65dd94f3b434010e716f86a17b1e8f9d0b519ad90,102,102.00,5.62,1,10,6,0.026474,0.617341,Minotaur,minotaur(pow_w:0.50),0.97,218,0
44,1,0xa068e3c9a21c8d8be636cd2d285895979ec3262e,4.968721,1772341969,b1f6c6d626eeac9f4e64efa686b72eb13decd6df1eb676c1508d28965815188e,212,106.00,5.70,1,11,6,0.026531,0.618284,Minotaur,minotaur(pow_w:0.50),1.31,219,0
44,2,0x89100a8056319ba37491b32ba255004180607bc2,6.791577,1772341972,b4c12e4fa0155243746c4641fa37d415e41e6022d9ef52304943794d61abcdd0,250,83.33,6.04,1,10,6,0.026473,0.618106,Minotaur,minotaur(pow_w:0.50),2.10,220,0
44,3,0x7e40df5d801345015e84c843908efc6683665fa4,0.656059,1772341973,e2f443986cf30df48f1ebb1c86b98047fd9aacc9899add9fccfad5a99c0346ca,130,65.00,5.72,1,8,6,0.026452,0.618528,Minotaur,minotaur(pow_w:0.50),1.72,221,0
44,4,0x07902d0371763a00d97ed9ba16ff0a206cb0fd19,5.533699,1772341975,1448e8a82e29a7072c0c025056b7f5a4c43e9d49949af24a8ec54779e2d84be3,93,93.00,5.85,1,10,6,0.026308,0.616339,Minotaur,minotaur(pow_w:0.50),1.00,222,0
45,0,0x687bf2437a044a3e42ff2f8a79a8e54ba9601f70,4.066919,1772341977,32acf10d5d8d25634de7b9f44dda8b0ceca7aa6b1b2c14dea83c2615db2d2fd0,223,111.50,6.32,1,10,7,0.026263,0.616293,Minotaur,minotaur(pow_w:0.50),1.41,223,0
45,1,0x1cb1274c711a6c2e4e1596846e6ac604eeefb358,3.409781,1772341979,ed3a8d67a1557f865f457f3beaa873edadce58493cf519f33748a2c42506a5f7,244,81.33,5.79,1,10,6,0.026188,0.615807,Minotaur,minotaur(pow_w:0.50),2.25,224,0
45,2,0xbc3f8508d26048f2064aa8c068f4c94d08d77d18,8.071799,1772341982,04083f6390aaefa403f416a3e3c204ed4ee974a2fa2f9aee0cede4c874d721bf,143,71.50,5.22,1,9,5,0.026101,0.615018,Minotaur,minotaur(pow_w:0.50),1.85,225,0
45,3,0x07902d0371763a00d97ed9ba16ff0a206cb0fd19,6.535819,1772341984,1a69cca666178423f5c2010efd64863bef232005edc4ff5fc0c33c6d3c0907a5,196,98.00,6.31,2,10,7,0.026106,0.615681,Minotaur,minotaur(pow_w:0.50),1.41,226,0
45,4,0x30509a8084fdfe6fe24d9c9a817c209ad194f8e3,6.660259,1772341986,0a41a3f4f5e521b69b9987485c91bca3d2f8316c99560bcc5a990881ae082e01,219,109.50,6.37,1,10,7,0.026081,0.616015,Minotaur,minotaur(pow_w:0.50),1.43,227,0
46,0,0xac768e60b9269babb15cb1e36ee843243d7c7543,12.728268,1772341988,d42dfaaecc2e71e331c901c2b7e5295cd5def7ad336aff637bfd4f88c4591469,201,67.00,6.44,1,11,7,0.026057,0.616315,Minotaur,minotaur(pow_w:0.50),2.30,228,0
46,1,0xf6e059718dbd0a0956726ab97d06bad5efc6cd18,4.018337,1772341991,90007ce75c2be22e0bb01d1155a085b5660883bfcd746b57ebc3a3afb8135457,154,77.00,6.01,1,10,6,0.026150,0.617354,Minotaur,minotaur(pow_w:0.50),1.92,229,0
46,2,0x49b57eb4dace37c8819daf079c9c674f766d4f38,4.233860,1772341993,c5c89cb13c6b70f53fd874c1f4dd510092c4664fa98ac08215422c8417ea6719,191,95.50,7.96,1,12,9,0.026075,0.616778,Minotaur,minotaur(pow_w:0.50),1.58,230,0
46,3,0xa068e3c9a21c8d8be636cd2d285895979ec3262e,5.971031,1772341995,fd20a6ebbd2537a56cd4030eb7545973365ad1c61b0e0b75f3f222d51e95fe51,206,68.67,7.30,1,13,8,0.026005,0.616244,Minotaur,minotaur(pow_w:0.50),2.52,231,0
46,4,0x7e40df5d801345015e84c843908efc6683665fa4,1.656709,1772341997,3ecf9dc38fec7ab9d88f33a1bcdc3b30f95bec8dae1cb46f9d4c323fa5fbe36b,171,85.50,5.61,1,10,6,0.025967,0.616307,Minotaur,minotaur(pow_w:0.50),2.19,232,0
47,0,0xc24b36dee27726233c3bbd9e1f028f98b6b2a424,6.415909,1772342000,d03000b668e07101515492bc9d736293c1850977b2f40258ae39cf663fe5082d,242,121.00,5.76,2,10,6,0.025849,0.614664,Minotaur,minotaur(pow_w:0.50),1.79,233,0
47,1,0xa3786e459f289a76c0e8af8ad834e3d0c6d47199,24.758763,1772342002,a48e5c62dbdaa30631a311503797969a75aa572613d99bea0232a5999b837bb4,137,68.50,6.72,1,11,7,0.025821,0.614833,Minotaur,minotaur(pow_w:0.50),1.28,234,0
47,2,0xaadc5fea232580cb8fba739ac5d05a48559c7e52,6.359093,1772342004,dad8dd0a3650ab63d4bf1f95d8ca54fea8c5eba74e2c757f6a127a6010307d8e,207,103.50,5.69,1,9,6,0.026132,0.615980,Minotaur,minotaur(pow_w:0.50),1.41,235,0
47,3,0xdcf2130496e27a8094ab996aea4aa77788d65869,11.513997,1772342006,48731f39e48000029fcbaf89621bd60c9a4b93fc0ca85b6b988a29b280dc2979,250,83.33,5.89,1,10,6,0.026099,0.616070,Minotaur,minotaur(pow_w:0.50),2.28,236,0
47,4,0xac768e60b9269babb15cb1e36ee843243d7c7543,13.729598,1772342009,c312c4a1dd062e558191be488d15b971d73a148b49b0abd78e905d67ea3d768f,161,80.50,6.01,1,10,6,0.026100,0.616073,Minotaur,minotaur(pow_w:0.50),1.87,237,0
48,0,0xe6ebb0cdfd04183d498964e5efc4096ba77b17d6,10.301143,1772342010,f6c898b07cf9f5ac2e3f96e911d50328923838f0d081bb40e5d4c0cac4ef5dcb,202,101.00,6.21,1,10,7,0.026263,0.618030,Minotaur,minotaur(pow_w:0.50),1.55,238,0
48,1,0x3513d672439a59c26cc5711f2b715ccb4810a774,3.291075,1772342012,b3bde038797ef09ad60456495d9c77d3c7c8daaf77ba848b80765f3b44a34b73,106,106.00,6.39,1,11,7,0.026301,0.618852,Minotaur,minotaur(pow_w:0.50),0.94,239,0
48,2,0x89100a8056319ba37491b32ba255004180607bc2,7.792417,1772342014,b4d91c0dc15981bc33537d0714f3fca7b95f3844185a525c7d1fa03b911350c0,225,75.00,6.91,1,13,7,0.026301,0.618856,Minotaur,minotaur(pow_w:0.50),2.30,240,0
48,3,0x54f496e5c1d9f95a916cf7f5b62e9c98e64a3dc5,0.040028,1772342017,a086f003aa5d95a9bc2b8c9bced6020723fd9a9c5aa07cb72706fd9667c8d703,168,84.00,5.42,1,8,6,0.026301,0.618860,Minotaur,minotaur(pow_w:0.50),1.97,241,0
48,4,0x9bdb1c7ad4bd8fe797b07c08117c74a591dbab2d,0.445222,1772342018,274bb5840db528339e7ed1f0f5cb8ea456430420eb10d120ed9af6c7c253baba,215,107.50,6.77,1,11,7,0.026145,0.616619,Minotaur,minotaur(pow_w:0.50),1.54,242,0
49,0,0x58a21eeb7ab18ba8adf1296e66a4487076e95dac,8.095824,1772342020,12531d582d0b57d24c6c425f1f999b6678917e845b5ac5a1c85df14b2582c254,103,103.00,6.01,1,10,6,0.026007,0.614321,Minotaur,minotaur(pow_w:0.50),0.97,243,0
49,1,0xac61c91e7d24df824351a6c4e562a75f0cf646f8,4.255178,1772342022,509d59e5f270a2740e8350da5c76ce9696a4638899786d44da8a7e7c57abdaa8,191,63.67,6.52,1,11,7,0.026004,0.614855,Minotaur,minotaur(pow_w:0.50),2.39,244,0
49,2,0xa447d277b02012c2afd9ddcbbe123f27cc971963,8.816295,1772342025,b8f656517d0f578c046661654ea3f64993105207df12d7a951f653e56846e897,174,87.00,6.02,1,11,6,0.025934,0.614300,Minotaur,minotaur(pow_w:0.50),2.10,245,0
49,3,0x07902d0371763a00d97ed9ba16ff0a206cb0fd19,7.537449,1772342026,02d530d2b56cdf105ba3892f3f1d3fdab07be562542fe949ca0adddb13a8ebfe,232,116.00,5.59,1,9,6,0.025943,0.614992,Minotaur,minotaur(pow_w:0.50),1.67,246,0
49,4,0xaadc5fea232580cb8fba739ac5d05a48559c7e52,7.361443,1772342028,48fdd1965b1a228db508b3f1df0f8c018d3b82b029d77ba48957251303a94f02,98,98.00,6.56,1,10,7,0.025930,0.615374,Minotaur,minotaur(pow_w:0.50),0.97,247,0
50,0,0xac768e60b9269babb15cb1e36ee843243d7c7543,14.731368,1772342030,68eae0fa9b05466659e68414b4b5639e021eb79f77336db6b125b77375d1d8d3,232,77.33,5.91,1,10,6,0.025914,0.615670,Minotaur,minotaur(pow_w:0.50),2.26,248,0
50,1,0x8c11ec9090dd820c076e57e899d9c604c79d6b32,8.574249,1772342033,c726651fa3f922f1bdd8ad7d768d80bd19ca73b06076e3d926944a524007320e,163,81.50,5.97,1,10,6,0.026023,0.616653,Minotaur,minotaur(pow_w:0.50),1.89,249,0
50,2,0x1cb1274c711a6c2e4e1596846e6ac604eeefb358,4.410631,1772342034,8fbd3048aeb394221e60111b65d1cc1feb6b3e87bf204332feb792df1835911e,220,110.00,5.37,1,8,6,0.026023,0.616655,Minotaur,minotaur(pow_w:0.50),1.70,250,0
50,3,0xd1cd4b808ce6b2841ad42746b64c5a047e857ef0,2.240474,1772342036,56f8685de39755a0e4644d56d90189b1ddbf785233f8bb8dbc67966360cf4ae2,101,101.00,5.41,1,9,6,0.025958,0.616682,Minotaur,minotaur(pow_w:0.50),0.96,251,0
50,4,0x408bb0bf84df50b21c53c74420987f172d4036a1,0.794854,1772342038,04cca03f9eacc07c05648fde949af2505a9369da6aa93a8fc702861cb6667982,202,67.33,7.69,1,13,8,0.025854,0.615255,Minotaur,minotaur(pow_w:0.50),2.39,252,0
51,0,0x30509a8084fdfe6fe24d9c9a817c209ad194f8e3,7.661689,1772342041,ad2cca5fc2cc7929a66fb1c0399e9e779dd4d9b474a94baf7c3bba9d4d68a5a3,155,77.50,6.85,1,13,6,0.025726,0.613236,Minotaur,minotaur(pow_w:0.50),2.23,253,0
51,1,0x89100a8056319ba37491b32ba255004180607bc2,8.793797,1772342042,b39243f83dded5f41e535ab37466f79373988002558d19b6a32fb6105bc19093,250,125.00,6.75,1,11,7,0.025714,0.613536,Minotaur,minotaur(pow_w:0.50),1.88,254,0
51,2,0xe6ebb0cdfd04183d498964e5efc4096ba77b17d6,11.301863,1772342044,53b073950ac163f3b7d681b12620d6c599345dc0aee4a7497f28f41157ba7532,18,18.00,6.06,2,8,6,0.025720,0.614108,Minotaur,minotaur(pow_w:0.50),2.00,255,0
51,3,0x687bf2437a044a3e42ff2f8a79a8e54ba9601f70,5.068619,1772342046,0df253c6eabd3b5b69cf6ca4e9021c5a313b77cab56ff4797e9f22e961f082d0,211,105.50,6.33,1,11,7,0.025767,0.614947,Minotaur,minotaur(pow_w:0.50),1.39,256,0
51,4,0x81d019380961f92c2031b0a7fba69f7675145088,3.493433,1772342048,d6d1cccfc9cd9a4d00f5e6c8086892a8812174e2e8c1eabb4fafa453446e0387,229,76.33,5.42,1,10,5,0.025711,0.614691,Minotaur,minotaur(pow_w:0.50),2.19,257,0
52,0,0xa068e3c9a21c8d8be636cd2d285895979ec3262e,6.972231,1772342051,5b78329a3cd1ce74a2fb415b511e1a1e513799266d2f0e7770bd7447e38c8358,153,76.50,6.05,2,9,6,0.025711,0.614695,Minotaur,minotaur(pow_w:0.50),1.86,258,0
52,1,0x95ab54d268473cce82094026afefdbd5cadf418b,0.594408,1772342052,75f80d3c6a47ddc0f732f2e1c97d4f64a87ac73f2b22bed802e153762952e42e,224,112.00,6.37,1,10,7,0.025605,0.614048,Minotaur,minotaur(pow_w:0.50),1.58,259,0
52,2,0x71f297f96355f349d66f0e9b681e7d4e11224660,1.168800,1772342054,52353037665826fdd75149f09e22f8a33d0380a3885243366bda066a1715c97f,109,109.00,6.00,1,9,6,0.025478,0.611888,Minotaur,minotaur(pow_w:0.50),0.98,260,0
52,3,0xa7e4d4d949807065ebf85adc1be8c382c7236c15,0.213616,1772342056,785324c9e5bef7a76afd62e901b4985d03845a9ba559c80a575074a1fa33b1a8,215,71.67,6.33,1,11,7,0.025361,0.610098,Minotaur,minotaur(pow_w:0.50),2.34,261,0
52,4,0xa9105f442328d397529b8e4e9e656fa89016ff45,0.466204,1772342059,d764f58b3b1a428e4d80955c6b46ec1f31bde9cc6f7e6040180b6e43916d4b65,201,100.50,5.15,1,8,5,0.025229,0.607628,Minotaur,minotaur(pow_w:0.50),2.01,262,0
53,0,0xeaa5003682d7289190651081ae2bee847097afc5,7.770185,1772342060,76fc57afba89db354cd5f79d145607dca443078416ff07aecf945ea2936e9b77,228,114.00,5.73,1,9,6,0.025103,0.605296,Minotaur,minotaur(pow_w:0.50),1.66,263,0
53,1,0xb2a7fe70a6f3137d38f6cb4c3ec6dd1e24f2d5f4,3.422468,1772342062,105ef584d696787470a9a295727e7774524b85541e801226ed07c7046f2c23e8,96,96.00,7.16,1,12,7,0.025092,0.605568,Minotaur,minotaur(pow_w:0.50),1.00,264,0
53,2,0x4a217e35f6402e7f62a49f6d62e27c6585c2f3fd,5.494697,1772342064,9629a744e51c07e4a2fccf558e69b3c5c74c6cdb6d4eb70e4f2db7b7fc75c83a,210,105.00,5.30,1,10,5,0.025014,0.604749,Minotaur,minotaur(pow_w:0.50),1.24,265,0
53,3,0xc774b0fee7cabbef3b1ae14bf36db3df0d32c1df,6.179107,1772342067,a023fc97f8ffaa89882672d267af7329f5577c3c15252b58d373c5898a79bbb0,198,66.00,7.02,1,13,7,0.024968,0.604601,Minotaur,minotaur(pow_w:0.50),2.13,266,0
53,4,0x6064b9f5883bf9737dfe314ff68c56e09e68ac89,5.193129,1772342068,1d01369bf147ec28c93f36dfe0159d5cf98cdfbf7e3dcd7c124f74ee806e0d32,172,86.00,6.42,1,12,7,0.024968,0.604603,Minotaur,minotaur(pow_w:0.50),1.90,267,0
54,0,0xeaa5003682d7289190651081ae2bee847097afc5,8.771055,1772342070,596455db34a4bee628845d3a97e255d0f1a0ca4140647ed27a4a406e6f5c60a8,146,146.00,5.76,1,9,6,0.024882,0.604329,Minotaur,minotaur(pow_w:0.50),1.18,268,0
54,1,0xd39dbd3662315e3935ec08e6b6028e73b3c09de2,2.922190,1772342072,ae89e7e30508d3789be08e9748a9aaf3431312ce76e540a610db4d0a2fc3edca,223,74.33,7.22,1,12,7,0.024886,0.604843,Minotaur,minotaur(pow_w:0.50),2.41,269,0
54,2,0xdcf2130496e27a8094ab996aea4aa77788d65869,12.514937,1772342075,65a542c681f9e97e13039c359c68723d9065266446ecde8e266b062e170c1d93,136,68.00,6.49,1,12,7,0.024801,0.603810,Minotaur,minotaur(pow_w:0.50),2.18,270,0
54,3,0x0d91704595bff3aec25d40822498a51c62b05e3a,1.567736,1772342076,44ed620962c86ff25c4a3abdf9683ed70d3bf02758da2ac2274e9f34aa7fa01b,224,112.00,6.04,1,10,6,0.024801,0.603811,Minotaur,minotaur(pow_w:0.50),1.87,271,0
54,4,0xa447d277b02012c2afd9ddcbbe123f27cc971963,9.818035,1772342078,287bc056b3d22fbf3e7cf38d880b2d2ed0fc741a57cd43d8ef01d4eb1114ae5a,103,103.00,5.63,1,9,6,0.024697,0.602233,Minotaur,minotaur(pow_w:0.50),0.98,272,0
55,0,0x075e1d95c7891e1c00414ca1aa9a7a8cf6270019,0.136685,1772342080,e22f151d8e27d1b978e648bf3a333ce4f347c4c1f151b49142cc826214f08ae7,211,70.33,5.41,2,9,6,0.024717,0.602972,Minotaur,minotaur(pow_w:0.50),2.42,273,0
55,1,0x1796dc61e715f15a2d27dfa32bd34780f12a8c24,6.729311,1772342083,4c2718a0a0bb7364dac30c33544168495eef04935d5b8ace3bd1c06210f4fc32,193,96.50,6.22,1,10,6,0.024591,0.600434,Minotaur,minotaur(pow_w:0.50),2.03,274,0
55,2,0xc774b0fee7cabbef3b1ae14bf36db3df0d32c1df,7.180717,1772342084,a78aa6b0e2852e4e96b99700cd9aeea9fdc9780386c54ba38c3ae66cc7492c01,245,122.50,5.32,1,8,6,0.024591,0.600435,Minotaur,minotaur(pow_w:0.50),1.69,275,0
55,3,0x58a21eeb7ab18ba8adf1296e66a4487076e95dac,9.097104,1772342086,bd5142144858a51e6f5bc426fb244df18a5a2f6f412d5a5ebf225cfd7d2cad8f,99,99.00,7.29,1,12,7,0.024572,0.600574,Minotaur,minotaur(pow_w:0.50),0.97,276,0
55,4,0x28672c71695142588ed26ada6f4b18b8b6c12308,2.691038,1772342088,194ed041ed2a382966ec44e4307b61092ee7281901c32195a3bc521761297704,210,70.00,6.58,1,11,7,0.024580,0.601140,Minotaur,minotaur(pow_w:0.50),2.43,277,0
56,0,0x016d3fc36beee7caa8fbd6c1caa42461dd7f9850,1.875709,1772342091,8ee1461d3a93917c66392f05b56ecdbdd7858d63c639cf4361a68d753c6fa0f7,189,94.50,5.53,1,9,6,0.024494,0.599988,Minotaur,minotaur(pow_w:0.50),2.18,278,0
56,1,0xaadc5fea232580cb8fba739ac5d05a48559c7e52,8.363173,1772342092,50e176b325f6ef7e7eb15467d731a4c9e1278bb2a771ded5f40283cf1d863968,226,113.00,7.23,1,11,8,0.024397,0.598487,Minotaur,minotaur(pow_w:0.50),1.86,279,0
56,2,0x4414c05be2cf328f38d2e3ef4b705d6b894f044a,5.089869,1772342094,bff4244a9d6e0e78bc2375cac5af5857bdadca1b7ce851bb315fad53427dd8f6,53,53.00,6.06,1,10,6,0.024394,0.598837,Minotaur,minotaur(pow_w:0.50),1.40,280,0
56,3,0x9c39f7fffaa5c5cfab20dfdd05663497918580c1,1.424778,1772342096,eb8f8d68ddc4dfeebd24015464a76da1b3a864a977c573403df6493b66320048,220,110.00,6.99,1,12,7,0.024344,0.598515,Minotaur,minotaur(pow_w:0.50),1.40,281,0
56,4,0xdcf2130496e27a8094ab996aea4aa77788d65869,12.514687,1772342099,0ae2d602d5ff5c0b05ff4b754707bc9d370a77dbcddaf12eacad862813adb66e,198,66.00,5.54,1,9,6,0.024241,0.596853,Minotaur,minotaur(pow_w:0.50),2.10,282,0
57,0,0xc577329e86aaecb006f17fb90499c54671119935,0.315942,1772342100,91d155f94f01144950c6d5c3bd77e37eb75cd11dae05fac1db6d529ffa041670,217,108.50,5.97,1,10,6,0.024241,0.596854,Minotaur,minotaur(pow_w:0.50),1.70,283,0
57,1,0x26d553a2f4343b3a7dc88bbd87b3d0a25d3838d9,6.220550,1772342102,e196b9bfa2a503781cbbd0888943c7da66e1dc66209963f7a4daab74b90813b5,105,105.00,6.35,1,11,6,0.024124,0.594482,Minotaur,minotaur(pow_w:0.50),0.98,284,0
57,2,0x719361397abe003a91af76243e5f9c7a0cd4279f,11.551306,1772342104,e80f15c388ff0eb1fdc34992ef1dff6bc5b7805ddca5afc4f3d62caceb800321,200,100.00,5.55,1,9,6,0.024091,0.594462,Minotaur,minotaur(pow_w:0.50),1.44,285,0
57,3,0x6064b9f5883bf9737dfe314ff68c56e09e68ac89,6.194229,1772342106,61c807ba927c594e41a9d1d4a410436d314e64fb06d7b973761efbba739b8164,245,81.67,5.98,1,11,6,0.024134,0.595269,Minotaur,minotaur(pow_w:0.50),2.19,286,0
57,4,0xa447d277b02012c2afd9ddcbbe123f27cc971963,10.819845,1772342109,a961099dc9ce0e1317bb64f67006f7c552be68e5ff92f999480222f2afe7ec84,175,87.50,5.93,2,10,6,0.024100,0.595190,Minotaur,minotaur(pow_w:0.50),1.91,287,0
58,0,0x687bf2437a044a3e42ff2f8a79a8e54ba9601f70,6.070259,1772342110,8a965676c1c93c11057f13f94ac1cb02270b39e496e7b21f876275e40b267f33,212,106.00,5.72,1,9,6,0.024132,0.595922,Minotaur,minotaur(pow_w:0.50),1.63,288,0
58,1,0x34412315480562da4810040fd15c81f99880e1ab,3.895093,1772342112,fa31bf8aff9e236b3c8730a18287e8af3af8e661862b4b3e63dab2f0577a5179,123,123.00,5.85,1,10,6,0.024096,0.595768,Minotaur,minotaur(pow_w:0.50),0.93,289,0
58,2,0xbc3f8508d26048f2064aa8c068f4c94d08d77d18,9.072369,1772342114,13cbfea82762627a26a7490c82b4d072a5c8c1bf3bf98702b8609d6ba233d714,236,78.67,6.28,1,12,6,0.024030,0.595088,Minotaur,minotaur(pow_w:0.50),2.34,290,0
58,3,0x34412315480562da4810040fd15c81f99880e1ab,4.897433,1772342117,ae159048ad736ffb3fa57637af0b8ddb6bcfb1016e59f4bcbe3dd5228e911eb8,154,77.00,5.91,1,10,6,0.024036,0.595576,Minotaur,minotaur(pow_w:0.50),1.88,291,0
58,4,0x606627477c3734932f47972f83c27cf4e3b35b4f,9.383407,1772342118,43a6cdadc1f21ada3e25393ddfd9142f248d72b67873158b140404baf55887b0,223,111.50,6.82,1,12,7,0.023985,0.595177,Minotaur,minotaur(pow_w:0.50),1.66,292,0
59,0,0x4a217e35f6402e7f62a49f6d62e27c6585c2f3fd,6.496057,1772342120,b5dfa3a9aaa2b6682e23fe4490516d3bb9da0b968184e350e5454eccb7457b1a,104,104.00,5.35,1,9,6,0.023995,0.595722,Minotaur,minotaur(pow_w:0.50),1.00,293,0
59,1,0xa447d277b02012c2afd9ddcbbe123f27cc971963,11.821835,1772342122,95df8acd4e8fc85a760d14210418f51340f15de561b6a0a1894e23162a0b8d66,210,70.00,7.55,1,13,8,0.023965,0.595643,Minotaur,minotaur(pow_w:0.50),2.35,294,0
59,2,0x63f4973c0df8a5358405f396dc0673a463c48de9,15.916817,1772342125,12970655ab68e4cc7caa8c418ac145e90681d9332ce9ec88c01855469431b746,201,100.50,5.59,1,9,6,0.023965,0.595645,Minotaur,minotaur(pow_w:0.50),2.04,295,0
59,3,0x016d3fc36beee7caa8fbd6c1caa42461dd7f9850,2.877709,1772342126,13de23ad08bda687d227e64b6ff87c13252b9d6ae87a393d04e0cf3ec9e94d3f,194,97.00,5.86,2,10,6,0.024007,0.596418,Minotaur,minotaur(pow_w:0.50),1.58,296,0
59,4,0x4ba33404d90c4ae989714d9d174cd882cffb7994,1.113332,1772342128,7f1bdc1983fa012316d099825bc890e364493afd4b41889b5a9b7af51d2c3a9b,112,112.00,7.15,1,11,7,0.024024,0.596328,Minotaur,minotaur(pow_w:0.50),1.02,297,0
60,0,0x9bdb1c7ad4bd8fe797b07c08117c74a591dbab2d,1.445032,1772342130,bd36377645e5e0c7d063cc303c9db9319dab40572a394d6cc6b2bb54d41afb68,195,97.50,7.68,1,12,8,0.023922,0.594546,Minotaur,minotaur(pow_w:0.50),1.42,298,0
60,1,0xdcf2130496e27a8094ab996aea4aa77788d65869,12.514407,1772342133,58cc7065632f15248c4f8eb5ef776cad198348eda35486df635c4f2dd4f7c860,211,70.33,5.88,1,10,6,0.023825,0.592885,Minotaur,minotaur(pow_w:0.50),2.11,299,0
60,2,0x6d6b2734a20229ddd7fd4a1470ba3e3bad4e4a85,6.647094,1772342134,4b1a011e27eb47a71900174d8de09f2e02064ff7e0390270f17529fd5ba5ffaa,181,90.50,5.97,1,10,6,0.023874,0.593734,Minotaur,minotaur(pow_w:0.50),1.60,300,0
60,3,0x07902d0371763a00d97ed9ba16ff0a206cb0fd19,8.537459,1772342136,e385a9a01c1bbcbe8c646b9f2a272bebc08f6531acbe0443bbe28fe8040f1f28,110,110.00,5.61,1,10,6,0.023846,0.593665,Minotaur,minotaur(pow_w:0.50),1.03,301,0
60,4,0x58a21eeb7ab18ba8adf1296e66a4487076e95dac,10.098774,1772342138,5f4e15b6a250337635fe68e50d485f97920e697660a6b51c61b12deb9ab33c15,206,103.00,6.57,1,10,7,0.023842,0.593968,Minotaur,minotaur(pow_w:0.50),1.44,302,0
61,0,0xa3786e459f289a76c0e8af8ad834e3d0c6d47199,25.759463,1772342140,b4bb8850897ff5251928b54b1a64b2345f1eb1b8979fe1f7309175dbdbd44767,211,70.33,6.44,1,11,7,0.023858,0.594610,Minotaur,minotaur(pow_w:0.50),2.24,303,0
61,1,0x58a21eeb7ab18ba8adf1296e66a4487076e95dac,11.100844,1772342142,38be01140ccacb16f2327a9149b47f726804656034d9b65250472f4455f7201c,172,86.00,5.70,1,9,6,0.024076,0.595617,Minotaur,minotaur(pow_w:0.50),1.74,304,0
61,2,0xa447d277b02012c2afd9ddcbbe123f27cc971963,12.823555,1772342144,72ec0a13d970aa88b68acce79921c5aebfbc0687dd551cf7a38469299a10ed51,134,134.00,6.88,1,11,7,0.024104,0.596267,Minotaur,minotaur(pow_w:0.50),1.04,305,0
61,3,0x8c11ec9090dd820c076e57e899d9c604c79d6b32,9.575529,1772342146,e98c1dd55cd1ce8f618b3dd788561684f069cad1ff0acdcbbc2ed861285c2300,228,114.00,5.27,1,9,5,0.024152,0.597080,Minotaur,minotaur(pow_w:0.50),1.41,306,0
61,4,0x63f4973c0df8a5358405f396dc0673a463c48de9,16.918597,1772342148,acbf3c41b425f139bf94ccbd4c097bc9d1f64af508dab00d98306efc4a154086,244,81.33,5.02,1,8,5,0.024159,0.597585,Minotaur,minotaur(pow_w:0.50),2.14,307,0
62,0,0x3d92e045fb1847aae132b40ebfcc471a32f687de,1.125065,1772342151,cf92fb197e357491e6bea9d95ad277d1753c729a607602dc0419837157f5b74d,137,68.50,5.83,2,10,6,0.024159,0.597587,Minotaur,minotaur(pow_w:0.50),1.68,308,0
62,1,0x49b57eb4dace37c8819daf079c9c674f766d4f38,5.234170,1772342152,6ebabcdcc892328e3de28f0522829c11c8ce10844f0ccc33633daace35785696,203,101.50,6.66,1,11,7,0.024258,0.598526,Minotaur,minotaur(pow_w:0.50),1.63,309,0
62,2,0xbc3f8508d26048f2064aa8c068f4c94d08d77d18,10.073509,1772342154,2b5f03e69aaf5aafdb8a9811dbc530de8c8b7a6e03debd268556c7acd723baeb,102,102.00,7.82,1,13,8,0.024209,0.598172,Minotaur,minotaur(pow_w:0.50),1.01,310,0
62,3,0x4ba33404d90c4ae989714d9d174cd882cffb7994,2.115002,1772342156,7a85dfe57814fc80b0a4b5762723200e3457b88a7847997ae8722e2455adb073,227,75.67,5.71,1,10,5,0.024220,0.598716,Minotaur,minotaur(pow_w:0.50),2.26,311,0
62,4,0xa068e3c9a21c8d8be636cd2d285895979ec3262e,7.973411,1772342159,ef48eddba84296787c4d1b59f7bd5c7e03d314176de0b69435ec8d840fc5d372,128,64.00,7.08,1,12,7,0.024132,0.597302,Minotaur,minotaur(pow_w:0.50),2.29,312,0
63,0,0x1796dc61e715f15a2d27dfa32bd34780f12a8c24,6.728621,1772342160,aa85a8b6ce34d36d1540bce9fecbd8cda3d69879895adb77f65f561128f3ef6d,250,125.00,6.11,1,10,7,0.024117,0.597490,Minotaur,minotaur(pow_w:0.50),1.82,313,0
63,1,0xb2a7fe70a6f3137d38f6cb4c3ec6dd1e24f2d5f4,4.423728,1772342162,e27ad08704668af8df0afc7c8246819c3f381cba5932494a6c710aa4b0cbb856,19,19.00,4.89,2,8,6,0.024087,0.597392,Minotaur,minotaur(pow_w:0.50),1.11,314,0
63,2,0x719361397abe003a91af76243e5f9c7a0cd4279f,12.553286,1772342164,2887667476d2dd08c6d36884ad93b25bc60f8d716118c179374746dcfa8e4657,206,68.67,5.51,1,9,6,0.024028,0.596832,Minotaur,minotaur(pow_w:0.50),2.42,315,0
63,3,0xa3786e459f289a76c0e8af8ad834e3d0c6d47199,26.760883,1772342167,7b6b8cf0799c64cb1791fcc06e97c70d062bdd34798a09fff927fbb3a48a0e31,231,115.50,5.74,1,11,6,0.024069,0.597563,Minotaur,minotaur(pow_w:0.50),2.13,316,0
63,4,0x58a21eeb7ab18ba8adf1296e66a4487076e95dac,12.101864,1772342168,a3fcbe34287250124ab736dc1167b1f3bc6c8fbe4d03d43b0da85d18471c21d8,138,69.00,6.01,1,9,6,0.024282,0.598532,Minotaur,minotaur(pow_w:0.50),1.54,317,0
64,0,0x719361397abe003a91af76243e5f9c7a0cd4279f,13.555506,1772342170,3ef08b743456e85933ac50f924815a83cbe09cc1bc34721f5a0d2460a2b85508,90,90.00,6.64,1,11,7,0.024315,0.599194,Minotaur,minotaur(pow_w:0.50),0.99,318,0
64,1,0xa3786e459f289a76c0e8af8ad834e3d0c6d47199,27.762173,1772342172,5ad46533c446738f62223f35dfa671cd32903775bbf706008e420e7a4633da3c,222,74.00,5.73,1,11,6,0.024365,0.599997,Minotaur,minotaur(pow_w:0.50),2.27,319,0
64,2,0xd46407aa7b668c72de3cf1c1a12b7fa2e308a1b2,3.989269,1772342175,c966e5b5a4822ca67d0170dede56311a0b220cc7d9b9f088157050046cf4bc7e,219,109.50,5.45,1,9,5,0.024585,0.600956,Minotaur,minotaur(pow_w:0.50),2.04,320,0
64,3,0x1796dc61e715f15a2d27dfa32bd34780f12a8c24,7.728601,1772342176,09a72c3c93f31e64c8ad3fb471fad1afe43333f7cba3997f076267132c36ff99,120,60.00,6.65,1,12,7,0.024518,0.600259,Minotaur,minotaur(pow_w:0.50),1.82,321,0
64,4,0xa3786e459f289a76c0e8af8ad834e3d0c6d47199,28.764313,1772342178,8f9e6d5892730a41b439c92daa0e0995d6c1e9b5b96b871bdff75fbeb2a5d2f0,145,145.00,5.34,1,8,6,0.024497,0.600366,Minotaur,minotaur(pow_w:0.50),1.21,322,0
65,0,0x1796dc61e715f15a2d27dfa32bd34780f12a8c24,8.729971,1772342180,b0a51543c9b7fb138d6f53bd841046b8ce9907eb42eef80099a5caa32d3c6173,198,99.00,5.79,1,9,6,0.024724,0.601316,Minotaur,minotaur(pow_w:0.50),1.45,323,0
65,1,0x95ab54d268473cce82094026afefdbd5cadf418b,1.594148,1772342182,1ef8bffa6521ef2967480fd50fbb54b47a853958e580a730dc4b18bde3c78c91,250,83.33,5.09,1,8,5,0.024712,0.601549,Minotaur,minotaur(pow_w:0.50),2.13,324,0
65,2,0xdcf2130496e27a8094ab996aea4aa77788d65869,13.515637,1772342185,5e1055097c9441663041b4e1654bf1956318cbe60caf1eb44a7ce0c96f9c65a5,161,80.50,6.20,1,9,6,0.024618,0.599962,Minotaur,minotaur(pow_w:0.50),1.47,325,0
65,3,0x719361397abe003a91af76243e5f9c7a0cd4279f,14.557556,1772342187,dbdd62daa6b3700aefdee344b43dd369c694ad5bd297e641c2df765648632bad,208,104.00,6.00,1,10,6,0.024662,0.600700,Minotaur,minotaur(pow_w:0.50),1.49,326,0
65,4,0x63f4973c0df8a5358405f396dc0673a463c48de9,17.919647,1772342189,0e554e8ac4c4715073b71065ef79535b1ecd337c1ea4af2d2814da751e18e0e4,206,103.00,5.93,2,11,6,0.024718,0.601496,Minotaur,minotaur(pow_w:0.50),1.46,327,0
66,0,0xdcf2130496e27a8094ab996aea4aa77788d65869,14.517657,1772342191,e286b5a4f73ec3a41722a9f44a4db3612d38297cbf8ad215cb0aa45803deb007,228,76.00,5.54,2,10,5,0.024812,0.602385,Minotaur,minotaur(pow_w:0.50),2.22,328,0
66,1,0x719361397abe003a91af76243e5f9c7a0cd4279f,15.559576,1772342194,d6905b8371c6543476d9b46ec7d33552a040574a4f612ec86f5db9d83335b207,154,77.00,5.74,1,9,6,0.024812,0.602388,Minotaur,minotaur(pow_w:0.50),1.78,329,0
66,2,0x58a21eeb7ab18ba8adf1296e66a4487076e95dac,13.102364,1772342195,888f9d2ecaa8636dd02ef85a39ebb8e34c6bab9d890653e78ecdd0cae454fb6d,228,114.00,5.89,1,11,6,0.024930,0.603950,Minotaur,minotaur(pow_w:0.50),1.60,330,0
66,3,0xac61c91e7d24df824351a6c4e562a75f0cf646f8,5.255098,1772342197,cd04f3adbc952ceab7750c85fb8c0091f1d1a81d75defd5a1ea765f85992a041,116,116.00,6.27,1,10,7,0.024966,0.604601,Minotaur,minotaur(pow_w:0.50),0.97,331,0
66,4,0x1796dc61e715f15a2d27dfa32bd34780f12a8c24,9.732221,1772342199,ed748adc2eca589c5efddf751e59c585ed52bf0481bf2c35f7940d97643df817,249,83.00,5.94,1,11,6,0.024913,0.604198,Minotaur,minotaur(pow_w:0.50),2.22,332,0
67,0,0x2abf89d7c96c80fcff9dec1fe92803573094ee35,0.222625,1772342202,8a27f513c40f427c1941523fe31d3b891519d8f3c3b2b52f1d21fd04383ed794,175,87.50,5.13,1,8,5,0.024910,0.604614,Minotaur,minotaur(pow_w:0.50),1.89,333,0
67,1,0x63f4973c0df8a5358405f396dc0673a463c48de9,18.921747,1772342203,7338ce2374c8c7e6e6f9df626dd0330a9dd5eadee89c0a01e40c46d3a0423f80,183,91.50,6.70,2,10,7,0.024800,0.602385,Minotaur,minotaur(pow_w:0.50),1.54,334,0
67,2,0xc24b36dee27726233c3bbd9e1f028f98b6b2a424,7.415309,1772342205,26bd244779d2c81d028f704a50770ded15683958c85c42e3feba0f3c3e7196fb,82,82.00,5.66,2,10,6,0.024900,0.603257,Minotaur,minotaur(pow_w:0.50),0.95,335,0
67,3,0x1cb1274c711a6c2e4e1596846e6ac604eeefb358,5.409741,1772342207,51dd334bb16bdec185ed57494d57ff8d902c65bdb071876d757a389a8fb2ac61,231,77.00,6.06,2,11,6,0.024900,0.603259,Minotaur,minotaur(pow_w:0.50),2.17,336,0
67,4,0x81193196c1dbdbf80709d43a5af5ce21c201fbd7,0.832609,1772342210,5eafcedfbe8d3a2074fff0cf0b7f46fd233134b2abb7ec30d3efe048db3fc59b,180,90.00,5.38,1,9,5,0.024819,0.602874,Minotaur,minotaur(pow_w:0.50),1.83,337,0
68,0,0xf6e059718dbd0a0956726ab97d06bad5efc6cd18,5.018177,1772342211,b0020ae4f682537526932c029ea29fb80c727fcd94e4c17f8a84c3a2a7b321d5,209,104.50,6.37,1,10,6,0.024717,0.600979,Minotaur,minotaur(pow_w:0.50),1.50,338,0
68,1,0xd67aaaf210c0c36ddcb7055222d168b5c9dd1b36,3.188251,1772342213,60aace7651a4725cd1f2fff049b1fbc52c791a79ef22a714d1cb6e1e6387cd18,93,93.00,7.62,1,12,8,0.024662,0.600475,Minotaur,minotaur(pow_w:0.50),0.98,339,0
68,2,0xe478b1e4d1538274c0c70cbd7df877f9abab2f62,4.297026,1772342215,22b2745f144c7eafbac77914963ae320d3c4a0ff19cfa5391b75a7857b21efb3,208,69.33,6.11,1,11,6,0.024588,0.599599,Minotaur,minotaur(pow_w:0.50),2.29,340,0
68,3,0xe478b1e4d1538274c0c70cbd7df877f9abab2f62,5.298896,1772342218,e10c01e7923717c44d777b466a31a6419f0f04785309d66d3c06fe0839d323d7,188,94.00,6.18,1,11,6,0.024525,0.598950,Minotaur,minotaur(pow_w:0.50),1.97,341,0
68,4,0x606627477c3734932f47972f83c27cf4e3b35b4f,10.383227,1772342219,014ea27c51408dcdd8ae73345a6b8a324aaeb3a8f572ee3d1ad38491ee985916,227,113.50,7.05,1,11,7,0.024525,0.598951,Minotaur,minotaur(pow_w:0.50),1.78,342,0
69,0,0xac768e60b9269babb15cb1e36ee843243d7c7543,15.731258,1772342221,a1314567577a288dbe021874bf7802b50426f03517b0013bb865eeccd6f42700,114,114.00,5.38,1,9,6,0.024529,0.599435,Minotaur,minotaur(pow_w:0.50),1.09,343,0
69,1,0xa3786e459f289a76c0e8af8ad834e3d0c6d47199,29.765733,1772342223,3e902068d761e1ab661a197844b53c0c695342b17c18259bda84df8fc0e1cc0b,191,95.50,5.91,1,10,6,0.024590,0.600212,Minotaur,minotaur(pow_w:0.50),1.27,344,0
69,2,0xdcf2130496e27a8094ab996aea4aa77788d65869,15.518937,1772342226,addc463a9dc0999ddb1748b9ae800e184f1364392507c98802fae479e7048aac,250,83.33,5.78,1,9,6,0.024800,0.601118,Minotaur,minotaur(pow_w:0.50),2.07,345,0
69,3,0xb2a7fe70a6f3137d38f6cb4c3ec6dd1e24f2d5f4,5.425008,1772342227,8a36574267239ff489e5482cac99c1c31c841c4028e5c46b1c63370e2dba4057,117,58.50,6.03,1,10,6,0.024800,0.601119,Minotaur,minotaur(pow_w:0.50),1.57,346,0
69,4,0x687bf2437a044a3e42ff2f8a79a8e54ba9601f70,7.070229,1772342229,f6408ac1e774f68cf234918f1dfccb68606ddfaa73733bc835fd433b18585c8f,91,91.00,5.78,1,10,6,0.024805,0.601377,Minotaur,minotaur(pow_w:0.50),1.01,347,0
70,0,0x606627477c3734932f47972f83c27cf4e3b35b4f,11.384267,1772342231,ef951b25aad46f9281563ccaf5771c68bc824c382b4acb3d0a3a1716665fde57,209,69.67,6.10,1,10,6,0.024771,0.601296,Minotaur,minotaur(pow_w:0.50),2.42,348,0
70,1,0xac61c91e7d24df824351a6c4e562a75f0cf646f8,6.257208,1772342234,37145540fe4f1af205b53d396751a6d14bd9ba120232ee3bbf73e4ea43c70f30,205,102.50,5.22,1,9,6,0.024782,0.601827,Minotaur,minotaur(pow_w:0.50),1.96,349,0
70,2,0x282f43759e22b50aa7989261c51c367f325c3f91,0.346507,1772342235,824ef642935ef4c124da6bb72fab68320e32884ebd3d9aad163f326a81988773,199,99.50,6.28,1,11,6,0.024740,0.601562,Minotaur,minotaur(pow_w:0.50),1.65,350,0
70,3,0x4414c05be2cf328f38d2e3ef4b705d6b894f044a,6.090799,1772342237,b731f0aeb5f1a91310030aa3bcf3da1db781d88637b976bbae75ff4a16774d83,120,120.00,6.13,1,10,6,0.024636,0.599429,Minotaur,minotaur(pow_w:0.50),1.06,351,0
70,4,0xac61c91e7d24df824351a6c4e562a75f0cf646f8,7.259168,1772342239,0f6cfbfab00ca570c3bef3ef23f6f6a4d4ffdb84d22fc800714399cc9f38f3f1,206,103.00,7.07,1,12,7,0.024592,0.599100,Minotaur,minotaur(pow_w:0.50),1.48,352,0
71,0,0x71f297f96355f349d66f0e9b681e7d4e11224660,2.169270,1772342242,25b775abac28a79da5d9f72bec6f6efc08f893cb7b0f0a48211ddbe8722ccf41,210,70.00,5.73,2,11,6,0.024592,0.599103,Minotaur,minotaur(pow_w:0.50),2.13,353,0
71,1,0xdcf2130496e27a8094ab996aea4aa77788d65869,16.519847,1772342243,952b875d9aab1b3eaff29e8f71133d353fcd7b178ef527d4309f3aee89d566d8,149,74.50,6.68,1,11,7,0.024592,0.599104,Minotaur,minotaur(pow_w:0.50),1.68,354,0
71,2,0xa9105f442328d397529b8e4e9e656fa89016ff45,1.466734,1772342245,85032ca4f3f193e0a9f240eae78294c874f9ede65d6a85c6fadfbbba232ddc85,104,104.00,6.07,1,10,6,0.024572,0.598564,Minotaur,minotaur(pow_w:0.50),1.12,355,0
71,3,0xa447d277b02012c2afd9ddcbbe123f27cc971963,13.824565,1772342247,817acbb12c8a7ca374685a17b1c9ccab1fa5528edb4d47d834f6c421c84690f9,202,67.33,5.59,1,9,6,0.024481,0.596975,Minotaur,minotaur(pow_w:0.50),2.41,356,0
71,4,0xeb82a21cb3d0dd781eb22ad74bb7cd9b4d2a06ec,4.920285,1772342250,0ce84aafe7fb7e67059b129d467765be116012fe1f6495bfa340c0cd4b75fb28,242,121.00,5.41,1,10,6,0.024517,0.597626,Minotaur,minotaur(pow_w:0.50),2.00,357,0
72,0,0x719361397abe003a91af76243e5f9c7a0cd4279f,16.561366,1772342251,eeca9c1604c70e65720654f77bda2d501f65f3e96d0b52c6c265119248fea026,87,43.50,7.30,1,14,7,0.024517,0.597628,Minotaur,minotaur(pow_w:0.50),1.45,358,0
72,1,0xa3786e459f289a76c0e8af8ad834e3d0c6d47199,30.768003,1772342253,05ad07d80f1032d5348bf0ceac884e0ac80c4a75972a9b73748d7ee74182b6e8,125,125.00,5.54,1,11,5,0.024524,0.597798,Minotaur,minotaur(pow_w:0.50),1.24,359,0
72,2,0x4ba33404d90c4ae989714d9d174cd882cffb7994,3.115232,1772342255,2940674b9318951681ebc58a3bf82ad401ef05ad42a6ecf313800953330ee4ea,214,107.00,5.83,1,9,6,0.024728,0.598680,Minotaur,minotaur(pow_w:0.50),1.43,360,0
72,3,0x34412315480562da4810040fd15c81f99880e1ab,5.898363,1772342258,546f8806cae1a46040a6ffbb6b3333fda14bd0876486ff804290c1febd44171d,211,70.33,7.22,1,12,8,0.024728,0.598682,Minotaur,minotaur(pow_w:0.50),2.28,361,0
72,4,0x606627477c3734932f47972f83c27cf4e3b35b4f,12.386007,1772342259,44b2adfb249e20564467ed2e6bbc4c76c97ec325f3c18e06562039877c1cd7b3,159,79.50,6.79,1,12,7,0.024654,0.597776,Minotaur,minotaur(pow_w:0.50),1.84,362,0
73,0,0xdcf2130496e27a8094ab996aea4aa77788d65869,17.520757,1772342261,04c4f492e54050725e8237e6532ac9592462679d5ca7d06357adcb43bff8138e,114,114.00,5.94,2,9,6,0.024626,0.597945,Minotaur,minotaur(pow_w:0.50),1.18,363,0
73,1,0x58a21eeb7ab18ba8adf1296e66a4487076e95dac,14.102694,1772342263,3cfa5785014b45a564dad54aed289c32b00bbb4798ce52469eb66baea9804140,211,70.33,5.82,1,10,6,0.024694,0.598729,Minotaur,minotaur(pow_w:0.50),2.33,364,0
73,2,0xa447d277b02012c2afd9ddcbbe123f27cc971963,14.826865,1772342266,18fa4c7030a6c0c723f90f0f15ef7fb3aa0989ee843fda41febab09f138a979f,175,87.50,6.32,1,11,6,0.024728,0.599344,Minotaur,minotaur(pow_w:0.50),2.25,365,0
73,3,0x63f4973c0df8a5358405f396dc0673a463c48de9,19.921937,1772342267,ed6465161c9ddecd63db33c0618b5dbb1d80b0337d0f7d690da6dbbd4d95e086,250,125.00,5.57,1,9,6,0.024769,0.599976,Minotaur,minotaur(pow_w:0.50),2.02,366,0
73,4,0xe6ebb0cdfd04183d498964e5efc4096ba77b17d6,12.301813,1772342269,50bb7023e4a19e14c34715669c26266097ed4d3f6834455ae9be53eb77fdc1a4,18,18.00,4.67,1,9,6,0.024858,0.600795,Minotaur,minotaur(pow_w:0.50),1.78,367,0
74,0,0xcdc82b7c868072205a399d0f68e6e3ad3bfd1ca6,3.206311,1772342271,4c84e209a461ad2e05b89f5ba8bd9702c30e2cf45f1072067f978fe8bb125572,210,70.00,6.73,1,11,7,0.024873,0.601303,Minotaur,minotaur(pow_w:0.50),2.49,368,0
74,1,0xac768e60b9269babb15cb1e36ee843243d7c7543,16.732738,1772342274,ad5030df81a1c75048c79c305f536467b066c9600f264b6cadd93b3751318406,150,75.00,6.47,1,12,7,0.024799,0.600401,Minotaur,minotaur(pow_w:0.50),2.37,369,0
74,2,0xe478b1e4d1538274c0c70cbd7df877f9abab2f62,5.298396,1772342275,ecd3ecf353ee162976ff1484a6dc908bc175ad985ad2328752f7c23be8020023,250,125.00,6.13,1,10,6,0.024800,0.600402,Minotaur,minotaur(pow_w:0.50),1.96,370,0
74,3,0x1796dc61e715f15a2d27dfa32bd34780f12a8c24,10.733161,1772342277,44bda910bd9eb80c38fbaac5326936bae9768dd731d3a85230e05ccf587e1d12,22,22.00,6.59,3,11,7,0.024803,0.600532,Minotaur,minotaur(pow_w:0.50),2.00,371,0
74,4,0x07902d0371763a00d97ed9ba16ff0a206cb0fd19,9.538159,1772342279,1d8042aa71d9cddae3e00555398fb3f3e66b81d6d7a5256e18ccf022d6e9ed11,192,96.00,5.05,1,8,5,0.024802,0.600977,Minotaur,minotaur(pow_w:0.50),1.46,372,0
75,0,0x6d6b2734a20229ddd7fd4a1470ba3e3bad4e4a85,7.646894,1772342282,4c0b9b1428dd1c75075cec02b0659b36a3c760ecc73e8a8fe864f21044bedcb2,219,73.00,6.88,1,11,7,0.024789,0.601283,Minotaur,minotaur(pow_w:0.50),2.19,373,0
75,1,0x4414c05be2cf328f38d2e3ef4b705d6b894f044a,7.092369,1772342283,742be4d9f3a2b0559e30569c5a93fd018548be4ef272cc5709cec8a28da75c2f,158,79.00,5.73,1,9,6,0.024759,0.601272,Minotaur,minotaur(pow_w:0.50),1.84,374,0
75,2,0xc774b0fee7cabbef3b1ae14bf36db3df0d32c1df,8.179637,1772342285,5277c92222cd72d9521ae333b62728fde8d1d7bc0fa21afb5528a3eff3e115ba,110,110.00,7.02,1,12,7,0.024723,0.601131,Minotaur,minotaur(pow_w:0.50),1.05,375,0
75,3,0xa5a12d96532497871d73549e55ab377e3dcb3a40,3.110412,1772342287,fee389572051583214c5f6d099a30f5bc9ce651238b30b88e218dc9ba28d8f9d,215,107.50,7.12,1,13,7,0.024697,0.601197,Minotaur,minotaur(pow_w:0.50),1.49,376,0
75,4,0x606627477c3734932f47972f83c27cf4e3b35b4f,13.386977,1772342289,f9681c8e4d3f6343ecf682265fdbaf110a3af02390d3b349c00a1ef879ce4e97,250,83.33,5.12,1,8,5,0.024625,0.600235,Minotaur,minotaur(pow_w:0.50),2.20,377,0
76,0,0xaadc5fea232580cb8fba739ac5d05a48559c7e52,9.361913,1772342292,774290ad26ff9899aa9138b4ca47d0b2b669450eefd2b371a56f49c0dec92ce4,189,94.50,5.52,1,9,6,0.024625,0.600237,Minotaur,minotaur(pow_w:0.50),1.67,378,0
76,1,0xa3786e459f289a76c0e8af8ad834e3d0c6d47199,31.769813,1772342294,c0550408438dd7c3ee3fe24a3aefc7b4c1fbfee08ae5fbfecc41b45c1fd82093,200,100.00,6.00,1,10,6,0.024633,0.601021,Minotaur,minotaur(pow_w:0.50),1.57,379,0
76,2,0xa3786e459f289a76c0e8af8ad834e3d0c6d47199,32.771733,1772342296,1ef92ceb7a062931411d8e83ce55c1f0d8ce11a9e4220fef0ee286f84cb72a99,194,97.00,5.67,1,9,6,0.024824,0.601858,Minotaur,minotaur(pow_w:0.50),1.37,380,0
76,3,0x6064b9f5883bf9737dfe314ff68c56e09e68ac89,7.193829,1772342298,199878d3416335a7cbd913ab89689dd956b4b7ec6895e24482b0636016e661fc,227,75.67,5.85,1,9,6,0.025022,0.602692,Minotaur,minotaur(pow_w:0.50),2.13,381,0
76,4,0x37cc7a82e66d4f4c2ae13b9ee895d3af1a1d7a05,0.257295,1772342301,4709ca5d17204e6fa1544f6c522ce86ce58d9484b82b78671c0489e38af2ae0e,155,77.50,5.70,1,10,6,0.024986,0.602532,Minotaur,minotaur(pow_w:0.50),1.66,382,0
77,0,0x719361397abe003a91af76243e5f9c7a0cd4279f,17.561956,1772342303,7ffe7070d75b739fdd394214d07eba4c0d369d945821d00007836eed66b4a131,227,113.50,6.99,2,12,7,0.024886,0.600454,Minotaur,minotaur(pow_w:0.50),1.51,383,0
77,1,0x4ba33404d90c4ae989714d9d174cd882cffb7994,4.116812,1772342305,dc78549f3aa06b78feef7cdfa176576e5a54c630ce7d18bafee5a057890cbc57,219,73.00,5.95,1,11,6,0.024944,0.601153,Minotaur,minotaur(pow_w:0.50),2.52,384,0
77,2,0x30509a8084fdfe6fe24d9c9a817c209ad194f8e3,8.661559,1772342307,a7c54e5b3443f29e19c1b02cfb8aa08f0d3f48f86b2420a9a8e9f5788bfe8fba,168,84.00,7.32,1,12,8,0.024880,0.600476,Minotaur,minotaur(pow_w:0.50),2.30,385,0
77,3,0x408bb0bf84df50b21c53c74420987f172d4036a1,1.793854,1772342310,494c0c2c83b5ab71b667636e23f70a0e501b63d3ac3eaea02260886f76441d91,250,125.00,6.50,1,11,7,0.024857,0.600591,Minotaur,minotaur(pow_w:0.50),1.98,386,0
77,4,0xa5a12d96532497871d73549e55ab377e3dcb3a40,4.112602,1772342312,c452a8f919017c9b81b06949666d658e106075518ae12c054dfff0f92a0b8210,100,50.00,7.57,1,13,8,0.024773,0.599179,Minotaur,minotaur(pow_w:0.50),1.44,387,0
78,0,0x408bb0bf84df50b21c53c74420987f172d4036a1,2.794804,1772342314,43f366cda302152a83732a81a6879a8f48e937e7578db9951bf1cf427491e882,222,111.00,5.12,1,8,6,0.024709,0.598469,Minotaur,minotaur(pow_w:0.50),1.48,388,0
78,1,0x687bf2437a044a3e42ff2f8a79a8e54ba9601f70,8.071479,1772342316,881245c27805841bd722027e1f98cedd88dc37407cade4f116fb92c88bc8a484,200,66.67,7.10,1,13,8,0.024635,0.597396,Minotaur,minotaur(pow_w:0.50),2.28,389,0
78,2,0x26d553a2f4343b3a7dc88bbd87b3d0a25d3838d9,7.220310,1772342319,7c8ecd9f23af4e16999545122660bce0982b88a545d9db522a74def940846bb0,160,80.00,5.73,1,10,6,0.024607,0.597384,Minotaur,minotaur(pow_w:0.50),1.87,390,0
78,3,0xa3786e459f289a76c0e8af8ad834e3d0c6d47199,33.773763,1772342321,00cec8237154567d161b18085c5c2beb2381e3d6ddb5411c2c6a3ab08aa19a13,218,109.00,5.83,1,9,6,0.024572,0.597198,Minotaur,minotaur(pow_w:0.50),1.60,391,0
78,4,0x3513d672439a59c26cc5711f2b715ccb4810a774,3.288075,1772342323,d220c42115bd956a48e07a609f529764a763eab5143a3d985d87921fd45a416c,198,99.00,5.75,1,9,6,0.024769,0.598022,Minotaur,minotaur(pow_w:0.50),1.47,392,0
79,0,0xc4dc29db975b952e04358340e56b68fa4ba63fbc,0.536841,1772342325,41c88234f6ad6b3835c28dd403b0798897f71eba5a2872c02f30a4ae71b77794,205,68.33,6.90,1,12,7,0.024698,0.597088,Minotaur,minotaur(pow_w:0.50),2.27,393,0
79,1,0x95ab54d268473cce82094026afefdbd5cadf418b,2.594158,1772342328,ed40ecdf76cd3de556d455a95b68b15883420a80fa30b17a5e36bae2e02f5b14,142,71.00,5.52,1,11,6,0.024605,0.595178,Minotaur,minotaur(pow_w:0.50),2.10,394,0
79,2,0xac61c91e7d24df824351a6c4e562a75f0cf646f8,7.258418,1772342329,d4cd90b3a0386e3e177a0571819dc4127488229c111ebe76443e3d54a9de4a45,220,110.00,6.29,1,9,7,0.024605,0.595181,Minotaur,minotaur(pow_w:0.50),1.65,395,0
79,3,0xbc3f8508d26048f2064aa8c068f4c94d08d77d18,11.073889,1772342331,04783a4b5df34605ed5aba7f3c96b862feabdf46d88ec96829b161bf30727b7c,118,118.00,5.78,1,11,6,0.024570,0.594966,Minotaur,minotaur(pow_w:0.50),0.92,396,0
79,4,0x408bb0bf84df50b21c53c74420987f172d4036a1,3.796644,1772342333,89fa5305d35ca68c74e27419ce6ce2f9b80bb4474553327e900be037b640f8b6,227,75.67,6.21,1,10,6,0.024567,0.595388,Minotaur,minotaur(pow_w:0.50),2.20,397,0
80,0,0x6064b9f5883bf9737dfe314ff68c56e09e68ac89,8.194999,1772342336,70f555586b2550067ff4e2173380dae8e0424b4109769ca2d8aabfa7e33c471b,121,60.50,6.63,1,13,7,0.024503,0.594585,Minotaur,minotaur(pow_w:0.50),2.12,398,0
80,1,0xa5a12d96532497871d73549e55ab377e3dcb3a40,5.114532,1772342337,8fe6a60ac907d3b6993b05706c0427fbae650b151fe9f061047483fa373210d8,250,125.00,6.40,1,10,6,0.024476,0.594561,Minotaur,minotaur(pow_w:0.50),1.80,399,0
80,2,0xac768e60b9269babb15cb1e36ee843243d7c7543,17.734618,1772342339,c99672d95a757d03bb240e179febc758db0dbd9728620fb6e4240be111a7fbed,37,37.00,6.24,1,8,7,0.024423,0.593989,Minotaur,minotaur(pow_w:0.50),0.89,400,0
80,3,0x016d3fc36beee7caa8fbd6c1caa42461dd7f9850,3.877039,1772342341,04281663682f240fe8df0aa6465ff17dc60f20e5c305f406f40e626247e49219,211,70.33,5.91,1,10,6,0.024477,0.594658,Minotaur,minotaur(pow_w:0.50),2.31,401,0
80,4,0x81d019380961f92c2031b0a7fba69f7675145088,4.492083,1772342344,29d989a1f239edd835fb0ba1f98948951a7d6af356909038f2690fe3f5443bb8,153,76.50,6.37,1,11,7,0.024413,0.593846,Minotaur,minotaur(pow_w:0.50),2.02,402,0
81,0,0xa068e3c9a21c8d8be636cd2d285895979ec3262e,8.974011,1772342345,469f5789cb1f2b1afd878c38b689aa3fdaccfa383fdf8ad367b264ae10058862,250,125.00,5.94,1,9,6,0.024355,0.593150,Minotaur,minotaur(pow_w:0.50),1.76,403,0
81,1,0xb2a7fe70a6f3137d38f6cb4c3ec6dd1e24f2d5f4,6.424618,1772342347,c90dee63a796a2da0f9e41288b6f78ea12085436770d556a350f4670fac03d4f,20,20.00,6.05,1,8,7,0.024335,0.593276,Minotaur,minotaur(pow_w:0.50),1.55,404,0
81,2,0xd46407aa7b668c72de3cf1c1a12b7fa2e308a1b2,4.988819,1772342349,0920f05b1bde4dbd1c9faeee6f432693bfa2dc615425f2f2057b8d905128c96d,214,71.33,5.64,1,10,6,0.024293,0.592966,Minotaur,minotaur(pow_w:0.50),2.43,405,0
81,3,0x07902d0371763a00d97ed9ba16ff0a206cb0fd19,10.539539,1772342352,91ee60886ec49a06d4536dc5954bdd1d7c380f14fd41fc34ca4695173640158d,143,71.50,6.50,1,12,7,0.024240,0.592329,Minotaur,minotaur(pow_w:0.50),2.03,406,0
81,4,0x81193196c1dbdbf80709d43a5af5ce21c201fbd7,1.833359,1772342353,cab1754a333b5f68875d8b2ffc1bcfb462be243305fac21b6989c6f2a2a68d2e,250,125.00,6.62,1,10,7,0.024233,0.592690,Minotaur,minotaur(pow_w:0.50),1.83,407,0
82,0,0x719361397abe003a91af76243e5f9c7a0cd4279f,18.563706,1772342355,f380d16745d30cff159f0af39d49796a6707f9f5bd3e3e2d4ce5c2808f2a67b5,23,23.00,5.48,1,9,6,0.024154,0.591325,Minotaur,minotaur(pow_w:0.50),1.65,408,0
82,1,0x89100a8056319ba37491b32ba255004180607bc2,9.790967,1772342357,2ec3203ffb8b1604ad6eb5976bdce4fff055aa71ced348ca44ab047ce7ee3aaf,213,71.00,5.99,1,11,6,0.024212,0.592046,Minotaur,minotaur(pow_w:0.50),2.38,409,0
82,2,0x3d92e045fb1847aae132b40ebfcc471a32f687de,1.122975,1772342360,fe56bb2c869465cd2a07f049a586e5a694243822f574d4c87fe9aa0295f94415,218,109.00,5.47,1,8,5,0.024213,0.592049,Minotaur,minotaur(pow_w:0.50),1.97,410,0
82,3,0x28672c71695142588ed26ada6f4b18b8b6c12308,3.690258,1772342361,916724a9308db74aa1aefadd1c254ec9751a78e091eb7367138ab1a9c0fc43d9,204,102.00,6.64,1,11,7,0.024114,0.590722,Minotaur,minotaur(pow_w:0.50),1.68,411,0
82,4,0xac768e60b9269babb15cb1e36ee843243d7c7543,18.736508,1772342363,1737a4dd3e0f5c4a21d73a40d083c0dcf4a343fdcd8c8fd994476059aa4e0ede,112,112.00,5.78,1,10,6,0.024052,0.589845,Minotaur,minotaur(pow_w:0.50),1.14,412,0
83,0,0x6064b9f5883bf9737dfe314ff68c56e09e68ac89,9.197199,1772342365,3cd7356acbc587285c0bd2f5351df3565c6405b1e8926be6774bc5ea2790a8a4,225,75.00,5.95,1,10,6,0.024110,0.590537,Minotaur,minotaur(pow_w:0.50),2.35,413,0
83,1,0xbc3f8508d26048f2064aa8c068f4c94d08d77d18,12.075879,1772342368,1a6273db994ed37858749e98617642682693c4df4ed9827fe7e3f516bb1bd3ee,147,73.50,5.68,1,10,6,0.024091,0.590665,Minotaur,minotaur(pow_w:0.50),2.03,414,0
83,2,0xcdc82b7c868072205a399d0f68e6e3ad3bfd1ca6,4.206911,1772342369,e0144ccaf57df7b5d875456f8cbf9a02e73f2f07b3ffa317237b49256ede055b,224,112.00,6.44,1,10,7,0.024091,0.590666,Minotaur,minotaur(pow_w:0.50),1.71,415,0
83,3,0xf6e059718dbd0a0956726ab97d06bad5efc6cd18,6.017517,1772342371,599e88ae5098ba2548db7dfc2c52dfeecf61baef29fec4ab6d8ab3dcb2162694,109,109.00,7.29,1,12,8,0.024033,0.589880,Minotaur,minotaur(pow_w:0.50),1.01,416,0
83,4,0x63f4973c0df8a5358405f396dc0673a463c48de9,20.921077,1772342373,b66831ea32785ebf0772af27fa258e11b6555f60732000b46b636b5335875d2e,187,62.33,7.39,1,12,8,0.023989,0.589488,Minotaur,minotaur(pow_w:0.50),2.40,417,0
84,0,0xac768e60b9269babb15cb1e36ee843243d7c7543,19.738688,1772342376,5ee62a7f03f836d989793debdbe2241a7f9b4716b1ebb192befd6d64e001f476,182,91.00,5.80,1,10,6,0.024063,0.590249,Minotaur,minotaur(pow_w:0.50),2.02,418,0
84,1,0x1796dc61e715f15a2d27dfa32bd34780f12a8c24,11.734071,1772342377,9d0d87522de11c4d38254acce995c76b1e21e23d7cd2f3455059acd122f9141c,215,107.50,6.47,1,10,6,0.024128,0.590966,Minotaur,minotaur(pow_w:0.50),1.69,419,0
84,2,0xc774b0fee7cabbef3b1ae14bf36db3df0d32c1df,9.180737,1772342379,72b3a35f66d3e07e7ce23a303c7233ec18df7d5b59208c6980ebf15bda17429b,101,101.00,5.04,1,8,5,0.024128,0.591390,Minotaur,minotaur(pow_w:0.50),0.91,420,0
84,3,0xc577329e86aaecb006f17fb90499c54671119935,1.314162,1772342381,0228f6ffe649141a6a432d1c897e5bcc7f451491d871d43c996fea5666be084a,238,79.33,6.95,1,12,7,0.024109,0.591474,Minotaur,minotaur(pow_w:0.50),2.32,421,0
84,4,0x58a21eeb7ab18ba8adf1296e66a4487076e95dac,15.103344,1772342384,7a395beaa2554f702ec1dc9ead506796e1b1bd03b022657b22ebb1d8c8b05a47,134,67.00,6.53,1,11,6,0.024028,0.589949,Minotaur,minotaur(pow_w:0.50),2.16,422,0
85,0,0xd46407aa7b668c72de3cf1c1a12b7fa2e308a1b2,5.989859,1772342385,a5215bb511138edaf3d84ba4ac55d0e05b006f3068b7ca675b84de00e62db322,211,105.50,6.50,1,10,7,0.024028,0.589950,Minotaur,minotaur(pow_w:0.50),1.78,423,0
85,1,0xc24b36dee27726233c3bbd9e1f028f98b6b2a424,8.415709,1772342387,95eb8c7633b9966c705c326e24d9a34331d0085df0d6fc2f01772b7a5f48e514,104,104.00,7.12,1,12,7,0.024010,0.590083,Minotaur,minotaur(pow_w:0.50),0.97,424,0
85,2,0x58a21eeb7ab18ba8adf1296e66a4487076e95dac,16.105404,1772342389,bcfd7ef6eb94a9a3bbc90f035cb8111947c120be5567db1dcf6ebb790f4a18f2,195,97.50,5.80,1,10,6,0.023985,0.590050,Minotaur,minotaur(pow_w:0.50),1.33,425,0
85,3,0x016d3fc36beee7caa8fbd6c1caa42461dd7f9850,4.878089,1772342392,6c5bb8e81efd3df529a732817d459aa22e80992a9e66b9d8453899ed1f4208c5,216,72.00,6.40,1,11,7,0.024018,0.590640,Minotaur,minotaur(pow_w:0.50),2.12,426,0
85,4,0xa447d277b02012c2afd9ddcbbe123f27cc971963,15.828035,1772342393,b72b159c4e4f3dd47dd122ee60648295cb4af114a19f3c35f2f20d76fb7f33f6,134,67.00,7.01,1,11,7,0.023966,0.589967,Minotaur,minotaur(pow_w:0.50),1.68,427,0
86,0,0x8d9e46becf415ca26aa698c9657087e6554aabda,1.381956,1772342395,da2c13beec3974aaadd61da62065bd419fc637f78f0cd020e6397c1772d4f153,123,123.00,5.67,1,9,6,0.023997,0.590517,Minotaur,minotaur(pow_w:0.50),1.20,428,0
86,1,0x687bf2437a044a3e42ff2f8a79a8e54ba9601f70,9.072419,1772342397,4c6ba5364fb7475684123c3a9c89ad2188fe1c286c98e78a2586f396e39d0f32,189,94.50,5.21,1,8,5,0.023917,0.588994,Minotaur,minotaur(pow_w:0.50),1.34,429,0
86,2,0xac768e60b9269babb15cb1e36ee843243d7c7543,20.740578,1772342400,f1b7e330a0f1a41cd6a247689475bc2a373d7ec77ae8b80325e455f0cc7c6486,250,83.33,5.82,1,10,6,0.023897,0.589016,Minotaur,minotaur(pow_w:0.50),2.17,430,0
86,3,0x30509a8084fdfe6fe24d9c9a817c209ad194f8e3,9.663179,1772342401,6c170ccf3e71d807847abf1318116d0f95ee24b45592bc8b6c234ba7696819fb,153,76.50,6.46,1,10,7,0.023897,0.589017,Minotaur,minotaur(pow_w:0.50),1.84,431,0
86,4,0xdcf2130496e27a8094ab996aea4aa77788d65869,18.521617,1772342403,8fc14d9b218e0ac203560f5d5fb21a48cda1f336696ed26f0de47b609ce4741b,115,115.00,6.43,1,10,7,0.023881,0.589159,Minotaur,minotaur(pow_w:0.50),1.01,432,0
87,0,0x282f43759e22b50aa7989261c51c367f325c3f91,1.346017,1772342405,8117b6008b1ded20789682e4011e6fead9a9f53838ab82fa4f3264910da378bb,226,75.33,5.66,1,10,6,0.023931,0.589784,Minotaur,minotaur(pow_w:0.50),2.43,433,0
87,1,0x6d6b2734a20229ddd7fd4a1470ba3e3bad4e4a85,8.647274,1772342408,6b9c771c6761703ac38f91370206e69a7d8a38fccb2b4f1241b8ddcf741e1b1d,190,95.00,5.78,1,10,6,0.023853,0.588227,Minotaur,minotaur(pow_w:0.50),2.14,434,0
87,2,0x63f4973c0df8a5358405f396dc0673a463c48de9,21.922617,1772342409,26bb234af66ec3d7e33b2ede87f6fe023676f630d0fb4ebf23d93e395f353eec,219,109.50,5.92,1,10,6,0.023853,0.588228,Minotaur,minotaur(pow_w:0.50),1.74,435,0
87,3,0x34412315480562da4810040fd15c81f99880e1ab,6.898603,1772342411,9eb318db72446c940cc7c7a6a6a388d00e68df9e49d2fd21509af62cb1ed9b34,103,103.00,6.16,1,10,6,0.023928,0.588969,Minotaur,minotaur(pow_w:0.50),1.01,436,0
87,4,0xbc3f8508d26048f2064aa8c068f4c94d08d77d18,12.075499,1772342413,2268c8c59b81f4debccee7e35f3d037c2f23d8b08f4638ac60964a809ab18ce7,246,82.00,6.51,1,11,7,0.023890,0.588690,Minotaur,minotaur(pow_w:0.50),2.36,437,0
88,0,0x6064b9f5883bf9737dfe314ff68c56e09e68ac89,10.198189,1772342416,3d4524bb5de644f5b1a5566f3bcac97fd6c3335785744c940a3448d4d679e833,161,80.50,5.84,1,10,6,0.023892,0.589092,Minotaur,minotaur(pow_w:0.50),2.20,438,0
88,1,0xb2a7fe70a6f3137d38f6cb4c3ec6dd1e24f2d5f4,7.426178,1772342417,4b46bcc924dcc3070dbd71d282249b4f0769564f15e48b1f2ca97fcd5654ca5a,250,125.00,6.26,1,10,6,0.023879,0.589341,Minotaur,minotaur(pow_w:0.50),1.80,439,0
88,2,0x6064b9f5883bf9737dfe314ff68c56e09e68ac89,11.200659,1772342419,aa3f1889b8c0febe512816bedef61af0255aea0b69eaa0ebb5b0398820b48463,18,18.00,5.67,2,9,7,0.023846,0.589122,Minotaur,minotaur(pow_w:0.50),1.94,440,0
88,3,0x8d9e46becf415ca26aa698c9657087e6554aabda,2.383526,1772342421,097b6dcfb3c8b102395abf6a4c75a43a3e936130d6d68b5562840de907fb8c63,230,115.00,5.78,1,10,6,0.023840,0.589457,Minotaur,minotaur(pow_w:0.50),1.38,441,0
88,4,0x4414c05be2cf328f38d2e3ef4b705d6b894f044a,8.091939,1772342424,8bc6335dcefc915bd80a978ac0fa23049e89854baca84186becc91b5b749ebc5,217,72.33,5.23,1,8,6,0.023770,0.588329,Minotaur,minotaur(pow_w:0.50),2.07,442,0
89,0,0xf6e059718dbd0a0956726ab97d06bad5efc6cd18,7.018817,1772342425,3bf03138ddf3b96ad2adc409ca2fa02e3e0b9116caa3174a48b7c7807689af05,205,102.50,6.81,1,12,7,0.023742,0.588212,Minotaur,minotaur(pow_w:0.50),1.69,443,0
89,1,0x30509a8084fdfe6fe24d9c9a817c209ad194f8e3,10.664089,1772342427,400174747d7bf66895bf97ac059abfc2898b0bf102a45e023fbfe022d7f96eac,109,109.00,7.34,1,12,8,0.023706,0.587901,Minotaur,minotaur(pow_w:0.50),1.06,444,0
89,2,0xeb82a21cb3d0dd781eb22ad74bb7cd9b4d2a06ec,5.919455,1772342429,0b8467491548d863554bb1c41a34de4a8ba7c293ee554d47bba9311409a60f1e,205,68.33,6.09,1,11,6,0.023697,0.588173,Minotaur,minotaur(pow_w:0.50),2.31,445,0
89,3,0x075e1d95c7891e1c00414ca1aa9a7a8cf6270019,1.135125,1772342432,4de54240b78c54b8e084a05f04446cc691f6403005de8a0c2cba7d3f42640bad,108,54.00,7.02,2,12,7,0.023653,0.587710,Minotaur,minotaur(pow_w:0.50),2.33,446,0
89,4,0x4414c05be2cf328f38d2e3ef4b705d6b894f044a,9.093919,1772342433,0937dcfb99108793e7239ebeae8f93f336b5d1603a507847143675c7f4640b11,250,125.00,6.47,1,10,7,0.023653,0.587711,Minotaur,minotaur(pow_w:0.50),1.96,447,0
90,0,0xa3786e459f289a76c0e8af8ad834e3d0c6d47199,34.774343,1772342435,c3f4418ce3a152241211cb2d22526d81b09cbf322e0f65b30d4ab034f0bd80f0,22,22.00,6.23,2,11,7,0.023633,0.587686,Minotaur,minotaur(pow_w:0.50),2.00,448,0
90,1,0xac768e60b9269babb15cb1e36ee843243d7c7543,20.740218,1772342437,194d9ba6adab8508be9afbb600ce8c9ffb3785b8640aea653cb20ae4415921c4,228,76.00,5.72,1,9,6,0.023794,0.588448,Minotaur,minotaur(pow_w:0.50),2.37,449,0
90,2,0xdcf2130496e27a8094ab996aea4aa77788d65869,19.523477,1772342440,a080d6d2ed1dfc6a7f24563a76d71c6b01d739c3e2ae5301df11e5e2634d376d,176,88.00,5.39,1,10,6,0.023855,0.589131,Minotaur,minotaur(pow_w:0.50),2.01,450,0
90,3,0xd61b00c297972877b45f8d7f4d67fdaf20c67c59,2.332371,1772342441,303b85a2f2ac3866e709338ca804257d3596aee855c96358e27a6b8da8c2a16f,219,109.50,5.94,1,10,6,0.023855,0.589132,Minotaur,minotaur(pow_w:0.50),1.69,451,0
90,4,0x606627477c3734932f47972f83c27cf4e3b35b4f,14.387227,1772342443,1aa27154305e117e86a008a07a8b7bdc47a9a5a3dfc4651d433136f8bc636e22,97,97.00,6.41,1,11,7,0.023838,0.588606,Minotaur,minotaur(pow_w:0.50),1.01,452,0
91,0,0x8c11ec9090dd820c076e57e899d9c604c79d6b32,10.575079,1772342445,d0ff1b140a12dd9a22c53920bb8303dcca6a5d41646b15e26c93554225a46708,234,78.00,5.43,1,9,6,0.023853,0.589098,Minotaur,minotaur(pow_w:0.50),2.33,453,0
91,1,0x282f43759e22b50aa7989261c51c367f325c3f91,2.347457,1772342448,831992d4f2598d953cf05036fc799064dadcd0a2620e46a56593a79e8fba2aca,186,93.00,5.09,1,8,5,0.023841,0.589320,Minotaur,minotaur(pow_w:0.50),1.89,454,0
91,2,0xeb82a21cb3d0dd781eb22ad74bb7cd9b4d2a06ec,6.920305,1772342449,b91acd312f353592ffe99cb2add0ce7c3afc8caacf41161f778f2811c45c8c21,208,104.00,5.99,1,10,6,0.023841,0.589321,Minotaur,minotaur(pow_w:0.50),1.52,455,0
91,3,0xeaa5003682d7289190651081ae2bee847097afc5,9.769715,1772342451,9c04c1b0dca81026061d009cced9a784353f5c9e1364ca55821e3065d8ad6abc,97,97.00,7.73,1,12,8,0.023804,0.588966,Minotaur,minotaur(pow_w:0.50),1.01,456,0
91,4,0xac768e60b9269babb15cb1e36ee843243d7c7543,21.741818,1772342453,ee6d04d25732ef5d61c76881e236bcbcaac85e97a5aafc489bc674272ed6fde1,196,65.33,7.36,1,12,8,0.023787,0.589051,Minotaur,minotaur(pow_w:0.50),2.48,457,0
92,0,0x49b57eb4dace37c8819daf079c9c674f766d4f38,6.232530,1772342456,803a3556160b60dd947e8f3081d556919446d08c59c19b14ce5b3bb5c9757c93,170,85.00,5.76,1,10,6,0.023852,0.589724,Minotaur,minotaur(pow_w:0.50),2.14,458,0
92,1,0xbc3f8508d26048f2064aa8c068f4c94d08d77d18,13.076789,1772342457,4211325daab43268463cb5c063e3fcf594a78fbeca6a6aa3f382ff3d6b15c91c,211,105.50,7.28,1,13,7,0.023852,0.589725,Minotaur,minotaur(pow_w:0.50),1.85,459,0
92,2,0xa5a12d96532497871d73549e55ab377e3dcb3a40,6.113632,1772342459,de9a4ad3412958768e4b1d9e93504b2c0f53b6fff68c87efbb0dc197a4950d79,115,115.00,6.57,1,10,7,0.023857,0.590166,Minotaur,minotaur(pow_w:0.50),1.22,460,0
92,3,0x58a21eeb7ab18ba8adf1296e66a4487076e95dac,17.106864,1772342461,a84dfd3ba96d1def2f90128ea7c7f6b5dc85d01294495405741f352d3c894057,196,98.00,5.21,1,8,5,0.023814,0.589705,Minotaur,minotaur(pow_w:0.50),1.32,461,0
92,4,0x016d3fc36beee7caa8fbd6c1caa42461dd7f9850,5.878729,1772342464,bf45ae693dc4a81c7d5b6095f379d6f35204b2c8d0fbd567b987a28a3dedb7f2,220,73.33,6.47,1,11,7,0.023846,0.590263,Minotaur,minotaur(pow_w:0.50),2.18,462,0
93,0,0xcb7977f4997b4252c0152e135dd79b3cfe35c1a5,0.619893,1772342465,bb8fdd3a17ad49731bbfb4b1e9a0ecf5d0831c0e1574d0ef2b3d588893c6e08d,137,68.50,6.97,2,11,7,0.023846,0.590264,Minotaur,minotaur(pow_w:0.50),1.85,463,0
93,1,0xa5a12d96532497871d73549e55ab377e3dcb3a40,7.115532,1772342467,bd9f0b782f649af02e688a23fa0fa2a726580d54d614fc81afbecfc5ea574a5d,112,112.00,6.61,1,11,7,0.023766,0.588540,Minotaur,minotaur(pow_w:0.50),1.19,464,0
93,2,0x213068cb42718d1dd6d00a6d94d62a3def0e68eb,3.367959,1772342469,f3aa63df21c78eb992d04652a0786600cc536ef7e3df66a9443140a6f9a766ac,215,71.67,5.06,1,8,5,0.023730,0.588181,Minotaur,minotaur(pow_w:0.50),2.33,465,0
93,3,0xa3786e459f289a76c0e8af8ad834e3d0c6d47199,35.776303,1772342472,176ce17f248f027a71894a787b7760c937639b7b0b3799c4085888873eb56c50,204,102.00,5.10,1,9,5,0.023669,0.587293,Minotaur,minotaur(pow_w:0.50),1.90,466,0
93,4,0x71f297f96355f349d66f0e9b681e7d4e11224660,3.168510,1772342473,066e91e9363a53d2b452347567eccbe319faccdbed9d9b041ad9546f311ad529,198,99.00,6.04,1,9,6,0.023669,0.587294,Minotaur,minotaur(pow_w:0.50),1.57,467,0
94,0,0xc24b36dee27726233c3bbd9e1f028f98b6b2a424,9.416799,1772342475,f591eb339da277f01bba3c3009e51392ded59031c3e47e7d0e829bf5af2f17b2,100,100.00,6.30,1,11,6,0.023608,0.586342,Minotaur,minotaur(pow_w:0.50),0.99,468,0
94,1,0x34412315480562da4810040fd15c81f99880e1ab,7.900403,1772342477,d0b745a79fc88b7b7826466907630d856b7008dc80c3f38e10e79c65a493a4d9,242,80.67,6.31,1,11,7,0.023588,0.586329,Minotaur,minotaur(pow_w:0.50),2.38,469,0
94,2,0x4ba33404d90c4ae989714d9d174cd882cffb7994,5.116722,1772342480,ffe089a5e8bf0b0dea84c945cb15f2dfd68c4e1ae336e630a7fe5d4dfd5cc87f,143,71.50,6.06,1,12,6,0.023558,0.586143,Minotaur,minotaur(pow_w:0.50),2.24,470,0
94,3,0xd46407aa7b668c72de3cf1c1a12b7fa2e308a1b2,6.989939,1772342481,c47666a0622304ee80711b7f116c729db950b4f1c4d1b10b9871aeaaafd13f78,231,115.50,8.06,1,12,8,0.023558,0.586144,Minotaur,minotaur(pow_w:0.50),1.96,471,0
94,4,0x63f4973c0df8a5358405f396dc0673a463c48de9,22.922757,1772342483,88327d9d68c40e8d15673bcbf2ca4a71daba20be74b1836495744932269aff3e,35,35.00,5.51,1,10,6,0.023522,0.585737,Minotaur,minotaur(pow_w:0.50),2.00,472,0
95,0,0xeb82a21cb3d0dd781eb22ad74bb7cd9b4d2a06ec,7.920915,1772342485,78f7dd246da19decc82412eac64d8a9bf63e800f9530cb55a6069f35cfff8a11,210,105.00,6.02,1,10,6,0.023591,0.586439,Minotaur,minotaur(pow_w:0.50),1.41,473,0
95,1,0x30509a8084fdfe6fe24d9c9a817c209ad194f8e3,11.665689,1772342487,05c4c694158ffcdc47badf22c6078e7a39d9681d4bbfd58015ff27dd8dc30f30,203,67.67,7.26,1,12,8,0.023561,0.586222,Minotaur,minotaur(pow_w:0.50),2.30,474,0
95,2,0x4ba33404d90c4ae989714d9d174cd882cffb7994,5.116612,1772342490,84af8005ebaa321be61fc7f4887b7a68289fd278a1104b733042cfae28e5d74a,153,76.50,6.04,1,10,6,0.023556,0.586538,Minotaur,minotaur(pow_w:0.50),1.91,475,0
95,3,0xc24b36dee27726233c3bbd9e1f028f98b6b2a424,10.419099,1772342492,5bbbd6f7a12d03fdd8da7d69fb96219fc4eb13e9270ba0d7a2d67b6ac340f2e8,228,114.00,8.02,2,12,9,0.023508,0.585923,Minotaur,minotaur(pow_w:0.50),1.65,476,0
95,4,0x95ab54d268473cce82094026afefdbd5cadf418b,2.592438,1772342494,d18579dba5cf775d0e214fa326380ff8cf6cb10c17735db642b85691d675f7e8,207,103.50,6.11,1,11,6,0.023494,0.586087,Minotaur,minotaur(pow_w:0.50),1.53,477,0
96,0,0x81193196c1dbdbf80709d43a5af5ce21c201fbd7,2.832269,1772342496,d1a674d89fdfbded1091ad853d114de486f99a8b848c56350c89d3dafe29488d,222,74.00,5.57,1,9,6,0.023430,0.585012,Minotaur,minotaur(pow_w:0.50),2.10,478,0
96,1,0xc774b0fee7cabbef3b1ae14bf36db3df0d32c1df,10.181887,1772342498,965436bc9dfc6dc524cbfc990656d825f7a8af6f38f3fdc2e2a189daee1ae227,118,59.00,6.29,2,10,6,0.023430,0.585013,Minotaur,minotaur(pow_w:0.50),1.82,479,0
96,2,0xe478b1e4d1538274c0c70cbd7df877f9abab2f62,6.296456,1772342500,bb336162d0c3b608b86a71cf816bca39c2dfc61aae721419ef5e077a81e28f38,97,97.00,7.66,1,12,8,0.023415,0.585120,Minotaur,minotaur(pow_w:0.50),1.13,480,0
96,3,0xac768e60b9269babb15cb1e36ee843243d7c7543,22.742938,1772342502,20b1e9775d201b195d83cb47d6a1e4290dc3028109d8e2df9c3d3f9cd897058e,222,111.00,6.79,1,11,7,0.023375,0.584659,Minotaur,minotaur(pow_w:0.50),1.53,481,0
96,4,0x4a217e35f6402e7f62a49f6d62e27c6585c2f3fd,7.494437,1772342504,b1155241ce93301adead9391389bdeb967cadfc2b48c4b0ea7ffdae3d5d247fe,203,67.67,5.57,1,10,6,0.023440,0.585316,Minotaur,minotaur(pow_w:0.50),2.21,482,0
97,0,0x606627477c3734932f47972f83c27cf4e3b35b4f,15.388947,1772342506,44522f79553132fb553f67813d6121985c061024a43be6b54480722b22b7d5a4,108,54.00,6.86,2,13,7,0.023440,0.585317,Minotaur,minotaur(pow_w:0.50),2.10,483,0
97,1,0xa447d277b02012c2afd9ddcbbe123f27cc971963,16.828115,1772342508,63543c340403dce16e661137b04e25e49b2d3baf190090c5a177cbd5543127c5,137,137.00,5.61,2,9,6,0.023459,0.585794,Minotaur,minotaur(pow_w:0.50),1.34,484,0
97,2,0x213068cb42718d1dd6d00a6d94d62a3def0e68eb,4.369649,1772342510,029e1a7561fc4d9f7f2d22f2bcdaa500f0bac61b7f57fa98ed693864d85d844d,200,100.00,5.29,1,9,6,0.023486,0.586305,Minotaur,minotaur(pow_w:0.50),1.37,485,0
97,3,0x71f297f96355f349d66f0e9b681e7d4e11224660,4.169070,1772342512,e1337ea3382404d72a61bec06f162e954d5f80c3d953a517c353e35caf9db9a8,225,75.00,5.25,1,9,5,0.023433,0.585578,Minotaur,minotaur(pow_w:0.50),2.04,486,0
97,4,0xd39dbd3662315e3935ec08e6b6028e73b3c09de2,3.918930,1772342515,a205ec45536d78b05c3ae6d83f7190d88481a69c65efbe79b3305da663f0bfe3,126,63.00,6.35,1,11,6,0.023379,0.584794,Minotaur,minotaur(pow_w:0.50),1.63,487,0
98,0,0x606627477c3734932f47972f83c27cf4e3b35b4f,16.390207,1772342517,e7635187dcf6d1e196ad2877b16d55fb6f39c9777f3635af2058ae2d14677b7a,213,106.50,7.17,1,12,7,0.023324,0.583941,Minotaur,minotaur(pow_w:0.50),1.52,488,0
98,1,0xaadc5fea232580cb8fba739ac5d05a48559c7e52,10.361583,1772342519,abc4330a5c426d2c0a8ba78e910a9734b23aab28b510178d1ef469fadd799df3,202,101.00,5.32,1,9,6,0.023348,0.584416,Minotaur,minotaur(pow_w:0.50),1.41,489,0
98,2,0x016d3fc36beee7caa8fbd6c1caa42461dd7f9850,5.878199,1772342521,47bbf31523cef88f988eaca691fc949b7c506555d748ff003de414685dc05eb6,227,75.67,5.79,1,10,6,0.023333,0.584511,Minotaur,minotaur(pow_w:0.50),2.30,490,0
98,3,0x4414c05be2cf328f38d2e3ef4b705d6b894f044a,10.093199,1772342524,8942419367c797a1c8da5666dc6f8003fd2746493d410debc8595d6f910c9dc6,130,65.00,6.29,1,11,7,0.023291,0.583988,Minotaur,minotaur(pow_w:0.50),2.08,491,0
98,4,0x719361397abe003a91af76243e5f9c7a0cd4279f,19.564336,1772342525,a6c9b22b57e0b01e90875ac58060cf298e1e62d2e7dabb8acc95b8ba5fabc964,237,118.50,6.86,1,12,7,0.023291,0.583990,Minotaur,minotaur(pow_w:0.50),1.73,492,0
99,0,0x4414c05be2cf328f38d2e3ef4b705d6b894f044a,10.093179,1772342527,18c84afc2a3725e9c5a000ba022d73a63052a89afa1aee86bc5f2da416e31170,51,51.00,7.82,1,11,9,0.023334,0.584570,Minotaur,minotaur(pow_w:0.50),1.20,493,0
99,1,0x4a217e35f6402e7f62a49f6d62e27c6585c2f3fd,7.494207,1772342529,04d7c045c6ddbd93be4ac2540a1b85d0ab502593ee07886b91bf77a6212e007c,223,74.33,6.91,1,12,7,0.023317,0.584603,Minotaur,minotaur(pow_w:0.50),2.34,494,0
99,2,0xa068e3c9a21c8d8be636cd2d285895979ec3262e,9.972321,1772342532,a13a5cd34172e9586e341d0aef9b7e53b2925313449f8372df7973815932c4b2,156,78.00,7.88,2,13,8,0.023285,0.584261,Minotaur,minotaur(pow_w:0.50),2.24,495,0
99,3,0xe478b1e4d1538274c0c70cbd7df877f9abab2f62,7.298396,1772342533,90303843b713794295f91fb06458dc45d30d69c8dca5eeaa07546262ab8b4451,244,122.00,6.35,1,10,7,0.023268,0.584248,Minotaur,minotaur(pow_w:0.50),1.75,496,0
99,4,0xe478b1e4d1538274c0c70cbd7df877f9abab2f62,8.299486,1772342535,74371da00340d9f9b9b580781f9a7fc601752e4b29e6c9f13002988858337c54,110,110.00,6.53,1,11,7,0.023234,0.583836,Minotaur,minotaur(pow_w:0.50),0.95,497,0
