"epoch","slot","miner","proposer_stake","timestamp","block_hash","tx_count","throughput","avg_path_length","min_path_length","max_path_length","median_path_length","stake_concentration","gini_coefficient","consensus_type","consensus_state","avg_tx_delay_s","block_production_success","block_production_failed"
"0","2","0x282f43759e22b50aa7989261c51c367f325c3f91","0.353527","1773029698","67fb803eae0feec988906de26e81a8eb08b1d3ee73b1b837bde76727aa726934","1","4","1.00","1","1","1","0.024404","0.600012","TopoStake","pog(D=0_omega=1.00_beta=1.00)","0.00","0","0"
"0","3","0x37cc7a82e66d4f4c2ae13b9ee895d3af1a1d7a05","0.264975","1773029700","013881c10ae942146cce2fa68645430ae139e35a050b4888daa8f856514f0bfa","202","37.67","3.88","1","5","4","0.024091","0.596460","TopoStake","pog(D=0_omega=1.00_beta=1.00)","2.45","1","0"
"0","4","0xe6ebb0cdfd04183d498964e5efc4096ba77b17d6","4.294513","1773029703","dc0bbebe876cbc139898c9c57b026c1dcdd4a528bdbca9be1a4c05bb5ab76520","201","104.5","3.83","1","6","4","0.023769","0.592282","TopoStake","pog(D=0_omega=1.00_beta=1.00)","2.48","2","0"
"1","0","0x1796dc61e715f15a2d27dfa32bd34780f12a8c24","1.724593","1773029705","657336b8ff238adf6427f4a37f2584838090b29bb4b4eaaa1f42c7244290ef28","200","104","4.18","1","6","4","0.024214","0.596025","TopoStake","pog(D=1_omega=1.00_beta=1.00)","2.52","3","0"
"1","1","0x07902d0371763a00d97ed9ba16ff0a206cb0fd19","2.532607","1773029707","657336b8ff238adf6427f4a37f2584838090b29bb4b4eaaa1f42c7244290ef28","200","104","4.18","1","6","4","0.024214","0.596037","TopoStake","pog(D=1_omega=1.00_beta=1.00)","2.52","3","1"
"1","2","0x606627477c3734932f47972f83c27cf4e3b35b4f","3.377825","1773029709","a5a75ebaf6ec6a74bc1243e68417345a35fe73b52d20dddab7dbaeaacf4b14e0","250","66.5","2.78","1","4","3","0.024312","0.597938","TopoStake","pog(D=1_omega=1.00_beta=1.00)","4.25","4","1"
"1","3","0x34d94cc0534eb50dec7956bea31407428d6d5ef8","0.087690","1773029711","a5a75ebaf6ec6a74bc1243e68417345a35fe73b52d20dddab7dbaeaacf4b14e0","250","66.5","2.78","1","4","3","0.024312","0.597949","TopoStake","pog(D=1_omega=1.00_beta=1.00)","4.25","4","2"
"1","4","0x63f4973c0df8a5358405f396dc0673a463c48de9","3.901303","1773029713","1feee910d4422cd3c5d5e0b64efa826b4da2b0631385bb27ce281bdb2c94fb41","250","66.5","3.74","1","5","4","0.023958","0.592374","TopoStake","pog(D=1_omega=1.00_beta=1.00)","4.60","5","2"
"2","0","0xdcf2130496e27a8094ab996aea4aa77788d65869","4.505707","1773029715","1feee910d4422cd3c5d5e0b64efa826b4da2b0631385bb27ce281bdb2c94fb41","250","66.5","3.74","1","5","4","0.023958","0.592385","TopoStake","pog(D=2_omega=1.00_beta=1.00)","4.60","5","3"
"2","1","0x07902d0371763a00d97ed9ba16ff0a206cb0fd19","3.533269","1773029717","f4db44cf655443a0cacddc6255c1dd1358cc9d67c226c5cef5137fd984d375f9","250","66.5","4.02","1","5","4","0.024400","0.595954","TopoStake","pog(D=2_omega=1.00_beta=1.00)","4.42","6","3"
"2","2","0x3513d672439a59c26cc5711f2b715ccb4810a774","1.292735","1773029719","f4db44cf655443a0cacddc6255c1dd1358cc9d67c226c5cef5137fd984d375f9","250","66.5","4.02","1","5","4","0.024401","0.595965","TopoStake","pog(D=2_omega=1.00_beta=1.00)","4.42","6","4"
"2","3","0x13f9dadc05f6c237b03411e2aed1800cf21a5d89","0.277999","1773029721","f4db44cf655443a0cacddc6255c1dd1358cc9d67c226c5cef5137fd984d375f9","250","66.5","4.02","1","5","4","0.024401","0.595975","TopoStake","pog(D=2_omega=1.00_beta=1.00)","4.42","6","5"
"2","4","0xe6ebb0cdfd04183d498964e5efc4096ba77b17d6","5.294467","1773029723","2fb3f6fafb97da1565996dbfc46c3f32d6bb17052286547c901fe73a401859eb","250","45.67","3.66","1","7","4","0.024083","0.591726","TopoStake","pog(D=2_omega=1.00_beta=1.00)","5.49","7","5"
"3","0","0x282f43759e22b50aa7989261c51c367f325c3f91","1.353434","1773029725","a28a2de1f341e3165f7eb8d4e071a66022fe9a74dc0c99312b681584e119705b","145","76.5","4.30","1","7","4","0.024633","0.595382","TopoStake","pog(D=3_omega=1.00_beta=1.00)","3.28","8","5"
"3","1","0xea287b266dbe2c2d402fd91814bcfc4c95d6b0fd","0.163743","1773029727","67a72723393048b3b816152a6f9d5d86f87831514c621f5f7d0a1641c11b0d18","183","95.5","4.10","1","6","4","0.024496","0.595295","TopoStake","pog(D=3_omega=1.00_beta=1.00)","2.45","9","5"
"3","2","0x71f297f96355f349d66f0e9b681e7d4e11224660","0.171734","1773029729","804b04831c659d05f6dea941f9ed66b29d54dd4948d00e4082ff735f7bcdb13e","164","86","4.36","1","6","5","0.024162","0.590281","TopoStake","pog(D=3_omega=1.00_beta=1.00)","2.45","10","5"
"3","3","0x1796dc61e715f15a2d27dfa32bd34780f12a8c24","1.724633","1773029731","2ab06de961811486690855a512d37d8de61266a5d89506517d2fb91b0e01b5fb","160","84","4.14","1","6","4","0.023838","0.585232","TopoStake","pog(D=3_omega=1.00_beta=1.00)","2.46","11","5"
"3","4","0xa3786e459f289a76c0e8af8ad834e3d0c6d47199","4.727390","1773029733","2f35a10cc75d2139c15e2fad4d0e9b97bf1c45145c240e3f39104d6b00145115","174","91","3.16","1","5","3","0.023769","0.585784","TopoStake","pog(D=3_omega=1.00_beta=1.00)","2.13","12","5"
"4","0","0x30509a8084fdfe6fe24d9c9a817c209ad194f8e3","2.656909","1773029735","a30c72f551b40fb2515ef0036cdba692301e9b088807987fb910a1e94aebade4","135","71.5","4.77","1","7","5","0.024170","0.589057","TopoStake","pog(D=4_omega=1.00_beta=1.00)","2.26","13","5"
"4","1","0xc4dc29db975b952e04358340e56b68fa4ba63fbc","0.544396","1773029737","3066864dbfecf2e067b3d9e1d6d2f9af54476a2f3137f0e586eb59122fb30f0b","168","88","3.95","2","6","4","0.024234","0.590839","TopoStake","pog(D=4_omega=1.00_beta=1.00)","2.27","14","5"
"4","2","0x6d6b2734a20229ddd7fd4a1470ba3e3bad4e4a85","1.643549","1773029739","77c5b0e885fcde6728b603aaf7b3ccf61602f118da972b5afc41e36908bea20c","208","108","4.00","1","6","4","0.023972","0.587871","TopoStake","pog(D=4_omega=1.00_beta=1.00)","2.00","15","5"
"4","3","0x89100a8056319ba37491b32ba255004180607bc2","2.787574","1773029741","2635204ab51737de66e4678285830d78b15ecb2b57a383168b6fc2bb6fb52e7f","179","93.5","3.70","1","6","4","0.023879","0.588086","TopoStake","pog(D=4_omega=1.00_beta=1.00)","1.70","16","5"
"4","4","0xa7e4d4d949807065ebf85adc1be8c382c7236c15","0.218377","1773029743","c5a0eed7a0cd4b82466da327848369aef1a56292830f5f9d5e490fe8e82a0d66","157","82.5","3.92","1","6","4","0.023954","0.589866","TopoStake","pog(D=4_omega=1.00_beta=1.00)","1.66","17","5"
"5","0","0x4414c05be2cf328f38d2e3ef4b705d6b894f044a","2.089472","1773029745","af5d2571449e4aae0da4325042cd2184615c0dae2c56f1e32338b006f889b978","196","102","4.06","1","6","4","0.023653","0.585136","TopoStake","pog(D=3_omega=1.00_beta=1.00)","1.80","18","5"
"5","1","0x13f9dadc05f6c237b03411e2aed1800cf21a5d89","1.278933","1773029747","7ceb215652332cf2f9a0b256982f6fceec4758812965b34d90bb245bfc53706a","185","96.5","3.83","1","5","4","0.023623","0.585875","TopoStake","pog(D=3_omega=1.00_beta=1.00)","1.66","19","5"
"5","2","0x50f7fa851f9314d682e36da5caa4635039b5305d","0.106134","1773029749","238fabaf5ff9a2020631df544b1ebc7b24b6197de83b04c2afeb7195695fa2f7","198","103","3.15","1","5","3","0.023478","0.585287","TopoStake","pog(D=3_omega=1.00_beta=1.00)","1.65","20","5"
"5","3","0x1796dc61e715f15a2d27dfa32bd34780f12a8c24","2.725621","1773029751","e6341aa8bf14becb14bb4915ea5c3277e89fadbda52e87482f7ca10d1897d7bf","155","81.5","3.40","1","5","3","0.023175","0.579856","TopoStake","pog(D=3_omega=1.00_beta=1.00)","1.50","21","5"
"5","4","0x30509a8084fdfe6fe24d9c9a817c209ad194f8e3","3.657783","1773029753","0aae373434b1bd60574c62d579c3cccf801699c162601476949669c9161f34f0","135","71.5","3.32","1","5","3","0.023230","0.581326","TopoStake","pog(D=3_omega=1.00_beta=1.00)","1.50","22","5"
"6","0","0x07902d0371763a00d97ed9ba16ff0a206cb0fd19","3.533899","1773029755","7ba6dcdfb6ed46caca90b9d0c942b9160328eb54584189545aaa7b1e32ec5f7e","195","101.5","3.45","1","5","4","0.023404","0.584017","TopoStake","pog(D=3_omega=1.00_beta=1.00)","1.52","23","5"
"6","1","0x1796dc61e715f15a2d27dfa32bd34780f12a8c24","3.726186","1773029757","7ba6dcdfb6ed46caca90b9d0c942b9160328eb54584189545aaa7b1e32ec5f7e","195","101.5","3.45","1","5","4","0.023405","0.584026","TopoStake","pog(D=3_omega=1.00_beta=1.00)","1.52","23","6"
"6","2","0x81193196c1dbdbf80709d43a5af5ce21c201fbd7","0.839056","1773029759","e64a8607ee74e8d51d4d9f05c83163b9be8d5695a999f535d7803f501d32f3f8","250","66.5","3.30","1","5","3","0.023579","0.586577","TopoStake","pog(D=3_omega=1.00_beta=1.00)","3.02","24","6"
"6","3","0x1796dc61e715f15a2d27dfa32bd34780f12a8c24","4.727366","1773029761","d800decb736bebc7b7907db51a8f649e6f5f70c856dc63716791a2439a22f76e","175","91.5","4.15","1","6","4","0.023375","0.584648","TopoStake","pog(D=3_omega=1.00_beta=1.00)","1.59","25","6"
"6","4","0x1cb1274c711a6c2e4e1596846e6ac604eeefb358","0.408087","1773029763","4e3e6b59ad83d5a115abe92bdf23c875ced1321cfc5667c70227495899c0df7a","165","86.5","3.39","1","5","3","0.023664","0.587433","TopoStake","pog(D=3_omega=1.00_beta=1.00)","1.44","26","6"
"7","0","0xc339f8bf978200eb65afce6c7121402eda949097","0.079094","1773029765","50d6af0968175b2db3e7827961e2098c610018258945374d0e5b125d9b123d96","163","85.5","4.21","1","7","4","0.023665","0.587439","TopoStake","pog(D=3_omega=1.00_beta=1.00)","1.47","27","6"
"7","1","0xd1cd4b808ce6b2841ad42746b64c5a047e857ef0","0.240167","1773029767","2deac424bb3f7fdbbd5406615557caddc42e7f943c205a118efcb9722ac67705","164","58.67","5.13","1","7","5","0.023365","0.581868","TopoStake","pog(D=3_omega=1.00_beta=1.00)","2.59","28","6"
"7","2","0x07902d0371763a00d97ed9ba16ff0a206cb0fd19","3.534042","1773029769","7ce9775dd33a068d79e9a3e127e2c0d162f3dff877cb48aaf79452f10b277438","176","92","4.03","1","6","4","0.023092","0.577204","TopoStake","pog(D=3_omega=1.00_beta=1.00)","2.57","29","6"
"7","3","0x30405867b72597aaeb27803bb2c7f3f5fc7d5384","0.518659","1773029772","69af0187b9b447f8824b5d5cfd85ede13e1a356450551c2089239a467f006cae","170","89","2.73","1","4","3","0.023221","0.579430","TopoStake","pog(D=3_omega=1.00_beta=1.00)","2.51","30","6"
"7","4","0xb2a7fe70a6f3137d38f6cb4c3ec6dd1e24f2d5f4","1.422649","1773029774","361644611ef090e7080d03085aeaf1cb136ad37f6fa09fdd05d634ff4cd858c7","155","81.5","3.46","1","5","4","0.022986","0.576101","TopoStake","pog(D=3_omega=1.00_beta=1.00)","2.41","31","6"
"8","0","0x13f9dadc05f6c237b03411e2aed1800cf21a5d89","2.280324","1773029776","a877a1f1eb7e2f3a65f4e99a3fadf4e38c591a3c77193953b2c8efdc73ef033a","176","92","4.17","1","6","4","0.022860","0.575646","TopoStake","pog(D=3_omega=1.00_beta=1.00)","2.45","32","6"
"8","1","0xf6e059718dbd0a0956726ab97d06bad5efc6cd18","1.016350","1773029778","779ad54e63938bf594e714949a9d2ab406f821d4d0f39614b1b86bc52500a87f","166","87","3.11","1","5","3","0.022835","0.576381","TopoStake","pog(D=3_omega=1.00_beta=1.00)","2.49","33","6"
"8","2","0x07902d0371763a00d97ed9ba16ff0a206cb0fd19","4.535022","1773029780","d02305280a3a73fb4c8d66b9057c03b9b643d7f069a17473ace1693e9cf9a0f6","158","83","3.64","1","5","4","0.022664","0.574853","TopoStake","pog(D=3_omega=1.00_beta=1.00)","2.45","34","6"
"8","3","0xc774b0fee7cabbef3b1ae14bf36db3df0d32c1df","1.173905","1773029782","4d9540445c94ced912ddda10c824e48c10d5d6cd41ebfefdd5f68a6bb8da0fa4","164","86","2.70","2","5","3","0.022889","0.577352","TopoStake","pog(D=3_omega=1.00_beta=1.00)","2.37","35","6"
"8","4","0x28672c71695142588ed26ada6f4b18b8b6c12308","0.692238","1773029784","ac506aa91c7635a1c29b76c7acd3c4680ccbddce56c1c027f1c06eb739af20e9","164","86","4.26","1","7","4","0.022735","0.576164","TopoStake","pog(D=3_omega=1.00_beta=1.00)","2.35","36","6"
"9","0","0x07902d0371763a00d97ed9ba16ff0a206cb0fd19","5.535965","1773029786","bf85a25d07650d2084a00804e5d63a49387e5520b7cb5098be7fae24bd702584","220","114","3.50","1","6","4","0.022531","0.573380","TopoStake","pog(D=3_omega=1.00_beta=1.00)","2.34","37","6"
"9","1","0x07902d0371763a00d97ed9ba16ff0a206cb0fd19","5.535965","1773029788","bf85a25d07650d2084a00804e5d63a49387e5520b7cb5098be7fae24bd702584","220","114","3.50","1","6","4","0.022531","0.573390","TopoStake","pog(D=3_omega=1.00_beta=1.00)","2.34","37","7"
"9","2","0x07902d0371763a00d97ed9ba16ff0a206cb0fd19","5.535965","1773029790","bf85a25d07650d2084a00804e5d63a49387e5520b7cb5098be7fae24bd702584","220","114","3.50","1","6","4","0.022532","0.573399","TopoStake","pog(D=3_omega=1.00_beta=1.00)","2.34","37","8"
"9","3","0x13f9dadc05f6c237b03411e2aed1800cf21a5d89","3.281287","1773029792","bf85a25d07650d2084a00804e5d63a49387e5520b7cb5098be7fae24bd702584","220","114","3.50","1","6","4","0.022532","0.573406","TopoStake","pog(D=3_omega=1.00_beta=1.00)","2.34","37","9"
"9","4","0x311eb133eb413ac3f21249889bb101e5d40820ce","0.134770","1773029794","dcdd93b0a9315576197d4c7dfa93d4e20c3cb21c01bca888b0c5d9deeca0264e","250","35.25","3.22","1","6","3","0.022608","0.575181","TopoStake","pog(D=3_omega=1.00_beta=1.00)","7.77","38","9"
"10","0","0x5cd626f4b83428b146919d30f4b3e481d259a9dc","0.075250","1773029796","30e9d05d160fe5cfb808050f651786da3ffdace5f3fd1a7b540f485a2b69d22d","250","129","3.50","1","5","3","0.022348","0.570040","TopoStake","pog(D=3_omega=1.00_beta=1.00)","4.13","39","9"
"10","1","0xe6ebb0cdfd04183d498964e5efc4096ba77b17d6","6.294417","1773029798","94e62c4dd2c75116e80b62dc5c45e108893006db0260fc50575d4c641eff2428","208","108","4.00","1","6","4","0.022087","0.564507","TopoStake","pog(D=3_omega=1.00_beta=1.00)","1.91","40","9"
"10","2","0x07902d0371763a00d97ed9ba16ff0a206cb0fd19","5.536156","1773029800","8d6b6754df45d49711afb5de6705df88f80aa58a6cb0b326913cf44b48fa9e81","186","97","4.31","3","6","4","0.022466","0.567554","TopoStake","pog(D=3_omega=1.00_beta=1.00)","1.70","41","9"
"10","3","0x1cb1274c711a6c2e4e1596846e6ac604eeefb358","0.407962","1773029802","d4db9cc2177239f5f6eb27c4eb17d86f0d2fb75fb2e8293fcc54da90159ade03","186","97","2.81","1","4","3","0.022757","0.570361","TopoStake","pog(D=3_omega=1.00_beta=1.00)","1.58","42","9"
"10","4","0x13f9dadc05f6c237b03411e2aed1800cf21a5d89","4.282651","1773029804","bbca89be27b522c0105cdb0392235cde1362ae2bf9b5bcaf9d5d785b9448d815","141","74.5","3.50","1","5","4","0.022527","0.566398","TopoStake","pog(D=3_omega=1.00_beta=1.00)","1.45","43","9"
"11","0","0x2abf89d7c96c80fcff9dec1fe92803573094ee35","0.228642","1773029806","228278321d2c24c79dd3dd3f652474a0fad1af68e048efb7ceab9634e9af0d2e","163","85.5","3.29","1","5","3","0.022682","0.568615","TopoStake","pog(D=3_omega=1.00_beta=1.00)","1.52","44","9"
"11","1","0xea287b266dbe2c2d402fd91814bcfc4c95d6b0fd","1.163916","1773029808","655efbfb69af8d030f5b035624dfc3c93bf0f17a2e5d492c9e3903275b7c8e6d","170","89","3.72","1","5","4","0.022438","0.563800","TopoStake","pog(D=3_omega=1.00_beta=1.00)","1.55","45","9"
"11","2","0xc577329e86aaecb006f17fb90499c54671119935","0.320501","1773029810","e9b326d24c43933b7c8c29ade2b2d491966e9c371c53c00267d12114b9eedab6","173","90.5","4.22","1","6","4","0.022288","0.562515","TopoStake","pog(D=3_omega=1.00_beta=1.00)","1.50","46","9"
"11","3","0x28672c71695142588ed26ada6f4b18b8b6c12308","1.693125","1773029812","b0c82bd84533e0916f1655460817bbd11e9020c88fb0ad27be747a32c76520c2","173","61.67","4.03","1","6","4","0.022061","0.558071","TopoStake","pog(D=3_omega=1.00_beta=1.00)","2.55","47","9"
"11","4","0x4414c05be2cf328f38d2e3ef4b705d6b894f044a","3.090256","1773029814","6747d78ab7cdbb83e803834e406a700d391624ceda448564d7582260730dfea1","168","88","3.73","1","5","4","0.021965","0.557858","TopoStake","pog(D=3_omega=1.00_beta=1.00)","2.51","48","9"
"12","0","0x1796dc61e715f15a2d27dfa32bd34780f12a8c24","5.728238","1773029817","a0c2f3fe4bcd8352c49fb2f274e83060a4e068ace5b9bf230d1b32909f8dcc63","178","93","3.90","1","5","4","0.021998","0.559302","TopoStake","pog(D=3_omega=1.00_beta=1.00)","2.46","49","9"
"12","1","0x07902d0371763a00d97ed9ba16ff0a206cb0fd19","6.537479","1773029819","a0c2f3fe4bcd8352c49fb2f274e83060a4e068ace5b9bf230d1b32909f8dcc63","178","93","3.90","1","5","4","0.021998","0.559309","TopoStake","pog(D=3_omega=1.00_beta=1.00)","2.46","49","10"
"12","2","0x30405867b72597aaeb27803bb2c7f3f5fc7d5384","1.519094","1773029821","7bab8ece008bf8f06eec440262272eb79b6a90d54e787a0c41d8575f95a0e10b","250","66.5","2.77","1","4","3","0.022339","0.562107","TopoStake","pog(D=3_omega=1.00_beta=1.00)","4.05","50","10"
"12","3","0xc774b0fee7cabbef3b1ae14bf36db3df0d32c1df","2.174305","1773029823","89963f8ff8f43314a4dacf6fd90df530b08d2ccb27502f2722ead4ff188ae2cc","117","62.5","3.45","1","5","4","0.022221","0.561442","TopoStake","pog(D=3_omega=1.00_beta=1.00)","2.33","51","10"
"12","4","0x63f4973c0df8a5358405f396dc0673a463c48de9","3.901030","1773029825","aec16b1633149b3f98ef5f134b9a2d0121f7bb52bf809277b48be996dbbb9feb","176","92","4.03","1","5","4","0.022163","0.561798","TopoStake","pog(D=3_omega=1.00_beta=1.00)","2.41","52","10"
"13","0","0x37cc7a82e66d4f4c2ae13b9ee895d3af1a1d7a05","1.264656","1773029827","5c06311324ecb1301a99b15a502c46cd53643af2d2331a58f57aeed57f8dcae5","156","82","3.56","1","5","4","0.022254","0.563686","TopoStake","pog(D=3_omega=1.00_beta=1.00)","2.38","53","10"
"13","1","0x07902d0371763a00d97ed9ba16ff0a206cb0fd19","7.538983","1773029829","5c06311324ecb1301a99b15a502c46cd53643af2d2331a58f57aeed57f8dcae5","156","82","3.56","1","5","4","0.022254","0.563694","TopoStake","pog(D=3_omega=1.00_beta=1.00)","2.38","53","11"
"13","2","0x282f43759e22b50aa7989261c51c367f325c3f91","2.354064","1773029831","5c06311324ecb1301a99b15a502c46cd53643af2d2331a58f57aeed57f8dcae5","156","82","3.56","1","5","4","0.022254","0.563701","TopoStake","pog(D=3_omega=1.00_beta=1.00)","2.38","53","12"
"13","3","0x1cb1274c711a6c2e4e1596846e6ac604eeefb358","1.408514","1773029833","2e10ccb543bfe1ac6741cbc14fbe245d3984432f2f80b9f8298aa25651910346","250","45.67","4.03","1","6","4","0.022209","0.564157","TopoStake","pog(D=3_omega=1.00_beta=1.00)","6.00","54","12"
"13","4","0x26d553a2f4343b3a7dc88bbd87b3d0a25d3838d9","3.219266","1773029835","e3d167080e0efc4aa79e28b2bc6f57e2f11ba21583b0de8da24bb5e6eaf70cb8","166","87","3.75","2","6","4","0.022082","0.563119","TopoStake","pog(D=3_omega=1.00_beta=1.00)","2.81","55","12"
"14","0","0x28672c71695142588ed26ada6f4b18b8b6c12308","2.693836","1773029837","e9709d19237a8d27419d7a1dc4866670009dbc885027df0e9626f5df871bd1e6","175","91.5","3.75","1","6","4","0.022108","0.564404","TopoStake","pog(D=3_omega=1.00_beta=1.00)","1.97","56","12"
"14","1","0x34d94cc0534eb50dec7956bea31407428d6d5ef8","1.087023","1773029839","d1d3a7a8d15574432e5237db67a9f7289f6309898b0f30133ab3314083efafff","146","77","3.95","1","6","4","0.022088","0.565050","TopoStake","pog(D=3_omega=1.00_beta=1.00)","1.88","57","12"
"14","2","0x30509a8084fdfe6fe24d9c9a817c209ad194f8e3","4.659089","1773029841","e43c841da570ad464849092b786d42f6658f2b8a2a33f80ce4e548c687cf3466","186","97","4.12","1","6","4","0.021937","0.563288","TopoStake","pog(D=3_omega=1.00_beta=1.00)","1.74","58","12"
"14","3","0x687bf2437a044a3e42ff2f8a79a8e54ba9601f70","1.066535","1773029843","e6cfe5ac7d09b00add88e431db9ac447d1902159a1ab6ea09935725fdc41a582","177","92.5","3.52","1","5","4","0.022074","0.565274","TopoStake","pog(D=3_omega=1.00_beta=1.00)","1.53","59","12"
"14","4","0x282f43759e22b50aa7989261c51c367f325c3f91","3.355215","1773029845","b0277e9a8c2006738ed410c656189bdec6c69cebe22aff79288db85173cbda32","165","86.5","3.83","2","5","4","0.021921","0.563354","TopoStake","pog(D=3_omega=1.00_beta=1.00)","1.58","60","12"
"15","0","0x016d3fc36beee7caa8fbd6c1caa42461dd7f9850","0.881050","1773029847","c8e766085ad38c4562a0d69efa7d92ec5b4160f17f53623f1331dc71df01768b","166","87","3.88","1","6","4","0.021949","0.564566","TopoStake","pog(D=3_omega=1.00_beta=1.00)","1.42","61","12"
"15","1","0x606627477c3734932f47972f83c27cf4e3b35b4f","3.377780","1773029849","5e297a9ea5d7829f2e3f545c1b89a557080581ee269a82274fa5da359305f551","122","65","3.16","2","4","3","0.021784","0.562059","TopoStake","pog(D=3_omega=1.00_beta=1.00)","1.49","62","12"
"15","2","0x6064b9f5883bf9737dfe314ff68c56e09e68ac89","2.191906","1773029851","5e297a9ea5d7829f2e3f545c1b89a557080581ee269a82274fa5da359305f551","122","65","3.16","2","4","3","0.021784","0.562065","TopoStake","pog(D=3_omega=1.00_beta=1.00)","1.49","62","13"
"15","3","0x60705151f1f537cacd5b801f3ef1b31dc3f605de","0.304989","1773029854","6b04d79415bee1a52db644f96a81dfa291fdaebac9db1c58627babe29ea15066","250","54","3.90","1","6","4","0.021785","0.562071","TopoStake","pog(D=3_omega=1.00_beta=1.00)","3.76","63","13"
"15","4","0x282f43759e22b50aa7989261c51c367f325c3f91","4.355948","1773029855","b187b955299d56ea9582c201e4e27fe8b134764b74620cd023053346c19c310c","133","70.5","4.45","2","7","5","0.021517","0.557834","TopoStake","pog(D=3_omega=1.00_beta=1.00)","2.66","64","13"
"16","0","0x13f9dadc05f6c237b03411e2aed1800cf21a5d89","5.284363","1773029857","acc0e1863d6c8593160d041fa18a50b8706abfd73e1d5a6d95ca3c269a6424bc","64","68","3.78","1","6","4","0.021617","0.559565","TopoStake","pog(D=3_omega=1.00_beta=1.00)","1.94","65","13"
"16","1","0xd1cd4b808ce6b2841ad42746b64c5a047e857ef0","1.240449","1773029859","d00260d1ee5782d5712a7f99d79da31e71765cda8e49be9054aabd78a93aa95b","154","81","3.24","1","5","3","0.021781","0.561750","TopoStake","pog(D=3_omega=1.00_beta=1.00)","2.44","66","13"
"16","2","0xb990cdf21950e6086c350175c4bc504e45858230","0.121535","1773029861","8d0d0b6abac1575c93bb57e0ece85ebd0d7a476d1292f09f43e3cff6fe5071c7","171","89.5","4.15","2","6","4","0.021645","0.560139","TopoStake","pog(D=3_omega=1.00_beta=1.00)","2.44","67","13"
"16","3","0x282f43759e22b50aa7989261c51c367f325c3f91","5.356197","1773029863","4c3be0f3ade0abc05b4caaeff72f8906d284e8ce63f209f8828a315a74dde35c","166","87","4.22","1","7","4","0.021432","0.555267","TopoStake","pog(D=3_omega=1.00_beta=1.00)","2.47","68","13"
"16","4","0x28672c71695142588ed26ada6f4b18b8b6c12308","3.694615","1773029865","8a65b3859f8c24804c4de28b9315ba72810cddc6b4fe945f87f7a4fa8982f462","164","86","3.87","1","6","4","0.021593","0.557370","TopoStake","pog(D=3_omega=1.00_beta=1.00)","2.27","69","13"
"17","0","0x63f4973c0df8a5358405f396dc0673a463c48de9","4.901663","1773029867","63e51bf4523ff4610925f09060bd468f73592bda18eb609a640daab7d57c25c6","139","73.5","4.17","1","7","4","0.021632","0.558700","TopoStake","pog(D=3_omega=1.00_beta=1.00)","2.36","70","13"
"17","1","0xeb82a21cb3d0dd781eb22ad74bb7cd9b4d2a06ec","2.923870","1773029869","5d79a283b13b0d165cfb31195946a15fdc959c26b95e8404836d3dc050e6ffb9","162","85","4.41","1","7","4","0.021752","0.560419","TopoStake","pog(D=3_omega=1.00_beta=1.00)","2.29","71","13"
"17","2","0x4414c05be2cf328f38d2e3ef4b705d6b894f044a","4.091009","1773029871","cfba0a13c11f281ba465ad9b97fbf32d1aa45ca4881466b8b4e924f4d220ab19","221","114.5","4.00","1","7","4","0.021733","0.561018","TopoStake","pog(D=3_omega=1.00_beta=1.00)","1.95","72","13"
"17","3","0x016d3fc36beee7caa8fbd6c1caa42461dd7f9850","1.881837","1773029873","8f4463455e9195f6acc56f8a8fa27e0ce84787297276a6cfe16f8403d9646a17","150","79","3.95","1","5","4","0.021792","0.562386","TopoStake","pog(D=3_omega=1.00_beta=1.00)","1.79","73","13"
"17","4","0xbc3f8508d26048f2064aa8c068f4c94d08d77d18","3.067864","1773029875","14c4e8ed641bf5d57e8a024b152845ec45d2944765c9ec03f047100b17f8273e","172","90","3.29","1","4","3","0.021700","0.561892","TopoStake","pog(D=3_omega=1.00_beta=1.00)","1.69","74","13"
"18","0","0x0d91704595bff3aec25d40822498a51c62b05e3a","0.572078","1773029877","6983bb86943692bf1cf6e1bec61287e12e63ab03678db85ef0de00b18e1af971","176","92","4.59","1","6","5","0.021687","0.562490","TopoStake","pog(D=4_omega=1.00_beta=1.00)","1.51","75","13"
"18","1","0xa068e3c9a21c8d8be636cd2d285895979ec3262e","0.967690","1773029879","48548d8f89ade245bd132e40c60ba318d32de20ea83807ec1b480f9747921201","196","102","3.39","1","5","3","0.021510","0.559128","TopoStake","pog(D=4_omega=1.00_beta=1.00)","1.61","76","13"
"18","2","0x07902d0371763a00d97ed9ba16ff0a206cb0fd19","7.539998","1773029881","94a9d1d5cdd65468da228cd6fa42362bd869b9eadcabbb44d3b4ec66793e6712","171","89.5","4.29","1","6","4","0.021361","0.556754","TopoStake","pog(D=4_omega=1.00_beta=1.00)","1.53","77","13"
"18","3","0xc4dc29db975b952e04358340e56b68fa4ba63fbc","1.544307","1773029883","02b983e8c7ee4f94569df598759ad957d733f74c580ef2ed82b4fe2c32014750","155","55.67","2.77","1","4","3","0.021634","0.559208","TopoStake","pog(D=4_omega=1.00_beta=1.00)","2.44","78","13"
"18","4","0x07902d0371763a00d97ed9ba16ff0a206cb0fd19","8.540713","1773029886","ff47713215ddca88206b7d3b49f55bab2ce5ee20ff22df389947bb73cf6f0770","176","92","3.72","1","5","4","0.021521","0.558032","TopoStake","pog(D=4_omega=1.00_beta=1.00)","2.47","79","13"
"19","0","0x50f7fa851f9314d682e36da5caa4635039b5305d","1.106192","1773029887","2365cea91ce1e7d50100fda4c19a4f2c57ed07ce11e0e0387ab7668600e05134","158","83","2.77","1","4","3","0.021846","0.560452","TopoStake","pog(D=3_omega=1.00_beta=1.00)","2.44","80","13"
"19","1","0xc24b36dee27726233c3bbd9e1f028f98b6b2a424","2.412802","1773029889","11f868395339549cc1a2cacbb38b41db408b6317854f3ab87045b7cd3b6116ef","76","80","3.34","1","4","3","0.021703","0.558329","TopoStake","pog(D=3_omega=1.00_beta=1.00)","1.99","81","13"
"19","2","0xe6ebb0cdfd04183d498964e5efc4096ba77b17d6","7.295013","1773029891","68de34901ea0bbd30ddcdd4dcec5c3ea34aed70478d05fdf85162667fbebf12a","160","84","4.21","1","6","4","0.021642","0.558347","TopoStake","pog(D=3_omega=1.00_beta=1.00)","2.50","82","13"
"19","3","0xeb82a21cb3d0dd781eb22ad74bb7cd9b4d2a06ec","3.924849","1773029893","68de34901ea0bbd30ddcdd4dcec5c3ea34aed70478d05fdf85162667fbebf12a","160","84","4.21","1","6","4","0.021642","0.558353","TopoStake","pog(D=3_omega=1.00_beta=1.00)","2.50","82","14"
"19","4","0x13f9dadc05f6c237b03411e2aed1800cf21a5d89","6.285821","1773029895","3eeec76d4b3253783ac1e7325d609d8887e5989fc7a6d239e039e1ad17276ea3","250","66.5","4.05","1","6","4","0.021673","0.559480","TopoStake","pog(D=3_omega=1.00_beta=1.00)","3.90","83","14"
"20","0","0xf5ecb44daf07a1d1073dbc89baf04bd7541fa517","0.067134","1773029897","67ccb85a608785a4ec0957716771e823b6b5a8a77f8a17cb3e3036fb8bc8012e","179","93.5","3.27","1","5","3","0.021842","0.561614","TopoStake","pog(D=3_omega=1.00_beta=1.00)","2.66","84","14"
"20","1","0x1796dc61e715f15a2d27dfa32bd34780f12a8c24","5.728474","1773029899","e29a16904f0ebf7830f54f4e3bed81d1c2af9edad66fa418fb377524a630434b","174","91","4.26","1","6","4","0.021639","0.556823","TopoStake","pog(D=3_omega=1.00_beta=1.00)","2.21","85","14"
"20","2","0xa9105f442328d397529b8e4e9e656fa89016ff45","0.469579","1773029901","54ca2723f506de82679ac31ebd81bdb21d48e07bc39b61e41c301e4760f947a6","186","97","3.36","1","5","3","0.021770","0.558762","TopoStake","pog(D=3_omega=1.00_beta=1.00)","1.98","86","14"
"20","3","0xb2a7fe70a6f3137d38f6cb4c3ec6dd1e24f2d5f4","2.422758","1773029903","54ca2723f506de82679ac31ebd81bdb21d48e07bc39b61e41c301e4760f947a6","186","97","3.36","1","5","3","0.021770","0.558768","TopoStake","pog(D=3_omega=1.00_beta=1.00)","1.98","86","15"
"20","4","0xf6e059718dbd0a0956726ab97d06bad5efc6cd18","2.016433","1773029905","b359f53ff7ad61c6716776afe6148e0aa25ed78d26b802ca2bd5f7875fb440a6","250","66.5","4.40","1","6","4","0.021706","0.558684","TopoStake","pog(D=3_omega=1.00_beta=1.00)","3.07","87","15"
"21","0","0x13f9dadc05f6c237b03411e2aed1800cf21a5d89","7.287007","1773029907","db81fb51bbcbcbe1b05ef40f66caeb2a523cd8a6685186e02b35af053bdfa721","176","92","4.56","1","6","5","0.021618","0.558128","TopoStake","pog(D=4_omega=1.00_beta=1.00)","2.02","88","15"
"21","1","0xf5ecb44daf07a1d1073dbc89baf04bd7541fa517","1.067731","1773029909","f769c9c2d890bc36bbc6e27d4bf37621b14293ed9ccca633a9049f4f44f5b416","153","80.5","3.29","1","5","4","0.021830","0.560324","TopoStake","pog(D=4_omega=1.00_beta=1.00)","1.65","89","15"
"21","2","0x60705151f1f537cacd5b801f3ef1b31dc3f605de","1.305213","1773029911","18995a4ef208537b1dc3b81c4375cfa0e4f80c33f78cacde2e4eb955cbf49f13","141","51","4.48","1","7","4","0.021688","0.558096","TopoStake","pog(D=4_omega=1.00_beta=1.00)","2.50","90","15"
"21","3","0x016d3fc36beee7caa8fbd6c1caa42461dd7f9850","2.883013","1773029914","adae809e3307b840869c28e9beac0a3cd51d9a7ec18e3de48698983fb34aaf04","152","80","4.39","1","7","5","0.021560","0.556304","TopoStake","pog(D=4_omega=1.00_beta=1.00)","2.51","91","15"
"21","4","0x1cb1274c711a6c2e4e1596846e6ac604eeefb358","2.409443","1773029915","febc1e1612e10ab04564d756ba5518715f68c0e50e48ad5a8d52b62dbd8dfd69","181","94.5","3.23","1","6","3","0.021521","0.556517","TopoStake","pog(D=4_omega=1.00_beta=1.00)","2.61","92","15"
"22","0","0xa3786e459f289a76c0e8af8ad834e3d0c6d47199","5.727320","1773029917","38ba10a3c7a07067f9de534f101f654942419a8c3fce190cd85e1d4e0e8c732c","81","85","3.80","1","6","4","0.021455","0.556217","TopoStake","pog(D=3_omega=1.00_beta=1.00)","1.98","93","15"
"22","1","0x606627477c3734932f47972f83c27cf4e3b35b4f","3.377587","1773029919","38ba10a3c7a07067f9de534f101f654942419a8c3fce190cd85e1d4e0e8c732c","81","85","3.80","1","6","4","0.021455","0.556222","TopoStake","pog(D=3_omega=1.00_beta=1.00)","1.98","93","16"
"22","2","0x016d3fc36beee7caa8fbd6c1caa42461dd7f9850","3.884017","1773029921","b0c350aae6578ee890daa9b8d8c72824c1f62ba3fe72b1e1dccf7734d1bfc202","250","66.5","4.18","1","7","4","0.021442","0.556840","TopoStake","pog(D=3_omega=1.00_beta=1.00)","3.95","94","16"
"22","3","0xeaa5003682d7289190651081ae2bee847097afc5","0.760375","1773029923","46bae1723bc9dda2c5b736e42490a5e0bf86dd2b874079336ab77f92ba23a6ab","206","107","3.21","1","5","3","0.021455","0.557735","TopoStake","pog(D=3_omega=1.00_beta=1.00)","2.37","95","16"
"22","4","0x50f7fa851f9314d682e36da5caa4635039b5305d","2.106477","1773029925","63c886da83af6651728a34fecdd964b67a7ee2d5052144920568e94cefe24402","133","70.5","4.95","1","7","5","0.021302","0.554798","TopoStake","pog(D=3_omega=1.00_beta=1.00)","2.24","96","16"
"23","0","0x0d91704595bff3aec25d40822498a51c62b05e3a","1.573267","1773029927","ea4b18c063c683c2be209cba468e50c24ed2f68b8f3ab28e64a86309a23bb52c","177","92.5","3.78","1","6","4","0.021221","0.554179","TopoStake","pog(D=3_omega=1.00_beta=1.00)","2.18","97","16"
"23","1","0xa447d277b02012c2afd9ddcbbe123f27cc971963","1.808767","1773029929","95d76dea6c120fa8bc7c3163703ad3752f78a70148122d4ae9838afb75549c38","226","117","3.53","1","6","4","0.021113","0.552742","TopoStake","pog(D=3_omega=1.00_beta=1.00)","1.84","98","16"
"23","2","0x1796dc61e715f15a2d27dfa32bd34780f12a8c24","6.729364","1773029931","dfb1c45ad6e9dc25286f020bcae792abdf9c3c0e01e2058f795f90d69e5ccdbe","186","97","3.90","1","6","4","0.021018","0.551611","TopoStake","pog(D=3_omega=1.00_beta=1.00)","1.66","99","16"
"23","3","0x50f7fa851f9314d682e36da5caa4635039b5305d","3.107303","1773029933","aa0fa9577d80f33bc596206a0a623ffd415374c120e34e7e8b75753846baf770","161","84.5","3.40","1","5","3","0.021173","0.553564","TopoStake","pog(D=3_omega=1.00_beta=1.00)","1.57","100","16"
"23","4","0xa9a524611994a27dd3134d643379aa14edf7cb39","0.094308","1773029935","d2e10ac57534a52ff946b81efe8077547444e434906db8ddbd572c2e01d1c397","173","90.5","3.67","1","6","4","0.021142","0.553776","TopoStake","pog(D=3_omega=1.00_beta=1.00)","1.50","101","16"
"24","0","0x0d91704595bff3aec25d40822498a51c62b05e3a","2.574408","1773029937","6b8637d9af76dea4582161412c6e12f63cc9e35dba242c10662d963e65d72a36","250","87.33","3.56","1","7","4","0.020961","0.549378","TopoStake","pog(D=3_omega=1.00_beta=1.00)","33.51","102","16"
"24","1","0xf6e059718dbd0a0956726ab97d06bad5efc6cd18","3.016814","1773029939","25ece68df23f954d64e34fbb529f94815fce84982f3207ecf0786e24f202d9ec","168","88","3.71","1","6","4","0.020905","0.549044","TopoStake","pog(D=3_omega=1.00_beta=1.00)","2.62","103","16"
"24","2","0x1cb1274c711a6c2e4e1596846e6ac604eeefb358","3.409802","1773029941","05b14bed0200677584392782a51637b2da80ca57a211b537f5635cb3d6a5d1f9","64","68","3.91","3","5","4","0.020871","0.549044","TopoStake","pog(D=3_omega=1.00_beta=1.00)","2.00","104","16"
"24","3","0x719361397abe003a91af76243e5f9c7a0cd4279f","3.543668","1773029943","c61b453f102d62c3dae0bc0aeb9dd230ecb8cad37dc23f51851d986688476518","175","91.5","3.44","1","5","4","0.020855","0.549406","TopoStake","pog(D=3_omega=1.00_beta=1.00)","2.39","105","16"
"24","4","0xd46407aa7b668c72de3cf1c1a12b7fa2e308a1b2","1.990222","1773029945","89440cf0e17c194449186c4852edc1199663c3e9c7fa9a3f244089927981eadb","167","87.5","3.95","1","5","4","0.020845","0.549810","TopoStake","pog(D=3_omega=1.00_beta=1.00)","2.43","106","16"
"25","0","0x07902d0371763a00d97ed9ba16ff0a206cb0fd19","9.542089","1773029947","a87cf101d35a16c74f99d9f4d97f6544585903d3602210e16617cb83a53291d8","188","98","4.13","1","6","4","0.020760","0.548858","TopoStake","pog(D=3_omega=1.00_beta=1.00)","2.38","107","16"
"25","1","0xc24b36dee27726233c3bbd9e1f028f98b6b2a424","3.413181","1773029949","991a9ee8378c20002840c4735cf4fb1a36ed6b466d7378aca30babd1b044fdc7","240","124","2.77","1","4","3","0.021029","0.550997","TopoStake","pog(D=3_omega=1.00_beta=1.00)","1.89","108","16"
"25","2","0x075e1d95c7891e1c00414ca1aa9a7a8cf6270019","0.141991","1773029951","7873817bdb8d81d0ea63cc4840be3fc999a9e15bfdfcdffec5b8bb2773997464","162","85","4.08","1","6","4","0.021009","0.551163","TopoStake","pog(D=3_omega=1.00_beta=1.00)","1.67","109","16"
"25","3","0xe6ebb0cdfd04183d498964e5efc4096ba77b17d6","7.294950","1773029953","6811a00cc5a8191a5d04965d18acaecbb820d7e203ba0c2525b21aaa2c7be122","162","85","3.23","1","5","3","0.020838","0.546980","TopoStake","pog(D=3_omega=1.00_beta=1.00)","1.65","110","16"
"25","4","0x2abf89d7c96c80fcff9dec1fe92803573094ee35","1.228874","1773029955","2d5fc28f8b72c637bc8f776dd0ac2d50550219b6c0cd81c88f3d1f08c6c0c2e7","162","85","4.08","1","6","4","0.020994","0.548863","TopoStake","pog(D=3_omega=1.00_beta=1.00)","1.43","111","16"
"26","0","0x0d91704595bff3aec25d40822498a51c62b05e3a","3.575360","1773029957","dce1dcbec74d13843eddb2bbe613bf0782625f577435f9ce15534059d02fdd13","139","73.5","3.83","2","6","4","0.020873","0.546886","TopoStake","pog(D=3_omega=1.00_beta=1.00)","1.45","112","16"
"26","1","0xfb35fdafcfc84561a42700a4a1c274edeb75bdc1","0.060663","1773029960","4919d7d295f347116f71e7b2ee862a06e6b8fab191f8998287a05e450c735d54","167","59.67","3.29","2","5","3","0.020858","0.547149","TopoStake","pog(D=3_omega=1.00_beta=1.00)","2.52","113","16"
"26","2","0xf5ecb44daf07a1d1073dbc89baf04bd7541fa517","2.068113","1773029961","ee04801b4435ed8e9b236d100bbf217c2ccaf0af7d35f052ea0031d5fa178d69","150","79","4.14","1","6","4","0.020687","0.542763","TopoStake","pog(D=3_omega=1.00_beta=1.00)","2.46","114","16"
"26","3","0x016d3fc36beee7caa8fbd6c1caa42461dd7f9850","4.885383","1773029963","146eb1bb3aed8e45cbf59d971189045ba6f72f6bfbbda19bcc2bee80b0d3279f","63","67","4.00","1","6","4","0.020607","0.541860","TopoStake","pog(D=3_omega=1.00_beta=1.00)","1.95","115","16"
"26","4","0xf6e059718dbd0a0956726ab97d06bad5efc6cd18","4.016974","1773029965","bea78555f0abc52166967935b3c5caafb5fb019ee3abab7c3588f3eae7f751ca","162","85","3.27","2","5","3","0.020649","0.543161","TopoStake","pog(D=3_omega=1.00_beta=1.00)","2.46","116","16"
"27","0","0x4414c05be2cf328f38d2e3ef4b705d6b894f044a","5.091500","1773029967","231de5cfb9c5b370112cd41af2478ef298952d945e4f7934f2cff74e77ab441e","154","81","4.90","1","7","5","0.020652","0.543822","TopoStake","pog(D=3_omega=1.00_beta=1.00)","2.58","117","16"
"27","1","0x13f9dadc05f6c237b03411e2aed1800cf21a5d89","8.289752","1773029969","7a887bc1fa94cf9f39f072fe7f94acd7f6871559d58f31f140bdfd2dda5d3f6a","179","93.5","4.01","1","6","4","0.020700","0.545126","TopoStake","pog(D=3_omega=1.00_beta=1.00)","2.26","118","16"
"27","2","0x719361397abe003a91af76243e5f9c7a0cd4279f","4.544425","1773029971","cddc28d548cb439e80a63974a0cc97c366039cee1c671dc9f8844645f03ee785","199","103.5","3.22","1","5","3","0.020881","0.547081","TopoStake","pog(D=3_omega=1.00_beta=1.00)","1.95","119","16"
"27","3","0xc774b0fee7cabbef3b1ae14bf36db3df0d32c1df","3.174269","1773029973","d89f04928d0f2654771b1ab59971a66a9bf8d07d453e3e920e66309db634e3d4","183","95.5","4.16","1","6","4","0.020901","0.548012","TopoStake","pog(D=3_omega=1.00_beta=1.00)","1.86","120","16"
"27","4","0x1796dc61e715f15a2d27dfa32bd34780f12a8c24","7.730285","1773029975","75ba945b4bf54f9fbe61abbc1fbf1c4e3c6930b7972521b5182891c8c6b1942f","211","109.5","4.50","1","6","5","0.020863","0.547829","TopoStake","pog(D=3_omega=1.00_beta=1.00)","1.81","121","16"
"28","0","0xe478b1e4d1538274c0c70cbd7df877f9abab2f62","2.298630","1773029977","363597c3bbf487736a92a79bee760ccf707b36871714ae6e85e37939fe9073fe","191","99.5","3.43","1","5","3","0.021012","0.549605","TopoStake","pog(D=3_omega=1.00_beta=1.00)","1.50","122","16"
"28","1","0x1796dc61e715f15a2d27dfa32bd34780f12a8c24","8.731190","1773029979","87675c49ea81827b889e4d0b1973f4755e686721d7ffc8c4f325feeaf5158dc3","175","62.33","4.34","1","6","4","0.020937","0.548827","TopoStake","pog(D=3_omega=1.00_beta=1.00)","2.43","123","16"
"28","2","0x269cdf52f97e1d9f14b7be895155a7b294f0b21d","0.725757","1773029982","33429eb20b3b04c009cbcec62a0f2c3796ac97f76fcd4c7a09aa3508889d4d54","180","94","3.34","1","5","3","0.021122","0.550674","TopoStake","pog(D=3_omega=1.00_beta=1.00)","2.49","124","16"
"28","3","0x0d91704595bff3aec25d40822498a51c62b05e3a","4.576409","1773029984","c130eb115e3649336c9b6c38d12ad0fe14d060b63663b67a3f051e1d456e3cca","161","84.5","3.62","1","5","4","0.020982","0.547845","TopoStake","pog(D=3_omega=1.00_beta=1.00)","2.49","125","16"
"28","4","0x7e40df5d801345015e84c843908efc6683665fa4","0.659386","1773029986","ccb182614db4b909ddaca67b0bac86bbaf50da7851c019f4cb828e9732ef4e16","166","87","3.19","1","5","3","0.020997","0.548676","TopoStake","pog(D=3_omega=1.00_beta=1.00)","2.48","126","16"
"29","0","0xcb7977f4997b4252c0152e135dd79b3cfe35c1a5","0.626818","1773029988","0b602feb87b67030a1912cbc97c9ccffb6a79c0e69acbc099bed489d9b0e8a7c","170","89","3.34","1","5","3","0.020857","0.545681","TopoStake","pog(D=3_omega=1.00_beta=1.00)","2.41","127","16"
"29","1","0x52e05d9fa4faa167f30baba23c710e4f49115288","0.146925","1773029990","e2484c2a662aaba330a9f988059ea1e7e22461f424370f2f0710e3301e50b79d","170","89","4.24","1","6","4","0.020718","0.542569","TopoStake","pog(D=3_omega=1.00_beta=1.00)","2.45","128","16"
"29","2","0x50f7fa851f9314d682e36da5caa4635039b5305d","4.108310","1773029992","e6704951fff887c8684d96e4d74dfe2dedb1bcebea2c0540deb5522e5656c276","196","102","4.04","1","6","4","0.020561","0.538491","TopoStake","pog(D=3_omega=1.00_beta=1.00)","2.21","129","16"
"29","3","0xeb82a21cb3d0dd781eb22ad74bb7cd9b4d2a06ec","4.925767","1773029994","8e3dce8e64d4ae94cb974e20f389bfd861712f7a53a2dba6530a8dee85558255","189","98.5","3.49","1","5","4","0.020558","0.539038","TopoStake","pog(D=3_omega=1.00_beta=1.00)","1.76","130","16"
"29","4","0x1796dc61e715f15a2d27dfa32bd34780f12a8c24","9.732077","1773029996","df18ae6d9788f5dc1019b62f1d087cf2bcef387dcc0a50878d515f3d81546be7","172","90","3.99","1","6","4","0.020585","0.539995","TopoStake","pog(D=3_omega=1.00_beta=1.00)","1.49","131","16"
"30","0","0xbc3f8508d26048f2064aa8c068f4c94d08d77d18","4.068076","1773029998","a059ecaea64a0ff15a6e59cc00917e8edb75e0f0b13f8fbee5a5344e476afef5","148","78","3.39","2","5","3","0.020791","0.541878","TopoStake","pog(D=3_omega=1.00_beta=1.00)","1.47","132","16"
"30","1","0x6064b9f5883bf9737dfe314ff68c56e09e68ac89","3.192756","1773030000","a059ecaea64a0ff15a6e59cc00917e8edb75e0f0b13f8fbee5a5344e476afef5","148","78","3.39","2","5","3","0.020791","0.541883","TopoStake","pog(D=3_omega=1.00_beta=1.00)","1.47","132","17"
"30","2","0xea287b266dbe2c2d402fd91814bcfc4c95d6b0fd","2.163816","1773030003","2fa197f742e6902c840f88a620e27ed6e96d6d1bde5bd88dfa0480015bc44801","250","54","3.86","1","6","4","0.020750","0.541646","TopoStake","pog(D=3_omega=1.00_beta=1.00)","4.11","133","17"
"30","3","0x1796dc61e715f15a2d27dfa32bd34780f12a8c24","10.732746","1773030005","f9950515d4a1bacb048fddec20a447894b9e8d4c1e4398ee4de5b75982231d91","120","64","4.06","1","6","4","0.020670","0.540752","TopoStake","pog(D=3_omega=1.00_beta=1.00)","2.61","134","17"
"30","4","0x13f9dadc05f6c237b03411e2aed1800cf21a5d89","9.291643","1773030007","3ad162a4956f1ca9452e934e8cda2f8c0027c718f4529ec015e4685f78195bcf","164","86","3.37","1","5","3","0.020905","0.542678","TopoStake","pog(D=3_omega=1.00_beta=1.00)","2.53","135","17"
"31","0","0x30405867b72597aaeb27803bb2c7f3f5fc7d5384","2.518841","1773030009","94dd86e9b135983daf5c1b277faf5cd50355e8289b41ff9e249e98e6d9b8ab9e","201","104.5","3.09","1","5","3","0.021082","0.544416","TopoStake","pog(D=3_omega=1.00_beta=1.00)","2.26","136","17"
"31","1","0x1796dc61e715f15a2d27dfa32bd34780f12a8c24","11.733524","1773030011","97fd06c20b00067d0042007dd2b5fc0f1f227fc2d8c56be9decad1eef1c0cdea","194","101","3.48","1","5","4","0.021012","0.543697","TopoStake","pog(D=3_omega=1.00_beta=1.00)","2.07","137","17"
"31","2","0x95ab54d268473cce82094026afefdbd5cadf418b","0.597568","1773030013","91e5409af597117e3d49342cbba32eccd98989800b6eb74589b2557f19deea89","198","103","3.36","1","5","3","0.021271","0.545585","TopoStake","pog(D=3_omega=1.00_beta=1.00)","1.92","138","17"
"31","3","0x13f9dadc05f6c237b03411e2aed1800cf21a5d89","10.292665","1773030015","f1ad0f73461069a3fa91c0791241449abae9f6d2d0867e8fda8fd0f4c1b0c743","132","70","4.48","1","6","4","0.021132","0.542443","TopoStake","pog(D=3_omega=1.00_beta=1.00)","1.88","139","17"
"31","4","0xe6ebb0cdfd04183d498964e5efc4096ba77b17d6","8.295580","1773030017","d792b47cd9fed154f04f78a8fcd52f9b4db4e4c4d590706010e16ad9c000e6f4","226","117","3.25","1","5","3","0.021334","0.544215","TopoStake","pog(D=3_omega=1.00_beta=1.00)","1.81","140","17"
"32","0","0x1796dc61e715f15a2d27dfa32bd34780f12a8c24","12.734587","1773030019","31d56c6b35e20b56b57fc473af9f48e675a81c988656b4e5180debb35a89f66b","160","84","4.47","1","6","5","0.021462","0.545827","TopoStake","pog(D=3_omega=1.00_beta=1.00)","1.52","141","17"
"32","1","0x13f9dadc05f6c237b03411e2aed1800cf21a5d89","11.293755","1773030022","31d56c6b35e20b56b57fc473af9f48e675a81c988656b4e5180debb35a89f66b","160","84","4.47","1","6","5","0.021462","0.545830","TopoStake","pog(D=3_omega=1.00_beta=1.00)","1.52","141","18"
"32","2","0x4a217e35f6402e7f62a49f6d62e27c6585c2f3fd","1.492495","1773030023","95b163053ff6eff0fa26ab9e273a5299d824ca163f92d42ad1986addb3df3b94","250","54","3.24","1","5","3","0.021691","0.547596","TopoStake","pog(D=3_omega=1.00_beta=1.00)","4.02","142","18"
"32","3","0xd1cd4b808ce6b2841ad42746b64c5a047e857ef0","2.240442","1773030025","95b163053ff6eff0fa26ab9e273a5299d824ca163f92d42ad1986addb3df3b94","250","54","3.24","1","5","3","0.021691","0.547600","TopoStake","pog(D=3_omega=1.00_beta=1.00)","4.02","142","19"
"32","4","0x13f9dadc05f6c237b03411e2aed1800cf21a5d89","12.294965","1773030027","20b98436440caf16247d36dc287d2634aed4ac3c91ee09a150879d9f941a6177","235","82.33","4.03","1","6","4","0.021606","0.546633","TopoStake","pog(D=3_omega=1.00_beta=1.00)","3.33","143","19"
"33","0","0x282f43759e22b50aa7989261c51c367f325c3f91","6.357034","1773030029","702b27eb9eafb42c95da097dc887ff63ddd3b2f6d68093895c7403ad53f5c874","178","93","3.21","2","6","3","0.021862","0.548426","TopoStake","pog(D=3_omega=1.00_beta=1.00)","2.16","144","19"
"33","1","0x07902d0371763a00d97ed9ba16ff0a206cb0fd19","10.544469","1773030031","0e68d034b16668287cdd9892a7a54de690056c171fb90305f90d3654affd45cc","173","90.5","3.73","1","5","4","0.021914","0.549913","TopoStake","pog(D=3_omega=1.00_beta=1.00)","1.90","145","19"
"33","2","0x34d94cc0534eb50dec7956bea31407428d6d5ef8","2.086299","1773030033","a3199a5a387d94ae1b6a2a72929c177940a341fecd7d9ad0baf672f372ab3e31","179","93.5","2.75","1","4","3","0.022104","0.551550","TopoStake","pog(D=3_omega=1.00_beta=1.00)","1.66","146","19"
"33","3","0x07902d0371763a00d97ed9ba16ff0a206cb0fd19","11.545304","1773030035","bb3e0b547c6ce5f42611cc525b9e1514412d6def7c08176295484e59a1f6cb1a","169","88.5","3.67","1","5","4","0.022010","0.550410","TopoStake","pog(D=3_omega=1.00_beta=1.00)","1.54","147","19"
"33","4","0xcb7977f4997b4252c0152e135dd79b3cfe35c1a5","1.627125","1773030037","621ce86797752c0a40325b685bda6f65ca3c64b96b155cd0ed0f37c246d6d0a1","179","93.5","2.79","1","4","3","0.022228","0.552033","TopoStake","pog(D=3_omega=1.00_beta=1.00)","1.53","148","19"
"34","0","0xb2a7fe70a6f3137d38f6cb4c3ec6dd1e24f2d5f4","3.423029","1773030040","ad0eb6c3dd6277f84a00bc735c6cde0e5ea6e97454e18b298568fc1285064a7f","159","83.5","4.35","2","6","5","0.022118","0.550517","TopoStake","pog(D=3_omega=1.00_beta=1.00)","1.50","149","19"
"34","1","0x8d9e46becf415ca26aa698c9657087e6554aabda","0.387873","1773030041","ea2d2148d9df8d44e036bbde4d7713eefe8136c766d51a49c8d4696245df02a7","180","64","5.13","1","7","5","0.022067","0.550332","TopoStake","pog(D=3_omega=1.00_beta=1.00)","2.49","150","19"
"34","2","0x07902d0371763a00d97ed9ba16ff0a206cb0fd19","12.546355","1773030043","ea2d2148d9df8d44e036bbde4d7713eefe8136c766d51a49c8d4696245df02a7","180","64","5.13","1","7","5","0.022068","0.550335","TopoStake","pog(D=3_omega=1.00_beta=1.00)","2.49","150","20"
"34","3","0x269cdf52f97e1d9f14b7be895155a7b294f0b21d","1.726308","1773030045","f7dc44d30e9f433297a18b8a70ccbdb51d80d6a819badb0d6159865353d3caae","250","87.33","2.79","1","4","3","0.022309","0.552024","TopoStake","pog(D=3_omega=1.00_beta=1.00)","2.91","151","20"
"34","4","0xac61c91e7d24df824351a6c4e562a75f0cf646f8","0.249974","1773030047","6d1bd37fa87ffa23627d80b5b5207e0bbef8e1c37ce1670e12d0fcad250e174e","192","100","3.48","1","5","4","0.022203","0.550534","TopoStake","pog(D=3_omega=1.00_beta=1.00)","2.27","152","20"
"35","0","0x07902d0371763a00d97ed9ba16ff0a206cb0fd19","13.547564","1773030049","31288c5ae52754b84bee201661e1c85b1c8ba4c0270cf31312f57770a96587ec","183","95.5","4.09","2","6","4","0.022050","0.546879","TopoStake","pog(D=3_omega=1.00_beta=1.00)","2.12","153","20"
"35","1","0x1cb1274c711a6c2e4e1596846e6ac604eeefb358","4.410808","1773030051","31288c5ae52754b84bee201661e1c85b1c8ba4c0270cf31312f57770a96587ec","183","95.5","4.09","2","6","4","0.022051","0.546884","TopoStake","pog(D=3_omega=1.00_beta=1.00)","2.12","153","21"
"35","2","0xbc3f8508d26048f2064aa8c068f4c94d08d77d18","4.067844","1773030053","87c832ec36ff9340dbc056b7c623d5b46da8767251a1b1aa51007c20b913a820","250","66.5","3.56","1","5","4","0.022030","0.547407","TopoStake","pog(D=3_omega=1.00_beta=1.00)","3.66","154","21"
"35","3","0xe478b1e4d1538274c0c70cbd7df877f9abab2f62","3.298816","1773030055","bbd83ea830bbf7eb88998ef23f0274f774f80a6df46dfdd44720de2a7950b648","233","120.5","4.18","1","6","4","0.021999","0.547657","TopoStake","pog(D=3_omega=1.00_beta=1.00)","2.38","155","21"
"35","4","0x1796dc61e715f15a2d27dfa32bd34780f12a8c24","12.734759","1773030057","d331f97bbfc3472280eea7cea5dcb847a4ed3a8cae731707d551e9bf882b26ac","175","62.33","4.26","1","6","4","0.021944","0.547308","TopoStake","pog(D=3_omega=1.00_beta=1.00)","2.45","156","21"
"36","0","0x8c11ec9090dd820c076e57e899d9c604c79d6b32","1.565946","1773030060","ebbfd251cb7f18de45c77c68f560783e31223640c18a8ab24772d3ab8224bc84","162","85","3.38","1","5","3","0.022177","0.548937","TopoStake","pog(D=3_omega=1.00_beta=1.00)","2.57","157","21"
"36","1","0x016d3fc36beee7caa8fbd6c1caa42461dd7f9850","5.886887","1773030062","ebbfd251cb7f18de45c77c68f560783e31223640c18a8ab24772d3ab8224bc84","162","85","3.38","1","5","3","0.022177","0.548941","TopoStake","pog(D=3_omega=1.00_beta=1.00)","2.57","157","22"
"36","2","0x34d94cc0534eb50dec7956bea31407428d6d5ef8","3.086923","1773030064","d40ca518e4f0c7f8786d6866a6493983644f2b3eb5acd92a0e1ae684160413b0","250","66.5","3.40","1","6","3","0.022199","0.550253","TopoStake","pog(D=3_omega=1.00_beta=1.00)","3.93","158","22"
"36","3","0x016d3fc36beee7caa8fbd6c1caa42461dd7f9850","6.888057","1773030066","5a2a545cb779ab418ec5d19741fbdaceee2eec486643fb7c4ebf72b42d3bc669","147","77.5","4.71","1","7","5","0.022135","0.549712","TopoStake","pog(D=3_omega=1.00_beta=1.00)","2.64","159","22"
"36","4","0x13f9dadc05f6c237b03411e2aed1800cf21a5d89","13.296580","1773030068","a1db5eb242b6e0803c8d7efa91674fe146be5c2286173b5f28eb1de895da2296","218","113","3.23","1","5","3","0.022185","0.551072","TopoStake","pog(D=3_omega=1.00_beta=1.00)","1.94","160","22"
"37","0","0x3513d672439a59c26cc5711f2b715ccb4810a774","1.291718","1773030070","5f8109f991d28edbf0665ea9c6073329d86c78dce8bd3271e6f6e037f95448be","162","85","3.23","1","5","3","0.022423","0.552712","TopoStake","pog(D=3_omega=1.00_beta=1.00)","1.56","161","22"
"37","1","0xb2a7fe70a6f3137d38f6cb4c3ec6dd1e24f2d5f4","4.423180","1773030072","5f8109f991d28edbf0665ea9c6073329d86c78dce8bd3271e6f6e037f95448be","162","85","3.23","1","5","3","0.022423","0.552716","TopoStake","pog(D=3_omega=1.00_beta=1.00)","1.56","161","23"
"37","2","0x8c11ec9090dd820c076e57e899d9c604c79d6b32","1.565906","1773030075","b5f879d6a4ababc501d301705566a8db80a81572b7961780b328bc0114028a50","250","54","4.41","1","6","4","0.022396","0.553077","TopoStake","pog(D=3_omega=1.00_beta=1.00)","4.06","162","23"
"37","3","0xc24b36dee27726233c3bbd9e1f028f98b6b2a424","4.413518","1773030076","2cc2f60ae5b14c7dc947a84ef8a2591d4c84ce58b574efad749af99009195323","150","79","4.22","1","6","4","0.022286","0.551449","TopoStake","pog(D=3_omega=1.00_beta=1.00)","2.87","163","23"
"37","4","0x8c11ec9090dd820c076e57e899d9c604c79d6b32","2.566507","1773030078","c60c688491970895032bc5231db198e023f8c0fd9035874004020a51f0f6f959","81","85","4.33","2","6","4","0.022259","0.551733","TopoStake","pog(D=3_omega=1.00_beta=1.00)","1.96","164","23"
"38","0","0xa068e3c9a21c8d8be636cd2d285895979ec3262e","1.967109","1773030080","9f61b7415724f15b1650d43b509114b2ab43fe2806051809dd8c31543f9047e1","154","81","4.24","1","6","4","0.022179","0.550844","TopoStake","pog(D=4_omega=1.00_beta=1.00)","2.44","165","23"
"38","1","0x52e05d9fa4faa167f30baba23c710e4f49115288","1.147601","1773030082","5c418ca34ad570f94ce919aeaafcb18fc58d8c2c1af24b05a15997dbb2a5ff92","175","91.5","4.49","1","7","5","0.022082","0.549467","TopoStake","pog(D=4_omega=1.00_beta=1.00)","2.35","166","23"
"38","2","0x1796dc61e715f15a2d27dfa32bd34780f12a8c24","13.735581","1773030084","b39a325581c9a70ba92e4d0f653f0056672421df39666c7c93eaad1978297b31","171","89.5","4.09","1","7","4","0.021963","0.547426","TopoStake","pog(D=4_omega=1.00_beta=1.00)","2.12","167","23"
"38","3","0xc4dc29db975b952e04358340e56b68fa4ba63fbc","2.543686","1773030086","0804432b97b05476939fef6f04f621998b291f7a2f8bddb04dc47af1bf5e7377","204","106","3.50","1","5","3","0.022199","0.549046","TopoStake","pog(D=4_omega=1.00_beta=1.00)","1.76","168","23"
"38","4","0x30509a8084fdfe6fe24d9c9a817c209ad194f8e3","5.661038","1773030088","531fafb6d4c2d8eb49b0af3d2f1f9f9d32458fa009341fe6c5b52ce2175a05ca","112","60","5.52","1","8","6","0.022118","0.548058","TopoStake","pog(D=4_omega=1.00_beta=1.00)","1.79","169","23"
"39","0","0xf13caa2c5f6f6cf61e51290bfa7826a9140b4faf","0.043035","1773030091","ef71a107c3051e179ddb58065b12fdd700613cf410f1269e2a4bb90c768a0956","210","74","4.14","1","6","4","0.022118","0.548061","TopoStake","pog(D=4_omega=1.00_beta=1.00)","2.89","170","23"
"39","1","0x016d3fc36beee7caa8fbd6c1caa42461dd7f9850","7.889379","1773030092","44c9d890a0b07567caf72cbacc3a2e1d58bc1593f154c8350cecc8aae86dcee9","153","80.5","4.84","1","7","5","0.021969","0.544227","TopoStake","pog(D=4_omega=1.00_beta=1.00)","2.46","171","23"
"39","2","0xc24b36dee27726233c3bbd9e1f028f98b6b2a424","5.413723","1773030094","83a722ba7888b3693c30f28cad7aaa20b7c876d4547ff885984430828c1dfebd","102","106","2.88","1","5","3","0.022037","0.545587","TopoStake","pog(D=4_omega=1.00_beta=1.00)","1.00","172","23"
"39","3","0xb2a7fe70a6f3137d38f6cb4c3ec6dd1e24f2d5f4","5.424038","1773030096","93723acbb3f66c339d47ec0e6fed1d87d6943a49205cd07800904cf9e165f81a","167","87.5","4.01","1","6","4","0.022036","0.546593","TopoStake","pog(D=4_omega=1.00_beta=1.00)","2.09","173","23"
"39","4","0x52e05d9fa4faa167f30baba23c710e4f49115288","2.148282","1773030098","8f95cf6a44a88ad8157cd5830f68c513fef20115b6af7a096758fade6d32a1c9","146","77","4.98","1","7","5","0.022035","0.547526","TopoStake","pog(D=4_omega=1.00_beta=1.00)","2.25","174","23"
"40","0","0xbc3f8508d26048f2064aa8c068f4c94d08d77d18","5.068774","1773030100","d501aedfd5c3ecf99b58a53a47e7e78fc35c8e717dbf8878d1dd4218b6a2c329","215","111.5","3.93","1","5","4","0.021945","0.546215","TopoStake","pog(D=4_omega=1.00_beta=1.00)","2.03","175","23"
"40","1","0xcb7977f4997b4252c0152e135dd79b3cfe35c1a5","2.627418","1773030102","d501aedfd5c3ecf99b58a53a47e7e78fc35c8e717dbf8878d1dd4218b6a2c329","215","111.5","3.93","1","5","4","0.021945","0.546219","TopoStake","pog(D=4_omega=1.00_beta=1.00)","2.03","175","24"
"40","2","0x52e05d9fa4faa167f30baba23c710e4f49115288","3.149267","1773030105","d83c8937e9bb325e2e3bc6c17cd40349a24efe0148e43429b3626937b29ea806","250","54","4.84","1","7","5","0.021868","0.545223","TopoStake","pog(D=4_omega=1.00_beta=1.00)","3.94","176","24"
"40","3","0x016d3fc36beee7caa8fbd6c1caa42461dd7f9850","8.889892","1773030106","cde4e9cfe781bb29e91828fb20522a6b77fb0efa349af66a1371092f60280f72","162","85","4.23","1","7","4","0.021806","0.544599","TopoStake","pog(D=4_omega=1.00_beta=1.00)","2.88","177","24"
"40","4","0x13f9dadc05f6c237b03411e2aed1800cf21a5d89","14.297923","1773030108","da37bed6d9ff284c3041c4c9f0591bb5fc32117a0d299e467d3e7046f9744684","76","80","3.32","1","5","3","0.021895","0.545970","TopoStake","pog(D=4_omega=1.00_beta=1.00)","1.93","178","24"
"41","0","0x7e40df5d801345015e84c843908efc6683665fa4","1.659750","1773030110","e94672587ef34a772fd171932e0eef537192d07abb44431e73fab34edcc47618","161","84.5","3.02","1","5","3","0.022123","0.547545","TopoStake","pog(D=4_omega=1.00_beta=1.00)","2.23","179","24"
"41","1","0xd67aaaf210c0c36ddcb7055222d168b5c9dd1b36","0.187980","1773030112","e94672587ef34a772fd171932e0eef537192d07abb44431e73fab34edcc47618","161","84.5","3.02","1","5","3","0.022124","0.547549","TopoStake","pog(D=4_omega=1.00_beta=1.00)","2.23","179","25"
"41","2","0xc774b0fee7cabbef3b1ae14bf36db3df0d32c1df","4.174306","1773030114","e94672587ef34a772fd171932e0eef537192d07abb44431e73fab34edcc47618","161","84.5","3.02","1","5","3","0.022124","0.547553","TopoStake","pog(D=4_omega=1.00_beta=1.00)","2.23","179","26"
"41","3","0xac768e60b9269babb15cb1e36ee843243d7c7543","3.717144","1773030116","cae5f4927f50ca174b74128427818a9c2b7c1e97c1e3d25d460048b2bcea4ef9","250","45.67","4.44","1","8","4","0.022086","0.547666","TopoStake","pog(D=4_omega=1.00_beta=1.00)","5.67","180","26"
"41","4","0x719361397abe003a91af76243e5f9c7a0cd4279f","5.544978","1773030118","cae5f4927f50ca174b74128427818a9c2b7c1e97c1e3d25d460048b2bcea4ef9","250","45.67","4.44","1","8","4","0.022086","0.547670","TopoStake","pog(D=4_omega=1.00_beta=1.00)","5.67","180","27"
"42","0","0x34d94cc0534eb50dec7956bea31407428d6d5ef8","4.086882","1773030121","cae5f4927f50ca174b74128427818a9c2b7c1e97c1e3d25d460048b2bcea4ef9","250","45.67","4.44","1","8","4","0.022086","0.547674","TopoStake","pog(D=4_omega=1.00_beta=1.00)","5.67","180","28"
"42","1","0x075e1d95c7891e1c00414ca1aa9a7a8cf6270019","1.143731","1773030122","2f8a3ce7f8debb7cedcb48b1faa3258ae4601685792418078e3daa7b1e4e01ca","250","39.71","5.22","1","8","5","0.022046","0.547663","TopoStake","pog(D=4_omega=1.00_beta=1.00)","7.43","181","28"
"42","2","0x282f43759e22b50aa7989261c51c367f325c3f91","7.357716","1773030124","aab4ff453d40efed7ccdf251720a906d2a3d4dd76c0c7015302dfffc4c9323fd","109","113","3.02","1","6","3","0.021931","0.545656","TopoStake","pog(D=4_omega=1.00_beta=1.00)","3.10","182","28"
"42","3","0x075e1d95c7891e1c00414ca1aa9a7a8cf6270019","2.144236","1773030126","31a4c40728fb5477417998ceb06ae01a65620bbed1920c9e2ed7020889d20336","175","91.5","4.03","2","6","4","0.021974","0.546885","TopoStake","pog(D=4_omega=1.00_beta=1.00)","1.95","183","28"
"42","4","0x07902d0371763a00d97ed9ba16ff0a206cb0fd19","13.548299","1773030128","b38567e6e1a8a05206018766bbcf9ee074b98e501a002d6ef5e193bedc6b7342","195","101.5","3.30","1","5","3","0.021885","0.545509","TopoStake","pog(D=4_omega=1.00_beta=1.00)","1.74","184","28"
"43","0","0xac61c91e7d24df824351a6c4e562a75f0cf646f8","1.250136","1773030130","9b9b77b9c2c09aa1ea3f14f5a25bea25547c345ebc96d7d24382f12717ce328e","186","97","2.85","1","4","3","0.022082","0.546944","TopoStake","pog(D=3_omega=1.00_beta=1.00)","1.59","185","28"
"43","1","0x30509a8084fdfe6fe24d9c9a817c209ad194f8e3","5.661019","1773030132","f28262f080e8208efc2aa5ba8adf0b701fb49ca3ac587968e5291bd371246e5c","195","69","4.05","1","6","4","0.021971","0.545000","TopoStake","pog(D=3_omega=1.00_beta=1.00)","2.57","186","28"
"43","2","0xb7b4ee0a72bc410bf6d32b9cd3f3e11fc756d6f1","0.080273","1773030135","6961824ca439ae2d74a2380df8933732ce45f094e365f3a311652f40f5ab2b14","160","84","3.99","1","6","4","0.021968","0.545967","TopoStake","pog(D=3_omega=1.00_beta=1.00)","2.50","187","28"
"43","3","0x311eb133eb413ac3f21249889bb101e5d40820ce","1.134390","1773030136","71abeffe6cd97d34d3bca3b923f1ab9159ead596379231ea3311be16158b0f78","158","83","4.06","1","6","4","0.021829","0.542365","TopoStake","pog(D=3_omega=1.00_beta=1.00)","2.46","188","28"
"43","4","0x016d3fc36beee7caa8fbd6c1caa42461dd7f9850","9.890468","1773030138","42b37daf66fcfc7004609a1241e7e83ab23d3ffa8630ceb442f2091b1b08a81f","84","88","3.32","1","5","3","0.021717","0.540283","TopoStake","pog(D=3_omega=1.00_beta=1.00)","1.92","189","28"
"44","0","0xc339f8bf978200eb65afce6c7121402eda949097","1.076739","1773030140","bc11a0ca4b340764335a4187e0a07b89c574051e17563323df05d8c05da4bce8","165","86.5","3.33","1","5","3","0.021817","0.541641","TopoStake","pog(D=3_omega=1.00_beta=1.00)","2.38","190","28"
"44","1","0x075e1d95c7891e1c00414ca1aa9a7a8cf6270019","3.145452","1773030142","f5cd0ba2336e2de655d46852ae689310555d1ae06bad47568c8582b6f9d8b6f3","152","80","5.30","1","7","5","0.021705","0.539443","TopoStake","pog(D=3_omega=1.00_beta=1.00)","2.44","191","28"
"44","2","0x0d91704595bff3aec25d40822498a51c62b05e3a","5.578058","1773030144","8d1389aeef9e843933f40707051767d2470df3d188f328ee0886504f43081bbb","228","118","3.12","1","5","3","0.021642","0.538794","TopoStake","pog(D=3_omega=1.00_beta=1.00)","1.90","192","28"
"44","3","0x07902d0371763a00d97ed9ba16ff0a206cb0fd19","14.549293","1773030146","348591c5a1b2c1888525f3a8dfbe0935e06c8386575c63e07d362bdf399754e8","161","84.5","3.31","1","5","3","0.021637","0.539660","TopoStake","pog(D=3_omega=1.00_beta=1.00)","1.54","193","28"
"44","4","0x28672c71695142588ed26ada6f4b18b8b6c12308","4.695229","1773030148","8549e9747db353560439fa23587a5020e0d3f042ddd7656636320eab029340e5","142","75","2.80","1","4","3","0.021842","0.541142","TopoStake","pog(D=3_omega=1.00_beta=1.00)","1.53","194","28"
"45","0","0x13f9dadc05f6c237b03411e2aed1800cf21a5d89","15.299240","1773030151","8f9ebc804ef951d488c2b43dd5c186fe608e58905b2201b8ee6987a20f23abd6","160","57.33","3.67","2","5","4","0.021815","0.541423","TopoStake","pog(D=3_omega=1.00_beta=1.00)","2.44","195","28"
"45","1","0xa7e4d4d949807065ebf85adc1be8c382c7236c15","1.216462","1773030152","b054ecd90ed7d91ee3209dd739079c4e61f33948bc93de63f2b59e10fd8ba2a0","159","83.5","3.32","1","5","3","0.022033","0.542937","TopoStake","pog(D=3_omega=1.00_beta=1.00)","2.47","196","28"
"45","2","0x07902d0371763a00d97ed9ba16ff0a206cb0fd19","15.550138","1773030154","7801f47055515668a2a63d93f9460e88d7cedcc0c23a15760ff1f25ef9514da9","118","122","3.91","1","6","4","0.021923","0.540864","TopoStake","pog(D=3_omega=1.00_beta=1.00)","1.55","197","28"
"45","3","0x30509a8084fdfe6fe24d9c9a817c209ad194f8e3","6.661818","1773030156","053cd773685e22621d158cf1564e44a6f0860fa6213f19015c91dfda54ded00c","204","106","2.82","1","5","3","0.022142","0.542335","TopoStake","pog(D=3_omega=1.00_beta=1.00)","1.80","198","28"
"45","4","0x49b57eb4dace37c8819daf079c9c674f766d4f38","1.229383","1773030158","ab7dd2152b724572b1c2389de825f42a7be00ef634aa8dd670a92b6524af1a2b","172","90","3.56","1","6","4","0.022156","0.543441","TopoStake","pog(D=3_omega=1.00_beta=1.00)","1.64","199","28"
"46","0","0xc577329e86aaecb006f17fb90499c54671119935","1.319553","1773030160","28a8586e853332449e7a328f98f308d5c581c01c9ccbe0c8ca5387d3033d9e93","159","83.5","4.26","1","6","4","0.022046","0.541333","TopoStake","pog(D=3_omega=1.00_beta=1.00)","1.58","200","28"
"46","1","0x282f43759e22b50aa7989261c51c367f325c3f91","8.358568","1773030162","25032eda14c2fda8dad3a121ca1a2660e2d6c61f6997ba22f42975a7b94d12ac","173","61.67","4.09","1","6","4","0.021940","0.539269","TopoStake","pog(D=3_omega=1.00_beta=1.00)","2.59","201","28"
"46","2","0x016d3fc36beee7caa8fbd6c1caa42461dd7f9850","10.891406","1773030164","402067018616f68cf0b69ba3bba715ef0f9b102c808caaceaa6d850fd9b2a1f3","161","84.5","4.07","1","6","4","0.021991","0.540446","TopoStake","pog(D=3_omega=1.00_beta=1.00)","2.48","202","28"
"46","3","0xc24b36dee27726233c3bbd9e1f028f98b6b2a424","6.414271","1773030166","d998f474f42d1ded11dfdb468cfc7d5b4369a36c1b5c0ca1fce861688cacf5a8","85","89","3.35","1","6","3","0.022097","0.541744","TopoStake","pog(D=3_omega=1.00_beta=1.00)","1.95","203","28"
"46","4","0x4414c05be2cf328f38d2e3ef4b705d6b894f044a","6.091790","1773030168","b526f8c1e39e90efc10a4150c0bba5d93d4ca2196e3c48b9581eb6ad491bcf1d","166","87","4.25","1","7","4","0.022102","0.542757","TopoStake","pog(D=3_omega=1.00_beta=1.00)","2.51","204","28"
"47","0","0x075e1d95c7891e1c00414ca1aa9a7a8cf6270019","4.147105","1773030170","6ab6d193a10237cfd44a9e71a3d65e880aec3505b6594c09cd905bce51698162","164","86","4.26","1","7","4","0.022100","0.543654","TopoStake","pog(D=4_omega=1.00_beta=1.00)","2.49","205","28"
"47","1","0x7e40df5d801345015e84c843908efc6683665fa4","1.659477","1773030172","514f45158f9352c45df4ac8f3642a2694d45cbd4ab030d5f44da6fec94f967e5","194","101","3.35","2","6","3","0.022056","0.543599","TopoStake","pog(D=4_omega=1.00_beta=1.00)","2.11","206","28"
"47","2","0x6064b9f5883bf9737dfe314ff68c56e09e68ac89","4.193273","1773030174","514f45158f9352c45df4ac8f3642a2694d45cbd4ab030d5f44da6fec94f967e5","194","101","3.35","2","6","3","0.022056","0.543603","TopoStake","pog(D=4_omega=1.00_beta=1.00)","2.11","206","29"
"47","3","0x13f9dadc05f6c237b03411e2aed1800cf21a5d89","16.300532","1773030176","6ebf49a94a6368c6d0800ca664536f2965bef618b45583053f4aa6cbd976108f","250","66.5","4.00","1","6","4","0.022013","0.543511","TopoStake","pog(D=4_omega=1.00_beta=1.00)","3.22","207","29"
"47","4","0xd1cd4b808ce6b2841ad42746b64c5a047e857ef0","3.240581","1773030178","92d226c08dd92cb74b9d52e9cddf71892c5542380a01153071097a2d672dccb3","184","96","3.09","1","5","3","0.022228","0.544957","TopoStake","pog(D=4_omega=1.00_beta=1.00)","1.86","208","29"
"48","0","0xbc3f8508d26048f2064aa8c068f4c94d08d77d18","5.068502","1773030181","8ba139e087c6b99c9447c091a5637202712b2e4232c34466ff96723de4837914","165","59","3.97","1","6","4","0.022163","0.544320","TopoStake","pog(D=3_omega=1.00_beta=1.00)","2.50","209","29"
"48","1","0x13f9dadc05f6c237b03411e2aed1800cf21a5d89","17.301422","1773030182","8ba139e087c6b99c9447c091a5637202712b2e4232c34466ff96723de4837914","165","59","3.97","1","6","4","0.022163","0.544323","TopoStake","pog(D=3_omega=1.00_beta=1.00)","2.50","209","30"
"48","2","0x07902d0371763a00d97ed9ba16ff0a206cb0fd19","16.551590","1773030184","ebd13da4ed0ec0f3b833e5335f07fcd3e3e9c02911e93003d210b4e9d76c1430","250","87.33","3.08","1","5","3","0.022395","0.545775","TopoStake","pog(D=3_omega=1.00_beta=1.00)","2.94","210","30"
"48","3","0xc4dc29db975b952e04358340e56b68fa4ba63fbc","3.543405","1773030186","575d090addc91167eb253b9d2e1d9a8ee38eae86917807ce52afffebfe9374e5","194","101","2.65","1","4","3","0.022608","0.547153","TopoStake","pog(D=3_omega=1.00_beta=1.00)","1.62","211","30"
"48","4","0xa9a524611994a27dd3134d643379aa14edf7cb39","1.093279","1773030188","73907a8743ca8dbb1ef246f7730819f301ea186bbf8eb1a69ca46e9a04f01969","169","88.5","3.60","1","5","4","0.022547","0.546671","TopoStake","pog(D=3_omega=1.00_beta=1.00)","1.60","212","30"
"49","0","0x50f7fa851f9314d682e36da5caa4635039b5305d","5.109197","1773030190","ecbdd42be5adba4270ebd33993912abd128a69f220ab730efce58b101688f446","243","125.5","3.09","1","5","3","0.022435","0.544405","TopoStake","pog(D=3_omega=1.00_beta=1.00)","27.17","213","30"
"49","1","0x1796dc61e715f15a2d27dfa32bd34780f12a8c24","14.736966","1773030192","2ddb18fd1870e6e574f9438fc0ed2be994d4d9d6bd24e0961a1e9c5480bd9838","173","61.67","3.40","1","5","3","0.022435","0.544409","TopoStake","pog(D=3_omega=1.00_beta=1.00)","2.51","214","30"
"49","2","0x07902d0371763a00d97ed9ba16ff0a206cb0fd19","17.553028","1773030195","72fb14ec4ec8922e078033aa25a448af3fd4a97db7da47fd4df179db6ea1e2c6","168","88","3.38","1","5","3","0.022575","0.546166","TopoStake","pog(D=3_omega=1.00_beta=1.00)","2.46","215","30"
"49","3","0x30509a8084fdfe6fe24d9c9a817c209ad194f8e3","7.662867","1773030196","0c47d994dec48c835a7cde3b42b911e290f25ee691d3b690db6361a09b8e79c8","143","75.5","2.81","2","4","3","0.022799","0.547536","TopoStake","pog(D=3_omega=1.00_beta=1.00)","2.50","216","30"
"49","4","0x07902d0371763a00d97ed9ba16ff0a206cb0fd19","18.553723","1773030198","2e32b3ced2eff3ca85765f8e0efb5ef5b7f9e08425d4d9f0ca73112e57ae3ef8","86","90","3.27","1","5","3","0.022819","0.548563","TopoStake","pog(D=3_omega=1.00_beta=1.00)","1.95","217","30"
"50","0","0x13f9dadc05f6c237b03411e2aed1800cf21a5d89","18.302989","1773030200","04cd1655d40bbea00fb81ee632e2ce28cb1d9d5602790b37c535f020bd80ad29","211","109.5","2.70","1","4","3","0.023057","0.549964","TopoStake","pog(D=3_omega=1.00_beta=1.00)","2.29","218","30"
"50","1","0x075e1d95c7891e1c00414ca1aa9a7a8cf6270019","5.148233","1773030202","20f7d41efc7be6434ecb92300c887fdcfdca4e58fcbdf376da818be4efb9d19d","189","98.5","3.12","1","5","3","0.023286","0.551292","TopoStake","pog(D=3_omega=1.00_beta=1.00)","1.99","219","30"
"50","2","0x606627477c3734932f47972f83c27cf4e3b35b4f","4.377856","1773030204","44ffd4a099eeb575adcf405813754f6fa09dfa2ebcfbedcb07c859d2bda9020d","178","93","3.20","1","5","3","0.023252","0.551687","TopoStake","pog(D=3_omega=1.00_beta=1.00)","1.68","220","30"
"50","3","0x282f43759e22b50aa7989261c51c367f325c3f91","9.359211","1773030206","ebe667a1c87ae0f04616e3382a254b00849100db2d0cc0832b60587a5df772d5","182","95","3.66","1","5","4","0.023202","0.551570","TopoStake","pog(D=3_omega=1.00_beta=1.00)","1.49","221","30"
"50","4","0x0d91704595bff3aec25d40822498a51c62b05e3a","6.579250","1773030208","aeab0c67a79fb771e52be2bae7a2949f471ac08354602b656dbd93cea2b61cbe","149","78.5","3.89","1","5","4","0.023250","0.552694","TopoStake","pog(D=3_omega=1.00_beta=1.00)","1.50","222","30"
"51","0","0xc24b36dee27726233c3bbd9e1f028f98b6b2a424","7.414739","1773030211","34ba9cafbb9a44b1dbcc9343f00d1ce93c7b24cd42899780f1f4d7504c7473a0","163","58.33","3.34","1","5","3","0.023243","0.553540","TopoStake","pog(D=3_omega=1.00_beta=1.00)","2.53","223","30"
"51","1","0x07902d0371763a00d97ed9ba16ff0a206cb0fd19","19.555156","1773030212","89f5a5e328adba583b86889ea1fa52bfdad0b871306f380c98eb9e994b8abccb","164","86","4.01","1","6","4","0.023252","0.554453","TopoStake","pog(D=3_omega=1.00_beta=1.00)","2.46","224","30"
"51","2","0x8c11ec9090dd820c076e57e899d9c604c79d6b32","3.566776","1773030214","89f5a5e328adba583b86889ea1fa52bfdad0b871306f380c98eb9e994b8abccb","164","86","4.01","1","6","4","0.023252","0.554456","TopoStake","pog(D=3_omega=1.00_beta=1.00)","2.46","224","31"
"51","3","0x5cd626f4b83428b146919d30f4b3e481d259a9dc","1.073916","1773030216","89f5a5e328adba583b86889ea1fa52bfdad0b871306f380c98eb9e994b8abccb","164","86","4.01","1","6","4","0.023252","0.554459","TopoStake","pog(D=3_omega=1.00_beta=1.00)","2.46","224","32"
"51","4","0x8d9e46becf415ca26aa698c9657087e6554aabda","0.387159","1773030218","857c2efca2ea984c473e98a075cffdeb33857cb2763c622dd5bd0579980e538a","250","54","4.02","1","6","4","0.023138","0.552175","TopoStake","pog(D=3_omega=1.00_beta=1.00)","4.40","225","32"
"52","0","0x075e1d95c7891e1c00414ca1aa9a7a8cf6270019","6.149410","1773030220","808105e0772831ffc6e82cfbbb61d64fb122ca06aa2d249a2a2959a7e7bab163","116","62","5.07","1","7","5","0.023013","0.549254","TopoStake","pog(D=4_omega=1.00_beta=1.00)","2.76","226","32"
"52","1","0xc24b36dee27726233c3bbd9e1f028f98b6b2a424","8.415431","1773030222","2d8d7fd0dbf1d5ad43cb25258528ad860bf8eb1ae6fc9671b921b24dcbb58af1","221","77.67","3.38","1","6","3","0.022997","0.549985","TopoStake","pog(D=4_omega=1.00_beta=1.00)","2.91","227","32"
"52","2","0x50f7fa851f9314d682e36da5caa4635039b5305d","6.109922","1773030224","4b977e52041738904d8aaec2a41b326c8a89d2c4a2a6f952e75caedb6eb0873e","83","87","4.30","1","7","4","0.023025","0.550963","TopoStake","pog(D=4_omega=1.00_beta=1.00)","1.73","228","32"
"52","3","0x13f9dadc05f6c237b03411e2aed1800cf21a5d89","19.304129","1773030226","9cbfdb69db2d96a364f84ce94a20dbb87c9c0b21b0d3e3d613a19c6ccc6a1115","155","81.5","4.05","1","8","4","0.023008","0.551618","TopoStake","pog(D=4_omega=1.00_beta=1.00)","2.48","229","32"
"52","4","0x016d3fc36beee7caa8fbd6c1caa42461dd7f9850","11.892429","1773030228","d7a37ec1da790f5a1a8583542bcb5c2a6279af286ad66faf11a95f244ec66f85","185","96.5","3.39","1","7","3","0.023236","0.552943","TopoStake","pog(D=4_omega=1.00_beta=1.00)","2.31","230","32"
"53","0","0x075e1d95c7891e1c00414ca1aa9a7a8cf6270019","7.150585","1773030230","ca254ad229863200e6f30106c85ef5a0db297899f1021e542792769211b1b108","191","99.5","3.29","2","5","3","0.023324","0.554092","TopoStake","pog(D=3_omega=1.00_beta=1.00)","1.99","231","32"
"53","1","0xeb82a21cb3d0dd781eb22ad74bb7cd9b4d2a06ec","5.925820","1773030232","9724ae7e947d28b3ac2d8d9644e6f51a29d8aff9795d94f4a090035962ea06e1","182","64.67","3.33","1","6","3","0.023324","0.554906","TopoStake","pog(D=3_omega=1.00_beta=1.00)","2.76","232","32"
"53","2","0x4414c05be2cf328f38d2e3ef4b705d6b894f044a","7.092183","1773030235","5381e6e1edd613dd17d3d25eb5548882d61817659fbf37c0c3df26dcd74380aa","170","89","4.33","1","7","4","0.023301","0.555468","TopoStake","pog(D=3_omega=1.00_beta=1.00)","2.51","233","32"
"53","3","0x016d3fc36beee7caa8fbd6c1caa42461dd7f9850","12.893452","1773030236","68b263808b3f64fa6bf464638aaa3b3f92a2746d1372dd8f4ca7e49abff1d3e6","156","82","4.24","1","6","4","0.023298","0.556208","TopoStake","pog(D=3_omega=1.00_beta=1.00)","2.47","234","32"
"53","4","0x13f9dadc05f6c237b03411e2aed1800cf21a5d89","20.305128","1773030238","b528032f7911048c79e6d899b8ab629215fca27dcc4e30237bc7bff82fa25e15","85","89","3.34","2","5","3","0.023400","0.557334","TopoStake","pog(D=3_omega=1.00_beta=1.00)","1.95","235","32"
"54","0","0xd1cd4b808ce6b2841ad42746b64c5a047e857ef0","4.241125","1773030240","39f05fddcaa71fd98f5786c0613ddc89b01cc60a955716bc481219e93b4e93af","170","89","3.16","1","5","3","0.023634","0.558633","TopoStake","pog(D=3_omega=1.00_beta=1.00)","2.26","236","32"
"54","1","0x0d91704595bff3aec25d40822498a51c62b05e3a","7.580224","1773030242","8c6e4c88a0ed16a1cd76b100c185ce3810eca2b24e8f0b6283be8508eee2fe49","153","80.5","4.16","1","6","4","0.023578","0.558389","TopoStake","pog(D=3_omega=1.00_beta=1.00)","2.41","237","32"
"54","2","0x52e05d9fa4faa167f30baba23c710e4f49115288","4.149548","1773030244","8470c56988c0e99f3f633ed4a03824669d465cf90fa16cb5f506b1c5d806c207","233","120.5","3.32","1","5","3","0.023581","0.559135","TopoStake","pog(D=3_omega=1.00_beta=1.00)","1.86","238","32"
"54","3","0x606627477c3734932f47972f83c27cf4e3b35b4f","5.378638","1773030246","9ae01767d1021e0d1d3245d5d44d1feadd1f73c881914f4718764f8feb236fc7","150","79","3.92","1","6","4","0.023523","0.558794","TopoStake","pog(D=3_omega=1.00_beta=1.00)","1.47","239","32"
"54","4","0x07902d0371763a00d97ed9ba16ff0a206cb0fd19","19.555391","1773030248","664abd06518665c827abef97c26eaaf8b93e712fda91cf6773df52a7373a4c3f","172","90","3.65","1","5","4","0.023487","0.559155","TopoStake","pog(D=3_omega=1.00_beta=1.00)","1.50","240","32"
"55","0","0xc4dc29db975b952e04358340e56b68fa4ba63fbc","4.543761","1773030251","7193e49ce6b313fe629c8200212c19602f4fc65c83a3057c12ce897d6cc48a97","158","56.67","2.68","1","4","3","0.023698","0.560371","TopoStake","pog(D=3_omega=1.00_beta=1.00)","2.46","241","32"
"55","1","0x075e1d95c7891e1c00414ca1aa9a7a8cf6270019","8.151826","1773030252","81dda3f398e99192bf50f24c40967f06e131bee3d8d30fd6e93aef47a8a3e788","173","90.5","3.69","1","5","4","0.023646","0.560168","TopoStake","pog(D=3_omega=1.00_beta=1.00)","2.57","242","32"
"55","2","0x5cd626f4b83428b146919d30f4b3e481d259a9dc","2.074960","1773030254","eb9e33b47bbe35f82c9a60fd4f3d853db09a92cc05868f01cee5459c87e8c2ae","101","105","3.03","1","6","3","0.023657","0.560967","TopoStake","pog(D=3_omega=1.00_beta=1.00)","1.00","243","32"
"55","3","0x49b57eb4dace37c8819daf079c9c674f766d4f38","2.229708","1773030256","e93471ed41e17369bf94aa3905316b9496da4615c5cf229c63fee690423f2116","174","91","4.24","1","7","4","0.023563","0.559654","TopoStake","pog(D=3_omega=1.00_beta=1.00)","2.13","244","32"
"55","4","0x016d3fc36beee7caa8fbd6c1caa42461dd7f9850","13.894151","1773030258","d2b6deb0c98db44a11ef017cb610fdd8e53ed2531d79482ec29370cd2891857d","184","96","4.59","1","7","4","0.023472","0.558416","TopoStake","pog(D=3_omega=1.00_beta=1.00)","2.17","245","32"
"56","0","0xcb7977f4997b4252c0152e135dd79b3cfe35c1a5","3.627603","1773030260","de5981cdd541240b8c68baf67513b3aae20cc50974c44e4b76127c4370711ae0","209","108.5","3.27","1","5","3","0.023579","0.559500","TopoStake","pog(D=3_omega=1.00_beta=1.00)","1.89","246","32"
"56","1","0x016d3fc36beee7caa8fbd6c1caa42461dd7f9850","14.895146","1773030262","4c3da84c4c3bb2e3a1825a165904b20bc891ee88445b12ce06b244c94d702e54","162","58","5.04","1","8","5","0.023512","0.558954","TopoStake","pog(D=3_omega=1.00_beta=1.00)","2.61","247","32"
"56","2","0xc24b36dee27726233c3bbd9e1f028f98b6b2a424","9.415666","1773030264","2f55b0a40ec3aa25fd491fe6d1fa366910d0ce6137377caf6f6c199e92d179c3","104","108","3.10","1","6","3","0.023634","0.560039","TopoStake","pog(D=3_omega=1.00_beta=1.00)","1.56","248","32"
"56","3","0x8c11ec9090dd820c076e57e899d9c604c79d6b32","3.566720","1773030266","05ef5bba822b49a3a491012567b6a00a40794f344949f5818e044ceb33b6f2de","172","90","3.93","1","6","4","0.023663","0.560998","TopoStake","pog(D=3_omega=1.00_beta=1.00)","2.37","249","32"
"56","4","0xa068e3c9a21c8d8be636cd2d285895979ec3262e","2.966551","1773030268","ae43e640de9d65706902e23a4bf65df3dc2fbca985e6ff0c5c9f50291642f4ae","192","100","4.15","1","6","4","0.023594","0.560378","TopoStake","pog(D=3_omega=1.00_beta=1.00)","2.45","250","32"
"57","0","0x50f7fa851f9314d682e36da5caa4635039b5305d","7.110642","1773030270","3dd398d7c663f4199f5e2925b46ef3f91bc5221478f211da24379cd57a0ee34a","174","91","4.41","2","6","5","0.023516","0.559501","TopoStake","pog(D=4_omega=1.00_beta=1.00)","2.41","251","32"
"57","1","0x1796dc61e715f15a2d27dfa32bd34780f12a8c24","15.737878","1773030272","55ff7199b89c5b16eac50e11e83b728ece4af89d7f6691c82b45f68db579aad2","250","129","3.43","1","5","3","0.023507","0.560108","TopoStake","pog(D=4_omega=1.00_beta=1.00)","1.98","252","32"
"57","2","0xac768e60b9269babb15cb1e36ee843243d7c7543","3.716396","1773030274","55ff7199b89c5b16eac50e11e83b728ece4af89d7f6691c82b45f68db579aad2","250","129","3.43","1","5","3","0.023507","0.560110","TopoStake","pog(D=4_omega=1.00_beta=1.00)","1.98","252","33"
"57","3","0x13f9dadc05f6c237b03411e2aed1800cf21a5d89","21.306589","1773030276","4fb6ea7eafadd83e7aca3633272c60e90e876e99ea22cc332e3a032d8b8b15ff","250","54","4.19","1","6","4","0.023442","0.559483","TopoStake","pog(D=4_omega=1.00_beta=1.00)","4.02","253","33"
"57","4","0xd46407aa7b668c72de3cf1c1a12b7fa2e308a1b2","2.988766","1773030279","b9db0e8b9c5e16aa373bb05b97cb3ba2f3bb0f2c1ab16a604383ea00106d1ad8","163","85.5","3.18","1","5","3","0.023661","0.560710","TopoStake","pog(D=4_omega=1.00_beta=1.00)","2.88","254","33"
"58","0","0x13f9dadc05f6c237b03411e2aed1800cf21a5d89","22.307364","1773030280","66a8ab921a1c8e199ce500617778b5e30f667740313684ff6a2b1c1bd68ff986","173","90.5","4.27","1","6","4","0.023583","0.559781","TopoStake","pog(D=3_omega=1.00_beta=1.00)","2.53","255","33"
"58","1","0xa447d277b02012c2afd9ddcbbe123f27cc971963","2.808575","1773030282","95ff72ac5dc0a930c26c76dbee04caba4b969acc1e34b21fe64d000fae394650","104","108","3.13","1","5","3","0.023814","0.561001","TopoStake","pog(D=3_omega=1.00_beta=1.00)","1.84","256","33"
"58","2","0x016d3fc36beee7caa8fbd6c1caa42461dd7f9850","15.895993","1773030284","0ba3b312bcf7b948b07c7d51a24e2fa5d4ddc9b6bda71dc94f6cb6d0ed3121e7","206","107","4.23","1","7","4","0.023733","0.559957","TopoStake","pog(D=3_omega=1.00_beta=1.00)","2.11","257","33"
"58","3","0x6414c6a8400ff3419cd81855d09de2848d770e0e","0.151599","1773030286","9dc91e5591777744b84a8e3963f91c157ef4935c5949ae5af7b4541287277458","165","86.5","3.48","1","6","3","0.023859","0.561057","TopoStake","pog(D=3_omega=1.00_beta=1.00)","1.87","258","33"
"58","4","0x52e05d9fa4faa167f30baba23c710e4f49115288","5.150342","1773030288","8af7d3a2d38b619ab7b221eec99165bd0b6c573de824480d270934f4842dffa8","176","92","4.12","1","7","4","0.023736","0.558113","TopoStake","pog(D=3_omega=1.00_beta=1.00)","1.56","259","33"
"59","0","0x4ba33404d90c4ae989714d9d174cd882cffb7994","1.115644","1773030291","d16a79be356319c6cb460fcacbf5d0ce1e913d15e2dd44223bf759f33657c5c7","153","80.5","4.29","1","7","4","0.023692","0.558293","TopoStake","pog(D=3_omega=1.00_beta=1.00)","1.64","260","33"
"59","1","0xea287b266dbe2c2d402fd91814bcfc4c95d6b0fd","3.162610","1773030292","d38e34c504aca18aa2bf2c1bf6b380e6dbcb6e97ff5b2c043ceff77344418b0d","188","66.67","4.56","1","7","4","0.023585","0.556189","TopoStake","pog(D=3_omega=1.00_beta=1.00)","2.58","261","33"
"59","2","0xb990cdf21950e6086c350175c4bc504e45858230","1.119673","1773030294","26a540e232d9bc93306e1722d56396416e94d82661c7b76d6d393d9c30e942c1","82","86","4.24","1","7","4","0.023511","0.555271","TopoStake","pog(D=3_omega=1.00_beta=1.00)","1.22","262","33"
"59","3","0xac61c91e7d24df824351a6c4e562a75f0cf646f8","2.249961","1773030296","3d842c00be21bf2886262a507dd1ba3966e3723d8b1b71e6a40e7de4c90c3b65","193","100.5","4.02","1","6","4","0.023405","0.553135","TopoStake","pog(D=3_omega=1.00_beta=1.00)","2.23","263","33"
"59","4","0x016d3fc36beee7caa8fbd6c1caa42461dd7f9850","16.896952","1773030298","c96fa57dc7806c77b697c0ff4179b8d1f01780b32500b5ca56ec7ac8998b80a2","207","107.5","3.97","1","6","4","0.023318","0.551877","TopoStake","pog(D=3_omega=1.00_beta=1.00)","2.04","264","33"
"60","0","0x28672c71695142588ed26ada6f4b18b8b6c12308","5.696040","1773030300","efe8d480b1b6a599d401089eeefd8bc1869675bb4ae006370511ce07da98b092","174","91","3.23","1","5","3","0.023454","0.552978","TopoStake","pog(D=3_omega=1.00_beta=1.00)","1.74","265","33"
"60","1","0x07902d0371763a00d97ed9ba16ff0a206cb0fd19","20.556559","1773030302","b52d1d7f88def94385bb63db106ff6b4567f880a6893942ae73ad5cfc64a26a7","175","91.5","3.47","1","5","4","0.023419","0.553351","TopoStake","pog(D=3_omega=1.00_beta=1.00)","1.47","266","33"
"60","2","0xc339f8bf978200eb65afce6c7121402eda949097","2.075824","1773030304","4e53b28db5a3f5ac51f36e1eaf2d952d53a64d077fc854b22a29299ca240be61","78","43","2.67","1","4","3","0.023607","0.554496","TopoStake","pog(D=3_omega=1.00_beta=1.00)","1.68","267","33"
"60","3","0x30405867b72597aaeb27803bb2c7f3f5fc7d5384","3.518645","1773030306","1fc2f50062e6984c9a139090e119fbb1e8f14451c03baddcb7d5b9386f5aa805","154","81","4.37","1","6","4","0.023517","0.553112","TopoStake","pog(D=3_omega=1.00_beta=1.00)","2.50","268","33"
"60","4","0x0d91704595bff3aec25d40822498a51c62b05e3a","8.581922","1773030308","cf74f77b13deb5c09fe1b3572fd3025d83ef5fc24162a1ae817f192bb5eaa21d","172","90","3.57","1","5","4","0.023449","0.552332","TopoStake","pog(D=3_omega=1.00_beta=1.00)","2.37","269","33"
"61","0","0xc577329e86aaecb006f17fb90499c54671119935","2.319541","1773030310","a1455b3486e4d8e68f4297efc491fec16586942e1cb92f25045bde1e84cc9808","196","102","3.19","1","5","3","0.023456","0.553125","TopoStake","pog(D=3_omega=1.00_beta=1.00)","2.15","270","33"
"61","1","0x016d3fc36beee7caa8fbd6c1caa42461dd7f9850","17.897756","1773030312","76ed0c68f0d4363ab632af5dd8cf928c06e74a6a36dc87881160d684d0123991","180","94","3.97","1","6","4","0.023370","0.551825","TopoStake","pog(D=3_omega=1.00_beta=1.00)","1.88","271","33"
"61","2","0x1cb1274c711a6c2e4e1596846e6ac604eeefb358","5.412362","1773030314","e2a1d2144c7fcb3921a24aa8a1970239460d06f7a9581cd9e3da521019f1abb2","191","99.5","3.21","1","5","3","0.023513","0.552905","TopoStake","pog(D=3_omega=1.00_beta=1.00)","1.80","272","33"
"61","3","0x3d92e045fb1847aae132b40ebfcc471a32f687de","0.124531","1773030316","d3044904c8aa86acf6dce77a4964d19908c4ca7eb2fe45d5944f9a8250f72746","155","55.67","3.57","1","5","4","0.023473","0.553123","TopoStake","pog(D=3_omega=1.00_beta=1.00)","2.56","273","33"
"61","4","0x30405867b72597aaeb27803bb2c7f3f5fc7d5384","4.519421","1773030318","ef34c7fbd28e482153d94041df931677df6cd2f575da3ee35b3d007759d0c231","152","80","3.99","1","6","4","0.023356","0.550240","TopoStake","pog(D=3_omega=1.00_beta=1.00)","2.52","274","33"
"62","0","0x30509a8084fdfe6fe24d9c9a817c209ad194f8e3","8.663777","1773030320","2fa8a0ebebe98e933ebfdd2617936b767bc6c5c527cc5bc05a095c6122499530","104","108","3.49","1","5","4","0.023303","0.549973","TopoStake","pog(D=3_omega=1.00_beta=1.00)","1.97","275","33"
"62","1","0x60705151f1f537cacd5b801f3ef1b31dc3f605de","2.303146","1773030322","4fe24a88b77e8c1e860293d66a1c6be1b47056bd5c50ce12a688e5f393ba16de","168","88","3.39","1","5","4","0.023310","0.550724","TopoStake","pog(D=3_omega=1.00_beta=1.00)","2.40","276","33"
"62","2","0x28672c71695142588ed26ada6f4b18b8b6c12308","6.696902","1773030324","675acf8bb20bbeae56fc188452946b64236c0fc9f78571228460a440e5edf553","200","104","4.18","1","7","4","0.023226","0.549392","TopoStake","pog(D=3_omega=1.00_beta=1.00)","2.10","277","33"
"62","3","0x075e1d95c7891e1c00414ca1aa9a7a8cf6270019","9.153547","1773030326","20d90f4e1beddcb99398ae374ff95a2ca9b6a4815473702d04833ea25b3cfb2c","202","105","4.29","1","7","4","0.023204","0.549917","TopoStake","pog(D=3_omega=1.00_beta=1.00)","1.88","278","33"
"62","4","0x2abf89d7c96c80fcff9dec1fe92803573094ee35","2.227533","1773030328","8018806c3a2a7a4557742fcb2a5958ed8f8670e661fcb3b9fe66d1b10bc8934d","178","93","3.43","1","5","4","0.023217","0.550711","TopoStake","pog(D=3_omega=1.00_beta=1.00)","1.61","279","33"
"63","0","0x016d3fc36beee7caa8fbd6c1caa42461dd7f9850","18.898970","1773030331","6482927fb508ad6cb175738ce6369eef5c76f4116102aaab03bc8d9ff75ce0db","142","75","3.99","1","6","4","0.023133","0.549312","TopoStake","pog(D=3_omega=1.00_beta=1.00)","1.50","280","33"
"63","1","0x9ba702916c26a8583a7f277d6932b3c0d9927ce0","0.193087","1773030332","b76c7ab177df3f6be3f2a352041668f993fdf6af7e0aea9498a6e44662360632","224","78.67","3.45","1","6","3","0.023281","0.550373","TopoStake","pog(D=3_omega=1.00_beta=1.00)","2.48","281","33"
"63","2","0x075e1d95c7891e1c00414ca1aa9a7a8cf6270019","10.154497","1773030334","07a30f14aec76f3a915b449e8a6a5876fd841dbe1e883e9803933dd6e3c1a0e1","72","76","4.56","2","7","5","0.023169","0.547569","TopoStake","pog(D=3_omega=1.00_beta=1.00)","1.00","282","33"
"63","3","0x282f43759e22b50aa7989261c51c367f325c3f91","10.359768","1773030336","8a7592781efe975c595e5a8c21698278a7eb72defe5b0b1b4d8573e60ba01f09","218","113","3.10","1","5","3","0.023194","0.548500","TopoStake","pog(D=3_omega=1.00_beta=1.00)","2.04","283","33"
"63","4","0x4ba33404d90c4ae989714d9d174cd882cffb7994","2.116087","1773030338","adc8a21806658169174decd2fe6036a80954c962866ecf4a09f0d224c7ffd3f0","160","84","3.88","1","6","4","0.023222","0.549405","TopoStake","pog(D=3_omega=1.00_beta=1.00)","1.67","284","33"
"64","0","0x0d91704595bff3aec25d40822498a51c62b05e3a","9.583406","1773030340","c110c9e4608483ad9bd171367b438e8ca6670e0ff7daf3f9117d7a0f7923ab1a","138","73","4.26","1","7","4","0.023137","0.547938","TopoStake","pog(D=3_omega=1.00_beta=1.00)","1.71","285","33"
"64","1","0x13f9dadc05f6c237b03411e2aed1800cf21a5d89","23.309203","1773030343","c2de391b02d4c3344c68c6982049d99fdf42693415722b705d06b4f29288953f","170","60.67","3.38","1","5","3","0.023153","0.548733","TopoStake","pog(D=3_omega=1.00_beta=1.00)","2.68","286","33"
"64","2","0x07902d0371763a00d97ed9ba16ff0a206cb0fd19","21.558151","1773030344","191dfe472ec11d3ff06708579303435476c72d5b07e72e8d8a8c4187c2676659","182","95","3.14","1","5","3","0.023355","0.549883","TopoStake","pog(D=3_omega=1.00_beta=1.00)","2.37","287","33"
"64","3","0x50f7fa851f9314d682e36da5caa4635039b5305d","8.111861","1773030346","04bea5293b01b66ded6c26054b4c27d87f4543d782357e18438ca6c0307411a2","89","93","2.82","1","5","3","0.023530","0.550974","TopoStake","pog(D=3_omega=1.00_beta=1.00)","1.96","288","33"
"64","4","0xdcf2130496e27a8094ab996aea4aa77788d65869","5.504270","1773030348","bf26d787a372951d062adb004809b734a0b218396d766002c96151e62a6c862f","167","87.5","3.29","1","5","3","0.023524","0.551594","TopoStake","pog(D=3_omega=1.00_beta=1.00)","2.40","289","33"
"65","0","0x282f43759e22b50aa7989261c51c367f325c3f91","11.360571","1773030350","f5d878be53a52df27b80e05714c211aeca678a839bf0f1ac3b25c67096f4ba71","183","95.5","3.99","1","6","4","0.023483","0.551795","TopoStake","pog(D=3_omega=1.00_beta=1.00)","2.32","290","33"
"65","1","0x30509a8084fdfe6fe24d9c9a817c209ad194f8e3","9.664532","1773030352","6877921e074e6447511d6da2e393a695b8f3c6c2358bf6ca6c0bd75eb12b20da","225","116.5","3.87","1","5","4","0.023519","0.552720","TopoStake","pog(D=3_omega=1.00_beta=1.00)","2.03","291","33"
"65","2","0xa5a12d96532497871d73549e55ab377e3dcb3a40","0.105747","1773030354","06f0d9ea3419fbfa787703f4530c37a2c05696e2bb6dd5ecf09609d6b2de343a","185","96.5","3.54","1","5","4","0.023532","0.553451","TopoStake","pog(D=3_omega=1.00_beta=1.00)","1.72","292","33"
"65","3","0xa447d277b02012c2afd9ddcbbe123f27cc971963","3.809332","1773030356","e2e4015b33d61f2cc24ed1487ecab4b3118a3f27682f27dde6c22971c65f6e9e","152","80","4.30","1","6","4","0.023420","0.550594","TopoStake","pog(D=3_omega=1.00_beta=1.00)","1.53","293","33"
"65","4","0x13f9dadc05f6c237b03411e2aed1800cf21a5d89","24.310533","1773030358","b6c2827f5bc16399e5951667e82116c5b6dcf5f6851a8020a5394746e3241a73","169","88.5","3.47","1","5","4","0.023420","0.550596","TopoStake","pog(D=3_omega=1.00_beta=1.00)","1.45","294","33"
"66","0","0xa447d277b02012c2afd9ddcbbe123f27cc971963","4.810137","1773030361","6a7aadfffafded1998d1e9156c5c707a0879aeb06b192a5c6fe0501820960cb5","169","60.33","3.15","2","5","3","0.023560","0.551087","TopoStake","pog(D=3_omega=1.00_beta=1.00)","2.53","295","33"
"66","1","0x07902d0371763a00d97ed9ba16ff0a206cb0fd19","22.559303","1773030362","a3b5b9cb9c703eedea812b26b12c9dfc647aa7ea43a888420a11ed5374e81c4a","164","86","3.45","1","5","3","0.023509","0.550934","TopoStake","pog(D=3_omega=1.00_beta=1.00)","2.48","296","33"
"66","2","0x50f7fa851f9314d682e36da5caa4635039b5305d","9.112765","1773030364","431702dfd8e1149697f3bba2c8cfee54d15d2d7cf2701807c10814fbca6b6967","163","167","2.67","1","4","3","0.023686","0.551998","TopoStake","pog(D=3_omega=1.00_beta=1.00)","1.58","297","33"
"66","3","0xa3786e459f289a76c0e8af8ad834e3d0c6d47199","5.726313","1773030366","61970b47d5ee7daaefcdb9f7860e50ea33c9f20ea00e6ce263ce94ecb6c98f41","160","84","3.49","1","5","4","0.023689","0.552642","TopoStake","pog(D=3_omega=1.00_beta=1.00)","1.61","298","33"
"66","4","0x54f496e5c1d9f95a916cf7f5b62e9c98e64a3dc5","0.039124","1773030368","ab82e80b026335c6973b25d3fb0dc16a915d08ccf84b0de98f3bcf98be169513","125","66.5","4.29","2","6","4","0.023649","0.552865","TopoStake","pog(D=3_omega=1.00_beta=1.00)","1.63","299","33"
"67","0","0x07902d0371763a00d97ed9ba16ff0a206cb0fd19","23.560302","1773030370","c6e335174d0b4c204c5e1640a021cb0acf0804f78462dcc220492877fbe61667","168","88","4.24","1","6","4","0.023537","0.549947","TopoStake","pog(D=3_omega=1.00_beta=1.00)","1.63","300","33"
"67","1","0x9ba702916c26a8583a7f277d6932b3c0d9927ce0","1.193068","1773030372","c00230e45413f717a79d1ce2a96596762bc47f5302ccb0d2ba7477ee84c3aa56","175","62.33","2.87","1","4","3","0.023537","0.549949","TopoStake","pog(D=3_omega=1.00_beta=1.00)","2.55","301","33"
"67","2","0x34d94cc0534eb50dec7956bea31407428d6d5ef8","5.086375","1773030374","8dafc3e5391a25aa12424605959ee0c71f2bb3281e4754ab0a3f7734bb626639","78","82","3.58","1","5","4","0.023441","0.548034","TopoStake","pog(D=3_omega=1.00_beta=1.00)","1.86","302","33"
"67","3","0x28672c71695142588ed26ada6f4b18b8b6c12308","7.697668","1773030376","478604916d5ccbd4b2600d0c3095e15993c29e10f0c6aec257db8524a1996791","181","94.5","3.70","1","5","4","0.023394","0.547980","TopoStake","pog(D=3_omega=1.00_beta=1.00)","2.43","303","33"
"67","4","0xdc2bc9a639e2bc25c5f57e628a7cd55f6a3d023b","0.095128","1773030378","8496c8986039c7683323d0d09400351cc46ba3056f43094e88cf26c36ddcb369","178","93","3.46","2","5","3","0.023379","0.548517","TopoStake","pog(D=3_omega=1.00_beta=1.00)","2.21","304","33"
"68","0","0x07902d0371763a00d97ed9ba16ff0a206cb0fd19","23.560737","1773030380","a6c0ae93ec39c833b76981f80791e38818e2d50d4c0dc2b60542c0849ab9b3da","162","85","4.68","1","6","5","0.023271","0.545646","TopoStake","pog(D=3_omega=1.00_beta=1.00)","2.38","305","33"
"68","1","0x07902d0371763a00d97ed9ba16ff0a206cb0fd19","23.560737","1773030382","a6c0ae93ec39c833b76981f80791e38818e2d50d4c0dc2b60542c0849ab9b3da","162","85","4.68","1","6","5","0.023271","0.545649","TopoStake","pog(D=3_omega=1.00_beta=1.00)","2.38","305","34"
"68","2","0x28672c71695142588ed26ada6f4b18b8b6c12308","8.698468","1773030384","a6c0ae93ec39c833b76981f80791e38818e2d50d4c0dc2b60542c0849ab9b3da","162","85","4.68","1","6","5","0.023271","0.545651","TopoStake","pog(D=3_omega=1.00_beta=1.00)","2.38","305","35"
"68","3","0x408bb0bf84df50b21c53c74420987f172d4036a1","0.797509","1773030387","ce29a55c830a92119e1757ccf3d7d8e4486e5585c44c139d9f302ba7397d9388","250","39.71","3.67","1","6","4","0.023269","0.546232","TopoStake","pog(D=3_omega=1.00_beta=1.00)","6.87","306","35"
"68","4","0x1796dc61e715f15a2d27dfa32bd34780f12a8c24","15.738182","1773030388","62875989f97f6d2c2ed767cae2b398f3239ff49f9302bd383bce42c16365ef8b","205","106.5","4.78","1","7","5","0.023170","0.543953","TopoStake","pog(D=3_omega=1.00_beta=1.00)","4.42","307","35"
"69","0","0x30509a8084fdfe6fe24d9c9a817c209ad194f8e3","10.665798","1773030390","c9fbe93cd7c30a396b7a056e5da12e4e447403b103d0d18f2be42bc366893d6b","79","83","3.62","2","5","4","0.023254","0.544909","TopoStake","pog(D=4_omega=1.00_beta=1.00)","1.96","308","35"
"69","1","0x50f7fa851f9314d682e36da5caa4635039b5305d","10.113482","1773030392","d9971aa74bbf3e83e511980e116bdc99b9880973131c922a016854052f66d7cf","178","93","4.03","1","6","4","0.023275","0.545738","TopoStake","pog(D=4_omega=1.00_beta=1.00)","2.43","309","35"
"69","2","0x075e1d95c7891e1c00414ca1aa9a7a8cf6270019","11.156476","1773030394","b55f14759d26be16232122c20a22ccdd3fa48eb131b0cf46da0fb4208bc30ea8","217","112.5","3.85","1","6","4","0.023289","0.546451","TopoStake","pog(D=4_omega=1.00_beta=1.00)","2.09","310","35"
"69","3","0x53be6e527cc5a7d850b5eae27b9cef342e0665f2","0.037555","1773030396","b21f8882ce5b703c0ed02e4c0ed71623597c6af2b23ad0a1130fcb2a270c2e48","184","96","3.45","1","6","4","0.023315","0.547271","TopoStake","pog(D=4_omega=1.00_beta=1.00)","1.67","311","35"
"69","4","0x71f297f96355f349d66f0e9b681e7d4e11224660","1.168710","1773030398","8eb97c2c447f5d4836450eeda91843d2ff43ce5444da4b7d4777d40bf45fab85","143","75.5","4.11","1","6","4","0.023208","0.544338","TopoStake","pog(D=4_omega=1.00_beta=1.00)","1.66","312","35"
"70","0","0x269cdf52f97e1d9f14b7be895155a7b294f0b21d","2.726047","1773030401","ffcff369106e2266a774f0bb71ae62eaa73e3b537ef6a0c6a5c3ce581270dd8b","179","93.5","4.15","1","6","4","0.023115","0.542391","TopoStake","pog(D=3_omega=1.00_beta=1.00)","1.66","313","35"
"70","1","0x075e1d95c7891e1c00414ca1aa9a7a8cf6270019","12.157463","1773030402","06e992816048194cf2830274f2ce20b5e9a315038cc40b79c436db451942ec69","172","61.33","4.09","1","6","4","0.023041","0.541285","TopoStake","pog(D=3_omega=1.00_beta=1.00)","2.45","314","35"
"70","2","0x269cdf52f97e1d9f14b7be895155a7b294f0b21d","3.726820","1773030404","248d465dd012cf5aee06743a2a72d034903e75e9a8abc15c12c7ca79726d2ef0","106","110","3.15","1","5","3","0.023078","0.542173","TopoStake","pog(D=3_omega=1.00_beta=1.00)","1.00","315","35"
"70","3","0x0d91704595bff3aec25d40822498a51c62b05e3a","10.584485","1773030406","9c367650ce55e390d00cf173985698f86867a18f4a3622cc19246eb46caa3e27","194","101","3.68","1","5","4","0.023016","0.541507","TopoStake","pog(D=3_omega=1.00_beta=1.00)","2.25","316","35"
"70","4","0xea287b266dbe2c2d402fd91814bcfc4c95d6b0fd","4.162241","1773030408","b916a0283c2e91f0175d8512e9ca5eb495a6734d8defc04bb41b74f4196ff90c","193","100.5","3.52","1","6","4","0.023035","0.542230","TopoStake","pog(D=3_omega=1.00_beta=1.00)","2.17","317","35"
"71","0","0xc339f8bf978200eb65afce6c7121402eda949097","3.075791","1773030410","6e30e8aa84449ce632890187bd6cc1fac95c38e7430e53edd25fa9720deebe57","188","98","4.24","1","7","4","0.022978","0.541723","TopoStake","pog(D=3_omega=1.00_beta=1.00)","2.06","318","35"
"71","1","0x95ab54d268473cce82094026afefdbd5cadf418b","1.595277","1773030412","95a1d18721a9faecdf73f01a90c976d6938ae438ed56d72a4f90e690409091b5","182","95","4.63","1","7","5","0.022909","0.540758","TopoStake","pog(D=3_omega=1.00_beta=1.00)","2.10","319","35"
"71","2","0x3d92e045fb1847aae132b40ebfcc471a32f687de","1.124711","1773030415","012d4d8936c930428d51182c7975b56a834def3d3b05a0c5ef33f0d89a54abd9","185","65.67","4.72","1","6","5","0.022909","0.540759","TopoStake","pog(D=3_omega=1.00_beta=1.00)","2.83","320","35"
"71","3","0x016d3fc36beee7caa8fbd6c1caa42461dd7f9850","19.901009","1773030416","8495a6370ef681f6573b46f9a40e8428a8a6bf71b0c4d939bbb3751a83cd40d1","135","71.5","4.35","1","8","5","0.022733","0.537108","TopoStake","pog(D=3_omega=1.00_beta=1.00)","2.51","321","35"
"71","4","0x075e1d95c7891e1c00414ca1aa9a7a8cf6270019","13.158234","1773030418","3e6a77aaa34dedd9933497bbfe088c2b6b5c1a0fa77f3a662814d027fb2119d7","72","76","3.64","1","6","3","0.022857","0.538097","TopoStake","pog(D=3_omega=1.00_beta=1.00)","2.06","322","35"
"72","0","0x30509a8084fdfe6fe24d9c9a817c209ad194f8e3","11.666742","1773030420","3f33671f2013781aafd61eca8185f7f26b872e1cea5ad0f9a5d1db34733a63b1","184","96","3.51","1","6","4","0.022903","0.538985","TopoStake","pog(D=4_omega=1.00_beta=1.00)","2.42","323","35"
"72","1","0x786f26993bf015cd2da6fb5d3ccd1879e01246ab","0.285658","1773030422","703ea232672930d225325abc2a25ae159c8d10d71984b11d36645a0ea07e5e0d","152","80","4.30","1","7","5","0.022932","0.539788","TopoStake","pog(D=4_omega=1.00_beta=1.00)","2.36","324","35"
"72","2","0x30509a8084fdfe6fe24d9c9a817c209ad194f8e3","12.667472","1773030424","bd98ec076c04073014dc9a36e1b5c9f5db2d60ed155ddfc1ae3003b5b130c257","215","111.5","4.48","1","6","5","0.022832","0.537122","TopoStake","pog(D=4_omega=1.00_beta=1.00)","1.98","325","35"
"72","3","0x28672c71695142588ed26ada6f4b18b8b6c12308","9.699565","1773030426","c9d0f952331fe59bb56a71d4a41e891895e7f8482b633f7997d46aaa6eca98c4","158","83","3.33","1","5","3","0.022872","0.537959","TopoStake","pog(D=4_omega=1.00_beta=1.00)","1.54","326","35"
"72","4","0x016d3fc36beee7caa8fbd6c1caa42461dd7f9850","20.901363","1773030428","f5c60971d5d3e045e9082dd4201fef659a5de8490426e25337f7df5d7eabb6de","156","82","3.63","1","5","4","0.022878","0.538569","TopoStake","pog(D=4_omega=1.00_beta=1.00)","1.51","327","35"
"73","0","0x52e05d9fa4faa167f30baba23c710e4f49115288","6.150564","1773030431","f26d94ba4676258ebad88ed17036dbab59ff9ec36323855eb1f86a7e18f751c3","156","56","3.12","1","4","3","0.023008","0.539541","TopoStake","pog(D=3_omega=1.00_beta=1.00)","2.53","328","35"
"73","1","0x50f7fa851f9314d682e36da5caa4635039b5305d","11.114387","1773030432","64edf08074c201c7ec3393a0e8584efacedda49bcc20f17f1e61e218d9cf0ac6","179","93.5","4.15","1","6","4","0.022973","0.539874","TopoStake","pog(D=3_omega=1.00_beta=1.00)","2.40","329","35"
"73","2","0x89100a8056319ba37491b32ba255004180607bc2","3.787355","1773030434","ee7487c1efcc462055e26cf42d07ab86fa5ba73e792bc3a3553bc977ab2ea83b","115","119","3.14","1","5","3","0.022993","0.540581","TopoStake","pog(D=3_omega=1.00_beta=1.00)","1.46","330","35"
"73","3","0x50f7fa851f9314d682e36da5caa4635039b5305d","12.114932","1773030436","a33c05b1568e9edbf49a5b2218cbbaaa1aa779f527a361d16b2e4c05055a63d3","189","98.5","3.81","1","5","4","0.022933","0.539885","TopoStake","pog(D=3_omega=1.00_beta=1.00)","2.04","331","35"
"73","4","0xb2a7fe70a6f3137d38f6cb4c3ec6dd1e24f2d5f4","6.422806","1773030438","f5e2bdd450853d7330398082514043eccb1527bec5a8290bdcf1c7f31f7e879b","217","112.5","3.31","1","5","3","0.022963","0.540646","TopoStake","pog(D=3_omega=1.00_beta=1.00)","1.84","332","35"
"74","0","0x377eaef292051bbf8ada05b2af76a3f3b9d722a7","0.053724","1773030440","348004fdd7888033cfc7bc5f9d76143d8eded89a5d07599336d83db2fa9c831e","133","70.5","4.13","1","6","4","0.022931","0.541014","TopoStake","pog(D=3_omega=1.00_beta=1.00)","1.69","333","35"
"74","1","0x408bb0bf84df50b21c53c74420987f172d4036a1","1.798031","1773030442","43c3df3383498f36b26adc2d926578217c0cee4f053b066d6c9b07ce3c9aa615","203","105.5","3.80","1","5","4","0.022831","0.538178","TopoStake","pog(D=3_omega=1.00_beta=1.00)","1.72","334","35"
"74","2","0x786f26993bf015cd2da6fb5d3ccd1879e01246ab","1.286638","1773030444","c63d546ba029355f826322fa6cb1e9c93fb23392bed66f733f8cde8f7657e672","179","63.67","4.48","1","7","5","0.022750","0.536655","TopoStake","pog(D=3_omega=1.00_beta=1.00)","2.49","335","35"
"74","3","0xc4dc29db975b952e04358340e56b68fa4ba63fbc","5.543408","1773030447","2f58bf4ce4607b06b668ecf1aa94a1e1d8b0140c3cfe7264502b69d6a1d60135","174","91","4.12","1","6","4","0.022664","0.534784","TopoStake","pog(D=3_omega=1.00_beta=1.00)","2.52","336","35"
"74","4","0xb2a7fe70a6f3137d38f6cb4c3ec6dd1e24f2d5f4","7.423444","1773030449","634a9dd405f9b1b3a7ef2a2cb5766e340fdca7197deb5f95f87f9fb24acd8f2d","172","90","5.27","1","7","5","0.022624","0.534875","TopoStake","pog(D=3_omega=1.00_beta=1.00)","2.45","337","35"
"75","0","0x4ba33404d90c4ae989714d9d174cd882cffb7994","3.115832","1773030451","788e6b5aff612ca8301d3db3b45f444a74982339cf282cbfc4c8117bcc90aa8d","166","87","4.18","1","6","4","0.022604","0.535341","TopoStake","pog(D=4_omega=1.00_beta=1.00)","2.52","338","35"
"75","1","0x282f43759e22b50aa7989261c51c367f325c3f91","12.361456","1773030453","9731ed705851eaab07af79935b204198b6eb8d3d0b5b630bafc44ad288d4f3eb","173","90.5","4.60","1","7","5","0.022539","0.534393","TopoStake","pog(D=4_omega=1.00_beta=1.00)","2.45","339","35"
"75","2","0x13f9dadc05f6c237b03411e2aed1800cf21a5d89","25.313678","1773030455","df2fedab815dedd61e569c486b1080c6544ac58feaf749c9d0fef6993531062a","188","98","3.81","1","6","4","0.022571","0.535129","TopoStake","pog(D=4_omega=1.00_beta=1.00)","2.19","340","35"
"75","3","0x50f7fa851f9314d682e36da5caa4635039b5305d","13.116013","1773030457","4b1d2fb6fdc38fefb80580f3d08473066340a2cbcaef42f4c0fd8f831da3b429","166","87","3.11","1","5","3","0.022737","0.536170","TopoStake","pog(D=4_omega=1.00_beta=1.00)","1.87","341","35"
"75","4","0x016d3fc36beee7caa8fbd6c1caa42461dd7f9850","21.902180","1773030459","d9168d03d7dcd1363e10fcc34758d42f2a68464ac34e238640540d594245dfba","157","82.5","3.91","1","6","4","0.022775","0.536942","TopoStake","pog(D=4_omega=1.00_beta=1.00)","1.58","342","35"
"76","0","0x1cb1274c711a6c2e4e1596846e6ac604eeefb358","6.413408","1773030462","558fe1b80e52a2b7c1d1d74be80e4a3bcd9d9cf59557f87373afa5a0178a020d","169","88.5","3.36","1","5","3","0.022903","0.537883","TopoStake","pog(D=3_omega=1.00_beta=1.00)","1.52","343","35"
"76","1","0x016d3fc36beee7caa8fbd6c1caa42461dd7f9850","22.902995","1773030463","0805897118733c39a62137c94b588421e1c466c6bf6799e8d36e1b7da5bcdcdb","141","51","3.96","1","6","4","0.022903","0.537885","TopoStake","pog(D=3_omega=1.00_beta=1.00)","2.62","344","35"
"76","2","0x1796dc61e715f15a2d27dfa32bd34780f12a8c24","16.739014","1773030465","8d81b90d8a398712a29d859e7fafdefd23450f8aa9b342d1ee7d28b3c1baa7b9","123","127","3.02","1","5","3","0.023040","0.538838","TopoStake","pog(D=3_omega=1.00_beta=1.00)","0.99","345","35"
"76","3","0x07902d0371763a00d97ed9ba16ff0a206cb0fd19","23.562060","1773030467","43f6fe9acd6f64efa192c2b7a0e666066ddd3e9920dc07c71a37371cca13351a","211","109.5","3.45","1","5","3","0.023113","0.539726","TopoStake","pog(D=3_omega=1.00_beta=1.00)","1.93","346","35"
"76","4","0x8d9e46becf415ca26aa698c9657087e6554aabda","1.386438","1773030469","f9fac65a959b804c6afa0df3937708802907b0cc9234acf13804b1f334d2bf0f","201","104.5","2.81","1","4","3","0.023254","0.540685","TopoStake","pog(D=3_omega=1.00_beta=1.00)","1.63","347","35"
"77","0","0x075e1d95c7891e1c00414ca1aa9a7a8cf6270019","14.159863","1773030471","73ffb32e09c4389dbb1d7bfa2842ac33855ad0680f0b6df72aec0b89f3a653f7","181","94.5","3.66","1","5","4","0.023169","0.538875","TopoStake","pog(D=3_omega=1.00_beta=1.00)","1.57","348","35"
"77","1","0x53be6e527cc5a7d850b5eae27b9cef342e0665f2","1.037902","1773030473","10eab95c9d2465e8f053b31ce5281a6082347544f93df42563347edc53a7aef3","186","97","3.13","1","5","3","0.023213","0.539713","TopoStake","pog(D=3_omega=1.00_beta=1.00)","1.59","349","35"
"77","2","0x28672c71695142588ed26ada6f4b18b8b6c12308","10.700340","1773030475","c45859dbc4dcecfcdd7e22def487911e618b222382d0b4e6b9cec78c10116f46","166","59.33","4.26","1","6","4","0.023125","0.537648","TopoStake","pog(D=3_omega=1.00_beta=1.00)","2.43","350","35"
"77","3","0x13f9dadc05f6c237b03411e2aed1800cf21a5d89","26.314902","1773030478","ab1fe994ceab28c8284a54dab92697b3267f90994465a198fdf109081eb00c75","182","95","4.03","1","6","4","0.023134","0.538266","TopoStake","pog(D=3_omega=1.00_beta=1.00)","2.51","351","35"
"77","4","0x1cb1274c711a6c2e4e1596846e6ac604eeefb358","6.413422","1773030480","4d2f1fbdce2321d22cdc327d1c5985c4d256a138df93d61407b06acaa6a2fe73","169","88.5","3.12","1","5","3","0.023298","0.539277","TopoStake","pog(D=3_omega=1.00_beta=1.00)","2.47","352","35"
"78","0","0xa3786e459f289a76c0e8af8ad834e3d0c6d47199","6.726526","1773030482","38e421d0709ef1a902977e12f81d813a0a17cecd7d8e65d68376c129797da77a","159","83.5","3.96","1","6","4","0.023263","0.539579","TopoStake","pog(D=3_omega=1.00_beta=1.00)","2.42","353","35"
"78","1","0x54f496e5c1d9f95a916cf7f5b62e9c98e64a3dc5","1.038937","1773030484","38e421d0709ef1a902977e12f81d813a0a17cecd7d8e65d68376c129797da77a","159","83.5","3.96","1","6","4","0.023263","0.539581","TopoStake","pog(D=3_omega=1.00_beta=1.00)","2.42","353","36"
"78","2","0x016d3fc36beee7caa8fbd6c1caa42461dd7f9850","23.903861","1773030486","3051a5d6d5a1170af20aa1c224897a150e5206bd85ef99798467b4f5d3002e2f","250","66.5","4.58","1","7","5","0.023175","0.537491","TopoStake","pog(D=3_omega=1.00_beta=1.00)","3.84","354","36"
"78","3","0x6414c6a8400ff3419cd81855d09de2848d770e0e","1.150915","1773030488","c6b6f201fffaebfb4b32aad643acbcf0ad81b2a761b362c2e8bc6fbc3da58215","243","125.5","3.09","1","5","3","0.023313","0.538424","TopoStake","pog(D=3_omega=1.00_beta=1.00)","2.26","355","36"
"78","4","0x075e1d95c7891e1c00414ca1aa9a7a8cf6270019","15.160962","1773030490","b382b78737585f82dbdad03f9fb548dfaea51193cb64137127c48887fdb99bd8","169","88.5","3.98","2","6","4","0.023226","0.536375","TopoStake","pog(D=3_omega=1.00_beta=1.00)","1.51","356","36"
"79","0","0x0d91704595bff3aec25d40822498a51c62b05e3a","11.585932","1773030492","4d9774d76627d6036734eeeabb8be13dc74d98f8c68fff54b5a6253d84cd06dd","190","99","3.17","1","5","3","0.023276","0.537203","TopoStake","pog(D=3_omega=1.00_beta=1.00)","1.51","357","36"
"79","1","0x269cdf52f97e1d9f14b7be895155a7b294f0b21d","4.727461","1773030494","053883c8d477d375754132a90e5992e4209916f016c9a157ba3234155d130e6d","143","51.67","3.32","2","5","3","0.023291","0.537845","TopoStake","pog(D=3_omega=1.00_beta=1.00)","2.52","358","36"
"79","2","0xd1cd4b808ce6b2841ad42746b64c5a047e857ef0","5.240505","1773030496","a4cf1320dc89c792dd341ebdd1612e9e42e2868d43a785d9ad1e734de9a77b8b","81","85","3.54","1","5","4","0.023239","0.537603","TopoStake","pog(D=3_omega=1.00_beta=1.00)","1.80","359","36"
"79","3","0x13f9dadc05f6c237b03411e2aed1800cf21a5d89","27.316003","1773030498","d3e94f502556d3c267c9a5b45685387466a56139845a27a81f91c7c85ce8e72d","180","94","3.95","1","6","4","0.023193","0.537538","TopoStake","pog(D=3_omega=1.00_beta=1.00)","2.43","360","36"
"79","4","0x60705151f1f537cacd5b801f3ef1b31dc3f605de","3.302872","1773030500","ccd8135ca7578ce86c2911fe967701045c69e048d672148736cd251608db3a21","202","105","3.06","1","5","3","0.023358","0.538531","TopoStake","pog(D=3_omega=1.00_beta=1.00)","2.23","361","36"
"80","0","0xf13caa2c5f6f6cf61e51290bfa7826a9140b4faf","1.040224","1773030502","44026c1e2fd6c765e4fe29f81b152f1160a3afae610b0067662d884ef4906f4e","144","76","3.94","1","6","4","0.023293","0.537656","TopoStake","pog(D=3_omega=1.00_beta=1.00)","2.23","362","36"
"80","1","0x30509a8084fdfe6fe24d9c9a817c209ad194f8e3","13.668866","1773030504","1276e0023c725ef57a1813640438add856f2ca4b1f5c7a09566d5e484450d5fb","231","119.5","4.19","1","6","4","0.023206","0.535530","TopoStake","pog(D=3_omega=1.00_beta=1.00)","2.13","363","36"
"80","2","0x1796dc61e715f15a2d27dfa32bd34780f12a8c24","17.740204","1773030506","4476a96c6446411ab85de704143dea4d43caa031cf78bb012a7a9caecd80e304","183","95.5","3.95","2","6","4","0.023239","0.536284","TopoStake","pog(D=3_omega=1.00_beta=1.00)","1.70","364","36"
"80","3","0x075e1d95c7891e1c00414ca1aa9a7a8cf6270019","16.162135","1773030508","1ec1d07363ca344499d548136596201936bae6215407eedd185de99ca93bdaf7","178","93","3.44","1","5","3","0.023310","0.537141","TopoStake","pog(D=3_omega=1.00_beta=1.00)","1.58","365","36"
"80","4","0x1cb1274c711a6c2e4e1596846e6ac604eeefb358","7.414085","1773030510","686b0749448a59e4efcddd752cdde961ccf4452a907a2dd115b7966b295108ec","149","78.5","3.42","1","6","4","0.023366","0.537951","TopoStake","pog(D=3_omega=1.00_beta=1.00)","1.48","366","36"
"81","0","0xa068e3c9a21c8d8be636cd2d285895979ec3262e","3.965680","1773030513","2154f0cf4c64376abb0c713cb21de433af583942a31573d99cd0e26b2b5425a2","164","58.67","3.92","1","6","4","0.023339","0.538340","TopoStake","pog(D=3_omega=1.00_beta=1.00)","2.46","367","36"
"81","1","0x52e05d9fa4faa167f30baba23c710e4f49115288","7.151220","1773030515","abe6690414c6844ac0a0570c2911667c82dbc63c950c4b1fb563558d54a8c68d","184","96","4.72","1","7","5","0.023280","0.537712","TopoStake","pog(D=3_omega=1.00_beta=1.00)","2.51","368","36"
"81","2","0x50f7fa851f9314d682e36da5caa4635039b5305d","14.116710","1773030517","a6bcc1eeff077f05ba721e626cd963988a5d7fd44d98790801aa53bf592de934","185","96.5","4.10","1","7","4","0.023251","0.538045","TopoStake","pog(D=3_omega=1.00_beta=1.00)","2.28","369","36"
"81","3","0x719361397abe003a91af76243e5f9c7a0cd4279f","5.544273","1773030519","71d62a5f1b3c78a4776732db66eb46c156e628d2f5fae0ae87cd2d9f46257af5","179","93.5","3.63","1","6","4","0.023286","0.538779","TopoStake","pog(D=3_omega=1.00_beta=1.00)","2.23","370","36"
"81","4","0xc774b0fee7cabbef3b1ae14bf36db3df0d32c1df","5.172560","1773030521","55bdaa41bf47ef65619cefba7a5980d0eb51c38cb6ea0b48cbaec75b4eb50d9b","158","83","3.89","1","6","4","0.023242","0.538769","TopoStake","pog(D=3_omega=1.00_beta=1.00)","2.03","371","36"
"82","0","0x13f9dadc05f6c237b03411e2aed1800cf21a5d89","28.317542","1773030523","414eaabb78c08a594e399fd1de67e6fb13edc8ebc8c534c57aaf1f951054f58c","189","98.5","4.33","1","6","4","0.023195","0.538615","TopoStake","pog(D=4_omega=1.00_beta=1.00)","1.85","372","36"
"82","1","0x89100a8056319ba37491b32ba255004180607bc2","4.787965","1773030525","40c579ddb7e52138201d99f72af972f98b72edabd4605265f446f8838e1b0eeb","196","69.33","3.33","1","5","4","0.023358","0.539581","TopoStake","pog(D=4_omega=1.00_beta=1.00)","2.72","373","36"
"82","2","0xb2a7fe70a6f3137d38f6cb4c3ec6dd1e24f2d5f4","8.423691","1773030528","40c579ddb7e52138201d99f72af972f98b72edabd4605265f446f8838e1b0eeb","196","69.33","3.33","1","5","4","0.023358","0.539583","TopoStake","pog(D=4_omega=1.00_beta=1.00)","2.72","373","37"
"82","3","0x13f9dadc05f6c237b03411e2aed1800cf21a5d89","29.318452","1773030529","6c18f89c946d00c24d446580c24aecdd8e9c0c61fe7987a51a5bcca15df86e78","250","66.5","5.16","1","9","5","0.023340","0.540038","TopoStake","pog(D=4_omega=1.00_beta=1.00)","3.92","374","37"
"82","4","0x075e1d95c7891e1c00414ca1aa9a7a8cf6270019","17.163069","1773030531","1aa71252e7889865efee75ae9a10571956017e4d2ce46a01cc411e15d12934a7","71","75","3.32","1","7","4","0.023510","0.540996","TopoStake","pog(D=4_omega=1.00_beta=1.00)","2.94","375","37"
"83","0","0x13f9dadc05f6c237b03411e2aed1800cf21a5d89","30.318787","1773030533","d8cfd1995369fd41016052c5c74ba30bd2755c84891a7490bede551cb86c5231","164","86","3.45","1","6","4","0.023569","0.541780","TopoStake","pog(D=4_omega=1.00_beta=1.00)","2.49","376","37"
"83","1","0xe184aeec69f3313df03bef8752946c65f0a70021","0.084971","1773030535","540453751b98e0ccb88b15cbb8f4f3d442431c0bebe98fb3007a7f6eefb41ba9","161","84.5","3.28","1","6","3","0.023745","0.542730","TopoStake","pog(D=4_omega=1.00_beta=1.00)","2.37","377","37"
"83","2","0xc774b0fee7cabbef3b1ae14bf36db3df0d32c1df","6.173248","1773030537","58f21508968584b0f2bb94cac65c7ac79d0c5b15fdcab6702b166b7df540146d","204","106","4.10","1","6","4","0.023650","0.540123","TopoStake","pog(D=4_omega=1.00_beta=1.00)","1.99","378","37"
"83","3","0x13f9dadc05f6c237b03411e2aed1800cf21a5d89","31.319687","1773030539","b0999ecd9e841bde52ddb797a2bdc64810b83a1cf352be3f05703447085d303f","167","87.5","3.99","1","6","4","0.023610","0.540287","TopoStake","pog(D=4_omega=1.00_beta=1.00)","1.77","379","37"
"83","4","0xac768e60b9269babb15cb1e36ee843243d7c7543","4.716461","1773030541","571d0c098aaf90f96d260e96ebf38f18f794ffc82c4c146fed54eb2cb3ee42fc","170","89","3.21","1","5","3","0.023792","0.541235","TopoStake","pog(D=4_omega=1.00_beta=1.00)","1.61","380","37"
"84","0","0x13f9dadc05f6c237b03411e2aed1800cf21a5d89","32.320517","1773030544","981551de93d892dd7221a8bb07b159ca804d0b5c40cdd45260f05eb32fb6cc4f","197","102.5","4.20","1","6","4","0.023738","0.540890","TopoStake","pog(D=3_omega=1.00_beta=1.00)","1.54","381","37"
"84","1","0x311eb133eb413ac3f21249889bb101e5d40820ce","2.132389","1773030545","d3e41806b7db6de35d0160053839bf1fc830403c0e52010dccdbe5ef68535139","174","62","3.26","1","5","3","0.023927","0.541832","TopoStake","pog(D=3_omega=1.00_beta=1.00)","2.56","382","37"
"84","2","0xc339f8bf978200eb65afce6c7121402eda949097","4.075534","1773030547","f3076eae6abc43e30282a27a58f3e35dead994080235f6cbd56782df2e785f44","73","77","3.74","1","5","4","0.023850","0.540551","TopoStake","pog(D=3_omega=1.00_beta=1.00)","1.00","383","37"
"84","3","0xb990cdf21950e6086c350175c4bc504e45858230","2.119378","1773030549","fbffa737f33b35266229b6c52f1cc3040199e2bc6ada7897cb03d1f87eb59140","191","99.5","4.91","1","7","5","0.023791","0.539938","TopoStake","pog(D=3_omega=1.00_beta=1.00)","2.43","384","37"
"84","4","0x71f297f96355f349d66f0e9b681e7d4e11224660","2.168779","1773030551","e34fc096391b0081c8ffea36cca13a8e134c11de94d5747eb11bb110c4a6fa09","158","83","4.04","1","6","4","0.023714","0.538618","TopoStake","pog(D=3_omega=1.00_beta=1.00)","2.42","385","37"
"85","0","0x016d3fc36beee7caa8fbd6c1caa42461dd7f9850","24.906364","1773030553","4905cd4e21ec346d33686cc163c35b351d710aa5f93e4a715f7c3d47b4b6623a","190","99","4.06","2","6","4","0.023639","0.537287","TopoStake","pog(D=4_omega=1.00_beta=1.00)","2.41","386","37"
"85","1","0x13f9dadc05f6c237b03411e2aed1800cf21a5d89","33.321754","1773030555","27670ae7fc1fb0df9abbbc999e0dd0658501631f18ff8fcdd32c1292622df6f4","211","109.5","3.25","1","6","3","0.023759","0.538186","TopoStake","pog(D=4_omega=1.00_beta=1.00)","1.91","387","37"
"85","2","0xa447d277b02012c2afd9ddcbbe123f27cc971963","5.810219","1773030557","dc3d146a7e5c0f171df32304080ed3b422464b964f156ecd15b8f8351999caa1","178","93","3.50","1","6","4","0.023950","0.539122","TopoStake","pog(D=4_omega=1.00_beta=1.00)","1.61","388","37"
"85","3","0x28672c71695142588ed26ada6f4b18b8b6c12308","11.701247","1773030559","1e129097e95d56b23232fdc7b28b3af5fe52a84c216c0ef67aab5de1e571aa9d","173","61.67","4.26","2","6","4","0.023951","0.539124","TopoStake","pog(D=4_omega=1.00_beta=1.00)","2.56","389","37"
"85","4","0x60705151f1f537cacd5b801f3ef1b31dc3f605de","4.303174","1773030562","492b946b603c72731bdbd7c8c6679410bcf6cf47ae9975572dfab33ec6195ec3","175","91.5","4.26","1","7","4","0.023911","0.539694","TopoStake","pog(D=4_omega=1.00_beta=1.00)","2.45","390","37"
"86","0","0x50f7fa851f9314d682e36da5caa4635039b5305d","15.117700","1773030563","e41d34bc49021ada838963a164ad0279bf54adbe4787369661ec6463b56ade36","153","80.5","4.51","1","7","5","0.023853","0.539151","TopoStake","pog(D=3_omega=1.00_beta=1.00)","2.46","391","37"
"86","1","0xb2a7fe70a6f3137d38f6cb4c3ec6dd1e24f2d5f4","9.424536","1773030565","7f615ab0ca3fcf45193636e0cb4d61a3b0fc8fac4adf88cead2cfd71055f7c0d","82","86","4.15","1","7","4","0.023887","0.539873","TopoStake","pog(D=3_omega=1.00_beta=1.00)","1.93","392","37"
"86","2","0x07902d0371763a00d97ed9ba16ff0a206cb0fd19","24.563552","1773030567","c987b3607987a322fcc59103580e5acddd2e10488da22f1d205f18c32f48f7c4","170","89","4.88","1","7","5","0.023872","0.540346","TopoStake","pog(D=3_omega=1.00_beta=1.00)","2.26","393","37"
"86","3","0xd39dbd3662315e3935ec08e6b6028e73b3c09de2","0.917225","1773030569","1e2ec3bfcf03318871314c33c560705f34042584acd6786090b1913141e41c75","215","111.5","2.75","1","4","3","0.023984","0.541184","TopoStake","pog(D=3_omega=1.00_beta=1.00)","1.97","394","37"
"86","4","0xcdc82b7c868072205a399d0f68e6e3ad3bfd1ca6","0.200613","1773030571","aa7b06bbd9096bf7c00e10234dc68bbde36224425133efe3182e7ad5b648424c","131","69.5","5.00","2","7","5","0.023898","0.539077","TopoStake","pog(D=3_omega=1.00_beta=1.00)","1.68","395","37"
"87","0","0xc339f8bf978200eb65afce6c7121402eda949097","5.075971","1773030574","d24747787d8c33292e122dc906c9bb8c1d194bf576cc8f14b1636f686e6bf101","206","107","3.68","1","5","4","0.023807","0.536595","TopoStake","pog(D=3_omega=1.00_beta=1.00)","1.75","396","37"
"87","1","0x30509a8084fdfe6fe24d9c9a817c209ad194f8e3","14.669943","1773030575","35d320994bb0a27935fb0dc8333613cb0b370cc805968864c6fcb547837774f1","140","50.67","4.41","1","6","5","0.023756","0.536339","TopoStake","pog(D=3_omega=1.00_beta=1.00)","2.49","397","37"
"87","2","0x07902d0371763a00d97ed9ba16ff0a206cb0fd19","25.564878","1773030577","a300ffc445da8d3b6cdc4ceb356312a8d59b79995d7fcc042572ca175cfcbb15","70","74","3.47","1","5","3","0.023785","0.537017","TopoStake","pog(D=3_omega=1.00_beta=1.00)","1.03","398","37"
"87","3","0x075e1d95c7891e1c00414ca1aa9a7a8cf6270019","18.164589","1773030579","2e7f21ad248b330ca80b4896d819fb44e4624fd12c32434ebd9be4db7dc33be9","174","91","2.64","1","4","3","0.023902","0.537880","TopoStake","pog(D=3_omega=1.00_beta=1.00)","2.27","399","37"
"87","4","0x24898fcb116b48cb2b6fd5d3b4eb599fee0f4633","0.048181","1773030581","9e979351a7162bd05eedea92be65698eaaa05c2e92e1ce0f386eb0ab2fbbc8d2","180","94","3.05","1","5","3","0.023957","0.538649","TopoStake","pog(D=3_omega=1.00_beta=1.00)","2.11","400","37"
"88","0","0x53be6e527cc5a7d850b5eae27b9cef342e0665f2","2.038364","1773030583","00ef3a78b431b34839d3d8d23c4e2d9805cf67883ca3505d620f0e00c366575a","161","84.5","3.88","2","6","4","0.023865","0.536072","TopoStake","pog(D=3_omega=1.00_beta=1.00)","1.86","401","37"
"88","1","0x1cb1274c711a6c2e4e1596846e6ac604eeefb358","8.415176","1773030585","08a311dfd04682907bdde81b4e7a1f1e303710ca0ef0ff822aefd0b9925bc041","178","93","3.56","1","5","4","0.023790","0.534690","TopoStake","pog(D=3_omega=1.00_beta=1.00)","1.72","402","37"
"88","2","0x075e1d95c7891e1c00414ca1aa9a7a8cf6270019","19.165518","1773030587","a771f40b848e25c0d50b3f6016fa31afe3d6fb4c42960391d2544d94ed593f76","170","89","3.61","1","5","4","0.023767","0.535088","TopoStake","pog(D=3_omega=1.00_beta=1.00)","1.58","403","37"
"88","3","0x269cdf52f97e1d9f14b7be895155a7b294f0b21d","5.727468","1773030589","8acec59ea51fb8e92d2d2810baf2bb43abba83a6634b91b4af9ffb34be6937ce","143","51.67","3.21","2","5","3","0.023767","0.535090","TopoStake","pog(D=3_omega=1.00_beta=1.00)","2.52","404","37"
"88","4","0x075e1d95c7891e1c00414ca1aa9a7a8cf6270019","19.165478","1773030592","4d0e1a95f993028ed6e79282faf230520193ab8a4abbe2c85b29915785d9bba7","175","91.5","3.70","1","5","4","0.023722","0.535024","TopoStake","pog(D=3_omega=1.00_beta=1.00)","2.47","405","37"
"89","0","0x37cc7a82e66d4f4c2ae13b9ee895d3af1a1d7a05","1.262270","1773030594","0d38d46f537b34932a72125a72cf5726b7cfc0de7f3f10a2276ccfc71c6389b9","145","76.5","3.14","1","5","3","0.023784","0.535815","TopoStake","pog(D=3_omega=1.00_beta=1.00)","2.46","406","37"
"89","1","0x24898fcb116b48cb2b6fd5d3b4eb599fee0f4633","1.048896","1773030596","0d38d46f537b34932a72125a72cf5726b7cfc0de7f3f10a2276ccfc71c6389b9","145","76.5","3.14","1","5","3","0.023784","0.535816","TopoStake","pog(D=3_omega=1.00_beta=1.00)","2.46","406","38"
"89","2","0x4ba33404d90c4ae989714d9d174cd882cffb7994","4.115672","1773030598","c39953672cf148eccf0f51ab158e29d11e21e07656ea2f76235a171c8fe22fef","250","66.5","3.70","1","6","4","0.023702","0.533798","TopoStake","pog(D=3_omega=1.00_beta=1.00)","3.86","407","38"
"89","3","0x282f43759e22b50aa7989261c51c367f325c3f91","13.361856","1773030600","0b3b830116708771c1640629e0da3ed0832c65a2bbd8095031f158d9a1239b8f","159","83.5","4.46","2","6","4","0.023644","0.533172","TopoStake","pog(D=3_omega=1.00_beta=1.00)","2.53","408","38"
"89","4","0x07902d0371763a00d97ed9ba16ff0a206cb0fd19","26.566304","1773030602","07d5487c3a629f7d12885b3464f23282cba7bf904ae484adb80d33f018570c29","224","116","3.94","1","5","4","0.023660","0.533803","TopoStake","pog(D=3_omega=1.00_beta=1.00)","1.88","409","38"
"90","0","0x30405867b72597aaeb27803bb2c7f3f5fc7d5384","5.518653","1773030604","8b1c2333675f32afcaab45a6593fd197f8d22a175b3c0cf91ba9eedaf361f01f","189","98.5","2.77","1","4","3","0.023778","0.534669","TopoStake","pog(D=3_omega=1.00_beta=1.00)","1.61","410","38"
"90","1","0x07902d0371763a00d97ed9ba16ff0a206cb0fd19","27.567249","1773030607","15006a695a5b51c5c45f32679ce5e09ba2c5baf4f30c63080d1bab259eccc475","172","61.33","3.56","1","5","4","0.023779","0.534671","TopoStake","pog(D=3_omega=1.00_beta=1.00)","2.53","411","38"
"90","2","0x07902d0371763a00d97ed9ba16ff0a206cb0fd19","27.567249","1773030608","15006a695a5b51c5c45f32679ce5e09ba2c5baf4f30c63080d1bab259eccc475","172","61.33","3.56","1","5","4","0.023779","0.534673","TopoStake","pog(D=3_omega=1.00_beta=1.00)","2.53","411","39"
"90","3","0x687bf2437a044a3e42ff2f8a79a8e54ba9601f70","2.064589","1773030610","15006a695a5b51c5c45f32679ce5e09ba2c5baf4f30c63080d1bab259eccc475","172","61.33","3.56","1","5","4","0.023732","0.534496","TopoStake","pog(D=3_omega=1.00_beta=1.00)","2.53","411","40"
"90","4","0xc774b0fee7cabbef3b1ae14bf36db3df0d32c1df","7.173426","1773030612","febb6678c68277721e19d00822a22ebf644d4a27b7701fe788a69902f53681cb","250","54","3.85","1","6","4","0.023658","0.533115","TopoStake","pog(D=3_omega=1.00_beta=1.00)","4.97","412","40"
"91","0","0x2abf89d7c96c80fcff9dec1fe92803573094ee35","3.226487","1773030614","65d948d486772f288e68377ab32ef77dcbf4d80f3ee2afe00ecd2701b02a1965","82","45","4.28","1","6","5","0.023625","0.533391","TopoStake","pog(D=3_omega=1.00_beta=1.00)","2.01","413","40"
"91","1","0xf6e059718dbd0a0956726ab97d06bad5efc6cd18","5.013501","1773030616","a6da28675f6c4733d445d76326b045f99e2a8ad122eea3d4768ad0c8a7020039","175","91.5","3.65","1","6","4","0.023561","0.532531","TopoStake","pog(D=3_omega=1.00_beta=1.00)","2.30","414","40"
"91","2","0x3d92e045fb1847aae132b40ebfcc471a32f687de","2.124521","1773030618","ad47828c53d611f0965ffc8f67e8dbc4f8a3260b4f232a67f638782eb5eb9572","239","123.5","3.92","1","5","4","0.023511","0.532199","TopoStake","pog(D=3_omega=1.00_beta=1.00)","1.95","415","40"
"91","3","0x0d91704595bff3aec25d40822498a51c62b05e3a","12.587936","1773030620","17234c2ec6eac1650216951a77b96e68d83c8f89d974534414156b3f2e8a7daf","139","73.5","3.81","1","6","4","0.023439","0.530826","TopoStake","pog(D=3_omega=1.00_beta=1.00)","1.49","416","40"
"91","4","0xd3997be86c88837e3fd467517b943590b28fa641","0.051330","1773030622","d267d20d85a3dc47386987d0da998ec648892e58da540aa6bf936f0b27a5d312","165","86.5","3.27","2","5","3","0.023448","0.531408","TopoStake","pog(D=3_omega=1.00_beta=1.00)","1.52","417","40"
"92","0","0xb2a7fe70a6f3137d38f6cb4c3ec6dd1e24f2d5f4","10.424690","1773030625","022ec01a57b64afe6ecfd66d7fe6b5bb6d28d059701ba807bc1702a1fcc31b1d","156","56","4.19","1","6","4","0.023448","0.531410","TopoStake","pog(D=3_omega=1.00_beta=1.00)","2.51","418","40"
"92","1","0x07902d0371763a00d97ed9ba16ff0a206cb0fd19","27.567773","1773030626","51545c61f89f859c86ce2710daf8bf61622d5f931a152700560983f8731ee8c0","185","96.5","4.96","1","7","5","0.023353","0.529399","TopoStake","pog(D=3_omega=1.00_beta=1.00)","2.46","419","40"
"92","2","0xc24b36dee27726233c3bbd9e1f028f98b6b2a424","10.414670","1773030628","51545c61f89f859c86ce2710daf8bf61622d5f931a152700560983f8731ee8c0","185","96.5","4.96","1","7","5","0.023353","0.529401","TopoStake","pog(D=3_omega=1.00_beta=1.00)","2.46","419","41"
"92","3","0x0d91704595bff3aec25d40822498a51c62b05e3a","13.588853","1773030630","67e4ed89e75fdb98bb2f32ff9e8fe0aa8b854f4f79fd05f080d8632053edd321","228","80","4.19","1","7","4","0.023345","0.529870","TopoStake","pog(D=3_omega=1.00_beta=1.00)","2.52","420","41"
"92","4","0x2abf89d7c96c80fcff9dec1fe92803573094ee35","4.227283","1773030632","5abd050fe35d3f59a60f6636e79d12b30b536748f406e8b2a092a90a582b0591","162","85","3.46","1","6","3","0.023360","0.530463","TopoStake","pog(D=3_omega=1.00_beta=1.00)","2.17","421","41"
"93","0","0x016d3fc36beee7caa8fbd6c1caa42461dd7f9850","25.908014","1773030634","9e9ec113ba097abc1c4ccca2f032d73be8b99b0cac957ff892ad46f59b792c12","205","106.5","3.69","1","6","4","0.023305","0.529855","TopoStake","pog(D=4_omega=1.00_beta=1.00)","1.80","422","41"
"93","1","0x28672c71695142588ed26ada6f4b18b8b6c12308","12.701891","1773030636","ac3230a424ce6440ee9930221c13807a1700bda93fe98a46a92d4acea65ee9df","159","83.5","3.35","1","5","3","0.023412","0.530668","TopoStake","pog(D=4_omega=1.00_beta=1.00)","1.74","423","41"
"93","2","0x016d3fc36beee7caa8fbd6c1caa42461dd7f9850","26.908789","1773030638","2be88d0776833730d3898cc3065bc062038602133b020027b2b9f3e20b420403","170","89","3.66","1","6","4","0.023412","0.530670","TopoStake","pog(D=4_omega=1.00_beta=1.00)","1.46","424","41"
"93","3","0x075e1d95c7891e1c00414ca1aa9a7a8cf6270019","20.167151","1773030641","132c8085280d90c26838a760d6948d501efdcafe7b38b74425e0d044a203eaf6","160","57.33","3.08","1","5","3","0.023413","0.530671","TopoStake","pog(D=4_omega=1.00_beta=1.00)","2.49","425","41"
"93","4","0x213068cb42718d1dd6d00a6d94d62a3def0e68eb","0.367537","1773030642","580a6a596627145da6f6bfa1cd0e4dcb6c7b656e2441a0c7264ed88a3874a485","176","92","3.01","1","5","3","0.023476","0.531443","TopoStake","pog(D=4_omega=1.00_beta=1.00)","2.45","426","41"
"94","0","0x13f9dadc05f6c237b03411e2aed1800cf21a5d89","34.324416","1773030644","c0aed32f933ba42cea6db2103909f8b117da3487b6a6dabcfbcfc939b9b21373","78","82","3.56","1","5","4","0.023392","0.529097","TopoStake","pog(D=3_omega=1.00_beta=1.00)","1.96","427","41"
"94","1","0xa7e4d4d949807065ebf85adc1be8c382c7236c15","2.213706","1773030646","7c6d6fc06bc8cf9760815a8ff9902578ead0f0eb313b0f8834e66bfd691fb1a0","207","107.5","3.06","1","5","3","0.023560","0.529984","TopoStake","pog(D=3_omega=1.00_beta=1.00)","2.29","428","41"
"94","2","0x71f297f96355f349d66f0e9b681e7d4e11224660","3.169060","1773030648","05a54506cdf7d28c667f334e07a7a72fbafe250f2a0c770399cccd0b0fc84dbc","191","99.5","3.79","1","6","4","0.023489","0.528655","TopoStake","pog(D=3_omega=1.00_beta=1.00)","1.85","429","41"
"94","3","0x53be6e527cc5a7d850b5eae27b9cef342e0665f2","3.038907","1773030650","bd6b1c0485096ec10ca56c00ff001a1412f6bb4fb5851498d45534516df6ea20","197","102.5","3.93","1","5","4","0.023426","0.527776","TopoStake","pog(D=3_omega=1.00_beta=1.00)","1.78","430","41"
"94","4","0x54f496e5c1d9f95a916cf7f5b62e9c98e64a3dc5","2.038592","1773030652","a00abee902a5b43e57cf1c09157608280231bd50264b7cc0cd8ffd8ad2cee90f","199","103.5","3.53","1","5","4","0.023363","0.526821","TopoStake","pog(D=3_omega=1.00_beta=1.00)","1.71","431","41"
"95","0","0xc339f8bf978200eb65afce6c7121402eda949097","6.076049","1773030654","e3a49d30d2b305970fde4d9a4879ea5f673fbafc09fe79c88dba62ce604af331","181","94.5","4.17","1","5","4","0.023292","0.525386","TopoStake","pog(D=3_omega=1.00_beta=1.00)","1.48","432","41"
"95","1","0xb7b4ee0a72bc410bf6d32b9cd3f3e11fc756d6f1","1.077392","1773030656","9b044b9b8fb0926d117ada51b7851f10e788dde7022d7b3343748d6feab4809f","177","63","4.38","1","6","4","0.023252","0.525428","TopoStake","pog(D=3_omega=1.00_beta=1.00)","2.46","433","41"
"95","2","0x1796dc61e715f15a2d27dfa32bd34780f12a8c24","18.741485","1773030658","248df959051faefae55991ba35533f87075b62dff317c5f40c63e3e5beea7223","149","78.5","4.04","1","6","4","0.023175","0.523495","TopoStake","pog(D=3_omega=1.00_beta=1.00)","2.48","434","41"
"95","3","0x016d3fc36beee7caa8fbd6c1caa42461dd7f9850","26.908786","1773030660","cc0617f0b8558a0e0f53c01ee85dec4d3c6fdd689699690530c79f39bbb4533e","82","86","3.20","1","5","3","0.023225","0.524229","TopoStake","pog(D=3_omega=1.00_beta=1.00)","1.96","435","41"
"95","4","0x89100a8056319ba37491b32ba255004180607bc2","4.787486","1773030662","bc19e2ff469871ef6dc0d9cf9d6ae44ed0592e5a1e83a5e44dba47d1d6041c20","165","86.5","3.06","1","5","3","0.023334","0.525049","TopoStake","pog(D=3_omega=1.00_beta=1.00)","2.42","436","41"
"96","0","0x3d92e045fb1847aae132b40ebfcc471a32f687de","3.125040","1773030664","aa92ed00b91da1de352695aea09fd1c7f7fa485b70310a9ff9e04823480d1704","196","102","3.76","1","5","4","0.023283","0.524628","TopoStake","pog(D=3_omega=1.00_beta=1.00)","2.41","437","41"
"96","1","0x4ba33404d90c4ae989714d9d174cd882cffb7994","5.115874","1773030666","0058d8214f3244128e852dd119aae4bc5dabee6654789b253b2100d752e01046","203","105.5","3.81","1","6","4","0.023221","0.523687","TopoStake","pog(D=3_omega=1.00_beta=1.00)","2.18","438","41"
"96","2","0x52e05d9fa4faa167f30baba23c710e4f49115288","8.151720","1773030668","64ced165bf2a36f3a0b10ebe788c976c1dfd802a70f6985d33df3c758388fad6","153","80.5","4.48","2","7","4","0.023174","0.523349","TopoStake","pog(D=3_omega=1.00_beta=1.00)","1.99","439","41"
"96","3","0xc24b36dee27726233c3bbd9e1f028f98b6b2a424","11.415470","1773030670","d674dda42cf0ed0088336af3553dcc83d943a3273b1b0297f7e80f629fe44d40","168","88","4.40","1","8","4","0.023148","0.523700","TopoStake","pog(D=3_omega=1.00_beta=1.00)","1.85","440","41"
"96","4","0x95ab54d268473cce82094026afefdbd5cadf418b","2.594087","1773030672","dde5edf482e7214ee76c157914aff447f6cca528ca59e109b2a947c5ed341978","170","89","4.26","1","6","4","0.023145","0.524200","TopoStake","pog(D=3_omega=1.00_beta=1.00)","1.65","441","41"
"97","0","0x81193196c1dbdbf80709d43a5af5ce21c201fbd7","1.836986","1773030675","de984a2c1fcfd9722c49fa22fe1ee4ea21bf2b05c123e4257febf618e2c1380f","174","62","4.59","1","7","5","0.023145","0.524202","TopoStake","pog(D=4_omega=1.00_beta=1.00)","2.51","442","41"
"97","1","0x53be6e527cc5a7d850b5eae27b9cef342e0665f2","4.039889","1773030676","de984a2c1fcfd9722c49fa22fe1ee4ea21bf2b05c123e4257febf618e2c1380f","174","62","4.59","1","7","5","0.023080","0.523025","TopoStake","pog(D=4_omega=1.00_beta=1.00)","2.51","442","42"
"97","2","0xc774b0fee7cabbef3b1ae14bf36db3df0d32c1df","8.173332","1773030678","903da4d24190e995f98ddecdc301c720bd8e4e9c3167ebac524a804682b6fe7f","250","87.33","4.13","1","6","4","0.023026","0.522339","TopoStake","pog(D=4_omega=1.00_beta=1.00)","2.67","443","42"
"97","3","0x4ba33404d90c4ae989714d9d174cd882cffb7994","6.116297","1773030680","2cfd7496233c7de86d342a4f89ef117a6df40f824d0b79a7a9b06c45c7603bc1","172","90","3.95","2","6","4","0.023001","0.522654","TopoStake","pog(D=4_omega=1.00_beta=1.00)","2.19","444","42"
"97","4","0x9ba702916c26a8583a7f277d6932b3c0d9927ce0","2.191097","1773030682","89f85de78965fa217ea12be000e7c58a4a3aa2863edbe5a410d505af1e941ec7","161","84.5","4.36","1","7","4","0.022961","0.522680","TopoStake","pog(D=4_omega=1.00_beta=1.00)","2.11","445","42"
"98","0","0x1cb1274c711a6c2e4e1596846e6ac604eeefb358","9.416261","1773030684","fb85000b3938fe39f0f43f4f89d996f6b283479ca6cc0b32a1e456681a27a085","168","88","4.95","1","7","5","0.022894","0.521295","TopoStake","pog(D=4_omega=1.00_beta=1.00)","2.28","446","42"
"98","1","0x075e1d95c7891e1c00414ca1aa9a7a8cf6270019","21.168955","1773030687","318a6d0cb65716ad918141af9a06aa14111e1c0bc7419d4587f8a5134d741789","199","70.33","4.14","1","6","4","0.022878","0.521722","TopoStake","pog(D=4_omega=1.00_beta=1.00)","2.92","447","42"
"98","2","0x60705151f1f537cacd5b801f3ef1b31dc3f605de","5.303044","1773030689","48ba903e42c935302aaa764ffb8cdbf3fdb9ca3025fa2e2adcdda727cc5cee92","182","95","3.29","1","6","3","0.022942","0.522479","TopoStake","pog(D=4_omega=1.00_beta=1.00)","2.42","448","42"
"98","3","0x2abf89d7c96c80fcff9dec1fe92803573094ee35","5.227771","1773030691","abb8dfa4f5554f47b038b74ddf030c16f6f81f4f76b37e50ad0fb66e385330e4","170","89","4.36","1","7","4","0.022896","0.522164","TopoStake","pog(D=4_omega=1.00_beta=1.00)","2.49","449","42"
"98","4","0xa9a524611994a27dd3134d643379aa14edf7cb39","2.090103","1773030693","545ca00aac33fc36f07fbdd9b4e5108a12f96b40643b21b78be2a8c9c1696711","183","95.5","3.83","1","6","4","0.022851","0.521799","TopoStake","pog(D=4_omega=1.00_beta=1.00)","2.53","450","42"
"99","0","0x075e1d95c7891e1c00414ca1aa9a7a8cf6270019","22.170007","1773030695","43be968f4d4901fe2f448039c587a44e962eca99780889e2c4f57c06a2d601a5","228","118","3.81","1","8","5","0.022785","0.520355","TopoStake","pog(D=3_omega=1.00_beta=1.00)","104.50","451","42"
"99","1","0xa3786e459f289a76c0e8af8ad834e3d0c6d47199","6.725847","1773030697","8ef9c740c616fa5261edb7425536ebaec230ece3873d21a2cdf675f360954578","228","118","3.31","1","5","3","0.022854","0.521109","TopoStake","pog(D=3_omega=1.00_beta=1.00)","2.22","452","42"
"99","2","0x71f297f96355f349d66f0e9b681e7d4e11224660","4.169815","1773030699","44b9a242f47d55e275c141be0748ecaf2c1e0f3ae7a308c724c520104a68ecd6","149","78.5","4.55","1","7","5","0.022819","0.521309","TopoStake","pog(D=3_omega=1.00_beta=1.00)","1.72","453","42"
"99","3","0x282f43759e22b50aa7989261c51c367f325c3f91","14.362965","1773030701","0e20b9e8db3a34c965dce11086988bd95e0e30565d84c24e7e403de6359066e4","184","65.33","4.37","1","7","5","0.022767","0.520646","TopoStake","pog(D=3_omega=1.00_beta=1.00)","2.62","454","42"
"99","4","0x13f9dadc05f6c237b03411e2aed1800cf21a5d89","35.326785","1773030704","a8a9a59f661021ece3b47c94677fd98035a916d494e0f58010953fcfd907c659","159","83.5","4.07","2","6","4","0.022783","0.521242","TopoStake","pog(D=3_omega=1.00_beta=1.00)","2.52","455","42"
