epoch,slot,miner,proposer_stake,timestamp,block_hash,tx_count,throughput,avg_path_length,min_path_length,max_path_length,median_path_length,stake_concentration,gini_coefficient,consensus_type,consensus_state,avg_tx_delay_s,block_production_success,block_production_failed
0,2,0x4ba33404d90c4ae989714d9d174cd882cffb7994,1.119302,1772617055,0061fd8e1a468901c165e17a5c6f4ded9edd75eed2ea0714fd580f70c1ae8c6a,1,0.00,1.00,1,1,1,0.024404,0.600012,TopoStake,pog(D=0_omega=1.00),0.00,0,0
0,3,0x282f43759e22b50aa7989261c51c367f325c3f91,0.353497,1772617057,ee62be047ad2afa593f8ea94981a2a487f7ee10a27a6ba4e5396dbe29e48baf4,209,41.80,4.44,1,6,4,0.024242,0.599305,TopoStake,pog(D=0_omega=1.00),1.49,1,0
0,4,0x4ba33404d90c4ae989714d9d174cd882cffb7994,2.119262,1772617059,e873508cdfd740f25dcc87d86cc48f976bcf156d9c902f3cbf1b53ed94990e65,187,93.50,3.94,1,6,4,0.023933,0.595749,TopoStake,pog(D=0_omega=1.00),1.46,2,0
1,0,0x07902d0371763a00d97ed9ba16ff0a206cb0fd19,2.532566,1772617061,dc50b0d3c309cd74a39682ffc632014fd6f8763a0b43a53950b693ddcdc7ca9a,164,82.00,4.48,1,6,5,0.023964,0.597072,TopoStake,pog(D=1_omega=1.00),1.46,3,0
1,1,0xcb7977f4997b4252c0152e135dd79b3cfe35c1a5,0.629007,1772617063,ce75d4d12e9333697d7e6c50633e50348e3570de503a8b1bcd813ce4f9451665,170,85.00,2.70,1,4,3,0.024067,0.598854,TopoStake,pog(D=1_omega=1.00),1.50,4,0
1,2,0xe6ebb0cdfd04183d498964e5efc4096ba77b17d6,4.294550,1772617065,7b3d593e2f821b57cf91ec11bd2d158e619543d297e5c0345089fb5880d74861,188,62.67,4.26,1,6,4,0.023816,0.596435,TopoStake,pog(D=1_omega=1.00),2.52,5,0
1,3,0x13f9dadc05f6c237b03411e2aed1800cf21a5d89,0.278035,1772617067,8531776f61bd91188b4400c0de4db4254c6ffbc432ee348e01daff8b192871e5,200,100.00,4.08,1,6,4,0.024222,0.600028,TopoStake,pog(D=1_omega=1.00),2.50,6,0
1,4,0x269cdf52f97e1d9f14b7be895155a7b294f0b21d,0.726521,1772617069,4a328e14f9808aed98b034cd7173f6af38dc48c7d0c9cbc6da67bd981dd8f4a0,186,93.00,3.14,1,5,3,0.023908,0.595930,TopoStake,pog(D=1_omega=1.00),2.54,7,0
2,0,0xa7e4d4d949807065ebf85adc1be8c382c7236c15,0.218586,1772617071,2006538c3728b26d906fe262be15f033e8b128f3ab01c4341ecb76103a53c228,173,86.50,3.94,1,6,4,0.023677,0.593676,TopoStake,pog(D=2_omega=1.00),2.42,8,0
2,1,0xdcf2130496e27a8094ab996aea4aa77788d65869,4.505802,1772617073,a7e419c863ab8d512c0fc10b47711d4564c21ee9933a70e81a2eb308b340458e,211,105.50,4.00,1,6,4,0.023366,0.589111,TopoStake,pog(D=2_omega=1.00),2.55,9,0
2,2,0xdcf2130496e27a8094ab996aea4aa77788d65869,4.505802,1772617076,a7e419c863ab8d512c0fc10b47711d4564c21ee9933a70e81a2eb308b340458e,211,105.50,4.00,1,6,4,0.023367,0.589123,TopoStake,pog(D=2_omega=1.00),2.55,9,1
2,3,0x016d3fc36beee7caa8fbd6c1caa42461dd7f9850,0.880508,1772617078,a7e419c863ab8d512c0fc10b47711d4564c21ee9933a70e81a2eb308b340458e,211,105.50,4.00,1,6,4,0.023367,0.589134,TopoStake,pog(D=2_omega=1.00),2.55,9,2
2,4,0x07902d0371763a00d97ed9ba16ff0a206cb0fd19,3.533406,1772617080,8419f97043abe8fcd8ab8dae1ca790c4c48b52573511395ce882aecc7dd626c6,250,41.67,3.18,2,5,3,0.023172,0.587300,TopoStake,pog(D=2_omega=1.00),6.12,10,2
3,0,0x6064b9f5883bf9737dfe314ff68c56e09e68ac89,2.192425,1772617082,d3b920359e7dbf887e77f8c4f2a280c4f9947bcaef8354c30b1edb916ac9642c,150,75.00,2.66,1,4,3,0.023412,0.590202,TopoStake,pog(D=3_omega=1.00),3.21,11,2
3,1,0xa9a524611994a27dd3134d643379aa14edf7cb39,0.096506,1772617084,cc9a5cc0f24f1361904442ffdc0041b10475d6b83a2fecc3a64fc4c370ed3e12,164,82.00,3.76,1,6,4,0.023426,0.591294,TopoStake,pog(D=3_omega=1.00),2.23,12,2
3,2,0x016d3fc36beee7caa8fbd6c1caa42461dd7f9850,1.881532,1772617086,11c841b93d626b1af1f576318491d759fb3c9187e26efe5053f2cbc5365ba53d,212,106.00,3.74,1,5,4,0.023106,0.585914,TopoStake,pog(D=3_omega=1.00),2.19,13,2
3,3,0x687bf2437a044a3e42ff2f8a79a8e54ba9601f70,1.066817,1772617088,d05b4246beee90aae8d6b31ffb70f69b7101c6026daa7f57cd2692e69b0014c5,188,94.00,3.05,1,5,3,0.023070,0.586491,TopoStake,pog(D=3_omega=1.00),1.95,14,2
3,4,0xeb82a21cb3d0dd781eb22ad74bb7cd9b4d2a06ec,2.924561,1772617090,1d511c51fc5523558605a856e9f6b2504732263565f2df0e3851ace55e0b0574,164,82.00,3.84,1,6,4,0.022907,0.585188,TopoStake,pog(D=3_omega=1.00),2.01,15,2
4,0,0x4ba33404d90c4ae989714d9d174cd882cffb7994,3.119086,1772617092,2d94ad5e1ff6a47acd822ce2fa71ef79a30f83769034385afa6236ee8255ff6f,188,94.00,3.96,1,6,4,0.023024,0.587180,TopoStake,pog(D=3_omega=1.00),1.98,16,2
4,1,0x07902d0371763a00d97ed9ba16ff0a206cb0fd19,4.534401,1772617094,f37bf1abd19550c66279679371a5c7659674307d3c5c2da27c0df73904f4e350,143,71.50,4.33,1,6,4,0.023161,0.589263,TopoStake,pog(D=3_omega=1.00),2.15,17,2
4,2,0x71f297f96355f349d66f0e9b681e7d4e11224660,0.171827,1772617096,12e7e86ebb1628fef012f4d7609e04d666e9dc390d7f908aef58add8389a6b9f,250,125.00,2.79,1,4,3,0.023494,0.592507,TopoStake,pog(D=3_omega=1.00),1.96,18,2
4,3,0x075e1d95c7891e1c00414ca1aa9a7a8cf6270019,0.142415,1772617098,25456671163ce0b953918eb5fd5b78731706601bfffb8e11ff1e2641b2eecae0,165,82.50,3.93,1,6,4,0.023196,0.587695,TopoStake,pog(D=3_omega=1.00),1.65,19,2
4,4,0xeb82a21cb3d0dd781eb22ad74bb7cd9b4d2a06ec,3.925425,1772617100,9779539e111acdf8826d432ca1b22dfde5f3e1d50d6c456255d68af9a98347a0,190,95.00,3.21,1,5,3,0.022900,0.582631,TopoStake,pog(D=3_omega=1.00),1.72,20,2
5,0,0xd1cd4b808ce6b2841ad42746b64c5a047e857ef0,0.240430,1772617102,5285618a9f7b1f5c39be2854ef9c759cbcc8ecd8cfac48b5a81d6eb0df042a52,134,67.00,4.01,1,6,4,0.023128,0.585389,TopoStake,pog(D=3_omega=1.00),1.51,21,2
5,1,0x016d3fc36beee7caa8fbd6c1caa42461dd7f9850,2.882480,1772617104,730e53d66f90d8caac629f96ead9c0845719a4a6b2bc988ea1ad20ec38d3cf4b,196,98.00,3.88,1,5,4,0.022850,0.580798,TopoStake,pog(D=3_omega=1.00),1.65,22,2
5,2,0x269cdf52f97e1d9f14b7be895155a7b294f0b21d,1.726587,1772617106,8b9593fcc1cace807d2a1441a4b46cd2179291c69d807b1c5e509380c5f90a70,180,90.00,3.14,1,5,3,0.022928,0.582374,TopoStake,pog(D=3_omega=1.00),1.51,23,2
5,3,0xa447d277b02012c2afd9ddcbbe123f27cc971963,1.809350,1772617108,219f71f3b851807ad74168351e89bf5fc5b7f766280ca1ffa41e77f8a397033b,185,92.50,3.88,1,6,4,0.022849,0.582537,TopoStake,pog(D=3_omega=1.00),1.50,24,2
5,4,0x28672c71695142588ed26ada6f4b18b8b6c12308,0.692231,1772617110,219f71f3b851807ad74168351e89bf5fc5b7f766280ca1ffa41e77f8a397033b,185,92.50,3.88,1,6,4,0.022850,0.582546,TopoStake,pog(D=3_omega=1.00),1.50,24,3
6,0,0x30509a8084fdfe6fe24d9c9a817c209ad194f8e3,2.656839,1772617112,40bfc3dee9b32d4be49189d32f759215e3334077c46082317400b7670ddf2f1f,250,62.50,3.64,1,5,4,0.022638,0.579827,TopoStake,pog(D=3_omega=1.00),3.10,25,3
6,1,0x52e05d9fa4faa167f30baba23c710e4f49115288,0.148740,1772617114,2010b542c6748d17736a81883ff6ed2626b8ba00726505f9081cadbede0490ce,173,86.50,3.47,1,5,4,0.022679,0.580977,TopoStake,pog(D=3_omega=1.00),1.66,26,3
6,2,0xdcf2130496e27a8094ab996aea4aa77788d65869,4.505716,1772617116,efa1a1041905a8f499e6224126efbb831381ed83867c7922b89cd995fe51280f,157,78.50,3.96,1,5,4,0.022403,0.575912,TopoStake,pog(D=3_omega=1.00),1.46,27,3
6,3,0xe478b1e4d1538274c0c70cbd7df877f9abab2f62,2.299911,1772617118,28305a2a2cc5977653d004edbd65ad0ba71452aa5aa6e074aa838ec60725bd3d,181,90.50,3.96,1,5,4,0.022666,0.578777,TopoStake,pog(D=3_omega=1.00),1.44,28,3
6,4,0x07902d0371763a00d97ed9ba16ff0a206cb0fd19,5.536302,1772617120,89b8b453639de5b2d3d5b05314b3fad27e22a4cbda89c81e936863639abef51b,163,81.50,5.13,1,7,5,0.022653,0.579394,TopoStake,pog(D=3_omega=1.00),1.48,29,3
7,0,0xf5ecb44daf07a1d1073dbc89baf04bd7541fa517,0.068439,1772617122,b4864c510563180c334017f65e8a589c1194370180e2365a8973d959652ee72b,161,80.50,2.76,1,4,3,0.023021,0.582562,TopoStake,pog(D=3_omega=1.00),1.50,30,3
7,1,0x07902d0371763a00d97ed9ba16ff0a206cb0fd19,6.537077,1772617124,1c530ff9afadd619ec2e23902a3f948c819bd84352feeefcebdccae7808a9304,166,83.00,3.96,1,5,4,0.022737,0.577033,TopoStake,pog(D=3_omega=1.00),1.47,31,3
7,2,0x8719ca31b72ae8a5404006763c53d5ad503dbcb0,0.116404,1772617126,25f358b1c37d2167d23d1ee18c764a99ebb1fe225e1894a632a8f496910fc408,180,90.00,2.73,1,4,3,0.023203,0.580176,TopoStake,pog(D=3_omega=1.00),1.53,32,3
7,3,0x016d3fc36beee7caa8fbd6c1caa42461dd7f9850,3.883480,1772617128,a04e0376ac456c2917466da79057772fdfba18b810b3ce38bf23ffa0ed59ad47,178,89.00,4.34,1,6,5,0.022925,0.574888,TopoStake,pog(D=3_omega=1.00),1.51,33,3
7,4,0x075e1d95c7891e1c00414ca1aa9a7a8cf6270019,1.143578,1772617130,a59e27e3b9ebf17b4a86d393abe89e6daa4caea7a6770daed2b8597dd022ff68,190,95.00,3.07,1,4,3,0.023073,0.577201,TopoStake,pog(D=3_omega=1.00),1.53,34,3
8,0,0x2abf89d7c96c80fcff9dec1fe92803573094ee35,0.228951,1772617132,5833404cff70c6a1dfe0b88df8283b1d19c879ab0ca4b3f0a4c7ba176f41061b,140,70.00,3.10,1,5,3,0.022913,0.576068,TopoStake,pog(D=3_omega=1.00),1.45,35,3
8,1,0x30509a8084fdfe6fe24d9c9a817c209ad194f8e3,3.657730,1772617135,01fbed30dc275a0a3ff445570973d545045047b15b178836253407edf947a0e4,177,59.00,3.70,1,5,4,0.022656,0.571338,TopoStake,pog(D=3_omega=1.00),2.37,36,3
8,2,0xb7b4ee0a72bc410bf6d32b9cd3f3e11fc756d6f1,0.083128,1772617136,97e932a5bc3781e14358426b619ea908986e689a1ac34f2189c8bf151de3dbc0,202,101.00,3.43,1,5,4,0.022770,0.573347,TopoStake,pog(D=3_omega=1.00),2.36,37,3
8,3,0x58a21eeb7ab18ba8adf1296e66a4487076e95dac,4.092963,1772617138,6c2dce0d9a7cc68b8725e798460526c6666e66421481801e7ac310bad96871b3,60,60.00,4.05,1,5,4,0.022502,0.567852,TopoStake,pog(D=3_omega=1.00),1.92,38,3
8,4,0xd39dbd3662315e3935ec08e6b6028e73b3c09de2,0.923114,1772617140,22ac2455589c0cdd4a172b09699d5040b606b29e4c6609d427cce7cac4fe94f1,173,86.50,3.83,1,5,4,0.022656,0.570057,TopoStake,pog(D=3_omega=1.00),2.38,39,3
9,0,0xdcf2130496e27a8094ab996aea4aa77788d65869,5.506589,1772617142,b6d3086c34f333197f246a6df6e7e79af2928d5650a0eabbec61247cf3e568c7,173,86.50,4.62,1,6,5,0.022479,0.568072,TopoStake,pog(D=3_omega=1.00),2.44,40,3
9,1,0x13f9dadc05f6c237b03411e2aed1800cf21a5d89,1.279179,1772617144,b6d3086c34f333197f246a6df6e7e79af2928d5650a0eabbec61247cf3e568c7,173,86.50,4.62,1,6,5,0.022479,0.568080,TopoStake,pog(D=3_omega=1.00),2.44,40,4
9,2,0x0d91704595bff3aec25d40822498a51c62b05e3a,0.571968,1772617146,e349f94363dd5b0fbbb8180d33b8687a96b0f314d9cab044034a1d5f7155bf35,250,62.50,3.15,1,5,3,0.022340,0.567197,TopoStake,pog(D=3_omega=1.00),4.11,41,4
9,3,0x89100a8056319ba37491b32ba255004180607bc2,2.787453,1772617148,6e329b5c0600c6ec0599944f5e63767ccb7bb65d7d840da0af190b5b5b8fc6f4,191,95.50,3.20,1,5,3,0.022133,0.563813,TopoStake,pog(D=3_omega=1.00),2.01,42,4
9,4,0x6064b9f5883bf9737dfe314ff68c56e09e68ac89,3.192958,1772617150,82d09f80515fc1a117e5e9a7f01fbcf3d8602640a6c90fc57cb5c3e8bdf3e603,150,75.00,3.85,1,5,4,0.022147,0.564858,TopoStake,pog(D=3_omega=1.00),1.63,43,4
10,0,0x81193196c1dbdbf80709d43a5af5ce21c201fbd7,0.838761,1772617152,5625142b0eecc00877e87ef1e2afcd36d5436ce59672fa9ea6d6f5ec03194d87,198,99.00,4.13,1,6,4,0.022197,0.566231,TopoStake,pog(D=3_omega=1.00),1.65,44,4
10,1,0x95ab54d268473cce82094026afefdbd5cadf418b,0.598868,1772617154,b9603601f30b31320347209cfdbf6629c0563b16fefa3b22255dc460c33f1ddd,212,106.00,4.19,1,6,4,0.022019,0.563730,TopoStake,pog(D=3_omega=1.00),1.70,45,4
10,2,0x07902d0371763a00d97ed9ba16ff0a206cb0fd19,7.538856,1772617156,08869094c30f7356ea43355f9991d097fec58314c6dd7bfba8efdfb17f786282,175,87.50,4.47,1,6,5,0.021822,0.560317,TopoStake,pog(D=3_omega=1.00),1.61,46,4
10,3,0x075e1d95c7891e1c00414ca1aa9a7a8cf6270019,2.144599,1772617158,ae8b047d8a3b279821c319f52c89def19103ac9187a8ae40b39a922b0898f13e,187,93.50,2.87,1,4,3,0.022271,0.563247,TopoStake,pog(D=3_omega=1.00),1.63,47,4
10,4,0x1796dc61e715f15a2d27dfa32bd34780f12a8c24,1.724542,1772617160,3b1b3e56d0905b532588e4bd26820fe9aaf4fd3e1305f6a1eaeafd7ee9464d03,149,74.50,3.03,1,5,3,0.022212,0.563582,TopoStake,pog(D=3_omega=1.00),1.58,48,4
11,0,0xac61c91e7d24df824351a6c4e562a75f0cf646f8,0.251891,1772617162,4bf18f59ee7f563d7e201b62b7054d9f56ad5fda69b9fc43d634bf1148c869f0,184,92.00,3.41,1,5,3,0.022116,0.563390,TopoStake,pog(D=3_omega=1.00),1.54,49,4
11,1,0xa9a524611994a27dd3134d643379aa14edf7cb39,1.097086,1772617164,6ba0bfffd75a733685a3c819bd4f8ece7b95532ba105f22478c8d0b594f2f1cc,159,79.50,4.21,1,6,4,0.021889,0.558767,TopoStake,pog(D=3_omega=1.00),1.51,50,4
11,2,0x075e1d95c7891e1c00414ca1aa9a7a8cf6270019,3.145419,1772617166,d02768699c5fc1168e3eada0e3bad0c88ea5332498ae183b07ac3cc3a9e30c77,157,78.50,3.66,2,5,4,0.021740,0.557071,TopoStake,pog(D=3_omega=1.00),1.48,51,4
11,3,0x016d3fc36beee7caa8fbd6c1caa42461dd7f9850,4.884549,1772617168,a431a1a0bd69fce8155a12de49e09aeaa615d68492964633983ff8b6f1325dfe,146,73.00,3.31,2,4,3,0.021771,0.558245,TopoStake,pog(D=3_omega=1.00),1.49,52,4
11,4,0x81193196c1dbdbf80709d43a5af5ce21c201fbd7,1.839593,1772617170,7008767e7394e8dcabd9dcecea9a72fa9cf2cede1b7d693e9647d63ac2535081,164,82.00,3.06,1,5,3,0.021948,0.560777,TopoStake,pog(D=3_omega=1.00),1.52,53,4
12,0,0xf5ecb44daf07a1d1073dbc89baf04bd7541fa517,1.068969,1772617172,6e88a63cae43ff0333bbb1c5a94e12675b0c2c3419a727cc05dc106e8be789bb,170,56.67,3.99,1,5,4,0.021861,0.560608,TopoStake,pog(D=3_omega=1.00),2.44,54,4
12,1,0x71f297f96355f349d66f0e9b681e7d4e11224660,1.172417,1772617175,f15287c517e95420a3d38189755c5d2f48cae04a75bbb792e294c7b4fd119443,163,81.50,4.13,1,5,4,0.021711,0.558689,TopoStake,pog(D=3_omega=1.00),2.44,55,4
12,2,0xc774b0fee7cabbef3b1ae14bf36db3df0d32c1df,1.173853,1772617176,70f1586c3a2f5be94f46fe1ce68c96d499e1394efabb0d3b4fed1e9a5ef2c134,170,85.00,3.99,1,5,4,0.021571,0.557019,TopoStake,pog(D=3_omega=1.00),2.49,56,4
12,3,0xaadc5fea232580cb8fba739ac5d05a48559c7e52,1.355544,1772617178,fb6db66b15152a0a63a2be42ddddc0907bff16eef5a199575db5f201f48fa01d,103,103.00,4.00,1,5,4,0.021433,0.555253,TopoStake,pog(D=3_omega=1.00),1.93,57,4
12,4,0x4414c05be2cf328f38d2e3ef4b705d6b894f044a,2.089322,1772617180,7d7e78c9ee0b5a2c9851ca0b49771ef73537b236284582a8d3d0af62a4045625,195,97.50,4.54,1,6,5,0.021312,0.553904,TopoStake,pog(D=3_omega=1.00),2.47,58,4
13,0,0x07902d0371763a00d97ed9ba16ff0a206cb0fd19,8.540637,1772617182,e8a640c326bc2462169cf757fc05ae825644816178984a49dcfd30817afd86e0,187,93.50,3.91,1,5,4,0.021249,0.553889,TopoStake,pog(D=4_omega=1.00),2.48,59,4
13,1,0x71f297f96355f349d66f0e9b681e7d4e11224660,2.173185,1772617184,24b378aa56cd16df2b3800056866884cb157ea89f97d67c9977171f19c2458af,225,112.50,2.79,1,4,3,0.021692,0.556623,TopoStake,pog(D=4_omega=1.00),2.03,60,4
13,2,0x0d91704595bff3aec25d40822498a51c62b05e3a,1.573164,1772617186,feb9e7165589edcabaff744cd07410a1ecca21a74a2f3bc5ca71aaec2dbb13e9,140,70.00,3.79,1,6,4,0.021630,0.556572,TopoStake,pog(D=4_omega=1.00),1.70,61,4
13,3,0xc4dc29db975b952e04358340e56b68fa4ba63fbc,0.543749,1772617188,5ebb262fd80935120e9a1d815a2964cbf8fe700f73052f6a67589498314632b5,185,92.50,3.41,2,5,3,0.021522,0.555543,TopoStake,pog(D=4_omega=1.00),1.70,62,4
13,4,0x13f9dadc05f6c237b03411e2aed1800cf21a5d89,2.281110,1772617190,40d5778543b62307b3992928349c86010943b9254a7853ff67b83d12f72b13ca,171,85.50,3.60,1,5,4,0.021337,0.551947,TopoStake,pog(D=4_omega=1.00),1.50,63,4
14,0,0x606627477c3734932f47972f83c27cf4e3b35b4f,3.377710,1772617192,6dc2bb4fce952d4612fa9b37c08bad726bdfa49ffdb1c224da62de52e260ec65,154,77.00,3.06,1,5,3,0.021285,0.551896,TopoStake,pog(D=3_omega=1.00),1.48,64,4
14,1,0x49b57eb4dace37c8819daf079c9c674f766d4f38,1.231324,1772617194,774406789064ce98186f87d4a3a91852d459d6105558db1def23613dc684e704,186,93.00,3.68,1,5,4,0.021313,0.553132,TopoStake,pog(D=3_omega=1.00),1.52,65,4
14,2,0xe478b1e4d1538274c0c70cbd7df877f9abab2f62,3.300003,1772617196,8066e85abf8f8f82f9f715c3603fab3e42a59a5827482d4c2ef780c2b77b6813,191,95.50,4.20,1,6,4,0.021182,0.551296,TopoStake,pog(D=3_omega=1.00),1.51,66,4
14,3,0xeb82a21cb3d0dd781eb22ad74bb7cd9b4d2a06ec,4.925768,1772617198,e7590bc2cd4e2eca0e79dc946739eac92551d8e1dc2fa7ec3e243ca8b4992ec1,194,97.00,4.40,1,6,4,0.021202,0.552335,TopoStake,pog(D=3_omega=1.00),1.52,67,4
14,4,0xaadc5fea232580cb8fba739ac5d05a48559c7e52,2.356105,1772617200,820a7463450b3ccabe72cb627a630cdccfb1abab368253bb11c11c8d8839792d,162,81.00,3.98,1,6,4,0.021336,0.554583,TopoStake,pog(D=3_omega=1.00),1.46,68,4
15,0,0x3d92e045fb1847aae132b40ebfcc471a32f687de,0.128015,1772617202,af6abcbf37eb7161ecbf095619048af77208b846ce34b044e6a4b6b5248ec129,198,99.00,4.33,1,6,4,0.021284,0.554498,TopoStake,pog(D=4_omega=1.00),1.51,69,4
15,1,0x07902d0371763a00d97ed9ba16ff0a206cb0fd19,9.542568,1772617204,8bf8ee3ee4db7282a10eeb4d9f1dda43cd84a9c30990d74a3b7ad031a01f5bb6,188,94.00,3.90,1,6,4,0.021078,0.549863,TopoStake,pog(D=4_omega=1.00),1.47,70,4
15,2,0x63f4973c0df8a5358405f396dc0673a463c48de9,3.900917,1772617206,8162cd091232a1eb1c9f1d8a3d4e8c32cd0a7c61f0b96127bed4f9172b67dc21,175,87.50,2.82,1,4,3,0.021520,0.552444,TopoStake,pog(D=4_omega=1.00),1.49,71,4
15,3,0x13f9dadc05f6c237b03411e2aed1800cf21a5d89,3.282082,1772617208,bc387fe2bf58e781ca5affd8f670748c2b1feb8abc4729d5e22466c05de5de31,178,59.33,3.65,1,5,4,0.021568,0.553924,TopoStake,pog(D=4_omega=1.00),2.48,72,4
15,4,0x719361397abe003a91af76243e5f9c7a0cd4279f,3.543902,1772617211,7f708c3e587bde0314843d4749f0b2e5534e4a434d07907bf791dd3cead47521,182,91.00,3.16,1,5,3,0.021573,0.554728,TopoStake,pog(D=4_omega=1.00),2.43,73,4
16,0,0xb2a7fe70a6f3137d38f6cb4c3ec6dd1e24f2d5f4,1.422476,1772617212,f12ba59878cba4a63b489d58d74b0b626b82876f439856da5f3ea35ea3e2f4a3,197,98.50,3.96,1,5,4,0.021593,0.555672,TopoStake,pog(D=3_omega=1.00),2.46,74,4
16,1,0xd67aaaf210c0c36ddcb7055222d168b5c9dd1b36,0.188075,1772617214,9aa34456a4f84a4aa72852be4fdfd958df93c979eebb603f9cf5a8e64061f5f8,70,70.00,4.07,1,6,4,0.021472,0.554199,TopoStake,pog(D=3_omega=1.00),1.94,75,4
16,2,0x13f9dadc05f6c237b03411e2aed1800cf21a5d89,4.283024,1772617216,23fc061bb2bc186d07a61864154090dceff50a06025e36c6b7331273ccdbe5b1,209,104.50,3.84,1,5,4,0.021274,0.549788,TopoStake,pog(D=3_omega=1.00),2.13,76,4
16,3,0xa7e4d4d949807065ebf85adc1be8c382c7236c15,1.218338,1772617218,987908bb4965e310d3600ff51aafaf90f2f05853c5447cc341533e647e6c067d,208,104.00,3.22,1,5,3,0.021339,0.551420,TopoStake,pog(D=3_omega=1.00),1.95,77,4
16,4,0x50f7fa851f9314d682e36da5caa4635039b5305d,0.105655,1772617220,0a43206e890b94aa16919bc20f04bc3c9def3fccfef7db8133b07d3b4c1eb09b,172,86.00,3.87,2,6,4,0.021209,0.549485,TopoStake,pog(D=3_omega=1.00),1.56,78,4
17,0,0x30509a8084fdfe6fe24d9c9a817c209ad194f8e3,4.659259,1772617222,aa81bfffc59858b788e37b566b9d57e5619c9bb745d6b6be68685cb4eacb336a,202,101.00,3.46,1,5,4,0.021011,0.544826,TopoStake,pog(D=3_omega=1.00),1.63,79,4
17,1,0x0d91704595bff3aec25d40822498a51c62b05e3a,2.574125,1772617224,71026f468a8a35714a15011a4fd5bf5e1403c10ea954c10c434bd83f64929426,192,96.00,3.38,1,5,3,0.021097,0.546656,TopoStake,pog(D=3_omega=1.00),1.52,80,4
17,2,0xea287b266dbe2c2d402fd91814bcfc4c95d6b0fd,0.162651,1772617226,f827d6c016b09fcbe494276e92a677e8784665b29478074eea505113255e9798,183,91.50,3.16,1,5,3,0.021052,0.546722,TopoStake,pog(D=3_omega=1.00),1.49,81,4
17,3,0x1796dc61e715f15a2d27dfa32bd34780f12a8c24,2.725542,1772617228,85a823f263552008043c3878650e8cb9d16ee0f807376876ce45e768963b87b8,172,86.00,4.19,2,6,4,0.020861,0.542216,TopoStake,pog(D=3_omega=1.00),1.49,82,4
17,4,0x075e1d95c7891e1c00414ca1aa9a7a8cf6270019,4.147153,1772617230,5deb5682fd32d92944431bc3ba09b933ab0cb1b71fd458a9e94f335038545301,151,75.50,3.36,1,5,3,0.020827,0.542346,TopoStake,pog(D=3_omega=1.00),1.52,83,4
18,0,0xb7b4ee0a72bc410bf6d32b9cd3f3e11fc756d6f1,1.082817,1772617232,6265edcd40ec2a4f67d216b50dfdc32a7e23914a8930d1587260f38f6b08cb3b,154,77.00,3.24,1,5,3,0.020876,0.543685,TopoStake,pog(D=3_omega=1.00),1.53,84,4
18,1,0x13f9dadc05f6c237b03411e2aed1800cf21a5d89,5.284334,1772617234,ec0c00f37329b50dce8ebefedd908cad7580286c9a05e37eceae51c6101b19b7,156,78.00,3.99,1,6,4,0.020743,0.541439,TopoStake,pog(D=3_omega=1.00),1.54,85,4
18,2,0x52e05d9fa4faa167f30baba23c710e4f49115288,1.149137,1772617236,081cdf4f228a21f42eb5e2077cd9fda8ed3be693a3cad85beb015d22cc2cbf25,177,59.00,3.01,1,4,3,0.020856,0.543551,TopoStake,pog(D=3_omega=1.00),2.45,86,4
18,3,0xd67aaaf210c0c36ddcb7055222d168b5c9dd1b36,1.188984,1772617239,1393b4ce347789259fcf34c2464618e991d188e53c808cab56bff9713fa36a11,190,95.00,3.99,1,6,4,0.020728,0.541392,TopoStake,pog(D=3_omega=1.00),2.43,87,4
18,4,0x07902d0371763a00d97ed9ba16ff0a206cb0fd19,10.544573,1772617240,7bd47169d711f3897a8c19160edfc184e90377e58107d952d8f72dfe88de15ac,203,101.50,3.91,1,5,4,0.020603,0.539243,TopoStake,pog(D=3_omega=1.00),2.38,88,4
19,0,0xf6e059718dbd0a0956726ab97d06bad5efc6cd18,1.015589,1772617242,4cece3f88b14d5a03f9f64b25f2dd97cf6ebef24958af0177738dee2db105fa9,121,121.00,2.56,1,4,2,0.021005,0.541635,TopoStake,pog(D=3_omega=1.00),1.59,89,4
19,1,0x6d6b2734a20229ddd7fd4a1470ba3e3bad4e4a85,1.642595,1772617244,c9689418bc7b270d10053fa74364b4e3f9a9e10c2bd46dfa2ab3e235644b96c9,181,90.50,3.67,1,5,4,0.020868,0.539013,TopoStake,pog(D=3_omega=1.00),1.91,90,4
19,2,0x53be6e527cc5a7d850b5eae27b9cef342e0665f2,0.041684,1772617246,488df0cc85c224615f9bfd3491b1cde5f26eb48f7e6ecda8e320110fe9b9a5b4,235,117.50,3.68,1,5,4,0.020768,0.537763,TopoStake,pog(D=3_omega=1.00),1.85,91,4
19,3,0x07902d0371763a00d97ed9ba16ff0a206cb0fd19,11.545370,1772617248,b3cf27d655ac04aa7611366e1b90381c22ec2dd00f6a7ebd1e5615505e8c5ee3,198,99.00,3.47,1,5,4,0.020582,0.533070,TopoStake,pog(D=3_omega=1.00),1.70,92,4
19,4,0x8c11ec9090dd820c076e57e899d9c604c79d6b32,1.566344,1772617250,bb1b8e359962dfffbf13a274816eaade60701e72b36988a355c2768521d6bfd9,180,90.00,2.75,1,4,3,0.021016,0.535445,TopoStake,pog(D=3_omega=1.00),1.47,93,4
20,0,0x13f9dadc05f6c237b03411e2aed1800cf21a5d89,6.285492,1772617252,50d416220270ead8716e8a736ecb3cf11a5d15b68057d6e921c3d74b86d58bfd,183,91.50,4.25,1,6,4,0.020910,0.533985,TopoStake,pog(D=3_omega=1.00),1.46,94,4
20,1,0x81193196c1dbdbf80709d43a5af5ce21c201fbd7,2.839970,1772617254,5e16600dab44c96d5f6a41a84eaed6e5c6363ddbbd2f1f1c49fe0ab14d546fca,202,101.00,3.02,1,5,3,0.021054,0.536228,TopoStake,pog(D=3_omega=1.00),1.56,95,4
20,2,0x075e1d95c7891e1c00414ca1aa9a7a8cf6270019,5.148198,1772617256,f6dbd2ecacf236884c14b0e00aa43c878245a7c842612e3a72071a8fa7904d96,172,86.00,4.12,1,6,4,0.021013,0.536389,TopoStake,pog(D=3_omega=1.00),1.52,96,4
20,3,0x6064b9f5883bf9737dfe314ff68c56e09e68ac89,4.193430,1772617258,e5ddbe117255e9ff87764e9024c52ecf37dbd61335a11f5ff210f6142270e58c,176,58.67,3.16,1,5,3,0.021092,0.538239,TopoStake,pog(D=3_omega=1.00),2.56,97,4
20,4,0x0d91704595bff3aec25d40822498a51c62b05e3a,3.575175,1772617261,0a612b6531e4e005b494e4e20ffa0c95e866bc411992e966ee6ab86ae23b34a4,159,79.50,4.14,2,6,4,0.021119,0.539437,TopoStake,pog(D=3_omega=1.00),2.48,98,4
21,0,0xc24b36dee27726233c3bbd9e1f028f98b6b2a424,2.412693,1772617262,113c3701e6ab964a60295991e71bed4ead8fce5a96b47adcd1b7fce87d99755a,156,78.00,3.21,1,5,3,0.021113,0.540116,TopoStake,pog(D=3_omega=1.00),2.37,99,4
21,1,0x016d3fc36beee7caa8fbd6c1caa42461dd7f9850,5.885976,1772617264,42048c19248f6a9d1b329b37930052a12b442016054c34d47c3c9c261f170616,96,96.00,4.12,3,6,4,0.021049,0.539814,TopoStake,pog(D=3_omega=1.00),1.75,100,4
21,2,0x07902d0371763a00d97ed9ba16ff0a206cb0fd19,12.546675,1772617266,29525e70ee747ca5a5cc355b6ca363a5572812db9a0316a3d3f4a09f561b610f,204,102.00,3.06,1,4,3,0.021156,0.541832,TopoStake,pog(D=3_omega=1.00),2.04,101,4
21,3,0xe478b1e4d1538274c0c70cbd7df877f9abab2f62,4.300382,1772617268,721ea7eb7e33d05756bdb6e9d743143eff8a225a076d94ab50e2efbf5a92d4ca,209,104.50,2.84,1,4,3,0.021588,0.544057,TopoStake,pog(D=3_omega=1.00),1.69,102,4
21,4,0x07902d0371763a00d97ed9ba16ff0a206cb0fd19,13.547696,1772617270,18431b28ff795e291695c9711e4c06f1f251492d1db8c6e7441ed89cd992fbf6,142,71.00,4.80,1,7,5,0.021609,0.545145,TopoStake,pog(D=3_omega=1.00),1.69,103,4
22,0,0x3513d672439a59c26cc5711f2b715ccb4810a774,1.292412,1772617272,486cc05d58dccab8d701ab4e95a8521fbba1c2564d32599cc9399e0a6e123cc1,236,118.00,2.81,1,4,3,0.022073,0.547333,TopoStake,pog(D=3_omega=1.00),1.82,104,4
22,1,0xf5ecb44daf07a1d1073dbc89baf04bd7541fa517,2.069345,1772617274,486cc05d58dccab8d701ab4e95a8521fbba1c2564d32599cc9399e0a6e123cc1,236,118.00,2.81,1,4,3,0.022073,0.547339,TopoStake,pog(D=3_omega=1.00),1.82,104,5
22,2,0x07902d0371763a00d97ed9ba16ff0a206cb0fd19,14.548858,1772617276,7d4ac33fe6f2ac5b19ea02d01565d9af6ceb6d32551aa5e04bffbd1fa0ebe542,250,62.50,4.07,1,6,4,0.021981,0.546600,TopoStake,pog(D=3_omega=1.00),3.12,105,5
22,3,0x13f9dadc05f6c237b03411e2aed1800cf21a5d89,7.286822,1772617278,c5a2f48f66fd1d5ffb5d6add160fcb8294d1e6ab6ac11796884950669047b99a,154,77.00,2.75,1,4,3,0.022478,0.548761,TopoStake,pog(D=3_omega=1.00),1.76,106,5
22,4,0xa447d277b02012c2afd9ddcbbe123f27cc971963,1.808978,1772617280,cae05a1841b76ccdec5270979d97af970d665066f6c6efc0b81f1ed767502d1a,188,62.67,3.12,2,5,3,0.022625,0.550801,TopoStake,pog(D=3_omega=1.00),2.48,107,5
23,0,0xac768e60b9269babb15cb1e36ee843243d7c7543,3.717820,1772617282,b3b1921e6d6e7d3f7ed04dd0feb54f5312aa2e1b1da002e5451284a7fd485163,166,83.00,3.48,1,5,3,0.022515,0.549601,TopoStake,pog(D=3_omega=1.00),2.40,108,5
23,1,0x07902d0371763a00d97ed9ba16ff0a206cb0fd19,15.549617,1772617284,b3b1921e6d6e7d3f7ed04dd0feb54f5312aa2e1b1da002e5451284a7fd485163,166,83.00,3.48,1,5,3,0.022515,0.549606,TopoStake,pog(D=3_omega=1.00),2.40,108,6
23,2,0x13f9dadc05f6c237b03411e2aed1800cf21a5d89,8.287854,1772617286,0fcce8ec8ad7b52cf096e111e7b35871840789fbe4af9ffb0d995b795ce14118,250,83.33,2.82,1,4,3,0.023036,0.551720,TopoStake,pog(D=3_omega=1.00),3.00,109,6
23,3,0x7e40df5d801345015e84c843908efc6683665fa4,0.659671,1772617288,b078b2d1169e275426e0f9b8803e57e56802452532cccec8b92e6e298ad1d298,190,95.00,3.12,1,4,3,0.023216,0.553717,TopoStake,pog(D=3_omega=1.00),1.67,110,6
23,4,0x016d3fc36beee7caa8fbd6c1caa42461dd7f9850,6.887063,1772617290,b078b2d1169e275426e0f9b8803e57e56802452532cccec8b92e6e298ad1d298,190,95.00,3.12,1,4,3,0.023216,0.553722,TopoStake,pog(D=3_omega=1.00),1.67,110,7
24,0,0xdcf2130496e27a8094ab996aea4aa77788d65869,5.506105,1772617292,271135cd1bb14838bb6eae063f716b5ae0b021698c2dc43e543b96db735e5a04,250,62.50,3.22,1,4,3,0.023329,0.555605,TopoStake,pog(D=3_omega=1.00),2.96,111,7
24,1,0x07902d0371763a00d97ed9ba16ff0a206cb0fd19,16.550892,1772617294,271135cd1bb14838bb6eae063f716b5ae0b021698c2dc43e543b96db735e5a04,250,62.50,3.22,1,4,3,0.023329,0.555611,TopoStake,pog(D=3_omega=1.00),2.96,111,8
24,2,0x408bb0bf84df50b21c53c74420987f172d4036a1,0.798163,1772617296,dee1a2c98946d7c5dfbd7c85152bdf1ae45433721f78a1d5f6258a43731922e4,250,62.50,2.80,1,4,3,0.023870,0.557666,TopoStake,pog(D=3_omega=1.00),4.01,112,8
24,3,0x0d91704595bff3aec25d40822498a51c62b05e3a,4.576077,1772617298,5cee00643ce0f7d93fe1e7975046d7583dbc9284f6ab6c78ffe830e146c7d031,153,51.00,3.63,1,5,4,0.023703,0.554717,TopoStake,pog(D=3_omega=1.00),2.73,113,8
24,4,0xa3786e459f289a76c0e8af8ad834e3d0c6d47199,4.726830,1772617301,b1f80db94ca7257a1e4575e97dc70e7e84237020a99be626c10154931b9f8aa1,190,95.00,3.29,1,5,3,0.023704,0.555824,TopoStake,pog(D=3_omega=1.00),2.46,114,8
25,0,0xd3997be86c88837e3fd467517b943590b28fa641,0.057438,1772617302,7562c3c5a78f60bed2c54d16370ca0dcfde8f015b37d65f5b54422940a8f886b,207,103.50,4.26,1,6,4,0.023711,0.556943,TopoStake,pog(D=3_omega=1.00),2.46,115,8
25,1,0x34d94cc0534eb50dec7956bea31407428d6d5ef8,0.085731,1772617304,e1efec90ae3c9ae8196484c4c2773d09f3e8bda1050a08e85dbecd6763467ea9,121,121.00,3.83,1,5,4,0.023516,0.552621,TopoStake,pog(D=3_omega=1.00),1.78,116,8
25,2,0x07902d0371763a00d97ed9ba16ff0a206cb0fd19,17.552396,1772617306,d31caed917997204a48f3c7d6347f7fcec023600e61aa870e93342df27397abf,224,112.00,3.66,1,5,4,0.023324,0.548324,TopoStake,pog(D=3_omega=1.00),2.12,117,8
25,3,0xf6e059718dbd0a0956726ab97d06bad5efc6cd18,2.016110,1772617308,e982996ddfb0a96d136bc05d8a3a477595d2a73bb020a1f69b7d06d3f414c0d2,220,110.00,2.83,1,4,3,0.023871,0.550357,TopoStake,pog(D=3_omega=1.00),1.64,118,8
25,4,0x07902d0371763a00d97ed9ba16ff0a206cb0fd19,18.553493,1772617310,7222701a1b2e63b749e1563f0bd86deb1c355af8aa3b4f9231de690a60224835,175,87.50,3.71,1,5,4,0.023759,0.549430,TopoStake,pog(D=3_omega=1.00),1.55,119,8
26,0,0xcdc82b7c868072205a399d0f68e6e3ad3bfd1ca6,0.206916,1772617312,e4e32f966bd2b6748c160632bb469757de2e42db3ab16970b2d64074ed2b6e41,183,91.50,2.72,1,4,3,0.024332,0.551439,TopoStake,pog(D=3_omega=1.00),1.48,120,8
26,1,0x13f9dadc05f6c237b03411e2aed1800cf21a5d89,9.289093,1772617314,49119f63a0d086f46b559ee2411ea6973257b1da1af0339d3a1e2809976c61cd,187,93.50,3.57,2,5,4,0.024141,0.547419,TopoStake,pog(D=3_omega=1.00),1.44,121,8
26,2,0xd46407aa7b668c72de3cf1c1a12b7fa2e308a1b2,1.990325,1772617316,d4056262a301d3edba88dba9dd73a61f1aa01d3443a07ac73d9969ff76e422ad,198,66.00,3.02,1,5,3,0.024322,0.549331,TopoStake,pog(D=3_omega=1.00),2.50,122,8
26,3,0x269cdf52f97e1d9f14b7be895155a7b294f0b21d,2.726898,1772617319,9cd5473e53460154927c02b767c92e484a9ecc05477de4b150d67b0676ed571c,190,95.00,3.99,1,6,4,0.024204,0.548305,TopoStake,pog(D=3_omega=1.00),2.49,123,8
26,4,0xf82400c4f426bdbd2bc687ffef1f22c1a381c851,0.063437,1772617320,5af064574f9844a9d6cb1ac1b91db312c46f553f04a3dde7d4fb5ea430ff1f4d,204,102.00,3.54,1,5,4,0.024117,0.548053,TopoStake,pog(D=3_omega=1.00),2.39,124,8
27,0,0x0d91704595bff3aec25d40822498a51c62b05e3a,5.577179,1772617322,e14f7c7dbbafe1312ef692cadef121f999c6c92dc8d8ea116bb7fa66bc219c44,116,116.00,3.70,1,6,4,0.023926,0.543709,TopoStake,pog(D=3_omega=1.00),1.80,125,8
27,1,0x28672c71695142588ed26ada6f4b18b8b6c12308,1.692816,1772617324,961cec85f2b27cec837b90443f9a9998a606294d78564f88c869159454a5f75e,240,120.00,3.20,1,5,3,0.023953,0.545322,TopoStake,pog(D=3_omega=1.00),1.93,126,8
27,2,0x687bf2437a044a3e42ff2f8a79a8e54ba9601f70,2.067094,1772617326,1691f5fe9e0a2a1fffdabce4bd8ef0d81c95a7965863fc07d245f7226c147bd2,177,88.50,3.59,1,5,4,0.023828,0.543870,TopoStake,pog(D=3_omega=1.00),1.59,127,8
27,3,0xea287b266dbe2c2d402fd91814bcfc4c95d6b0fd,1.162743,1772617328,87065c3d2308cd67e8f986b51e1c22544bcc5480922e3f58b8493f77fb6b4a38,180,90.00,3.74,1,5,4,0.023718,0.542817,TopoStake,pog(D=3_omega=1.00),1.56,128,8
27,4,0x07902d0371763a00d97ed9ba16ff0a206cb0fd19,19.555007,1772617330,5dc3e9ba93e59e72941ffd599306899f672955ba3029654d96bca45ee244c1e6,163,81.50,4.02,1,6,4,0.023575,0.540564,TopoStake,pog(D=3_omega=1.00),1.52,129,8
28,0,0x763be7657fec175a3de5f1ee0a506722872c886d,0.038400,1772617332,9bf3c361eb3ebf8da57cb89defff4b57536b631268c2cea47c740d1c0dc065a7,163,81.50,2.74,1,4,3,0.024129,0.542524,TopoStake,pog(D=3_omega=1.00),1.50,130,8
28,1,0xcb7977f4997b4252c0152e135dd79b3cfe35c1a5,1.627388,1772617334,133af8d507e695d42d3877081875dd931eaf2b475f18aec700788c953ae545a7,190,63.33,3.74,1,5,4,0.023941,0.538164,TopoStake,pog(D=3_omega=1.00),2.46,131,8
28,2,0x89100a8056319ba37491b32ba255004180607bc2,3.787844,1772617337,75f029ac91d658b7392cd304782936d2d3fd4a5a3e2faa62b60e62dc021d8229,176,88.00,4.19,1,6,4,0.023814,0.536515,TopoStake,pog(D=3_omega=1.00),2.52,132,8
28,3,0x07902d0371763a00d97ed9ba16ff0a206cb0fd19,20.556007,1772617338,db7b5ea30a993c53f8a377057505abcec8b22e48cd0374b539f8baa54f1faa27,172,86.00,3.95,1,5,4,0.023768,0.537114,TopoStake,pog(D=3_omega=1.00),2.44,133,8
28,4,0x9c39f7fffaa5c5cfab20dfdd05663497918580c1,0.426119,1772617340,f9214d5f6d0798b9b4f6d8009e121cddcbbc423efd08871b43cd9d1156cb66c8,156,156.00,2.68,1,4,3,0.024336,0.539054,TopoStake,pog(D=3_omega=1.00),1.54,134,8
29,0,0x075e1d95c7891e1c00414ca1aa9a7a8cf6270019,6.150371,1772617342,0c7723e2388f0d472b9cc923c0644579192a6a66a32312d14817406217a93627,208,104.00,3.50,1,6,4,0.024162,0.535562,TopoStake,pog(D=3_omega=1.00),41.31,135,8
29,1,0xcdc82b7c868072205a399d0f68e6e3ad3bfd1ca6,1.207750,1772617344,dd5d14a899c35f5c1a7908a1be39790eedd3325cdf90470433675c633e6ef05d,239,119.50,3.18,1,5,3,0.024197,0.537203,TopoStake,pog(D=3_omega=1.00),1.92,136,8
29,2,0x0d91704595bff3aec25d40822498a51c62b05e3a,6.578627,1772617346,bfe11710ef2326e3d7f87f6325d0ded13c45379c894dce1dadeb69dd615590dc,168,84.00,3.61,1,5,4,0.024054,0.534967,TopoStake,pog(D=3_omega=1.00),1.57,137,8
29,3,0xb7b4ee0a72bc410bf6d32b9cd3f3e11fc756d6f1,2.082843,1772617348,026543bd47b7a6287ee6b326dd785ec79b884ddeab48ff7c4c27b1be4e57b9ba,173,86.50,3.31,1,5,3,0.024103,0.536582,TopoStake,pog(D=3_omega=1.00),1.45,138,8
29,4,0x30509a8084fdfe6fe24d9c9a817c209ad194f8e3,5.660784,1772617350,a73a5c53108fdf770032c948165a71ad46118144cf60a8fbd48834070d8c9ff4,182,91.00,3.82,1,6,4,0.023992,0.535483,TopoStake,pog(D=3_omega=1.00),1.48,139,8
30,0,0x1796dc61e715f15a2d27dfa32bd34780f12a8c24,3.726338,1772617352,421f007411850a56c6a15dc9194a3de6e89a3c514685001789c17511f2425212,176,88.00,3.42,1,5,3,0.024007,0.536939,TopoStake,pog(D=3_omega=1.00),1.49,140,8
30,1,0x606627477c3734932f47972f83c27cf4e3b35b4f,4.378244,1772617355,71934fac2336e25dc688be4bc748d8f6de4c43022398888b1fa9b6816e16eb24,180,60.00,3.26,1,5,3,0.023954,0.537415,TopoStake,pog(D=3_omega=1.00),2.47,141,8
30,2,0x07902d0371763a00d97ed9ba16ff0a206cb0fd19,21.557208,1772617356,4165d954958e29b1244eb1538b299487cdb9b41d5fead9a4f1526814336d5642,179,89.50,3.65,1,5,4,0.023923,0.538146,TopoStake,pog(D=3_omega=1.00),2.27,142,8
30,3,0x0d91704595bff3aec25d40822498a51c62b05e3a,7.579538,1772617358,afb3c3d5237fd59d6d803990e50faad2aa61f4eee2c57845397e25984b276e0e,165,165.00,2.80,1,4,3,0.024474,0.540011,TopoStake,pog(D=3_omega=1.00),1.51,143,8
30,4,0x9c39f7fffaa5c5cfab20dfdd05663497918580c1,1.427016,1772617360,62cf96883ec32a20d2c6921ebb3632dd9a157241ede74c9936a7dc65f41f2784,142,71.00,3.35,1,5,3,0.024546,0.541670,TopoStake,pog(D=3_omega=1.00),1.63,144,8
31,0,0xf6e059718dbd0a0956726ab97d06bad5efc6cd18,3.016677,1772617362,64c88c760d062ae836f8e2e7b915f1d15e63d5a6fabe4c33151bc18b8d1ced93,189,94.50,4.01,1,5,4,0.024410,0.539691,TopoStake,pog(D=3_omega=1.00),1.64,145,8
31,1,0x13f9dadc05f6c237b03411e2aed1800cf21a5d89,10.291296,1772617364,d621d506cb4b2cd00aa2e49b2b70901309d07dceefbbb60ee0f7e69789fea48e,223,111.50,3.87,1,5,4,0.024328,0.539686,TopoStake,pog(D=3_omega=1.00),1.65,146,8
31,2,0x13f9dadc05f6c237b03411e2aed1800cf21a5d89,10.291266,1772617366,9554f0c20d50722f3267709b740b116fdaa38498d77c420c03dcc55cd4c1efda,160,80.00,3.12,1,5,3,0.024329,0.539690,TopoStake,pog(D=3_omega=1.00),1.46,147,8
31,3,0xe184aeec69f3313df03bef8752946c65f0a70021,0.089596,1772617368,70e9311f17e23f3e455dd7577fcfe4b3835998f61719865408795b49effe93a7,170,85.00,3.23,1,5,3,0.024673,0.543166,TopoStake,pog(D=3_omega=1.00),1.49,148,8
31,4,0x52e05d9fa4faa167f30baba23c710e4f49115288,2.149530,1772617370,c82412471899af724ff74808c361aa01222996e6ec3eef5a51b411a2841db61e,157,52.33,4.17,1,6,4,0.024494,0.539111,TopoStake,pog(D=3_omega=1.00),2.50,149,8
32,0,0xd67aaaf210c0c36ddcb7055222d168b5c9dd1b36,2.189100,1772617373,8203a24a034c35c52e3eac0d4de757811466a73c215573be829b56b1b6b6049b,145,72.50,3.97,1,6,4,0.024383,0.538046,TopoStake,pog(D=3_omega=1.00),2.46,150,8
32,1,0x52e05d9fa4faa167f30baba23c710e4f49115288,3.150197,1772617374,2168d047cbca782d977477cd30274b5bac5eddd5de9514aa7473e7923aa8e865,205,102.50,4.00,1,5,4,0.024275,0.536969,TopoStake,pog(D=3_omega=1.00),2.33,151,8
32,2,0x30405867b72597aaeb27803bb2c7f3f5fc7d5384,0.517237,1772617376,db00073844374c8b9f0cdb7fa5cf7390dc9f629a8af730513809685e49687077,99,99.00,3.89,1,5,4,0.024198,0.537003,TopoStake,pog(D=3_omega=1.00),1.64,152,8
32,3,0x07902d0371763a00d97ed9ba16ff0a206cb0fd19,22.558785,1772617378,93096d415d62f6d9c264353a9a6be9af083e04936cc8c6a515ba5984841226b9,238,119.00,3.53,2,4,4,0.024039,0.533761,TopoStake,pog(D=3_omega=1.00),2.03,153,8
32,4,0x52e05d9fa4faa167f30baba23c710e4f49115288,4.150708,1772617380,df8afb9e8cc060174cb4106208a0a82bf6688d9c806b24d0ea8ea2950e4e7a3d,199,99.50,2.73,1,4,3,0.024566,0.535563,TopoStake,pog(D=3_omega=1.00),1.57,154,8
33,0,0x50f7fa851f9314d682e36da5caa4635039b5305d,1.106512,1772617382,bad582f5cf43dce2311b994836d8a650812eda8b0e0f7891fa2a267c46c69e0f,198,99.00,3.94,1,5,4,0.024516,0.536071,TopoStake,pog(D=3_omega=1.00),1.54,155,8
33,1,0xfb35fdafcfc84561a42700a4a1c274edeb75bdc1,0.060047,1772617384,d7ea4e9c6ba6f8774f8c91e61e4af2eed6cfd8fbaa8692e3cf672158f1b8a1c3,201,100.50,3.34,1,5,3,0.024374,0.533714,TopoStake,pog(D=3_omega=1.00),1.57,156,8
33,2,0x52e05d9fa4faa167f30baba23c710e4f49115288,5.151700,1772617386,da2ee08b84fbff42ec2d4922400f0a8ef8a63afe253d3586b4724c58f77a1fea,178,59.33,3.99,1,5,4,0.024202,0.529640,TopoStake,pog(D=3_omega=1.00),2.40,157,8
33,3,0xe6ebb0cdfd04183d498964e5efc4096ba77b17d6,5.293737,1772617389,5a9761eed2faa723242adb1d8f4b5b7e1a9bbc1e28c68b525863a02edebfd195,180,90.00,4.15,1,6,4,0.024185,0.530789,TopoStake,pog(D=3_omega=1.00),2.58,158,8
33,4,0xe478b1e4d1538274c0c70cbd7df877f9abab2f62,5.300058,1772617390,3a1a5a18bef448d759d2522b0b66f2c7e56393416b93889561a222ccea910119,175,87.50,4.01,1,6,4,0.024171,0.531930,TopoStake,pog(D=3_omega=1.00),2.50,159,8
34,0,0xe478b1e4d1538274c0c70cbd7df877f9abab2f62,6.300403,1772617392,8e7b099a1158e88ec1961359202d58bc4ae8b6f7f53f68e1178a9b6b83d87249,94,94.00,4.40,2,6,4,0.024158,0.532989,TopoStake,pog(D=3_omega=1.00),1.98,160,8
34,1,0x8719ca31b72ae8a5404006763c53d5ad503dbcb0,1.115377,1772617394,0b16c208baaf1f7fb57164ce3d408a525956c33030ed9c7de87c4044d032d1c8,180,90.00,4.38,1,6,4,0.024173,0.534346,TopoStake,pog(D=3_omega=1.00),2.28,161,8
34,2,0x8c11ec9090dd820c076e57e899d9c604c79d6b32,2.566678,1772617396,57c83af06ff30b6c628ea703a240b6653b9df3596078fd26a7674d7b7014d33e,235,117.50,4.03,1,6,4,0.024036,0.531985,TopoStake,pog(D=3_omega=1.00),1.97,162,8
34,3,0x52e05d9fa4faa167f30baba23c710e4f49115288,6.152443,1772617398,c7793b16bf39fa29b59b0b13a120218fb44442302335bbe7c9b2af8eeaa6812b,214,107.00,4.05,1,5,4,0.023942,0.531374,TopoStake,pog(D=3_omega=1.00),1.75,163,8
34,4,0x30509a8084fdfe6fe24d9c9a817c209ad194f8e3,6.661687,1772617400,c50351b7cf9b1958a0d3ee0d9e154bbdc0f036b230ba6141a4454ae1e2cef1e3,188,94.00,3.84,1,6,4,0.023952,0.532612,TopoStake,pog(D=3_omega=1.00),1.57,164,8
35,0,0x269cdf52f97e1d9f14b7be895155a7b294f0b21d,3.727613,1772617402,81e37fb67384e2f98d4098bef1cdcc5c912fc11a9b7cff492389230383020fc2,202,101.00,3.44,1,5,4,0.023976,0.533919,TopoStake,pog(D=3_omega=1.00),1.48,165,8
35,1,0x0d91704595bff3aec25d40822498a51c62b05e3a,8.580586,1772617404,17f78939ba5ea935f142dca9d821c2b886008e0dacda90890e26d0e9011803b2,188,62.67,3.72,1,5,4,0.023916,0.534165,TopoStake,pog(D=3_omega=1.00),2.49,166,8
35,2,0xa7e4d4d949807065ebf85adc1be8c382c7236c15,2.217988,1772617406,dea45a0114bf0e7980b0b230d0b5282deda671796f587857a9f138bf0e577d2b,160,80.00,3.34,1,5,3,0.023992,0.535725,TopoStake,pog(D=3_omega=1.00),2.38,167,8
35,3,0x075e1d95c7891e1c00414ca1aa9a7a8cf6270019,7.152573,1772617408,e446da856b32b0bfa37316586d93be4ee43006254bac0f50fa961d1480ed0ffa,103,103.00,3.75,1,5,4,0.023889,0.534638,TopoStake,pog(D=3_omega=1.00),1.83,168,8
35,4,0xd39dbd3662315e3935ec08e6b6028e73b3c09de2,1.922033,1772617410,2d529738a20a0244c34e7e632ab4b8075fc284dfe790ed30150faf82cf0ee07a,207,103.50,2.96,1,5,3,0.023924,0.536009,TopoStake,pog(D=3_omega=1.00),1.99,169,8
36,0,0x71f297f96355f349d66f0e9b681e7d4e11224660,3.173150,1772617412,ff167e3e232757959e4a2b31d6b8d041853550ca076da3b4aa3abcb63c6e32f6,122,61.00,4.76,1,7,5,0.023813,0.534528,TopoStake,pog(D=3_omega=1.00),2.00,170,8
36,1,0xb990cdf21950e6086c350175c4bc504e45858230,0.120377,1772617414,8027f5f934f8e8936e7b2145558b2d48b83fc49addb84dcd911ea8ba23915f2b,250,125.00,3.96,1,6,4,0.023738,0.534446,TopoStake,pog(D=3_omega=1.00),1.98,171,8
36,2,0xac61c91e7d24df824351a6c4e562a75f0cf646f8,1.250738,1772617416,fe85f65339a2e79eab1988e3efc85ed467159376b9dfab82c4a5b64534fa9178,122,61.00,4.20,2,6,4,0.023581,0.530640,TopoStake,pog(D=3_omega=1.00),1.34,172,8
36,3,0xb7b4ee0a72bc410bf6d32b9cd3f3e11fc756d6f1,3.083313,1772617418,38ca2d4f1d433be78b67e77a1c98cb9463ca64cc907cbddc48a0b1cc032facb7,169,84.50,3.99,1,6,4,0.023455,0.528457,TopoStake,pog(D=3_omega=1.00),1.47,173,8
36,4,0x408bb0bf84df50b21c53c74420987f172d4036a1,1.798097,1772617420,d2438e821817bd3cede779c11030561aea5c8996fa4e657af52c202e7b006b0d,213,71.00,3.81,1,6,4,0.023380,0.528263,TopoStake,pog(D=3_omega=1.00),2.51,174,8
37,0,0xd3997be86c88837e3fd467517b943590b28fa641,1.057149,1772617423,c2e78643d42f2cf4201e941f9c406b30224bad4082d4b5ae33b2506c8d465c1c,190,95.00,3.45,1,5,4,0.023271,0.526607,TopoStake,pog(D=3_omega=1.00),2.44,175,8
37,1,0x49b57eb4dace37c8819daf079c9c674f766d4f38,2.230875,1772617425,19ade75696e8566585d8d89a4aa2f3aa09a7e8ad1c3fcc79d2cabbbfec5e36cb,186,93.00,3.99,1,6,4,0.023144,0.524168,TopoStake,pog(D=3_omega=1.00),2.32,176,8
37,2,0x30509a8084fdfe6fe24d9c9a817c209ad194f8e3,7.662874,1772617427,35f5585840bf94905148ceff53089e3dce5144722f417891321e40bd9160b72f,208,104.00,4.07,1,6,4,0.023048,0.522996,TopoStake,pog(D=3_omega=1.00),2.13,177,8
37,3,0x52e05d9fa4faa167f30baba23c710e4f49115288,7.153189,1772617429,41d95126f5535c6e8e3448f599a3e4018f2f321487d8e391734a0063a1a3b825,238,119.00,3.55,2,5,4,0.023095,0.524414,TopoStake,pog(D=3_omega=1.00),1.78,178,8
37,4,0x377eaef292051bbf8ada05b2af76a3f3b9d722a7,0.054158,1772617431,4c80ac88d5d5967e64ececc8b7e1246372a4e07e8aa87a64ec7ae6b16b3d42c6,153,76.50,3.87,1,5,4,0.023126,0.525665,TopoStake,pog(D=3_omega=1.00),1.50,179,8
38,0,0x4ba33404d90c4ae989714d9d174cd882cffb7994,4.118061,1772617433,22713c60fff088d7a308e198f8a059d642c29ee0672eb28767bf01610aeaa724,179,89.50,3.70,1,5,4,0.023126,0.525668,TopoStake,pog(D=3_omega=1.00),1.49,180,8
38,1,0x3d92e045fb1847aae132b40ebfcc471a32f687de,1.127896,1772617435,133dede6cbe53407a25925c300b8f31afc46e3dc756efa74a49c2e70958d1703,163,81.50,4.37,1,6,4,0.022929,0.522185,TopoStake,pog(D=3_omega=1.00),1.49,181,8
38,2,0x8c11ec9090dd820c076e57e899d9c604c79d6b32,3.567692,1772617438,0940379a1dee79f7e43a1f32a7b1aedc7e75985d8e26e0df51ed2431bc0927f3,161,53.67,4.08,1,6,4,0.022808,0.519811,TopoStake,pog(D=3_omega=1.00),2.50,182,8
38,3,0x30405867b72597aaeb27803bb2c7f3f5fc7d5384,1.518064,1772617439,0940379a1dee79f7e43a1f32a7b1aedc7e75985d8e26e0df51ed2431bc0927f3,161,53.67,4.08,1,6,4,0.022808,0.519812,TopoStake,pog(D=3_omega=1.00),2.50,182,9
38,4,0xa9a524611994a27dd3134d643379aa14edf7cb39,2.096125,1772617441,dd71de82bc4403f4e7c775135e4f6fe2744618a18cc036bf0491407760da0621,250,83.33,3.57,1,5,4,0.022698,0.517805,TopoStake,pog(D=3_omega=1.00),3.04,183,9
39,0,0x07902d0371763a00d97ed9ba16ff0a206cb0fd19,23.562389,1772617443,65c9705ee003edd06215101171d3fdab1d0bc04825c6fe6fcf8d0cddffd3012d,222,111.00,3.62,1,5,4,0.022603,0.516423,TopoStake,pog(D=3_omega=1.00),2.06,184,9
39,1,0x075e1d95c7891e1c00414ca1aa9a7a8cf6270019,8.154176,1772617445,b69b281535f1087b816db81d04088cb5efcacf45ac80085f0bfa1e045e329b6a,237,118.50,2.79,2,4,3,0.023038,0.518091,TopoStake,pog(D=3_omega=1.00),1.64,185,9
39,2,0x408bb0bf84df50b21c53c74420987f172d4036a1,2.798896,1772617447,f7775b8ff9884b72cc91773e7af9e82cb571b65458eca74ea6baff302d07929d,195,97.50,3.30,1,5,3,0.023089,0.519500,TopoStake,pog(D=3_omega=1.00),1.48,186,9
39,3,0x07902d0371763a00d97ed9ba16ff0a206cb0fd19,24.563606,1772617449,65ffb8b635cd908a847617de5d9ed321311b341cf6130e1eee2bfb1ba39f228b,179,89.50,3.65,2,5,4,0.023008,0.518964,TopoStake,pog(D=3_omega=1.00),1.45,187,9
39,4,0x075e1d95c7891e1c00414ca1aa9a7a8cf6270019,9.155161,1772617451,ce4f98a2b15892dfaa625eebbf48fa9707c5ace45481c7cb2b03c3576f398352,166,83.00,2.70,1,4,3,0.023454,0.520606,TopoStake,pog(D=3_omega=1.00),1.46,188,9
40,0,0x50f7fa851f9314d682e36da5caa4635039b5305d,2.107393,1772617454,357565ee9c72f75314ddfb695c489154ebff9bb036a10657e737413940c0cb58,184,61.33,3.22,1,5,3,0.023523,0.522066,TopoStake,pog(D=3_omega=1.00),2.47,189,9
40,1,0xf6e059718dbd0a0956726ab97d06bad5efc6cd18,4.017172,1772617455,2046d26787331d06deea0ee42ff5d2bbadf6e90f00397d2efe8f59d6cf8ed310,208,104.00,3.33,1,5,3,0.023423,0.520622,TopoStake,pog(D=3_omega=1.00),2.32,190,9
40,2,0xb7b4ee0a72bc410bf6d32b9cd3f3e11fc756d6f1,4.084143,1772617457,d8023424fdbdb2eb20bf3079ee1e5746e615e7d8cdf2bfd05390e14f8d7b5436,123,123.00,3.72,1,5,4,0.023369,0.520876,TopoStake,pog(D=3_omega=1.00),1.49,191,9
40,3,0x95ab54d268473cce82094026afefdbd5cadf418b,1.597615,1772617459,a58ededc35eec4a2fdf3d9a0e6b996ca8eaced2545cafe1237e1a36af7de0d77,209,104.50,3.90,1,6,4,0.023317,0.521096,TopoStake,pog(D=3_omega=1.00),1.68,192,9
40,4,0x71f297f96355f349d66f0e9b681e7d4e11224660,4.174174,1772617461,30c26138e15b05d0ac44349a61efe9043f5cb7fd9785e65cc27625e20e43c8f3,181,90.50,4.41,1,6,5,0.023207,0.519095,TopoStake,pog(D=3_omega=1.00),1.57,193,9
41,0,0x269cdf52f97e1d9f14b7be895155a7b294f0b21d,4.728547,1772617463,b16e77d441e47b4abd630d1c70dba80d77332821830a58a45829c5a6e4cbb037,170,85.00,3.90,1,6,4,0.023158,0.519311,TopoStake,pog(D=3_omega=1.00),1.45,194,9
41,1,0x9c39f7fffaa5c5cfab20dfdd05663497918580c1,2.427047,1772617465,3c8d481db0af6bd21bd3ed3fe01011701f6a54017d1e5f057b3e6d4f48b41a6f,193,64.33,3.61,1,5,4,0.023122,0.519897,TopoStake,pog(D=3_omega=1.00),2.47,195,9
41,2,0xe6ebb0cdfd04183d498964e5efc4096ba77b17d6,6.294340,1772617468,b6459fe7528b65512cb9a3706f2a6f90ba3b146e2191abbbce0cc6d791adad36,206,103.00,3.65,1,6,4,0.023032,0.518826,TopoStake,pog(D=3_omega=1.00),13.88,196,9
41,3,0x71f297f96355f349d66f0e9b681e7d4e11224660,5.175050,1772617469,1b7537eeddff538c92ee6fcde44581124e291916fa314e67743a3aa8a5552f89,170,85.00,3.98,1,6,4,0.023032,0.519877,TopoStake,pog(D=3_omega=1.00),2.54,197,9
41,4,0x1796dc61e715f15a2d27dfa32bd34780f12a8c24,4.727453,1772617471,95a975376ec33b825f177b68dd05f83773ff0af0d03c67b198059e643ff2279a,88,88.00,3.85,1,5,4,0.023005,0.520692,TopoStake,pog(D=3_omega=1.00),1.90,198,9
42,0,0x52e05d9fa4faa167f30baba23c710e4f49115288,8.153940,1772617473,de6f398564567ecd1febb46693b80128c246f9256eb4197e93e76ab3e2834c72,250,125.00,3.28,2,5,3,0.022969,0.521161,TopoStake,pog(D=3_omega=1.00),2.08,199,9
42,1,0x269cdf52f97e1d9f14b7be895155a7b294f0b21d,5.729527,1772617475,8632e9970b5db610a2240abca395aae2902ca88f3444d40e8485fd73274c4299,197,98.50,4.02,1,6,4,0.023009,0.522428,TopoStake,pog(D=3_omega=1.00),1.68,200,9
42,2,0x89100a8056319ba37491b32ba255004180607bc2,4.788504,1772617477,02e43c5e7d33a9d74c9b56a9f451d3e062451015af6d812e68a5a173770b0f45,189,94.50,3.84,1,6,4,0.022994,0.523344,TopoStake,pog(D=3_omega=1.00),1.61,201,9
42,3,0x9c39f7fffaa5c5cfab20dfdd05663497918580c1,3.428012,1772617479,05d58b7993910450a4c89ac05f97478854016863d6b084a0e4d1c32e69ce579f,165,82.50,3.82,1,5,4,0.022958,0.523777,TopoStake,pog(D=3_omega=1.00),1.55,202,9
42,4,0x52e05d9fa4faa167f30baba23c710e4f49115288,9.154824,1772617481,05d58b7993910450a4c89ac05f97478854016863d6b084a0e4d1c32e69ce579f,165,82.50,3.82,1,5,4,0.022958,0.523782,TopoStake,pog(D=3_omega=1.00),1.55,202,10
43,0,0x07902d0371763a00d97ed9ba16ff0a206cb0fd19,25.565497,1772617484,2c214326d7538bf946c90db3b7000a70aef0bd0a233f77e3e3fd2136945cf150,250,50.00,4.12,1,6,4,0.023017,0.525099,TopoStake,pog(D=3_omega=1.00),4.19,203,10
43,1,0xe184aeec69f3313df03bef8752946c65f0a70021,1.089259,1772617485,f503931c32cc73ceb81660bca927b75882bfe63d940998f3d201659b9fb4eb9c,144,72.00,2.64,1,4,3,0.023431,0.526631,TopoStake,pog(D=3_omega=1.00),2.09,204,10
43,2,0x408bb0bf84df50b21c53c74420987f172d4036a1,3.799576,1772617487,4576175f8c4a8312bed3fdae11873c1cb6e1d2a13d4df02add3d856075b2b93b,94,94.00,4.01,1,6,4,0.023312,0.524255,TopoStake,pog(D=3_omega=1.00),1.49,205,10
43,3,0x63f4973c0df8a5358405f396dc0673a463c48de9,4.901458,1772617489,6dc9713e6d9036f2697f06b02d7d34995def612f6ef40f8fdb6128abbf7e621c,160,80.00,3.69,1,5,4,0.023251,0.524226,TopoStake,pog(D=3_omega=1.00),1.70,206,10
43,4,0x377eaef292051bbf8ada05b2af76a3f3b9d722a7,1.054504,1772617491,6dc9713e6d9036f2697f06b02d7d34995def612f6ef40f8fdb6128abbf7e621c,160,80.00,3.69,1,5,4,0.023252,0.524228,TopoStake,pog(D=3_omega=1.00),1.70,206,11
44,0,0xf6e059718dbd0a0956726ab97d06bad5efc6cd18,5.017483,1772617493,70c13904094e44bb083e0aedfbd5d2e29ceb8e8cdc7dad55e4bee2f6126c4fee,250,62.50,3.66,1,5,4,0.023133,0.521786,TopoStake,pog(D=3_omega=1.00),3.14,207,11
44,1,0x07902d0371763a00d97ed9ba16ff0a206cb0fd19,26.566406,1772617496,b649e135544ad9b2b0e8acad75b010ace633c80632a921ae38df53af00d21dfa,87,29.00,3.79,1,5,4,0.023100,0.522313,TopoStake,pog(D=3_omega=1.00),2.18,208,11
44,2,0x07902d0371763a00d97ed9ba16ff0a206cb0fd19,27.567471,1772617497,8febb83cb4a388c4c13983ec2304f993fe1e8d74ae260f27086a313cf597538f,215,107.50,2.63,1,4,3,0.023518,0.523829,TopoStake,pog(D=3_omega=1.00),2.36,209,11
44,3,0x4a217e35f6402e7f62a49f6d62e27c6585c2f3fd,1.492047,1772617499,4253a1b6bdf8bf5746462c8e991b710be07cdb13c3b26273f5e1cd4bb439d3b9,99,99.00,2.88,1,4,3,0.023951,0.525337,TopoStake,pog(D=3_omega=1.00),1.61,210,11
44,4,0x282f43759e22b50aa7989261c51c367f325c3f91,1.351158,1772617501,7c5038fe78da4601a4fc5d57bcc5739adaa22464c088c78e385ffc94cab7b67b,196,98.00,3.58,1,5,4,0.023839,0.523217,TopoStake,pog(D=3_omega=1.00),1.93,211,11
45,0,0x30405867b72597aaeb27803bb2c7f3f5fc7d5384,2.519073,1772617503,d6c289bbec2847916abdf04eff4a13603322c0d71a19145584ec174161663ca0,216,108.00,3.81,1,6,4,0.023724,0.520943,TopoStake,pog(D=3_omega=1.00),1.92,212,11
45,1,0xd67aaaf210c0c36ddcb7055222d168b5c9dd1b36,3.189291,1772617505,60760535b5fb0075f8c4f625608884ce3433d5e0fc52bcaae3bb0226bab33032,177,88.50,3.56,1,5,4,0.023635,0.519988,TopoStake,pog(D=3_omega=1.00),1.76,213,11
45,2,0xeb82a21cb3d0dd781eb22ad74bb7cd9b4d2a06ec,5.925214,1772617507,45fd8d5f25eb3d55ff843d585e4ac9a58863ee63e7c1da16409f30b4d4f04a55,164,82.00,3.98,1,5,4,0.023559,0.519729,TopoStake,pog(D=3_omega=1.00),1.45,214,11
45,3,0xc4dc29db975b952e04358340e56b68fa4ba63fbc,1.542461,1772617509,85aef60989e0fe89b80e3f091084a4ff65000550d3eabd15c19ce13eb569bab5,172,86.00,4.01,1,6,4,0.023540,0.520581,TopoStake,pog(D=3_omega=1.00),1.46,215,11
45,4,0x52e05d9fa4faa167f30baba23c710e4f49115288,10.155923,1772617511,e8986e3d2929aea429df723e852c048650d0556eec96904588fada3c6fafc4fe,166,55.33,3.61,1,5,4,0.023432,0.518440,TopoStake,pog(D=3_omega=1.00),2.43,216,11
46,0,0x4ba33404d90c4ae989714d9d174cd882cffb7994,5.118308,1772617514,a595500743a5812580f9775cdc8ded1ef520979a446cc0b25174d5a987e1f239,176,88.00,4.09,1,6,4,0.023497,0.519805,TopoStake,pog(D=3_omega=1.00),2.52,217,11
46,1,0x13f9dadc05f6c237b03411e2aed1800cf21a5d89,12.296091,1772617515,dd9450f9d3189ba7f481e37cc40e2f9a102c6404d7dfafba6fefc79b59344770,168,84.00,4.45,1,6,4,0.023460,0.520310,TopoStake,pog(D=3_omega=1.00),2.49,218,11
46,2,0xd3997be86c88837e3fd467517b943590b28fa641,2.057274,1772617517,8254c9170ea6d832668f89e8f34f2737884cc92c3de345816acab41245ed65f8,165,165.00,3.08,1,4,3,0.023565,0.521725,TopoStake,pog(D=3_omega=1.00),1.52,219,11
46,3,0x07902d0371763a00d97ed9ba16ff0a206cb0fd19,28.568668,1772617519,6263625fbfeb24770a8270395e610af883a1e5bd7df122b2345745fad394dc3c,179,89.50,3.94,1,6,4,0.023468,0.520115,TopoStake,pog(D=3_omega=1.00),1.65,220,11
46,4,0xd46407aa7b668c72de3cf1c1a12b7fa2e308a1b2,2.989868,1772617521,ce91b908787be9df1e9d78bd55dc5bc4c0aa0dd6b5cc66acf5b89025410de5e9,197,98.50,2.87,1,4,3,0.023887,0.521583,TopoStake,pog(D=3_omega=1.00),1.59,221,11
47,0,0xd67aaaf210c0c36ddcb7055222d168b5c9dd1b36,4.190009,1772617523,5e1688b50d0945a2eaf6bb9e88928a309f4545e726af8454b6198a27ba2b9c44,176,88.00,4.01,1,6,4,0.023806,0.521101,TopoStake,pog(D=3_omega=1.00),1.51,222,11
47,1,0x4414c05be2cf328f38d2e3ef4b705d6b894f044a,3.088536,1772617525,62d15da4406f66ce96acbf1672e73e47645aff0b80cdc1d4203e6d670093c8ff,210,70.00,3.89,1,5,4,0.023749,0.521104,TopoStake,pog(D=3_omega=1.00),2.51,223,11
47,2,0x763be7657fec175a3de5f1ee0a506722872c886d,1.037967,1772617527,f7291b87a4773dd6d522d6e78e8ff0836fbf2932ad2fe7af65e00c0a4f8fd987,187,93.50,3.88,1,5,4,0.023671,0.520667,TopoStake,pog(D=3_omega=1.00),2.51,224,11
47,3,0x50f7fa851f9314d682e36da5caa4635039b5305d,3.108332,1772617529,c1d5db744e995164a1a361ba45d6d987683ef8d07c8ce7e641bdc2fd269453ac,114,114.00,3.61,1,5,4,0.023555,0.518194,TopoStake,pog(D=3_omega=1.00),1.85,225,11
47,4,0x075e1d95c7891e1c00414ca1aa9a7a8cf6270019,10.157576,1772617531,a2be537be556baa678c44f5c81341376899b830e2124fec1b5c06a180377d957,247,123.50,3.27,1,5,3,0.023479,0.517725,TopoStake,pog(D=3_omega=1.00),2.08,226,11
48,0,0xeb82a21cb3d0dd781eb22ad74bb7cd9b4d2a06ec,6.925898,1772617533,f71f7d52b6abd382d5edb5be2728ff914493e9f70e313dca42a8c29606538339,221,110.50,3.02,1,5,3,0.023535,0.518990,TopoStake,pog(D=3_omega=1.00),1.82,227,11
48,1,0x30509a8084fdfe6fe24d9c9a817c209ad194f8e3,8.664695,1772617535,ce0c497351a50593aa8611467d6e2dcc028568d3e9818f2ded5c75aeee39680a,179,89.50,4.08,1,6,4,0.023530,0.519959,TopoStake,pog(D=3_omega=1.00),1.62,228,11
48,2,0x49b57eb4dace37c8819daf079c9c674f766d4f38,3.231173,1772617537,e95fcba0c1dbd89d48cefd8febc1d371457c0570445059bd090921503c9e0bea,182,91.00,3.43,1,5,4,0.023557,0.521093,TopoStake,pog(D=3_omega=1.00),1.60,229,11
48,3,0x377eaef292051bbf8ada05b2af76a3f3b9d722a7,2.055539,1772617539,f61b28a48edc39a67cc9b75314c88b45b6d8e568a8d00056c8dc61995f39f2be,176,88.00,4.14,1,6,4,0.023483,0.520655,TopoStake,pog(D=3_omega=1.00),1.57,230,11
48,4,0x49b57eb4dace37c8819daf079c9c674f766d4f38,4.231946,1772617541,234fbabb46afa1fa5d493e95e4cde931fb5391c3a26933ab8cdfec57bd2e93bf,171,57.00,3.64,1,5,4,0.023388,0.519038,TopoStake,pog(D=3_omega=1.00),2.45,231,11
49,0,0x07902d0371763a00d97ed9ba16ff0a206cb0fd19,29.570435,1772617544,7fe72f1356ba0a3979e3d7b4eb48763a593088cc7688c9235e5637817124535e,195,97.50,4.03,1,6,4,0.023333,0.519003,TopoStake,pog(D=3_omega=1.00),2.46,232,11
49,1,0x30509a8084fdfe6fe24d9c9a817c209ad194f8e3,9.665740,1772617545,61da97b8174e4382cf41a9546e9315a05cae98012473219e58f95fb4e755a27a,229,114.50,2.70,1,4,3,0.023736,0.520420,TopoStake,pog(D=3_omega=1.00),2.10,233,11
49,2,0x9ba702916c26a8583a7f277d6932b3c0d9927ce0,0.194867,1772617547,764b0a693b2939b49d905163e8f4f1b47c02cc45bdfb165588a7eca801bf386f,90,90.00,3.39,1,5,4,0.023777,0.521589,TopoStake,pog(D=3_omega=1.00),1.26,234,11
49,3,0x30509a8084fdfe6fe24d9c9a817c209ad194f8e3,10.666194,1772617549,b9d75b9f722e5e9c59901523eb7538ccdb8c0df5c7d91d2b0e3e198577cd7eda,185,92.50,3.69,1,5,4,0.023647,0.518502,TopoStake,pog(D=3_omega=1.00),1.64,235,11
49,4,0x13f9dadc05f6c237b03411e2aed1800cf21a5d89,13.297638,1772617551,17ef7ec20a1fc83f3d8728ab8c830ec2d82bbc0c23e297e74b347fbe2cfac5af,177,88.50,3.37,1,5,3,0.023705,0.519732,TopoStake,pog(D=3_omega=1.00),1.49,236,11
50,0,0x377eaef292051bbf8ada05b2af76a3f3b9d722a7,3.056339,1772617553,7809929e46f12f690e6cf32882e5d99f17f1a22a05225e8b0976161a488f9e47,175,87.50,3.18,1,5,3,0.023808,0.521071,TopoStake,pog(D=3_omega=1.00),1.50,237,11
50,1,0xb2a7fe70a6f3137d38f6cb4c3ec6dd1e24f2d5f4,2.421338,1772617556,691a5e324f1beb571469b61820e3fb78119dc82798e9227c993a04e92981bc29,173,57.67,3.65,1,5,4,0.023729,0.520464,TopoStake,pog(D=3_omega=1.00),2.55,238,11
50,2,0xa447d277b02012c2afd9ddcbbe123f27cc971963,2.808940,1772617557,93af6ca230e29d3bf6b5c6581013144813f60773006d127f354abf13f8c7050f,171,85.50,4.34,1,6,4,0.023640,0.519211,TopoStake,pog(D=3_omega=1.00),2.53,239,11
50,3,0x13f9dadc05f6c237b03411e2aed1800cf21a5d89,14.298605,1772617559,55a98d2e5ea2000288fa5419b6705d33d1ad1a89ec3456d8794333c33d0dce01,148,148.00,3.35,1,5,3,0.023559,0.518303,TopoStake,pog(D=3_omega=1.00),1.70,240,11
50,4,0xd46407aa7b668c72de3cf1c1a12b7fa2e308a1b2,3.990499,1772617561,c5a19fd1505a380cbbb5b93d3b6d9f8e2bce6470c918a7895533a26e5fe09b37,203,101.50,3.12,1,5,3,0.023676,0.519632,TopoStake,pog(D=3_omega=1.00),1.92,241,11
51,0,0xe184aeec69f3313df03bef8752946c65f0a70021,2.089046,1772617563,02982376cfd41e744217fd7a1ad45e60275379a219dfe2670fb9352ae2c51216,172,86.00,3.99,1,5,4,0.023614,0.519456,TopoStake,pog(D=3_omega=1.00),1.73,242,11
51,1,0xe478b1e4d1538274c0c70cbd7df877f9abab2f62,7.300169,1772617565,e46c1326152290970b17dfd07ea6e98c46d1b3eb3ddf118f7cb8c47153043e35,189,94.50,4.10,1,6,4,0.023521,0.517823,TopoStake,pog(D=3_omega=1.00),1.61,243,11
51,2,0x016d3fc36beee7caa8fbd6c1caa42461dd7f9850,7.889568,1772617567,f3ea364e345e25a47be0fe2f485a222032865c8e84f105574e96aadb1e56d435,193,96.50,4.32,1,6,4,0.023516,0.518780,TopoStake,pog(D=3_omega=1.00),1.48,244,11
51,3,0xd67aaaf210c0c36ddcb7055222d168b5c9dd1b36,5.190708,1772617569,e10779eb0c414a04e4c8145eb82bfeb5d1bc0fe102655c4663184e84eeadf0e6,168,56.00,3.18,1,5,3,0.023521,0.519778,TopoStake,pog(D=3_omega=1.00),2.49,245,11
51,4,0x13f9dadc05f6c237b03411e2aed1800cf21a5d89,15.299909,1772617572,cc4b20a6a9c38f3be44772cfb5f7699f7c56f14017b98e5847c09e24bbc39b8b,185,92.50,3.90,1,5,4,0.023481,0.520218,TopoStake,pog(D=3_omega=1.00),2.48,246,11
52,0,0xa447d277b02012c2afd9ddcbbe123f27cc971963,3.809579,1772617573,1652d716e442f4eaa370a2dbdae0051387b9bc428a691c6078e5cef7a2cede97,224,112.00,3.00,1,5,3,0.023608,0.521517,TopoStake,pog(D=3_omega=1.00),2.29,247,11
52,1,0xa447d277b02012c2afd9ddcbbe123f27cc971963,3.809579,1772617575,1652d716e442f4eaa370a2dbdae0051387b9bc428a691c6078e5cef7a2cede97,224,112.00,3.00,1,5,3,0.023609,0.521519,TopoStake,pog(D=3_omega=1.00),2.29,247,12
52,2,0x016d3fc36beee7caa8fbd6c1caa42461dd7f9850,8.890342,1772617577,1652d716e442f4eaa370a2dbdae0051387b9bc428a691c6078e5cef7a2cede97,224,112.00,3.00,1,5,3,0.023609,0.521522,TopoStake,pog(D=3_omega=1.00),2.29,247,13
52,3,0x0d91704595bff3aec25d40822498a51c62b05e3a,9.582828,1772617579,d3805e0e1647714427e8988c80cdc296ef6373438de415e6a8e3f390971ea969,250,50.00,3.17,1,5,3,0.023629,0.522546,TopoStake,pog(D=3_omega=1.00),4.88,248,13
52,4,0x687bf2437a044a3e42ff2f8a79a8e54ba9601f70,3.067197,1772617581,bc932a8c6c8e1614ec89ecdc2d0b2fbea38a3a72c94cb75cbc47bbb8821fc1c8,204,102.00,3.30,1,5,3,0.023629,0.522548,TopoStake,pog(D=3_omega=1.00),1.85,249,13
53,0,0x2abf89d7c96c80fcff9dec1fe92803573094ee35,1.226968,1772617584,f41fb4237369018cc47faeb1190483b8d39050b34161a3991f46055948089ecd,187,93.50,3.84,1,5,4,0.023582,0.522874,TopoStake,pog(D=3_omega=1.00),1.54,250,13
53,1,0x687bf2437a044a3e42ff2f8a79a8e54ba9601f70,4.068103,1772617585,ebed8becdf5787442b47a9495e9fcbaff7f07f83589f3692d759154453ebfb68,194,64.67,3.61,2,5,4,0.023476,0.520603,TopoStake,pog(D=3_omega=1.00),2.50,251,13
53,2,0x9ba702916c26a8583a7f277d6932b3c0d9927ce0,1.195490,1772617587,d79fde2a30f805ba60c5181cd13e46d6189cb5622ef56626bfaaf0fcb115dee4,121,121.00,3.57,1,5,4,0.023417,0.520404,TopoStake,pog(D=3_omega=1.00),1.65,252,13
53,3,0x016d3fc36beee7caa8fbd6c1caa42461dd7f9850,9.891686,1772617589,db4a4a74b524061d7acab9de6a411ce12c3d697e1cdd5233c7122614fca1f0d4,207,103.50,3.61,1,5,4,0.023312,0.518081,TopoStake,pog(D=3_omega=1.00),1.86,253,13
53,4,0xf6e059718dbd0a0956726ab97d06bad5efc6cd18,6.017343,1772617591,933204450aaf2e13d168cc4894f6e5f410242e7ffac48aafbff40942f9521898,160,80.00,3.19,1,5,3,0.023346,0.519096,TopoStake,pog(D=3_omega=1.00),1.64,254,13
54,0,0x075e1d95c7891e1c00414ca1aa9a7a8cf6270019,11.159531,1772617593,8d36989f5de756f01aa1ae8dafc0459f015bcf7bb643aadf3a363673c9d53973,161,80.50,3.72,1,5,4,0.023318,0.519798,TopoStake,pog(D=3_omega=1.00),1.53,255,13
54,1,0x13f9dadc05f6c237b03411e2aed1800cf21a5d89,16.301299,1772617596,be7b6d65ecbb677457df7cad914653dc77e2ee96869219184202c76456c5866f,177,59.00,3.10,1,5,3,0.023372,0.520984,TopoStake,pog(D=3_omega=1.00),2.49,256,13
54,2,0x07902d0371763a00d97ed9ba16ff0a206cb0fd19,30.573204,1772617597,39555da622ef39fd5dfbbac53f73c588fbc7c6306f1e495db2a52d58fece4b14,202,101.00,2.96,1,4,3,0.023505,0.522243,TopoStake,pog(D=3_omega=1.00),2.28,257,13
54,3,0xc4dc29db975b952e04358340e56b68fa4ba63fbc,2.542677,1772617599,1c1a56d3680100fb18e134266b54480973c5416092eb220cf9f97913d401c88a,132,132.00,2.70,2,4,3,0.023859,0.523553,TopoStake,pog(D=3_omega=1.00),1.46,258,13
54,4,0x606627477c3734932f47972f83c27cf4e3b35b4f,5.378423,1772617601,f0d02cca6d396bca10cde7504f76dff3493eea0c4aa99b851facbaf14ffd816e,159,79.50,3.53,1,5,4,0.023774,0.522335,TopoStake,pog(D=3_omega=1.00),1.77,259,13
55,0,0x13f9dadc05f6c237b03411e2aed1800cf21a5d89,17.302335,1772617603,98d408a9bf63757a194b47b99b65e5704fb7f258020b83b4b8cf25420ea178c3,185,92.50,3.72,1,5,4,0.023733,0.522771,TopoStake,pog(D=3_omega=1.00),1.78,260,13
55,1,0x016d3fc36beee7caa8fbd6c1caa42461dd7f9850,10.892547,1772617605,65a600190b5c096ec09b464e87643248b9168972b7d0360a5074e488f0bf200b,168,84.00,3.14,1,5,3,0.023875,0.524014,TopoStake,pog(D=3_omega=1.00),1.56,261,13
55,2,0x1d1d2c63625de70b1e5ef40056bd2deb89d7fef2,0.068162,1772617607,daccc37855ef771865ca60c98d35446fe84d0407c11372ff16f52c58c44cc907,170,85.00,3.20,1,4,3,0.023875,0.524016,TopoStake,pog(D=3_omega=1.00),1.48,262,13
55,3,0x07902d0371763a00d97ed9ba16ff0a206cb0fd19,31.574133,1772617609,994895d03d80118cd72408593aeb6bab76dc24676caa3aa0b8eb445696472efc,169,56.33,3.75,1,5,4,0.023752,0.520951,TopoStake,pog(D=3_omega=1.00),2.51,263,13
55,4,0xcb7977f4997b4252c0152e135dd79b3cfe35c1a5,2.626495,1772617612,287f42d9000ed7eafe950af00e7b82ba8b0b12409a55443cd0d16775baf494b6,170,85.00,2.75,1,4,3,0.024109,0.522247,TopoStake,pog(D=3_omega=1.00),2.42,264,13
56,0,0x53be6e527cc5a7d850b5eae27b9cef342e0665f2,1.041151,1772617613,f637d752b6ad37cd5c7b70789659a7bc0ee65c1bc32893e1e068ab57430e0b7e,142,71.00,4.99,1,6,5,0.024024,0.521078,TopoStake,pog(D=3_omega=1.00),2.44,265,13
56,1,0x3d92e045fb1847aae132b40ebfcc471a32f687de,2.128190,1772617615,acd07f75fccd8a325757bea0e6076db04552b983aa60ee188667ee3b159a9e6e,148,148.00,3.40,1,5,3,0.023915,0.518720,TopoStake,pog(D=3_omega=1.00),1.66,266,13
56,2,0x4ba33404d90c4ae989714d9d174cd882cffb7994,6.118332,1772617617,ad720e97b334ac27d1b53ebffed8638afcde5f489c79ea5d76fdbcbe49a22ac8,160,80.00,3.86,1,6,4,0.023824,0.517106,TopoStake,pog(D=3_omega=1.00),1.76,267,13
56,3,0x07902d0371763a00d97ed9ba16ff0a206cb0fd19,32.575200,1772617619,b87341b1f4fc430bea97c78d80928cea0063e24bbecf6050b60b6aa731c25f17,183,91.50,4.45,1,7,4,0.023793,0.517750,TopoStake,pog(D=3_omega=1.00),1.70,268,13
56,4,0x9bdb1c7ad4bd8fe797b07c08117c74a591dbab2d,0.444764,1772617621,8dc7a7f29d9874a40037c6f9ce38f9943439f635bfcf2337ac9d864b6195fc41,191,95.50,2.69,1,4,3,0.024153,0.519037,TopoStake,pog(D=3_omega=1.00),1.60,269,13
57,0,0x07902d0371763a00d97ed9ba16ff0a206cb0fd19,33.576151,1772617623,d94f79fed69a197a46b99b445599c7ed608f3c02c3b6dfde7f27d92686c1bbfa,181,90.50,3.84,1,5,4,0.024036,0.516360,TopoStake,pog(D=3_omega=1.00),1.52,270,13
57,1,0x0d91704595bff3aec25d40822498a51c62b05e3a,10.584130,1772617625,5a0469475537dbb35c6c7faa3b47ff5c5f1ffaa32e63e79d78f6ac4de8e693d4,170,56.67,2.83,1,4,3,0.024404,0.517643,TopoStake,pog(D=3_omega=1.00),2.52,271,13
57,2,0xa9105f442328d397529b8e4e9e656fa89016ff45,0.467574,1772617627,5b5b66a47d1b0625ed44829758c10c2371c0ce0c3d2c1163f58fbe72803afb73,124,124.00,2.97,1,5,3,0.024434,0.518656,TopoStake,pog(D=3_omega=1.00),1.67,272,13
57,3,0xb990cdf21950e6086c350175c4bc504e45858230,1.119585,1772617629,984e02b454ea7c514818f9bdaae18b7c036dca5f915fa370ce933d5953a3be67,204,102.00,3.64,1,5,4,0.024317,0.515964,TopoStake,pog(D=3_omega=1.00),2.07,273,13
57,4,0xd3997be86c88837e3fd467517b943590b28fa641,3.057235,1772617631,ae4beb84333eff34067e43f30ba2d6bc525873a9ecf3eff4e44f48a3dbf30bcc,187,93.50,4.01,1,5,4,0.024210,0.513612,TopoStake,pog(D=3_omega=1.00),1.94,274,13
58,0,0xd39dbd3662315e3935ec08e6b6028e73b3c09de2,2.920856,1772617633,1a64bb9d9f09c02e62b5586f897fd7f819c078875b98f8785f44f17a5c3f17e3,212,106.00,4.04,1,5,4,0.024132,0.512851,TopoStake,pog(D=3_omega=1.00),1.75,275,13
58,1,0x075e1d95c7891e1c00414ca1aa9a7a8cf6270019,12.161042,1772617635,a2dabfe70c88afee559e8a9e06d3ed866d07a4ac10a584f6f8c52dabb0f70c1d,176,88.00,4.73,1,6,5,0.024052,0.511910,TopoStake,pog(D=3_omega=1.00),1.59,276,13
58,2,0x0d91704595bff3aec25d40822498a51c62b05e3a,11.584944,1772617637,4569adbd1b95e274755516d7015fb2e25a3f747d17b8c3086df361ab381ffca9,206,68.67,3.17,1,5,3,0.024104,0.513081,TopoStake,pog(D=3_omega=1.00),2.63,277,13
58,3,0x50f7fa851f9314d682e36da5caa4635039b5305d,4.109229,1772617640,d8b64888ef417cc95589b6f7f2569fa9330a2537159354e23f5e92477e2cef36,191,95.50,3.28,1,5,3,0.024146,0.514184,TopoStake,pog(D=3_omega=1.00),2.53,278,13
58,4,0x016d3fc36beee7caa8fbd6c1caa42461dd7f9850,10.892662,1772617641,d5dfa4eb1c89a84ed5af95bacd4061ada9859f31288d7d464bc28e32aef289ee,177,88.50,3.35,1,5,3,0.024083,0.513977,TopoStake,pog(D=3_omega=1.00),2.46,279,13
59,0,0xc24b36dee27726233c3bbd9e1f028f98b6b2a424,3.410711,1772617643,f9c779cfa2fc5e77d538f9bab058c6cd5b75e334859cfac87a0fcfe16512ad7b,91,91.00,3.02,1,5,3,0.024115,0.514970,TopoStake,pog(D=3_omega=1.00),1.62,280,13
59,1,0x282f43759e22b50aa7989261c51c367f325c3f91,2.351432,1772617645,0a039c058dff515bc2c33c9ad05a8aaf035f4862a891fc8d993bddd240d29792,195,97.50,4.00,1,6,4,0.024043,0.514419,TopoStake,pog(D=3_omega=1.00),1.92,281,13
59,2,0x269cdf52f97e1d9f14b7be895155a7b294f0b21d,6.729810,1772617647,59c2bba371a1118aa705608ba9d3c7b3fe871f854148dd9faabd0fda25852f81,183,91.50,4.10,1,6,4,0.023956,0.512967,TopoStake,pog(D=3_omega=1.00),1.78,282,13
59,3,0x687bf2437a044a3e42ff2f8a79a8e54ba9601f70,5.068526,1772617649,dbceab6de6291266996e9a65ba5cd6788eda104bd9c88cfe3ed7e4b45c87ba5c,168,84.00,3.54,1,5,4,0.023930,0.513684,TopoStake,pog(D=3_omega=1.00),1.55,283,13
59,4,0x30509a8084fdfe6fe24d9c9a817c209ad194f8e3,11.667422,1772617651,ce4bf515dacd7b18c5aa02a41cef4d75a037ee03ff47b264bfb602782e78debe,201,100.50,3.78,1,6,4,0.023881,0.513947,TopoStake,pog(D=3_omega=1.00),1.45,284,13
60,0,0x1796dc61e715f15a2d27dfa32bd34780f12a8c24,5.728784,1772617654,c533741ba76876a4e2d7998f971684d0a3dbc1856204b102d5744c9d2d40426c,166,83.00,3.46,1,5,4,0.023922,0.514975,TopoStake,pog(D=3_omega=1.00),1.50,285,13
60,1,0xeb82a21cb3d0dd781eb22ad74bb7cd9b4d2a06ec,7.926171,1772617655,457d0e86db1eafdea7a9471a7d5f25d8d52d4f4150defc0890fd4606bc2defd5,183,61.00,3.31,1,5,3,0.023882,0.515434,TopoStake,pog(D=3_omega=1.00),2.43,286,13
60,2,0x28672c71695142588ed26ada6f4b18b8b6c12308,2.692308,1772617657,6ffd58d9e77689f281ccf04f4710a3b222eb1eb43d7809e07c406e0b8c398314,122,122.00,3.75,1,6,4,0.023872,0.516284,TopoStake,pog(D=3_omega=1.00),1.58,287,13
60,3,0x07902d0371763a00d97ed9ba16ff0a206cb0fd19,34.578266,1772617659,3b1663f405de6634b0366e90a8b9d910cd94ba8ee35ed211c95eaa28cd2343a6,198,99.00,3.70,1,5,4,0.023791,0.515065,TopoStake,pog(D=3_omega=1.00),1.92,288,13
60,4,0x8d9e46becf415ca26aa698c9657087e6554aabda,0.384897,1772617661,cc10b3f1e9689b1fd44a2fa68ee685d1c8e6eb3badc596e552e0bde17af96d33,196,98.00,2.94,1,4,3,0.024135,0.516292,TopoStake,pog(D=3_omega=1.00),1.63,289,13
61,0,0x8d9e46becf415ca26aa698c9657087e6554aabda,1.385737,1772617663,97b7671054f5417b1e48cab2940a4ccc0ddbe30438026899bf40f9ba6afe0306,170,85.00,3.76,1,5,4,0.024023,0.513610,TopoStake,pog(D=3_omega=1.00),1.45,290,13
61,1,0x016d3fc36beee7caa8fbd6c1caa42461dd7f9850,11.893219,1772617665,eea9668763ebaafd104798227f3f862d5aa49417b6c1cb95fa1f43a7171fd9fe,183,61.00,3.72,1,5,4,0.023925,0.511483,TopoStake,pog(D=3_omega=1.00),2.49,291,13
61,2,0x95ab54d268473cce82094026afefdbd5cadf418b,2.596878,1772617668,38879b9679f52ef2273d528e8973120febd2b8a228420d5b702cf281de4441a9,170,85.00,3.10,1,4,3,0.023965,0.512482,TopoStake,pog(D=3_omega=1.00),2.43,292,13
61,3,0x1d1d2c63625de70b1e5ef40056bd2deb89d7fef2,1.068553,1772617669,371bbea3603d71a32cd984e89f36e94b6dc405cfe95b84757eac1b1c4b918cc4,177,88.50,4.42,1,7,5,0.023883,0.511162,TopoStake,pog(D=3_omega=1.00),2.46,293,13
61,4,0x28672c71695142588ed26ada6f4b18b8b6c12308,3.693279,1772617671,f8b514829e82c5992df944a198df20200965bc77c95bcbfb30490caa06ede458,120,120.00,3.49,1,5,3,0.023782,0.508821,TopoStake,pog(D=3_omega=1.00),1.68,294,13
62,0,0xdcf2130496e27a8094ab996aea4aa77788d65869,5.505219,1772617673,9598b967524c404c6221c75b4b7b37397d668c4c567aeda0fd59bc1f45abbb1e,185,92.50,3.57,1,5,4,0.023716,0.508410,TopoStake,pog(D=3_omega=1.00),1.95,295,13
62,1,0x13f9dadc05f6c237b03411e2aed1800cf21a5d89,18.304362,1772617675,9598b967524c404c6221c75b4b7b37397d668c4c567aeda0fd59bc1f45abbb1e,185,92.50,3.57,1,5,4,0.023716,0.508413,TopoStake,pog(D=3_omega=1.00),1.95,295,14
62,2,0x075e1d95c7891e1c00414ca1aa9a7a8cf6270019,13.163045,1772617677,bd71a9b48870d971f8e2ba1012c76994ccb7ea5e438fdf83c5ab943cae54885b,250,62.50,3.10,1,5,3,0.023838,0.509585,TopoStake,pog(D=3_omega=1.00),3.51,296,14
62,3,0x016d3fc36beee7caa8fbd6c1caa42461dd7f9850,12.894126,1772617679,a0a3f379c81af20d4c9cab8ec1e76af72e2cc712964131e97ed4231fbde0c84c,150,75.00,3.20,1,5,3,0.023892,0.510700,TopoStake,pog(D=3_omega=1.00),2.28,297,14
62,4,0x24898fcb116b48cb2b6fd5d3b4eb599fee0f4633,0.049075,1772617681,844e2686f484fa441e35026f408d0924b53dd979011560583895c677fd42de1b,192,64.00,3.15,1,4,3,0.023942,0.511761,TopoStake,pog(D=3_omega=1.00),2.51,298,14
63,0,0xa3786e459f289a76c0e8af8ad834e3d0c6d47199,5.726991,1772617684,ac99fdf22477132ff29bf71e0bcdf88ff29a534a66c52c3f33de31006e7b1ecf,193,96.50,3.89,1,6,4,0.023829,0.508839,TopoStake,pog(D=3_omega=1.00),2.42,299,14
63,1,0xc24b36dee27726233c3bbd9e1f028f98b6b2a424,4.411473,1772617685,57ccee6ed8af62803b4f57347040eee7642b8cf6a0bfac29604295fc12910fec,191,95.50,4.21,1,6,4,0.023788,0.509246,TopoStake,pog(D=3_omega=1.00),2.49,300,14
63,2,0xfb35fdafcfc84561a42700a4a1c274edeb75bdc1,1.058904,1772617687,90077ae62c5e7042044ba381853418229671d72fcd14c3d8eb350cfe43764cd0,131,131.00,3.87,2,6,4,0.023730,0.509124,TopoStake,pog(D=3_omega=1.00),1.70,301,14
63,3,0x075e1d95c7891e1c00414ca1aa9a7a8cf6270019,14.164026,1772617689,2b0207126fabef205157c8b9f1c6f1bd6fe3b522156e904b105ac86d06726c7f,206,103.00,3.90,1,5,4,0.023631,0.506780,TopoStake,pog(D=3_omega=1.00),1.89,302,14
63,4,0x49b57eb4dace37c8819daf079c9c674f766d4f38,5.232342,1772617691,31e38c622f9f0ddeae1333f344ec9b2fe5f15de1aca796b09905536d62902a97,172,86.00,3.40,1,5,3,0.023696,0.507886,TopoStake,pog(D=3_omega=1.00),1.74,303,14
64,0,0x34412315480562da4810040fd15c81f99880e1ab,1.896312,1772617693,929463ed30f5158d911820b45e2776bc5021a60aeeecebd060ef9254233f34d3,166,83.00,4.14,1,6,4,0.023649,0.508105,TopoStake,pog(D=3_omega=1.00),1.48,304,14
64,1,0x07902d0371763a00d97ed9ba16ff0a206cb0fd19,35.580389,1772617695,929463ed30f5158d911820b45e2776bc5021a60aeeecebd060ef9254233f34d3,166,83.00,4.14,1,6,4,0.023649,0.508109,TopoStake,pog(D=3_omega=1.00),1.48,304,15
64,2,0x6414c6a8400ff3419cd81855d09de2848d770e0e,0.151142,1772617697,e72fda69e5d779f9542f4712857bc6ccfc49f85e304bf7eb85e4d74dd2883800,250,50.00,2.81,1,4,3,0.023975,0.509306,TopoStake,pog(D=3_omega=1.00),4.09,305,15
64,3,0x8c11ec9090dd820c076e57e899d9c604c79d6b32,3.567252,1772617700,e80151a4fdb74cdf455ec36ff62ea0c5657c20c92a6f3e82b636a2d099ad6921,170,85.00,3.99,1,6,4,0.023865,0.506481,TopoStake,pog(D=3_omega=1.00),2.96,306,15
64,4,0x89100a8056319ba37491b32ba255004180607bc2,5.788822,1772617702,b6dedff8c05ec5e87abdfa2daccf68963e0e1bdbf56fdd67c76240e622e61419,165,82.50,4.12,1,6,4,0.023797,0.505969,TopoStake,pog(D=3_omega=1.00),2.42,307,15
65,0,0x075e1d95c7891e1c00414ca1aa9a7a8cf6270019,15.165136,1772617704,8e11dd7faef81765548645ff18386a960ac6151ab864cfa403389310355e2d57,191,95.50,3.83,1,5,4,0.023756,0.506327,TopoStake,pog(D=3_omega=1.00),2.25,308,15
65,1,0xb7b4ee0a72bc410bf6d32b9cd3f3e11fc756d6f1,5.083655,1772617706,76fdd48c1b14510b805bf172d357ff218ed73d14e88969024e7ab75e717e9655,226,113.00,3.14,1,5,3,0.023828,0.507418,TopoStake,pog(D=3_omega=1.00),1.88,309,15
65,2,0x269cdf52f97e1d9f14b7be895155a7b294f0b21d,7.730347,1772617708,8d17f6b5783653b9fa5d2994e6a2918f338f16ecea1af310ede40d7e906f8804,181,90.50,3.90,1,6,4,0.023779,0.507530,TopoStake,pog(D=3_omega=1.00),1.44,310,15
65,3,0x07902d0371763a00d97ed9ba16ff0a206cb0fd19,36.581897,1772617710,b93168dd4eec7f36b8e293b12eca79ef4985b6193264166ff4f71c7ec045bd1f,180,90.00,3.53,2,5,4,0.023761,0.508292,TopoStake,pog(D=3_omega=1.00),1.53,311,15
65,4,0xeb82a21cb3d0dd781eb22ad74bb7cd9b4d2a06ec,8.926532,1772617712,11c4d0bc8f0448853ad4fcd658b57d7ca309457da93038a3aed31ba219583510,176,88.00,2.77,1,4,3,0.024085,0.509467,TopoStake,pog(D=3_omega=1.00),1.52,312,15
66,0,0x016d3fc36beee7caa8fbd6c1caa42461dd7f9850,13.895219,1772617715,74f304d8d6e07ef9521963023fed47fb04fbdc91d5c2c565dfafd2192c0df6d2,179,59.67,3.99,1,6,4,0.024079,0.510298,TopoStake,pog(D=3_omega=1.00),2.50,313,15
66,1,0x282f43759e22b50aa7989261c51c367f325c3f91,3.351968,1772617716,921dc99b5b7b0266c7b052e61126ad5c4422d10cd845c3dead454e70f2f4946c,180,90.00,3.11,1,5,3,0.024132,0.511316,TopoStake,pog(D=3_omega=1.00),2.43,314,15
66,2,0x3d92e045fb1847aae132b40ebfcc471a32f687de,3.128469,1772617718,e8791b526d0f3b91fff7867a32f295446cca38f13001f01925ca1fe52fdd45f3,121,121.00,3.69,2,5,4,0.024060,0.510636,TopoStake,pog(D=3_omega=1.00),1.69,315,15
66,3,0x58a21eeb7ab18ba8adf1296e66a4487076e95dac,5.091716,1772617720,6841e11712681e2e56af223265d119f3cc92d3973b0de3f550e1df6c2672c63d,216,108.00,3.72,1,5,4,0.023987,0.509752,TopoStake,pog(D=3_omega=1.00),1.99,316,15
66,4,0xd67aaaf210c0c36ddcb7055222d168b5c9dd1b36,6.190629,1772617722,ea14c858c474b4cdbfd03898799113596fe89783f91fb9dd7ab8e1b53d6c3b4e,196,98.00,3.91,1,5,4,0.023936,0.509811,TopoStake,pog(D=3_omega=1.00),1.91,317,15
67,0,0x0d91704595bff3aec25d40822498a51c62b05e3a,12.586743,1772617724,31c1f6b6977de252310fe5c931d790b223683d175deee21bb29643341649f526,185,92.50,3.86,1,5,4,0.023899,0.510262,TopoStake,pog(D=3_omega=1.00),1.57,318,15
67,1,0xfb35fdafcfc84561a42700a4a1c274edeb75bdc1,2.059616,1772617726,db0da4b6a383f93f11ee2763b6324291b1c28398adfb6c99468d6d2e3c727bfd,167,83.50,3.35,1,5,3,0.023899,0.510264,TopoStake,pog(D=3_omega=1.00),1.47,319,15
67,2,0x0d91704595bff3aec25d40822498a51c62b05e3a,13.587518,1772617728,89ab1037f9e524d578187925e8f3b8078821ad749d903c72727aec720aa525c1,189,94.50,3.96,1,5,4,0.023849,0.509625,TopoStake,pog(D=3_omega=1.00),1.51,320,15
67,3,0x13f9dadc05f6c237b03411e2aed1800cf21a5d89,19.306458,1772617730,7941e2259a002d88d51f44e794e2e6ab10bf56ba190af8944f2f4ea25d88e312,220,73.33,3.30,1,5,3,0.023896,0.510584,TopoStake,pog(D=3_omega=1.00),2.50,321,15
67,4,0x50f7fa851f9314d682e36da5caa4635039b5305d,5.109887,1772617733,a1b809a26ec404c374e213c24b128b38fea17f904de8531c3f736767fcbe555b,182,91.00,3.07,1,5,3,0.024006,0.511678,TopoStake,pog(D=3_omega=1.00),2.42,322,15
68,0,0x075e1d95c7891e1c00414ca1aa9a7a8cf6270019,16.166881,1772617734,adad2dbee036d0d777f5aaf34e5f92c57d0287a815158ec11c8c2c19d328a073,219,109.50,3.28,1,5,3,0.023956,0.511689,TopoStake,pog(D=3_omega=1.00),2.37,323,15
68,1,0xac61c91e7d24df824351a6c4e562a75f0cf646f8,2.249416,1772617736,f156438b0deb22a2ba4a8aecbe064eb84d0a3fceebefed4dbf836d7ef72f19f0,130,130.00,2.99,2,5,3,0.024029,0.512728,TopoStake,pog(D=3_omega=1.00),1.48,324,15
68,2,0x30509a8084fdfe6fe24d9c9a817c209ad194f8e3,12.668544,1772617738,968ed524a2c0eb8a247a916ee99552db6c8162f013e30545a8cd8922d836a087,185,92.50,4.10,1,6,4,0.023947,0.511221,TopoStake,pog(D=3_omega=1.00),1.77,325,15
68,3,0x13f9dadc05f6c237b03411e2aed1800cf21a5d89,20.307423,1772617740,4df7c30607157671866fbd00d86d7062ce9df3f4d1101620cc3edd3fa0c5f0ee,193,96.50,3.39,1,5,4,0.023980,0.512116,TopoStake,pog(D=3_omega=1.00),1.75,326,15
68,4,0x213068cb42718d1dd6d00a6d94d62a3def0e68eb,0.366216,1772617742,346de9d24a60b6f7f846cb5c271ae58481a4a9eece7a9ba8e0f71ac41c754978,188,94.00,3.11,1,5,3,0.024097,0.513194,TopoStake,pog(D=3_omega=1.00),1.45,327,15
69,0,0xfb35fdafcfc84561a42700a4a1c274edeb75bdc1,3.060543,1772617744,e5338cb3d0564fb00b797854e4e6ce74a18127d24216126f762108a1cf9ae09e,164,82.00,3.63,2,5,4,0.024097,0.513195,TopoStake,pog(D=3_omega=1.00),1.46,328,15
69,1,0x07902d0371763a00d97ed9ba16ff0a206cb0fd19,37.583936,1772617746,972b60494ef1b138b9feb49319c07d29d524b1c8be0453fee75d70e32c6cfdc6,192,64.00,3.92,1,5,4,0.023921,0.509640,TopoStake,pog(D=3_omega=1.00),2.47,329,15
69,2,0xd1cd4b808ce6b2841ad42746b64c5a047e857ef0,1.236961,1772617749,7dc7e0e7bc19059e26de94a858be1368959b8e4f472b1e2c0b246a8129afc673,184,92.00,2.78,1,4,3,0.024224,0.510763,TopoStake,pog(D=3_omega=1.00),2.41,330,15
69,3,0x28672c71695142588ed26ada6f4b18b8b6c12308,4.693961,1772617750,b7e8f0dfb17efe88550aa7c83c66e0cfaa92159fb5ca0af673cf5197ee1361c0,187,93.50,3.98,1,5,4,0.024130,0.508609,TopoStake,pog(D=3_omega=1.00),2.48,331,15
69,4,0x0d91704595bff3aec25d40822498a51c62b05e3a,14.588825,1772617752,3cddc253e74acb1d7629baa55289805bbf9dbe5d05298bba944d8a68152728de,97,97.00,3.35,1,5,3,0.024074,0.508492,TopoStake,pog(D=3_omega=1.00),1.65,332,15
70,0,0xe6ebb0cdfd04183d498964e5efc4096ba77b17d6,7.294288,1772617754,9c9dd820c552316c1f97f2526a74c288559ec54be9b737e5f6679d2bd39752f1,211,105.50,3.20,1,5,3,0.024125,0.509457,TopoStake,pog(D=3_omega=1.00),1.94,333,15
70,1,0x49b57eb4dace37c8819daf079c9c674f766d4f38,6.232769,1772617756,57ba4ecb42f49e07e1bb500c033f4c254f708646e207588c7b1ae2da2635d2d1,194,97.00,4.32,1,6,4,0.024097,0.510107,TopoStake,pog(D=3_omega=1.00),1.77,334,15
70,2,0x213068cb42718d1dd6d00a6d94d62a3def0e68eb,1.366936,1772617758,76849c90d9c16a30180179c1c83407efaf80e37117d14f0cf8b905aad69495c5,180,90.00,4.20,1,6,4,0.024057,0.510509,TopoStake,pog(D=3_omega=1.00),1.53,335,15
70,3,0x075e1d95c7891e1c00414ca1aa9a7a8cf6270019,17.168087,1772617760,9ebcda368bc42b8dee3ba007c448220ae7bebda7d9911a9dc901b066a2d92763,177,88.50,3.66,1,5,4,0.023967,0.508429,TopoStake,pog(D=3_omega=1.00),1.50,336,15
70,4,0x282f43759e22b50aa7989261c51c367f325c3f91,4.352297,1772617762,658a4fa30a69e4e9cc36f0ddd21ae6f81e52a3ab4fe95ee556c9a469accc1b63,157,52.33,3.24,1,5,3,0.024043,0.509444,TopoStake,pog(D=3_omega=1.00),2.39,337,15
71,0,0x606627477c3734932f47972f83c27cf4e3b35b4f,6.378805,1772617765,f641e5a400e17c92c7e8c0609a1492756d91ac6e692c0c8894e0514e4961c4d0,185,92.50,3.83,1,6,4,0.023984,0.509179,TopoStake,pog(D=3_omega=1.00),2.43,338,15
71,1,0xe478b1e4d1538274c0c70cbd7df877f9abab2f62,8.299667,1772617766,53f65b1701be3ec92bd92e9bd4d9814686e3f5422eed4611a4f0ade15f8cc5b5,192,96.00,3.42,1,5,3,0.023946,0.509586,TopoStake,pog(D=3_omega=1.00),2.24,339,15
71,2,0x075e1d95c7891e1c00414ca1aa9a7a8cf6270019,18.168963,1772617768,a61586a1e52290f6fb0966b445e2f61066424a6329a6a7eff274adff4af4df60,117,117.00,4.00,1,6,4,0.023929,0.510299,TopoStake,pog(D=3_omega=1.00),1.53,340,15
71,3,0xf5ecb44daf07a1d1073dbc89baf04bd7541fa517,3.067388,1772617770,6bf225185fda5490471e5022d7c8af68440375e2f758abd37a75e617b44d27f2,201,100.50,3.22,1,5,3,0.024013,0.511302,TopoStake,pog(D=3_omega=1.00),1.73,341,15
71,4,0x0d91704595bff3aec25d40822498a51c62b05e3a,15.590063,1772617772,323a732d455ab9988744ea75894c58e1c294daef231e20b3709ec0f272ef373e,183,91.50,3.95,1,6,4,0.023941,0.510324,TopoStake,pog(D=3_omega=1.00),1.48,342,15
72,0,0x075e1d95c7891e1c00414ca1aa9a7a8cf6270019,19.169944,1772617774,bdc2781e30df3766e295abbb6ad3c08fd06d05cb1f3e2534f87c0be79c15c0cf,161,80.50,3.42,1,5,3,0.023998,0.511276,TopoStake,pog(D=3_omega=1.00),1.52,343,15
72,1,0x213068cb42718d1dd6d00a6d94d62a3def0e68eb,2.367755,1772617776,de781d4d62be8a3d68da343c3e3d21333d5f6948954503cdc5405a70185b8e0b,176,58.67,3.12,1,5,3,0.024091,0.512269,TopoStake,pog(D=3_omega=1.00),2.48,344,15
72,2,0x0d91704595bff3aec25d40822498a51c62b05e3a,16.590875,1772617779,1ae8faca3f75cc611917a93e78bf1c04f9f48c4a69aeb847abcc200cfe98c628,161,80.50,3.65,1,5,4,0.024011,0.510818,TopoStake,pog(D=3_omega=1.00),2.41,345,15
72,3,0x282f43759e22b50aa7989261c51c367f325c3f91,5.353206,1772617781,3c21430ed197cd414edaf919ff70d24f36c462b9243ae84d314fcbfb54ad60f4,193,96.50,3.20,1,5,3,0.024076,0.511762,TopoStake,pog(D=3_omega=1.00),2.27,346,15
72,4,0x89100a8056319ba37491b32ba255004180607bc2,6.789587,1772617783,020a5b0b2497ed97dc27844bfc890e2f8de930492de5df44fee8fee5a1726ec1,181,90.50,3.77,1,5,4,0.024027,0.511791,TopoStake,pog(D=3_omega=1.00),2.09,347,15
73,0,0x07902d0371763a00d97ed9ba16ff0a206cb0fd19,38.586266,1772617785,c10c183eaf0527011f122802dc550c4857436899d4eda6c8a2fc4c5b6088790f,190,95.00,3.92,1,5,4,0.023993,0.512283,TopoStake,pog(D=3_omega=1.00),1.92,348,15
73,1,0x63f4973c0df8a5358405f396dc0673a463c48de9,4.900615,1772617787,33d52f9072e6b3ad7ec491afaa8dca0e3cd46251519c4bc3778f59137a676919,216,108.00,2.85,2,4,3,0.024276,0.513352,TopoStake,pog(D=3_omega=1.00),1.72,349,15
73,2,0x81193196c1dbdbf80709d43a5af5ce21c201fbd7,3.837960,1772617789,33d52f9072e6b3ad7ec491afaa8dca0e3cd46251519c4bc3778f59137a676919,216,108.00,2.85,2,4,3,0.024276,0.513354,TopoStake,pog(D=3_omega=1.00),1.72,349,16
73,3,0x6d6b2734a20229ddd7fd4a1470ba3e3bad4e4a85,2.640418,1772617791,191de56eaff0734d7aa6f9fe16ce7dda3a27a2c25d7c1c04ac40701c7cede2bc,250,62.50,4.02,1,6,4,0.024211,0.512862,TopoStake,pog(D=3_omega=1.00),3.09,350,16
73,4,0x016d3fc36beee7caa8fbd6c1caa42461dd7f9850,14.896618,1772617793,23ffe2d73126d839facddf7bf10069b725483551a4ba00914540f7db265157c0,98,49.00,3.73,1,5,4,0.024135,0.511532,TopoStake,pog(D=3_omega=1.00),1.17,351,16
74,0,0x49b57eb4dace37c8819daf079c9c674f766d4f38,7.233376,1772617796,8bf5554800ede74a1b9f5aec9ce38f553e45ae1d5ec2f023777a3a51b8babd4d,169,56.33,3.13,1,4,3,0.024179,0.512418,TopoStake,pog(D=3_omega=1.00),2.51,352,16
74,1,0x075e1d95c7891e1c00414ca1aa9a7a8cf6270019,20.171196,1772617797,626b5a6300399082fa6d9ca5e773cf272e377a4c4ecab94fc69c79602e767456,161,80.50,4.05,1,6,4,0.024148,0.512958,TopoStake,pog(D=3_omega=1.00),2.43,353,16
74,2,0x6414c6a8400ff3419cd81855d09de2848d770e0e,1.151233,1772617799,691499c4d0ab47dd5ddfb5d1cc7498679ae12cda56c2dbfcfeee30dc7ef39bf2,152,152.00,2.97,1,5,3,0.024244,0.513926,TopoStake,pog(D=3_omega=1.00),1.57,354,16
74,3,0x311eb133eb413ac3f21249889bb101e5d40820ce,0.129783,1772617801,bbe5dfe6cee574966d88eccb7e9b82acacb43eb8189fd800e7e88cef9cf32abb,203,101.50,3.86,1,5,4,0.024153,0.511753,TopoStake,pog(D=3_omega=1.00),1.77,355,16
74,4,0xe478b1e4d1538274c0c70cbd7df877f9abab2f62,9.300036,1772617803,63738fbcf1eaa7d587b7952a5e3e9ad62e854eb1e4d299200a0f237cc481ba51,185,92.50,3.69,1,5,4,0.024053,0.509142,TopoStake,pog(D=3_omega=1.00),1.65,356,16
75,0,0x13f9dadc05f6c237b03411e2aed1800cf21a5d89,21.309550,1772617805,8d5c1012ea6fe650a38c79f2ed76c4ab7c1a98b667d8a741a25375edc2f121ab,183,91.50,4.04,2,6,4,0.024042,0.509864,TopoStake,pog(D=3_omega=1.00),1.55,357,16
75,1,0x016d3fc36beee7caa8fbd6c1caa42461dd7f9850,15.897562,1772617807,45c874757f74437ed20764d5eceef7c109b070fbd3ebd8cc4ccf9f9b54e79f9f,185,61.67,3.16,1,5,3,0.024146,0.510874,TopoStake,pog(D=3_omega=1.00),2.52,358,16
75,2,0x07902d0371763a00d97ed9ba16ff0a206cb0fd19,39.587801,1772617809,2c6d1f574dc3efc2b48483183432ee9e0959c0412e720f55b29094fa33dbada1,156,156.00,3.18,1,4,3,0.024197,0.511749,TopoStake,pog(D=3_omega=1.00),1.51,359,16
75,3,0x13f9dadc05f6c237b03411e2aed1800cf21a5d89,22.310485,1772617812,d4b4a4a123b29e0c7dd576fe957d917b791446f1439c48b849d2932fd1f757ae,206,68.67,2.69,1,4,3,0.024473,0.512794,TopoStake,pog(D=3_omega=1.00),2.41,360,16
75,4,0x786f26993bf015cd2da6fb5d3ccd1879e01246ab,0.285447,1772617813,93b86cfb2e008058eb0ddac3117aa18be09ab162a8aba0dfab90dfdfdcdf07bc,186,93.00,3.06,1,5,3,0.024582,0.513790,TopoStake,pog(D=3_omega=1.00),2.28,361,16
76,0,0x49b57eb4dace37c8819daf079c9c674f766d4f38,8.234072,1772617815,0135305f05f8e732895b8c72bfebea20935541a816c0165cd794343e9d6d0ec1,74,74.00,4.14,1,6,5,0.024483,0.511261,TopoStake,pog(D=3_omega=1.00),1.89,362,16
76,1,0xb990cdf21950e6086c350175c4bc504e45858230,2.119461,1772617817,02375bbe3c9970d4bc51775358e02d63ab2f7142c0a62d1c171aaf8a5ab9a211,229,114.50,3.95,2,6,4,0.024459,0.511886,TopoStake,pog(D=3_omega=1.00),2.23,363,16
76,2,0x8c11ec9090dd820c076e57e899d9c604c79d6b32,4.567784,1772617819,aa23dd1cea4c1d9b911a21387eab721222459bb11c7ce49f483df18043e5777b,196,98.00,3.84,1,5,4,0.024378,0.510325,TopoStake,pog(D=3_omega=1.00),1.81,364,16
76,3,0xa9105f442328d397529b8e4e9e656fa89016ff45,1.466949,1772617821,0569a9a21043a71caa3cefe456b5ff769c9d7ea787b981a7b9b3649f9f81fcd1,179,89.50,4.20,1,6,4,0.024320,0.510083,TopoStake,pog(D=3_omega=1.00),1.71,365,16
76,4,0x13f9dadc05f6c237b03411e2aed1800cf21a5d89,23.311477,1772617823,c36edca78b1cc9bca52713a75cb6fb6a5aa5294c49feca35dcee3b7e1d0e3cb0,194,97.00,3.82,1,5,4,0.024234,0.508112,TopoStake,pog(D=3_omega=1.00),1.56,366,16
77,0,0x13f9dadc05f6c237b03411e2aed1800cf21a5d89,24.312347,1772617825,e6ce946ccc63aa1b77cd1f4d1942307bc265b7a0420cb68f620de38acee47e3e,176,88.00,3.14,1,5,3,0.024350,0.509106,TopoStake,pog(D=3_omega=1.00),1.44,367,16
77,1,0x4ba33404d90c4ae989714d9d174cd882cffb7994,7.118005,1772617828,8ad794f288e381bf3903de16325618a33cf0647e684b1c12abaf39450699c5cd,170,56.67,3.12,1,5,3,0.024474,0.510097,TopoStake,pog(D=3_omega=1.00),2.45,368,16
77,2,0x50f7fa851f9314d682e36da5caa4635039b5305d,6.110899,1772617830,0b28ec9938e2f7037d7cc4b74ffa27f638578ede1f93c39864ec84e95eda13b7,189,94.50,4.44,1,6,4,0.024439,0.510569,TopoStake,pog(D=3_omega=1.00),2.35,369,16
77,3,0x13f9dadc05f6c237b03411e2aed1800cf21a5d89,25.313170,1772617832,7b32b4e833566b992367d6b66a621dd38f88e16833eea9e4b33464e8e8426511,250,125.00,3.24,2,5,3,0.024395,0.510806,TopoStake,pog(D=3_omega=1.00),2.13,370,16
77,4,0x1796dc61e715f15a2d27dfa32bd34780f12a8c24,6.729931,1772617834,b9228563743e8c7a2e99054c42c30e4292602c5be47dc9f00ccf1d5b8b48b557,204,102.00,3.00,1,5,3,0.024525,0.511786,TopoStake,pog(D=3_omega=1.00),1.72,371,16
78,0,0xd39dbd3662315e3935ec08e6b6028e73b3c09de2,3.919881,1772617836,0fb18c9422fb0a6d1da95265e65c72d42e716102ca5068a88e76eb2f7af2f1fd,182,91.00,3.41,1,5,3,0.024486,0.512134,TopoStake,pog(D=3_omega=1.00),1.59,372,16
78,1,0xaadc5fea232580cb8fba739ac5d05a48559c7e52,3.352733,1772617838,f937464d4efbf2d681fd871bdc5464c92fae60b37c3835f1a4ddc3d230fcb3bf,203,101.50,4.63,1,6,5,0.024422,0.511651,TopoStake,pog(D=3_omega=1.00),1.54,373,16
78,2,0xb990cdf21950e6086c350175c4bc504e45858230,3.120296,1772617840,0f2c1f78ae3b4b53778f0dfd0220a84bf5e45de8ea8f309c0881664c7312bdff,174,58.00,4.79,2,6,5,0.024354,0.510868,TopoStake,pog(D=3_omega=1.00),2.44,374,16
78,3,0x71f297f96355f349d66f0e9b681e7d4e11224660,6.173985,1772617843,c043d93e64ee431dfb4e99cacaa487486af8a253833806444e9aea20cdd9cc0c,184,92.00,4.05,1,5,4,0.024283,0.509875,TopoStake,pog(D=3_omega=1.00),2.52,375,16
78,4,0x07902d0371763a00d97ed9ba16ff0a206cb0fd19,40.589823,1772617844,5b77da967f77cd742dd3b7c0cdf3162f39b39e70746aaf13e22613f7caaf2ef8,175,87.50,3.86,1,5,4,0.024240,0.510065,TopoStake,pog(D=3_omega=1.00),2.45,376,16
79,0,0x4414c05be2cf328f38d2e3ef4b705d6b894f044a,4.087950,1772617846,191ddc875a074dee52eece58a7f10075bf0846009dddba6dc9bca780e49774bd,116,116.00,2.65,1,4,3,0.024502,0.511076,TopoStake,pog(D=4_omega=1.00),1.59,377,16
79,1,0xeb82a21cb3d0dd781eb22ad74bb7cd9b4d2a06ec,9.926927,1772617848,ac8ba19e1c82f2f9a98997bb09d3791f534c7bb4c73adf4f7862874f9c2ecfab,159,79.50,3.86,1,6,4,0.024439,0.510622,TopoStake,pog(D=4_omega=1.00),1.86,378,16
79,2,0x13f9dadc05f6c237b03411e2aed1800cf21a5d89,26.314666,1772617850,042ca4fcecf41ab8e6757e4d8e2cd39d486b1d23cd0a006d1f85b67ea0699732,226,113.00,4.21,1,6,4,0.024429,0.511319,TopoStake,pog(D=4_omega=1.00),1.77,379,16
79,3,0xb7b4ee0a72bc410bf6d32b9cd3f3e11fc756d6f1,6.083739,1772617852,d3f897a76bee979c0114a730d41d5b310d9b92728221cbbca5743f226029bd8e,185,92.50,3.26,1,5,3,0.024561,0.512280,TopoStake,pog(D=4_omega=1.00),1.57,380,16
79,4,0x9c39f7fffaa5c5cfab20dfdd05663497918580c1,3.425008,1772617854,99a8488faa86559e9edfaa2d2a07200f5a189d7f80937a9370037cf32471a799,177,88.50,3.84,1,6,4,0.024516,0.512408,TopoStake,pog(D=4_omega=1.00),1.50,381,16
80,0,0x7e40df5d801345015e84c843908efc6683665fa4,0.657994,1772617857,3abbde93cd25d8cd38ee87620789d0f003a49b330a848fe616121512ff72e3c5,225,75.00,3.45,1,6,4,0.024448,0.511601,TopoStake,pog(D=3_omega=1.00),71.40,382,16
80,1,0xd46407aa7b668c72de3cf1c1a12b7fa2e308a1b2,4.989538,1772617858,e0884e72535ae5fb124d3c643cbe228432639ec6f24a9db08c8ebfbd59e710c7,177,88.50,3.46,1,5,4,0.024357,0.509309,TopoStake,pog(D=3_omega=1.00),2.46,383,16
80,2,0x13f9dadc05f6c237b03411e2aed1800cf21a5d89,27.315717,1772617860,036dd09c4531e7a95d6deb48972f1799ed7961b1bf96226c3fedc48713619ae8,133,133.00,4.03,3,6,4,0.024303,0.509167,TopoStake,pog(D=3_omega=1.00),1.67,384,16
80,3,0x07902d0371763a00d97ed9ba16ff0a206cb0fd19,41.591058,1772617862,8dd8e635fb72c390d4d4fd867e2a260d2519d009ccac59412566109e946ed156,250,125.00,3.16,1,5,3,0.024441,0.510122,TopoStake,pog(D=3_omega=1.00),1.87,385,16
80,4,0x1cb1274c711a6c2e4e1596846e6ac604eeefb358,0.403471,1772617864,eee14351744c4329243847371eb20b271b172ccd463075939b4b27e8d09b0e7b,183,91.50,2.77,1,4,3,0.024698,0.511114,TopoStake,pog(D=3_omega=1.00),1.54,386,16
81,0,0xb990cdf21950e6086c350175c4bc504e45858230,4.121089,1772617866,2aa4ff424b6d556051cdf6df335b3a2cab80f51ab41f61f641e1cb0d66b41529,188,94.00,3.48,1,5,4,0.024604,0.508705,TopoStake,pog(D=3_omega=1.00),1.53,387,16
81,1,0x30509a8084fdfe6fe24d9c9a817c209ad194f8e3,13.670168,1772617868,f312d5d3d349c9a7cc602740e834c34b173621c838d0bf62f1f50fcc99cd667e,185,92.50,4.01,1,5,4,0.024542,0.508221,TopoStake,pog(D=3_omega=1.00),1.46,388,16
81,2,0xb2a7fe70a6f3137d38f6cb4c3ec6dd1e24f2d5f4,3.419554,1772617870,42e62e07133b44e6b82a0f83bf082cbd6ac08c9728c214800292c9a7aa8f8e7f,203,67.67,3.44,1,5,4,0.024561,0.509006,TopoStake,pog(D=3_omega=1.00),2.46,389,16
81,3,0x4414c05be2cf328f38d2e3ef4b705d6b894f044a,5.088611,1772617872,9e3f5143dc331bc7ca8ab643ba1dfcc01ccac9a8393b71e34e578fbaa0451afa,194,97.00,4.49,2,6,4,0.024494,0.508160,TopoStake,pog(D=3_omega=1.00),2.54,390,16
81,4,0x13f9dadc05f6c237b03411e2aed1800cf21a5d89,28.317160,1772617874,fc9de4571bf0753b0e3706f25f8d92394b4874ccb22fc60254de0a44a2aa5b26,97,97.00,3.88,1,5,4,0.024440,0.508009,TopoStake,pog(D=3_omega=1.00),1.93,391,16
82,0,0x95ab54d268473cce82094026afefdbd5cadf418b,3.596051,1772617876,d1af97692d94114c90dfe1972819c8ad9ba532d35f4d390f06b17e738bde5e15,223,111.50,3.04,1,5,3,0.024580,0.508953,TopoStake,pog(D=3_omega=1.00),2.11,392,16
82,1,0x13f9dadc05f6c237b03411e2aed1800cf21a5d89,29.318271,1772617878,329aacef0fb9e87188fdd6fc5be9e6ca2a573dacc840df7dc477178f8dfe5a55,188,94.00,4.25,1,6,4,0.024514,0.508177,TopoStake,pog(D=3_omega=1.00),1.71,393,16
82,2,0xd39dbd3662315e3935ec08e6b6028e73b3c09de2,4.920290,1772617880,8b1960acca37afe00b3e4f19f4db8276e3db5b169d497ebb26aae57626f31438,184,92.00,3.01,1,5,3,0.024661,0.509117,TopoStake,pog(D=3_omega=1.00),1.69,394,16
82,3,0xaadc5fea232580cb8fba739ac5d05a48559c7e52,4.352988,1772617882,ded566e070279c9d433ae24cc00e835e6d88a17b08c2d4aafcc212ef88cef916,174,87.00,4.76,1,6,5,0.024661,0.509118,TopoStake,pog(D=3_omega=1.00),1.49,395,16
82,4,0x30509a8084fdfe6fe24d9c9a817c209ad194f8e3,14.671246,1772617884,97322646a703177f0c3a5024ff1297d74b32a44b9b22fb240bf6e861616dcc8a,159,79.50,4.30,1,6,4,0.024546,0.508411,TopoStake,pog(D=3_omega=1.00),1.55,396,16
83,0,0x07902d0371763a00d97ed9ba16ff0a206cb0fd19,42.592558,1772617887,a51ba3ec49758213489d612e7c2ac8df1728a85849e89c7861c4439da9f56198,204,68.00,3.29,1,5,3,0.024570,0.509183,TopoStake,pog(D=3_omega=1.00),2.46,397,16
83,1,0xc24b36dee27726233c3bbd9e1f028f98b6b2a424,5.411060,1772617888,b383bd38959343d6114bd3ead4095037667fa89ccae4a292142829cb5236be7d,221,110.50,2.67,1,4,3,0.024821,0.510152,TopoStake,pog(D=3_omega=1.00),2.23,398,16
83,2,0xe6ebb0cdfd04183d498964e5efc4096ba77b17d6,8.294769,1772617890,e18b1c76724a86275c44a4ff3f20d1e69476b05a72a9dd979a6e6263ba6d40ab,109,109.00,3.80,1,6,4,0.024769,0.510051,TopoStake,pog(D=3_omega=1.00),1.50,399,16
83,3,0xe478b1e4d1538274c0c70cbd7df877f9abab2f62,10.300428,1772617892,d35f93a6321b8dba5e43116b72d468f1bdda9ec4921066599aa69e1c7250f2a2,204,102.00,4.20,1,6,4,0.024741,0.510599,TopoStake,pog(D=3_omega=1.00),1.78,400,16
83,4,0x0d91704595bff3aec25d40822498a51c62b05e3a,17.592615,1772617894,ec93e139c468c84368cc6405e58fb43db2bb359562f5d7d6497e973625124314,215,107.50,4.10,1,5,4,0.024728,0.511261,TopoStake,pog(D=3_omega=1.00),1.75,401,16
84,0,0x269cdf52f97e1d9f14b7be895155a7b294f0b21d,8.730926,1772617896,13beb174a45c7ebe4df2c9c9bb4951803f850a391aa18e591288b8b1647d6b92,202,101.00,3.38,1,5,3,0.024774,0.512099,TopoStake,pog(D=3_omega=1.00),1.65,402,16
84,1,0x282f43759e22b50aa7989261c51c367f325c3f91,6.353543,1772617898,e41eaf2b62c914cf95ab73323934fe70737a5d24f108dea45b0d633299966a7a,177,59.00,3.62,1,5,4,0.024749,0.512653,TopoStake,pog(D=3_omega=1.00),2.45,403,16
84,2,0xf5ecb44daf07a1d1073dbc89baf04bd7541fa517,4.067668,1772617901,b41c9eeee9a2fb5266219380ed99ae6a91b33122726d8844a6db53a0d700aa5b,182,91.00,3.88,1,6,4,0.024705,0.512800,TopoStake,pog(D=3_omega=1.00),2.48,404,16
84,3,0xb990cdf21950e6086c350175c4bc504e45858230,5.121925,1772617902,d2908bfc4b6be0efa744508e18fe5acc4d3d84731b1e4318212b3cf5626efc58,181,90.50,4.08,2,6,4,0.024643,0.512195,TopoStake,pog(D=3_omega=1.00),2.45,405,16
84,4,0x71f297f96355f349d66f0e9b681e7d4e11224660,7.174654,1772617904,0a988a3c55253f4b94ced3af39262fdb7c3356bac52ec3c22181844e95b1f0d9,76,76.00,3.67,1,6,4,0.024589,0.511945,TopoStake,pog(D=3_omega=1.00),1.87,406,16
85,0,0xa9105f442328d397529b8e4e9e656fa89016ff45,2.467298,1772617906,cb7b88002403f7b6b7547a6c91e35532215ab3ebce721816426b84b594ff2499,205,102.50,3.94,1,6,4,0.024552,0.512318,TopoStake,pog(D=3_omega=1.00),2.16,407,16
85,1,0x269cdf52f97e1d9f14b7be895155a7b294f0b21d,9.731834,1772617908,cb69deae4583eb6245264d429d8ce984beaaf61ee428d400a64edf3cf83012b4,205,102.50,3.74,1,5,4,0.024479,0.510971,TopoStake,pog(D=3_omega=1.00),1.78,408,16
85,2,0x13f9dadc05f6c237b03411e2aed1800cf21a5d89,30.319768,1772617910,a40645af1a54af4fd6ce037c0b1ba8f57fbf78aeaa153b61692647726a9d9f30,189,94.50,3.92,1,6,4,0.024462,0.511563,TopoStake,pog(D=3_omega=1.00),1.41,409,16
85,3,0xb7b4ee0a72bc410bf6d32b9cd3f3e11fc756d6f1,7.084235,1772617912,1d289e6a0820d806d9e01c1b18dd7ca67d2b77fc979f91c9fca48ec337fc8cf4,193,64.33,3.09,1,5,3,0.024604,0.512466,TopoStake,pog(D=3_omega=1.00),2.48,410,16
85,4,0xa7e4d4d949807065ebf85adc1be8c382c7236c15,3.215462,1772617914,09292ecf816655cb3f4ad1383c06194cf2f58aee51363f995a25f0e3fc451ecc,155,77.50,3.81,1,6,4,0.024566,0.512774,TopoStake,pog(D=3_omega=1.00),2.41,411,16
86,0,0xf6e059718dbd0a0956726ab97d06bad5efc6cd18,7.016147,1772617916,1e6d65bc26997d703a24e84e26d7ff6bd8eace1ee660d892523674ff473cb90f,88,88.00,3.92,2,6,4,0.024498,0.511774,TopoStake,pog(D=3_omega=1.00),1.92,412,16
86,1,0x07902d0371763a00d97ed9ba16ff0a206cb0fd19,43.594832,1772617918,387a83ff0d4b5cb0fd1b84f70b779df8d59b39bb07b5d37f124ccdbe6a65cc76,236,118.00,3.77,1,5,4,0.024460,0.512028,TopoStake,pog(D=3_omega=1.00),2.07,413,16
86,2,0x8d9e46becf415ca26aa698c9657087e6554aabda,2.384862,1772617920,19c2341e1c6204e3a05443b00b15ef590ce161e876c77cd4017e81a8c70a8cb7,190,95.00,2.85,2,4,3,0.024700,0.512963,TopoStake,pog(D=3_omega=1.00),1.64,414,16
86,3,0x8d9e46becf415ca26aa698c9657087e6554aabda,3.385697,1772617922,228c37c717120d410dbfefa43db9f833c5112a4f5f0f921f2659f50fb7d4e9a4,173,86.50,3.73,1,5,4,0.024626,0.511561,TopoStake,pog(D=3_omega=1.00),1.51,415,16
86,4,0x26d553a2f4343b3a7dc88bbd87b3d0a25d3838d9,3.217479,1772617924,e334b515abcbddd7e777a907c78b25a411e4d1f9c8c9f07bf0d8c301483eaf77,155,77.50,3.72,1,5,4,0.024560,0.510619,TopoStake,pog(D=3_omega=1.00),1.54,416,16
87,0,0x016d3fc36beee7caa8fbd6c1caa42461dd7f9850,16.899214,1772617927,65770bfe5e04c54e96d353215baf61f3d915959186350b092949ce15b4b76e47,183,91.50,3.86,1,5,4,0.024560,0.510622,TopoStake,pog(D=3_omega=1.00),1.56,417,16
87,1,0x13f9dadc05f6c237b03411e2aed1800cf21a5d89,31.321068,1772617928,a75ad38886dfbf5ba24bad551a15dadd631d46ef7067b6573e0ad28b46699f4e,180,60.00,3.11,1,4,3,0.024596,0.511398,TopoStake,pog(D=3_omega=1.00),2.49,418,16
87,2,0xdcf2130496e27a8094ab996aea4aa77788d65869,5.504323,1772617930,b463b563dc1e4ca7b6b73298f4c3322da689e0b91bf103ea52ab5210b86af7ca,154,154.00,3.01,2,4,3,0.024739,0.512287,TopoStake,pog(D=3_omega=1.00),1.62,419,16
87,3,0x53be6e527cc5a7d850b5eae27b9cef342e0665f2,2.040935,1772617932,b463b563dc1e4ca7b6b73298f4c3322da689e0b91bf103ea52ab5210b86af7ca,154,154.00,3.01,2,4,3,0.024739,0.512289,TopoStake,pog(D=3_omega=1.00),1.62,419,17
87,4,0xaadc5fea232580cb8fba739ac5d05a48559c7e52,5.353340,1772617934,fc0fcc1ab0188b7377fbaa322cf16827c56ee34f7723d599ad945dbeaf4847be,250,62.50,3.47,1,5,4,0.024663,0.510755,TopoStake,pog(D=3_omega=1.00),3.21,420,17
88,0,0xd3997be86c88837e3fd467517b943590b28fa641,4.056319,1772617936,823fccc6e77afe967b2fa27a1ea246a1373a2648ec82372dbdca49987b1f2f6c,207,103.50,4.30,1,6,4,0.024612,0.510568,TopoStake,pog(D=3_omega=1.00),1.82,421,17
88,1,0x075e1d95c7891e1c00414ca1aa9a7a8cf6270019,21.174930,1772617939,09b9fa4b076e26061ad03f29773c212bf255c9db08d2e1ba6750fcb039b1a858,197,65.67,4.21,1,6,4,0.024484,0.508868,TopoStake,pog(D=3_omega=1.00),2.57,422,17
88,2,0x07902d0371763a00d97ed9ba16ff0a206cb0fd19,44.596483,1772617940,63215e1e0f314a0efbe96466190e5c719a82ab5085c2515e9ef80c93829973ec,218,109.00,3.08,1,5,3,0.024549,0.509714,TopoStake,pog(D=3_omega=1.00),2.33,423,17
88,3,0xac61c91e7d24df824351a6c4e562a75f0cf646f8,3.248841,1772617942,148572353c0fe1a9eb7be9fba942b297bf263131c1ac3cd3e0df5900622db0e2,123,123.00,2.68,1,4,3,0.024786,0.510635,TopoStake,pog(D=3_omega=1.00),1.65,424,17
88,4,0x30405867b72597aaeb27803bb2c7f3f5fc7d5384,3.517262,1772617944,409a8640735b90f85c85591902012fb62871515a4db04fb6dd25b97b977aed9a,160,80.00,4.06,1,6,4,0.024719,0.509561,TopoStake,pog(D=3_omega=1.00),1.90,425,17
89,0,0x71f297f96355f349d66f0e9b681e7d4e11224660,8.175545,1772617946,c95c8446fa2a3079abd3e7519d128a339050aeb596888b2e391640acc9589eb6,245,122.50,3.54,1,5,4,0.024654,0.508601,TopoStake,pog(D=3_omega=1.00),1.86,426,17
89,1,0xb990cdf21950e6086c350175c4bc504e45858230,6.122086,1772617948,b59fbba83134b705fbbea841115728c8742422d1d4a8ee150c870f3b577107f8,207,103.50,3.89,1,5,4,0.024623,0.509062,TopoStake,pog(D=3_omega=1.00),1.60,427,17
89,2,0xa7e4d4d949807065ebf85adc1be8c382c7236c15,4.215670,1772617950,bbd07f5e2533fadb48d1d92118d04f0fe9f4e36e91c8641d4b84c59533432323,170,56.67,4.10,1,5,4,0.024577,0.509100,TopoStake,pog(D=3_omega=1.00),2.54,428,17
89,3,0x4414c05be2cf328f38d2e3ef4b705d6b894f044a,6.088574,1772617953,8cc6a3f052bb859db7f7a52a6e3f6b710d29a8bcb5f27a4fb0bbd9dea052ecbd,192,96.00,3.94,1,6,4,0.024518,0.508490,TopoStake,pog(D=3_omega=1.00),2.46,429,17
89,4,0x016d3fc36beee7caa8fbd6c1caa42461dd7f9850,17.900123,1772617954,016099caeb7fed1ec9f22e645ccf209e06a253aec163fc9e76470a476e61b3a8,163,81.50,3.87,1,6,4,0.024473,0.508485,TopoStake,pog(D=3_omega=1.00),2.36,430,17
90,0,0x30509a8084fdfe6fe24d9c9a817c209ad194f8e3,15.672719,1772617956,d278745fbc09e29896ee58aae392747c0012315038fcd187ef9844ff7fee9c78,125,125.00,3.02,1,5,3,0.024512,0.509257,TopoStake,pog(D=3_omega=1.00),1.58,431,17
90,1,0x07902d0371763a00d97ed9ba16ff0a206cb0fd19,45.597701,1772617958,a19f978c734709ae352b853be90b84619761b50394c8b6f90fca5d725deaa9d9,208,104.00,3.39,1,5,4,0.024534,0.509976,TopoStake,pog(D=3_omega=1.00),1.70,432,17
90,2,0x408bb0bf84df50b21c53c74420987f172d4036a1,4.797660,1772617960,555d55bff40057f326a1e5d0e97f3d2d733338312cb3efc501761054749be4cb,186,93.00,2.83,1,4,3,0.024768,0.510881,TopoStake,pog(D=3_omega=1.00),1.58,433,17
90,3,0x016d3fc36beee7caa8fbd6c1caa42461dd7f9850,18.900787,1772617962,6faa2bc9c3efbeb68aa3f8831db3cd7b7e73257350527da3ae759b4d236f1322,196,98.00,3.59,2,5,4,0.024713,0.510473,TopoStake,pog(D=3_omega=1.00),1.48,434,17
90,4,0xc24b36dee27726233c3bbd9e1f028f98b6b2a424,6.411207,1772617964,983f5dce9d74d78b8cfbbd67e0358f5294aca81c8300e4cac9acaa7bafd558bd,183,91.50,3.15,2,4,3,0.024756,0.511262,TopoStake,pog(D=3_omega=1.00),1.39,435,17
91,0,0xaadc5fea232580cb8fba739ac5d05a48559c7e52,6.353992,1772617967,79de753fc11f90aa31eb4e04ff71a66bec9d78d78c7c67a7b8eacd72ffe7e0c1,211,70.33,4.07,1,6,4,0.024712,0.511295,TopoStake,pog(D=3_omega=1.00),2.50,436,17
91,1,0x9c39f7fffaa5c5cfab20dfdd05663497918580c1,4.425287,1772617968,529e77079ee2228e7e9c558d2c267f2105e77a31651bd075f8ee058127847376,166,83.00,4.40,2,6,4,0.024668,0.511276,TopoStake,pog(D=3_omega=1.00),2.48,437,17
91,2,0xc339f8bf978200eb65afce6c7121402eda949097,0.071502,1772617970,529e77079ee2228e7e9c558d2c267f2105e77a31651bd075f8ee058127847376,166,83.00,4.40,2,6,4,0.024668,0.511278,TopoStake,pog(D=3_omega=1.00),2.48,437,18
91,3,0x408bb0bf84df50b21c53c74420987f172d4036a1,5.798565,1772617972,8570aefa3f04f13d29410b08b1c1309997c8dd338fe7df5a84ae1a93c6172e4a,250,83.33,4.31,1,6,4,0.024580,0.508927,TopoStake,pog(D=3_omega=1.00),2.95,438,18
91,4,0xb7b4ee0a72bc410bf6d32b9cd3f3e11fc756d6f1,8.084587,1772617974,b254deebd527b56b5e29f6b9a54b1faf993a7baab84ebbb315ad56c901dd270b,166,83.00,3.49,1,5,4,0.024533,0.508790,TopoStake,pog(D=3_omega=1.00),1.59,439,18
92,0,0x016d3fc36beee7caa8fbd6c1caa42461dd7f9850,19.901682,1772617976,4e47456506bdd086d1e70e2035ea3f0d9c10191b7649005ea5e18e634e984de0,184,92.00,4.00,2,6,4,0.024501,0.509201,TopoStake,pog(D=4_omega=1.00),1.57,440,18
92,1,0xcdc82b7c868072205a399d0f68e6e3ad3bfd1ca6,2.204889,1772617978,b4532dee4b0aab3444b7bbf2cf1686b29aa6d1affb8ac8d10b318dee413a7be2,172,57.33,3.20,1,4,3,0.024550,0.509984,TopoStake,pog(D=4_omega=1.00),2.54,441,18
92,2,0x0d91704595bff3aec25d40822498a51c62b05e3a,18.594452,1772617981,d8ea1905cbd9164b150f66301af4ce96f4473faf6b58cfd5d02ad0da1edf3adb,177,88.50,3.59,1,5,4,0.024478,0.508550,TopoStake,pog(D=4_omega=1.00),2.49,442,18
92,3,0xea287b266dbe2c2d402fd91814bcfc4c95d6b0fd,2.159181,1772617982,84989ecc9058fd2d7db290a164ea773add7cee05d27734d9de5fcea9892a8055,169,84.50,3.30,1,5,3,0.024518,0.509292,TopoStake,pog(D=4_omega=1.00),2.48,443,18
92,4,0x282f43759e22b50aa7989261c51c367f325c3f91,7.353904,1772617984,ecf81d20df489160346cfc0c947dc3d05d6fa40b6c5f2c27727d7f96831faa95,84,84.00,4.05,1,5,4,0.024446,0.507815,TopoStake,pog(D=4_omega=1.00),1.86,444,18
93,0,0xdcf2130496e27a8094ab996aea4aa77788d65869,5.504134,1772617986,36ad8ac2e3c24f840c7c68eb7b0dc17d1770e6aaf3b5cc66291dc70d6db4476d,196,98.00,3.92,1,6,4,0.024409,0.508103,TopoStake,pog(D=3_omega=1.00),2.02,445,18
93,1,0x075e1d95c7891e1c00414ca1aa9a7a8cf6270019,22.177154,1772617988,27b0c1efcd1c62baab86a1d8961fd9e45ddaa5c1d2c342f371cced7479d0e4d4,195,97.50,4.07,1,5,4,0.024360,0.507876,TopoStake,pog(D=3_omega=1.00),1.73,446,18
93,2,0x24898fcb116b48cb2b6fd5d3b4eb599fee0f4633,1.048254,1772617990,350001a4bf0e502f9940c67525f12cb96e4ed6c638a9ce25ee55dbe4cf67fed6,186,93.00,3.16,1,5,3,0.024423,0.508689,TopoStake,pog(D=3_omega=1.00),1.49,447,18
93,3,0x5cd626f4b83428b146919d30f4b3e481d259a9dc,0.068159,1772617992,8ff72fe2a6de585d9869307fdcf042465589149a37072ed5fbf04d79f4ddf6cd,181,60.33,3.57,1,5,4,0.024345,0.506760,TopoStake,pog(D=3_omega=1.00),2.50,448,18
93,4,0x282f43759e22b50aa7989261c51c367f325c3f91,8.354798,1772617995,d5c6c19cf948d458b8a7a825fd89590fdfb8cac169b7edc692c99cf1bd797e1b,167,83.50,3.98,1,6,4,0.024260,0.504427,TopoStake,pog(D=3_omega=1.00),2.47,449,18
94,0,0xb7b4ee0a72bc410bf6d32b9cd3f3e11fc756d6f1,9.085364,1772617996,c67e1705f03db3b00cf0ba9786a880101462eff8d2148eea914b79427a6e5680,177,88.50,3.79,1,6,4,0.024230,0.504825,TopoStake,pog(D=3_omega=1.00),2.50,450,18
94,1,0x075e1d95c7891e1c00414ca1aa9a7a8cf6270019,23.178269,1772617998,f168c40ee6867f0e2a19ad9c3ada42bba507330dfcbcb4ae487824d190daf580,143,143.00,3.77,1,6,4,0.024206,0.505320,TopoStake,pog(D=3_omega=1.00),1.56,451,18
94,2,0xcdc82b7c868072205a399d0f68e6e3ad3bfd1ca6,3.205607,1772618000,354e50495fd6642727c76b14de5ae3606c77fadb3d16437c50f3a9b00d0acb34,221,110.50,3.37,1,5,3,0.024274,0.506130,TopoStake,pog(D=3_omega=1.00),1.76,452,18
94,3,0x71f297f96355f349d66f0e9b681e7d4e11224660,9.176386,1772618002,bef4c3c06ce4dbf05a08d39fd28c61d1b7e6420907c9d8b65634a50c7c6a5c7e,170,85.00,3.55,1,5,4,0.024210,0.505038,TopoStake,pog(D=3_omega=1.00),1.54,453,18
94,4,0x34412315480562da4810040fd15c81f99880e1ab,1.895222,1772618004,8dac8902f509828e8bc75299621f74af971ecfa901ccf61f715314f5584e8bac,191,95.50,4.00,1,5,4,0.024186,0.505510,TopoStake,pog(D=3_omega=1.00),1.47,454,18
95,0,0x377eaef292051bbf8ada05b2af76a3f3b9d722a7,4.056268,1772618007,e5b5a37d448968592c19473e75de3c84eef67fb4724238467eef5991af43632e,183,91.50,3.99,1,6,4,0.024115,0.503938,TopoStake,pog(D=3_omega=1.00),1.49,455,18
95,1,0xb990cdf21950e6086c350175c4bc504e45858230,7.122735,1772618008,424903948fce4bcecb304d553cc7383550c4224fb1db685c7702731fd715971b,139,46.33,3.63,1,5,4,0.024058,0.503238,TopoStake,pog(D=3_omega=1.00),2.41,456,18
95,2,0x075e1d95c7891e1c00414ca1aa9a7a8cf6270019,24.179506,1772618010,37f6b4a87fc021961ceb18464e603ce8816a73721314ebff5239ae5b2333036c,98,98.00,3.67,1,5,4,0.024021,0.503432,TopoStake,pog(D=3_omega=1.00),1.85,457,18
95,3,0x282f43759e22b50aa7989261c51c367f325c3f91,9.355568,1772618012,6e0ec14021e41f2bff22110d96c5285f5734282b95cde1c5fc06de1251232508,224,112.00,3.08,1,5,3,0.024094,0.504236,TopoStake,pog(D=3_omega=1.00),1.98,458,18
95,4,0x71f297f96355f349d66f0e9b681e7d4e11224660,10.177297,1772618014,d99b1da3ccb7d0470cc267b1af85abbe7cc765db97b6ea739f5283b744b152ea,194,97.00,3.87,1,5,4,0.024071,0.504695,TopoStake,pog(D=3_omega=1.00),1.69,459,18
96,0,0x282f43759e22b50aa7989261c51c367f325c3f91,10.356506,1772618016,b8d140f4dc6c0c39b70d4560ef787d93b38b0037cb4045ce0180ad4f7ad1ded6,197,98.50,3.99,1,5,4,0.024053,0.505227,TopoStake,pog(D=3_omega=1.00),1.59,460,18
96,1,0xa3786e459f289a76c0e8af8ad834e3d0c6d47199,6.727017,1772618018,fde258b9bcad3138728b565a859b88e162f7e6bf8b08a863294ae864b8b57869,178,89.00,3.92,1,5,4,0.024037,0.505756,TopoStake,pog(D=3_omega=1.00),1.51,461,18
96,2,0x07902d0371763a00d97ed9ba16ff0a206cb0fd19,46.601033,1772618020,d7af75e103bb34712c97afe8ebac3c1304cd79966fab289f1dbf0192632f08cf,181,60.33,4.27,1,6,4,0.023997,0.505792,TopoStake,pog(D=3_omega=1.00),2.49,462,18
96,3,0x6d6b2734a20229ddd7fd4a1470ba3e3bad4e4a85,3.639115,1772618022,bdc0f3ad7f865bcb146144bf96268d289055121043fd77af97d67af67145ae93,194,97.00,2.68,2,4,3,0.024210,0.506655,TopoStake,pog(D=3_omega=1.00),2.43,463,18
96,4,0xaadc5fea232580cb8fba739ac5d05a48559c7e52,7.354325,1772618024,63ea5197b7a39e32736ada8eff30197fa7c7e8e109907de320d7ebb115f54cad,113,113.00,3.66,2,5,4,0.024151,0.505740,TopoStake,pog(D=3_omega=1.00),1.81,464,18
97,0,0xc4dc29db975b952e04358340e56b68fa4ba63fbc,3.540604,1772618026,5da770df372a57780255bb147fdc172eed06b7e931b28b2c91ce66ab990b6f54,168,84.00,4.71,1,6,5,0.024114,0.505946,TopoStake,pog(D=3_omega=1.00),2.26,465,18
97,1,0x30509a8084fdfe6fe24d9c9a817c209ad194f8e3,16.674417,1772618028,aaa175ceb5025c691ccd53a848551ad50f69d463a4cf86233b5cb5f56f0b8bcd,250,125.00,3.68,1,5,4,0.024055,0.504952,TopoStake,pog(D=3_omega=1.00),1.99,466,18
97,2,0x4ba33404d90c4ae989714d9d174cd882cffb7994,8.117436,1772618030,9f09982d252dae22a1ff70b4e0b7aa7aae0b85254be1ed4b2f1c3fb5cf23e918,101,50.50,3.35,1,4,3,0.024077,0.505635,TopoStake,pog(D=3_omega=1.00),1.22,467,18
97,3,0xa447d277b02012c2afd9ddcbbe123f27cc971963,3.808542,1772618032,247e711e77ddefd8ef1647f7f1a1d4c16d9483abccf9255e7ad4a477fdf17728,180,90.00,4.54,1,6,5,0.024046,0.505953,TopoStake,pog(D=3_omega=1.00),1.49,468,18
97,4,0x2abf89d7c96c80fcff9dec1fe92803573094ee35,2.224732,1772618034,247e711e77ddefd8ef1647f7f1a1d4c16d9483abccf9255e7ad4a477fdf17728,180,90.00,4.54,1,6,5,0.024046,0.505955,TopoStake,pog(D=3_omega=1.00),1.49,468,19
98,0,0xfb35fdafcfc84561a42700a4a1c274edeb75bdc1,4.059461,1772618037,3cc5a40f1098ebb1d8d446bc014a5616f3c6a04463d1dbf424e71555fefca932,250,50.00,3.72,1,5,4,0.023978,0.504509,TopoStake,pog(D=3_omega=1.00),4.03,469,19
98,1,0x50f7fa851f9314d682e36da5caa4635039b5305d,7.111372,1772618038,7912fb9c6b3ebd04c23baeef11fb8fd51e0c40952042c3d55a7f675048265dee,91,45.50,3.82,1,5,4,0.023922,0.503755,TopoStake,pog(D=3_omega=1.00),2.20,470,19
98,2,0x0d91704595bff3aec25d40822498a51c62b05e3a,19.596158,1772618040,e6105004ef18fa8f5cac66a5c0488ef9ee841889f18b1a86d51025023e44d47a,155,155.00,3.28,1,5,3,0.023885,0.503856,TopoStake,pog(D=3_omega=1.00),1.63,471,19
98,3,0xb2a7fe70a6f3137d38f6cb4c3ec6dd1e24f2d5f4,4.419026,1772618042,a87c5ed955dcbda5ec454cae2d00727138ef7c8932d1629246176b37ded28690,196,98.00,3.27,1,5,3,0.023925,0.504570,TopoStake,pog(D=3_omega=1.00),1.74,472,19
98,4,0x50f7fa851f9314d682e36da5caa4635039b5305d,8.112132,1772618044,21f8049d0b3d1f8bab756bfb1eaf2322240c90cb6453e21f1ab37a4420b9ab25,176,88.00,4.17,1,6,4,0.023872,0.503994,TopoStake,pog(D=3_omega=1.00),1.64,473,19
99,0,0x0d91704595bff3aec25d40822498a51c62b05e3a,20.597106,1772618046,c6cc9f3172e4c406ecbfca84bb6cbd796374700710a6e0dd8d31ebf4aaa8a8fa,187,93.50,3.38,1,5,3,0.023841,0.504276,TopoStake,pog(D=3_omega=1.00),1.63,474,19
99,1,0xb2a7fe70a6f3137d38f6cb4c3ec6dd1e24f2d5f4,5.419779,1772618048,95095b826bd8f5476cbf404f982c4682eebe487031333fb30aee4d8a0b833c38,167,55.67,3.37,1,5,3,0.023886,0.505010,TopoStake,pog(D=3_omega=1.00),2.53,475,19
99,2,0xcdc82b7c868072205a399d0f68e6e3ad3bfd1ca6,4.206136,1772618051,b650a34c0e389caf62a3dc9ad15e5b91bd26be2f7b2e511e590872befa0b7f13,161,80.50,4.25,1,6,4,0.023839,0.504748,TopoStake,pog(D=3_omega=1.00),2.53,476,19
99,3,0x07902d0371763a00d97ed9ba16ff0a206cb0fd19,47.603008,1772618052,921a773a9f58b8fd602cca52892d7ae6d6a19b3a455b4dc61360caf81a5d2749,166,83.00,3.58,1,5,4,0.023785,0.504029,TopoStake,pog(D=3_omega=1.00),2.37,477,19
99,4,0xdcf2130496e27a8094ab996aea4aa77788d65869,6.504642,1772618054,39f7fe5b3993bf5891ddccd15c080a95e174118a79dbef1586e53adb765c1d31,119,119.00,2.67,1,4,3,0.023992,0.504873,TopoStake,pog(D=3_omega=1.00),1.61,478,19
