epoch,slot,miner,proposer_stake,timestamp,block_hash,tx_count,throughput,avg_path_length,min_path_length,max_path_length,median_path_length,stake_concentration,gini_coefficient,consensus_type,consensus_state,avg_tx_delay_s,block_production_success,block_production_failed
0,2,0x282f43759e22b50aa7989261c51c367f325c3f91,0.353517,1772634018,144d06e3e63d97bb35e7380f7780768f9f6160625ea8216ef45ff16af313f54d,1,0.00,1.00,1,1,1,0.024404,0.600012,Minotaur,minotaur(pow_w:0.50),0.00,0,0
0,3,0xc4dc29db975b952e04358340e56b68fa4ba63fbc,0.544631,1772634020,3d327176ceb9ea79f6b0f73db9f5ac353228209392628216d3f1df4b85ba87ae,191,31.83,3.84,1,5,4,0.024091,0.596461,Minotaur,minotaur(pow_w:0.50),2.50,1,0
0,4,0x7e40df5d801345015e84c843908efc6683665fa4,0.659929,1772634022,2f598e901f683de666a6da2b217b16877fff24a34675c4c9057c101594ce6472,219,109.50,3.72,1,5,4,0.023822,0.593746,Minotaur,minotaur(pow_w:0.50),2.50,2,0
1,0,0x3513d672439a59c26cc5711f2b715ccb4810a774,1.292705,1772634024,fa75b2dc008e41a1e95c75e57000398591e4cdfc7c8c612c562c10b4c988ef99,206,103.00,3.40,1,5,3,0.023581,0.591385,Minotaur,minotaur(pow_w:0.50),2.45,3,0
1,1,0xdcf2130496e27a8094ab996aea4aa77788d65869,4.505787,1772634026,fa75b2dc008e41a1e95c75e57000398591e4cdfc7c8c612c562c10b4c988ef99,206,103.00,3.40,1,5,3,0.023581,0.591395,Minotaur,minotaur(pow_w:0.50),2.45,3,1
1,2,0xc4dc29db975b952e04358340e56b68fa4ba63fbc,1.546721,1772634028,fa75b2dc008e41a1e95c75e57000398591e4cdfc7c8c612c562c10b4c988ef99,206,103.00,3.40,1,5,3,0.023582,0.591406,Minotaur,minotaur(pow_w:0.50),2.45,3,2
1,3,0x269cdf52f97e1d9f14b7be895155a7b294f0b21d,0.726353,1772634030,1cebf29d4b7e4fa48bdda3361324f55d0567d974c3e6bd5cf3adb9453fcdbd5a,250,41.67,4.00,1,7,4,0.023509,0.591741,Minotaur,minotaur(pow_w:0.50),6.19,4,2
1,4,0xc24b36dee27726233c3bbd9e1f028f98b6b2a424,2.413309,1772634033,2d09bf94cd65182b804ab26746e86c8ade6aaa50d9e0744323e8b521a9ea7689,126,63.00,4.03,1,6,4,0.023286,0.589491,Minotaur,minotaur(pow_w:0.50),3.57,5,2
2,0,0xe6ebb0cdfd04183d498964e5efc4096ba77b17d6,4.294343,1772634035,e47d3f8ad5212414d3c1f3fb0666e8634e0fad0bb37c50f3d660e21777c31578,148,74.00,5.07,1,7,5,0.023368,0.591244,Minotaur,minotaur(pow_w:0.50),2.56,6,2
2,1,0xa3786e459f289a76c0e8af8ad834e3d0c6d47199,4.727233,1772634037,e47d3f8ad5212414d3c1f3fb0666e8634e0fad0bb37c50f3d660e21777c31578,148,74.00,5.07,1,7,5,0.023369,0.591254,Minotaur,minotaur(pow_w:0.50),2.56,6,3
2,2,0x63f4973c0df8a5358405f396dc0673a463c48de9,3.901097,1772634039,a0eabbed4e45162e2ac0a4c8ca2a1f7320542f043b628bd3a3e790e58e30f15c,250,62.50,4.59,1,7,5,0.023849,0.595001,Minotaur,minotaur(pow_w:0.50),3.80,7,3
2,3,0xac768e60b9269babb15cb1e36ee843243d7c7543,3.718228,1772634041,a0eabbed4e45162e2ac0a4c8ca2a1f7320542f043b628bd3a3e790e58e30f15c,250,62.50,4.59,1,7,5,0.023850,0.595013,Minotaur,minotaur(pow_w:0.50),3.80,7,4
2,4,0xac768e60b9269babb15cb1e36ee843243d7c7543,4.720718,1772634043,bedaa473f3984e1b6dca25012a584e3b2f0d0b90a94f440df2c35150c5f08c7a,250,62.50,4.34,1,7,4,0.024135,0.598147,Minotaur,minotaur(pow_w:0.50),3.82,8,4
3,0,0x4414c05be2cf328f38d2e3ef4b705d6b894f044a,2.089549,1772634045,25c8b89994438e6a2f79986f28bbe7b7252e433e5817d38d8739a925be5d438d,148,74.00,4.26,1,7,4,0.024574,0.601574,Minotaur,minotaur(pow_w:0.50),2.67,9,4
3,1,0x4414c05be2cf328f38d2e3ef4b705d6b894f044a,2.089549,1772634047,25c8b89994438e6a2f79986f28bbe7b7252e433e5817d38d8739a925be5d438d,148,74.00,4.26,1,7,4,0.024575,0.601584,Minotaur,minotaur(pow_w:0.50),2.67,9,5
3,2,0x4ba33404d90c4ae989714d9d174cd882cffb7994,1.118982,1772634049,25c8b89994438e6a2f79986f28bbe7b7252e433e5817d38d8739a925be5d438d,148,74.00,4.26,1,7,4,0.024575,0.601595,Minotaur,minotaur(pow_w:0.50),2.67,9,6
3,3,0x26d553a2f4343b3a7dc88bbd87b3d0a25d3838d9,3.219200,1772634051,e8256f90e03bf50177a5aba1601359b68be2bdf2734a450be80c49521d894f9b,250,41.67,4.64,1,7,5,0.024398,0.600493,Minotaur,minotaur(pow_w:0.50),5.77,10,6
3,4,0xa068e3c9a21c8d8be636cd2d285895979ec3262e,0.968841,1772634053,e8256f90e03bf50177a5aba1601359b68be2bdf2734a450be80c49521d894f9b,250,41.67,4.64,1,7,5,0.024399,0.600505,Minotaur,minotaur(pow_w:0.50),5.77,10,7
4,0,0x4a217e35f6402e7f62a49f6d62e27c6585c2f3fd,1.492957,1772634055,e6b8c271d4fa051215a56759c7dc039bbf1e357359beb46c13fe1d12f44c2a58,250,62.50,4.51,1,6,5,0.024200,0.598809,Minotaur,minotaur(pow_w:0.50),4.70,11,7
4,1,0xc24b36dee27726233c3bbd9e1f028f98b6b2a424,3.414539,1772634057,e6b8c271d4fa051215a56759c7dc039bbf1e357359beb46c13fe1d12f44c2a58,250,62.50,4.51,1,6,5,0.024200,0.598818,Minotaur,minotaur(pow_w:0.50),4.70,11,8
4,2,0x60705151f1f537cacd5b801f3ef1b31dc3f605de,0.305664,1772634059,ba7d92dc0b86c42f36368310f68520a46f290641f13e33bbdfe00c14d9f9eeef,250,62.50,4.16,1,6,4,0.024395,0.601404,Minotaur,minotaur(pow_w:0.50),4.14,12,8
4,3,0x28672c71695142588ed26ada6f4b18b8b6c12308,0.692098,1772634061,f53aaa62f44b87752192a5721f3b9822867168099d1ab5210cda091524880bb0,185,92.50,4.31,1,7,4,0.024092,0.597356,Minotaur,minotaur(pow_w:0.50),2.38,13,8
4,4,0xbc3f8508d26048f2064aa8c068f4c94d08d77d18,3.068019,1772634063,472ffab5abedffd74689849bcd48ddef727d9fb832c4926c19f0df7a82377cbe,171,85.50,4.15,1,7,4,0.023854,0.594610,Minotaur,minotaur(pow_w:0.50),1.95,14,8
5,0,0xaadc5fea232580cb8fba739ac5d05a48559c7e52,1.356023,1772634065,519d965f01cfe7ca09b0b1fc6610601a12c7d4c561672a8bb90efa9d9ec8fbe1,142,71.00,4.45,1,7,4,0.023982,0.596711,Minotaur,minotaur(pow_w:0.50),1.89,15,8
5,1,0x4a217e35f6402e7f62a49f6d62e27c6585c2f3fd,1.492857,1772634067,519d965f01cfe7ca09b0b1fc6610601a12c7d4c561672a8bb90efa9d9ec8fbe1,142,71.00,4.45,1,7,4,0.023982,0.596722,Minotaur,minotaur(pow_w:0.50),1.89,15,9
5,2,0xe6ebb0cdfd04183d498964e5efc4096ba77b17d6,4.294173,1772634069,519d965f01cfe7ca09b0b1fc6610601a12c7d4c561672a8bb90efa9d9ec8fbe1,142,71.00,4.45,1,7,4,0.023983,0.596731,Minotaur,minotaur(pow_w:0.50),1.89,15,10
5,3,0x1796dc61e715f15a2d27dfa32bd34780f12a8c24,1.724301,1772634071,bce8f2abea85585d88576f16c3ca2966a5a100045eca2a1eb5a6b11d80ccd2b3,250,41.67,4.61,1,9,5,0.023983,0.596741,Minotaur,minotaur(pow_w:0.50),7.45,16,10
5,4,0x07902d0371763a00d97ed9ba16ff0a206cb0fd19,2.532099,1772634073,bce8f2abea85585d88576f16c3ca2966a5a100045eca2a1eb5a6b11d80ccd2b3,250,41.67,4.61,1,9,5,0.023984,0.596749,Minotaur,minotaur(pow_w:0.50),7.45,16,11
6,0,0x1cb1274c711a6c2e4e1596846e6ac604eeefb358,0.407791,1772634075,bce8f2abea85585d88576f16c3ca2966a5a100045eca2a1eb5a6b11d80ccd2b3,250,41.67,4.61,1,9,5,0.024286,0.599756,Minotaur,minotaur(pow_w:0.50),7.45,16,12
6,1,0x719361397abe003a91af76243e5f9c7a0cd4279f,3.543596,1772634077,b696641acc97922566bc813accda4ec8ece2c97b05f2ae343a4f4c29c12da71d,250,41.67,4.46,1,7,4,0.024005,0.595984,Minotaur,minotaur(pow_w:0.50),5.70,17,12
6,2,0x89100a8056319ba37491b32ba255004180607bc2,2.787277,1772634079,b696641acc97922566bc813accda4ec8ece2c97b05f2ae343a4f4c29c12da71d,250,41.67,4.46,1,7,4,0.024005,0.595991,Minotaur,minotaur(pow_w:0.50),5.70,17,13
6,3,0xd61b00c297972877b45f8d7f4d67fdaf20c67c59,0.336171,1772634081,ee5ab7d988130bb04fe4c12944f81f7cd37ffce3df49279fc153d7ccbc45948c,250,50.00,4.10,2,7,4,0.024073,0.597662,Minotaur,minotaur(pow_w:0.50),3.96,18,13
6,4,0xe478b1e4d1538274c0c70cbd7df877f9abab2f62,2.299806,1772634083,f4b03a6230d6cb7d6e7c02591b651346d2f7f5b21879d0d8b3da8f3bd9fc3b4c,86,86.00,4.42,1,6,5,0.024074,0.597671,Minotaur,minotaur(pow_w:0.50),1.12,19,13
7,0,0x4414c05be2cf328f38d2e3ef4b705d6b894f044a,2.089489,1772634085,eef07f8b3a5ee8707604eb87af24211c6e2a8abdb0f2a9ec820f6c60ad4b2133,147,73.50,4.78,1,7,5,0.024067,0.598729,Minotaur,minotaur(pow_w:0.50),1.55,20,13
7,1,0x2abf89d7c96c80fcff9dec1fe92803573094ee35,0.228635,1772634087,353c281d58e05155a277c1193668fae54e1706e1fc29ad23aae862a522043508,144,48.00,4.04,1,6,4,0.024028,0.599431,Minotaur,minotaur(pow_w:0.50),2.50,21,13
7,2,0xa3786e459f289a76c0e8af8ad834e3d0c6d47199,5.729463,1772634089,93daeaf11f002bb1b0809bfb3bb8b685654475e2f81d6f5065595c9360ddab71,152,76.00,3.70,1,6,4,0.023732,0.594951,Minotaur,minotaur(pow_w:0.50),2.48,22,13
7,3,0xb2a7fe70a6f3137d38f6cb4c3ec6dd1e24f2d5f4,1.422508,1772634091,93daeaf11f002bb1b0809bfb3bb8b685654475e2f81d6f5065595c9360ddab71,152,76.00,3.70,1,6,4,0.023732,0.594961,Minotaur,minotaur(pow_w:0.50),2.48,22,14
7,4,0xdcf2130496e27a8094ab996aea4aa77788d65869,4.505477,1772634093,d87455d75dddfb6eaa69345fa75ff02c3ad359a8c2c6a128de93a7b3345c8ff1,250,62.50,4.27,1,6,4,0.023603,0.594436,Minotaur,minotaur(pow_w:0.50),3.72,23,14
8,0,0xac768e60b9269babb15cb1e36ee843243d7c7543,5.721858,1772634096,d87455d75dddfb6eaa69345fa75ff02c3ad359a8c2c6a128de93a7b3345c8ff1,250,62.50,4.27,1,6,4,0.023604,0.594445,Minotaur,minotaur(pow_w:0.50),3.72,23,15
8,1,0x719361397abe003a91af76243e5f9c7a0cd4279f,3.543466,1772634098,d87455d75dddfb6eaa69345fa75ff02c3ad359a8c2c6a128de93a7b3345c8ff1,250,62.50,4.27,1,6,4,0.023604,0.594455,Minotaur,minotaur(pow_w:0.50),3.72,23,16
8,2,0xa068e3c9a21c8d8be636cd2d285895979ec3262e,1.970821,1772634100,271692d1f43680142130d7f4e47ad84aa7ffde3ea23db455852978b882bfd09f,250,41.67,3.82,1,6,4,0.023757,0.596628,Minotaur,minotaur(pow_w:0.50),5.34,24,16
8,3,0x30509a8084fdfe6fe24d9c9a817c209ad194f8e3,2.655759,1772634102,de7c4845e505630130be451954dd3aac6baa55371789c395f080cd9e9a3ae29e,157,78.50,4.61,1,8,5,0.023698,0.596969,Minotaur,minotaur(pow_w:0.50),3.20,25,16
8,4,0xd46407aa7b668c72de3cf1c1a12b7fa2e308a1b2,1.990829,1772634104,0b3cfc0bd8e05d1a8b86602235a2ba38755532102245d6e497088fc3503bd6f5,177,88.50,3.84,1,6,4,0.023724,0.598051,Minotaur,minotaur(pow_w:0.50),2.36,26,16
9,0,0xe6ebb0cdfd04183d498964e5efc4096ba77b17d6,5.296653,1772634106,20fd1bc43223a68f94615c2c0465c96c29c99a265018e3aef4ebb3b2bb38b53c,133,66.50,4.12,1,6,4,0.023663,0.598190,Minotaur,minotaur(pow_w:0.50),2.25,27,16
9,1,0xa068e3c9a21c8d8be636cd2d285895979ec3262e,2.972331,1772634108,20fd1bc43223a68f94615c2c0465c96c29c99a265018e3aef4ebb3b2bb38b53c,133,66.50,4.12,1,6,4,0.023664,0.598198,Minotaur,minotaur(pow_w:0.50),2.25,27,17
9,2,0xbc3f8508d26048f2064aa8c068f4c94d08d77d18,4.069189,1772634110,f1f16fcf7de22f1467942118e7c5a4c297bc977db5bf1444916f56efb400abe3,250,62.50,4.53,1,7,5,0.023724,0.599476,Minotaur,minotaur(pow_w:0.50),3.13,28,17
9,3,0x4414c05be2cf328f38d2e3ef4b705d6b894f044a,3.090839,1772634112,a35242470a9860813a0840dd80d3fc7ef8e6e99524a6fbfc534316ba23b23b55,167,83.50,4.28,1,7,4,0.023913,0.601870,Minotaur,minotaur(pow_w:0.50),2.10,29,17
9,4,0x34412315480562da4810040fd15c81f99880e1ab,1.898063,1772634114,a35242470a9860813a0840dd80d3fc7ef8e6e99524a6fbfc534316ba23b23b55,167,83.50,4.28,1,7,4,0.023914,0.601879,Minotaur,minotaur(pow_w:0.50),2.10,29,18
10,0,0xe6ebb0cdfd04183d498964e5efc4096ba77b17d6,5.296653,1772634116,22ab6a379f7ee00c4b4c74328ea6db57cbedd496d7cd86632a69c56a5999a5ac,250,62.50,4.22,1,6,4,0.023833,0.601745,Minotaur,minotaur(pow_w:0.50),3.30,30,18
10,1,0x3513d672439a59c26cc5711f2b715ccb4810a774,1.292265,1772634118,22ab6a379f7ee00c4b4c74328ea6db57cbedd496d7cd86632a69c56a5999a5ac,250,62.50,4.22,1,6,4,0.023833,0.601753,Minotaur,minotaur(pow_w:0.50),3.30,30,19
10,2,0x4414c05be2cf328f38d2e3ef4b705d6b894f044a,3.090839,1772634120,5a6771463d5a2187f1d273de710a769a1cee5504cb9d023673f2f3500ef91a7f,217,54.25,4.57,1,6,5,0.023680,0.600599,Minotaur,minotaur(pow_w:0.50),1.96,31,19
10,3,0x30509a8084fdfe6fe24d9c9a817c209ad194f8e3,3.657349,1772634122,5a6771463d5a2187f1d273de710a769a1cee5504cb9d023673f2f3500ef91a7f,217,54.25,4.57,1,6,5,0.023681,0.600608,Minotaur,minotaur(pow_w:0.50),1.96,31,20
10,4,0xdcf2130496e27a8094ab996aea4aa77788d65869,4.505277,1772634124,6dcb998defcbd3485aad67aeda3acca0a3a6dfc0a245df6186910c25d91d22d3,250,62.50,3.51,1,5,4,0.023806,0.602430,Minotaur,minotaur(pow_w:0.50),5.47,32,20
11,0,0x63f4973c0df8a5358405f396dc0673a463c48de9,3.900717,1772634126,6dcb998defcbd3485aad67aeda3acca0a3a6dfc0a245df6186910c25d91d22d3,250,62.50,3.51,1,5,4,0.023806,0.602437,Minotaur,minotaur(pow_w:0.50),5.47,32,21
11,1,0x26d553a2f4343b3a7dc88bbd87b3d0a25d3838d9,3.219080,1772634128,bd9941e16732d9176af77555a04d11859c621d8a6e7d4388454ad8c7342491c2,250,50.00,3.50,1,5,4,0.023953,0.604358,Minotaur,minotaur(pow_w:0.50),4.24,33,21
11,2,0xac768e60b9269babb15cb1e36ee843243d7c7543,5.721738,1772634130,17b5b098c9d50a8d1808e47d8c58ae11db437ffa3202cf4e4e67fef8053c5357,83,83.00,4.02,1,7,4,0.024015,0.605546,Minotaur,minotaur(pow_w:0.50),1.25,34,21
11,3,0xdcf2130496e27a8094ab996aea4aa77788d65869,4.505217,1772634132,bf25088542d8710da14548c0cd6b4af01a1e3bfca41bd35fce2a36aab475e4fc,161,80.50,4.34,1,7,4,0.024016,0.605553,Minotaur,minotaur(pow_w:0.50),1.70,35,21
11,4,0x34412315480562da4810040fd15c81f99880e1ab,2.900453,1772634134,383f4b341c588a624ad865b82a25e75a2967b395069b2f674b9289ad3d26ebb7,152,50.67,4.09,1,6,4,0.024217,0.607850,Minotaur,minotaur(pow_w:0.50),2.46,36,21
12,0,0xa068e3c9a21c8d8be636cd2d285895979ec3262e,3.974651,1772634136,383f4b341c588a624ad865b82a25e75a2967b395069b2f674b9289ad3d26ebb7,152,50.67,4.09,1,6,4,0.024218,0.607858,Minotaur,minotaur(pow_w:0.50),2.46,36,22
12,1,0x8d9e46becf415ca26aa698c9657087e6554aabda,0.388786,1772634139,ca00e999141be41d26e9d6e55ea6b685ad4677860ea65f72da1418f3568c7580,250,62.50,4.77,1,7,5,0.024352,0.609519,Minotaur,minotaur(pow_w:0.50),4.68,37,22
12,2,0xe478b1e4d1538274c0c70cbd7df877f9abab2f62,3.300686,1772634140,ca00e999141be41d26e9d6e55ea6b685ad4677860ea65f72da1418f3568c7580,250,62.50,4.77,1,7,5,0.024352,0.609523,Minotaur,minotaur(pow_w:0.50),4.68,37,23
12,3,0x4ba33404d90c4ae989714d9d174cd882cffb7994,2.120552,1772634142,16c9a4f6be0e7b5494e7b783271555476786ebae0b09510da0eb0dd06da94608,228,76.00,4.16,1,6,4,0.024407,0.610527,Minotaur,minotaur(pow_w:0.50),2.80,38,23
12,4,0x30509a8084fdfe6fe24d9c9a817c209ad194f8e3,4.659669,1772634144,5877b9ca397fd72f4633f05fbdf22bd6bc46af7b4823f5c8502cd3d0ee1d9b8d,183,91.50,4.72,1,7,5,0.024332,0.610414,Minotaur,minotaur(pow_w:0.50),2.44,39,23
13,0,0xac768e60b9269babb15cb1e36ee843243d7c7543,5.721678,1772634146,850fcc24070ed48b7bf3e100f4cdce25e20eab65acca84cb82ec47f57c26594d,167,83.50,3.22,1,5,3,0.024523,0.612531,Minotaur,minotaur(pow_w:0.50),2.27,40,23
13,1,0x7e40df5d801345015e84c843908efc6683665fa4,1.661449,1772634148,850fcc24070ed48b7bf3e100f4cdce25e20eab65acca84cb82ec47f57c26594d,167,83.50,3.22,1,5,3,0.024524,0.612538,Minotaur,minotaur(pow_w:0.50),2.27,40,24
13,2,0xfdc414c57908f0e2a6a926079902d4688d553610,0.179172,1772634150,3d0d5a6b442041ef128b8d6da3f230507839df6a0e42d62718b51768b9059bef,250,62.50,3.53,1,5,4,0.024396,0.611809,Minotaur,minotaur(pow_w:0.50),3.86,41,24
13,3,0xbc3f8508d26048f2064aa8c068f4c94d08d77d18,5.070689,1772634152,4533709602a91f3cd1b6de33a2009922fd9d25a5116cb8b995e7ba036a16c388,147,73.50,4.44,1,6,5,0.024118,0.607518,Minotaur,minotaur(pow_w:0.50),10.73,42,24
13,4,0x269cdf52f97e1d9f14b7be895155a7b294f0b21d,1.726343,1772634154,d1a4701b6a62a7fd0bab1c544ff881600c3d1fe6319e564ad3396a816c4cbe5f,179,89.50,4.09,1,6,4,0.024338,0.609880,Minotaur,minotaur(pow_w:0.50),2.13,43,24
14,0,0xe6ebb0cdfd04183d498964e5efc4096ba77b17d6,5.296593,1772634156,5880d26bd0335ce7422b0dfabdfd7eadcd3868d63d3d075c31d3d9e12d3989de,184,92.00,3.71,1,5,4,0.024218,0.609132,Minotaur,minotaur(pow_w:0.50),1.83,44,24
14,1,0xac61c91e7d24df824351a6c4e562a75f0cf646f8,0.251468,1772634158,7858879681a3aac6832dc443dd2a8031f09eb8fbc39bee2e35860ac9f02760cd,157,78.50,4.23,2,6,4,0.024448,0.611498,Minotaur,minotaur(pow_w:0.50),1.67,45,24
14,2,0x26d553a2f4343b3a7dc88bbd87b3d0a25d3838d9,4.219610,1772634160,34832f2c59dab012a229e6fa27f0a66aada8563f3503703707c104d82e8c09e0,140,70.00,4.14,1,6,4,0.024182,0.607468,Minotaur,minotaur(pow_w:0.50),1.62,46,24
14,3,0x4414c05be2cf328f38d2e3ef4b705d6b894f044a,3.090749,1772634162,0ff5bc8f03dcfae09d30826a688a4c726e3157bfe32e58a8d430b3e8870de4fe,140,70.00,3.84,1,5,4,0.024299,0.609005,Minotaur,minotaur(pow_w:0.50),1.52,47,24
14,4,0x9c39f7fffaa5c5cfab20dfdd05663497918580c1,0.426948,1772634164,0ff5bc8f03dcfae09d30826a688a4c726e3157bfe32e58a8d430b3e8870de4fe,140,70.00,3.84,1,5,4,0.024300,0.609012,Minotaur,minotaur(pow_w:0.50),1.52,47,25
15,0,0x1796dc61e715f15a2d27dfa32bd34780f12a8c24,1.723871,1772634166,0ff5bc8f03dcfae09d30826a688a4c726e3157bfe32e58a8d430b3e8870de4fe,140,70.00,3.84,1,5,4,0.024300,0.609019,Minotaur,minotaur(pow_w:0.50),1.52,47,26
15,1,0xdcf2130496e27a8094ab996aea4aa77788d65869,5.506497,1772634168,fd42e2a7630c22072821dc3191954186df24e1cda11e32784a78a7e1feca4964,0,0.00,0.00,0,0,0,0.024177,0.608156,Minotaur,minotaur(pow_w:0.50),0.00,48,26
15,2,0xc4dc29db975b952e04358340e56b68fa4ba63fbc,2.547891,1772634170,fd42e2a7630c22072821dc3191954186df24e1cda11e32784a78a7e1feca4964,0,0.00,0.00,0,0,0,0.024178,0.608165,Minotaur,minotaur(pow_w:0.50),0.00,48,27
15,3,0xd39dbd3662315e3935ec08e6b6028e73b3c09de2,0.922080,1772634172,c54e4131919912e4e582bf128ecaa4e4458fa935ad9c0947c8029e5a49b5b9dc,250,50.00,3.72,1,5,4,0.024132,0.608379,Minotaur,minotaur(pow_w:0.50),9.71,49,27
15,4,0xbc3f8508d26048f2064aa8c068f4c94d08d77d18,6.072249,1772634174,b3b9cd71d503467ae72c676526833d1ee57edfcb0b3d8b45cc9771f5b5d0d2aa,185,92.50,4.49,1,7,5,0.023938,0.606234,Minotaur,minotaur(pow_w:0.50),4.49,50,27
16,0,0xac768e60b9269babb15cb1e36ee843243d7c7543,5.721538,1772634176,75f4b6f8a2d0c3dd4c708471611cdf4147c9233a41e247310e4e725aa1fac018,154,77.00,4.50,1,6,5,0.024210,0.608791,Minotaur,minotaur(pow_w:0.50),2.50,51,27
16,1,0x016d3fc36beee7caa8fbd6c1caa42461dd7f9850,0.878779,1772634179,75f4b6f8a2d0c3dd4c708471611cdf4147c9233a41e247310e4e725aa1fac018,154,77.00,4.50,1,6,5,0.024211,0.608799,Minotaur,minotaur(pow_w:0.50),2.50,51,28
16,2,0xa068e3c9a21c8d8be636cd2d285895979ec3262e,4.976831,1772634181,898922a8987ed81d7b62f8f0c477cbb9e3bb9b8e3b9a553b0920b71d66c202e4,250,62.50,3.61,1,6,4,0.024012,0.606450,Minotaur,minotaur(pow_w:0.50),3.93,52,28
16,3,0x63f4973c0df8a5358405f396dc0673a463c48de9,4.902837,1772634183,a27117740ce0e04b17e277770fea8dceca276b3ea4c549a49b33042562a650c1,150,75.00,4.38,2,6,5,0.024176,0.608345,Minotaur,minotaur(pow_w:0.50),2.89,53,28
16,4,0x606627477c3734932f47972f83c27cf4e3b35b4f,3.376747,1772634185,294948bdf6df67e2cdd8ddc49e637567305b3d212515d464204fa98b9d9dda6e,197,98.50,3.52,1,6,3,0.024327,0.610036,Minotaur,minotaur(pow_w:0.50),2.29,54,28
17,0,0xd46407aa7b668c72de3cf1c1a12b7fa2e308a1b2,2.991349,1772634187,ab266e21546cbce5c047b4748aafa99b4023e514232d92088fc3cda609838e00,165,82.50,3.68,1,6,4,0.024342,0.610799,Minotaur,minotaur(pow_w:0.50),2.06,55,28
17,1,0xe6ebb0cdfd04183d498964e5efc4096ba77b17d6,6.297953,1772634189,2e9904a5531f3de80cc41b70254636a933e6f90e4351500eb855bc392d26de62,157,78.50,3.95,1,7,4,0.024322,0.611247,Minotaur,minotaur(pow_w:0.50),2.03,56,28
17,2,0xa447d277b02012c2afd9ddcbbe123f27cc971963,1.808625,1772634191,b9b3bcf3d45bfb742a81c97da5e7fa0ada70238d5290284d086e6f67beb02c54,186,93.00,4.15,1,6,4,0.024576,0.613603,Minotaur,minotaur(pow_w:0.50),1.79,57,28
17,3,0x26d553a2f4343b3a7dc88bbd87b3d0a25d3838d9,5.220800,1772634193,b9b3bcf3d45bfb742a81c97da5e7fa0ada70238d5290284d086e6f67beb02c54,186,93.00,4.15,1,6,4,0.024576,0.613610,Minotaur,minotaur(pow_w:0.50),1.79,57,29
17,4,0x60705151f1f537cacd5b801f3ef1b31dc3f605de,1.305964,1772634195,4a54db9fbef6460c350c8291338c5fc19759c09da3035127431ae767277400dc,250,62.50,3.86,1,5,4,0.024733,0.615371,Minotaur,minotaur(pow_w:0.50),3.45,58,29
18,0,0xc577329e86aaecb006f17fb90499c54671119935,0.319812,1772634197,7f1eda76778b760c07b29d1b25acbc41637f25578e56b030f7d649ab33967f14,177,88.50,4.20,1,6,4,0.024566,0.613821,Minotaur,minotaur(pow_w:0.50),1.90,59,29
18,1,0x7e40df5d801345015e84c843908efc6683665fa4,2.663789,1772634199,7f1eda76778b760c07b29d1b25acbc41637f25578e56b030f7d649ab33967f14,177,88.50,4.20,1,6,4,0.024566,0.613828,Minotaur,minotaur(pow_w:0.50),1.90,59,30
18,2,0x269cdf52f97e1d9f14b7be895155a7b294f0b21d,2.727723,1772634201,7f1eda76778b760c07b29d1b25acbc41637f25578e56b030f7d649ab33967f14,177,88.50,4.20,1,6,4,0.024567,0.613835,Minotaur,minotaur(pow_w:0.50),1.90,59,31
18,3,0xa3786e459f289a76c0e8af8ad834e3d0c6d47199,5.729103,1772634203,760404c54828d79151f29f6be7fac92f27bdbb31e19db46cfae8a017b9b9f6ff,250,41.67,4.28,1,8,4,0.024515,0.613953,Minotaur,minotaur(pow_w:0.50),5.10,60,31
18,4,0xbc3f8508d26048f2064aa8c068f4c94d08d77d18,7.073589,1772634205,760404c54828d79151f29f6be7fac92f27bdbb31e19db46cfae8a017b9b9f6ff,250,41.67,4.28,1,8,4,0.024516,0.613960,Minotaur,minotaur(pow_w:0.50),5.10,60,32
19,0,0xc24b36dee27726233c3bbd9e1f028f98b6b2a424,4.415569,1772634207,760404c54828d79151f29f6be7fac92f27bdbb31e19db46cfae8a017b9b9f6ff,250,41.67,4.28,1,8,4,0.024516,0.613967,Minotaur,minotaur(pow_w:0.50),5.10,60,33
19,1,0x37cc7a82e66d4f4c2ae13b9ee895d3af1a1d7a05,0.264025,1772634209,1a0599e940d80c7c9a1866996700ee3612d9297df10e7aef459c9b009888555a,250,35.71,5.57,1,8,6,0.024599,0.615197,Minotaur,minotaur(pow_w:0.50),11.17,61,33
19,2,0x4414c05be2cf328f38d2e3ef4b705d6b894f044a,3.090529,1772634212,1a0599e940d80c7c9a1866996700ee3612d9297df10e7aef459c9b009888555a,250,35.71,5.57,1,8,6,0.024599,0.615204,Minotaur,minotaur(pow_w:0.50),11.17,61,34
19,3,0x81193196c1dbdbf80709d43a5af5ce21c201fbd7,0.838259,1772634213,1a0599e940d80c7c9a1866996700ee3612d9297df10e7aef459c9b009888555a,250,35.71,5.57,1,8,6,0.024599,0.615208,Minotaur,minotaur(pow_w:0.50),11.17,61,35
19,4,0xe6ebb0cdfd04183d498964e5efc4096ba77b17d6,7.299653,1772634215,1a0599e940d80c7c9a1866996700ee3612d9297df10e7aef459c9b009888555a,250,35.71,5.57,1,8,6,0.024599,0.615216,Minotaur,minotaur(pow_w:0.50),11.17,61,36
20,0,0x28672c71695142588ed26ada6f4b18b8b6c12308,1.692708,1772634217,1a0599e940d80c7c9a1866996700ee3612d9297df10e7aef459c9b009888555a,250,35.71,5.57,1,8,6,0.024600,0.615223,Minotaur,minotaur(pow_w:0.50),11.17,61,37
20,1,0x6d6b2734a20229ddd7fd4a1470ba3e3bad4e4a85,1.642814,1772634219,8874652e7ad5ede0049a23f4b16588fc2af9a991a7aa0a1a100e2df6004d1643,250,27.78,3.71,1,8,4,0.024465,0.614096,Minotaur,minotaur(pow_w:0.50),9.08,62,37
20,2,0x606627477c3734932f47972f83c27cf4e3b35b4f,4.378227,1772634221,8874652e7ad5ede0049a23f4b16588fc2af9a991a7aa0a1a100e2df6004d1643,250,27.78,3.71,1,8,4,0.024465,0.614103,Minotaur,minotaur(pow_w:0.50),9.08,62,38
20,3,0xbc3f8508d26048f2064aa8c068f4c94d08d77d18,7.073489,1772634223,8874652e7ad5ede0049a23f4b16588fc2af9a991a7aa0a1a100e2df6004d1643,250,27.78,3.71,1,8,4,0.024465,0.614110,Minotaur,minotaur(pow_w:0.50),9.08,62,39
20,4,0xc24b36dee27726233c3bbd9e1f028f98b6b2a424,5.417879,1772634225,329b820a5a02b04497fb841f8349e289d63fc6e793da855ff41d65088e2ad90b,250,41.67,4.25,1,7,4,0.024748,0.616430,Minotaur,minotaur(pow_w:0.50),4.81,63,39
21,0,0xb2a7fe70a6f3137d38f6cb4c3ec6dd1e24f2d5f4,2.423428,1772634227,5cabb78227ebc76d7a04939f29874cff79b506ed20d70d6cbd21376ca6c307d5,208,104.00,3.85,1,6,4,0.024895,0.618155,Minotaur,minotaur(pow_w:0.50),4.63,64,39
21,1,0x606627477c3734932f47972f83c27cf4e3b35b4f,4.378207,1772634229,1ceadd390a32afc56cbb93136d837ab12064b0e186a5f1eb43e545b13ed0652a,131,65.50,4.67,1,7,5,0.024811,0.617835,Minotaur,minotaur(pow_w:0.50),1.73,65,39
21,2,0xa447d277b02012c2afd9ddcbbe123f27cc971963,1.808395,1772634231,b0a8d135f0c43a36898e9025e971940be0ff718b854528f6a515c5abd3d61cbd,167,83.50,4.83,1,7,5,0.024873,0.618872,Minotaur,minotaur(pow_w:0.50),1.83,66,39
21,3,0xaadc5fea232580cb8fba739ac5d05a48559c7e52,1.355093,1772634233,33ffdef3f2e8680ba83e832e219dc9079198fa0864d4471ca5e4917168d2b83f,173,86.50,4.45,2,7,5,0.024742,0.617741,Minotaur,minotaur(pow_w:0.50),2.08,67,39
21,4,0x26d553a2f4343b3a7dc88bbd87b3d0a25d3838d9,6.223180,1772634235,f1616bc757a8b51b4f1d63272a68956d5c1cff9b818b541029a9abb070f48ed2,167,83.50,4.35,1,8,4,0.024580,0.616071,Minotaur,minotaur(pow_w:0.50),10.01,68,39
22,0,0xa3786e459f289a76c0e8af8ad834e3d0c6d47199,5.729103,1772634237,f1616bc757a8b51b4f1d63272a68956d5c1cff9b818b541029a9abb070f48ed2,167,83.50,4.35,1,8,4,0.024580,0.616079,Minotaur,minotaur(pow_w:0.50),10.01,68,40
22,1,0xac61c91e7d24df824351a6c4e562a75f0cf646f8,1.252048,1772634239,0c2a91615f06ac51d059babc0802aa8af5c46258fea1c4c1fc020e2c10d42f07,10,2.50,5.80,1,7,7,0.024734,0.617896,Minotaur,minotaur(pow_w:0.50),0.80,69,40
22,2,0xa9105f442328d397529b8e4e9e656fa89016ff45,0.469184,1772634241,d84ec025a3a3d5cf3ae9a0124245b795943beafb65c3fb1571d51b7635398c7f,250,83.33,5.76,1,9,6,0.024564,0.616014,Minotaur,minotaur(pow_w:0.50),5.88,70,40
22,3,0xac768e60b9269babb15cb1e36ee843243d7c7543,5.720918,1772634244,7c902800ae9cd8205571d92ce8124b2a93c6867c3088a3d11a9d6c243bd600c4,211,105.50,5.32,1,8,6,0.024342,0.612861,Minotaur,minotaur(pow_w:0.50),13.94,71,40
22,4,0xc4dc29db975b952e04358340e56b68fa4ba63fbc,3.549581,1772634245,73234b6c46ba6a7507a78b5095a0587c7b6ab5a9c3cfc160629170e3aca1ac75,176,88.00,4.16,1,6,4,0.024488,0.614540,Minotaur,minotaur(pow_w:0.50),2.55,72,40
23,0,0xc4dc29db975b952e04358340e56b68fa4ba63fbc,4.550401,1772634247,cd0c3fb160ac87c1b0cb8059f4493b4e791d1a387a2a8f1e5cd523a9e851ca9b,84,84.00,5.17,1,7,5,0.024480,0.615088,Minotaur,minotaur(pow_w:0.50),1.98,73,40
23,1,0xaadc5fea232580cb8fba739ac5d05a48559c7e52,2.356663,1772634249,ee602ad7b274339454f385509d6b894283ac4c47f510ce30ecbaef3db2bc097e,169,84.50,5.29,1,7,5,0.024538,0.616022,Minotaur,minotaur(pow_w:0.50),2.46,74,40
23,2,0x6064b9f5883bf9737dfe314ff68c56e09e68ac89,2.189719,1772634251,2189ec80446dcfcd486d86de21f02a857e0b760a39be0db015ddfcc444b6a0a5,155,77.50,4.64,1,8,5,0.024446,0.615502,Minotaur,minotaur(pow_w:0.50),2.43,75,40
23,3,0x28672c71695142588ed26ada6f4b18b8b6c12308,2.694928,1772634253,2189ec80446dcfcd486d86de21f02a857e0b760a39be0db015ddfcc444b6a0a5,155,77.50,4.64,1,8,5,0.024446,0.615509,Minotaur,minotaur(pow_w:0.50),2.43,75,41
23,4,0x58a21eeb7ab18ba8adf1296e66a4487076e95dac,4.092184,1772634255,6a7febf8dcbc1d41eb736460ddbb231acce77fadf519961852447cdace2b7d37,250,62.50,4.30,1,7,4,0.024377,0.615278,Minotaur,minotaur(pow_w:0.50),3.53,76,41
24,0,0xe6ebb0cdfd04183d498964e5efc4096ba77b17d6,7.299573,1772634257,97ec2678cb68abdd5e50e65e4747928031813f3b8dc040a4565961ca5c817778,135,67.50,4.09,1,7,4,0.024400,0.615980,Minotaur,minotaur(pow_w:0.50),2.01,77,41
24,1,0xc4dc29db975b952e04358340e56b68fa4ba63fbc,5.551951,1772634259,97ec2678cb68abdd5e50e65e4747928031813f3b8dc040a4565961ca5c817778,135,67.50,4.09,1,7,4,0.024400,0.615986,Minotaur,minotaur(pow_w:0.50),2.01,77,42
24,2,0xbc3f8508d26048f2064aa8c068f4c94d08d77d18,8.075839,1772634261,593c0df42ca2cf03e943f5d0c591d9de8c91f9f7eef6f5c532f760eb3c814c48,250,62.50,5.06,1,8,5,0.024515,0.617391,Minotaur,minotaur(pow_w:0.50),3.33,78,42
24,3,0x1cb1274c711a6c2e4e1596846e6ac604eeefb358,1.408501,1772634263,593c0df42ca2cf03e943f5d0c591d9de8c91f9f7eef6f5c532f760eb3c814c48,250,62.50,5.06,1,8,5,0.024516,0.617398,Minotaur,minotaur(pow_w:0.50),3.33,78,43
24,4,0x34412315480562da4810040fd15c81f99880e1ab,2.900013,1772634265,c85dafbb63b4d58cfe7b1306b4eb80bd0887435312f29fa64b17f501bf9c7d05,250,50.00,3.58,1,6,4,0.024361,0.615671,Minotaur,minotaur(pow_w:0.50),3.48,79,43
25,0,0xb2a7fe70a6f3137d38f6cb4c3ec6dd1e24f2d5f4,3.424298,1772634267,c85dafbb63b4d58cfe7b1306b4eb80bd0887435312f29fa64b17f501bf9c7d05,250,50.00,3.58,1,6,4,0.024362,0.615680,Minotaur,minotaur(pow_w:0.50),3.48,79,44
25,1,0xa3786e459f289a76c0e8af8ad834e3d0c6d47199,6.728953,1772634269,71c7311aaed64292f6934cb5e1bbca3b257d0a98bc5aad170bfe4e013bf5872f,250,62.50,4.41,1,8,4,0.024337,0.615949,Minotaur,minotaur(pow_w:0.50),3.32,80,44
25,2,0xaadc5fea232580cb8fba739ac5d05a48559c7e52,3.358113,1772634272,476badf4208af5745a1b828a3c0518d877bff7232f60843b2e1e1640ffc0e10e,98,49.00,5.14,2,7,5,0.024518,0.617872,Minotaur,minotaur(pow_w:0.50),2.47,81,44
25,3,0xa068e3c9a21c8d8be636cd2d285895979ec3262e,5.977411,1772634274,476badf4208af5745a1b828a3c0518d877bff7232f60843b2e1e1640ffc0e10e,98,49.00,5.14,2,7,5,0.024518,0.617878,Minotaur,minotaur(pow_w:0.50),2.47,81,45
25,4,0xeaa5003682d7289190651081ae2bee847097afc5,0.761405,1772634276,9222a1f7ea9dda0355c912c1c720c22764addb679237a5c31419662daf4870ea,250,62.50,4.79,1,7,5,0.024647,0.619399,Minotaur,minotaur(pow_w:0.50),3.70,82,45
26,0,0xac768e60b9269babb15cb1e36ee843243d7c7543,6.722538,1772634278,9222a1f7ea9dda0355c912c1c720c22764addb679237a5c31419662daf4870ea,250,62.50,4.79,1,7,5,0.024647,0.619405,Minotaur,minotaur(pow_w:0.50),3.70,82,46
26,1,0xa068e3c9a21c8d8be636cd2d285895979ec3262e,6.979891,1772634280,9e3dd0947219f1c92f57829d96f5780ec673e14b27e4a9335ebc023e83699672,250,62.50,4.38,1,6,5,0.024817,0.621151,Minotaur,minotaur(pow_w:0.50),3.54,83,46
26,2,0x786f26993bf015cd2da6fb5d3ccd1879e01246ab,0.288902,1772634282,3f6fbdb7d6a97f9d68be8663296d43962270f74f9e708be7ad12cf8d63920e52,157,78.50,4.58,1,7,5,0.024998,0.622878,Minotaur,minotaur(pow_w:0.50),2.32,84,46
26,3,0xc4dc29db975b952e04358340e56b68fa4ba63fbc,6.554201,1772634284,3f45ed5251ff1ba58eee07fbe7fb28194088d8562e15957a44563ebadac653a8,161,80.50,4.18,1,6,4,0.024772,0.619464,Minotaur,minotaur(pow_w:0.50),2.06,85,46
26,4,0xe6ebb0cdfd04183d498964e5efc4096ba77b17d6,7.299333,1772634286,99dc147a13f03e0f84e2afa99032fd0e3692e0d4384e40d4712a31e42ca40d18,125,62.50,5.47,1,7,6,0.024921,0.620972,Minotaur,minotaur(pow_w:0.50),2.16,86,46
27,0,0xe6ebb0cdfd04183d498964e5efc4096ba77b17d6,7.299323,1772634288,ae4119d5f642be523f7899c18c86edb42519fe7bf59bd117c39b63813956201d,206,103.00,4.37,1,7,5,0.024922,0.620978,Minotaur,minotaur(pow_w:0.50),1.86,87,46
27,1,0x4a217e35f6402e7f62a49f6d62e27c6585c2f3fd,1.491707,1772634290,ae4119d5f642be523f7899c18c86edb42519fe7bf59bd117c39b63813956201d,206,103.00,4.37,1,7,5,0.024922,0.620984,Minotaur,minotaur(pow_w:0.50),1.86,87,47
27,2,0x719361397abe003a91af76243e5f9c7a0cd4279f,4.545216,1772634292,ae4119d5f642be523f7899c18c86edb42519fe7bf59bd117c39b63813956201d,206,103.00,4.37,1,7,5,0.024922,0.620989,Minotaur,minotaur(pow_w:0.50),1.86,87,48
27,3,0x30509a8084fdfe6fe24d9c9a817c209ad194f8e3,5.660009,1772634294,ae4119d5f642be523f7899c18c86edb42519fe7bf59bd117c39b63813956201d,206,103.00,4.37,1,7,5,0.024922,0.620997,Minotaur,minotaur(pow_w:0.50),1.86,87,49
27,4,0xac768e60b9269babb15cb1e36ee843243d7c7543,7.724918,1772634296,c08c722804c7b89a217369df21b153ce595addddb8feaa3c066fe8b8337e9bb1,250,27.78,3.89,1,6,4,0.025014,0.622182,Minotaur,minotaur(pow_w:0.50),7.91,88,49
28,0,0xdcf2130496e27a8094ab996aea4aa77788d65869,5.506087,1772634299,455df1891679219610e7556f468c5208fc6658dd7147b0bf925f0e9cafa398ec,152,76.00,4.16,2,6,4,0.025222,0.624103,Minotaur,minotaur(pow_w:0.50),4.51,89,49
28,1,0x07902d0371763a00d97ed9ba16ff0a206cb0fd19,2.531099,1772634301,246b35cba6506d98fc6ab4660dbc64b9b2184557aeb41a8c93cf3029fc20c593,0,0.00,0.00,0,0,0,0.025297,0.625099,Minotaur,minotaur(pow_w:0.50),0.00,90,49
28,2,0x6d6b2734a20229ddd7fd4a1470ba3e3bad4e4a85,1.642434,1772634303,7a4b76399cafe3fb1b0f3f57b25ffdc426ecade721a97484d43285a2f18b82ab,175,87.50,3.44,2,10,3,0.025201,0.624562,Minotaur,minotaur(pow_w:0.50),2.50,91,49
28,3,0x26d553a2f4343b3a7dc88bbd87b3d0a25d3838d9,6.222820,1772634305,3c553cdc6dee7e115f0cd501bcfe8c4f0a1751080fbdae3aa960197ce7e1fd32,122,61.00,3.66,2,5,4,0.025055,0.623033,Minotaur,minotaur(pow_w:0.50),1.80,92,49
28,4,0xa3786e459f289a76c0e8af8ad834e3d0c6d47199,7.729703,1772634307,55958c5ff9ad66f6330fce2572d077d2a0e72e587253b44629452e981dd68865,250,125.00,3.72,1,6,4,0.025165,0.624246,Minotaur,minotaur(pow_w:0.50),4.85,93,49
29,0,0x49b57eb4dace37c8819daf079c9c674f766d4f38,1.229170,1772634309,7b781f9c75f721f65da303ccd94624b52c4b0708abb74c6ae043bfd17461f274,190,95.00,4.19,1,6,4,0.025354,0.626004,Minotaur,minotaur(pow_w:0.50),2.07,94,49
29,1,0xc24b36dee27726233c3bbd9e1f028f98b6b2a424,6.419139,1772634311,5fc1fdcd866450e9ee023c3602d4563667fbba53db538ccd1ee77aefe4f39193,210,105.00,4.01,1,6,4,0.025185,0.624013,Minotaur,minotaur(pow_w:0.50),1.85,95,49
29,2,0x63f4973c0df8a5358405f396dc0673a463c48de9,5.904037,1772634313,2c96087908eddbd190b3da0b2b5f8ad8d48cf77bd27a8f431dd5f9225d197039,171,85.50,3.75,1,7,4,0.025296,0.625191,Minotaur,minotaur(pow_w:0.50),11.04,96,49
29,3,0xdcf2130496e27a8094ab996aea4aa77788d65869,6.505957,1772634315,945c4cb83a8e8391f75723cd38e4956eb6ea4340d10c6259b1db7e24243cfa87,159,79.50,4.28,1,6,4,0.025377,0.626115,Minotaur,minotaur(pow_w:0.50),1.60,97,49
29,4,0xe6ebb0cdfd04183d498964e5efc4096ba77b17d6,7.299223,1772634317,7adcde419524b5422a2ee70805abe9eb9a8e6d5a52ca26fa25afaf2f71a6e7ea,141,70.50,4.10,1,6,4,0.025377,0.626122,Minotaur,minotaur(pow_w:0.50),1.56,98,49
30,0,0xdcf2130496e27a8094ab996aea4aa77788d65869,7.507327,1772634319,0a07a23f7aa650550632ddca6b48b3605e6327dec1424577e2a2ba5506d4196c,140,70.00,4.35,1,7,4,0.025634,0.628622,Minotaur,minotaur(pow_w:0.50),1.57,99,49
30,1,0x606627477c3734932f47972f83c27cf4e3b35b4f,5.379367,1772634322,dc2a6bee43e4b579beaa55a6ff4a8d6d9d152b575dbed05ed9dd5760ffe6f4c5,163,54.33,4.15,1,6,4,0.025788,0.630072,Minotaur,minotaur(pow_w:0.50),2.45,100,49
30,2,0xc24b36dee27726233c3bbd9e1f028f98b6b2a424,7.420749,1772634323,dc2a6bee43e4b579beaa55a6ff4a8d6d9d152b575dbed05ed9dd5760ffe6f4c5,163,54.33,4.15,1,6,4,0.025788,0.630075,Minotaur,minotaur(pow_w:0.50),2.45,100,50
30,3,0xa447d277b02012c2afd9ddcbbe123f27cc971963,2.809745,1772634325,1ba530be60f4d59d0e577b4a9185185c3f2d289be91a6af21a71f9a56ff5709a,240,80.00,5.74,1,8,6,0.025933,0.631374,Minotaur,minotaur(pow_w:0.50),3.02,101,50
30,4,0x1796dc61e715f15a2d27dfa32bd34780f12a8c24,2.723191,1772634327,e3fa3731e5689ca65a76ebfb45fd6de6ec5cf63d6220f5b7313c7ebca2935cfe,166,83.00,4.07,1,7,4,0.025841,0.630986,Minotaur,minotaur(pow_w:0.50),2.43,102,50
31,0,0x1796dc61e715f15a2d27dfa32bd34780f12a8c24,2.723191,1772634329,e3fa3731e5689ca65a76ebfb45fd6de6ec5cf63d6220f5b7313c7ebca2935cfe,166,83.00,4.07,1,7,4,0.025841,0.630992,Minotaur,minotaur(pow_w:0.50),2.43,102,51
31,1,0x07902d0371763a00d97ed9ba16ff0a206cb0fd19,3.532739,1772634331,fb180d2d546b60c6c4af022bb6dad136ac47f00f2ede7f2a3f4a1ffff0a3d69b,0,0.00,0.00,0,0,0,0.025745,0.630436,Minotaur,minotaur(pow_w:0.50),0.00,103,51
31,2,0x282f43759e22b50aa7989261c51c367f325c3f91,1.352247,1772634333,fb180d2d546b60c6c4af022bb6dad136ac47f00f2ede7f2a3f4a1ffff0a3d69b,0,0.00,0.00,0,0,0,0.025745,0.630442,Minotaur,minotaur(pow_w:0.50),0.00,103,52
31,3,0x63f4973c0df8a5358405f396dc0673a463c48de9,6.905527,1772634335,92e81cecc45e5a64dcc11406ae7ec244c618b520ef37358027c15e3804e43b11,250,62.50,4.60,1,7,5,0.025745,0.630448,Minotaur,minotaur(pow_w:0.50),7.76,104,52
31,4,0xe478b1e4d1538274c0c70cbd7df877f9abab2f62,4.300906,1772634337,92e81cecc45e5a64dcc11406ae7ec244c618b520ef37358027c15e3804e43b11,250,62.50,4.60,1,7,5,0.025745,0.630454,Minotaur,minotaur(pow_w:0.50),7.76,104,53
32,0,0x719361397abe003a91af76243e5f9c7a0cd4279f,4.544966,1772634339,bbdd68d22ff1504228ef48eb8e97a459b41ed7f282f39ceb0b290a6efb13d849,250,62.50,4.36,1,8,4,0.025728,0.630940,Minotaur,minotaur(pow_w:0.50),8.68,105,53
32,1,0xd46407aa7b668c72de3cf1c1a12b7fa2e308a1b2,3.991179,1772634341,bbdd68d22ff1504228ef48eb8e97a459b41ed7f282f39ceb0b290a6efb13d849,250,62.50,4.36,1,8,4,0.025728,0.630949,Minotaur,minotaur(pow_w:0.50),8.68,105,54
32,2,0xbc3f8508d26048f2064aa8c068f4c94d08d77d18,8.075149,1772634344,596e5b24ab5a98b1be9e00130d11bb6d04b9f9f2904a2ae3f78acd97cb5e44a5,250,50.00,4.22,1,6,4,0.025695,0.631249,Minotaur,minotaur(pow_w:0.50),3.81,106,54
32,3,0xc24b36dee27726233c3bbd9e1f028f98b6b2a424,8.422919,1772634345,596e5b24ab5a98b1be9e00130d11bb6d04b9f9f2904a2ae3f78acd97cb5e44a5,250,50.00,4.22,1,6,4,0.025695,0.631252,Minotaur,minotaur(pow_w:0.50),3.81,106,55
32,4,0x63f4973c0df8a5358405f396dc0673a463c48de9,6.905387,1772634347,25b40a2cbb9be778999ed85d283994bd9878c37f1bc19bde564387889eaee31e,168,56.00,4.17,1,6,4,0.025876,0.632960,Minotaur,minotaur(pow_w:0.50),2.91,107,55
33,0,0xa447d277b02012c2afd9ddcbbe123f27cc971963,3.811265,1772634349,0d1e508ee225f223629c087013b8a0108dc4b3173a4b4d479f47058deece8d67,139,69.50,4.41,1,7,4,0.025980,0.633936,Minotaur,minotaur(pow_w:0.50),2.47,108,55
33,1,0x1cb1274c711a6c2e4e1596846e6ac604eeefb358,2.410131,1772634351,a8dadd35d3392685cb813463c14eeb0e2f1dee0771d19b3f597186ce2c17dd4a,153,76.50,4.09,1,6,4,0.025932,0.634084,Minotaur,minotaur(pow_w:0.50),2.24,109,55
33,2,0x63f4973c0df8a5358405f396dc0673a463c48de9,7.906717,1772634353,b34f3caf5eaf5756912dee0c4117400dc57044550404f889b12b975637dc7266,169,84.50,4.14,1,8,4,0.025818,0.633212,Minotaur,minotaur(pow_w:0.50),1.98,110,55
33,3,0xcdc82b7c868072205a399d0f68e6e3ad3bfd1ca6,0.205351,1772634355,ad2b417177c89a1a245d60449cc09b135e437ab8f7d5ccb996a5635c36500cb7,167,83.50,4.47,1,7,4,0.025963,0.634568,Minotaur,minotaur(pow_w:0.50),2.02,111,55
33,4,0xa3786e459f289a76c0e8af8ad834e3d0c6d47199,8.731133,1772634357,416d087c2ea55927703c3a545d31264df4b77d3855541973390f875367c13f1d,170,85.00,4.79,2,7,5,0.025746,0.631241,Minotaur,minotaur(pow_w:0.50),2.00,112,55
34,0,0x269cdf52f97e1d9f14b7be895155a7b294f0b21d,3.728633,1772634359,048a28dddff4e73b2d8ec6895e4d26ed3fd2aa6ae8f287f217f72618ce168d44,158,79.00,4.59,1,7,5,0.025924,0.632880,Minotaur,minotaur(pow_w:0.50),1.89,113,55
34,1,0x6d6b2734a20229ddd7fd4a1470ba3e3bad4e4a85,2.643314,1772634361,b81698efa74deb251cb06c11b7e2be1181401ddfcc6ca9096dd071fd5f732940,191,95.50,4.35,1,6,4,0.025869,0.632913,Minotaur,minotaur(pow_w:0.50),1.69,114,55
34,2,0x26d553a2f4343b3a7dc88bbd87b3d0a25d3838d9,7.225040,1772634363,d284f5158e1042b62bd1ccfb2f32f30449dceb558913fd3c62658df203130578,172,57.33,3.77,1,6,4,0.025766,0.632161,Minotaur,minotaur(pow_w:0.50),2.45,115,55
34,3,0x07902d0371763a00d97ed9ba16ff0a206cb0fd19,3.532669,1772634366,d284f5158e1042b62bd1ccfb2f32f30449dceb558913fd3c62658df203130578,172,57.33,3.77,1,6,4,0.025766,0.632167,Minotaur,minotaur(pow_w:0.50),2.45,115,56
34,4,0x26d553a2f4343b3a7dc88bbd87b3d0a25d3838d9,7.225040,1772634367,11ab0e107f43152eb7909ec39d86ebc0576e9650a447a7c61e835ca7bd7fd620,250,62.50,2.82,1,5,3,0.025703,0.632006,Minotaur,minotaur(pow_w:0.50),3.77,116,56
35,0,0x4ba33404d90c4ae989714d9d174cd882cffb7994,3.120302,1772634369,11ab0e107f43152eb7909ec39d86ebc0576e9650a447a7c61e835ca7bd7fd620,250,62.50,2.82,1,5,3,0.025704,0.632011,Minotaur,minotaur(pow_w:0.50),3.77,116,57
35,1,0x1cb1274c711a6c2e4e1596846e6ac604eeefb358,3.411631,1772634371,1d949e47130aa1687ebf171c756dba93fcf775c29f272b032f1bd0fbcbdd1b52,215,71.67,4.66,1,7,5,0.025623,0.631546,Minotaur,minotaur(pow_w:0.50),3.04,117,57
35,2,0x016d3fc36beee7caa8fbd6c1caa42461dd7f9850,1.879279,1772634373,807248ae8fa972d505458e00a4d7e6f654d723ce2a7c3531b4cde08aa692af50,200,100.00,3.48,1,5,4,0.025555,0.631177,Minotaur,minotaur(pow_w:0.50),2.06,118,57
35,3,0x30509a8084fdfe6fe24d9c9a817c209ad194f8e3,6.661769,1772634375,6dfef30f345c203aa1948fdd525857de3762e578310cbc1c8bfc30457e5a48c0,165,82.50,3.39,1,5,3,0.025421,0.629807,Minotaur,minotaur(pow_w:0.50),1.69,119,57
35,4,0x63f4973c0df8a5358405f396dc0673a463c48de9,8.908297,1772634377,e944cd40dc7c5cbaa82126ad471bee2654fa2aa1c61125a2b7e65a5b76bdb42f,175,87.50,3.55,1,6,4,0.025493,0.630606,Minotaur,minotaur(pow_w:0.50),1.50,120,57
36,0,0x606627477c3734932f47972f83c27cf4e3b35b4f,5.379087,1772634379,e944cd40dc7c5cbaa82126ad471bee2654fa2aa1c61125a2b7e65a5b76bdb42f,175,87.50,3.55,1,6,4,0.025494,0.630610,Minotaur,minotaur(pow_w:0.50),1.50,120,58
36,1,0x2abf89d7c96c80fcff9dec1fe92803573094ee35,1.227155,1772634381,e944cd40dc7c5cbaa82126ad471bee2654fa2aa1c61125a2b7e65a5b76bdb42f,175,87.50,3.55,1,6,4,0.025494,0.630616,Minotaur,minotaur(pow_w:0.50),1.50,120,59
36,2,0xaadc5fea232580cb8fba739ac5d05a48559c7e52,3.357853,1772634383,84ee9cc077e79e78fb65837f5669d28c6d015510dc4b3374cd5d8382174b2264,250,35.71,3.98,1,7,4,0.025333,0.628706,Minotaur,minotaur(pow_w:0.50),5.80,121,59
36,3,0x6064b9f5883bf9737dfe314ff68c56e09e68ac89,2.188349,1772634385,84ee9cc077e79e78fb65837f5669d28c6d015510dc4b3374cd5d8382174b2264,250,35.71,3.98,1,7,4,0.025333,0.628714,Minotaur,minotaur(pow_w:0.50),5.80,121,60
36,4,0x28672c71695142588ed26ada6f4b18b8b6c12308,3.696718,1772634388,456ad5519420dda00ad452646ef3e761919a0052070786f5d132b57458d6c913,250,62.50,3.97,1,8,4,0.025214,0.627542,Minotaur,minotaur(pow_w:0.50),12.72,122,60
37,0,0x63f4973c0df8a5358405f396dc0673a463c48de9,8.908187,1772634390,92a5d4f4b18239a249946243022289e079bec2f6c19f26c6f0325c87920872f9,155,77.50,3.62,2,5,4,0.025160,0.627315,Minotaur,minotaur(pow_w:0.50),3.05,123,60
37,1,0x6d6b2734a20229ddd7fd4a1470ba3e3bad4e4a85,3.644634,1772634392,3d5dc1dd5908a9dcf1f64c45e6f39b28db29b2522673bb422f3f367d5ae77745,213,106.50,3.55,1,5,4,0.025321,0.628849,Minotaur,minotaur(pow_w:0.50),2.30,124,60
37,2,0x8c11ec9090dd820c076e57e899d9c604c79d6b32,1.564599,1772634394,3d5dc1dd5908a9dcf1f64c45e6f39b28db29b2522673bb422f3f367d5ae77745,213,106.50,3.55,1,5,4,0.025321,0.628855,Minotaur,minotaur(pow_w:0.50),2.30,124,61
37,3,0x2abf89d7c96c80fcff9dec1fe92803573094ee35,2.229565,1772634396,3d5dc1dd5908a9dcf1f64c45e6f39b28db29b2522673bb422f3f367d5ae77745,213,106.50,3.55,1,5,4,0.025322,0.628860,Minotaur,minotaur(pow_w:0.50),2.30,124,62
37,4,0x9c39f7fffaa5c5cfab20dfdd05663497918580c1,0.424798,1772634398,4ac5d5ae50a4d3d47f2735f359b2a923bbff03e4146824e6c5a72c95c5586329,250,41.67,3.80,1,6,4,0.025205,0.627653,Minotaur,minotaur(pow_w:0.50),5.20,125,62
38,0,0xa7e4d4d949807065ebf85adc1be8c382c7236c15,0.214906,1772634400,02aeb6460682c88937093632028cc1f81431a584d79c8b4da99c90ebf1c27392,207,103.50,3.83,1,6,4,0.025016,0.624860,Minotaur,minotaur(pow_w:0.50),36.58,126,62
38,1,0x377eaef292051bbf8ada05b2af76a3f3b9d722a7,0.054437,1772634402,2aa9bdede4c188ffebc9764f2da91994c5c0b197e620248dca4ebc5d0f6d0201,163,81.50,4.02,1,6,4,0.024820,0.621659,Minotaur,minotaur(pow_w:0.50),1.64,127,62
38,2,0x606627477c3734932f47972f83c27cf4e3b35b4f,5.379037,1772634404,2aa9bdede4c188ffebc9764f2da91994c5c0b197e620248dca4ebc5d0f6d0201,163,81.50,4.02,1,6,4,0.024821,0.621664,Minotaur,minotaur(pow_w:0.50),1.64,127,63
38,3,0x1cb1274c711a6c2e4e1596846e6ac604eeefb358,4.413291,1772634406,2aa9bdede4c188ffebc9764f2da91994c5c0b197e620248dca4ebc5d0f6d0201,163,81.50,4.02,1,6,4,0.024821,0.621672,Minotaur,minotaur(pow_w:0.50),1.64,127,64
38,4,0x687bf2437a044a3e42ff2f8a79a8e54ba9601f70,1.064739,1772634409,5f5fe3ea3da465a018fefeddc35defdfb99856e310cea688a9785983eb98cd07,250,35.71,4.17,1,7,4,0.024796,0.621950,Minotaur,minotaur(pow_w:0.50),5.80,128,64
39,0,0xc24b36dee27726233c3bbd9e1f028f98b6b2a424,9.423929,1772634410,a85c0f710e8d6ed75c4031aa5ab5d6e5f0d3438ebeb4ce0f07fb8625eb76b56d,120,60.00,3.93,1,6,4,0.024638,0.619891,Minotaur,minotaur(pow_w:0.50),3.42,129,64
39,1,0xac768e60b9269babb15cb1e36ee843243d7c7543,8.725638,1772634412,324a2e12f2aa4c1448376753b44ffa1c395e9076782d91cf90573e50ec32c4d3,97,97.00,3.92,1,7,4,0.024809,0.621465,Minotaur,minotaur(pow_w:0.50),3.48,130,64
39,2,0xdcf2130496e27a8094ab996aea4aa77788d65869,8.508627,1772634414,324a2e12f2aa4c1448376753b44ffa1c395e9076782d91cf90573e50ec32c4d3,97,97.00,3.92,1,7,4,0.024810,0.621470,Minotaur,minotaur(pow_w:0.50),3.48,130,65
39,3,0xd39dbd3662315e3935ec08e6b6028e73b3c09de2,1.921720,1772634416,324a2e12f2aa4c1448376753b44ffa1c395e9076782d91cf90573e50ec32c4d3,97,97.00,3.92,1,7,4,0.024810,0.621475,Minotaur,minotaur(pow_w:0.50),3.48,130,66
39,4,0x269cdf52f97e1d9f14b7be895155a7b294f0b21d,4.729853,1772634418,bf36b7932f450f9c5340bc1e069ba5c48e66c499f8735d8e8a4b70291c825b79,250,41.67,5.10,1,8,5,0.024686,0.619998,Minotaur,minotaur(pow_w:0.50),5.59,131,66
40,0,0x606627477c3734932f47972f83c27cf4e3b35b4f,5.378967,1772634420,c97e290a9626239dd9d7d0cd7ff29f70f8f43ce90dc50595398101c48bdf0a8a,138,69.00,4.89,1,9,5,0.024671,0.620432,Minotaur,minotaur(pow_w:0.50),2.72,132,66
40,1,0x4ba33404d90c4ae989714d9d174cd882cffb7994,4.121872,1772634422,6749837e316824703c634e51f816cc18a91d9a86236f875e499aaffce07aee34,161,80.50,4.52,1,7,5,0.024681,0.621057,Minotaur,minotaur(pow_w:0.50),1.91,133,66
40,2,0xe478b1e4d1538274c0c70cbd7df877f9abab2f62,5.302526,1772634424,f0d98fad7260638d004b05b3262f175dc21386e344bebe4d86455c6f59187754,155,77.50,4.70,1,8,5,0.024681,0.621062,Minotaur,minotaur(pow_w:0.50),1.59,134,66
40,3,0xc24b36dee27726233c3bbd9e1f028f98b6b2a424,10.424679,1772634426,f895a4c38fa3ad6c0d7c0dd5a6ebecd1d009215e6ef24977dd287bdbfabb0a01,184,61.33,4.32,1,6,4,0.024687,0.621584,Minotaur,minotaur(pow_w:0.50),2.55,135,66
40,4,0x58a21eeb7ab18ba8adf1296e66a4487076e95dac,5.092864,1772634429,f895a4c38fa3ad6c0d7c0dd5a6ebecd1d009215e6ef24977dd287bdbfabb0a01,184,61.33,4.32,1,6,4,0.024687,0.621589,Minotaur,minotaur(pow_w:0.50),2.55,135,67
41,0,0xac61c91e7d24df824351a6c4e562a75f0cf646f8,2.252748,1772634430,f895a4c38fa3ad6c0d7c0dd5a6ebecd1d009215e6ef24977dd287bdbfabb0a01,184,61.33,4.32,1,6,4,0.024687,0.621591,Minotaur,minotaur(pow_w:0.50),2.55,135,68
41,1,0xac61c91e7d24df824351a6c4e562a75f0cf646f8,3.255228,1772634432,b3f1e1f1a18275db50d9080883c3dbc6cda706d69612d3e04c69d650de81afed,250,50.00,4.95,1,8,6,0.024577,0.620342,Minotaur,minotaur(pow_w:0.50),16.64,136,68
41,2,0x13f9dadc05f6c237b03411e2aed1800cf21a5d89,0.274412,1772634434,705b5f7211e7258ee4872f2d47b8011ee4f9d09426ed5c4485f15f4b9fb59061,183,91.50,4.68,1,8,5,0.024505,0.619840,Minotaur,minotaur(pow_w:0.50),3.34,137,68
41,3,0x719361397abe003a91af76243e5f9c7a0cd4279f,4.544296,1772634436,85eb08d8957547aa6cd145c51c9bd33d09cac1867f3121e257c678aa9a34dc2b,195,97.50,3.10,1,5,3,0.024324,0.616803,Minotaur,minotaur(pow_w:0.50),1.86,138,68
41,4,0xac768e60b9269babb15cb1e36ee843243d7c7543,8.725498,1772634438,85eb08d8957547aa6cd145c51c9bd33d09cac1867f3121e257c678aa9a34dc2b,195,97.50,3.10,1,5,3,0.024324,0.616807,Minotaur,minotaur(pow_w:0.50),1.86,138,69
42,0,0x606627477c3734932f47972f83c27cf4e3b35b4f,6.380477,1772634440,85eb08d8957547aa6cd145c51c9bd33d09cac1867f3121e257c678aa9a34dc2b,195,97.50,3.10,1,5,3,0.024324,0.616811,Minotaur,minotaur(pow_w:0.50),1.86,138,70
42,1,0xe6ebb0cdfd04183d498964e5efc4096ba77b17d6,8.300073,1772634442,85eb08d8957547aa6cd145c51c9bd33d09cac1867f3121e257c678aa9a34dc2b,195,97.50,3.10,1,5,3,0.024324,0.616815,Minotaur,minotaur(pow_w:0.50),1.86,138,71
42,2,0x719361397abe003a91af76243e5f9c7a0cd4279f,4.544296,1772634444,85eb08d8957547aa6cd145c51c9bd33d09cac1867f3121e257c678aa9a34dc2b,195,97.50,3.10,1,5,3,0.024324,0.616819,Minotaur,minotaur(pow_w:0.50),1.86,138,72
42,3,0xbc3f8508d26048f2064aa8c068f4c94d08d77d18,8.074309,1772634446,85eb08d8957547aa6cd145c51c9bd33d09cac1867f3121e257c678aa9a34dc2b,195,97.50,3.10,1,5,3,0.024325,0.616826,Minotaur,minotaur(pow_w:0.50),1.86,138,73
42,4,0xb2a7fe70a6f3137d38f6cb4c3ec6dd1e24f2d5f4,4.425158,1772634449,0380ff2fdc4c6e5cea889acf035df702a7018c04fbf44f4ecefb033cba5b693a,250,19.23,4.58,1,6,5,0.024431,0.618061,Minotaur,minotaur(pow_w:0.50),12.02,139,73
43,0,0x1cb1274c711a6c2e4e1596846e6ac604eeefb358,5.415391,1772634451,6d785afac207d6ce3c3b2b2e1d699cf37613b1b2376c4c464a688849bc988056,214,107.00,4.83,2,8,5,0.024402,0.618192,Minotaur,minotaur(pow_w:0.50),6.54,140,73
43,1,0x58a21eeb7ab18ba8adf1296e66a4487076e95dac,5.092694,1772634453,3658ae1a0a029be25ab5a021dc833c9bbd5c82747508a20ae31f4b3456e3e500,140,70.00,3.80,1,7,4,0.024409,0.618656,Minotaur,minotaur(pow_w:0.50),2.42,141,73
43,2,0x6d6b2734a20229ddd7fd4a1470ba3e3bad4e4a85,3.644434,1772634455,d6aa69ac0ad9176f3301eaa06cfb1db8c4525e62baa4a4d1fa0b025b2f5aa248,180,90.00,4.10,1,6,4,0.024403,0.618965,Minotaur,minotaur(pow_w:0.50),2.15,142,73
43,3,0xcdfb7a191f0bf929991735127c8d1b4e5b99de22,0.044898,1772634457,b59471ca19448e7d33c6752cc65149444e114956e9cfe56cde74bb28b320692e,171,85.50,3.84,1,6,4,0.024344,0.618586,Minotaur,minotaur(pow_w:0.50),1.81,143,73
43,4,0xcdfb7a191f0bf929991735127c8d1b4e5b99de22,0.044878,1772634459,b59471ca19448e7d33c6752cc65149444e114956e9cfe56cde74bb28b320692e,171,85.50,3.84,1,6,4,0.024345,0.618590,Minotaur,minotaur(pow_w:0.50),1.81,143,74
44,0,0xb2a7fe70a6f3137d38f6cb4c3ec6dd1e24f2d5f4,5.427218,1772634461,b59471ca19448e7d33c6752cc65149444e114956e9cfe56cde74bb28b320692e,171,85.50,3.84,1,6,4,0.024345,0.618595,Minotaur,minotaur(pow_w:0.50),1.81,143,75
44,1,0x4414c05be2cf328f38d2e3ef4b705d6b894f044a,3.089219,1772634463,7e9b984e51053a1b5c789c58e9000f6837102c134f865dc2d78b95c5fcc6c36e,250,41.67,5.07,1,7,5,0.024345,0.618599,Minotaur,minotaur(pow_w:0.50),4.89,144,75
44,2,0x34412315480562da4810040fd15c81f99880e1ab,2.899103,1772634465,e105bcd41643c60ba2c1a6677f6c53a5ec55e76023a13f8202204989898986f6,123,41.00,4.05,1,6,4,0.024272,0.618232,Minotaur,minotaur(pow_w:0.50),3.45,145,75
44,3,0xdcf2130496e27a8094ab996aea4aa77788d65869,8.508377,1772634468,ea8a27c60d62d0dd301709d686dc15f9b582daf63ed5a535f1e6b0e7de294c89,163,81.50,4.96,1,6,5,0.024188,0.617385,Minotaur,minotaur(pow_w:0.50),2.53,146,75
44,4,0xac768e60b9269babb15cb1e36ee843243d7c7543,8.725408,1772634469,2c31656c66bd0110f74f1380b48af1415cfccc62b858695e290ec96f4a3a3f51,153,76.50,4.02,1,6,4,0.024297,0.618616,Minotaur,minotaur(pow_w:0.50),2.49,147,75
45,0,0xac768e60b9269babb15cb1e36ee843243d7c7543,8.725408,1772634471,2c31656c66bd0110f74f1380b48af1415cfccc62b858695e290ec96f4a3a3f51,153,76.50,4.02,1,6,4,0.024297,0.618620,Minotaur,minotaur(pow_w:0.50),2.49,147,76
45,1,0xac768e60b9269babb15cb1e36ee843243d7c7543,8.725408,1772634473,2c31656c66bd0110f74f1380b48af1415cfccc62b858695e290ec96f4a3a3f51,153,76.50,4.02,1,6,4,0.024297,0.618624,Minotaur,minotaur(pow_w:0.50),2.49,147,77
45,2,0x6064b9f5883bf9737dfe314ff68c56e09e68ac89,3.189969,1772634475,2c31656c66bd0110f74f1380b48af1415cfccc62b858695e290ec96f4a3a3f51,153,76.50,4.02,1,6,4,0.024297,0.618628,Minotaur,minotaur(pow_w:0.50),2.49,147,78
45,3,0x3513d672439a59c26cc5711f2b715ccb4810a774,2.292445,1772634477,00723f7f462a5daddbac41dcbd1e54338c8b04432b7a90c1806ee3bd0638c2fc,250,35.71,4.02,1,7,4,0.024223,0.617865,Minotaur,minotaur(pow_w:0.50),14.10,148,78
45,4,0x3513d672439a59c26cc5711f2b715ccb4810a774,2.292445,1772634479,00723f7f462a5daddbac41dcbd1e54338c8b04432b7a90c1806ee3bd0638c2fc,250,35.71,4.02,1,7,4,0.024223,0.617869,Minotaur,minotaur(pow_w:0.50),14.10,148,79
46,0,0xb2a7fe70a6f3137d38f6cb4c3ec6dd1e24f2d5f4,6.429558,1772634481,00723f7f462a5daddbac41dcbd1e54338c8b04432b7a90c1806ee3bd0638c2fc,250,35.71,4.02,1,7,4,0.024223,0.617874,Minotaur,minotaur(pow_w:0.50),14.10,148,80
46,1,0x63f4973c0df8a5358405f396dc0673a463c48de9,9.909967,1772634483,ed72cd8a3f82e5b7942ce46916f199f51790a96654ba197fd1ad5a230a2f6782,250,35.71,4.36,1,7,4,0.024223,0.617879,Minotaur,minotaur(pow_w:0.50),8.86,149,80
46,2,0xc24b36dee27726233c3bbd9e1f028f98b6b2a424,10.423999,1772634485,489ad4694d0d9d2522e2dee4bc39e6481e7b67fac4790b9e27c1171ead37f0a0,130,65.00,4.42,1,7,5,0.024408,0.620005,Minotaur,minotaur(pow_w:0.50),3.00,150,80
46,3,0x687bf2437a044a3e42ff2f8a79a8e54ba9601f70,2.065689,1772634488,2c89f8d39d57647a31ce4f0d3c2a9439cc2b9ab5d5aa908aac9538fa1d614359,154,77.00,4.97,1,7,5,0.024572,0.621478,Minotaur,minotaur(pow_w:0.50),3.57,151,80
46,4,0xc24b36dee27726233c3bbd9e1f028f98b6b2a424,11.425519,1772634489,2c89f8d39d57647a31ce4f0d3c2a9439cc2b9ab5d5aa908aac9538fa1d614359,154,77.00,4.97,1,7,5,0.024572,0.621480,Minotaur,minotaur(pow_w:0.50),3.57,151,81
47,0,0x26d553a2f4343b3a7dc88bbd87b3d0a25d3838d9,7.224130,1772634491,b3475ca73121050349bdcd4c226c0fc2675810c5e6d5f51bf21b19d8cc5f539b,250,83.33,5.34,1,7,5,0.024765,0.622981,Minotaur,minotaur(pow_w:0.50),3.04,152,81
47,1,0x016d3fc36beee7caa8fbd6c1caa42461dd7f9850,2.879819,1772634493,b3475ca73121050349bdcd4c226c0fc2675810c5e6d5f51bf21b19d8cc5f539b,250,83.33,5.34,1,7,5,0.024765,0.622986,Minotaur,minotaur(pow_w:0.50),3.04,152,82
47,2,0xa447d277b02012c2afd9ddcbbe123f27cc971963,4.812055,1772634495,b2069bdf7870616ea2bc903c547baa19818680c7b99b4707ea0d051edcb65289,250,62.50,3.70,1,6,4,0.024676,0.621996,Minotaur,minotaur(pow_w:0.50),3.02,153,82
47,3,0x81193196c1dbdbf80709d43a5af5ce21c201fbd7,0.836509,1772634497,b2069bdf7870616ea2bc903c547baa19818680c7b99b4707ea0d051edcb65289,250,62.50,3.70,1,6,4,0.024676,0.622000,Minotaur,minotaur(pow_w:0.50),3.02,153,83
47,4,0x30509a8084fdfe6fe24d9c9a817c209ad194f8e3,7.662209,1772634499,b2069bdf7870616ea2bc903c547baa19818680c7b99b4707ea0d051edcb65289,250,62.50,3.70,1,6,4,0.024677,0.622003,Minotaur,minotaur(pow_w:0.50),3.02,153,84
48,0,0x34412315480562da4810040fd15c81f99880e1ab,3.900503,1772634501,292ff15ec4ca60d66d1aace0fbdf90eb27fd34b8d77e8367a55e9e0f42e87d5c,250,41.67,3.52,2,5,4,0.024743,0.622930,Minotaur,minotaur(pow_w:0.50),5.63,154,84
48,1,0x26d553a2f4343b3a7dc88bbd87b3d0a25d3838d9,7.224070,1772634503,292ff15ec4ca60d66d1aace0fbdf90eb27fd34b8d77e8367a55e9e0f42e87d5c,250,41.67,3.52,2,5,4,0.024743,0.622937,Minotaur,minotaur(pow_w:0.50),5.63,154,85
48,2,0xa3786e459f289a76c0e8af8ad834e3d0c6d47199,9.732103,1772634505,be7309a5dc38d0c43b517178818f31e86a265ebe9a871d0ed593082e87acb2f3,171,34.20,3.89,1,7,4,0.024793,0.623668,Minotaur,minotaur(pow_w:0.50),2.57,155,85
48,3,0x07902d0371763a00d97ed9ba16ff0a206cb0fd19,4.534499,1772634507,be7309a5dc38d0c43b517178818f31e86a265ebe9a871d0ed593082e87acb2f3,171,34.20,3.89,1,7,4,0.024793,0.623670,Minotaur,minotaur(pow_w:0.50),2.57,155,86
48,4,0xaadc5fea232580cb8fba739ac5d05a48559c7e52,3.356973,1772634509,0cf2df5edc73c721ab41a2c54a5a0b149522b2e4ed51adfbf639b8734ed25e5c,250,83.33,2.81,1,4,3,0.024756,0.623699,Minotaur,minotaur(pow_w:0.50),5.70,156,86
49,0,0x1796dc61e715f15a2d27dfa32bd34780f12a8c24,3.722111,1772634511,e2d2d14f9464efb694234fc1d1a3920e1940e3454661ba9589f9fac2cf6bf46c,169,84.50,4.05,1,6,5,0.024681,0.622928,Minotaur,minotaur(pow_w:0.50),18.36,157,86
49,1,0xac768e60b9269babb15cb1e36ee843243d7c7543,8.725188,1772634513,4eeebabe931dd3f1d317badddafaad55c09b84a3613cd3e776688d6ce7134e36,235,117.50,3.62,1,6,4,0.024619,0.622363,Minotaur,minotaur(pow_w:0.50),2.17,158,86
49,2,0x34d94cc0534eb50dec7956bea31407428d6d5ef8,0.083087,1772634515,edc2da3a0e7fae91d344bb69ea24640cce55618c9bb0ef362fff286c3c6146a5,189,94.50,3.99,1,6,4,0.024712,0.623491,Minotaur,minotaur(pow_w:0.50),1.84,159,86
49,3,0x81193196c1dbdbf80709d43a5af5ce21c201fbd7,0.836359,1772634517,33b6cf57bf8bd8a949ad81b9f5a35858f30d9d876ea7316cc41131727d7cf68b,195,97.50,2.79,1,5,3,0.024536,0.620298,Minotaur,minotaur(pow_w:0.50),65.34,160,86
49,4,0x81193196c1dbdbf80709d43a5af5ce21c201fbd7,0.836359,1772634519,33b6cf57bf8bd8a949ad81b9f5a35858f30d9d876ea7316cc41131727d7cf68b,195,97.50,2.79,1,5,3,0.024536,0.620302,Minotaur,minotaur(pow_w:0.50),65.34,160,87
50,0,0xaadc5fea232580cb8fba739ac5d05a48559c7e52,4.358663,1772634521,33b6cf57bf8bd8a949ad81b9f5a35858f30d9d876ea7316cc41131727d7cf68b,195,97.50,2.79,1,5,3,0.024536,0.620306,Minotaur,minotaur(pow_w:0.50),65.34,160,88
50,1,0x719361397abe003a91af76243e5f9c7a0cd4279f,4.543886,1772634523,33b6cf57bf8bd8a949ad81b9f5a35858f30d9d876ea7316cc41131727d7cf68b,195,97.50,2.79,1,5,3,0.024537,0.620312,Minotaur,minotaur(pow_w:0.50),65.34,160,89
50,2,0xe6ebb0cdfd04183d498964e5efc4096ba77b17d6,8.299753,1772634526,33b6cf57bf8bd8a949ad81b9f5a35858f30d9d876ea7316cc41131727d7cf68b,195,97.50,2.79,1,5,3,0.024537,0.620317,Minotaur,minotaur(pow_w:0.50),65.34,160,90
50,3,0x26d553a2f4343b3a7dc88bbd87b3d0a25d3838d9,8.225520,1772634527,33b6cf57bf8bd8a949ad81b9f5a35858f30d9d876ea7316cc41131727d7cf68b,195,97.50,2.79,1,5,3,0.024537,0.620319,Minotaur,minotaur(pow_w:0.50),65.34,160,91
50,4,0xc24b36dee27726233c3bbd9e1f028f98b6b2a424,12.427619,1772634529,33b6cf57bf8bd8a949ad81b9f5a35858f30d9d876ea7316cc41131727d7cf68b,195,97.50,2.79,1,5,3,0.024537,0.620323,Minotaur,minotaur(pow_w:0.50),65.34,160,92
51,0,0x4414c05be2cf328f38d2e3ef4b705d6b894f044a,4.090099,1772634531,142684f6953ab223bc032a009aa2470803580be0a3bd213ca4b179f3d45805b8,250,17.86,3.95,1,6,4,0.024741,0.621776,Minotaur,minotaur(pow_w:0.50),13.44,161,92
51,1,0xc24b36dee27726233c3bbd9e1f028f98b6b2a424,13.430069,1772634533,142684f6953ab223bc032a009aa2470803580be0a3bd213ca4b179f3d45805b8,250,17.86,3.95,1,6,4,0.024742,0.621779,Minotaur,minotaur(pow_w:0.50),13.44,161,93
51,2,0xd39dbd3662315e3935ec08e6b6028e73b3c09de2,2.923210,1772634535,d707c673eb6c6379d6288798bf63f6e82f29da612e22705204f295aeae212f75,250,62.50,3.96,1,7,4,0.024972,0.623221,Minotaur,minotaur(pow_w:0.50),9.65,162,93
51,3,0xeaa5003682d7289190651081ae2bee847097afc5,0.760195,1772634537,d707c673eb6c6379d6288798bf63f6e82f29da612e22705204f295aeae212f75,250,62.50,3.96,1,7,4,0.024973,0.623225,Minotaur,minotaur(pow_w:0.50),9.65,162,94
51,4,0x6d6b2734a20229ddd7fd4a1470ba3e3bad4e4a85,4.645864,1772634539,d707c673eb6c6379d6288798bf63f6e82f29da612e22705204f295aeae212f75,250,62.50,3.96,1,7,4,0.024973,0.623229,Minotaur,minotaur(pow_w:0.50),9.65,162,95
52,0,0xb2a7fe70a6f3137d38f6cb4c3ec6dd1e24f2d5f4,7.431458,1772634541,d707c673eb6c6379d6288798bf63f6e82f29da612e22705204f295aeae212f75,250,62.50,3.96,1,7,4,0.024973,0.623233,Minotaur,minotaur(pow_w:0.50),9.65,162,96
52,1,0xc24b36dee27726233c3bbd9e1f028f98b6b2a424,14.432499,1772634544,e4186ac4610f7baa2f587ba5fbd31035fb1dcfa13891613bab37c7785061a554,151,75.50,4.81,1,7,5,0.024973,0.623239,Minotaur,minotaur(pow_w:0.50),2.71,162,97
52,2,0xa3786e459f289a76c0e8af8ad834e3d0c6d47199,9.731973,1772634545,6cddda0cb7e574db3fb4b8edf795ba5b490e5ad0ad12fe9baa85e9590bdffca1,250,50.00,5.24,1,8,5,0.024973,0.623242,Minotaur,minotaur(pow_w:0.50),4.48,162,98
52,3,0x016d3fc36beee7caa8fbd6c1caa42461dd7f9850,3.881899,1772634547,ba063aa8a35b2966bb1179fbf75f847548ec2cbb70c608356687b3bb4f0181be,91,45.50,3.84,1,6,4,0.024974,0.623247,Minotaur,minotaur(pow_w:0.50),2.33,162,99
52,4,0x30509a8084fdfe6fe24d9c9a817c209ad194f8e3,8.664259,1772634549,edc4481adc1e440f57a8957345bbcf8ab832a03a56b2d3d7c5a2acb652a0517d,61,61.00,4.30,1,6,4,0.024974,0.623251,Minotaur,minotaur(pow_w:0.50),1.95,162,100
53,0,0xc24b36dee27726233c3bbd9e1f028f98b6b2a424,14.432459,1772634551,ce4a0c65c2bca8724b6552d8d1710576066a9a6d61f834a842cd9c384d5854d9,250,125.00,3.18,2,6,3,0.024974,0.623255,Minotaur,minotaur(pow_w:0.50),2.96,162,101
53,1,0xa447d277b02012c2afd9ddcbbe123f27cc971963,4.811775,1772634553,ec3f7ebb7223f2eb55bb3dfdf2bd3fc6bf866de4c6fc5de71104cc129757836a,191,95.50,3.38,2,5,3,0.024974,0.623260,Minotaur,minotaur(pow_w:0.50),1.88,162,102
53,2,0x63f4973c0df8a5358405f396dc0673a463c48de9,10.910587,1772634555,ec3f7ebb7223f2eb55bb3dfdf2bd3fc6bf866de4c6fc5de71104cc129757836a,191,95.50,3.38,2,5,3,0.024974,0.623264,Minotaur,minotaur(pow_w:0.50),1.88,162,103
53,3,0xa3786e459f289a76c0e8af8ad834e3d0c6d47199,9.731823,1772634557,73ee5864a6f0dfe69da4cb8a572778ff311c401c1afd0fa816290eb592b54d10,250,41.67,4.18,1,8,4,0.024975,0.623268,Minotaur,minotaur(pow_w:0.50),5.27,163,103
53,4,0x9c39f7fffaa5c5cfab20dfdd05663497918580c1,1.425298,1772634559,04c587cd63f2d17d058a926ab34fdd8c6b2be4875a21451fe99c8ab288041122,128,64.00,4.49,1,6,5,0.025237,0.625879,Minotaur,minotaur(pow_w:0.50),2.90,164,103
54,0,0x07902d0371763a00d97ed9ba16ff0a206cb0fd19,5.536809,1772634561,d4f3b7119b6bfd69f3f42d563b2abe30148587f7e5a79bbb92381e828679399a,131,65.50,5.23,1,9,5,0.025100,0.624248,Minotaur,minotaur(pow_w:0.50),1.66,165,103
54,1,0xc24b36dee27726233c3bbd9e1f028f98b6b2a424,14.432319,1772634563,d4f3b7119b6bfd69f3f42d563b2abe30148587f7e5a79bbb92381e828679399a,131,65.50,5.23,1,9,5,0.025100,0.624250,Minotaur,minotaur(pow_w:0.50),1.66,165,104
54,2,0xa3786e459f289a76c0e8af8ad834e3d0c6d47199,10.733053,1772634565,d4f3b7119b6bfd69f3f42d563b2abe30148587f7e5a79bbb92381e828679399a,131,65.50,5.23,1,9,5,0.025100,0.624254,Minotaur,minotaur(pow_w:0.50),1.66,165,105
54,3,0xbc3f8508d26048f2064aa8c068f4c94d08d77d18,9.076129,1772634567,d4f3b7119b6bfd69f3f42d563b2abe30148587f7e5a79bbb92381e828679399a,131,65.50,5.23,1,9,5,0.025101,0.624258,Minotaur,minotaur(pow_w:0.50),1.66,165,106
54,4,0xd46407aa7b668c72de3cf1c1a12b7fa2e308a1b2,4.991229,1772634569,d4f3b7119b6bfd69f3f42d563b2abe30148587f7e5a79bbb92381e828679399a,131,65.50,5.23,1,9,5,0.025101,0.624263,Minotaur,minotaur(pow_w:0.50),1.66,165,107
55,0,0x719361397abe003a91af76243e5f9c7a0cd4279f,4.543586,1772634571,c6ef77fa097473fae7573265aaa3590024000e4d82277e68bd448be338518f2e,250,25.00,4.47,1,8,4,0.025070,0.624344,Minotaur,minotaur(pow_w:0.50),8.77,166,107
55,1,0xa3786e459f289a76c0e8af8ad834e3d0c6d47199,10.733053,1772634573,c6ef77fa097473fae7573265aaa3590024000e4d82277e68bd448be338518f2e,250,25.00,4.47,1,8,4,0.025070,0.624348,Minotaur,minotaur(pow_w:0.50),8.77,166,108
55,2,0xe6ebb0cdfd04183d498964e5efc4096ba77b17d6,8.299503,1772634575,c6ef77fa097473fae7573265aaa3590024000e4d82277e68bd448be338518f2e,250,25.00,4.47,1,8,4,0.025071,0.624352,Minotaur,minotaur(pow_w:0.50),8.77,166,109
55,3,0xaadc5fea232580cb8fba739ac5d05a48559c7e52,4.358473,1772634577,c6ef77fa097473fae7573265aaa3590024000e4d82277e68bd448be338518f2e,250,25.00,4.47,1,8,4,0.025071,0.624356,Minotaur,minotaur(pow_w:0.50),8.77,166,110
55,4,0xc24b36dee27726233c3bbd9e1f028f98b6b2a424,14.432149,1772634579,c6ef77fa097473fae7573265aaa3590024000e4d82277e68bd448be338518f2e,250,25.00,4.47,1,8,4,0.025071,0.624363,Minotaur,minotaur(pow_w:0.50),8.77,166,111
56,0,0xe478b1e4d1538274c0c70cbd7df877f9abab2f62,6.302876,1772634582,c6ef77fa097473fae7573265aaa3590024000e4d82277e68bd448be338518f2e,250,25.00,4.47,1,8,4,0.025071,0.624367,Minotaur,minotaur(pow_w:0.50),8.77,166,112
56,1,0xc4dc29db975b952e04358340e56b68fa4ba63fbc,7.552461,1772634583,c6ef77fa097473fae7573265aaa3590024000e4d82277e68bd448be338518f2e,250,25.00,4.47,1,8,4,0.025071,0.624369,Minotaur,minotaur(pow_w:0.50),8.77,166,113
56,2,0xc4dc29db975b952e04358340e56b68fa4ba63fbc,8.554941,1772634585,5f10b25278613abc0779a75b33d5e7fc32111aa793c9d96213d22b916b9a16b4,250,17.86,5.37,1,8,6,0.025116,0.625096,Minotaur,minotaur(pow_w:0.50),15.08,167,113
56,3,0xf5ecb44daf07a1d1073dbc89baf04bd7541fa517,0.065850,1772634587,c2aa4a9b788de1876f57cad0af9a42156b4f7e009c198773bc488d13b51a1374,186,93.00,5.98,1,9,6,0.025187,0.626065,Minotaur,minotaur(pow_w:0.50),6.84,168,113
56,4,0xaadc5fea232580cb8fba739ac5d05a48559c7e52,4.358473,1772634589,a4d7d2662d146d0f57ef8b4e1b5ca385a80c96ea3b5866679d3a5ad57796a731,167,83.50,4.32,1,8,4,0.025013,0.622853,Minotaur,minotaur(pow_w:0.50),2.25,169,113
57,0,0xe478b1e4d1538274c0c70cbd7df877f9abab2f62,6.302806,1772634591,a4d7d2662d146d0f57ef8b4e1b5ca385a80c96ea3b5866679d3a5ad57796a731,167,83.50,4.32,1,8,4,0.025013,0.622858,Minotaur,minotaur(pow_w:0.50),2.25,169,114
57,1,0x6d6b2734a20229ddd7fd4a1470ba3e3bad4e4a85,4.645674,1772634593,aed30328f7af05b469547ec036e2f5987212dc93f341a7afd1c3cf0a3b07d6df,250,62.50,5.09,1,8,5,0.025013,0.622863,Minotaur,minotaur(pow_w:0.50),3.22,170,114
57,2,0x63f4973c0df8a5358405f396dc0673a463c48de9,11.913007,1772634595,aed30328f7af05b469547ec036e2f5987212dc93f341a7afd1c3cf0a3b07d6df,250,62.50,5.09,1,8,5,0.025013,0.622866,Minotaur,minotaur(pow_w:0.50),3.22,170,115
57,3,0x1796dc61e715f15a2d27dfa32bd34780f12a8c24,4.724261,1772634597,aed30328f7af05b469547ec036e2f5987212dc93f341a7afd1c3cf0a3b07d6df,250,62.50,5.09,1,8,5,0.025019,0.623339,Minotaur,minotaur(pow_w:0.50),3.22,170,116
57,4,0xbc3f8508d26048f2064aa8c068f4c94d08d77d18,9.076029,1772634600,404bf5a66c548c8a2de1224eaf2fbb5ed19d1c3a823e4d63920cbcb0042defd1,250,35.71,3.84,1,7,4,0.024979,0.623300,Minotaur,minotaur(pow_w:0.50),5.68,171,116
58,0,0x786f26993bf015cd2da6fb5d3ccd1879e01246ab,1.287372,1772634601,578dba395f55b457951245254938c5c9ace41acd361c696dda59869ac9ec0adb,115,57.50,4.41,1,7,4,0.025062,0.624337,Minotaur,minotaur(pow_w:0.50),3.13,172,116
58,1,0x6064b9f5883bf9737dfe314ff68c56e09e68ac89,4.191399,1772634603,3f41c7d4a3478d3587a563f724774bed1f21265b4bf6b8fa39f2c194cc04f388,82,82.00,3.84,1,6,4,0.024925,0.622610,Minotaur,minotaur(pow_w:0.50),1.93,173,116
58,2,0x63f4973c0df8a5358405f396dc0673a463c48de9,11.913007,1772634605,b6d2e6f781b1ef9008db222d26ed7ea5f9982936d9aeaaac15af73cf3eaffc69,221,110.50,4.01,1,6,4,0.024870,0.622331,Minotaur,minotaur(pow_w:0.50),4.02,174,116
58,3,0x63f4973c0df8a5358405f396dc0673a463c48de9,11.913007,1772634607,b6d2e6f781b1ef9008db222d26ed7ea5f9982936d9aeaaac15af73cf3eaffc69,221,110.50,4.01,1,6,4,0.024870,0.622335,Minotaur,minotaur(pow_w:0.50),4.02,174,117
58,4,0xc24b36dee27726233c3bbd9e1f028f98b6b2a424,14.431829,1772634609,b6d2e6f781b1ef9008db222d26ed7ea5f9982936d9aeaaac15af73cf3eaffc69,221,110.50,4.01,1,6,4,0.024870,0.622340,Minotaur,minotaur(pow_w:0.50),4.02,174,118
59,0,0x07902d0371763a00d97ed9ba16ff0a206cb0fd19,5.536649,1772634611,3ace0e229d01625c40ac0b8371f408b3bf782258391b9521b4a35f1e8c7e8d0c,250,41.67,4.22,1,6,4,0.025097,0.623710,Minotaur,minotaur(pow_w:0.50),5.22,175,118
59,1,0xa447d277b02012c2afd9ddcbbe123f27cc971963,4.811655,1772634613,8c52031eb8ebfe9a5dc5f791c3a25ec6898894490bee7a8cd67aecc58b05b436,75,25.00,2.83,1,4,3,0.025077,0.623877,Minotaur,minotaur(pow_w:0.50),2.41,176,118
59,2,0x8d9e46becf415ca26aa698c9657087e6554aabda,0.386316,1772634615,5038e311be890b81e4c5b1c00a45932ce9259ea6a4fb945321cc6a93abc1489b,144,72.00,3.50,1,6,3,0.025037,0.623742,Minotaur,minotaur(pow_w:0.50),2.46,177,118
59,3,0x8c11ec9090dd820c076e57e899d9c604c79d6b32,1.563359,1772634618,5038e311be890b81e4c5b1c00a45932ce9259ea6a4fb945321cc6a93abc1489b,144,72.00,3.50,1,6,3,0.025037,0.623746,Minotaur,minotaur(pow_w:0.50),2.46,177,119
59,4,0x63f4973c0df8a5358405f396dc0673a463c48de9,11.913007,1772634619,5038e311be890b81e4c5b1c00a45932ce9259ea6a4fb945321cc6a93abc1489b,144,72.00,3.50,1,6,3,0.025037,0.623748,Minotaur,minotaur(pow_w:0.50),2.46,177,120
60,0,0x30509a8084fdfe6fe24d9c9a817c209ad194f8e3,8.663569,1772634621,5038e311be890b81e4c5b1c00a45932ce9259ea6a4fb945321cc6a93abc1489b,144,72.00,3.50,1,6,3,0.025037,0.623752,Minotaur,minotaur(pow_w:0.50),2.46,177,121
60,1,0x30509a8084fdfe6fe24d9c9a817c209ad194f8e3,9.666049,1772634623,7aea68bc85f1328ff9230e8b2178c56016b5bc02f808e6c3e54b327f84e6205b,250,35.71,3.37,1,5,3,0.025100,0.624607,Minotaur,minotaur(pow_w:0.50),6.82,178,121
60,2,0x95ab54d268473cce82094026afefdbd5cadf418b,0.593818,1772634625,a168d51908331ec3a4e10920df5491986ed8b71a537bb59979680176f4bdf6ee,164,82.00,3.84,1,6,4,0.025189,0.625694,Minotaur,minotaur(pow_w:0.50),2.67,179,121
60,3,0xa3786e459f289a76c0e8af8ad834e3d0c6d47199,10.732823,1772634627,99195209f43bef05e6ab35a19e037ad8281f7c0f5166b8ae02be3eb4acfaf2ad,132,66.00,4.92,1,8,5,0.025035,0.623341,Minotaur,minotaur(pow_w:0.50),1.91,180,121
60,4,0xe6ebb0cdfd04183d498964e5efc4096ba77b17d6,8.299383,1772634629,af2a1d480941702975844e29a1d60e628f3dde28145cdba93288e2a650518365,162,81.00,4.69,1,7,5,0.025149,0.624530,Minotaur,minotaur(pow_w:0.50),1.97,181,121
61,0,0xeb82a21cb3d0dd781eb22ad74bb7cd9b4d2a06ec,2.921225,1772634632,af2a1d480941702975844e29a1d60e628f3dde28145cdba93288e2a650518365,162,81.00,4.69,1,7,5,0.025150,0.624534,Minotaur,minotaur(pow_w:0.50),1.97,181,122
61,1,0xac61c91e7d24df824351a6c4e562a75f0cf646f8,4.255008,1772634633,af2a1d480941702975844e29a1d60e628f3dde28145cdba93288e2a650518365,162,81.00,4.69,1,7,5,0.025150,0.624539,Minotaur,minotaur(pow_w:0.50),1.97,181,123
61,2,0xc4dc29db975b952e04358340e56b68fa4ba63fbc,9.556401,1772634635,f22eb8ee59affbc9d83c8bfa95e3f83d44585305e62cdee9af66b78aa60c2abd,250,41.67,5.09,1,8,6,0.025093,0.624189,Minotaur,minotaur(pow_w:0.50),20.12,182,123
61,3,0x34d94cc0534eb50dec7956bea31407428d6d5ef8,1.083917,1772634637,976b387dc9e3c1255eccfae62c575979f38ed961397c1048663ddc4bd1d7b968,165,82.50,5.96,1,8,6,0.025173,0.625174,Minotaur,minotaur(pow_w:0.50),3.51,183,123
61,4,0x269cdf52f97e1d9f14b7be895155a7b294f0b21d,5.728983,1772634639,976b387dc9e3c1255eccfae62c575979f38ed961397c1048663ddc4bd1d7b968,165,82.50,5.96,1,8,6,0.025173,0.625178,Minotaur,minotaur(pow_w:0.50),3.51,183,124
62,0,0xeb82a21cb3d0dd781eb22ad74bb7cd9b4d2a06ec,2.921125,1772634641,36b06a9cf4bd7104a53e117ed7f942a433fcb0d117c84abf26ae1ea4a8a712c6,250,62.50,4.15,1,6,4,0.025154,0.625354,Minotaur,minotaur(pow_w:0.50),4.00,184,124
62,1,0xeb82a21cb3d0dd781eb22ad74bb7cd9b4d2a06ec,2.921125,1772634643,36b06a9cf4bd7104a53e117ed7f942a433fcb0d117c84abf26ae1ea4a8a712c6,250,62.50,4.15,1,6,4,0.025154,0.625358,Minotaur,minotaur(pow_w:0.50),4.00,184,125
62,2,0xe478b1e4d1538274c0c70cbd7df877f9abab2f62,7.304756,1772634645,36b06a9cf4bd7104a53e117ed7f942a433fcb0d117c84abf26ae1ea4a8a712c6,250,62.50,4.15,1,6,4,0.025154,0.625362,Minotaur,minotaur(pow_w:0.50),4.00,184,126
62,3,0x58a21eeb7ab18ba8adf1296e66a4487076e95dac,6.093184,1772634647,4612523a1cc11c1964e01b68c8b679512358b09012c3be7ea89153d9f3bb2199,250,35.71,5.01,1,8,5,0.025174,0.625905,Minotaur,minotaur(pow_w:0.50),6.82,185,126
62,4,0x30509a8084fdfe6fe24d9c9a817c209ad194f8e3,10.667399,1772634649,4612523a1cc11c1964e01b68c8b679512358b09012c3be7ea89153d9f3bb2199,250,35.71,5.01,1,8,5,0.025174,0.625912,Minotaur,minotaur(pow_w:0.50),6.82,185,127
63,0,0x63f4973c0df8a5358405f396dc0673a463c48de9,11.912817,1772634652,ca69629dc91d95c119f58b8333bc917e3d1892d48b3a2e1015d55fc7a412a1fc,250,62.50,3.38,1,6,3,0.025279,0.627001,Minotaur,minotaur(pow_w:0.50),4.37,186,127
63,1,0x63f4973c0df8a5358405f396dc0673a463c48de9,11.912817,1772634654,ca69629dc91d95c119f58b8333bc917e3d1892d48b3a2e1015d55fc7a412a1fc,250,62.50,3.38,1,6,3,0.025279,0.627005,Minotaur,minotaur(pow_w:0.50),4.37,186,128
63,2,0x606627477c3734932f47972f83c27cf4e3b35b4f,6.379507,1772634656,ca69629dc91d95c119f58b8333bc917e3d1892d48b3a2e1015d55fc7a412a1fc,250,62.50,3.38,1,6,3,0.025280,0.627009,Minotaur,minotaur(pow_w:0.50),4.37,186,129
63,3,0x89100a8056319ba37491b32ba255004180607bc2,3.787087,1772634658,ca69629dc91d95c119f58b8333bc917e3d1892d48b3a2e1015d55fc7a412a1fc,250,62.50,3.38,1,6,3,0.025280,0.627013,Minotaur,minotaur(pow_w:0.50),4.37,186,130
63,4,0x89100a8056319ba37491b32ba255004180607bc2,3.787087,1772634660,ca69629dc91d95c119f58b8333bc917e3d1892d48b3a2e1015d55fc7a412a1fc,250,62.50,3.38,1,6,3,0.025280,0.627016,Minotaur,minotaur(pow_w:0.50),4.37,186,131
64,0,0x89100a8056319ba37491b32ba255004180607bc2,3.787087,1772634662,ca69629dc91d95c119f58b8333bc917e3d1892d48b3a2e1015d55fc7a412a1fc,250,62.50,3.38,1,6,3,0.025280,0.627020,Minotaur,minotaur(pow_w:0.50),4.37,186,132
64,1,0x63f4973c0df8a5358405f396dc0673a463c48de9,11.912767,1772634664,ca69629dc91d95c119f58b8333bc917e3d1892d48b3a2e1015d55fc7a412a1fc,250,62.50,3.38,1,6,3,0.025280,0.627025,Minotaur,minotaur(pow_w:0.50),4.37,186,133
64,2,0x6d6b2734a20229ddd7fd4a1470ba3e3bad4e4a85,4.645634,1772634666,e141ed6782154f01887e896b3b69dfe12aee2b2b94d79c5771f60cfdb6b9e241,173,11.53,3.79,1,6,4,0.025414,0.628250,Minotaur,minotaur(pow_w:0.50),13.12,187,133
64,3,0xbc3f8508d26048f2064aa8c068f4c94d08d77d18,10.076959,1772634668,bb9ce69cbf5644107fa8f828994a71859de20c31044088789edf7873ca2b0523,85,42.50,5.12,1,7,5,0.025364,0.627962,Minotaur,minotaur(pow_w:0.50),2.12,188,133
64,4,0xbc3f8508d26048f2064aa8c068f4c94d08d77d18,11.077719,1772634670,e755e22dc41482e14b599846b303872d308bc1d6f6a19c6af285798cdac7c214,77,38.50,4.43,1,6,4,0.025448,0.628924,Minotaur,minotaur(pow_w:0.50),2.14,189,133
65,0,0x9c39f7fffaa5c5cfab20dfdd05663497918580c1,2.425548,1772634672,5d4484bcc9353b6b8797761dfcf41cd648464254a939a69dfa34e770a41d17bf,15,15.00,4.67,1,6,5,0.025555,0.629968,Minotaur,minotaur(pow_w:0.50),1.87,190,133
65,1,0x9c39f7fffaa5c5cfab20dfdd05663497918580c1,3.428028,1772634674,8e61aae96908ee7988ba829fbdbbd6dd81de830e956ac2c70251f9ac50f4db49,250,125.00,3.95,1,7,4,0.025448,0.628848,Minotaur,minotaur(pow_w:0.50),24.76,191,133
65,2,0xa3786e459f289a76c0e8af8ad834e3d0c6d47199,11.734143,1772634676,a349a79ddaeecd28750464928bf1d2d43332a9eb0ac870cd81c279d9a761200b,186,93.00,4.52,1,7,4,0.025367,0.628049,Minotaur,minotaur(pow_w:0.50),2.92,192,133
65,3,0xa068e3c9a21c8d8be636cd2d285895979ec3262e,7.977321,1772634678,61e1975e71d05f04b6dd91b00c902d6b61b420a4e16b08e0ddd5d0775431a319,188,94.00,4.21,1,6,4,0.025487,0.629150,Minotaur,minotaur(pow_w:0.50),1.94,193,133
65,4,0x4ba33404d90c4ae989714d9d174cd882cffb7994,4.119202,1772634680,93260746175a116f1f0a724f92c26f4b3a8c2aabd33afe812920118eb41cbf6e,205,102.50,4.35,1,7,4,0.025514,0.629787,Minotaur,minotaur(pow_w:0.50),1.86,194,133
66,0,0xeb82a21cb3d0dd781eb22ad74bb7cd9b4d2a06ec,2.920785,1772634682,7228c223778433f9dd9d03f435d4c3e2714686157008790dc2708a187d67036d,121,60.50,4.81,1,8,5,0.025448,0.629270,Minotaur,minotaur(pow_w:0.50),1.72,195,133
66,1,0x30509a8084fdfe6fe24d9c9a817c209ad194f8e3,11.669579,1772634684,7228c223778433f9dd9d03f435d4c3e2714686157008790dc2708a187d67036d,121,60.50,4.81,1,8,5,0.025449,0.629276,Minotaur,minotaur(pow_w:0.50),1.72,195,134
66,2,0xdcf2130496e27a8094ab996aea4aa77788d65869,9.509087,1772634686,3cf5997e2bf7556e086448546de390b3ee072738deb6db80ec3770e51faab1f5,250,50.00,3.60,1,7,4,0.025562,0.630289,Minotaur,minotaur(pow_w:0.50),4.17,196,134
66,3,0x213068cb42718d1dd6d00a6d94d62a3def0e68eb,0.367569,1772634688,3cf5997e2bf7556e086448546de390b3ee072738deb6db80ec3770e51faab1f5,250,50.00,3.60,1,7,4,0.025562,0.630291,Minotaur,minotaur(pow_w:0.50),4.17,196,135
66,4,0x63f4973c0df8a5358405f396dc0673a463c48de9,12.914277,1772634690,b21ac87f90868129bb0ddb37f1e958177c5df96e8c88005395709be5c6ca4787,232,77.33,4.62,1,8,5,0.025407,0.627730,Minotaur,minotaur(pow_w:0.50),3.12,197,135
67,0,0xc4dc29db975b952e04358340e56b68fa4ba63fbc,10.557471,1772634692,b21ac87f90868129bb0ddb37f1e958177c5df96e8c88005395709be5c6ca4787,232,77.33,4.62,1,8,5,0.025408,0.627734,Minotaur,minotaur(pow_w:0.50),3.12,197,136
67,1,0x016d3fc36beee7caa8fbd6c1caa42461dd7f9850,3.880439,1772634694,ca8cde61c55f02a3b8800a578aa6dd049a0b4b75a7481d61f1fdf2c568f2bf60,250,62.50,5.72,1,8,6,0.025493,0.628635,Minotaur,minotaur(pow_w:0.50),3.66,198,136
67,2,0x49b57eb4dace37c8819daf079c9c674f766d4f38,2.227530,1772634696,6fecd4b39b160224e0883b71a515334daf224a2c9db1aab8122d19eb4b5a073d,136,68.00,3.51,1,6,4,0.025421,0.627980,Minotaur,minotaur(pow_w:0.50),1.99,199,136
67,3,0xb2a7fe70a6f3137d38f6cb4c3ec6dd1e24f2d5f4,7.429838,1772634698,a08b58a5a4f2c47236d1481f643e49e39a7ac176da8d0d0f22d1d5f123db12ef,112,56.00,5.10,1,8,5,0.025312,0.626767,Minotaur,minotaur(pow_w:0.50),1.96,200,136
67,4,0x63f4973c0df8a5358405f396dc0673a463c48de9,12.914277,1772634700,2b2b4333331d799e2bc225f9c865d75a6686c77cbb40a8dbc774ce73473fb0ad,171,85.50,4.27,1,6,4,0.025322,0.627220,Minotaur,minotaur(pow_w:0.50),1.82,201,136
68,0,0xc24b36dee27726233c3bbd9e1f028f98b6b2a424,15.433389,1772634702,2b2b4333331d799e2bc225f9c865d75a6686c77cbb40a8dbc774ce73473fb0ad,171,85.50,4.27,1,6,4,0.025323,0.627224,Minotaur,minotaur(pow_w:0.50),1.82,201,137
68,1,0xa3786e459f289a76c0e8af8ad834e3d0c6d47199,12.735803,1772634705,3dc931f2f8aa03544fe6abbfb58dc3cf1d9d74006d72bbcc2b31b7d6f0bf1504,250,50.00,5.27,1,8,6,0.025515,0.628454,Minotaur,minotaur(pow_w:0.50),9.47,202,137
68,2,0xeb82a21cb3d0dd781eb22ad74bb7cd9b4d2a06ec,2.920785,1772634707,562edea3e0f3d711854a79598b4a4ac71289abfa0aca871d4cba6efbd9076833,63,31.50,6.10,1,10,6,0.025642,0.629594,Minotaur,minotaur(pow_w:0.50),2.90,203,137
68,3,0xeb82a21cb3d0dd781eb22ad74bb7cd9b4d2a06ec,2.920785,1772634709,562edea3e0f3d711854a79598b4a4ac71289abfa0aca871d4cba6efbd9076833,63,31.50,6.10,1,10,6,0.025643,0.629598,Minotaur,minotaur(pow_w:0.50),2.90,203,138
68,4,0x34412315480562da4810040fd15c81f99880e1ab,3.899723,1772634711,562edea3e0f3d711854a79598b4a4ac71289abfa0aca871d4cba6efbd9076833,63,31.50,6.10,1,10,6,0.025643,0.629602,Minotaur,minotaur(pow_w:0.50),2.90,203,139
69,0,0x26d553a2f4343b3a7dc88bbd87b3d0a25d3838d9,8.224480,1772634713,79f77b560f44e9a15473aca8d909bba74058c3cc64df61f8cb952bc4c44c04bd,250,41.67,4.76,1,9,5,0.025570,0.628896,Minotaur,minotaur(pow_w:0.50),6.38,204,139
69,1,0x30509a8084fdfe6fe24d9c9a817c209ad194f8e3,12.671749,1772634715,79f77b560f44e9a15473aca8d909bba74058c3cc64df61f8cb952bc4c44c04bd,250,41.67,4.76,1,9,5,0.025570,0.628900,Minotaur,minotaur(pow_w:0.50),6.38,204,140
69,2,0xe6ebb0cdfd04183d498964e5efc4096ba77b17d6,8.298693,1772634717,72c4beb20822383de8ec1a6a832234db353664b2a3674765143639eb058e0b6b,250,62.50,3.83,1,6,4,0.025693,0.629960,Minotaur,minotaur(pow_w:0.50),3.43,205,140
69,3,0xa068e3c9a21c8d8be636cd2d285895979ec3262e,8.978891,1772634719,72c4beb20822383de8ec1a6a832234db353664b2a3674765143639eb058e0b6b,250,62.50,3.83,1,6,4,0.025694,0.629964,Minotaur,minotaur(pow_w:0.50),3.43,205,141
69,4,0x49b57eb4dace37c8819daf079c9c674f766d4f38,3.228380,1772634721,fc801e92c0ae2dc27c701adad9db2bf11325d6c4b969f4f89ab754e0dad70e31,250,50.00,4.95,1,8,5,0.025733,0.630684,Minotaur,minotaur(pow_w:0.50),3.81,206,141
70,0,0x26d553a2f4343b3a7dc88bbd87b3d0a25d3838d9,8.224340,1772634724,08917ae20b9152e9fae2168322b3389a081252e226c0f3123f9062208d5301f2,78,39.00,4.37,1,7,5,0.025645,0.629729,Minotaur,minotaur(pow_w:0.50),2.32,207,141
70,1,0xac768e60b9269babb15cb1e36ee843243d7c7543,9.725778,1772634725,08917ae20b9152e9fae2168322b3389a081252e226c0f3123f9062208d5301f2,78,39.00,4.37,1,7,5,0.025645,0.629731,Minotaur,minotaur(pow_w:0.50),2.32,207,142
70,2,0xc4dc29db975b952e04358340e56b68fa4ba63fbc,11.559591,1772634727,08917ae20b9152e9fae2168322b3389a081252e226c0f3123f9062208d5301f2,78,39.00,4.37,1,7,5,0.025645,0.629734,Minotaur,minotaur(pow_w:0.50),2.32,207,143
70,3,0xb2a7fe70a6f3137d38f6cb4c3ec6dd1e24f2d5f4,8.431288,1772634729,874176ba54d83b4de48b06ecb91dfe9df2f6b3431ceb82a6bd097a6920a47dff,250,50.00,5.87,1,9,6,0.025739,0.630632,Minotaur,minotaur(pow_w:0.50),4.78,208,143
70,4,0x4414c05be2cf328f38d2e3ef4b705d6b894f044a,4.088959,1772634731,51943124d9bd0e70a5e6846419340a84dd0f14969909cbab4b9ad84faf89e247,201,100.50,4.17,1,7,4,0.025764,0.631227,Minotaur,minotaur(pow_w:0.50),2.71,209,143
71,0,0x30509a8084fdfe6fe24d9c9a817c209ad194f8e3,13.674029,1772634733,51943124d9bd0e70a5e6846419340a84dd0f14969909cbab4b9ad84faf89e247,201,100.50,4.17,1,7,4,0.025764,0.631231,Minotaur,minotaur(pow_w:0.50),2.71,209,144
71,1,0x49b57eb4dace37c8819daf079c9c674f766d4f38,4.229000,1772634736,37649abf96b5de89c07a41667a52cac7365771fecb5e78c35a7c9e6312b9bf87,250,50.00,4.33,1,8,4,0.025901,0.632347,Minotaur,minotaur(pow_w:0.50),3.99,210,144
71,2,0x719361397abe003a91af76243e5f9c7a0cd4279f,4.543156,1772634737,e69901779b7ee0f100898dd569906b141bb234be6e622c44e55f1fa33d9bed33,137,68.50,4.19,1,8,4,0.025833,0.631733,Minotaur,minotaur(pow_w:0.50),2.69,211,144
71,3,0xa3786e459f289a76c0e8af8ad834e3d0c6d47199,13.736253,1772634739,e69901779b7ee0f100898dd569906b141bb234be6e622c44e55f1fa33d9bed33,137,68.50,4.19,1,8,4,0.025833,0.631736,Minotaur,minotaur(pow_w:0.50),2.69,211,145
71,4,0xd46407aa7b668c72de3cf1c1a12b7fa2e308a1b2,5.992089,1772634741,c28fb11a75a8ddce6dc456ff2d9c7ae45db9498837e9136f43aea0f283222c79,250,83.33,4.32,1,6,4,0.025968,0.632783,Minotaur,minotaur(pow_w:0.50),2.91,212,145
72,0,0x9ba702916c26a8583a7f277d6932b3c0d9927ce0,0.191487,1772634743,f520b898c4646c3e26ebfb42b7a2b6b581a3ebf1296aac18e75b752c8c7f5adb,177,88.50,3.86,1,6,4,0.025937,0.632961,Minotaur,minotaur(pow_w:0.50),2.14,213,145
72,1,0xeb82a21cb3d0dd781eb22ad74bb7cd9b4d2a06ec,2.920585,1772634745,e7305694d520b24f7ce59bba32ed4eec6ee0308fbb8ced070d0df121dffa093a,194,97.00,3.70,1,5,4,0.025784,0.630257,Minotaur,minotaur(pow_w:0.50),1.81,214,145
72,2,0xdcf2130496e27a8094ab996aea4aa77788d65869,9.508827,1772634747,e7305694d520b24f7ce59bba32ed4eec6ee0308fbb8ced070d0df121dffa093a,194,97.00,3.70,1,5,4,0.025784,0.630260,Minotaur,minotaur(pow_w:0.50),1.81,214,146
72,3,0x30405867b72597aaeb27803bb2c7f3f5fc7d5384,0.511104,1772634749,e7305694d520b24f7ce59bba32ed4eec6ee0308fbb8ced070d0df121dffa093a,194,97.00,3.70,1,5,4,0.025784,0.630263,Minotaur,minotaur(pow_w:0.50),1.81,214,147
72,4,0x81d019380961f92c2031b0a7fba69f7675145088,0.490653,1772634751,ed82320640260c29de99b8f42cea02dfcdcb51b6f460af3b556b0964ffeb234a,250,35.71,4.18,1,7,4,0.025639,0.627912,Minotaur,minotaur(pow_w:0.50),5.92,215,147
73,0,0x9ba702916c26a8583a7f277d6932b3c0d9927ce0,1.193247,1772634754,80c55253e9a875b166493c36daadbd3c02f8fb5cd7d2292ab6711023d0889f8f,229,114.50,3.10,1,7,3,0.025494,0.625487,Minotaur,minotaur(pow_w:0.50),102.46,216,147
73,1,0xeaa5003682d7289190651081ae2bee847097afc5,0.759055,1772634755,9cb745d6ff2945997f6f6fbac873edb8c8db0f670bea602250bd6155a2243e14,146,73.00,4.86,1,7,5,0.025366,0.623816,Minotaur,minotaur(pow_w:0.50),2.42,217,147
73,2,0x1796dc61e715f15a2d27dfa32bd34780f12a8c24,5.726081,1772634757,10befb31dd8e0696e92058aef5a44b348cdb0012105dcda579cb8154f9d9ffda,66,66.00,4.58,1,8,5,0.025230,0.621664,Minotaur,minotaur(pow_w:0.50),1.91,218,147
73,3,0x719361397abe003a91af76243e5f9c7a0cd4279f,4.543006,1772634759,10befb31dd8e0696e92058aef5a44b348cdb0012105dcda579cb8154f9d9ffda,66,66.00,4.58,1,8,5,0.025230,0.621667,Minotaur,minotaur(pow_w:0.50),1.91,218,148
73,4,0x606627477c3734932f47972f83c27cf4e3b35b4f,6.379237,1772634761,10befb31dd8e0696e92058aef5a44b348cdb0012105dcda579cb8154f9d9ffda,66,66.00,4.58,1,8,5,0.025230,0.621671,Minotaur,minotaur(pow_w:0.50),1.91,218,149
74,0,0xd61b00c297972877b45f8d7f4d67fdaf20c67c59,0.329161,1772634763,d1ee78e08e6c8e9fece6e109923b2a9af58c351187b34c11c98d17c8dc8b0930,250,41.67,4.30,1,6,4,0.025209,0.621947,Minotaur,minotaur(pow_w:0.50),5.76,219,149
74,1,0x71f297f96355f349d66f0e9b681e7d4e11224660,0.168180,1772634765,8e4b41766b0658703a078ae3f09cc64d17c84ee9461b469d34934ff16cfbfac7,82,41.00,4.91,1,7,5,0.025066,0.619293,Minotaur,minotaur(pow_w:0.50),3.16,220,149
74,2,0x71f297f96355f349d66f0e9b681e7d4e11224660,1.169680,1772634768,1144f8711fe7760af82e10e1765c340df425e9666364051dd8b0dd2ff3a4005d,151,50.33,4.41,2,7,4,0.024921,0.616438,Minotaur,minotaur(pow_w:0.50),2.56,221,149
74,3,0x26d553a2f4343b3a7dc88bbd87b3d0a25d3838d9,8.224150,1772634769,86cf4cadd0915313bddb13b69ddf4d8c3cc875e239d9fce6876489f0c882ea9c,140,70.00,4.00,1,6,4,0.024797,0.614693,Minotaur,minotaur(pow_w:0.50),2.50,222,149
74,4,0xdcf2130496e27a8094ab996aea4aa77788d65869,9.508727,1772634771,86cf4cadd0915313bddb13b69ddf4d8c3cc875e239d9fce6876489f0c882ea9c,140,70.00,4.00,1,6,4,0.024797,0.614697,Minotaur,minotaur(pow_w:0.50),2.50,222,150
75,0,0xd39dbd3662315e3935ec08e6b6028e73b3c09de2,2.920820,1772634773,86cf4cadd0915313bddb13b69ddf4d8c3cc875e239d9fce6876489f0c882ea9c,140,70.00,4.00,1,6,4,0.024798,0.614700,Minotaur,minotaur(pow_w:0.50),2.50,222,151
75,1,0xaadc5fea232580cb8fba739ac5d05a48559c7e52,4.357483,1772634775,7dd18d03b8ac60ff4742e4a24efcd82196d9e1e50fe5f8d8aaf5fb7abc8055b9,250,50.00,4.90,2,7,5,0.024710,0.613731,Minotaur,minotaur(pow_w:0.50),4.94,223,151
75,2,0xd1cd4b808ce6b2841ad42746b64c5a047e857ef0,0.233354,1772634777,7dd18d03b8ac60ff4742e4a24efcd82196d9e1e50fe5f8d8aaf5fb7abc8055b9,250,50.00,4.90,2,7,5,0.024710,0.613734,Minotaur,minotaur(pow_w:0.50),4.94,223,152
75,3,0x9ba702916c26a8583a7f277d6932b3c0d9927ce0,2.194447,1772634779,6bbb1e10f9d4edf41b32a36971d27d130ed9f3b515d2e74ddbbfb7780dee22be,250,62.50,3.87,1,6,4,0.024569,0.610920,Minotaur,minotaur(pow_w:0.50),3.73,224,152
75,4,0xbc3f8508d26048f2064aa8c068f4c94d08d77d18,12.077409,1772634781,5ada2b9d5ee424e29e02d35dedcffa77fb5631077d8736ee69629c83e85f2af6,108,54.00,3.63,1,5,4,0.024468,0.609763,Minotaur,minotaur(pow_w:0.50),1.90,225,152
76,0,0xa068e3c9a21c8d8be636cd2d285895979ec3262e,9.980781,1772634783,5ada2b9d5ee424e29e02d35dedcffa77fb5631077d8736ee69629c83e85f2af6,108,54.00,3.63,1,5,4,0.024469,0.609766,Minotaur,minotaur(pow_w:0.50),1.90,225,153
76,1,0xa3786e459f289a76c0e8af8ad834e3d0c6d47199,14.738483,1772634785,abd1a30921ed1e6741dff825613ba9103a795f6512532e05e648935fb8c030f3,250,50.00,4.30,1,6,5,0.024520,0.610582,Minotaur,minotaur(pow_w:0.50),3.96,226,153
76,2,0x1796dc61e715f15a2d27dfa32bd34780f12a8c24,5.725901,1772634787,abd1a30921ed1e6741dff825613ba9103a795f6512532e05e648935fb8c030f3,250,50.00,4.30,1,6,5,0.024520,0.610586,Minotaur,minotaur(pow_w:0.50),3.96,226,154
76,3,0xe478b1e4d1538274c0c70cbd7df877f9abab2f62,8.305856,1772634789,c5a9fc64d6bd24e2c787bc4569b5c2e245eba697cee7a25e6273f306cfabb49c,250,83.33,3.33,1,6,3,0.024489,0.610653,Minotaur,minotaur(pow_w:0.50),2.84,227,154
76,4,0xa068e3c9a21c8d8be636cd2d285895979ec3262e,10.983201,1772634791,db9681fbfc75aea31a9d788b11f062f0aee20966bb9368af751de6178bcde255,178,89.00,3.93,1,6,4,0.024506,0.611213,Minotaur,minotaur(pow_w:0.50),8.20,228,154
77,0,0x6064b9f5883bf9737dfe314ff68c56e09e68ac89,5.191519,1772634793,d0e32e6f5d9ac0ff9010004bc24d323b8862f89a71f1c10c2efc1dcc00e0eb2c,153,76.50,4.53,1,8,5,0.024575,0.612017,Minotaur,minotaur(pow_w:0.50),2.12,229,154
77,1,0x4414c05be2cf328f38d2e3ef4b705d6b894f044a,4.088649,1772634795,e75f17d463c5426a5862e90db1fe6553904161d8d71309de100c824b3bb44aa1,234,117.00,3.33,1,6,4,0.024575,0.612020,Minotaur,minotaur(pow_w:0.50),13.89,230,154
77,2,0x408bb0bf84df50b21c53c74420987f172d4036a1,0.795914,1772634797,d0ed87ac4a866ea545a587d6e6c11e96dd956a72c68d36d705e20319df285357,136,68.00,4.69,2,8,5,0.024511,0.611384,Minotaur,minotaur(pow_w:0.50),1.49,231,154
77,3,0x3513d672439a59c26cc5711f2b715ccb4810a774,2.290575,1772634799,83083952819405c4849823adcb2566e08670d371b58f66dc164b5533c62f24eb,141,47.00,4.79,2,7,5,0.024385,0.609216,Minotaur,minotaur(pow_w:0.50),2.55,232,154
77,4,0x6064b9f5883bf9737dfe314ff68c56e09e68ac89,5.191449,1772634801,e60a85e78db045a1cc4c05021fab6be6f95729228cc68252693232c4d8eeceb9,128,64.00,4.16,2,7,4,0.024288,0.608065,Minotaur,minotaur(pow_w:0.50),2.50,233,154
78,0,0xc24b36dee27726233c3bbd9e1f028f98b6b2a424,16.434839,1772634803,07277492d36eb58774d7a6b69e3edb1f83c9532cd4047abc1c5b023be2571018,77,77.00,4.55,1,6,5,0.024246,0.607947,Minotaur,minotaur(pow_w:0.50),1.97,234,154
78,1,0x63f4973c0df8a5358405f396dc0673a463c48de9,12.913667,1772634805,07277492d36eb58774d7a6b69e3edb1f83c9532cd4047abc1c5b023be2571018,77,77.00,4.55,1,6,5,0.024246,0.607950,Minotaur,minotaur(pow_w:0.50),1.97,234,155
78,2,0x606627477c3734932f47972f83c27cf4e3b35b4f,7.381337,1772634807,66519ffdd9896e6e0bfc50fd0fad90d7d38f4924f16039c26a3d91a69d94fc2b,172,43.00,4.95,1,11,5,0.024348,0.608935,Minotaur,minotaur(pow_w:0.50),2.56,235,155
78,3,0x9bdb1c7ad4bd8fe797b07c08117c74a591dbab2d,0.441332,1772634809,8ca483acad8e7fc962fd1e1f58ad3225514f92cd607176571ce2c343f5123bd8,149,74.50,4.12,1,6,4,0.024345,0.609320,Minotaur,minotaur(pow_w:0.50),1.67,236,155
78,4,0x9bdb1c7ad4bd8fe797b07c08117c74a591dbab2d,0.441292,1772634811,8ca483acad8e7fc962fd1e1f58ad3225514f92cd607176571ce2c343f5123bd8,149,74.50,4.12,1,6,4,0.024345,0.609323,Minotaur,minotaur(pow_w:0.50),1.67,236,156
79,0,0xa3786e459f289a76c0e8af8ad834e3d0c6d47199,14.738243,1772634813,8ca483acad8e7fc962fd1e1f58ad3225514f92cd607176571ce2c343f5123bd8,149,74.50,4.12,1,6,4,0.024345,0.609326,Minotaur,minotaur(pow_w:0.50),1.67,236,157
79,1,0xd1cd4b808ce6b2841ad42746b64c5a047e857ef0,1.235514,1772634816,8ca483acad8e7fc962fd1e1f58ad3225514f92cd607176571ce2c343f5123bd8,149,74.50,4.12,1,6,4,0.024346,0.609331,Minotaur,minotaur(pow_w:0.50),1.67,236,158
79,2,0x58a21eeb7ab18ba8adf1296e66a4487076e95dac,6.092714,1772634817,5cb075f9b8bf1b0745b3f42835586c90de069debcfc36a21ec1ce348f4bfe8e2,250,27.78,4.10,1,7,4,0.024230,0.607643,Minotaur,minotaur(pow_w:0.50),12.13,237,158
79,3,0x58a21eeb7ab18ba8adf1296e66a4487076e95dac,6.092714,1772634819,5cb075f9b8bf1b0745b3f42835586c90de069debcfc36a21ec1ce348f4bfe8e2,250,27.78,4.10,1,7,4,0.024230,0.607646,Minotaur,minotaur(pow_w:0.50),12.13,237,159
79,4,0x58a21eeb7ab18ba8adf1296e66a4487076e95dac,6.092714,1772634821,5cb075f9b8bf1b0745b3f42835586c90de069debcfc36a21ec1ce348f4bfe8e2,250,27.78,4.10,1,7,4,0.024231,0.607649,Minotaur,minotaur(pow_w:0.50),12.13,237,160
80,0,0x3513d672439a59c26cc5711f2b715ccb4810a774,3.291735,1772634823,5cb075f9b8bf1b0745b3f42835586c90de069debcfc36a21ec1ce348f4bfe8e2,250,27.78,4.10,1,7,4,0.024231,0.607652,Minotaur,minotaur(pow_w:0.50),12.13,237,161
80,1,0x30509a8084fdfe6fe24d9c9a817c209ad194f8e3,14.675739,1772634825,5cb075f9b8bf1b0745b3f42835586c90de069debcfc36a21ec1ce348f4bfe8e2,250,27.78,4.10,1,7,4,0.024231,0.607656,Minotaur,minotaur(pow_w:0.50),12.13,237,162
80,2,0xbc3f8508d26048f2064aa8c068f4c94d08d77d18,12.077299,1772634827,d7620c3972cddf8a9cbad6bf60c13330c1d37638cc168fa916fce1a48394f7c0,250,27.78,4.49,2,8,5,0.024361,0.608750,Minotaur,minotaur(pow_w:0.50),11.36,238,162
80,3,0x1796dc61e715f15a2d27dfa32bd34780f12a8c24,6.728291,1772634829,d7620c3972cddf8a9cbad6bf60c13330c1d37638cc168fa916fce1a48394f7c0,250,27.78,4.49,2,8,5,0.024361,0.608753,Minotaur,minotaur(pow_w:0.50),11.36,238,163
80,4,0x63f4973c0df8a5358405f396dc0673a463c48de9,13.915257,1772634831,d7620c3972cddf8a9cbad6bf60c13330c1d37638cc168fa916fce1a48394f7c0,250,27.78,4.49,2,8,5,0.024362,0.608758,Minotaur,minotaur(pow_w:0.50),11.36,238,164
81,0,0xbc3f8508d26048f2064aa8c068f4c94d08d77d18,12.077299,1772634834,d7620c3972cddf8a9cbad6bf60c13330c1d37638cc168fa916fce1a48394f7c0,250,27.78,4.49,2,8,5,0.024362,0.608761,Minotaur,minotaur(pow_w:0.50),11.36,238,165
81,1,0x07902d0371763a00d97ed9ba16ff0a206cb0fd19,6.536649,1772634835,d7620c3972cddf8a9cbad6bf60c13330c1d37638cc168fa916fce1a48394f7c0,250,27.78,4.49,2,8,5,0.024362,0.608763,Minotaur,minotaur(pow_w:0.50),11.36,238,166
81,2,0xac768e60b9269babb15cb1e36ee843243d7c7543,9.725228,1772634837,d7620c3972cddf8a9cbad6bf60c13330c1d37638cc168fa916fce1a48394f7c0,250,27.78,4.49,2,8,5,0.024362,0.608766,Minotaur,minotaur(pow_w:0.50),11.36,238,167
81,3,0x9c39f7fffaa5c5cfab20dfdd05663497918580c1,4.428258,1772634839,8dd18d57572fc1a4216bd7a2f670bc118f2fd23b8c6878ca71a5cb77f8f45232,82,6.83,4.05,1,7,4,0.024401,0.609494,Minotaur,minotaur(pow_w:0.50),14.26,239,167
81,4,0xaadc5fea232580cb8fba739ac5d05a48559c7e52,4.357353,1772634841,93aaeeb801eff14ab08373dc6a3c10c3d40db8fc9e0911ebbc8279c3c47d7729,83,41.50,1.83,1,7,1,0.024343,0.609002,Minotaur,minotaur(pow_w:0.50),74.24,240,167
82,0,0x37cc7a82e66d4f4c2ae13b9ee895d3af1a1d7a05,0.260235,1772634843,93aaeeb801eff14ab08373dc6a3c10c3d40db8fc9e0911ebbc8279c3c47d7729,83,41.50,1.83,1,7,1,0.024343,0.609005,Minotaur,minotaur(pow_w:0.50),74.24,240,168
82,1,0x26d553a2f4343b3a7dc88bbd87b3d0a25d3838d9,8.223700,1772634845,93aaeeb801eff14ab08373dc6a3c10c3d40db8fc9e0911ebbc8279c3c47d7729,83,41.50,1.83,1,7,1,0.024343,0.609008,Minotaur,minotaur(pow_w:0.50),74.24,240,169
82,2,0x6d6b2734a20229ddd7fd4a1470ba3e3bad4e4a85,5.645684,1772634847,8c7c26e39618936266d94224c287d4c1154caed678d460deb3862adb83c62834,250,35.71,3.65,1,6,4,0.024354,0.609482,Minotaur,minotaur(pow_w:0.50),19.62,241,169
82,3,0xe478b1e4d1538274c0c70cbd7df877f9abab2f62,9.306986,1772634850,8c7c26e39618936266d94224c287d4c1154caed678d460deb3862adb83c62834,250,35.71,3.65,1,6,4,0.024354,0.609485,Minotaur,minotaur(pow_w:0.50),19.62,241,170
82,4,0xc4dc29db975b952e04358340e56b68fa4ba63fbc,12.560901,1772634851,f7dbe01213beacde88b8ecb68aab9c8df9b1bb078747dd6f0649ddb811cce72c,250,62.50,4.41,1,7,4,0.024384,0.610126,Minotaur,minotaur(pow_w:0.50),5.98,242,170
83,0,0x8c11ec9090dd820c076e57e899d9c604c79d6b32,1.562429,1772634853,80f04a1c45035037fa277e789a10751975d6b3eb73403aa5aa03a94901c64ef7,29,29.00,4.93,1,7,5,0.024470,0.611020,Minotaur,minotaur(pow_w:0.50),2.72,243,170
83,1,0x30509a8084fdfe6fe24d9c9a817c209ad194f8e3,15.677859,1772634855,6c4050fa7951dce522c9c97a0af6cc1f9ba133ee4102a0fe368680b4912c9b5a,171,85.50,3.96,1,6,4,0.024361,0.609555,Minotaur,minotaur(pow_w:0.50),2.29,244,170
83,2,0xc24b36dee27726233c3bbd9e1f028f98b6b2a424,16.434269,1772634857,e4da67108d9909510d7db3aca8181409cb66ff68a6b24c5052662f9478266cd9,234,117.00,3.81,1,7,4,0.024500,0.610639,Minotaur,minotaur(pow_w:0.50),2.00,245,170
83,3,0xd1cd4b808ce6b2841ad42746b64c5a047e857ef0,2.237484,1772634859,de30d05033b129317a3be3c28f2668336f2b05c4ec67acc9adbbfc775c55712b,175,87.50,3.97,1,6,4,0.024650,0.611747,Minotaur,minotaur(pow_w:0.50),3.52,246,170
83,4,0xdcf2130496e27a8094ab996aea4aa77788d65869,9.508087,1772634861,f02913c36a954f9e3f0690e0adb76505fb2be07185e96740fe6b93a35fd057f4,188,94.00,3.95,1,6,4,0.024552,0.610540,Minotaur,minotaur(pow_w:0.50),1.61,247,170
84,0,0xb2a7fe70a6f3137d38f6cb4c3ec6dd1e24f2d5f4,9.431898,1772634863,a825e74695446ee3ecea360b434a130422ee5aa7bd38cbf9dcc6e2b7bdf95e05,132,66.00,4.03,1,7,4,0.024580,0.611139,Minotaur,minotaur(pow_w:0.50),1.58,248,170
84,1,0xaadc5fea232580cb8fba739ac5d05a48559c7e52,4.357163,1772634865,2b018d50896ddbf6548223ceb8baf3db306171490ca29fb7bede5cfed60a91f2,165,55.00,5.18,1,7,5,0.024606,0.611673,Minotaur,minotaur(pow_w:0.50),2.45,249,170
84,2,0xa3786e459f289a76c0e8af8ad834e3d0c6d47199,14.738103,1772634867,2b018d50896ddbf6548223ceb8baf3db306171490ca29fb7bede5cfed60a91f2,165,55.00,5.18,1,7,5,0.024607,0.611675,Minotaur,minotaur(pow_w:0.50),2.45,249,171
84,3,0x1cb1274c711a6c2e4e1596846e6ac604eeefb358,6.412381,1772634869,ca0d4f934f7735c81cde17c51c510cccd7541b298dfb2e6e26da3f36a8fefa80,250,83.33,4.86,1,7,5,0.024722,0.612665,Minotaur,minotaur(pow_w:0.50),3.14,250,171
84,4,0xaadc5fea232580cb8fba739ac5d05a48559c7e52,4.357113,1772634871,5604db08017d1a9de94df84e137b6640729701c478a202454dd3a14a777391ff,110,55.00,3.82,2,7,4,0.024695,0.612873,Minotaur,minotaur(pow_w:0.50),2.08,251,171
85,0,0x2abf89d7c96c80fcff9dec1fe92803573094ee35,3.227575,1772634873,5604db08017d1a9de94df84e137b6640729701c478a202454dd3a14a777391ff,110,55.00,3.82,2,7,4,0.024695,0.612877,Minotaur,minotaur(pow_w:0.50),2.08,251,172
85,1,0x4a217e35f6402e7f62a49f6d62e27c6585c2f3fd,1.488527,1772634875,a4a4ad6715174412668f5ea8b437a99789bb02ec933cebdc71321a6015be2f84,250,62.50,3.85,1,6,4,0.024615,0.611983,Minotaur,minotaur(pow_w:0.50),3.60,252,172
85,2,0x6d6b2734a20229ddd7fd4a1470ba3e3bad4e4a85,5.645484,1772634877,17077359b4fa6f9fec3bc68dc40d256d4ac5a9a9986439bb59948045a1994890,68,34.00,4.63,1,6,5,0.024506,0.610446,Minotaur,minotaur(pow_w:0.50),1.06,253,172
85,3,0xdcf2130496e27a8094ab996aea4aa77788d65869,10.509247,1772634879,17077359b4fa6f9fec3bc68dc40d256d4ac5a9a9986439bb59948045a1994890,68,34.00,4.63,1,6,5,0.024507,0.610451,Minotaur,minotaur(pow_w:0.50),1.06,253,173
85,4,0x60705151f1f537cacd5b801f3ef1b31dc3f605de,2.300944,1772634882,f402cbeab87300e84f19def1c59806e2bc5a056d980fe87718c723410712ba12,250,50.00,4.22,1,6,4,0.024548,0.611131,Minotaur,minotaur(pow_w:0.50),4.83,254,173
86,0,0x606627477c3734932f47972f83c27cf4e3b35b4f,8.382487,1772634883,ea9274aa30094d7dd5bfa6e7114299496e39c87258e90af763cde7d4bb33ce8d,120,60.00,5.25,1,7,6,0.024454,0.609909,Minotaur,minotaur(pow_w:0.50),2.93,255,173
86,1,0xd39dbd3662315e3935ec08e6b6028e73b3c09de2,3.922140,1772634885,ea9274aa30094d7dd5bfa6e7114299496e39c87258e90af763cde7d4bb33ce8d,120,60.00,5.25,1,7,6,0.024454,0.609912,Minotaur,minotaur(pow_w:0.50),2.93,255,174
86,2,0x63f4973c0df8a5358405f396dc0673a463c48de9,13.915217,1772634887,7f077518a2029cc43f0e0006a07d00bff62e9f26b3dbe594cd2e25ce90ccc131,219,73.00,4.67,1,8,5,0.024386,0.609166,Minotaur,minotaur(pow_w:0.50),2.65,256,174
86,3,0x30509a8084fdfe6fe24d9c9a817c209ad194f8e3,16.679879,1772634889,5db77c3ab68a881ea2983dc47bf735a779bd042524025a7bb7801ab3b018333f,201,100.50,3.70,2,6,4,0.024482,0.610086,Minotaur,minotaur(pow_w:0.50),1.92,257,174
86,4,0x30509a8084fdfe6fe24d9c9a817c209ad194f8e3,17.681219,1772634891,8adddc328ccfb9df4cec52300d2d574a49582d0cd4038a5fdfad02b92ef670a4,136,68.00,3.60,2,6,4,0.024621,0.611127,Minotaur,minotaur(pow_w:0.50),1.46,258,174
87,0,0xd1cd4b808ce6b2841ad42746b64c5a047e857ef0,3.238974,1772634893,4bfdda21ad32a28921ad359cfd8c2e319421fd026307cda99340716c4146936c,167,83.50,3.78,1,6,4,0.024774,0.612206,Minotaur,minotaur(pow_w:0.50),1.50,259,174
87,1,0x606627477c3734932f47972f83c27cf4e3b35b4f,8.382367,1772634895,4fe98453f7faf898d4898d6abb1f1a85584a300800117908747af7851ac8fb64,150,50.00,4.19,1,7,4,0.024694,0.611261,Minotaur,minotaur(pow_w:0.50),2.51,260,174
87,2,0xe478b1e4d1538274c0c70cbd7df877f9abab2f62,10.308916,1772634897,2e0821107b33ec6f275f278690679fd4dad9e966087231dbca29f1911c73afbd,163,81.50,4.42,1,7,4,0.024697,0.611663,Minotaur,minotaur(pow_w:0.50),2.41,261,174
87,3,0x606627477c3734932f47972f83c27cf4e3b35b4f,9.383957,1772634899,2905a4cec315b137601f214558b24751a51e9785c78958c0a4ea018103d286e5,58,58.00,5.02,1,8,5,0.024729,0.612250,Minotaur,minotaur(pow_w:0.50),1.93,262,174
87,4,0xd39dbd3662315e3935ec08e6b6028e73b3c09de2,4.924220,1772634901,d07ffb9db78e77400ca1d63e7fc07fbf3ced299026163084e9b434f43b8fd448,144,72.00,4.31,1,7,4,0.024746,0.612696,Minotaur,minotaur(pow_w:0.50),2.47,263,174
88,0,0xf6e059718dbd0a0956726ab97d06bad5efc6cd18,1.008257,1772634903,f1add8fe6997d7f2911189da22f5421f2f15620d569f82f036f8aa6b3d05cde8,152,76.00,5.22,1,8,5,0.024693,0.612405,Minotaur,minotaur(pow_w:0.50),2.36,264,174
88,1,0x34412315480562da4810040fd15c81f99880e1ab,4.901013,1772634905,71abaafc9f437f314f6c8d17340ab86b64ba92c72ad08da87d058dbf04419733,154,77.00,4.74,1,8,5,0.024579,0.610520,Minotaur,minotaur(pow_w:0.50),2.27,265,174
88,2,0xa3786e459f289a76c0e8af8ad834e3d0c6d47199,15.740493,1772634907,b05b30b5c7b61ac28f81e88bf5284f253e74e81796faf249a90ef7aaec4db5a8,127,63.50,5.44,1,9,5,0.024526,0.610172,Minotaur,minotaur(pow_w:0.50),2.09,266,174
88,3,0xc4dc29db975b952e04358340e56b68fa4ba63fbc,13.560471,1772634909,79b0b93b3d59bdccc4dc9f9b04e74eacb41d9ede156dc581438edb7b7254f460,177,88.50,4.33,1,6,4,0.024640,0.611119,Minotaur,minotaur(pow_w:0.50),1.93,267,174
88,4,0xe478b1e4d1538274c0c70cbd7df877f9abab2f62,11.309366,1772634911,f22c3fc15ea69ccdbce60ec237d4a361de13cdfe69b405abe10e3aed03e6d5a4,136,68.00,3.79,1,6,4,0.024640,0.611121,Minotaur,minotaur(pow_w:0.50),1.50,268,174
89,0,0xd61b00c297972877b45f8d7f4d67fdaf20c67c59,1.328521,1772634913,0ab2950f5991a28f93d4dcd9586730d7c50b1e54d481ed699f9c8403a4938ce9,135,67.50,4.56,1,6,5,0.024762,0.612630,Minotaur,minotaur(pow_w:0.50),1.45,269,174
89,1,0x606627477c3734932f47972f83c27cf4e3b35b4f,10.385327,1772634915,09d0506c204008747c4864978881a381101b38d2b42796044fffa21ddf163302,140,46.67,4.53,1,6,5,0.024654,0.610977,Minotaur,minotaur(pow_w:0.50),2.54,270,174
89,2,0x606627477c3734932f47972f83c27cf4e3b35b4f,10.385327,1772634917,09d0506c204008747c4864978881a381101b38d2b42796044fffa21ddf163302,140,46.67,4.53,1,6,5,0.024654,0.610980,Minotaur,minotaur(pow_w:0.50),2.54,270,175
89,3,0x606627477c3734932f47972f83c27cf4e3b35b4f,10.385327,1772634919,09d0506c204008747c4864978881a381101b38d2b42796044fffa21ddf163302,140,46.67,4.53,1,6,5,0.024654,0.610983,Minotaur,minotaur(pow_w:0.50),2.54,270,176
89,4,0x606627477c3734932f47972f83c27cf4e3b35b4f,10.385327,1772634921,09d0506c204008747c4864978881a381101b38d2b42796044fffa21ddf163302,140,46.67,4.53,1,6,5,0.024655,0.610986,Minotaur,minotaur(pow_w:0.50),2.54,270,177
90,0,0xf6e059718dbd0a0956726ab97d06bad5efc6cd18,2.009577,1772634923,09d0506c204008747c4864978881a381101b38d2b42796044fffa21ddf163302,140,46.67,4.53,1,6,5,0.024655,0.610990,Minotaur,minotaur(pow_w:0.50),2.54,270,178
90,1,0xeb82a21cb3d0dd781eb22ad74bb7cd9b4d2a06ec,2.919505,1772634925,0bacc6030d6bcf29d936c191178290d2e1bb764cd4786cbe0853edebc4453365,250,27.78,5.13,1,8,5,0.024557,0.609649,Minotaur,minotaur(pow_w:0.50),9.10,271,178
90,2,0x4414c05be2cf328f38d2e3ef4b705d6b894f044a,5.089119,1772634927,0bacc6030d6bcf29d936c191178290d2e1bb764cd4786cbe0853edebc4453365,250,27.78,5.13,1,8,5,0.024557,0.609651,Minotaur,minotaur(pow_w:0.50),9.10,271,179
90,3,0xdcf2130496e27a8094ab996aea4aa77788d65869,11.511367,1772634929,0bacc6030d6bcf29d936c191178290d2e1bb764cd4786cbe0853edebc4453365,250,27.78,5.13,1,8,5,0.024558,0.609654,Minotaur,minotaur(pow_w:0.50),9.10,271,180
90,4,0xc774b0fee7cabbef3b1ae14bf36db3df0d32c1df,1.165397,1772634931,2cefdf0cc8966ceccc3c4b06f9c3d2b9ba7296a2a1f785095bcd6459052bc86e,247,35.29,4.00,1,6,4,0.024603,0.610326,Minotaur,minotaur(pow_w:0.50),4.91,272,180
91,0,0xdcf2130496e27a8094ab996aea4aa77788d65869,12.513737,1772634934,f295b18e5f316c13c3c7572ff08c32b256f8bfca1dc8854ef22571fcff310f28,108,54.00,4.16,1,7,4,0.024494,0.608521,Minotaur,minotaur(pow_w:0.50),4.18,273,180
91,1,0xd1cd4b808ce6b2841ad42746b64c5a047e857ef0,4.240084,1772634935,92c08343d7a0e15ef3bd60325705bd987c9cf9d5ec26abd0f9d3cf4164e6f3dc,166,83.00,3.84,1,6,4,0.024554,0.609289,Minotaur,minotaur(pow_w:0.50),2.43,274,180
91,2,0xd61b00c297972877b45f8d7f4d67fdaf20c67c59,2.329731,1772634937,85b97c1761e6cbd4e5d27f011ada12db6bdbbd9bdf660cb974edc253c95d8220,102,102.00,4.07,1,8,4,0.024491,0.608631,Minotaur,minotaur(pow_w:0.50),1.75,275,180
91,3,0xa5a12d96532497871d73549e55ab377e3dcb3a40,0.102142,1772634939,43d68672c775a9740f28983d2fe010e64d32f48aa76f44ba8e81b0aae52ae854,116,58.00,5.74,2,9,6,0.024400,0.607403,Minotaur,minotaur(pow_w:0.50),2.28,276,180
91,4,0x30509a8084fdfe6fe24d9c9a817c209ad194f8e3,18.682259,1772634941,ab0bc684d793fbab3b5f0dc8fb30f469d4a3982cd528367f563d926de779ed92,154,77.00,5.39,1,8,6,0.024277,0.604822,Minotaur,minotaur(pow_w:0.50),2.36,277,180
92,0,0xa3786e459f289a76c0e8af8ad834e3d0c6d47199,16.741983,1772634943,501ef22a53c5423164920078d3064d5cbed5963581104482488bc37b4ca6e846,123,61.50,5.11,1,7,6,0.024424,0.605863,Minotaur,minotaur(pow_w:0.50),2.22,278,180
92,1,0xdcf2130496e27a8094ab996aea4aa77788d65869,13.515327,1772634945,501ef22a53c5423164920078d3064d5cbed5963581104482488bc37b4ca6e846,123,61.50,5.11,1,7,6,0.024425,0.605865,Minotaur,minotaur(pow_w:0.50),2.22,278,181
92,2,0xeaa5003682d7289190651081ae2bee847097afc5,1.758465,1772634947,501ef22a53c5423164920078d3064d5cbed5963581104482488bc37b4ca6e846,123,61.50,5.11,1,7,6,0.024425,0.605869,Minotaur,minotaur(pow_w:0.50),2.22,278,182
92,3,0x6d6b2734a20229ddd7fd4a1470ba3e3bad4e4a85,5.645274,1772634949,28e657e3ea5565b1ecb7c6ce464be396f475a195af8a63f4d33007992e85eaa4,167,23.86,5.44,1,8,6,0.024326,0.604372,Minotaur,minotaur(pow_w:0.50),4.82,279,182
92,4,0x8d9e46becf415ca26aa698c9657087e6554aabda,0.384006,1772634951,28e657e3ea5565b1ecb7c6ce464be396f475a195af8a63f4d33007992e85eaa4,167,23.86,5.44,1,8,6,0.024326,0.604373,Minotaur,minotaur(pow_w:0.50),4.82,279,183
93,0,0xc24b36dee27726233c3bbd9e1f028f98b6b2a424,17.435089,1772634953,28e657e3ea5565b1ecb7c6ce464be396f475a195af8a63f4d33007992e85eaa4,167,23.86,5.44,1,8,6,0.024327,0.604376,Minotaur,minotaur(pow_w:0.50),4.82,279,184
93,1,0x016d3fc36beee7caa8fbd6c1caa42461dd7f9850,4.878999,1772634955,9e483f43eae91fba4763ab9c389fa91eacf4af0273864725f9f87b5143a98f01,201,40.20,5.53,1,9,6,0.024454,0.605359,Minotaur,minotaur(pow_w:0.50),4.85,280,184
93,2,0xa447d277b02012c2afd9ddcbbe123f27cc971963,5.811265,1772634957,fe640eaa4d9e4d6770f999b6cd23629b1c1e1197e9458225f491637f26234364,250,125.00,3.42,1,6,3,0.024400,0.604959,Minotaur,minotaur(pow_w:0.50),7.86,281,184
93,3,0xeb82a21cb3d0dd781eb22ad74bb7cd9b4d2a06ec,2.919165,1772634959,e2cf8f3951c8732b80e9de0d01069a6c3bf7a4c86aba4abedee9b0b4b9bf51e8,220,110.00,3.45,1,5,3,0.024360,0.604949,Minotaur,minotaur(pow_w:0.50),1.84,282,184
93,4,0x269cdf52f97e1d9f14b7be895155a7b294f0b21d,6.728353,1772634961,9ad70bc1461c1fea8e302778178f98c4866e6228e0cd4863cca8ad0b9834dbc5,186,93.00,3.78,1,6,4,0.024279,0.603934,Minotaur,minotaur(pow_w:0.50),3.74,283,184
94,0,0xb2a7fe70a6f3137d38f6cb4c3ec6dd1e24f2d5f4,10.432648,1772634963,8db5cad05baecb9aa0942de30730e45a6061929c14a1acda9e0fb9138f60982d,173,86.50,3.96,1,6,4,0.024252,0.604162,Minotaur,minotaur(pow_w:0.50),1.51,284,184
94,1,0xc24b36dee27726233c3bbd9e1f028f98b6b2a424,18.436939,1772634965,998aa6e17817850ca2ae2a60fa8197b58e699b1d40076edc63214efe19c8467d,147,49.00,4.39,1,7,4,0.024277,0.604694,Minotaur,minotaur(pow_w:0.50),2.50,285,184
94,2,0xa068e3c9a21c8d8be636cd2d285895979ec3262e,11.982961,1772634968,08e23894265dbcdcde9840c698afde57f45ddef67fbd536efee80c7e2a30ffa5,132,66.00,5.29,1,7,6,0.024412,0.605660,Minotaur,minotaur(pow_w:0.50),2.46,286,184
94,3,0x58a21eeb7ab18ba8adf1296e66a4487076e95dac,6.091844,1772634969,112d3d053aab3e3bd780fa731d34f366a8c56a793509121531a6b9e73ded2395,155,77.50,4.36,1,6,4,0.024456,0.606335,Minotaur,minotaur(pow_w:0.50),2.47,287,184
94,4,0xbc3f8508d26048f2064aa8c068f4c94d08d77d18,12.076539,1772634971,112d3d053aab3e3bd780fa731d34f366a8c56a793509121531a6b9e73ded2395,155,77.50,4.36,1,6,4,0.024456,0.606337,Minotaur,minotaur(pow_w:0.50),2.47,287,185
95,0,0x606627477c3734932f47972f83c27cf4e3b35b4f,10.385327,1772634973,ceaf764eb5e37c12556c8af427fa612c473804a8856b5f2f21996a05bf4c5cbb,208,69.33,4.54,1,7,5,0.024501,0.606972,Minotaur,minotaur(pow_w:0.50),2.97,288,185
95,1,0x07902d0371763a00d97ed9ba16ff0a206cb0fd19,6.536089,1772634975,ceaf764eb5e37c12556c8af427fa612c473804a8856b5f2f21996a05bf4c5cbb,208,69.33,4.54,1,7,5,0.024501,0.606975,Minotaur,minotaur(pow_w:0.50),2.97,288,186
95,2,0xe6ebb0cdfd04183d498964e5efc4096ba77b17d6,8.298073,1772634977,ceaf764eb5e37c12556c8af427fa612c473804a8856b5f2f21996a05bf4c5cbb,208,69.33,4.54,1,7,5,0.024501,0.606977,Minotaur,minotaur(pow_w:0.50),2.97,288,187
95,3,0xf6e059718dbd0a0956726ab97d06bad5efc6cd18,3.011427,1772634979,ceaf764eb5e37c12556c8af427fa612c473804a8856b5f2f21996a05bf4c5cbb,208,69.33,4.54,1,7,5,0.024501,0.606980,Minotaur,minotaur(pow_w:0.50),2.97,288,188
95,4,0x58a21eeb7ab18ba8adf1296e66a4487076e95dac,6.091764,1772634981,20794c2365a8392b09f950386aa256f82b40604714a321a8635e2763fd7d0cf4,250,31.25,4.11,1,8,4,0.024501,0.606983,Minotaur,minotaur(pow_w:0.50),7.60,289,188
96,0,0xc774b0fee7cabbef3b1ae14bf36db3df0d32c1df,2.165967,1772634983,c4b4afb98519116d388d1c8be82d2b9a7e75c1f408d8a7933dcf3aa0286ba174,187,93.50,3.89,1,6,4,0.024502,0.606985,Minotaur,minotaur(pow_w:0.50),3.55,290,188
96,1,0x269cdf52f97e1d9f14b7be895155a7b294f0b21d,7.729803,1772634986,f53add0da31aeeb3cd2c17f0cfdb001dc63eaaeb2cb6733e37c89798b4da7105,150,50.00,4.11,1,6,4,0.024410,0.605649,Minotaur,minotaur(pow_w:0.50),2.50,291,188
96,2,0x6d6b2734a20229ddd7fd4a1470ba3e3bad4e4a85,5.645114,1772634987,19b2832c3a888added3df1e640463cd0cb2c567b5b38b3088f4e4e94b8adcd0b,144,72.00,4.86,1,7,5,0.024395,0.605945,Minotaur,minotaur(pow_w:0.50),2.47,292,188
96,3,0xa447d277b02012c2afd9ddcbbe123f27cc971963,6.813385,1772634989,92fbe8b35e0e58c8d4db2778faae5a39124702d3dc371c5d220495ea8f10b39d,76,76.00,5.93,1,9,6,0.024351,0.605821,Minotaur,minotaur(pow_w:0.50),2.01,293,188
96,4,0xa447d277b02012c2afd9ddcbbe123f27cc971963,6.813385,1772634991,92fbe8b35e0e58c8d4db2778faae5a39124702d3dc371c5d220495ea8f10b39d,76,76.00,5.93,1,9,6,0.024352,0.605824,Minotaur,minotaur(pow_w:0.50),2.01,293,189
97,0,0xa447d277b02012c2afd9ddcbbe123f27cc971963,6.813385,1772634993,92fbe8b35e0e58c8d4db2778faae5a39124702d3dc371c5d220495ea8f10b39d,76,76.00,5.93,1,9,6,0.024352,0.605826,Minotaur,minotaur(pow_w:0.50),2.01,293,190
97,1,0xaadc5fea232580cb8fba739ac5d05a48559c7e52,4.356483,1772634995,92fbe8b35e0e58c8d4db2778faae5a39124702d3dc371c5d220495ea8f10b39d,76,76.00,5.93,1,9,6,0.024352,0.605829,Minotaur,minotaur(pow_w:0.50),2.01,293,191
97,2,0xa447d277b02012c2afd9ddcbbe123f27cc971963,6.813385,1772634997,92fbe8b35e0e58c8d4db2778faae5a39124702d3dc371c5d220495ea8f10b39d,76,76.00,5.93,1,9,6,0.024352,0.605832,Minotaur,minotaur(pow_w:0.50),2.01,293,192
97,3,0xa447d277b02012c2afd9ddcbbe123f27cc971963,6.813385,1772634999,92fbe8b35e0e58c8d4db2778faae5a39124702d3dc371c5d220495ea8f10b39d,76,76.00,5.93,1,9,6,0.024352,0.605834,Minotaur,minotaur(pow_w:0.50),2.01,293,193
97,4,0xa447d277b02012c2afd9ddcbbe123f27cc971963,6.813385,1772635001,92fbe8b35e0e58c8d4db2778faae5a39124702d3dc371c5d220495ea8f10b39d,76,76.00,5.93,1,9,6,0.024352,0.605837,Minotaur,minotaur(pow_w:0.50),2.01,293,194
98,0,0xa447d277b02012c2afd9ddcbbe123f27cc971963,6.813385,1772635003,92fbe8b35e0e58c8d4db2778faae5a39124702d3dc371c5d220495ea8f10b39d,76,76.00,5.93,1,9,6,0.024352,0.605840,Minotaur,minotaur(pow_w:0.50),2.01,293,195
98,1,0x81193196c1dbdbf80709d43a5af5ce21c201fbd7,0.834279,1772635005,92fbe8b35e0e58c8d4db2778faae5a39124702d3dc371c5d220495ea8f10b39d,76,76.00,5.93,1,9,6,0.024352,0.605843,Minotaur,minotaur(pow_w:0.50),2.01,293,196
98,2,0x8d9e46becf415ca26aa698c9657087e6554aabda,0.383666,1772635007,693cab3351bacec64c078f6bf01e1f8205619e39b5051ca1e65e086d17a9c7cc,250,13.89,5.15,1,8,5,0.024244,0.603830,Minotaur,minotaur(pow_w:0.50),17.58,294,196
98,3,0xe478b1e4d1538274c0c70cbd7df877f9abab2f62,12.309736,1772635009,e123c00a1b7ff3b640dc988d537445744139c181690bd6f5610648c7f1faacaa,142,71.00,3.99,1,9,4,0.024131,0.601476,Minotaur,minotaur(pow_w:0.50),2.35,295,196
98,4,0xe478b1e4d1538274c0c70cbd7df877f9abab2f62,13.312226,1772635011,39161effc3c8cca2b7b91da7aeeee67edd22e7be7dabc52fc3b4fa747a6df62f,250,125.00,5.02,1,9,5,0.024177,0.602098,Minotaur,minotaur(pow_w:0.50),7.91,296,196
99,0,0x016d3fc36beee7caa8fbd6c1caa42461dd7f9850,5.880879,1772635013,c484077a824e2c8f07a0ee5079a763d80d2d639cb8c9358766f9eb19b3a0b454,159,79.50,4.46,1,6,5,0.024236,0.602832,Minotaur,minotaur(pow_w:0.50),2.26,297,196
99,1,0x269cdf52f97e1d9f14b7be895155a7b294f0b21d,8.730983,1772635015,1f6c66ea3f7e543393c1e0ec5b7150bf4c10ffc7289fc2e37f3be8cb4a5e0b79,206,103.00,3.26,1,5,3,0.024196,0.602762,Minotaur,minotaur(pow_w:0.50),1.92,298,196
99,2,0xac768e60b9269babb15cb1e36ee843243d7c7543,10.725008,1772635017,e51916f1683a05745b0b2f495005263ff492610933eb06d33970b1c76dcc8a9b,120,60.00,5.13,1,8,5,0.024193,0.603117,Minotaur,minotaur(pow_w:0.50),1.65,299,196
99,3,0xe478b1e4d1538274c0c70cbd7df877f9abab2f62,14.313746,1772635019,8fdda5c937a0cd4177f5decace69f1a380d2d54198cbbab1db548563b6c79005,180,90.00,4.23,1,8,4,0.024216,0.603612,Minotaur,minotaur(pow_w:0.50),1.88,300,196
99,4,0xbc3f8508d26048f2064aa8c068f4c94d08d77d18,13.078419,1772635021,8fdda5c937a0cd4177f5decace69f1a380d2d54198cbbab1db548563b6c79005,180,90.00,4.23,1,8,4,0.024216,0.603616,Minotaur,minotaur(pow_w:0.50),1.88,300,197
