epoch,slot,miner,proposer_stake,timestamp,block_hash,tx_count,throughput,avg_path_length,min_path_length,max_path_length,median_path_length,stake_concentration,gini_coefficient,consensus_type,consensus_state,avg_tx_delay_s,block_production_success,block_production_failed
0,2,0xd46407aa7b668c72de3cf1c1a12b7fa2e308a1b2,1.991729,1772616048,92ac76173390e29e4d8b2a74bc2bdcc6602f5f3b1f484263097eac3a2768f844,1,0.00,1.00,1,1,1,0.024404,0.600012,TopoStake,pog(D=0_omega=1.00),0.00,0,0
0,3,0x13f9dadc05f6c237b03411e2aed1800cf21a5d89,0.278022,1772616050,de1bb2e5c395205e4643c9bb7c58300a59036fcf13120442b57cde44d71331e8,187,37.40,3.92,1,5,4,0.024413,0.601121,TopoStake,pog(D=0_omega=1.00),1.43,1,0
0,4,0x311eb133eb413ac3f21249889bb101e5d40820ce,0.135209,1772616052,8d8f40dffa53416de91ec79c42450b6bee5b85996c4bc7e51b6715ef61f9e253,198,99.00,3.01,1,5,3,0.024086,0.597157,TopoStake,pog(D=0_omega=1.00),1.45,2,0
1,0,0xac768e60b9269babb15cb1e36ee843243d7c7543,3.718386,1772616054,77e53c601df0010a3effe60fd012fefe3c7ee343f05521b4adc058acceb4f7be,202,101.00,3.63,1,5,4,0.023741,0.592066,TopoStake,pog(D=1_omega=1.00),1.42,3,0
1,1,0xb2a7fe70a6f3137d38f6cb4c3ec6dd1e24f2d5f4,1.423108,1772616056,a914f5f4f28d1af71cdd283618df707b6b58564a58e9a9ecef9688d82c2a755c,229,114.50,3.94,1,6,4,0.024067,0.595336,TopoStake,pog(D=1_omega=1.00),1.53,4,0
1,2,0xa068e3c9a21c8d8be636cd2d285895979ec3262e,0.969110,1772616058,ef7ecdf7d7c75afc4e8b4813d2396287c44bb0354f2b58f8b9596080c277bd0c,169,84.50,4.34,1,6,4,0.023960,0.595311,TopoStake,pog(D=1_omega=1.00),1.49,5,0
1,3,0x95ab54d268473cce82094026afefdbd5cadf418b,0.599480,1772616060,3f9e97b19f7316de21a484f5f678924c1ec892bd35792b1ed86f6b3d556d18f8,172,86.00,4.48,1,6,5,0.023771,0.594083,TopoStake,pog(D=1_omega=1.00),1.45,6,0
1,4,0x28672c71695142588ed26ada6f4b18b8b6c12308,0.692419,1772616062,d8f4d247cc0e90ab579fe3d9ca8f0d86a013c1a94b179bdc97477d6d71abd9bc,146,73.00,4.67,1,7,5,0.023521,0.591497,TopoStake,pog(D=1_omega=1.00),1.43,7,0
2,0,0x07902d0371763a00d97ed9ba16ff0a206cb0fd19,2.533224,1772616064,c5aaa23d3198f62d84af3396f5144faf9d48cb0a4cbb9095ec4b792d4a603b99,145,72.50,3.68,1,5,4,0.023292,0.589126,TopoStake,pog(D=2_omega=1.00),1.49,8,0
2,1,0x81d019380961f92c2031b0a7fba69f7675145088,0.494656,1772616066,ce1107d95c4a7778cfdb078a1e2b58342aaa6936bbac1c2114e712595daf2dd2,187,62.33,2.67,1,4,3,0.023378,0.590922,TopoStake,pog(D=2_omega=1.00),2.37,9,0
2,2,0xc4dc29db975b952e04358340e56b68fa4ba63fbc,0.544530,1772616068,ce1107d95c4a7778cfdb078a1e2b58342aaa6936bbac1c2114e712595daf2dd2,187,62.33,2.67,1,4,3,0.023378,0.590931,TopoStake,pog(D=2_omega=1.00),2.37,9,1
2,3,0x9bdb1c7ad4bd8fe797b07c08117c74a591dbab2d,0.449335,1772616070,6af2bb4aa6c753d34cfce8bfe6423023f78f54278dd0fe88f727cc9837ad01c9,250,62.50,3.77,2,5,4,0.023128,0.587902,TopoStake,pog(D=2_omega=1.00),3.57,10,1
2,4,0xcb7977f4997b4252c0152e135dd79b3cfe35c1a5,0.628906,1772616072,5b11605db3bad0804d7944a7da6a8a2afe0a926cbe5086564657a373f01dc85a,145,72.50,3.76,1,5,4,0.022867,0.584410,TopoStake,pog(D=2_omega=1.00),2.49,11,1
3,0,0x016d3fc36beee7caa8fbd6c1caa42461dd7f9850,0.880626,1772616074,6e4bb4c9ffceb32c65cf26f0074137a5ffca50713b674c5d935f2dd31a4102a9,156,78.00,4.86,1,6,5,0.022641,0.581482,TopoStake,pog(D=3_omega=1.00),2.44,12,1
3,1,0x28672c71695142588ed26ada6f4b18b8b6c12308,1.692506,1772616077,8a03425fa1b7ac2626d0ce07fbfb56f5cd22ea4f45cc795507c02cf62417bf72,227,113.50,3.07,1,5,3,0.022458,0.579414,TopoStake,pog(D=3_omega=1.00),2.17,13,1
3,2,0x9c39f7fffaa5c5cfab20dfdd05663497918580c1,0.428257,1772616079,8279aa865506e454ccda91e7e3226d36497b6a6ba5216551aff138b934383457,128,64.00,4.05,1,7,4,0.022404,0.579735,TopoStake,pog(D=3_omega=1.00),2.15,14,1
3,3,0xeb82a21cb3d0dd781eb22ad74bb7cd9b4d2a06ec,2.924422,1772616081,8279aa865506e454ccda91e7e3226d36497b6a6ba5216551aff138b934383457,128,64.00,4.05,1,7,4,0.022404,0.579744,TopoStake,pog(D=3_omega=1.00),2.15,14,2
3,4,0xc24b36dee27726233c3bbd9e1f028f98b6b2a424,2.413373,1772616083,523a5af955cd705650189226c02f9dd1587c8682cad6bf076f54538ec11fea82,250,62.50,4.34,1,7,4,0.022535,0.581899,TopoStake,pog(D=3_omega=1.00),3.69,15,2
4,0,0x8c11ec9090dd820c076e57e899d9c604c79d6b32,1.566377,1772616085,e2bb027d10b1aaf848fb0c4b02bbba3a03c7c99cffc2decfedc29a7b0fe4c99d,177,88.50,4.13,1,7,4,0.022581,0.583200,TopoStake,pog(D=3_omega=1.00),2.66,16,2
4,1,0x0d91704595bff3aec25d40822498a51c62b05e3a,0.571597,1772616087,e2bb027d10b1aaf848fb0c4b02bbba3a03c7c99cffc2decfedc29a7b0fe4c99d,177,88.50,4.13,1,7,4,0.022581,0.583208,TopoStake,pog(D=3_omega=1.00),2.66,16,3
4,2,0x075e1d95c7891e1c00414ca1aa9a7a8cf6270019,0.142075,1772616089,62a7452f2f52986566ea0084a2b390bef3c09fbb3cd3d6a813a660e9822dc4b1,250,62.50,3.68,1,6,4,0.022354,0.579924,TopoStake,pog(D=3_omega=1.00),3.78,17,3
4,3,0xea287b266dbe2c2d402fd91814bcfc4c95d6b0fd,0.163494,1772616091,c488549e4a3c22b5b2e647103912c9d4e34f8220cc9c2c65c36bb37df6a992b0,242,121.00,3.12,1,5,3,0.022069,0.574860,TopoStake,pog(D=3_omega=1.00),2.17,18,3
4,4,0x63f4973c0df8a5358405f396dc0673a463c48de9,3.901196,1772616093,91345848ca17950989733e4c593171eaddbfcaf3da961296c53c71517b3fdd89,149,74.50,4.01,1,6,4,0.021793,0.569844,TopoStake,pog(D=3_omega=1.00),1.73,19,3
5,0,0xbc3f8508d26048f2064aa8c068f4c94d08d77d18,3.068504,1772616095,3f020bff2c6c65494d854c860e9ccdb08b262b39a30eb8604f8050ebe897c6b7,220,110.00,3.67,1,5,4,0.022043,0.572879,TopoStake,pog(D=3_omega=1.00),1.71,20,3
5,1,0x1cb1274c711a6c2e4e1596846e6ac604eeefb358,0.408276,1772616097,3f020bff2c6c65494d854c860e9ccdb08b262b39a30eb8604f8050ebe897c6b7,220,110.00,3.67,1,5,4,0.022044,0.572889,TopoStake,pog(D=3_omega=1.00),1.71,20,4
5,2,0x07902d0371763a00d97ed9ba16ff0a206cb0fd19,3.534462,1772616099,a69669e1c68d6e5d37b563e331108ecf3b6aabb972799af72bf83d3ae4193861,250,62.50,3.71,2,7,4,0.021805,0.568898,TopoStake,pog(D=3_omega=1.00),2.94,21,4
5,3,0x269cdf52f97e1d9f14b7be895155a7b294f0b21d,0.726344,1772616101,a69669e1c68d6e5d37b563e331108ecf3b6aabb972799af72bf83d3ae4193861,250,62.50,3.71,2,7,4,0.021805,0.568908,TopoStake,pog(D=3_omega=1.00),2.94,21,5
5,4,0xcdc82b7c868072205a399d0f68e6e3ad3bfd1ca6,0.208067,1772616103,b30bb13456528283227aa300054bd60dd731b53d9ed5e286a9a4edc3fb1e74a1,250,62.50,3.69,1,5,4,0.021614,0.566008,TopoStake,pog(D=3_omega=1.00),3.94,22,5
6,0,0x9ba702916c26a8583a7f277d6932b3c0d9927ce0,0.198341,1772616105,7dc8fd3e8b366aed9a6ad6476e644e43c0a4828a838d67f07639633241581e12,204,102.00,5.09,1,7,5,0.021358,0.561089,TopoStake,pog(D=4_omega=1.00),2.61,23,5
6,1,0x1cb1274c711a6c2e4e1596846e6ac604eeefb358,1.409458,1772616107,bf6c341d9d2fe32b17d03c9227024193597b28a88b4374a54fb7be59799bcb2d,162,81.00,4.89,1,8,5,0.021106,0.556045,TopoStake,pog(D=4_omega=1.00),1.94,24,5
6,2,0xb2a7fe70a6f3137d38f6cb4c3ec6dd1e24f2d5f4,2.422826,1772616109,991bfc7fe70ecda9c303315f4e25eb81926b4205971c3d3352e8666e13a55b2e,162,81.00,4.14,1,7,4,0.021014,0.555663,TopoStake,pog(D=4_omega=1.00),1.59,25,5
6,3,0x49b57eb4dace37c8819daf079c9c674f766d4f38,1.231851,1772616111,75b4476876fbb5f7b1acd80590f3415845a052870486263b595546520beeae7c,141,70.50,5.12,1,8,6,0.021050,0.556924,TopoStake,pog(D=4_omega=1.00),1.60,26,5
6,4,0xb2a7fe70a6f3137d38f6cb4c3ec6dd1e24f2d5f4,3.423435,1772616113,fc7c3df27fbf8a3a32ea2eb5ea84ad2ffcbc401af52bd1631f677e06a20b8d81,190,95.00,4.02,1,6,4,0.020935,0.555880,TopoStake,pog(D=4_omega=1.00),1.77,27,5
7,0,0x1cb1274c711a6c2e4e1596846e6ac604eeefb358,2.410244,1772616115,a4b3bbf0a47ee13994fd94b2a627d912789a4daea52e96514916765f7659163a,140,70.00,4.91,1,8,5,0.021089,0.558301,TopoStake,pog(D=4_omega=1.00),1.58,28,5
7,1,0x016d3fc36beee7caa8fbd6c1caa42461dd7f9850,1.882246,1772616117,2245c1184355151ec7ba01a4136357eca638cf60a7dae4ca1d847ebc2bbf2270,176,88.00,4.13,1,7,4,0.021113,0.559343,TopoStake,pog(D=4_omega=1.00),1.59,29,5
7,2,0x1cb1274c711a6c2e4e1596846e6ac604eeefb358,3.411115,1772616119,689916af4267dfeb8f5eaba0a4764c2f59ad98cdfcda3f140acabbdc26b284f8,164,82.00,3.29,1,6,3,0.021072,0.559607,TopoStake,pog(D=4_omega=1.00),1.47,30,5
7,3,0x687bf2437a044a3e42ff2f8a79a8e54ba9601f70,1.066668,1772616121,4e513c71f8dc46c9e68ec001aa210b821f04ac89da1477feb676f805773426e6,150,75.00,4.10,2,7,4,0.021208,0.561781,TopoStake,pog(D=4_omega=1.00),1.47,31,5
7,4,0x3513d672439a59c26cc5711f2b715ccb4810a774,1.292803,1772616123,681882a5eafb2ad952f489d52687c6ee2bca88057fec87bd2340292c95beff45,153,76.50,3.71,1,6,4,0.021067,0.560005,TopoStake,pog(D=4_omega=1.00),1.50,32,5
8,0,0xc774b0fee7cabbef3b1ae14bf36db3df0d32c1df,1.173903,1772616125,e6b0eb428aa6164cec07eae10a795b2dbe409e6145e881129327c1a208d54234,151,75.50,3.94,1,6,4,0.020955,0.558840,TopoStake,pog(D=3_omega=1.00),1.47,33,5
8,1,0xea287b266dbe2c2d402fd91814bcfc4c95d6b0fd,1.164027,1772616127,417def7d597634ef4039b18978996f64bce4e002cccfa2fd7bd9178a308c6397,156,52.00,4.04,1,6,4,0.020830,0.557210,TopoStake,pog(D=3_omega=1.00),2.46,34,5
8,2,0x13f9dadc05f6c237b03411e2aed1800cf21a5d89,1.279313,1772616129,538e8f25bc1bde0a8d0847a2aa34b887b2ec84c44b7b6a2acfcc393bdccf3b4f,182,91.00,4.04,2,6,4,0.020705,0.555427,TopoStake,pog(D=3_omega=1.00),2.54,35,5
8,3,0x60705151f1f537cacd5b801f3ef1b31dc3f605de,0.305432,1772616131,481878b2fa4fcb47b95278205586e472a79e4d32e1156bbb83c6f8c14c7da5d6,215,107.50,3.07,1,5,3,0.020594,0.553874,TopoStake,pog(D=3_omega=1.00),2.23,36,5
8,4,0x07902d0371763a00d97ed9ba16ff0a206cb0fd19,3.534717,1772616133,844a2594c1eb92dd9d6ab1c077bac2381b25bf268271bc578325f808e7803c53,139,69.50,4.11,2,6,4,0.020380,0.549557,TopoStake,pog(D=3_omega=1.00),2.31,37,5
9,0,0x2abf89d7c96c80fcff9dec1fe92803573094ee35,0.228808,1772616135,1dce2c5cc409665938a8953cd79d765835ba7a449b2005e14a046c3fbad65472,130,130.00,2.78,2,4,3,0.020510,0.551676,TopoStake,pog(D=3_omega=1.00),1.55,38,5
9,1,0xa068e3c9a21c8d8be636cd2d285895979ec3262e,1.968874,1772616137,6ea8e911fb97ada574638ec880ef8f9f2875360f97e3e5c23913c9980c0afb4f,164,82.00,3.65,1,6,4,0.020292,0.547056,TopoStake,pog(D=3_omega=1.00),1.75,39,5
9,2,0x687bf2437a044a3e42ff2f8a79a8e54ba9601f70,2.067360,1772616139,43c32b821753ba3212a02d23ab86ceb169eac012f9229efc8020e0b037d31666,134,67.00,4.36,1,7,5,0.020255,0.547195,TopoStake,pog(D=3_omega=1.00),2.18,40,5
9,3,0xfb35fdafcfc84561a42700a4a1c274edeb75bdc1,0.061960,1772616141,2a55c6785d6e7fa7ab2f975162c193703e06ef045f44e527d1b9b3088ea80d86,199,99.50,3.82,1,6,4,0.020227,0.547396,TopoStake,pog(D=3_omega=1.00),2.10,41,5
9,4,0x13f9dadc05f6c237b03411e2aed1800cf21a5d89,2.280507,1772616143,ed0064752c500ff8f93258d3a64200fbb0880db08b6ea5a6268e7aaa7804603a,144,72.00,4.24,1,7,4,0.019999,0.542107,TopoStake,pog(D=3_omega=1.00),1.85,42,5
10,0,0x016d3fc36beee7caa8fbd6c1caa42461dd7f9850,2.883397,1772616145,ada877b5124be3a30782954f9b589d40dc7f534daed0fb333bd7fb571124982c,200,100.00,3.31,1,5,3,0.019993,0.542611,TopoStake,pog(D=3_omega=1.00),1.78,43,5
10,1,0xc24b36dee27726233c3bbd9e1f028f98b6b2a424,3.413944,1772616147,670fc7eee788ccff62e870fb5c6683badb1f32b938c07e6fc836680ff6728b12,164,82.00,3.37,1,6,3,0.020043,0.543922,TopoStake,pog(D=3_omega=1.00),1.54,44,5
10,2,0x1cb1274c711a6c2e4e1596846e6ac604eeefb358,4.411968,1772616149,6769ee20242baa2c9c49976b432431edd1c2be5716a5bf57ae66e3a14bb1e17e,178,89.00,4.11,1,7,4,0.020140,0.545672,TopoStake,pog(D=3_omega=1.00),1.56,45,5
10,3,0x52e05d9fa4faa167f30baba23c710e4f49115288,0.148515,1772616151,4699f3272d8191245b648114a315ec6f958c59c2aa0fd417d7c01ec54c5979fe,182,91.00,3.49,1,5,4,0.020326,0.548541,TopoStake,pog(D=3_omega=1.00),1.49,46,5
10,4,0x0d91704595bff3aec25d40822498a51c62b05e3a,1.573338,1772616153,6f25cf18359c8c79037e3f738ba1af998227cd300750178cc6bfd4df0250b2ed,180,90.00,4.04,1,6,4,0.020111,0.543664,TopoStake,pog(D=3_omega=1.00),1.45,47,5
11,0,0xd3997be86c88837e3fd467517b943590b28fa641,0.058773,1772616155,ade09c810acf1c599170c9fe90adebe8ace878e4b26acd2a755a9b122444ded4,175,87.50,3.27,1,5,3,0.020029,0.542839,TopoStake,pog(D=3_omega=1.00),1.48,48,5
11,1,0x075e1d95c7891e1c00414ca1aa9a7a8cf6270019,1.144052,1772616157,8db30bef67bf249cfdb6ae30966e5d2c83619f7402e7e7b4bbfc5d8554d188b6,199,99.50,4.03,1,6,4,0.019812,0.537553,TopoStake,pog(D=3_omega=1.00),1.51,49,5
11,2,0x311eb133eb413ac3f21249889bb101e5d40820ce,1.134800,1772616159,1ceb865c4daac4a0fe96f15168cf20f895c2dff61b6820f8791b4cc531dc8bc2,170,85.00,3.18,2,5,3,0.019695,0.535637,TopoStake,pog(D=3_omega=1.00),1.48,50,5
11,3,0x075e1d95c7891e1c00414ca1aa9a7a8cf6270019,2.144873,1772616161,fe5b3754c4cac167e3484cc52cf47ca931fa1693428d29886a0610042c45b554,178,89.00,3.79,1,5,4,0.019578,0.533595,TopoStake,pog(D=3_omega=1.00),1.49,51,5
11,4,0x016d3fc36beee7caa8fbd6c1caa42461dd7f9850,3.884289,1772616163,dab5797f740cea6d87af1179dcad24ff74c8d75558b64add0ac0e98fea86794f,181,90.50,3.19,1,5,3,0.019551,0.533691,TopoStake,pog(D=3_omega=1.00),1.45,52,5
12,0,0x9bdb1c7ad4bd8fe797b07c08117c74a591dbab2d,1.448974,1772616165,813105bebe601e161f973e1f8efcea0ff5e604494aa978a5c0db7873d74b7f83,177,88.50,3.07,1,4,3,0.019671,0.535807,TopoStake,pog(D=3_omega=1.00),1.50,53,5
12,1,0xd3997be86c88837e3fd467517b943590b28fa641,1.059705,1772616167,01762a7e8ed8ff4ead14337aa7f148ada7e8bb1ee3d337be40567f82ec370b89,205,102.50,3.19,1,5,4,0.019581,0.534459,TopoStake,pog(D=3_omega=1.00),10.17,54,5
12,2,0x1cb1274c711a6c2e4e1596846e6ac604eeefb358,5.412819,1772616169,01762a7e8ed8ff4ead14337aa7f148ada7e8bb1ee3d337be40567f82ec370b89,205,102.50,3.19,1,5,4,0.019581,0.534466,TopoStake,pog(D=3_omega=1.00),10.17,54,6
12,3,0x719361397abe003a91af76243e5f9c7a0cd4279f,3.544103,1772616172,01762a7e8ed8ff4ead14337aa7f148ada7e8bb1ee3d337be40567f82ec370b89,205,102.50,3.19,1,5,4,0.019581,0.534472,TopoStake,pog(D=3_omega=1.00),10.17,54,7
12,4,0x719361397abe003a91af76243e5f9c7a0cd4279f,3.544103,1772616173,01762a7e8ed8ff4ead14337aa7f148ada7e8bb1ee3d337be40567f82ec370b89,205,102.50,3.19,1,5,4,0.019581,0.534476,TopoStake,pog(D=3_omega=1.00),10.17,54,8
13,0,0x1796dc61e715f15a2d27dfa32bd34780f12a8c24,1.724803,1772616175,01762a7e8ed8ff4ead14337aa7f148ada7e8bb1ee3d337be40567f82ec370b89,205,102.50,3.19,1,5,4,0.019582,0.534483,TopoStake,pog(D=3_omega=1.00),10.17,54,9
13,1,0x3d92e045fb1847aae132b40ebfcc471a32f687de,0.128279,1772616177,318db98b7b22988cfd8d77f8a3c2b114061fc1fe067b1773087b1bc0ac10d750,149,74.50,3.98,1,6,4,0.019582,0.534489,TopoStake,pog(D=3_omega=1.00),2.82,54,10
13,2,0x28672c71695142588ed26ada6f4b18b8b6c12308,2.693125,1772616179,feee9fd548e58d99f7fe6bc171c44dff64680289fd66e730994652acc4955078,250,50.00,3.33,1,5,3,0.019582,0.534496,TopoStake,pog(D=3_omega=1.00),4.88,54,11
13,3,0xea287b266dbe2c2d402fd91814bcfc4c95d6b0fd,2.164640,1772616181,2b6865eb50d64ee1063b0ff7c6e53195f3258cd25ea476d09cc9df9729d6cca6,197,98.50,4.02,1,6,4,0.019582,0.534502,TopoStake,pog(D=3_omega=1.00),2.63,54,12
13,4,0x07902d0371763a00d97ed9ba16ff0a206cb0fd19,4.535831,1772616183,1522f4efd35727a4ddf57c21118be0eacb91b4889025e414ba8507d4b6b9cb24,212,106.00,3.59,2,5,4,0.019583,0.534509,TopoStake,pog(D=3_omega=1.00),1.82,54,13
14,0,0x13f9dadc05f6c237b03411e2aed1800cf21a5d89,3.281613,1772616185,774c1ae5610e012020928523e69ef4696549332dc05afa530f24a5e08e6c14e8,190,95.00,2.87,1,4,3,0.019583,0.534516,TopoStake,pog(D=3_omega=1.00),1.64,54,14
14,1,0x26d553a2f4343b3a7dc88bbd87b3d0a25d3838d9,3.219392,1772616187,6cfd0f5afc9eb03d315a727f166ff1649ce9130b96718ae311ab53e13095cb4b,173,86.50,3.14,1,5,3,0.019646,0.535936,TopoStake,pog(D=3_omega=1.00),1.49,55,14
14,2,0x687bf2437a044a3e42ff2f8a79a8e54ba9601f70,3.068161,1772616189,97cfca29b8a376d4d2d1374f802e84ac3cf6bc4dd7d88f7998b521935cbb8e9f,137,68.50,3.90,1,6,4,0.019701,0.537177,TopoStake,pog(D=3_omega=1.00),1.55,56,14
14,3,0xac768e60b9269babb15cb1e36ee843243d7c7543,4.718196,1772616191,cf88c4f7c826241f6cd96322347b39e0977e420a77ce086176f322525459640b,160,80.00,3.86,1,6,4,0.019741,0.538192,TopoStake,pog(D=3_omega=1.00),1.49,57,14
14,4,0x1cb1274c711a6c2e4e1596846e6ac604eeefb358,5.412680,1772616193,2c0f4e31d442386129e65cd9d6beb49353899b4d69ee0a99f8c14efd61360bb0,151,75.50,4.60,1,8,5,0.019910,0.540925,TopoStake,pog(D=3_omega=1.00),1.56,58,14
15,0,0xc24b36dee27726233c3bbd9e1f028f98b6b2a424,4.414397,1772616195,f114370db75b7fd23aee9f6446f6ea9ef9d59c9a464062829b65d3eb6dab79b8,152,76.00,4.15,1,7,4,0.020129,0.543720,TopoStake,pog(D=3_omega=1.00),1.55,59,14
15,1,0x075e1d95c7891e1c00414ca1aa9a7a8cf6270019,3.145819,1772616197,ec43936bee193122e377294b6079a93f25829a3b2eed2f3d5eeb7fd05e993120,183,91.50,4.14,1,7,4,0.020262,0.546083,TopoStake,pog(D=3_omega=1.00),1.51,60,14
15,2,0x71f297f96355f349d66f0e9b681e7d4e11224660,0.171251,1772616199,4134eebf6768a7fbd8d8637bdf0083073deaae5e56ea9398e29a890be103f9bc,150,75.00,3.11,1,5,3,0.020293,0.546948,TopoStake,pog(D=3_omega=1.00),1.39,61,14
15,3,0x075e1d95c7891e1c00414ca1aa9a7a8cf6270019,4.146541,1772616201,57c2e79a1ccbdd0dd638cd5f476731ec9317868a9983b0620c2411185c726c4a,153,76.50,4.00,2,6,4,0.020094,0.542370,TopoStake,pog(D=3_omega=1.00),1.50,62,14
15,4,0x28672c71695142588ed26ada6f4b18b8b6c12308,2.693022,1772616203,fb16f80cbb5e9de07a24f172bd485568283137b24535c9c868a943ceed5e4ce1,166,83.00,3.03,1,5,3,0.020199,0.544330,TopoStake,pog(D=3_omega=1.00),1.41,63,14
16,0,0x0d91704595bff3aec25d40822498a51c62b05e3a,2.574287,1772616206,7c9bbf1655a1a2d14e1e422ec310f2f0bd45b04d3c3c5979d8562429b3575393,149,49.67,3.37,1,5,3,0.020191,0.544787,TopoStake,pog(D=3_omega=1.00),2.21,64,14
16,1,0x4414c05be2cf328f38d2e3ef4b705d6b894f044a,2.089343,1772616207,03c2793bcd63513fff88d70438e2da615626ef7f5b35cc100a5d229f545fb307,180,90.00,3.24,1,5,3,0.020173,0.545018,TopoStake,pog(D=3_omega=1.00),2.09,65,14
16,2,0x07902d0371763a00d97ed9ba16ff0a206cb0fd19,4.535997,1772616209,1459347177713113c8445490080d34817130bf8d4cc142ec2bd95d95a00c6bdc,60,60.00,3.77,1,6,4,0.020118,0.544662,TopoStake,pog(D=3_omega=1.00),1.68,66,14
16,3,0xcb7977f4997b4252c0152e135dd79b3cfe35c1a5,1.628129,1772616211,1459347177713113c8445490080d34817130bf8d4cc142ec2bd95d95a00c6bdc,60,60.00,3.77,1,6,4,0.020119,0.544667,TopoStake,pog(D=3_omega=1.00),1.68,66,15
16,4,0x71f297f96355f349d66f0e9b681e7d4e11224660,1.171851,1772616213,d9bb2d801c1b818ec0899ec002efb36a4b03506804899612d820780d379d321f,250,62.50,4.76,1,7,5,0.020031,0.543557,TopoStake,pog(D=3_omega=1.00),3.74,67,15
17,0,0x54f496e5c1d9f95a916cf7f5b62e9c98e64a3dc5,0.043557,1772616215,e2b7c4905d7184c9f8d1e6b2fea1977a81580b7236fa962395a58c502c1cb09c,195,97.50,4.00,1,6,4,0.019912,0.541473,TopoStake,pog(D=4_omega=1.00),2.42,68,15
17,1,0x282f43759e22b50aa7989261c51c367f325c3f91,0.352658,1772616217,d3211a6c5c03d371c6b613afded46359d85a83b92aad56716c99347301f711d3,183,91.50,4.58,1,7,5,0.019715,0.536527,TopoStake,pog(D=4_omega=1.00),2.00,69,15
17,2,0xb990cdf21950e6086c350175c4bc504e45858230,0.121615,1772616219,c4f4f64b1f3e58cc8621b4902c27d87f4b59b3e1490fd9a08b768579234afe9b,187,93.50,3.95,1,6,4,0.019543,0.532533,TopoStake,pog(D=4_omega=1.00),1.71,70,15
17,3,0x52e05d9fa4faa167f30baba23c710e4f49115288,1.149059,1772616221,e29e4b78496b8b679aa3404b9535b2af98f9fe758d22048b3d19492475cc0df7,185,92.50,4.10,1,6,4,0.019358,0.527814,TopoStake,pog(D=4_omega=1.00),1.51,71,15
17,4,0x07902d0371763a00d97ed9ba16ff0a206cb0fd19,4.536109,1772616223,7fd66d485e252f021fe41e6ad142319f69d2611f23eb3d718ede275705b81858,180,90.00,4.09,1,6,4,0.019245,0.525690,TopoStake,pog(D=4_omega=1.00),1.50,72,15
18,0,0x28672c71695142588ed26ada6f4b18b8b6c12308,3.693706,1772616225,de2a2852f9d13381a796e02b04b284d99037c3367ca51e60227140bb5901def5,169,84.50,2.74,1,4,3,0.019360,0.527872,TopoStake,pog(D=3_omega=1.00),1.46,73,15
18,1,0x30509a8084fdfe6fe24d9c9a817c209ad194f8e3,2.657039,1772616227,0fb45f1ad2e92348c2125eee3b0fcf7119cdce623fbd6e842589faf1996a1209,178,89.00,3.62,1,5,4,0.019415,0.529129,TopoStake,pog(D=3_omega=1.00),1.46,74,15
18,2,0x34d94cc0534eb50dec7956bea31407428d6d5ef8,0.086347,1772616229,ee4e2175139d8620d6cf0cfb13e02c8387d5e002841c5912af78db000fc011ee,198,99.00,3.41,1,5,3,0.019401,0.529352,TopoStake,pog(D=3_omega=1.00),1.50,75,15
18,3,0x1cb1274c711a6c2e4e1596846e6ac604eeefb358,6.413355,1772616231,2ea3c1d9277e0d5ba380c6154c842f909306f643e0c27da3da2a7a3931815635,187,93.50,3.70,1,5,4,0.019219,0.524555,TopoStake,pog(D=3_omega=1.00),1.47,76,15
18,4,0x4414c05be2cf328f38d2e3ef4b705d6b894f044a,3.089456,1772616233,8a13aea7a1b790dfa39f60cafd1c01a4a33f34c49a2b9bda8ac309d53aee2981,201,67.00,3.38,1,5,4,0.019444,0.527193,TopoStake,pog(D=3_omega=1.00),2.43,77,15
19,0,0x13f9dadc05f6c237b03411e2aed1800cf21a5d89,4.283322,1772616236,c4ded7502336a621479451b24b210a238b8c38ef51aca2e4eea19a99f5564ad1,165,82.50,3.87,1,6,4,0.019453,0.527708,TopoStake,pog(D=3_omega=1.00),2.36,78,15
19,1,0x13f9dadc05f6c237b03411e2aed1800cf21a5d89,5.284522,1772616237,c592ef5abc3ab0e821ad4e71f1ff7aba4bf7c75d97bed3158195d3829a6504b1,242,121.00,3.04,1,5,3,0.019535,0.529478,TopoStake,pog(D=3_omega=1.00),2.11,79,15
19,2,0x30509a8084fdfe6fe24d9c9a817c209ad194f8e3,3.658033,1772616239,2dff717ec143f3205597f9d436967ec2d7386aaa0087bd6f630b0631dc98e329,70,70.00,3.34,1,5,4,0.019676,0.531840,TopoStake,pog(D=3_omega=1.00),1.37,80,15
19,3,0xf13caa2c5f6f6cf61e51290bfa7826a9140b4faf,0.045437,1772616241,dd7641515ffc3fd2f1b6547437db08437f19b4fa2aaac5bed96a4f73ccf8a9d6,130,65.00,4.12,1,7,4,0.019713,0.532791,TopoStake,pog(D=3_omega=1.00),2.03,81,15
19,4,0x07902d0371763a00d97ed9ba16ff0a206cb0fd19,5.537445,1772616243,bd8e97fc095358a8d6b18ce04114e4950d7a11f1d4ac0818b2537dece3e5a8ac,154,77.00,5.08,1,7,5,0.019530,0.527862,TopoStake,pog(D=3_omega=1.00),2.14,82,15
20,0,0x49b57eb4dace37c8819daf079c9c674f766d4f38,2.231912,1772616245,bd8e97fc095358a8d6b18ce04114e4950d7a11f1d4ac0818b2537dece3e5a8ac,154,77.00,5.08,1,7,5,0.019530,0.527867,TopoStake,pog(D=3_omega=1.00),2.14,82,16
20,1,0x269cdf52f97e1d9f14b7be895155a7b294f0b21d,1.727184,1772616247,eabbe6ed024489edccab69d1203065ded04acf7d3d3428979433074111259ec9,250,62.50,5.05,1,8,5,0.019481,0.527593,TopoStake,pog(D=3_omega=1.00),3.72,83,16
20,2,0xe6ebb0cdfd04183d498964e5efc4096ba77b17d6,4.294210,1772616249,6401e09db568527554d85f84c82e970c4cc0f5acdbe66a4352fa5222a602b3cd,141,70.50,3.87,1,6,4,0.019401,0.526562,TopoStake,pog(D=3_omega=1.00),2.23,84,16
20,3,0x4ba33404d90c4ae989714d9d174cd882cffb7994,1.118603,1772616251,f1fccb9787a7e89fba8c658ead050ed26117c25d0e97f8a67375f77cd764647d,167,83.50,4.16,1,6,4,0.019401,0.526568,TopoStake,pog(D=3_omega=1.00),1.48,85,16
20,4,0x07902d0371763a00d97ed9ba16ff0a206cb0fd19,5.537539,1772616253,6da939230ffc1645b0038722b0a805b5eefa415e1b03dbd4c31031eb3fca75ac,188,94.00,4.57,2,7,5,0.019287,0.524401,TopoStake,pog(D=3_omega=1.00),1.56,86,16
21,0,0xc577329e86aaecb006f17fb90499c54671119935,0.319755,1772616255,c3e076f7510e78c8407385fb0e3dd5207fed12415199712d19825c5a7f5d4095,163,81.50,2.69,1,4,3,0.019430,0.526705,TopoStake,pog(D=4_omega=1.00),1.48,87,16
21,1,0xf13caa2c5f6f6cf61e51290bfa7826a9140b4faf,1.045735,1772616257,6867dda877af3613e1aaecb4b2af1d46b41654dc44c56757eabcd381ad1b4b5e,189,94.50,4.00,1,6,4,0.019269,0.522658,TopoStake,pog(D=4_omega=1.00),1.48,88,16
21,2,0x0d91704595bff3aec25d40822498a51c62b05e3a,3.575693,1772616260,aa3524e04b511f918846251f6b383cbf031a9970185292fb955f0a018164e35b,187,62.33,4.04,1,6,4,0.019152,0.520283,TopoStake,pog(D=4_omega=1.00),2.42,89,16
21,3,0xc24b36dee27726233c3bbd9e1f028f98b6b2a424,5.414825,1772616261,557085bf54e30b1e661bea469fc3d6439be558f309cf05dcdbd3b1df3ffc6096,203,101.50,3.16,1,5,3,0.019178,0.521077,TopoStake,pog(D=4_omega=1.00),2.12,90,16
21,4,0x28672c71695142588ed26ada6f4b18b8b6c12308,4.694627,1772616263,822d79a19b068522cf3dbc2639c6877133901a39d04dbdbc8763575de3cc5025,74,74.00,3.95,1,5,4,0.019305,0.523218,TopoStake,pog(D=4_omega=1.00),1.47,91,16
22,0,0xb2a7fe70a6f3137d38f6cb4c3ec6dd1e24f2d5f4,4.423391,1772616265,4684e22fb37fe27d5f40a51550bed1e48a4bc431643fe59d83b94286b41c270f,209,104.50,3.55,2,5,4,0.019389,0.525053,TopoStake,pog(D=3_omega=1.00),1.76,92,16
22,1,0x07902d0371763a00d97ed9ba16ff0a206cb0fd19,6.538642,1772616267,89702918106cf8e6d005141401cf89ca6d67d1609ea93d56258925e1179e50f1,168,84.00,3.99,1,6,4,0.019455,0.526601,TopoStake,pog(D=3_omega=1.00),1.68,93,16
22,2,0x30509a8084fdfe6fe24d9c9a817c209ad194f8e3,4.658912,1772616269,89702918106cf8e6d005141401cf89ca6d67d1609ea93d56258925e1179e50f1,168,84.00,3.99,1,6,4,0.019455,0.526606,TopoStake,pog(D=3_omega=1.00),1.68,93,17
22,3,0x07902d0371763a00d97ed9ba16ff0a206cb0fd19,6.538715,1772616271,a1e16b670e3e15ed25d2d0c3daed3d734ccf1bd1daa48a3b0a25c14a0ecbbfec,250,62.50,3.94,1,6,4,0.019531,0.528205,TopoStake,pog(D=3_omega=1.00),3.26,94,17
22,4,0x49b57eb4dace37c8819daf079c9c674f766d4f38,3.232397,1772616273,a1e16b670e3e15ed25d2d0c3daed3d734ccf1bd1daa48a3b0a25c14a0ecbbfec,250,62.50,3.94,1,6,4,0.019531,0.528210,TopoStake,pog(D=3_omega=1.00),3.26,94,18
23,0,0xf13caa2c5f6f6cf61e51290bfa7826a9140b4faf,2.046534,1772616275,902ab603913d92f23d9128e982322ea3c61cf3fed2e9b9324ef50988484f16a6,250,62.50,4.46,1,7,4,0.019529,0.528563,TopoStake,pog(D=4_omega=1.00),3.10,95,18
23,1,0x269cdf52f97e1d9f14b7be895155a7b294f0b21d,2.727789,1772616277,11ebb12f45df9bc6db68eceaca29efb00033ace230be21bbfb8ac5d6ff3f2556,175,87.50,4.51,1,7,5,0.019463,0.527905,TopoStake,pog(D=4_omega=1.00),2.07,96,18
23,2,0x075e1d95c7891e1c00414ca1aa9a7a8cf6270019,5.148628,1772616279,92002862f5d6b18bef8fb1b8db469bc3c3a82e79091a3e542760c0321b1e903f,168,84.00,3.79,1,5,4,0.019433,0.527850,TopoStake,pog(D=4_omega=1.00),1.44,97,18
23,3,0x0d91704595bff3aec25d40822498a51c62b05e3a,4.576724,1772616281,89017a77f96c2a10880ce6ef6adff61822744f6528e0fdb6a87a6ab1748aeb45,189,63.00,3.42,1,6,4,0.019528,0.529604,TopoStake,pog(D=4_omega=1.00),2.39,98,18
23,4,0xbc3f8508d26048f2064aa8c068f4c94d08d77d18,3.067758,1772616284,1e1af6d95a69982f554446844c6b788197ca15ed4251fb3693c59c6a11b01023,175,87.50,3.74,1,6,4,0.019591,0.530961,TopoStake,pog(D=4_omega=1.00),2.34,99,18
24,0,0xa3786e459f289a76c0e8af8ad834e3d0c6d47199,4.726923,1772616285,2daaad3de5334153770d309e856a70c85101c600fcddae3227871415f8694c70,168,84.00,4.36,1,6,4,0.019574,0.531028,TopoStake,pog(D=3_omega=1.00),2.36,100,18
24,1,0x49b57eb4dace37c8819daf079c9c674f766d4f38,4.233280,1772616287,2daaad3de5334153770d309e856a70c85101c600fcddae3227871415f8694c70,168,84.00,4.36,1,6,4,0.019575,0.531033,TopoStake,pog(D=3_omega=1.00),2.36,100,19
24,2,0xe478b1e4d1538274c0c70cbd7df877f9abab2f62,2.299050,1772616289,ce42d3c2f78c5b958ae0a11d84a793c46615f578991f22c8d317153dd20f69a7,250,83.33,4.48,1,7,5,0.019616,0.532118,TopoStake,pog(D=3_omega=1.00),2.80,101,19
24,3,0x89100a8056319ba37491b32ba255004180607bc2,2.787370,1772616291,66970ace3c30a59917cd2d46c38300817e56222ffc02e4c8eb55f0d56e33c7a6,244,122.00,4.21,1,6,4,0.019560,0.531607,TopoStake,pog(D=3_omega=1.00),1.95,102,19
24,4,0x6064b9f5883bf9737dfe314ff68c56e09e68ac89,2.191416,1772616293,66970ace3c30a59917cd2d46c38300817e56222ffc02e4c8eb55f0d56e33c7a6,244,122.00,4.21,1,6,4,0.019560,0.531612,TopoStake,pog(D=3_omega=1.00),1.95,102,20
25,0,0x075e1d95c7891e1c00414ca1aa9a7a8cf6270019,6.149785,1772616295,3121f723ec094a6ffc72f2576dffcf37fb31d53da72f6f0af77ec6dcbceab4b0,250,62.50,3.76,1,6,4,0.019561,0.531616,TopoStake,pog(D=4_omega=1.00),3.06,103,20
25,1,0x95ab54d268473cce82094026afefdbd5cadf418b,1.598000,1772616297,5d29cd196f8103b5c4db37ed6a702caa79fda362c9d69d7bb7bddddc7d0926dd,102,51.00,3.02,1,5,3,0.019631,0.533025,TopoStake,pog(D=4_omega=1.00),1.20,104,20
25,2,0x311eb133eb413ac3f21249889bb101e5d40820ce,2.134971,1772616299,2ecc35796e9293183e9e63dc5675a4f15dad80e4691897a9c78c102e7fd6aa33,183,91.50,4.51,1,6,5,0.019540,0.531587,TopoStake,pog(D=4_omega=1.00),1.51,105,20
25,3,0x07902d0371763a00d97ed9ba16ff0a206cb0fd19,6.538675,1772616301,32f05ae7cf8b402cc51a879fb0fe75edc98848a46c6a6cfc09b54e454d9d3388,183,91.50,3.53,1,6,4,0.019475,0.530725,TopoStake,pog(D=4_omega=1.00),1.45,106,20
25,4,0x408bb0bf84df50b21c53c74420987f172d4036a1,0.799051,1772616304,aea74d24b609d0b4311f24a072a44a8e869ae0885443f9156aaea79621bac7a6,177,59.00,2.68,1,4,3,0.019619,0.532817,TopoStake,pog(D=4_omega=1.00),2.33,107,20
26,0,0x34d94cc0534eb50dec7956bea31407428d6d5ef8,1.086612,1772616305,4581b2be978861289424eb648e4c0e68dbd1a2df4be9a951715cb590c8345625,175,87.50,3.60,1,5,4,0.019490,0.529990,TopoStake,pog(D=3_omega=1.00),2.15,108,20
26,1,0x1796dc61e715f15a2d27dfa32bd34780f12a8c24,1.725104,1772616307,c497b0b409f8424bf4661587bc72227d70b73f8d8711a2516ca0c95a96226089,131,131.00,3.72,1,5,4,0.019377,0.527667,TopoStake,pog(D=3_omega=1.00),1.52,109,20
26,2,0x28672c71695142588ed26ada6f4b18b8b6c12308,5.695455,1772616309,c497b0b409f8424bf4661587bc72227d70b73f8d8711a2516ca0c95a96226089,131,131.00,3.72,1,5,4,0.019377,0.527672,TopoStake,pog(D=3_omega=1.00),1.52,109,21
26,3,0x0d91704595bff3aec25d40822498a51c62b05e3a,5.577673,1772616311,0efae9fea8422f5b1f62e3a0f5d96f2e5d3caa19a3e0f95b85586ef81e7ede88,250,62.50,4.13,1,7,4,0.019476,0.529476,TopoStake,pog(D=3_omega=1.00),2.99,110,21
26,4,0x49b57eb4dace37c8819daf079c9c674f766d4f38,5.234057,1772616313,1043ed737cd1e95b4c46b48ef704ab8beec78bf04fbe967275d2a65a2a01d2f9,204,102.00,3.66,1,6,4,0.019567,0.531126,TopoStake,pog(D=3_omega=1.00),1.95,111,21
27,0,0x13f9dadc05f6c237b03411e2aed1800cf21a5d89,6.286093,1772616315,24be32ac984082ed77ce6d23182be3356c9732649bab667fb5fd96a2a742a866,148,74.00,4.06,1,6,4,0.019640,0.532538,TopoStake,pog(D=3_omega=1.00),1.46,112,21
27,1,0xc24b36dee27726233c3bbd9e1f028f98b6b2a424,6.414946,1772616317,3c56804015f92305eb59f38597733f733cc6873e826e9cbd3a45ac303a944ff1,159,79.50,3.28,2,5,3,0.019757,0.534354,TopoStake,pog(D=3_omega=1.00),1.53,113,21
27,2,0xd61b00c297972877b45f8d7f4d67fdaf20c67c59,0.334602,1772616319,36a26630ede97e79b3ea573369cd40f3e66a375cda75b7ef72fd6eda0715e365,208,104.00,4.26,1,7,4,0.019877,0.536120,TopoStake,pog(D=3_omega=1.00),1.56,114,21
27,3,0x30509a8084fdfe6fe24d9c9a817c209ad194f8e3,5.660615,1772616321,c42cf4c132595748fe3d6889a93f8856a3270bcdcc603b152cc54b8aca8a4896,153,76.50,5.37,2,7,6,0.019728,0.532382,TopoStake,pog(D=3_omega=1.00),1.44,115,21
27,4,0xbc3f8508d26048f2064aa8c068f4c94d08d77d18,4.068436,1772616323,8d6ad0bec7a01bdb376a2f03e386d88530d586753e89542c0d02ee6e2e133b3e,178,59.33,4.00,1,6,4,0.019812,0.533813,TopoStake,pog(D=3_omega=1.00),2.39,116,21
28,0,0x719361397abe003a91af76243e5f9c7a0cd4279f,3.543699,1772616325,89a4f71e633642bdf826f8e7b22c865bba25e584339ce8b704b1af0ab83261de,172,86.00,4.72,2,7,5,0.019825,0.534615,TopoStake,pog(D=4_omega=1.00),2.50,117,21
28,1,0x13f9dadc05f6c237b03411e2aed1800cf21a5d89,7.287008,1772616327,89a4f71e633642bdf826f8e7b22c865bba25e584339ce8b704b1af0ab83261de,172,86.00,4.72,2,7,5,0.019825,0.534621,TopoStake,pog(D=4_omega=1.00),2.50,117,22
28,2,0xe184aeec69f3313df03bef8752946c65f0a70021,0.089807,1772616329,701e1eae246c8e63eb15bbe026ac21c3e71fcd982ac4b9579d46492287c7d754,250,83.33,3.34,1,5,3,0.019974,0.536680,TopoStake,pog(D=4_omega=1.00),2.95,118,22
28,3,0x30509a8084fdfe6fe24d9c9a817c209ad194f8e3,6.661511,1772616331,4c97c42d23659de4c281e0af1a6f6e91039fc100509b5fdb248a7075ed2ce26d,158,79.00,4.15,1,6,4,0.019816,0.532435,TopoStake,pog(D=4_omega=1.00),1.78,119,22
28,4,0x016d3fc36beee7caa8fbd6c1caa42461dd7f9850,4.886219,1772616333,ac25c5b7945331261f4495d94defad12cf7183bbdd54d0b629313fb73bb8fb57,155,77.50,3.94,1,6,4,0.019935,0.534173,TopoStake,pog(D=4_omega=1.00),1.79,120,22
29,0,0x1d1d2c63625de70b1e5ef40056bd2deb89d7fef2,0.070130,1772616335,7171043608ae1ebcfc6d2735e1b81b4b754a505bb4d3f4371148e07eb88b3f37,171,85.50,3.29,1,5,3,0.019977,0.535288,TopoStake,pog(D=3_omega=1.00),1.47,121,22
29,1,0xd46407aa7b668c72de3cf1c1a12b7fa2e308a1b2,2.990370,1772616337,5d26ad96a776b0991af9caad9d656304580a09b910fba93c44a818f2a9e4fae1,152,76.00,4.30,1,6,4,0.019820,0.530970,TopoStake,pog(D=3_omega=1.00),1.53,122,22
29,2,0x30509a8084fdfe6fe24d9c9a817c209ad194f8e3,7.662230,1772616339,7bf4825fa4f7888a9cd3b37428876630c75a268ef58e3b2f560846d24a5da9f3,185,92.50,3.89,1,5,4,0.019783,0.530851,TopoStake,pog(D=3_omega=1.00),1.56,123,22
29,3,0x075e1d95c7891e1c00414ca1aa9a7a8cf6270019,7.151272,1772616341,29b9d1f18f9547f678bda6add5c9ff7dc012e761bab502f599347aa3cc75536e,189,63.00,3.31,1,5,3,0.019935,0.532861,TopoStake,pog(D=3_omega=1.00),2.48,124,22
29,4,0x311eb133eb413ac3f21249889bb101e5d40820ce,3.135823,1772616344,7e4a3a6a69cbf372f56ee4933a8c8383e93dd1e27fe498e0e971ed563437bd99,214,107.00,3.16,1,5,3,0.020063,0.534648,TopoStake,pog(D=3_omega=1.00),2.36,125,22
30,0,0x49b57eb4dace37c8819daf079c9c674f766d4f38,6.234756,1772616345,3263554cfee40dbbbfa25c65854a4239e53a634f10ee3ec1ff9cf9c21bdc2a5f,200,100.00,3.58,1,5,4,0.020029,0.534544,TopoStake,pog(D=3_omega=1.00),2.07,126,22
30,1,0x1d1d2c63625de70b1e5ef40056bd2deb89d7fef2,1.070673,1772616347,db6694986a71ad8019d78e2528e665883fc38db702571f939cdb274ab4a46c3a,86,86.00,4.01,1,6,4,0.020116,0.535962,TopoStake,pog(D=3_omega=1.00),1.43,127,22
30,2,0x13f9dadc05f6c237b03411e2aed1800cf21a5d89,8.288759,1772616349,fb515fab135a9d49ab5bed470586c0efa7127a73fcf293ec08737106816ae9f9,230,115.00,3.82,1,5,4,0.020000,0.533672,TopoStake,pog(D=3_omega=1.00),1.81,128,22
30,3,0x13f9dadc05f6c237b03411e2aed1800cf21a5d89,9.289564,1772616351,b4eabe86f34657d609552aaaf80bec55e838e6e2ebbc2aa8635903cf0ab44b4b,163,81.50,3.08,1,5,3,0.020163,0.535646,TopoStake,pog(D=3_omega=1.00),1.41,129,22
30,4,0xcb7977f4997b4252c0152e135dd79b3cfe35c1a5,2.627827,1772616353,e63b3ffba0e66ee4c43d62cfaafd1e9979130b0c3e800f7db37013fc7de00dd5,166,83.00,3.19,1,5,3,0.020361,0.537635,TopoStake,pog(D=3_omega=1.00),1.52,130,22
31,0,0xf82400c4f426bdbd2bc687ffef1f22c1a381c851,0.063365,1772616355,bdf6688b7689e03c413884255df23e5c213350e9cd46fb7b75daee9b774639d7,160,80.00,4.92,1,6,5,0.020303,0.537099,TopoStake,pog(D=3_omega=1.00),1.46,131,22
31,1,0x30405867b72597aaeb27803bb2c7f3f5fc7d5384,0.517322,1772616357,06309714743d26034c6138ae583ae64fb29a2e95b7e78ed96ffe61555ebda844,170,85.00,4.29,2,6,4,0.020149,0.532853,TopoStake,pog(D=3_omega=1.00),1.50,132,22
31,2,0xd61b00c297972877b45f8d7f4d67fdaf20c67c59,1.334720,1772616359,26cb372e0755d6e9647c2467d569effd0d7b6e1992d16e2481000ad48fd95011,152,76.00,3.49,2,5,4,0.020013,0.529473,TopoStake,pog(D=3_omega=1.00),1.43,133,22
31,3,0x71f297f96355f349d66f0e9b681e7d4e11224660,2.172120,1772616362,fcdbaf314e91e47ff02a3cefb0030da8f4fcf543f519d97e4889fc6dae1eb54b,164,54.67,4.37,1,6,5,0.019910,0.527627,TopoStake,pog(D=3_omega=1.00),2.40,134,22
31,4,0x07902d0371763a00d97ed9ba16ff0a206cb0fd19,7.540638,1772616363,9044e3e57bd5814233b837c7d142432870f7066583681386bfaaf2198906fdef,166,83.00,3.77,1,5,4,0.019837,0.526760,TopoStake,pog(D=3_omega=1.00),2.33,135,22
32,0,0x07902d0371763a00d97ed9ba16ff0a206cb0fd19,8.541308,1772616365,adc53261e624873261f4e69763dac22874634bd3d275ac67d9fabe04c367e932,136,136.00,2.72,1,4,3,0.019961,0.528514,TopoStake,pog(D=3_omega=1.00),1.51,136,22
32,1,0x30509a8084fdfe6fe24d9c9a817c209ad194f8e3,8.663334,1772616367,c54503862a47c955265bf0b2f60c796cdcfe598f3a5188e4df5a220a90d93225,162,81.00,2.80,1,4,3,0.020117,0.530379,TopoStake,pog(D=3_omega=1.00),1.52,137,22
32,2,0x13f9dadc05f6c237b03411e2aed1800cf21a5d89,10.290641,1772616369,91a89d040e8e19a5c477fb8f3a8de617afab3df228078e1c00eb0169d2d7142a,158,79.00,3.57,1,5,4,0.020274,0.532163,TopoStake,pog(D=3_omega=1.00),1.46,138,22
32,3,0xb2a7fe70a6f3137d38f6cb4c3ec6dd1e24f2d5f4,5.423656,1772616371,b9beff5c6ec404a53b945ccacc7813b3db52b131afce3bc93bbade19ca418b0a,159,79.50,3.11,1,5,3,0.020485,0.534092,TopoStake,pog(D=3_omega=1.00),1.45,139,22
32,4,0x3d92e045fb1847aae132b40ebfcc471a32f687de,0.126938,1772616373,674cd57335955c320772b33db0bd8797d5608ff8048ffd7a5a68b4c08c47cc51,190,95.00,4.39,1,6,4,0.020522,0.535187,TopoStake,pog(D=3_omega=1.00),1.50,140,22
33,0,0xb2a7fe70a6f3137d38f6cb4c3ec6dd1e24f2d5f4,6.424382,1772616375,c088608dc27090eaf05f2876b3ec78d9d2e0b5d4d81686d3d5dbcfedbf045d1a,161,80.50,4.22,2,6,4,0.020373,0.531126,TopoStake,pog(D=3_omega=1.00),1.52,141,22
33,1,0x30509a8084fdfe6fe24d9c9a817c209ad194f8e3,9.664137,1772616377,8cfb4659330d4cf0e8098af252fbba2a5546974302bd2a3603db160ac6a8dc1c,163,54.33,4.33,1,6,4,0.020443,0.532435,TopoStake,pog(D=3_omega=1.00),2.56,142,22
33,2,0x075e1d95c7891e1c00414ca1aa9a7a8cf6270019,8.152731,1772616380,1b1eeebd832828e7b652705f71623db52d5ed500336f8c53c01bff1534914ae6,166,83.00,4.66,1,7,5,0.020622,0.534246,TopoStake,pog(D=3_omega=1.00),2.48,143,22
33,3,0x269cdf52f97e1d9f14b7be895155a7b294f0b21d,3.728525,1772616382,245191ed3f0244318870b3aad62f8a0354494ff44ffd86b2d769a347031db84c,168,84.00,3.29,1,6,3,0.020746,0.535880,TopoStake,pog(D=3_omega=1.00),2.17,144,22
33,4,0x3513d672439a59c26cc5711f2b715ccb4810a774,2.293016,1772616384,a2a82849657b07bf3be4c363bd550ba3a13190e5c82c7fb3ba51ef17a4624beb,136,68.00,4.06,2,6,4,0.020718,0.536207,TopoStake,pog(D=3_omega=1.00),2.00,145,22
34,0,0x07902d0371763a00d97ed9ba16ff0a206cb0fd19,9.542380,1772616386,0e333762356ac829173715e28fd5d4e4b13f68c1dca08a4a25b2dac69b9da2f2,200,100.00,3.92,1,8,4,0.020643,0.535352,TopoStake,pog(D=4_omega=1.00),1.87,146,22
34,1,0x30405867b72597aaeb27803bb2c7f3f5fc7d5384,1.517967,1772616388,0e333762356ac829173715e28fd5d4e4b13f68c1dca08a4a25b2dac69b9da2f2,200,100.00,3.92,1,8,4,0.020643,0.535357,TopoStake,pog(D=4_omega=1.00),1.87,146,23
34,2,0x269cdf52f97e1d9f14b7be895155a7b294f0b21d,4.729159,1772616390,4d7d7ddd2a283bd26c44b4b56366c01732af12c5d71930036419c415d8cc3c2f,250,62.50,4.21,1,7,4,0.020542,0.533731,TopoStake,pog(D=4_omega=1.00),3.39,147,23
34,3,0x26d553a2f4343b3a7dc88bbd87b3d0a25d3838d9,4.219748,1772616392,37159e126b45d0cf29088f3567f5470e1082925d69be40f86c44f285f7855b6a,143,71.50,3.63,1,5,4,0.020548,0.534572,TopoStake,pog(D=4_omega=1.00),1.85,148,23
34,4,0x1cb1274c711a6c2e4e1596846e6ac604eeefb358,7.414729,1772616394,911191f7c99ceba27f783968e0914289bca6333a4a859e00f2869013a77c4c55,162,81.00,3.86,1,6,4,0.020536,0.535171,TopoStake,pog(D=4_omega=1.00),1.46,149,23
35,0,0x4ba33404d90c4ae989714d9d174cd882cffb7994,2.118377,1772616397,aa583807e9aabe0e25600661f17b82d66992c275d1c8c5cd060cd5747bfecaa8,133,44.33,3.97,1,6,4,0.020627,0.536680,TopoStake,pog(D=3_omega=1.00),2.38,150,23
35,1,0xc774b0fee7cabbef3b1ae14bf36db3df0d32c1df,2.173123,1772616398,2d06cc29e685c153abd31d2c9295f22a0ecd93d00abcad0a045d9d17c4a9b74b,197,98.50,4.44,1,7,4,0.020546,0.535614,TopoStake,pog(D=3_omega=1.00),2.45,151,23
35,2,0x30509a8084fdfe6fe24d9c9a817c209ad194f8e3,10.664651,1772616400,07a7e550adac8e6bf38c71615327ff79f2552540614f91fd2c0be11d3e16874d,125,125.00,3.99,1,6,4,0.020468,0.534524,TopoStake,pog(D=3_omega=1.00),1.53,152,23
35,3,0x4414c05be2cf328f38d2e3ef4b705d6b894f044a,4.089756,1772616402,a4fb79a7d8dd48fb8460243a2d55fd24115e2700ee0ebc5c746130585e8131e7,188,94.00,3.33,1,5,3,0.020658,0.536287,TopoStake,pog(D=3_omega=1.00),1.66,153,23
35,4,0x13f9dadc05f6c237b03411e2aed1800cf21a5d89,11.292178,1772616404,53ba6af50b9902228ad7906d17dae934721bebc6a96680a72d97a9ed51243089,180,90.00,3.91,1,5,4,0.020638,0.536733,TopoStake,pog(D=3_omega=1.00),1.51,154,23
36,0,0xf5ecb44daf07a1d1073dbc89baf04bd7541fa517,0.065871,1772616406,7d9841ae88534d43ab040da65f4821ed76a34c56efa59d7457bade58135e7f1e,165,82.50,3.04,1,5,3,0.020842,0.538494,TopoStake,pog(D=3_omega=1.00),1.47,155,23
36,1,0xb2a7fe70a6f3137d38f6cb4c3ec6dd1e24f2d5f4,7.424897,1772616408,cc6905f103275ae5affba99b4520a490c81634018e9f28e687e30dd575662c3e,192,96.00,4.01,1,6,4,0.020696,0.534453,TopoStake,pog(D=3_omega=1.00),1.57,156,23
36,2,0x4414c05be2cf328f38d2e3ef4b705d6b894f044a,5.090610,1772616410,f459e9ba67547347eb8ac7d2806f22b6b90307496f2c1f15f4c3661a5be80afb,161,80.50,4.94,1,6,5,0.020777,0.535847,TopoStake,pog(D=3_omega=1.00),1.46,157,23
36,3,0x13f9dadc05f6c237b03411e2aed1800cf21a5d89,12.293080,1772616412,c5e806365a2048e64ff2705ca84601ab3662ccccdb42a9027592320ff90ca9fb,167,83.50,4.17,2,6,4,0.020785,0.536669,TopoStake,pog(D=3_omega=1.00),1.48,158,23
36,4,0xc774b0fee7cabbef3b1ae14bf36db3df0d32c1df,3.173630,1772616415,4163c0e844afab851755b1faaf656d7794e41c0cc225b07be16d4d9b2e167de4,196,65.33,3.09,1,5,3,0.021009,0.538432,TopoStake,pog(D=3_omega=1.00),2.28,159,23
37,0,0x2abf89d7c96c80fcff9dec1fe92803573094ee35,1.228016,1772616416,e0cda9aa1da95772bed17c9e98ce781d6938fc8ec59e35a5b05336afa21094ad,145,72.50,4.03,2,6,4,0.020957,0.538197,TopoStake,pog(D=4_omega=1.00),2.11,160,23
37,1,0x54f496e5c1d9f95a916cf7f5b62e9c98e64a3dc5,1.043105,1772616418,ecdd6f0b723a9c9ca99f37efcdb05e27d7801b84dcd1ae216966c38e0a257600,127,127.00,3.83,2,6,4,0.020847,0.536196,TopoStake,pog(D=4_omega=1.00),1.48,161,23
37,2,0x13f9dadc05f6c237b03411e2aed1800cf21a5d89,13.294180,1772616420,94531da5bbdf1840c6f7e017e6ecc6bd082365d77bc6b0c6313695ac7e279277,183,91.50,4.12,1,5,4,0.020733,0.533883,TopoStake,pog(D=4_omega=1.00),1.66,162,23
37,3,0xc4dc29db975b952e04358340e56b68fa4ba63fbc,1.542595,1772616422,8f1285c22533d542fa4dbb0beaf7d7d0038dbaa13133d1f6091f6f885f8afeee,166,83.00,3.25,1,6,3,0.020977,0.535629,TopoStake,pog(D=4_omega=1.00),1.55,163,23
37,4,0x07902d0371763a00d97ed9ba16ff0a206cb0fd19,9.543062,1772616424,e8a5d7aab7725380c534e6f44586bdc1b867223bc6fc7100dc0cccf9f4927718,149,74.50,3.74,1,5,4,0.020877,0.533910,TopoStake,pog(D=4_omega=1.00),1.52,164,23
38,0,0x8c11ec9090dd820c076e57e899d9c604c79d6b32,1.565976,1772616426,f3538ac008c212432e891dc5e1c4a880c97a7dd290421fdcb35c48bf93c3c5cc,184,92.00,2.78,1,5,3,0.021008,0.535491,TopoStake,pog(D=3_omega=1.00),1.46,165,23
38,1,0x8d9e46becf415ca26aa698c9657087e6554aabda,0.387769,1772616428,f3538ac008c212432e891dc5e1c4a880c97a7dd290421fdcb35c48bf93c3c5cc,184,92.00,2.78,1,5,3,0.021008,0.535497,TopoStake,pog(D=3_omega=1.00),1.46,165,24
38,2,0xb990cdf21950e6086c350175c4bc504e45858230,1.121273,1772616430,f3538ac008c212432e891dc5e1c4a880c97a7dd290421fdcb35c48bf93c3c5cc,184,92.00,2.78,1,5,3,0.021008,0.535500,TopoStake,pog(D=3_omega=1.00),1.46,165,25
38,3,0x13f9dadc05f6c237b03411e2aed1800cf21a5d89,14.294997,1772616433,564a226633cde37fbc7d02225b3fc8a8e14f4addc675946310a91108b63f2899,250,35.71,4.03,1,7,4,0.020896,0.533220,TopoStake,pog(D=3_omega=1.00),6.04,166,25
38,4,0x016d3fc36beee7caa8fbd6c1caa42461dd7f9850,5.887843,1772616434,ddcef41ab6f382b93360f5a4480e053ecac92489948f9d72815aa85f9ed351f8,146,73.00,3.36,1,6,3,0.021158,0.534939,TopoStake,pog(D=3_omega=1.00),2.75,167,25
39,0,0xea287b266dbe2c2d402fd91814bcfc4c95d6b0fd,2.163089,1772616436,177769f17869316abf0434abea6ee47f076b083888c495bb7ba672eab91a21a8,112,112.00,3.34,2,5,3,0.021179,0.535920,TopoStake,pog(D=3_omega=1.00),1.46,168,25
39,1,0x075e1d95c7891e1c00414ca1aa9a7a8cf6270019,9.154318,1772616438,85a5370af9ec79281301431bb6d5218da6bdceab771382669a4d5eac9d8b7417,157,78.50,4.24,1,6,4,0.021096,0.534784,TopoStake,pog(D=3_omega=1.00),1.81,169,25
39,2,0x269cdf52f97e1d9f14b7be895155a7b294f0b21d,5.729643,1772616440,a17f3a8e916f16c8716412bcab85f34c2007c6038af2624b478aa6b51d170c10,198,99.00,3.21,1,5,3,0.021206,0.536258,TopoStake,pog(D=3_omega=1.00),1.63,170,25
39,3,0x34412315480562da4810040fd15c81f99880e1ab,1.896876,1772616442,43701dd417ab7613e7d8a2f786f4a33e3a6035560ee11fdafa0b8193953a7ede,165,82.50,3.67,1,5,4,0.021221,0.537116,TopoStake,pog(D=3_omega=1.00),1.46,171,25
39,4,0x07902d0371763a00d97ed9ba16ff0a206cb0fd19,10.544036,1772616444,333e5ca701a57a0d503747e04ed2f3ef3f468d6983fc3761fefe770fdd9720be,181,90.50,4.09,1,6,4,0.021130,0.535677,TopoStake,pog(D=3_omega=1.00),1.45,172,25
40,0,0x50f7fa851f9314d682e36da5caa4635039b5305d,0.103954,1772616447,a3f6cedc94f7cc9f4f872db210deb987f6d81e933af3698deb21cf2060aacd41,176,88.00,2.81,1,4,3,0.021274,0.537205,TopoStake,pog(D=3_omega=1.00),1.45,173,25
40,1,0x52e05d9fa4faa167f30baba23c710e4f49115288,2.149108,1772616448,0707bf9695487b9c4ac0157551a0061fdd713b98df1cfa38eab8acbc347cedbe,193,64.33,3.30,1,5,3,0.021134,0.533435,TopoStake,pog(D=3_omega=1.00),2.44,174,25
40,2,0x13f9dadc05f6c237b03411e2aed1800cf21a5d89,15.296011,1772616450,143b9da5a89ea6c4b4e1f30473e3633ffeff1032a7c7ebcd8bc11696ba633dfa,86,86.00,3.83,2,6,4,0.021051,0.532196,TopoStake,pog(D=3_omega=1.00),1.62,175,25
40,3,0x786f26993bf015cd2da6fb5d3ccd1879e01246ab,0.288940,1772616452,3791ca55e54ad346b9c989673be18ddf36ffddcc3ffa2040e39641b44e80d769,202,101.00,3.22,2,4,3,0.021316,0.533865,TopoStake,pog(D=3_omega=1.00),1.94,176,25
40,4,0x07902d0371763a00d97ed9ba16ff0a206cb0fd19,11.545010,1772616454,360bb8dd547184c71cab5b7362d3e740318f35be3b5a4ae0117fd88b492c0f0b,150,75.00,4.03,2,6,4,0.021183,0.530386,TopoStake,pog(D=3_omega=1.00),1.49,177,25
41,0,0x786f26993bf015cd2da6fb5d3ccd1879e01246ab,1.289665,1772616456,47644c6d4e1148a47a3dbfdd5ead7be0998d4bfc26a572c1f3a036739ff586c6,183,91.50,2.68,1,4,3,0.021344,0.531969,TopoStake,pog(D=3_omega=1.00),1.64,178,25
41,1,0x9bdb1c7ad4bd8fe797b07c08117c74a591dbab2d,2.447646,1772616458,d6736d59204a0478dc43301e150c31e1b10b184851cd9b63a4b5713391d527c8,175,87.50,4.19,1,5,4,0.021345,0.531972,TopoStake,pog(D=3_omega=1.00),1.48,179,25
41,2,0x3d92e045fb1847aae132b40ebfcc471a32f687de,1.127298,1772616460,29f9ff7734d279531627220119a72abd2efd20394572a961e9e5df179f08c202,250,125.00,3.84,1,6,5,0.021161,0.528951,TopoStake,pog(D=3_omega=1.00),49.36,180,25
41,3,0x269cdf52f97e1d9f14b7be895155a7b294f0b21d,6.730379,1772616462,73b856e611b8e45980d3b3fcc1b92309d75ac5722965f1d1330ac9c361c9f0dc,185,92.50,4.12,1,6,4,0.021052,0.526667,TopoStake,pog(D=3_omega=1.00),1.50,181,25
41,4,0x30405867b72597aaeb27803bb2c7f3f5fc7d5384,2.519111,1772616464,cd7dbe376576e8b68d218cb44a1dbf1c4ae7326e0617ed654854e44d84d52e68,189,94.50,3.67,1,5,4,0.021086,0.527797,TopoStake,pog(D=3_omega=1.00),1.37,182,25
42,0,0x4414c05be2cf328f38d2e3ef4b705d6b894f044a,6.091075,1772616467,69f677eb8359c90749cc6c1a505e32760d920e25ef1a9a2639058b774d0a8b8e,178,59.33,4.21,1,6,4,0.021013,0.526867,TopoStake,pog(D=3_omega=1.00),2.43,183,25
42,1,0x3d92e045fb1847aae132b40ebfcc471a32f687de,2.128150,1772616468,32a895d21bf5aa1f8e00e2e21fea12e4e0c4617850bb556138a070ef2b0845ff,197,98.50,4.04,1,7,4,0.021029,0.527736,TopoStake,pog(D=3_omega=1.00),2.12,184,25
42,2,0x1d1d2c63625de70b1e5ef40056bd2deb89d7fef2,2.071038,1772616470,1793b6e0cc1457a79a8c8d37792639b5363be006cea6d7dd7fcd2cb1d0cbfc91,97,97.00,4.16,2,7,4,0.020947,0.526371,TopoStake,pog(D=3_omega=1.00),1.43,185,25
42,3,0x4414c05be2cf328f38d2e3ef4b705d6b894f044a,7.092040,1772616472,bd4f279b1904b1a34f9f568855a930b1ae2a41aa6f48adb7b16e90a0d611df50,153,76.50,4.45,2,6,4,0.020863,0.524904,TopoStake,pog(D=3_omega=1.00),1.75,186,25
42,4,0x763be7657fec175a3de5f1ee0a506722872c886d,0.036966,1772616474,6f27a91dc7fe7447824bbdb38f8fabdb7cb8ae6ac59e65ef93227ccf44bad52d,173,86.50,4.29,1,7,4,0.020903,0.526038,TopoStake,pog(D=3_omega=1.00),1.55,187,25
43,0,0x34412315480562da4810040fd15c81f99880e1ab,2.897578,1772616476,800fe87a14d181694b0d5c8d9d8456794debba83504bacb041c622b099095a01,157,78.50,5.04,1,8,5,0.020771,0.522247,TopoStake,pog(D=4_omega=1.00),1.56,188,25
43,1,0x13f9dadc05f6c237b03411e2aed1800cf21a5d89,16.297732,1772616479,800fe87a14d181694b0d5c8d9d8456794debba83504bacb041c622b099095a01,157,78.50,5.04,1,8,5,0.020771,0.522253,TopoStake,pog(D=4_omega=1.00),1.56,188,26
43,2,0xa7e4d4d949807065ebf85adc1be8c382c7236c15,0.215249,1772616481,258e246e3fdaef7d0748759173c7c6a4e428d0bc502f84193d3e00552dff43eb,250,50.00,3.41,1,6,3,0.021033,0.523883,TopoStake,pog(D=4_omega=1.00),3.72,189,26
43,3,0x4414c05be2cf328f38d2e3ef4b705d6b894f044a,8.092764,1772616483,37acd8b6c698130638cbbe37787bb45eb9d2ef7f40857f486858016d5f709881,179,89.50,4.03,1,6,4,0.020905,0.520359,TopoStake,pog(D=4_omega=1.00),2.51,190,26
43,4,0xd1cd4b808ce6b2841ad42746b64c5a047e857ef0,0.237392,1772616485,10ed9eef80a5e869f8af931df43e960d41f16082a77bf478b703cc9a35b644e1,177,88.50,4.07,1,7,4,0.020965,0.521661,TopoStake,pog(D=4_omega=1.00),1.95,191,26
44,0,0xf5ecb44daf07a1d1073dbc89baf04bd7541fa517,1.066213,1772616487,f678941d234d3d8dcc5485623d5e432c626e7a4a10e28413535a47baffccfaa5,190,95.00,4.06,1,6,4,0.020839,0.518135,TopoStake,pog(D=3_omega=1.00),1.79,192,26
44,1,0xcdc82b7c868072205a399d0f68e6e3ad3bfd1ca6,1.206363,1772616489,fd5bd0a4c3d2e0e871a6783711a49b919a7be6e658d2d133a7c0f276c1dcdee6,162,81.00,4.10,1,6,4,0.020733,0.515827,TopoStake,pog(D=3_omega=1.00),1.49,193,26
44,2,0x269cdf52f97e1d9f14b7be895155a7b294f0b21d,7.731327,1772616491,b01493087fcaf26389d63ee06ae8a4d8f651b0348220de15f840de63679b8e59,161,80.50,3.67,1,5,4,0.020632,0.513635,TopoStake,pog(D=3_omega=1.00),1.50,194,26
44,3,0x07902d0371763a00d97ed9ba16ff0a206cb0fd19,12.546108,1772616493,f3e0bd59597743e5e9beaaf02655b979a62b1b8332eefb461001e2eac45a14a5,183,61.00,3.62,1,5,4,0.020683,0.514826,TopoStake,pog(D=3_omega=1.00),2.40,195,26
44,4,0x30509a8084fdfe6fe24d9c9a817c209ad194f8e3,11.665985,1772616496,35f5c2f302adcbac1b62e4dabf0f1dfa75ffea0ec83ab1dc30f5a8921742d642,188,94.00,2.72,1,4,3,0.020843,0.516374,TopoStake,pog(D=3_omega=1.00),2.10,196,26
45,0,0xd3997be86c88837e3fd467517b943590b28fa641,1.057316,1772616498,0d8a3a11eeffa6d55f574195274ee338bd5cc28f50bf97c65c1aae65ea2ba56c,195,97.50,3.38,1,5,3,0.020980,0.517843,TopoStake,pog(D=3_omega=1.00),1.93,197,26
45,1,0x13f9dadc05f6c237b03411e2aed1800cf21a5d89,17.299512,1772616500,85b9b463e5d834547f2b47b96d0a3dcb39414b686371ef63d20a7bbdfcf3d750,183,91.50,3.99,1,5,4,0.020874,0.515436,TopoStake,pog(D=3_omega=1.00),1.78,198,26
45,2,0x49b57eb4dace37c8819daf079c9c674f766d4f38,7.234593,1772616502,653d51a810e57dde106968539d34f667beee8e9c6aa8f267827dd1faa6542b14,175,87.50,3.22,1,5,3,0.021136,0.517033,TopoStake,pog(D=3_omega=1.00),1.64,199,26
45,3,0xaadc5fea232580cb8fba739ac5d05a48559c7e52,1.354478,1772616504,a03d0f06ee88b30eaa34a935b4106b99192bee1db547bc8dda5f08d1b7d1fde7,147,73.50,4.31,2,6,4,0.021168,0.518071,TopoStake,pog(D=3_omega=1.00),1.58,200,26
45,4,0x016d3fc36beee7caa8fbd6c1caa42461dd7f9850,6.889098,1772616506,52e1949c2d17ddbb35a67a7c5c7604adfcea7e67b796c570b88f023eaf0d3282,216,108.00,3.96,1,6,5,0.021068,0.515968,TopoStake,pog(D=3_omega=1.00),57.80,201,26
46,0,0x786f26993bf015cd2da6fb5d3ccd1879e01246ab,2.290172,1772616508,9ef66d591ba804db65ebdc7ae95ff06d55ea634262c2a264ddca6d395b93901c,172,86.00,3.31,1,5,3,0.021092,0.516915,TopoStake,pog(D=3_omega=1.00),1.55,202,26
46,1,0xcdc82b7c868072205a399d0f68e6e3ad3bfd1ca6,2.207142,1772616510,33747f6704ca9f76295950bc3b98892ee5b043ef842da30a7bca69f90114d3a4,161,53.67,4.47,2,6,5,0.021014,0.515690,TopoStake,pog(D=3_omega=1.00),2.53,203,26
46,2,0xd46407aa7b668c72de3cf1c1a12b7fa2e308a1b2,3.990369,1772616512,691f42e06ba4b7acbd215043c690ede3ed7c34bf3b5cc5de3ce423fc0801e1e9,96,96.00,4.47,2,6,4,0.020934,0.514325,TopoStake,pog(D=3_omega=1.00),1.80,204,26
46,3,0xd61b00c297972877b45f8d7f4d67fdaf20c67c59,2.334473,1772616514,9c617201fe06e6f1449db97566081096ea7e24b46de0b77731ffa9aa4ac693ab,218,109.00,4.25,1,6,4,0.020894,0.514644,TopoStake,pog(D=3_omega=1.00),2.27,205,26
46,4,0x30509a8084fdfe6fe24d9c9a817c209ad194f8e3,12.667255,1772616516,a880d457816d6d9a40499127196e35559c87c1aebb05e3e4714dcc1e3e832b91,120,60.00,5.20,1,7,5,0.020818,0.513368,TopoStake,pog(D=3_omega=1.00),2.14,206,26
47,0,0x50f7fa851f9314d682e36da5caa4635039b5305d,1.104658,1772616518,eec6fc7d96c9dc95fd2b746c472bd866f4e73950845e0f70c6f8a753363ad1b3,228,114.00,3.93,1,6,4,0.020964,0.514807,TopoStake,pog(D=4_omega=1.00),1.96,207,26
47,1,0x0d91704595bff3aec25d40822498a51c62b05e3a,6.579756,1772616520,256d2e185dd9f903749c1987662d07a9f21a385d60871660ea5cbc6804ead56d,149,74.50,4.08,1,6,4,0.020862,0.512434,TopoStake,pog(D=4_omega=1.00),1.54,208,26
47,2,0x50f7fa851f9314d682e36da5caa4635039b5305d,2.105366,1772616522,3f37586f30064ebdc3a4747ae2d11f20aa9a919fe2f2e973fafdc77674dc1d91,159,79.50,3.82,1,6,4,0.020876,0.513277,TopoStake,pog(D=4_omega=1.00),1.58,209,26
47,3,0x282f43759e22b50aa7989261c51c367f325c3f91,1.351491,1772616524,7fa68d5f62cb66de50e7eb67c2336ab1976ca71759a8af9166520c9f66a368b5,156,52.00,3.75,1,6,4,0.020796,0.511742,TopoStake,pog(D=4_omega=1.00),2.42,210,26
47,4,0x52e05d9fa4faa167f30baba23c710e4f49115288,3.149335,1772616526,a269c29b235140a42e03fb9662c50fc4a6e07e4a864598f9905ae25e959884e4,167,83.50,3.86,1,6,4,0.020700,0.509580,TopoStake,pog(D=4_omega=1.00),2.34,211,26
48,0,0xa7e4d4d949807065ebf85adc1be8c382c7236c15,1.215822,1772616528,5ef0ca62400400ac30b06e7aa73c034d709dd99985d2074135ea0a339b93650c,87,87.00,4.11,2,7,4,0.020643,0.509317,TopoStake,pog(D=3_omega=1.00),1.78,212,26
48,1,0x2abf89d7c96c80fcff9dec1fe92803573094ee35,2.227961,1772616530,5c4eeb10e385a78293b434bbacb8ba9c5041a470a14a5dbaa9d19f7a77732abf,195,97.50,4.09,1,6,4,0.020546,0.506996,TopoStake,pog(D=3_omega=1.00),2.05,213,26
48,2,0x28672c71695142588ed26ada6f4b18b8b6c12308,6.696875,1772616532,96c96cb1d7d5f64caa2c4b04233312033064533fa1567f68da28add644006f7d,178,89.00,4.02,1,6,4,0.020471,0.505533,TopoStake,pog(D=3_omega=1.00),1.74,214,26
48,3,0x13f9dadc05f6c237b03411e2aed1800cf21a5d89,18.301519,1772616534,3b5f087ca32e2311fbacef91816f74efe5a83341e04738dc61310891fcf3bc41,143,71.50,4.31,1,7,4,0.020471,0.505536,TopoStake,pog(D=3_omega=1.00),1.50,215,26
48,4,0x50f7fa851f9314d682e36da5caa4635039b5305d,3.106087,1772616536,638a4a4d72f5cba6a2c572553b888340502111a26f3ffcefe8cfc8c4eb8dc60b,149,74.50,3.34,1,5,4,0.020471,0.505538,TopoStake,pog(D=3_omega=1.00),1.56,216,26
49,0,0xf6e059718dbd0a0956726ab97d06bad5efc6cd18,1.013479,1772616538,d50acd8d8ea3c31f1c5084c83c4c6cb833aae175bcf3463104cf55a617a027b1,150,75.00,4.04,1,6,4,0.020664,0.506713,TopoStake,pog(D=3_omega=1.00),1.55,217,26
49,1,0x0d91704595bff3aec25d40822498a51c62b05e3a,7.580756,1772616540,22b0035a3f384af90d8c0e9942585821de2c8389379be49d0ca3a1293f01359a,161,53.67,4.84,1,7,5,0.020564,0.504182,TopoStake,pog(D=3_omega=1.00),2.49,218,26
49,2,0x269cdf52f97e1d9f14b7be895155a7b294f0b21d,8.732077,1772616542,264c24e2fa2a60de3d28b157943126e1996ce26a598d0df1b659512b629ab774,116,116.00,3.49,2,6,3,0.020595,0.505173,TopoStake,pog(D=3_omega=1.00),1.68,219,26
49,3,0xc24b36dee27726233c3bbd9e1f028f98b6b2a424,7.414689,1772616544,37df717a3397d8e93207625364037353409acd4823a505c3ea170d2b02d8f394,195,97.50,3.78,1,6,4,0.020649,0.506427,TopoStake,pog(D=3_omega=1.00),1.91,220,26
49,4,0xc577329e86aaecb006f17fb90499c54671119935,1.318482,1772616546,09a67fade1ef9d7dc17b68706f5dc2bd358d4ffb8a784ef5656ee19bb5271498,170,85.00,4.14,1,6,4,0.020675,0.507301,TopoStake,pog(D=3_omega=1.00),1.88,221,26
50,0,0x075e1d95c7891e1c00414ca1aa9a7a8cf6270019,10.157176,1772616548,959629840bb935add65294854a78a57e1b520c849312a3f3e84c7a7df13f31ee,198,99.00,4.03,1,6,4,0.020582,0.505030,TopoStake,pog(D=4_omega=1.00),1.74,222,26
50,1,0x8c11ec9090dd820c076e57e899d9c604c79d6b32,1.565605,1772616550,e9d535e9be6235b4cb89ec0f2e957772ec4e3a9b2f30978cce9f51f590346921,202,101.00,3.51,1,6,4,0.020661,0.506360,TopoStake,pog(D=4_omega=1.00),1.63,223,26
50,2,0x0d91704595bff3aec25d40822498a51c62b05e3a,8.581470,1772616552,d230ab0f5739e17527c15a1bf19891044e67b6b8e6a29b8b644f3015e8d55526,137,68.50,4.31,1,6,4,0.020573,0.504281,TopoStake,pog(D=4_omega=1.00),1.53,224,26
50,3,0x52e05d9fa4faa167f30baba23c710e4f49115288,4.149757,1772616554,6650b207d4bb07374684ba008754c1d67dad71df1039e178a4bd932de0778d6d,162,81.00,3.65,1,6,4,0.020620,0.505446,TopoStake,pog(D=4_omega=1.00),1.53,225,26
50,4,0xaadc5fea232580cb8fba739ac5d05a48559c7e52,2.355391,1772616557,06abc0237f4d5f6c0df1c230ea71ebd842059839d08057550cbcd642d0a3ce91,160,53.33,4.12,2,6,4,0.020581,0.505795,TopoStake,pog(D=4_omega=1.00),2.46,226,26
51,0,0x8c11ec9090dd820c076e57e899d9c604c79d6b32,2.566230,1772616558,3254203210c1c9d33359c6c8578b8ff49d427c45ffc16ff7045d89a8793cb17c,149,74.50,4.11,1,6,4,0.020509,0.504446,TopoStake,pog(D=3_omega=1.00),2.48,227,26
51,1,0x3d92e045fb1847aae132b40ebfcc471a32f687de,3.128553,1772616560,d109a54af38a9162cc21cc01344ba864ec1b67db21167fae5d206f6b43c26c1f,101,101.00,3.98,1,6,4,0.020441,0.503325,TopoStake,pog(D=3_omega=1.00),1.74,228,26
51,2,0x269cdf52f97e1d9f14b7be895155a7b294f0b21d,9.733027,1772616562,83ef9d2287de83bf67a767da1e27bfc3adca7ac543f20f382c5580ecbb118fd5,191,95.50,4.10,1,6,4,0.020384,0.502905,TopoStake,pog(D=3_omega=1.00),2.01,229,26
51,3,0x075e1d95c7891e1c00414ca1aa9a7a8cf6270019,11.158333,1772616564,b1d960fd5792cae5549061617f31087b4aa0a284b57f7b886830d238903f9fc5,185,92.50,3.66,2,5,4,0.020450,0.504151,TopoStake,pog(D=3_omega=1.00),1.71,230,26
51,4,0x213068cb42718d1dd6d00a6d94d62a3def0e68eb,0.369222,1772616566,9527703e1482e39481d6e0ccd1242428d9164ce77975cba4737c9acca24ea2c2,162,81.00,3.30,1,6,3,0.020542,0.505448,TopoStake,pog(D=3_omega=1.00),1.52,231,26
52,0,0x34412315480562da4810040fd15c81f99880e1ab,2.897260,1772616568,d25d5749e756696a4ba1f1233d4f1996dd0356175aebe2942a2f13e2bb7d2d5b,168,84.00,3.73,1,6,4,0.020433,0.502407,TopoStake,pog(D=3_omega=1.00),1.46,232,26
52,1,0x1cb1274c711a6c2e4e1596846e6ac604eeefb358,8.415942,1772616570,d25d5749e756696a4ba1f1233d4f1996dd0356175aebe2942a2f13e2bb7d2d5b,168,84.00,3.73,1,6,4,0.020434,0.502412,TopoStake,pog(D=3_omega=1.00),1.46,232,27
52,2,0x1796dc61e715f15a2d27dfa32bd34780f12a8c24,1.724846,1772616573,61410bd596d498bf1d704fb8da4ccf3c259241487a6ecc20ceed36a9b51ce43f,250,50.00,3.79,1,6,4,0.020473,0.503486,TopoStake,pog(D=3_omega=1.00),4.05,233,27
52,3,0x075e1d95c7891e1c00414ca1aa9a7a8cf6270019,12.159264,1772616574,1d89228d462097cf20a214c4362b531aa5da464b143e98faf0cc54af5ee40854,190,95.00,3.24,1,5,3,0.020391,0.501541,TopoStake,pog(D=3_omega=1.00),2.06,234,27
52,4,0x30509a8084fdfe6fe24d9c9a817c209ad194f8e3,13.668608,1772616576,990ec2479085ca4bb243934c68d449ee76042325c6b08bd042257a4bad829043,119,119.00,3.22,1,5,3,0.020497,0.502831,TopoStake,pog(D=3_omega=1.00),1.29,235,27
53,0,0x50f7fa851f9314d682e36da5caa4635039b5305d,4.106785,1772616578,7cf6643d84c056f8bd9105d665d031cf63c49951cddd1457061c6304fa4e4a99,176,88.00,3.43,1,5,3,0.020629,0.504234,TopoStake,pog(D=3_omega=1.00),1.59,236,27
53,1,0x1cb1274c711a6c2e4e1596846e6ac604eeefb358,9.417083,1772616580,d515298bd41e7705e6e8a9da29c93f61d74a34af675a91b32c5e677f047a43d8,172,86.00,3.35,1,5,3,0.020588,0.504495,TopoStake,pog(D=3_omega=1.00),1.58,237,27
53,2,0x687bf2437a044a3e42ff2f8a79a8e54ba9601f70,4.067997,1772616582,198074358aa5815e2c4202d6bbd5eea17601e9d3637dca82b029125004dbf55f,172,86.00,4.03,1,6,4,0.020641,0.505635,TopoStake,pog(D=3_omega=1.00),1.44,238,27
53,3,0x60705151f1f537cacd5b801f3ef1b31dc3f605de,1.303037,1772616584,198074358aa5815e2c4202d6bbd5eea17601e9d3637dca82b029125004dbf55f,172,86.00,4.03,1,6,4,0.020641,0.505639,TopoStake,pog(D=3_omega=1.00),1.44,238,28
53,4,0x0d91704595bff3aec25d40822498a51c62b05e3a,9.582406,1772616586,6a2f46e4a5885aa43483d101de81b31641e7f128dc9f6e36746ff9571dad379e,250,62.50,4.45,1,7,5,0.020551,0.503334,TopoStake,pog(D=3_omega=1.00),2.92,239,28
54,0,0x1d1d2c63625de70b1e5ef40056bd2deb89d7fef2,3.070926,1772616589,55ab8c92a0d7d074b63d091e3895f36f9ad949cb9fb6bd0056d41ae7b8fd328d,143,71.50,3.50,1,5,4,0.020606,0.504432,TopoStake,pog(D=3_omega=1.00),1.99,240,28
54,1,0xcb7977f4997b4252c0152e135dd79b3cfe35c1a5,3.626869,1772616590,a3bd57c6e34320f5ac0ec6eb6db897d01d93e409c9c44062af17704830fd9d34,147,49.00,4.24,1,6,4,0.020547,0.503896,TopoStake,pog(D=3_omega=1.00),2.40,241,28
54,2,0x016d3fc36beee7caa8fbd6c1caa42461dd7f9850,7.890948,1772616592,b64f60de7c0208f069e37afdf4a172d66107dca4e5bbb144cc93e89ba99e1e58,109,109.00,4.27,1,6,4,0.020498,0.503814,TopoStake,pog(D=3_omega=1.00),1.66,242,28
54,3,0x58a21eeb7ab18ba8adf1296e66a4487076e95dac,4.091644,1772616594,ec598e7c2aeac237c61024f374e0701dc1175f28dac7636de4018165139113ea,219,109.50,3.18,1,5,3,0.020522,0.504692,TopoStake,pog(D=3_omega=1.00),1.77,243,28
54,4,0x13f9dadc05f6c237b03411e2aed1800cf21a5d89,19.303540,1772616596,fc0508fc342efbc6326448671e4f60e465de1849c0ca63f1f3766ce5819ecf22,158,79.00,4.07,1,6,4,0.020481,0.504849,TopoStake,pog(D=3_omega=1.00),1.50,244,28
55,0,0x58a21eeb7ab18ba8adf1296e66a4487076e95dac,5.092365,1772616598,17bd95b443c893a09710c353fde3dd7bc52dec62bc52a500e662093396a2d862,181,90.50,3.19,1,5,3,0.020699,0.506268,TopoStake,pog(D=3_omega=1.00),1.54,245,28
55,1,0x89100a8056319ba37491b32ba255004180607bc2,2.786605,1772616600,85d7b78e81890030ea44e0c95b109d37d442d08af7daf8603935217df314302c,175,87.50,4.09,1,5,4,0.020673,0.506875,TopoStake,pog(D=3_omega=1.00),1.46,246,28
55,2,0x07902d0371763a00d97ed9ba16ff0a206cb0fd19,13.547502,1772616602,c9272a34bfddba7f657c2edecc0e274521eee9ab2afc564b7c216213b8faa8f6,170,85.00,3.88,1,5,4,0.020609,0.505955,TopoStake,pog(D=3_omega=1.00),1.49,247,28
55,3,0x13f9dadc05f6c237b03411e2aed1800cf21a5d89,20.304610,1772616604,d53dd7adb34030f1438b983828238accd47f19cf18cb3c1839ddaa33cc8125d7,190,63.33,2.63,1,4,3,0.020725,0.507241,TopoStake,pog(D=3_omega=1.00),2.28,248,28
55,4,0x3d92e045fb1847aae132b40ebfcc471a32f687de,4.129430,1772616606,21f704b4ce33108a974ebb8b057d191d0d33b67db300de2e455f3c2f979c0a18,170,85.00,2.99,1,5,3,0.020952,0.508635,TopoStake,pog(D=3_omega=1.00),2.09,249,28
56,0,0xb2a7fe70a6f3137d38f6cb4c3ec6dd1e24f2d5f4,8.424866,1772616608,e4eb5011c50d474980b71307bb7d962b1074c426845d874f513efeecbcc8a67e,70,70.00,3.39,2,5,3,0.020908,0.508742,TopoStake,pog(D=3_omega=1.00),1.51,250,28
56,1,0x311eb133eb413ac3f21249889bb101e5d40820ce,4.135469,1772616610,341a7c1fbd2042b233d0b7aedac9cbb729efb039ae74839052e85ff54d4d36b5,171,85.50,4.35,1,6,4,0.020935,0.509657,TopoStake,pog(D=3_omega=1.00),2.04,251,28
56,2,0x13f9dadc05f6c237b03411e2aed1800cf21a5d89,21.305513,1772616612,01ef99c99a29e1e0dc2cf5e3f2e4e4d037b7a598a55efa0ee61f5cd59c724f2f,189,94.50,3.63,1,5,4,0.020891,0.509709,TopoStake,pog(D=3_omega=1.00),1.67,252,28
56,3,0xe184aeec69f3313df03bef8752946c65f0a70021,1.088221,1772616614,5e272f5dfd7a680fa9ab603e4250701c5ca9cffd1541959ca65fe95d60a405f0,173,86.50,3.09,2,5,3,0.021127,0.511081,TopoStake,pog(D=3_omega=1.00),1.49,253,28
56,4,0x30509a8084fdfe6fe24d9c9a817c209ad194f8e3,14.669600,1772616616,ddd1cd7d97c763c5a41596bc050720f4514fd91ccfce509419e6381b9113911a,144,72.00,4.23,1,6,4,0.021033,0.508650,TopoStake,pog(D=3_omega=1.00),1.49,254,28
57,0,0xf13caa2c5f6f6cf61e51290bfa7826a9140b4faf,3.045134,1772616618,0a1c6bb6b62237233dc0bdea2856f4f3aa2cfcece39f0ee09fbded6701eb9bc4,158,79.00,3.44,1,5,4,0.021157,0.509962,TopoStake,pog(D=3_omega=1.00),1.45,255,28
57,1,0x1cb1274c711a6c2e4e1596846e6ac604eeefb358,10.418084,1772616620,5e041285f6eaba22eebc730fd0a3a8c6229655574918babbbb8b6d5a5f1100e2,170,56.67,4.24,1,6,4,0.021095,0.509284,TopoStake,pog(D=3_omega=1.00),2.41,256,28
57,2,0xa5a12d96532497871d73549e55ab377e3dcb3a40,0.106282,1772616622,ee36dca1c6ce645301b8621af0cb2a06cbc7c54da29621a5ee4690078ad4847f,118,118.00,3.80,1,6,4,0.021149,0.510389,TopoStake,pog(D=3_omega=1.00),1.61,257,28
57,3,0xc4dc29db975b952e04358340e56b68fa4ba63fbc,2.542061,1772616624,96d4b658151daed395140a17272f76e28a6ef6dd9a25c7ddfcc700f637e063d5,154,77.00,4.40,1,6,5,0.021040,0.507275,TopoStake,pog(D=3_omega=1.00),2.01,258,28
57,4,0x13f9dadc05f6c237b03411e2aed1800cf21a5d89,22.306773,1772616626,a82b9939874cbee102837d4f6b913c578d06745e73879b31cff53e660463b7d4,149,74.50,6.51,1,9,7,0.020971,0.506029,TopoStake,pog(D=3_omega=1.00),2.30,259,28
58,0,0x28672c71695142588ed26ada6f4b18b8b6c12308,6.696929,1772616628,df9384a00376c97eced1d077ac4554a66ff837eeae80e3049e01702699601106,246,123.00,3.51,1,6,4,0.021210,0.507385,TopoStake,pog(D=4_omega=1.00),2.03,260,28
58,1,0x016d3fc36beee7caa8fbd6c1caa42461dd7f9850,8.892268,1772616630,7a342fb6edfd61407d2d6ea2a76e1a1f4630c4e4ccba6d417f468da425781119,169,84.50,4.27,1,7,4,0.021204,0.508065,TopoStake,pog(D=4_omega=1.00),1.53,261,28
58,2,0x075e1d95c7891e1c00414ca1aa9a7a8cf6270019,13.160746,1772616632,37a52c85e2938bfece79dac5d2b5c297720b6fda0569b56e3898ebd7ff51e66a,177,59.00,3.24,1,6,3,0.021231,0.508977,TopoStake,pog(D=4_omega=1.00),2.47,262,28
58,3,0x282f43759e22b50aa7989261c51c367f325c3f91,2.351850,1772616635,94f81777511349855dcdedd9482c35555f52908afad9a0b98e64be68a2b555d9,185,92.50,3.02,1,5,3,0.021324,0.510147,TopoStake,pog(D=4_omega=1.00),2.26,263,28
58,4,0x13f9dadc05f6c237b03411e2aed1800cf21a5d89,23.308098,1772616636,4ca8c9ead2ea1a0562bbad812d340ae68be1d7d30c5d5cd23a48848af02feab6,157,78.50,3.89,2,5,4,0.021250,0.508679,TopoStake,pog(D=4_omega=1.00),2.09,264,28
59,0,0x37cc7a82e66d4f4c2ae13b9ee895d3af1a1d7a05,0.262437,1772616638,2f5ba926b570b9e1739eabec5ab0d35aa69a21deb1a4e6c2a4e4b327938a802c,118,118.00,2.91,1,4,3,0.021494,0.510008,TopoStake,pog(D=3_omega=1.00),1.38,265,28
59,1,0x0d91704595bff3aec25d40822498a51c62b05e3a,10.583526,1772616640,61d51764fd39040497273c46e625296965641ccf38fb1207ae57b2112b036eb0,183,91.50,3.97,1,6,4,0.021388,0.507043,TopoStake,pog(D=3_omega=1.00),1.60,266,28
59,2,0x075e1d95c7891e1c00414ca1aa9a7a8cf6270019,14.161818,1772616642,ff72813f924ed9f9cb069702890ea8b7ac0513eeae779353d5badb0517b2bcce,190,95.00,3.55,1,6,4,0.021437,0.508097,TopoStake,pog(D=3_omega=1.00),1.58,267,28
59,3,0x34412315480562da4810040fd15c81f99880e1ab,2.897090,1772616644,b292943ef46ea3f717c67c020e4ddc0c2d750cc19e332fdfef8c43248d0dcb1a,182,91.00,3.46,1,6,4,0.021540,0.509286,TopoStake,pog(D=3_omega=1.00),1.54,268,28
59,4,0x075e1d95c7891e1c00414ca1aa9a7a8cf6270019,15.162708,1772616646,960866bccb22ce56c248c8207a031be1b310f87fe37fe528aac1dfc5be600364,156,78.00,4.27,1,7,4,0.021473,0.508373,TopoStake,pog(D=3_omega=1.00),1.56,269,28
60,0,0x07902d0371763a00d97ed9ba16ff0a206cb0fd19,14.549280,1772616648,6c946caa35eec5b49546b9c5e9da362267308d050c68b6d04b76567774005bc2,151,75.50,3.33,1,6,3,0.021588,0.509605,TopoStake,pog(D=3_omega=1.00),1.51,270,28
60,1,0x4a217e35f6402e7f62a49f6d62e27c6585c2f3fd,1.490866,1772616650,b4e71e08c319c7afe58c9de2feab7f77bc0068a23b618ed541225dcec49ab84e,72,24.00,5.75,2,8,7,0.021692,0.510745,TopoStake,pog(D=3_omega=1.00),1.67,271,28
60,2,0x30405867b72597aaeb27803bb2c7f3f5fc7d5384,3.519060,1772616652,b4e71e08c319c7afe58c9de2feab7f77bc0068a23b618ed541225dcec49ab84e,72,24.00,5.75,2,8,7,0.021692,0.510747,TopoStake,pog(D=3_omega=1.00),1.67,271,29
60,3,0x408bb0bf84df50b21c53c74420987f172d4036a1,1.798409,1772616654,37eefaa07cd42c9227ebbedd4fd92779644494e985db23c0261d3d120fa2e190,250,83.33,3.94,1,7,4,0.021634,0.510412,TopoStake,pog(D=3_omega=1.00),4.51,272,29
60,4,0x0d91704595bff3aec25d40822498a51c62b05e3a,11.584468,1772616656,f8120d1e638f36a0fcc5e48ee7a64d89cddbecdaf78605f81f2733cc374bb0a8,202,101.00,3.54,1,5,4,0.021551,0.508575,TopoStake,pog(D=3_omega=1.00),1.95,273,29
61,0,0x30509a8084fdfe6fe24d9c9a817c209ad194f8e3,15.670859,1772616658,cb5dcf09c325d63ff7324d84240e8ba3a80faaa0e64047da661cd4757c5fee89,165,82.50,3.25,1,5,3,0.021610,0.509657,TopoStake,pog(D=3_omega=1.00),1.50,274,29
61,1,0x9ba702916c26a8583a7f277d6932b3c0d9927ce0,1.195114,1772616660,82d21899fb8fb85823ace281073e4297746eb7196f7a21e10801b9c999e482cf,164,82.00,3.41,2,5,3,0.021727,0.510870,TopoStake,pog(D=3_omega=1.00),1.54,275,29
61,2,0x07902d0371763a00d97ed9ba16ff0a206cb0fd19,15.549563,1772616662,56faf352b7624010946e96d06ab1ea2d93b613455bccd3ad87c4ac108da91404,169,84.50,3.74,1,5,4,0.021635,0.508581,TopoStake,pog(D=3_omega=1.00),1.46,276,29
61,3,0xa9105f442328d397529b8e4e9e656fa89016ff45,0.465931,1772616664,ded8c516681bddbc9c7682495a998ccc3b705d5b62ddce4c71d3b3d60b449734,179,89.50,2.79,1,4,3,0.021749,0.509729,TopoStake,pog(D=3_omega=1.00),1.51,277,29
61,4,0xa447d277b02012c2afd9ddcbbe123f27cc971963,1.807914,1772616667,7ec7c8d8e492e462b80371b80cbdc104e497e90d0535faac149463efc8734fe1,247,82.33,2.71,1,5,3,0.021647,0.506951,TopoStake,pog(D=3_omega=1.00),133.79,278,29
62,0,0x1d1d2c63625de70b1e5ef40056bd2deb89d7fef2,4.071291,1772616668,7335ecd57a1516fda24c70f2c0b6613e12967804ebd3c129aa9549aaeb8d87b2,187,93.50,3.51,1,5,3,0.021565,0.505085,TopoStake,pog(D=3_omega=1.00),2.25,279,29
62,1,0x1cb1274c711a6c2e4e1596846e6ac604eeefb358,11.418807,1772616670,9304b3242e5c43b291315c04d42c094cb86f89098c55eb412b4ba690d58d42bc,109,109.00,3.82,1,5,4,0.021515,0.505038,TopoStake,pog(D=3_omega=1.00),1.41,280,29
62,2,0x71f297f96355f349d66f0e9b681e7d4e11224660,3.171970,1772616672,cd803d459a668832f9afc22cbb4590984d44ee3746766c13d90e1f473b188142,163,81.50,3.63,1,5,4,0.021567,0.506057,TopoStake,pog(D=3_omega=1.00),1.48,281,29
62,3,0xa7e4d4d949807065ebf85adc1be8c382c7236c15,2.215805,1772616674,823061b0907b9669b7b22f1d83d2919ae191111a54e63e490c05823d5a64bb8f,169,84.50,4.00,1,5,4,0.021505,0.505413,TopoStake,pog(D=3_omega=1.00),1.49,282,29
62,4,0x95ab54d268473cce82094026afefdbd5cadf418b,2.596518,1772616676,4999e38bc1d4e911373fa23a8b98ac6f9f76b001eee1398f3b3aa44d60212f96,178,89.00,3.93,1,6,4,0.021430,0.503808,TopoStake,pog(D=3_omega=1.00),1.47,283,29
63,0,0x075e1d95c7891e1c00414ca1aa9a7a8cf6270019,16.163972,1772616678,2b9df8774de1491603a624c90573438529a05def905ced9387ffbb712e7a9946,155,77.50,4.57,1,7,5,0.021360,0.502501,TopoStake,pog(D=3_omega=1.00),1.48,284,29
63,1,0x5cd626f4b83428b146919d30f4b3e481d259a9dc,0.070562,1772616680,9cc7d122b1c679b043fcc6af4f96736cdddcdc8bdd3067221f7c7fa23d7b78f1,169,56.33,3.17,1,5,3,0.021476,0.503680,TopoStake,pog(D=3_omega=1.00),2.50,285,29
63,2,0x30509a8084fdfe6fe24d9c9a817c209ad194f8e3,16.671806,1772616683,f0a3da33afecf80558e9227a38aec6d1907fc228e7d2cc9f3be914da5f70ba2a,166,83.00,3.97,1,6,4,0.021372,0.500649,TopoStake,pog(D=3_omega=1.00),2.44,286,29
63,3,0xe184aeec69f3313df03bef8752946c65f0a70021,2.088333,1772616684,cda317e6c5b01f7526657095ad39897004fec6fa436deaa72c676e43f5ae8a8d,198,99.00,3.95,1,6,4,0.021493,0.501845,TopoStake,pog(D=3_omega=1.00),2.38,287,29
63,4,0x016d3fc36beee7caa8fbd6c1caa42461dd7f9850,9.893412,1772616686,db98be6e2d0efa3e1b5c952e976895498aff71f3ff60d8f9458b56233e0ca471,94,94.00,3.84,1,6,4,0.021417,0.500129,TopoStake,pog(D=3_omega=1.00),1.73,288,29
64,0,0xac768e60b9269babb15cb1e36ee843243d7c7543,5.717419,1772616688,3e8b38697f288f3060f14c04708a438abe9989da080fc6af20fc13942c8aa90f,196,98.00,3.40,1,5,3,0.021445,0.501045,TopoStake,pog(D=3_omega=1.00),1.98,289,29
64,1,0x28672c71695142588ed26ada6f4b18b8b6c12308,7.697692,1772616690,3e8b38697f288f3060f14c04708a438abe9989da080fc6af20fc13942c8aa90f,196,98.00,3.40,1,5,3,0.021445,0.501048,TopoStake,pog(D=3_omega=1.00),1.98,289,30
64,2,0x07902d0371763a00d97ed9ba16ff0a206cb0fd19,16.550934,1772616692,1ed3dc0e228cc92e8ae46c3040075287559182939e4542db2c763ac663fdbf1f,250,62.50,4.05,1,6,4,0.021444,0.501731,TopoStake,pog(D=3_omega=1.00),3.17,290,30
64,3,0xa447d277b02012c2afd9ddcbbe123f27cc971963,2.808783,1772616694,2eb8f694b0e0a3d23973f94f54247f630c6c1c99d81b83109823c5e4b1169375,124,62.00,2.77,1,4,3,0.021560,0.502855,TopoStake,pog(D=3_omega=1.00),2.02,291,30
64,4,0xcdc82b7c868072205a399d0f68e6e3ad3bfd1ca6,3.206322,1772616696,2eb8f694b0e0a3d23973f94f54247f630c6c1c99d81b83109823c5e4b1169375,124,62.00,2.77,1,4,3,0.021560,0.502858,TopoStake,pog(D=3_omega=1.00),2.02,291,31
65,0,0x30509a8084fdfe6fe24d9c9a817c209ad194f8e3,17.672783,1772616699,0c56f3a36cfe81358ca8da2e396acae36ad7a15311248e8daa6179be46821e79,250,50.00,3.55,1,5,4,0.021498,0.502202,TopoStake,pog(D=3_omega=1.00),3.80,292,31
65,1,0x1cb1274c711a6c2e4e1596846e6ac604eeefb358,12.419686,1772616700,05cbbd73bc02d1c154b0c9088242b56e8e58ac40d7dc9c882e558bf4f61ae75c,159,79.50,3.45,1,5,4,0.021626,0.503400,TopoStake,pog(D=3_omega=1.00),2.49,293,31
65,2,0x075e1d95c7891e1c00414ca1aa9a7a8cf6270019,17.165170,1772616702,8ad9f8104c216b6d0e721f322008b4967e4aa424058ab697b1f107266dc25871,70,70.00,3.80,1,6,4,0.021684,0.504431,TopoStake,pog(D=3_omega=1.00),1.50,294,31
65,3,0x5cd626f4b83428b146919d30f4b3e481d259a9dc,1.071208,1772616704,8596cf784b57095f462b67eda81a94ee2de61e8f24e4e25a37d5e1cec8d501d3,177,88.50,3.44,2,6,4,0.021803,0.505548,TopoStake,pog(D=3_omega=1.00),1.80,295,31
65,4,0x075e1d95c7891e1c00414ca1aa9a7a8cf6270019,18.166019,1772616706,9030e28b287283f4194eeca61118e2c1db86bb2a87e9b6e5635994634cbc0284,158,79.00,4.04,1,7,4,0.021713,0.503226,TopoStake,pog(D=3_omega=1.00),1.63,296,31
66,0,0x6064b9f5883bf9737dfe314ff68c56e09e68ac89,3.189940,1772616708,dd2100b31243154b54c9922b20543df597ced83c0bc0e29420c40afcf56058ff,145,72.50,3.52,1,6,4,0.021843,0.504385,TopoStake,pog(D=3_omega=1.00),1.57,297,31
66,1,0x016d3fc36beee7caa8fbd6c1caa42461dd7f9850,10.894470,1772616710,8de6fb02e7909c1683afa472d45589fc747f7deb85fdb81b65b9e2148444e1f2,144,72.00,4.27,1,7,4,0.021780,0.503669,TopoStake,pog(D=3_omega=1.00),1.48,298,31
66,2,0x0d91704595bff3aec25d40822498a51c62b05e3a,12.585707,1772616712,8adfcf86b5cca6771ab07257653e1617e995cd20b2ad3e220acba44bb16f8f51,172,86.00,3.59,2,6,3,0.021815,0.504595,TopoStake,pog(D=3_omega=1.00),1.48,299,31
66,3,0x4ba33404d90c4ae989714d9d174cd882cffb7994,3.117189,1772616714,48d5ef18a4013c687ab30d64265bcc678490545203c71e61d19649ba843d81ed,161,53.67,3.70,1,6,4,0.021871,0.505575,TopoStake,pog(D=3_omega=1.00),2.40,300,31
66,4,0xc577329e86aaecb006f17fb90499c54671119935,2.318434,1772616716,26b8e4e0ab390255bc74adb3a90ae9e6d279186566a781df6ead358f70226fc9,147,73.50,4.72,1,7,5,0.021807,0.504736,TopoStake,pog(D=3_omega=1.00),2.39,301,31
67,0,0xac61c91e7d24df824351a6c4e562a75f0cf646f8,0.246689,1772616718,2a006f54b1995034976dce5e484c028391b7c43d5f742dc51a3ee61fffc6338c,108,108.00,4.15,2,6,4,0.021733,0.503132,TopoStake,pog(D=4_omega=1.00),1.74,302,31
67,1,0x8c11ec9090dd820c076e57e899d9c604c79d6b32,3.566469,1772616720,e691fdd9681c74e3d3129283ec4da0b826b09ef6776cd8432bfebce684907049,186,93.00,4.40,1,6,5,0.021634,0.500305,TopoStake,pog(D=4_omega=1.00),2.08,303,31
67,2,0x4414c05be2cf328f38d2e3ef4b705d6b894f044a,9.093034,1772616722,e691fdd9681c74e3d3129283ec4da0b826b09ef6776cd8432bfebce684907049,186,93.00,4.40,1,6,5,0.021634,0.500307,TopoStake,pog(D=4_omega=1.00),2.08,303,32
67,3,0x26d553a2f4343b3a7dc88bbd87b3d0a25d3838d9,5.219994,1772616724,6b59b6b3585ace33bbe7fe6e76a56fe37587862b08edf4065491968402a1e28e,250,62.50,4.21,1,7,4,0.021646,0.501114,TopoStake,pog(D=4_omega=1.00),3.38,304,32
67,4,0x016d3fc36beee7caa8fbd6c1caa42461dd7f9850,11.895395,1772616726,6232da868d404648297d64ee80a4c2e213102e6a57bd900ece408d41e51c9082,89,44.50,3.76,2,6,4,0.021609,0.501617,TopoStake,pog(D=4_omega=1.00),1.42,305,32
68,0,0x30509a8084fdfe6fe24d9c9a817c209ad194f8e3,18.673658,1772616728,e5cea1230d70d17f2bc4ef98aa7b09edb3edfa583e7c0d1f8e6688906208e2a8,166,83.00,3.25,1,6,3,0.021654,0.502533,TopoStake,pog(D=3_omega=1.00),1.52,306,32
68,1,0x075e1d95c7891e1c00414ca1aa9a7a8cf6270019,19.167454,1772616730,cf6909d720f3d3e61e7e5a0ffa82ed3a48ff4a50cb7c558013a654e031b91019,155,51.67,4.77,1,7,5,0.021781,0.503665,TopoStake,pog(D=3_omega=1.00),2.43,307,32
68,2,0x6414c6a8400ff3419cd81855d09de2848d770e0e,0.150641,1772616732,3246aaf966e00b5e44222ca7f4a2b572604b0b37d1871d210fb40716f05a3b42,160,80.00,3.10,1,5,3,0.021913,0.504791,TopoStake,pog(D=3_omega=1.00),2.23,308,32
68,3,0x07902d0371763a00d97ed9ba16ff0a206cb0fd19,17.551598,1772616734,3c916017517ca54986899be8b51c2932de29744883707d97eaeef83c52296120,49,49.00,3.63,1,5,4,0.021813,0.501898,TopoStake,pog(D=3_omega=1.00),1.69,309,32
68,4,0x13f9dadc05f6c237b03411e2aed1800cf21a5d89,24.310754,1772616736,137742b45f92db55c15f206ca2257f816afaab68f23953014607d0d7af3d8a66,215,107.50,2.78,1,4,3,0.021924,0.502950,TopoStake,pog(D=3_omega=1.00),1.92,310,32
69,0,0xf6e059718dbd0a0956726ab97d06bad5efc6cd18,2.012329,1772616738,8def3cfe3228886c762db471fb9aa0e9d79ac3abd8ea4346e5a6b3ebe2cf99ca,124,62.00,3.06,1,5,3,0.022113,0.504144,TopoStake,pog(D=3_omega=1.00),1.40,311,32
69,1,0x30509a8084fdfe6fe24d9c9a817c209ad194f8e3,19.674142,1772616740,dda6dbadbf846bb3014edf10612bce5dacb92b7a39f3627cc4073973cc69ceb9,145,72.50,3.64,1,5,4,0.022036,0.502398,TopoStake,pog(D=3_omega=1.00),1.46,312,32
69,2,0xf13caa2c5f6f6cf61e51290bfa7826a9140b4faf,4.045189,1772616742,b8661c6ea7eab2fe319f45097a889f7f323cd708b451a0dd642189495ed6e194,150,75.00,4.13,1,6,4,0.022168,0.503514,TopoStake,pog(D=3_omega=1.00),1.49,313,32
69,3,0x075e1d95c7891e1c00414ca1aa9a7a8cf6270019,20.168394,1772616744,cafb7e6722f5c6f8540fde9353b32154dfba16fa6eb4ca44abd8182351f59bc7,162,81.00,4.82,2,7,5,0.022114,0.503391,TopoStake,pog(D=3_omega=1.00),1.41,314,32
69,4,0xb2a7fe70a6f3137d38f6cb4c3ec6dd1e24f2d5f4,9.424907,1772616746,4f3f20603525e19f78a7e4889f376e655fe9e14a5512dc59ec380e06adaf521b,148,74.00,3.47,1,6,4,0.022249,0.504500,TopoStake,pog(D=3_omega=1.00),1.47,315,32
70,0,0x60705151f1f537cacd5b801f3ef1b31dc3f605de,2.302860,1772616749,6f2dec99db2c5a4da48f1ffcc0beb8eab22cc8894f26be9770e1352824e4b505,176,88.00,4.39,1,7,4,0.022258,0.505256,TopoStake,pog(D=4_omega=1.00),1.45,316,32
70,1,0x30405867b72597aaeb27803bb2c7f3f5fc7d5384,4.519692,1772616750,63cf14292310695b4f2d781c53557c50bddb4e05eb827c922063de5ce1c8cbc0,143,47.67,4.46,1,7,5,0.022183,0.503616,TopoStake,pog(D=4_omega=1.00),2.51,317,32
70,2,0x50f7fa851f9314d682e36da5caa4635039b5305d,5.107346,1772616752,a27b7b8c4f6af762b44e477fc6924f0350a200acf3d4a0f6a4b5dd34675b8103,107,107.00,4.09,1,6,4,0.022135,0.503767,TopoStake,pog(D=4_omega=1.00),1.60,318,32
70,3,0x71f297f96355f349d66f0e9b681e7d4e11224660,4.172405,1772616754,3248af5012ceefe0fc1642d611de15b4bfdd60b1d76623cd1948e9b6c6303725,193,96.50,3.93,1,6,4,0.022094,0.504164,TopoStake,pog(D=4_omega=1.00),1.96,319,32
70,4,0xd61b00c297972877b45f8d7f4d67fdaf20c67c59,3.332870,1772616756,4ca37ebd4b347fddc2995a1a6e0f4b484d71cecb6221ce0fff2128b91b0ed7ef,166,83.00,3.98,1,6,4,0.022042,0.504054,TopoStake,pog(D=4_omega=1.00),1.69,320,32
71,0,0xdcf2130496e27a8094ab996aea4aa77788d65869,4.503761,1772616758,9c5b9dcba9a148145bc799bbd6d6405ad9c8666ea42bbd1839c3c47293cf9280,167,83.50,5.01,1,7,5,0.021980,0.503412,TopoStake,pog(D=4_omega=1.00),1.88,321,32
71,1,0x786f26993bf015cd2da6fb5d3ccd1879e01246ab,3.289491,1772616760,9c5b9dcba9a148145bc799bbd6d6405ad9c8666ea42bbd1839c3c47293cf9280,167,83.50,5.01,1,7,5,0.021980,0.503415,TopoStake,pog(D=4_omega=1.00),1.88,321,33
71,2,0x075e1d95c7891e1c00414ca1aa9a7a8cf6270019,21.169249,1772616762,38b62ff2130ad25a5430aa6770aad10670b1236cf6375a89d12f61dd8b49a3e3,250,62.50,4.44,1,6,4,0.021919,0.502691,TopoStake,pog(D=4_omega=1.00),3.34,322,33
71,3,0x016d3fc36beee7caa8fbd6c1caa42461dd7f9850,12.896530,1772616764,e9c752961ec7ac9edaacbd8ddf32ba9f84f9f1aabd9f2e49bca0c13e9b30de3a,152,76.00,3.14,1,5,3,0.022059,0.503804,TopoStake,pog(D=4_omega=1.00),1.99,323,33
71,4,0xac61c91e7d24df824351a6c4e562a75f0cf646f8,1.247219,1772616767,96ed9326f0c08d788657f1208f74ad098f7456fc38d0e78c7d86a96601ca3473,183,61.00,3.12,1,4,3,0.022106,0.504711,TopoStake,pog(D=4_omega=1.00),2.34,324,33
72,0,0x28672c71695142588ed26ada6f4b18b8b6c12308,8.698898,1772616768,9f5e2e63b09d5bef4db5a9473228b1961544c8e63083f9f49c5e4c19f16e098c,177,88.50,4.12,1,6,4,0.022021,0.502600,TopoStake,pog(D=3_omega=1.00),2.27,325,33
72,1,0x016d3fc36beee7caa8fbd6c1caa42461dd7f9850,13.897431,1772616770,19fb59706fea8dc9ce29218e9bb21cee53d5e454e92e7a232d5ce0d3ffd25dcd,114,114.00,3.51,1,5,4,0.022019,0.503280,TopoStake,pog(D=3_omega=1.00),1.43,326,33
72,2,0x13f9dadc05f6c237b03411e2aed1800cf21a5d89,25.312139,1772616772,9c802072c2d76c624a6f208d6454797334830e9a8983d002484d391703b8d1c2,157,78.50,3.24,2,5,3,0.022076,0.504240,TopoStake,pog(D=3_omega=1.00),1.62,327,33
72,3,0x07902d0371763a00d97ed9ba16ff0a206cb0fd19,18.552853,1772616774,1c0a4805dc6dca72584765fc94d497b7d58816ebb542e79bf5c4e55b164fb697,167,83.50,3.16,1,5,3,0.022257,0.505383,TopoStake,pog(D=3_omega=1.00),1.56,328,33
72,4,0xf13caa2c5f6f6cf61e51290bfa7826a9140b4faf,5.045561,1772616776,cd695d2bcc8c4047c1fb9f1d2cad69e2f9df96333cc2db09c62a4cb4cdb3cfde,162,81.00,2.76,1,4,3,0.022362,0.506380,TopoStake,pog(D=3_omega=1.00),1.44,329,33
73,0,0x54f496e5c1d9f95a916cf7f5b62e9c98e64a3dc5,2.041632,1772616778,885f1291bec21175c4da5d27bdb8a4bc4f8d632c25bc621c8223d4a3e7186a1f,152,76.00,4.41,2,6,5,0.022318,0.506690,TopoStake,pog(D=3_omega=1.00),1.48,330,33
73,1,0x30509a8084fdfe6fe24d9c9a817c209ad194f8e3,20.675278,1772616781,5d6b866c3fe1c89ae668b4c9ea4e9657235e61db0e7990829ee976b379c7dda5,171,57.00,4.19,1,6,4,0.022242,0.504943,TopoStake,pog(D=3_omega=1.00),2.51,331,33
73,2,0x075e1d95c7891e1c00414ca1aa9a7a8cf6270019,22.170309,1772616782,b6147a30941d68a18bdddcd5519c69291891c8c69384424b1275f0f531e5cfc2,199,99.50,3.79,1,6,4,0.022368,0.505980,TopoStake,pog(D=3_omega=1.00),2.34,332,33
73,3,0xc339f8bf978200eb65afce6c7121402eda949097,0.073005,1772616784,f56f3d4de87a94b00444c43a23bf83d1b6f751d307cb8768d3db7ec1a36e091c,123,123.00,3.15,1,6,3,0.022509,0.507059,TopoStake,pog(D=3_omega=1.00),1.59,333,33
73,4,0xf13caa2c5f6f6cf61e51290bfa7826a9140b4faf,6.046092,1772616786,46704092defa11ea96e9b388723ff09c274564fb6a827bc7781d5e0f34b12d52,151,75.50,4.75,1,7,5,0.022411,0.504233,TopoStake,pog(D=3_omega=1.00),2.16,334,33
74,0,0xc577329e86aaecb006f17fb90499c54671119935,3.318481,1772616788,2c15ee819c0eae080ccd4f3885c12755293670e3976199b014184dd2d9733c7f,204,102.00,4.44,1,7,4,0.022377,0.504743,TopoStake,pog(D=4_omega=1.00),2.12,335,33
74,1,0x13f9dadc05f6c237b03411e2aed1800cf21a5d89,26.313207,1772616790,9975d5bcb9cbc4f19015f5898c296ae0216b42bc0af8ce8da1510fcce6cb6428,210,105.00,4.07,1,6,4,0.022315,0.504020,TopoStake,pog(D=4_omega=1.00),1.81,336,33
74,2,0x30405867b72597aaeb27803bb2c7f3f5fc7d5384,5.519967,1772616792,62909984ebd177b6d0e71fc16b7990862ef84e67f2162ec38ed68f3e0862076b,167,83.50,3.26,1,5,3,0.022496,0.505140,TopoStake,pog(D=4_omega=1.00),1.58,337,33
74,3,0x3d92e045fb1847aae132b40ebfcc471a32f687de,5.129083,1772616794,f53d4c5176f5d56bce8216417d2e270e15522310b1119152819408d3dfbb458f,156,78.00,3.60,2,4,4,0.022456,0.505518,TopoStake,pog(D=4_omega=1.00),1.44,338,33
74,4,0x30405867b72597aaeb27803bb2c7f3f5fc7d5384,6.520691,1772616796,db43599cabdc33d965461bd6082728a6ebe1336e7417e75da629bb976c4c32fc,156,78.00,4.10,1,6,4,0.022413,0.505777,TopoStake,pog(D=4_omega=1.00),1.55,339,33
75,0,0x1796dc61e715f15a2d27dfa32bd34780f12a8c24,2.725778,1772616799,3eb5db9bd41573451a499c7b78532ee2008419fbf701f3452d8c72ef7e842c86,162,81.00,3.55,1,5,4,0.022384,0.506267,TopoStake,pog(D=3_omega=1.00),1.46,340,33
75,1,0xcdc82b7c868072205a399d0f68e6e3ad3bfd1ca6,4.207108,1772616800,3eb5db9bd41573451a499c7b78532ee2008419fbf701f3452d8c72ef7e842c86,162,81.00,3.55,1,5,4,0.022384,0.506268,TopoStake,pog(D=3_omega=1.00),1.46,340,34
75,2,0xcb7977f4997b4252c0152e135dd79b3cfe35c1a5,4.625660,1772616802,0df82760f53f96b87840bdba52ab29ed533334ebf9a1202dc8d01a64a670562f,250,62.50,3.75,1,5,4,0.022331,0.506112,TopoStake,pog(D=3_omega=1.00),2.86,341,34
75,3,0x54f496e5c1d9f95a916cf7f5b62e9c98e64a3dc5,3.042217,1772616804,d63816ea201a1f59d58610b6d2363d8428887186f86f460f7d747235beed078f,204,102.00,4.15,1,6,4,0.022282,0.506133,TopoStake,pog(D=3_omega=1.00),1.96,342,34
75,4,0x1cb1274c711a6c2e4e1596846e6ac604eeefb358,13.420323,1772616806,74cca2c9e37c3074c62cbf84e6a2b8dbd3b9a6b50aa7eb9ccaf3e39e262f3482,173,86.50,4.33,1,6,5,0.022218,0.505136,TopoStake,pog(D=3_omega=1.00),1.79,343,34
76,0,0x075e1d95c7891e1c00414ca1aa9a7a8cf6270019,23.171241,1772616808,c4d4d4f69c1703bdab0435a6a73b12fb55965281d5ea0bc5b3110f5165681faa,163,81.50,3.55,1,5,4,0.022260,0.506002,TopoStake,pog(D=3_omega=1.00),1.51,344,34
76,1,0x5cd626f4b83428b146919d30f4b3e481d259a9dc,2.071290,1772616810,14c258d9c58aabe6477922c1ae3e5bb01b13378070cb51513f397eef8906fadd,183,91.50,3.10,1,5,3,0.022401,0.507053,TopoStake,pog(D=3_omega=1.00),1.56,345,34
76,2,0x075e1d95c7891e1c00414ca1aa9a7a8cf6270019,24.172140,1772616812,627d618ec80fa2d69e756ed9de5ac0069a57171e3bde1e9f45568f8388732c9e,157,78.50,4.26,2,7,4,0.022327,0.505334,TopoStake,pog(D=3_omega=1.00),1.46,346,34
76,3,0xd3997be86c88837e3fd467517b943590b28fa641,2.056204,1772616814,2147ed78da7004be75569683d230c95c4fa6cdf4cfdc98922d82cdd2f952a9bd,149,74.50,3.48,1,6,4,0.022476,0.506381,TopoStake,pog(D=3_omega=1.00),1.52,347,34
76,4,0x282f43759e22b50aa7989261c51c367f325c3f91,3.351768,1772616817,7e330b63f9b4a860886d1db7815e12082ddb7f4a17e49a983015fafbfdc0b8ca,151,50.33,4.44,1,6,5,0.022401,0.504621,TopoStake,pog(D=3_omega=1.00),2.40,348,34
77,0,0x13f9dadc05f6c237b03411e2aed1800cf21a5d89,27.314550,1772616818,c7aea0d6005beae6af59614e17ce46731d0d7b7dc66a1b57cdd5bcc4d672c1a9,180,90.00,3.92,1,6,4,0.022340,0.503864,TopoStake,pog(D=3_omega=1.00),2.34,349,34
77,1,0xf82400c4f426bdbd2bc687ffef1f22c1a381c851,1.060504,1772616820,3c7c532558f530d2a8437be2518b4e8cee8420c7e0617da3dab79a784d7bdc9d,106,106.00,3.17,1,5,3,0.022517,0.504952,TopoStake,pog(D=3_omega=1.00),1.63,350,34
77,2,0x13f9dadc05f6c237b03411e2aed1800cf21a5d89,28.315064,1772616822,1ee1eb92545e26d2ca356d4205e6f68b6c197c31cefb2e7bc101949221300937,173,86.50,4.20,1,6,4,0.022433,0.502814,TopoStake,pog(D=3_omega=1.00),1.71,351,34
77,3,0x1796dc61e715f15a2d27dfa32bd34780f12a8c24,2.725785,1772616824,2332333ec0b16b5f4bfcdb53703e3eec14d3768dd9720075d53e8aeca5164567,176,88.00,3.11,1,5,3,0.022618,0.503899,TopoStake,pog(D=3_omega=1.00),1.52,352,34
77,4,0x50f7fa851f9314d682e36da5caa4635039b5305d,6.108149,1772616826,0512abd467ed15f284aa26290e794ed123bc26bbb20e662f63b24b9aa1a54e14,152,76.00,3.45,2,5,3,0.022618,0.503901,TopoStake,pog(D=3_omega=1.00),1.46,353,34
78,0,0x71f297f96355f349d66f0e9b681e7d4e11224660,5.172913,1772616828,2187626ae8971bb4e0572472ea67ce1fd11e6db02018bec2177790a48180207a,158,79.00,3.32,1,5,3,0.022515,0.502987,TopoStake,pog(D=3_omega=1.00),1.45,354,34
78,1,0x95ab54d268473cce82094026afefdbd5cadf418b,3.596068,1772616830,c07c48df07797b8b3741eb000e4b71ab9393cebe02665efd3811aaac2cebf309,167,83.50,3.86,1,6,4,0.022471,0.503186,TopoStake,pog(D=3_omega=1.00),1.43,355,34
78,2,0x81193196c1dbdbf80709d43a5af5ce21c201fbd7,0.835498,1772616833,283aa40aa57f56922bcc8fe44bb3056352ebb3bb113d86999d6bcc6320fa0c41,160,53.33,4.67,1,6,5,0.022412,0.502583,TopoStake,pog(D=3_omega=1.00),2.45,356,34
78,3,0xc4dc29db975b952e04358340e56b68fa4ba63fbc,3.540758,1772616834,997a3a7b6ab6b063d78b4be2b33e51e5124a571bc24f91a9d686ea948091cc9f,185,92.50,3.92,1,6,4,0.022326,0.500322,TopoStake,pog(D=3_omega=1.00),2.25,357,34
78,4,0x50f7fa851f9314d682e36da5caa4635039b5305d,7.108863,1772616836,3faa8f890a8cd5fd9e1bb6f7bde15ee6c08883dfcbfa9cdf92f6ca6cb9f21bd6,128,128.00,3.49,1,5,4,0.022267,0.499645,TopoStake,pog(D=3_omega=1.00),1.48,358,34
79,0,0xaadc5fea232580cb8fba739ac5d05a48559c7e52,3.354910,1772616838,0b63b4fe87d3da8b921c49123c48d3a0cad0769631da65b8a4b98f8a68f68b0a,167,83.50,3.34,1,5,3,0.022243,0.500134,TopoStake,pog(D=3_omega=1.00),1.59,359,34
79,1,0x13f9dadc05f6c237b03411e2aed1800cf21a5d89,29.316227,1772616840,cd9c01207d48463f37dbac3b9158862a72f8a196748b7c59dbbf7680a2e6f15d,213,106.50,3.98,1,6,5,0.022183,0.499281,TopoStake,pog(D=3_omega=1.00),35.30,360,34
79,2,0xe184aeec69f3313df03bef8752946c65f0a70021,3.087443,1772616842,a0b8b467e6b6dd64f31a2f1ab304719cdc976b48317d351f52828c9b389212f1,179,89.50,3.17,1,5,3,0.022183,0.499283,TopoStake,pog(D=3_omega=1.00),1.53,361,34
79,3,0x7e40df5d801345015e84c843908efc6683665fa4,0.657637,1772616844,999471fe52ea8332691096dd21a62e08229a704ba30920f96f0f5db1d1527273,169,84.50,4.01,1,7,4,0.022120,0.498198,TopoStake,pog(D=3_omega=1.00),1.49,362,34
79,4,0x2abf89d7c96c80fcff9dec1fe92803573094ee35,3.227006,1772616846,aa4d4d6a16c72c001b5ff27e33acfba3a8e6d0cde7760a295f91879a43a443bc,202,101.00,3.52,1,6,4,0.022035,0.495832,TopoStake,pog(D=3_omega=1.00),1.44,363,34
80,0,0xf6e059718dbd0a0956726ab97d06bad5efc6cd18,3.012257,1772616849,3202e77308986512486f7c6226ea691d45b7a76008ed4e131e352c00e770b124,177,88.50,3.84,1,6,4,0.021975,0.494823,TopoStake,pog(D=3_omega=1.00),1.48,364,34
80,1,0x30509a8084fdfe6fe24d9c9a817c209ad194f8e3,21.676902,1772616850,99cd1941a50eff5607e826c1f05bf2a36065c00c1c4ee3f924fc52cd7cdb4058,210,70.00,3.49,1,6,4,0.021913,0.493623,TopoStake,pog(D=3_omega=1.00),2.25,365,34
80,2,0xb7b4ee0a72bc410bf6d32b9cd3f3e11fc756d6f1,0.077220,1772616852,fc16f70eb0b2b2cf3c82325f199171305f24a1d6de24987bfb8077bdefd46ae7,133,133.00,3.53,1,6,4,0.022025,0.494612,TopoStake,pog(D=3_omega=1.00),1.52,366,34
80,3,0xeaa5003682d7289190651081ae2bee847097afc5,0.755782,1772616854,ad5b2f731801723162bd15042a76d6abf0a99077c71fc1205b3903be9827072a,161,80.50,4.02,1,6,4,0.021936,0.491938,TopoStake,pog(D=3_omega=1.00),1.64,367,34
80,4,0x07902d0371763a00d97ed9ba16ff0a206cb0fd19,19.555848,1772616856,cfe1d6dd5f44e7fc69dff0ff1f90dbf34cea8ab61e329d1c6bfd77a686a7bd32,184,92.00,4.48,1,6,5,0.021853,0.489613,TopoStake,pog(D=3_omega=1.00),1.61,368,34
81,0,0xb990cdf21950e6086c350175c4bc504e45858230,2.120442,1772616858,01da104a54127057264f1222d787e2880d4a7692c6088da8040edc64d0f3867b,175,87.50,2.86,1,4,3,0.021944,0.490562,TopoStake,pog(D=3_omega=1.00),1.58,369,34
81,1,0xa068e3c9a21c8d8be636cd2d285895979ec3262e,2.964098,1772616860,e618800e6de1c6fd39a371285d3da05076d121e204dc8431f7061934daa906e1,197,98.50,4.00,1,6,4,0.021875,0.488878,TopoStake,pog(D=3_omega=1.00),1.53,370,34
81,2,0x269cdf52f97e1d9f14b7be895155a7b294f0b21d,10.733967,1772616862,b7feef7b3c12be8d1bd0f103eb79024b526ebf9227420c6ad02f0cdb6abf27de,190,95.00,4.77,2,8,5,0.021813,0.487627,TopoStake,pog(D=3_omega=1.00),1.52,371,34
81,3,0x0d91704595bff3aec25d40822498a51c62b05e3a,13.588232,1772616864,fae7fbf948f2ba73357d4319bdf3e9539ac2b8bd57fe6abd27b1d3d8700eed1d,177,88.50,3.64,1,5,4,0.021822,0.488402,TopoStake,pog(D=3_omega=1.00),1.53,372,34
81,4,0x13f9dadc05f6c237b03411e2aed1800cf21a5d89,29.316854,1772616866,d78a84d1eda6375ece15c2c981ab9e9af219fb7abeae37e7265fb1189956895e,148,49.33,3.60,1,6,4,0.021857,0.489224,TopoStake,pog(D=3_omega=1.00),2.33,373,34
82,0,0x1796dc61e715f15a2d27dfa32bd34780f12a8c24,3.726543,1772616869,a832fffee17b2f9abd52eee9f257b2873b42f113d06f28d2b60459c656bec030,174,87.00,3.16,1,5,3,0.022034,0.490290,TopoStake,pog(D=3_omega=1.00),2.32,374,34
82,1,0xcb7977f4997b4252c0152e135dd79b3cfe35c1a5,5.626204,1772616871,60b82e04d1aecea619e92d7f28118650b953cdaf29e65761d8efd5a0e7aaa3f7,210,105.00,3.27,1,5,3,0.021978,0.489662,TopoStake,pog(D=3_omega=1.00),1.98,375,34
82,2,0xb990cdf21950e6086c350175c4bc504e45858230,3.121352,1772616873,a575470c2009612ecd2d5efff262b68e96fab50d3b21c4e9287c87c8fba2de6e,153,76.50,5.01,1,7,5,0.021940,0.489952,TopoStake,pog(D=3_omega=1.00),1.73,376,34
82,3,0x13f9dadc05f6c237b03411e2aed1800cf21a5d89,30.317796,1772616875,d0362693d8386160d85f9d88145e9a557c8a7f8ddad330c0db26ad0b755d7f2f,202,101.00,4.08,1,6,4,0.021940,0.489954,TopoStake,pog(D=3_omega=1.00),1.56,377,34
82,4,0xf82400c4f426bdbd2bc687ffef1f22c1a381c851,2.060907,1772616877,b2022876c92cd3e90c74c0ad174d7f060eea595a1aee9314ac22a6eb2641ee58,147,73.50,3.07,1,5,3,0.022062,0.489833,TopoStake,pog(D=3_omega=1.00),1.52,378,34
83,0,0x0d91704595bff3aec25d40822498a51c62b05e3a,14.588994,1772616879,105c29a255c765ab1fb8f7d3b0f33601adafde47d09fd5a982830bfa37e6eefd,185,92.50,3.90,1,6,4,0.021992,0.488118,TopoStake,pog(D=3_omega=1.00),1.48,379,34
83,1,0x282f43759e22b50aa7989261c51c367f325c3f91,4.352190,1772616882,4d5693a5674cdc4d774ecc4e2e332c4117f466b46a40482142b5572801589753,164,82.00,3.18,1,5,3,0.022032,0.488992,TopoStake,pog(D=3_omega=1.00),1.44,380,34
83,2,0x30509a8084fdfe6fe24d9c9a817c209ad194f8e3,22.677886,1772616883,59ee8a732d1ac1100f98436b2b68de63fdfaf220106c5b594b926425d62ba086,168,56.00,3.98,1,6,4,0.021983,0.488853,TopoStake,pog(D=3_omega=1.00),2.37,381,34
83,3,0x377eaef292051bbf8ada05b2af76a3f3b9d722a7,0.053747,1772616885,49b4378f2cbb3eac4e8c964f77cd94090859ea7941c17bd0b9b55b0b41f00b6a,115,115.00,3.31,1,5,3,0.022093,0.489819,TopoStake,pog(D=3_omega=1.00),1.55,382,34
83,4,0xc4dc29db975b952e04358340e56b68fa4ba63fbc,4.540952,1772616887,616949f4d0db426a0adcbdc37606c4ca31a2d0c34ceb37945640cd15e094e7e0,203,101.50,3.62,1,5,4,0.022006,0.487178,TopoStake,pog(D=3_omega=1.00),1.75,383,34
84,0,0x13f9dadc05f6c237b03411e2aed1800cf21a5d89,31.318713,1772616889,db2fedc3e04ff2efaba9d2eb5655db8eb3cee038174948285aab3509add5264e,187,93.50,3.79,1,5,4,0.021958,0.487104,TopoStake,pog(D=3_omega=1.00),1.70,384,34
84,1,0xfdc414c57908f0e2a6a926079902d4688d553610,0.171885,1772616891,d0dfd2c3bfd1cb11d9b86ab904221e19cbe7979b639575797994a45c74ddc8f8,194,97.00,3.12,1,5,3,0.022142,0.488150,TopoStake,pog(D=3_omega=1.00),1.55,385,34
84,2,0xac768e60b9269babb15cb1e36ee843243d7c7543,5.716922,1772616893,d0dfd2c3bfd1cb11d9b86ab904221e19cbe7979b639575797994a45c74ddc8f8,194,97.00,3.12,1,5,3,0.022142,0.488152,TopoStake,pog(D=3_omega=1.00),1.55,385,35
84,3,0xb990cdf21950e6086c350175c4bc504e45858230,4.122174,1772616895,d0dfd2c3bfd1cb11d9b86ab904221e19cbe7979b639575797994a45c74ddc8f8,194,97.00,3.12,1,5,3,0.022142,0.488153,TopoStake,pog(D=3_omega=1.00),1.55,385,36
84,4,0x075e1d95c7891e1c00414ca1aa9a7a8cf6270019,25.174518,1772616897,dea8f43d2d89bca283b07a2357336aefe7b524766d44dffa96f2d3bd930ad431,250,41.67,4.30,1,7,4,0.022090,0.487794,TopoStake,pog(D=3_omega=1.00),4.90,386,36
85,0,0x9ba702916c26a8583a7f277d6932b3c0d9927ce0,2.193970,1772616900,aa8b37c0229bafdbfc27727c4af6e0f6fafeab7d765613b33f2d1857856f6f5c,153,76.50,3.24,1,5,3,0.022218,0.488792,TopoStake,pog(D=3_omega=1.00),2.95,387,36
85,1,0x52e05d9fa4faa167f30baba23c710e4f49115288,5.149559,1772616901,0467f58889dda4f74f5c7cc7652c244f67b71290300bc1ae03d0129049ad946d,164,54.67,5.10,1,8,5,0.022149,0.487110,TopoStake,pog(D=3_omega=1.00),2.57,388,36
85,2,0xcb7977f4997b4252c0152e135dd79b3cfe35c1a5,6.626351,1772616903,b5b3f047c0ac16307018b38f91944f21f01ce7ca81c1e3e1cfc71aa4d98bca2a,111,111.00,3.83,2,6,4,0.022106,0.487235,TopoStake,pog(D=3_omega=1.00),1.63,389,36
85,3,0x0d91704595bff3aec25d40822498a51c62b05e3a,15.589905,1772616905,8a4575b2216610ce45ce0959f06c5645cc656574bdef8c26706e4e08ef2e92de,165,82.50,4.22,1,6,4,0.022076,0.487640,TopoStake,pog(D=3_omega=1.00),1.86,390,36
85,4,0x53be6e527cc5a7d850b5eae27b9cef342e0665f2,0.036907,1772616907,c5c9e85b3b2217a9fa0834dfff183c36c46d113612d5a0276e9a7eb6364c3865,184,92.00,3.24,1,5,3,0.022121,0.488508,TopoStake,pog(D=3_omega=1.00),1.85,391,36
86,0,0x07902d0371763a00d97ed9ba16ff0a206cb0fd19,20.557734,1772616909,6255ca39d9597dd11602a40250d7bbfc8db52511088be3f86a9403011b17457f,175,87.50,3.45,1,5,4,0.022035,0.485870,TopoStake,pog(D=3_omega=1.00),1.54,392,36
86,1,0x9bdb1c7ad4bd8fe797b07c08117c74a591dbab2d,3.445155,1772616911,6255ca39d9597dd11602a40250d7bbfc8db52511088be3f86a9403011b17457f,175,87.50,3.45,1,5,4,0.022035,0.485873,TopoStake,pog(D=3_omega=1.00),1.54,392,37
86,2,0x075e1d95c7891e1c00414ca1aa9a7a8cf6270019,26.175302,1772616913,1d6d2e32ff52e18d24f37512a3409ac46d8eacaffad0e9e1bf77b0248ba11102,250,62.50,2.80,1,7,3,0.021978,0.484955,TopoStake,pog(D=3_omega=1.00),127.51,393,37
86,3,0x282f43759e22b50aa7989261c51c367f325c3f91,5.352852,1772616915,4818be2aa2804c7e9cb18e06c3baaa123bf2f5b369186cd1b9d98dd5eca12c3d,246,123.00,3.54,1,6,4,0.022110,0.485946,TopoStake,pog(D=3_omega=1.00),2.59,394,37
86,4,0xea287b266dbe2c2d402fd91814bcfc4c95d6b0fd,3.160920,1772616917,d231d26cf0401ccb2448b9b672c78abbb385711aa84fcd0d3da682923e3846c5,145,48.33,4.25,2,6,4,0.022069,0.486096,TopoStake,pog(D=3_omega=1.00),2.39,395,37
87,0,0x28672c71695142588ed26ada6f4b18b8b6c12308,9.699340,1772616919,6d90297a37f49b34b2cb4c49abaceef7100184520669be49db33a2ad0847e522,185,92.50,4.51,1,7,5,0.022009,0.484930,TopoStake,pog(D=3_omega=1.00),2.43,396,37
87,1,0x13f9dadc05f6c237b03411e2aed1800cf21a5d89,32.320060,1772616921,deb7b32f977d052d7ecf358920657e6351605a9af1a704581dff40f5bec9f6a6,104,104.00,3.81,1,6,4,0.022004,0.485585,TopoStake,pog(D=3_omega=1.00),1.71,397,37
87,2,0x075e1d95c7891e1c00414ca1aa9a7a8cf6270019,27.176677,1772616923,adb3ca4e351b197c627f407926caa65514497a236e9afa085db3cd3bcda2632c,232,116.00,3.32,1,5,3,0.022183,0.486606,TopoStake,pog(D=3_omega=1.00),1.78,398,37
87,3,0x269cdf52f97e1d9f14b7be895155a7b294f0b21d,11.734667,1772616925,efd55f717583c2185d07cc983cea0647d65a870e2c65674b300613a08a1502f0,166,83.00,3.38,1,6,3,0.022319,0.487583,TopoStake,pog(D=3_omega=1.00),1.58,399,37
87,4,0x30509a8084fdfe6fe24d9c9a817c209ad194f8e3,23.678601,1772616927,a37c0f8437b5a11a567690aa96d4b214e5086d0c6683ae58f0498d2e552bf0ce,167,83.50,3.60,1,5,4,0.022329,0.488315,TopoStake,pog(D=3_omega=1.00),1.53,400,37
88,0,0x28672c71695142588ed26ada6f4b18b8b6c12308,10.699820,1772616929,d733a0dc52dcbe5a4bbfbcdae5859113ec36cab1a9316979e80658d0dc341d1c,180,90.00,3.91,1,6,4,0.022434,0.489245,TopoStake,pog(D=3_omega=1.00),1.48,401,37
88,1,0x13f9dadc05f6c237b03411e2aed1800cf21a5d89,33.321289,1772616931,2517e9b69cf8122410e766351650a84a6f26ce79c23c092d0f0c500934c9b07f,189,63.00,4.22,1,7,4,0.022435,0.489931,TopoStake,pog(D=3_omega=1.00),2.42,402,37
88,2,0xe478b1e4d1538274c0c70cbd7df877f9abab2f62,3.295979,1772616933,3aab845510e71560c1f6d29fb4fb42d161e7142148072782799499b4129302db,216,108.00,3.25,1,5,3,0.022616,0.490933,TopoStake,pog(D=3_omega=1.00),2.42,403,37
88,3,0x075e1d95c7891e1c00414ca1aa9a7a8cf6270019,28.177640,1772616935,45ffe1e5a741acdccecf8004554aeca283b8537b424e195c0413220affd4c2af,85,85.00,5.04,1,7,5,0.022556,0.489839,TopoStake,pog(D=3_omega=1.00),1.95,404,37
88,4,0x3513d672439a59c26cc5711f2b715ccb4810a774,3.292722,1772616937,9295f07570dba75948ead7ba5c0ed9bc513875e5e32cd8b68690f8789036f64e,234,117.00,3.34,1,6,3,0.022694,0.490798,TopoStake,pog(D=3_omega=1.00),2.09,405,37
89,0,0xb990cdf21950e6086c350175c4bc504e45858230,5.123153,1772616939,9295f07570dba75948ead7ba5c0ed9bc513875e5e32cd8b68690f8789036f64e,234,117.00,3.34,1,6,3,0.022694,0.490799,TopoStake,pog(D=3_omega=1.00),2.09,405,38
89,1,0x58a21eeb7ab18ba8adf1296e66a4487076e95dac,6.091902,1772616941,da9d96b3e60eee9ef552aadaae330ba1433db19cf979a06d5a18cf5c9fcd35c7,250,62.50,4.28,1,6,4,0.022648,0.490836,TopoStake,pog(D=3_omega=1.00),3.22,406,38
89,2,0xe6ebb0cdfd04183d498964e5efc4096ba77b17d6,4.292406,1772616943,b7d83ad98cc0f2de2665821531f047c43217e2406336388aa54cf1f7c1b0ac04,102,51.00,4.15,2,6,4,0.022611,0.491132,TopoStake,pog(D=3_omega=1.00),1.27,407,38
89,3,0x075e1d95c7891e1c00414ca1aa9a7a8cf6270019,29.178748,1772616945,b7d83ad98cc0f2de2665821531f047c43217e2406336388aa54cf1f7c1b0ac04,102,51.00,4.15,2,6,4,0.022611,0.491133,TopoStake,pog(D=3_omega=1.00),1.27,407,39
89,4,0x786f26993bf015cd2da6fb5d3ccd1879e01246ab,4.289730,1772616947,b8496dff18240d2bfc44c037583104b8748bbdc9a8bea730530600f6724d3b5d,250,50.00,3.38,1,6,3,0.022754,0.492084,TopoStake,pog(D=3_omega=1.00),4.16,408,39
90,0,0x95ab54d268473cce82094026afefdbd5cadf418b,4.595985,1772616950,e3ddddce39bdb92486810f932e9c70a08d543f569a6d87be51b4ba360a1d8904,102,51.00,4.91,1,7,5,0.022702,0.491792,TopoStake,pog(D=4_omega=1.00),2.20,409,39
90,1,0x3d92e045fb1847aae132b40ebfcc471a32f687de,6.129238,1772616951,6ea8b02dab23f64eb4c11885981a894a0991b112f4246c6ffc0addbb0773a818,166,83.00,4.45,1,6,5,0.022652,0.491604,TopoStake,pog(D=4_omega=1.00),2.36,410,39
90,2,0x075e1d95c7891e1c00414ca1aa9a7a8cf6270019,30.180036,1772616953,64905215d4aabe1ffc1d49cf99376756dbffbc0cc8a34ea9780d6f049c287583,133,133.00,4.08,1,7,4,0.022615,0.491868,TopoStake,pog(D=4_omega=1.00),1.55,411,39
90,3,0x54f496e5c1d9f95a916cf7f5b62e9c98e64a3dc5,4.041998,1772616955,75017a6abe67219c8eaa92bedcf3031a928774593f4ee2b18c36d8f5c84cd003,200,100.00,3.62,2,6,4,0.022763,0.492809,TopoStake,pog(D=4_omega=1.00),1.84,412,39
90,4,0xa068e3c9a21c8d8be636cd2d285895979ec3262e,3.963910,1772616957,64b04a1d45939e070cf02fec74a7b6726619b449fb86394379dffdc58e31499e,148,74.00,4.62,1,7,5,0.022709,0.492289,TopoStake,pog(D=4_omega=1.00),1.57,413,39
91,0,0xf82400c4f426bdbd2bc687ffef1f22c1a381c851,3.061280,1772616959,8bc012efb767cf7547a536a3250284fb6a57bd2d587b01a5f20d682d82616461,163,81.50,4.81,1,8,5,0.022654,0.491676,TopoStake,pog(D=4_omega=1.00),1.52,414,39
91,1,0x53be6e527cc5a7d850b5eae27b9cef342e0665f2,1.037642,1772616961,29fc9794c3d74449fa605dae05d4230be21dec7b26c65ae03330401069b764fb,138,69.00,4.32,2,6,5,0.022593,0.490407,TopoStake,pog(D=4_omega=1.00),1.52,415,39
91,2,0x26d553a2f4343b3a7dc88bbd87b3d0a25d3838d9,6.219760,1772616964,a5a85888a638ef825e2f75108fd3a4b6aefceedcfeb0ec349cddc8d944b94c55,149,49.67,4.29,2,6,5,0.022517,0.488431,TopoStake,pog(D=4_omega=1.00),2.53,416,39
91,3,0xd46407aa7b668c72de3cf1c1a12b7fa2e308a1b2,4.988114,1772616966,6fbd48b7f02dd06f1a066633df8de668371691a2909de2ccf9d64e9b13a94787,210,105.00,3.61,2,6,4,0.022480,0.488679,TopoStake,pog(D=4_omega=1.00),2.30,417,39
91,4,0x8c11ec9090dd820c076e57e899d9c604c79d6b32,3.565895,1772616968,2d16f8d20387e91e080f66c1f33b2474cc38dc628c44273e9033a0077591bed8,189,94.50,4.10,1,6,4,0.022434,0.488615,TopoStake,pog(D=4_omega=1.00),2.07,418,39
92,0,0xcdc82b7c868072205a399d0f68e6e3ad3bfd1ca6,5.207397,1772616970,c21ae57ae348c86231345e53a593f2919d5a76016ed4ee10934cfb3ddd5b2105,165,82.50,4.21,1,6,4,0.022378,0.487669,TopoStake,pog(D=4_omega=1.00),2.06,419,39
92,1,0x13f9dadc05f6c237b03411e2aed1800cf21a5d89,34.323113,1772616972,fceb9737196f199a750ee1c41227c32223f41be354b03384624d196a24780ccd,182,91.00,4.44,2,7,4,0.022334,0.487640,TopoStake,pog(D=4_omega=1.00),1.95,420,39
92,2,0xc4dc29db975b952e04358340e56b68fa4ba63fbc,5.541185,1772616974,2db878fea99c54b67b63f9cf30249ba1e9f5eb980d98419b5efe595022fe5329,185,92.50,3.17,2,5,3,0.022508,0.488612,TopoStake,pog(D=4_omega=1.00),1.50,421,39
92,3,0xe478b1e4d1538274c0c70cbd7df877f9abab2f62,4.295927,1772616976,584885389ac810d466103a1d35634bcd6f74bd3cd4fbfcf1dc27eb96fcc937bb,160,80.00,3.74,1,5,4,0.022466,0.488656,TopoStake,pog(D=4_omega=1.00),1.44,422,39
92,4,0x0d91704595bff3aec25d40822498a51c62b05e3a,16.591343,1772616978,3fea92ea94e56725170f99bb468842a3fa978aee0cf27edd6a9bfeb94755d70d,170,85.00,4.23,1,6,4,0.022415,0.488237,TopoStake,pog(D=4_omega=1.00),1.51,423,39
93,0,0x60705151f1f537cacd5b801f3ef1b31dc3f605de,3.302001,1772616981,568d2bc495c44ddd6a30d4b035f8bd8110b36d9d80cdb706a452b68077600419,162,81.00,3.20,1,4,3,0.022456,0.489048,TopoStake,pog(D=3_omega=1.00),1.45,424,39
93,1,0x0d91704595bff3aec25d40822498a51c62b05e3a,17.592160,1772616982,9329fbb6034a62b030862d417c96ce431f9a46959904f2d73d397b5a56148f2d,170,56.67,4.09,1,6,4,0.022397,0.487886,TopoStake,pog(D=3_omega=1.00),2.45,425,39
93,2,0x30405867b72597aaeb27803bb2c7f3f5fc7d5384,7.520623,1772616984,fb5cbfbfb288dbf7c4f51f1a31b04ae9f3c4c40673a8803baec528321ccad001,100,100.00,3.44,2,5,3,0.022444,0.488695,TopoStake,pog(D=3_omega=1.00),1.55,426,39
93,3,0xc774b0fee7cabbef3b1ae14bf36db3df0d32c1df,4.170522,1772616986,a9be34d75e535d32f03a48bea2f32f22319622aeb2758cfaf7d36643f7415272,152,76.00,4.11,1,7,4,0.022417,0.489146,TopoStake,pog(D=3_omega=1.00),1.82,427,39
93,4,0x1cb1274c711a6c2e4e1596846e6ac604eeefb358,14.421363,1772616988,044a03b45897bf1f88c1939b22a230cbf3f0ddd39b37b07bd6dcf9fc5e2b5c9d,218,109.00,4.30,1,6,4,0.022366,0.488612,TopoStake,pog(D=3_omega=1.00),1.78,428,39
94,0,0x9bdb1c7ad4bd8fe797b07c08117c74a591dbab2d,4.445732,1772616990,cfc72b3b37c1e1f54574f32de31632d652deecd1dbaef8e7934f79acdcf5640f,158,79.00,3.92,2,6,4,0.022389,0.489360,TopoStake,pog(D=4_omega=1.00),1.56,429,39
94,1,0x6414c6a8400ff3419cd81855d09de2848d770e0e,1.148924,1772616992,44950ab913a6c3fe81529e89b64a1f7e286552a112b7d00637653467a612a652,199,99.50,4.69,1,7,5,0.022340,0.488959,TopoStake,pog(D=4_omega=1.00),4.44,430,39
94,2,0x58a21eeb7ab18ba8adf1296e66a4487076e95dac,7.091980,1772616994,6e35c7a298b038e748513fed3aa8d6ddf6038f96ce9f43828c5c2051cbb45717,176,58.67,3.88,1,6,4,0.022267,0.487063,TopoStake,pog(D=4_omega=1.00),2.51,431,39
94,3,0xcdc82b7c868072205a399d0f68e6e3ad3bfd1ca6,6.208080,1772616997,c588edb56e4020f3fec9cfc6fb80fe56a9c4d000187dd2c9e6ceb5bf994b5bbb,195,97.50,3.90,1,5,4,0.022237,0.487422,TopoStake,pog(D=4_omega=1.00),2.41,432,39
94,4,0x07902d0371763a00d97ed9ba16ff0a206cb0fd19,20.558598,1772616998,edb3d06a8d3f629747de2981ba649419672f5f35e089da3afa2b49b53202fc7b,205,102.50,3.54,1,5,4,0.022201,0.487608,TopoStake,pog(D=4_omega=1.00),2.22,433,39
95,0,0x30509a8084fdfe6fe24d9c9a817c209ad194f8e3,24.679777,1772617000,0d8752a1a291eba21912bf6c1f2c47d280bfb35402cee999393bba3e4419cd74,127,127.00,2.84,2,4,3,0.022267,0.488443,TopoStake,pog(D=3_omega=1.00),1.30,434,39
95,1,0x7e40df5d801345015e84c843908efc6683665fa4,1.658326,1772617002,3470bd60b8d4f13b698b19eadfbd181edb661f5a306d8d6732ae09ead599a7fc,165,82.50,3.46,1,5,4,0.022362,0.489313,TopoStake,pog(D=3_omega=1.00),1.58,435,39
95,2,0x13f9dadc05f6c237b03411e2aed1800cf21a5d89,35.324925,1772617004,3470bd60b8d4f13b698b19eadfbd181edb661f5a306d8d6732ae09ead599a7fc,165,82.50,3.46,1,5,4,0.022362,0.489315,TopoStake,pog(D=3_omega=1.00),1.58,435,40
95,3,0x4a217e35f6402e7f62a49f6d62e27c6585c2f3fd,1.489500,1772617006,db005a3ed5127bb0c85e39218fe0f5f8a84dd84e5cefe0914653638ec9f0c3b1,250,62.50,3.17,1,5,3,0.022531,0.490257,TopoStake,pog(D=3_omega=1.00),3.02,436,40
95,4,0x075e1d95c7891e1c00414ca1aa9a7a8cf6270019,31.182015,1772617008,956bb2386457b0efebd2c350c76518bab548ec3ab14245cabaae1a6acbc45361,170,85.00,3.62,1,5,4,0.022460,0.488493,TopoStake,pog(D=3_omega=1.00),2.06,437,40
96,0,0x786f26993bf015cd2da6fb5d3ccd1879e01246ab,5.289608,1772617010,e9b70cca1a25e75c28c80f14348dd70e73c1aefb7af39daf40486488a1eccc8c,162,81.00,3.14,1,5,3,0.022598,0.489396,TopoStake,pog(D=3_omega=1.00),1.57,438,40
96,1,0x075e1d95c7891e1c00414ca1aa9a7a8cf6270019,32.182814,1772617012,13a272e7c2ea39b5deb4eba635086c8292c54dd9500ce641d525735cdf35ffd0,182,60.67,4.07,1,6,4,0.022554,0.489317,TopoStake,pog(D=3_omega=1.00),2.52,439,40
96,2,0x13f9dadc05f6c237b03411e2aed1800cf21a5d89,36.326218,1772617014,415831b66e2cb0ea01ffc51d8c88d6c826bf322cd3296c2ab7672eb354b5cdb2,123,123.00,2.97,1,5,3,0.022697,0.490214,TopoStake,pog(D=3_omega=1.00),1.65,440,40
96,3,0xe6ebb0cdfd04183d498964e5efc4096ba77b17d6,4.292229,1772617016,ea01c02c3926803a0d8d50593886811b7118ac7934e6a753f14daf09b86d3ed7,180,90.00,3.16,1,5,3,0.022867,0.491145,TopoStake,pog(D=3_omega=1.00),1.90,441,40
96,4,0x4a217e35f6402e7f62a49f6d62e27c6585c2f3fd,2.490262,1772617018,64258cd9e474e5766dc43aac91d622a55e37101414523edfec147442ee6b61ac,160,80.00,4.29,1,6,5,0.022816,0.490632,TopoStake,pog(D=3_omega=1.00),1.80,442,40
97,0,0x8c11ec9090dd820c076e57e899d9c604c79d6b32,4.566457,1772617020,e715c73f6a41b0bada7704c5b1b310c3568a78b4636b198bafb4bf81f520ac55,166,83.00,5.01,2,7,5,0.022752,0.489154,TopoStake,pog(D=3_omega=1.00),1.89,443,40
97,1,0x075e1d95c7891e1c00414ca1aa9a7a8cf6270019,33.183449,1772617022,e715c73f6a41b0bada7704c5b1b310c3568a78b4636b198bafb4bf81f520ac55,166,83.00,5.01,2,7,5,0.022752,0.489157,TopoStake,pog(D=3_omega=1.00),1.89,443,41
97,2,0x075e1d95c7891e1c00414ca1aa9a7a8cf6270019,34.184689,1772617024,5d16088c54581a66f91bd713c156989262362095f6cf8f15b9696898e4a1b9e2,250,62.50,3.48,1,6,4,0.022898,0.490048,TopoStake,pog(D=3_omega=1.00),3.32,444,41
97,3,0x016d3fc36beee7caa8fbd6c1caa42461dd7f9850,14.900181,1772617026,62fe65b17296d5b4d54e59c5c22ed5f71e5563a920c044d73f2554f8ed6f0bc7,127,63.50,3.54,1,6,4,0.023050,0.490936,TopoStake,pog(D=3_omega=1.00),2.02,445,41
97,4,0x4ba33404d90c4ae989714d9d174cd882cffb7994,4.115667,1772617028,62381214fc734d39331e16bb7bd4e308517b35bc336a1c83815e5b8bd0465662,171,57.00,3.47,1,6,3,0.023070,0.491653,TopoStake,pog(D=3_omega=1.00),2.50,446,41
98,0,0x89100a8056319ba37491b32ba255004180607bc2,3.785978,1772617030,61bd95e9a27e39b130a82d4165998112e17d7755c45fbe342a676834753cd058,164,82.00,4.66,1,7,5,0.023017,0.491004,TopoStake,pog(D=3_omega=1.00),2.46,447,41
98,1,0x269cdf52f97e1d9f14b7be895155a7b294f0b21d,12.735449,1772617032,61bd95e9a27e39b130a82d4165998112e17d7755c45fbe342a676834753cd058,164,82.00,4.66,1,7,5,0.023017,0.491005,TopoStake,pog(D=3_omega=1.00),2.46,447,42
98,2,0x4414c05be2cf328f38d2e3ef4b705d6b894f044a,10.093066,1772617034,32b6fa92df0312762f8e455f77d20c894fd025f1eab2878a5100429317182729,250,83.33,4.01,1,6,4,0.023021,0.491666,TopoStake,pog(D=3_omega=1.00),2.86,448,42
98,3,0x3d92e045fb1847aae132b40ebfcc471a32f687de,7.129779,1772617036,a05c63ba9378840418e9d3f602b06810b3205c02fc7a3740b40ad2b051c0b2ff,235,117.50,3.94,1,5,4,0.023008,0.492239,TopoStake,pog(D=3_omega=1.00),1.91,449,42
98,4,0x30509a8084fdfe6fe24d9c9a817c209ad194f8e3,25.680694,1772617038,f13285a175d752618cbd341c12651298d7db79c04404b6c0d5472c9bdbb60c4d,165,82.50,3.95,1,6,4,0.022975,0.492544,TopoStake,pog(D=3_omega=1.00),1.48,450,42
99,0,0x016d3fc36beee7caa8fbd6c1caa42461dd7f9850,15.901112,1772617040,35db6e3b811a739e61630294932061419393a0b5ee0b74fc871f60faf6be9a91,149,74.50,3.58,2,5,4,0.023066,0.493381,TopoStake,pog(D=3_omega=1.00),1.51,451,42
99,1,0x30405867b72597aaeb27803bb2c7f3f5fc7d5384,8.521161,1772617042,425940268d67b08290350e8716bf828987430f615674d2ed0c2c3fcb63be49c3,155,77.50,3.25,1,4,3,0.023091,0.494106,TopoStake,pog(D=3_omega=1.00),1.44,452,42
99,2,0x786f26993bf015cd2da6fb5d3ccd1879e01246ab,6.290309,1772617045,ab7a3b09cb020f15a24ae2ad8fb87030d467d540c4dfb5e9761451e4d5772fb4,195,65.00,3.39,1,5,3,0.023067,0.494610,TopoStake,pog(D=3_omega=1.00),2.36,453,42
99,3,0x07902d0371763a00d97ed9ba16ff0a206cb0fd19,21.559668,1772617046,a667a38f5511dd0326aa92fe91fecae0bc65008f0889af58cd78882234d87757,180,90.00,4.27,1,6,4,0.023028,0.494751,TopoStake,pog(D=3_omega=1.00),2.33,454,42
99,4,0xb2a7fe70a6f3137d38f6cb4c3ec6dd1e24f2d5f4,10.424293,1772617048,36cca444adfd76914b155f956a937a8725dcda8a3d87e812b4f20ace141818e7,135,135.00,2.75,1,4,3,0.023090,0.495541,TopoStake,pog(D=3_omega=1.00),1.50,455,42
