epoch,slot,miner,proposer_stake,timestamp,block_hash,tx_count,throughput,avg_path_length,min_path_length,max_path_length,median_path_length,stake_concentration,gini_coefficient,consensus_type,consensus_state,avg_tx_delay_s,block_production_success,block_production_failed
0,1,0xb2a7fe70a6f3137d38f6cb4c3ec6dd1e24f2d5f4,1.423128,1772426044,673f146ad9896e33d56f28cb4577a84dbbc6856bb1b23e9a25da4ed8257476e5,1,0.00,1.00,1,1,1,0.501151,0.023992,pow,pow(difficulty=20_work_amount=1048576),0.00,0,0
0,2,0xd46407aa7b668c72de3cf1c1a12b7fa2e308a1b2,1.991649,1772426052,100536e58bcd713613663d44371839cc4a0c33a430df634390a9dcda1875259f,250,27.78,4.28,1,6,4,0.024302,0.600059,pow,pow(difficulty=20_work_amount=1048576),5.32,1,0
0,3,0x30405867b72597aaeb27803bb2c7f3f5fc7d5384,0.519004,1772426053,8bd2425898e5669614f7ed0d57fee6a81497bbe73a6d72d91a88e9e1a9008c39,250,35.71,3.92,1,5,4,0.024309,0.601102,pow,pow(difficulty=20_work_amount=1048576),7.57,2,0
0,4,0xaadc5fea232580cb8fba739ac5d05a48559c7e52,1.356253,1772426055,9798f8e4f92952fc76f98e73a73dfd30a56178c9df23bb7380c520d32568d650,29,29.00,3.31,1,4,4,0.024032,0.598396,pow,pow(difficulty=20_work_amount=1048576),4.31,3,0
1,0,0xaadc5fea232580cb8fba739ac5d05a48559c7e52,2.358313,1772426057,f40ba2e9652ab5acdd36bf08fdb5c691559faa91a0a6a4ed5a3b55edb10ae732,207,103.50,4.31,2,6,4,0.023916,0.598004,pow,pow(difficulty=19_work_amount=524288),1.50,4,0
1,1,0xb2a7fe70a6f3137d38f6cb4c3ec6dd1e24f2d5f4,2.425378,1772426059,a737a0d6d5c1df38c2c5e1dd987d09bd5cdcce2b7c53f4eac151e859b141df72,186,93.00,4.24,1,6,4,0.023982,0.599506,pow,pow(difficulty=19_work_amount=524288),1.49,5,0
1,2,0xe6ebb0cdfd04183d498964e5efc4096ba77b17d6,4.294303,1772426061,1cd3e114e1a6fa5d4fc525c0e50880208261153185368c9603c3458fad8cf715,167,55.67,4.32,1,6,4,0.024053,0.600931,pow,pow(difficulty=19_work_amount=524288),2.50,6,0
1,3,0xeb82a21cb3d0dd781eb22ad74bb7cd9b4d2a06ec,2.924085,1772426096,1cd3e114e1a6fa5d4fc525c0e50880208261153185368c9603c3458fad8cf715,167,55.67,4.32,1,6,4,0.024062,0.601118,pow,pow(difficulty=19_work_amount=524288),2.50,6,1
1,4,0x26d553a2f4343b3a7dc88bbd87b3d0a25d3838d9,3.219010,1772426097,b93cdb84f2721a9e34f4a3066585b394b5c8307344f54c16cd28225e5e10d9b4,250,6.94,4.22,1,7,4,0.024213,0.603218,pow,pow(difficulty=19_work_amount=524288),36.11,7,1
2,0,0xe478b1e4d1538274c0c70cbd7df877f9abab2f62,2.299876,1772426099,60d6a0763bfacbed6ea561165ddf1866d6b774a5d02e040bdc4d5fbd69447107,70,70.00,3.66,2,6,4,0.024406,0.605593,pow,pow(difficulty=18_work_amount=262144),33.06,8,1
2,1,0x30509a8084fdfe6fe24d9c9a817c209ad194f8e3,2.656299,1772426101,56ccbd1371f2dc0bff977515b09def6a279f54d11bee4ce927d7778725752afc,154,77.00,4.67,1,6,5,0.024406,0.605604,pow,pow(difficulty=18_work_amount=262144),1.49,9,1
2,2,0x4414c05be2cf328f38d2e3ef4b705d6b894f044a,2.088979,1772426103,f2cde92ab91591de5707fed2f1208c1874426db6e13deaab1171ecc0913dd05c,154,77.00,3.36,1,6,3,0.024513,0.607659,pow,pow(difficulty=18_work_amount=262144),1.44,10,1
2,3,0x26d553a2f4343b3a7dc88bbd87b3d0a25d3838d9,4.219700,1772426105,81db864456ad92704f8f2f022dbce8a4b9a4989634d184f409849fe9cb5c29c2,160,53.33,3.82,1,6,4,0.024494,0.607972,pow,pow(difficulty=18_work_amount=262144),2.51,11,1
2,4,0x8c11ec9090dd820c076e57e899d9c604c79d6b32,1.566329,1772426140,81db864456ad92704f8f2f022dbce8a4b9a4989634d184f409849fe9cb5c29c2,160,53.33,3.82,1,6,4,0.024503,0.608150,pow,pow(difficulty=18_work_amount=262144),2.51,11,2
3,0,0x606627477c3734932f47972f83c27cf4e3b35b4f,3.376517,1772426174,81db864456ad92704f8f2f022dbce8a4b9a4989634d184f409849fe9cb5c29c2,160,53.33,3.82,1,6,4,0.024511,0.608334,pow,pow(difficulty=19_work_amount=524288),2.51,11,3
3,1,0x0d91704595bff3aec25d40822498a51c62b05e3a,0.569716,1772426208,81db864456ad92704f8f2f022dbce8a4b9a4989634d184f409849fe9cb5c29c2,160,53.33,3.82,1,6,4,0.024519,0.608508,pow,pow(difficulty=19_work_amount=524288),2.51,11,4
3,2,0xa447d277b02012c2afd9ddcbbe123f27cc971963,1.809115,1772426210,ec758de04ca79f5f1502efbcdc62fec090600d87c71310aea583e1896edc75da,250,2.38,3.25,1,5,3,0.024254,0.605935,pow,pow(difficulty=19_work_amount=524288),104.84,12,4
3,3,0x9bdb1c7ad4bd8fe797b07c08117c74a591dbab2d,0.447282,1772426245,ec758de04ca79f5f1502efbcdc62fec090600d87c71310aea583e1896edc75da,250,2.38,3.25,1,5,3,0.024263,0.606120,pow,pow(difficulty=19_work_amount=524288),104.84,12,5
3,4,0xdcf2130496e27a8094ab996aea4aa77788d65869,4.505657,1772426246,1e25c11365f1fb42ced042a71775cf486babacad1ff4473cfd52916b3aad7370,250,6.94,3.79,2,6,4,0.023983,0.602980,pow,pow(difficulty=19_work_amount=524288),81.12,13,5
4,0,0xa3786e459f289a76c0e8af8ad834e3d0c6d47199,4.726213,1772426280,1e25c11365f1fb42ced042a71775cf486babacad1ff4473cfd52916b3aad7370,250,6.94,3.79,2,6,4,0.023991,0.603149,pow,pow(difficulty=18_work_amount=262144),81.12,13,6
4,1,0x63f4973c0df8a5358405f396dc0673a463c48de9,3.900367,1772426282,7894c77e01e3478921602b741c953521469d33c61dd94ba4e76a75623b7aac83,250,7.14,4.18,1,6,4,0.024380,0.606566,pow,pow(difficulty=18_work_amount=262144),45.83,14,6
4,2,0x63f4973c0df8a5358405f396dc0673a463c48de9,3.900367,1772426316,7894c77e01e3478921602b741c953521469d33c61dd94ba4e76a75623b7aac83,250,7.14,4.18,1,6,4,0.024388,0.606745,pow,pow(difficulty=18_work_amount=262144),45.83,14,7
4,3,0x4414c05be2cf328f38d2e3ef4b705d6b894f044a,3.087949,1772426350,7894c77e01e3478921602b741c953521469d33c61dd94ba4e76a75623b7aac83,250,7.14,4.18,1,6,4,0.024396,0.606912,pow,pow(difficulty=18_work_amount=262144),45.83,14,8
4,4,0x63f4973c0df8a5358405f396dc0673a463c48de9,3.900367,1772426353,f650ae6232e865ac6e1acf49a035dffdbc9d6b62c5379739bc48c86859de3266,250,3.52,4.17,1,7,4,0.024519,0.608630,pow,pow(difficulty=18_work_amount=262144),75.65,15,8
5,0,0xaadc5fea232580cb8fba739ac5d05a48559c7e52,3.356863,1772426386,f650ae6232e865ac6e1acf49a035dffdbc9d6b62c5379739bc48c86859de3266,250,3.52,4.17,1,7,4,0.024527,0.608797,pow,pow(difficulty=17_work_amount=131072),75.65,15,9
5,1,0x6d6b2734a20229ddd7fd4a1470ba3e3bad4e4a85,1.641814,1772426420,f650ae6232e865ac6e1acf49a035dffdbc9d6b62c5379739bc48c86859de3266,250,3.52,4.17,1,7,4,0.024535,0.608976,pow,pow(difficulty=17_work_amount=131072),75.65,15,10
5,2,0xa3786e459f289a76c0e8af8ad834e3d0c6d47199,5.727563,1772426454,f650ae6232e865ac6e1acf49a035dffdbc9d6b62c5379739bc48c86859de3266,250,3.52,4.17,1,7,4,0.024544,0.609164,pow,pow(difficulty=17_work_amount=131072),75.65,15,11
5,3,0xd46407aa7b668c72de3cf1c1a12b7fa2e308a1b2,2.989459,1772426488,f650ae6232e865ac6e1acf49a035dffdbc9d6b62c5379739bc48c86859de3266,250,3.52,4.17,1,7,4,0.024553,0.609345,pow,pow(difficulty=17_work_amount=131072),75.65,15,12
5,4,0xa3786e459f289a76c0e8af8ad834e3d0c6d47199,5.727563,1772426490,aa1c1b7a33d72b35427ef91fef2b36ea2fa6ce74d7966fd72b731e9b40b63da4,250,1.81,4.38,1,7,4,0.024652,0.610684,pow,pow(difficulty=17_work_amount=131072),153.46,16,12
6,0,0x81193196c1dbdbf80709d43a5af5ce21c201fbd7,0.836159,1772426524,aa1c1b7a33d72b35427ef91fef2b36ea2fa6ce74d7966fd72b731e9b40b63da4,250,1.81,4.38,1,7,4,0.024661,0.610870,pow,pow(difficulty=18_work_amount=262144),153.46,16,13
6,1,0x6d6b2734a20229ddd7fd4a1470ba3e3bad4e4a85,1.641814,1772426558,aa1c1b7a33d72b35427ef91fef2b36ea2fa6ce74d7966fd72b731e9b40b63da4,250,1.81,4.38,1,7,4,0.024669,0.611048,pow,pow(difficulty=18_work_amount=262144),153.46,16,14
6,2,0x26d553a2f4343b3a7dc88bbd87b3d0a25d3838d9,4.219700,1772426592,aa1c1b7a33d72b35427ef91fef2b36ea2fa6ce74d7966fd72b731e9b40b63da4,250,1.81,4.38,1,7,4,0.024677,0.611220,pow,pow(difficulty=18_work_amount=262144),153.46,16,15
6,3,0x4414c05be2cf328f38d2e3ef4b705d6b894f044a,4.087669,1772426626,aa1c1b7a33d72b35427ef91fef2b36ea2fa6ce74d7966fd72b731e9b40b63da4,250,1.81,4.38,1,7,4,0.024685,0.611389,pow,pow(difficulty=18_work_amount=262144),153.46,16,16
6,4,0x07902d0371763a00d97ed9ba16ff0a206cb0fd19,2.528749,1772426629,3fcc7618f8725ed0bbaed881dc9be1fe861b6b11c5e16fc2ddfb92b8e0049121,250,1.81,3.71,2,6,4,0.024940,0.614353,pow,pow(difficulty=18_work_amount=262144),226.83,17,16
7,0,0xa447d277b02012c2afd9ddcbbe123f27cc971963,1.807905,1772426662,3fcc7618f8725ed0bbaed881dc9be1fe861b6b11c5e16fc2ddfb92b8e0049121,250,1.81,3.71,2,6,4,0.024948,0.614522,pow,pow(difficulty=19_work_amount=524288),226.83,17,17
7,1,0x89100a8056319ba37491b32ba255004180607bc2,2.783457,1772426696,3fcc7618f8725ed0bbaed881dc9be1fe861b6b11c5e16fc2ddfb92b8e0049121,250,1.81,3.71,2,6,4,0.024956,0.614691,pow,pow(difficulty=19_work_amount=524288),226.83,17,18
7,2,0xa068e3c9a21c8d8be636cd2d285895979ec3262e,0.962801,1772426698,c542dd3093c2a83429afe927a129c35e37c082c78dc2a3691d9fd1764810a203,250,3.57,4.02,1,6,4,0.025009,0.615491,pow,pow(difficulty=19_work_amount=524288),160.66,18,18
7,3,0xe6ebb0cdfd04183d498964e5efc4096ba77b17d6,4.291553,1772426700,61e9d902de30858df992d61760765457f0a94756a7dfa8c9df7f8b9a435e53c5,250,125.00,4.08,3,6,4,0.024798,0.613926,pow,pow(difficulty=19_work_amount=524288),40.69,19,18
7,4,0x89100a8056319ba37491b32ba255004180607bc2,3.785897,1772426703,6b70e468532f08279d1d40a26403c9d790ede94e5a6658846f939c68d8a12b66,185,92.50,4.06,1,6,4,0.025057,0.616751,pow,pow(difficulty=19_work_amount=524288),2.86,20,18
8,0,0xd46407aa7b668c72de3cf1c1a12b7fa2e308a1b2,3.989819,1772426704,1a7e0f8d2b375413dc11e88cb1f442d8b2799efa156c97add30bdcc9bbf5de1d,185,92.50,3.82,2,5,4,0.025234,0.619045,pow,pow(difficulty=20_work_amount=1048576),2.03,21,18
8,1,0xbc3f8508d26048f2064aa8c068f4c94d08d77d18,3.067009,1772426706,f128ca3b4a511d37774faf72608e3b568c612213ddc1e324fca6d46273dec373,117,117.00,4.05,1,6,4,0.025429,0.621344,pow,pow(difficulty=20_work_amount=1048576),1.22,22,18
8,2,0xc24b36dee27726233c3bbd9e1f028f98b6b2a424,2.407099,1772426708,ba4b5968c3a37f6c42a91051131b4707a5f31a578fc1ea530e9baa033a61d842,175,87.50,4.46,1,6,4,0.025492,0.622314,pow,pow(difficulty=20_work_amount=1048576),1.64,23,18
8,3,0xbc3f8508d26048f2064aa8c068f4c94d08d77d18,4.068699,1772426710,cf92991eec8db30d31e39821155b7fd01e6fb5a9b271353dacbf79d3a2110886,175,58.33,4.31,1,7,4,0.025463,0.622401,pow,pow(difficulty=20_work_amount=1048576),2.51,24,18
8,4,0x016d3fc36beee7caa8fbd6c1caa42461dd7f9850,0.873319,1772426713,7bfd2be9bf3f4be893c2d9a48d87c8a4fa75d1b048cc25d4d33c6913d841a0d6,141,70.50,4.31,1,6,4,0.025646,0.624523,pow,pow(difficulty=20_work_amount=1048576),2.51,25,18
9,0,0xa3786e459f289a76c0e8af8ad834e3d0c6d47199,5.725703,1772426714,2d3f272e9c08eec1ae9ba3c9143195a7135a83092bb3704068438bc30b67017e,191,95.50,3.23,1,6,3,0.025413,0.622586,pow,pow(difficulty=21_work_amount=2097152),2.09,26,18
9,1,0x81193196c1dbdbf80709d43a5af5ce21c201fbd7,0.835739,1772426716,1ea85de7135e61121b78f39ec2754d5cdf98d5ad63d7fb39b6226bec8e82b005,43,43.00,4.95,4,6,5,0.025791,0.625502,pow,pow(difficulty=21_work_amount=2097152),1.00,27,18
9,2,0xeaa5003682d7289190651081ae2bee847097afc5,0.755685,1772426750,1ea85de7135e61121b78f39ec2754d5cdf98d5ad63d7fb39b6226bec8e82b005,43,43.00,4.95,4,6,5,0.025800,0.625671,pow,pow(difficulty=21_work_amount=2097152),1.00,27,19
9,3,0xa3786e459f289a76c0e8af8ad834e3d0c6d47199,6.725773,1772426752,82e994865ec71b040fee16704788e63041f040aeeb7e6274bc4fb6bb9fa354a3,250,6.76,4.67,1,7,5,0.025551,0.623316,pow,pow(difficulty=21_work_amount=2097152),36.67,28,19
9,4,0xe6ebb0cdfd04183d498964e5efc4096ba77b17d6,5.293043,1772426755,7eebfe76dd1841d7f86df328085280402e2af17f0325de350b23dfa736599417,120,60.00,4.25,1,6,4,0.026032,0.626182,pow,pow(difficulty=21_work_amount=2097152),13.58,29,19
10,0,0x719361397abe003a91af76243e5f9c7a0cd4279f,3.540536,1772426756,601d545d5f228ae17e8e8ba0361194c4cea9d49da25ec63e0e8c66d4c3d81b95,220,110.00,4.12,1,6,4,0.026323,0.628848,pow,pow(difficulty=20_work_amount=1048576),2.08,30,19
10,1,0xeaa5003682d7289190651081ae2bee847097afc5,1.757845,1772426790,601d545d5f228ae17e8e8ba0361194c4cea9d49da25ec63e0e8c66d4c3d81b95,220,110.00,4.12,1,6,4,0.026330,0.628988,pow,pow(difficulty=20_work_amount=1048576),2.08,30,20
10,2,0x719361397abe003a91af76243e5f9c7a0cd4279f,3.540536,1772426792,49cffad27bebbfcee39c0605de08c485b99bd4d942a908356acd3fd04b46241f,250,6.94,4.52,1,6,5,0.026194,0.628592,pow,pow(difficulty=20_work_amount=1048576),35.13,31,20
10,3,0x408bb0bf84df50b21c53c74420987f172d4036a1,0.796524,1772426827,49cffad27bebbfcee39c0605de08c485b99bd4d942a908356acd3fd04b46241f,250,6.94,4.52,1,6,5,0.026201,0.628743,pow,pow(difficulty=20_work_amount=1048576),35.13,31,21
10,4,0xc774b0fee7cabbef3b1ae14bf36db3df0d32c1df,1.166537,1772426860,49cffad27bebbfcee39c0605de08c485b99bd4d942a908356acd3fd04b46241f,250,6.94,4.52,1,6,5,0.026209,0.628890,pow,pow(difficulty=20_work_amount=1048576),35.13,31,22
11,0,0xa3786e459f289a76c0e8af8ad834e3d0c6d47199,7.725783,1772426862,89b3e9430c4fccec875e5426bb1052c420ef28d23b8c4715e5b7bdd5b9cc23fe,250,3.62,4.27,1,7,4,0.026209,0.628899,pow,pow(difficulty=19_work_amount=524288),79.10,32,22
11,1,0xd61b00c297972877b45f8d7f4d67fdaf20c67c59,0.328961,1772426864,307f25f7ceff5c1b5a2022a3cc4044809537d6d796aef29c4fe7d7a42d1e7e47,152,50.67,4.29,1,6,4,0.026766,0.631666,pow,pow(difficulty=19_work_amount=524288),31.09,33,22
11,2,0x49b57eb4dace37c8819daf079c9c674f766d4f38,1.223500,1772426867,549b3858cbf09eefcea1cf3f266df1512c436cfb308ed24937fd02762e5cc146,154,77.00,5.61,1,8,6,0.026458,0.628056,pow,pow(difficulty=19_work_amount=524288),2.42,34,22
11,3,0x6d6b2734a20229ddd7fd4a1470ba3e3bad4e4a85,1.641364,1772426868,51c48c3a88aaaeafe779680b05c7f35e6c07e3091788047289cb5fa2751a326b,193,96.50,4.06,1,6,4,0.026257,0.626701,pow,pow(difficulty=19_work_amount=524288),2.33,35,22
11,4,0x07902d0371763a00d97ed9ba16ff0a206cb0fd19,2.526749,1772426870,48d9626e8bfced17b6200e594a21e11d0a1d29dd03870d38c3ee4159f25d5152,104,104.00,4.87,1,7,5,0.026105,0.625980,pow,pow(difficulty=19_work_amount=524288),1.69,36,22
12,0,0xe6ebb0cdfd04183d498964e5efc4096ba77b17d6,6.295243,1772426904,48d9626e8bfced17b6200e594a21e11d0a1d29dd03870d38c3ee4159f25d5152,104,104.00,4.87,1,7,5,0.026112,0.626127,pow,pow(difficulty=20_work_amount=1048576),1.69,36,23
12,1,0x6d6b2734a20229ddd7fd4a1470ba3e3bad4e4a85,2.641764,1772426938,48d9626e8bfced17b6200e594a21e11d0a1d29dd03870d38c3ee4159f25d5152,104,104.00,4.87,1,7,5,0.026120,0.626284,pow,pow(difficulty=20_work_amount=1048576),1.69,36,24
12,2,0x719361397abe003a91af76243e5f9c7a0cd4279f,3.539716,1772426941,94171c6a2fd7ae6da76eed4ea6a700cb628b1e7d07da1ec837e00be7d28c34e2,250,3.52,5.29,1,7,5,0.026079,0.626375,pow,pow(difficulty=20_work_amount=1048576),70.21,37,24
12,3,0xbc3f8508d26048f2064aa8c068f4c94d08d77d18,5.068219,1772426942,0c68aafc4dde6d635673a5315a83900fa819ce29bb6fe9767ec4050d50ca6022,250,125.00,3.74,1,7,3,0.026133,0.627685,pow,pow(difficulty=20_work_amount=1048576),27.73,38,24
12,4,0x63f4973c0df8a5358405f396dc0673a463c48de9,3.898297,1772426944,2e21f33cbb9369de9206eebaf7b301bccb5ac70fcc88ab7b97c367548382037e,26,26.00,3.96,2,5,4,0.026345,0.630041,pow,pow(difficulty=20_work_amount=1048576),8.50,39,24
13,0,0xac768e60b9269babb15cb1e36ee843243d7c7543,3.713288,1772426946,ee4b86aa1fa964bf163cd05e35badff28045edd37a0c7177634dff5d80f653f0,194,97.00,4.41,1,6,5,0.026426,0.631548,pow,pow(difficulty=21_work_amount=2097152),1.51,40,24
13,1,0x63f4973c0df8a5358405f396dc0673a463c48de9,4.900227,1772426948,71de80596c5fa3a538a7b6eca3571e7e3e208a9e6f3f87a53b822b7cbe0ce326,32,16.00,6.28,1,7,7,0.026483,0.632743,pow,pow(difficulty=21_work_amount=2097152),0.88,41,24
13,2,0x63f4973c0df8a5358405f396dc0673a463c48de9,5.902727,1772426951,9fef5f191b2d4efcb7ac2b3082dca6b3971ca65629a26388c246781064305b44,250,83.33,4.23,1,7,4,0.026657,0.634840,pow,pow(difficulty=21_work_amount=2097152),3.91,42,24
13,3,0x6064b9f5883bf9737dfe314ff68c56e09e68ac89,2.183359,1772426952,330ca5d367bbe506ae6fd607255b18d04106f9f455a3acc9be4c19b2b1fc999c,250,125.00,3.45,2,5,4,0.026657,0.634844,pow,pow(difficulty=21_work_amount=2097152),2.30,43,24
13,4,0xd39dbd3662315e3935ec08e6b6028e73b3c09de2,0.914370,1772426954,83a92eeff033de2ac4543848c8f1a90f61b2609efd1fd3a1ad291ce4a8748df6,20,20.00,4.75,3,6,5,0.026550,0.634402,pow,pow(difficulty=21_work_amount=2097152),1.95,44,24
14,0,0x408bb0bf84df50b21c53c74420987f172d4036a1,0.796084,1772426956,94f62f54adcdc9974b69fb0311587771b4ad5fd93346aed3d3a578c0467a7aea,172,86.00,4.90,1,6,5,0.026318,0.632253,pow,pow(difficulty=22_work_amount=4194304),1.50,45,24
14,1,0xeb82a21cb3d0dd781eb22ad74bb7cd9b4d2a06ec,3.917265,1772426959,83d9d49cc9a67417f866bda91924e2a6c078dfa018b7c918c2808ecb22b4cdb8,184,61.33,3.51,1,5,4,0.026079,0.629770,pow,pow(difficulty=22_work_amount=4194304),2.49,46,24
14,2,0xbc3f8508d26048f2064aa8c068f4c94d08d77d18,6.068439,1772426960,5642719b2144fc74489cb7281fb91a1eec66370e814d6d49401c74f21eb7372c,211,105.50,4.12,1,7,4,0.026143,0.630979,pow,pow(difficulty=22_work_amount=4194304),2.18,47,24
14,3,0x687bf2437a044a3e42ff2f8a79a8e54ba9601f70,1.064049,1772426994,5642719b2144fc74489cb7281fb91a1eec66370e814d6d49401c74f21eb7372c,211,105.50,4.12,1,7,4,0.026150,0.631118,pow,pow(difficulty=22_work_amount=4194304),2.18,47,25
14,4,0x95ab54d268473cce82094026afefdbd5cadf418b,0.590128,1772426996,ed9a13a8af40692e0795cab98b7c9ba7497ac435cf589525a6e4abf531f3203e,250,6.94,4.25,1,6,4,0.025940,0.629137,pow,pow(difficulty=22_work_amount=4194304),35.10,48,25
15,0,0xdcf2130496e27a8094ab996aea4aa77788d65869,4.501587,1772426999,ba76a5887dad9bec5312be1c4baeb691854b9d5a46171efce1be00fbe454b2b7,120,60.00,4.63,1,7,5,0.025689,0.626123,pow,pow(difficulty=21_work_amount=2097152),11.60,49,25
15,1,0xaadc5fea232580cb8fba739ac5d05a48559c7e52,3.354713,1772427032,ba76a5887dad9bec5312be1c4baeb691854b9d5a46171efce1be00fbe454b2b7,120,60.00,4.63,1,7,5,0.025695,0.626261,pow,pow(difficulty=21_work_amount=2097152),11.60,49,26
15,2,0x0d91704595bff3aec25d40822498a51c62b05e3a,1.563546,1772427066,ba76a5887dad9bec5312be1c4baeb691854b9d5a46171efce1be00fbe454b2b7,120,60.00,4.63,1,7,5,0.025702,0.626407,pow,pow(difficulty=21_work_amount=2097152),11.60,49,27
15,3,0xc4dc29db975b952e04358340e56b68fa4ba63fbc,0.534941,1772427068,b3eef8c19104efaa52d8624c1869426d861d1c289653aabd77720e03abffaeb9,250,3.57,3.62,1,6,4,0.025545,0.625331,pow,pow(difficulty=21_work_amount=2097152),70.02,50,27
15,4,0x8c11ec9090dd820c076e57e899d9c604c79d6b32,1.562489,1772427071,4d680a00dc80bd8b398937bf36641b719e620a6b01cb115361b0cbe144a5ebb9,250,125.00,4.92,1,7,5,0.025296,0.622144,pow,pow(difficulty=21_work_amount=2097152),48.31,51,27
16,0,0x719361397abe003a91af76243e5f9c7a0cd4279f,4.540546,1772427104,4d680a00dc80bd8b398937bf36641b719e620a6b01cb115361b0cbe144a5ebb9,250,125.00,4.92,1,7,5,0.025302,0.622278,pow,pow(difficulty=22_work_amount=4194304),48.31,51,28
16,1,0xb2a7fe70a6f3137d38f6cb4c3ec6dd1e24f2d5f4,3.416558,1772427106,b91c6b259c15b17d56e8864309a86ff3da31ea2637c5ce91896fca6575bc8886,250,7.14,4.01,1,6,4,0.025303,0.622285,pow,pow(difficulty=22_work_amount=4194304),33.54,52,28
16,2,0x687bf2437a044a3e42ff2f8a79a8e54ba9601f70,2.066529,1772427108,cc5277baaed1f26e449e2160217763a3ae04168f4776de3d9f642f6ad033c54c,130,43.33,5.07,1,7,5,0.025317,0.623029,pow,pow(difficulty=22_work_amount=4194304),9.42,53,28
16,3,0x30509a8084fdfe6fe24d9c9a817c209ad194f8e3,3.647809,1772427143,cc5277baaed1f26e449e2160217763a3ae04168f4776de3d9f642f6ad033c54c,130,43.33,5.07,1,7,5,0.025324,0.623163,pow,pow(difficulty=22_work_amount=4194304),9.42,53,29
16,4,0x0d91704595bff3aec25d40822498a51c62b05e3a,2.565196,1772427144,cfd48313d35612fe79ec726457ed6ac28da0ad788befc63ab7d2f900c5b52590,250,6.94,4.08,1,6,4,0.025356,0.623945,pow,pow(difficulty=22_work_amount=4194304),35.94,54,29
17,0,0x63f4973c0df8a5358405f396dc0673a463c48de9,5.901297,1772427146,49ac8e0260ba3e7ce311e0795381c52749465fda56a3c410eb2230aa1a7560a1,71,71.00,3.59,2,5,4,0.025290,0.623732,pow,pow(difficulty=21_work_amount=2097152),35.00,55,29
17,1,0xe6ebb0cdfd04183d498964e5efc4096ba77b17d6,6.294943,1772427148,bee56a073cb2335cc6b1cb79acce7c3a0a92f4af092613334df6ab4cc0179f45,170,56.67,4.55,1,7,5,0.025513,0.625948,pow,pow(difficulty=21_work_amount=2097152),2.51,56,29
17,2,0x1796dc61e715f15a2d27dfa32bd34780f12a8c24,1.721381,1772427183,bee56a073cb2335cc6b1cb79acce7c3a0a92f4af092613334df6ab4cc0179f45,170,56.67,4.55,1,7,5,0.025519,0.626076,pow,pow(difficulty=21_work_amount=2097152),2.51,56,30
17,3,0x58a21eeb7ab18ba8adf1296e66a4487076e95dac,4.086384,1772427216,bee56a073cb2335cc6b1cb79acce7c3a0a92f4af092613334df6ab4cc0179f45,170,56.67,4.55,1,7,5,0.025525,0.626202,pow,pow(difficulty=21_work_amount=2097152),2.51,56,31
17,4,0xe478b1e4d1538274c0c70cbd7df877f9abab2f62,3.289906,1772427218,12199242012447d32db8f889341845f6fa59af7b61bc92d811eb00349647e05e,250,3.62,4.26,1,8,4,0.025585,0.627293,pow,pow(difficulty=21_work_amount=2097152),68.67,57,31
18,0,0xa447d277b02012c2afd9ddcbbe123f27cc971963,1.805135,1772427220,1d3fda33197a750a8c934d24f2718c445928c096b61110723b5c95dbe3c3bc10,115,57.50,5.37,1,9,6,0.025573,0.627602,pow,pow(difficulty=20_work_amount=1048576),19.92,58,31
18,1,0xf6e059718dbd0a0956726ab97d06bad5efc6cd18,1.004707,1772427255,1d3fda33197a750a8c934d24f2718c445928c096b61110723b5c95dbe3c3bc10,115,57.50,5.37,1,9,6,0.025579,0.627729,pow,pow(difficulty=20_work_amount=1048576),19.92,58,32
18,2,0xd67aaaf210c0c36ddcb7055222d168b5c9dd1b36,0.183751,1772427256,74cad57dd52da186a66add7d0e7a4d13d3a693a3db3af664ad05720527d10900,250,6.76,4.84,1,7,5,0.025375,0.625439,pow,pow(difficulty=20_work_amount=1048576),35.94,59,32
18,3,0x606627477c3734932f47972f83c27cf4e3b35b4f,3.371657,1772427290,74cad57dd52da186a66add7d0e7a4d13d3a693a3db3af664ad05720527d10900,250,6.76,4.84,1,7,5,0.025381,0.625561,pow,pow(difficulty=20_work_amount=1048576),35.94,59,33
18,4,0xd39dbd3662315e3935ec08e6b6028e73b3c09de2,1.912730,1772427292,1f6d7c3a0addc92a2601c5f421eb8b172f4f6afe16ec6918675c9aeb842e66d5,250,6.94,3.95,1,6,4,0.025375,0.625822,pow,pow(difficulty=20_work_amount=1048576),54.11,60,33
19,0,0xd61b00c297972877b45f8d7f4d67fdaf20c67c59,1.326391,1772427295,d319f95a5b80b0b6408f31f4ae6510745c2890fbd4c7243530a2748a33f3bc07,104,52.00,4.94,1,7,5,0.025249,0.625088,pow,pow(difficulty=19_work_amount=524288),4.60,61,33
19,1,0x606627477c3734932f47972f83c27cf4e3b35b4f,4.374097,1772427296,090fc5bc18d72ecc67e23b0543970093bfba3f1f29fdca2c93c83ad43cf3d415,199,99.50,5.12,1,7,5,0.025249,0.625093,pow,pow(difficulty=19_work_amount=524288),2.32,62,33
19,2,0x4414c05be2cf328f38d2e3ef4b705d6b894f044a,5.083509,1772427298,66caa56270e9fac85c654c30638677e68bcb1be74b918fa07a408002c6aa3d1d,76,76.00,4.12,2,6,4,0.025322,0.626407,pow,pow(difficulty=19_work_amount=524288),1.80,63,33
19,3,0x4a217e35f6402e7f62a49f6d62e27c6585c2f3fd,1.487217,1772427300,6606f310beb6c242d60ac8c668728c2ef735f38d69fdf80c7e86189774f7cc46,172,86.00,4.01,2,5,4,0.025447,0.628170,pow,pow(difficulty=19_work_amount=524288),1.52,64,33
19,4,0x26d553a2f4343b3a7dc88bbd87b3d0a25d3838d9,4.214710,1772427303,93b1efde22e398f4648c3e8483345d5c18540c2ceee8683f67bce74236cff734,182,60.67,3.57,1,5,4,0.025285,0.626786,pow,pow(difficulty=19_work_amount=524288),2.47,65,33
20,0,0xa3786e459f289a76c0e8af8ad834e3d0c6d47199,8.725143,1772427304,7f518454b1b9071a76904517c439a0d679621ffc3adb05535dfef5ef7b980123,179,89.50,3.50,1,5,4,0.025336,0.627717,pow,pow(difficulty=20_work_amount=1048576),2.28,66,33
20,1,0xc24b36dee27726233c3bbd9e1f028f98b6b2a424,3.403099,1772427306,0fb0697b1eeb1ba9729ea1a4b070049ada02bb0fe3d2d60a46461ba1f7769eec,126,126.00,4.22,2,6,4,0.025728,0.629962,pow,pow(difficulty=20_work_amount=1048576),1.44,67,33
20,2,0x4414c05be2cf328f38d2e3ef4b705d6b894f044a,6.085159,1772427308,00e3ac5daa67997e2f87ec207d8ab7e2e8940891814ed380ee359fadd316fa5e,176,88.00,4.36,1,7,4,0.025707,0.630057,pow,pow(difficulty=20_work_amount=1048576),1.85,68,33
20,3,0x63f4973c0df8a5358405f396dc0673a463c48de9,6.901427,1772427310,7683534f4bd8f1aee8d8a0a2a051bfa1b185d173aa97c3f34d0d6c07c31d5455,152,50.67,4.33,1,7,4,0.025885,0.632019,pow,pow(difficulty=20_work_amount=1048576),2.49,69,33
20,4,0x719361397abe003a91af76243e5f9c7a0cd4279f,4.539356,1772427345,7683534f4bd8f1aee8d8a0a2a051bfa1b185d173aa97c3f34d0d6c07c31d5455,152,50.67,4.33,1,7,4,0.025891,0.632141,pow,pow(difficulty=20_work_amount=1048576),2.49,69,34
21,0,0x13f9dadc05f6c237b03411e2aed1800cf21a5d89,0.264382,1772427378,7683534f4bd8f1aee8d8a0a2a051bfa1b185d173aa97c3f34d0d6c07c31d5455,152,50.67,4.33,1,7,4,0.025896,0.632263,pow,pow(difficulty=21_work_amount=2097152),2.49,69,35
21,1,0xa447d277b02012c2afd9ddcbbe123f27cc971963,1.805005,1772427380,adbb481525f4897eb89818a041fceddb687acea5ee316a4ac3322e1e0ca72941,250,3.62,3.68,1,7,4,0.025639,0.628735,pow,pow(difficulty=21_work_amount=2097152),68.84,70,35
21,2,0xdcf2130496e27a8094ab996aea4aa77788d65869,4.499967,1772427382,41337cfb6d4eb8bf7d7e40b90cf05b391e0ab2f4bcacdf59e05f543a58c897d3,119,59.50,3.50,1,5,4,0.025499,0.627724,pow,pow(difficulty=21_work_amount=2097152),1.13,71,35
21,3,0xb2a7fe70a6f3137d38f6cb4c3ec6dd1e24f2d5f4,4.414948,1772427385,f9e016ea7f17b61da1893b77a7250fd4e4fbbf2373cfda52c55f855fe9a8c4fb,250,83.33,4.16,1,8,4,0.025554,0.628856,pow,pow(difficulty=21_work_amount=2097152),19.72,72,35
21,4,0xf6e059718dbd0a0956726ab97d06bad5efc6cd18,2.005997,1772427386,6fb8b37bf929d1943d66951fd381b1e47981b9d850c2cea2360a1c10233940e7,157,78.50,4.68,1,7,5,0.025554,0.628859,pow,pow(difficulty=21_work_amount=2097152),2.01,73,35
22,0,0x28672c71695142588ed26ada6f4b18b8b6c12308,0.679158,1772427388,201e5c8b88cf18c4251fae47a8a6f8151956798d1dd495928c5caa3dacd78c24,139,139.00,3.76,1,5,4,0.025473,0.628850,pow,pow(difficulty=22_work_amount=4194304),1.37,74,35
22,1,0xb2a7fe70a6f3137d38f6cb4c3ec6dd1e24f2d5f4,5.416438,1772427390,29268cdcbf87cc6f9d345b1e9ac6a39089330ba265c3b3b958844f6aedc81241,188,62.67,3.73,1,6,4,0.025256,0.626019,pow,pow(difficulty=22_work_amount=4194304),2.44,75,35
22,2,0x6064b9f5883bf9737dfe314ff68c56e09e68ac89,3.179089,1772427393,2249e15da4cbe290da72e7d5c6cd53a0b6ed7100ea52d13ca1ab6a18ead6e619,171,85.50,4.93,1,7,5,0.025366,0.627616,pow,pow(difficulty=22_work_amount=4194304),2.48,76,35
22,3,0xeaa5003682d7289190651081ae2bee847097afc5,2.753845,1772427394,36e60214a1c6932146414c7c544a73ee791f2f17653fea47744916fc2c5a4e20,175,87.50,4.10,1,6,4,0.025321,0.627514,pow,pow(difficulty=22_work_amount=4194304),2.02,77,35
22,4,0x6d6b2734a20229ddd7fd4a1470ba3e3bad4e4a85,3.641004,1772427396,e0ee9a796f5ba5f9070fa1702b17456b5024332a1d64b96bfe3f62dc7278c904,92,92.00,4.70,3,6,5,0.025247,0.627098,pow,pow(difficulty=22_work_amount=4194304),1.23,78,35
23,0,0x4414c05be2cf328f38d2e3ef4b705d6b894f044a,7.085279,1772427430,e0ee9a796f5ba5f9070fa1702b17456b5024332a1d64b96bfe3f62dc7278c904,92,92.00,4.70,3,6,5,0.025252,0.627212,pow,pow(difficulty=23_work_amount=8388608),1.23,78,36
23,1,0xa9105f442328d397529b8e4e9e656fa89016ff45,0.458114,1772427433,44ae55f572b5ee3cfa26a2cd62717eada95e9781e878bfc1a252b1940c4011d9,250,6.76,3.94,1,5,4,0.025465,0.629195,pow,pow(difficulty=23_work_amount=8388608),35.50,79,36
23,2,0xaadc5fea232580cb8fba739ac5d05a48559c7e52,3.352523,1772427467,44ae55f572b5ee3cfa26a2cd62717eada95e9781e878bfc1a252b1940c4011d9,250,6.76,3.94,1,5,4,0.025471,0.629314,pow,pow(difficulty=23_work_amount=8388608),35.50,79,37
23,3,0x8c11ec9090dd820c076e57e899d9c604c79d6b32,1.560879,1772427469,b5fd9f2e3c8295f2db3b5211a1e92b4bac77b7cfddb36ce75eb5b5748a546b97,250,6.94,2.93,1,6,3,0.025433,0.629139,pow,pow(difficulty=23_work_amount=8388608),492.16,80,37
23,4,0x1796dc61e715f15a2d27dfa32bd34780f12a8c24,1.720361,1772427472,91047ed97223428650a3891f6e87b0657fa6ee413f4b09b2d603cec6c6631874,222,74.00,4.19,1,6,4,0.025277,0.627713,pow,pow(difficulty=23_work_amount=8388608),21.91,81,37
24,0,0x213068cb42718d1dd6d00a6d94d62a3def0e68eb,0.362119,1772427505,91047ed97223428650a3891f6e87b0657fa6ee413f4b09b2d603cec6c6631874,222,74.00,4.19,1,6,4,0.025283,0.627831,pow,pow(difficulty=22_work_amount=4194304),21.91,81,38
24,1,0xdcf2130496e27a8094ab996aea4aa77788d65869,5.501217,1772427508,2812f3556b3e4759fbd32eca5ccc9c84ee7848f02641942a55dd83b44ffe2314,0,0.00,0.00,0,0,0,0.025054,0.624573,pow,pow(difficulty=22_work_amount=4194304),0.00,82,38
24,2,0xdcf2130496e27a8094ab996aea4aa77788d65869,5.501207,1772427509,fb13a876ae4ecd4049648c694e717be724e539ccb09b37ff5e732474f754f59a,250,83.33,4.06,1,6,4,0.025054,0.624576,pow,pow(difficulty=22_work_amount=4194304),41.18,83,38
24,3,0xc774b0fee7cabbef3b1ae14bf36db3df0d32c1df,1.159967,1772427511,a333c845f3adadcc3881e101f468989ed173b176823ee005f9d30f12f54e396b,53,53.00,4.23,1,6,4,0.025152,0.626045,pow,pow(difficulty=22_work_amount=4194304),14.85,84,38
24,4,0xa447d277b02012c2afd9ddcbbe123f27cc971963,2.805295,1772427513,4f6bbc1f03964022eef6dab64d2f6ac9a9655048e2fc3be92172e868566621d9,161,80.50,4.38,2,6,5,0.024976,0.623964,pow,pow(difficulty=22_work_amount=4194304),1.53,85,38
25,0,0x26d553a2f4343b3a7dc88bbd87b3d0a25d3838d9,5.215840,1772427548,4f6bbc1f03964022eef6dab64d2f6ac9a9655048e2fc3be92172e868566621d9,161,80.50,4.38,2,6,5,0.024981,0.624077,pow,pow(difficulty=23_work_amount=8388608),1.53,85,39
25,1,0x8d9e46becf415ca26aa698c9657087e6554aabda,0.380496,1772427550,bb80aa5751b4e5345635195b0058bcf1d196045d72e99606b59faaaf93372f6c,250,6.58,3.86,1,6,4,0.025058,0.625347,pow,pow(difficulty=23_work_amount=8388608),36.96,86,39
25,2,0x8c11ec9090dd820c076e57e899d9c604c79d6b32,2.562699,1772427553,bd2a63a19f172f9232e7d04eafaca6a188bcd666e1cbbe6bf4e20f33f56f0244,174,87.00,4.15,1,7,4,0.024836,0.622062,pow,pow(difficulty=23_work_amount=8388608),18.48,87,39
25,3,0x8719ca31b72ae8a5404006763c53d5ad503dbcb0,0.101535,1772427556,e1b6f943d974df5a1f657c362cf4a61899f2ad4946d48bf1536e861d64c243ef,225,112.50,4.34,1,7,4,0.024836,0.622068,pow,pow(difficulty=23_work_amount=8388608),2.19,88,39
25,4,0x8719ca31b72ae8a5404006763c53d5ad503dbcb0,0.101485,1772427557,2907234966b95b5a97f225516cba8af8d77c9e4269f616573251a7d88690a2c4,180,60.00,4.24,1,6,4,0.024749,0.621453,pow,pow(difficulty=23_work_amount=8388608),1.97,89,39
26,0,0x4414c05be2cf328f38d2e3ef4b705d6b894f044a,8.086509,1772427560,dee96c875672b703d13cc647d5123767f82ea6e732ea46c724425f3105b0b3a1,83,83.00,4.25,1,6,4,0.024344,0.615377,pow,pow(difficulty=24_work_amount=16777216),1.20,90,39
26,1,0x58a21eeb7ab18ba8adf1296e66a4487076e95dac,5.087684,1772427561,1e587fc9620afa7d2070a0b7411982b4c6be7dd61fb9198ddbd3ffd311251633,214,71.33,3.85,1,6,4,0.024584,0.617302,pow,pow(difficulty=24_work_amount=16777216),2.16,91,39
26,2,0xa3786e459f289a76c0e8af8ad834e3d0c6d47199,9.723643,1772427595,1e587fc9620afa7d2070a0b7411982b4c6be7dd61fb9198ddbd3ffd311251633,214,71.33,3.85,1,6,4,0.024590,0.617414,pow,pow(difficulty=24_work_amount=16777216),2.16,91,40
26,3,0xb2a7fe70a6f3137d38f6cb4c3ec6dd1e24f2d5f4,6.416098,1772427598,f8c9bd950f1364d04175da345ad41c638c276dc74fdc3a00a1269ce7df0caff5,250,6.94,4.21,1,6,4,0.024919,0.619433,pow,pow(difficulty=24_work_amount=16777216),35.47,92,40
26,4,0xeb82a21cb3d0dd781eb22ad74bb7cd9b4d2a06ec,4.912835,1772427599,8efcb1207eedeca278dec7076d92fbdc841b28ba195309e5c051b7d2fb7aea14,210,105.00,4.20,1,6,4,0.024919,0.619437,pow,pow(difficulty=24_work_amount=16777216),11.61,93,40
27,0,0xdcf2130496e27a8094ab996aea4aa77788d65869,6.501277,1772427601,93f860bf3941fedd030421e2dcd546732f8ce3d5e82fe28a4c16003c36acbd5a,130,130.00,3.99,1,6,4,0.024964,0.620496,pow,pow(difficulty=23_work_amount=8388608),1.23,94,40
27,1,0x606627477c3734932f47972f83c27cf4e3b35b4f,5.372857,1772427635,93f860bf3941fedd030421e2dcd546732f8ce3d5e82fe28a4c16003c36acbd5a,130,130.00,3.99,1,6,4,0.024969,0.620604,pow,pow(difficulty=23_work_amount=8388608),1.23,94,41
27,2,0x763be7657fec175a3de5f1ee0a506722872c886d,0.024392,1772427670,93f860bf3941fedd030421e2dcd546732f8ce3d5e82fe28a4c16003c36acbd5a,130,130.00,3.99,1,6,4,0.024974,0.620711,pow,pow(difficulty=23_work_amount=8388608),1.23,94,42
27,3,0xb2a7fe70a6f3137d38f6cb4c3ec6dd1e24f2d5f4,6.415388,1772427672,893590540faf456839dfcd187d2ed5e87cc732f22f355887efb74de43fc8c7f7,250,3.47,3.70,1,5,4,0.024738,0.616541,pow,pow(difficulty=23_work_amount=8388608),71.06,95,42
27,4,0x26d553a2f4343b3a7dc88bbd87b3d0a25d3838d9,6.217550,1772427675,dc15ffe9a30eedb512fad51dfd0f9d8ef9c500b1ea65586179b74d873fbb1026,250,125.00,4.86,1,7,5,0.024866,0.618260,pow,pow(difficulty=23_work_amount=8388608),35.68,96,42
28,0,0xd46407aa7b668c72de3cf1c1a12b7fa2e308a1b2,4.981439,1772427676,a063d81e5bc10284de30bae1a1b673e57cd1b3e699c0aa9bd05ba285382782a5,141,70.50,3.60,1,5,4,0.024978,0.619799,pow,pow(difficulty=24_work_amount=16777216),1.79,97,42
28,1,0xeaa5003682d7289190651081ae2bee847097afc5,3.751875,1772427678,5b7c17d89fd8d5b85eb39c1a9267204264af72e44d5f6409f141701f6a7d4c21,105,105.00,4.07,1,6,4,0.025018,0.620756,pow,pow(difficulty=24_work_amount=16777216),1.23,98,42
28,2,0x1796dc61e715f15a2d27dfa32bd34780f12a8c24,1.719211,1772427681,fa167b500eca8195e0ff6dccef4c2a11787b14cf06d1a8aaf49d57902f7066b8,188,62.67,4.17,1,7,4,0.024990,0.620832,pow,pow(difficulty=24_work_amount=16777216),2.41,99,42
28,3,0xa9105f442328d397529b8e4e9e656fa89016ff45,0.455544,1772427682,fdf1b4c295e014dd725294d67736fdfe86e633060d914f36c1142b8253a7b86d,250,125.00,3.34,1,5,3,0.024990,0.620835,pow,pow(difficulty=24_work_amount=16777216),2.15,100,42
28,4,0xac768e60b9269babb15cb1e36ee843243d7c7543,4.707958,1772427685,29cabe41473644886a505c28c513c9797618b6b9f285643fd11dfc228e1eb900,129,129.00,2.18,1,5,1,0.024646,0.616347,pow,pow(difficulty=24_work_amount=16777216),119.88,101,42
29,0,0xa3786e459f289a76c0e8af8ad834e3d0c6d47199,10.725833,1772427686,76de9be8e636a7ebc6dd7aa8a9a365f10aab3750a6d374139eefc1279ea60d1b,241,80.33,4.23,1,6,4,0.024646,0.616350,pow,pow(difficulty=25_work_amount=33554432),1.99,102,42
29,1,0x2abf89d7c96c80fcff9dec1fe92803573094ee35,0.213565,1772427689,8320a4b858bd69533a4578fb5a43f70a10a70467530d874059fa98b492fe0ce2,83,83.00,4.27,1,6,4,0.024986,0.618279,pow,pow(difficulty=25_work_amount=33554432),0.99,103,42
29,2,0x89100a8056319ba37491b32ba255004180607bc2,4.781687,1772427691,55177d3f55b76af78e8644d2ef7dea9b998481fae1245038315eef5e881b152c,250,62.50,3.71,1,6,4,0.024768,0.614688,pow,pow(difficulty=25_work_amount=33554432),2.98,104,42
29,3,0x63f4973c0df8a5358405f396dc0673a463c48de9,6.899727,1772427692,d0d3cdefe8887727c5bb9de1ed855cc34487292179cecb6fa6e8fb041339b201,106,106.00,3.85,1,6,4,0.024790,0.615492,pow,pow(difficulty=25_work_amount=33554432),1.26,105,42
29,4,0x26d553a2f4343b3a7dc88bbd87b3d0a25d3838d9,7.218950,1772427695,647a50193486bba8b8c5a89d0ee66c73f168227606c877fa29af213f6d8c7d50,83,83.00,3.63,2,5,4,0.024919,0.617108,pow,pow(difficulty=25_work_amount=33554432),1.01,106,42
30,0,0x58a21eeb7ab18ba8adf1296e66a4487076e95dac,5.087684,1772427730,647a50193486bba8b8c5a89d0ee66c73f168227606c877fa29af213f6d8c7d50,83,83.00,3.63,2,5,4,0.024923,0.617201,pow,pow(difficulty=26_work_amount=67108864),1.01,106,43
30,1,0x687bf2437a044a3e42ff2f8a79a8e54ba9601f70,2.064909,1772427730,3b27a71592695d50bdf13e701a1973b448da279d36a24e65f3510bafdbe89433,17,0.45,2.82,1,5,3,0.024956,0.618009,pow,pow(difficulty=26_work_amount=67108864),1.53,107,43
30,2,0xac768e60b9269babb15cb1e36ee843243d7c7543,4.707268,1772427766,3b27a71592695d50bdf13e701a1973b448da279d36a24e65f3510bafdbe89433,17,0.45,2.82,1,5,3,0.024961,0.618114,pow,pow(difficulty=26_work_amount=67108864),1.53,107,44
30,3,0xa068e3c9a21c8d8be636cd2d285895979ec3262e,1.954561,1772427767,4e1f348311b0b106aad6a5243bf78312853fe808565205868686164941caceb3,250,6.94,4.10,1,6,4,0.024974,0.618711,pow,pow(difficulty=26_work_amount=67108864),73.01,108,44
30,4,0xa3786e459f289a76c0e8af8ad834e3d0c6d47199,11.725923,1772427772,3e111a1bdf16a5571ee577c2444b1f3f29b1eae151e482ce4789eaeb3f7fcb47,233,233.00,4.38,3,6,5,0.024847,0.617633,pow,pow(difficulty=26_work_amount=67108864),23.30,109,44
31,0,0x81193196c1dbdbf80709d43a5af5ce21c201fbd7,0.832819,1772427773,e5cc286ae3e7649380abe7297ed7e0b14a7357cb3f7e44e2d97660818f07aa4a,250,50.00,4.65,1,7,5,0.024848,0.617648,pow,pow(difficulty=25_work_amount=33554432),3.99,110,44
31,1,0x63f4973c0df8a5358405f396dc0673a463c48de9,7.900187,1772427809,e5cc286ae3e7649380abe7297ed7e0b14a7357cb3f7e44e2d97660818f07aa4a,250,50.00,4.65,1,7,5,0.024853,0.617750,pow,pow(difficulty=25_work_amount=33554432),3.99,110,45
31,2,0xa068e3c9a21c8d8be636cd2d285895979ec3262e,2.956141,1772427842,e5cc286ae3e7649380abe7297ed7e0b14a7357cb3f7e44e2d97660818f07aa4a,250,50.00,4.65,1,7,5,0.024858,0.617857,pow,pow(difficulty=25_work_amount=33554432),3.99,110,46
31,3,0xeaa5003682d7289190651081ae2bee847097afc5,4.751925,1772427843,5e3eaf0b9bd23ca194d7636019e142111a5c5a5be29c4c72d9c953e2207ea891,250,3.57,4.32,1,8,4,0.024782,0.617432,pow,pow(difficulty=25_work_amount=33554432),68.70,111,46
31,4,0xb2a7fe70a6f3137d38f6cb4c3ec6dd1e24f2d5f4,7.416048,1772427845,872a0dd18ce55cbad7df8e6dd03b5980060c2d017cacd2ba93a90d60e4e5a93c,43,43.00,4.51,1,6,5,0.024794,0.617939,pow,pow(difficulty=25_work_amount=33554432),60.21,112,46
32,0,0x6d6b2734a20229ddd7fd4a1470ba3e3bad4e4a85,3.637914,1772427850,bb62a94a0eecf20e8973e5a63766a7057c87f43cd159e8f83d11f0189d5514f8,176,58.67,4.39,1,6,4,0.024933,0.619530,pow,pow(difficulty=26_work_amount=67108864),2.42,113,46
32,1,0x71f297f96355f349d66f0e9b681e7d4e11224660,0.153520,1772427852,a9997eae76ae6e2553c6cb0945c7acdbe30eb205907ac45243e84e22ea1bfe02,250,50.00,3.67,1,5,4,0.025226,0.621212,pow,pow(difficulty=26_work_amount=67108864),4.69,114,46
32,2,0x0d91704595bff3aec25d40822498a51c62b05e3a,3.559196,1772427853,a8862fea833eff406868d53db7f4d79c891ab3dff99c984eacb605c0283e604a,115,115.00,3.72,1,5,4,0.025013,0.617596,pow,pow(difficulty=26_work_amount=67108864),2.36,115,46
32,3,0xb2a7fe70a6f3137d38f6cb4c3ec6dd1e24f2d5f4,8.417688,1772427856,dea14d8f4a46c4988b987720a33b1a6e26e60a3a0939cff90dc3b5da901803c3,105,52.50,3.08,1,5,3,0.024961,0.617341,pow,pow(difficulty=26_work_amount=67108864),1.94,116,46
32,4,0x269cdf52f97e1d9f14b7be895155a7b294f0b21d,0.708703,1772427859,04c00acd95e0057d25434faa4f466e199c83b07c1fe189258389f93839c3aa5d,193,96.50,4.89,1,7,5,0.024961,0.617344,pow,pow(difficulty=26_work_amount=67108864),2.26,117,46
33,0,0xe6ebb0cdfd04183d498964e5efc4096ba77b17d6,6.291753,1772427860,69ac475fc08dd80490899414d91ca8e914c8ab87bfec7bf54cf2325d1fa8231d,173,57.67,3.67,1,5,4,0.024949,0.616188,pow,pow(difficulty=27_work_amount=134217728),2.39,118,46
33,1,0xa447d277b02012c2afd9ddcbbe123f27cc971963,2.802175,1772427863,748dfd62c27bfa59c8c90778b79686f2dee9019b96df985dfaa26e8b45d55365,21,21.00,3.19,3,4,3,0.025019,0.617480,pow,pow(difficulty=27_work_amount=134217728),1.00,119,46
33,2,0x6414c6a8400ff3419cd81855d09de2848d770e0e,0.138046,1772427868,2c5a4071671f8ffcff72a7457dc01d8860ffe23863316cee8519e0edeba9cdff,250,83.33,4.18,1,6,4,0.025019,0.617490,pow,pow(difficulty=27_work_amount=134217728),3.10,120,46
33,3,0xbc3f8508d26048f2064aa8c068f4c94d08d77d18,6.064389,1772427869,b0ee2a0a6c17958dde1e90b502c86bd5e021c9a734bc55f49d2a18dbac358cf2,250,50.00,4.16,1,7,4,0.024931,0.616895,pow,pow(difficulty=27_work_amount=134217728),3.42,121,46
33,4,0x606627477c3734932f47972f83c27cf4e3b35b4f,5.371547,1772427873,2cb257f73afb867d8125437dbdbc398f0f715d36e0c0f30e6875d3acdf8b0639,39,39.00,4.33,1,6,4,0.024782,0.614392,pow,pow(difficulty=27_work_amount=134217728),2.69,122,46
34,0,0xea287b266dbe2c2d402fd91814bcfc4c95d6b0fd,0.145094,1772427875,1c26799afafa1b4cfc379413ff6f25fa2e7263061f4e2f7e2de477764c3865d9,250,50.00,4.22,1,6,4,0.024807,0.615128,pow,pow(difficulty=28_work_amount=268435456),3.99,123,46
34,1,0x4ba33404d90c4ae989714d9d174cd882cffb7994,1.100942,1772427884,41e3cbc5ecf476f0e82a4b9d24e2370bac9ea351c31ed1d0e6d7110830469145,115,115.00,4.02,1,6,4,0.024605,0.611450,pow,pow(difficulty=28_work_amount=268435456),2.55,124,46
34,2,0xbc3f8508d26048f2064aa8c068f4c94d08d77d18,7.064729,1772427890,11c17a86bd4780076e2022b578d7262fb4a0954cea9ea1f80540863f2d2dbb78,250,27.78,4.60,1,7,5,0.024448,0.609363,pow,pow(difficulty=28_work_amount=268435456),8.64,125,46
34,3,0x5cd626f4b83428b146919d30f4b3e481d259a9dc,0.056733,1772427924,11c17a86bd4780076e2022b578d7262fb4a0954cea9ea1f80540863f2d2dbb78,250,27.78,4.60,1,7,5,0.024452,0.609461,pow,pow(difficulty=28_work_amount=268435456),8.64,125,47
34,4,0x89100a8056319ba37491b32ba255004180607bc2,5.780327,1772427933,86bda58461157b4d076b527ed01ab2eec77d125dc0ab7fb882d3c2fc730f51ca,250,6.25,4.20,1,7,4,0.024452,0.609466,pow,pow(difficulty=28_work_amount=268435456),40.04,126,47
35,0,0x89100a8056319ba37491b32ba255004180607bc2,6.782767,1772427935,4e826eb8654e985e77103dab63003268a07e8b725f2707e30ce47df0da9dd634,250,27.78,4.23,1,7,4,0.024294,0.606512,pow,pow(difficulty=27_work_amount=134217728),15.82,127,47
35,1,0xac61c91e7d24df824351a6c4e562a75f0cf646f8,0.234148,1772427936,c02291a5abbe007ec2e22f8ed17bc2441bde8abf058dd35db898a5bf6812149d,134,67.00,3.98,2,7,4,0.024376,0.607789,pow,pow(difficulty=27_work_amount=134217728),4.29,128,47
35,2,0x26d553a2f4343b3a7dc88bbd87b3d0a25d3838d9,7.217570,1772427940,a3078810881d0514eafdc5413b052e2af99da1020c1a4096aeb3d1f56ad5adca,102,51.00,4.41,3,7,5,0.024185,0.604213,pow,pow(difficulty=27_work_amount=134217728),2.01,129,47
35,3,0xc24b36dee27726233c3bbd9e1f028f98b6b2a424,4.398969,1772427943,35b84dc0b15562ba5e1da48cdae8dd26b82bd5c80ebcafc0de9afe40023841de,250,83.33,3.87,1,6,4,0.024186,0.604221,pow,pow(difficulty=27_work_amount=134217728),2.86,130,47
35,4,0xe6ebb0cdfd04183d498964e5efc4096ba77b17d6,7.291213,1772427946,9c39d829ae37efe8539fca55ebae5afe6c6f6f9a7a008980aa77a7bfe61dd6af,229,57.25,4.50,1,7,5,0.024263,0.605894,pow,pow(difficulty=27_work_amount=134217728),3.10,131,47
36,0,0x606627477c3734932f47972f83c27cf4e3b35b4f,6.373567,1772427947,e167bd97f27939b5c7251b6b42fd691519c834e2458ab2ecf74767006c30d55c,194,97.00,4.30,1,7,4,0.024359,0.607170,pow,pow(difficulty=28_work_amount=268435456),2.40,132,47
36,1,0x13f9dadc05f6c237b03411e2aed1800cf21a5d89,1.260872,1772427982,e167bd97f27939b5c7251b6b42fd691519c834e2458ab2ecf74767006c30d55c,194,97.00,4.30,1,7,4,0.024363,0.607256,pow,pow(difficulty=28_work_amount=268435456),2.40,132,48
36,2,0xc4dc29db975b952e04358340e56b68fa4ba63fbc,1.528311,1772427984,90537e7da619cf0873c438f1bb35969b6f4ad7f0678ca1cfbb15d53b7a5ae314,250,6.76,3.39,1,5,4,0.024216,0.605452,pow,pow(difficulty=28_work_amount=268435456),36.38,133,48
36,3,0x1796dc61e715f15a2d27dfa32bd34780f12a8c24,2.719001,1772427986,b1d8dc1b9869ed896d418b0e2f4324aa8ee1a0e93c81d3b42b966103cf4b2fd8,61,61.00,5.70,1,8,6,0.024082,0.603965,pow,pow(difficulty=28_work_amount=268435456),30.82,134,48
36,4,0x50f7fa851f9314d682e36da5caa4635039b5305d,0.087396,1772427992,4c0e2405860cf50a084eda80997ba9127075928aa56a33dcae7aeb7a3ea7d931,190,63.33,3.34,1,5,3,0.023995,0.603352,pow,pow(difficulty=28_work_amount=268435456),2.78,135,48
37,0,0x3513d672439a59c26cc5711f2b715ccb4810a774,1.285495,1772427995,91fa69b390696574f1553e23d40b0a6391425f42f490dc83ab2be8905e6ef19c,250,50.00,4.04,1,6,4,0.023807,0.599561,pow,pow(difficulty=29_work_amount=536870912),4.80,136,48
37,1,0x34d94cc0534eb50dec7956bea31407428d6d5ef8,0.068567,1772428009,88c405cc95dd2df60a33e52738fba29e35dae6b50196768286ce0996133fbf06,169,56.33,4.04,1,5,4,0.023668,0.597713,pow,pow(difficulty=29_work_amount=536870912),1.48,137,48
37,2,0x26d553a2f4343b3a7dc88bbd87b3d0a25d3838d9,8.219270,1772428015,378af68bcd0bd6193e0afaf4975ccf127a01c5d4b33dae129024edb05cdf8b28,250,16.67,5.06,1,8,5,0.023485,0.593871,pow,pow(difficulty=29_work_amount=536870912),15.88,138,48
37,3,0xa447d277b02012c2afd9ddcbbe123f27cc971963,3.803225,1772428022,cb8eb2b8afa8d2a44282b358c136b2bc421169d90b672d7a1be9bf0295b59df5,250,50.00,3.89,1,6,4,0.023486,0.593886,pow,pow(difficulty=29_work_amount=536870912),7.31,139,48
37,4,0xbc3f8508d26048f2064aa8c068f4c94d08d77d18,7.064729,1772428056,cb8eb2b8afa8d2a44282b358c136b2bc421169d90b672d7a1be9bf0295b59df5,250,50.00,3.89,1,6,4,0.023615,0.595444,pow,pow(difficulty=29_work_amount=536870912),7.31,139,49
38,0,0xaadc5fea232580cb8fba739ac5d05a48559c7e52,4.351163,1772428092,cb8eb2b8afa8d2a44282b358c136b2bc421169d90b672d7a1be9bf0295b59df5,250,50.00,3.89,1,6,4,0.023619,0.595522,pow,pow(difficulty=28_work_amount=268435456),7.31,139,50
38,1,0x07902d0371763a00d97ed9ba16ff0a206cb0fd19,2.522909,1772428095,a8e67c91c2f31bc988377fb6c9f2f61c2b26b57c5610dc3ddc78a7dc4cf45ccf,105,1.35,1.54,1,4,1,0.023596,0.595770,pow,pow(difficulty=28_work_amount=268435456),283.55,140,50
38,2,0x9bdb1c7ad4bd8fe797b07c08117c74a591dbab2d,1.430502,1772428139,a8e67c91c2f31bc988377fb6c9f2f61c2b26b57c5610dc3ddc78a7dc4cf45ccf,105,1.35,1.54,1,4,1,0.023600,0.595852,pow,pow(difficulty=28_work_amount=268435456),283.55,140,51
38,3,0xeb82a21cb3d0dd781eb22ad74bb7cd9b4d2a06ec,5.908375,1772428173,a8e67c91c2f31bc988377fb6c9f2f61c2b26b57c5610dc3ddc78a7dc4cf45ccf,105,1.35,1.54,1,4,1,0.023605,0.595963,pow,pow(difficulty=28_work_amount=268435456),283.55,140,52
38,4,0x7e40df5d801345015e84c843908efc6683665fa4,0.646669,1772428181,53ed761a8b63dfc3cfd5d99e6f00d2c1eaa473f65b66fcef2353ae8875ee0daf,250,3.09,4.25,1,7,4,0.023640,0.596866,pow,pow(difficulty=28_work_amount=268435456),158.02,141,52
39,0,0xe184aeec69f3313df03bef8752946c65f0a70021,0.070727,1772428218,53ed761a8b63dfc3cfd5d99e6f00d2c1eaa473f65b66fcef2353ae8875ee0daf,250,3.09,4.25,1,7,4,0.023644,0.596964,pow,pow(difficulty=27_work_amount=134217728),158.02,141,53
39,1,0x63f4973c0df8a5358405f396dc0673a463c48de9,7.898377,1772428219,d82cfee56e6125f88bb2531d3513c1c0acec039f4293d691d9b05d7dbcbfa3b7,250,5.68,4.09,3,6,4,0.023463,0.593091,pow,pow(difficulty=27_work_amount=134217728),121.88,142,53
39,2,0x016d3fc36beee7caa8fbd6c1caa42461dd7f9850,1.859579,1772428221,526b1aead27bca908cb017f15926afdddbd2bb4176911170b5b16d742fa18fff,79,79.00,3.63,1,5,4,0.023569,0.594414,pow,pow(difficulty=27_work_amount=134217728),40.43,143,53
39,3,0x9bdb1c7ad4bd8fe797b07c08117c74a591dbab2d,1.429292,1772428222,4b385f84170c6074116e6ca6aac4ced139668ba8b679935f5d93fa5d279bc7fd,181,90.50,3.06,1,5,3,0.023569,0.594418,pow,pow(difficulty=27_work_amount=134217728),1.54,144,53
39,4,0x37cc7a82e66d4f4c2ae13b9ee895d3af1a1d7a05,0.254265,1772428235,dd155b6c5c08faaf15c9ff78ddedfa0b6f31e91ec02e251581abc34931626bea,182,91.00,2.37,1,5,3,0.023326,0.591601,pow,pow(difficulty=27_work_amount=134217728),24.68,145,53
40,0,0x687bf2437a044a3e42ff2f8a79a8e54ba9601f70,2.062869,1772428278,dd155b6c5c08faaf15c9ff78ddedfa0b6f31e91ec02e251581abc34931626bea,182,91.00,2.37,1,5,3,0.023330,0.591705,pow,pow(difficulty=28_work_amount=268435456),24.68,145,54
40,1,0x58a21eeb7ab18ba8adf1296e66a4487076e95dac,6.084994,1772428287,2200cf5cf546c2ea386f65086e7e1e1b77296e580d62c6dfe739004e6b61d54d,250,4.55,3.77,1,6,4,0.023226,0.590711,pow,pow(difficulty=28_work_amount=268435456),54.97,146,54
40,2,0x8c11ec9090dd820c076e57e899d9c604c79d6b32,3.561289,1772428291,53bf5dcac8df20c23c294c6df64112f8dcf29d92a7a9c7b3d52c7aafb40d76f9,250,25.00,4.06,1,6,4,0.023265,0.591612,pow,pow(difficulty=28_work_amount=268435456),27.68,147,54
40,3,0x63f4973c0df8a5358405f396dc0673a463c48de9,8.898067,1772428324,53bf5dcac8df20c23c294c6df64112f8dcf29d92a7a9c7b3d52c7aafb40d76f9,250,25.00,4.06,1,6,4,0.023268,0.591696,pow,pow(difficulty=28_work_amount=268435456),27.68,147,55
40,4,0x6414c6a8400ff3419cd81855d09de2848d770e0e,1.136356,1772428327,ff6250354d5ba36b082b924b5964f0b739f319aed4e3fd4c57842577aaf84730,250,6.76,3.49,1,5,4,0.023403,0.593203,pow,pow(difficulty=28_work_amount=268435456),38.60,148,55
41,0,0x89100a8056319ba37491b32ba255004180607bc2,7.781557,1772428328,67ab54238d013647feed036a7e486e03c7b53427c9403df4bdad7fc646c63e87,191,95.50,3.88,1,6,4,0.023265,0.591076,pow,pow(difficulty=27_work_amount=134217728),16.84,149,55
41,1,0x2abf89d7c96c80fcff9dec1fe92803573094ee35,1.209695,1772428366,67ab54238d013647feed036a7e486e03c7b53427c9403df4bdad7fc646c63e87,191,95.50,3.88,1,6,4,0.023269,0.591158,pow,pow(difficulty=27_work_amount=134217728),16.84,149,56
41,2,0xaadc5fea232580cb8fba739ac5d05a48559c7e52,5.349473,1772428369,4f842175a55c3ab728812619e4431b90021ae28ea4b2864cd405febf0df12833,250,6.41,3.73,1,5,4,0.023135,0.589071,pow,pow(difficulty=27_work_amount=134217728),38.55,150,56
41,3,0x606627477c3734932f47972f83c27cf4e3b35b4f,6.372997,1772428371,99698d2de88c19a82354096d71ff2933ce5bfacb2b6f32131aa49c7feb676625,204,51.00,4.72,1,6,5,0.023144,0.589625,pow,pow(difficulty=27_work_amount=134217728),12.94,151,56
41,4,0x58a21eeb7ab18ba8adf1296e66a4487076e95dac,7.086414,1772428404,99698d2de88c19a82354096d71ff2933ce5bfacb2b6f32131aa49c7feb676625,204,51.00,4.72,1,6,5,0.023148,0.589706,pow,pow(difficulty=27_work_amount=134217728),12.94,151,57
42,0,0xdcf2130496e27a8094ab996aea4aa77788d65869,6.499067,1772428408,59f43bdbe4abb9f35a9eeb12e597817f16c30ca001d8a35a8ad03c678f35e34d,250,7.14,4.02,1,6,4,0.023215,0.590811,pow,pow(difficulty=26_work_amount=67108864),35.02,152,57
42,1,0x89100a8056319ba37491b32ba255004180607bc2,7.781547,1772428409,d87450915a3848626fd69bb301556e8d0beca7e073e2dee9c922133fa253816d,134,44.67,4.08,2,5,4,0.023260,0.591714,pow,pow(difficulty=26_work_amount=67108864),1.66,153,57
42,2,0x3513d672439a59c26cc5711f2b715ccb4810a774,2.285205,1772428411,9c3e1f6b4c064a8310cbc378348bcfd1fa24c1f671fecc5cda78c4516acd0573,107,53.50,4.27,1,7,4,0.023346,0.592871,pow,pow(difficulty=26_work_amount=67108864),2.29,154,57
42,3,0x30405867b72597aaeb27803bb2c7f3f5fc7d5384,1.495664,1772428444,9c3e1f6b4c064a8310cbc378348bcfd1fa24c1f671fecc5cda78c4516acd0573,107,53.50,4.27,1,7,4,0.023350,0.592955,pow,pow(difficulty=26_work_amount=67108864),2.29,154,58
42,4,0x282f43759e22b50aa7989261c51c367f325c3f91,0.329437,1772428448,be617ed87f68d7b212e9aa83f8442459bbf8793e3872d16dd8bd64456a5f60f1,250,7.14,4.32,1,6,4,0.023350,0.592957,pow,pow(difficulty=26_work_amount=67108864),37.96,155,58
43,0,0x49b57eb4dace37c8819daf079c9c674f766d4f38,2.209650,1772428449,88e9eedfce816feaf274f4bcefa7469006bcea210ef615ee9910854511d44b18,250,83.33,4.14,1,6,4,0.023066,0.587905,pow,pow(difficulty=25_work_amount=33554432),14.72,156,58
43,1,0x6d6b2734a20229ddd7fd4a1470ba3e3bad4e4a85,4.638754,1772428451,97a6f8dadaebb63ea5be7b0cc7696fcc1707f5cee74821c6c51422665195b7d2,23,11.50,2.91,1,5,3,0.022969,0.586990,pow,pow(difficulty=25_work_amount=33554432),1.35,157,58
43,2,0x58a21eeb7ab18ba8adf1296e66a4487076e95dac,8.088894,1772428454,e70bbd93ee018064a56ec44544320888ec83ad990e6c1cba8dffb7dc5079eab2,156,156.00,4.85,1,6,5,0.022950,0.587267,pow,pow(difficulty=25_work_amount=33554432),1.38,158,58
43,3,0xcdc82b7c868072205a399d0f68e6e3ad3bfd1ca6,0.184651,1772428487,e70bbd93ee018064a56ec44544320888ec83ad990e6c1cba8dffb7dc5079eab2,156,156.00,4.85,1,6,5,0.022954,0.587346,pow,pow(difficulty=25_work_amount=33554432),1.38,158,59
43,4,0x687bf2437a044a3e42ff2f8a79a8e54ba9601f70,3.063759,1772428490,fb63893ad2df52b0cd214bc53bcd4d9c93f880286d9ea267f6e1a50a38fdfb28,250,6.76,5.09,1,7,5,0.022793,0.583846,pow,pow(difficulty=25_work_amount=33554432),36.13,159,59
44,0,0x4414c05be2cf328f38d2e3ef4b705d6b894f044a,9.078889,1772428524,fb63893ad2df52b0cd214bc53bcd4d9c93f880286d9ea267f6e1a50a38fdfb28,250,6.76,5.09,1,7,5,0.022796,0.583921,pow,pow(difficulty=24_work_amount=16777216),36.13,159,60
44,1,0x30509a8084fdfe6fe24d9c9a817c209ad194f8e3,4.636559,1772428525,3d727942640f826942ea2565098706d2d2f55901a42d0bdd5cae9fd3e8bd8b6e,250,6.94,4.15,1,7,4,0.022796,0.583923,pow,pow(difficulty=24_work_amount=16777216),39.38,160,60
44,2,0xac768e60b9269babb15cb1e36ee843243d7c7543,5.706478,1772428528,d37d380b63f4e7982a858df94f28f6f0739dd0c5186cd3466527e06c038e405c,91,91.00,4.01,1,6,4,0.022899,0.585561,pow,pow(difficulty=24_work_amount=16777216),30.89,161,60
44,3,0x606627477c3734932f47972f83c27cf4e3b35b4f,6.371297,1772428562,d37d380b63f4e7982a858df94f28f6f0739dd0c5186cd3466527e06c038e405c,91,91.00,4.01,1,6,4,0.022902,0.585632,pow,pow(difficulty=24_work_amount=16777216),30.89,161,61
44,4,0xe184aeec69f3313df03bef8752946c65f0a70021,1.069677,1772428563,c868380a41aa33ceba65434808202463c1e9eff7d3fcd2b4f550cc925ff18ce8,250,6.76,4.37,1,7,4,0.022936,0.586427,pow,pow(difficulty=24_work_amount=16777216),35.78,162,61
45,0,0xeb82a21cb3d0dd781eb22ad74bb7cd9b4d2a06ec,6.907025,1772428566,89a47c49bebf0bf1d8a69e85630ba51df2678e132ddf15a4d144e86d7d9859b2,57,28.50,4.82,3,7,5,0.022805,0.584150,pow,pow(difficulty=23_work_amount=8388608),34.18,163,61
45,1,0xb2a7fe70a6f3137d38f6cb4c3ec6dd1e24f2d5f4,9.412368,1772428567,ee7168cb90ff5be5acd5c4f8509dd715fa80ef56570a3d9ebfa8d83f641e7c76,195,97.50,4.17,1,7,4,0.022805,0.584151,pow,pow(difficulty=23_work_amount=8388608),2.14,164,61
45,2,0xb2a7fe70a6f3137d38f6cb4c3ec6dd1e24f2d5f4,10.413168,1772428569,acc45718ef04ac8a266cc6b80003cf20fa549fc1f5efefc785ff8e0c5fc305b6,83,83.00,5.25,1,9,6,0.022979,0.586441,pow,pow(difficulty=23_work_amount=8388608),1.34,165,61
45,3,0xb2a7fe70a6f3137d38f6cb4c3ec6dd1e24f2d5f4,11.414908,1772428572,129f00e8114fb86b033f2bb269a1267056b78cf85d13c740921617b2d40d976a,175,58.33,5.09,1,7,5,0.023131,0.587939,pow,pow(difficulty=23_work_amount=8388608),2.46,166,61
45,4,0x6064b9f5883bf9737dfe314ff68c56e09e68ac89,4.168669,1772428573,4d436425f9f71f1077f20d0e627b79ba8ba905158d4d7e16aba92c577e80faaa,178,89.00,4.91,1,7,5,0.023310,0.589425,pow,pow(difficulty=23_work_amount=8388608),2.32,167,61
46,0,0xe6ebb0cdfd04183d498964e5efc4096ba77b17d6,8.290053,1772428575,df78e0732b23218c8aae88480cfd68389bb2314fbb4865033fa9822c7d588df2,136,136.00,3.99,2,6,4,0.023270,0.589442,pow,pow(difficulty=24_work_amount=16777216),1.40,168,61
46,1,0x34412315480562da4810040fd15c81f99880e1ab,1.889113,1772428610,df78e0732b23218c8aae88480cfd68389bb2314fbb4865033fa9822c7d588df2,136,136.00,3.99,2,6,4,0.023273,0.589516,pow,pow(difficulty=24_work_amount=16777216),1.40,168,62
46,2,0x34412315480562da4810040fd15c81f99880e1ab,1.889113,1772428643,df78e0732b23218c8aae88480cfd68389bb2314fbb4865033fa9822c7d588df2,136,136.00,3.99,2,6,4,0.023276,0.589584,pow,pow(difficulty=24_work_amount=16777216),1.40,168,63
46,3,0x63f4973c0df8a5358405f396dc0673a463c48de9,9.898197,1772428678,df78e0732b23218c8aae88480cfd68389bb2314fbb4865033fa9822c7d588df2,136,136.00,3.99,2,6,4,0.023279,0.589657,pow,pow(difficulty=24_work_amount=16777216),1.40,168,64
46,4,0x58a21eeb7ab18ba8adf1296e66a4487076e95dac,8.087244,1772428679,f0a0d2dee657801a93b417b7071ee1851a481d09e23989517c82d9b445d26b54,250,2.38,4.83,1,7,5,0.023409,0.591034,pow,pow(difficulty=24_work_amount=16777216),100.30,169,64
47,0,0xbc3f8508d26048f2064aa8c068f4c94d08d77d18,7.063189,1772428681,22da4dc918d4d97361f99929cf89c7d1e1f538e6967ba9745a370c0046d6a88b,18,18.00,2.67,1,6,1,0.023482,0.592114,pow,pow(difficulty=25_work_amount=33554432),82.00,170,64
47,1,0xac768e60b9269babb15cb1e36ee843243d7c7543,5.706478,1772428716,22da4dc918d4d97361f99929cf89c7d1e1f538e6967ba9745a370c0046d6a88b,18,18.00,2.67,1,6,1,0.023485,0.592191,pow,pow(difficulty=25_work_amount=33554432),82.00,170,65
47,2,0x89100a8056319ba37491b32ba255004180607bc2,8.779457,1772428750,22da4dc918d4d97361f99929cf89c7d1e1f538e6967ba9745a370c0046d6a88b,18,18.00,2.67,1,6,1,0.023489,0.592263,pow,pow(difficulty=25_work_amount=33554432),82.00,170,66
47,3,0xe6ebb0cdfd04183d498964e5efc4096ba77b17d6,8.289253,1772428753,f97b2956f84933a4648ed11fde175eaafbd13965119ef3526bbde77ba3d9c6c0,250,3.47,3.90,1,7,4,0.023581,0.593428,pow,pow(difficulty=25_work_amount=33554432),136.08,171,66
47,4,0xa3786e459f289a76c0e8af8ad834e3d0c6d47199,12.724683,1772428754,d9fee94cdbf061438c95e76d7ccb0bcf4284b32126f1e727de8dc6e219e1e5be,250,125.00,3.72,1,7,4,0.023581,0.593430,pow,pow(difficulty=25_work_amount=33554432),54.79,172,66
48,0,0x408bb0bf84df50b21c53c74420987f172d4036a1,1.790334,1772428757,08ae79b156e158b40f30149f76c4ea222d13a9ec7896be5e39d9a51cc0639028,22,11.00,5.00,2,8,6,0.023857,0.595934,pow,pow(difficulty=26_work_amount=67108864),34.09,173,66
48,1,0xe478b1e4d1538274c0c70cbd7df877f9abab2f62,4.275806,1772428759,a3b6c0508f3bee3b8924115be6acb2bfd32a49255a689d70f69d6e09b045129c,250,125.00,4.33,1,9,4,0.023742,0.594513,pow,pow(difficulty=26_work_amount=67108864),15.99,174,66
48,2,0x89100a8056319ba37491b32ba255004180607bc2,9.781867,1772428763,0a74899f473b344ca17f6d996901386c8802e275bbf92889c4f9bd589d4efe41,149,49.67,5.15,1,7,5,0.023700,0.594470,pow,pow(difficulty=26_work_amount=67108864),6.25,175,66
48,3,0xf6e059718dbd0a0956726ab97d06bad5efc6cd18,2.993147,1772428795,0a74899f473b344ca17f6d996901386c8802e275bbf92889c4f9bd589d4efe41,149,49.67,5.15,1,7,5,0.023703,0.594539,pow,pow(difficulty=26_work_amount=67108864),6.25,175,67
48,4,0x687bf2437a044a3e42ff2f8a79a8e54ba9601f70,3.063339,1772428797,2f918de631bd198033f781afb9432a9f857a160c706c0d53fd11138bfaad0371,250,7.14,4.89,1,8,5,0.023623,0.594050,pow,pow(difficulty=26_work_amount=67108864),34.82,176,67
49,0,0x0d91704595bff3aec25d40822498a51c62b05e3a,4.550636,1772428832,2f918de631bd198033f781afb9432a9f857a160c706c0d53fd11138bfaad0371,250,7.14,4.89,1,8,5,0.023627,0.594123,pow,pow(difficulty=25_work_amount=33554432),34.82,176,68
49,1,0x95ab54d268473cce82094026afefdbd5cadf418b,1.573018,1772428833,035d2f0761d72c360d8cee79435f6411f07235775b3893171b4bd5694a15d56e,250,6.76,3.69,1,6,4,0.023592,0.594097,pow,pow(difficulty=25_work_amount=33554432),42.64,177,68
49,2,0xeb82a21cb3d0dd781eb22ad74bb7cd9b4d2a06ec,7.906355,1772428837,e0ff090b937fc325cf08e94a4dae4374aa823990334a309d32d3e8783187aef8,62,62.00,4.26,1,7,4,0.023474,0.592392,pow,pow(difficulty=25_work_amount=33554432),26.16,178,68
49,3,0xaadc5fea232580cb8fba739ac5d05a48559c7e52,6.350273,1772428838,929c1ee89cf507fcd7fcfbf5acac054610af15fce4efd8dc251c6811f91e008c,250,62.50,4.30,1,7,4,0.023532,0.593279,pow,pow(difficulty=25_work_amount=33554432),3.00,179,68
49,4,0x26d553a2f4343b3a7dc88bbd87b3d0a25d3838d9,9.218060,1772428841,ed2b1936e16e2dc389c84420e47c647adbf746c219ce940dd281fb7234e92e5b,7,7.00,4.43,4,5,4,0.023545,0.593884,pow,pow(difficulty=25_work_amount=33554432),2.86,180,68
50,0,0x52e05d9fa4faa167f30baba23c710e4f49115288,0.121369,1772428874,ed2b1936e16e2dc389c84420e47c647adbf746c219ce940dd281fb7234e92e5b,7,7.00,4.43,4,5,4,0.023548,0.593961,pow,pow(difficulty=26_work_amount=67108864),2.86,180,69
50,1,0xa9105f442328d397529b8e4e9e656fa89016ff45,1.445584,1772428878,8ba48bc1c6f3ce213bcc7efdf8ccd2ad9a8c663f5c3ecd98293d9b540ca29f0e,250,6.76,4.16,1,7,4,0.023392,0.590544,pow,pow(difficulty=26_work_amount=67108864),36.05,181,69
50,2,0x63f4973c0df8a5358405f396dc0673a463c48de9,10.900307,1772428911,8ba48bc1c6f3ce213bcc7efdf8ccd2ad9a8c663f5c3ecd98293d9b540ca29f0e,250,6.76,4.16,1,7,4,0.023395,0.590608,pow,pow(difficulty=26_work_amount=67108864),36.05,181,70
50,3,0x8c11ec9090dd820c076e57e899d9c604c79d6b32,3.556869,1772428914,ba86e766644db5a8aa992cece988ca510e068302a363b39df183b174db24553b,250,6.94,4.49,1,7,5,0.023531,0.591933,pow,pow(difficulty=26_work_amount=67108864),34.71,182,70
50,4,0xbc3f8508d26048f2064aa8c068f4c94d08d77d18,7.062049,1772428914,f31ad7fad58d0ec886033e6f32bc58f72f92a1d1367437dc6fcf4f700844b5b6,157,52.33,4.10,1,6,4,0.023467,0.591622,pow,pow(difficulty=26_work_amount=67108864),15.45,183,70
51,0,0xc24b36dee27726233c3bbd9e1f028f98b6b2a424,5.391219,1772428949,f31ad7fad58d0ec886033e6f32bc58f72f92a1d1367437dc6fcf4f700844b5b6,157,52.33,4.10,1,6,4,0.023470,0.591691,pow,pow(difficulty=25_work_amount=33554432),15.45,183,71
51,1,0xaadc5fea232580cb8fba739ac5d05a48559c7e52,7.350003,1772428952,e15480ad44beac8aeecb60313b642c973c08702f71e6def22a4ece6e89bdde84,250,6.94,4.39,1,7,4,0.023456,0.592064,pow,pow(difficulty=25_work_amount=33554432),35.58,184,71
51,2,0x408bb0bf84df50b21c53c74420987f172d4036a1,2.791464,1772428986,e15480ad44beac8aeecb60313b642c973c08702f71e6def22a4ece6e89bdde84,250,6.94,4.39,1,7,4,0.023459,0.592132,pow,pow(difficulty=25_work_amount=33554432),35.58,184,72
51,3,0x1796dc61e715f15a2d27dfa32bd34780f12a8c24,3.717391,1772428987,aec36f1e903ed0772b36455c419e8045f348015518b171a881cb8b8af5532e54,250,6.94,4.75,1,7,5,0.023376,0.591491,pow,pow(difficulty=25_work_amount=33554432),35.10,185,72
51,4,0x4414c05be2cf328f38d2e3ef4b705d6b894f044a,10.076659,1772429021,aec36f1e903ed0772b36455c419e8045f348015518b171a881cb8b8af5532e54,250,6.94,4.75,1,7,5,0.023379,0.591564,pow,pow(difficulty=25_work_amount=33554432),35.10,185,73
52,0,0x786f26993bf015cd2da6fb5d3ccd1879e01246ab,0.261682,1772429024,1000e18552ebe6e0161d80341fdf361e036aa3e4824ac71a6295ed1699b7a77b,250,6.94,4.33,1,7,4,0.023487,0.592795,pow,pow(difficulty=24_work_amount=16777216),46.50,186,73
52,1,0xbc3f8508d26048f2064aa8c068f4c94d08d77d18,7.061489,1772429025,ce71d4e5e337e81b560d2c77504ff27f85b3fd5cbdb432ade592f601de7a8e15,212,106.00,4.27,1,6,4,0.023338,0.589581,pow,pow(difficulty=24_work_amount=16777216),12.15,187,73
52,2,0x8c11ec9090dd820c076e57e899d9c604c79d6b32,4.558099,1772429060,ce71d4e5e337e81b560d2c77504ff27f85b3fd5cbdb432ade592f601de7a8e15,212,106.00,4.27,1,6,4,0.023341,0.589647,pow,pow(difficulty=24_work_amount=16777216),12.15,187,74
52,3,0x89100a8056319ba37491b32ba255004180607bc2,9.779517,1772429093,ce71d4e5e337e81b560d2c77504ff27f85b3fd5cbdb432ade592f601de7a8e15,212,106.00,4.27,1,6,4,0.023344,0.589715,pow,pow(difficulty=24_work_amount=16777216),12.15,187,75
52,4,0x49b57eb4dace37c8819daf079c9c674f766d4f38,3.203400,1772429096,74935179226bd1f4e434a3d8a39cf713fab27f74f5317e5d87400e24d69df402,250,3.57,4.24,1,7,4,0.023442,0.590872,pow,pow(difficulty=24_work_amount=16777216),68.96,188,75
53,0,0x0d91704595bff3aec25d40822498a51c62b05e3a,5.550646,1772429098,a47ae36bf8f29f24e742f0f665f12c05376e3a233de1160d9d90d888048831ca,184,92.00,4.05,1,6,4,0.023369,0.590354,pow,pow(difficulty=23_work_amount=8388608),18.82,189,75
53,1,0xa9105f442328d397529b8e4e9e656fa89016ff45,1.443684,1772429099,30b7ef5d5310c4a52e45a6102a5d95d6552ad8ab13010b6ede57218b0aa060b1,110,55.00,3.54,1,5,4,0.023357,0.590730,pow,pow(difficulty=23_work_amount=8388608),2.11,190,75
53,2,0xb2a7fe70a6f3137d38f6cb4c3ec6dd1e24f2d5f4,12.411378,1772429101,6fb0f3565773b3107d4f4e6424ee0bf5c4e27f1b417e973f74891d68b88a32f6,171,171.00,3.62,1,9,3,0.023240,0.588911,pow,pow(difficulty=23_work_amount=8388608),67.36,191,75
53,3,0x58a21eeb7ab18ba8adf1296e66a4487076e95dac,9.083734,1772429104,e211bcc5e8e805745b7a4d75713a9beb9b4928e72b25a6d7051350bd57967004,224,74.67,5.07,1,8,5,0.023400,0.590269,pow,pow(difficulty=23_work_amount=8388608),2.88,192,75
53,4,0xb2a7fe70a6f3137d38f6cb4c3ec6dd1e24f2d5f4,13.413558,1772429105,d243de43f1d41a2f1a18436be3fa6abca7da6966fc09faa69971337ab891cd24,219,109.50,3.81,1,5,4,0.023473,0.591305,pow,pow(difficulty=23_work_amount=8388608),2.15,193,75
54,0,0xeb82a21cb3d0dd781eb22ad74bb7cd9b4d2a06ec,8.906135,1772429108,75d398a49b5e797448fead1f065f22e49e3af79615e63491f1f5c2ca699bc35b,113,113.00,4.99,1,7,5,0.023652,0.592690,pow,pow(difficulty=24_work_amount=16777216),1.50,194,75
54,1,0x8c11ec9090dd820c076e57e899d9c604c79d6b32,4.558099,1772429109,1507e35e44cafec04dd861ca9a3d1e53f16acf78fb7efd33987b50b9ad53345a,250,83.33,4.06,1,6,4,0.023718,0.593618,pow,pow(difficulty=24_work_amount=16777216),2.44,195,75
54,2,0xa068e3c9a21c8d8be636cd2d285895979ec3262e,3.945391,1772429144,1507e35e44cafec04dd861ca9a3d1e53f16acf78fb7efd33987b50b9ad53345a,250,83.33,4.06,1,6,4,0.023721,0.593687,pow,pow(difficulty=24_work_amount=16777216),2.44,195,76
54,3,0x63f4973c0df8a5358405f396dc0673a463c48de9,11.901017,1772429145,4e4a9c5c1ccbfdafced79db3947b3dc1fe079e853ea2c0dc1660c839550feb50,250,6.76,4.86,1,7,5,0.023664,0.593433,pow,pow(difficulty=24_work_amount=16777216),35.64,196,76
54,4,0xf6e059718dbd0a0956726ab97d06bad5efc6cd18,3.992317,1772429147,8006881c9073591dc5dc2be28bc261d8be74f8954bdb8bdd2c172bd7ce3354a2,49,49.00,3.94,1,6,4,0.023799,0.594675,pow,pow(difficulty=24_work_amount=16777216),28.76,197,76
55,0,0xdc2bc9a639e2bc25c5f57e628a7cd55f6a3d023b,0.070086,1772429150,a12f96eaf54df5833c7b0056070b38af6bf86b1208249b2cc253f8489f783a64,153,76.50,4.72,1,7,5,0.023743,0.594369,pow,pow(difficulty=23_work_amount=8388608),2.43,198,76
55,1,0x07902d0371763a00d97ed9ba16ff0a206cb0fd19,2.519969,1772429151,6a0a25b4287972529134b1d4e56aa4c1374eb77cc3959a18c6fa1b5aaa5c2970,207,69.00,5.07,1,7,5,0.023593,0.590963,pow,pow(difficulty=23_work_amount=8388608),2.98,199,76
55,2,0xe6ebb0cdfd04183d498964e5efc4096ba77b17d6,9.290403,1772429154,1fe6101086174b49ce96a3fd13853f4711661bdda9466f6a4ecff2d4640d17fc,119,119.00,2.85,1,4,3,0.023502,0.590185,pow,pow(difficulty=23_work_amount=8388608),1.97,200,76
55,3,0x4414c05be2cf328f38d2e3ef4b705d6b894f044a,11.077809,1772429155,0e1a97020f6f615eecc56b26888e6c38375a452b16eaaa8c07f431bd0796210d,198,99.00,4.23,1,7,4,0.023572,0.591119,pow,pow(difficulty=23_work_amount=8388608),1.89,201,76
55,4,0x30509a8084fdfe6fe24d9c9a817c209ad194f8e3,5.631039,1772429158,f162b87293b86762b46d51c5e5d8c0986a90ec911db8fa333d8c71ad474ae875,74,74.00,3.86,1,6,4,0.023681,0.592284,pow,pow(difficulty=23_work_amount=8388608),0.95,202,76
56,0,0x213068cb42718d1dd6d00a6d94d62a3def0e68eb,1.353159,1772429159,f851245f7bbd3358fcb8a15a524b0b0e7351af98e51b2111066a83545d388509,219,73.00,3.49,1,5,4,0.023663,0.592606,pow,pow(difficulty=24_work_amount=16777216),2.16,203,76
56,1,0xe478b1e4d1538274c0c70cbd7df877f9abab2f62,5.273536,1772429161,b06da7a2609ac3d732e0ade5da8ac99d7afc42cb7f0a4b43cc5296f85a142c11,21,21.00,5.00,5,5,5,0.023545,0.590726,pow,pow(difficulty=24_work_amount=16777216),1.00,204,76
56,2,0xc24b36dee27726233c3bbd9e1f028f98b6b2a424,6.391749,1772429164,88317a0e756ca0e86bebd99ceaf3309fe355fc07bb3de64472034a632d03ed2b,250,83.33,4.30,2,6,4,0.023519,0.590867,pow,pow(difficulty=24_work_amount=16777216),3.18,205,76
56,3,0x26d553a2f4343b3a7dc88bbd87b3d0a25d3838d9,9.215720,1772429165,b18bc537b8054b329d651953bb80e90f6e08744a517f569868c86105e194aa78,139,69.50,4.03,1,7,4,0.023517,0.591338,pow,pow(difficulty=24_work_amount=16777216),1.96,206,76
56,4,0xd67aaaf210c0c36ddcb7055222d168b5c9dd1b36,0.171941,1772429199,b18bc537b8054b329d651953bb80e90f6e08744a517f569868c86105e194aa78,139,69.50,4.03,1,7,4,0.023520,0.591400,pow,pow(difficulty=24_work_amount=16777216),1.96,206,77
57,0,0x30509a8084fdfe6fe24d9c9a817c209ad194f8e3,6.632499,1772429234,b18bc537b8054b329d651953bb80e90f6e08744a517f569868c86105e194aa78,139,69.50,4.03,1,7,4,0.023523,0.591463,pow,pow(difficulty=25_work_amount=33554432),1.96,206,78
57,1,0x49b57eb4dace37c8819daf079c9c674f766d4f38,4.204140,1772429237,c490d65c04464f6b3d122880174d04010bed625c97dd67f88f37803f5f877629,250,3.52,4.15,1,6,4,0.023526,0.591969,pow,pow(difficulty=25_work_amount=33554432),70.27,207,78
57,2,0xe6ebb0cdfd04183d498964e5efc4096ba77b17d6,10.292313,1772429238,13815c94babad39af304726cdb987f4a038c4dea82e435af6ba56f414380b95b,186,93.00,4.04,1,6,4,0.023474,0.591685,pow,pow(difficulty=25_work_amount=33554432),13.95,208,78
57,3,0xbc3f8508d26048f2064aa8c068f4c94d08d77d18,7.059509,1772429272,13815c94babad39af304726cdb987f4a038c4dea82e435af6ba56f414380b95b,186,93.00,4.04,1,6,4,0.023477,0.591752,pow,pow(difficulty=25_work_amount=33554432),13.95,208,79
57,4,0xac768e60b9269babb15cb1e36ee843243d7c7543,5.703328,1772429275,0a80c8713d7c19fed4fe2dd504906aba93a84f020453a73516bff3ac06a51ec6,250,6.94,4.74,1,6,5,0.023489,0.592356,pow,pow(difficulty=25_work_amount=33554432),35.18,209,79
58,0,0x89100a8056319ba37491b32ba255004180607bc2,10.781327,1772429276,d3dd2d8ff2f2ab7d098c62d4de050deb4a0e26e06666066e238c28efa5861f6a,138,69.00,3.78,1,5,4,0.023471,0.592569,pow,pow(difficulty=24_work_amount=16777216),2.42,210,79
58,1,0xa3786e459f289a76c0e8af8ad834e3d0c6d47199,13.721303,1772429279,40b65db0400f80d4fa25a46ec6a1c00ce6d69cb8c29add5227e79efce5a1c24b,113,113.00,3.97,1,5,4,0.023564,0.593627,pow,pow(difficulty=24_work_amount=16777216),1.30,211,79
58,2,0x9ba702916c26a8583a7f277d6932b3c0d9927ce0,0.166267,1772429280,3bbb385e19416ac9ff5c0e77ca2e633eec7852b8dce316e517261a7ed8244305,173,57.67,4.88,1,7,5,0.023719,0.594896,pow,pow(difficulty=24_work_amount=16777216),2.34,212,79
58,3,0x07902d0371763a00d97ed9ba16ff0a206cb0fd19,3.520789,1772429282,af558bbb3ee36838d6f5ecf9521738785dac434f79e3e95f40107130e800318b,97,97.00,4.74,1,8,5,0.023578,0.591718,pow,pow(difficulty=24_work_amount=16777216),1.45,213,79
58,4,0xa447d277b02012c2afd9ddcbbe123f27cc971963,3.795925,1772429316,af558bbb3ee36838d6f5ecf9521738785dac434f79e3e95f40107130e800318b,97,97.00,4.74,1,8,5,0.023580,0.591781,pow,pow(difficulty=24_work_amount=16777216),1.45,213,80
59,0,0xd67aaaf210c0c36ddcb7055222d168b5c9dd1b36,0.171221,1772429318,a056f95db056e2acfb18184b35b4c5fb8d5ebab25775d6d3eaa539817343442f,250,6.94,4.24,1,6,4,0.023519,0.591351,pow,pow(difficulty=23_work_amount=8388608),35.05,214,80
59,1,0x7e40df5d801345015e84c843908efc6683665fa4,0.640079,1772429353,a056f95db056e2acfb18184b35b4c5fb8d5ebab25775d6d3eaa539817343442f,250,6.94,4.24,1,6,4,0.023522,0.591417,pow,pow(difficulty=23_work_amount=8388608),35.05,214,81
59,2,0xac768e60b9269babb15cb1e36ee843243d7c7543,6.703668,1772429387,a056f95db056e2acfb18184b35b4c5fb8d5ebab25775d6d3eaa539817343442f,250,6.94,4.24,1,6,4,0.023525,0.591483,pow,pow(difficulty=23_work_amount=8388608),35.05,214,82
59,3,0xf6e059718dbd0a0956726ab97d06bad5efc6cd18,4.991617,1772429390,374697932ffca051e8b5ecf8073b8f7c83fc95da97d03b11f00bfd9d16870881,250,3.47,4.43,1,7,4,0.023525,0.591895,pow,pow(difficulty=23_work_amount=8388608),73.09,215,82
59,4,0xeb82a21cb3d0dd781eb22ad74bb7cd9b4d2a06ec,9.905745,1772429391,f81980e0a7b6fc709dfe42e47535a041ae02dca6aefe17de74c6e12afdf5e640,145,72.50,4.50,1,7,5,0.023489,0.591842,pow,pow(difficulty=23_work_amount=8388608),47.93,216,82
60,0,0xe478b1e4d1538274c0c70cbd7df877f9abab2f62,6.273766,1772429393,70062666bf69419cc5c7817d1b5166cb1fb1472cefd15fc8db20ea155bf7a1f8,132,132.00,4.10,1,7,4,0.023489,0.591845,pow,pow(difficulty=24_work_amount=16777216),1.39,217,82
60,1,0x63f4973c0df8a5358405f396dc0673a463c48de9,12.899387,1772429396,ff315b556db4e2610f2dda277dc57939f0215676bb4e92479a85860329ae8ee2,163,54.33,4.15,2,6,4,0.023480,0.592087,pow,pow(difficulty=24_work_amount=16777216),2.45,218,82
60,2,0x63f4973c0df8a5358405f396dc0673a463c48de9,13.901757,1772429398,345affd364332e27156fb9001a4dd44b19f395a0a925fdcf7f1f75d1b311e23b,239,119.50,3.98,1,7,4,0.023610,0.593253,pow,pow(difficulty=24_work_amount=16777216),2.02,219,82
60,3,0x30509a8084fdfe6fe24d9c9a817c209ad194f8e3,7.633129,1772429400,413ebfe383415530a34fc100a7911569c1ca0c9180c62704ce7c0830f492b098,147,73.50,3.54,1,5,4,0.023759,0.594456,pow,pow(difficulty=24_work_amount=16777216),1.54,220,82
60,4,0x3513d672439a59c26cc5711f2b715ccb4810a774,2.280685,1772429403,0db5fade01ed15675bef94dc769c26a85d01ed58c835b965403eb9f4f4cebe86,175,58.33,3.35,1,5,3,0.023775,0.595122,pow,pow(difficulty=24_work_amount=16777216),2.37,221,82
61,0,0x89100a8056319ba37491b32ba255004180607bc2,11.782047,1772429404,fd9273cbb1818710f4bcc95f95c2c046c81c676023a06f165a5c3f4bae3c3cd7,217,108.50,3.79,1,5,4,0.023680,0.594190,pow,pow(difficulty=25_work_amount=33554432),1.83,222,82
61,1,0x30405867b72597aaeb27803bb2c7f3f5fc7d5384,2.488454,1772429439,fd9273cbb1818710f4bcc95f95c2c046c81c676023a06f165a5c3f4bae3c3cd7,217,108.50,3.79,1,5,4,0.023683,0.594250,pow,pow(difficulty=25_work_amount=33554432),1.83,222,83
61,2,0xc24b36dee27726233c3bbd9e1f028f98b6b2a424,7.389869,1772429442,02ae4aa0f491a0fb45687f5c3878f491f9898d28c762c6453a8c51032408a9bd,250,6.76,4.06,1,7,4,0.023593,0.593393,pow,pow(difficulty=25_work_amount=33554432),35.86,223,83
61,3,0xf6e059718dbd0a0956726ab97d06bad5efc6cd18,5.992607,1772429443,b5ac635811da8a28c8149771bbea18c2693b22210e0f6c16959b072870bb8bc0,170,85.00,3.95,1,7,4,0.023603,0.593953,pow,pow(difficulty=25_work_amount=33554432),17.25,224,83
61,4,0xe6ebb0cdfd04183d498964e5efc4096ba77b17d6,10.291483,1772429445,b73310b9bce180fdcb218c5bf132fc8fd008c04e5088042e2e40946786ff8759,107,107.00,4.71,1,6,5,0.023584,0.594100,pow,pow(difficulty=25_work_amount=33554432),1.33,225,83
62,0,0xc774b0fee7cabbef3b1ae14bf36db3df0d32c1df,2.141617,1772429485,b73310b9bce180fdcb218c5bf132fc8fd008c04e5088042e2e40946786ff8759,107,107.00,4.71,1,6,5,0.023587,0.594160,pow,pow(difficulty=26_work_amount=67108864),1.33,225,84
62,1,0xe478b1e4d1538274c0c70cbd7df877f9abab2f62,7.274486,1772429487,312144093061795c538dc8dcea871c87e74c5c575a5a3f6bb36b1d3761930e73,250,5.95,4.36,1,6,5,0.023491,0.593048,pow,pow(difficulty=26_work_amount=67108864),41.18,226,84
62,2,0xc24b36dee27726233c3bbd9e1f028f98b6b2a424,8.391129,1772429489,ef2065a6b541951f0871824b37a1d7eab73962e9f300c6621a306a97273f2f27,187,93.50,4.06,2,6,4,0.023498,0.593511,pow,pow(difficulty=26_work_amount=67108864),4.53,227,84
62,3,0x28672c71695142588ed26ada6f4b18b8b6c12308,1.660188,1772429491,99c4fbda47a8e30c5d6e626dcd562a23c8433410a86b49b28b9cfdeb72f4ab9a,170,85.00,4.22,1,7,4,0.023527,0.594193,pow,pow(difficulty=26_work_amount=67108864),1.54,228,84
62,4,0xfdc414c57908f0e2a6a926079902d4688d553610,0.145502,1772429492,1f9bc963bcfebb553ef37204fdf5c88dafc39b3f63c6d5d75dcc5523a0fb0585,151,75.50,3.89,1,6,4,0.023422,0.592616,pow,pow(difficulty=26_work_amount=67108864),1.60,229,84
63,0,0x687bf2437a044a3e42ff2f8a79a8e54ba9601f70,3.059739,1772429499,eb452bf28b070887f9dde07c93137593df30e292a0cc03e09167a8ed2b1173c2,250,125.00,2.33,1,7,1,0.023289,0.589515,pow,pow(difficulty=27_work_amount=134217728),2016.75,230,84
63,1,0xd46407aa7b668c72de3cf1c1a12b7fa2e308a1b2,5.963809,1772429533,eb452bf28b070887f9dde07c93137593df30e292a0cc03e09167a8ed2b1173c2,250,125.00,2.33,1,7,1,0.023291,0.589579,pow,pow(difficulty=27_work_amount=134217728),2016.75,230,85
63,2,0xe478b1e4d1538274c0c70cbd7df877f9abab2f62,8.275916,1772429537,70ef4fa40dd9599b590eb27e18c4c9065f8c359aecd451d21bc9eb99d5db5603,250,6.10,3.94,1,6,4,0.023272,0.589674,pow,pow(difficulty=27_work_amount=134217728),41.34,231,85
63,3,0xd46407aa7b668c72de3cf1c1a12b7fa2e308a1b2,6.966269,1772429538,fde7998ef9c10ef4113a0d8b88608da7438489d67299b9cc20be16ade7a54de1,250,62.50,4.21,1,6,4,0.023298,0.590287,pow,pow(difficulty=27_work_amount=134217728),28.09,232,85
63,4,0xfdc414c57908f0e2a6a926079902d4688d553610,1.147562,1772429544,440dd592e0eb258370fc13bb6b96e49a1d8f68ebd9dc2ec9113f060f07f98e6c,70,70.00,3.86,1,6,4,0.023298,0.590598,pow,pow(difficulty=27_work_amount=134217728),3.86,233,85
64,0,0xa068e3c9a21c8d8be636cd2d285895979ec3262e,4.943201,1772429580,440dd592e0eb258370fc13bb6b96e49a1d8f68ebd9dc2ec9113f060f07f98e6c,70,70.00,3.86,1,6,4,0.023300,0.590659,pow,pow(difficulty=28_work_amount=268435456),3.86,233,86
64,1,0xa447d277b02012c2afd9ddcbbe123f27cc971963,4.796525,1772429582,9b1604a28a278d6c2c2589e9bda19f56e277a25d3b01a35a0020ca4c9ea257ba,250,6.10,4.89,1,8,5,0.023301,0.590666,pow,pow(difficulty=28_work_amount=268435456),40.98,234,86
64,2,0x89100a8056319ba37491b32ba255004180607bc2,11.781217,1772429616,9b1604a28a278d6c2c2589e9bda19f56e277a25d3b01a35a0020ca4c9ea257ba,250,6.10,4.89,1,8,5,0.023263,0.590598,pow,pow(difficulty=28_work_amount=268435456),40.98,234,87
64,3,0xe6ebb0cdfd04183d498964e5efc4096ba77b17d6,10.289853,1772429651,9b1604a28a278d6c2c2589e9bda19f56e277a25d3b01a35a0020ca4c9ea257ba,250,6.10,4.89,1,8,5,0.023266,0.590656,pow,pow(difficulty=28_work_amount=268435456),40.98,234,88
64,4,0x6064b9f5883bf9737dfe314ff68c56e09e68ac89,5.159139,1772429657,a28775c6ed1b2fbb3d6427a580875d50f0ff8e5dbcb9fd2a13cc98dd15c064d7,250,3.52,4.23,1,6,4,0.023266,0.590662,pow,pow(difficulty=28_work_amount=268435456),70.06,235,88
65,0,0x4414c05be2cf328f38d2e3ef4b705d6b894f044a,12.073389,1772429658,473d659fd4c909608194ad4aaf91fe7378689a6868dbf2655bc4e3223f63af9f,250,41.67,4.11,1,6,4,0.023292,0.591478,pow,pow(difficulty=27_work_amount=134217728),6.32,236,88
65,1,0x7e40df5d801345015e84c843908efc6683665fa4,0.639109,1772429660,2f6aa3687158c608ca1c68cbdda0ff3643e6399c7711c12cfd33aeeef2a56c15,40,20.00,3.42,1,5,4,0.023386,0.592519,pow,pow(difficulty=27_work_amount=134217728),2.90,237,88
65,2,0x34412315480562da4810040fd15c81f99880e1ab,1.885043,1772429694,2f6aa3687158c608ca1c68cbdda0ff3643e6399c7711c12cfd33aeeef2a56c15,40,20.00,3.42,1,5,4,0.023389,0.592574,pow,pow(difficulty=27_work_amount=134217728),2.90,237,89
65,3,0x4414c05be2cf328f38d2e3ef4b705d6b894f044a,13.073439,1772429697,091729646d3dde01b66597adb76926f5614f3b9405a7dbca51db0d78bcb58f39,250,6.94,4.14,2,6,4,0.023290,0.591183,pow,pow(difficulty=27_work_amount=134217728),35.83,238,89
65,4,0xc24b36dee27726233c3bbd9e1f028f98b6b2a424,9.390679,1772429704,87e4923851ff00d0cc360da1ac8b9065bad4853500ef35b78a0741d57a7047a8,210,105.00,3.84,1,5,4,0.023401,0.592219,pow,pow(difficulty=27_work_amount=134217728),12.59,239,89
66,0,0x1796dc61e715f15a2d27dfa32bd34780f12a8c24,3.713411,1772429708,0a97f510c59e6c5d3b31e63f3390c657fff2118874aeabbbb91fe0b3b3a2e18d,250,35.71,4.27,1,6,4,0.023442,0.593002,pow,pow(difficulty=26_work_amount=67108864),6.29,240,89
66,1,0xe478b1e4d1538274c0c70cbd7df877f9abab2f62,9.276406,1772429741,0a97f510c59e6c5d3b31e63f3390c657fff2118874aeabbbb91fe0b3b3a2e18d,250,35.71,4.27,1,6,4,0.023445,0.593063,pow,pow(difficulty=26_work_amount=67108864),6.29,240,90
66,2,0xd46407aa7b668c72de3cf1c1a12b7fa2e308a1b2,7.964989,1772429743,7683f4fe1eac9a48ca7d492ec4a326d1656c87320d5443ac96c84b6e5975d2a1,250,6.76,4.42,1,6,5,0.023483,0.593759,pow,pow(difficulty=26_work_amount=67108864),36.12,241,90
66,3,0x1cb1274c711a6c2e4e1596846e6ac604eeefb358,0.370771,1772429744,1b37cb2e0c458acf3bce0eff4326768dfdd21273d60c3491f43974e429d6349a,84,42.00,4.02,1,6,4,0.023495,0.594249,pow,pow(difficulty=26_work_amount=67108864),16.80,242,90
66,4,0x63f4973c0df8a5358405f396dc0673a463c48de9,14.900647,1772429750,5c77cf4fe231f4b498a57621257f116b4a2bd4f362220e48a43f88293cace842,124,62.00,3.63,2,6,4,0.023370,0.591488,pow,pow(difficulty=26_work_amount=67108864),2.29,243,90
67,0,0xd46407aa7b668c72de3cf1c1a12b7fa2e308a1b2,8.965739,1772429751,ee96c4c3c98cd129d751da858bdf1b7ad23b747a34f9fc67a4a54801975e103f,250,41.67,3.56,1,6,4,0.023508,0.592693,pow,pow(difficulty=27_work_amount=134217728),5.98,244,90
67,1,0x719361397abe003a91af76243e5f9c7a0cd4279f,4.525626,1772429757,b189303dab4b1e553df94bf6e88de4e4a2cb68e523770b8ba7516cdf766dbc48,65,65.00,3.98,1,6,4,0.023537,0.593278,pow,pow(difficulty=27_work_amount=134217728),4.94,245,90
67,2,0xeb82a21cb3d0dd781eb22ad74bb7cd9b4d2a06ec,9.902455,1772429759,80cfcaf37d122c583ac1f5791917640cbec5150afeac8d72b7c9d4ce407aad47,250,50.00,4.02,2,6,4,0.023487,0.592979,pow,pow(difficulty=27_work_amount=134217728),5.03,246,90
67,3,0x26d553a2f4343b3a7dc88bbd87b3d0a25d3838d9,9.213080,1772429767,ce61b3e8a9edd8e904d6ce21bba33f05ab4489b81905714e5df846cef5901661,84,42.00,4.19,1,6,4,0.023531,0.593743,pow,pow(difficulty=27_work_amount=134217728),1.19,247,90
67,4,0xd39dbd3662315e3935ec08e6b6028e73b3c09de2,2.889370,1772429800,ce61b3e8a9edd8e904d6ce21bba33f05ab4489b81905714e5df846cef5901661,84,42.00,4.19,1,6,4,0.023534,0.593811,pow,pow(difficulty=27_work_amount=134217728),1.19,247,91
68,0,0xe6ebb0cdfd04183d498964e5efc4096ba77b17d6,11.291233,1772429802,6d39789bf0617d1a07602ea909c63e185bc3ab7aa09d2dc9cbb070ca0e36a177,250,5.95,4.60,1,6,5,0.023455,0.593106,pow,pow(difficulty=26_work_amount=67108864),40.95,248,91
68,1,0xcb7977f4997b4252c0152e135dd79b3cfe35c1a5,0.592233,1772429837,6d39789bf0617d1a07602ea909c63e185bc3ab7aa09d2dc9cbb070ca0e36a177,250,5.95,4.60,1,6,5,0.023457,0.593166,pow,pow(difficulty=26_work_amount=67108864),40.95,248,92
68,2,0xc24b36dee27726233c3bbd9e1f028f98b6b2a424,10.391829,1772429840,64453180c6b4e36545cc4ba10d58c36cf0acc62dea32006f9d46917e42da4815,250,6.76,4.48,1,7,4,0.023338,0.590666,pow,pow(difficulty=26_work_amount=67108864),46.70,249,92
68,3,0x49b57eb4dace37c8819daf079c9c674f766d4f38,5.200060,1772429841,4def03530ab83d3969293b489b26a95ac791b5b8919cc1383214d9a3bb3ec80d,234,78.00,4.08,1,6,4,0.023390,0.591471,pow,pow(difficulty=26_work_amount=67108864),12.75,250,92
68,4,0x8c11ec9090dd820c076e57e899d9c604c79d6b32,4.555269,1772429847,1de0176d8b54dc747526851b404b9b921a837dfceb24c66d4f5f4e5bb0b42643,98,98.00,4.06,1,6,4,0.023352,0.591296,pow,pow(difficulty=26_work_amount=67108864),1.97,251,92
69,0,0x687bf2437a044a3e42ff2f8a79a8e54ba9601f70,3.058149,1772429849,df32050d77084d4017bc7ee6e0bcacd5ec1267e45ef10c66299a49a2a930d74b,250,50.00,4.32,1,6,4,0.023352,0.591303,pow,pow(difficulty=27_work_amount=134217728),5.04,252,92
69,1,0xb2a7fe70a6f3137d38f6cb4c3ec6dd1e24f2d5f4,14.407028,1772429892,df32050d77084d4017bc7ee6e0bcacd5ec1267e45ef10c66299a49a2a930d74b,250,50.00,4.32,1,6,4,0.023304,0.590989,pow,pow(difficulty=27_work_amount=134217728),5.04,252,93
69,2,0x687bf2437a044a3e42ff2f8a79a8e54ba9601f70,3.058149,1772429896,c87da77df804ae64fec15274ec5f5ccb8578cbec815bff52eb0a0b9cf27d0f45,250,5.43,4.86,1,6,5,0.023305,0.591008,pow,pow(difficulty=27_work_amount=134217728),44.40,253,93
69,3,0xbc3f8508d26048f2064aa8c068f4c94d08d77d18,8.057889,1772429929,c87da77df804ae64fec15274ec5f5ccb8578cbec815bff52eb0a0b9cf27d0f45,250,5.43,4.86,1,6,5,0.023427,0.592158,pow,pow(difficulty=27_work_amount=134217728),44.40,253,94
69,4,0x30509a8084fdfe6fe24d9c9a817c209ad194f8e3,8.629579,1772429933,18828179aab99a33bcc5adb2837593b88e2bbd1c4408cbd20cabd3655638d5d6,250,6.76,4.45,1,7,4,0.023436,0.592591,pow,pow(difficulty=27_work_amount=134217728),48.11,254,94
70,0,0xa7e4d4d949807065ebf85adc1be8c382c7236c15,0.179206,1772429934,43ba9a00d33874a783cefccb528bf789bc0fd7d0cddaaa425d961d9abe9e8cc1,250,83.33,3.26,1,5,3,0.023436,0.592594,pow,pow(difficulty=26_work_amount=67108864),9.08,255,94
70,1,0xac768e60b9269babb15cb1e36ee843243d7c7543,7.705398,1772429936,ec642e43bb90e44a163f16c4126af6e946c44815b4508c172c55b766aae9c210,45,45.00,4.02,1,5,4,0.023312,0.589626,pow,pow(difficulty=26_work_amount=67108864),1.73,256,94
70,2,0x37cc7a82e66d4f4c2ae13b9ee895d3af1a1d7a05,0.243975,1772429939,984ab464bba65c402e53e79afc97f654701dc1e1029ec8df37660968eb853e8e,173,86.50,4.10,1,6,4,0.023315,0.589983,pow,pow(difficulty=26_work_amount=67108864),1.47,257,94
70,3,0x6064b9f5883bf9737dfe314ff68c56e09e68ac89,6.158869,1772429940,536641a7e00517f808ddc6db5e2d6bb8eb41f6971afa54d413df51f719351601,195,65.00,3.95,1,6,4,0.023193,0.587050,pow,pow(difficulty=26_work_amount=67108864),2.14,258,94
70,4,0x719361397abe003a91af76243e5f9c7a0cd4279f,5.526956,1772429941,3293ad137d09f2beb482112ba403f0321a258074ff3bc1957123a9074dae668e,125,125.00,4.14,2,6,4,0.023193,0.587053,pow,pow(difficulty=26_work_amount=67108864),1.38,259,94
71,0,0x687bf2437a044a3e42ff2f8a79a8e54ba9601f70,3.058019,1772429953,22f07b6d65e839bfb8e5c0f6754aeb0992304464c26867042c55aa1c0ae5b3c5,67,67.00,3.84,1,5,4,0.023136,0.586978,pow,pow(difficulty=27_work_amount=134217728),0.96,260,94
71,1,0x49b57eb4dace37c8819daf079c9c674f766d4f38,6.199880,1772429959,d48daa8e5f225c26202b8016a2a5a7bfa7e79870350ea4223a56db821d393f17,250,20.83,3.82,1,6,4,0.023063,0.586349,pow,pow(difficulty=27_work_amount=134217728),10.98,261,94
71,2,0x58a21eeb7ab18ba8adf1296e66a4487076e95dac,10.082584,1772429961,7cbc4c29122949fe5eff3c845da463d5368b27bc6ecdaa656353ba6eb1fa1a09,250,35.71,3.82,1,6,4,0.023041,0.586345,pow,pow(difficulty=27_work_amount=134217728),10.04,262,94
71,3,0x6414c6a8400ff3419cd81855d09de2848d770e0e,2.121766,1772429996,7cbc4c29122949fe5eff3c845da463d5368b27bc6ecdaa656353ba6eb1fa1a09,250,35.71,3.82,1,6,4,0.023044,0.586402,pow,pow(difficulty=27_work_amount=134217728),10.04,262,95
71,4,0x52e05d9fa4faa167f30baba23c710e4f49115288,1.112489,1772429997,4d96aa297a161da06a48979569f7f4461ec1ffbf735788623affe5d5a72a22f3,250,6.94,4.09,1,7,4,0.022955,0.585260,pow,pow(difficulty=27_work_amount=134217728),36.00,263,95
72,0,0x7e40df5d801345015e84c843908efc6683665fa4,0.637489,1772430000,b759845c58c72f06ea86c627bd4e112c6ba26396656708a45cb794853e418c24,31,31.00,4.32,2,6,4,0.022851,0.583375,pow,pow(difficulty=26_work_amount=67108864),35.00,264,95
72,1,0x58a21eeb7ab18ba8adf1296e66a4487076e95dac,10.082584,1772430033,b759845c58c72f06ea86c627bd4e112c6ba26396656708a45cb794853e418c24,31,31.00,4.32,2,6,4,0.022853,0.583427,pow,pow(difficulty=26_work_amount=67108864),35.00,264,96
72,2,0x63f4973c0df8a5358405f396dc0673a463c48de9,15.901577,1772430067,b759845c58c72f06ea86c627bd4e112c6ba26396656708a45cb794853e418c24,31,31.00,4.32,2,6,4,0.022855,0.583476,pow,pow(difficulty=26_work_amount=67108864),35.00,264,97
72,3,0x213068cb42718d1dd6d00a6d94d62a3def0e68eb,2.348329,1772430101,b759845c58c72f06ea86c627bd4e112c6ba26396656708a45cb794853e418c24,31,31.00,4.32,2,6,4,0.022858,0.583528,pow,pow(difficulty=26_work_amount=67108864),35.00,264,98
72,4,0x719361397abe003a91af76243e5f9c7a0cd4279f,6.526556,1772430102,1ff5ef96f14f7a0e0fd1b3ca533ac90c914255c24c8b4e77764add6661c19e39,250,2.40,3.76,1,6,4,0.022774,0.582498,pow,pow(difficulty=26_work_amount=67108864),102.94,265,98
73,0,0xe478b1e4d1538274c0c70cbd7df877f9abab2f62,10.275156,1772430105,0d78c2c9b678293b240fff1785e155a75b28fe4cb523cb98d2e156ccd2451368,96,96.00,3.92,1,6,4,0.022758,0.582558,pow,pow(difficulty=27_work_amount=134217728),99.76,266,98
73,1,0xe478b1e4d1538274c0c70cbd7df877f9abab2f62,11.276736,1772430107,db130faed8e1b4cf64d0daeec52a653b0e4abeceae45dce333ada64ff9af69e7,159,53.00,4.69,1,7,5,0.022801,0.583278,pow,pow(difficulty=27_work_amount=134217728),2.47,267,98
73,2,0x07902d0371763a00d97ed9ba16ff0a206cb0fd19,3.516369,1772430113,b168395f241e0267af1a3843d99c239751a134d844f9f4f14f2aecdf8d8b3011,214,71.33,5.25,1,7,5,0.022859,0.584167,pow,pow(difficulty=27_work_amount=134217728),2.88,268,98
73,3,0x28672c71695142588ed26ada6f4b18b8b6c12308,2.655348,1772430116,b72edc2748aa08b2d92cbfa237fc8a8d3b2a96ee3af03c3293bd06733e1ee4a3,250,50.00,2.79,1,4,3,0.022859,0.584175,pow,pow(difficulty=27_work_amount=134217728),4.76,269,98
73,4,0x63f4973c0df8a5358405f396dc0673a463c48de9,15.901477,1772430117,5d21a8287166ac0a6c1c9075e543c61f1fa1b6488ff8d508765be6a6942401cf,187,62.33,3.93,1,7,4,0.022795,0.583669,pow,pow(difficulty=27_work_amount=134217728),3.06,270,98
74,0,0xdcf2130496e27a8094ab996aea4aa77788d65869,7.494197,1772430125,a82a16a356dbb41e922cc7b1deb14a06c16a792604325cc98016ff3604e0d425,113,56.50,4.00,1,6,4,0.022845,0.583902,pow,pow(difficulty=28_work_amount=268435456),2.23,271,98
74,1,0x60705151f1f537cacd5b801f3ef1b31dc3f605de,0.264044,1772430161,a82a16a356dbb41e922cc7b1deb14a06c16a792604325cc98016ff3604e0d425,113,56.50,4.00,1,6,4,0.022847,0.583961,pow,pow(difficulty=28_work_amount=268435456),2.23,271,99
74,2,0x4ba33404d90c4ae989714d9d174cd882cffb7994,2.080722,1772430164,f2f498968013204f4d23fa2b14d9a4084f535a303dcc45cc718041fdc273e4ae,250,5.81,4.34,1,7,4,0.022848,0.583967,pow,pow(difficulty=28_work_amount=268435456),42.86,272,99
74,3,0xe478b1e4d1538274c0c70cbd7df877f9abab2f62,12.278376,1772430166,c6cb76c4dc6ed42358d1c4dd652eba2307fc0112cbda60621a927b1d1da9d31f,164,54.67,4.25,1,7,4,0.022646,0.579882,pow,pow(difficulty=28_work_amount=268435456),20.68,273,99
74,4,0x4a217e35f6402e7f62a49f6d62e27c6585c2f3fd,2.474707,1772430174,8ffe3e595e771bafae3e7e43a60245a1330e7bbd374813877f8a903cb7bb5e4a,206,103.00,4.23,1,6,4,0.022646,0.579886,pow,pow(difficulty=28_work_amount=268435456),2.01,274,99
75,0,0x81d019380961f92c2031b0a7fba69f7675145088,0.475943,1772430176,9a78815068f7101c5395869425ed07df2485cf91d1e2fc9fb0fbf9fd1520b7bd,250,27.78,4.65,2,7,5,0.022637,0.579761,pow,pow(difficulty=27_work_amount=134217728),8.07,275,99
75,1,0x4ba33404d90c4ae989714d9d174cd882cffb7994,3.081892,1772430210,9a78815068f7101c5395869425ed07df2485cf91d1e2fc9fb0fbf9fd1520b7bd,250,27.78,4.65,2,7,5,0.022640,0.579814,pow,pow(difficulty=27_work_amount=134217728),8.07,275,100
75,2,0x1cb1274c711a6c2e4e1596846e6ac604eeefb358,1.367491,1772430211,33571c6decf2a483f4a0def8e648f003fb22a2b4e83556d18b90092ba45aa5cc,250,7.14,4.55,1,7,4,0.022640,0.579815,pow,pow(difficulty=27_work_amount=134217728),36.32,276,100
75,3,0xe478b1e4d1538274c0c70cbd7df877f9abab2f62,13.279936,1772430217,1df53c02da6280dcfa07410f6a55b6b44a462324d7ddbf397a4d931eb6ec68fd,113,113.00,3.19,1,5,3,0.022474,0.577383,pow,pow(difficulty=27_work_amount=134217728),26.41,277,100
75,4,0x89100a8056319ba37491b32ba255004180607bc2,11.779757,1772430219,fa9cf8d3182d3de27875b3b14d5bba241d4cc1ac6fbfb53358b58a0255a1388b,250,41.67,4.29,1,6,4,0.022558,0.578312,pow,pow(difficulty=27_work_amount=134217728),4.85,278,100
76,0,0xa068e3c9a21c8d8be636cd2d285895979ec3262e,5.939171,1772430255,fa9cf8d3182d3de27875b3b14d5bba241d4cc1ac6fbfb53358b58a0255a1388b,250,41.67,4.29,1,6,4,0.022560,0.578367,pow,pow(difficulty=28_work_amount=268435456),4.85,278,101
76,1,0x50f7fa851f9314d682e36da5caa4635039b5305d,1.067616,1772430256,853c41217b3c701bcf98b37c5f1d7b1520d72b3e702aad09d3740117811f6c4e,250,6.58,4.51,1,7,5,0.022560,0.578372,pow,pow(difficulty=28_work_amount=268435456),36.97,279,101
76,2,0xc774b0fee7cabbef3b1ae14bf36db3df0d32c1df,3.136617,1772430258,654548ad80471863cb9d6878ef00306c3fd596cbb2f380a3e0af2a58a84fc25f,49,49.00,3.53,1,5,4,0.022434,0.576334,pow,pow(difficulty=28_work_amount=268435456),15.39,280,101
76,3,0xaadc5fea232580cb8fba739ac5d05a48559c7e52,7.343413,1772430259,da600c274bdbe7a2089a878cb50e3de25a3e5e933800a8fda9c9ca4b2544d6ac,155,77.50,4.17,1,6,4,0.022434,0.576335,pow,pow(difficulty=28_work_amount=268435456),1.52,281,101
76,4,0xa9105f442328d397529b8e4e9e656fa89016ff45,2.433514,1772430299,da600c274bdbe7a2089a878cb50e3de25a3e5e933800a8fda9c9ca4b2544d6ac,155,77.50,4.17,1,6,4,0.022368,0.575640,pow,pow(difficulty=28_work_amount=268435456),1.52,281,102
77,0,0x4414c05be2cf328f38d2e3ef4b705d6b894f044a,14.069509,1772430300,2356666fe8c8c56ce39d8c237e22825344ea36cefa14fa8d08a341698208d546,250,5.95,3.26,1,8,1,0.022290,0.574522,pow,pow(difficulty=27_work_amount=134217728),494.04,282,102
77,1,0xaadc5fea232580cb8fba739ac5d05a48559c7e52,7.343043,1772430335,2356666fe8c8c56ce39d8c237e22825344ea36cefa14fa8d08a341698208d546,250,5.95,3.26,1,8,1,0.022292,0.574573,pow,pow(difficulty=27_work_amount=134217728),494.04,282,103
77,2,0xe478b1e4d1538274c0c70cbd7df877f9abab2f62,14.281316,1772430340,992528fab32ceadce793b20b4780d4062cb01fc2359fb4e7ac02f5d34bcad69b,250,7.14,3.17,1,7,1,0.022292,0.574574,pow,pow(difficulty=27_work_amount=134217728),389.64,283,103
77,3,0xdcf2130496e27a8094ab996aea4aa77788d65869,7.493907,1772430341,4b65666f561f53fe404c4de5e2908fa340e565e0c1bdb461fa11cb18f3c8a604,250,50.00,4.18,1,6,4,0.022287,0.574874,pow,pow(difficulty=27_work_amount=134217728),69.22,284,103
77,4,0x30509a8084fdfe6fe24d9c9a817c209ad194f8e3,8.625509,1772430344,d5425926cf61633ded0c4786d1a093957dc0d84438fa2b6ee4682a15a83e0d02,134,134.00,3.87,1,7,4,0.022283,0.575138,pow,pow(difficulty=27_work_amount=134217728),15.57,285,103
78,0,0xc24b36dee27726233c3bbd9e1f028f98b6b2a424,11.389359,1772430346,0551257629a9178db8aee3b851e78a71125301576e8b5ac07fd8c9ed755f92f3,224,74.67,3.91,1,7,4,0.022295,0.575608,pow,pow(difficulty=28_work_amount=268435456),2.29,286,103
78,1,0x07902d0371763a00d97ed9ba16ff0a206cb0fd19,4.517559,1772430352,d0bf61753153ad3255d097a118d36f463bd88f9f6234b53bcf4fd45ea2b37f69,108,54.00,4.32,1,7,4,0.022346,0.576430,pow,pow(difficulty=28_work_amount=268435456),2.44,287,103
78,2,0x1796dc61e715f15a2d27dfa32bd34780f12a8c24,3.710381,1772430386,d0bf61753153ad3255d097a118d36f463bd88f9f6234b53bcf4fd45ea2b37f69,108,54.00,4.32,1,7,4,0.022348,0.576484,pow,pow(difficulty=28_work_amount=268435456),2.44,287,104
78,3,0xc24b36dee27726233c3bbd9e1f028f98b6b2a424,12.389779,1772430419,d0bf61753153ad3255d097a118d36f463bd88f9f6234b53bcf4fd45ea2b37f69,108,54.00,4.32,1,7,4,0.022350,0.576528,pow,pow(difficulty=28_work_amount=268435456),2.44,287,105
78,4,0x213068cb42718d1dd6d00a6d94d62a3def0e68eb,3.349689,1772430430,85914b0a6f5ba7ff585e25b21028ac4495eb1df834cb4f240d6808bb2e139ea0,250,3.42,4.52,1,7,5,0.022415,0.577369,pow,pow(difficulty=28_work_amount=268435456),72.52,288,105
79,0,0x07902d0371763a00d97ed9ba16ff0a206cb0fd19,4.517559,1772430463,85914b0a6f5ba7ff585e25b21028ac4495eb1df834cb4f240d6808bb2e139ea0,250,3.42,4.52,1,7,5,0.022417,0.577427,pow,pow(difficulty=27_work_amount=134217728),72.52,288,106
79,1,0xd46407aa7b668c72de3cf1c1a12b7fa2e308a1b2,9.958779,1772430499,85914b0a6f5ba7ff585e25b21028ac4495eb1df834cb4f240d6808bb2e139ea0,250,3.42,4.52,1,7,5,0.022419,0.577475,pow,pow(difficulty=27_work_amount=134217728),72.52,288,107
79,2,0xf13caa2c5f6f6cf61e51290bfa7826a9140b4faf,0.001254,1772430500,cafdbc7978c1ecc8eb9b3f17d5e996bbdcc68e3f7ffe8a0affb0ff8d783f9456,250,3.12,4.20,1,6,4,0.022448,0.578096,pow,pow(difficulty=27_work_amount=134217728),93.10,289,107
79,3,0xa3786e459f289a76c0e8af8ad834e3d0c6d47199,14.717133,1772430502,93b0dbe24b3bf4ab41dc78f091f3207c73310df65479a32a65acbad04ac926d8,250,125.00,4.40,1,7,4,0.022336,0.575117,pow,pow(difficulty=27_work_amount=134217728),33.92,290,107
79,4,0xa3786e459f289a76c0e8af8ad834e3d0c6d47199,15.718023,1772430505,9c551340f2e7c86957cd38338ab5c82410389d25a99e6e705af80e2f5bf29e15,91,45.50,4.48,2,7,5,0.022432,0.576130,pow,pow(difficulty=27_work_amount=134217728),2.29,291,107
80,0,0xc24b36dee27726233c3bbd9e1f028f98b6b2a424,13.391479,1772430506,ec3376f16577f8551a63d351979cc4904cb8c57154b1d8090f3a440aed84e04a,224,112.00,4.66,1,7,5,0.022540,0.577175,pow,pow(difficulty=28_work_amount=268435456),2.09,292,107
80,1,0x49b57eb4dace37c8819daf079c9c674f766d4f38,7.196740,1772430514,1c02cf313e3b0246e9c45abd952ea943e0f821e7452890bab14d96a8234b5728,75,37.50,4.35,1,7,4,0.022614,0.578027,pow,pow(difficulty=28_work_amount=268435456),1.99,293,107
80,2,0xb2a7fe70a6f3137d38f6cb4c3ec6dd1e24f2d5f4,15.402988,1772430516,ced986084c66be271a582b49da29b22f655202ccebc571ac6671d6562aaacc7c,250,31.25,4.60,1,7,5,0.022602,0.578200,pow,pow(difficulty=28_work_amount=268435456),8.15,294,107
80,3,0xac768e60b9269babb15cb1e36ee843243d7c7543,8.704438,1772430520,24916661e5806f45b7fe6044cf2229a4c30247c81d210e84a13ed0326dde133d,35,35.00,4.89,1,6,5,0.022702,0.579176,pow,pow(difficulty=28_work_amount=268435456),6.80,295,107
80,4,0xbc3f8508d26048f2064aa8c068f4c94d08d77d18,9.058839,1772430553,24916661e5806f45b7fe6044cf2229a4c30247c81d210e84a13ed0326dde133d,35,35.00,4.89,1,6,5,0.022704,0.579225,pow,pow(difficulty=28_work_amount=268435456),6.80,295,108
81,0,0x6d6b2734a20229ddd7fd4a1470ba3e3bad4e4a85,5.628944,1772430555,7ae98bed93a604d945799f98efd1a23197d76cb4f5e94653642010683f41a7c9,250,6.58,4.69,1,7,5,0.022717,0.579690,pow,pow(difficulty=27_work_amount=134217728),37.11,296,108
81,1,0xaadc5fea232580cb8fba739ac5d05a48559c7e52,8.344933,1772430557,355e2ea13a3192b4de24aec7ad0f07cd25ea563e4626d4be76005760fe58ba34,138,138.00,4.38,1,7,5,0.022682,0.579509,pow,pow(difficulty=27_work_amount=134217728),20.75,297,108
81,2,0xe6ebb0cdfd04183d498964e5efc4096ba77b17d6,11.286263,1772430594,355e2ea13a3192b4de24aec7ad0f07cd25ea563e4626d4be76005760fe58ba34,138,138.00,4.38,1,7,5,0.022684,0.579555,pow,pow(difficulty=27_work_amount=134217728),20.75,297,109
81,3,0x58a21eeb7ab18ba8adf1296e66a4487076e95dac,10.078564,1772430595,261b7a7773fe1d612327be9ea4322418994a1520598e5d45777041db208e7a2f,250,6.41,4.49,1,7,5,0.022725,0.580292,pow,pow(difficulty=27_work_amount=134217728),38.27,298,109
81,4,0xa447d277b02012c2afd9ddcbbe123f27cc971963,4.791805,1772430600,6ecfbf8e8c742c8227e3d12eb4292986b93a6e13c832064fd32b9d6b831ca99a,19,19.00,4.37,2,8,4,0.022750,0.580852,pow,pow(difficulty=27_work_amount=134217728),37.95,299,109
82,0,0xac768e60b9269babb15cb1e36ee843243d7c7543,8.703698,1772430634,6ecfbf8e8c742c8227e3d12eb4292986b93a6e13c832064fd32b9d6b831ca99a,19,19.00,4.37,2,8,4,0.022752,0.580899,pow,pow(difficulty=26_work_amount=67108864),37.95,299,110
82,1,0x606627477c3734932f47972f83c27cf4e3b35b4f,7.361057,1772430635,0719c3dcf0668da2afcadbf56ad1827cfac4df8d3adfc746deed7eabe3d04013,250,6.25,4.57,2,8,5,0.022758,0.581267,pow,pow(difficulty=26_work_amount=67108864),38.73,300,110
82,2,0x81193196c1dbdbf80709d43a5af5ce21c201fbd7,0.820079,1772430672,0719c3dcf0668da2afcadbf56ad1827cfac4df8d3adfc746deed7eabe3d04013,250,6.25,4.57,2,8,5,0.022760,0.581314,pow,pow(difficulty=26_work_amount=67108864),38.73,300,111
82,3,0x26d553a2f4343b3a7dc88bbd87b3d0a25d3838d9,9.207970,1772430675,b3e07c24ee9539b79466eede5a0c3c0d1afd6e5b0db499e95467ce92b4d38565,250,6.58,4.32,1,6,4,0.022660,0.579179,pow,pow(difficulty=26_work_amount=67108864),37.34,301,111
82,4,0xe6ebb0cdfd04183d498964e5efc4096ba77b17d6,12.287993,1772430677,dd0f8010ec625f2959174e102e77790ac1607893816bec49c315f85273a851a8,192,64.00,3.75,1,6,4,0.022672,0.579584,pow,pow(difficulty=26_work_amount=67108864),4.07,302,111
83,0,0x63f4973c0df8a5358405f396dc0673a463c48de9,16.900017,1772430679,7971110106be18cacba5df5e19672a69eb2589a2fd8599b11412151cf7963bc9,218,109.00,4.34,1,7,4,0.022725,0.580336,pow,pow(difficulty=25_work_amount=33554432),21.33,303,111
83,1,0x6064b9f5883bf9737dfe314ff68c56e09e68ac89,7.152289,1772430713,7971110106be18cacba5df5e19672a69eb2589a2fd8599b11412151cf7963bc9,218,109.00,4.34,1,7,4,0.022727,0.580379,pow,pow(difficulty=25_work_amount=33554432),21.33,303,112
83,2,0xe478b1e4d1538274c0c70cbd7df877f9abab2f62,14.277766,1772430714,6858efcb7ac798778df97ca27e969c404850754a170240044bc1099a0a430667,250,7.14,3.94,1,6,4,0.022711,0.580478,pow,pow(difficulty=25_work_amount=33554432),34.92,304,112
83,3,0xa3786e459f289a76c0e8af8ad834e3d0c6d47199,16.718463,1772430717,3eedbd84e293b37bb210e0302d1528bf619881c9d4c601f4dbe1c80efa1a32af,77,77.00,4.16,2,6,4,0.022788,0.581369,pow,pow(difficulty=25_work_amount=33554432),32.49,305,112
83,4,0x58a21eeb7ab18ba8adf1296e66a4487076e95dac,11.078284,1772430750,3eedbd84e293b37bb210e0302d1528bf619881c9d4c601f4dbe1c80efa1a32af,77,77.00,4.16,2,6,4,0.022790,0.581414,pow,pow(difficulty=25_work_amount=33554432),32.49,305,113
84,0,0x4a217e35f6402e7f62a49f6d62e27c6585c2f3fd,3.474077,1772430786,3eedbd84e293b37bb210e0302d1528bf619881c9d4c601f4dbe1c80efa1a32af,77,77.00,4.16,2,6,4,0.022792,0.581460,pow,pow(difficulty=26_work_amount=67108864),32.49,305,114
84,1,0x606627477c3734932f47972f83c27cf4e3b35b4f,7.360757,1772430819,3eedbd84e293b37bb210e0302d1528bf619881c9d4c601f4dbe1c80efa1a32af,77,77.00,4.16,2,6,4,0.022794,0.581502,pow,pow(difficulty=26_work_amount=67108864),32.49,305,115
84,2,0xa068e3c9a21c8d8be636cd2d285895979ec3262e,6.936071,1772430820,eb4df4bc9d4b4188093cdd9150e15f14f49aa818aa48fa134691818a927c8659,250,2.38,4.07,1,5,4,0.022794,0.581505,pow,pow(difficulty=26_work_amount=67108864),24.38,306,115
84,3,0x63f4973c0df8a5358405f396dc0673a463c48de9,16.899647,1772430823,dc2286b5f7594ed8932065bbd299255fa6f7701d9e8c55f89d2e0491c44ebeb6,250,125.00,4.88,1,8,5,0.022775,0.581527,pow,pow(difficulty=26_work_amount=67108864),105.82,307,115
84,4,0x8c11ec9090dd820c076e57e899d9c604c79d6b32,5.555619,1772430825,5e7bf67624ce83ae714b5827c43849c11771438ad343f9b8f8baadf435fc464a,131,65.50,4.42,1,7,4,0.022884,0.582567,pow,pow(difficulty=26_work_amount=67108864),2.82,308,115
85,0,0x9c39f7fffaa5c5cfab20dfdd05663497918580c1,0.379308,1772430861,5e7bf67624ce83ae714b5827c43849c11771438ad343f9b8f8baadf435fc464a,131,65.50,4.42,1,7,4,0.022886,0.582614,pow,pow(difficulty=27_work_amount=134217728),2.82,308,116
85,1,0x30509a8084fdfe6fe24d9c9a817c209ad194f8e3,9.621849,1772430894,5e7bf67624ce83ae714b5827c43849c11771438ad343f9b8f8baadf435fc464a,131,65.50,4.42,1,7,4,0.022888,0.582663,pow,pow(difficulty=27_work_amount=134217728),2.82,308,117
85,2,0xf13caa2c5f6f6cf61e51290bfa7826a9140b4faf,0.999984,1772430898,6e25c4aa15371c96bf9e60e29eec9f74e6a1a49dd59d3c29167ab47bc872b71c,250,3.47,4.10,1,6,4,0.022903,0.583087,pow,pow(difficulty=27_work_amount=134217728),90.95,309,117
85,3,0x4a217e35f6402e7f62a49f6d62e27c6585c2f3fd,3.473647,1772430900,8d844d8525384248944efe410c1b6b61aedf58ef75588bbce65a787ac9ee5734,250,62.50,4.38,2,7,4,0.022806,0.581131,pow,pow(difficulty=27_work_amount=134217728),41.47,310,117
85,4,0x4a217e35f6402e7f62a49f6d62e27c6585c2f3fd,4.474507,1772430903,55b5d275cde7ce346a14095b862f9fe25f85a593012eedd14a06790153a6623f,91,91.00,3.62,1,5,4,0.022742,0.580552,pow,pow(difficulty=27_work_amount=134217728),6.07,311,117
86,0,0xe478b1e4d1538274c0c70cbd7df877f9abab2f62,15.276566,1772430907,9c40d89ff0f17c776040d577b635fc2951fff639ce2181f5e33ebbaafa92c5ae,250,62.50,4.85,1,7,5,0.022691,0.580210,pow,pow(difficulty=28_work_amount=268435456),3.73,312,117
86,1,0x606627477c3734932f47972f83c27cf4e3b35b4f,7.360427,1772430908,9376ba8b3d63097a24f49a0c75eb413b274f7e6c9c5472bf71024359a7f3da9f,183,61.00,4.91,2,7,5,0.022691,0.580214,pow,pow(difficulty=28_work_amount=268435456),2.78,313,117
86,2,0xc577329e86aaecb006f17fb90499c54671119935,0.272012,1772430944,9376ba8b3d63097a24f49a0c75eb413b274f7e6c9c5472bf71024359a7f3da9f,183,61.00,4.91,2,7,5,0.022778,0.581136,pow,pow(difficulty=28_work_amount=268435456),2.78,313,118
86,3,0x07902d0371763a00d97ed9ba16ff0a206cb0fd19,4.516699,1772430945,9e8ad6509a2df3ec10f9a169bc2f55f01b8fcbd13b6f618dc62a3300af29a864,250,6.58,3.91,1,6,4,0.022674,0.578463,pow,pow(difficulty=28_work_amount=268435456),37.49,314,118
86,4,0xa068e3c9a21c8d8be636cd2d285895979ec3262e,7.937381,1772430948,c0df11cfdcb08ba592f6fe13084e8a14f581027ee4ad8a2a4a253b25f4426f07,86,86.00,2.55,1,4,3,0.022623,0.578085,pow,pow(difficulty=28_work_amount=268435456),21.09,315,118
87,0,0xc24b36dee27726233c3bbd9e1f028f98b6b2a424,14.387769,1772430952,fcf1a656095bb40ee550ca3238e81cf470af4e08847aa7de37105d91e47bce6e,180,90.00,4.34,1,7,5,0.022615,0.578294,pow,pow(difficulty=27_work_amount=134217728),2.06,316,118
87,1,0x07902d0371763a00d97ed9ba16ff0a206cb0fd19,5.517479,1772430956,9453ae6ce04c55d7203bcf4298826d74166a28356ba35d0c51627285c27f64a0,250,50.00,3.99,1,6,4,0.022687,0.579125,pow,pow(difficulty=27_work_amount=134217728),4.08,317,118
87,2,0xe478b1e4d1538274c0c70cbd7df877f9abab2f62,16.277766,1772430959,cb5abb53fca1b5f71be72e9c532f02224c5cb21298caffccce00de7909ea0a39,250,50.00,2.78,1,4,3,0.022688,0.579132,pow,pow(difficulty=27_work_amount=134217728),5.07,318,118
87,3,0x606627477c3734932f47972f83c27cf4e3b35b4f,7.360347,1772430960,13320fb39842c0ae19d75b7271b35163dc4e1627a891b69b4d19d486ce5a11cd,102,102.00,3.90,1,6,4,0.022743,0.579841,pow,pow(difficulty=27_work_amount=134217728),3.10,319,118
87,4,0x719361397abe003a91af76243e5f9c7a0cd4279f,7.523946,1772430963,394a17137beba469caaedb3d528a4380c22521d3e91481c804124b171c585580,119,119.00,3.93,1,6,4,0.022726,0.579881,pow,pow(difficulty=27_work_amount=134217728),1.41,320,118
88,0,0xc24b36dee27726233c3bbd9e1f028f98b6b2a424,15.390149,1772430977,d893c34c59db3f1135dfbc15c5e87de917b9d92e4790c0a632da7101fb7ca34d,189,63.00,3.75,1,5,4,0.022712,0.579911,pow,pow(difficulty=28_work_amount=268435456),1.99,321,118
88,1,0x4414c05be2cf328f38d2e3ef4b705d6b894f044a,14.062479,1772430978,9a857d5c31be32868d4a45108c0603e08496802b3ad453e17557659a662abd76,250,17.86,4.15,1,7,4,0.022713,0.579927,pow,pow(difficulty=28_work_amount=268435456),13.36,322,118
88,2,0xd46407aa7b668c72de3cf1c1a12b7fa2e308a1b2,10.956899,1772430984,0998f85128cf419eddd00a59e91682bc29cd560fd68346a91fa346c304dc02dc,65,65.00,4.28,2,7,4,0.022777,0.580690,pow,pow(difficulty=28_work_amount=268435456),8.09,323,118
88,3,0xf5ecb44daf07a1d1073dbc89baf04bd7541fa517,0.020880,1772430988,9b18540b17cdcdaee25e88d55aa6fda4af1e36b4e4c807c1769ab4128497b8d9,250,41.67,4.17,2,6,4,0.022803,0.581312,pow,pow(difficulty=28_work_amount=268435456),4.72,324,118
88,4,0xdcf2130496e27a8094ab996aea4aa77788d65869,8.492417,1772430990,cbeb3dfb086d331c23e2f87553055d490f7b16ae21029d174a239a0eb6fdae87,250,62.50,4.52,1,8,5,0.022803,0.581316,pow,pow(difficulty=28_work_amount=268435456),3.12,325,118
89,0,0x63f4973c0df8a5358405f396dc0673a463c48de9,17.899817,1772431001,717904e117694f24cdbc1ea42585130b15ba4ecae7e8c6f8b3545a61cabbe819,40,20.00,4.45,1,8,5,0.022800,0.581560,pow,pow(difficulty=29_work_amount=536870912),2.48,326,118
89,1,0x63f4973c0df8a5358405f396dc0673a463c48de9,18.902237,1772431002,a759f1b4d950b11b33896b9e86a0d3c7b04ffe1a385bd294dabf443583682452,250,22.73,4.15,1,7,4,0.022908,0.582572,pow,pow(difficulty=29_work_amount=536870912),10.72,327,118
89,2,0x719361397abe003a91af76243e5f9c7a0cd4279f,8.525616,1772431017,9a43a47014c6b95a4a396508ce7677042626e5f2c8dc5bbab78fe05be2275486,63,63.00,3.62,2,5,4,0.022908,0.582573,pow,pow(difficulty=29_work_amount=536870912),8.86,328,118
89,3,0x30509a8084fdfe6fe24d9c9a817c209ad194f8e3,10.622479,1772431058,9a43a47014c6b95a4a396508ce7677042626e5f2c8dc5bbab78fe05be2275486,63,63.00,3.62,2,5,4,0.023029,0.583622,pow,pow(difficulty=29_work_amount=536870912),8.86,328,119
89,4,0x4414c05be2cf328f38d2e3ef4b705d6b894f044a,15.062449,1772431075,002236c9071c1c7188de778490a2862c5a6a4c9ae323b1cb4ccdd8e5f04be4e7,250,4.39,3.83,1,6,4,0.023049,0.584150,pow,pow(difficulty=29_work_amount=536870912),55.94,329,119
90,0,0xa9105f442328d397529b8e4e9e656fa89016ff45,3.428494,1772431082,8385978fc21e67c62dd5fe0c7a78ebd5d235e92f3db98c0562b391b4c005a450,250,14.71,4.02,1,6,4,0.023121,0.584947,pow,pow(difficulty=28_work_amount=268435456),37.95,330,119
90,1,0x30509a8084fdfe6fe24d9c9a817c209ad194f8e3,11.624649,1772431086,11f571fac196e93d9fb2bb38624651e1bc71f09e0419b50f3563860d4df5554d,250,41.67,2.02,1,5,1,0.023121,0.584955,pow,pow(difficulty=28_work_amount=268435456),386.06,331,119
90,2,0x30509a8084fdfe6fe24d9c9a817c209ad194f8e3,11.624599,1772431089,9360e3aea1289faa134986f5d6fa2dc8a7fe8b84a518a129c55936a91c2b2cbf,250,62.50,3.52,1,6,4,0.023055,0.584328,pow,pow(difficulty=28_work_amount=268435456),6.18,332,119
90,3,0xf6e059718dbd0a0956726ab97d06bad5efc6cd18,6.977387,1772431093,9e30cb3c2d4958ec5f709826f5a6765d532e12295d807c09bc9e3c064bf8dd1e,222,55.50,3.38,1,6,3,0.023126,0.585603,pow,pow(difficulty=28_work_amount=268435456),3.36,333,119
90,4,0x1796dc61e715f15a2d27dfa32bd34780f12a8c24,3.706921,1772431095,9f842b3b5156518d49b804c1dfb1060402b341113c11795a1416936a1f568a0b,250,62.50,4.58,1,7,5,0.023126,0.585608,pow,pow(difficulty=28_work_amount=268435456),3.46,334,119
91,0,0x49b57eb4dace37c8819daf079c9c674f766d4f38,8.193260,1772431097,f0ea00bcd089699739bc1489071e544bb727000de7833cdaef5f2745667ccc51,102,102.00,3.51,1,5,4,0.023064,0.585041,pow,pow(difficulty=29_work_amount=536870912),1.75,335,119
91,1,0x07902d0371763a00d97ed9ba16ff0a206cb0fd19,6.518999,1772431103,334ccf1373a51b854037d271fe8346203c4526521b570b7b7787e69167c990d9,153,76.50,3.92,1,6,4,0.023053,0.585179,pow,pow(difficulty=29_work_amount=536870912),1.50,336,119
91,2,0xc24b36dee27726233c3bbd9e1f028f98b6b2a424,15.388729,1772431121,9b58e5a6366d1526eb978e3adf5853ec6601f9732fdbd79c6848987c5e5bd662,250,35.71,2.80,1,4,3,0.023053,0.585186,pow,pow(difficulty=29_work_amount=536870912),5.77,337,119
91,3,0xb7b4ee0a72bc410bf6d32b9cd3f3e11fc756d6f1,0.034429,1772431141,39a90a894ce78c87e58a136658197324d510d79c798a8cd1421e1412a4811546,250,14.71,4.26,1,7,4,0.023054,0.585206,pow,pow(difficulty=28_work_amount=268435456),15.95,338,119
91,4,0x26d553a2f4343b3a7dc88bbd87b3d0a25d3838d9,10.208250,1772431146,3d321ad01eae1c87a01ca76b2288caab5d6752754e310fdeb4a7998be593bdf2,250,11.90,3.99,1,6,4,0.023022,0.583223,pow,pow(difficulty=28_work_amount=268435456),20.83,339,119
92,0,0x58a21eeb7ab18ba8adf1296e66a4487076e95dac,11.075804,1772431179,3d321ad01eae1c87a01ca76b2288caab5d6752754e310fdeb4a7998be593bdf2,250,11.90,3.99,1,6,4,0.023024,0.583264,pow,pow(difficulty=27_work_amount=134217728),20.83,339,120
92,1,0x89100a8056319ba37491b32ba255004180607bc2,11.777427,1772431212,3d321ad01eae1c87a01ca76b2288caab5d6752754e310fdeb4a7998be593bdf2,250,11.90,3.99,1,6,4,0.023026,0.583304,pow,pow(difficulty=27_work_amount=134217728),20.83,339,121
92,2,0x34412315480562da4810040fd15c81f99880e1ab,2.878763,1772431247,3d321ad01eae1c87a01ca76b2288caab5d6752754e310fdeb4a7998be593bdf2,250,11.90,3.99,1,6,4,0.023028,0.583347,pow,pow(difficulty=27_work_amount=134217728),20.83,339,122
92,3,0x408bb0bf84df50b21c53c74420987f172d4036a1,3.782794,1772431250,57e25f8d0299cc4df0361b96aa7fc26e553437b876ac151bd3a82694c2230931,250,2.36,4.08,1,6,4,0.022957,0.582445,pow,pow(difficulty=27_work_amount=134217728),109.41,340,122
92,4,0x1796dc61e715f15a2d27dfa32bd34780f12a8c24,4.707141,1772431252,35adde995f0bf524956261b7450dd7acbc7087e3b8e83e31f101c59104275ee9,250,83.33,4.15,1,5,4,0.022896,0.581864,pow,pow(difficulty=27_work_amount=134217728),74.34,341,122
93,0,0x719361397abe003a91af76243e5f9c7a0cd4279f,8.523936,1772431271,5ce99b7404fabf58703b07b4ed0da931601fba7e2b21ca17115adcc466a09bdc,190,95.00,2.99,1,5,3,0.022846,0.581470,pow,pow(difficulty=28_work_amount=268435456),19.76,342,122
93,1,0xa3786e459f289a76c0e8af8ad834e3d0c6d47199,16.714973,1772431323,5ce99b7404fabf58703b07b4ed0da931601fba7e2b21ca17115adcc466a09bdc,190,95.00,2.99,1,5,3,0.022849,0.581529,pow,pow(difficulty=28_work_amount=268435456),19.76,342,123
93,2,0x89100a8056319ba37491b32ba255004180607bc2,11.777427,1772431358,5ce99b7404fabf58703b07b4ed0da931601fba7e2b21ca17115adcc466a09bdc,190,95.00,2.99,1,5,3,0.022852,0.581590,pow,pow(difficulty=28_work_amount=268435456),19.76,342,124
93,3,0x26d553a2f4343b3a7dc88bbd87b3d0a25d3838d9,10.206960,1772431392,5ce99b7404fabf58703b07b4ed0da931601fba7e2b21ca17115adcc466a09bdc,190,95.00,2.99,1,5,3,0.022854,0.581631,pow,pow(difficulty=28_work_amount=268435456),19.76,342,125
93,4,0x34412315480562da4810040fd15c81f99880e1ab,3.881213,1772431399,c2c059106f0ee834f5808751ea78bf8e1f4e8356a799f16342a2a084f3f87779,250,1.80,4.16,2,7,4,0.022865,0.582053,pow,pow(difficulty=28_work_amount=268435456),138.32,343,125
94,0,0xf5ecb44daf07a1d1073dbc89baf04bd7541fa517,0.016750,1772431431,c2c059106f0ee834f5808751ea78bf8e1f4e8356a799f16342a2a084f3f87779,250,1.80,4.16,2,7,4,0.022867,0.582099,pow,pow(difficulty=29_work_amount=536870912),138.32,343,126
94,1,0xa068e3c9a21c8d8be636cd2d285895979ec3262e,8.934221,1772431449,41f93482fca9aa37e6639b6b11d13dd1fc90f07a02a5acec3c496013bad2fba8,250,6.41,4.05,1,6,4,0.022765,0.579335,pow,pow(difficulty=29_work_amount=536870912),55.06,344,126
94,2,0xd39dbd3662315e3935ec08e6b6028e73b3c09de2,3.875030,1772431455,94439b6d041178477ea047fd7d0880e7f179d1462444c19f0ef20a4ac31ceab2,250,13.16,4.63,1,8,5,0.022763,0.579587,pow,pow(difficulty=29_work_amount=536870912),17.34,345,126
94,3,0x6064b9f5883bf9737dfe314ff68c56e09e68ac89,8.146779,1772431458,be2d4f28c0c1d93ca9b1e510b0f9b4e128aec76586eeba4c519eddefaf4bbbe2,250,50.00,5.12,1,8,5,0.022705,0.579006,pow,pow(difficulty=29_work_amount=536870912),7.30,346,126
94,4,0x58a21eeb7ab18ba8adf1296e66a4487076e95dac,11.073844,1772431462,5bb9e33450b3a9692effe6822e9b9d07595f7c46f5b8695097dd8bfba595f61f,186,46.50,3.96,1,6,4,0.022693,0.579093,pow,pow(difficulty=29_work_amount=536870912),3.19,347,126
95,0,0x63f4973c0df8a5358405f396dc0673a463c48de9,19.901287,1772431470,4a376fe313cadd6562a240822c8005357563d8fa588281f27b752e16999d7c20,250,62.50,4.15,1,6,4,0.022714,0.579603,pow,pow(difficulty=28_work_amount=268435456),3.59,348,126
95,1,0xa3786e459f289a76c0e8af8ad834e3d0c6d47199,16.714663,1772431502,4a376fe313cadd6562a240822c8005357563d8fa588281f27b752e16999d7c20,250,62.50,4.15,1,6,4,0.022716,0.579647,pow,pow(difficulty=28_work_amount=268435456),3.59,348,127
95,2,0x89100a8056319ba37491b32ba255004180607bc2,11.777117,1772431510,68df9d83a5552228d4eb613492f4d865e63727ff9e0d0ac39cd4223a0687d8b4,250,6.25,4.40,1,6,4,0.022797,0.580535,pow,pow(difficulty=28_work_amount=268435456),38.55,349,127
95,3,0xeaa5003682d7289190651081ae2bee847097afc5,5.715175,1772431545,68df9d83a5552228d4eb613492f4d865e63727ff9e0d0ac39cd4223a0687d8b4,250,6.25,4.40,1,6,4,0.022799,0.580578,pow,pow(difficulty=28_work_amount=268435456),38.55,349,128
95,4,0x3d92e045fb1847aae132b40ebfcc471a32f687de,0.074575,1772431548,9d43d9d1bd5a47071a6d4976fae60c7576eb083923b9723076bb193f290afd42,250,5.95,4.47,1,6,5,0.022760,0.580348,pow,pow(difficulty=28_work_amount=268435456),50.99,350,128
96,0,0xd61b00c297972877b45f8d7f4d67fdaf20c67c59,1.283331,1772431552,db958112fadb1d5b3ccb2a273f565bbc5ac98d76b42d1bdf207f9912dd5a8dd0,204,51.00,4.10,1,6,5,0.022661,0.577629,pow,pow(difficulty=27_work_amount=134217728),10.80,351,128
96,1,0x9bdb1c7ad4bd8fe797b07c08117c74a591dbab2d,2.397252,1772431554,641b1ea5b0009eeccf0d902141c5bc4d25d60466f806f4edbd0a731d6052af50,203,67.67,5.13,1,7,5,0.022661,0.577633,pow,pow(difficulty=27_work_amount=134217728),2.85,352,128
96,2,0xdcf2130496e27a8094ab996aea4aa77788d65869,9.491337,1772431558,57217ccc9e56eb9f4c1b4f5b2afcc1f815ce8d6e151ba05dadfc2555ebb74843,250,125.00,1.66,1,6,1,0.022587,0.576589,pow,pow(difficulty=27_work_amount=134217728),1619.06,353,128
96,3,0x282f43759e22b50aa7989261c51c367f325c3f91,1.301207,1772431562,f5811bdd69da62d497d0295f376bc861d53f8ad551f0dcca7f5af27faf4431f4,250,62.50,4.09,1,6,4,0.022590,0.576892,pow,pow(difficulty=27_work_amount=134217728),4.16,354,128
96,4,0xdcf2130496e27a8094ab996aea4aa77788d65869,10.493747,1772431565,8369d97b8415650d8357e6b3e9e144179d6b044eaf12b34f51a2ae1467d15326,250,50.00,4.10,1,6,4,0.022505,0.575325,pow,pow(difficulty=27_work_amount=134217728),3.86,355,128
97,0,0x07902d0371763a00d97ed9ba16ff0a206cb0fd19,6.517439,1772431570,e439c3a1f0477dc8f68709d74865f3830f587e98f14b2c57e474dbbf0b862996,165,55.00,3.99,1,6,4,0.022518,0.575724,pow,pow(difficulty=28_work_amount=268435456),2.55,356,128
97,1,0x269cdf52f97e1d9f14b7be895155a7b294f0b21d,1.671513,1772431604,e439c3a1f0477dc8f68709d74865f3830f587e98f14b2c57e474dbbf0b862996,165,55.00,3.99,1,6,4,0.022520,0.575765,pow,pow(difficulty=28_work_amount=268435456),2.55,356,129
97,2,0x377eaef292051bbf8ada05b2af76a3f3b9d722a7,0.028037,1772431612,b89d07f318d2132484b22240ab511c2e6ec8f12fa5ba5409d101a0eabdc99b39,250,6.58,3.74,1,5,4,0.022439,0.574373,pow,pow(difficulty=28_work_amount=268435456),37.53,357,129
97,3,0x4a217e35f6402e7f62a49f6d62e27c6585c2f3fd,5.472527,1772431614,aa89a6e42eb2df15de85b4666bf4a7520f19b7b67915cb55e2672a7a1b05fcc9,250,31.25,3.66,1,6,4,0.022343,0.571634,pow,pow(difficulty=28_work_amount=268435456),9.91,358,129
97,4,0x58a21eeb7ab18ba8adf1296e66a4487076e95dac,12.075454,1772431648,aa89a6e42eb2df15de85b4666bf4a7520f19b7b67915cb55e2672a7a1b05fcc9,250,31.25,3.66,1,6,4,0.022344,0.571671,pow,pow(difficulty=28_work_amount=268435456),9.91,358,130
98,0,0xac768e60b9269babb15cb1e36ee843243d7c7543,9.702488,1772431684,aa89a6e42eb2df15de85b4666bf4a7520f19b7b67915cb55e2672a7a1b05fcc9,250,31.25,3.66,1,6,4,0.022346,0.571705,pow,pow(difficulty=27_work_amount=134217728),9.91,358,131
98,1,0xa3786e459f289a76c0e8af8ad834e3d0c6d47199,17.715683,1772431688,059039c2e84c7c05ac2eeffac47ca66cef0ee04764f8e6621da3ac598d26b067,250,3.47,3.98,1,6,4,0.022346,0.571710,pow,pow(difficulty=27_work_amount=134217728),69.92,359,131
98,2,0x0d91704595bff3aec25d40822498a51c62b05e3a,6.525936,1772431721,059039c2e84c7c05ac2eeffac47ca66cef0ee04764f8e6621da3ac598d26b067,250,3.47,3.98,1,6,4,0.022352,0.572037,pow,pow(difficulty=27_work_amount=134217728),69.92,359,132
98,3,0x34412315480562da4810040fd15c81f99880e1ab,3.879543,1772431730,c0151a513fbdee74155cea5aeb8a0cb981681c420397e6c0e2742afafa84f6e3,250,6.58,3.41,1,6,3,0.022323,0.571956,pow,pow(difficulty=27_work_amount=134217728),49.60,360,132
98,4,0xf6e059718dbd0a0956726ab97d06bad5efc6cd18,6.971067,1772431731,71f2ed35edb16d0624193790bbc599da73b7911c81695c487bc41e1dba178709,250,31.25,3.98,1,6,4,0.022267,0.571372,pow,pow(difficulty=27_work_amount=134217728),13.98,361,132
99,0,0x30405867b72597aaeb27803bb2c7f3f5fc7d5384,3.467384,1772431733,8be3c9694e15147c82aabd64bde8591ee2403fa45e4019fd1deb7b0bb0521ab6,47,47.00,4.09,3,5,4,0.022243,0.571299,pow,pow(difficulty=26_work_amount=67108864),6.36,362,132
99,1,0x13f9dadc05f6c237b03411e2aed1800cf21a5d89,2.226062,1772431737,8abab433717a3068d4634198635f3b64b52b85d59f606397fd5650dfa08ce52a,114,57.00,3.68,1,5,4,0.022183,0.570577,pow,pow(difficulty=26_work_amount=67108864),1.69,363,132
99,2,0x606627477c3734932f47972f83c27cf4e3b35b4f,8.357957,1772431738,e77ac0008a2e0d677da3107d949802fddd1804f5e14acf60334d661f12a6aa22,250,50.00,3.32,1,5,3,0.022111,0.569464,pow,pow(difficulty=26_work_amount=67108864),4.39,364,132
99,3,0xc24b36dee27726233c3bbd9e1f028f98b6b2a424,16.384469,1772431773,e77ac0008a2e0d677da3107d949802fddd1804f5e14acf60334d661f12a6aa22,250,50.00,3.32,1,5,3,0.022113,0.569501,pow,pow(difficulty=26_work_amount=67108864),4.39,364,133
99,4,0xcb7977f4997b4252c0152e135dd79b3cfe35c1a5,1.575393,1772431775,934684d74d16bca4c67db7fd8b876bb1dfd053d938a7cb824ef80a140b73f10d,250,6.94,4.19,1,7,4,0.022184,0.570321,pow,pow(difficulty=26_work_amount=67108864),35.36,365,133
