epoch,slot,miner,proposer_stake,timestamp,block_hash,tx_count,throughput,avg_path_length,min_path_length,max_path_length,median_path_length,stake_concentration,gini_coefficient,consensus_type,consensus_state,avg_tx_delay_s,block_production_success,block_production_failed
0,1,0xc24b36dee27726233c3bbd9e1f028f98b6b2a424,2.413539,1773027679,48be22ad89d8754c6b984ff73e30a51533779695d82ec4e67cf5591ea9ca3b28,1,0.00,1.00,1,1,1,0.035842,0.603495,TopoStake,pog(D=0_omega=1.00_beta=1.00),0.00,0,0
0,2,0xc24b36dee27726233c3bbd9e1f028f98b6b2a424,3.413539,1773027681,a5b75af6463623a6299b7015d884866f4feda4bdfc56412e320a9826653af072,0,0.00,0.00,0,0,0,0.024495,0.601759,TopoStake,pog(D=0_omega=1.00_beta=1.00),0.00,1,0
0,3,0x07902d0371763a00d97ed9ba16ff0a206cb0fd19,2.532229,1773027683,b4c588a26515427f21738517623d85c0b35a52c88547f7cd85a9de9054a2b1b2,184,61.33,3.96,1,6,4,0.024770,0.604704,TopoStake,pog(D=0_omega=1.00_beta=1.00),2.52,2,0
0,4,0xcdc82b7c868072205a399d0f68e6e3ad3bfd1ca6,0.208374,1773027685,9f73f2d4d8204720c8585d2323401ba1c8fa8ebeec56adb5465fe66fb9ac56ca,199,99.50,2.81,1,4,3,0.024863,0.606345,TopoStake,pog(D=0_omega=1.00_beta=1.00),2.55,3,0
1,0,0x81d019380961f92c2031b0a7fba69f7675145088,0.494759,1773027688,928e53943c1825842b6a7bf7fc1df077c161cc638cbcf5aae8f365ad0837b1c1,223,111.50,3.60,1,5,4,0.024518,0.601939,TopoStake,pog(D=1_omega=1.00_beta=1.00),2.51,4,0
1,1,0x07902d0371763a00d97ed9ba16ff0a206cb0fd19,3.532492,1773027689,70cd3b1878c21a085731ea661d0d8d49aaa48d6354f3383db270188020fcf61a,194,97.00,3.70,1,5,4,0.024234,0.599039,TopoStake,pog(D=1_omega=1.00_beta=1.00),2.48,5,0
1,2,0x016d3fc36beee7caa8fbd6c1caa42461dd7f9850,0.880438,1773027691,8a874b8ec2782479fc99362664737cb20ea32d24930172068e97dc427e6c17aa,91,91.00,2.77,2,5,3,0.024497,0.601844,TopoStake,pog(D=1_omega=1.00_beta=1.00),1.99,6,0
1,3,0x6414c6a8400ff3419cd81855d09de2848d770e0e,0.156160,1773027693,dcfb781643f75fed267b6f114ff5bf147a9cb504d1a67fbc713adc1c538746f5,158,79.00,3.33,1,6,3,0.024283,0.600326,TopoStake,pog(D=1_omega=1.00_beta=1.00),2.47,7,0
1,4,0x3d92e045fb1847aae132b40ebfcc471a32f687de,0.128849,1773027695,349bfc880b03876a3d1ab28dac2a01f27795fb8adfa2f694f2fb42dc63b552a3,172,86.00,4.26,1,7,4,0.023948,0.595415,TopoStake,pog(D=1_omega=1.00_beta=1.00),2.49,8,0
2,0,0x52e05d9fa4faa167f30baba23c710e4f49115288,0.149002,1773027697,9b19379e853c8b0b114e13a0452030e31907fb7abad60b508016d479a2bfb718,144,72.00,4.38,1,7,5,0.023616,0.590213,TopoStake,pog(D=2_omega=1.00_beta=1.00),2.60,9,0
2,1,0x687bf2437a044a3e42ff2f8a79a8e54ba9601f70,1.066884,1773027699,9b19379e853c8b0b114e13a0452030e31907fb7abad60b508016d479a2bfb718,144,72.00,4.38,1,7,5,0.023617,0.590224,TopoStake,pog(D=2_omega=1.00_beta=1.00),2.60,9,1
2,2,0x1796dc61e715f15a2d27dfa32bd34780f12a8c24,1.724619,1773027701,9b19379e853c8b0b114e13a0452030e31907fb7abad60b508016d479a2bfb718,144,72.00,4.38,1,7,5,0.023617,0.590235,TopoStake,pog(D=2_omega=1.00_beta=1.00),2.60,9,2
2,3,0x37cc7a82e66d4f4c2ae13b9ee895d3af1a1d7a05,0.264901,1773027703,dcd1b3db4b3de576e40be8dca4ea1267635c5e28f178933542710dff7ea07de9,250,41.67,3.59,1,6,4,0.023558,0.590779,TopoStake,pog(D=2_omega=1.00_beta=1.00),5.79,10,2
2,4,0x016d3fc36beee7caa8fbd6c1caa42461dd7f9850,1.880733,1773027705,c5f64b9851ad005fd2218efe7854ea3be8e1b4ea5e439b61eb8c034bc955f9e2,164,82.00,3.92,2,5,4,0.023259,0.586452,TopoStake,pog(D=2_omega=1.00_beta=1.00),3.42,11,2
3,0,0x1cb1274c711a6c2e4e1596846e6ac604eeefb358,0.408496,1773027707,6618a0b3e33c8c86682fb10b4570d64905cc9b84aeb58bf3bb0923885fae479c,184,92.00,3.17,1,5,3,0.023226,0.587099,TopoStake,pog(D=3_omega=1.00_beta=1.00),2.21,12,2
3,1,0x3d92e045fb1847aae132b40ebfcc471a32f687de,1.128746,1773027709,61f555ce3453968eb0b194ffb6ee709adc925c49d244d1f5af7452d2e558483e,150,75.00,3.48,1,5,4,0.022959,0.583489,TopoStake,pog(D=3_omega=1.00_beta=1.00),2.12,13,2
3,2,0x07902d0371763a00d97ed9ba16ff0a206cb0fd19,4.533413,1773027711,69efaade04d1489eb98c73f745ec22ac9470800e5f611d23199ab1ee1a2c040d,125,62.50,4.71,1,8,5,0.022809,0.582621,TopoStake,pog(D=3_omega=1.00_beta=1.00),2.37,14,2
3,3,0x8c11ec9090dd820c076e57e899d9c604c79d6b32,1.566585,1773027713,69efaade04d1489eb98c73f745ec22ac9470800e5f611d23199ab1ee1a2c040d,125,62.50,4.71,1,8,5,0.022809,0.582630,TopoStake,pog(D=3_omega=1.00_beta=1.00),2.37,14,3
3,4,0x3d92e045fb1847aae132b40ebfcc471a32f687de,2.129104,1773027715,cdaa4157046d688da4bba93201550e71fe6563563f0beb693d269dec56a51570,250,62.50,4.49,1,7,5,0.022727,0.582609,TopoStake,pog(D=3_omega=1.00_beta=1.00),3.62,15,3
4,0,0x016d3fc36beee7caa8fbd6c1caa42461dd7f9850,2.881630,1773027717,28884f4888a02b8032e262fc1dfe66c045ca1f3fd5c27b70913dce420822701d,87,43.50,4.39,1,8,5,0.022728,0.583379,TopoStake,pog(D=4_omega=1.00_beta=1.00),2.28,16,3
4,1,0xa068e3c9a21c8d8be636cd2d285895979ec3262e,0.968949,1773027719,be00b5854c7394e40e641d8677306a56fe9be98c7d40a208cfd8509fafac1f64,159,79.50,3.40,2,7,3,0.022836,0.585186,TopoStake,pog(D=4_omega=1.00_beta=1.00),2.04,17,3
4,2,0x58a21eeb7ab18ba8adf1296e66a4487076e95dac,4.093164,1773027721,1c9de7863eb3e07d70c89b1c570e91760225ccd2e1d9694d8c8d99d96cb195a6,115,57.50,4.42,1,8,4,0.022661,0.583606,TopoStake,pog(D=4_omega=1.00_beta=1.00),1.95,18,3
4,3,0x016d3fc36beee7caa8fbd6c1caa42461dd7f9850,3.882418,1773027723,e5da0ef55b90c772480230678bc6849423cb2084a1aea0448ca68acd6cebbff7,161,80.50,3.97,1,6,4,0.022931,0.586693,TopoStake,pog(D=4_omega=1.00_beta=1.00),1.89,19,3
4,4,0x213068cb42718d1dd6d00a6d94d62a3def0e68eb,0.370776,1773027725,217b21ccd804174c628b6badd63b5aa72622272827102478346df62e4a844a4c,144,72.00,3.12,1,4,3,0.023160,0.589382,TopoStake,pog(D=4_omega=1.00_beta=1.00),1.63,20,3
5,0,0x269cdf52f97e1d9f14b7be895155a7b294f0b21d,0.726447,1773027727,5c55edbb6a573209316d6e54ee0acbcb926ebe0c1ffb1c8d79b9285a71481d6c,146,73.00,3.62,1,6,4,0.022898,0.585549,TopoStake,pog(D=3_omega=1.00_beta=1.00),1.47,21,3
5,1,0x07902d0371763a00d97ed9ba16ff0a206cb0fd19,4.533794,1773027729,0ef3379f0525eab5607f86e6ce7c567f41586ade5b52a32578723fd577ab95f1,171,85.50,3.82,1,6,4,0.022689,0.583044,TopoStake,pog(D=3_omega=1.00_beta=1.00),1.64,22,3
5,2,0x606627477c3734932f47972f83c27cf4e3b35b4f,3.377905,1773027731,58310d0c1f199e43ed524a0e6701d562281834badcc1a1af5e7484e1370ec153,147,73.50,2.82,1,4,3,0.022988,0.586182,TopoStake,pog(D=3_omega=1.00_beta=1.00),1.54,23,3
5,3,0x07902d0371763a00d97ed9ba16ff0a206cb0fd19,5.534469,1773027733,a4a6566a76960648c52018f09e92edaf0aa6db4748530153a81636e2b58b2318,157,78.50,3.71,1,5,4,0.023123,0.588163,TopoStake,pog(D=3_omega=1.00_beta=1.00),1.46,24,3
5,4,0x9c39f7fffaa5c5cfab20dfdd05663497918580c1,0.427915,1773027735,1608c6038dd76f204e8b6fb8e975bc8fb0f4c63b26cde9219b962d2710f29d25,147,73.50,2.78,1,4,3,0.023528,0.591388,TopoStake,pog(D=3_omega=1.00_beta=1.00),1.50,25,3
6,0,0x1796dc61e715f15a2d27dfa32bd34780f12a8c24,2.725419,1773027737,1fde647684a67c960617aaa31636be8f661bdb8fd7515ad80e2506131254c16d,144,72.00,4.14,1,5,4,0.023273,0.587662,TopoStake,pog(D=3_omega=1.00_beta=1.00),1.46,26,3
6,1,0x1796dc61e715f15a2d27dfa32bd34780f12a8c24,2.725419,1773027739,1fde647684a67c960617aaa31636be8f661bdb8fd7515ad80e2506131254c16d,144,72.00,4.14,1,5,4,0.023273,0.587671,TopoStake,pog(D=3_omega=1.00_beta=1.00),1.46,26,4
6,2,0xac61c91e7d24df824351a6c4e562a75f0cf646f8,0.252362,1773027741,1fde647684a67c960617aaa31636be8f661bdb8fd7515ad80e2506131254c16d,144,72.00,4.14,1,5,4,0.023273,0.587679,TopoStake,pog(D=3_omega=1.00_beta=1.00),1.46,26,5
6,3,0x95ab54d268473cce82094026afefdbd5cadf418b,0.599165,1773027743,f955b55a18e1a240360b29c4934cc26ca0b85a08f36904353ec7cd66dc803df2,148,24.67,3.89,1,6,4,0.023002,0.583152,TopoStake,pog(D=3_omega=1.00_beta=1.00),6.64,27,5
6,4,0x075e1d95c7891e1c00414ca1aa9a7a8cf6270019,0.142183,1773027745,f955b55a18e1a240360b29c4934cc26ca0b85a08f36904353ec7cd66dc803df2,148,24.67,3.89,1,6,4,0.023002,0.583160,TopoStake,pog(D=3_omega=1.00_beta=1.00),6.64,27,6
7,0,0x0d91704595bff3aec25d40822498a51c62b05e3a,0.571597,1773027747,f955b55a18e1a240360b29c4934cc26ca0b85a08f36904353ec7cd66dc803df2,148,24.67,3.89,1,6,4,0.023003,0.583168,TopoStake,pog(D=3_omega=1.00_beta=1.00),6.64,27,7
7,1,0x016d3fc36beee7caa8fbd6c1caa42461dd7f9850,4.883023,1773027749,f955b55a18e1a240360b29c4934cc26ca0b85a08f36904353ec7cd66dc803df2,148,24.67,3.89,1,6,4,0.023003,0.583178,TopoStake,pog(D=3_omega=1.00_beta=1.00),6.64,27,8
7,2,0xd39dbd3662315e3935ec08e6b6028e73b3c09de2,0.923386,1773027751,b7925fec43c8d4ce48f3702b2e358203f7091ce8d1c0fba8f18d2909e1c87c9b,250,62.50,4.18,1,7,4,0.023003,0.583184,TopoStake,pog(D=3_omega=1.00_beta=1.00),4.78,27,9
7,3,0xb990cdf21950e6086c350175c4bc504e45858230,0.122143,1773027753,0077e37c0dfdf04c75dd6d8a5f588985180d15e3eba6c59627fa6764e34d7889,113,56.50,4.94,1,7,5,0.023004,0.583196,TopoStake,pog(D=3_omega=1.00_beta=1.00),2.51,27,10
7,4,0xa068e3c9a21c8d8be636cd2d285895979ec3262e,1.969219,1773027756,62c5e7d695e17a1a66dea335a83826fbbc0f080889a2b60c756365aa0f0f26d2,145,72.50,4.30,1,7,4,0.022722,0.577971,TopoStake,pog(D=3_omega=1.00_beta=1.00),2.50,28,10
8,0,0x016d3fc36beee7caa8fbd6c1caa42461dd7f9850,4.883004,1773027758,6b4eee087b0d15cc3645d4f9a03af375269806df5701f32d9c1b52c345a87954,127,63.50,4.90,1,8,5,0.022668,0.578299,TopoStake,pog(D=4_omega=1.00_beta=1.00),2.45,29,10
8,1,0xcdc82b7c868072205a399d0f68e6e3ad3bfd1ca6,1.207888,1773027760,4bd9e2d413fc36fc9a89e1c31aeea2743687692b41cfbc6d9e759c00e0d3e02b,111,55.50,3.59,1,6,4,0.022958,0.581288,TopoStake,pog(D=4_omega=1.00_beta=1.00),2.47,30,10
8,2,0x4a217e35f6402e7f62a49f6d62e27c6585c2f3fd,1.492987,1773027762,563e509909847b98487a35490b794174d7d7c52336d649abaf0bed22c2472c29,143,71.50,3.76,1,6,4,0.022808,0.580193,TopoStake,pog(D=4_omega=1.00_beta=1.00),2.48,31,10
8,3,0x07902d0371763a00d97ed9ba16ff0a206cb0fd19,6.535301,1773027764,563e509909847b98487a35490b794174d7d7c52336d649abaf0bed22c2472c29,143,71.50,3.76,1,6,4,0.022808,0.580200,TopoStake,pog(D=4_omega=1.00_beta=1.00),2.48,31,11
8,4,0x50f7fa851f9314d682e36da5caa4635039b5305d,0.106027,1773027766,e7174802ef57a133b1441c017638cf9d031e0d4aee0d3495604ef8932c67d3f4,250,62.50,2.94,2,5,3,0.023273,0.583314,TopoStake,pog(D=4_omega=1.00_beta=1.00),3.97,32,11
9,0,0xdb45667100590f9cfe78a899c3b02c5cd37008f1,0.050988,1773027768,cb70b44678481ee3738fc95e2a3be8e8283d65e168c5577df2d42e62de79f5b2,168,84.00,3.34,1,5,3,0.022993,0.578050,TopoStake,pog(D=3_omega=1.00_beta=1.00),2.32,33,11
9,1,0xc774b0fee7cabbef3b1ae14bf36db3df0d32c1df,1.174063,1773027770,20a5e9b4e9b3a76ac0b7c766bca707e90ab3ea27a69a0afc9206fddfeeaf9234,118,59.00,4.63,1,7,5,0.022712,0.572383,TopoStake,pog(D=3_omega=1.00_beta=1.00),2.38,34,11
9,2,0xd46407aa7b668c72de3cf1c1a12b7fa2e308a1b2,1.991340,1773027772,20a5e9b4e9b3a76ac0b7c766bca707e90ab3ea27a69a0afc9206fddfeeaf9234,118,59.00,4.63,1,7,5,0.022712,0.572389,TopoStake,pog(D=3_omega=1.00_beta=1.00),2.38,34,12
9,3,0x0d91704595bff3aec25d40822498a51c62b05e3a,0.571606,1773027774,85dde44988fa6340c8773362c34000a53276c9822868220890a5c17c03434edf,250,62.50,4.27,1,6,4,0.022651,0.572601,TopoStake,pog(D=3_omega=1.00_beta=1.00),3.90,35,12
9,4,0x8719ca31b72ae8a5404006763c53d5ad503dbcb0,0.116463,1773027776,290e45639237136f384c0f01104103aad18d65b80fa0dbd5051f8e2a8cbb5a97,122,61.00,3.48,1,5,3,0.022435,0.569307,TopoStake,pog(D=3_omega=1.00_beta=1.00),2.26,36,12
10,0,0x0d91704595bff3aec25d40822498a51c62b05e3a,1.572166,1773027778,90916fcdde4334041b50cf73e602f9dceabb5a2a6770d25c699433db4f3e6e9c,141,70.50,4.49,1,7,5,0.022174,0.563989,TopoStake,pog(D=4_omega=1.00_beta=1.00),2.20,37,12
10,1,0xfb35fdafcfc84561a42700a4a1c274edeb75bdc1,0.061879,1773027780,9686e21ecdd4c6f8552130f4bdaabf62e52922de2b9ad1d295b9ceba7dfdd2d5,126,63.00,3.75,1,5,4,0.022072,0.563561,TopoStake,pog(D=4_omega=1.00_beta=1.00),2.02,38,12
10,2,0x50f7fa851f9314d682e36da5caa4635039b5305d,1.107002,1773027782,9033b65e8af88725595055bfa3f280d8cc1fb8696cb25b4c38f70c64db5f58f2,92,46.00,4.32,1,8,4,0.021814,0.557925,TopoStake,pog(D=4_omega=1.00_beta=1.00),1.95,39,12
10,3,0xfb35fdafcfc84561a42700a4a1c274edeb75bdc1,1.062299,1773027784,2e8839b259ae0de83c6c182811eb95bf371b5be072a6c1eac887de2e900ff400,126,63.00,4.55,1,8,4,0.021668,0.556500,TopoStake,pog(D=4_omega=1.00_beta=1.00),2.04,40,12
10,4,0x58a21eeb7ab18ba8adf1296e66a4487076e95dac,5.093796,1773027786,b11087d399b126420a347032fed0fc5560e51b976c291379d7c1e801b3be2a07,130,65.00,4.23,1,8,4,0.021519,0.554821,TopoStake,pog(D=4_omega=1.00_beta=1.00),1.75,41,12
11,0,0x3513d672439a59c26cc5711f2b715ccb4810a774,1.292792,1773027788,dbd755030da97e69c0e5cac08afef58cfb0de32bdbad6f0555ebeabd34a3e817,140,70.00,4.69,1,8,5,0.021772,0.557641,TopoStake,pog(D=4_omega=1.00_beta=1.00),1.92,42,12
11,1,0xd1cd4b808ce6b2841ad42746b64c5a047e857ef0,0.239965,1773027790,dbd755030da97e69c0e5cac08afef58cfb0de32bdbad6f0555ebeabd34a3e817,140,70.00,4.69,1,8,5,0.021772,0.557650,TopoStake,pog(D=4_omega=1.00_beta=1.00),1.92,42,13
11,2,0x0d91704595bff3aec25d40822498a51c62b05e3a,2.572979,1773027792,a66af7abc30a38ccd33b81da0ef4e9ed1232d264ffd66b8d8af56dd6beae5d63,250,62.50,4.22,1,7,4,0.021541,0.552912,TopoStake,pog(D=4_omega=1.00_beta=1.00),2.68,43,13
11,3,0xc774b0fee7cabbef3b1ae14bf36db3df0d32c1df,1.174042,1773027794,d796018edf5f4e49ab26aac8f022061af79cc68bb9217bf1b89db168b4a0dcf6,105,52.50,3.51,1,6,4,0.021540,0.553969,TopoStake,pog(D=4_omega=1.00_beta=1.00),1.53,44,13
11,4,0x50f7fa851f9314d682e36da5caa4635039b5305d,2.107642,1773027796,f01a0dd6b1708d52c5b8a3f8bd54b871ac15d2996acc42bd7b823f7aefbe0e2e,147,73.50,4.37,1,6,5,0.021403,0.552526,TopoStake,pog(D=4_omega=1.00_beta=1.00),1.46,45,13
12,0,0x2abf89d7c96c80fcff9dec1fe92803573094ee35,0.228694,1773027798,70e2d381fe39bb83ba035c8abb3d989ea42671398af85f5a63014feb3f4b0fb0,122,61.00,3.77,1,6,4,0.021356,0.552752,TopoStake,pog(D=4_omega=1.00_beta=1.00),1.51,46,13
12,1,0xf6e059718dbd0a0956726ab97d06bad5efc6cd18,1.016173,1773027801,cf67e7eca5611200415e4563f4458eb5c36030844fec7f7dd1387f947354368b,153,51.00,3.82,1,6,4,0.021133,0.547992,TopoStake,pog(D=4_omega=1.00_beta=1.00),2.50,47,13
12,2,0x07902d0371763a00d97ed9ba16ff0a206cb0fd19,7.536461,1773027802,2dded6a9e64d4160d0e377159727a7e11204ae6d275b28fd3f119dbf9a4963b6,124,62.00,3.69,1,5,4,0.020987,0.546003,TopoStake,pog(D=4_omega=1.00_beta=1.00),2.42,48,13
12,3,0x8719ca31b72ae8a5404006763c53d5ad503dbcb0,1.116800,1773027804,a3fddc259b6e655c2e2e78c42cfe36c42d15417cd936ca0083b5536809e41154,66,66.00,2.77,1,4,3,0.021431,0.548990,TopoStake,pog(D=4_omega=1.00_beta=1.00),1.98,49,13
12,4,0xd1cd4b808ce6b2841ad42746b64c5a047e857ef0,1.241141,1773027806,ac513bd2f3b29c9b89c3f4eb2738d18d1dfee4ca78980c1801f6498cfb61c716,105,52.50,4.24,1,6,4,0.021290,0.547210,TopoStake,pog(D=4_omega=1.00_beta=1.00),2.45,50,13
13,0,0x13f9dadc05f6c237b03411e2aed1800cf21a5d89,0.278584,1773027808,a397ff23d424b1f5e82296eeb18a0a6049c8b98fc82158b1344bf2e0c02d9ef9,158,79.00,4.05,1,6,4,0.021162,0.545690,TopoStake,pog(D=3_omega=1.00_beta=1.00),2.41,51,13
13,1,0xd46407aa7b668c72de3cf1c1a12b7fa2e308a1b2,2.992237,1773027810,f88ad5812e01faedbcdad8eedf6eb1aab93a2e00611b1ab0493f9dceed3cdd8f,142,71.00,3.21,2,6,3,0.020952,0.541136,TopoStake,pog(D=3_omega=1.00_beta=1.00),2.34,52,13
13,2,0x49b57eb4dace37c8819daf079c9c674f766d4f38,1.231537,1773027812,ef9f55ab4dd1f7f342a7a87f2a6a70a06180a577d0c2e3a045a2881559f77120,136,68.00,3.97,1,6,4,0.020978,0.542596,TopoStake,pog(D=3_omega=1.00_beta=1.00),2.29,53,13
13,3,0xcdc82b7c868072205a399d0f68e6e3ad3bfd1ca6,2.208287,1773027814,4c7bcc6214f23a7061c82eb9cf120a85ea69e3b262077da2bb8aa2a5a072660d,160,80.00,3.89,1,6,4,0.020852,0.540974,TopoStake,pog(D=3_omega=1.00_beta=1.00),2.38,54,13
13,4,0x8c11ec9090dd820c076e57e899d9c604c79d6b32,2.567314,1773027816,b3e95d27da84d87e238339eaa3ff719b05ba52e9e2395de58cea0a35a440868f,199,99.50,3.62,1,6,4,0.020810,0.541269,TopoStake,pog(D=3_omega=1.00_beta=1.00),2.14,55,13
14,0,0xa3786e459f289a76c0e8af8ad834e3d0c6d47199,4.727250,1773027818,026530c453ee8c80093304baa209e9c8a1df52890e7938d6f1c6979cbc479163,156,78.00,3.97,1,6,4,0.020796,0.541960,TopoStake,pog(D=3_omega=1.00_beta=1.00),2.26,56,13
14,1,0xb990cdf21950e6086c350175c4bc504e45858230,1.122615,1773027820,d7b36717d38dd3f40c57cffebb44e56f136750d9f73bf6d0971f53b2d747a31a,181,90.50,4.08,1,6,4,0.020957,0.544437,TopoStake,pog(D=3_omega=1.00_beta=1.00),2.09,57,13
14,2,0x0d91704595bff3aec25d40822498a51c62b05e3a,3.573754,1773027822,44a1bd2077d06c6371ae2eeb320fd1bcdbd2d154d80cc241444cc51b9230d48a,135,67.50,4.05,1,6,4,0.020823,0.542420,TopoStake,pog(D=3_omega=1.00_beta=1.00),1.91,58,13
14,3,0x30509a8084fdfe6fe24d9c9a817c209ad194f8e3,2.656845,1773027824,0a835147b6bceb0bd7724603bb9768627d7ce80af27742b8db65a7c81155cf15,164,82.00,3.45,1,6,3,0.020884,0.544210,TopoStake,pog(D=3_omega=1.00_beta=1.00),1.73,59,13
14,4,0x95ab54d268473cce82094026afefdbd5cadf418b,0.598518,1773027826,3bf3e3fac415328a0399327e5bdbc0f0210aa3b8729cca5c75578f019f490090,142,71.00,3.94,1,6,4,0.020871,0.544872,TopoStake,pog(D=3_omega=1.00_beta=1.00),1.60,60,13
15,0,0x6064b9f5883bf9737dfe314ff68c56e09e68ac89,2.192012,1773027828,9dc1bfbffe9c5bdc895f6fcaab11f382b84c8ff1bceb789ad265d1fb6074c367,139,69.50,4.32,1,6,5,0.020697,0.541401,TopoStake,pog(D=3_omega=1.00_beta=1.00),1.64,61,13
15,1,0xb990cdf21950e6086c350175c4bc504e45858230,2.123190,1773027830,9dc1bfbffe9c5bdc895f6fcaab11f382b84c8ff1bceb789ad265d1fb6074c367,139,69.50,4.32,1,6,5,0.020697,0.541406,TopoStake,pog(D=3_omega=1.00_beta=1.00),1.64,61,14
15,2,0x13f9dadc05f6c237b03411e2aed1800cf21a5d89,1.279423,1773027832,7f2687f6c6366bf1d368020dda12d1db10acaf2d3046f9ca13b9f4590663bfcb,250,62.50,4.14,1,7,4,0.020642,0.541292,TopoStake,pog(D=3_omega=1.00_beta=1.00),3.06,62,14
15,3,0xd1cd4b808ce6b2841ad42746b64c5a047e857ef0,2.241833,1773027834,083b167a250ef9b3b0a8767dbedec5df0f80cf4c5acdd50a54e062b49de9c031,131,65.50,3.13,2,5,3,0.020524,0.539607,TopoStake,pog(D=3_omega=1.00_beta=1.00),1.83,63,14
15,4,0xd67aaaf210c0c36ddcb7055222d168b5c9dd1b36,0.188505,1773027836,3f6c1e7341275ee82080d5ae7a63c87450a411327a7637fec6e1fbd3d9681174,164,82.00,4.04,1,6,4,0.020479,0.539562,TopoStake,pog(D=3_omega=1.00_beta=1.00),1.52,64,14
16,0,0x13f9dadc05f6c237b03411e2aed1800cf21a5d89,2.280091,1773027838,8df0dfee22bb95038edc2c5069818fa37804d1174e1ce604f82aceabceb83e04,159,53.00,3.94,1,6,4,0.020282,0.534931,TopoStake,pog(D=3_omega=1.00_beta=1.00),2.49,65,14
16,1,0xa7e4d4d949807065ebf85adc1be8c382c7236c15,0.217628,1773027840,5abaeec70bef2bd7deafaa816eb088edd1bb2db3c963a58d54fd07e7640589ea,157,78.50,3.08,1,5,3,0.020240,0.534854,TopoStake,pog(D=3_omega=1.00_beta=1.00),2.48,66,14
16,2,0x719361397abe003a91af76243e5f9c7a0cd4279f,3.544030,1773027842,b944cba67dfa49c773074e220bea2989eae6dcba69a41517e81d51c299611fa6,66,66.00,4.11,1,7,4,0.020050,0.530269,TopoStake,pog(D=3_omega=1.00_beta=1.00),2.00,67,14
16,3,0xd46407aa7b668c72de3cf1c1a12b7fa2e308a1b2,3.992748,1773027844,85595b321b376b0d6369455d6c48d552dc851d87e059c6d01a54f71233f7f85a,143,71.50,4.15,1,8,4,0.020099,0.531880,TopoStake,pog(D=3_omega=1.00_beta=1.00),2.53,68,14
16,4,0xc24b36dee27726233c3bbd9e1f028f98b6b2a424,4.413135,1773027846,45b01db3b36f43d4be9cbd9661eae393b213e9e55644e323f0ad7acdedd5eb49,149,74.50,4.62,1,8,5,0.020177,0.533797,TopoStake,pog(D=3_omega=1.00_beta=1.00),2.48,69,14
17,0,0x95ab54d268473cce82094026afefdbd5cadf418b,1.598931,1773027848,b2c0156815d1b46cedb3e2bb75f863ed8cd516e7475c5e5c13019e2085b027d5,167,83.50,4.21,1,7,4,0.020281,0.535905,TopoStake,pog(D=4_omega=1.00_beta=1.00),9.28,70,14
17,1,0x24898fcb116b48cb2b6fd5d3b4eb599fee0f4633,0.053205,1773027850,09f5e89873b1c870902ab1ae71f9352ca8bc81184b720271f1f5d75d96ae6737,170,85.00,4.60,1,7,5,0.020188,0.534812,TopoStake,pog(D=4_omega=1.00_beta=1.00),2.35,71,14
17,2,0x1796dc61e715f15a2d27dfa32bd34780f12a8c24,2.725962,1773027852,2b475f8e0a73e738227c4b6f8758ce886bd901d358e1862154e9550a8e074e15,188,94.00,3.65,1,6,4,0.019991,0.529727,TopoStake,pog(D=4_omega=1.00_beta=1.00),2.11,72,14
17,3,0x13f9dadc05f6c237b03411e2aed1800cf21a5d89,3.281245,1773027854,fc692007a06fc01c171252b8396a58153502ce0453275ce25ab1cc2685134495,157,78.50,3.39,1,5,3,0.019976,0.530213,TopoStake,pog(D=4_omega=1.00_beta=1.00),1.81,73,14
17,4,0x50f7fa851f9314d682e36da5caa4635039b5305d,3.108227,1773027856,4756275ab67b6d43aaa69c374322e7060865aa900c039772a2f0af654711873c,161,80.50,3.11,2,5,3,0.019997,0.531348,TopoStake,pog(D=4_omega=1.00_beta=1.00),1.66,74,14
18,0,0xd46407aa7b668c72de3cf1c1a12b7fa2e308a1b2,4.993177,1773027858,76c800e99497e45af6cb3991cca6eaf7c2e19ffbf2fd66c444db473ebc00bd58,167,83.50,3.46,1,5,4,0.020005,0.532213,TopoStake,pog(D=3_omega=1.00_beta=1.00),1.56,75,14
18,1,0x016d3fc36beee7caa8fbd6c1caa42461dd7f9850,5.884541,1773027860,4381c5bcc755405c4dca0ba38c14e172f2a414fd5867bc619acca137c4eda825,160,80.00,4.11,1,6,4,0.020134,0.534362,TopoStake,pog(D=3_omega=1.00_beta=1.00),1.62,76,14
18,2,0x13f9dadc05f6c237b03411e2aed1800cf21a5d89,4.282138,1773027862,bea82356399455d006c6ab127e850d0911bd3f788819f370cedb8418eefd01c7,147,73.50,3.41,1,5,3,0.020315,0.536793,TopoStake,pog(D=3_omega=1.00_beta=1.00),1.52,77,14
18,3,0xf6e059718dbd0a0956726ab97d06bad5efc6cd18,2.016332,1773027864,2c2ac51fcafbcb8e457454cedb79258a79b753fc8175f7ad260d6ee742056dce,138,69.00,3.28,1,5,4,0.020389,0.538571,TopoStake,pog(D=3_omega=1.00_beta=1.00),1.50,78,14
18,4,0x269cdf52f97e1d9f14b7be895155a7b294f0b21d,1.726646,1773027866,aa2d73c136caeb93e9b9331ec16e2d3dc23fd00882b8247a2f6d8c80256ce741,138,69.00,4.67,2,6,5,0.020319,0.537938,TopoStake,pog(D=3_omega=1.00_beta=1.00),1.59,79,14
19,0,0x075e1d95c7891e1c00414ca1aa9a7a8cf6270019,0.141994,1773027868,a51fb60eebfcf3ce1903fa5f85a9398962defdb23dd2b7a9a1f81ac31ff9ddbb,139,69.50,3.73,1,6,4,0.020232,0.536877,TopoStake,pog(D=3_omega=1.00_beta=1.00),1.54,80,14
19,1,0x282f43759e22b50aa7989261c51c367f325c3f91,0.352341,1773027870,a51fb60eebfcf3ce1903fa5f85a9398962defdb23dd2b7a9a1f81ac31ff9ddbb,139,69.50,3.73,1,6,4,0.020232,0.536882,TopoStake,pog(D=3_omega=1.00_beta=1.00),1.54,80,15
19,2,0xfb35fdafcfc84561a42700a4a1c274edeb75bdc1,2.062485,1773027873,050994f2421c45078b555a5b19e48cf4137313cdea1a4723ec7ad8c08442bad4,250,50.00,4.40,1,7,4,0.020061,0.532817,TopoStake,pog(D=3_omega=1.00_beta=1.00),3.56,81,15
19,3,0x13f9dadc05f6c237b03411e2aed1800cf21a5d89,5.282922,1773027874,fd383d0fb006627a67e0b3183b82475c22c418f82dd9a6cd20cf610efdb375d3,94,47.00,4.60,1,6,5,0.019996,0.532103,TopoStake,pog(D=3_omega=1.00_beta=1.00),2.52,82,15
19,4,0xe184aeec69f3313df03bef8752946c65f0a70021,0.090712,1773027876,5513821e4d15daf28fa5bbd453c641a0d60bc15d38a7f229fe3044273a91970c,68,68.00,3.10,1,5,3,0.020124,0.534163,TopoStake,pog(D=3_omega=1.00_beta=1.00),1.94,83,15
20,0,0xb990cdf21950e6086c350175c4bc504e45858230,3.124295,1773027878,5dc7589aee9a29054de71969b022c12e085fc07cb4b1d80d74b4b20ccd16ba66,157,78.50,4.20,1,6,4,0.019941,0.529370,TopoStake,pog(D=4_omega=1.00_beta=1.00),2.48,84,15
20,1,0xd1cd4b808ce6b2841ad42746b64c5a047e857ef0,3.242562,1773027880,105f120e037b9f03e27da4bb49bbe6d393b768c57e6c5b8527fec16436708a71,148,74.00,4.03,1,6,4,0.019938,0.530109,TopoStake,pog(D=4_omega=1.00_beta=1.00),2.39,85,15
20,2,0x4ba33404d90c4ae989714d9d174cd882cffb7994,1.118050,1773027882,316d44f456e5c2cb448caf42c9b72b767883d5f387852df3d19f5f315fb2d3cb,150,75.00,3.83,1,6,4,0.019940,0.530853,TopoStake,pog(D=4_omega=1.00_beta=1.00),2.27,86,15
20,3,0x3d92e045fb1847aae132b40ebfcc471a32f687de,3.128594,1773027884,45e14c711a52b181a4bbc91ee27704b206cdff3fc0590a337be2fe34503fd4fd,119,59.50,4.62,1,8,5,0.019820,0.528807,TopoStake,pog(D=4_omega=1.00_beta=1.00),2.31,87,15
20,4,0x3513d672439a59c26cc5711f2b715ccb4810a774,1.292747,1773027886,ea5078a90a7f13137064eabca60c10bf7672d602ceb5dfe89779f425edae6e96,163,81.50,3.97,1,7,4,0.019816,0.529342,TopoStake,pog(D=4_omega=1.00_beta=1.00),2.26,88,15
21,0,0x269cdf52f97e1d9f14b7be895155a7b294f0b21d,2.727264,1773027888,1b96d1e4274c719d1a704b11b103e4f7e65ab724ecb106dd829f66e12948dead,168,84.00,3.74,2,7,4,0.019707,0.527589,TopoStake,pog(D=4_omega=1.00_beta=1.00),1.90,89,15
21,1,0x1796dc61e715f15a2d27dfa32bd34780f12a8c24,3.726936,1773027890,0c1902b6b25dc21f767b46416592c981fdc463875593af54f2810d06897a0b42,161,80.50,3.86,1,6,4,0.019679,0.527584,TopoStake,pog(D=4_omega=1.00_beta=1.00),1.71,90,15
21,2,0x50f7fa851f9314d682e36da5caa4635039b5305d,4.109082,1773027892,cefe7c9e8af49808035c0c4847439850042aa8714573f348ea02f44e54ea5e6b,162,81.00,3.50,2,6,3,0.019705,0.528697,TopoStake,pog(D=4_omega=1.00_beta=1.00),1.62,91,15
21,3,0x37cc7a82e66d4f4c2ae13b9ee895d3af1a1d7a05,1.264528,1773027894,50b27149000cb60815230785a2353382516de4279e385692c9603106a3105be9,136,68.00,3.46,1,5,3,0.019751,0.530110,TopoStake,pog(D=4_omega=1.00_beta=1.00),1.48,92,15
21,4,0x24898fcb116b48cb2b6fd5d3b4eb599fee0f4633,1.054023,1773027896,51ef4641f5b7b218ab083ebe59121e4f4ee7d98e7e56c1977de6954c6067ffe0,134,67.00,3.99,2,6,4,0.019642,0.528237,TopoStake,pog(D=4_omega=1.00_beta=1.00),1.49,93,15
22,0,0x37cc7a82e66d4f4c2ae13b9ee895d3af1a1d7a05,2.265158,1773027898,8d8ca0f65765f7a35dab22247b1c23f79582cbf9526f874eac40b183ffa05624,136,68.00,3.70,1,6,4,0.019522,0.525887,TopoStake,pog(D=3_omega=1.00_beta=1.00),1.49,94,15
22,1,0x0d91704595bff3aec25d40822498a51c62b05e3a,4.575144,1773027900,8d8ca0f65765f7a35dab22247b1c23f79582cbf9526f874eac40b183ffa05624,136,68.00,3.70,1,6,4,0.019522,0.525891,TopoStake,pog(D=3_omega=1.00_beta=1.00),1.49,94,16
22,2,0x60705151f1f537cacd5b801f3ef1b31dc3f605de,0.304335,1773027903,2232b01522fff32fa66c6e3cdb65bcf7bbc4846471384357c123b2659bc93465,250,50.00,3.30,1,5,3,0.019590,0.527508,TopoStake,pog(D=3_omega=1.00_beta=1.00),3.66,95,16
22,3,0x13f9dadc05f6c237b03411e2aed1800cf21a5d89,6.283725,1773027905,bcf4353eb2a13e67ed9d6ddb96eb94683669c4498271e76d82b5aed9efbfb752,96,48.00,4.32,1,6,4,0.019433,0.523453,TopoStake,pog(D=3_omega=1.00_beta=1.00),2.51,96,16
22,4,0x016d3fc36beee7caa8fbd6c1caa42461dd7f9850,6.885464,1773027907,af7e820bce9ab6758ccd7fb8965b3d204c1c485e9fc9a651445414c12b372ee4,150,75.00,3.05,1,5,3,0.019586,0.525666,TopoStake,pog(D=3_omega=1.00_beta=1.00),2.51,97,16
23,0,0x13f9dadc05f6c237b03411e2aed1800cf21a5d89,7.284405,1773027909,85c2df145a3fd2f6f8e0f8a30e92196e3f4ad75f22f70ca23a0724d58ef711fc,153,76.50,3.28,1,5,3,0.019766,0.527875,TopoStake,pog(D=3_omega=1.00_beta=1.00),2.39,98,16
23,1,0x0d91704595bff3aec25d40822498a51c62b05e3a,5.576573,1773027911,bcff69e684561296999606190790fc905b588dab543803c2f9a5734666a05b08,178,89.00,2.99,1,5,3,0.019961,0.530043,TopoStake,pog(D=3_omega=1.00_beta=1.00),2.25,99,16
23,2,0xfb35fdafcfc84561a42700a4a1c274edeb75bdc1,3.062525,1773027913,538b3bded3961e8d11bc29270c150b9fa4f6f1b2c394438886012574d3212cbb,140,70.00,3.59,1,6,4,0.020066,0.531939,TopoStake,pog(D=3_omega=1.00_beta=1.00),2.09,100,16
23,3,0x0d91704595bff3aec25d40822498a51c62b05e3a,6.577223,1773027915,a76cbce99b9b9d5dd86416a9d537be34b51e04ff867771124853e40226025c2d,141,70.50,3.99,1,8,4,0.020043,0.532175,TopoStake,pog(D=3_omega=1.00_beta=1.00),2.04,101,16
23,4,0xcdc82b7c868072205a399d0f68e6e3ad3bfd1ca6,3.208790,1773027917,279b35fc224cbdb6b6c27c966b53f9ae0cd76232fec24e853b55059087207587,155,77.50,3.77,1,7,4,0.020193,0.534150,TopoStake,pog(D=3_omega=1.00_beta=1.00),1.88,102,16
24,0,0xb2a7fe70a6f3137d38f6cb4c3ec6dd1e24f2d5f4,1.422254,1773027919,261f9e5e6acc563902ece0c659e6dc589ae746c9ccee52098ada43ffb1f7dfcd,124,62.00,4.44,1,8,4,0.020174,0.534406,TopoStake,pog(D=3_omega=1.00_beta=1.00),1.85,103,16
24,1,0x13f9dadc05f6c237b03411e2aed1800cf21a5d89,8.285312,1773027921,261f9e5e6acc563902ece0c659e6dc589ae746c9ccee52098ada43ffb1f7dfcd,124,62.00,4.44,1,8,4,0.020175,0.534410,TopoStake,pog(D=3_omega=1.00_beta=1.00),1.85,103,17
24,2,0x606627477c3734932f47972f83c27cf4e3b35b4f,4.378128,1773027923,50c4dc133790ff7ebcc47e159e8ea95258bb88a9db6c87b2405f71fae1961cf2,250,62.50,3.42,1,7,3,0.020400,0.536624,TopoStake,pog(D=3_omega=1.00_beta=1.00),3.10,104,17
24,3,0xdcf2130496e27a8094ab996aea4aa77788d65869,4.505317,1773027925,f1b4f0227d5a65148dc39dcd6553e1c0e9c4b2e1bb0dc43c0a6b952b27578225,102,51.00,4.51,1,6,5,0.020434,0.537924,TopoStake,pog(D=3_omega=1.00_beta=1.00),1.75,105,17
24,4,0x13f9dadc05f6c237b03411e2aed1800cf21a5d89,9.286599,1773027927,0fe5f22a54ff740b9a2c3cbbcb39efe71392588e70c6f2ac05eac0e9b4e55650,124,41.33,4.19,1,6,4,0.020434,0.537928,TopoStake,pog(D=3_omega=1.00_beta=1.00),2.56,106,17
25,0,0x1cb1274c711a6c2e4e1596846e6ac604eeefb358,1.408751,1773027929,9e9806df46f46dcad8dde9062cb22a73782108dc2b1fea1410e65c1e7111f447,117,58.50,3.19,1,5,3,0.020698,0.540128,TopoStake,pog(D=3_omega=1.00_beta=1.00),2.62,107,17
25,1,0x24898fcb116b48cb2b6fd5d3b4eb599fee0f4633,2.054508,1773027931,04f84596596a1c7c50363e83fe442d6d44e9b05a90f89348e71dc7a306bde7af,71,71.00,4.56,2,7,4,0.020587,0.538433,TopoStake,pog(D=3_omega=1.00_beta=1.00),2.00,108,17
25,2,0x3d92e045fb1847aae132b40ebfcc471a32f687de,4.129295,1773027933,31ca148c8281b3448aa5250ec9eded2349741fb7c1b79b256c3252493dce61ac,135,67.50,4.93,1,7,5,0.020508,0.537564,TopoStake,pog(D=3_omega=1.00_beta=1.00),2.47,109,17
25,3,0x1cb1274c711a6c2e4e1596846e6ac604eeefb358,2.408991,1773027935,00ee594252f2190e79a200f574255a7c53c0596ae3dff325aefd668aec28e434,112,56.00,4.13,2,7,4,0.020525,0.538610,TopoStake,pog(D=3_omega=1.00_beta=1.00),2.38,110,17
25,4,0x13f9dadc05f6c237b03411e2aed1800cf21a5d89,10.287262,1773027937,9b2d7fef44047c647729bf26f73052a28075d3e638c0f3035440e460f16ee4ee,117,58.50,3.67,2,7,4,0.020462,0.538061,TopoStake,pog(D=3_omega=1.00_beta=1.00),2.30,111,17
26,0,0xa7e4d4d949807065ebf85adc1be8c382c7236c15,1.217491,1773027939,a64c6409ffaf3f68a26bef5a59dabe72fde6092be8024bb1033a2c2f0cf51318,118,59.00,3.08,1,7,3,0.020753,0.540208,TopoStake,pog(D=4_omega=1.00_beta=1.00),2.10,112,17
26,1,0x016d3fc36beee7caa8fbd6c1caa42461dd7f9850,7.886557,1773027941,86f98cdf45fd581784d82c4082debc8b7689c47ade336fa5d94647e8c4e3f3df,102,51.00,4.35,1,8,4,0.020634,0.538103,TopoStake,pog(D=4_omega=1.00_beta=1.00),1.93,113,17
26,2,0x50f7fa851f9314d682e36da5caa4635039b5305d,5.109787,1773027943,4dc654bb54d8c6426e77e9d7bdd7e2d577773410d847ccb468d2f848f945dab9,159,79.50,3.45,1,7,3,0.020811,0.540076,TopoStake,pog(D=4_omega=1.00_beta=1.00),1.72,114,17
26,3,0xdb45667100590f9cfe78a899c3b02c5cd37008f1,1.050194,1773027945,8ef2aa4075160c9dcf3e580d14e367da250fc8cb998b1bed69da72d4956b4a47,135,67.50,4.19,1,8,4,0.020862,0.541522,TopoStake,pog(D=4_omega=1.00_beta=1.00),1.70,115,17
26,4,0xc774b0fee7cabbef3b1ae14bf36db3df0d32c1df,2.174338,1773027947,6688f763d54887f66facac3beb62cb241550081cbd0e7bd7ef98f1284cab779b,156,78.00,4.81,1,9,5,0.020736,0.539081,TopoStake,pog(D=4_omega=1.00_beta=1.00),1.63,116,17
27,0,0x016d3fc36beee7caa8fbd6c1caa42461dd7f9850,8.887397,1773027949,0f8e9e5e5363fc96a6a3cee51ab4869a018a270bb25acb75af6b22588feed2eb,145,72.50,4.44,1,8,5,0.020659,0.538242,TopoStake,pog(D=4_omega=1.00_beta=1.00),1.68,117,17
27,1,0x075e1d95c7891e1c00414ca1aa9a7a8cf6270019,0.142052,1773027952,8025f10a7e315029322c70e9fa973849a3cbbf2119f2917d3b284284d0e9a36d,146,48.67,3.49,1,7,3,0.020868,0.540238,TopoStake,pog(D=4_omega=1.00_beta=1.00),2.55,118,17
27,2,0x269cdf52f97e1d9f14b7be895155a7b294f0b21d,3.727841,1773027953,8025f10a7e315029322c70e9fa973849a3cbbf2119f2917d3b284284d0e9a36d,146,48.67,3.49,1,7,3,0.020869,0.540241,TopoStake,pog(D=4_omega=1.00_beta=1.00),2.55,118,18
27,3,0x13f9dadc05f6c237b03411e2aed1800cf21a5d89,11.288409,1773027955,2773a6abbc60b9252fdf51dcaeb232c33a69d9347e90fe7aa43208efc7ffe073,178,59.33,5.75,1,10,6,0.020856,0.540834,TopoStake,pog(D=4_omega=1.00_beta=1.00),3.10,119,18
27,4,0x58a21eeb7ab18ba8adf1296e66a4487076e95dac,6.094093,1773027957,cf1441978767b5bdc54bf98f2b49eb585674b9fec36066620dd151ef89a5b60e,156,78.00,4.07,1,8,4,0.021158,0.542890,TopoStake,pog(D=4_omega=1.00_beta=1.00),2.56,120,18
28,0,0x28672c71695142588ed26ada6f4b18b8b6c12308,0.692023,1773027959,c9715a55369da4f1d9124120e15c2ac83e4c386addd93063ccb6b75a8fbc0af9,128,64.00,4.75,1,9,5,0.021239,0.544562,TopoStake,pog(D=4_omega=1.00_beta=1.00),2.41,121,18
28,1,0x3d92e045fb1847aae132b40ebfcc471a32f687de,5.129823,1773027961,c9715a55369da4f1d9124120e15c2ac83e4c386addd93063ccb6b75a8fbc0af9,128,64.00,4.75,1,9,5,0.021239,0.544567,TopoStake,pog(D=4_omega=1.00_beta=1.00),2.41,121,19
28,2,0x30405867b72597aaeb27803bb2c7f3f5fc7d5384,0.517552,1773027963,54fe03fcd2a68e3b922877ac7cfd4ad43697f769bddc7566c39ae55c7001e535,250,62.50,4.52,1,9,5,0.021278,0.545868,TopoStake,pog(D=4_omega=1.00_beta=1.00),3.67,122,19
28,3,0xe184aeec69f3313df03bef8752946c65f0a70021,1.090725,1773027965,9e279d10227c1b7c157849974f03a89c9e290caf781dd2dc84264a3f31581183,182,91.00,3.48,1,5,4,0.021128,0.542495,TopoStake,pog(D=4_omega=1.00_beta=1.00),2.04,123,19
28,4,0x2abf89d7c96c80fcff9dec1fe92803573094ee35,1.228828,1773027967,23c09fb286482a1f9c4a35d0235d6e42e6402fd15629c8a271d25108187f017f,138,69.00,4.15,1,6,4,0.021003,0.540072,TopoStake,pog(D=4_omega=1.00_beta=1.00),1.49,124,19
29,0,0x07902d0371763a00d97ed9ba16ff0a206cb0fd19,8.538812,1773027969,ead2a4d13050617d83c73ac762353c77880f852b3d1af7c3023d2e588e781975,130,65.00,3.65,1,5,4,0.020885,0.537830,TopoStake,pog(D=4_omega=1.00_beta=1.00),1.52,125,19
29,1,0xd1cd4b808ce6b2841ad42746b64c5a047e857ef0,4.242971,1773027971,ead2a4d13050617d83c73ac762353c77880f852b3d1af7c3023d2e588e781975,130,65.00,3.65,1,5,4,0.020885,0.537833,TopoStake,pog(D=4_omega=1.00_beta=1.00),1.52,125,20
29,2,0x016d3fc36beee7caa8fbd6c1caa42461dd7f9850,9.888273,1773027973,9df23d4ada220ab30b4aa37672199c658aa87fdcddd4c7a9f1830ac09855d721,245,49.00,3.91,1,8,4,0.020887,0.538730,TopoStake,pog(D=4_omega=1.00_beta=1.00),3.56,126,20
29,3,0x269cdf52f97e1d9f14b7be895155a7b294f0b21d,4.728412,1773027976,bea2ef9e4edf60d9e8b796d5181ca9bf2efa5d47ca4cd9d17514cae18b5645f2,117,58.50,4.02,1,7,4,0.021110,0.540643,TopoStake,pog(D=4_omega=1.00_beta=1.00),2.48,127,20
29,4,0x3d92e045fb1847aae132b40ebfcc471a32f687de,6.130963,1773027977,7dca1834869c290d06d2344b0c255adea6c6769759873c33245eae9b51c2cb13,105,52.50,5.42,1,10,6,0.021128,0.541670,TopoStake,pog(D=4_omega=1.00_beta=1.00),2.54,128,20
30,0,0xe478b1e4d1538274c0c70cbd7df877f9abab2f62,2.298557,1773027979,f57d49fd9583975811babd6f648a516233cebd05ad34ce504de3b390b790295f,88,88.00,4.72,1,6,5,0.021198,0.543205,TopoStake,pog(D=4_omega=1.00_beta=1.00),2.28,129,20
30,1,0x016d3fc36beee7caa8fbd6c1caa42461dd7f9850,10.888928,1773027981,b4142cb7f4e4027077cc1badb7982bff805302b2c50a2fce4c429e33e7760d8c,126,63.00,5.11,1,9,6,0.021120,0.542441,TopoStake,pog(D=4_omega=1.00_beta=1.00),20.04,130,20
30,2,0x07902d0371763a00d97ed9ba16ff0a206cb0fd19,8.538962,1773027983,eb5a173aca61552b757c83c4086e16a7088969459332a125813b9080c3d639e7,152,76.00,3.53,1,7,3,0.021368,0.544305,TopoStake,pog(D=4_omega=1.00_beta=1.00),2.15,131,20
30,3,0x6d6b2734a20229ddd7fd4a1470ba3e3bad4e4a85,1.642759,1773027985,b2ad07f117680003ccdeea913825aebdbaad610abcd6db7fecf3453e06c84335,160,80.00,2.99,1,4,3,0.021523,0.546067,TopoStake,pog(D=4_omega=1.00_beta=1.00),1.94,132,20
30,4,0x50f7fa851f9314d682e36da5caa4635039b5305d,6.110525,1773027987,5b68496431adf0b22bcfb7d87945b106b7a9d83c15e96de71936903a0418ce55,140,70.00,3.78,2,6,4,0.021417,0.544429,TopoStake,pog(D=4_omega=1.00_beta=1.00),1.76,133,20
31,0,0x89100a8056319ba37491b32ba255004180607bc2,2.786714,1773027989,7e7d39f6c32ff0cb4b85595e5433b93b0a981b39f1e043d7754d3f178e9b31e6,140,70.00,3.33,1,6,3,0.021477,0.545833,TopoStake,pog(D=3_omega=1.00_beta=1.00),1.62,134,20
31,1,0x07902d0371763a00d97ed9ba16ff0a206cb0fd19,9.539876,1773027991,0b3f76d6d1d5704c1af19daa9b89001aa8da3124ae25f7b387979a0bded802ab,129,64.50,3.81,1,7,4,0.021414,0.545458,TopoStake,pog(D=3_omega=1.00_beta=1.00),1.56,135,20
31,2,0x34412315480562da4810040fd15c81f99880e1ab,1.896952,1773027993,98a05f718e94eafc6cc9590665c55162d06fffcbee0b59ca7c5b2d32b56de4ab,155,77.50,2.90,1,4,3,0.021597,0.547184,TopoStake,pog(D=3_omega=1.00_beta=1.00),1.48,136,20
31,3,0x4ba33404d90c4ae989714d9d174cd882cffb7994,2.117912,1773027995,5f2049df60a59fbd0c3fa4c2272445e5acc8b18f92b936aba872ea3ebcb5b608,141,70.50,4.15,2,6,4,0.021500,0.545801,TopoStake,pog(D=3_omega=1.00_beta=1.00),1.55,137,20
31,4,0x07902d0371763a00d97ed9ba16ff0a206cb0fd19,10.540705,1773027997,42ff214c3d37d50b844540cc948d0fc687201283f907bf8b073a0c7b427c1a64,153,51.00,4.46,1,6,4,0.021412,0.544645,TopoStake,pog(D=3_omega=1.00_beta=1.00),2.52,138,20
32,0,0x89100a8056319ba37491b32ba255004180607bc2,3.787296,1773028000,fcc764bc6fa32bbbbfdf36f6df7e4d71490dc096c3157667883598ed8f1ddc41,165,82.50,2.85,1,4,3,0.021623,0.546355,TopoStake,pog(D=3_omega=1.00_beta=1.00),2.50,139,20
32,1,0x07902d0371763a00d97ed9ba16ff0a206cb0fd19,11.541500,1773028001,ebd1c9110fe3f7c99b3a29830cc4b517d75870bc162ee46ea970d0fc8a2e4e7b,169,84.50,3.78,1,5,4,0.021593,0.546784,TopoStake,pog(D=3_omega=1.00_beta=1.00),2.46,140,20
32,2,0xfb35fdafcfc84561a42700a4a1c274edeb75bdc1,4.062769,1773028003,ebd1c9110fe3f7c99b3a29830cc4b517d75870bc162ee46ea970d0fc8a2e4e7b,169,84.50,3.78,1,5,4,0.021593,0.546788,TopoStake,pog(D=3_omega=1.00_beta=1.00),2.46,140,21
32,3,0x2abf89d7c96c80fcff9dec1fe92803573094ee35,2.229218,1773028005,4339d0dc3f6f3bc84345ef727592f8d4501709de67501ad5b52b4bde2cece2a4,227,75.67,4.05,1,7,4,0.021572,0.547325,TopoStake,pog(D=3_omega=1.00_beta=1.00),3.05,141,21
32,4,0xe478b1e4d1538274c0c70cbd7df877f9abab2f62,3.298993,1773028007,cb3a52f3cffafc83531d0498f2b35944add5320f809f5e4c1e6d4e20fdc3abcc,151,75.50,3.60,1,6,4,0.021487,0.546238,TopoStake,pog(D=3_omega=1.00_beta=1.00),2.27,142,21
33,0,0x016d3fc36beee7caa8fbd6c1caa42461dd7f9850,11.889710,1773028009,dbef7f7bc8e2339b86a60f34ac94534f95f1b08c78be95d8651f3412376363d8,132,66.00,3.99,1,6,4,0.021440,0.546216,TopoStake,pog(D=3_omega=1.00_beta=1.00),2.37,143,21
33,1,0xb7b4ee0a72bc410bf6d32b9cd3f3e11fc756d6f1,0.080751,1773028011,061ec223458ae7989f7763bf979ae26153f1085aaf0f5ad7f62a6202fbce9d78,168,84.00,3.29,2,6,3,0.021684,0.548015,TopoStake,pog(D=3_omega=1.00_beta=1.00),1.95,144,21
33,2,0xeb82a21cb3d0dd781eb22ad74bb7cd9b4d2a06ec,2.923683,1773028013,9e224b0cba34856be55efc260410e73e11faf595e0e53ba0c53958ad2a39884d,218,109.00,3.04,1,6,4,0.021526,0.544122,TopoStake,pog(D=3_omega=1.00_beta=1.00),39.54,145,21
33,3,0x8719ca31b72ae8a5404006763c53d5ad503dbcb0,2.115728,1773028015,28ab555eea427aa1b3dae47834f608a42df8ab06ffecc8e906cf19153edc4003,180,90.00,3.41,1,6,4,0.021465,0.543733,TopoStake,pog(D=3_omega=1.00_beta=1.00),21.11,146,21
33,4,0x1796dc61e715f15a2d27dfa32bd34780f12a8c24,4.728012,1773028017,7e597bab5095fb9fe281e3566f916cfdacc31d5a7009081f9075108539752a94,136,68.00,4.07,1,6,4,0.021377,0.542455,TopoStake,pog(D=3_omega=1.00_beta=1.00),1.51,147,21
34,0,0x13f9dadc05f6c237b03411e2aed1800cf21a5d89,12.290533,1773028019,17bca12ccad832fff5f8db1612bcef8cd83356b3461b41255bc6eb7c3bf789e0,149,74.50,3.42,1,5,3,0.021376,0.543280,TopoStake,pog(D=3_omega=1.00_beta=1.00),1.47,148,21
34,1,0x07902d0371763a00d97ed9ba16ff0a206cb0fd19,11.541855,1773028022,9a1835369d786ed974bf7e0149f7ba0dc1fc6576951a2fdbde5ad446c5ef725d,152,50.67,3.05,1,5,3,0.021620,0.545040,TopoStake,pog(D=3_omega=1.00_beta=1.00),2.57,149,21
34,2,0x311eb133eb413ac3f21249889bb101e5d40820ce,0.133904,1773028024,9a1835369d786ed974bf7e0149f7ba0dc1fc6576951a2fdbde5ad446c5ef725d,152,50.67,3.05,1,5,3,0.021621,0.545044,TopoStake,pog(D=3_omega=1.00_beta=1.00),2.57,149,22
34,3,0x1796dc61e715f15a2d27dfa32bd34780f12a8c24,5.728667,1773028026,9a1835369d786ed974bf7e0149f7ba0dc1fc6576951a2fdbde5ad446c5ef725d,152,50.67,3.05,1,5,3,0.021621,0.545047,TopoStake,pog(D=3_omega=1.00_beta=1.00),2.57,149,23
34,4,0xbc3f8508d26048f2064aa8c068f4c94d08d77d18,3.067436,1773028028,4678235980c1c0a0b1de22953569a4a80e22aaaf6b64a44ff89f6a2a8277b37a,250,41.67,3.64,1,6,4,0.021649,0.546254,TopoStake,pog(D=3_omega=1.00_beta=1.00),5.71,150,23
35,0,0x269cdf52f97e1d9f14b7be895155a7b294f0b21d,5.728823,1773028030,fe2e3b2de0b60ea72dd12ea0da45ff7cdf9d9244d96d721fe60de60fe0efb2f5,85,42.50,4.26,1,7,4,0.021590,0.545929,TopoStake,pog(D=3_omega=1.00_beta=1.00),2.92,151,23
35,1,0xd1cd4b808ce6b2841ad42746b64c5a047e857ef0,5.243783,1773028032,b6680bcfb4d082b1d4874acd90f89abe3320427b059de78df93b594ec93fcd9a,174,87.00,4.04,1,6,4,0.021616,0.547045,TopoStake,pog(D=3_omega=1.00_beta=1.00),2.22,152,23
35,2,0x13f9dadc05f6c237b03411e2aed1800cf21a5d89,13.291421,1773028034,9f24132c99195be8b3d16093be41eedd5cd013088c02060d6203c44de96a3cf5,175,87.50,3.98,1,6,4,0.021626,0.547971,TopoStake,pog(D=3_omega=1.00_beta=1.00),1.87,153,23
35,3,0xa7e4d4d949807065ebf85adc1be8c382c7236c15,2.217407,1773028036,6c04236e2357afdc46dbfdc25fd7d57132da05c82fc29ef1597abb6e4135fa5d,157,78.50,3.13,1,5,3,0.021887,0.549722,TopoStake,pog(D=3_omega=1.00_beta=1.00),1.59,154,23
35,4,0xc774b0fee7cabbef3b1ae14bf36db3df0d32c1df,3.174811,1773028038,8cc78ce1fd376852c69c130f320891beaaa0595c19f542da7446a8634eb3bad9,118,59.00,3.89,1,6,4,0.021799,0.548483,TopoStake,pog(D=3_omega=1.00_beta=1.00),1.54,155,23
36,0,0xd46407aa7b668c72de3cf1c1a12b7fa2e308a1b2,5.993072,1773028040,32b93bbc53455780f05ddff9b5f2afafc9df7b7ed97878eb2ac0bf2cdeb3543e,132,66.00,3.73,1,6,4,0.021742,0.548170,TopoStake,pog(D=3_omega=1.00_beta=1.00),1.58,156,23
36,1,0xd1cd4b808ce6b2841ad42746b64c5a047e857ef0,6.244560,1773028043,145237bce94024b1dcb9431b0e0e4143b8ae4ba7fc6543b0375cea6255e95398,146,48.67,3.83,1,6,4,0.021771,0.549220,TopoStake,pog(D=3_omega=1.00_beta=1.00),2.51,157,23
36,2,0x24898fcb116b48cb2b6fd5d3b4eb599fee0f4633,3.054599,1773028044,cc52fbc34d0442c7093239eefd5c19e5d17cab8bd826a509a11172052b47c770,153,76.50,3.80,1,6,4,0.021806,0.550290,TopoStake,pog(D=3_omega=1.00_beta=1.00),2.51,158,23
36,3,0xac768e60b9269babb15cb1e36ee843243d7c7543,3.717792,1773028046,db1297feab276c960e4db115f9864964b88735a4c0332db882e1a962c727a935,53,53.00,3.98,2,6,4,0.021744,0.549790,TopoStake,pog(D=3_omega=1.00_beta=1.00),2.00,159,23
36,4,0xa447d277b02012c2afd9ddcbbe123f27cc971963,1.808032,1773028048,b412513a84ac6a3477c2be06a7574c72945935222e2d25edcbe665b662e8cb9a,121,60.50,3.87,1,6,4,0.021703,0.549856,TopoStake,pog(D=3_omega=1.00_beta=1.00),2.41,160,23
37,0,0xb990cdf21950e6086c350175c4bc504e45858230,4.124818,1773028050,70a40acd1f321d8a6cdcbcfb24cfe1713717de35e7528f7a8a8235320b72d65b,196,98.00,3.28,1,5,3,0.021604,0.548229,TopoStake,pog(D=3_omega=1.00_beta=1.00),2.23,161,23
37,1,0x07902d0371763a00d97ed9ba16ff0a206cb0fd19,11.542560,1773028052,31c0528c2d51d15b6d0be5e2b00f0b69347aca5f4cf26bea8893a7fb89d79ac1,155,77.50,4.03,1,6,4,0.021575,0.548586,TopoStake,pog(D=3_omega=1.00_beta=1.00),2.17,162,23
37,2,0x13f9dadc05f6c237b03411e2aed1800cf21a5d89,14.292857,1773028054,31c0528c2d51d15b6d0be5e2b00f0b69347aca5f4cf26bea8893a7fb89d79ac1,155,77.50,4.03,1,6,4,0.021575,0.548589,TopoStake,pog(D=3_omega=1.00_beta=1.00),2.17,162,24
37,3,0xd1cd4b808ce6b2841ad42746b64c5a047e857ef0,7.245349,1773028056,b8c6eef4335a0bf6a524ecd606d584674105a4af383d6616efc86cd2bbe9995f,250,62.50,3.34,1,7,3,0.021842,0.550279,TopoStake,pog(D=3_omega=1.00_beta=1.00),3.19,163,24
37,4,0x30405867b72597aaeb27803bb2c7f3f5fc7d5384,1.517715,1773028058,0a1947dcafd22e030d83353d9658edd6b711821cff4942c8395df31f1afbb84b,170,85.00,4.06,1,7,4,0.021901,0.551701,TopoStake,pog(D=3_omega=1.00_beta=1.00),1.94,164,24
38,0,0x4414c05be2cf328f38d2e3ef4b705d6b894f044a,2.088648,1773028060,d1817c88f02398e8fe673cd6c659b24b8f746731af56fe263bc72a04e5dd808d,133,66.50,4.47,1,8,5,0.021793,0.549835,TopoStake,pog(D=3_omega=1.00_beta=1.00),1.67,165,24
38,1,0x016d3fc36beee7caa8fbd6c1caa42461dd7f9850,12.890778,1773028063,fb3a874da1c82a232f89a00d43eb9d57a83eb40d19b2f1326227c0a78afe24fd,159,53.00,4.68,1,8,5,0.021703,0.548371,TopoStake,pog(D=3_omega=1.00_beta=1.00),2.69,166,24
38,2,0x4a217e35f6402e7f62a49f6d62e27c6585c2f3fd,1.491708,1773028064,aa447818e6a7eb64edb4561eccb03edaf02a28cb71e6fd5524752b114f6ab5b2,142,71.00,3.32,1,7,3,0.021919,0.549958,TopoStake,pog(D=3_omega=1.00_beta=1.00),2.50,167,24
38,3,0x07902d0371763a00d97ed9ba16ff0a206cb0fd19,11.542686,1773028066,47e5cfabc59314de37731185a7856798f77f21ce9cb9c14d50c6ba8f23b2f98a,68,68.00,3.63,1,5,4,0.021811,0.548000,TopoStake,pog(D=3_omega=1.00_beta=1.00),1.93,168,24
38,4,0xac61c91e7d24df824351a6c4e562a75f0cf646f8,1.250734,1773028068,4abf3f3f9d8d07ef6636fd9cb2a0c169ab7088008132fc2605cc300ad3326038,154,77.00,2.67,1,4,3,0.021984,0.549505,TopoStake,pog(D=3_omega=1.00_beta=1.00),2.27,169,24
39,0,0x0d91704595bff3aec25d40822498a51c62b05e3a,7.579410,1773028070,9532ca8457ae042ad00b310b40307508d16b980a7e97b3d714a846808b57b7ad,231,115.50,2.97,1,6,3,0.021869,0.547310,TopoStake,pog(D=3_omega=1.00_beta=1.00),47.79,170,24
39,1,0x213068cb42718d1dd6d00a6d94d62a3def0e68eb,1.370463,1773028072,299a343aeedbb0ff5fe9d9cc888b0edbbd3d4987544706ff763b90274a903385,189,94.50,3.20,1,5,3,0.021930,0.548682,TopoStake,pog(D=3_omega=1.00_beta=1.00),2.02,171,24
39,2,0x37cc7a82e66d4f4c2ae13b9ee895d3af1a1d7a05,2.264723,1773028074,58eccd7617995b8dbeaeeb83b41d3dbae6a78b85967432f44b94f5cd558c39a3,150,75.00,3.61,1,5,4,0.021819,0.546547,TopoStake,pog(D=3_omega=1.00_beta=1.00),1.63,172,24
39,3,0x282f43759e22b50aa7989261c51c367f325c3f91,1.352174,1773028076,569b55083cb0a73c560668d6d952bc8c4c7ccf625c9f660ed54e45c8636c316b,141,70.50,3.91,1,6,4,0.021734,0.545211,TopoStake,pog(D=3_omega=1.00_beta=1.00),1.60,173,24
39,4,0x07902d0371763a00d97ed9ba16ff0a206cb0fd19,12.543640,1773028078,636b834287a6a2afe32d70fd0fede1b4d84f8949ebff2598f5fe859eba8cf5d1,149,74.50,4.06,2,6,4,0.021625,0.543011,TopoStake,pog(D=3_omega=1.00_beta=1.00),1.51,174,24
40,0,0x71f297f96355f349d66f0e9b681e7d4e11224660,0.170668,1773028080,5f63d0dec6319ca2a5c5201e95ead25e639eec8031f37ea65d8ac00270067ffb,153,76.50,2.80,1,4,3,0.021815,0.544501,TopoStake,pog(D=3_omega=1.00_beta=1.00),1.54,175,24
40,1,0x13f9dadc05f6c237b03411e2aed1800cf21a5d89,15.294557,1773028082,0c20b70066199876025123d8f106aa155b7485ab268cb54f39c401dabbdb9fba,166,55.33,3.86,1,5,4,0.021674,0.541138,TopoStake,pog(D=3_omega=1.00_beta=1.00),2.49,176,24
40,2,0x0d91704595bff3aec25d40822498a51c62b05e3a,8.580414,1773028084,a619b96993632d825849e246a4e0a8da98ea32b25269f6537ffce2c739d6e164,130,65.00,3.54,1,6,4,0.021933,0.542767,TopoStake,pog(D=3_omega=1.00_beta=1.00),2.42,177,24
40,3,0x8719ca31b72ae8a5404006763c53d5ad503dbcb0,3.115842,1773028086,29ea319b87c6a1f26946cc6476f6c55239bdb3de60511fc4a6cf315001c5dc40,54,54.00,3.56,1,6,4,0.022011,0.544169,TopoStake,pog(D=3_omega=1.00_beta=1.00),1.96,178,24
40,4,0xb2a7fe70a6f3137d38f6cb4c3ec6dd1e24f2d5f4,1.422026,1773028088,fb377aa34ee482cace679c71b9d2367e0a2449516ea164f122b1f21174dccbb6,119,59.50,4.60,1,7,5,0.021947,0.543670,TopoStake,pog(D=3_omega=1.00_beta=1.00),2.44,179,24
41,0,0x30509a8084fdfe6fe24d9c9a817c209ad194f8e3,3.657125,1773028090,08b908db08d101de0a114549c821fd6046b94c5438bd72881ab030240a32a479,101,50.50,5.26,1,9,6,0.021839,0.541507,TopoStake,pog(D=4_omega=1.00_beta=1.00),2.51,180,24
41,1,0x016d3fc36beee7caa8fbd6c1caa42461dd7f9850,13.891626,1773028092,08b908db08d101de0a114549c821fd6046b94c5438bd72881ab030240a32a479,101,50.50,5.26,1,9,6,0.021840,0.541510,TopoStake,pog(D=4_omega=1.00_beta=1.00),2.51,180,25
41,2,0xd1cd4b808ce6b2841ad42746b64c5a047e857ef0,8.245912,1773028094,4ab8cc89ae17d8ed4b0cc793d9e6cb5733147c2dcf2ebd9a105d3dc2fad0a1b3,250,62.50,3.61,1,6,3,0.022051,0.543046,TopoStake,pog(D=4_omega=1.00_beta=1.00),3.74,181,25
41,3,0xa3786e459f289a76c0e8af8ad834e3d0c6d47199,5.727369,1773028096,19eeed46e523c8a6263c733e236abb0be8c2ca294597a09ef5b3b431b8342767,171,85.50,3.89,1,7,4,0.022117,0.544355,TopoStake,pog(D=4_omega=1.00_beta=1.00),2.25,182,25
41,4,0x24898fcb116b48cb2b6fd5d3b4eb599fee0f4633,4.054882,1773028098,7183aff8fa6272231c7e7815f00bb5c4ffc75c42e77158aefe3f7522045abaf2,105,52.50,4.77,1,8,5,0.022117,0.545159,TopoStake,pog(D=4_omega=1.00_beta=1.00),2.03,183,25
42,0,0xe478b1e4d1538274c0c70cbd7df877f9abab2f62,4.299108,1773028100,ba2f0ca2260ec453b1260e176449c74d2b252332cc7d426ccefedc2ca73cece7,170,85.00,4.21,2,7,4,0.022075,0.545379,TopoStake,pog(D=4_omega=1.00_beta=1.00),1.92,184,25
42,1,0xdcf2130496e27a8094ab996aea4aa77788d65869,4.504671,1773028102,9714ce6429dcafef5380c2ad887032e618150d43038cacd0f85af4818cc851ae,132,44.00,4.67,1,8,5,0.022038,0.545700,TopoStake,pog(D=4_omega=1.00_beta=1.00),2.58,185,25
42,2,0x13f9dadc05f6c237b03411e2aed1800cf21a5d89,16.295489,1773028104,9714ce6429dcafef5380c2ad887032e618150d43038cacd0f85af4818cc851ae,132,44.00,4.67,1,8,5,0.022039,0.545703,TopoStake,pog(D=4_omega=1.00_beta=1.00),2.58,185,26
42,3,0x95ab54d268473cce82094026afefdbd5cadf418b,2.598323,1773028106,9714ce6429dcafef5380c2ad887032e618150d43038cacd0f85af4818cc851ae,132,44.00,4.67,1,8,5,0.022039,0.545706,TopoStake,pog(D=4_omega=1.00_beta=1.00),2.58,185,27
42,4,0x07902d0371763a00d97ed9ba16ff0a206cb0fd19,13.544433,1773028108,858cb795a131991fd2b5b82513b675fb1539065ab27739fccda33f4006911235,53,53.00,2.96,1,5,3,0.022039,0.545709,TopoStake,pog(D=4_omega=1.00_beta=1.00),1.98,185,28
43,0,0x1cb1274c711a6c2e4e1596846e6ac604eeefb358,3.409424,1773028110,2811b510011db145e1e28f28c87f777a8bda762d0ed276df464d61cfe8092415,146,73.00,2.62,1,4,3,0.022039,0.545712,TopoStake,pog(D=3_omega=1.00_beta=1.00),2.31,185,29
43,1,0x24898fcb116b48cb2b6fd5d3b4eb599fee0f4633,5.055643,1773028112,ffb1e31039dcbcc8433f641b8de9240e6361c9b7c34b98faa7116ab45065fd3c,159,79.50,3.48,1,5,4,0.021981,0.545363,TopoStake,pog(D=3_omega=1.00_beta=1.00),2.04,186,29
43,2,0x9c39f7fffaa5c5cfab20dfdd05663497918580c1,1.425618,1773028114,f8a747d3a67ab48422cd7f69f580893bb085437098648bce07e5320c20f7a1ef,130,65.00,4.25,1,7,4,0.021963,0.546011,TopoStake,pog(D=3_omega=1.00_beta=1.00),2.08,187,29
43,3,0x1796dc61e715f15a2d27dfa32bd34780f12a8c24,6.730510,1773028116,1e6a47c48821774616ecdac345f20e2e6de0709130b5c1d078f14251e565a213,216,108.00,3.60,1,8,4,0.021857,0.543832,TopoStake,pog(D=3_omega=1.00_beta=1.00),70.00,188,29
43,4,0xf6e059718dbd0a0956726ab97d06bad5efc6cd18,3.015085,1773028118,0668c9c24fd8a2e8f512c089afc264384ba04c390d9a07eb7e7ca85129da0c22,172,86.00,4.03,1,7,4,0.021881,0.544940,TopoStake,pog(D=3_omega=1.00_beta=1.00),1.96,189,29
44,0,0x60705151f1f537cacd5b801f3ef1b31dc3f605de,1.302863,1773028120,82b62cc4c53ec5ab3f685cad361e4e1a08497deb93c37175b3d5315af660c6b1,141,70.50,4.73,1,7,5,0.021814,0.544266,TopoStake,pog(D=3_omega=1.00_beta=1.00),1.78,190,29
44,1,0x016d3fc36beee7caa8fbd6c1caa42461dd7f9850,14.892936,1773028122,cde67ede2a7cd97efa52315aad374e1606aeea2a03eb6e6bd22956f3fa0d7448,141,47.00,4.98,1,7,5,0.021707,0.541977,TopoStake,pog(D=3_omega=1.00_beta=1.00),2.73,191,29
44,2,0x13f9dadc05f6c237b03411e2aed1800cf21a5d89,16.296128,1773028124,a0465d9aa7f7575d03e21c8e2c62392b3943ad25a4c757fdb5a1b19d823ef600,157,78.50,3.18,1,5,3,0.021922,0.543451,TopoStake,pog(D=3_omega=1.00_beta=1.00),2.46,192,29
44,3,0x28672c71695142588ed26ada6f4b18b8b6c12308,0.691592,1773028126,53fae67a53cf1e3d234d48443fec8da4feb3802906ca11b8c8e8851ee98ba781,58,58.00,3.12,1,5,3,0.022166,0.544984,TopoStake,pog(D=3_omega=1.00_beta=1.00),1.98,193,29
44,4,0x07902d0371763a00d97ed9ba16ff0a206cb0fd19,13.544595,1773028128,bdee76827255069271347994c261d8d05802986c46e1db98e96e7e803f9bd379,136,68.00,3.46,1,5,4,0.022043,0.542326,TopoStake,pog(D=3_omega=1.00_beta=1.00),2.43,194,29
45,0,0x4a217e35f6402e7f62a49f6d62e27c6585c2f3fd,2.491972,1773028130,e04033533c20b5faf40cc7d0bf67764b9c891275ecfacc275c4d22fafe0f0229,185,92.50,2.70,1,4,3,0.022218,0.543716,TopoStake,pog(D=3_omega=1.00_beta=1.00),2.23,195,29
45,1,0x282f43759e22b50aa7989261c51c367f325c3f91,2.352562,1773028132,e04033533c20b5faf40cc7d0bf67764b9c891275ecfacc275c4d22fafe0f0229,185,92.50,2.70,1,4,3,0.022219,0.543719,TopoStake,pog(D=3_omega=1.00_beta=1.00),2.23,195,30
45,2,0x81193196c1dbdbf80709d43a5af5ce21c201fbd7,0.837755,1773028134,e6242c8c0389dace32a390d2ebac85abe92d8b925f43c96b1caca4bf269ebd82,250,62.50,4.08,1,8,4,0.022134,0.542476,TopoStake,pog(D=3_omega=1.00_beta=1.00),3.44,196,30
45,3,0x8719ca31b72ae8a5404006763c53d5ad503dbcb0,4.115992,1773028136,e6242c8c0389dace32a390d2ebac85abe92d8b925f43c96b1caca4bf269ebd82,250,62.50,4.08,1,8,4,0.022134,0.542478,TopoStake,pog(D=3_omega=1.00_beta=1.00),3.44,196,31
45,4,0x0d91704595bff3aec25d40822498a51c62b05e3a,9.581328,1773028138,ac28d6b99a14ea02922b75a11bb1182ff90fa3fd7a4b380446d6f4d79c21ad33,223,55.75,4.62,1,7,5,0.022090,0.542596,TopoStake,pog(D=3_omega=1.00_beta=1.00),3.02,197,31
46,0,0x2abf89d7c96c80fcff9dec1fe92803573094ee35,3.229345,1773028141,58c232c5ac2f84d0f4b29a9e8e29dca9faffb45a49bccd0eddb6649af9f584d4,129,64.50,3.95,1,6,4,0.022170,0.543905,TopoStake,pog(D=4_omega=1.00_beta=1.00),1.67,198,31
46,1,0xa068e3c9a21c8d8be636cd2d285895979ec3262e,2.966771,1773028142,270bdc5b3de42fd3b099ca426391b09d5215741d337f0fbdbb600fd0712c1491,133,44.33,3.98,1,6,4,0.022106,0.543335,TopoStake,pog(D=4_omega=1.00_beta=1.00),2.50,199,31
46,2,0x016d3fc36beee7caa8fbd6c1caa42461dd7f9850,15.893823,1773028144,8954d19d335cca266b38bc72a597afcfa027f095d46a719373e9d16caa3167e4,84,84.00,4.48,1,7,5,0.022036,0.542514,TopoStake,pog(D=4_omega=1.00_beta=1.00),1.18,200,31
46,3,0x30405867b72597aaeb27803bb2c7f3f5fc7d5384,2.517592,1773028146,42e4f66dca8d20de03730e25506c3229cacbdebc54e988b2ac609b03efc67f48,192,96.00,3.11,1,5,3,0.022254,0.543944,TopoStake,pog(D=4_omega=1.00_beta=1.00),2.16,201,31
46,4,0xa068e3c9a21c8d8be636cd2d285895979ec3262e,3.967086,1773028148,0cf04298cb7ffce9450e45c2933b0032683b0d8a7956425db0778792ee148a4c,146,73.00,3.61,1,5,4,0.022173,0.542768,TopoStake,pog(D=4_omega=1.00_beta=1.00),1.86,202,31
47,0,0xcdc82b7c868072205a399d0f68e6e3ad3bfd1ca6,4.207893,1773028150,06dd2dddd780c470779777dc41a3ed0f9e4d728d10d086a864a6a4c13e57f3b5,132,66.00,4.45,1,6,5,0.022124,0.542707,TopoStake,pog(D=3_omega=1.00_beta=1.00),2.07,203,31
47,1,0x07902d0371763a00d97ed9ba16ff0a206cb0fd19,14.546095,1773028152,8ba0caf8382e0ca11ac9e897f827b694b53cf20f2479bbe80f8e587bdfa47f83,204,102.00,3.76,1,5,4,0.022081,0.542771,TopoStake,pog(D=3_omega=1.00_beta=1.00),1.87,204,31
47,2,0x016d3fc36beee7caa8fbd6c1caa42461dd7f9850,16.894829,1773028154,5cfd31fb3d274c2472bf376d15b6358fe3e902e2f35177f57d866595b5435237,170,85.00,2.75,2,4,3,0.022262,0.544113,TopoStake,pog(D=3_omega=1.00_beta=1.00),1.44,205,31
47,3,0x3d92e045fb1847aae132b40ebfcc471a32f687de,7.131496,1773028156,78dae8a9143c1dcc6fe61953c93b7fb5ff4399f553ed770ef869165a1205d3cd,145,72.50,3.18,1,5,3,0.022491,0.545552,TopoStake,pog(D=3_omega=1.00_beta=1.00),1.50,206,31
47,4,0x13f9dadc05f6c237b03411e2aed1800cf21a5d89,17.296865,1773028159,d7cfc37970251feb64d5830397bd118453fcfff0b5865b1b06366eaf06e2b9f3,159,53.00,4.16,1,6,4,0.022507,0.546643,TopoStake,pog(D=3_omega=1.00_beta=1.00),2.41,207,31
48,0,0xdb45667100590f9cfe78a899c3b02c5cd37008f1,2.049260,1773028160,a17bca5fd15f8e42e43924a308835f745c62a2e6037523cf1b04f73238846b95,131,65.50,2.98,1,5,3,0.022739,0.548051,TopoStake,pog(D=3_omega=1.00_beta=1.00),2.48,208,31
48,1,0x13f9dadc05f6c237b03411e2aed1800cf21a5d89,18.297460,1773028162,55fa170e03cb7925db676d88943a0a1e56ca1f1885087c086a3b0936b2d8b36c,90,90.00,4.43,1,6,5,0.022645,0.546414,TopoStake,pog(D=3_omega=1.00_beta=1.00),1.98,209,31
48,2,0x269cdf52f97e1d9f14b7be895155a7b294f0b21d,6.729708,1773028164,4a45c4a85c7996e77e652bfa2bbfbf1482224468476ec290433c9a5617876004,190,95.00,3.04,1,5,3,0.022893,0.547854,TopoStake,pog(D=3_omega=1.00_beta=1.00),2.16,210,31
48,3,0x30405867b72597aaeb27803bb2c7f3f5fc7d5384,3.518197,1773028166,4bb2ee977d38605b6985f4df6126065eeed323a0dd44e77844e247fb5d0a239b,134,67.00,3.85,1,6,4,0.022897,0.548767,TopoStake,pog(D=3_omega=1.00_beta=1.00),1.82,211,31
48,4,0xfb35fdafcfc84561a42700a4a1c274edeb75bdc1,5.063015,1773028168,eebf40b1a7342706ad7ee104a64e03e99aeacf5d69039bccb0a7bcea831db153,174,87.00,3.65,1,5,4,0.022833,0.548256,TopoStake,pog(D=3_omega=1.00_beta=1.00),1.75,212,31
49,0,0x89100a8056319ba37491b32ba255004180607bc2,4.787862,1773028170,c7d39d897a36fc3060ce195045224983fd9690d62d84001edefc6338740eb85c,128,64.00,3.87,1,5,4,0.022801,0.548768,TopoStake,pog(D=3_omega=1.00_beta=1.00),1.51,213,31
49,1,0x269cdf52f97e1d9f14b7be895155a7b294f0b21d,7.730351,1773028172,69d33553521a68476043724872a3feac6270e930fc6b16348f9f9c8ef3604659,152,76.00,3.90,2,5,4,0.022764,0.549095,TopoStake,pog(D=3_omega=1.00_beta=1.00),1.45,214,31
49,2,0x13f9dadc05f6c237b03411e2aed1800cf21a5d89,19.298614,1773028174,762ddfa74f9d7a4f6b18409f72f719f601b9ffb53dc848e3bd7701c0a84c8be7,116,38.67,4.41,1,7,5,0.022786,0.550158,TopoStake,pog(D=3_omega=1.00_beta=1.00),2.46,215,31
49,3,0xaadc5fea232580cb8fba739ac5d05a48559c7e52,1.354627,1773028176,c4fdbe8aa7e6699a96062c6baafe962e5bfdd20e8a4eb718e0f2226f8f083881,121,60.50,3.60,2,6,4,0.023041,0.551558,TopoStake,pog(D=3_omega=1.00_beta=1.00),2.62,216,31
49,4,0x377eaef292051bbf8ada05b2af76a3f3b9d722a7,0.055216,1773028178,16e266568d9b4e4002aa3f966b28fc23374b4564153ad30a195b65d8e8ad0dcb,121,121.00,2.76,1,7,1,0.022933,0.549357,TopoStake,pog(D=3_omega=1.00_beta=1.00),156.49,217,31
50,0,0xdb45667100590f9cfe78a899c3b02c5cd37008f1,3.049473,1773028180,343b01f4b6c33614d408974ceb267939cb1558cb554483c8d4e243a71a0e2666,118,59.00,4.08,1,7,4,0.022799,0.546172,TopoStake,pog(D=3_omega=1.00_beta=1.00),2.48,218,31
50,1,0x4ba33404d90c4ae989714d9d174cd882cffb7994,3.117286,1773028182,2f9b4557c99143da97975d1606ddc9073615687931e07d390c48aa815a0bca3b,129,64.50,4.05,1,7,4,0.022726,0.545319,TopoStake,pog(D=3_omega=1.00_beta=1.00),2.33,219,31
50,2,0x30405867b72597aaeb27803bb2c7f3f5fc7d5384,4.518930,1773028184,18f17a5ef64065625103e311ab5c7e4a55c924a1b27955ba485b71944b80b052,159,79.50,4.40,1,7,4,0.022655,0.544462,TopoStake,pog(D=3_omega=1.00_beta=1.00),2.02,220,31
50,3,0x3d92e045fb1847aae132b40ebfcc471a32f687de,8.132249,1773028186,2ca59487f5c08e1b68e525a7f2c2b64f3d775ddf92cbbe978fcd186e393b58b9,143,71.50,4.59,1,7,5,0.022612,0.544600,TopoStake,pog(D=3_omega=1.00_beta=1.00),1.94,221,31
50,4,0x1cb1274c711a6c2e4e1596846e6ac604eeefb358,4.410321,1773028188,111eb29afa2b72a312779a56716daad7b93151b2b3458f7adc8877bdb677ad81,138,69.00,4.09,2,6,4,0.022639,0.545642,TopoStake,pog(D=3_omega=1.00_beta=1.00),1.74,222,31
51,0,0x408bb0bf84df50b21c53c74420987f172d4036a1,0.797898,1773028190,b97eed1fbf9098aaf1b93a9aaea2bac4ba0c754187d0a1ef512e3c55f8a1cb3b,144,72.00,4.06,1,6,4,0.022594,0.545648,TopoStake,pog(D=4_omega=1.00_beta=1.00),1.60,223,31
51,1,0x13f9dadc05f6c237b03411e2aed1800cf21a5d89,20.299631,1773028192,1ea6c07c896b553b3c007c9344883dc46d26b1a81c946af143033acd3b492a6f,152,50.67,4.89,2,7,5,0.022594,0.545650,TopoStake,pog(D=4_omega=1.00_beta=1.00),2.49,224,31
51,2,0x07902d0371763a00d97ed9ba16ff0a206cb0fd19,15.547718,1773028194,8a46bd8d59e4191b41bf35a9d565c150000d66ea2b53f4126bb15c5e488151be,80,80.00,3.69,2,6,4,0.022853,0.547029,TopoStake,pog(D=4_omega=1.00_beta=1.00),1.64,225,31
51,3,0x9bdb1c7ad4bd8fe797b07c08117c74a591dbab2d,0.445065,1773028196,059188d464fbb0f4dcbab3100afb13e69fd071a001fa81bda141ef8256e4c660,150,75.00,2.77,1,5,3,0.023018,0.548276,TopoStake,pog(D=4_omega=1.00_beta=1.00),2.23,226,31
51,4,0xa7e4d4d949807065ebf85adc1be8c382c7236c15,3.216878,1773028198,af95402c73e3babf8911fb9c1545eb3ec0617a699f3eea94e561fdadb10d80b1,240,120.00,2.57,1,6,3,0.022895,0.545566,TopoStake,pog(D=4_omega=1.00_beta=1.00),167.27,227,31
52,0,0x13f9dadc05f6c237b03411e2aed1800cf21a5d89,21.300096,1773028200,98ea710d53b052ed2a9e0470154b560ea6ac14f2e5bec6f3fb4b8741b79b146b,134,67.00,4.27,1,6,4,0.022824,0.544741,TopoStake,pog(D=3_omega=1.00_beta=1.00),2.27,228,31
52,1,0xb990cdf21950e6086c350175c4bc504e45858230,5.125273,1773028202,ab19ed8df54d6d69ba3f9de094ba760d304cdbd21caa0d71a63d32f1dc4b2da3,166,55.33,3.38,2,6,3,0.023093,0.546107,TopoStake,pog(D=3_omega=1.00_beta=1.00),3.01,229,31
52,2,0xe478b1e4d1538274c0c70cbd7df877f9abab2f62,5.299148,1773028204,455a62b628f2d28fad2008d43e386b9646e3ad88040b360278eb09dcdb503636,156,156.00,3.87,1,6,4,0.023057,0.546487,TopoStake,pog(D=3_omega=1.00_beta=1.00),1.73,230,31
52,3,0x606627477c3734932f47972f83c27cf4e3b35b4f,5.378029,1773028206,618da1c6d6ba7b9259a1d8b63ef37916b12071e34bbab605aaace113148891f7,155,77.50,3.97,1,6,4,0.023025,0.546904,TopoStake,pog(D=3_omega=1.00_beta=1.00),11.89,231,31
52,4,0x24898fcb116b48cb2b6fd5d3b4eb599fee0f4633,6.056120,1773028208,122a2ae801c71edbb865adecf304feab981568bbad58d47886d2d165a9d8e988,129,64.50,3.64,2,5,4,0.022993,0.547301,TopoStake,pog(D=3_omega=1.00_beta=1.00),1.49,232,31
53,0,0x54f496e5c1d9f95a916cf7f5b62e9c98e64a3dc5,0.040682,1773028211,bf7a7039259dc734ea0cdca523eb48bb5d9a25b7c586b2c4aeba73aed914ddb1,138,69.00,3.75,1,5,4,0.022975,0.547901,TopoStake,pog(D=3_omega=1.00_beta=1.00),1.55,233,31
53,1,0x606627477c3734932f47972f83c27cf4e3b35b4f,6.378643,1773028212,9dd3ebcf4246e76296e0ed7f7e6e83b9fd6e2062725a0c9b69e0911654121064,148,49.33,4.17,1,6,4,0.022846,0.544743,TopoStake,pog(D=3_omega=1.00_beta=1.00),2.45,234,31
53,2,0x24898fcb116b48cb2b6fd5d3b4eb599fee0f4633,7.056760,1773028214,9dd3ebcf4246e76296e0ed7f7e6e83b9fd6e2062725a0c9b69e0911654121064,148,49.33,4.17,1,6,4,0.022846,0.544745,TopoStake,pog(D=3_omega=1.00_beta=1.00),2.45,234,32
53,3,0x13f9dadc05f6c237b03411e2aed1800cf21a5d89,22.301060,1773028216,c57bd1cb30c801de28124971cdfb231e33e63ac15bd61e2289fe648eb6370563,188,62.67,5.61,1,10,6,0.022846,0.545618,TopoStake,pog(D=3_omega=1.00_beta=1.00),2.66,235,32
53,4,0x0d91704595bff3aec25d40822498a51c62b05e3a,10.582748,1773028218,40f7eb9bc2df300c3913cf53a70e448631e8eea53120265c3484f18656556ec3,137,68.50,3.59,1,8,3,0.023118,0.546951,TopoStake,pog(D=3_omega=1.00_beta=1.00),2.23,236,32
54,0,0xd46407aa7b668c72de3cf1c1a12b7fa2e308a1b2,6.992743,1773028220,1b144614fa6c476302f7bcee2c7467b1f300156c471968e2c3f7f41297dd63c8,86,43.00,4.02,1,7,4,0.023178,0.548097,TopoStake,pog(D=4_omega=1.00_beta=1.00),2.23,237,32
54,1,0x016d3fc36beee7caa8fbd6c1caa42461dd7f9850,17.895995,1773028222,46a8da42488df1114d5e8608f3b2643874957cc3f3f78a8e92f26b3e80a78120,154,77.00,4.42,1,9,4,0.023173,0.548881,TopoStake,pog(D=4_omega=1.00_beta=1.00),2.13,238,32
54,2,0x4ba33404d90c4ae989714d9d174cd882cffb7994,4.117616,1773028224,dccb26c1b805e237936567d1e1bf32092b0b0de6b35935803b995fb0667c300a,156,78.00,3.94,1,6,4,0.023360,0.550135,TopoStake,pog(D=4_omega=1.00_beta=1.00),1.78,239,32
54,3,0x13f9dadc05f6c237b03411e2aed1800cf21a5d89,23.301989,1773028226,ebb5284243d6b592e45b92ea478b169c493dbb8115a7dd0f2bccb933d115c5da,140,70.00,4.66,1,8,5,0.023303,0.549917,TopoStake,pog(D=4_omega=1.00_beta=1.00),1.66,240,32
54,4,0x30509a8084fdfe6fe24d9c9a817c209ad194f8e3,3.656969,1773028228,c267a15bc0e4011d507e1ea8070f8f7b002dd9cc105d82c96ef92d1b8010eb43,130,65.00,3.52,1,7,3,0.023581,0.551219,TopoStake,pog(D=4_omega=1.00_beta=1.00),1.62,241,32
55,0,0x63f4973c0df8a5358405f396dc0673a463c48de9,3.899980,1773028231,52aa37284b3f1c58ca8edcec85813c4b6df54ee8960f4677ba44120a3b2e6d2b,142,47.33,4.39,1,7,5,0.023514,0.550649,TopoStake,pog(D=4_omega=1.00_beta=1.00),2.50,242,32
55,1,0x2abf89d7c96c80fcff9dec1fe92803573094ee35,4.229632,1773028233,52aa37284b3f1c58ca8edcec85813c4b6df54ee8960f4677ba44120a3b2e6d2b,142,47.33,4.39,1,7,5,0.023514,0.550651,TopoStake,pog(D=4_omega=1.00_beta=1.00),2.50,242,33
55,2,0xd46407aa7b668c72de3cf1c1a12b7fa2e308a1b2,7.993410,1773028235,47185b6c4a41aa7982084d6a87cb49d35f6d480afb635677016e4df4a75d9719,250,62.50,4.12,1,8,4,0.023458,0.550411,TopoStake,pog(D=4_omega=1.00_beta=1.00),3.88,243,33
55,3,0x50f7fa851f9314d682e36da5caa4635039b5305d,7.111760,1773028237,fb3e3710ee81f6e09c5addf90f112d2742e4b4527b831243f911800e74892e4e,140,70.00,3.78,1,6,4,0.023466,0.551302,TopoStake,pog(D=4_omega=1.00_beta=1.00),2.01,244,33
55,4,0x13f9dadc05f6c237b03411e2aed1800cf21a5d89,24.302942,1773028239,d90cafa123da172c37713c77bf2bb41bebcce2518d19fd79740f70d1de4246c6,144,72.00,3.94,2,6,4,0.023459,0.552027,TopoStake,pog(D=4_omega=1.00_beta=1.00),1.69,245,33
56,0,0x24898fcb116b48cb2b6fd5d3b4eb599fee0f4633,8.057086,1773028242,fd3968739ab01428f9564408aedfd72113a92faa59eeadc8e2c261f311aa8789,144,72.00,3.26,2,5,3,0.023743,0.553303,TopoStake,pog(D=3_omega=1.00_beta=1.00),1.58,246,33
56,1,0x016d3fc36beee7caa8fbd6c1caa42461dd7f9850,18.896905,1773028243,554c2e717bdce35e7e53ecd1f6df2576d5ca1772329087d98efea4db255c2067,116,38.67,3.36,1,5,3,0.023749,0.554128,TopoStake,pog(D=3_omega=1.00_beta=1.00),2.50,247,33
56,2,0x3d92e045fb1847aae132b40ebfcc471a32f687de,9.132870,1773028245,d43123eb120d67220f25cf5f9ac4dcdaa22196dc1877591a08de1414e0090342,73,73.00,3.22,1,5,3,0.023936,0.555332,TopoStake,pog(D=3_omega=1.00_beta=1.00),1.74,248,33
56,3,0x52e05d9fa4faa167f30baba23c710e4f49115288,0.146686,1773028247,d705812be98a2db0089acde53dfded1a757f48f0fa9140b1e1d7700433b81794,149,74.50,3.83,1,6,4,0.023959,0.556351,TopoStake,pog(D=3_omega=1.00_beta=1.00),2.43,249,33
56,4,0x50f7fa851f9314d682e36da5caa4635039b5305d,8.112480,1773028249,9a62878288b1b5b284c59c563ffda8840a05bcd53ecdd9f376d93c2d05367ced,143,71.50,4.00,1,6,4,0.023832,0.553407,TopoStake,pog(D=3_omega=1.00_beta=1.00),2.41,250,33
57,0,0x3d92e045fb1847aae132b40ebfcc471a32f687de,10.133648,1773028251,a6e7548bf688aade52bb1e550872057acce9a1f76f1f62207c25a51ea16f170b,189,94.50,3.51,2,6,3,0.023837,0.554178,TopoStake,pog(D=3_omega=1.00_beta=1.00),2.15,251,33
57,1,0x52e05d9fa4faa167f30baba23c710e4f49115288,1.147365,1773028253,1bf752178d7d61743e4c49da901742317ba2f0ed4d6bdb6d963ccf44f1da6016,125,62.50,3.86,2,6,4,0.023875,0.555197,TopoStake,pog(D=3_omega=1.00_beta=1.00),1.94,252,33
57,2,0x6414c6a8400ff3419cd81855d09de2848d770e0e,1.151950,1773028255,1bf752178d7d61743e4c49da901742317ba2f0ed4d6bdb6d963ccf44f1da6016,125,62.50,3.86,2,6,4,0.023875,0.555200,TopoStake,pog(D=3_omega=1.00_beta=1.00),1.94,252,34
57,3,0x07902d0371763a00d97ed9ba16ff0a206cb0fd19,16.549477,1773028257,93bd171b244aebc3e9c97bd32c2d2fda5faf461f1b120cd58949311fb40d0d07,250,50.00,4.09,1,6,4,0.023875,0.555202,TopoStake,pog(D=3_omega=1.00_beta=1.00),4.25,253,34
57,4,0xa7e4d4d949807065ebf85adc1be8c382c7236c15,4.217263,1773028259,5b402969734830872f88bb259b242b511106bac24b3fd7e6804c830a40b665e1,80,80.00,2.73,1,4,3,0.024016,0.556330,TopoStake,pog(D=3_omega=1.00_beta=1.00),1.43,254,34
58,0,0x1cb1274c711a6c2e4e1596846e6ac604eeefb358,5.411075,1773028261,644e97888c33cf4b48c9cf1f15fba2a6089ee67bfec2e11273d28f4b06c50452,175,58.33,3.90,2,6,4,0.023956,0.556020,TopoStake,pog(D=3_omega=1.00_beta=1.00),2.47,255,34
58,1,0x016d3fc36beee7caa8fbd6c1caa42461dd7f9850,19.897238,1773028263,6280487bd5d2c4dec482de239e7f93432f621a78289f586fba5fa8df3ca29144,61,61.00,3.36,1,5,4,0.023916,0.556305,TopoStake,pog(D=3_omega=1.00_beta=1.00),1.90,256,34
58,2,0x24898fcb116b48cb2b6fd5d3b4eb599fee0f4633,9.057602,1773028265,fdde92ad1418e01df4eadd2d6dbfcec33566fc97906b07031b5e8cbc122ce0ed,194,97.00,3.22,1,4,3,0.024107,0.557477,TopoStake,pog(D=3_omega=1.00_beta=1.00),2.04,257,34
58,3,0x30509a8084fdfe6fe24d9c9a817c209ad194f8e3,4.657503,1773028267,9f443aab1bdafa7ece6accf12a2965632d151847cbe878a5301e370354dc51c2,140,70.00,3.46,1,5,4,0.024123,0.558402,TopoStake,pog(D=3_omega=1.00_beta=1.00),1.56,258,34
58,4,0xcdc82b7c868072205a399d0f68e6e3ad3bfd1ca6,5.208430,1773028269,df850ce31f2e67b33252aa80a195dbe66d860ebaa96ea12c8980d563feeee930,139,69.50,3.35,1,5,3,0.024069,0.558291,TopoStake,pog(D=3_omega=1.00_beta=1.00),1.45,259,34
59,0,0x07902d0371763a00d97ed9ba16ff0a206cb0fd19,17.550113,1773028272,824bc53734f08aba60d8d6a19e5da93bf7e3717ad7818ca394d21c580d9c2bbb,143,71.50,3.79,2,5,4,0.024024,0.558419,TopoStake,pog(D=3_omega=1.00_beta=1.00),1.45,260,34
59,1,0xa9a524611994a27dd3134d643379aa14edf7cb39,0.091019,1773028273,da5aa7fefc20c127f5df3d15696c18479ebbd84c748caa275c23a7abc5d00f73,159,53.00,2.80,2,4,3,0.024172,0.559516,TopoStake,pog(D=3_omega=1.00_beta=1.00),2.48,261,34
59,2,0x13f9dadc05f6c237b03411e2aed1800cf21a5d89,25.304254,1773028275,572a804f3128617da7a0bde6cd42200e1f40beea7ff57ef85b3ccceceab5857f,144,144.00,1.97,1,5,1,0.024047,0.556531,TopoStake,pog(D=3_omega=1.00_beta=1.00),175.13,262,34
59,3,0x1796dc61e715f15a2d27dfa32bd34780f12a8c24,7.731367,1773028277,1b012be897aa6e518385cb536f2735257f8180d0eeb6935301b941dfaa5b791d,170,85.00,3.04,1,5,3,0.024312,0.557739,TopoStake,pog(D=3_omega=1.00_beta=1.00),2.29,263,34
59,4,0xb7b4ee0a72bc410bf6d32b9cd3f3e11fc756d6f1,1.079814,1773028279,f6fabcd75c76a3a92dc07746c8a647bbbe427d33c13cc3353f4f3fccdc1eeb1b,130,65.00,3.19,1,5,3,0.024304,0.558385,TopoStake,pog(D=3_omega=1.00_beta=1.00),1.95,264,34
60,0,0x24898fcb116b48cb2b6fd5d3b4eb599fee0f4633,10.058319,1773028281,f8d3ec490766a4898c93bcad562bc328e2c004d152bf27454e3096b0a2aab1a1,206,103.00,2.87,1,6,3,0.024194,0.556276,TopoStake,pog(D=2_omega=1.00_beta=1.00),55.50,265,34
60,1,0xe6ebb0cdfd04183d498964e5efc4096ba77b17d6,4.292892,1773028283,fa9d733f85999ad647da6dde2050e2ce034926e7c15a9093763d5730d018dcbc,166,83.00,3.57,1,5,4,0.024221,0.557196,TopoStake,pog(D=2_omega=1.00_beta=1.00),1.91,266,34
60,2,0xc339f8bf978200eb65afce6c7121402eda949097,0.074880,1773028285,fa9d733f85999ad647da6dde2050e2ce034926e7c15a9093763d5730d018dcbc,166,83.00,3.57,1,5,4,0.024221,0.557199,TopoStake,pog(D=2_omega=1.00_beta=1.00),1.91,266,35
60,3,0x719361397abe003a91af76243e5f9c7a0cd4279f,4.544109,1773028287,30241f6e0b50b0d6b5ffa6793499a9dff3cfbda4ac7be397a70578a096eaca1b,221,55.25,4.99,1,7,5,0.024097,0.554186,TopoStake,pog(D=2_omega=1.00_beta=1.00),2.61,267,35
60,4,0x50f7fa851f9314d682e36da5caa4635039b5305d,9.113278,1773028289,a488ced6c327c863b110050f27942288a68ae8f0b8eb13d3e1ce48423cce6ea6,138,69.00,4.00,1,6,4,0.024041,0.553960,TopoStake,pog(D=2_omega=1.00_beta=1.00),1.64,268,35
61,0,0x30509a8084fdfe6fe24d9c9a817c209ad194f8e3,5.658185,1773028292,a1134a712342ace2340b67efee56536954617f2dd77d70f6aac94d7801a46919,145,48.33,3.74,1,6,4,0.024054,0.554820,TopoStake,pog(D=3_omega=1.00_beta=1.00),2.46,269,35
61,1,0x24898fcb116b48cb2b6fd5d3b4eb599fee0f4633,11.058819,1773028293,a1134a712342ace2340b67efee56536954617f2dd77d70f6aac94d7801a46919,145,48.33,3.74,1,6,4,0.024054,0.554821,TopoStake,pog(D=3_omega=1.00_beta=1.00),2.46,269,36
61,2,0xc339f8bf978200eb65afce6c7121402eda949097,1.075088,1773028295,93e764dfce4fb41c890f8144d183f7e461a41c469975cfc02934641288915d33,215,71.67,4.03,1,6,4,0.024095,0.555814,TopoStake,pog(D=3_omega=1.00_beta=1.00),2.91,270,36
61,3,0x71f297f96355f349d66f0e9b681e7d4e11224660,1.170802,1773028297,e9a121958b3cfae252af69aea4533df42045df74213716174ae9c269800b9046,113,56.50,4.33,1,6,4,0.023987,0.553691,TopoStake,pog(D=3_omega=1.00_beta=1.00),2.16,271,36
61,4,0x3d92e045fb1847aae132b40ebfcc471a32f687de,11.134236,1773028299,a2959d77d7a3af404e26902a27c53c69ff472ee0f12bef73e8fdca41d0848c29,161,80.50,3.94,1,6,4,0.023882,0.551575,TopoStake,pog(D=3_omega=1.00_beta=1.00),1.94,272,36
62,0,0x0d91704595bff3aec25d40822498a51c62b05e3a,11.583741,1773028301,b8003d78295ca87dca6fa649aa2a33cbd709ed820ef2146665610b4fc4527f83,162,81.00,3.86,1,6,4,0.023923,0.552526,TopoStake,pog(D=4_omega=1.00_beta=1.00),1.66,273,36
62,1,0x016d3fc36beee7caa8fbd6c1caa42461dd7f9850,20.898310,1773028303,de9f564e1cad2b452a2cb418cdc40e49ccf9a2751eb9d9a1f5cd18e3afb7f054,151,50.33,3.51,2,5,3,0.023923,0.552528,TopoStake,pog(D=4_omega=1.00_beta=1.00),2.56,274,36
62,2,0x13f9dadc05f6c237b03411e2aed1800cf21a5d89,26.305739,1773028306,9a7a924210a6193689ac926dd3bc18174e2de48657c35d401f8c401d712e94ef,123,61.50,3.21,1,5,3,0.024106,0.553658,TopoStake,pog(D=4_omega=1.00_beta=1.00),2.36,275,36
62,3,0xac768e60b9269babb15cb1e36ee843243d7c7543,4.717364,1773028308,72dc6d063ee4c5880292a898989bad11d50450b9d558d39799c788474cf86135,130,65.00,3.27,1,5,3,0.024364,0.554834,TopoStake,pog(D=4_omega=1.00_beta=1.00),2.45,276,36
62,4,0x016d3fc36beee7caa8fbd6c1caa42461dd7f9850,21.898892,1773028310,a973ca982fabc46d4f50ae725a486e4ed6a6c78dd373ace7c250fc4fe5ecdd6c,142,71.00,4.13,1,6,4,0.024309,0.554644,TopoStake,pog(D=4_omega=1.00_beta=1.00),2.42,277,36
63,0,0x687bf2437a044a3e42ff2f8a79a8e54ba9601f70,1.064831,1773028312,d7c5111903d28603a257d01709d6c130332be36c3ad505c5930e9dcf8ad9a27b,141,70.50,3.27,1,5,3,0.024500,0.555757,TopoStake,pog(D=3_omega=1.00_beta=1.00),2.38,278,36
63,1,0xd46407aa7b668c72de3cf1c1a12b7fa2e308a1b2,8.993675,1773028314,05c1febdb3b77715935b88871aca50fa74839d7aa3ca566be621473dd49ce74d,150,75.00,3.75,1,6,4,0.024391,0.553568,TopoStake,pog(D=3_omega=1.00_beta=1.00),2.25,279,36
63,2,0xbc3f8508d26048f2064aa8c068f4c94d08d77d18,4.066620,1773028316,7c51475efb1beba454a9023c2f1c586d20505954a2f9a9b32376118035a98060,188,94.00,4.13,1,7,4,0.024396,0.554346,TopoStake,pog(D=3_omega=1.00_beta=1.00),1.94,280,36
63,3,0xdcf2130496e27a8094ab996aea4aa77788d65869,4.504132,1773028318,7c51475efb1beba454a9023c2f1c586d20505954a2f9a9b32376118035a98060,188,94.00,4.13,1,7,4,0.024396,0.554348,TopoStake,pog(D=3_omega=1.00_beta=1.00),1.94,280,37
63,4,0x8d9e46becf415ca26aa698c9657087e6554aabda,0.386057,1773028320,0d9871967b823e9cb7de65c2e03941f3a2ed0675ad8ea5b9888dda8265974cea,250,62.50,4.20,1,7,4,0.024338,0.554018,TopoStake,pog(D=3_omega=1.00_beta=1.00),2.88,281,37
64,0,0xd46407aa7b668c72de3cf1c1a12b7fa2e308a1b2,9.994491,1773028322,77dbe090bb7da8dbcc6c31df0d5b0cb1bb41f7880e5ffb46e94b7e4ef93f0aee,250,125.00,2.38,1,5,2,0.024221,0.551368,TopoStake,pog(D=3_omega=1.00_beta=1.00),185.99,282,37
64,1,0x13f9dadc05f6c237b03411e2aed1800cf21a5d89,27.307224,1773028324,4c520738ec268d0c040c4908d4d75f25330683a97366d9e6ae5c229a0b8bdcb0,213,71.00,4.28,1,7,4,0.024240,0.552206,TopoStake,pog(D=3_omega=1.00_beta=1.00),3.00,283,37
64,2,0x95ab54d268473cce82094026afefdbd5cadf418b,2.596635,1773028326,eb9ba6db32fc362df634e7371f6598a2f641955fe53d7868d528438fba4532c6,70,70.00,3.21,1,5,3,0.024498,0.553361,TopoStake,pog(D=3_omega=1.00_beta=1.00),1.61,284,37
64,3,0x13f9dadc05f6c237b03411e2aed1800cf21a5d89,28.307544,1773028328,a477626e8be0cc21a4c78a1061ea2fe6a53c7ca627f3f74c3016818f067c628f,149,74.50,4.43,1,6,5,0.024412,0.552300,TopoStake,pog(D=3_omega=1.00_beta=1.00),2.45,285,37
64,4,0xd46407aa7b668c72de3cf1c1a12b7fa2e308a1b2,10.995318,1773028330,73b47e22150c8a0d896660e848a96769e179a2fe36c57e6eb7e6f77839561303,158,79.00,3.25,1,5,3,0.024680,0.553450,TopoStake,pog(D=3_omega=1.00_beta=1.00),2.32,286,37
65,0,0x13f9dadc05f6c237b03411e2aed1800cf21a5d89,29.308314,1773028332,f3765ed9ab4f330e3139bf07921ee51bfdb36690ac1fa75e79fb1e09abea9f7d,149,74.50,4.17,2,6,4,0.024708,0.554300,TopoStake,pog(D=3_omega=1.00_beta=1.00),2.19,287,37
65,1,0xa7e4d4d949807065ebf85adc1be8c382c7236c15,5.217672,1773028334,9e35fd920bd21e4a97a038177c936817ffef096e8e363dedbf4a78ecd1f47701,169,56.33,3.38,1,5,3,0.024985,0.555438,TopoStake,pog(D=3_omega=1.00_beta=1.00),2.92,288,37
65,2,0xcdc82b7c868072205a399d0f68e6e3ad3bfd1ca6,6.208826,1773028336,bab64a67c1413bed833853831e33559cbfc930a83fa3c8bcb1d937a97529459c,146,146.00,4.09,1,6,4,0.024932,0.555458,TopoStake,pog(D=3_omega=1.00_beta=1.00),1.56,289,37
65,3,0x1cb1274c711a6c2e4e1596846e6ac604eeefb358,6.411281,1773028338,2b51b5a9d5630dfe11b65f56276990a160e05a89785cbd5bdd3f5c05713b7372,151,75.50,3.56,1,5,4,0.024893,0.555920,TopoStake,pog(D=3_omega=1.00_beta=1.00),1.46,290,37
65,4,0x07902d0371763a00d97ed9ba16ff0a206cb0fd19,18.552012,1773028340,f4593ac6f31a894070273980b4dfaa3a77cf0be30af6d86fe86d7f7c44c07156,138,46.00,3.41,1,5,3,0.024857,0.556383,TopoStake,pog(D=3_omega=1.00_beta=1.00),2.43,291,37
66,0,0x13f9dadc05f6c237b03411e2aed1800cf21a5d89,30.309354,1773028342,08a2b1ee8d2bf6bf708cf06da62f012979cedf1239ea2aad63fda4965f6f2404,133,66.50,2.77,1,4,3,0.024983,0.557400,TopoStake,pog(D=3_omega=1.00_beta=1.00),2.53,292,37
66,1,0x9bdb1c7ad4bd8fe797b07c08117c74a591dbab2d,1.445028,1773028344,f77f920d310f8695bf8fc44043fe2e687fe896ebe663f3c5aed572c9f38eb790,84,84.00,2.88,1,5,3,0.025262,0.558515,TopoStake,pog(D=3_omega=1.00_beta=1.00),1.83,293,37
66,2,0xd1cd4b808ce6b2841ad42746b64c5a047e857ef0,9.246182,1773028346,711fbc0a3414c526bb9359c7349d3a70dd05c84c526f86c40043e2d023345388,172,86.00,4.24,1,8,5,0.025158,0.556577,TopoStake,pog(D=3_omega=1.00_beta=1.00),12.17,294,37
66,3,0x1796dc61e715f15a2d27dfa32bd34780f12a8c24,8.732355,1773028348,9df559fdd60a69cae8501aa65464ea3f806fb73399420e18be0667d296e77153,173,86.50,4.01,1,6,4,0.025157,0.557286,TopoStake,pog(D=3_omega=1.00_beta=1.00),2.12,295,37
66,4,0x9c39f7fffaa5c5cfab20dfdd05663497918580c1,2.424992,1773028350,747b29226e34444ee3b1da9a07a7d002cb025149e811f745b43719982c25346f,155,77.50,3.60,2,7,4,0.025150,0.557934,TopoStake,pog(D=3_omega=1.00_beta=1.00),1.75,296,37
67,0,0x13f9dadc05f6c237b03411e2aed1800cf21a5d89,31.310055,1773028352,a602d85641fe33d004fea3bbd8945fde8dad7eb195ca9fb1a66bbed40d722759,169,84.50,3.79,1,8,4,0.025060,0.556775,TopoStake,pog(D=3_omega=1.00_beta=1.00),43.39,297,37
67,1,0x50f7fa851f9314d682e36da5caa4635039b5305d,10.113800,1773028354,e3084bcdba96bb4a57fa77a9988746b9e0c464d9ed1b15d8999e81d830f36ef0,121,40.33,3.38,1,6,3,0.025343,0.557877,TopoStake,pog(D=3_omega=1.00_beta=1.00),2.64,298,37
67,2,0xdcf2130496e27a8094ab996aea4aa77788d65869,5.505069,1773028357,551f5cd2fed7939a776996996cf247a8043008f008983c6ef59bb64b44d95c2b,163,81.50,3.34,1,5,3,0.025351,0.558614,TopoStake,pog(D=3_omega=1.00_beta=1.00),2.35,299,37
67,3,0xd1cd4b808ce6b2841ad42746b64c5a047e857ef0,10.247009,1773028358,622c729a3f7f613ef336361b4c302eef72918ec3f328edb296db64a12d5bc3a0,142,71.00,3.99,1,6,4,0.025300,0.558731,TopoStake,pog(D=3_omega=1.00_beta=1.00),2.51,300,37
67,4,0xd39dbd3662315e3935ec08e6b6028e73b3c09de2,0.919381,1773028360,d7584c85d1713df50f40ed659daa71e6f5c56367b1a7f7313c0bb9d7d71c1fbd,53,53.00,3.85,1,6,4,0.025309,0.559424,TopoStake,pog(D=3_omega=1.00_beta=1.00),1.96,301,37
68,0,0x2abf89d7c96c80fcff9dec1fe92803573094ee35,5.230189,1773028362,da87cc52fab237e7fbbd4914d7f25d03f38ff6b4e102403c37c2cbe848582d90,140,70.00,4.51,1,6,5,0.025200,0.557191,TopoStake,pog(D=3_omega=1.00_beta=1.00),2.38,302,37
68,1,0x13f9dadc05f6c237b03411e2aed1800cf21a5d89,32.311017,1773028364,e301d097d2ee0397320d2833d14283f5ae2405deea07a5127d084608bdcce6c3,137,68.50,3.60,1,6,4,0.025146,0.557127,TopoStake,pog(D=3_omega=1.00_beta=1.00),2.33,303,37
68,2,0x1796dc61e715f15a2d27dfa32bd34780f12a8c24,9.733251,1773028366,db00ee6e8d2d78ebd474949c6f904d0fe83f978ac880db3276789449bb345ec1,212,106.00,3.12,1,5,3,0.025431,0.558212,TopoStake,pog(D=3_omega=1.00_beta=1.00),1.89,304,37
68,3,0x24898fcb116b48cb2b6fd5d3b4eb599fee0f4633,12.060076,1773028368,0deb5a1a56866167a06deeefafc735e2d4aecd0c9956c7ea986df0563673d6d4,155,77.50,3.41,1,5,3,0.025432,0.558843,TopoStake,pog(D=3_omega=1.00_beta=1.00),1.47,305,37
68,4,0x54f496e5c1d9f95a916cf7f5b62e9c98e64a3dc5,1.040302,1773028370,c993f2d8a15fc363303592a27009618c223da34ce56181af640838f62395fc05,137,68.50,3.99,2,6,4,0.025461,0.559765,TopoStake,pog(D=3_omega=1.00_beta=1.00),1.49,306,37
69,0,0x53be6e527cc5a7d850b5eae27b9cef342e0665f2,0.037545,1773028372,5728c8e7b6ee6565cc953aebaebeaa222b578f82618765b24f11d1f1af5cf272,145,72.50,4.28,1,6,4,0.025354,0.557570,TopoStake,pog(D=3_omega=1.00_beta=1.00),1.47,307,37
69,1,0x07902d0371763a00d97ed9ba16ff0a206cb0fd19,19.553309,1773028374,09117217bea807fdd444990f1223650288b2b83a9ad7da5f1001ee842444ce8d,159,53.00,3.44,1,5,3,0.025235,0.554720,TopoStake,pog(D=3_omega=1.00_beta=1.00),2.52,308,37
69,2,0x81193196c1dbdbf80709d43a5af5ce21c201fbd7,0.837253,1773028376,09117217bea807fdd444990f1223650288b2b83a9ad7da5f1001ee842444ce8d,159,53.00,3.44,1,5,3,0.025235,0.554723,TopoStake,pog(D=3_omega=1.00_beta=1.00),2.52,308,38
69,3,0x30405867b72597aaeb27803bb2c7f3f5fc7d5384,5.518592,1773028378,09117217bea807fdd444990f1223650288b2b83a9ad7da5f1001ee842444ce8d,159,53.00,3.44,1,5,3,0.025235,0.554725,TopoStake,pog(D=3_omega=1.00_beta=1.00),2.52,308,39
69,4,0x50f7fa851f9314d682e36da5caa4635039b5305d,11.114542,1773028380,870597ba034ee42e5fea8ba0ee758cb9f63a0085a6c92d6cc84d51ea41c3176a,250,50.00,4.78,1,7,5,0.025184,0.554773,TopoStake,pog(D=3_omega=1.00_beta=1.00),4.48,309,39
70,0,0x719361397abe003a91af76243e5f9c7a0cd4279f,5.544367,1773028382,59dccf2947d333d9b915060025eeb59aed429cd8f2b425452457233194464517,113,56.50,3.93,1,6,4,0.025201,0.555528,TopoStake,pog(D=4_omega=1.00_beta=1.00),2.42,310,39
70,1,0x9bdb1c7ad4bd8fe797b07c08117c74a591dbab2d,2.445404,1773028384,9b261242410b8875db0ed6cc6a25f029f44d7e88011b686eaf9076185c0f4a4d,160,80.00,4.02,1,7,4,0.025151,0.555541,TopoStake,pog(D=4_omega=1.00_beta=1.00),2.02,311,39
70,2,0xa3786e459f289a76c0e8af8ad834e3d0c6d47199,6.726865,1773028386,e3dd0bfc95bf8cd87baa024e1786c1b56842616162177ca4d76dc25e6ebe275f,136,68.00,5.11,1,8,5,0.025063,0.554392,TopoStake,pog(D=4_omega=1.00_beta=1.00),1.93,312,39
70,3,0x269cdf52f97e1d9f14b7be895155a7b294f0b21d,8.730275,1773028388,07ee1f1f780786df01a539989f2d5b056d542103a46c1f3f4ea4b7f2c206a470,127,63.50,5.24,1,7,6,0.025027,0.554847,TopoStake,pog(D=4_omega=1.00_beta=1.00),1.94,313,39
70,4,0xcdc82b7c868072205a399d0f68e6e3ad3bfd1ca6,7.209239,1773028390,2092805b6bde5338e8fdf15a023052d0be7b473de7e0c2704a360563a05692cb,180,90.00,4.30,1,6,4,0.025027,0.554849,TopoStake,pog(D=4_omega=1.00_beta=1.00),1.78,314,39
71,0,0xb990cdf21950e6086c350175c4bc504e45858230,6.125977,1773028393,cd3f58e5b116a2bd176f33d2c5c26b00330569c8e5abef3499c41ec12a0e4352,124,41.33,4.59,1,7,5,0.024985,0.555912,TopoStake,pog(D=4_omega=1.00_beta=1.00),2.49,315,39
71,1,0x54f496e5c1d9f95a916cf7f5b62e9c98e64a3dc5,2.040831,1773028394,a08904437185b8489551133a71157a0c3cab21c84f119baaab7c8c46b130421b,163,81.50,4.26,1,6,4,0.024942,0.556153,TopoStake,pog(D=4_omega=1.00_beta=1.00),2.41,316,39
71,2,0x24898fcb116b48cb2b6fd5d3b4eb599fee0f4633,13.060883,1773028396,d94c1292c53d2cc79fbce93b7a4c56da4f103178b7b7bc422b9032de9b52ca7c,69,69.00,4.06,1,7,4,0.024851,0.554733,TopoStake,pog(D=4_omega=1.00_beta=1.00),1.32,317,39
71,3,0x0d91704595bff3aec25d40822498a51c62b05e3a,11.584470,1773028398,71808159e6d95379f4e0d39bbf886132067add70f98e1b2715b5ff1f487a071c,177,88.50,3.64,1,6,4,0.024890,0.555642,TopoStake,pog(D=4_omega=1.00_beta=1.00),2.23,318,39
71,4,0xfb35fdafcfc84561a42700a4a1c274edeb75bdc1,6.062428,1773028400,07127e4a7c3c41613d70628b8143c6a965c2e59dbdcb93eab8e1884a15555929,155,77.50,3.31,1,5,3,0.024910,0.556426,TopoStake,pog(D=4_omega=1.00_beta=1.00),1.78,319,39
72,0,0x269cdf52f97e1d9f14b7be895155a7b294f0b21d,9.731117,1773028402,83d6e2374a8ae7d1e6033f509912bf2826046288eac3adeb520ad9432d48faf5,128,64.00,4.05,2,5,4,0.024867,0.556592,TopoStake,pog(D=3_omega=1.00_beta=1.00),1.66,320,39
72,1,0x07902d0371763a00d97ed9ba16ff0a206cb0fd19,19.553476,1773028404,5148613faabf3468d06c48a3d5a0ff22fd3f95ca680a1482439aa8c67f9dac4e,168,84.00,3.82,1,6,4,0.024865,0.557155,TopoStake,pog(D=3_omega=1.00_beta=1.00),1.68,321,39
72,2,0x30405867b72597aaeb27803bb2c7f3f5fc7d5384,6.519181,1773028406,5148613faabf3468d06c48a3d5a0ff22fd3f95ca680a1482439aa8c67f9dac4e,168,84.00,3.82,1,6,4,0.024865,0.557156,TopoStake,pog(D=3_omega=1.00_beta=1.00),1.68,321,40
72,3,0xaadc5fea232580cb8fba739ac5d05a48559c7e52,2.354482,1773028408,7570797924c19494d627609a21bd5aa0d74e68500dd8fde16a720e8336f33810,250,50.00,4.26,1,8,4,0.024827,0.557445,TopoStake,pog(D=3_omega=1.00_beta=1.00),3.52,322,40
72,4,0x1cb1274c711a6c2e4e1596846e6ac604eeefb358,7.411981,1773028410,05695ee1e59b6c7c386bb06e43bf30ef8a1c0a3803f316054ea97e80e6c132f8,29,29.00,1.76,1,7,1,0.024741,0.556203,TopoStake,pog(D=3_omega=1.00_beta=1.00),67.83,323,40
73,0,0xa068e3c9a21c8d8be636cd2d285895979ec3262e,4.966375,1773028412,80f7a2f6f4b3d96819ceb5f3d1c1e6d144c95afa3333bf9691ff0ab49d9cc757,152,76.00,3.89,1,7,4,0.024713,0.556657,TopoStake,pog(D=3_omega=1.00_beta=1.00),2.49,324,40
73,1,0xfb35fdafcfc84561a42700a4a1c274edeb75bdc1,7.062934,1773028414,c52b5d9e3e85a159282925a034e76c1e4bdebe3db725a9d65f3496c74ff5f9df,150,75.00,4.75,1,8,5,0.024658,0.556404,TopoStake,pog(D=3_omega=1.00_beta=1.00),2.39,325,40
73,2,0x26d553a2f4343b3a7dc88bbd87b3d0a25d3838d9,3.218033,1773028416,f879e33244cb2872ee2543b783017babf808bf02117f966f9c30dce6b476d627,211,105.50,3.97,1,7,4,0.024626,0.556760,TopoStake,pog(D=3_omega=1.00_beta=1.00),1.85,326,40
73,3,0x0d91704595bff3aec25d40822498a51c62b05e3a,12.585400,1773028418,42b196842357b9cf9b9c06dac5dff819791b8ff1cfe750b440cba9724c22f7f6,152,76.00,3.82,1,5,4,0.024552,0.555976,TopoStake,pog(D=3_omega=1.00_beta=1.00),1.55,327,40
73,4,0x07902d0371763a00d97ed9ba16ff0a206cb0fd19,19.553664,1773028420,8c1c38e3f3218dacbcf41918e1ac79ddb901a8f93936c766c5948c9226de0b0f,176,88.00,3.21,1,5,3,0.024582,0.556813,TopoStake,pog(D=3_omega=1.00_beta=1.00),1.56,328,40
74,0,0x24898fcb116b48cb2b6fd5d3b4eb599fee0f4633,14.061844,1773028423,5f7bcf472d37f3de53b564b514d2feb53665b8348b2004d5647a63d8ffc9d636,142,71.00,2.70,1,4,3,0.024688,0.557741,TopoStake,pog(D=3_omega=1.00_beta=1.00),1.52,329,40
74,1,0xac61c91e7d24df824351a6c4e562a75f0cf646f8,2.249249,1773028424,03ce004e000b20041045c4b2953fa5949d7f06ed00948b1a954de6ea15b5dd24,158,52.67,3.53,1,5,4,0.024733,0.558617,TopoStake,pog(D=3_omega=1.00_beta=1.00),2.50,330,40
74,2,0xe478b1e4d1538274c0c70cbd7df877f9abab2f62,6.298671,1773028426,03ce004e000b20041045c4b2953fa5949d7f06ed00948b1a954de6ea15b5dd24,158,52.67,3.53,1,5,4,0.024733,0.558618,TopoStake,pog(D=3_omega=1.00_beta=1.00),2.50,330,41
74,3,0x1796dc61e715f15a2d27dfa32bd34780f12a8c24,10.734272,1773028428,d054020896907138422a4df1c34a8919f7ccaabdbd856321ff4c3de2cab628ea,211,70.33,4.18,1,6,4,0.024692,0.558779,TopoStake,pog(D=3_omega=1.00_beta=1.00),8.74,331,41
74,4,0xd46407aa7b668c72de3cf1c1a12b7fa2e308a1b2,11.995508,1773028430,72e9778594601e33121a85a244436f2015a0d6578413483a0eb10e52370d2ed1,175,87.50,3.46,1,5,3,0.024700,0.559392,TopoStake,pog(D=3_omega=1.00_beta=1.00),2.13,332,41
75,0,0x13f9dadc05f6c237b03411e2aed1800cf21a5d89,33.313627,1773028432,53dac6cc5ebf3729973113c5086c671c2d95f3b47b828f19e2d7803e56e5a8ea,153,76.50,4.03,1,6,4,0.024721,0.560153,TopoStake,pog(D=3_omega=1.00_beta=1.00),1.82,333,41
75,1,0x016d3fc36beee7caa8fbd6c1caa42461dd7f9850,22.901144,1773028434,433925a76705a2413962f6b6752a7e3da8c4f57c8ed3077fcbd6aefbb871a2b9,182,60.67,3.13,1,5,3,0.024972,0.561157,TopoStake,pog(D=3_omega=1.00_beta=1.00),2.68,334,41
75,2,0x687bf2437a044a3e42ff2f8a79a8e54ba9601f70,2.065036,1773028436,543dfb947b8fc77a18d96b6b5b971915c5b9fb6f67e69aa3f0826aa55c8bf038,153,76.50,3.56,1,6,3,0.025109,0.562108,TopoStake,pog(D=3_omega=1.00_beta=1.00),2.48,335,41
75,3,0x3d92e045fb1847aae132b40ebfcc471a32f687de,12.134863,1773028439,3780f1d75957d469d3d4d0c7b50932be726ffc4daa603ef0f3d85d1c03a5b4e1,113,56.50,4.86,1,7,5,0.025020,0.560678,TopoStake,pog(D=3_omega=1.00_beta=1.00),2.40,336,41
75,4,0x13f9dadc05f6c237b03411e2aed1800cf21a5d89,34.314756,1773028440,5bb7d6ed3cc84fc80d0d96552bebaad96c4416c7053160f0839ccc829f84dca5,141,70.50,3.99,1,6,4,0.025040,0.561401,TopoStake,pog(D=3_omega=1.00_beta=1.00),2.51,337,41
76,0,0x24898fcb116b48cb2b6fd5d3b4eb599fee0f4633,15.062685,1773028442,cceb288f6fe895832ee8f355e8ec1a100700a1731a3920c3187e83886d1617aa,53,53.00,3.34,1,5,3,0.025294,0.562391,TopoStake,pog(D=3_omega=1.00_beta=1.00),1.98,338,41
76,1,0x8719ca31b72ae8a5404006763c53d5ad503dbcb0,5.114647,1773028444,d7403ef719e0541f9f6f5d914caaa4e3bf7b061d04cb950e035f97a5733d3801,136,68.00,3.66,1,5,4,0.025343,0.563239,TopoStake,pog(D=3_omega=1.00_beta=1.00),2.23,339,41
76,2,0x26d553a2f4343b3a7dc88bbd87b3d0a25d3838d9,4.218734,1773028446,a01999c8f7f15654b710e6d271b4d749c4f255d2009f920bab9ac853ba7fb6f3,164,82.00,4.41,1,7,4,0.025286,0.562982,TopoStake,pog(D=3_omega=1.00_beta=1.00),1.99,340,41
76,3,0xd1cd4b808ce6b2841ad42746b64c5a047e857ef0,11.246948,1773028448,db96a26474cc35517d3d381b97085cb006740f54ec09de4e6b3aa6d4ae62f9c8,165,82.50,4.05,1,8,4,0.025220,0.562544,TopoStake,pog(D=3_omega=1.00_beta=1.00),1.82,341,41
76,4,0x13f9dadc05f6c237b03411e2aed1800cf21a5d89,35.315211,1773028450,95b4c95f56492001e0f37ee928f4d1ce91885ec640e0c2918666c16e7fce509d,168,84.00,4.17,1,6,4,0.025227,0.563141,TopoStake,pog(D=3_omega=1.00_beta=1.00),1.57,342,41
77,0,0xcdc82b7c868072205a399d0f68e6e3ad3bfd1ca6,8.209507,1773028453,12592cf96d28edefd1ad31e083de361bed0ac12b8b85376d9e9e773a4fb5e022,149,74.50,3.19,1,7,3,0.025485,0.564116,TopoStake,pog(D=3_omega=1.00_beta=1.00),1.54,343,41
77,1,0x13f9dadc05f6c237b03411e2aed1800cf21a5d89,36.315936,1773028454,6fc26506508d1f78bc95469f00cc447de2d84553740212f4f150d73ae473f1a2,115,38.33,4.99,1,8,5,0.025459,0.564577,TopoStake,pog(D=3_omega=1.00_beta=1.00),2.62,344,41
77,2,0x377eaef292051bbf8ada05b2af76a3f3b9d722a7,1.054752,1773028456,30a13d18a9d09698c2c40304d68486ed98eedc88d5125fee13274db13ff47d8c,97,97.00,2.92,2,7,3,0.025723,0.565543,TopoStake,pog(D=3_omega=1.00_beta=1.00),1.06,345,41
77,3,0xcdc82b7c868072205a399d0f68e6e3ad3bfd1ca6,9.209789,1773028458,19521eee16cb3897d907a1407777cb1db97823a1cf3cdcb4da1d18dcb5bc1542,158,79.00,3.88,1,7,4,0.025622,0.563489,TopoStake,pog(D=3_omega=1.00_beta=1.00),2.13,346,41
77,4,0x13f9dadc05f6c237b03411e2aed1800cf21a5d89,37.316483,1773028460,eb4d03bb9e63be4be9bfe476464902778915034af152ac9daf83a9bbf0ab43c0,124,62.00,4.69,1,8,5,0.025606,0.563957,TopoStake,pog(D=3_omega=1.00_beta=1.00),2.12,347,41
78,0,0x8719ca31b72ae8a5404006763c53d5ad503dbcb0,6.115141,1773028462,5a391cb94fac0a307b245ffc26eca547ca1be670df53b594b31a90f85f1843d7,164,82.00,3.05,1,6,3,0.025875,0.564919,TopoStake,pog(D=3_omega=1.00_beta=1.00),1.91,348,41
78,1,0x0d91704595bff3aec25d40822498a51c62b05e3a,13.586507,1773028464,a8e444e3fdddd45aeeffc200b22c972980d87e3a1c3e6c36573e18ae745e1c49,111,55.50,4.60,1,7,5,0.025825,0.564964,TopoStake,pog(D=3_omega=1.00_beta=1.00),1.90,349,41
78,2,0xc24b36dee27726233c3bbd9e1f028f98b6b2a424,5.412029,1773028467,fa1fd8c6c1fc3a17456a71a66015f0f9053cd30d30c5e227383e46f60436abb5,188,62.67,3.85,1,6,4,0.025852,0.565741,TopoStake,pog(D=3_omega=1.00_beta=1.00),2.91,350,41
78,3,0x07902d0371763a00d97ed9ba16ff0a206cb0fd19,20.554560,1773028468,fa1fd8c6c1fc3a17456a71a66015f0f9053cd30d30c5e227383e46f60436abb5,188,62.67,3.85,1,6,4,0.025852,0.565742,TopoStake,pog(D=3_omega=1.00_beta=1.00),2.91,350,42
78,4,0x606627477c3734932f47972f83c27cf4e3b35b4f,6.377889,1773028470,fb41a077e7f66b3a09cbffc58f261f672c05cdc6ff16b76f8b926e617027f43b,198,66.00,2.84,1,4,3,0.025947,0.566604,TopoStake,pog(D=3_omega=1.00_beta=1.00),2.95,351,42
79,0,0x016d3fc36beee7caa8fbd6c1caa42461dd7f9850,23.902561,1773028472,9eaf1ab69f212ef9d0b8166fc613e3794028da9d4a36b7b15375c39a893f99f3,122,61.00,3.53,1,5,4,0.025900,0.566685,TopoStake,pog(D=3_omega=1.00_beta=1.00),2.47,352,42
79,1,0x13f9dadc05f6c237b03411e2aed1800cf21a5d89,38.317497,1773028474,7f0e4f7352c8a099e7326a6116959546d312fd9d03e87c7e96d5518c739f4553,156,78.00,3.14,1,5,3,0.026027,0.567586,TopoStake,pog(D=3_omega=1.00_beta=1.00),2.23,353,42
79,2,0xa447d277b02012c2afd9ddcbbe123f27cc971963,2.807822,1773028476,eef99e6470f3d4670aa1e589ffa5f1da50758972ee10f8e9b97096f75a86018a,187,93.50,3.14,1,5,3,0.026295,0.568527,TopoStake,pog(D=3_omega=1.00_beta=1.00),1.83,354,42
79,3,0x07902d0371763a00d97ed9ba16ff0a206cb0fd19,21.555766,1773028478,14f35770b42acb113c74fb8527bc2c8d8a4cbb1f92974a54c0b6162f44afd184,159,79.50,3.48,1,5,4,0.026211,0.567503,TopoStake,pog(D=3_omega=1.00_beta=1.00),1.54,355,42
79,4,0x7e40df5d801345015e84c843908efc6683665fa4,0.658167,1773028480,5c9fc4df1f0b76f5d19689242a583d0f2cd7feebaf879b0d696c795d65d7d969,157,78.50,2.69,1,4,3,0.026312,0.568352,TopoStake,pog(D=3_omega=1.00_beta=1.00),1.51,356,42
80,0,0xcb7977f4997b4252c0152e135dd79b3cfe35c1a5,0.622506,1773028483,392bb0df7bbff7d05315b96be9e6f8961cafeac5d47e7500ff34ac2a293b601b,162,81.00,3.41,1,5,3,0.026207,0.566134,TopoStake,pog(D=3_omega=1.00_beta=1.00),1.49,357,42
80,1,0x13f9dadc05f6c237b03411e2aed1800cf21a5d89,39.318668,1773028484,0082076a08a9ae1e3bd7269c60394075e80565d8386554ce6c7beea4849e6ccb,250,83.33,2.69,1,6,3,0.026103,0.563866,TopoStake,pog(D=3_omega=1.00_beta=1.00),251.60,358,42
80,2,0x311eb133eb413ac3f21249889bb101e5d40820ce,0.132470,1773028486,37fd918c8f4875c0247a797013875a2bdc3e142242cad07099baafc26058be9f,102,102.00,3.12,1,6,3,0.026373,0.564805,TopoStake,pog(D=3_omega=1.00_beta=1.00),1.51,359,42
80,3,0x13f9dadc05f6c237b03411e2aed1800cf21a5d89,40.319128,1773028488,3b38ec19a5967ff6b4eadce5d54013c3b2f1c47388b5cffa059c86ed32cac345,116,58.00,4.30,1,6,5,0.026264,0.562261,TopoStake,pog(D=3_omega=1.00_beta=1.00),2.34,360,42
80,4,0x7e40df5d801345015e84c843908efc6683665fa4,1.658952,1773028490,d149ece2274d141b4773f2f6889fd736f92f65d85fcce47243e31684795d372e,145,72.50,3.14,1,6,3,0.026540,0.563199,TopoStake,pog(D=3_omega=1.00_beta=1.00),1.97,361,42
81,0,0x13f9dadc05f6c237b03411e2aed1800cf21a5d89,41.319803,1773028492,6dd860fe878f1ecbedae1bc407737740031c495cf02e8ec8ec409cf19f5eeea0,114,57.00,4.06,1,7,4,0.026445,0.561524,TopoStake,pog(D=3_omega=1.00_beta=1.00),1.89,362,42
81,1,0xa447d277b02012c2afd9ddcbbe123f27cc971963,3.808549,1773028494,c3a43734077afea6a73b9e19b899333d998eff57d9e12ba7a802107ca6f75d9e,144,48.00,3.33,1,6,3,0.026727,0.562460,TopoStake,pog(D=3_omega=1.00_beta=1.00),2.78,363,42
81,2,0x50f7fa851f9314d682e36da5caa4635039b5305d,12.115319,1773028497,b969e9a5cf25250903098f46e0c236089811e46812fb0044be6af893dc7e831f,117,58.50,4.64,1,7,5,0.026652,0.561924,TopoStake,pog(D=3_omega=1.00_beta=1.00),2.44,364,42
81,3,0xc24b36dee27726233c3bbd9e1f028f98b6b2a424,5.411813,1773028498,cb5d40cfd3791d175fbe278e37f330ecc9e55e4a7a5387f248e6e217d886afd0,109,54.50,4.13,1,7,4,0.026655,0.562550,TopoStake,pog(D=3_omega=1.00_beta=1.00),2.59,365,42
81,4,0x1cb1274c711a6c2e4e1596846e6ac604eeefb358,8.412597,1773028500,06423678a403d7d1164ee2ef60763182154a8a723866ced59227742200a3f68c,99,99.00,3.04,1,8,1,0.026596,0.562347,TopoStake,pog(D=3_omega=1.00_beta=1.00),152.91,366,42
82,0,0x54f496e5c1d9f95a916cf7f5b62e9c98e64a3dc5,3.040573,1773028502,31ff68ef81202c71e9190716a9aef684d74028f7f8db07f380a4b940fdc6484e,120,60.00,3.92,1,7,4,0.026564,0.562754,TopoStake,pog(D=3_omega=1.00_beta=1.00),2.43,367,42
82,1,0x606627477c3734932f47972f83c27cf4e3b35b4f,7.378402,1773028504,e363f97cb83053ed0def98be85d4c9da61ff3ecaa58aa5bd1ee4a1b37e4f7923,118,59.00,4.35,1,7,4,0.026483,0.561845,TopoStake,pog(D=3_omega=1.00_beta=1.00),2.41,368,42
82,2,0x07902d0371763a00d97ed9ba16ff0a206cb0fd19,22.556805,1773028506,4bd49268db0d309a37b3e7e033fa7f7a71a4e4b69c12c18f93e1e83c4bbf77f7,196,98.00,3.89,1,7,4,0.026442,0.562157,TopoStake,pog(D=3_omega=1.00_beta=1.00),1.87,369,42
82,3,0x606627477c3734932f47972f83c27cf4e3b35b4f,8.379322,1773028508,491999c4969bc1f576a04fc2ce2fc3518318f073b9598949242384de3f794754,140,70.00,2.73,2,4,3,0.026541,0.562992,TopoStake,pog(D=3_omega=1.00_beta=1.00),1.47,370,42
82,4,0x30509a8084fdfe6fe24d9c9a817c209ad194f8e3,5.658364,1773028510,8bfbdeef45beed6a796035ce346a6241d359ea886b5912cc54a7669f7daba795,127,63.50,3.72,1,5,4,0.026509,0.563351,TopoStake,pog(D=3_omega=1.00_beta=1.00),1.54,371,42
83,0,0x377eaef292051bbf8ada05b2af76a3f3b9d722a7,2.055398,1773028512,32c27fda5028939642bc3ee5cb6ba007bcfc308afa5dcdd42098022ffb779d94,143,71.50,3.59,1,5,4,0.026452,0.563191,TopoStake,pog(D=3_omega=1.00_beta=1.00),1.49,372,42
83,1,0x0d91704595bff3aec25d40822498a51c62b05e3a,14.587717,1773028514,32c27fda5028939642bc3ee5cb6ba007bcfc308afa5dcdd42098022ffb779d94,143,71.50,3.59,1,5,4,0.026452,0.563193,TopoStake,pog(D=3_omega=1.00_beta=1.00),1.49,372,43
83,2,0x408bb0bf84df50b21c53c74420987f172d4036a1,0.796985,1773028516,4698b36a721d42e3f5bb2dd6da75b9b7f35b6a2ad4566d4289464c0699775e5c,226,56.50,3.43,1,6,3,0.026477,0.563935,TopoStake,pog(D=3_omega=1.00_beta=1.00),2.88,373,43
83,3,0xc339f8bf978200eb65afce6c7121402eda949097,2.073890,1773028518,218f6774373eb778cf60d6a2d217de1d063c1170d58eefe0e0eef0e72def32bf,115,57.50,5.64,1,8,6,0.026376,0.561777,TopoStake,pog(D=3_omega=1.00_beta=1.00),2.40,374,43
83,4,0xb990cdf21950e6086c350175c4bc504e45858230,7.126705,1773028520,488e328c261431b593b5601adb1600ea6c86b58dc3c5e712e24760445d88759a,131,65.50,5.05,1,7,5,0.026288,0.560393,TopoStake,pog(D=3_omega=1.00_beta=1.00),2.40,375,43
84,0,0x24898fcb116b48cb2b6fd5d3b4eb599fee0f4633,16.063735,1773028522,af0ba498b19d1c3805033d6e44092d6a54fc791b3d8e192205d5e81a6ab43928,130,65.00,4.43,1,7,5,0.026245,0.560623,TopoStake,pog(D=4_omega=1.00_beta=1.00),2.35,376,43
84,1,0x13f9dadc05f6c237b03411e2aed1800cf21a5d89,42.321096,1773028524,c4a1cd171bdc200e5924be99af168e59a3ccaf992b3405416fd68120fe60a378,157,52.33,3.99,1,6,4,0.026282,0.561406,TopoStake,pog(D=4_omega=1.00_beta=1.00),3.06,377,43
84,2,0x30509a8084fdfe6fe24d9c9a817c209ad194f8e3,6.659245,1773028526,ae9022fcb6259c162daa12b2296c0d74b07b19df0b59a5e266dbcecd9428fe3b,181,181.00,3.24,1,5,3,0.026553,0.562313,TopoStake,pog(D=4_omega=1.00_beta=1.00),1.80,378,43
84,3,0xe6ebb0cdfd04183d498964e5efc4096ba77b17d6,4.291824,1773028528,ae9022fcb6259c162daa12b2296c0d74b07b19df0b59a5e266dbcecd9428fe3b,181,181.00,3.24,1,5,3,0.026553,0.562314,TopoStake,pog(D=4_omega=1.00_beta=1.00),1.80,378,44
84,4,0x49b57eb4dace37c8819daf079c9c674f766d4f38,2.230132,1773028530,eddec4a4d9949fad25b8aedc71c49988561671527d071733cba20b402a5a8baf,250,62.50,3.33,1,6,4,0.026484,0.561857,TopoStake,pog(D=4_omega=1.00_beta=1.00),122.66,379,44
85,0,0x0d91704595bff3aec25d40822498a51c62b05e3a,15.588944,1773028533,9d87b280fb5e63e51ec1aadf98e96ac693f80a9f4caf585c9552ac5a9cb74647,199,66.33,4.39,1,7,5,0.026397,0.560538,TopoStake,pog(D=3_omega=1.00_beta=1.00),17.42,380,44
85,1,0xac768e60b9269babb15cb1e36ee843243d7c7543,5.717208,1773028534,db207185b01ed206a7944f8a753b38ed68f0b2398d2fb69ca833543205ce1119,139,69.50,3.21,1,5,3,0.026428,0.561272,TopoStake,pog(D=3_omega=1.00_beta=1.00),2.41,381,44
85,2,0x53be6e527cc5a7d850b5eae27b9cef342e0665f2,1.037826,1773028536,db207185b01ed206a7944f8a753b38ed68f0b2398d2fb69ca833543205ce1119,139,69.50,3.21,1,5,3,0.026428,0.561274,TopoStake,pog(D=3_omega=1.00_beta=1.00),2.41,381,45
85,3,0x54f496e5c1d9f95a916cf7f5b62e9c98e64a3dc5,4.040934,1773028538,f58448b2c81b4e7f21ebfe25b5a9deac2635eff7112d247331421ade2f4874b7,246,82.00,3.45,1,5,3,0.026331,0.559232,TopoStake,pog(D=3_omega=1.00_beta=1.00),2.63,382,45
85,4,0x3d92e045fb1847aae132b40ebfcc471a32f687de,13.135436,1773028540,ea678cf22d29e67c996459f89804ec4dbb8254183856d2a8ae27cc71e1c00ec5,112,56.00,4.10,1,6,4,0.026261,0.558716,TopoStake,pog(D=3_omega=1.00_beta=1.00),1.83,383,45
86,0,0x30405867b72597aaeb27803bb2c7f3f5fc7d5384,7.519596,1773028542,7e5983e18508c99efe8addf9d3200f39bc11ac868e2a5dbbdb5ebbb848b44bb6,166,83.00,4.05,1,6,4,0.026270,0.559409,TopoStake,pog(D=3_omega=1.00_beta=1.00),1.90,384,45
86,1,0x13f9dadc05f6c237b03411e2aed1800cf21a5d89,43.322078,1773028544,ece4123e4c02235ed20c11734b4cadba4c662dd43d70fad8be5e10177b069a8f,165,82.50,3.64,1,5,4,0.026270,0.559411,TopoStake,pog(D=3_omega=1.00_beta=1.00),1.60,385,45
86,2,0x213068cb42718d1dd6d00a6d94d62a3def0e68eb,2.369646,1773028546,a4ba65bcafc8639951410946719ddc7a674b78640ccbf58019c1d6405a8bd857,139,46.33,3.43,1,6,4,0.026540,0.560309,TopoStake,pog(D=3_omega=1.00_beta=1.00),2.45,386,45
86,3,0x282f43759e22b50aa7989261c51c367f325c3f91,3.351427,1773028548,c9e15047fab9a6ddd9ae29f18d9a4ff500f7712d50b75daac411d86a09f469ae,134,67.00,3.75,1,6,4,0.026455,0.559039,TopoStake,pog(D=3_omega=1.00_beta=1.00),2.54,387,45
86,4,0x408bb0bf84df50b21c53c74420987f172d4036a1,1.797173,1773028550,22b20d1f6bf68f452b1168b37c7bb02707e23483896f056babb979c8564582b0,65,65.00,4.02,1,6,4,0.026378,0.558290,TopoStake,pog(D=3_omega=1.00_beta=1.00),1.97,388,45
87,0,0xa447d277b02012c2afd9ddcbbe123f27cc971963,4.808626,1773028552,711d0d409756a3feab425610dfdd5308eff251b7f5bfdf95419f15f8d025ca48,141,70.50,4.73,1,7,5,0.026289,0.556686,TopoStake,pog(D=3_omega=1.00_beta=1.00),2.42,389,45
87,1,0x30509a8084fdfe6fe24d9c9a817c209ad194f8e3,6.659308,1773028554,995a9a2481865ed852a67b613dc18fcbad60565e977bf08a5d584655678eff91,159,79.50,4.11,1,6,4,0.026226,0.556288,TopoStake,pog(D=3_omega=1.00_beta=1.00),2.35,390,45
87,2,0x0d91704595bff3aec25d40822498a51c62b05e3a,16.589749,1773028556,3d91429239f55f3c3dea96c8930a486d4d44a0538570fdac0ba52ba51833c215,144,72.00,4.31,1,8,4,0.026179,0.556385,TopoStake,pog(D=3_omega=1.00_beta=1.00),1.96,391,45
87,3,0x016d3fc36beee7caa8fbd6c1caa42461dd7f9850,24.904370,1773028558,06751b8520ab3552ccc84141f44355be53c480d61cba3e6edd63868a93ef4541,170,85.00,3.76,1,6,4,0.026216,0.557134,TopoStake,pog(D=3_omega=1.00_beta=1.00),1.90,392,45
87,4,0x719361397abe003a91af76243e5f9c7a0cd4279f,6.544804,1773028560,00d015c6d044ef4457688475272fa9895b0ccf210552599fcec6e2b861d1cf60,150,75.00,3.26,1,7,3,0.026322,0.557982,TopoStake,pog(D=3_omega=1.00_beta=1.00),1.52,393,45
88,0,0xfdc414c57908f0e2a6a926079902d4688d553610,0.172128,1773028563,b897dd653725c6393c538d2e9a53fc928760c263ca6d34ff68c651c242f500c3,137,68.50,4.23,1,7,4,0.026273,0.558014,TopoStake,pog(D=3_omega=1.00_beta=1.00),1.58,394,45
88,1,0x50f7fa851f9314d682e36da5caa4635039b5305d,13.115639,1773028564,08de4cf1c4592e698ddc3dbf7626590a234e823b55f216aeb285a372c879c619,250,83.33,3.31,1,8,4,0.026172,0.555622,TopoStake,pog(D=3_omega=1.00_beta=1.00),301.06,395,45
88,2,0x1cb1274c711a6c2e4e1596846e6ac604eeefb358,9.413408,1773028566,08de4cf1c4592e698ddc3dbf7626590a234e823b55f216aeb285a372c879c619,250,83.33,3.31,1,8,4,0.026172,0.555623,TopoStake,pog(D=3_omega=1.00_beta=1.00),301.06,395,46
88,3,0x1cb1274c711a6c2e4e1596846e6ac604eeefb358,9.413408,1773028568,08de4cf1c4592e698ddc3dbf7626590a234e823b55f216aeb285a372c879c619,250,83.33,3.31,1,8,4,0.026172,0.555625,TopoStake,pog(D=3_omega=1.00_beta=1.00),301.06,395,47
88,4,0x016d3fc36beee7caa8fbd6c1caa42461dd7f9850,25.905092,1773028570,e0376f6fbdccb3b292a9bfb1f440d298cf09509d47cd4c0375b6aef0138489c2,154,77.00,3.93,1,7,4,0.026172,0.555627,TopoStake,pog(D=3_omega=1.00_beta=1.00),2.28,395,48
89,0,0x54f496e5c1d9f95a916cf7f5b62e9c98e64a3dc5,5.041273,1773028572,360b65d190e82ef8a587be15a989cb65f849dfd3cd4bbdb289ea74fa472e39e2,161,80.50,3.98,2,7,4,0.026172,0.555629,TopoStake,pog(D=3_omega=1.00_beta=1.00),2.17,395,49
89,1,0x1796dc61e715f15a2d27dfa32bd34780f12a8c24,11.735209,1773028574,19bf3f4104ff8f9c11275f747a93f0cd4184e0ac4f0a14cc0a27a3e1e62f9310,147,73.50,4.62,1,7,5,0.026172,0.555630,TopoStake,pog(D=3_omega=1.00_beta=1.00),1.79,395,50
89,2,0xbc3f8508d26048f2064aa8c068f4c94d08d77d18,4.065596,1773028576,54c8dace621109ce64c3dbe03807ed3400b1ae7f17158311036d95697fe9ec4f,141,70.50,3.66,1,6,4,0.026168,0.556170,TopoStake,pog(D=3_omega=1.00_beta=1.00),1.66,396,50
89,3,0x07902d0371763a00d97ed9ba16ff0a206cb0fd19,23.558095,1773028578,54c8dace621109ce64c3dbe03807ed3400b1ae7f17158311036d95697fe9ec4f,141,70.50,3.66,1,6,4,0.026168,0.556172,TopoStake,pog(D=3_omega=1.00_beta=1.00),1.66,396,51
89,4,0xc4dc29db975b952e04358340e56b68fa4ba63fbc,0.536686,1773028581,a4408fd81c91f4734dced58c1bb80f070dcef1f97a098a6271f710d2a6e8894f,215,43.00,2.81,1,4,3,0.026260,0.556976,TopoStake,pog(D=3_omega=1.00_beta=1.00),3.71,397,51
90,0,0x016d3fc36beee7caa8fbd6c1caa42461dd7f9850,25.905138,1773028582,72b69158a64b434b017c40f10adc16f04197c890e088a070861ab8c0c391d735,212,106.00,2.75,1,5,3,0.026162,0.554729,TopoStake,pog(D=3_omega=1.00_beta=1.00),246.63,398,51
90,1,0x282f43759e22b50aa7989261c51c367f325c3f91,4.351414,1773028584,82f77608f5b1f432471b59626d91948486cd5d6104d2997e30ec104c73a03f1a,83,83.00,3.25,1,5,3,0.026273,0.555571,TopoStake,pog(D=3_omega=1.00_beta=1.00),1.95,399,51
90,2,0x4ba33404d90c4ae989714d9d174cd882cffb7994,5.116059,1773028586,57296760dba05c588c4e2a823a3e707c92663e663a640fec7047ad9314c332ef,173,86.50,4.13,1,7,4,0.026207,0.555066,TopoStake,pog(D=3_omega=1.00_beta=1.00),2.12,400,51
90,3,0x07902d0371763a00d97ed9ba16ff0a206cb0fd19,24.559416,1773028588,a76de74d943ecc3fa063f75f7a62975563f324ba44803bd37083309c4ca920d1,127,63.50,5.08,1,8,5,0.026147,0.554722,TopoStake,pog(D=3_omega=1.00_beta=1.00),2.28,401,51
90,4,0x269cdf52f97e1d9f14b7be895155a7b294f0b21d,10.731516,1773028590,c83130add1545b90e4c2a303850963732611d2f3ff8d50ca6987eaac31293d97,248,124.00,2.83,1,5,3,0.026245,0.555520,TopoStake,pog(D=3_omega=1.00_beta=1.00),1.94,402,51
91,0,0x89100a8056319ba37491b32ba255004180607bc2,5.787802,1773028592,79b7ea55df660ead193bf83619fc7d9eb3e54c69cb10ab147ea9db8ffadf96da,138,69.00,3.79,1,5,4,0.026231,0.555993,TopoStake,pog(D=3_omega=1.00_beta=1.00),1.50,403,51
91,1,0x30509a8084fdfe6fe24d9c9a817c209ad194f8e3,7.659811,1773028594,79b7ea55df660ead193bf83619fc7d9eb3e54c69cb10ab147ea9db8ffadf96da,138,69.00,3.79,1,5,4,0.026231,0.555995,TopoStake,pog(D=3_omega=1.00_beta=1.00),1.50,403,52
91,2,0x0d91704595bff3aec25d40822498a51c62b05e3a,17.590785,1773028597,434016984615ad0e33e95c7b59445aa6005b2bed06c37bc5e0fdafeb28dff76a,250,50.00,3.42,1,5,3,0.026191,0.556268,TopoStake,pog(D=3_omega=1.00_beta=1.00),4.17,404,52
91,3,0xb990cdf21950e6086c350175c4bc504e45858230,8.126839,1773028598,4e5c7b209c6b2f0470e00d3af84767977ee563a55144d9995e893125cec59104,108,54.00,3.06,1,4,3,0.026231,0.557017,TopoStake,pog(D=3_omega=1.00_beta=1.00),2.72,405,52
91,4,0x24898fcb116b48cb2b6fd5d3b4eb599fee0f4633,17.064490,1773028600,0ef263f29c4329d73a4b507bbed253082c223a11cd19b20442b7f425d467b7ac,76,76.00,3.96,1,5,4,0.026196,0.557302,TopoStake,pog(D=3_omega=1.00_beta=1.00),1.97,406,52
92,0,0x269cdf52f97e1d9f14b7be895155a7b294f0b21d,11.732118,1773028602,271717b2629a32547fca348d4bf165b3997b3943ed8df43fb86d97af33a8bc67,138,69.00,3.43,1,5,4,0.026231,0.558006,TopoStake,pog(D=3_omega=1.00_beta=1.00),2.42,407,52
92,1,0x0d91704595bff3aec25d40822498a51c62b05e3a,18.591347,1773028604,4a89c42d091e5894d92fbf8b3f3686f7789895a70419730e12699fbe124c8974,178,89.00,3.56,1,5,4,0.026223,0.558488,TopoStake,pog(D=3_omega=1.00_beta=1.00),2.13,408,52
92,2,0xd46407aa7b668c72de3cf1c1a12b7fa2e308a1b2,12.995342,1773028606,662695ba40a9164ad57c3ad9ca90fecdbb9fc05cdbe1134976ad7e84f9d5b7a8,164,82.00,3.45,1,5,4,0.026270,0.559227,TopoStake,pog(D=3_omega=1.00_beta=1.00),1.95,409,52
92,3,0x1796dc61e715f15a2d27dfa32bd34780f12a8c24,12.735859,1773028608,298f2179f506c7457319b7b5abb5e42a24a1ce47e1f6756c9b5daa8b3cd44e94,129,64.50,4.16,1,6,4,0.026272,0.559839,TopoStake,pog(D=3_omega=1.00_beta=1.00),1.80,410,52
92,4,0x30509a8084fdfe6fe24d9c9a817c209ad194f8e3,8.660951,1773028610,80aa05e44f33a1e1c8a2872b4bfbf1b1e18f70918c24cc0375dc44bfa08f5f4e,138,69.00,3.28,1,5,3,0.026272,0.560400,TopoStake,pog(D=3_omega=1.00_beta=1.00),1.62,411,52
93,0,0xcdc82b7c868072205a399d0f68e6e3ad3bfd1ca6,10.209306,1773028612,7f01ef260085d2ffd0bcf716a5631b0c9db93e584a76205dd1d04fee37526762,131,65.50,3.77,1,6,4,0.026240,0.560699,TopoStake,pog(D=3_omega=1.00_beta=1.00),1.55,412,52
93,1,0xdb45667100590f9cfe78a899c3b02c5cd37008f1,4.047067,1773028614,fc23b32bbc3c40bc67e734e5b8fbb28e0e3a8021d1831739f54e603fe3778c93,123,41.00,4.83,1,7,5,0.026219,0.561112,TopoStake,pog(D=3_omega=1.00_beta=1.00),2.57,413,52
93,2,0x58a21eeb7ab18ba8adf1296e66a4487076e95dac,7.093124,1773028616,19c6e1e4928ac61becbde6187545c2ac2ed0052dc8a16971fd08a3034dde662d,61,61.00,4.44,2,7,4,0.026152,0.560536,TopoStake,pog(D=3_omega=1.00_beta=1.00),1.69,414,52
93,3,0x07902d0371763a00d97ed9ba16ff0a206cb0fd19,25.560920,1773028618,7175f7eacd47948e09d18f02a5718b53179bbbf91276d9873a80416f250f655f,144,72.00,4.09,1,6,4,0.026108,0.560647,TopoStake,pog(D=3_omega=1.00_beta=1.00),2.50,415,52
93,4,0x54f496e5c1d9f95a916cf7f5b62e9c98e64a3dc5,5.040893,1773028620,3a1a487b75330d4c171989df523da10b31af79ed0573a9596071e38a79d1e6ad,189,94.50,2.70,2,5,3,0.026206,0.561412,TopoStake,pog(D=3_omega=1.00_beta=1.00),2.20,416,52
94,0,0x1cb1274c711a6c2e4e1596846e6ac604eeefb358,9.413253,1773028622,ff5f5ae9262cbdb9d93eb1d442bfae45481852f8cc4df666940005d73097b203,144,72.00,3.93,1,5,4,0.026146,0.561006,TopoStake,pog(D=3_omega=1.00_beta=1.00),2.08,417,52
94,1,0xa068e3c9a21c8d8be636cd2d285895979ec3262e,5.965491,1773028624,df8b68174857a1ff5500ac358de990bb0b1984792b4ac572ce35d1cbec942718,180,90.00,3.56,2,5,4,0.026119,0.561367,TopoStake,pog(D=3_omega=1.00_beta=1.00),1.93,418,52
94,2,0x3d92e045fb1847aae132b40ebfcc471a32f687de,14.136286,1773028626,b5a2e008e4d912660ebab7fb34b08baf97b33f1638fc5ecdc9e2447a21dfcf5a,118,59.00,4.55,1,8,5,0.026067,0.561240,TopoStake,pog(D=3_omega=1.00_beta=1.00),1.53,419,52
94,3,0x4414c05be2cf328f38d2e3ef4b705d6b894f044a,3.087029,1773028628,a12c232e9ac3f93882f2a5c900d3bf91ab4193b0479ce023541ab4fb1a6a32f0,188,94.00,4.16,1,7,4,0.026067,0.561242,TopoStake,pog(D=3_omega=1.00_beta=1.00),1.72,420,52
94,4,0x3d92e045fb1847aae132b40ebfcc471a32f687de,15.137100,1773028630,a5d6fc135c3e79497375e8e82049579707596f1222e5390725d7de8e4793fbe8,154,51.33,4.55,1,7,5,0.026002,0.561002,TopoStake,pog(D=3_omega=1.00_beta=1.00),2.56,421,52
95,0,0x269cdf52f97e1d9f14b7be895155a7b294f0b21d,12.732904,1773028633,01a71b982ab7c3cff1523a685241dd142d3737eb50d8a91bfb429fed20f7c1c1,144,72.00,4.03,1,7,4,0.026002,0.561005,TopoStake,pog(D=4_omega=1.00_beta=1.00),2.52,422,52
95,1,0x13f9dadc05f6c237b03411e2aed1800cf21a5d89,44.324810,1773028634,b8c4f5a6d8e8c199e1f7aec180b2af8ccadf5ce9efefd1502b65201641c82319,159,79.50,4.85,1,8,5,0.026001,0.561511,TopoStake,pog(D=4_omega=1.00_beta=1.00),2.45,423,52
95,2,0xd39dbd3662315e3935ec08e6b6028e73b3c09de2,1.917936,1773028636,7ec68a9b8ef46be086ce2726086182023a0d9f08efd0cd9c27f1243b0518a1b2,67,67.00,3.36,1,6,3,0.026235,0.562340,TopoStake,pog(D=4_omega=1.00_beta=1.00),1.87,424,52
95,3,0xcdc82b7c868072205a399d0f68e6e3ad3bfd1ca6,11.209612,1773028638,cdc0b0a9b1934de703f65e6ac743c54d188dd0986e8ccc9639a9c60ef2d72ecf,140,70.00,4.56,1,6,5,0.026152,0.560868,TopoStake,pog(D=4_omega=1.00_beta=1.00),2.30,425,52
95,4,0xf82400c4f426bdbd2bc687ffef1f22c1a381c851,0.062611,1773028640,6f8498750ef93dc96b0a0243748ce515ad51edb3bb6de017227a865379c07b08,122,61.00,5.32,1,8,6,0.026138,0.561272,TopoStake,pog(D=4_omega=1.00_beta=1.00),2.40,426,52
96,0,0xd1cd4b808ce6b2841ad42746b64c5a047e857ef0,12.246786,1773028642,e2798d90d94a3f723c8fec83d0e0fcdd005ea1b2d7ce5de5018da6a172c00d79,159,79.50,4.18,1,8,4,0.026042,0.558907,TopoStake,pog(D=4_omega=1.00_beta=1.00),1.97,427,52
96,1,0x53be6e527cc5a7d850b5eae27b9cef342e0665f2,2.038459,1773028644,0d71ee3fd64ad6d1de1a590a330731d05efd60e77239812291c38b96cc434f48,157,52.33,4.31,1,6,4,0.026036,0.559358,TopoStake,pog(D=4_omega=1.00_beta=1.00),2.86,428,52
96,2,0x54f496e5c1d9f95a916cf7f5b62e9c98e64a3dc5,6.041513,1773028647,4556506a30b007c7118cbe1eaa80d76902e3ff3c597d807ed71cbaaeecbb255b,168,84.00,4.30,1,7,5,0.025955,0.557939,TopoStake,pog(D=4_omega=1.00_beta=1.00),2.48,429,52
96,3,0x3d92e045fb1847aae132b40ebfcc471a32f687de,15.136990,1773028648,60c19888a1b9acc52b9bc8112851ba4961927c5305d0f0f5b5f7317b35380f8b,130,65.00,4.27,1,7,4,0.025904,0.557803,TopoStake,pog(D=4_omega=1.00_beta=1.00),2.46,430,52
96,4,0x1796dc61e715f15a2d27dfa32bd34780f12a8c24,13.736633,1773028650,38ce8bd61cc65a15711954bdf78446a625b975fb1ac5bfbfa737d506bbc763ae,78,78.00,4.37,1,7,5,0.025919,0.558437,TopoStake,pog(D=4_omega=1.00_beta=1.00),1.99,431,52
97,0,0x2abf89d7c96c80fcff9dec1fe92803573094ee35,6.229751,1773028652,b5424a47f50113289e18420f1a95b04ec16fbe1ca6f6139ba2d032b49b58de0c,153,76.50,3.54,1,6,3,0.025924,0.559022,TopoStake,pog(D=4_omega=1.00_beta=1.00),2.50,432,52
97,1,0x50f7fa851f9314d682e36da5caa4635039b5305d,13.115796,1773028654,791850a4222261e31ab7f5663a4826348547b9708a930f96c6ccbe48e3ee9467,156,78.00,3.86,1,6,4,0.025874,0.558897,TopoStake,pog(D=4_omega=1.00_beta=1.00),2.33,433,52
97,2,0x95ab54d268473cce82094026afefdbd5cadf418b,3.594819,1773028656,461d95f967514df936f0e06dc726771567ea14bc23f76285c3dbc49adda21dab,176,88.00,3.43,1,5,3,0.025874,0.559389,TopoStake,pog(D=4_omega=1.00_beta=1.00),1.93,434,52
97,3,0x07902d0371763a00d97ed9ba16ff0a206cb0fd19,26.562078,1773028658,7a43a328a84d6c7ed3de546d6b2095afd7692b0b2479f2d98b55150f3a32f160,149,74.50,4.44,1,6,5,0.025805,0.558708,TopoStake,pog(D=4_omega=1.00_beta=1.00),1.58,435,52
97,4,0x81193196c1dbdbf80709d43a5af5ce21c201fbd7,0.835910,1773028660,b4a39bb0571276307dc66718e425e9c00aceafebcbe256ad9aa2e8f9f5683de7,193,96.50,2.75,1,4,3,0.025901,0.559474,TopoStake,pog(D=4_omega=1.00_beta=1.00),1.72,436,52
98,0,0x6064b9f5883bf9737dfe314ff68c56e09e68ac89,2.189208,1773028662,6d9b33addeea14f3ed95976955a9e48f212a68348de4d026b9f6e19f775e0692,155,77.50,4.07,1,6,4,0.025813,0.557473,TopoStake,pog(D=3_omega=1.00_beta=1.00),1.48,437,52
98,1,0x075e1d95c7891e1c00414ca1aa9a7a8cf6270019,0.140617,1773028664,6d9b33addeea14f3ed95976955a9e48f212a68348de4d026b9f6e19f775e0692,155,77.50,4.07,1,6,4,0.025813,0.557475,TopoStake,pog(D=3_omega=1.00_beta=1.00),1.48,437,53
98,2,0x269cdf52f97e1d9f14b7be895155a7b294f0b21d,13.733622,1773028666,6d9b33addeea14f3ed95976955a9e48f212a68348de4d026b9f6e19f775e0692,155,77.50,4.07,1,6,4,0.025813,0.557476,TopoStake,pog(D=3_omega=1.00_beta=1.00),1.48,437,54
98,3,0x13f9dadc05f6c237b03411e2aed1800cf21a5d89,45.326232,1773028668,ba2286bb7ebe3e576e9d697ec5ef0755f6cb8cb4a2960f1ce7515908d16053e4,250,41.67,3.65,1,5,4,0.025817,0.558003,TopoStake,pog(D=3_omega=1.00_beta=1.00),4.82,438,54
98,4,0xd1cd4b808ce6b2841ad42746b64c5a047e857ef0,13.247380,1773028670,ee74784e57c4f7692285b1ca97281b9c5900eb4aa93e1bc06317990731d8f056,105,52.50,2.97,1,5,3,0.026043,0.558815,TopoStake,pog(D=3_omega=1.00_beta=1.00),2.64,439,54
99,0,0xb990cdf21950e6086c350175c4bc504e45858230,9.127231,1773028672,86a8d525fc7011964842e03b17cf13575911893a35c8144cb9ddb07f67e22b41,130,65.00,3.71,1,6,4,0.026042,0.559264,TopoStake,pog(D=3_omega=1.00_beta=1.00),2.41,440,54
99,1,0x07902d0371763a00d97ed9ba16ff0a206cb0fd19,27.563283,1773028674,ffa918c89490599918642ccb46206dae30642d82d1bc1eb24520081e3c1b0698,159,79.50,3.74,1,5,4,0.026012,0.559556,TopoStake,pog(D=3_omega=1.00_beta=1.00),2.15,441,54
99,2,0xcdc82b7c868072205a399d0f68e6e3ad3bfd1ca6,12.209989,1773028676,ffa918c89490599918642ccb46206dae30642d82d1bc1eb24520081e3c1b0698,159,79.50,3.74,1,5,4,0.026012,0.559558,TopoStake,pog(D=3_omega=1.00_beta=1.00),2.15,441,55
99,3,0x13f9dadc05f6c237b03411e2aed1800cf21a5d89,46.326874,1773028678,9caeaad11dad8298299c11811b958c24c959309e6cee93df7fa88c41e009467c,250,62.50,4.46,1,7,4,0.026012,0.559559,TopoStake,pog(D=3_omega=1.00_beta=1.00),2.98,442,55
99,4,0xd1cd4b808ce6b2841ad42746b64c5a047e857ef0,14.248034,1773028680,8237020ad362b3eaab6756fa20af3675f3458d69bf9e17da66e22d204fe8503c,110,55.00,3.22,1,5,3,0.026242,0.560364,TopoStake,pog(D=3_omega=1.00_beta=1.00),1.74,443,55
