epoch,slot,miner,proposer_stake,timestamp,block_hash,tx_count,throughput,avg_path_length,min_path_length,max_path_length,median_path_length,stake_concentration,gini_coefficient,consensus_type,consensus_state,avg_tx_delay_s,block_production_success,block_production_failed
0,2,0x54f496e5c1d9f95a916cf7f5b62e9c98e64a3dc5,0.044828,1772637054,fefbcb5658a3ad3e7c8c70176ba55a39b3c675a71f97a46ec6456a4f028425ea,1,0.00,1.00,1,1,1,0.024404,0.600013,Minotaur,minotaur(pow_w:0.50),0.00,0,0
0,3,0xbc3f8508d26048f2064aa8c068f4c94d08d77d18,3.068489,1772637056,b57d6dccc65b93b5d4d514c9770399029adf10997499a9c184ed782b8af78c43,192,38.40,4.25,1,5,4,0.024030,0.594017,Minotaur,minotaur(pow_w:0.50),1.53,1,0
0,4,0xc774b0fee7cabbef3b1ae14bf36db3df0d32c1df,1.174377,1772637058,f94d7daa19adc40def3562c0c9c79f5940316cbb7d7e56041dc5575ec1a6b7a2,208,104.00,4.35,1,6,4,0.024249,0.596665,Minotaur,minotaur(pow_w:0.50),1.50,2,0
1,0,0x54f496e5c1d9f95a916cf7f5b62e9c98e64a3dc5,1.046678,1772637060,d02b98f4351549cfad27e5e570f4add5589a30946850d17c27ecec434102ed4b,202,101.00,4.07,1,5,4,0.024096,0.596142,Minotaur,minotaur(pow_w:0.50),1.47,3,0
1,1,0xdcf2130496e27a8094ab996aea4aa77788d65869,4.505707,1772637062,e8606477c84f818216ec28d0ec3fb61257331e88c99348912559de0534acb03c,208,104.00,4.21,1,6,4,0.023922,0.595132,Minotaur,minotaur(pow_w:0.50),1.44,4,0
1,2,0xa068e3c9a21c8d8be636cd2d285895979ec3262e,0.968981,1772637064,480850ac902abaf749a9db04e29c601d14fb8aa638796b2dc9e4384331b88f0b,182,91.00,3.91,1,5,4,0.024378,0.598867,Minotaur,minotaur(pow_w:0.50),1.46,5,0
1,3,0x786f26993bf015cd2da6fb5d3ccd1879e01246ab,0.291562,1772637066,bec5ac230b9a189f1d03d578925b2e25b6434983eedc895b291ee341d15f6250,185,92.50,4.39,1,6,5,0.024182,0.597466,Minotaur,minotaur(pow_w:0.50),1.57,6,0
1,4,0x58a21eeb7ab18ba8adf1296e66a4487076e95dac,4.093074,1772637068,545bc9854626f067ca53820bfcd62ec36c8376f6aa9075bced09801cccbd81b6,195,97.50,4.08,1,6,4,0.023870,0.593529,Minotaur,minotaur(pow_w:0.50),1.47,7,0
2,0,0x53be6e527cc5a7d850b5eae27b9cef342e0665f2,0.042506,1772637070,a21d37df808a98cbb7af53a1400a2959c45413b92a575d2d50d5d31e0a16f830,195,97.50,3.94,1,5,4,0.024219,0.596877,Minotaur,minotaur(pow_w:0.50),1.50,8,0
2,1,0x58a21eeb7ab18ba8adf1296e66a4487076e95dac,5.094954,1772637072,dabbdde00c4452eb7c605d6b9065fe30717f804dac7d56592f1164bd23482ff5,234,117.00,3.36,1,5,3,0.023868,0.590989,Minotaur,minotaur(pow_w:0.50),1.44,9,0
2,2,0x58a21eeb7ab18ba8adf1296e66a4487076e95dac,5.094954,1772637074,dabbdde00c4452eb7c605d6b9065fe30717f804dac7d56592f1164bd23482ff5,234,117.00,3.36,1,5,3,0.023869,0.590999,Minotaur,minotaur(pow_w:0.50),1.44,9,1
2,3,0x58a21eeb7ab18ba8adf1296e66a4487076e95dac,5.094954,1772637076,dabbdde00c4452eb7c605d6b9065fe30717f804dac7d56592f1164bd23482ff5,234,117.00,3.36,1,5,3,0.023869,0.591009,Minotaur,minotaur(pow_w:0.50),1.44,9,2
2,4,0x37cc7a82e66d4f4c2ae13b9ee895d3af1a1d7a05,0.264755,1772637078,dabbdde00c4452eb7c605d6b9065fe30717f804dac7d56592f1164bd23482ff5,234,117.00,3.36,1,5,3,0.023870,0.591021,Minotaur,minotaur(pow_w:0.50),1.44,9,3
3,0,0x63f4973c0df8a5358405f396dc0673a463c48de9,3.901027,1772637080,06362084247aa7d3fba3be4f25a655883832f1c29ff9695ef3aec90830de0e6b,250,31.25,3.99,1,6,4,0.023564,0.586784,Minotaur,minotaur(pow_w:0.50),7.19,10,3
3,1,0x213068cb42718d1dd6d00a6d94d62a3def0e68eb,0.370659,1772637082,32c549bda5ae9059952dc6489188c694053b23639ef5fe2b2f938db4b828c461,201,67.00,3.36,1,5,3,0.023857,0.589823,Minotaur,minotaur(pow_w:0.50),3.32,11,3
3,2,0x4414c05be2cf328f38d2e3ef4b705d6b894f044a,2.089449,1772637084,a2faa75f6179ed4e8a0d168f4152a1631284ee64e750ae54b8058727d5b9762c,199,99.50,3.54,1,5,4,0.023572,0.586065,Minotaur,minotaur(pow_w:0.50),2.02,12,3
3,3,0xeb82a21cb3d0dd781eb22ad74bb7cd9b4d2a06ec,2.924475,1772637086,493501b218267cd696ad3f9baa808a50879b270c342e778832c7b90a64b1d312,184,92.00,3.83,1,6,4,0.023563,0.587306,Minotaur,minotaur(pow_w:0.50),2.12,13,3
3,4,0x6d6b2734a20229ddd7fd4a1470ba3e3bad4e4a85,1.643194,1772637088,cf88f6bd333c344e1b1c9acb65c3aa44ee3591737148593d1aae1abb46489407,200,100.00,3.99,1,6,4,0.023679,0.589393,Minotaur,minotaur(pow_w:0.50),2.04,14,3
4,0,0xaadc5fea232580cb8fba739ac5d05a48559c7e52,1.356043,1772637090,281aec66f65d33dc6451324956d8bebb6e81a1f81d81bb8b52fdec1617eab710,195,97.50,3.70,1,5,4,0.023594,0.589589,Minotaur,minotaur(pow_w:0.50),1.95,15,3
4,1,0xaadc5fea232580cb8fba739ac5d05a48559c7e52,2.357973,1772637092,e7230e0e48da979383d1e517c525f9e8a94e7d04d1b4b502957f5acb401618da,194,97.00,4.20,1,6,4,0.023465,0.589029,Minotaur,minotaur(pow_w:0.50),2.00,16,3
4,2,0x58a21eeb7ab18ba8adf1296e66a4487076e95dac,5.094754,1772637095,78859527325f027980b3cbeec7ab6231ac12d69ca192706bee51970e1881bc51,229,114.50,4.36,1,6,4,0.023484,0.590275,Minotaur,minotaur(pow_w:0.50),1.96,17,3
4,3,0xdcf2130496e27a8094ab996aea4aa77788d65869,5.507467,1772637097,ba21aafc70ce99f19559b0382a0e4ee2fb418ef76ca560610a15d5854e05a705,193,96.50,3.92,1,5,4,0.023893,0.593609,Minotaur,minotaur(pow_w:0.50),1.70,18,3
4,4,0x016d3fc36beee7caa8fbd6c1caa42461dd7f9850,0.879919,1772637099,ba21aafc70ce99f19559b0382a0e4ee2fb418ef76ca560610a15d5854e05a705,193,96.50,3.92,1,5,4,0.023893,0.593616,Minotaur,minotaur(pow_w:0.50),1.70,18,4
5,0,0x213068cb42718d1dd6d00a6d94d62a3def0e68eb,1.372509,1772637101,fc4694d78fa158346954fb04a2cfa6b1a291ffe0134210ed4f8532ff2444f783,250,62.50,3.19,1,4,3,0.023688,0.591671,Minotaur,minotaur(pow_w:0.50),3.27,19,4
5,1,0x54f496e5c1d9f95a916cf7f5b62e9c98e64a3dc5,2.048268,1772637103,bd62180f89cc02a7f5302a02b9c3eff11cf517f3265f11b8920a4dc306d5ebfb,223,111.50,3.62,1,5,4,0.023555,0.590895,Minotaur,minotaur(pow_w:0.50),1.83,20,4
5,2,0x58a21eeb7ab18ba8adf1296e66a4487076e95dac,6.096594,1772637105,0e63c3da449f46045f4e3d9de01bea6e7150f3bd5c1f3705f75d1962d03f4358,186,93.00,4.16,1,5,4,0.023516,0.591454,Minotaur,minotaur(pow_w:0.50),1.48,21,4
5,3,0xa447d277b02012c2afd9ddcbbe123f27cc971963,1.808805,1772637107,c402ec3ead30b15683837dd9de7478b0002fba85b8b000d9a72d30327a54bec7,193,96.50,3.94,1,5,4,0.024020,0.594739,Minotaur,minotaur(pow_w:0.50),1.48,22,4
5,4,0x63f4973c0df8a5358405f396dc0673a463c48de9,4.902727,1772637109,31b18f74b15de5dac9a9a15cbea2d6e5a4e95732ea5e538cda3604ae38ca74ef,203,101.50,3.49,1,5,3,0.023937,0.594663,Minotaur,minotaur(pow_w:0.50),1.44,23,4
6,0,0x34412315480562da4810040fd15c81f99880e1ab,1.897953,1772637111,98582302b95fb1482e488194e39161385120414e4af59836abfe8dc194635bca,197,98.50,3.53,1,5,4,0.024257,0.597609,Minotaur,minotaur(pow_w:0.50),1.50,24,4
6,1,0xe6ebb0cdfd04183d498964e5efc4096ba77b17d6,4.294153,1772637113,98582302b95fb1482e488194e39161385120414e4af59836abfe8dc194635bca,197,98.50,3.53,1,5,4,0.024257,0.597619,Minotaur,minotaur(pow_w:0.50),1.50,24,5
6,2,0xa3786e459f289a76c0e8af8ad834e3d0c6d47199,4.727013,1772637115,1cef0e8f49dc627a6e1d6b58bffc73404b0386ac5579784317c28bf324387a48,104,26.00,4.12,1,7,4,0.024485,0.600222,Minotaur,minotaur(pow_w:0.50),2.03,25,5
6,3,0xdcf2130496e27a8094ab996aea4aa77788d65869,5.507457,1772637117,1cef0e8f49dc627a6e1d6b58bffc73404b0386ac5579784317c28bf324387a48,104,26.00,4.12,1,7,4,0.024486,0.600231,Minotaur,minotaur(pow_w:0.50),2.03,25,6
6,4,0x71f297f96355f349d66f0e9b681e7d4e11224660,0.171340,1772637119,86f33e8261dc54bf3b5e1d1a78a7040d017c5bb804fbe8c97e16b3eeb7b15863,114,28.50,4.12,1,5,4,0.024857,0.603119,Minotaur,minotaur(pow_w:0.50),2.97,26,6
7,0,0xe6ebb0cdfd04183d498964e5efc4096ba77b17d6,5.295133,1772637121,81bc2d1fcf59824c0018fef9cdae741af631c6814262ff48e6a45ab6004b0ae2,250,125.00,3.98,1,6,4,0.024550,0.598539,Minotaur,minotaur(pow_w:0.50),7.87,27,6
7,1,0xe6ebb0cdfd04183d498964e5efc4096ba77b17d6,6.296433,1772637123,fe8b602229d05065a85914e5affbebc7346805c84b86ca177160c9171c1ce664,132,66.00,4.14,1,6,4,0.024876,0.601202,Minotaur,minotaur(pow_w:0.50),1.45,28,6
7,2,0x34412315480562da4810040fd15c81f99880e1ab,1.897843,1772637125,50d1a79d3ebb78d33e2e33c1a7749b2579696c9570098f7e10a6d811e0ab147a,186,93.00,4.16,1,6,4,0.025310,0.604074,Minotaur,minotaur(pow_w:0.50),1.54,29,6
7,3,0xac768e60b9269babb15cb1e36ee843243d7c7543,3.717678,1772637127,0c68839ead1f901a86334a11ccceabf10de114257df1e27fc1c8d2a0f3f7cb4d,232,116.00,4.09,1,6,4,0.025207,0.603968,Minotaur,minotaur(pow_w:0.50),1.47,30,6
7,4,0x54f496e5c1d9f95a916cf7f5b62e9c98e64a3dc5,3.049848,1772637129,a3b03dda6b2e99f8a10f0b795d765f170b4c043d8844cb802f8ff38b22e7ebf6,195,97.50,3.94,1,6,4,0.025316,0.606079,Minotaur,minotaur(pow_w:0.50),1.42,31,6
8,0,0x63f4973c0df8a5358405f396dc0673a463c48de9,5.904697,1772637131,a4293a232401de20265e28fa735d4eca48753cecc77bfbccb22645e4c11e8219,186,93.00,4.11,1,6,4,0.025342,0.607605,Minotaur,minotaur(pow_w:0.50),1.46,32,6
8,1,0x26d553a2f4343b3a7dc88bbd87b3d0a25d3838d9,3.218680,1772637133,ad80de0044f3afd519e225aadde7e25a170b6ffad00159bf3b4c22ff52fd0c70,6,3.00,3.17,3,4,3,0.025687,0.610097,Minotaur,minotaur(pow_w:0.50),0.00,33,6
8,2,0xeaa5003682d7289190651081ae2bee847097afc5,0.761435,1772637135,bdf1827cb02ff0351f1cc72934da70c3268dae0c3875467694b7b5d092d9c53c,250,83.33,3.82,1,6,4,0.025720,0.611599,Minotaur,minotaur(pow_w:0.50),4.12,34,6
8,3,0x13f9dadc05f6c237b03411e2aed1800cf21a5d89,0.277162,1772637137,2bc285557c667197f8acf9a60cd099fb8b8e0d11beb2e7e412462a384cd93c26,132,66.00,4.15,1,6,4,0.025479,0.609211,Minotaur,minotaur(pow_w:0.50),2.63,35,6
8,4,0x34412315480562da4810040fd15c81f99880e1ab,2.900043,1772637139,8fd246c99d3fcad45ac35c5a9a37c3a332e3cb25445ec43ee6904d568b2e4b04,250,125.00,3.00,1,5,3,0.025190,0.605163,Minotaur,minotaur(pow_w:0.50),2.11,36,6
9,0,0x30509a8084fdfe6fe24d9c9a817c209ad194f8e3,2.655819,1772637141,6b214226a82a33db3e6ebdba4a095aa7fd421cd39c254f9c00c2670ec866884a,230,115.00,4.00,1,6,4,0.025186,0.606266,Minotaur,minotaur(pow_w:0.50),1.90,37,6
9,1,0x4ba33404d90c4ae989714d9d174cd882cffb7994,1.118442,1772637144,eaed109219c3067d97d87c3909d232f9d47bae1f8f4ceaf38982bc1c3f09e7d8,233,116.50,3.33,1,5,3,0.025154,0.607024,Minotaur,minotaur(pow_w:0.50),1.81,38,6
9,2,0xd46407aa7b668c72de3cf1c1a12b7fa2e308a1b2,1.990829,1772637146,fbb3c5d1ecee432c8c5052ac4a516f7861762e04503bd6e6920ed7e83dd9acca,158,79.00,4.28,1,6,4,0.024961,0.605370,Minotaur,minotaur(pow_w:0.50),1.82,39,6
9,3,0x34412315480562da4810040fd15c81f99880e1ab,3.902253,1772637148,a71d995e765a37cb3239c9b79acf2446442f440216809332b48f198b324577e2,198,99.00,3.97,1,5,4,0.024861,0.605208,Minotaur,minotaur(pow_w:0.50),1.83,40,6
9,4,0x4414c05be2cf328f38d2e3ef4b705d6b894f044a,3.090639,1772637150,520a61ddb83d3755290f1cec0a02d91505fe4f1512e8a99a2c969a094a8426a4,190,95.00,4.09,1,6,4,0.024953,0.607058,Minotaur,minotaur(pow_w:0.50),1.55,41,6
10,0,0xa5a12d96532497871d73549e55ab377e3dcb3a40,0.110732,1772637152,af4e8fb491096c2a8e3b9216bb6974b8075aa82d7766cfe4d61663ec75152121,198,99.00,3.98,1,6,4,0.024959,0.608027,Minotaur,minotaur(pow_w:0.50),1.63,42,6
10,1,0x4ba33404d90c4ae989714d9d174cd882cffb7994,2.119952,1772637154,4023bc19e664101f1d4658145257be1d2b673d48a07748ccdb8f28b89e16d2e1,184,92.00,4.29,1,6,4,0.024671,0.603294,Minotaur,minotaur(pow_w:0.50),1.52,43,6
10,2,0xfdc414c57908f0e2a6a926079902d4688d553610,0.179332,1772637156,9265c4b224e15230e85c96187fd6e384109d9be541392a923b3d72629b51e18f,178,89.00,4.46,1,7,4,0.024672,0.603304,Minotaur,minotaur(pow_w:0.50),1.51,44,6
10,3,0xaadc5fea232580cb8fba739ac5d05a48559c7e52,3.359563,1772637158,755aaadec4c53a86ee567258172ed6009c9f41649544935384f8b676888fd827,194,97.00,4.76,1,7,5,0.024396,0.598844,Minotaur,minotaur(pow_w:0.50),1.54,45,6
10,4,0xd1cd4b808ce6b2841ad42746b64c5a047e857ef0,0.239714,1772637160,2338a215adfab46e329594ff92497dac3b950a9d4072e770b5776770353b384f,191,95.50,4.45,2,6,5,0.024428,0.600029,Minotaur,minotaur(pow_w:0.50),1.52,46,6
11,0,0xa3786e459f289a76c0e8af8ad834e3d0c6d47199,4.726563,1772637162,dd1dc0d2518d1407a7f91324ed6c469f09c1f7882e0d405e8e7ce380d1981ff8,196,98.00,3.95,1,6,4,0.024164,0.595777,Minotaur,minotaur(pow_w:0.50),1.50,47,6
11,1,0xe6ebb0cdfd04183d498964e5efc4096ba77b17d6,7.298003,1772637164,118151a97ea15a0792df7cf59c54cdd9af738ac7d3efb2a9b26035e4ad2bee20,203,101.50,4.30,1,6,4,0.024321,0.597906,Minotaur,minotaur(pow_w:0.50),1.50,48,6
11,2,0x269cdf52f97e1d9f14b7be895155a7b294f0b21d,0.725343,1772637166,118151a97ea15a0792df7cf59c54cdd9af738ac7d3efb2a9b26035e4ad2bee20,203,101.50,4.30,1,6,4,0.024322,0.597914,Minotaur,minotaur(pow_w:0.50),1.50,48,7
11,3,0x213068cb42718d1dd6d00a6d94d62a3def0e68eb,2.374129,1772637168,da90ceff777353ebf855000371a894dc86b26972c3d521396e4632c63037aa99,250,62.50,3.94,1,6,4,0.024106,0.595272,Minotaur,minotaur(pow_w:0.50),2.85,49,7
11,4,0x1cb1274c711a6c2e4e1596846e6ac604eeefb358,0.407051,1772637170,77de448865a66a957d162e1ab3728b5040cd691221ce3ce14d871bab023698ca,173,86.50,3.65,1,5,4,0.024043,0.595523,Minotaur,minotaur(pow_w:0.50),2.03,50,7
12,0,0xc774b0fee7cabbef3b1ae14bf36db3df0d32c1df,2.175307,1772637172,d8c9a3dd9735a30824e29bc7d5311461eee0cd125cee46119a0f4145dc2b29af,188,94.00,3.46,1,5,4,0.023804,0.591860,Minotaur,minotaur(pow_w:0.50),1.38,51,7
12,1,0xd1cd4b808ce6b2841ad42746b64c5a047e857ef0,1.241504,1772637174,6a76524d3c1e51b25021a8656e3c5b150e52ada2f743aad418f93ec55fe07152,175,58.33,4.03,1,6,4,0.023725,0.591823,Minotaur,minotaur(pow_w:0.50),2.28,52,7
12,2,0xdcf2130496e27a8094ab996aea4aa77788d65869,6.508297,1772637176,639617acea4ae151c8413978651e13a6f4566bc374818e87e58ea6d2cf04cffa,218,109.00,3.81,1,6,4,0.023564,0.590400,Minotaur,minotaur(pow_w:0.50),2.12,53,7
12,3,0xd46407aa7b668c72de3cf1c1a12b7fa2e308a1b2,2.992459,1772637178,2a13e9a52b3564238f0c0be393aa8cdcd601c9c2fd8c136f009d9f9356a26089,236,118.00,4.01,1,6,4,0.023857,0.592795,Minotaur,minotaur(pow_w:0.50),2.15,54,7
12,4,0xd1cd4b808ce6b2841ad42746b64c5a047e857ef0,2.243654,1772637181,73c4f4f3465c60e19cc6e340df53ccd387d33f65b466e7b61712d046845e75a8,202,101.00,3.91,1,5,4,0.023844,0.593423,Minotaur,minotaur(pow_w:0.50),1.91,55,7
13,0,0x687bf2437a044a3e42ff2f8a79a8e54ba9601f70,1.065529,1772637183,2c8bf86a9ad4d7e3f6bf85e41bb850cd44e85a549304c0031f8b2873b4bc99ce,217,108.50,3.99,1,6,4,0.023766,0.593287,Minotaur,minotaur(pow_w:0.50),1.91,56,7
13,1,0x213068cb42718d1dd6d00a6d94d62a3def0e68eb,3.375679,1772637185,679c768ef2bc753f0d121104b49241b9e2fb46151bfd1ff3b6ca6afe0d30becf,226,113.00,3.76,1,5,4,0.023591,0.591391,Minotaur,minotaur(pow_w:0.50),1.61,57,7
13,2,0xa3786e459f289a76c0e8af8ad834e3d0c6d47199,5.728323,1772637187,a4897f30e13eee400d2e91c8b34ec5fe8ae834a831649517452cce1878bb00d1,200,100.00,3.62,1,5,4,0.023606,0.592344,Minotaur,minotaur(pow_w:0.50),1.47,58,7
13,3,0x8c11ec9090dd820c076e57e899d9c604c79d6b32,1.565209,1772637189,a4897f30e13eee400d2e91c8b34ec5fe8ae834a831649517452cce1878bb00d1,200,100.00,3.62,1,5,4,0.023606,0.592352,Minotaur,minotaur(pow_w:0.50),1.47,58,8
13,4,0x4a217e35f6402e7f62a49f6d62e27c6585c2f3fd,1.491677,1772637191,d10c1ac8491911485928d22474c96274c8d0723ad9769c643a1b9f8d69b44439,250,62.50,4.12,1,6,4,0.023607,0.592360,Minotaur,minotaur(pow_w:0.50),3.06,59,8
14,0,0x89100a8056319ba37491b32ba255004180607bc2,2.786287,1772637193,856717d2b7fc0e209b6e341b48c46a7749e4003c2c4ec5684ce0ad12a43f26a7,101,50.50,3.61,1,5,4,0.023469,0.591175,Minotaur,minotaur(pow_w:0.50),1.58,60,8
14,1,0xeb82a21cb3d0dd781eb22ad74bb7cd9b4d2a06ec,3.925535,1772637195,0be5f930d63426691e41bc7b7eee2191438722b93f2aa5de2f960b945b98380e,201,100.50,3.87,1,5,4,0.023435,0.591420,Minotaur,minotaur(pow_w:0.50),1.42,61,8
14,2,0x89100a8056319ba37491b32ba255004180607bc2,3.788247,1772637197,68319f2d918313c99a85b85c647a951170335818e2bcb627a90fa3cfaebba8e1,167,83.50,4.01,1,6,4,0.023489,0.592864,Minotaur,minotaur(pow_w:0.50),1.37,62,8
14,3,0xeaa5003682d7289190651081ae2bee847097afc5,1.762105,1772637199,d83db2b03e4f3622c204acfde9002a0a0163f8cd9d17e0f0feda1d795f0f50f2,203,101.50,3.92,1,6,4,0.023530,0.594027,Minotaur,minotaur(pow_w:0.50),1.52,63,8
14,4,0x37cc7a82e66d4f4c2ae13b9ee895d3af1a1d7a05,1.265865,1772637201,fe872fb253953880deb51a62f2ed2392f2e7a6de606208585025940700ef8be6,174,87.00,4.24,1,6,4,0.023413,0.593145,Minotaur,minotaur(pow_w:0.50),1.51,64,8
15,0,0x719361397abe003a91af76243e5f9c7a0cd4279f,3.543396,1772637203,509fa0a40509f1ce00ab8b68598b0650440fdefabaf757d87742c63c766d1938,186,93.00,4.03,1,6,4,0.023259,0.591477,Minotaur,minotaur(pow_w:0.50),1.46,65,8
15,1,0x075e1d95c7891e1c00414ca1aa9a7a8cf6270019,0.140575,1772637205,6dd84ffda7a4360c8ab990382611248244f7d9ba0fe53f59428c04bcec801a2b,3,1.50,3.00,3,3,3,0.023278,0.592272,Minotaur,minotaur(pow_w:0.50),0.00,66,8
15,2,0x0d91704595bff3aec25d40822498a51c62b05e3a,0.569906,1772637207,84a585dc5db7009ab4e82413c4f642ecac0ef2aed44ab8f941e82d30beff0f83,250,83.33,3.18,1,5,3,0.023043,0.587909,Minotaur,minotaur(pow_w:0.50),4.06,67,8
15,3,0x3513d672439a59c26cc5711f2b715ccb4810a774,1.291365,1772637209,146d6ab7bbb7ea9055195b45ae99b49179f210e723fb263cbc29bbb6c7ad11ce,174,87.00,3.13,2,5,3,0.022844,0.584805,Minotaur,minotaur(pow_w:0.50),1.97,68,8
15,4,0xe6ebb0cdfd04183d498964e5efc4096ba77b17d6,7.297943,1772637211,2e8b17e15c0a80ccf9d0d9970baf9704094e6ee3f500d8004d30d55f61343adf,182,91.00,3.53,1,5,4,0.022700,0.583114,Minotaur,minotaur(pow_w:0.50),1.84,69,8
16,0,0xa068e3c9a21c8d8be636cd2d285895979ec3262e,1.969551,1772637214,2e8b17e15c0a80ccf9d0d9970baf9704094e6ee3f500d8004d30d55f61343adf,182,91.00,3.53,1,5,4,0.022700,0.583122,Minotaur,minotaur(pow_w:0.50),1.84,69,9
16,1,0xa9105f442328d397529b8e4e9e656fa89016ff45,0.469994,1772637216,b930def0772232f7d5222f1626c124d2c6761d8b402bf2d373045e9546c4d1f4,250,62.50,4.34,1,6,5,0.022606,0.582425,Minotaur,minotaur(pow_w:0.50),3.68,70,9
16,2,0xeb82a21cb3d0dd781eb22ad74bb7cd9b4d2a06ec,4.926975,1772637218,523ba439756a669c0e06207042df0e691aa67c0a2aeff11dac3437d8eaf23214,250,125.00,3.72,1,5,4,0.022407,0.579025,Minotaur,minotaur(pow_w:0.50),2.35,71,9
16,3,0x63f4973c0df8a5358405f396dc0673a463c48de9,6.904297,1772637220,16ec738f784559a87087f0815edd224a2214ef6b30b30e7e83dae1f4802c0461,172,86.00,4.03,1,6,4,0.022520,0.580889,Minotaur,minotaur(pow_w:0.50),1.59,72,9
16,4,0xa3786e459f289a76c0e8af8ad834e3d0c6d47199,5.728263,1772637222,7e03e964798ceddff625bdef8cbb9c67ab5903a0b980725ebf18e96642b6618a,196,98.00,3.48,1,5,4,0.022765,0.583154,Minotaur,minotaur(pow_w:0.50),1.46,73,9
17,0,0x4a217e35f6402e7f62a49f6d62e27c6585c2f3fd,2.492377,1772637224,7e03e964798ceddff625bdef8cbb9c67ab5903a0b980725ebf18e96642b6618a,196,98.00,3.48,1,5,4,0.022766,0.583160,Minotaur,minotaur(pow_w:0.50),1.46,73,10
17,1,0xa3786e459f289a76c0e8af8ad834e3d0c6d47199,5.728233,1772637226,eebcc0eb84b7abeb39ff7e9f57c176cc3c3cb0fa454f9e4fa36c64236e550314,250,62.50,3.62,1,5,4,0.022704,0.583026,Minotaur,minotaur(pow_w:0.50),3.08,74,10
17,2,0xeb82a21cb3d0dd781eb22ad74bb7cd9b4d2a06ec,5.928575,1772637228,e671485937c1c894a25a876c9231315e5e627307f49b3209d752ca5450964dff,103,51.50,4.14,1,6,4,0.022859,0.584903,Minotaur,minotaur(pow_w:0.50),1.04,75,10
17,3,0x58a21eeb7ab18ba8adf1296e66a4487076e95dac,7.097834,1772637230,f9c26a6931b37d8dc3aa1e8164e96ea580370c172e89bf42685b4ba8fe609ac0,213,106.50,4.16,1,6,4,0.023023,0.586689,Minotaur,minotaur(pow_w:0.50),1.83,76,10
17,4,0x58a21eeb7ab18ba8adf1296e66a4487076e95dac,8.099664,1772637232,a300cd80f7d0e80ac08134da5691b94cc853b1bc30fee25e94f6251ad4d5d88a,187,93.50,3.87,1,5,4,0.023257,0.588842,Minotaur,minotaur(pow_w:0.50),1.47,77,10
18,0,0x1cb1274c711a6c2e4e1596846e6ac604eeefb358,1.408291,1772637234,7e6ee9740cb49ca77fecd9b61cada29563377fcf789e620be74f8c1db7ed8321,176,88.00,3.88,1,5,4,0.023550,0.591133,Minotaur,minotaur(pow_w:0.50),1.49,78,10
18,1,0x34412315480562da4810040fd15c81f99880e1ab,4.904023,1772637236,4c50088c807daaee052de3ac0b417157fac3dd61a68726f46338eca057544e35,246,82.00,3.38,1,5,3,0.023407,0.589517,Minotaur,minotaur(pow_w:0.50),2.17,79,10
18,2,0xa447d277b02012c2afd9ddcbbe123f27cc971963,2.809535,1772637238,4c50088c807daaee052de3ac0b417157fac3dd61a68726f46338eca057544e35,246,82.00,3.38,1,5,3,0.023407,0.589524,Minotaur,minotaur(pow_w:0.50),2.17,79,11
18,3,0xa3786e459f289a76c0e8af8ad834e3d0c6d47199,6.729183,1772637241,d207be55522f95907d2795d4ab69d2a9edb3a8175e7c3c6077fe1c38a30a495e,250,62.50,3.55,1,5,4,0.023354,0.589527,Minotaur,minotaur(pow_w:0.50),3.88,80,11
18,4,0x07902d0371763a00d97ed9ba16ff0a206cb0fd19,2.530309,1772637242,d207be55522f95907d2795d4ab69d2a9edb3a8175e7c3c6077fe1c38a30a495e,250,62.50,3.55,1,5,4,0.023354,0.589530,Minotaur,minotaur(pow_w:0.50),3.88,80,12
19,0,0xaadc5fea232580cb8fba739ac5d05a48559c7e52,4.360553,1772637244,632834cd2a9acc0ca961ebaea41f40f351db00ba871d93c883efc6fa0a4bbac5,250,83.33,2.82,1,4,3,0.023283,0.589209,Minotaur,minotaur(pow_w:0.50),2.22,81,12
19,1,0x54f496e5c1d9f95a916cf7f5b62e9c98e64a3dc5,4.050518,1772637246,d4a198459ed316c097d82589e3e04d9ec94af02864e320d124447213881a0d74,210,105.00,4.24,1,6,4,0.023326,0.590609,Minotaur,minotaur(pow_w:0.50),1.63,82,12
19,2,0xe6ebb0cdfd04183d498964e5efc4096ba77b17d6,7.297763,1772637248,96202e5af1bf5ddfc6b959132d799be965f50811a2521236689b214362111739,195,97.50,4.38,1,5,4,0.023347,0.591685,Minotaur,minotaur(pow_w:0.50),1.58,83,12
19,3,0xe478b1e4d1538274c0c70cbd7df877f9abab2f62,2.298296,1772637250,39f61d647e5e694887971fa056f2d5b9b51da8043c385d0ad819c2c3467e869a,197,98.50,4.14,1,6,4,0.023563,0.593684,Minotaur,minotaur(pow_w:0.50),1.55,84,12
19,4,0x81193196c1dbdbf80709d43a5af5ce21c201fbd7,0.837029,1772637252,be330b55a740f406ed4161eb5c1a789b04aa4992ff2e3262eaaa8598ab810dc7,195,97.50,4.07,1,6,4,0.023474,0.593067,Minotaur,minotaur(pow_w:0.50),1.52,85,12
20,0,0xdcf2130496e27a8094ab996aea4aa77788d65869,7.510197,1772637254,e4028b466519cf3905e38c781c185010fc9add04849f4c5ce2b2de6ad6fd9d8d,180,90.00,3.95,2,6,4,0.023298,0.590502,Minotaur,minotaur(pow_w:0.50),1.51,86,12
20,1,0x81193196c1dbdbf80709d43a5af5ce21c201fbd7,1.838799,1772637256,05e7f09d70324715e764f5e8514f985bab8de3af8ed3ca0bf089a840de2a1371,195,97.50,3.95,1,6,4,0.023516,0.592436,Minotaur,minotaur(pow_w:0.50),1.40,87,12
20,2,0xc24b36dee27726233c3bbd9e1f028f98b6b2a424,2.411489,1772637258,86ba9a0c808eb2deab7c9c17a0708337223cf5368e8ac8daf85c45f8532f2391,179,89.50,3.97,1,6,4,0.023399,0.591282,Minotaur,minotaur(pow_w:0.50),1.36,88,12
20,3,0xa447d277b02012c2afd9ddcbbe123f27cc971963,3.811845,1772637260,f21d34dbd880737a020187256691a6329783282d64e9820abcf5a53f607375e3,203,67.67,3.91,1,6,4,0.023316,0.590637,Minotaur,minotaur(pow_w:0.50),2.34,89,12
20,4,0xa3786e459f289a76c0e8af8ad834e3d0c6d47199,6.729003,1772637262,54bf2c0b4d8559013d8d7847a98575166a06fc3ce33179c758872fb3c4a245eb,235,117.50,3.53,1,5,4,0.023313,0.591356,Minotaur,minotaur(pow_w:0.50),2.20,90,12
21,0,0x8c11ec9090dd820c076e57e899d9c604c79d6b32,1.564439,1772637265,b3b35f314d6c2343cf6b882bb0a3071889152a0881fa4b128fa7c9487647a051,191,95.50,4.19,1,6,4,0.023473,0.593030,Minotaur,minotaur(pow_w:0.50),2.10,91,12
21,1,0x4ba33404d90c4ae989714d9d174cd882cffb7994,2.118922,1772637266,c3c4bfe0be06ed3d5c3c4229ab3d15d0d470762a9ca426208a5bd96a2699fbd2,238,119.00,4.08,1,6,4,0.023340,0.591477,Minotaur,minotaur(pow_w:0.50),2.05,92,12
21,2,0xaadc5fea232580cb8fba739ac5d05a48559c7e52,5.362373,1772637268,dd8a733540b9b2f39e669cafe6e5770e8e22f3a2b9552500a8837c48aa33c58a,98,98.00,4.36,1,6,4,0.023240,0.590441,Minotaur,minotaur(pow_w:0.50),1.27,93,12
21,3,0xd46407aa7b668c72de3cf1c1a12b7fa2e308a1b2,3.993589,1772637270,c1a6a3f473e4d693f3982fa352d44322506261a724f8cc9206c691ee97f641d2,203,101.50,4.30,1,6,4,0.023318,0.591906,Minotaur,minotaur(pow_w:0.50),1.66,94,12
21,4,0xbc3f8508d26048f2064aa8c068f4c94d08d77d18,4.069179,1772637272,5bfb8ca09d5417b8495c244dd14bd1ada9e8a40b5dec4930e65ccaea15bf40cb,189,94.50,4.17,1,6,4,0.023318,0.592674,Minotaur,minotaur(pow_w:0.50),1.50,95,12
22,0,0x30509a8084fdfe6fe24d9c9a817c209ad194f8e3,3.656769,1772637274,e3fc259ce79009cb5cf6997843ba11baa05bcba5ea9622e92b462d7dae54f78c,198,99.00,4.63,1,6,5,0.023322,0.593410,Minotaur,minotaur(pow_w:0.50),1.53,96,12
22,1,0xd67aaaf210c0c36ddcb7055222d168b5c9dd1b36,0.187141,1772637276,6f9929bba49b357992d6a3c6faf1fd590f35924c8d5a1cf064e3bd39767e3137,209,104.50,3.41,1,5,4,0.023302,0.593751,Minotaur,minotaur(pow_w:0.50),1.56,97,12
22,2,0x606627477c3734932f47972f83c27cf4e3b35b4f,3.375577,1772637278,c5339d125dc91eb1a92c588168d4db6706aa607b1c295b86e8865b51a1dbd016,195,97.50,3.95,1,5,4,0.023101,0.589944,Minotaur,minotaur(pow_w:0.50),1.46,98,12
22,3,0xa447d277b02012c2afd9ddcbbe123f27cc971963,4.813965,1772637280,f24cae8a5db2a87ededb2e702706226423dd9f3b5889ae38dc53dd6adeb40e21,208,104.00,3.62,1,5,4,0.023067,0.590065,Minotaur,minotaur(pow_w:0.50),1.42,99,12
22,4,0x54f496e5c1d9f95a916cf7f5b62e9c98e64a3dc5,5.052078,1772637282,21dc164c46a26bf4b1fa83f4403bd3d9174efdd608017889e12f423fb02dd0c0,188,94.00,3.45,1,5,3,0.023106,0.591310,Minotaur,minotaur(pow_w:0.50),1.28,100,12
23,0,0x28672c71695142588ed26ada6f4b18b8b6c12308,0.690318,1772637284,944e69cb1ccd3bdda66d293cd88cdec50b71b447af4752201b718360251233d3,180,60.00,4.13,1,5,4,0.023155,0.592539,Minotaur,minotaur(pow_w:0.50),2.32,101,12
23,1,0xa3786e459f289a76c0e8af8ad834e3d0c6d47199,7.730753,1772637287,f955e7770d26645af54e6923d578a15006ab2e01c70feda354667ff542d2b350,250,125.00,3.50,1,5,4,0.022983,0.589778,Minotaur,minotaur(pow_w:0.50),2.09,102,12
23,2,0x1796dc61e715f15a2d27dfa32bd34780f12a8c24,1.722971,1772637288,7a8a5f2e14ad9cbf2c18352440c98aec1ae6d41bfb1a92dea09eb2d0b5f1e878,179,89.50,4.09,1,6,4,0.023163,0.591524,Minotaur,minotaur(pow_w:0.50),1.89,103,12
23,3,0x719361397abe003a91af76243e5f9c7a0cd4279f,4.542756,1772637290,7a8a5f2e14ad9cbf2c18352440c98aec1ae6d41bfb1a92dea09eb2d0b5f1e878,179,89.50,4.09,1,6,4,0.023164,0.591530,Minotaur,minotaur(pow_w:0.50),1.89,103,13
23,4,0x6d6b2734a20229ddd7fd4a1470ba3e3bad4e4a85,2.643004,1772637292,7a84ad2e79a555fbd3cc74b97652dfbcf06d7870105b61d6bf5e1d5300af4314,250,83.33,3.83,1,5,4,0.023182,0.592434,Minotaur,minotaur(pow_w:0.50),2.26,104,13
24,0,0xdcf2130496e27a8094ab996aea4aa77788d65869,8.511897,1772637294,c2c30a9909fa4d779c0fd941e95d50f519a02f4563edd1239ae4a04adabb131b,128,64.00,3.78,2,5,4,0.023107,0.591893,Minotaur,minotaur(pow_w:0.50),1.67,105,13
24,1,0x54f496e5c1d9f95a916cf7f5b62e9c98e64a3dc5,6.053678,1772637296,25f15aa5cb0ef987e70ad94ef3a725574f42b7834bc327229585a88f5293d7ab,180,90.00,4.09,2,6,4,0.023315,0.593780,Minotaur,minotaur(pow_w:0.50),1.48,106,13
24,2,0x606627477c3734932f47972f83c27cf4e3b35b4f,4.377417,1772637298,592e5ae86e1c98e2e9f6ca3740e1c32d7e7d0b2ce3fd601b8ebc0e29112f3f8b,215,107.50,4.19,1,6,4,0.023401,0.595118,Minotaur,minotaur(pow_w:0.50),1.50,107,13
24,3,0x34412315480562da4810040fd15c81f99880e1ab,4.903703,1772637300,8eb079e914c4016eeaf5c63e557ae93ee546b70791b350d51adca77808a22f0a,212,106.00,3.62,1,5,4,0.023405,0.595793,Minotaur,minotaur(pow_w:0.50),1.51,108,13
24,4,0x6d6b2734a20229ddd7fd4a1470ba3e3bad4e4a85,3.644174,1772637302,b6fe536a5e5a565e021ca3a467deb3db47b9c89151e4b82d72a018201e6cdbad,207,103.50,4.08,1,6,4,0.023432,0.596712,Minotaur,minotaur(pow_w:0.50),1.47,109,13
25,0,0xeaa5003682d7289190651081ae2bee847097afc5,2.762835,1772637304,7b013980ecf75a64079d10deb0bfef90672c977971523ca615b5ca500e3bc690,206,68.67,3.61,1,5,4,0.023399,0.596805,Minotaur,minotaur(pow_w:0.50),2.25,110,13
25,1,0x3513d672439a59c26cc5711f2b715ccb4810a774,2.292175,1772637307,656f7f35b99a1b4739d4559229a509eb76612c48cb5a7dd2056bde50471545f9,187,93.50,4.35,1,6,5,0.023325,0.596278,Minotaur,minotaur(pow_w:0.50),2.13,111,13
25,2,0xaadc5fea232580cb8fba739ac5d05a48559c7e52,6.364083,1772637308,395330d8c912104211332a916e52de9dbf13b398606d908c1ebd8e3862f27780,238,119.00,3.76,1,5,4,0.023230,0.595270,Minotaur,minotaur(pow_w:0.50),1.97,112,13
25,3,0x60705151f1f537cacd5b801f3ef1b31dc3f605de,0.303564,1772637310,b80ff642179adf11785319c372df989207bf6a66d25ae1dbe9487bab116a0e8d,105,105.00,4.07,1,5,4,0.023319,0.596556,Minotaur,minotaur(pow_w:0.50),1.24,113,13
25,4,0xcb7977f4997b4252c0152e135dd79b3cfe35c1a5,0.626783,1772637312,15626d78dd7495405e7a6266a3a9dfc19e71f4bfbe3fa587e7f9f4a9b1652897,219,109.50,4.07,1,6,4,0.023319,0.596562,Minotaur,minotaur(pow_w:0.50),1.68,114,13
26,0,0x606627477c3734932f47972f83c27cf4e3b35b4f,5.379427,1772637314,598909b8565549c1021d9576d706aa2eef3d257d6af96877fad84013df63cf18,196,98.00,4.22,1,6,4,0.022968,0.590307,Minotaur,minotaur(pow_w:0.50),1.64,115,13
26,1,0xc24b36dee27726233c3bbd9e1f028f98b6b2a424,3.413009,1772637316,6fe56970927c07d60a6fc31cc77cdd87f325749d10c2be5517133bbcce6c1185,187,93.50,3.67,1,5,4,0.023011,0.591332,Minotaur,minotaur(pow_w:0.50),1.52,116,13
26,2,0x9bdb1c7ad4bd8fe797b07c08117c74a591dbab2d,0.446902,1772637318,274306ea4366f205aaa84f156bd2e2616b5d0d40a660dfe7d35887fce0fa9f69,183,91.50,3.92,1,6,4,0.022967,0.591239,Minotaur,minotaur(pow_w:0.50),1.46,117,13
26,3,0x26d553a2f4343b3a7dc88bbd87b3d0a25d3838d9,4.220220,1772637320,47e971473c051c0f411af7b41b95941d21777603999f8f1ab52cc38d5def610f,186,93.00,3.68,1,5,4,0.022796,0.588048,Minotaur,minotaur(pow_w:0.50),1.49,118,13
26,4,0x26d553a2f4343b3a7dc88bbd87b3d0a25d3838d9,4.220220,1772637322,47e971473c051c0f411af7b41b95941d21777603999f8f1ab52cc38d5def610f,186,93.00,3.68,1,5,4,0.022796,0.588053,Minotaur,minotaur(pow_w:0.50),1.49,118,14
27,0,0xe6ebb0cdfd04183d498964e5efc4096ba77b17d6,8.299003,1772637324,47e971473c051c0f411af7b41b95941d21777603999f8f1ab52cc38d5def610f,186,93.00,3.68,1,5,4,0.022796,0.588058,Minotaur,minotaur(pow_w:0.50),1.49,118,15
27,1,0x26d553a2f4343b3a7dc88bbd87b3d0a25d3838d9,4.220220,1772637326,47e971473c051c0f411af7b41b95941d21777603999f8f1ab52cc38d5def610f,186,93.00,3.68,1,5,4,0.022796,0.588064,Minotaur,minotaur(pow_w:0.50),1.49,118,16
27,2,0x606627477c3734932f47972f83c27cf4e3b35b4f,6.381167,1772637328,f321bcf7f72bd5ef897374169ded4750818c7bbbd1fa0a4b84ef07074da122fe,2,0.22,4.00,4,4,4,0.022787,0.588453,Minotaur,minotaur(pow_w:0.50),1.50,119,16
27,3,0xe6ebb0cdfd04183d498964e5efc4096ba77b17d6,8.299003,1772637330,7aee4950d7e82ac8c9a14dfb8be2896c29cfd548ece2a3b23eb526a17dad6221,250,250.00,3.73,1,5,4,0.022869,0.589643,Minotaur,minotaur(pow_w:0.50),9.26,120,16
27,4,0x28672c71695142588ed26ada6f4b18b8b6c12308,1.692378,1772637332,7aee4950d7e82ac8c9a14dfb8be2896c29cfd548ece2a3b23eb526a17dad6221,250,250.00,3.73,1,5,4,0.022869,0.589648,Minotaur,minotaur(pow_w:0.50),9.26,120,17
28,0,0xaadc5fea232580cb8fba739ac5d05a48559c7e52,7.364873,1772637334,8f6899e4260fb0d8621651b070f874e59e60946930dc1b5160ddaea7dc04c229,250,62.50,3.60,1,5,4,0.022752,0.588256,Minotaur,minotaur(pow_w:0.50),4.06,121,17
28,1,0x58a21eeb7ab18ba8adf1296e66a4487076e95dac,9.100824,1772637336,00846e5c02e6b8a02a466b83deb70c490115889d7bbb428f146bb8422d448592,174,87.00,4.35,1,6,4,0.022871,0.589682,Minotaur,minotaur(pow_w:0.50),2.45,122,17
28,2,0xeaa5003682d7289190651081ae2bee847097afc5,3.764405,1772637338,96a15b1ea0240edcbe83b19f44ddb6899a8556b3574d2a8375edfef92d73c183,201,100.50,3.93,1,5,4,0.023059,0.591468,Minotaur,minotaur(pow_w:0.50),1.49,123,17
28,3,0x606627477c3734932f47972f83c27cf4e3b35b4f,7.383517,1772637340,432bf1b71e2844935282fa11d6249005ee37d87602a0f1827458a54f4b223370,184,92.00,4.35,2,6,4,0.023025,0.591439,Minotaur,minotaur(pow_w:0.50),1.54,124,17
28,4,0xdcf2130496e27a8094ab996aea4aa77788d65869,9.513367,1772637342,6d2eaf7169e7dca55c9fc469857bf4c07bc344ee75454c916165cba3124fae38,191,95.50,3.62,1,5,4,0.023136,0.592748,Minotaur,minotaur(pow_w:0.50),1.38,125,17
29,0,0xdcf2130496e27a8094ab996aea4aa77788d65869,9.513367,1772637344,6d2eaf7169e7dca55c9fc469857bf4c07bc344ee75454c916165cba3124fae38,191,95.50,3.62,1,5,4,0.023137,0.592754,Minotaur,minotaur(pow_w:0.50),1.38,125,18
29,1,0xac768e60b9269babb15cb1e36ee843243d7c7543,4.717548,1772637346,6f5da6674aed8db750578abdad04fcfe89986aecd05dd486085b2fc0faaa9d5d,0,0.00,0.00,0,0,0,0.023330,0.594481,Minotaur,minotaur(pow_w:0.50),0.00,126,18
29,2,0xcb7977f4997b4252c0152e135dd79b3cfe35c1a5,1.628313,1772637349,14076c8b984085b65b3ebb7b84f53fa3368ac4b902c4e1949655b7ad96523205,250,83.33,4.00,1,6,4,0.023330,0.595083,Minotaur,minotaur(pow_w:0.50),6.02,127,18
29,3,0x4414c05be2cf328f38d2e3ef4b705d6b894f044a,4.090769,1772637350,3b588921c7cf10a5a11c059fed794a55dd219fc5c22c6e25937a872c157688c6,188,94.00,4.09,1,6,4,0.023207,0.593574,Minotaur,minotaur(pow_w:0.50),2.08,128,18
29,4,0x26d553a2f4343b3a7dc88bbd87b3d0a25d3838d9,5.220110,1772637352,33df765f9c5a0546346a035e26bc9cc5fe83e22357116d401d2ca4b218e4ad3c,106,106.00,3.87,1,5,4,0.023181,0.593653,Minotaur,minotaur(pow_w:0.50),1.18,129,18
30,0,0xaadc5fea232580cb8fba739ac5d05a48559c7e52,8.366533,1772637354,9bb8ebaa7960c94a22299cd8fad16bce52f0d3e424286811fe23180855b8952d,198,99.00,3.76,1,5,4,0.023199,0.594424,Minotaur,minotaur(pow_w:0.50),1.55,130,18
30,1,0x719361397abe003a91af76243e5f9c7a0cd4279f,5.545016,1772637356,a5ba9ce6b5d12f799b10d2280028289b847a804c2c06ea322a7de8594e848317,186,93.00,4.28,1,6,4,0.023335,0.595951,Minotaur,minotaur(pow_w:0.50),1.50,131,18
30,2,0xe478b1e4d1538274c0c70cbd7df877f9abab2f62,3.299226,1772637358,51d65073c9d52af8341c8e9b4e3b3db703b209ea15912604f281658c6d822e3e,158,79.00,3.94,1,5,4,0.023362,0.596762,Minotaur,minotaur(pow_w:0.50),1.49,132,18
30,3,0x269cdf52f97e1d9f14b7be895155a7b294f0b21d,1.725903,1772637360,577dc73c924b2c36f07de5feb47bc1d6315a8468b4c06722cbad0ca6cf11405b,199,99.50,4.09,1,6,4,0.023303,0.596440,Minotaur,minotaur(pow_w:0.50),1.55,133,18
30,4,0x89100a8056319ba37491b32ba255004180607bc2,4.788567,1772637362,99fc1e22a37651e4773bebb131b5354b163418c6826be51036420f7d9ef7b8f6,191,95.50,3.76,1,5,4,0.023185,0.594958,Minotaur,minotaur(pow_w:0.50),1.46,134,18
31,0,0x89100a8056319ba37491b32ba255004180607bc2,5.790247,1772637364,55a57c198fea5618b3349b0c937f34ec6f6d4387f3f263ccef66a08a14adc1bf,172,86.00,3.70,1,5,4,0.023181,0.595397,Minotaur,minotaur(pow_w:0.50),1.35,135,18
31,1,0xa447d277b02012c2afd9ddcbbe123f27cc971963,5.814945,1772637366,a43a4463699e03d61e5aafc0c31dcffd9394a1b4483190aa1722e042ff9ff4cb,242,80.67,3.91,1,6,4,0.023214,0.596207,Minotaur,minotaur(pow_w:0.50),2.33,136,18
31,2,0x26d553a2f4343b3a7dc88bbd87b3d0a25d3838d9,6.221900,1772637369,f965eae80b5939ab5bbb78c30ba7b37b7bfad393d92663e26f968c8ebdab1a3e,189,94.50,3.50,1,5,4,0.023246,0.596936,Minotaur,minotaur(pow_w:0.50),2.03,137,18
31,3,0xbc3f8508d26048f2064aa8c068f4c94d08d77d18,5.070959,1772637370,273be49c6e1c2e8eed9644b1a2ec92ef92371747bdbe2da15a62357d27a70c75,197,98.50,3.84,1,5,4,0.023291,0.597756,Minotaur,minotaur(pow_w:0.50),1.68,138,18
31,4,0xc774b0fee7cabbef3b1ae14bf36db3df0d32c1df,3.175307,1772637372,273be49c6e1c2e8eed9644b1a2ec92ef92371747bdbe2da15a62357d27a70c75,197,98.50,3.84,1,5,4,0.023291,0.597761,Minotaur,minotaur(pow_w:0.50),1.68,138,19
32,0,0x8c11ec9090dd820c076e57e899d9c604c79d6b32,2.565639,1772637374,7b6819d58659d328c255a529655a4bf3331cfdd4c5ee359e5b8faca510b2b6be,250,83.33,4.00,1,6,4,0.023226,0.597322,Minotaur,minotaur(pow_w:0.50),2.21,139,19
32,1,0x28672c71695142588ed26ada6f4b18b8b6c12308,2.694418,1772637376,c986f341c1538f60398c116fb0eddab1e380917047485c0bd89d8fb541c42c99,94,47.00,4.09,1,5,4,0.023140,0.596465,Minotaur,minotaur(pow_w:0.50),1.13,140,19
32,2,0xa5a12d96532497871d73549e55ab377e3dcb3a40,1.110522,1772637378,e773531a741f89b32f44816df779000ce906398f92ef3861e3ef03873bf8f798,183,91.50,3.60,1,5,4,0.023058,0.595647,Minotaur,minotaur(pow_w:0.50),1.49,141,19
32,3,0x9bdb1c7ad4bd8fe797b07c08117c74a591dbab2d,1.448072,1772637380,f26104fd28e68d3c61d22f59d4f19a0979b296adb577c162787a0ae48f49b186,187,93.50,4.10,1,6,4,0.022923,0.593650,Minotaur,minotaur(pow_w:0.50),1.46,142,19
32,4,0xa3786e459f289a76c0e8af8ad834e3d0c6d47199,8.731853,1772637382,07d0839b28ba0c50b63d98be606282a229b69dcf01e8ec72e448e083033effe9,182,91.00,3.64,1,5,4,0.022800,0.591924,Minotaur,minotaur(pow_w:0.50),1.51,143,19
33,0,0x8c11ec9090dd820c076e57e899d9c604c79d6b32,3.566489,1772637384,482fcaee87308282730ba0d320bdfe5acac6ab7efaccba54388a63fd18873ddc,206,103.00,4.09,1,6,4,0.022928,0.593358,Minotaur,minotaur(pow_w:0.50),1.50,144,19
33,1,0xa3786e459f289a76c0e8af8ad834e3d0c6d47199,9.733853,1772637386,55d910f2d0e0fe1c71cb4c4b77e9dd4978183ac774b45e0e46864ff4056e1d45,207,69.00,4.07,1,6,4,0.022877,0.593009,Minotaur,minotaur(pow_w:0.50),2.36,145,19
33,2,0x719361397abe003a91af76243e5f9c7a0cd4279f,6.546426,1772637389,c73254c008d64c5a72e9037ada8e56a8841d3b96a8814af4eb86e8320b778e42,198,99.00,4.07,1,6,4,0.023035,0.594550,Minotaur,minotaur(pow_w:0.50),2.21,146,19
33,3,0x49b57eb4dace37c8819daf079c9c674f766d4f38,1.229040,1772637390,3fb9989c14b443c895d9329af6a9cbe4f923f77680bab8bd56df1684a8677c44,227,113.50,3.87,1,5,4,0.023082,0.595428,Minotaur,minotaur(pow_w:0.50),1.99,147,19
33,4,0xe6ebb0cdfd04183d498964e5efc4096ba77b17d6,8.298933,1772637392,62101605c5c1c68a11e092a85bd6bdb9fae0c5bd49c723df525c6fcb24c4d7d6,104,104.00,3.62,1,5,4,0.022952,0.593475,Minotaur,minotaur(pow_w:0.50),1.15,148,19
34,0,0x3513d672439a59c26cc5711f2b715ccb4810a774,3.293795,1772637394,62101605c5c1c68a11e092a85bd6bdb9fae0c5bd49c723df525c6fcb24c4d7d6,104,104.00,3.62,1,5,4,0.022952,0.593480,Minotaur,minotaur(pow_w:0.50),1.15,148,20
34,1,0x4a217e35f6402e7f62a49f6d62e27c6585c2f3fd,3.493067,1772637396,043444c592a711985c2a7acf386e12a2a665e2294b01f8d1daa1a14af0fc00d8,250,62.50,3.92,1,5,4,0.022952,0.593485,Minotaur,minotaur(pow_w:0.50),3.30,149,20
34,2,0xe478b1e4d1538274c0c70cbd7df877f9abab2f62,4.300836,1772637398,5a70c5b4daa7cc032602e8578109cea7c77077464c92096309145122333e2444,162,81.00,3.56,1,5,4,0.022837,0.592410,Minotaur,minotaur(pow_w:0.50),1.99,150,20
34,3,0x4a217e35f6402e7f62a49f6d62e27c6585c2f3fd,4.494617,1772637400,d6e5553c3a4282b81b04b339ddd5b3bcb505ef73810c1684157f38b134318a00,204,102.00,4.08,1,6,4,0.022809,0.592482,Minotaur,minotaur(pow_w:0.50),1.46,151,20
34,4,0x9c39f7fffaa5c5cfab20dfdd05663497918580c1,0.425048,1772637402,9a63af70b23d0c2c679bd82320832ba406a4057225551e133f0f53660dccd472,220,110.00,3.52,1,5,4,0.022787,0.592626,Minotaur,minotaur(pow_w:0.50),1.45,152,20
35,0,0x89100a8056319ba37491b32ba255004180607bc2,6.792217,1772637404,e701c24a54f74c234db8f13c4f5118ad19048c9fbd1d760faee973dfac93de5a,207,103.50,3.98,1,6,4,0.022635,0.589722,Minotaur,minotaur(pow_w:0.50),1.45,153,20
35,1,0x1cb1274c711a6c2e4e1596846e6ac604eeefb358,2.408891,1772637406,3586034ed79462c3138a3487b2b0159ff8ab3c4dea158029afc401debe6ef782,200,66.67,3.83,1,5,4,0.022686,0.590634,Minotaur,minotaur(pow_w:0.50),2.31,154,20
35,2,0x37cc7a82e66d4f4c2ae13b9ee895d3af1a1d7a05,2.265485,1772637409,f95ecc0462d9572fb33122882110dde63018eb31db048fba3aab0d6a0326bbd5,238,119.00,3.34,1,5,3,0.022598,0.589597,Minotaur,minotaur(pow_w:0.50),2.02,155,20
35,3,0xcdc82b7c868072205a399d0f68e6e3ad3bfd1ca6,0.205261,1772637410,61bafdb9d4a9c6026413944cd00ee6606be709049c3a19b69a12164846f43d41,191,95.50,3.88,1,5,4,0.022506,0.588409,Minotaur,minotaur(pow_w:0.50),1.69,156,20
35,4,0x213068cb42718d1dd6d00a6d94d62a3def0e68eb,4.375269,1772637412,6378c95c28b13a5232c26db0519bacf3a46e20b81d6122e7a2be02f708cb717e,119,119.00,3.61,2,5,4,0.022351,0.585184,Minotaur,minotaur(pow_w:0.50),1.13,157,20
36,0,0xf6e059718dbd0a0956726ab97d06bad5efc6cd18,1.013257,1772637414,3d6592df8e1b14ecb35161aaee9cc6693a19317fb77a40c58394cae14ddbb290,195,97.50,3.74,1,5,4,0.022326,0.585198,Minotaur,minotaur(pow_w:0.50),1.52,158,20
36,1,0xdcf2130496e27a8094ab996aea4aa77788d65869,10.513067,1772637416,66dc2a561f568afe530b0134f11efb09ef1031806ca03f5990c738e4c2744c38,187,93.50,3.66,1,5,4,0.022326,0.585202,Minotaur,minotaur(pow_w:0.50),1.55,159,20
36,2,0x1cb1274c711a6c2e4e1596846e6ac604eeefb358,3.411191,1772637418,66dc2a561f568afe530b0134f11efb09ef1031806ca03f5990c738e4c2744c38,187,93.50,3.66,1,5,4,0.022199,0.583038,Minotaur,minotaur(pow_w:0.50),1.55,159,21
36,3,0x58a21eeb7ab18ba8adf1296e66a4487076e95dac,10.102444,1772637420,81409370cc3d0dd0b7d07644e7369f6f184258fbc1d7ee1ea59e9c632073c6f7,250,62.50,3.50,2,5,4,0.022145,0.582443,Minotaur,minotaur(pow_w:0.50),3.21,160,21
36,4,0x26d553a2f4343b3a7dc88bbd87b3d0a25d3838d9,7.223340,1772637422,2a432399d9979c8217d173ef769b6a51f8c08ce8debc7f2a0d60d8acca808d00,141,70.50,3.82,1,5,4,0.022291,0.583943,Minotaur,minotaur(pow_w:0.50),1.93,161,21
37,0,0x0d91704595bff3aec25d40822498a51c62b05e3a,1.569446,1772637424,2de4bc9f904da696124c228b6833c840a5055d366481cfd9ae1f36dd5da00d4a,189,63.00,3.80,2,5,4,0.022348,0.584929,Minotaur,minotaur(pow_w:0.50),2.46,162,21
37,1,0xa447d277b02012c2afd9ddcbbe123f27cc971963,6.816125,1772637426,b7cbfc6540161ab14a4a53561a4818c8866acb0999f974a1fcc475b1b316e3d2,250,125.00,3.24,1,5,3,0.022238,0.583255,Minotaur,minotaur(pow_w:0.50),2.22,163,21
37,2,0x6d6b2734a20229ddd7fd4a1470ba3e3bad4e4a85,4.645174,1772637429,bacb55e6dc7fbc740e0f6e84d1ca2f769c115932608d58682d5740586c27402c,216,108.00,3.53,1,5,4,0.022282,0.584046,Minotaur,minotaur(pow_w:0.50),1.89,164,21
37,3,0x8c11ec9090dd820c076e57e899d9c604c79d6b32,4.568059,1772637431,d1286269bc782335a776353915e3c9676aeb396e3bc83a3c75480b62c0b06b8b,198,99.00,3.68,2,5,4,0.022262,0.584179,Minotaur,minotaur(pow_w:0.50),1.65,165,21
37,4,0x89100a8056319ba37491b32ba255004180607bc2,7.793917,1772637433,5185d9b1bd9266b1cc314f7ffaffa90de293d10bf128a78db716568ee01a4bf2,171,85.50,4.14,1,6,4,0.022239,0.584191,Minotaur,minotaur(pow_w:0.50),1.61,166,21
38,0,0x311eb133eb413ac3f21249889bb101e5d40820ce,0.131549,1772637435,ccf5357a6dc243f030114a2185e2821e82cfeb219058f7f0eca003004e2a79ff,199,99.50,3.93,1,5,4,0.022308,0.585302,Minotaur,minotaur(pow_w:0.50),1.51,167,21
38,1,0xa447d277b02012c2afd9ddcbbe123f27cc971963,7.818145,1772637437,6dfe922509bd5f1a1ffaa1d991dd86ac00f7f82bceaa7e958e8aa6b46ae6527f,169,84.50,3.58,2,5,4,0.022309,0.585306,Minotaur,minotaur(pow_w:0.50),1.48,168,21
38,2,0x49b57eb4dace37c8819daf079c9c674f766d4f38,2.229570,1772637439,8e3bfa3023ca6baec06723ce4ba4517d10a5353a86a82d67737319fdfc488b31,185,92.50,3.58,1,5,4,0.022227,0.583076,Minotaur,minotaur(pow_w:0.50),1.56,169,21
38,3,0x9bdb1c7ad4bd8fe797b07c08117c74a591dbab2d,2.449142,1772637441,da084d906e8e4e2ab1df8b7582d2dcfbccb0c9449a7c223001407e524f99675a,177,88.50,4.20,1,6,4,0.022137,0.581858,Minotaur,minotaur(pow_w:0.50),1.51,170,21
38,4,0x07902d0371763a00d97ed9ba16ff0a206cb0fd19,3.530649,1772637443,6402f87346829197a849771f9df0c281517724919d9f2c12fc4918fab086d390,169,84.50,3.69,1,5,4,0.022055,0.580735,Minotaur,minotaur(pow_w:0.50),1.56,171,21
39,0,0x4a217e35f6402e7f62a49f6d62e27c6585c2f3fd,5.496307,1772637445,7ee4b4359d5b206cd9aa8861dd8799e6f58302d8b00291ea1755ce779076d816,213,106.50,2.66,1,4,3,0.022002,0.580155,Minotaur,minotaur(pow_w:0.50),1.15,172,21
39,1,0x49b57eb4dace37c8819daf079c9c674f766d4f38,3.231240,1772637448,fe3507c840395f4939667d3f7577194cb344b2c445c13efa3974544aa9d05d28,188,62.67,3.73,1,6,4,0.022004,0.580651,Minotaur,minotaur(pow_w:0.50),2.01,173,21
39,2,0xe6ebb0cdfd04183d498964e5efc4096ba77b17d6,8.298533,1772637449,47e8a8c17da76c123b8cfef83504c6fc7a90182e588521faec88b3d672585dee,220,110.00,4.00,1,6,4,0.021943,0.579900,Minotaur,minotaur(pow_w:0.50),1.87,174,21
39,3,0x4414c05be2cf328f38d2e3ef4b705d6b894f044a,5.090839,1772637451,47e8a8c17da76c123b8cfef83504c6fc7a90182e588521faec88b3d672585dee,220,110.00,4.00,1,6,4,0.021943,0.579904,Minotaur,minotaur(pow_w:0.50),1.87,174,22
39,4,0x016d3fc36beee7caa8fbd6c1caa42461dd7f9850,1.878889,1772637453,12ab4df97c70826f59fc609c7d9abf4cb46e421e2831af309bae52033e2de510,250,83.33,3.95,1,6,4,0.021933,0.580169,Minotaur,minotaur(pow_w:0.50),2.45,175,22
40,0,0x687bf2437a044a3e42ff2f8a79a8e54ba9601f70,2.065079,1772637455,6c2eabf35376a990c2fc2da48338ab33be58ad97ab963ecda1c665c86581ff06,151,75.50,3.11,1,4,3,0.021837,0.578665,Minotaur,minotaur(pow_w:0.50),1.71,176,22
40,1,0x606627477c3734932f47972f83c27cf4e3b35b4f,8.384267,1772637457,0382c9ad3c5a7d3473e36962f0694e98a2d2a0b428433c7426e0f731aba7bfab,180,90.00,3.79,1,5,4,0.021746,0.577228,Minotaur,minotaur(pow_w:0.50),1.50,177,22
40,2,0x075e1d95c7891e1c00414ca1aa9a7a8cf6270019,1.140205,1772637459,7a46701f5690b8de6e36793f8e3ccfe3a6bfc46459a24b99ee11d786e16849db,190,95.00,3.65,1,5,4,0.021823,0.578380,Minotaur,minotaur(pow_w:0.50),1.50,178,22
40,3,0xa447d277b02012c2afd9ddcbbe123f27cc971963,8.819695,1772637461,9c6c0e54343daef99060fb489c173a285e07385e15aff779903ad688382d8a6f,196,98.00,3.20,1,5,3,0.021708,0.576404,Minotaur,minotaur(pow_w:0.50),1.53,179,22
40,4,0x63f4973c0df8a5358405f396dc0673a463c48de9,7.904797,1772637463,02c9ea2f277538b8c2fcc41131a0af8e21970d835f37d61bbf0d4b1661f8b39e,183,91.50,3.46,1,5,4,0.021794,0.577602,Minotaur,minotaur(pow_w:0.50),1.36,180,22
41,0,0x63f4973c0df8a5358405f396dc0673a463c48de9,7.904797,1772637465,02c9ea2f277538b8c2fcc41131a0af8e21970d835f37d61bbf0d4b1661f8b39e,183,91.50,3.46,1,5,4,0.021794,0.577606,Minotaur,minotaur(pow_w:0.50),1.36,180,23
41,1,0x3513d672439a59c26cc5711f2b715ccb4810a774,4.295545,1772637468,02c9ea2f277538b8c2fcc41131a0af8e21970d835f37d61bbf0d4b1661f8b39e,183,91.50,3.46,1,5,4,0.021794,0.577610,Minotaur,minotaur(pow_w:0.50),1.36,180,24
41,2,0xa447d277b02012c2afd9ddcbbe123f27cc971963,9.821455,1772637469,310cea2039a4d0416d468a5cd224262a7d35da249508bccdf14308c6e18d7e61,250,35.71,3.85,1,5,4,0.021761,0.577386,Minotaur,minotaur(pow_w:0.50),6.01,181,24
41,3,0x4a217e35f6402e7f62a49f6d62e27c6585c2f3fd,6.497977,1772637471,38c31b21da5513d4399f7fb1f2774a65dfa487e7b018062b96cad148c736ccf2,103,103.00,3.55,1,5,4,0.021870,0.578679,Minotaur,minotaur(pow_w:0.50),1.49,182,24
41,4,0x8c11ec9090dd820c076e57e899d9c604c79d6b32,5.569329,1772637473,79d8505b0b97f61ae3cd489fed8340d8d930bc9dba966dd439512e2baac536b5,179,89.50,3.68,1,5,4,0.021870,0.578684,Minotaur,minotaur(pow_w:0.50),1.44,183,24
42,0,0xf6e059718dbd0a0956726ab97d06bad5efc6cd18,2.014697,1772637475,4f4662f017bec282f64951eb90992cd57c20f6c1c4e08a997fca27f23211f7fc,191,95.50,4.26,1,6,4,0.021869,0.579084,Minotaur,minotaur(pow_w:0.50),1.45,184,24
42,1,0x30405867b72597aaeb27803bb2c7f3f5fc7d5384,0.514714,1772637477,d491da8158e02f913d6403a78318765b492b11d839df9a937827462f2a945c3e,176,88.00,3.70,1,5,4,0.021777,0.577572,Minotaur,minotaur(pow_w:0.50),1.57,185,24
42,2,0x58a21eeb7ab18ba8adf1296e66a4487076e95dac,11.103574,1772637479,df93328c206f87927066b25151076934ac4bd3125a39cc0d21964c6f307eaabc,210,105.00,3.40,1,5,4,0.021649,0.574940,Minotaur,minotaur(pow_w:0.50),1.46,186,24
42,3,0xe478b1e4d1538274c0c70cbd7df877f9abab2f62,5.301936,1772637481,73b0b932e5200503734a123d6c614932927372821d93278b51917cd07a461685,192,96.00,3.81,1,5,4,0.021785,0.576408,Minotaur,minotaur(pow_w:0.50),1.48,187,24
42,4,0x719361397abe003a91af76243e5f9c7a0cd4279f,7.548166,1772637483,4c07512e8b9238b9e65ccf492c81927acacf419ce888fff30810aaed304628a5,179,59.67,4.01,1,5,4,0.021775,0.576656,Minotaur,minotaur(pow_w:0.50),2.51,188,24
43,0,0x719361397abe003a91af76243e5f9c7a0cd4279f,7.548166,1772637485,4c07512e8b9238b9e65ccf492c81927acacf419ce888fff30810aaed304628a5,179,59.67,4.01,1,5,4,0.021776,0.576660,Minotaur,minotaur(pow_w:0.50),2.51,188,25
43,1,0xcb7977f4997b4252c0152e135dd79b3cfe35c1a5,2.628883,1772637488,4c07512e8b9238b9e65ccf492c81927acacf419ce888fff30810aaed304628a5,179,59.67,4.01,1,5,4,0.021776,0.576664,Minotaur,minotaur(pow_w:0.50),2.51,188,26
43,2,0x34d94cc0534eb50dec7956bea31407428d6d5ef8,0.083507,1772637490,f3f196eb37ad44da4a13b7e71c58ecd7b9fdfb78c7ccc5a0eb301ca501324012,250,41.67,4.14,1,6,4,0.021700,0.575573,Minotaur,minotaur(pow_w:0.50),6.18,189,26
43,3,0x30405867b72597aaeb27803bb2c7f3f5fc7d5384,1.516694,1772637492,a564b44335fdd272e36def987a517aa41740479aec1d9d0d475297840125b477,243,121.50,3.72,1,5,4,0.021563,0.572385,Minotaur,minotaur(pow_w:0.50),2.80,190,26
43,4,0x6d6b2734a20229ddd7fd4a1470ba3e3bad4e4a85,5.646624,1772637494,e725b4bbdea97da703fb5940c7c04f64c5b320baa0552f5bc008b6ad611b4e40,208,104.00,3.50,1,5,4,0.021462,0.570634,Minotaur,minotaur(pow_w:0.50),1.53,191,26
44,0,0x89100a8056319ba37491b32ba255004180607bc2,8.795337,1772637496,47e74e35355703949631f01b2e34e5443f138f7c242b2e5ac80d7db388ab1ab5,175,87.50,3.76,1,5,4,0.021461,0.570969,Minotaur,minotaur(pow_w:0.50),1.46,192,26
44,1,0x07902d0371763a00d97ed9ba16ff0a206cb0fd19,4.532299,1772637498,7204439fb960b29a80d0302a754d7a0f500862a750ae49f50633837f6fdf3053,189,94.50,4.01,1,5,4,0.021535,0.572066,Minotaur,minotaur(pow_w:0.50),1.50,193,26
44,2,0xbc3f8508d26048f2064aa8c068f4c94d08d77d18,5.070369,1772637500,4077cfdd96d5e9319fabf28333dc58367ff722f11beb47ed2a80ee30fe0590f8,162,81.00,2.73,1,4,3,0.021506,0.571927,Minotaur,minotaur(pow_w:0.50),1.52,194,26
44,3,0x49b57eb4dace37c8819daf079c9c674f766d4f38,4.232850,1772637502,67792d3e730fdd5e7542edd7407c09f65ce82d0a2864b2218070e58b974a7294,197,98.50,4.28,1,6,4,0.021490,0.571961,Minotaur,minotaur(pow_w:0.50),1.50,195,26
44,4,0x606627477c3734932f47972f83c27cf4e3b35b4f,9.385727,1772637504,325a40c0344c2f5d445b5384f5cdd60028867345a4c8db1f755ea8c63d408944,186,62.00,3.97,1,6,4,0.021454,0.571612,Minotaur,minotaur(pow_w:0.50),2.45,196,26
45,0,0x26d553a2f4343b3a7dc88bbd87b3d0a25d3838d9,8.224990,1772637506,dbcec3891a98091a6075158d4522f20a453caa65804297819d84b314c54b80c5,231,115.50,3.60,1,5,4,0.021538,0.572742,Minotaur,minotaur(pow_w:0.50),2.19,197,26
45,1,0xdcf2130496e27a8094ab996aea4aa77788d65869,10.512737,1772637508,dbcec3891a98091a6075158d4522f20a453caa65804297819d84b314c54b80c5,231,115.50,3.60,1,5,4,0.021538,0.572743,Minotaur,minotaur(pow_w:0.50),2.19,197,27
45,2,0xd39dbd3662315e3935ec08e6b6028e73b3c09de2,0.919090,1772637510,0d205d01e89b8434271021b0dc11c43f6fa5e60043df0f058eeb433666b1f5de,139,46.33,4.09,1,5,4,0.021645,0.574059,Minotaur,minotaur(pow_w:0.50),1.31,198,27
45,3,0xa3786e459f289a76c0e8af8ad834e3d0c6d47199,10.735143,1772637512,34426e612286f2d25b42186a36c6cfb021c55dcfee1b4dc78f0f1d351868690e,250,125.00,4.48,1,6,5,0.021532,0.571880,Minotaur,minotaur(pow_w:0.50),4.37,199,27
45,4,0xc24b36dee27726233c3bbd9e1f028f98b6b2a424,4.413079,1772637514,34426e612286f2d25b42186a36c6cfb021c55dcfee1b4dc78f0f1d351868690e,250,125.00,4.48,1,6,5,0.021532,0.571884,Minotaur,minotaur(pow_w:0.50),4.37,199,28
46,0,0x4ba33404d90c4ae989714d9d174cd882cffb7994,3.117282,1772637516,6bc1d9d26160a2aa7576cdcae1596db40f6d9161243de483b47a5b31ac27bfdf,250,62.50,4.09,1,6,4,0.021499,0.571556,Minotaur,minotaur(pow_w:0.50),3.12,200,28
46,1,0x606627477c3734932f47972f83c27cf4e3b35b4f,10.387987,1772637518,8bda8a3459a35c0af48b148b8bafd0ceb39b3fcd4f77c35f1727f7700a8a762c,92,46.00,4.36,1,6,4,0.021436,0.570771,Minotaur,minotaur(pow_w:0.50),1.16,201,28
46,2,0xd67aaaf210c0c36ddcb7055222d168b5c9dd1b36,1.186811,1772637520,9dbab6a76c1108a039f5daeb9bcb02d925f3d712cbb75c9c6905188428ab30c3,196,98.00,3.69,2,5,4,0.021537,0.571994,Minotaur,minotaur(pow_w:0.50),1.55,202,28
46,3,0x4414c05be2cf328f38d2e3ef4b705d6b894f044a,6.092579,1772637522,28b061a043564f4b3c6be596b2dc3f35f8bdfdc0e14193d9adfcd6419bad1d2d,206,103.00,3.84,1,5,4,0.021431,0.570039,Minotaur,minotaur(pow_w:0.50),1.51,203,28
46,4,0x016d3fc36beee7caa8fbd6c1caa42461dd7f9850,2.879759,1772637524,7402ca21794fc2c485c134964321891dbe61167cdd6c0e545c4231efde167d44,177,59.00,3.89,1,5,4,0.021435,0.570479,Minotaur,minotaur(pow_w:0.50),2.41,204,28
47,0,0xe478b1e4d1538274c0c70cbd7df877f9abab2f62,6.303296,1772637527,79a4535e94b585cff8b814fed29b6138623e53115ea91428d99bcfaea14fb490,250,125.00,3.12,1,5,3,0.021367,0.569533,Minotaur,minotaur(pow_w:0.50),2.09,205,28
47,1,0x4a217e35f6402e7f62a49f6d62e27c6585c2f3fd,6.497347,1772637528,ddd1a341b01da5bce35e07659029eba71717fd3d10036ce939f6b21949b5fc1e,203,101.50,3.93,1,6,4,0.021375,0.570002,Minotaur,minotaur(pow_w:0.50),1.80,206,28
47,2,0xa068e3c9a21c8d8be636cd2d285895979ec3262e,2.969241,1772637530,3e099f466c3153090841b060a04c0f205e67d34a9d4034dc529187d97662f890,125,125.00,3.70,1,5,4,0.021386,0.570492,Minotaur,minotaur(pow_w:0.50),1.22,207,28
47,3,0x63f4973c0df8a5358405f396dc0673a463c48de9,7.904647,1772637532,ca6573d016e62eba70f231cc1a83aee87980ce8514d275609af2230f7bcfa5af,189,94.50,4.37,2,6,4,0.021321,0.569542,Minotaur,minotaur(pow_w:0.50),1.54,208,28
47,4,0xeaa5003682d7289190651081ae2bee847097afc5,4.764165,1772637534,ca6573d016e62eba70f231cc1a83aee87980ce8514d275609af2230f7bcfa5af,189,94.50,4.37,2,6,4,0.021321,0.569546,Minotaur,minotaur(pow_w:0.50),1.54,208,29
48,0,0xc24b36dee27726233c3bbd9e1f028f98b6b2a424,5.415309,1772637536,62ffc9ecc2482d11b63324784fcb1cb018e5ef2ea34e0d704f36e7d899f761d7,250,62.50,4.29,1,6,4,0.021294,0.569341,Minotaur,minotaur(pow_w:0.50),3.23,209,29
48,1,0x30405867b72597aaeb27803bb2c7f3f5fc7d5384,2.518154,1772637538,ee70c7f823ed756e9dc767b37645f197b09cccffd391e7a2c9a22f4b55e017fa,105,52.50,4.08,2,6,4,0.021282,0.569419,Minotaur,minotaur(pow_w:0.50),1.69,210,29
48,2,0x49b57eb4dace37c8819daf079c9c674f766d4f38,5.234380,1772637540,98378d8246888f45e609bca87857e1a51148c644efd37aa19542450eb5d84a1e,198,99.00,3.47,1,5,4,0.021207,0.568187,Minotaur,minotaur(pow_w:0.50),1.41,211,29
48,3,0xa3786e459f289a76c0e8af8ad834e3d0c6d47199,10.734933,1772637542,87ef53a2d9739475c0b8bb6f33cf7bb2e99f8f2cde018be43f15ab6995d3f294,167,83.50,4.00,1,6,4,0.021190,0.568130,Minotaur,minotaur(pow_w:0.50),1.42,212,29
48,4,0xaadc5fea232580cb8fba739ac5d05a48559c7e52,9.366443,1772637544,87ef53a2d9739475c0b8bb6f33cf7bb2e99f8f2cde018be43f15ab6995d3f294,167,83.50,4.00,1,6,4,0.021191,0.568134,Minotaur,minotaur(pow_w:0.50),1.42,212,30
49,0,0x30509a8084fdfe6fe24d9c9a817c209ad194f8e3,4.656409,1772637547,c87e6a362a9d6a874dcfc2cd3ed1a7b46eaa8388ddc6cd42110faa823d473a0e,250,50.00,4.36,2,6,4,0.021260,0.569151,Minotaur,minotaur(pow_w:0.50),4.18,213,30
49,1,0x30509a8084fdfe6fe24d9c9a817c209ad194f8e3,5.658319,1772637548,46623d488e62c2d2cdd74f0a4a0aba121ffef1b8b00e8dd2256c3097dcf6fb0c,194,97.00,3.40,1,5,4,0.021230,0.568796,Minotaur,minotaur(pow_w:0.50),2.04,214,30
49,2,0x63f4973c0df8a5358405f396dc0673a463c48de9,7.904647,1772637550,872163db26dcf74c128f9024085baeb62678aaa218bc68dcf0328b70927f6cc5,110,110.00,3.55,1,5,4,0.021221,0.568864,Minotaur,minotaur(pow_w:0.50),1.14,215,30
49,3,0x30509a8084fdfe6fe24d9c9a817c209ad194f8e3,6.659369,1772637552,872163db26dcf74c128f9024085baeb62678aaa218bc68dcf0328b70927f6cc5,110,110.00,3.55,1,5,4,0.021221,0.568868,Minotaur,minotaur(pow_w:0.50),1.14,215,31
49,4,0x3513d672439a59c26cc5711f2b715ccb4810a774,5.297105,1772637554,1bc7d6bdd6772e6d828bdd41b2212d1c5cb4338544692dfb21967ea6c9558fba,250,62.50,3.36,1,5,3,0.021232,0.569359,Minotaur,minotaur(pow_w:0.50),3.31,216,31
50,0,0x54f496e5c1d9f95a916cf7f5b62e9c98e64a3dc5,7.053388,1772637556,72ed76b4af4ec624c064a7eeda27ef10c2f26513c312de4d940b1cf0ebdd5564,176,88.00,3.91,2,5,4,0.021232,0.569364,Minotaur,minotaur(pow_w:0.50),2.36,217,31
50,1,0x719361397abe003a91af76243e5f9c7a0cd4279f,7.547786,1772637558,35b236dce2246e4369350a1c1c4fe7a8f18f83cfcae365a760348117ef7f4c8b,194,97.00,4.21,1,5,4,0.021251,0.569964,Minotaur,minotaur(pow_w:0.50),1.49,218,31
50,2,0x0d91704595bff3aec25d40822498a51c62b05e3a,2.570646,1772637560,35b236dce2246e4369350a1c1c4fe7a8f18f83cfcae365a760348117ef7f4c8b,194,97.00,4.21,1,5,4,0.021251,0.569968,Minotaur,minotaur(pow_w:0.50),1.49,218,32
50,3,0x63f4973c0df8a5358405f396dc0673a463c48de9,7.904597,1772637562,ce69a1ad296011f0849d36738f45a2cf2f120a53b0d3fea9395ef65b57c185e4,250,62.50,3.28,1,5,3,0.021178,0.568728,Minotaur,minotaur(pow_w:0.50),3.10,219,32
50,4,0x8d9e46becf415ca26aa698c9657087e6554aabda,0.383976,1772637564,1afc42388461ddff901343757bd349c47d7669f5505be568a3490bc3b7de74c1,186,62.00,3.45,1,5,3,0.021213,0.569569,Minotaur,minotaur(pow_w:0.50),2.61,220,32
51,0,0x1cb1274c711a6c2e4e1596846e6ac604eeefb358,4.412181,1772637567,e0cf6f7ec3b864a9b1074d94f654c52ec6710bc50d1dd8fb2590aeee0ea299e3,206,103.00,3.67,2,5,4,0.021097,0.566958,Minotaur,minotaur(pow_w:0.50),1.95,221,32
51,1,0xa068e3c9a21c8d8be636cd2d285895979ec3262e,3.970741,1772637568,c102082e3630282599613260d3816c648e1231acb83e29fbdb6347c819d17260,219,109.50,3.50,1,5,4,0.021061,0.566502,Minotaur,minotaur(pow_w:0.50),1.70,222,32
51,2,0x58a21eeb7ab18ba8adf1296e66a4487076e95dac,12.104714,1772637570,e956206371618957a0d81ec61c58f13554389de5947dc3bae3b41bac8b2ae790,95,95.00,4.40,2,6,4,0.021017,0.565929,Minotaur,minotaur(pow_w:0.50),1.07,223,32
51,3,0x60705151f1f537cacd5b801f3ef1b31dc3f605de,1.303204,1772637572,e956206371618957a0d81ec61c58f13554389de5947dc3bae3b41bac8b2ae790,95,95.00,4.40,2,6,4,0.021018,0.565933,Minotaur,minotaur(pow_w:0.50),1.07,223,33
51,4,0x63f4973c0df8a5358405f396dc0673a463c48de9,8.906307,1772637574,6ad1f4666ce844a759abead2f3569c6e35fa15b9f9836b194f70052917048c4f,250,62.50,4.22,1,6,4,0.020922,0.564137,Minotaur,minotaur(pow_w:0.50),3.20,224,33
52,0,0xe478b1e4d1538274c0c70cbd7df877f9abab2f62,7.304796,1772637576,e9f0351884a746157006d05d34674263b1d21a1881b96f5d5eed13deb55b1e52,132,66.00,3.55,1,5,4,0.020974,0.565040,Minotaur,minotaur(pow_w:0.50),1.85,225,33
52,1,0xc24b36dee27726233c3bbd9e1f028f98b6b2a424,6.415969,1772637578,50a940d1f53c53c8c7b7416330e12952eb091e38de655c1aae056b71d94f3f85,184,92.00,4.33,1,6,4,0.020995,0.565653,Minotaur,minotaur(pow_w:0.50),1.48,226,33
52,2,0x687bf2437a044a3e42ff2f8a79a8e54ba9601f70,3.065429,1772637580,3134bec67dc0d09455b653295cd18a134de239a93074e28748dae2061ae45a20,183,91.50,3.92,1,6,4,0.020998,0.565945,Minotaur,minotaur(pow_w:0.50),1.48,227,33
52,3,0x26d553a2f4343b3a7dc88bbd87b3d0a25d3838d9,8.224440,1772637582,65b8b0e0badf68ae3da972f3ec10d5ce8afbf04853aebe975406933b848768b7,191,95.50,3.68,1,5,4,0.020937,0.564988,Minotaur,minotaur(pow_w:0.50),1.35,228,33
52,4,0xa447d277b02012c2afd9ddcbbe123f27cc971963,10.821215,1772637584,65b8b0e0badf68ae3da972f3ec10d5ce8afbf04853aebe975406933b848768b7,191,95.50,3.68,1,5,4,0.020937,0.564992,Minotaur,minotaur(pow_w:0.50),1.35,228,34
53,0,0x54f496e5c1d9f95a916cf7f5b62e9c98e64a3dc5,8.055138,1772637587,c0d0343fc44b6a2de65d4488bbeace47ba434a4a91c7c3587fdabe0424f209dd,250,50.00,3.52,1,5,4,0.021023,0.566168,Minotaur,minotaur(pow_w:0.50),3.97,229,34
53,1,0xac768e60b9269babb15cb1e36ee843243d7c7543,5.717658,1772637588,d8cda8fe51c7d4911431e1331bc13bf579cc8a8c39aa7db5dfa249d40c9ea71b,169,84.50,4.11,1,6,4,0.021055,0.566939,Minotaur,minotaur(pow_w:0.50),1.89,230,34
53,2,0xd46407aa7b668c72de3cf1c1a12b7fa2e308a1b2,4.992529,1772637590,98ea55c93c1af091254afeeb9b4826b792ff4110d970d47c55b46dd387edbfd1,119,119.00,3.96,1,5,4,0.021043,0.566959,Minotaur,minotaur(pow_w:0.50),1.30,231,34
53,3,0xd46407aa7b668c72de3cf1c1a12b7fa2e308a1b2,5.994489,1772637592,3ae2a35a01b6cbd54d421e47b7671182d8664fe4703c3166c8cb6f581c0769b6,198,99.00,3.94,1,5,4,0.021017,0.566646,Minotaur,minotaur(pow_w:0.50),1.47,232,34
53,4,0xe6ebb0cdfd04183d498964e5efc4096ba77b17d6,8.297883,1772637594,b0b59c9a3b87c5f440dc8db0f4d607674c20181b70c6325dc61a5e0e87a448e3,174,87.00,3.99,1,5,4,0.021010,0.566709,Minotaur,minotaur(pow_w:0.50),1.54,233,34
54,0,0xe478b1e4d1538274c0c70cbd7df877f9abab2f62,8.306436,1772637596,b0b59c9a3b87c5f440dc8db0f4d607674c20181b70c6325dc61a5e0e87a448e3,174,87.00,3.99,1,5,4,0.021010,0.566715,Minotaur,minotaur(pow_w:0.50),1.54,233,35
54,1,0x07902d0371763a00d97ed9ba16ff0a206cb0fd19,5.532779,1772637598,63d09ad24745350724d88a9d33dd483fd4dacd6e3f67665e5e9b53085301ae7a,250,62.50,4.40,1,6,5,0.021045,0.567473,Minotaur,minotaur(pow_w:0.50),3.29,234,35
54,2,0x63f4973c0df8a5358405f396dc0673a463c48de9,9.907517,1772637600,0615d8012704b39ffdda5db81933b6c7fafd09c116bf41119c21ab757fba1555,181,90.50,2.62,1,4,3,0.021028,0.567312,Minotaur,minotaur(pow_w:0.50),1.87,235,35
54,3,0xaadc5fea232580cb8fba739ac5d05a48559c7e52,10.368423,1772637602,0eb8b8d8da0e19652957f3e5f54a9726c5ff41b9f62c189c9326938a4a538fdc,196,65.33,3.55,1,5,4,0.021091,0.568272,Minotaur,minotaur(pow_w:0.50),2.23,236,35
54,4,0x30509a8084fdfe6fe24d9c9a817c209ad194f8e3,7.661419,1772637604,af7499169239490e9d3c9af80e765d7ab3d35284662ce972580c251a35ccaded,151,75.50,4.50,2,6,5,0.021161,0.569249,Minotaur,minotaur(pow_w:0.50),2.46,237,35
55,0,0x63f4973c0df8a5358405f396dc0673a463c48de9,10.909427,1772637607,99cf0ee09cc1c1799942377666ffd43290bb6005df8ebc7afd9032e472968a0c,242,121.00,3.31,1,5,3,0.021181,0.569843,Minotaur,minotaur(pow_w:0.50),2.08,238,35
55,1,0xa447d277b02012c2afd9ddcbbe123f27cc971963,11.823455,1772637608,99cf0ee09cc1c1799942377666ffd43290bb6005df8ebc7afd9032e472968a0c,242,121.00,3.31,1,5,3,0.021181,0.569845,Minotaur,minotaur(pow_w:0.50),2.08,238,36
55,2,0x26d553a2f4343b3a7dc88bbd87b3d0a25d3838d9,8.224370,1772637610,a06ebe05c2f78bf95c1b65f3758b173fab0c2f0cdf9baac9e803c612e7656f1d,250,83.33,3.61,1,5,4,0.021275,0.571090,Minotaur,minotaur(pow_w:0.50),2.44,239,36
55,3,0xbc3f8508d26048f2064aa8c068f4c94d08d77d18,6.071619,1772637612,a06ebe05c2f78bf95c1b65f3758b173fab0c2f0cdf9baac9e803c612e7656f1d,250,83.33,3.61,1,5,4,0.021275,0.571093,Minotaur,minotaur(pow_w:0.50),2.44,239,37
55,4,0xaadc5fea232580cb8fba739ac5d05a48559c7e52,11.369823,1772637614,eaba088098214297cacf965cebb5eaa5690b393398793bc265505543289dcc48,250,62.50,4.70,1,6,5,0.021265,0.571086,Minotaur,minotaur(pow_w:0.50),3.16,240,37
56,0,0x4414c05be2cf328f38d2e3ef4b705d6b894f044a,7.093269,1772637616,b64b4148a2e36d07a8dd03ab348e3f854f10e5262bde2ed618f5af2c6fe58623,176,88.00,4.40,1,6,5,0.021348,0.572224,Minotaur,minotaur(pow_w:0.50),1.87,241,37
56,1,0xe6ebb0cdfd04183d498964e5efc4096ba77b17d6,8.297743,1772637618,382ca60e7f3171731323b401096c3ffb5ca95adc54f3bed1249f496e6e86e1b6,194,97.00,3.94,1,5,4,0.021355,0.572626,Minotaur,minotaur(pow_w:0.50),1.52,242,37
56,2,0x58a21eeb7ab18ba8adf1296e66a4487076e95dac,12.104634,1772637620,8efa912eac787f6acbcb95a6566b11d29804a93af5cfd897fb80c9fa462f3647,200,100.00,4.07,1,6,4,0.021383,0.573264,Minotaur,minotaur(pow_w:0.50),1.44,243,37
56,3,0x58a21eeb7ab18ba8adf1296e66a4487076e95dac,12.104634,1772637622,8efa912eac787f6acbcb95a6566b11d29804a93af5cfd897fb80c9fa462f3647,200,100.00,4.07,1,6,4,0.021383,0.573267,Minotaur,minotaur(pow_w:0.50),1.44,243,38
56,4,0x58a21eeb7ab18ba8adf1296e66a4487076e95dac,12.104634,1772637624,8efa912eac787f6acbcb95a6566b11d29804a93af5cfd897fb80c9fa462f3647,200,100.00,4.07,1,6,4,0.021383,0.573271,Minotaur,minotaur(pow_w:0.50),1.44,243,39
57,0,0x58a21eeb7ab18ba8adf1296e66a4487076e95dac,12.104634,1772637627,8efa912eac787f6acbcb95a6566b11d29804a93af5cfd897fb80c9fa462f3647,200,100.00,4.07,1,6,4,0.021383,0.573275,Minotaur,minotaur(pow_w:0.50),1.44,243,40
57,1,0xa3786e459f289a76c0e8af8ad834e3d0c6d47199,10.734283,1772637628,8efa912eac787f6acbcb95a6566b11d29804a93af5cfd897fb80c9fa462f3647,200,100.00,4.07,1,6,4,0.021384,0.573277,Minotaur,minotaur(pow_w:0.50),1.44,243,41
57,2,0x58a21eeb7ab18ba8adf1296e66a4487076e95dac,12.104614,1772637630,8efa912eac787f6acbcb95a6566b11d29804a93af5cfd897fb80c9fa462f3647,200,100.00,4.07,1,6,4,0.021384,0.573280,Minotaur,minotaur(pow_w:0.50),1.44,243,42
57,3,0x34412315480562da4810040fd15c81f99880e1ab,5.904353,1772637632,512de1e837964e7aab0080a77d4c1e29a63535233ceb5929e6b30f28e42ec1c2,7,0.58,3.14,1,4,4,0.021476,0.574451,Minotaur,minotaur(pow_w:0.50),2.43,244,42
57,4,0x26d553a2f4343b3a7dc88bbd87b3d0a25d3838d9,8.224260,1772637634,2ce65f686993a5c4213287fcbd5fa4ce2b5f0d18ca17d07a01e08f482973a2e9,250,125.00,4.13,1,6,4,0.021461,0.574313,Minotaur,minotaur(pow_w:0.50),13.18,245,42
58,0,0x687bf2437a044a3e42ff2f8a79a8e54ba9601f70,4.066809,1772637636,2ce65f686993a5c4213287fcbd5fa4ce2b5f0d18ca17d07a01e08f482973a2e9,250,125.00,4.13,1,6,4,0.021461,0.574317,Minotaur,minotaur(pow_w:0.50),13.18,245,43
58,1,0x606627477c3734932f47972f83c27cf4e3b35b4f,11.388547,1772637638,831db36126fa72e187c59ac68198d709d57091e5287c8c17b36f9a5240a1dc5b,250,62.50,3.81,1,5,4,0.021414,0.573720,Minotaur,minotaur(pow_w:0.50),4.73,246,43
58,2,0xa5a12d96532497871d73549e55ab377e3dcb3a40,2.109882,1772637640,004e7c66fdb79c4ec534cb849a1a3ef53d32f485598324613681adf9b37aa278,177,88.50,3.53,1,5,4,0.021492,0.574758,Minotaur,minotaur(pow_w:0.50),1.90,247,43
58,3,0x0d91704595bff3aec25d40822498a51c62b05e3a,3.572456,1772637642,cfa862089a7073040a6a50851bb23c3ce6da3a671dd10386b39626cd46b1792c,183,61.00,4.15,1,6,4,0.021411,0.573371,Minotaur,minotaur(pow_w:0.50),2.38,248,43
58,4,0xc774b0fee7cabbef3b1ae14bf36db3df0d32c1df,4.175137,1772637644,9906a5bb1aa502d8c0cbaf2461ef07b89f1d3ea31e7948a9519c9ebe0231d685,245,122.50,3.29,1,5,3,0.021356,0.572631,Minotaur,minotaur(pow_w:0.50),2.16,249,43
59,0,0xdcf2130496e27a8094ab996aea4aa77788d65869,11.513747,1772637647,d07b8a351e10038d94cda1320ea09bf8db83e9c654ccef991029f493776c2da0,183,91.50,3.81,1,5,4,0.021310,0.571985,Minotaur,minotaur(pow_w:0.50),1.83,250,43
59,1,0xe478b1e4d1538274c0c70cbd7df877f9abab2f62,9.308476,1772637648,d07b8a351e10038d94cda1320ea09bf8db83e9c654ccef991029f493776c2da0,183,91.50,3.81,1,5,4,0.021310,0.571986,Minotaur,minotaur(pow_w:0.50),1.83,250,44
59,2,0x282f43759e22b50aa7989261c51c367f325c3f91,0.347437,1772637650,091e85b31ee4463297bc45064254b4af5b86cd43f53590fbbee2f23841923fc3,250,83.33,4.12,2,5,4,0.021311,0.571989,Minotaur,minotaur(pow_w:0.50),2.42,251,44
59,3,0x07902d0371763a00d97ed9ba16ff0a206cb0fd19,6.534149,1772637652,60359fad9e6c0cdb8e7a4f75d481f23306bedca7f7d5e2395e35f4f165036611,174,87.00,3.81,1,5,4,0.021242,0.570289,Minotaur,minotaur(pow_w:0.50),1.87,252,44
59,4,0xac768e60b9269babb15cb1e36ee843243d7c7543,6.718158,1772637654,e586ee0592fbd080e7998045d3087e27482c2e3f036ce4afcc26153b9f4e35da,191,95.50,2.72,1,4,3,0.021243,0.570292,Minotaur,minotaur(pow_w:0.50),1.51,253,44
60,0,0xa068e3c9a21c8d8be636cd2d285895979ec3262e,4.970701,1772637656,e3c1e5b3ae75fc8458030fe0e2dc6e50a4157586e60462c5850698ba9a7db1b1,178,89.00,3.96,1,5,4,0.021240,0.570507,Minotaur,minotaur(pow_w:0.50),1.54,254,44
60,1,0x6d6b2734a20229ddd7fd4a1470ba3e3bad4e4a85,6.646644,1772637658,8b5ab843ca96edbdda79961c17a3ac1f7b15a8942630846eb03486d1dae97ff5,195,97.50,4.36,1,6,5,0.021208,0.570093,Minotaur,minotaur(pow_w:0.50),1.49,255,44
60,2,0x6064b9f5883bf9737dfe314ff68c56e09e68ac89,2.186559,1772637660,8418bff7c1fa39c7807424f0ad702429c31d4931219b8719cd72a23009f8cef8,193,96.50,3.62,1,5,4,0.021204,0.570221,Minotaur,minotaur(pow_w:0.50),1.40,256,44
60,3,0x9c39f7fffaa5c5cfab20dfdd05663497918580c1,1.424378,1772637662,a756701ceebeaa128c7cd2760e3a8e07db486a7c00a6b210ff6b89ba275403a0,238,79.33,4.19,1,6,4,0.021127,0.568854,Minotaur,minotaur(pow_w:0.50),2.32,257,44
60,4,0xd39dbd3662315e3935ec08e6b6028e73b3c09de2,1.920130,1772637664,e905dff7a91a8755638eaf0e00708b8827298dc7777975b331b2f35f24f1bc3f,194,97.00,4.30,1,6,4,0.021038,0.567203,Minotaur,minotaur(pow_w:0.50),2.26,258,44
61,0,0xc24b36dee27726233c3bbd9e1f028f98b6b2a424,7.416769,1772637666,a745cc0a68c2ea91f71a1a07abf4a6acdf27e4a30d253c5e329ce4f4b67e7ad7,184,92.00,4.32,1,6,4,0.020958,0.565678,Minotaur,minotaur(pow_w:0.50),2.20,259,44
61,1,0x60705151f1f537cacd5b801f3ef1b31dc3f605de,2.304824,1772637668,e326c56031bf255085fdb6e542d57292fe64b852a1f66b448c18b0fe2a267815,143,143.00,3.97,1,5,4,0.020966,0.566076,Minotaur,minotaur(pow_w:0.50),1.42,260,44
61,2,0x687bf2437a044a3e42ff2f8a79a8e54ba9601f70,5.069049,1772637670,4d12518d7d36e007b3c2c6cb2ffce72dc23fc9eccbe4c6e51011fcc6ecf76c82,184,92.00,4.09,1,6,4,0.020892,0.564684,Minotaur,minotaur(pow_w:0.50),1.60,261,44
61,3,0x34412315480562da4810040fd15c81f99880e1ab,6.906633,1772637672,c6c09ce729ba28961e73172ffaf17545d39ad00c082c3e9aa4620c5cf2934d86,196,98.00,3.88,2,5,4,0.020863,0.564276,Minotaur,minotaur(pow_w:0.50),1.60,262,44
61,4,0x60705151f1f537cacd5b801f3ef1b31dc3f605de,3.306614,1772637674,c6c09ce729ba28961e73172ffaf17545d39ad00c082c3e9aa4620c5cf2934d86,196,98.00,3.88,2,5,4,0.020863,0.564279,Minotaur,minotaur(pow_w:0.50),1.60,262,45
62,0,0x1796dc61e715f15a2d27dfa32bd34780f12a8c24,1.720931,1772637676,e4acc39a5e726bccf38272812121e10b63954d8b844d0c6077ec9c009b6fc3c4,250,62.50,4.17,1,6,4,0.020806,0.563436,Minotaur,minotaur(pow_w:0.50),3.19,263,45
62,1,0x016d3fc36beee7caa8fbd6c1caa42461dd7f9850,3.880649,1772637678,e4acc39a5e726bccf38272812121e10b63954d8b844d0c6077ec9c009b6fc3c4,250,62.50,4.17,1,6,4,0.020806,0.563440,Minotaur,minotaur(pow_w:0.50),3.19,263,46
62,2,0xa068e3c9a21c8d8be636cd2d285895979ec3262e,5.972371,1772637680,d216dcb02ab4f8e253962dde9f667d2cf9f79ba20cefe62dd5b5caff061943ed,250,62.50,3.13,2,5,3,0.020759,0.562716,Minotaur,minotaur(pow_w:0.50),3.08,264,46
62,3,0xa5a12d96532497871d73549e55ab377e3dcb3a40,3.111302,1772637682,e69539c65153006810bba742869e63b366c2670b46820be66d1fd045fa8cd349,243,81.00,4.29,1,6,4,0.020743,0.562550,Minotaur,minotaur(pow_w:0.50),2.84,265,46
62,4,0xbc3f8508d26048f2064aa8c068f4c94d08d77d18,7.073609,1772637684,2efd05820680826260b057d84449202e440c0d9589e9983e0b2091cc05f181d7,214,107.00,4.03,1,6,4,0.020684,0.561562,Minotaur,minotaur(pow_w:0.50),2.26,266,46
63,0,0xa068e3c9a21c8d8be636cd2d285895979ec3262e,6.974741,1772637686,93def7dc5e698b2cecf886e797b6df47df7337bc96c3aea6e120846e5ace9f99,222,111.00,4.22,1,6,4,0.020686,0.561802,Minotaur,minotaur(pow_w:0.50),2.01,267,46
63,1,0xe478b1e4d1538274c0c70cbd7df877f9abab2f62,10.310646,1772637688,15fe44620c8df5063d7f87a1f3c74067b991078973de8e1b3b11ca531da03c60,97,97.00,4.08,1,6,4,0.020685,0.561964,Minotaur,minotaur(pow_w:0.50),1.28,268,46
63,2,0x58a21eeb7ab18ba8adf1296e66a4487076e95dac,13.104074,1772637690,0a74a6996e43919a093a6f57e697f5c0a19235194cdc47c88203bc271cd31cce,200,100.00,4.01,1,6,4,0.020735,0.562815,Minotaur,minotaur(pow_w:0.50),1.66,269,46
63,3,0xdcf2130496e27a8094ab996aea4aa77788d65869,11.513567,1772637692,0a74a6996e43919a093a6f57e697f5c0a19235194cdc47c88203bc271cd31cce,200,100.00,4.01,1,6,4,0.020736,0.562818,Minotaur,minotaur(pow_w:0.50),1.66,269,47
63,4,0xac768e60b9269babb15cb1e36ee843243d7c7543,7.719538,1772637694,0a74a6996e43919a093a6f57e697f5c0a19235194cdc47c88203bc271cd31cce,200,100.00,4.01,1,6,4,0.020736,0.562821,Minotaur,minotaur(pow_w:0.50),1.66,269,48
64,0,0x016d3fc36beee7caa8fbd6c1caa42461dd7f9850,4.882889,1772637696,4f307ecb3e7d50b4e012c05ca7b3bd3a8515b4641c5bbd65516cd32191bb7fb7,250,41.67,3.98,1,6,4,0.020746,0.563223,Minotaur,minotaur(pow_w:0.50),5.14,270,48
64,1,0x26d553a2f4343b3a7dc88bbd87b3d0a25d3838d9,8.224000,1772637698,b3c267bbe87bbb5a9b9f3d554b557a4daef4912166d0c6841283b43ec421bc24,128,64.00,3.16,1,4,3,0.020713,0.562719,Minotaur,minotaur(pow_w:0.50),2.11,271,48
64,2,0x719361397abe003a91af76243e5f9c7a0cd4279f,7.547416,1772637700,b3c267bbe87bbb5a9b9f3d554b557a4daef4912166d0c6841283b43ec421bc24,128,64.00,3.16,1,4,3,0.020713,0.562722,Minotaur,minotaur(pow_w:0.50),2.11,271,49
64,3,0xe6ebb0cdfd04183d498964e5efc4096ba77b17d6,9.299253,1772637702,a25bea83827f2eff062a1bc8037892d7302d0049783232008de22a398892e32d,250,50.00,3.94,2,5,4,0.020720,0.563011,Minotaur,minotaur(pow_w:0.50),4.10,272,49
64,4,0x81193196c1dbdbf80709d43a5af5ce21c201fbd7,2.836189,1772637705,435c288b2bb3e46a258b4415c84dd1f6dedd0ad81ce86edc71d2285987dcedac,177,88.50,3.89,1,6,4,0.020753,0.563714,Minotaur,minotaur(pow_w:0.50),2.29,273,49
65,0,0x687bf2437a044a3e42ff2f8a79a8e54ba9601f70,6.070639,1772637706,be6db91bb8343d3ee9b67e44f73914c98efb78167a8ccf25388327ee1143c7c4,234,117.00,4.08,1,6,4,0.020689,0.562571,Minotaur,minotaur(pow_w:0.50),1.90,274,49
65,1,0x719361397abe003a91af76243e5f9c7a0cd4279f,8.549866,1772637708,2639ad37b87778ed1598e09777bc9be97db62ca1c9ba031ba1d33993905c672b,119,119.00,3.87,1,5,4,0.020674,0.562392,Minotaur,minotaur(pow_w:0.50),1.13,275,49
65,2,0xa5a12d96532497871d73549e55ab377e3dcb3a40,4.113092,1772637710,2639ad37b87778ed1598e09777bc9be97db62ca1c9ba031ba1d33993905c672b,119,119.00,3.87,1,5,4,0.020674,0.562395,Minotaur,minotaur(pow_w:0.50),1.13,275,50
65,3,0x8c11ec9090dd820c076e57e899d9c604c79d6b32,6.568549,1772637712,438bd8a68aa53bfad61790c02524d44b2309e669b72abaacc2567c695dea1b75,250,62.50,4.21,1,6,4,0.020630,0.561680,Minotaur,minotaur(pow_w:0.50),3.22,276,50
65,4,0xeaa5003682d7289190651081ae2bee847097afc5,5.764895,1772637714,6087191d4190642be194d963f743b276a1e1c32e64e2f67ee7f25062f153aaa3,123,61.50,4.14,2,6,4,0.020621,0.561623,Minotaur,minotaur(pow_w:0.50),1.76,277,50
66,0,0xa7e4d4d949807065ebf85adc1be8c382c7236c15,0.211836,1772637716,4d95ada70d85d89fc722e13d31771a246b8960ae7d216fcd8c4cc61a9f91f3e1,171,85.50,4.40,2,6,5,0.020601,0.561307,Minotaur,minotaur(pow_w:0.50),1.47,278,50
66,1,0x26d553a2f4343b3a7dc88bbd87b3d0a25d3838d9,8.224000,1772637718,a800010831747be0d77948dd72833780755aeee9d906149adc1607cd3fbb1d80,195,97.50,3.91,1,6,4,0.020501,0.558880,Minotaur,minotaur(pow_w:0.50),1.41,279,50
66,2,0x1cb1274c711a6c2e4e1596846e6ac604eeefb358,5.412901,1772637720,a800010831747be0d77948dd72833780755aeee9d906149adc1607cd3fbb1d80,195,97.50,3.91,1,6,4,0.020501,0.558883,Minotaur,minotaur(pow_w:0.50),1.41,279,51
66,3,0xe478b1e4d1538274c0c70cbd7df877f9abab2f62,11.312316,1772637722,f46fbd22a91f59ae33b9621f59b720eaf42790af4904ac2db3157d3e7caf1aff,250,50.00,3.58,1,5,4,0.020476,0.558473,Minotaur,minotaur(pow_w:0.50),4.16,280,51
66,4,0xe6ebb0cdfd04183d498964e5efc4096ba77b17d6,10.300953,1772637724,109fc2ff16772b26a2ee4a21508dcc3c12de0bf0ff4a0df2f701213787828474,222,111.00,4.04,1,5,4,0.020535,0.559401,Minotaur,minotaur(pow_w:0.50),2.24,281,51
67,0,0xa5a12d96532497871d73549e55ab377e3dcb3a40,5.115492,1772637726,1edd0070f79b7e8dba7f36f693e71f03262eea8492960c37c85df109bf725bc6,93,93.00,4.01,1,5,4,0.020578,0.560173,Minotaur,minotaur(pow_w:0.50),1.20,282,51
67,1,0x606627477c3734932f47972f83c27cf4e3b35b4f,12.389417,1772637728,7f5d890e5da5283d1c4ca70943e8e37b9d676d0bd669e24aea5a9e8909b8b1ac,196,98.00,4.20,1,6,4,0.020578,0.560176,Minotaur,minotaur(pow_w:0.50),1.71,283,51
67,2,0xd46407aa7b668c72de3cf1c1a12b7fa2e308a1b2,6.994979,1772637730,07ca8457ae62154a98967f9cd37ff1b8010fc7c9597aa5e373d9647ce0bb0615,176,88.00,3.68,1,5,4,0.020620,0.560737,Minotaur,minotaur(pow_w:0.50),1.54,284,51
67,3,0xd46407aa7b668c72de3cf1c1a12b7fa2e308a1b2,7.996809,1772637732,a5dbeaf255be6ee77c9c1c9d590bc3f1aaa8eb372c28ab12812c62342489be9f,184,92.00,4.10,2,5,4,0.020615,0.560776,Minotaur,minotaur(pow_w:0.50),1.53,285,51
67,4,0xd46407aa7b668c72de3cf1c1a12b7fa2e308a1b2,8.998789,1772637734,8244d3a996926ea08d00ba6bbf8f3993abda27eb1c1ee81b0d9437ddcc72276b,201,100.50,4.14,1,6,4,0.020624,0.561186,Minotaur,minotaur(pow_w:0.50),1.44,286,51
68,0,0xa447d277b02012c2afd9ddcbbe123f27cc971963,12.824765,1772637736,27e46d358881e79876ffce6c085c63b035a45350f20b59a0cf349f90d9d4cc07,177,88.50,4.07,1,6,4,0.020647,0.561797,Minotaur,minotaur(pow_w:0.50),1.43,287,51
68,1,0x37cc7a82e66d4f4c2ae13b9ee895d3af1a1d7a05,3.264075,1772637738,5e3e633bc3862866db869da8f0ad12639bfecdf15616ede71588de7525d5514e,209,69.67,3.47,1,5,3,0.020721,0.562876,Minotaur,minotaur(pow_w:0.50),2.34,288,51
68,2,0x30405867b72597aaeb27803bb2c7f3f5fc7d5384,3.518204,1772637740,603644551d087408186fa8e16e89e3408c55adb9ec562a3a0d5a52635007bfff,203,101.50,3.98,1,6,4,0.020664,0.561923,Minotaur,minotaur(pow_w:0.50),2.14,289,51
68,3,0x26d553a2f4343b3a7dc88bbd87b3d0a25d3838d9,8.223890,1772637743,5c01ff7195e2921137ba333e8d5d7e6c77a340069c2e66c09fad15510293ca30,216,108.00,3.46,1,5,4,0.020612,0.561024,Minotaur,minotaur(pow_w:0.50),1.92,290,51
68,4,0x81193196c1dbdbf80709d43a5af5ce21c201fbd7,3.838139,1772637744,3afee9709f5001424ab0f42867fab2045f2d74cd5c37961aed59af72d1e0e5e2,194,97.00,3.71,1,5,4,0.020622,0.561449,Minotaur,minotaur(pow_w:0.50),1.65,291,51
69,0,0x54f496e5c1d9f95a916cf7f5b62e9c98e64a3dc5,9.055098,1772637746,ea7adbb7bceb02b0c8789170c195e1becb089ee28da3b90752b5942e575b48d1,102,102.00,4.07,2,6,4,0.020574,0.560615,Minotaur,minotaur(pow_w:0.50),1.14,292,51
69,1,0x9bdb1c7ad4bd8fe797b07c08117c74a591dbab2d,3.447992,1772637748,94a3a4f28c89c1abc504dee97cd52b83836cbd1cdb44299babbcbfe16f4db8e8,195,97.50,4.26,1,6,4,0.020595,0.561167,Minotaur,minotaur(pow_w:0.50),1.51,293,51
69,2,0x58a21eeb7ab18ba8adf1296e66a4487076e95dac,13.103634,1772637750,5f985ddf1176fe95ea2d4b17c0a6844b8c95683ae879f20a1a54dda23d77ad54,184,92.00,3.67,1,5,4,0.020541,0.560174,Minotaur,minotaur(pow_w:0.50),1.52,294,51
69,3,0xb2a7fe70a6f3137d38f6cb4c3ec6dd1e24f2d5f4,1.415578,1772637752,5f985ddf1176fe95ea2d4b17c0a6844b8c95683ae879f20a1a54dda23d77ad54,184,92.00,3.67,1,5,4,0.020542,0.560179,Minotaur,minotaur(pow_w:0.50),1.52,294,52
69,4,0x687bf2437a044a3e42ff2f8a79a8e54ba9601f70,7.071389,1772637754,a40ead72407696f174cd2a9f95c421cc38cf7db3f6ec6eeb13df9bfee97ddf2f,250,62.50,4.29,1,6,4,0.020461,0.558620,Minotaur,minotaur(pow_w:0.50),3.10,295,52
70,0,0xa447d277b02012c2afd9ddcbbe123f27cc971963,13.826605,1772637756,061028dca7feca0371d979c8034a10595af3d11962248eedd280e3be4506a581,123,61.50,3.83,1,5,4,0.020456,0.558632,Minotaur,minotaur(pow_w:0.50),1.86,296,52
70,1,0x58a21eeb7ab18ba8adf1296e66a4487076e95dac,13.103604,1772637758,1c675f3460dc5df64ee41155004bf23c6964eaf9ae8ceecb97093ae00117424a,201,67.00,3.35,1,5,3,0.020539,0.559738,Minotaur,minotaur(pow_w:0.50),2.20,297,52
70,2,0xa068e3c9a21c8d8be636cd2d285895979ec3262e,7.975021,1772637760,1128dec3008a98ef6baee4549e8fee3319751286bf28e8240de61d7bffa1112a,201,100.50,3.90,1,5,4,0.020611,0.560773,Minotaur,minotaur(pow_w:0.50),2.05,298,52
70,3,0xe478b1e4d1538274c0c70cbd7df877f9abab2f62,12.314226,1772637762,0dc677d542ef3ef9e768538d465e7a8d288776f469bb443a0a6910b584c8d646,191,95.50,4.24,1,6,4,0.020616,0.561064,Minotaur,minotaur(pow_w:0.50),2.00,299,52
70,4,0xaadc5fea232580cb8fba739ac5d05a48559c7e52,12.370053,1772637764,36add1e37f423f3dacd45c13b4f912a88005effd5e39ea62fa3bd457f162bf4e,126,126.00,3.97,1,6,4,0.020676,0.562000,Minotaur,minotaur(pow_w:0.50),1.42,300,52
71,0,0x63f4973c0df8a5358405f396dc0673a463c48de9,10.908667,1772637766,d31b6babaa69377ffda422561101d180090ff09637cc1a0d0f7c6877e3d2c120,210,105.00,4.45,1,6,5,0.020736,0.562887,Minotaur,minotaur(pow_w:0.50),1.68,301,52
71,1,0xac768e60b9269babb15cb1e36ee843243d7c7543,8.721268,1772637768,d31b6babaa69377ffda422561101d180090ff09637cc1a0d0f7c6877e3d2c120,210,105.00,4.45,1,6,5,0.020736,0.562889,Minotaur,minotaur(pow_w:0.50),1.68,301,53
71,2,0x4414c05be2cf328f38d2e3ef4b705d6b894f044a,8.093569,1772637770,c445db4965d2f81f63b2320da57a6daac91feba7d89763afa7a9cde4fc21af53,250,62.50,4.02,1,6,4,0.020749,0.563327,Minotaur,minotaur(pow_w:0.50),3.39,302,53
71,3,0x9bdb1c7ad4bd8fe797b07c08117c74a591dbab2d,4.449692,1772637772,ad6f546f33b0dc7fa0f2eacd5cacd00340664b7276748e1bbd9e9d77f2486807,191,95.50,3.91,1,6,4,0.020754,0.563588,Minotaur,minotaur(pow_w:0.50),2.34,303,53
71,4,0x81193196c1dbdbf80709d43a5af5ce21c201fbd7,4.838859,1772637774,8ecbdba61e5ca7bbeb0d27e0c55787eb5cd1c5684b11ed1fd37506c3f6c81e1d,224,112.00,3.74,1,5,4,0.020712,0.562900,Minotaur,minotaur(pow_w:0.50),1.51,304,53
72,0,0xe478b1e4d1538274c0c70cbd7df877f9abab2f62,13.315296,1772637776,740680f4d38d282c29fc9092a029c1ff2a79795de3b84c84a49739039d432cba,198,99.00,4.03,2,6,4,0.020675,0.562272,Minotaur,minotaur(pow_w:0.50),1.48,305,53
72,1,0xe6ebb0cdfd04183d498964e5efc4096ba77b17d6,11.301433,1772637778,c851ee0f5f3e47a28623802d2bf3e9b3ed39f8e41cb6ca6c718813dfd005506b,189,63.00,3.99,1,6,4,0.020744,0.563248,Minotaur,minotaur(pow_w:0.50),2.48,306,53
72,2,0xbc3f8508d26048f2064aa8c068f4c94d08d77d18,8.075229,1772637780,98b92a0d9bfe5700bcaf1667f9b0767177230e443fd587d727598f71bcee6fb0,215,107.50,3.87,1,6,4,0.020788,0.564055,Minotaur,minotaur(pow_w:0.50),2.23,307,53
72,3,0x9c39f7fffaa5c5cfab20dfdd05663497918580c1,2.425298,1772637783,08bb7442dfc50d1a75f148214cd9f27d14129539a5e126dbb40a58d69bfaa0ff,204,102.00,4.21,1,6,4,0.020790,0.564257,Minotaur,minotaur(pow_w:0.50),2.05,308,53
72,4,0x282f43759e22b50aa7989261c51c367f325c3f91,1.347657,1772637785,377badcdfdcb138a232d7a0ed808024f1e38f85e6e7a1f6b164d5dbb1810ab50,192,96.00,4.07,1,5,4,0.020723,0.562986,Minotaur,minotaur(pow_w:0.50),1.74,309,53
73,0,0x89100a8056319ba37491b32ba255004180607bc2,9.794577,1772637787,391ff1655e7ad306c4d325cf9846034b7323ef7f336323d0d31eb7a9f450dcf8,190,95.00,3.89,1,6,4,0.020644,0.561415,Minotaur,minotaur(pow_w:0.50),1.66,310,53
73,1,0x26d553a2f4343b3a7dc88bbd87b3d0a25d3838d9,9.225400,1772637789,cfb32672ec487e120b8dcdb8366f07dea020117dddbf1a05952e05b68ac33d3c,203,101.50,3.83,1,5,4,0.020644,0.561418,Minotaur,minotaur(pow_w:0.50),1.55,311,53
73,2,0xe6ebb0cdfd04183d498964e5efc4096ba77b17d6,12.303513,1772637791,720702c6a8e16bca44750febc5675158234af387d1b27b7d073dc737afeb623c,201,100.50,3.72,1,5,4,0.020683,0.562473,Minotaur,minotaur(pow_w:0.50),1.52,312,53
73,3,0x8c11ec9090dd820c076e57e899d9c604c79d6b32,7.569119,1772637793,f1c13784f7c7535549a29149f69acbbd9c8e264f728731111e89b0ce9641b2b0,205,102.50,4.11,1,6,4,0.020736,0.563281,Minotaur,minotaur(pow_w:0.50),1.44,313,53
73,4,0x9c39f7fffaa5c5cfab20dfdd05663497918580c1,3.427108,1772637795,0db1722eef1d5579b6356bd4a5efc4896b03e5235dd959145b2a58607dd510f3,185,92.50,4.19,1,6,4,0.020732,0.563330,Minotaur,minotaur(pow_w:0.50),1.49,314,53
74,0,0xa5a12d96532497871d73549e55ab377e3dcb3a40,6.116832,1772637797,1d61bb4b7ef64db7c142d10439327ac4f840f00ef0240580747793190e168c3b,175,87.50,4.04,1,6,4,0.020677,0.562329,Minotaur,minotaur(pow_w:0.50),1.35,315,53
74,1,0x3513d672439a59c26cc5711f2b715ccb4810a774,5.294525,1772637799,167780a58d661c715d185e3caef9a89b74d1be843131141bdd979e4a96ccc10f,186,62.00,4.12,1,6,4,0.020655,0.562054,Minotaur,minotaur(pow_w:0.50),2.47,316,53
74,2,0x269cdf52f97e1d9f14b7be895155a7b294f0b21d,2.723613,1772637801,c6413369422798d60333573625c4728dad807ab116c1b6d747ba7ea8ac67f8dd,217,108.50,3.76,1,5,4,0.020623,0.561526,Minotaur,minotaur(pow_w:0.50),2.16,317,53
74,3,0x63f4973c0df8a5358405f396dc0673a463c48de9,10.908447,1772637804,6692f49cdae173736c2cf374c5d68e6ea265dcd082b9c167c3ecc0355919f507,213,106.50,3.73,1,6,4,0.020561,0.560319,Minotaur,minotaur(pow_w:0.50),1.94,318,53
74,4,0x28672c71695142588ed26ada6f4b18b8b6c12308,3.691808,1772637805,7864df1d7eaca3c1500c352430704ba22984ad198277fffdfd2b6db06db9e270,210,105.00,3.66,1,5,4,0.020596,0.561041,Minotaur,minotaur(pow_w:0.50),1.80,319,53
75,0,0x6064b9f5883bf9737dfe314ff68c56e09e68ac89,3.187309,1772637807,65d6e42deebadeee630fe0ad284e506fc681ba275182a8a7e387ae618bc57f04,117,117.00,3.66,2,5,4,0.020545,0.560095,Minotaur,minotaur(pow_w:0.50),1.12,320,53
75,1,0xeb82a21cb3d0dd781eb22ad74bb7cd9b4d2a06ec,6.924575,1772637809,90f95f892d46e152143c2e19f5d63e25a8da9775f8029c8fad91323affdfc2c7,185,92.50,4.32,2,6,4,0.020489,0.558967,Minotaur,minotaur(pow_w:0.50),1.51,321,53
75,2,0x4a217e35f6402e7f62a49f6d62e27c6585c2f3fd,7.495447,1772637811,3d11b0d46e4b6a78a88b11b827df21790920d600fc16f5198227503eafc478e5,160,80.00,4.04,1,5,4,0.020476,0.558878,Minotaur,minotaur(pow_w:0.50),1.52,322,53
75,3,0x4a217e35f6402e7f62a49f6d62e27c6585c2f3fd,8.497357,1772637813,dc19a718d6b25afe02352a67b8c795761ed552282b548a69ac93dd554869beb6,192,96.00,3.65,1,5,4,0.020470,0.558856,Minotaur,minotaur(pow_w:0.50),1.45,323,53
75,4,0x49b57eb4dace37c8819daf079c9c674f766d4f38,6.233420,1772637815,6f8d1f8976d1f62011678bbe7340352766cfddc43cca19b4cb22093bff57b558,169,84.50,3.63,2,5,4,0.020475,0.559127,Minotaur,minotaur(pow_w:0.50),1.44,324,53
76,0,0x89100a8056319ba37491b32ba255004180607bc2,10.796227,1772637817,1c1ad5713b36d67f06808c07dae8a22e6a79817462cecabf658bbe0f5ea53557,196,98.00,4.10,1,6,4,0.020454,0.558840,Minotaur,minotaur(pow_w:0.50),1.44,325,53
76,1,0x63f4973c0df8a5358405f396dc0673a463c48de9,11.910487,1772637819,f0e4fed540689e268b7de76a697d2bb3c7ee2ddf41119ae0903685f5f7dbc685,188,62.67,3.74,1,5,4,0.020485,0.559502,Minotaur,minotaur(pow_w:0.50),2.46,326,53
76,2,0xe478b1e4d1538274c0c70cbd7df877f9abab2f62,14.316826,1772637821,87fa12e7c92570d5aa8ad03551afe8d4ae29c5ee0a023d90ddd3a6315ee107f2,237,118.50,3.61,1,5,4,0.020528,0.560242,Minotaur,minotaur(pow_w:0.50),2.14,327,53
76,3,0xdcf2130496e27a8094ab996aea4aa77788d65869,11.512837,1772637823,045e24a454f172bd3eff48ee4468ee79fa41618692782e4f9a040ea028741809,200,100.00,4.13,1,5,4,0.020597,0.561238,Minotaur,minotaur(pow_w:0.50),1.87,328,53
76,4,0xac768e60b9269babb15cb1e36ee843243d7c7543,9.723238,1772637825,9aee7a216f2c80bb3b7a4655c440f94b80d23d0a2467b89958b876133d8c1c08,109,109.00,4.06,2,6,4,0.020633,0.561909,Minotaur,minotaur(pow_w:0.50),1.24,329,53
77,0,0x6d6b2734a20229ddd7fd4a1470ba3e3bad4e4a85,7.646924,1772637827,700777cc9f470a4ce797a0f4711e89874cee4736f98e810f7ca1fcc4350ea9a9,190,95.00,4.05,2,6,4,0.020650,0.562397,Minotaur,minotaur(pow_w:0.50),1.61,330,53
77,1,0xaadc5fea232580cb8fba739ac5d05a48559c7e52,13.371403,1772637829,7723b8a92616adf730e33fcff93b4058dc34b1a7a30ba188439685760f7d5a21,198,99.00,3.71,1,5,4,0.020650,0.562399,Minotaur,minotaur(pow_w:0.50),1.43,331,53
77,2,0xac768e60b9269babb15cb1e36ee843243d7c7543,10.725048,1772637831,d7dbfe06d840b6f127c6ab04f381162fed065a3cac49ef30777259a525016ef3,184,92.00,4.42,1,6,5,0.020699,0.563233,Minotaur,minotaur(pow_w:0.50),1.47,332,53
77,3,0xa3786e459f289a76c0e8af8ad834e3d0c6d47199,10.732963,1772637833,9c2cebbfa6224b3bd13d6fb990431bbed53a0d92c5f24c5a8f049b4cc42ad539,194,97.00,3.95,1,5,4,0.020725,0.563815,Minotaur,minotaur(pow_w:0.50),1.48,333,53
77,4,0xbc3f8508d26048f2064aa8c068f4c94d08d77d18,9.077129,1772637835,4a10164d6a0b6699a2da7bcc44ecdbdd79273c072a990c514e95313a589a4f95,197,98.50,4.33,1,6,4,0.020751,0.564347,Minotaur,minotaur(pow_w:0.50),1.44,334,53
78,0,0xac768e60b9269babb15cb1e36ee843243d7c7543,11.726898,1772637837,4a10164d6a0b6699a2da7bcc44ecdbdd79273c072a990c514e95313a589a4f95,197,98.50,4.33,1,6,4,0.020751,0.564350,Minotaur,minotaur(pow_w:0.50),1.44,334,54
78,1,0x26d553a2f4343b3a7dc88bbd87b3d0a25d3838d9,10.227240,1772637839,939eb2af6ce4562f2df1edb3d76dbfd7d71af6d759763ffeff82e0492c5189eb,250,50.00,4.00,1,6,4,0.020787,0.564979,Minotaur,minotaur(pow_w:0.50),4.34,335,54
78,2,0x30509a8084fdfe6fe24d9c9a817c209ad194f8e3,8.661379,1772637842,939eb2af6ce4562f2df1edb3d76dbfd7d71af6d759763ffeff82e0492c5189eb,250,50.00,4.00,1,6,4,0.020787,0.564982,Minotaur,minotaur(pow_w:0.50),4.34,335,55
78,3,0x4414c05be2cf328f38d2e3ef4b705d6b894f044a,9.094749,1772637843,1ef654b97bc1ae66b84e519d3af1cdef56104a3772f34897057dc9e3783285c4,250,62.50,3.45,1,5,4,0.020789,0.565228,Minotaur,minotaur(pow_w:0.50),4.48,336,55
78,4,0x4a217e35f6402e7f62a49f6d62e27c6585c2f3fd,9.498697,1772637845,7a7dbd8abb0b7346a39047810e9736a507fc22c660b65ad92f3c3708d71387cc,100,100.00,3.88,2,5,4,0.020796,0.565527,Minotaur,minotaur(pow_w:0.50),1.36,337,55
79,0,0x687bf2437a044a3e42ff2f8a79a8e54ba9601f70,8.071659,1772637847,db39fadac7ff37d991a9d1eb3d84982a58c975ce1c3b4873fdb28a24aa252e0e,194,97.00,3.58,1,5,4,0.020807,0.565885,Minotaur,minotaur(pow_w:0.50),1.55,338,55
79,1,0x016d3fc36beee7caa8fbd6c1caa42461dd7f9850,5.882739,1772637849,88c9edd2042cf0903bd625db497a596cce70d3a50b81d1ee15d17b6efc2026cb,163,81.50,3.77,1,5,4,0.020807,0.565888,Minotaur,minotaur(pow_w:0.50),1.52,339,55
79,2,0xa447d277b02012c2afd9ddcbbe123f27cc971963,14.827795,1772637851,34490ca9292aa5c64969dc647393ad2b29d24d6f4a069f32228c9aaa4102f7c5,197,98.50,3.21,1,5,3,0.020779,0.565465,Minotaur,minotaur(pow_w:0.50),1.45,340,55
79,3,0x89100a8056319ba37491b32ba255004180607bc2,11.797827,1772637853,20e16a90cbdd768bc3bca8ad3516c40a582243d0a594dc1bcf1af7588ba7dc52,212,106.00,3.46,1,5,3,0.020846,0.566424,Minotaur,minotaur(pow_w:0.50),1.49,341,55
79,4,0x016d3fc36beee7caa8fbd6c1caa42461dd7f9850,6.884619,1772637855,d8856194c0f2f93e6316c804f7391b8f10c213fa25563ea5385239ee883c6a3c,198,99.00,3.76,1,5,4,0.020880,0.567003,Minotaur,minotaur(pow_w:0.50),1.50,342,55
80,0,0x1cb1274c711a6c2e4e1596846e6ac604eeefb358,6.413941,1772637857,cb3008520a3bf655b1deee42656ab46fb40f66f63d16980158ef232416f105d5,194,97.00,3.10,1,4,3,0.020862,0.566801,Minotaur,minotaur(pow_w:0.50),1.34,343,55
80,1,0xa447d277b02012c2afd9ddcbbe123f27cc971963,15.829855,1772637859,c16c0d4b804ddaa62ea10d233d5127daff5155cec98715837a8334073e10dd00,196,65.33,3.56,1,5,4,0.020839,0.566468,Minotaur,minotaur(pow_w:0.50),2.20,344,55
80,2,0x4414c05be2cf328f38d2e3ef4b705d6b894f044a,10.095609,1772637862,3fbd0d99e5a03c271e86c2e400e15d9caa8229431ed463f18a02d34b595d9883,183,91.50,3.52,1,5,4,0.020914,0.567438,Minotaur,minotaur(pow_w:0.50),1.78,345,55
80,3,0x26d553a2f4343b3a7dc88bbd87b3d0a25d3838d9,10.227240,1772637864,9060dacddfcf2799c77b2b42174f99e8fe53516b86bf83c945490defc2a0dfb2,185,92.50,3.91,1,5,4,0.020929,0.567878,Minotaur,minotaur(pow_w:0.50),1.67,346,55
80,4,0x6d6b2734a20229ddd7fd4a1470ba3e3bad4e4a85,8.648494,1772637866,9060dacddfcf2799c77b2b42174f99e8fe53516b86bf83c945490defc2a0dfb2,185,92.50,3.91,1,5,4,0.020929,0.567880,Minotaur,minotaur(pow_w:0.50),1.67,346,56
81,0,0x26d553a2f4343b3a7dc88bbd87b3d0a25d3838d9,10.227240,1772637868,71c7827ebf36fe94def3c1515134b879b96071baeccda188c590090f8f444f3c,250,62.50,3.76,1,5,4,0.020929,0.568035,Minotaur,minotaur(pow_w:0.50),3.45,347,56
81,1,0x0d91704595bff3aec25d40822498a51c62b05e3a,4.572686,1772637870,71c7827ebf36fe94def3c1515134b879b96071baeccda188c590090f8f444f3c,250,62.50,3.76,1,5,4,0.020929,0.568039,Minotaur,minotaur(pow_w:0.50),3.45,347,57
81,2,0xd39dbd3662315e3935ec08e6b6028e73b3c09de2,2.919950,1772637872,355a4177813198bfd4a89f0e46d5c8ec8888bcc67f03a8886d1e53e54b9c1a88,250,62.50,3.28,1,5,3,0.020886,0.567348,Minotaur,minotaur(pow_w:0.50),3.32,348,57
81,3,0xac768e60b9269babb15cb1e36ee843243d7c7543,12.729118,1772637874,4c97b456cae26c3910237b213caa433019de847d6be4612d06c97c134383a493,123,61.50,4.63,1,6,5,0.020827,0.566184,Minotaur,minotaur(pow_w:0.50),1.37,349,57
81,4,0x606627477c3734932f47972f83c27cf4e3b35b4f,13.389657,1772637876,1466026aee0c6c708051b09de2e576b81915f3131180e19eee540908ad00db1a,210,105.00,3.98,1,6,4,0.020867,0.566896,Minotaur,minotaur(pow_w:0.50),1.55,350,57
82,0,0x8c11ec9090dd820c076e57e899d9c604c79d6b32,8.570149,1772637878,aba2c1ab03a89527ee9f4490b7ca1c1042ef35f0f7847da74187adbaf9979e7d,227,75.67,3.66,2,5,4,0.020914,0.567670,Minotaur,minotaur(pow_w:0.50),2.27,351,57
82,1,0x49b57eb4dace37c8819daf079c9c674f766d4f38,7.234690,1772637881,734b85c5e6b16ce98e3349019c6a9f470df44717e732730919c4ed71776d5cf9,203,101.50,4.07,1,6,4,0.020912,0.567772,Minotaur,minotaur(pow_w:0.50),2.16,352,57
82,2,0x0d91704595bff3aec25d40822498a51c62b05e3a,5.575076,1772637882,6a802ce250481d98a3941115357e44ba5dcb0ddfea5c0cba9ec734626f362331,244,122.00,3.86,1,6,4,0.020896,0.567583,Minotaur,minotaur(pow_w:0.50),1.93,353,57
82,3,0x54f496e5c1d9f95a916cf7f5b62e9c98e64a3dc5,10.055548,1772637884,17f72b5df9824c9bae4a3cd638f7ec60ee2e7a95f93c822730fce17bd18572ba,114,114.00,3.49,1,5,4,0.020863,0.567056,Minotaur,minotaur(pow_w:0.50),1.32,354,57
82,4,0x1cb1274c711a6c2e4e1596846e6ac604eeefb358,7.415571,1772637886,3f49018ffba8346d5ba6c1c08da65e4ad9214a10396ad9560fc06243c6f6900e,180,90.00,4.31,2,5,4,0.020875,0.567439,Minotaur,minotaur(pow_w:0.50),1.43,355,57
83,0,0xa447d277b02012c2afd9ddcbbe123f27cc971963,16.831335,1772637888,8af0a5e9c45ab392aeeba9d6ea4d092b46e0e2b9fc5c0be49104fdbca79c1a51,162,81.00,3.51,1,5,4,0.020861,0.567248,Minotaur,minotaur(pow_w:0.50),1.54,356,57
83,1,0xac768e60b9269babb15cb1e36ee843243d7c7543,13.731088,1772637890,ee55106a36542415264833e49c6d6382d65631b5a1675c0670c27c94543b611d,188,94.00,3.44,1,5,4,0.020939,0.568192,Minotaur,minotaur(pow_w:0.50),1.52,357,57
83,2,0x63f4973c0df8a5358405f396dc0673a463c48de9,12.912687,1772637892,363e7e779c4efe03702597d38397670942d53f2131fdb2b452ca9355c9a9118c,217,108.50,3.87,1,5,4,0.020986,0.568967,Minotaur,minotaur(pow_w:0.50),1.50,358,57
83,3,0x9c39f7fffaa5c5cfab20dfdd05663497918580c1,4.427928,1772637894,366b9c660fc2bada46a798f6229ffc695ce880676833d368d0a6865da45d94d1,201,100.50,3.58,2,5,4,0.021025,0.569618,Minotaur,minotaur(pow_w:0.50),1.48,359,57
83,4,0x1796dc61e715f15a2d27dfa32bd34780f12a8c24,1.719541,1772637896,af137618bb6c84f27e4cdd142646359dd4a2c1a8ac3c33a3a45633ed905184f2,189,63.00,3.97,1,6,4,0.020980,0.568869,Minotaur,minotaur(pow_w:0.50),2.42,360,57
84,0,0x6064b9f5883bf9737dfe314ff68c56e09e68ac89,4.188179,1772637898,e12ac08fd0dab04929379411abb17d1b6a99b54a854630531c0a1bddca691cba,224,112.00,3.26,1,5,3,0.020909,0.567499,Minotaur,minotaur(pow_w:0.50),2.19,361,57
84,1,0x786f26993bf015cd2da6fb5d3ccd1879e01246ab,1.284902,1772637901,2e69ac5e5a8fbc70389c1745be7ab61b2bab50f13cad86c504d197f80be1669f,180,90.00,3.92,1,6,4,0.020863,0.566672,Minotaur,minotaur(pow_w:0.50),1.83,362,57
84,2,0x6064b9f5883bf9737dfe314ff68c56e09e68ac89,5.189939,1772637903,3ba86871cb579a492875222343cfb9a5fae3f1fa50d744f76f3ce713859ee461,196,98.00,3.98,2,5,4,0.020789,0.565189,Minotaur,minotaur(pow_w:0.50),1.72,363,57
84,3,0x6d6b2734a20229ddd7fd4a1470ba3e3bad4e4a85,9.650684,1772637905,b8e56eaa27989884d50e9629f4862649d5e63740696c5fc93faf58ebc6df7567,197,98.50,4.19,1,6,4,0.020752,0.564574,Minotaur,minotaur(pow_w:0.50),1.74,364,57
84,4,0xd46407aa7b668c72de3cf1c1a12b7fa2e308a1b2,9.998819,1772637907,0e76e1fad2b2e0b2ee01c2e0874c0dcea355b19536a48d6c5f8ee3f51ea85590,169,84.50,3.57,1,5,4,0.020758,0.564859,Minotaur,minotaur(pow_w:0.50),1.44,365,57
85,0,0x606627477c3734932f47972f83c27cf4e3b35b4f,14.391587,1772637909,039d01c7cb3ae6c96a6945747e0eaffa7283e56b16a0efd84071a7745b8b7141,182,91.00,3.91,1,6,4,0.020768,0.565162,Minotaur,minotaur(pow_w:0.50),1.46,366,57
85,1,0x311eb133eb413ac3f21249889bb101e5d40820ce,1.128779,1772637911,9b617e2728f2bb624ceb4c3fb539babec2ce2f58f14c66f5331c69bcee3020f1,206,103.00,3.74,1,5,4,0.020818,0.565990,Minotaur,minotaur(pow_w:0.50),1.47,367,57
85,2,0x4a217e35f6402e7f62a49f6d62e27c6585c2f3fd,10.500007,1772637913,24712fb68b0eb5b14ae5b61b0dc84e98beebed633db353b24f77f5c5990d0de0,174,87.00,3.60,1,5,4,0.020743,0.564441,Minotaur,minotaur(pow_w:0.50),1.45,368,57
85,3,0x6064b9f5883bf9737dfe314ff68c56e09e68ac89,6.191789,1772637915,c8b3c7e96fcba98bfd41077035ef15587bb4236047bd6cde96bd0947daeaeb75,206,103.00,3.58,1,5,4,0.020757,0.564811,Minotaur,minotaur(pow_w:0.50),1.46,369,57
85,4,0xac768e60b9269babb15cb1e36ee843243d7c7543,14.733008,1772637917,06ccd7889e0327e5f9080525876d9a06ed138c1b66cbd6f9889a591955f8cce1,194,64.67,3.70,1,5,4,0.020729,0.564391,Minotaur,minotaur(pow_w:0.50),2.39,370,57
86,0,0x13f9dadc05f6c237b03411e2aed1800cf21a5d89,1.271752,1772637919,1a0fef84c29ec68737e7a4dfea1bdb62b1219cbf6571dcb364a166f37465cbe0,220,110.00,3.87,1,6,4,0.020782,0.565215,Minotaur,minotaur(pow_w:0.50),2.25,371,57
86,1,0x1cb1274c711a6c2e4e1596846e6ac604eeefb358,8.416811,1772637921,5eb87d0c9907d1cf30a4912abdde51c6e00f66413aa7a6f8631460ca745ef16b,242,121.00,3.10,1,5,3,0.020709,0.563680,Minotaur,minotaur(pow_w:0.50),1.82,372,57
86,2,0xaadc5fea232580cb8fba739ac5d05a48559c7e52,14.372393,1772637923,c4be80e544a5e898dfba4cdd809b60dfa8ee9cd81268dd783e8e31790e4b5498,97,97.00,3.45,2,4,4,0.020702,0.563724,Minotaur,minotaur(pow_w:0.50),1.14,373,57
86,3,0x54f496e5c1d9f95a916cf7f5b62e9c98e64a3dc5,11.057028,1772637925,381a3d6616759520ca2da6920d90a69c18ed7f9b5752dffdefac6da2694bb827,172,86.00,4.33,1,6,5,0.020750,0.564470,Minotaur,minotaur(pow_w:0.50),1.63,374,57
86,4,0x719361397abe003a91af76243e5f9c7a0cd4279f,8.549166,1772637927,af8342eec9af7848b887a0c3c1967a5814e9837281ec507b8639bed42f22537e,185,92.50,4.30,1,6,4,0.020766,0.564905,Minotaur,minotaur(pow_w:0.50),1.67,375,57
87,0,0xac768e60b9269babb15cb1e36ee843243d7c7543,15.735128,1772637929,af8342eec9af7848b887a0c3c1967a5814e9837281ec507b8639bed42f22537e,185,92.50,4.30,1,6,4,0.020767,0.564907,Minotaur,minotaur(pow_w:0.50),1.67,375,58
87,1,0xc774b0fee7cabbef3b1ae14bf36db3df0d32c1df,5.173797,1772637931,1eb541f78095c4f46c7589fcf61d95f01a2e27e7ab153077ab7ada9555d4eecc,250,62.50,3.99,1,6,4,0.020826,0.565775,Minotaur,minotaur(pow_w:0.50),3.09,376,58
87,2,0x81d019380961f92c2031b0a7fba69f7675145088,0.486443,1772637933,36129a94c419701932903867ec72e7e39d218006652dee9ef3df68b48ca7cb86,142,71.00,3.96,1,5,4,0.020789,0.565132,Minotaur,minotaur(pow_w:0.50),1.58,377,58
87,3,0xa068e3c9a21c8d8be636cd2d285895979ec3262e,8.975171,1772637935,3d442feaa9e41d14b39784015691deab3a6686a0ad1da2f4f90d25ff33c51a26,182,91.00,3.56,1,5,4,0.020709,0.563300,Minotaur,minotaur(pow_w:0.50),1.41,378,58
87,4,0x89100a8056319ba37491b32ba255004180607bc2,12.798967,1772637937,9f6e8c9ee4a6b35c5b44f69cb4d035da837dceb0fba0edbab0d0b5085dd7df8f,189,63.00,4.29,1,6,4,0.020707,0.563409,Minotaur,minotaur(pow_w:0.50),2.44,379,58
88,0,0x1cb1274c711a6c2e4e1596846e6ac604eeefb358,9.417591,1772637939,450998440651e1d905074e966c52f98f73451c2a545554c4cdbbc6779f8ff4c4,229,114.50,3.80,1,6,4,0.020738,0.563996,Minotaur,minotaur(pow_w:0.50),2.38,380,58
88,1,0x4a217e35f6402e7f62a49f6d62e27c6585c2f3fd,11.501797,1772637941,31783781333b302930b74cb7c7988c5e9a1ce119d090111a39da39cccbdf06f0,242,121.00,3.50,1,5,4,0.020739,0.564146,Minotaur,minotaur(pow_w:0.50),1.93,381,58
88,2,0xa3786e459f289a76c0e8af8ad834e3d0c6d47199,11.734083,1772637943,54c957a121bebbaf5626dff270016d3a1d2031959f4c0076cd2904969f995c76,116,116.00,3.66,1,5,4,0.020758,0.564590,Minotaur,minotaur(pow_w:0.50),1.21,382,58
88,3,0x4414c05be2cf328f38d2e3ef4b705d6b894f044a,11.096629,1772637945,131224e1a76acf842bc3f331d072f41a661d4d5bd2e0353056493a20e33060f5,173,86.50,4.32,1,6,4,0.020779,0.565030,Minotaur,minotaur(pow_w:0.50),1.58,383,58
88,4,0xe6ebb0cdfd04183d498964e5efc4096ba77b17d6,13.304933,1772637947,34ecfb8b1d6f695aee332074d0e2eba7a5384d69e42e9c32c4fa56557f9e60f9,211,105.50,3.96,1,5,4,0.020793,0.565380,Minotaur,minotaur(pow_w:0.50),1.58,384,58
89,0,0x6064b9f5883bf9737dfe314ff68c56e09e68ac89,7.193449,1772637949,34ecfb8b1d6f695aee332074d0e2eba7a5384d69e42e9c32c4fa56557f9e60f9,211,105.50,3.96,1,5,4,0.020793,0.565382,Minotaur,minotaur(pow_w:0.50),1.58,384,59
89,1,0x13f9dadc05f6c237b03411e2aed1800cf21a5d89,2.273802,1772637951,ac6a8ec110db765176cbcc2b2460ba7b21c4d7d906000aac539f35eb0e728d8c,250,62.50,4.09,1,6,4,0.020774,0.565132,Minotaur,minotaur(pow_w:0.50),3.20,385,59
89,2,0xc24b36dee27726233c3bbd9e1f028f98b6b2a424,8.415399,1772637953,0621c4cf0d7ee80d085029b9bcafa7263ba431da3df90f02e963fcb3e9508eee,140,70.00,3.03,1,5,3,0.020711,0.563918,Minotaur,minotaur(pow_w:0.50),1.99,386,59
89,3,0xeb82a21cb3d0dd781eb22ad74bb7cd9b4d2a06ec,7.924765,1772637955,747da2b7beb949ac430c20a4d13832da77a056e5542e812e662910ea01f1809d,186,93.00,3.95,1,6,4,0.020703,0.563900,Minotaur,minotaur(pow_w:0.50),1.46,387,59
89,4,0x4a217e35f6402e7f62a49f6d62e27c6585c2f3fd,12.502797,1772637957,0b6949c76fc6d665a9ee3733cd7b74df5f440ad388592bab68b32c0677113089,194,64.67,4.13,1,6,4,0.020689,0.563776,Minotaur,minotaur(pow_w:0.50),2.34,388,59
90,0,0x58a21eeb7ab18ba8adf1296e66a4487076e95dac,14.104614,1772637959,1e50050fe026594dd7495f65eeeba760390ea07226cb47954759b32ad3d13e9c,195,97.50,3.51,1,5,4,0.020715,0.564288,Minotaur,minotaur(pow_w:0.50),2.10,389,59
90,1,0x0d91704595bff3aec25d40822498a51c62b05e3a,6.575286,1772637961,1e50050fe026594dd7495f65eeeba760390ea07226cb47954759b32ad3d13e9c,195,97.50,3.51,1,5,4,0.020716,0.564288,Minotaur,minotaur(pow_w:0.50),2.10,389,60
90,2,0x269cdf52f97e1d9f14b7be895155a7b294f0b21d,3.724073,1772637963,194574691d2ccd35f28eca74f5bb16b37ad9305c30c9e3854091c24fabbf7a27,250,83.33,3.26,1,5,3,0.020690,0.563927,Minotaur,minotaur(pow_w:0.50),2.78,390,60
90,3,0xd67aaaf210c0c36ddcb7055222d168b5c9dd1b36,2.184401,1772637965,c2193b566dcbd661ad58018f7ece1937d65b5feed3550ea9d99a0350b8b63401,181,90.50,4.01,2,6,4,0.020641,0.563013,Minotaur,minotaur(pow_w:0.50),1.65,391,60
90,4,0x30509a8084fdfe6fe24d9c9a817c209ad194f8e3,9.662509,1772637967,8d0b8fce95c7724ed1c87c8b50135eb567dc9051c004a87b5e9dd2188cda710c,197,98.50,3.98,1,5,4,0.020579,0.561757,Minotaur,minotaur(pow_w:0.50),1.47,392,60
91,0,0x60705151f1f537cacd5b801f3ef1b31dc3f605de,4.306104,1772637969,95b72a939137f8209b5c8d645d3a00abd387394ed9ef67aecb0c3b10af914325,198,99.00,3.42,1,5,4,0.020580,0.561915,Minotaur,minotaur(pow_w:0.50),1.48,393,60
91,1,0xa3786e459f289a76c0e8af8ad834e3d0c6d47199,12.735643,1772637971,450089f497201eec3efcda9863f93b33a915faae3c9d5ba58133130fd37a13d4,164,82.00,4.12,1,6,4,0.020537,0.561114,Minotaur,minotaur(pow_w:0.50),1.45,394,60
91,2,0x49b57eb4dace37c8819daf079c9c674f766d4f38,8.236260,1772637973,450089f497201eec3efcda9863f93b33a915faae3c9d5ba58133130fd37a13d4,164,82.00,4.12,1,6,4,0.020537,0.561116,Minotaur,minotaur(pow_w:0.50),1.45,394,61
91,3,0x4414c05be2cf328f38d2e3ef4b705d6b894f044a,12.098489,1772637975,f45420593f40794a5c89d699810acaf7a046389205b735bea1262d9591fb4941,250,62.50,4.16,1,6,4,0.020526,0.561020,Minotaur,minotaur(pow_w:0.50),3.18,395,61
91,4,0x687bf2437a044a3e42ff2f8a79a8e54ba9601f70,8.070419,1772637977,e43a00072c2157cd39054088d85f8c7becf610793791c742f05ad14390118d01,143,71.50,3.83,1,5,4,0.020547,0.561448,Minotaur,minotaur(pow_w:0.50),1.90,396,61
92,0,0x0d91704595bff3aec25d40822498a51c62b05e3a,7.577666,1772637980,e8240a98cacc5484942638ae58674a6168421dc7d0583ebaca9e16e88a4ca44c,228,76.00,3.77,1,5,4,0.020535,0.561285,Minotaur,minotaur(pow_w:0.50),2.14,397,61
92,1,0x606627477c3734932f47972f83c27cf4e3b35b4f,15.392827,1772637981,a8c2266e434a428c19940df588204673e68bd55c8c8fca773fdbd082d3c01c89,211,105.50,3.29,1,5,3,0.020518,0.561024,Minotaur,minotaur(pow_w:0.50),1.73,398,61
92,2,0xbc3f8508d26048f2064aa8c068f4c94d08d77d18,9.076309,1772637983,af878aa31bfb713fff2e605f960a997a5050e861df4f99c975c7b495a6e65e94,109,109.00,3.62,2,5,4,0.020566,0.561816,Minotaur,minotaur(pow_w:0.50),1.10,399,61
92,3,0xc24b36dee27726233c3bbd9e1f028f98b6b2a424,9.416919,1772637985,c223b43a30256f201b841042d5b8f3f092f269cad0e5fae5b673fcfa938ba314,184,92.00,4.34,1,6,4,0.020561,0.561839,Minotaur,minotaur(pow_w:0.50),1.52,400,61
92,4,0x9bdb1c7ad4bd8fe797b07c08117c74a591dbab2d,5.449922,1772637987,3fe30f009654115b7acc723c8408c8f911845829dbf05f8ca85d35060eb4baae,206,103.00,4.05,1,6,4,0.020560,0.561891,Minotaur,minotaur(pow_w:0.50),1.48,401,61
93,0,0xe478b1e4d1538274c0c70cbd7df877f9abab2f62,15.317146,1772637989,926aac8e2fa105bb21661f27a2eebfa459cc8b079b4976ad503b7a01bf87274d,215,107.50,3.73,1,5,4,0.020560,0.561894,Minotaur,minotaur(pow_w:0.50),1.50,402,61
93,1,0x6d6b2734a20229ddd7fd4a1470ba3e3bad4e4a85,10.651464,1772637991,f8ab6d716d5b51ce18a16c1b9ec025f9cb910a5b18d52c6628dc5fbc3d24d901,160,80.00,3.95,1,5,4,0.020606,0.562638,Minotaur,minotaur(pow_w:0.50),1.50,403,61
93,2,0x6d6b2734a20229ddd7fd4a1470ba3e3bad4e4a85,11.653584,1772637993,aa7143c08c4aa808494e1d2b9967d82c7234b388b3a3c6f5d9ed682f9b0c11bb,214,107.00,3.67,1,5,4,0.020613,0.562923,Minotaur,minotaur(pow_w:0.50),1.39,404,61
93,3,0x213068cb42718d1dd6d00a6d94d62a3def0e68eb,5.371679,1772637995,ac2ea23880493a18f208deec10e873242161bb1586043952a27117a761c8e454,202,101.00,3.68,1,5,4,0.020629,0.563251,Minotaur,minotaur(pow_w:0.50),1.36,405,61
93,4,0xa3786e459f289a76c0e8af8ad834e3d0c6d47199,12.735533,1772637997,6028b7e2da41ffe5680fa1d029fb75ff627dfaea6fdbcba59b42572951e19b90,222,74.00,3.55,1,5,3,0.020593,0.562651,Minotaur,minotaur(pow_w:0.50),2.14,406,61
94,0,0x9c39f7fffaa5c5cfab20dfdd05663497918580c1,5.428778,1772638000,6028b7e2da41ffe5680fa1d029fb75ff627dfaea6fdbcba59b42572951e19b90,222,74.00,3.55,1,5,3,0.020593,0.562653,Minotaur,minotaur(pow_w:0.50),2.14,406,62
94,1,0x786f26993bf015cd2da6fb5d3ccd1879e01246ab,2.285922,1772638001,3c688af28f304d0c739314d93b32910a223c3fc51c5315dbcae9ddabb830b185,250,62.50,4.41,1,6,4,0.020558,0.562028,Minotaur,minotaur(pow_w:0.50),3.72,407,62
94,2,0x49b57eb4dace37c8819daf079c9c674f766d4f38,9.238560,1772638003,fae54edaea0e08316022844049f885bd9891a997f7ae367137105f80d6a07dcc,150,150.00,4.07,1,6,4,0.020499,0.560799,Minotaur,minotaur(pow_w:0.50),2.03,408,62
94,3,0x719361397abe003a91af76243e5f9c7a0cd4279f,8.548896,1772638005,ce9393adc38d53e8fd84dd9c48cc2b58c3692e3e14b3468620eefd8d44d99f2f,202,101.00,4.07,1,6,4,0.020499,0.560801,Minotaur,minotaur(pow_w:0.50),1.61,409,62
94,4,0x6064b9f5883bf9737dfe314ff68c56e09e68ac89,8.195339,1772638007,ce9393adc38d53e8fd84dd9c48cc2b58c3692e3e14b3468620eefd8d44d99f2f,202,101.00,4.07,1,6,4,0.020495,0.560786,Minotaur,minotaur(pow_w:0.50),1.61,409,63
95,0,0x269cdf52f97e1d9f14b7be895155a7b294f0b21d,4.725273,1772638009,3c137ab162c348a192650e4d09521710314c0dd34d70bff3173470e294ececc5,250,62.50,3.82,1,5,4,0.020482,0.560594,Minotaur,minotaur(pow_w:0.50),3.08,410,63
95,1,0x07902d0371763a00d97ed9ba16ff0a206cb0fd19,6.530459,1772638011,8013b37c8f1947d67e6c31b7fc81f365928217f657a0cafcd31df4a9bd13010b,109,54.50,3.54,1,5,4,0.020442,0.559849,Minotaur,minotaur(pow_w:0.50),1.20,411,63
95,2,0xac768e60b9269babb15cb1e36ee843243d7c7543,16.736708,1772638013,9712aa142333c6b2df147db9905efd08ccc33454f05d5f45d370187ef4b0c524,204,102.00,2.78,1,4,3,0.020416,0.559467,Minotaur,minotaur(pow_w:0.50),1.40,412,63
95,3,0xe478b1e4d1538274c0c70cbd7df877f9abab2f62,16.318456,1772638015,f6194aeeaf85813ed67e169a1f94eca25d3f46335f367ec12c53e983f825616e,207,103.50,3.88,1,6,4,0.020471,0.560282,Minotaur,minotaur(pow_w:0.50),1.35,413,63
95,4,0x4a217e35f6402e7f62a49f6d62e27c6585c2f3fd,13.504077,1772638017,a47e089c3e2fb292e97c3f5757cf5795ac4c616794816f6571196e8f8227deb5,196,65.33,4.03,1,6,4,0.020521,0.561052,Minotaur,minotaur(pow_w:0.50),2.40,414,63
96,0,0x63f4973c0df8a5358405f396dc0673a463c48de9,13.914037,1772638020,f2b4434b5daea783a1a5066abb785f44cdb24885bb1a74cbfc8c76840def85c1,213,106.50,3.59,1,5,4,0.020549,0.561651,Minotaur,minotaur(pow_w:0.50),2.18,415,63
96,1,0xa9105f442328d397529b8e4e9e656fa89016ff45,1.464154,1772638021,5aea8143c779e4371f7a8db9cef107a91075f4f16ebba7f46bdb4d643d44f18d,233,116.50,3.58,1,5,4,0.020580,0.562269,Minotaur,minotaur(pow_w:0.50),1.84,416,63
96,2,0xeaa5003682d7289190651081ae2bee847097afc5,6.763495,1772638023,7f2621ee48e22e5fabbe5060efabe4481d2ab2c93ae843f10d6d30e81f2cf481,115,115.00,3.68,1,5,4,0.020514,0.560865,Minotaur,minotaur(pow_w:0.50),1.17,417,63
96,3,0xc774b0fee7cabbef3b1ae14bf36db3df0d32c1df,6.174237,1772638025,bc4d227d3c47eef0709b1bce60f3ed289f5120ea49a7e61d729cedee91810064,205,102.50,4.46,1,6,5,0.020490,0.560482,Minotaur,minotaur(pow_w:0.50),1.67,418,63
96,4,0x269cdf52f97e1d9f14b7be895155a7b294f0b21d,5.726193,1772638027,8a06d5ed1bd5ff5c5af91cb2771904e4f4b02fc24bf8686a6c1f9921125960d4,192,96.00,4.03,1,6,4,0.020461,0.559985,Minotaur,minotaur(pow_w:0.50),1.49,419,63
97,0,0x408bb0bf84df50b21c53c74420987f172d4036a1,0.789654,1772638029,9b33e07873235a6130ab5005dbd3d4ed1491070110d4ccdec1fafb023d6d2950,183,91.50,3.97,1,6,4,0.020428,0.559382,Minotaur,minotaur(pow_w:0.50),1.55,420,63
97,1,0xdcf2130496e27a8094ab996aea4aa77788d65869,12.513157,1772638031,6e051d43bad81589e5df7809e312f03bb07221c827eba467b834f9590aa15d07,196,98.00,3.47,1,5,4,0.020359,0.557789,Minotaur,minotaur(pow_w:0.50),1.49,421,63
97,2,0x26d553a2f4343b3a7dc88bbd87b3d0a25d3838d9,10.226370,1772638033,6e051d43bad81589e5df7809e312f03bb07221c827eba467b834f9590aa15d07,196,98.00,3.47,1,5,4,0.020359,0.557792,Minotaur,minotaur(pow_w:0.50),1.49,421,64
97,3,0xaadc5fea232580cb8fba739ac5d05a48559c7e52,15.373073,1772638035,6e051d43bad81589e5df7809e312f03bb07221c827eba467b834f9590aa15d07,196,98.00,3.47,1,5,4,0.020359,0.557794,Minotaur,minotaur(pow_w:0.50),1.49,421,65
97,4,0x606627477c3734932f47972f83c27cf4e3b35b4f,16.393387,1772638037,e475fa261c9398b7088668ef6fefa20f3addf6ace9884ae22b058ea503573e17,250,35.71,4.33,1,6,4,0.020400,0.558482,Minotaur,minotaur(pow_w:0.50),6.08,422,65
98,0,0xd39dbd3662315e3935ec08e6b6028e73b3c09de2,3.919380,1772638040,8d670b876abf2b70dcfde91d479abe73bc73a209318a733c98b16be2ca072817,176,88.00,3.57,1,5,4,0.020448,0.559209,Minotaur,minotaur(pow_w:0.50),2.43,423,65
98,1,0x269cdf52f97e1d9f14b7be895155a7b294f0b21d,6.727883,1772638041,cb054ba835af0e420463b9fd620e1202ac6e318dbe21ae6369612bd22f3ac06a,172,86.00,4.26,1,6,4,0.020402,0.558343,Minotaur,minotaur(pow_w:0.50),1.83,424,65
98,2,0xa068e3c9a21c8d8be636cd2d285895979ec3262e,9.975841,1772638043,c1035591666239c081272db83a42594d3827743dfa06f7785f755f43cc460ed5,155,155.00,3.68,2,5,4,0.020377,0.557911,Minotaur,minotaur(pow_w:0.50),1.37,425,65
98,3,0x687bf2437a044a3e42ff2f8a79a8e54ba9601f70,9.071989,1772638045,8a898f737b20db746f050b8025baa96bfa8c441e87ba03d6a659c6024bb0373a,197,98.50,4.42,1,6,5,0.020377,0.558045,Minotaur,minotaur(pow_w:0.50),1.57,426,65
98,4,0x606627477c3734932f47972f83c27cf4e3b35b4f,17.395047,1772638047,07e3bb4233e02d57d33a7d891a96c77bdce4c92f53223c5be9cd9d88df338cfd,180,90.00,3.77,1,5,4,0.020369,0.557969,Minotaur,minotaur(pow_w:0.50),1.49,427,65
99,0,0x07902d0371763a00d97ed9ba16ff0a206cb0fd19,7.532169,1772638049,8c17a27046e5064df947235f308fa6352cbd226bdb1b3afa6d9815abe75495fc,183,91.50,3.64,1,5,4,0.020423,0.558773,Minotaur,minotaur(pow_w:0.50),1.51,428,65
99,1,0xa447d277b02012c2afd9ddcbbe123f27cc971963,17.831465,1772638051,f368e034e957fc6e281f2e89c8e47f194b685eb9a8c1e8883e1e86322750ef88,172,86.00,2.74,1,4,3,0.020404,0.558460,Minotaur,minotaur(pow_w:0.50),1.42,429,65
99,2,0x30509a8084fdfe6fe24d9c9a817c209ad194f8e3,10.663589,1772638053,3126eb0f8548f8061589a71a22223e6a28c178a1f084ea56151cfd20ea274f8f,188,94.00,3.51,1,5,3,0.020460,0.559268,Minotaur,minotaur(pow_w:0.50),1.43,430,65
99,3,0xbc3f8508d26048f2064aa8c068f4c94d08d77d18,10.077869,1772638055,432cedeb1754f9ed07ac768f982a7f0ad5c47f82951b7ead6b01260070caf296,218,109.00,3.24,1,5,3,0.020464,0.559496,Minotaur,minotaur(pow_w:0.50),1.30,431,65
99,4,0x1796dc61e715f15a2d27dfa32bd34780f12a8c24,2.720591,1772638057,181ec53ee3b31c1967d30c5d25dc093c5bf1e2c622b456f423c1698a8a60e491,189,63.00,4.28,1,6,4,0.020463,0.559602,Minotaur,minotaur(pow_w:0.50),2.34,432,65
