epoch,slot,miner,proposer_stake,timestamp,block_hash,tx_count,throughput,avg_path_length,min_path_length,max_path_length,median_path_length,stake_concentration,gini_coefficient,consensus_type,consensus_state,avg_tx_delay_s,block_production_success,block_production_failed
0,1,0x30509a8084fdfe6fe24d9c9a817c209ad194f8e3,2.656839,1772633009,157a508e0caf7d286c11e977feb5438f0bca07bd4b690b72ec411d212dbaa593,1,0.00,1.00,1,1,1,0.036779,0.618206,Minotaur,minotaur(pow_w:0.50),0.00,0,0
0,2,0xb2a7fe70a6f3137d38f6cb4c3ec6dd1e24f2d5f4,1.423128,1772633011,3c636049912d088201245bfd1b905c1e8e20e32b7e45fa4c85cb13fa89f79a21,0,0.00,0.00,0,0,0,0.024542,0.602092,Minotaur,minotaur(pow_w:0.50),0.00,1,0
0,3,0x26d553a2f4343b3a7dc88bbd87b3d0a25d3838d9,3.219440,1772633013,1cde008003429b612aa13f516e4ba5c9516582f94468000114ca6db7ddaf7a3f,204,102.00,4.43,1,6,4,0.024434,0.602095,Minotaur,minotaur(pow_w:0.50),1.47,2,0
0,4,0xe478b1e4d1538274c0c70cbd7df877f9abab2f62,2.300306,1772633015,05a3176ebb79771c4a782f818ec130cfd51b5940e0b54986e8b59deff43b76b4,191,95.50,3.77,1,5,4,0.024664,0.604717,Minotaur,minotaur(pow_w:0.50),1.46,3,0
1,0,0x34412315480562da4810040fd15c81f99880e1ab,1.898283,1772633017,e78a1e8d70cf3952ca240145dd51775a1b3e4cb6de7c0159359f037f1430ed42,190,95.00,3.99,1,5,4,0.024710,0.606061,Minotaur,minotaur(pow_w:0.50),1.50,4,0
1,1,0x60705151f1f537cacd5b801f3ef1b31dc3f605de,0.305994,1772633019,e78a1e8d70cf3952ca240145dd51775a1b3e4cb6de7c0159359f037f1430ed42,190,95.00,3.99,1,5,4,0.024711,0.606071,Minotaur,minotaur(pow_w:0.50),1.50,4,1
1,2,0x719361397abe003a91af76243e5f9c7a0cd4279f,3.543916,1772633021,4163e9121bb0db26770fac70e0382a06fcc9430708582e68909b10f9448e9625,250,50.00,4.10,1,6,4,0.024389,0.602332,Minotaur,minotaur(pow_w:0.50),4.06,5,1
1,3,0xea287b266dbe2c2d402fd91814bcfc4c95d6b0fd,0.163814,1772633023,4163e9121bb0db26770fac70e0382a06fcc9430708582e68909b10f9448e9625,250,50.00,4.10,1,6,4,0.024389,0.602341,Minotaur,minotaur(pow_w:0.50),4.06,5,2
1,4,0x719361397abe003a91af76243e5f9c7a0cd4279f,3.543916,1772633025,91e9fc8b35540431e5d6d8b8693475ef83f40020a2beccf2b998221c6bb6676d,239,59.75,3.95,1,5,4,0.024049,0.597573,Minotaur,minotaur(pow_w:0.50),3.44,6,2
2,0,0x28672c71695142588ed26ada6f4b18b8b6c12308,0.692388,1772633027,91e9fc8b35540431e5d6d8b8693475ef83f40020a2beccf2b998221c6bb6676d,239,59.75,3.95,1,5,4,0.024050,0.597584,Minotaur,minotaur(pow_w:0.50),3.44,6,3
2,1,0x1cb1274c711a6c2e4e1596846e6ac604eeefb358,0.408101,1772633029,91e9fc8b35540431e5d6d8b8693475ef83f40020a2beccf2b998221c6bb6676d,239,59.75,3.95,1,5,4,0.024050,0.597593,Minotaur,minotaur(pow_w:0.50),3.44,6,4
2,2,0xdcf2130496e27a8094ab996aea4aa77788d65869,4.505597,1772633032,4593438345a21504ab1b87b1b232081cafddecb440cab33bb62e2ab161b22282,250,41.67,3.45,1,5,4,0.023761,0.594225,Minotaur,minotaur(pow_w:0.50),5.90,7,4
2,3,0x6064b9f5883bf9737dfe314ff68c56e09e68ac89,2.192509,1772633034,4593438345a21504ab1b87b1b232081cafddecb440cab33bb62e2ab161b22282,250,41.67,3.45,1,5,4,0.023762,0.594236,Minotaur,minotaur(pow_w:0.50),5.90,7,5
2,4,0x89100a8056319ba37491b32ba255004180607bc2,2.787367,1772633036,4593438345a21504ab1b87b1b232081cafddecb440cab33bb62e2ab161b22282,250,41.67,3.45,1,5,4,0.023762,0.594245,Minotaur,minotaur(pow_w:0.50),5.90,7,6
3,0,0x719361397abe003a91af76243e5f9c7a0cd4279f,3.543806,1772633038,4593438345a21504ab1b87b1b232081cafddecb440cab33bb62e2ab161b22282,250,41.67,3.45,1,5,4,0.023763,0.594255,Minotaur,minotaur(pow_w:0.50),5.90,7,7
3,1,0x63f4973c0df8a5358405f396dc0673a463c48de9,3.901107,1772633040,4593438345a21504ab1b87b1b232081cafddecb440cab33bb62e2ab161b22282,250,41.67,3.45,1,5,4,0.023763,0.594265,Minotaur,minotaur(pow_w:0.50),5.90,7,8
3,2,0x30509a8084fdfe6fe24d9c9a817c209ad194f8e3,3.656669,1772633042,4593438345a21504ab1b87b1b232081cafddecb440cab33bb62e2ab161b22282,250,41.67,3.45,1,5,4,0.023763,0.594275,Minotaur,minotaur(pow_w:0.50),5.90,7,9
3,3,0x63f4973c0df8a5358405f396dc0673a463c48de9,3.901107,1772633044,4593438345a21504ab1b87b1b232081cafddecb440cab33bb62e2ab161b22282,250,41.67,3.45,1,5,4,0.023764,0.594284,Minotaur,minotaur(pow_w:0.50),5.90,7,10
3,4,0x89100a8056319ba37491b32ba255004180607bc2,2.787367,1772633046,4593438345a21504ab1b87b1b232081cafddecb440cab33bb62e2ab161b22282,250,41.67,3.45,1,5,4,0.023764,0.594293,Minotaur,minotaur(pow_w:0.50),5.90,7,11
4,0,0x8d9e46becf415ca26aa698c9657087e6554aabda,0.388886,1772633048,4593438345a21504ab1b87b1b232081cafddecb440cab33bb62e2ab161b22282,250,41.67,3.45,1,5,4,0.023765,0.594304,Minotaur,minotaur(pow_w:0.50),5.90,7,12
4,1,0x6d6b2734a20229ddd7fd4a1470ba3e3bad4e4a85,1.643504,1772633050,4593438345a21504ab1b87b1b232081cafddecb440cab33bb62e2ab161b22282,250,41.67,3.45,1,5,4,0.023765,0.594313,Minotaur,minotaur(pow_w:0.50),5.90,7,13
4,2,0xa3786e459f289a76c0e8af8ad834e3d0c6d47199,4.727223,1772633052,208e53942a7e94b13f66331662608408f926fec133d1876c4c8c491ff8f254d1,250,12.50,3.77,1,5,4,0.023695,0.594602,Minotaur,minotaur(pow_w:0.50),19.10,8,13
4,3,0x719361397abe003a91af76243e5f9c7a0cd4279f,3.543806,1772633054,cb320a8cfe6d12af120532e4b2b56b3cefadf7e44f40251dc73cd62573068d76,109,54.50,5.03,1,7,5,0.024144,0.598244,Minotaur,minotaur(pow_w:0.50),3.54,9,13
4,4,0x58a21eeb7ab18ba8adf1296e66a4487076e95dac,4.093024,1772633056,cb320a8cfe6d12af120532e4b2b56b3cefadf7e44f40251dc73cd62573068d76,109,54.50,5.03,1,7,5,0.024144,0.598253,Minotaur,minotaur(pow_w:0.50),3.54,9,14
5,0,0x81d019380961f92c2031b0a7fba69f7675145088,0.494593,1772633058,cb320a8cfe6d12af120532e4b2b56b3cefadf7e44f40251dc73cd62573068d76,109,54.50,5.03,1,7,5,0.024144,0.598263,Minotaur,minotaur(pow_w:0.50),3.54,9,15
5,1,0xa3786e459f289a76c0e8af8ad834e3d0c6d47199,5.728273,1772633060,cb320a8cfe6d12af120532e4b2b56b3cefadf7e44f40251dc73cd62573068d76,109,54.50,5.03,1,7,5,0.024145,0.598273,Minotaur,minotaur(pow_w:0.50),3.54,9,16
5,2,0xac768e60b9269babb15cb1e36ee843243d7c7543,3.717978,1772633062,cb320a8cfe6d12af120532e4b2b56b3cefadf7e44f40251dc73cd62573068d76,109,54.50,5.03,1,7,5,0.024145,0.598284,Minotaur,minotaur(pow_w:0.50),3.54,9,17
5,3,0x1796dc61e715f15a2d27dfa32bd34780f12a8c24,1.724141,1772633064,b544dd19a31b14f40890735449be7f38248d948044264c989cc01859e82d02c2,250,25.00,4.29,1,8,4,0.024407,0.601242,Minotaur,minotaur(pow_w:0.50),8.60,10,17
5,4,0xd39dbd3662315e3935ec08e6b6028e73b3c09de2,0.923220,1772633066,b1952d314fee3757fbd7d5b0e99a81707f7e681d08cbe9dbb98f8404d137186d,196,98.00,3.35,1,5,3,0.024331,0.601426,Minotaur,minotaur(pow_w:0.50),10.89,11,17
6,0,0x81d019380961f92c2031b0a7fba69f7675145088,0.494463,1772633068,32e5ad16d291b0ba952d450f2590808af553794c510fb95ab188960db56aa747,198,99.00,4.98,1,8,5,0.024125,0.599898,Minotaur,minotaur(pow_w:0.50),12.80,12,17
6,1,0x719361397abe003a91af76243e5f9c7a0cd4279f,3.543776,1772633070,32e5ad16d291b0ba952d450f2590808af553794c510fb95ab188960db56aa747,198,99.00,4.98,1,8,5,0.024126,0.599908,Minotaur,minotaur(pow_w:0.50),12.80,12,18
6,2,0x687bf2437a044a3e42ff2f8a79a8e54ba9601f70,1.066499,1772633072,efcbbc51dadad5c64baa8da59c1911ce5735bf5569732f065d1bb1d7647c356d,155,38.75,4.91,1,8,5,0.024335,0.602417,Minotaur,minotaur(pow_w:0.50),2.26,13,18
6,3,0xa3786e459f289a76c0e8af8ad834e3d0c6d47199,5.728203,1772633074,bf54390700949d4f5c02bb0c0baeceb17ce5341193be07c788c00bd36964201f,250,125.00,4.13,1,6,4,0.024151,0.601121,Minotaur,minotaur(pow_w:0.50),4.36,14,18
6,4,0xaadc5fea232580cb8fba739ac5d05a48559c7e52,1.356103,1772633076,65690ba422fce447375173446a8dc8125a1895b0b7b8a2aeee233b55e049142a,130,65.00,4.52,1,6,5,0.024676,0.604516,Minotaur,minotaur(pow_w:0.50),1.91,15,18
7,0,0x63f4973c0df8a5358405f396dc0673a463c48de9,3.900887,1772633078,65690ba422fce447375173446a8dc8125a1895b0b7b8a2aeee233b55e049142a,130,65.00,4.52,1,6,5,0.024677,0.604525,Minotaur,minotaur(pow_w:0.50),1.91,15,19
7,1,0xaadc5fea232580cb8fba739ac5d05a48559c7e52,1.356083,1772633080,65690ba422fce447375173446a8dc8125a1895b0b7b8a2aeee233b55e049142a,130,65.00,4.52,1,6,5,0.024677,0.604534,Minotaur,minotaur(pow_w:0.50),1.91,15,20
7,2,0x4ba33404d90c4ae989714d9d174cd882cffb7994,1.118612,1772633082,65690ba422fce447375173446a8dc8125a1895b0b7b8a2aeee233b55e049142a,130,65.00,4.52,1,6,5,0.024678,0.604543,Minotaur,minotaur(pow_w:0.50),1.91,15,21
7,3,0x07902d0371763a00d97ed9ba16ff0a206cb0fd19,2.531649,1772633084,2d88c858899792abdf15c7e0ed6b1363f760cc8b22b9d38766b3aacf2c77fdf1,250,27.78,4.82,1,7,5,0.024495,0.603220,Minotaur,minotaur(pow_w:0.50),7.96,16,21
7,4,0x95ab54d268473cce82094026afefdbd5cadf418b,0.598818,1772633086,b26624d5251f74541b308dc085b2739695c16a2dbf746ec3989bb44343f362e4,208,208.00,2.75,1,4,3,0.024522,0.604472,Minotaur,minotaur(pow_w:0.50),4.01,17,21
8,0,0xcb7977f4997b4252c0152e135dd79b3cfe35c1a5,0.628243,1772633088,0af20f2190aa445527ac1f0d72a275c55e73219d51ab2035ef7794a4c9d96966,128,64.00,4.58,1,7,5,0.024266,0.601713,Minotaur,minotaur(pow_w:0.50),1.39,18,21
8,1,0xe6ebb0cdfd04183d498964e5efc4096ba77b17d6,4.294373,1772633090,be285d6968836b310413c5fe7d95076fd5cf20cff580b63b65162986a55f7791,133,44.33,4.41,1,6,5,0.024019,0.598933,Minotaur,minotaur(pow_w:0.50),2.48,19,21
8,2,0x49b57eb4dace37c8819daf079c9c674f766d4f38,1.231830,1772633092,be285d6968836b310413c5fe7d95076fd5cf20cff580b63b65162986a55f7791,133,44.33,4.41,1,6,5,0.024020,0.598940,Minotaur,minotaur(pow_w:0.50),2.48,19,22
8,3,0x687bf2437a044a3e42ff2f8a79a8e54ba9601f70,2.068679,1772633094,be285d6968836b310413c5fe7d95076fd5cf20cff580b63b65162986a55f7791,133,44.33,4.41,1,6,5,0.024020,0.598951,Minotaur,minotaur(pow_w:0.50),2.48,19,23
8,4,0xb2a7fe70a6f3137d38f6cb4c3ec6dd1e24f2d5f4,2.424878,1772633096,af45ab718054e6112e3857def788c9cfa38a0027c79e554d63e2e8f52240ec90,250,41.67,4.87,1,10,4,0.023979,0.599436,Minotaur,minotaur(pow_w:0.50),5.61,20,23
9,0,0x269cdf52f97e1d9f14b7be895155a7b294f0b21d,0.725793,1772633099,af45ab718054e6112e3857def788c9cfa38a0027c79e554d63e2e8f52240ec90,250,41.67,4.87,1,10,4,0.023979,0.599444,Minotaur,minotaur(pow_w:0.50),5.61,20,24
9,1,0xea287b266dbe2c2d402fd91814bcfc4c95d6b0fd,1.165394,1772633100,b155f9d00c7b9b3d21dc30797a2eaaf32121d648cfd92fd6e69addca32e1e3ff,203,50.75,5.07,1,10,5,0.023752,0.596863,Minotaur,minotaur(pow_w:0.50),3.69,21,24
9,2,0xc24b36dee27726233c3bbd9e1f028f98b6b2a424,2.412969,1772633102,75b80b675d02072d0b4b46c990c61b7dbe95404dd1a08a31d960e698891a8284,66,66.00,4.09,1,7,5,0.023588,0.595369,Minotaur,minotaur(pow_w:0.50),1.94,22,24
9,3,0x89100a8056319ba37491b32ba255004180607bc2,2.787117,1772633104,75b80b675d02072d0b4b46c990c61b7dbe95404dd1a08a31d960e698891a8284,66,66.00,4.09,1,7,5,0.023588,0.595378,Minotaur,minotaur(pow_w:0.50),1.94,22,25
9,4,0xdcf2130496e27a8094ab996aea4aa77788d65869,4.505157,1772633106,75b80b675d02072d0b4b46c990c61b7dbe95404dd1a08a31d960e698891a8284,66,66.00,4.09,1,7,5,0.023589,0.595387,Minotaur,minotaur(pow_w:0.50),1.94,22,26
10,0,0xdcf2130496e27a8094ab996aea4aa77788d65869,5.507657,1772633108,21025e174e60a8d8c6304b78f318b46f687a934bf3541afec2031a772608ad0d,250,41.67,3.97,1,6,4,0.023870,0.598407,Minotaur,minotaur(pow_w:0.50),5.42,23,26
10,1,0x30509a8084fdfe6fe24d9c9a817c209ad194f8e3,3.656239,1772633110,2e4cda4c470815128f284bdab4436e27724c8a6509ee57e0396fe94c43e7b5c5,171,85.50,3.89,1,6,4,0.024269,0.601418,Minotaur,minotaur(pow_w:0.50),3.12,24,26
10,2,0x606627477c3734932f47972f83c27cf4e3b35b4f,3.377417,1772633112,88f376937c4d01e3b18310bfb2a0bb1da6d236c37b4b540f0803a4a262f52ae5,136,68.00,3.65,2,5,4,0.024415,0.603616,Minotaur,minotaur(pow_w:0.50),1.82,25,26
10,3,0xd61b00c297972877b45f8d7f4d67fdaf20c67c59,0.335781,1772633114,88f376937c4d01e3b18310bfb2a0bb1da6d236c37b4b540f0803a4a262f52ae5,136,68.00,3.65,2,5,4,0.024416,0.603624,Minotaur,minotaur(pow_w:0.50),1.82,25,27
10,4,0xe6ebb0cdfd04183d498964e5efc4096ba77b17d6,4.294173,1772633116,198d171236f532d07113f2bf45a9f6595707ded76da6bd267b8ffd8a96aa4399,250,62.50,4.62,1,6,5,0.024135,0.599736,Minotaur,minotaur(pow_w:0.50),3.40,26,27
11,0,0xe6ebb0cdfd04183d498964e5efc4096ba77b17d6,5.295713,1772633118,49ec60dc7c30463939f0973204b45f4456040746d61c92bcab9914b75031978e,155,77.50,3.81,1,6,4,0.024352,0.602343,Minotaur,minotaur(pow_w:0.50),3.40,27,27
11,1,0x4414c05be2cf328f38d2e3ef4b705d6b894f044a,2.089309,1772633120,49ec60dc7c30463939f0973204b45f4456040746d61c92bcab9914b75031978e,155,77.50,3.81,1,6,4,0.024352,0.602351,Minotaur,minotaur(pow_w:0.50),3.40,27,28
11,2,0x213068cb42718d1dd6d00a6d94d62a3def0e68eb,0.370369,1772633122,25f4d9a0fe1560ef177eacda84f08e82b8b9ce1e231b73cd966dddfcf0853730,189,47.25,4.54,1,8,5,0.024290,0.602647,Minotaur,minotaur(pow_w:0.50),1.94,28,28
11,3,0x58a21eeb7ab18ba8adf1296e66a4487076e95dac,4.092784,1772633124,25f4d9a0fe1560ef177eacda84f08e82b8b9ce1e231b73cd966dddfcf0853730,189,47.25,4.54,1,8,5,0.024290,0.602656,Minotaur,minotaur(pow_w:0.50),1.94,28,29
11,4,0x58a21eeb7ab18ba8adf1296e66a4487076e95dac,4.092784,1772633126,25f4d9a0fe1560ef177eacda84f08e82b8b9ce1e231b73cd966dddfcf0853730,189,47.25,4.54,1,8,5,0.024291,0.602665,Minotaur,minotaur(pow_w:0.50),1.94,28,30
12,0,0xa3786e459f289a76c0e8af8ad834e3d0c6d47199,6.729263,1772633128,25f4d9a0fe1560ef177eacda84f08e82b8b9ce1e231b73cd966dddfcf0853730,189,47.25,4.54,1,8,5,0.024291,0.602675,Minotaur,minotaur(pow_w:0.50),1.94,28,31
12,1,0xbc3f8508d26048f2064aa8c068f4c94d08d77d18,3.067919,1772633130,25f4d9a0fe1560ef177eacda84f08e82b8b9ce1e231b73cd966dddfcf0853730,189,47.25,4.54,1,8,5,0.024291,0.602681,Minotaur,minotaur(pow_w:0.50),1.94,28,32
12,2,0x81d019380961f92c2031b0a7fba69f7675145088,0.494213,1772633132,b1e23734566fb234721ee143badfa02de0f9fb0a42d4246ef13c12e2c9b2f7bf,250,25.00,4.58,1,7,5,0.024346,0.604166,Minotaur,minotaur(pow_w:0.50),9.04,29,32
12,3,0x34412315480562da4810040fd15c81f99880e1ab,1.897623,1772633134,b1e23734566fb234721ee143badfa02de0f9fb0a42d4246ef13c12e2c9b2f7bf,250,25.00,4.58,1,7,5,0.024346,0.604173,Minotaur,minotaur(pow_w:0.50),9.04,29,33
12,4,0x34412315480562da4810040fd15c81f99880e1ab,1.897603,1772633136,b1e23734566fb234721ee143badfa02de0f9fb0a42d4246ef13c12e2c9b2f7bf,250,25.00,4.58,1,7,5,0.024346,0.604179,Minotaur,minotaur(pow_w:0.50),9.04,29,34
13,0,0x81d019380961f92c2031b0a7fba69f7675145088,0.494153,1772633138,b1e23734566fb234721ee143badfa02de0f9fb0a42d4246ef13c12e2c9b2f7bf,250,25.00,4.58,1,7,5,0.024347,0.604186,Minotaur,minotaur(pow_w:0.50),9.04,29,35
13,1,0xb2a7fe70a6f3137d38f6cb4c3ec6dd1e24f2d5f4,2.424538,1772633140,f88cc8f90aaa2d39040332815cfce45f5e6cc1bd7eaf2761c73b87a10ad36348,176,88.00,5.49,1,8,6,0.024347,0.604198,Minotaur,minotaur(pow_w:0.50),3.84,29,36
13,2,0x6414c6a8400ff3419cd81855d09de2848d770e0e,0.154886,1772633142,f88cc8f90aaa2d39040332815cfce45f5e6cc1bd7eaf2761c73b87a10ad36348,176,88.00,5.49,1,8,6,0.024348,0.604204,Minotaur,minotaur(pow_w:0.50),3.84,29,37
13,3,0xc774b0fee7cabbef3b1ae14bf36db3df0d32c1df,1.173267,1772633144,47afebed7b0734be5ddf147e4e0d1f23bb38a492a3fa1e4a71205c0a3bed7583,69,34.50,3.75,1,6,4,0.024348,0.604213,Minotaur,minotaur(pow_w:0.50),1.13,29,38
13,4,0x4414c05be2cf328f38d2e3ef4b705d6b894f044a,3.091139,1772633146,47afebed7b0734be5ddf147e4e0d1f23bb38a492a3fa1e4a71205c0a3bed7583,69,34.50,3.75,1,6,4,0.024348,0.604221,Minotaur,minotaur(pow_w:0.50),1.13,29,39
14,0,0x6064b9f5883bf9737dfe314ff68c56e09e68ac89,2.192219,1772633148,47afebed7b0734be5ddf147e4e0d1f23bb38a492a3fa1e4a71205c0a3bed7583,69,34.50,3.75,1,6,4,0.024349,0.604229,Minotaur,minotaur(pow_w:0.50),1.13,29,40
14,1,0x63f4973c0df8a5358405f396dc0673a463c48de9,3.900737,1772633150,7e3e79136fa6fe54cc59960f6fdc788672c9e7adfcff050eb4ca8e8cfd27359c,250,50.00,4.22,1,7,4,0.024349,0.604233,Minotaur,minotaur(pow_w:0.50),12.48,29,41
14,2,0x8d9e46becf415ca26aa698c9657087e6554aabda,0.388436,1772633152,af8c9579e658048c12b8c075f5aecf8b1bec4fe1221e98a623f8f53762f8cafd,250,41.67,4.54,1,7,5,0.024349,0.604240,Minotaur,minotaur(pow_w:0.50),6.97,29,42
14,3,0x016d3fc36beee7caa8fbd6c1caa42461dd7f9850,0.879049,1772633154,af8c9579e658048c12b8c075f5aecf8b1bec4fe1221e98a623f8f53762f8cafd,250,41.67,4.54,1,7,5,0.024350,0.604248,Minotaur,minotaur(pow_w:0.50),6.97,29,43
14,4,0x606627477c3734932f47972f83c27cf4e3b35b4f,3.377227,1772633156,ba63940e0b8a30730034516536be6a5203e4b1b0baa26ec8a25e4c6591739ab9,4,4.00,1.75,1,2,2,0.024350,0.604255,Minotaur,minotaur(pow_w:0.50),1.00,29,44
15,0,0x63f4973c0df8a5358405f396dc0673a463c48de9,3.900637,1772633158,7c2291ae78422c12406acb958143d2ce8e102577884911b3861d0ab688a44899,250,62.50,3.33,1,5,3,0.024350,0.604263,Minotaur,minotaur(pow_w:0.50),4.22,29,45
15,1,0x30509a8084fdfe6fe24d9c9a817c209ad194f8e3,4.657379,1772633160,7c2291ae78422c12406acb958143d2ce8e102577884911b3861d0ab688a44899,250,62.50,3.33,1,5,3,0.024351,0.604271,Minotaur,minotaur(pow_w:0.50),4.22,29,46
15,2,0x34412315480562da4810040fd15c81f99880e1ab,1.897403,1772633162,14b7256a75c52e9e4850fb64843237f2335e7cb7e897a890aef53b0f862d8495,107,53.50,4.09,1,6,4,0.024351,0.604279,Minotaur,minotaur(pow_w:0.50),2.51,29,47
15,3,0xac768e60b9269babb15cb1e36ee843243d7c7543,4.719858,1772633164,14b7256a75c52e9e4850fb64843237f2335e7cb7e897a890aef53b0f862d8495,107,53.50,4.09,1,6,4,0.024351,0.604288,Minotaur,minotaur(pow_w:0.50),2.51,29,48
15,4,0x1cb1274c711a6c2e4e1596846e6ac604eeefb358,1.409031,1772633166,50eca32ffefe5cacbd27b7b2fbe7b2541fb341267fc1a5462a2b3504402ef0b2,250,62.50,3.70,1,6,4,0.024352,0.604294,Minotaur,minotaur(pow_w:0.50),3.42,29,49
16,0,0x4ba33404d90c4ae989714d9d174cd882cffb7994,2.120262,1772633168,9331cd951dfeaa95c523c95339cc28b697a6f8aec87a5c98bb5fb458710ef7c2,250,62.50,4.06,1,6,4,0.024352,0.604303,Minotaur,minotaur(pow_w:0.50),3.14,29,50
16,1,0x34412315480562da4810040fd15c81f99880e1ab,1.897403,1772633170,f4de30432788022a2d40e0582af1ab130ea5be0b625cfedb8ea91ba54a71253e,180,90.00,3.51,1,5,4,0.024353,0.604311,Minotaur,minotaur(pow_w:0.50),1.96,29,51
16,2,0xd39dbd3662315e3935ec08e6b6028e73b3c09de2,1.924140,1772633172,f4de30432788022a2d40e0582af1ab130ea5be0b625cfedb8ea91ba54a71253e,180,90.00,3.51,1,5,4,0.024353,0.604318,Minotaur,minotaur(pow_w:0.50),1.96,29,52
16,3,0x7e40df5d801345015e84c843908efc6683665fa4,0.659319,1772633174,6f3dfe0a48118ed1ef0e6c93cfd6610d8bed398b839233ecc25deb659dbcb77e,122,61.00,4.49,1,7,5,0.024353,0.604327,Minotaur,minotaur(pow_w:0.50),1.66,29,53
16,4,0x60705151f1f537cacd5b801f3ef1b31dc3f605de,1.306804,1772633176,1872d4548c5844ed5aa42d178bc4d8ea0b8e4b13bf00413163e84200a08c8344,250,62.50,4.46,1,6,5,0.024354,0.604336,Minotaur,minotaur(pow_w:0.50),3.31,29,54
17,0,0xc4dc29db975b952e04358340e56b68fa4ba63fbc,0.543011,1772633178,648217b7d795cb2b3b89d697ba5d47dd2c93371f7798acb81322ebaf48b28649,94,47.00,4.14,1,6,4,0.024354,0.604344,Minotaur,minotaur(pow_w:0.50),1.89,29,55
17,1,0xc4dc29db975b952e04358340e56b68fa4ba63fbc,0.542971,1772633180,648217b7d795cb2b3b89d697ba5d47dd2c93371f7798acb81322ebaf48b28649,94,47.00,4.14,1,6,4,0.024355,0.604353,Minotaur,minotaur(pow_w:0.50),1.89,29,56
17,2,0xea287b266dbe2c2d402fd91814bcfc4c95d6b0fd,2.165184,1772633182,648217b7d795cb2b3b89d697ba5d47dd2c93371f7798acb81322ebaf48b28649,94,47.00,4.14,1,6,4,0.024355,0.604361,Minotaur,minotaur(pow_w:0.50),1.89,29,57
17,3,0xac768e60b9269babb15cb1e36ee843243d7c7543,4.719798,1772633184,24ed63aebd5a1fd3ba6f573a8a82cc5751c6e7d33930c1f2d9f2d54bdae476f0,148,74.00,4.60,1,6,5,0.024355,0.604372,Minotaur,minotaur(pow_w:0.50),1.59,29,58
17,4,0x1796dc61e715f15a2d27dfa32bd34780f12a8c24,2.725621,1772633186,24ed63aebd5a1fd3ba6f573a8a82cc5751c6e7d33930c1f2d9f2d54bdae476f0,148,74.00,4.60,1,6,5,0.024356,0.604381,Minotaur,minotaur(pow_w:0.50),1.59,29,59
18,0,0xf6e059718dbd0a0956726ab97d06bad5efc6cd18,1.015067,1772633188,52c17fc42f672b3766c15d1fb27053b8f5ec682cbfc384a92258abb3c9f9f617,250,35.71,4.06,1,6,4,0.024356,0.604390,Minotaur,minotaur(pow_w:0.50),5.57,29,60
18,1,0x6d6b2734a20229ddd7fd4a1470ba3e3bad4e4a85,2.645044,1772633190,3d5111470e37d7f9b154197ff2be1c002551e2fdd19661000927ca85d4c4b027,250,62.50,3.44,1,6,4,0.024357,0.604398,Minotaur,minotaur(pow_w:0.50),4.16,29,61
18,2,0x07902d0371763a00d97ed9ba16ff0a206cb0fd19,3.533069,1772633193,49d2feae4694cecfb95e26d5b910bcf90b737fe2482705812cfa0f39434ab318,111,55.50,3.54,1,5,4,0.024357,0.604403,Minotaur,minotaur(pow_w:0.50),2.52,29,62
18,3,0x719361397abe003a91af76243e5f9c7a0cd4279f,4.544596,1772633194,49d2feae4694cecfb95e26d5b910bcf90b737fe2482705812cfa0f39434ab318,111,55.50,3.54,1,5,4,0.024357,0.604406,Minotaur,minotaur(pow_w:0.50),2.52,29,63
18,4,0x07902d0371763a00d97ed9ba16ff0a206cb0fd19,3.533069,1772633196,49d2feae4694cecfb95e26d5b910bcf90b737fe2482705812cfa0f39434ab318,111,55.50,3.54,1,5,4,0.024358,0.604414,Minotaur,minotaur(pow_w:0.50),2.52,29,64
19,0,0x4414c05be2cf328f38d2e3ef4b705d6b894f044a,3.090839,1772633198,49d2feae4694cecfb95e26d5b910bcf90b737fe2482705812cfa0f39434ab318,111,55.50,3.54,1,5,4,0.024358,0.604421,Minotaur,minotaur(pow_w:0.50),2.52,29,65
19,1,0xac768e60b9269babb15cb1e36ee843243d7c7543,4.719738,1772633200,dfa340c726e593693a2169a57c7cc15b85ca788ce1d5743a00b434a790cb13e6,141,70.50,5.11,1,8,5,0.024358,0.604430,Minotaur,minotaur(pow_w:0.50),2.48,29,66
19,2,0xd1cd4b808ce6b2841ad42746b64c5a047e857ef0,0.238844,1772633202,dfa340c726e593693a2169a57c7cc15b85ca788ce1d5743a00b434a790cb13e6,141,70.50,5.11,1,8,5,0.024359,0.604438,Minotaur,minotaur(pow_w:0.50),2.48,29,67
19,3,0x8c11ec9090dd820c076e57e899d9c604c79d6b32,1.565559,1772633204,31ab76a3d1b0cd8bc83b23e72d8723144580f675464ca2ec6add17f3a595914a,0,0.00,0.00,0,0,0,0.024359,0.604445,Minotaur,minotaur(pow_w:0.50),0.00,29,68
19,4,0x28672c71695142588ed26ada6f4b18b8b6c12308,0.691608,1772633206,70dddda0334e7711a32ee6e20e016e269c59163a46a5b75d1d47cce0ab38c75e,250,62.50,4.16,1,6,4,0.024359,0.604454,Minotaur,minotaur(pow_w:0.50),10.52,29,69
20,0,0xe478b1e4d1538274c0c70cbd7df877f9abab2f62,3.300216,1772633208,70dddda0334e7711a32ee6e20e016e269c59163a46a5b75d1d47cce0ab38c75e,250,62.50,4.16,1,6,4,0.024360,0.604463,Minotaur,minotaur(pow_w:0.50),10.52,29,70
20,1,0x34412315480562da4810040fd15c81f99880e1ab,1.897043,1772633210,74463e08e92b890073edf196b693e7901b587bea8dc369b50d7b40cb745772f5,250,125.00,4.27,1,7,4,0.024360,0.604469,Minotaur,minotaur(pow_w:0.50),4.24,29,71
20,2,0x606627477c3734932f47972f83c27cf4e3b35b4f,3.377057,1772633212,cd280b58c654bbfa25d4a28345ac84d723b747adc39237a92ac835c9bffd529f,250,62.50,4.50,1,7,5,0.024361,0.604477,Minotaur,minotaur(pow_w:0.50),13.22,29,72
20,3,0x1cb1274c711a6c2e4e1596846e6ac604eeefb358,1.408401,1772633214,8e40364407d6a4d46b3c320cf084160d0446b98d54329a2566761f1bc0da0b06,207,103.50,4.16,1,6,4,0.024361,0.604485,Minotaur,minotaur(pow_w:0.50),2.48,29,73
20,4,0x4414c05be2cf328f38d2e3ef4b705d6b894f044a,3.090719,1772633216,098749609ffdada1e93c8df06fbddb0da30e293708f67bfa046d2853092b25c8,151,75.50,3.68,1,5,4,0.024361,0.604494,Minotaur,minotaur(pow_w:0.50),1.46,29,74
21,0,0xa3786e459f289a76c0e8af8ad834e3d0c6d47199,6.728463,1772633218,098749609ffdada1e93c8df06fbddb0da30e293708f67bfa046d2853092b25c8,151,75.50,3.68,1,5,4,0.024362,0.604502,Minotaur,minotaur(pow_w:0.50),1.46,29,75
21,1,0xa3786e459f289a76c0e8af8ad834e3d0c6d47199,6.728463,1772633220,098749609ffdada1e93c8df06fbddb0da30e293708f67bfa046d2853092b25c8,151,75.50,3.68,1,5,4,0.024362,0.604510,Minotaur,minotaur(pow_w:0.50),1.46,29,76
21,2,0x89100a8056319ba37491b32ba255004180607bc2,2.786387,1772633222,098749609ffdada1e93c8df06fbddb0da30e293708f67bfa046d2853092b25c8,151,75.50,3.68,1,5,4,0.024363,0.604522,Minotaur,minotaur(pow_w:0.50),1.46,29,77
21,3,0x719361397abe003a91af76243e5f9c7a0cd4279f,4.544416,1772633224,098749609ffdada1e93c8df06fbddb0da30e293708f67bfa046d2853092b25c8,151,75.50,3.68,1,5,4,0.024363,0.604531,Minotaur,minotaur(pow_w:0.50),1.46,29,78
21,4,0x1796dc61e715f15a2d27dfa32bd34780f12a8c24,2.725501,1772633226,098749609ffdada1e93c8df06fbddb0da30e293708f67bfa046d2853092b25c8,151,75.50,3.68,1,5,4,0.024364,0.604539,Minotaur,minotaur(pow_w:0.50),1.46,29,79
22,0,0xdcf2130496e27a8094ab996aea4aa77788d65869,6.509027,1772633228,9eaa7a3d6b2d46f933cb005d8fc947b68dce5e7061b2ad0860e83251eef86257,156,78.00,3.44,1,5,4,0.024364,0.604545,Minotaur,minotaur(pow_w:0.50),1.55,29,80
22,1,0xd46407aa7b668c72de3cf1c1a12b7fa2e308a1b2,1.989299,1772633231,3ba62f2fc10582d200a997810740343964c2e67dc77bada73486cacbd916e721,68,5.67,3.51,1,5,4,0.024364,0.604554,Minotaur,minotaur(pow_w:0.50),4.40,29,81
22,2,0xa3786e459f289a76c0e8af8ad834e3d0c6d47199,6.728423,1772633233,b391a674b520bdb7752867840851076673826d85674764b1afe3d013c3bc5313,0,0.00,0.00,0,0,0,0.024365,0.604563,Minotaur,minotaur(pow_w:0.50),0.00,29,82
22,3,0xdcf2130496e27a8094ab996aea4aa77788d65869,6.508977,1772633235,82c77462845faf61cb744d384b3b1ac94346b1f4e6bc6c5a8c7ab9568ae19c47,250,83.33,3.98,1,6,4,0.024365,0.604571,Minotaur,minotaur(pow_w:0.50),16.02,29,83
22,4,0xbc3f8508d26048f2064aa8c068f4c94d08d77d18,4.069799,1772633237,2d310392f19810d6cceb7243737874e4645e9fe020f2c7cf4128f1b80e18f739,118,59.00,4.41,1,6,5,0.024366,0.604580,Minotaur,minotaur(pow_w:0.50),2.51,29,84
23,0,0x26d553a2f4343b3a7dc88bbd87b3d0a25d3838d9,4.220120,1772633239,b07d8d820afd47b635e6c8bb9646446c1546ea59fa343597b025702e9ea9be77,180,90.00,3.93,1,6,4,0.024366,0.604589,Minotaur,minotaur(pow_w:0.50),2.35,29,85
23,1,0x8c11ec9090dd820c076e57e899d9c604c79d6b32,1.565409,1772633241,4e09dbdc5195f1199aabc2ca139558d0b86f08fd4e9c6c414e49ac3bba41fcb1,173,86.50,4.12,1,7,4,0.024366,0.604598,Minotaur,minotaur(pow_w:0.50),10.73,29,86
23,2,0xcb7977f4997b4252c0152e135dd79b3cfe35c1a5,1.627953,1772633243,4e09dbdc5195f1199aabc2ca139558d0b86f08fd4e9c6c414e49ac3bba41fcb1,173,86.50,4.12,1,7,4,0.024367,0.604607,Minotaur,minotaur(pow_w:0.50),10.73,29,87
23,3,0x34412315480562da4810040fd15c81f99880e1ab,1.896963,1772633245,aba16926865d0ccab02540e24bfb5f9e19489a699c07f1012991dfd0c82c6062,206,103.00,3.83,1,6,4,0.024367,0.604614,Minotaur,minotaur(pow_w:0.50),2.28,29,88
23,4,0xd39dbd3662315e3935ec08e6b6028e73b3c09de2,1.923390,1772633247,aba16926865d0ccab02540e24bfb5f9e19489a699c07f1012991dfd0c82c6062,206,103.00,3.83,1,6,4,0.024367,0.604622,Minotaur,minotaur(pow_w:0.50),2.28,29,89
24,0,0xea287b266dbe2c2d402fd91814bcfc4c95d6b0fd,2.164574,1772633249,24e7e9b332569d0fdeaf08f5e144cc15cc2b12b2a85bee06897b11fa1c52415c,250,62.50,4.54,1,7,5,0.024368,0.604630,Minotaur,minotaur(pow_w:0.50),4.14,29,90
24,1,0x63f4973c0df8a5358405f396dc0673a463c48de9,3.900307,1772633251,dce476e9e062a50b78b4a50d2074a8c77c663cd9ecd72f2c3b8e36c0b639ea8f,250,62.50,4.76,1,7,5,0.024368,0.604636,Minotaur,minotaur(pow_w:0.50),3.14,29,91
24,2,0x89100a8056319ba37491b32ba255004180607bc2,2.786297,1772633253,dce476e9e062a50b78b4a50d2074a8c77c663cd9ecd72f2c3b8e36c0b639ea8f,250,62.50,4.76,1,7,5,0.024368,0.604643,Minotaur,minotaur(pow_w:0.50),3.14,29,92
24,3,0x4ba33404d90c4ae989714d9d174cd882cffb7994,2.119162,1772633255,dce476e9e062a50b78b4a50d2074a8c77c663cd9ecd72f2c3b8e36c0b639ea8f,250,62.50,4.76,1,7,5,0.024369,0.604650,Minotaur,minotaur(pow_w:0.50),3.14,29,93
24,4,0x4414c05be2cf328f38d2e3ef4b705d6b894f044a,3.090399,1772633257,35d152266187a58b2cb6698eef2f6ca5683eb893f66815aa483277a3a11c9e84,135,67.50,4.03,1,6,4,0.024369,0.604658,Minotaur,minotaur(pow_w:0.50),1.74,29,94
25,0,0xe6ebb0cdfd04183d498964e5efc4096ba77b17d6,5.295063,1772633259,fdfe6976d70b5e8869f94c1d41994d9271a12d221b727100d65544abba235201,250,35.71,4.60,1,7,5,0.024370,0.604668,Minotaur,minotaur(pow_w:0.50),5.32,29,95
25,1,0xdcf2130496e27a8094ab996aea4aa77788d65869,6.508697,1772633261,fdfe6976d70b5e8869f94c1d41994d9271a12d221b727100d65544abba235201,250,35.71,4.60,1,7,5,0.024370,0.604676,Minotaur,minotaur(pow_w:0.50),5.32,29,96
25,2,0x719361397abe003a91af76243e5f9c7a0cd4279f,4.544066,1772633263,02e96ad3cc7c32c9f1ac87336eafd8d64ba21668d440e84d34efe70479d6c921,119,119.00,4.00,1,6,4,0.024370,0.604685,Minotaur,minotaur(pow_w:0.50),1.86,29,97
25,3,0x07902d0371763a00d97ed9ba16ff0a206cb0fd19,3.532679,1772633265,e073fe21a485c213dc1886f2c25b400f062da0bc701784336026058d2db674cc,246,49.20,4.03,1,6,4,0.024371,0.604688,Minotaur,minotaur(pow_w:0.50),3.51,29,98
25,4,0xa9105f442328d397529b8e4e9e656fa89016ff45,0.469044,1772633267,243b2342b68ed63591c4c7d0f22d08475411c6f0172e33688d73a6f0e7f2b183,97,97.00,2.78,2,5,3,0.024371,0.604696,Minotaur,minotaur(pow_w:0.50),1.81,29,99
26,0,0xa9105f442328d397529b8e4e9e656fa89016ff45,1.470594,1772633269,a8517a0f21da983ae2d67bab7564d8c20dabfdb185186920214a73c2fc67ecff,157,78.50,3.50,1,6,4,0.024112,0.601213,Minotaur,minotaur(pow_w:0.50),16.20,30,99
26,1,0x89100a8056319ba37491b32ba255004180607bc2,2.786297,1772633271,c0d97804789be5cfdcbe4a5b8173207cb6de09526be8e41ec59a03b55fb2c0ba,157,78.50,3.92,1,6,4,0.023975,0.600317,Minotaur,minotaur(pow_w:0.50),2.08,31,99
26,2,0x9ba702916c26a8583a7f277d6932b3c0d9927ce0,0.197397,1772633273,c0d97804789be5cfdcbe4a5b8173207cb6de09526be8e41ec59a03b55fb2c0ba,157,78.50,3.92,1,6,4,0.023976,0.600326,Minotaur,minotaur(pow_w:0.50),2.08,31,100
26,3,0x0d91704595bff3aec25d40822498a51c62b05e3a,0.568916,1772633275,c0d97804789be5cfdcbe4a5b8173207cb6de09526be8e41ec59a03b55fb2c0ba,157,78.50,3.92,1,6,4,0.023976,0.600333,Minotaur,minotaur(pow_w:0.50),2.08,31,101
26,4,0xe478b1e4d1538274c0c70cbd7df877f9abab2f62,3.299516,1772633277,c0d97804789be5cfdcbe4a5b8173207cb6de09526be8e41ec59a03b55fb2c0ba,157,78.50,3.92,1,6,4,0.023976,0.600342,Minotaur,minotaur(pow_w:0.50),2.08,31,102
27,0,0xeb82a21cb3d0dd781eb22ad74bb7cd9b4d2a06ec,2.923725,1772633279,0fb465edf9c34541d120c5660869b27ded08111a6dbba4e6e76a7a18f366a29e,160,80.00,3.59,1,6,4,0.023977,0.600351,Minotaur,minotaur(pow_w:0.50),2.62,31,103
27,1,0xea287b266dbe2c2d402fd91814bcfc4c95d6b0fd,2.164244,1772633281,0fb465edf9c34541d120c5660869b27ded08111a6dbba4e6e76a7a18f366a29e,160,80.00,3.59,1,6,4,0.023977,0.600358,Minotaur,minotaur(pow_w:0.50),2.62,31,104
27,2,0x8d9e46becf415ca26aa698c9657087e6554aabda,0.387886,1772633283,479e6fa2626a48ea041237b3b7fa15c50b86b6680a2777f00ff8b94991c571fa,92,46.00,5.09,1,8,5,0.023978,0.600365,Minotaur,minotaur(pow_w:0.50),1.85,31,105
27,3,0x60705151f1f537cacd5b801f3ef1b31dc3f605de,1.305694,1772633285,72f5fe1227ec3eafcd2298a44a031d7d0ebda24029756babce03781cb63b298d,250,62.50,4.34,1,7,4,0.023978,0.600374,Minotaur,minotaur(pow_w:0.50),3.28,31,106
27,4,0xa068e3c9a21c8d8be636cd2d285895979ec3262e,0.966121,1772633287,05de6d8ce9e944d6fc7b9364751417d7646a5ab25b576b4303b9d4135fe93b39,93,46.50,4.18,1,7,5,0.023978,0.600382,Minotaur,minotaur(pow_w:0.50),35.03,31,107
28,0,0x89100a8056319ba37491b32ba255004180607bc2,2.786297,1772633289,72b8c42521d08a1f36907b668f53f503c401652e2eb3509e345f6fa2a00e99a0,144,72.00,4.87,1,7,5,0.023979,0.600391,Minotaur,minotaur(pow_w:0.50),1.67,31,108
28,1,0xe478b1e4d1538274c0c70cbd7df877f9abab2f62,3.299336,1772633291,72b8c42521d08a1f36907b668f53f503c401652e2eb3509e345f6fa2a00e99a0,144,72.00,4.87,1,7,5,0.023979,0.600398,Minotaur,minotaur(pow_w:0.50),1.67,31,109
28,2,0x34412315480562da4810040fd15c81f99880e1ab,1.896693,1772633293,24a8384f769caa65194ad2921e395d8fcb6877c2d24de41df6954dab34025e7a,127,63.50,5.16,1,7,5,0.023979,0.600407,Minotaur,minotaur(pow_w:0.50),1.61,31,110
28,3,0xaadc5fea232580cb8fba739ac5d05a48559c7e52,1.354893,1772633296,24a8384f769caa65194ad2921e395d8fcb6877c2d24de41df6954dab34025e7a,127,63.50,5.16,1,7,5,0.023980,0.600414,Minotaur,minotaur(pow_w:0.50),1.61,31,111
28,4,0xaadc5fea232580cb8fba739ac5d05a48559c7e52,1.354893,1772633298,24a8384f769caa65194ad2921e395d8fcb6877c2d24de41df6954dab34025e7a,127,63.50,5.16,1,7,5,0.023980,0.600423,Minotaur,minotaur(pow_w:0.50),1.61,31,112
29,0,0x30509a8084fdfe6fe24d9c9a817c209ad194f8e3,4.656699,1772633300,24a8384f769caa65194ad2921e395d8fcb6877c2d24de41df6954dab34025e7a,127,63.50,5.16,1,7,5,0.023980,0.600429,Minotaur,minotaur(pow_w:0.50),1.61,31,113
29,1,0x30509a8084fdfe6fe24d9c9a817c209ad194f8e3,4.656699,1772633302,24a8384f769caa65194ad2921e395d8fcb6877c2d24de41df6954dab34025e7a,127,63.50,5.16,1,7,5,0.023981,0.600436,Minotaur,minotaur(pow_w:0.50),1.61,31,114
29,2,0x26d553a2f4343b3a7dc88bbd87b3d0a25d3838d9,4.219800,1772633304,24a8384f769caa65194ad2921e395d8fcb6877c2d24de41df6954dab34025e7a,127,63.50,5.16,1,7,5,0.023981,0.600445,Minotaur,minotaur(pow_w:0.50),1.61,31,115
29,3,0x786f26993bf015cd2da6fb5d3ccd1879e01246ab,0.288782,1772633306,24a8384f769caa65194ad2921e395d8fcb6877c2d24de41df6954dab34025e7a,127,63.50,5.16,1,7,5,0.023982,0.600454,Minotaur,minotaur(pow_w:0.50),1.61,31,116
29,4,0x606627477c3734932f47972f83c27cf4e3b35b4f,3.376727,1772633308,e59bf7e1c9b7690a2ab9ce0dfa29705c3bdf824475399f5de961315f390dc721,228,45.60,4.68,1,8,5,0.023982,0.600461,Minotaur,minotaur(pow_w:0.50),3.44,31,117
30,0,0x1cb1274c711a6c2e4e1596846e6ac604eeefb358,1.407311,1772633310,e59bf7e1c9b7690a2ab9ce0dfa29705c3bdf824475399f5de961315f390dc721,228,45.60,4.68,1,8,5,0.023982,0.600469,Minotaur,minotaur(pow_w:0.50),3.44,31,118
30,1,0x58a21eeb7ab18ba8adf1296e66a4487076e95dac,4.091614,1772633312,eb8b5482d47aac68ca78396e6b2fc1a1661c9048a0db8a48d839989a8df139a9,250,17.86,4.42,1,7,5,0.023983,0.600475,Minotaur,minotaur(pow_w:0.50),23.97,31,119
30,2,0x26d553a2f4343b3a7dc88bbd87b3d0a25d3838d9,4.219780,1772633314,eb8b5482d47aac68ca78396e6b2fc1a1661c9048a0db8a48d839989a8df139a9,250,17.86,4.42,1,7,5,0.023983,0.600483,Minotaur,minotaur(pow_w:0.50),23.97,31,120
30,3,0xd46407aa7b668c72de3cf1c1a12b7fa2e308a1b2,1.988509,1772633316,d12965345de22b2081accb3c65fb837774e62962ef8298a902db670c82960917,250,62.50,3.55,1,7,3,0.023983,0.600490,Minotaur,minotaur(pow_w:0.50),9.02,31,121
30,4,0xa068e3c9a21c8d8be636cd2d285895979ec3262e,0.965711,1772633318,a766ab27f9c7fb019a8ecd86040694c30fb555f7a5186a2c6eefb28276815966,200,50.00,4.04,1,6,4,0.023984,0.600497,Minotaur,minotaur(pow_w:0.50),2.12,31,122
31,0,0xdcf2130496e27a8094ab996aea4aa77788d65869,6.508337,1772633320,04b422abaa3f19ff9bbdcfd8901c9650c1156824d1a08ea9cc94c7868a409727,138,69.00,3.96,1,7,4,0.023984,0.600505,Minotaur,minotaur(pow_w:0.50),4.65,31,123
31,1,0xa3786e459f289a76c0e8af8ad834e3d0c6d47199,6.728033,1772633322,85cae545486dc54ecbcd533bc291964e2de79a6f78e591fd36c319d366bdc8dd,129,64.50,4.44,1,6,5,0.023984,0.600516,Minotaur,minotaur(pow_w:0.50),1.47,31,124
31,2,0xac768e60b9269babb15cb1e36ee843243d7c7543,4.719188,1772633324,32cc4dc7ba8e2e04e0ae512f02bb9e4f1074065518e6bcc07ab86937f41619e9,0,0.00,0.00,0,0,0,0.023985,0.600523,Minotaur,minotaur(pow_w:0.50),0.00,31,125
31,3,0xa3786e459f289a76c0e8af8ad834e3d0c6d47199,6.727983,1772633326,32cc4dc7ba8e2e04e0ae512f02bb9e4f1074065518e6bcc07ab86937f41619e9,0,0.00,0.00,0,0,0,0.023985,0.600533,Minotaur,minotaur(pow_w:0.50),0.00,31,126
31,4,0x6414c6a8400ff3419cd81855d09de2848d770e0e,0.152996,1772633328,d598e0794a4605cc685b137402ebb148dd8f51643e597c89670d86ba633da8c6,152,50.67,4.80,1,12,4,0.023985,0.600536,Minotaur,minotaur(pow_w:0.50),2.58,31,127
32,0,0xc24b36dee27726233c3bbd9e1f028f98b6b2a424,2.411669,1772633330,f09b1b51ae3e82539854ceae46d12566a709703ab7e0d8df3e5714735efaeccf,172,43.00,4.23,1,6,4,0.023986,0.600543,Minotaur,minotaur(pow_w:0.50),3.42,31,128
32,1,0x606627477c3734932f47972f83c27cf4e3b35b4f,3.376627,1772633332,f09b1b51ae3e82539854ceae46d12566a709703ab7e0d8df3e5714735efaeccf,172,43.00,4.23,1,6,4,0.023986,0.600551,Minotaur,minotaur(pow_w:0.50),3.42,31,129
32,2,0xd46407aa7b668c72de3cf1c1a12b7fa2e308a1b2,1.988359,1772633334,f09b1b51ae3e82539854ceae46d12566a709703ab7e0d8df3e5714735efaeccf,172,43.00,4.23,1,6,4,0.023986,0.600558,Minotaur,minotaur(pow_w:0.50),3.42,31,130
32,3,0x4a217e35f6402e7f62a49f6d62e27c6585c2f3fd,1.491577,1772633336,8380fb65eaed1d76ef3e3d1c7b5749f56d67c7f7a7138bd657b38c09f11160f8,151,151.00,4.19,1,6,4,0.023987,0.600566,Minotaur,minotaur(pow_w:0.50),8.38,31,131
32,4,0xbc3f8508d26048f2064aa8c068f4c94d08d77d18,4.069099,1772633338,8380fb65eaed1d76ef3e3d1c7b5749f56d67c7f7a7138bd657b38c09f11160f8,151,151.00,4.19,1,6,4,0.023987,0.600573,Minotaur,minotaur(pow_w:0.50),8.38,31,132
33,0,0x30509a8084fdfe6fe24d9c9a817c209ad194f8e3,4.656309,1772633340,8380fb65eaed1d76ef3e3d1c7b5749f56d67c7f7a7138bd657b38c09f11160f8,151,151.00,4.19,1,6,4,0.023987,0.600580,Minotaur,minotaur(pow_w:0.50),8.38,31,133
33,1,0x63f4973c0df8a5358405f396dc0673a463c48de9,3.899887,1772633342,cf2b2ac0728c3402073d5a0cdc7a3bb73db10daf25bbab61f02594d7d14c73ef,250,41.67,4.14,1,6,4,0.023988,0.600588,Minotaur,minotaur(pow_w:0.50),5.57,31,134
33,2,0xe6ebb0cdfd04183d498964e5efc4096ba77b17d6,5.294893,1772633344,cf2b2ac0728c3402073d5a0cdc7a3bb73db10daf25bbab61f02594d7d14c73ef,250,41.67,4.14,1,6,4,0.023988,0.600596,Minotaur,minotaur(pow_w:0.50),5.57,31,135
33,3,0xeb82a21cb3d0dd781eb22ad74bb7cd9b4d2a06ec,2.923475,1772633346,cf2b2ac0728c3402073d5a0cdc7a3bb73db10daf25bbab61f02594d7d14c73ef,250,41.67,4.14,1,6,4,0.023989,0.600603,Minotaur,minotaur(pow_w:0.50),5.57,31,136
33,4,0xc24b36dee27726233c3bbd9e1f028f98b6b2a424,2.411589,1772633348,5fda8a0b8bf23b4b29dc3dda8e9c72a42d7feb9bfe56af4238ccdc951788359b,250,41.67,3.42,1,5,4,0.023989,0.600611,Minotaur,minotaur(pow_w:0.50),6.04,31,137
34,0,0xc24b36dee27726233c3bbd9e1f028f98b6b2a424,2.411589,1772633350,5fda8a0b8bf23b4b29dc3dda8e9c72a42d7feb9bfe56af4238ccdc951788359b,250,41.67,3.42,1,5,4,0.023989,0.600624,Minotaur,minotaur(pow_w:0.50),6.04,31,138
34,1,0x30509a8084fdfe6fe24d9c9a817c209ad194f8e3,4.656239,1772633352,5fda8a0b8bf23b4b29dc3dda8e9c72a42d7feb9bfe56af4238ccdc951788359b,250,41.67,3.42,1,5,4,0.023990,0.600631,Minotaur,minotaur(pow_w:0.50),6.04,31,139
34,2,0xdcf2130496e27a8094ab996aea4aa77788d65869,6.508167,1772633355,5fda8a0b8bf23b4b29dc3dda8e9c72a42d7feb9bfe56af4238ccdc951788359b,250,41.67,3.42,1,5,4,0.023990,0.600640,Minotaur,minotaur(pow_w:0.50),6.04,31,140
34,3,0xe6ebb0cdfd04183d498964e5efc4096ba77b17d6,5.294893,1772633356,9c31ce08dd65b942504321408d3cc2b36763f2000bfde5337d02a9dafc7e2092,250,41.67,3.94,1,7,4,0.023990,0.600644,Minotaur,minotaur(pow_w:0.50),26.33,31,141
34,4,0xc24b36dee27726233c3bbd9e1f028f98b6b2a424,2.411589,1772633358,9c31ce08dd65b942504321408d3cc2b36763f2000bfde5337d02a9dafc7e2092,250,41.67,3.94,1,7,4,0.023991,0.600652,Minotaur,minotaur(pow_w:0.50),26.33,31,142
35,0,0xfdc414c57908f0e2a6a926079902d4688d553610,0.177262,1772633360,9c31ce08dd65b942504321408d3cc2b36763f2000bfde5337d02a9dafc7e2092,250,41.67,3.94,1,7,4,0.023991,0.600659,Minotaur,minotaur(pow_w:0.50),26.33,31,143
35,1,0x311eb133eb413ac3f21249889bb101e5d40820ce,0.133089,1772633362,ebd1334a4aae882cecfaa057d5a4ba96d28d06848880581402d54beb74920f0b,64,7.11,3.73,1,6,4,0.023991,0.600668,Minotaur,minotaur(pow_w:0.50),8.22,31,144
35,2,0x26d553a2f4343b3a7dc88bbd87b3d0a25d3838d9,4.219470,1772633364,fedb4069a926c9891cac88b0317385ed469f8a75ed4e946d028e5a4f90dd1d25,108,21.60,3.00,1,6,4,0.023992,0.600675,Minotaur,minotaur(pow_w:0.50),74.94,31,145
35,3,0xdcf2130496e27a8094ab996aea4aa77788d65869,6.508097,1772633366,fedb4069a926c9891cac88b0317385ed469f8a75ed4e946d028e5a4f90dd1d25,108,21.60,3.00,1,6,4,0.023992,0.600683,Minotaur,minotaur(pow_w:0.50),74.94,31,146
35,4,0xea287b266dbe2c2d402fd91814bcfc4c95d6b0fd,2.163384,1772633368,fedb4069a926c9891cac88b0317385ed469f8a75ed4e946d028e5a4f90dd1d25,108,21.60,3.00,1,6,4,0.023993,0.600690,Minotaur,minotaur(pow_w:0.50),74.94,31,147
36,0,0x719361397abe003a91af76243e5f9c7a0cd4279f,4.543526,1772633370,bcf784c42fbe736344f364420fbcc86486322e5db6ed0cd5729256c3930f5880,250,125.00,3.94,1,6,4,0.023993,0.600698,Minotaur,minotaur(pow_w:0.50),14.94,31,148
36,1,0x687bf2437a044a3e42ff2f8a79a8e54ba9601f70,3.070139,1772633372,3adc1af9410c4421b717ef17847ff0139324ab5b386ef34b50c08219f872e48b,250,41.67,4.19,1,7,4,0.023993,0.600707,Minotaur,minotaur(pow_w:0.50),7.11,31,149
36,2,0xc24b36dee27726233c3bbd9e1f028f98b6b2a424,2.411589,1772633374,3adc1af9410c4421b717ef17847ff0139324ab5b386ef34b50c08219f872e48b,250,41.67,4.19,1,7,4,0.023994,0.600715,Minotaur,minotaur(pow_w:0.50),7.11,31,150
36,3,0x016d3fc36beee7caa8fbd6c1caa42461dd7f9850,0.876809,1772633376,3adc1af9410c4421b717ef17847ff0139324ab5b386ef34b50c08219f872e48b,250,41.67,4.19,1,7,4,0.023994,0.600725,Minotaur,minotaur(pow_w:0.50),7.11,31,151
36,4,0xc24b36dee27726233c3bbd9e1f028f98b6b2a424,2.411589,1772633378,a398aa2dfec02dc2ef0353d7b1f12537427ec47c1663cb84cfb55e0f3cc70121,95,47.50,3.79,1,6,4,0.023995,0.600733,Minotaur,minotaur(pow_w:0.50),2.53,31,152
37,0,0xdcf2130496e27a8094ab996aea4aa77788d65869,6.508097,1772633381,a398aa2dfec02dc2ef0353d7b1f12537427ec47c1663cb84cfb55e0f3cc70121,95,47.50,3.79,1,6,4,0.023995,0.600742,Minotaur,minotaur(pow_w:0.50),2.53,31,153
37,1,0xc24b36dee27726233c3bbd9e1f028f98b6b2a424,2.411589,1772633382,a398aa2dfec02dc2ef0353d7b1f12537427ec47c1663cb84cfb55e0f3cc70121,95,47.50,3.79,1,6,4,0.023995,0.600746,Minotaur,minotaur(pow_w:0.50),2.53,31,154
37,2,0xac768e60b9269babb15cb1e36ee843243d7c7543,4.718908,1772633384,dc7d5323869f8a89719561ee909fb1656ce01770634318239a64e2549bdfcaf1,250,35.71,4.34,1,9,4,0.023995,0.600754,Minotaur,minotaur(pow_w:0.50),5.75,31,155
37,3,0x4414c05be2cf328f38d2e3ef4b705d6b894f044a,3.089549,1772633386,761938fd04e76f06385d44c647429d271bea113dab1af706840f1b7cf11914c8,81,16.20,5.47,1,9,6,0.023996,0.600762,Minotaur,minotaur(pow_w:0.50),6.56,31,156
37,4,0x9c39f7fffaa5c5cfab20dfdd05663497918580c1,0.424298,1772633388,761938fd04e76f06385d44c647429d271bea113dab1af706840f1b7cf11914c8,81,16.20,5.47,1,9,6,0.023996,0.600769,Minotaur,minotaur(pow_w:0.50),6.56,31,157
38,0,0xe6ebb0cdfd04183d498964e5efc4096ba77b17d6,5.294793,1772633390,b9855837731bb5d66d83f8c2aae736628b9c1294b3e356c88e3543e15546f43d,250,125.00,4.86,1,9,5,0.023997,0.600778,Minotaur,minotaur(pow_w:0.50),6.42,31,158
38,1,0xfb35fdafcfc84561a42700a4a1c274edeb75bdc1,0.058794,1772633392,b9855837731bb5d66d83f8c2aae736628b9c1294b3e356c88e3543e15546f43d,250,125.00,4.86,1,9,5,0.023997,0.600785,Minotaur,minotaur(pow_w:0.50),6.42,31,159
38,2,0x26d553a2f4343b3a7dc88bbd87b3d0a25d3838d9,4.219470,1772633394,64e8072f0656dbbb5847753a459f396f8b2c86526148377fee492a837fd6bf5b,250,62.50,3.33,1,6,4,0.023997,0.600794,Minotaur,minotaur(pow_w:0.50),58.62,31,160
38,3,0xc24b36dee27726233c3bbd9e1f028f98b6b2a424,2.411529,1772633396,7f363211c44bad89f9f78c8c471f8a10771d8b858c1dc83f443d959179fe36ee,250,62.50,4.39,2,6,4,0.023998,0.600801,Minotaur,minotaur(pow_w:0.50),4.21,31,161
38,4,0xac768e60b9269babb15cb1e36ee843243d7c7543,4.718688,1772633398,7f363211c44bad89f9f78c8c471f8a10771d8b858c1dc83f443d959179fe36ee,250,62.50,4.39,2,6,4,0.023998,0.600810,Minotaur,minotaur(pow_w:0.50),4.21,31,162
39,0,0xd61b00c297972877b45f8d7f4d67fdaf20c67c59,1.335071,1772633400,92342669832df1300bd95051a8590e5c82f5518613aa8ba1420f31f8751e2b76,147,73.50,3.74,2,6,4,0.023998,0.600816,Minotaur,minotaur(pow_w:0.50),2.12,31,163
39,1,0xa447d277b02012c2afd9ddcbbe123f27cc971963,1.807615,1772633402,69597bd7063b58d9ed810df878aca20c4a12f2b9677b1de5854250a4d128b009,131,65.50,4.50,1,6,5,0.023999,0.600826,Minotaur,minotaur(pow_w:0.50),1.81,31,164
39,2,0xac768e60b9269babb15cb1e36ee843243d7c7543,4.718668,1772633404,69597bd7063b58d9ed810df878aca20c4a12f2b9677b1de5854250a4d128b009,131,65.50,4.50,1,6,5,0.023999,0.600833,Minotaur,minotaur(pow_w:0.50),1.81,31,165
39,3,0x58a21eeb7ab18ba8adf1296e66a4487076e95dac,4.091424,1772633407,1e6be8c70fb72f4113f862c935ba79ae7765e626123ece5f88c4f81ae785425d,250,50.00,4.13,1,6,4,0.024239,0.603409,Minotaur,minotaur(pow_w:0.50),3.54,32,165
39,4,0x719361397abe003a91af76243e5f9c7a0cd4279f,4.543326,1772633408,b54174e7f40badcb9ed6fdc66e9e4976d61c6c23648ad3bc329f3dcf1d040204,83,41.50,4.16,2,6,4,0.024396,0.605552,Minotaur,minotaur(pow_w:0.50),2.45,33,165
40,0,0xeaa5003682d7289190651081ae2bee847097afc5,0.759415,1772633410,b54174e7f40badcb9ed6fdc66e9e4976d61c6c23648ad3bc329f3dcf1d040204,83,41.50,4.16,2,6,4,0.024396,0.605560,Minotaur,minotaur(pow_w:0.50),2.45,33,166
40,1,0xa9105f442328d397529b8e4e9e656fa89016ff45,2.470774,1772633412,b54174e7f40badcb9ed6fdc66e9e4976d61c6c23648ad3bc329f3dcf1d040204,83,41.50,4.16,2,6,4,0.024397,0.605568,Minotaur,minotaur(pow_w:0.50),2.45,33,167
40,2,0xc24b36dee27726233c3bbd9e1f028f98b6b2a424,2.411479,1772633414,47d6c31651a854122c47ac1d8c6b28137a06f26d34939b77d98c4f5a3e1492b8,250,50.00,3.54,1,5,4,0.024366,0.606188,Minotaur,minotaur(pow_w:0.50),15.00,34,167
40,3,0x34412315480562da4810040fd15c81f99880e1ab,1.895613,1772633416,47d6c31651a854122c47ac1d8c6b28137a06f26d34939b77d98c4f5a3e1492b8,250,50.00,3.54,1,5,4,0.024366,0.606196,Minotaur,minotaur(pow_w:0.50),15.00,34,168
40,4,0xac768e60b9269babb15cb1e36ee843243d7c7543,5.721118,1772633418,11f10bd3e81b35f0b8fae14d94d9962057bfe1e946f6d441f4775e86e8b2eaac,250,62.50,4.49,1,7,5,0.024367,0.606202,Minotaur,minotaur(pow_w:0.50),4.60,35,168
41,0,0xc4dc29db975b952e04358340e56b68fa4ba63fbc,0.540491,1772633420,11f10bd3e81b35f0b8fae14d94d9962057bfe1e946f6d441f4775e86e8b2eaac,250,62.50,4.49,1,7,5,0.024367,0.606209,Minotaur,minotaur(pow_w:0.50),4.60,35,169
41,1,0x269cdf52f97e1d9f14b7be895155a7b294f0b21d,1.724503,1772633422,11f10bd3e81b35f0b8fae14d94d9962057bfe1e946f6d441f4775e86e8b2eaac,250,62.50,4.49,1,7,5,0.024367,0.606217,Minotaur,minotaur(pow_w:0.50),4.60,35,170
41,2,0x26d553a2f4343b3a7dc88bbd87b3d0a25d3838d9,4.219310,1772633424,d851bcc660243758101d5d67c6a4f6947ca8bfa8ba4491c67cc45082dd09ef72,250,35.71,4.30,1,7,4,0.024252,0.605616,Minotaur,minotaur(pow_w:0.50),6.38,36,170
41,3,0xea287b266dbe2c2d402fd91814bcfc4c95d6b0fd,2.162764,1772633426,fa9cd0a721b3af95beb6379cb0f3f4453215db662678422eeeb66b8c39dece0b,140,70.00,4.05,1,8,4,0.024409,0.607628,Minotaur,minotaur(pow_w:0.50),3.07,37,170
41,4,0x63f4973c0df8a5358405f396dc0673a463c48de9,3.899317,1772633429,6ce9ded90a26ecd1175a5953801c474cdb9634bf2a85cbaaab0d6ece9d50ec7b,170,85.00,4.15,1,6,4,0.024339,0.607602,Minotaur,minotaur(pow_w:0.50),2.44,38,170
42,0,0x63f4973c0df8a5358405f396dc0673a463c48de9,3.899317,1772633430,6ce9ded90a26ecd1175a5953801c474cdb9634bf2a85cbaaab0d6ece9d50ec7b,170,85.00,4.15,1,6,4,0.024339,0.607607,Minotaur,minotaur(pow_w:0.50),2.44,38,171
42,1,0xa9105f442328d397529b8e4e9e656fa89016ff45,3.473034,1772633432,6ce9ded90a26ecd1175a5953801c474cdb9634bf2a85cbaaab0d6ece9d50ec7b,170,85.00,4.15,1,6,4,0.024339,0.607618,Minotaur,minotaur(pow_w:0.50),2.44,38,172
42,2,0x30509a8084fdfe6fe24d9c9a817c209ad194f8e3,4.655939,1772633434,6aec49f0151989c14a12b4e128166969185050ef8d8fe8d1444ed6f7d22a0d41,250,50.00,3.80,1,6,4,0.024407,0.609089,Minotaur,minotaur(pow_w:0.50),4.85,39,172
42,3,0xeb82a21cb3d0dd781eb22ad74bb7cd9b4d2a06ec,2.923105,1772633436,6aec49f0151989c14a12b4e128166969185050ef8d8fe8d1444ed6f7d22a0d41,250,50.00,3.80,1,6,4,0.024407,0.609096,Minotaur,minotaur(pow_w:0.50),4.85,39,173
42,4,0xa3786e459f289a76c0e8af8ad834e3d0c6d47199,6.727703,1772633438,692f68ddf5770237ee28eafff349c879a1aba176031d5d4c9eee49682bd71de3,250,62.50,3.96,1,6,4,0.024413,0.609984,Minotaur,minotaur(pow_w:0.50),5.90,40,173
43,0,0x4414c05be2cf328f38d2e3ef4b705d6b894f044a,3.089169,1772633440,6eb459d8988201ee62645c9aaa6aeaa8b52680c66c3d69887bc2174918f18124,174,87.00,4.36,1,6,4,0.024806,0.612715,Minotaur,minotaur(pow_w:0.50),2.18,41,173
43,1,0x311eb133eb413ac3f21249889bb101e5d40820ce,0.132889,1772633442,6eb459d8988201ee62645c9aaa6aeaa8b52680c66c3d69887bc2174918f18124,174,87.00,4.36,1,6,4,0.024806,0.612722,Minotaur,minotaur(pow_w:0.50),2.18,41,174
43,2,0xac768e60b9269babb15cb1e36ee843243d7c7543,5.720888,1772633444,6eb459d8988201ee62645c9aaa6aeaa8b52680c66c3d69887bc2174918f18124,174,87.00,4.36,1,6,4,0.024807,0.612729,Minotaur,minotaur(pow_w:0.50),2.18,41,175
43,3,0xe6ebb0cdfd04183d498964e5efc4096ba77b17d6,5.294703,1772633446,617ea6714e0ef67175277caf865442f0477064423818fb281a85a38948863cd8,250,35.71,4.03,1,6,4,0.025085,0.615174,Minotaur,minotaur(pow_w:0.50),5.86,42,175
43,4,0x49b57eb4dace37c8819daf079c9c674f766d4f38,1.229790,1772633448,617ea6714e0ef67175277caf865442f0477064423818fb281a85a38948863cd8,250,35.71,4.03,1,6,4,0.025085,0.615181,Minotaur,minotaur(pow_w:0.50),5.86,42,176
44,0,0xa3786e459f289a76c0e8af8ad834e3d0c6d47199,7.729403,1772633451,617ea6714e0ef67175277caf865442f0477064423818fb281a85a38948863cd8,250,35.71,4.03,1,6,4,0.025085,0.615188,Minotaur,minotaur(pow_w:0.50),5.86,42,177
44,1,0xe6ebb0cdfd04183d498964e5efc4096ba77b17d6,5.294693,1772633452,9c536761239460028f5df422cc8f070176cb297492fce873f73d1e8f87d5a9c1,0,0.00,0.00,0,0,0,0.025552,0.617837,Minotaur,minotaur(pow_w:0.50),0.00,43,177
44,2,0x30405867b72597aaeb27803bb2c7f3f5fc7d5384,0.514864,1772633454,23b8e5dc9d5abf93c3a8fa01fcca11108eb7e138170206e18f9861d74de955e0,7,7.00,1.43,1,3,1,0.025764,0.620030,Minotaur,minotaur(pow_w:0.50),33.43,44,177
44,3,0x37cc7a82e66d4f4c2ae13b9ee895d3af1a1d7a05,0.262875,1772633456,875e7b95b73b89a613c3479d388409b9699cd08e4891a47772638f1455167b14,250,125.00,3.54,1,5,4,0.025505,0.616761,Minotaur,minotaur(pow_w:0.50),8.77,45,177
44,4,0xc577329e86aaecb006f17fb90499c54671119935,0.318652,1772633458,a5f7fa4de3d6e68a900faed1c56a2629e714067a2678d96dd590075667792da7,160,80.00,3.98,2,7,4,0.025227,0.612721,Minotaur,minotaur(pow_w:0.50),2.34,46,177
45,0,0xea287b266dbe2c2d402fd91814bcfc4c95d6b0fd,3.164014,1772633460,a5f7fa4de3d6e68a900faed1c56a2629e714067a2678d96dd590075667792da7,160,80.00,3.98,2,7,4,0.025227,0.612730,Minotaur,minotaur(pow_w:0.50),2.34,46,178
45,1,0xac768e60b9269babb15cb1e36ee843243d7c7543,6.723258,1772633462,8900ba8dcd1e79fc53da741d8823290447e428447164249276852a253440352d,250,62.50,4.32,1,7,4,0.025107,0.613100,Minotaur,minotaur(pow_w:0.50),4.57,47,178
45,2,0x34412315480562da4810040fd15c81f99880e1ab,2.898073,1772633464,a56a841f0a7d15162c35440902be4877b010d09287cf497a56eb996aed747fc2,71,35.50,4.28,1,6,5,0.025431,0.615524,Minotaur,minotaur(pow_w:0.50),1.11,48,178
45,3,0x89100a8056319ba37491b32ba255004180607bc2,2.785007,1772633466,c76d2ce23f940b5d3477d2a14a21d66d37b5b93a3e231d184d0dba8b360d842b,95,47.50,5.43,1,9,6,0.025398,0.616050,Minotaur,minotaur(pow_w:0.50),1.69,49,178
45,4,0xc24b36dee27726233c3bbd9e1f028f98b6b2a424,2.411399,1772633468,c76d2ce23f940b5d3477d2a14a21d66d37b5b93a3e231d184d0dba8b360d842b,95,47.50,5.43,1,9,6,0.025398,0.616061,Minotaur,minotaur(pow_w:0.50),1.69,49,179
46,0,0xaadc5fea232580cb8fba739ac5d05a48559c7e52,1.354353,1772633471,c76d2ce23f940b5d3477d2a14a21d66d37b5b93a3e231d184d0dba8b360d842b,95,47.50,5.43,1,9,6,0.025399,0.616068,Minotaur,minotaur(pow_w:0.50),1.69,49,180
46,1,0xd39dbd3662315e3935ec08e6b6028e73b3c09de2,1.921120,1772633472,c76d2ce23f940b5d3477d2a14a21d66d37b5b93a3e231d184d0dba8b360d842b,95,47.50,5.43,1,9,6,0.025399,0.616071,Minotaur,minotaur(pow_w:0.50),1.69,49,181
46,2,0x719361397abe003a91af76243e5f9c7a0cd4279f,4.543326,1772633474,dd2af237a1e8fae31ab09f6719f2fd83a7098bae26ad39c8406717762254ff0c,250,31.25,4.44,1,6,5,0.025277,0.615406,Minotaur,minotaur(pow_w:0.50),8.39,50,181
46,3,0x26d553a2f4343b3a7dc88bbd87b3d0a25d3838d9,5.220340,1772633476,dd2af237a1e8fae31ab09f6719f2fd83a7098bae26ad39c8406717762254ff0c,250,31.25,4.44,1,6,5,0.025277,0.615414,Minotaur,minotaur(pow_w:0.50),8.39,50,182
46,4,0x269cdf52f97e1d9f14b7be895155a7b294f0b21d,2.726513,1772633478,dd04e96fc1b941eb1cff37954c2359c044d34cd0c0e46a816e518205ce84ee75,250,62.50,4.13,1,8,4,0.025447,0.617379,Minotaur,minotaur(pow_w:0.50),4.09,51,182
47,0,0x26d553a2f4343b3a7dc88bbd87b3d0a25d3838d9,6.222810,1772633480,7881ef174f209ba0528dd92e9e527aff381b510f9d368465c7dc2d5c8eaebca6,146,73.00,4.13,1,7,4,0.025394,0.617603,Minotaur,minotaur(pow_w:0.50),2.16,52,182
47,1,0x89100a8056319ba37491b32ba255004180607bc2,2.784997,1772633482,1d4a8454087614709c2a571ec2d9e0015ac5799af42c07bd9d4d8aa5af9e00e2,142,71.00,4.18,1,8,4,0.025639,0.619743,Minotaur,minotaur(pow_w:0.50),1.82,53,182
47,2,0xa3786e459f289a76c0e8af8ad834e3d0c6d47199,8.729013,1772633484,74cd16ef70309347af19a12099668d499dc3e9f8127e944c329b2bcb31d2e423,136,68.00,4.15,1,8,4,0.025585,0.619880,Minotaur,minotaur(pow_w:0.50),1.67,54,182
47,3,0x63f4973c0df8a5358405f396dc0673a463c48de9,3.899027,1772633486,727292c23fb746b621778a2ac86f69a9b6211da844b544937327c2c2330c4aa2,126,63.00,5.03,1,8,5,0.025585,0.619887,Minotaur,minotaur(pow_w:0.50),1.68,55,182
47,4,0xd46407aa7b668c72de3cf1c1a12b7fa2e308a1b2,1.986859,1772633488,2227c36e2b9e2da1c02c8842a7e818307758e2ee6c5342749b7dbf06f4aa50a3,158,79.00,5.08,1,8,5,0.025586,0.619895,Minotaur,minotaur(pow_w:0.50),1.79,56,182
48,0,0x89100a8056319ba37491b32ba255004180607bc2,3.786237,1772633490,ba2fe2ec596ffde92b120254900053683b05011ca49558b451b371a7c35451cb,147,73.50,4.24,1,8,4,0.025464,0.619128,Minotaur,minotaur(pow_w:0.50),1.55,57,182
48,1,0xa3786e459f289a76c0e8af8ad834e3d0c6d47199,8.728933,1772633493,ba2fe2ec596ffde92b120254900053683b05011ca49558b451b371a7c35451cb,147,73.50,4.24,1,8,4,0.025465,0.619134,Minotaur,minotaur(pow_w:0.50),1.55,57,183
48,2,0xdcf2130496e27a8094ab996aea4aa77788d65869,6.507717,1772633494,7a2edd8e2c7f4155e3eef3277a6ba884c126553d163495487a778e73689404c7,250,50.00,4.90,1,8,5,0.025901,0.621525,Minotaur,minotaur(pow_w:0.50),3.79,58,183
48,3,0xf13caa2c5f6f6cf61e51290bfa7826a9140b4faf,0.042094,1772633496,7a2edd8e2c7f4155e3eef3277a6ba884c126553d163495487a778e73689404c7,250,50.00,4.90,1,8,5,0.025901,0.621531,Minotaur,minotaur(pow_w:0.50),3.79,58,184
48,4,0xe478b1e4d1538274c0c70cbd7df877f9abab2f62,3.297326,1772633498,5b649e3bcb57b55db6ea0eb81e0619979bb5cf79e4adc0cf95ea169b8a86ed49,197,65.67,4.07,1,6,4,0.025616,0.616749,Minotaur,minotaur(pow_w:0.50),2.65,59,184
49,0,0x49b57eb4dace37c8819daf079c9c674f766d4f38,1.229560,1772633500,8338aa18142e119e0d15c6ec91e151cce52aacabc1c031949336b9147a8206b3,151,75.50,4.19,1,6,4,0.025598,0.617386,Minotaur,minotaur(pow_w:0.50),3.21,60,184
49,1,0x4ba33404d90c4ae989714d9d174cd882cffb7994,2.116592,1772633502,6b98c254ed6447f753694dc65ebba2b73c2cce6ff60e8c6c70f6345c05672c94,175,87.50,3.72,1,6,4,0.025413,0.615750,Minotaur,minotaur(pow_w:0.50),1.93,61,184
49,2,0x89100a8056319ba37491b32ba255004180607bc2,3.786227,1772633504,6bcfc6e8a0773286c603dc874c23cdc90b83d7a5b075828d042e257574745c75,99,49.50,4.69,1,8,5,0.025301,0.615028,Minotaur,minotaur(pow_w:0.50),1.74,62,184
49,3,0x63f4973c0df8a5358405f396dc0673a463c48de9,3.898927,1772633506,6195626e8e9a4f54ef363b748ec0c76baa3aa4ab7def3d139bb0dad358ed6ee0,153,76.50,4.27,1,8,4,0.025320,0.616142,Minotaur,minotaur(pow_w:0.50),1.81,63,184
49,4,0x30509a8084fdfe6fe24d9c9a817c209ad194f8e3,4.655749,1772633508,6195626e8e9a4f54ef363b748ec0c76baa3aa4ab7def3d139bb0dad358ed6ee0,153,76.50,4.27,1,8,4,0.025320,0.616148,Minotaur,minotaur(pow_w:0.50),1.81,63,185
50,0,0xe478b1e4d1538274c0c70cbd7df877f9abab2f62,4.298746,1772633510,6195626e8e9a4f54ef363b748ec0c76baa3aa4ab7def3d139bb0dad358ed6ee0,153,76.50,4.27,1,8,4,0.025320,0.616154,Minotaur,minotaur(pow_w:0.50),1.81,63,186
50,1,0x8c11ec9090dd820c076e57e899d9c604c79d6b32,1.564079,1772633512,6195626e8e9a4f54ef363b748ec0c76baa3aa4ab7def3d139bb0dad358ed6ee0,153,76.50,4.27,1,8,4,0.025321,0.616163,Minotaur,minotaur(pow_w:0.50),1.81,63,187
50,2,0xac768e60b9269babb15cb1e36ee843243d7c7543,7.723748,1772633515,57cff4fd6cbfdbf583c048534cac960cd4579ef9267fd349ec60555321131658,14,1.56,4.71,3,6,5,0.025167,0.614853,Minotaur,minotaur(pow_w:0.50),2.36,64,187
50,3,0x606627477c3734932f47972f83c27cf4e3b35b4f,3.376307,1772633516,57cff4fd6cbfdbf583c048534cac960cd4579ef9267fd349ec60555321131658,14,1.56,4.71,3,6,5,0.025167,0.614857,Minotaur,minotaur(pow_w:0.50),2.36,64,188
50,4,0x89100a8056319ba37491b32ba255004180607bc2,4.787667,1772633518,69e61434791b7f432131d156d55c8ab5026664f812dc334621dad5bf646c4631,49,16.33,3.92,1,6,5,0.025152,0.615386,Minotaur,minotaur(pow_w:0.50),2.92,65,188
51,0,0xd46407aa7b668c72de3cf1c1a12b7fa2e308a1b2,2.988139,1772633520,69e61434791b7f432131d156d55c8ab5026664f812dc334621dad5bf646c4631,49,16.33,3.92,1,6,5,0.025152,0.615392,Minotaur,minotaur(pow_w:0.50),2.92,65,189
51,1,0xa3786e459f289a76c0e8af8ad834e3d0c6d47199,9.731333,1772633522,6777fa98d71c2e1065d2414d2f7370ebe03235bd83873f5818b25fa7c18978a4,250,62.50,4.26,1,8,4,0.025106,0.615448,Minotaur,minotaur(pow_w:0.50),14.69,66,189
51,2,0x4414c05be2cf328f38d2e3ef4b705d6b894f044a,3.088769,1772633524,6777fa98d71c2e1065d2414d2f7370ebe03235bd83873f5818b25fa7c18978a4,250,62.50,4.26,1,8,4,0.025107,0.615453,Minotaur,minotaur(pow_w:0.50),14.69,66,190
51,3,0x606627477c3734932f47972f83c27cf4e3b35b4f,4.376707,1772633526,6777fa98d71c2e1065d2414d2f7370ebe03235bd83873f5818b25fa7c18978a4,250,62.50,4.26,1,8,4,0.025107,0.615459,Minotaur,minotaur(pow_w:0.50),14.69,66,191
51,4,0x269cdf52f97e1d9f14b7be895155a7b294f0b21d,3.727363,1772633528,726c4c4c81c51127868d51e40a8c7ad9b728b2267641e26461aad4f63cbbd4e2,250,41.67,4.60,1,8,5,0.025163,0.616934,Minotaur,minotaur(pow_w:0.50),6.26,67,191
52,0,0x606627477c3734932f47972f83c27cf4e3b35b4f,5.379187,1772633530,024048efaba5b1c35d928921efb32ed05e04d4443cf6adba2794656e05097488,160,80.00,4.42,1,7,4,0.025168,0.617668,Minotaur,minotaur(pow_w:0.50),5.12,68,191
52,1,0xc774b0fee7cabbef3b1ae14bf36db3df0d32c1df,1.170987,1772633532,024048efaba5b1c35d928921efb32ed05e04d4443cf6adba2794656e05097488,160,80.00,4.42,1,7,4,0.025169,0.617675,Minotaur,minotaur(pow_w:0.50),5.12,68,192
52,2,0x4ba33404d90c4ae989714d9d174cd882cffb7994,3.117282,1772633535,024048efaba5b1c35d928921efb32ed05e04d4443cf6adba2794656e05097488,160,80.00,4.42,1,7,4,0.025169,0.617682,Minotaur,minotaur(pow_w:0.50),5.12,68,193
52,3,0xd61b00c297972877b45f8d7f4d67fdaf20c67c59,1.333861,1772633536,3e42e339037a4892818f05ba0fc190e6e4f6d8c66c51c0be6100bdf4741e9217,250,35.71,4.63,1,8,5,0.025128,0.617686,Minotaur,minotaur(pow_w:0.50),5.66,69,193
52,4,0x606627477c3734932f47972f83c27cf4e3b35b4f,5.379187,1772633538,43a3c82bcbdfd6e971d26de01b5b60fd3bcb47c52cfb0649b941ac646a5f9907,48,48.00,4.27,1,5,4,0.024960,0.616071,Minotaur,minotaur(pow_w:0.50),2.96,70,193
53,0,0xac61c91e7d24df824351a6c4e562a75f0cf646f8,0.247158,1772633540,43a3c82bcbdfd6e971d26de01b5b60fd3bcb47c52cfb0649b941ac646a5f9907,48,48.00,4.27,1,5,4,0.024961,0.616078,Minotaur,minotaur(pow_w:0.50),2.96,70,194
53,1,0x30509a8084fdfe6fe24d9c9a817c209ad194f8e3,4.655659,1772633542,6a04f518472fe82282142721ba6199c1ec726c27aef1ac9db6f26527c8636176,250,62.50,3.48,1,5,4,0.024718,0.612359,Minotaur,minotaur(pow_w:0.50),65.91,71,194
53,2,0xe478b1e4d1538274c0c70cbd7df877f9abab2f62,4.298436,1772633544,6a04f518472fe82282142721ba6199c1ec726c27aef1ac9db6f26527c8636176,250,62.50,3.48,1,5,4,0.024718,0.612364,Minotaur,minotaur(pow_w:0.50),65.91,71,195
53,3,0x8c11ec9090dd820c076e57e899d9c604c79d6b32,2.563969,1772633546,05f298b84f0b8eef5ae431885d146a431644b6493a54339bfd03dcfd32cfdccc,250,62.50,4.40,1,6,4,0.024761,0.613600,Minotaur,minotaur(pow_w:0.50),4.14,72,195
53,4,0x719361397abe003a91af76243e5f9c7a0cd4279f,4.542956,1772633548,05f298b84f0b8eef5ae431885d146a431644b6493a54339bfd03dcfd32cfdccc,250,62.50,4.40,1,6,4,0.024762,0.613606,Minotaur,minotaur(pow_w:0.50),4.14,72,196
54,0,0xc4dc29db975b952e04358340e56b68fa4ba63fbc,0.539141,1772633550,05f298b84f0b8eef5ae431885d146a431644b6493a54339bfd03dcfd32cfdccc,250,62.50,4.40,1,6,4,0.024762,0.613613,Minotaur,minotaur(pow_w:0.50),4.14,72,197
54,1,0x719361397abe003a91af76243e5f9c7a0cd4279f,4.542936,1772633552,2320533570cf36a04d401195d12a4cb6b3cbc251329122c94f3070c7fae23368,250,35.71,3.37,1,5,4,0.024544,0.610549,Minotaur,minotaur(pow_w:0.50),9.83,73,197
54,2,0x34412315480562da4810040fd15c81f99880e1ab,3.898603,1772633554,c26c5a90127416e0b2e9e7f66a9442d450166965bb19ea3476e9b8b520648053,75,75.00,3.65,1,6,4,0.024601,0.611870,Minotaur,minotaur(pow_w:0.50),1.13,74,197
54,3,0xac768e60b9269babb15cb1e36ee843243d7c7543,7.723658,1772633556,c26c5a90127416e0b2e9e7f66a9442d450166965bb19ea3476e9b8b520648053,75,75.00,3.65,1,6,4,0.024602,0.611873,Minotaur,minotaur(pow_w:0.50),1.13,74,198
54,4,0xe6ebb0cdfd04183d498964e5efc4096ba77b17d6,6.294283,1772633558,38c5c40e6eefda0a286959d4a84f103f499ce5ce9f6f4596ee7b4a91f695c351,169,42.25,4.25,1,7,4,0.024870,0.613956,Minotaur,minotaur(pow_w:0.50),2.91,75,198
55,0,0x4414c05be2cf328f38d2e3ef4b705d6b894f044a,3.088719,1772633560,38c5c40e6eefda0a286959d4a84f103f499ce5ce9f6f4596ee7b4a91f695c351,169,42.25,4.25,1,7,4,0.024870,0.613962,Minotaur,minotaur(pow_w:0.50),2.91,75,199
55,1,0x30509a8084fdfe6fe24d9c9a817c209ad194f8e3,4.655569,1772633562,38c5c40e6eefda0a286959d4a84f103f499ce5ce9f6f4596ee7b4a91f695c351,169,42.25,4.25,1,7,4,0.024870,0.613968,Minotaur,minotaur(pow_w:0.50),2.91,75,200
55,2,0x408bb0bf84df50b21c53c74420987f172d4036a1,0.795604,1772633564,38c5c40e6eefda0a286959d4a84f103f499ce5ce9f6f4596ee7b4a91f695c351,169,42.25,4.25,1,7,4,0.024870,0.613974,Minotaur,minotaur(pow_w:0.50),2.91,75,201
55,3,0xac768e60b9269babb15cb1e36ee843243d7c7543,8.725188,1772633566,38c5c40e6eefda0a286959d4a84f103f499ce5ce9f6f4596ee7b4a91f695c351,169,42.25,4.25,1,7,4,0.024871,0.613979,Minotaur,minotaur(pow_w:0.50),2.91,75,202
55,4,0x6d6b2734a20229ddd7fd4a1470ba3e3bad4e4a85,2.642924,1772633568,45c9b9f2ca7c10c766369d4dd38310ff9d64ec2314e85495a5263b2a698c2668,250,25.00,4.22,1,7,4,0.024871,0.613984,Minotaur,minotaur(pow_w:0.50),9.52,76,202
56,0,0x719361397abe003a91af76243e5f9c7a0cd4279f,5.543616,1772633570,e078460ab4f6bdd14f3373dea1d2898852d4cea8f32c3365af996318efe9fedd,231,115.50,4.26,1,6,4,0.025116,0.615653,Minotaur,minotaur(pow_w:0.50),7.98,77,202
56,1,0xf82400c4f426bdbd2bc687ffef1f22c1a381c851,0.062871,1772633572,e078460ab4f6bdd14f3373dea1d2898852d4cea8f32c3365af996318efe9fedd,231,115.50,4.26,1,6,4,0.025117,0.615661,Minotaur,minotaur(pow_w:0.50),7.98,77,203
56,2,0xe478b1e4d1538274c0c70cbd7df877f9abab2f62,5.300646,1772633574,cff7a472c108645b570f325f889bc662db396bb6cd9763a7be7756af5d893f85,198,39.60,5.41,2,9,5,0.024868,0.611287,Minotaur,minotaur(pow_w:0.50),3.12,78,203
56,3,0x4414c05be2cf328f38d2e3ef4b705d6b894f044a,3.088569,1772633577,99a4cac5e9812912cd7693e0bc077cbb7247aedbc5462d44304807153772f1fa,90,45.00,4.64,1,8,5,0.024959,0.612836,Minotaur,minotaur(pow_w:0.50),2.22,79,203
56,4,0x4ba33404d90c4ae989714d9d174cd882cffb7994,4.119312,1772633578,85e5a53d9b0fcd460c46fa4865786f558778486cc66b05223469975e01d13672,250,125.00,4.14,1,7,4,0.024906,0.612674,Minotaur,minotaur(pow_w:0.50),4.68,80,203
57,0,0x9c39f7fffaa5c5cfab20dfdd05663497918580c1,0.422288,1772633580,d13a5b6fbf14dbf1054ee54e8fd31e3af193a037f673aafc9d626d223ba042fb,35,35.00,4.43,1,7,5,0.024918,0.613540,Minotaur,minotaur(pow_w:0.50),1.94,81,203
57,1,0x8c11ec9090dd820c076e57e899d9c604c79d6b32,2.563719,1772633582,b1a65874c8bc9215effa417d82d19eecefc07ebf81305beb10808f2810c1a36b,171,85.50,3.89,1,6,4,0.024699,0.610207,Minotaur,minotaur(pow_w:0.50),11.61,82,203
57,2,0x8c11ec9090dd820c076e57e899d9c604c79d6b32,3.565159,1772633584,d926bd759b834703df7841219f7f48452c337ca5143c206c7afef867ef1b7469,147,73.50,4.63,1,7,5,0.024614,0.609660,Minotaur,minotaur(pow_w:0.50),2.18,83,203
57,3,0xe6ebb0cdfd04183d498964e5efc4096ba77b17d6,6.294193,1772633586,5ee346c862d14d19d7f1aeaebdc3d6250d3ef139333f8da3fa8cf8deb9b50da3,174,87.00,4.82,1,7,5,0.024590,0.609880,Minotaur,minotaur(pow_w:0.50),2.13,84,203
57,4,0xaadc5fea232580cb8fba739ac5d05a48559c7e52,1.353623,1772633588,5ee346c862d14d19d7f1aeaebdc3d6250d3ef139333f8da3fa8cf8deb9b50da3,174,87.00,4.82,1,7,5,0.024590,0.609886,Minotaur,minotaur(pow_w:0.50),2.13,84,204
58,0,0xe6ebb0cdfd04183d498964e5efc4096ba77b17d6,6.294193,1772633590,5ee346c862d14d19d7f1aeaebdc3d6250d3ef139333f8da3fa8cf8deb9b50da3,174,87.00,4.82,1,7,5,0.024591,0.609892,Minotaur,minotaur(pow_w:0.50),2.13,84,205
58,1,0x34412315480562da4810040fd15c81f99880e1ab,3.898323,1772633592,5ee346c862d14d19d7f1aeaebdc3d6250d3ef139333f8da3fa8cf8deb9b50da3,174,87.00,4.82,1,7,5,0.024591,0.609899,Minotaur,minotaur(pow_w:0.50),2.13,84,206
58,2,0xc774b0fee7cabbef3b1ae14bf36db3df0d32c1df,1.170857,1772633594,2eaa9ad15f3666441afd2d4b8cc8792fbfe5eafe7863ddb853b85883c24c4ef1,250,27.78,5.21,1,7,5,0.024586,0.610405,Minotaur,minotaur(pow_w:0.50),8.28,85,206
58,3,0x26d553a2f4343b3a7dc88bbd87b3d0a25d3838d9,7.223630,1772633597,2eaa9ad15f3666441afd2d4b8cc8792fbfe5eafe7863ddb853b85883c24c4ef1,250,27.78,5.21,1,7,5,0.024587,0.610409,Minotaur,minotaur(pow_w:0.50),8.28,85,207
58,4,0xa3786e459f289a76c0e8af8ad834e3d0c6d47199,9.730773,1772633598,eb20e4f9b0f67c59cbe2922ba861d2fe76ea4503858dc54c18cc3b42229a7c8a,250,62.50,3.78,1,5,4,0.024778,0.612265,Minotaur,minotaur(pow_w:0.50),3.29,86,207
59,0,0xa3786e459f289a76c0e8af8ad834e3d0c6d47199,10.731293,1772633600,7bc5eaf96b4da6ebc2a044718ad06d703cd1b67bd66072a0931e78364a47189f,53,53.00,4.25,1,6,5,0.025111,0.614317,Minotaur,minotaur(pow_w:0.50),1.96,87,207
59,1,0xa3786e459f289a76c0e8af8ad834e3d0c6d47199,11.732933,1772633602,6105370b5f25d87602ec78f7aa11f508a4404043f1e110068bab142130c453eb,165,82.50,4.22,1,6,4,0.025493,0.616349,Minotaur,minotaur(pow_w:0.50),2.27,88,207
59,2,0x016d3fc36beee7caa8fbd6c1caa42461dd7f9850,0.874449,1772633604,c1ba054c7d188c57c9be4d4d52bca2c7500da82733e73ce7649c3527fb11fe47,128,64.00,4.72,1,7,5,0.025924,0.618358,Minotaur,minotaur(pow_w:0.50),2.26,89,207
59,3,0xac768e60b9269babb15cb1e36ee843243d7c7543,9.727568,1772633606,5e37c032f68dee7eafcc9ed2500f4ec1004bc445e5e80d0a27168983cd90c9cf,190,95.00,3.28,1,5,3,0.025726,0.616040,Minotaur,minotaur(pow_w:0.50),1.89,90,207
59,4,0x95ab54d268473cce82094026afefdbd5cadf418b,1.594918,1772633608,5e37c032f68dee7eafcc9ed2500f4ec1004bc445e5e80d0a27168983cd90c9cf,190,95.00,3.28,1,5,3,0.025726,0.616046,Minotaur,minotaur(pow_w:0.50),1.89,90,208
60,0,0x719361397abe003a91af76243e5f9c7a0cd4279f,5.543546,1772633610,95a66714b267f6202766536d3ff12fdb39cb8478b78d2bf5fabaf09b78dc87a8,250,62.50,4.58,1,7,5,0.025572,0.614731,Minotaur,minotaur(pow_w:0.50),2.78,91,208
60,1,0xc577329e86aaecb006f17fb90499c54671119935,0.318032,1772633612,95a66714b267f6202766536d3ff12fdb39cb8478b78d2bf5fabaf09b78dc87a8,250,62.50,4.58,1,7,5,0.025572,0.614738,Minotaur,minotaur(pow_w:0.50),2.78,91,209
60,2,0x719361397abe003a91af76243e5f9c7a0cd4279f,5.543506,1772633614,95a66714b267f6202766536d3ff12fdb39cb8478b78d2bf5fabaf09b78dc87a8,250,62.50,4.58,1,7,5,0.025573,0.614743,Minotaur,minotaur(pow_w:0.50),2.78,91,210
60,3,0x26d553a2f4343b3a7dc88bbd87b3d0a25d3838d9,8.226060,1772633617,1d839d571ef0ed8a183dbac91d901caa990ccfa5a80c64bddc3a29de33068ce6,188,26.86,4.39,1,9,4,0.025640,0.616152,Minotaur,minotaur(pow_w:0.50),3.95,92,210
60,4,0xe6ebb0cdfd04183d498964e5efc4096ba77b17d6,6.294083,1772633618,f4c4c1d8a5850b19d4cec830e8abbfe711fadba3af682ab0392ab18419420ae1,82,41.00,4.24,1,7,4,0.025852,0.617907,Minotaur,minotaur(pow_w:0.50),2.05,93,210
61,0,0xcb7977f4997b4252c0152e135dd79b3cfe35c1a5,1.623803,1772633620,f4c4c1d8a5850b19d4cec830e8abbfe711fadba3af682ab0392ab18419420ae1,82,41.00,4.24,1,7,4,0.025852,0.617912,Minotaur,minotaur(pow_w:0.50),2.05,93,211
61,1,0xe478b1e4d1538274c0c70cbd7df877f9abab2f62,6.301126,1772633622,f4c4c1d8a5850b19d4cec830e8abbfe711fadba3af682ab0392ab18419420ae1,82,41.00,4.24,1,7,4,0.025853,0.617918,Minotaur,minotaur(pow_w:0.50),2.05,93,212
61,2,0xe6ebb0cdfd04183d498964e5efc4096ba77b17d6,6.294083,1772633624,f4c4c1d8a5850b19d4cec830e8abbfe711fadba3af682ab0392ab18419420ae1,82,41.00,4.24,1,7,4,0.025853,0.617923,Minotaur,minotaur(pow_w:0.50),2.05,93,213
61,3,0xd39dbd3662315e3935ec08e6b6028e73b3c09de2,2.922060,1772633626,f4c4c1d8a5850b19d4cec830e8abbfe711fadba3af682ab0392ab18419420ae1,82,41.00,4.24,1,7,4,0.025853,0.617928,Minotaur,minotaur(pow_w:0.50),2.05,93,214
61,4,0x89100a8056319ba37491b32ba255004180607bc2,4.786977,1772633628,aa23083aa8bbbcf3cbe7931bfe99d34fa66edb695caadce42343db17c85cdc97,250,27.78,4.93,1,9,5,0.025771,0.617427,Minotaur,minotaur(pow_w:0.50),12.83,94,214
62,0,0x89100a8056319ba37491b32ba255004180607bc2,4.786977,1772633630,aa23083aa8bbbcf3cbe7931bfe99d34fa66edb695caadce42343db17c85cdc97,250,27.78,4.93,1,9,5,0.025771,0.617432,Minotaur,minotaur(pow_w:0.50),12.83,94,215
62,1,0x4ba33404d90c4ae989714d9d174cd882cffb7994,5.119072,1772633632,aa23083aa8bbbcf3cbe7931bfe99d34fa66edb695caadce42343db17c85cdc97,250,27.78,4.93,1,9,5,0.025771,0.617441,Minotaur,minotaur(pow_w:0.50),12.83,94,216
62,2,0xd39dbd3662315e3935ec08e6b6028e73b3c09de2,3.924500,1772633634,80517f879ea9c6a089a7a39196b22a2ecad4d2991882250e043bbba71ea4ac0a,250,35.71,5.07,1,8,5,0.025807,0.618628,Minotaur,minotaur(pow_w:0.50),10.67,95,216
62,3,0x63f4973c0df8a5358405f396dc0673a463c48de9,3.898187,1772633636,a26b1ba6b218a639fdfa4d4361431ac7745d8f3f0529ea09095c4a93654d510c,175,87.50,4.83,1,7,5,0.025778,0.618983,Minotaur,minotaur(pow_w:0.50),3.89,96,216
62,4,0x26d553a2f4343b3a7dc88bbd87b3d0a25d3838d9,9.226840,1772633638,a26b1ba6b218a639fdfa4d4361431ac7745d8f3f0529ea09095c4a93654d510c,175,87.50,4.83,1,7,5,0.025778,0.618987,Minotaur,minotaur(pow_w:0.50),3.89,96,217
63,0,0x95ab54d268473cce82094026afefdbd5cadf418b,2.597108,1772633640,a26b1ba6b218a639fdfa4d4361431ac7745d8f3f0529ea09095c4a93654d510c,175,87.50,4.83,1,7,5,0.025778,0.618992,Minotaur,minotaur(pow_w:0.50),3.89,96,218
63,1,0x58a21eeb7ab18ba8adf1296e66a4487076e95dac,5.091464,1772633642,3dc78f05d2876aa5633ba6dcfd679450006104380a42228d6386fe0d19cc0f1c,250,50.00,4.83,1,7,5,0.025678,0.618279,Minotaur,minotaur(pow_w:0.50),4.52,97,218
63,2,0xaadc5fea232580cb8fba739ac5d05a48559c7e52,1.353333,1772633644,a013537ccc84402bdb3907745e728edbc4026ffaca26faff86cc49b821ce3494,146,73.00,4.04,1,6,4,0.025708,0.619338,Minotaur,minotaur(pow_w:0.50),1.54,98,218
63,3,0xd67aaaf210c0c36ddcb7055222d168b5c9dd1b36,0.185811,1772633646,a013537ccc84402bdb3907745e728edbc4026ffaca26faff86cc49b821ce3494,146,73.00,4.04,1,6,4,0.025708,0.619343,Minotaur,minotaur(pow_w:0.50),1.54,98,219
63,4,0x07902d0371763a00d97ed9ba16ff0a206cb0fd19,3.530949,1772633648,d86bef37d6e9bb97445d04aef07ed34df1296104692b089fcf1ab37a026aa6f7,250,62.50,4.24,1,7,4,0.025483,0.615625,Minotaur,minotaur(pow_w:0.50),3.29,99,219
64,0,0x30509a8084fdfe6fe24d9c9a817c209ad194f8e3,4.655209,1772633650,d86bef37d6e9bb97445d04aef07ed34df1296104692b089fcf1ab37a026aa6f7,250,62.50,4.24,1,7,4,0.025483,0.615631,Minotaur,minotaur(pow_w:0.50),3.29,99,220
64,1,0xd39dbd3662315e3935ec08e6b6028e73b3c09de2,4.926000,1772633652,a9a310d4037b295eb37744aa56960b8c51a63d2098e77901d51db71988e4cea0,250,50.00,3.99,1,8,4,0.025490,0.616478,Minotaur,minotaur(pow_w:0.50),3.80,100,220
64,2,0x26d553a2f4343b3a7dc88bbd87b3d0a25d3838d9,9.226740,1772633655,939381cd4a4838b592838f413e58beff86aecdc5271f4117919aad40a64251e1,105,52.50,4.76,1,8,5,0.025509,0.617339,Minotaur,minotaur(pow_w:0.50),2.58,101,220
64,3,0xe6ebb0cdfd04183d498964e5efc4096ba77b17d6,6.294083,1772633657,ac6de16c40b48a171b85a954305a5d23d480a0238bd37356c5110c762f72ffe1,134,67.00,3.87,1,6,4,0.025743,0.619062,Minotaur,minotaur(pow_w:0.50),2.44,102,220
64,4,0xe6ebb0cdfd04183d498964e5efc4096ba77b17d6,6.294083,1772633659,ac6de16c40b48a171b85a954305a5d23d480a0238bd37356c5110c762f72ffe1,134,67.00,3.87,1,6,4,0.025743,0.619067,Minotaur,minotaur(pow_w:0.50),2.44,102,221
65,0,0xe478b1e4d1538274c0c70cbd7df877f9abab2f62,6.300696,1772633661,ac6de16c40b48a171b85a954305a5d23d480a0238bd37356c5110c762f72ffe1,134,67.00,3.87,1,6,4,0.025744,0.619073,Minotaur,minotaur(pow_w:0.50),2.44,102,222
65,1,0x26d553a2f4343b3a7dc88bbd87b3d0a25d3838d9,10.227980,1772633663,975a70cea12dad1b15b7428ea76588768d6c6784a3806269d59f15ba7bd49e56,250,41.67,4.22,1,6,4,0.025826,0.620588,Minotaur,minotaur(pow_w:0.50),5.74,103,222
65,2,0xa3786e459f289a76c0e8af8ad834e3d0c6d47199,12.733733,1772633665,be5e22aefca3ca76f90e85a62d7c8bd3f23f3721e9f4c6e9d74eaa04bfc3fa6f,196,98.00,3.90,1,6,4,0.026099,0.622328,Minotaur,minotaur(pow_w:0.50),2.28,104,222
65,3,0xa9105f442328d397529b8e4e9e656fa89016ff45,4.473134,1772633667,f150885dfd8ab77edd348077da4b6a639f09ac2164474aaf265fd14eee1fec72,145,72.50,4.43,1,6,5,0.026487,0.624150,Minotaur,minotaur(pow_w:0.50),1.56,105,222
65,4,0x6064b9f5883bf9737dfe314ff68c56e09e68ac89,2.189729,1772633669,050505006cce0191cea57e9db3ee4d634a48af9c1d91478b076d4c8491fbb427,172,86.00,3.70,1,6,4,0.026467,0.624675,Minotaur,minotaur(pow_w:0.50),4.00,106,222
66,0,0xa3786e459f289a76c0e8af8ad834e3d0c6d47199,13.735033,1772633671,806ebb22bd79f1c5e802268bcd934acefc7425425a3e4fea5a8d01cdfa5d1fd1,190,95.00,3.82,1,7,4,0.026338,0.623725,Minotaur,minotaur(pow_w:0.50),49.03,107,222
66,1,0x58a21eeb7ab18ba8adf1296e66a4487076e95dac,6.092614,1772633674,6ccdb0bf90204c7f47e7b219168e19bcfd1ded2e0a65dd32e0868434889d4bd6,142,47.33,4.20,1,6,4,0.026756,0.625513,Minotaur,minotaur(pow_w:0.50),2.39,108,222
66,2,0xa3786e459f289a76c0e8af8ad834e3d0c6d47199,14.736413,1772633676,9c19a58946b8925bb3e18aef628fc72fdb93e2ad4014e5754cfad7a4e8644672,141,70.50,4.40,1,8,4,0.026807,0.626790,Minotaur,minotaur(pow_w:0.50),2.53,109,222
66,3,0x719361397abe003a91af76243e5f9c7a0cd4279f,6.544946,1772633678,b620115782edb6f23892ca7d9f6ad420663be29e17da8dc46a4afb6eec4ca44b,124,62.00,4.55,1,7,5,0.027257,0.628547,Minotaur,minotaur(pow_w:0.50),2.47,110,222
66,4,0x269cdf52f97e1d9f14b7be895155a7b294f0b21d,4.727023,1772633680,b620115782edb6f23892ca7d9f6ad420663be29e17da8dc46a4afb6eec4ca44b,124,62.00,4.55,1,7,5,0.027257,0.628553,Minotaur,minotaur(pow_w:0.50),2.47,110,223
67,0,0x3513d672439a59c26cc5711f2b715ccb4810a774,1.289565,1772633682,ca51efd5f0d85ce749ae6c6d37a2c00139d4ada01c2044ed2d55c90e6622568e,250,62.50,4.63,1,7,5,0.027237,0.629087,Minotaur,minotaur(pow_w:0.50),3.43,111,223
67,1,0xaadc5fea232580cb8fba739ac5d05a48559c7e52,1.353173,1772633684,ce5d6ad53164fb02fc1df7bf8b20b9398a69206cda21f2094911ed0e44f2aaf8,152,76.00,3.97,1,6,4,0.027059,0.627436,Minotaur,minotaur(pow_w:0.50),2.05,112,223
67,2,0x26d553a2f4343b3a7dc88bbd87b3d0a25d3838d9,11.229840,1772633686,ce5d6ad53164fb02fc1df7bf8b20b9398a69206cda21f2094911ed0e44f2aaf8,152,76.00,3.97,1,6,4,0.027059,0.627441,Minotaur,minotaur(pow_w:0.50),2.05,112,224
67,3,0xdcf2130496e27a8094ab996aea4aa77788d65869,6.506687,1772633688,ce5d6ad53164fb02fc1df7bf8b20b9398a69206cda21f2094911ed0e44f2aaf8,152,76.00,3.97,1,6,4,0.027059,0.627446,Minotaur,minotaur(pow_w:0.50),2.05,112,225
67,4,0x7e40df5d801345015e84c843908efc6683665fa4,0.656249,1772633690,ce5d6ad53164fb02fc1df7bf8b20b9398a69206cda21f2094911ed0e44f2aaf8,152,76.00,3.97,1,6,4,0.027060,0.627453,Minotaur,minotaur(pow_w:0.50),2.05,112,226
68,0,0xe478b1e4d1538274c0c70cbd7df877f9abab2f62,7.302896,1772633692,e4916230d69f45b69ce01d0a70886e6c2a94be2f733b261494106a8bf84ce6ed,250,27.78,3.73,1,8,4,0.026855,0.624755,Minotaur,minotaur(pow_w:0.50),7.89,113,226
68,1,0xa3786e459f289a76c0e8af8ad834e3d0c6d47199,15.737503,1772633694,e621a9a9e8ce4b3af88fd58d976304f3757c434ba668077eff6a20fc182f2032,136,68.00,4.22,1,6,4,0.026951,0.626202,Minotaur,minotaur(pow_w:0.50),3.98,114,226
68,2,0xac768e60b9269babb15cb1e36ee843243d7c7543,9.727278,1772633696,5626b13f305ee12c7d373c4e7a7f82777d68ce8f0b6a56d806a8a6acea89e675,45,45.00,5.20,1,7,6,0.027416,0.627918,Minotaur,minotaur(pow_w:0.50),1.96,115,226
68,3,0x282f43759e22b50aa7989261c51c367f325c3f91,0.346767,1772633698,a4eae10a15cc934b19fe234a2a934bb682f3361190b70cd8d22a168ebfe84b70,131,65.50,4.31,1,8,4,0.027609,0.629432,Minotaur,minotaur(pow_w:0.50),2.42,116,226
68,4,0xaadc5fea232580cb8fba739ac5d05a48559c7e52,1.353053,1772633700,7f67266e10af2e439482ed626b6eeb031e540dafbedaf64e937ace6768871205,97,48.50,4.28,2,7,4,0.027389,0.626144,Minotaur,minotaur(pow_w:0.50),2.31,117,226
69,0,0xf6e059718dbd0a0956726ab97d06bad5efc6cd18,1.009917,1772633702,7f67266e10af2e439482ed626b6eeb031e540dafbedaf64e937ace6768871205,97,48.50,4.28,2,7,4,0.027389,0.626149,Minotaur,minotaur(pow_w:0.50),2.31,117,227
69,1,0xf13caa2c5f6f6cf61e51290bfa7826a9140b4faf,1.041844,1772633704,2e415acc26ebb84f8cc5215884bee43441b06a07b15710d4eb3043501e4af6fd,229,57.25,4.87,1,8,5,0.027201,0.624023,Minotaur,minotaur(pow_w:0.50),3.23,118,227
69,2,0x8d9e46becf415ca26aa698c9657087e6554aabda,0.386006,1772633706,66be7184a5f2ad82909ad29ac364da10b9a856b8c0d78125b6f5a18bf025a75f,159,79.50,4.58,1,8,4,0.027016,0.621881,Minotaur,minotaur(pow_w:0.50),1.70,119,227
69,3,0xe6ebb0cdfd04183d498964e5efc4096ba77b17d6,6.293683,1772633708,66be7184a5f2ad82909ad29ac364da10b9a856b8c0d78125b6f5a18bf025a75f,159,79.50,4.58,1,8,4,0.027016,0.621886,Minotaur,minotaur(pow_w:0.50),1.70,119,228
69,4,0xb2a7fe70a6f3137d38f6cb4c3ec6dd1e24f2d5f4,2.421928,1772633710,30a6808d6037e46717d52e7f421239d3d94d6573e2ee5c5e1ca9b6b0090bb739,250,50.00,4.14,1,6,4,0.027056,0.623104,Minotaur,minotaur(pow_w:0.50),3.63,120,228
70,0,0x6064b9f5883bf9737dfe314ff68c56e09e68ac89,3.191329,1772633713,30a6808d6037e46717d52e7f421239d3d94d6573e2ee5c5e1ca9b6b0090bb739,250,50.00,4.14,1,6,4,0.027056,0.623109,Minotaur,minotaur(pow_w:0.50),3.63,120,229
70,1,0x4ba33404d90c4ae989714d9d174cd882cffb7994,6.120672,1772633714,30a6808d6037e46717d52e7f421239d3d94d6573e2ee5c5e1ca9b6b0090bb739,250,50.00,4.14,1,6,4,0.027056,0.623112,Minotaur,minotaur(pow_w:0.50),3.63,120,230
70,2,0x26d553a2f4343b3a7dc88bbd87b3d0a25d3838d9,11.229840,1772633716,1cfe63c0f3b990771b94cedb56056e2d5fb11857ad75e593430dc33a83eff95c,250,50.00,4.60,1,7,5,0.027087,0.624177,Minotaur,minotaur(pow_w:0.50),3.81,121,230
70,3,0xa3786e459f289a76c0e8af8ad834e3d0c6d47199,16.737843,1772633718,1cfe63c0f3b990771b94cedb56056e2d5fb11857ad75e593430dc33a83eff95c,250,50.00,4.60,1,7,5,0.027087,0.624182,Minotaur,minotaur(pow_w:0.50),3.81,121,231
70,4,0x26d553a2f4343b3a7dc88bbd87b3d0a25d3838d9,11.229840,1772633720,1cfe63c0f3b990771b94cedb56056e2d5fb11857ad75e593430dc33a83eff95c,250,50.00,4.60,1,7,5,0.027087,0.624188,Minotaur,minotaur(pow_w:0.50),3.81,121,232
71,0,0x89100a8056319ba37491b32ba255004180607bc2,4.786497,1772633722,1cfe63c0f3b990771b94cedb56056e2d5fb11857ad75e593430dc33a83eff95c,250,50.00,4.60,1,7,5,0.027087,0.624193,Minotaur,minotaur(pow_w:0.50),3.81,121,233
71,1,0x63f4973c0df8a5358405f396dc0673a463c48de9,3.897887,1772633724,1cfe63c0f3b990771b94cedb56056e2d5fb11857ad75e593430dc33a83eff95c,250,50.00,4.60,1,7,5,0.027088,0.624198,Minotaur,minotaur(pow_w:0.50),3.81,121,234
71,2,0xd39dbd3662315e3935ec08e6b6028e73b3c09de2,5.926320,1772633726,1ab46f040c2ad7e256314a7f7c6e6576c816504a4ed78f727e947bd154bd6264,24,2.40,4.33,1,6,4,0.027024,0.624294,Minotaur,minotaur(pow_w:0.50),1.33,122,234
71,3,0xbc3f8508d26048f2064aa8c068f4c94d08d77d18,4.066999,1772633728,10c54efca8a47e49412bba8004c5c3d9ae952d45dc3c42ab8320fc3d2affbece,250,83.33,4.41,1,7,5,0.027044,0.625215,Minotaur,minotaur(pow_w:0.50),12.17,123,234
71,4,0x6064b9f5883bf9737dfe314ff68c56e09e68ac89,3.191329,1772633730,10c54efca8a47e49412bba8004c5c3d9ae952d45dc3c42ab8320fc3d2affbece,250,83.33,4.41,1,7,5,0.027044,0.625222,Minotaur,minotaur(pow_w:0.50),12.17,123,235
72,0,0x4a217e35f6402e7f62a49f6d62e27c6585c2f3fd,1.490037,1772633733,10c54efca8a47e49412bba8004c5c3d9ae952d45dc3c42ab8320fc3d2affbece,250,83.33,4.41,1,7,5,0.027045,0.625227,Minotaur,minotaur(pow_w:0.50),12.17,123,236
72,1,0x26d553a2f4343b3a7dc88bbd87b3d0a25d3838d9,11.229740,1772633734,10c54efca8a47e49412bba8004c5c3d9ae952d45dc3c42ab8320fc3d2affbece,250,83.33,4.41,1,7,5,0.027045,0.625229,Minotaur,minotaur(pow_w:0.50),12.17,123,237
72,2,0x95ab54d268473cce82094026afefdbd5cadf418b,3.598688,1772633736,10c54efca8a47e49412bba8004c5c3d9ae952d45dc3c42ab8320fc3d2affbece,250,83.33,4.41,1,7,5,0.027045,0.625234,Minotaur,minotaur(pow_w:0.50),12.17,123,238
72,3,0x6064b9f5883bf9737dfe314ff68c56e09e68ac89,3.191329,1772633738,b15a9528cab7976daa836c1f990b8af8c06d05400b25bae3c83228cfc9191a79,250,27.78,4.50,1,6,5,0.026969,0.625058,Minotaur,minotaur(pow_w:0.50),10.42,124,238
72,4,0x8c11ec9090dd820c076e57e899d9c604c79d6b32,4.565969,1772633740,b15a9528cab7976daa836c1f990b8af8c06d05400b25bae3c83228cfc9191a79,250,27.78,4.50,1,6,5,0.026969,0.625063,Minotaur,minotaur(pow_w:0.50),10.42,124,239
73,0,0x07902d0371763a00d97ed9ba16ff0a206cb0fd19,3.530379,1772633742,5ff1254a43ee08ac1d9c4a2abd8bbeafefae19d334600b4c0193adc8b6892d4e,250,62.50,4.48,1,7,5,0.026932,0.625394,Minotaur,minotaur(pow_w:0.50),4.95,125,239
73,1,0xa3786e459f289a76c0e8af8ad834e3d0c6d47199,16.737843,1772633744,5ff1254a43ee08ac1d9c4a2abd8bbeafefae19d334600b4c0193adc8b6892d4e,250,62.50,4.48,1,7,5,0.026932,0.625398,Minotaur,minotaur(pow_w:0.50),4.95,125,240
73,2,0xd39dbd3662315e3935ec08e6b6028e73b3c09de2,6.928620,1772633746,5ff1254a43ee08ac1d9c4a2abd8bbeafefae19d334600b4c0193adc8b6892d4e,250,62.50,4.48,1,7,5,0.026932,0.625403,Minotaur,minotaur(pow_w:0.50),4.95,125,241
73,3,0xa3786e459f289a76c0e8af8ad834e3d0c6d47199,16.737843,1772633748,0ce69bcc51135e146c53150de807a16cdc5368ca0ed4d2d5ca4be1218c57058a,250,35.71,5.13,1,8,5,0.026990,0.626621,Minotaur,minotaur(pow_w:0.50),6.44,126,241
73,4,0x4414c05be2cf328f38d2e3ef4b705d6b894f044a,4.090419,1772633750,0ce69bcc51135e146c53150de807a16cdc5368ca0ed4d2d5ca4be1218c57058a,250,35.71,5.13,1,8,5,0.026990,0.626626,Minotaur,minotaur(pow_w:0.50),6.44,126,242
74,0,0x63f4973c0df8a5358405f396dc0673a463c48de9,4.897977,1772633753,64cafe81da5f47513049a733db0dd3659328c268eca5ad7f1d35366555f9a516,250,62.50,3.91,1,6,4,0.026932,0.626656,Minotaur,minotaur(pow_w:0.50),4.64,127,242
74,1,0x28672c71695142588ed26ada6f4b18b8b6c12308,0.688628,1772633754,64cafe81da5f47513049a733db0dd3659328c268eca5ad7f1d35366555f9a516,250,62.50,3.91,1,6,4,0.026932,0.626658,Minotaur,minotaur(pow_w:0.50),4.64,127,243
74,2,0x4ba33404d90c4ae989714d9d174cd882cffb7994,7.122782,1772633756,64cafe81da5f47513049a733db0dd3659328c268eca5ad7f1d35366555f9a516,250,62.50,3.91,1,6,4,0.026932,0.626663,Minotaur,minotaur(pow_w:0.50),4.64,127,244
74,3,0xeb82a21cb3d0dd781eb22ad74bb7cd9b4d2a06ec,3.923395,1772633758,34a5c14ec06850c33bd961268c47613d910762c3c01d1b6974f32f350c026918,250,50.00,4.44,1,6,4,0.026994,0.627841,Minotaur,minotaur(pow_w:0.50),5.04,128,244
74,4,0xeb82a21cb3d0dd781eb22ad74bb7cd9b4d2a06ec,3.923355,1772633760,34a5c14ec06850c33bd961268c47613d910762c3c01d1b6974f32f350c026918,250,50.00,4.44,1,6,4,0.026994,0.627845,Minotaur,minotaur(pow_w:0.50),5.04,128,245
75,0,0x7e40df5d801345015e84c843908efc6683665fa4,1.658519,1772633762,34a5c14ec06850c33bd961268c47613d910762c3c01d1b6974f32f350c026918,250,50.00,4.44,1,6,4,0.026995,0.627850,Minotaur,minotaur(pow_w:0.50),5.04,128,246
75,1,0xd61b00c297972877b45f8d7f4d67fdaf20c67c59,2.331911,1772633764,34a5c14ec06850c33bd961268c47613d910762c3c01d1b6974f32f350c026918,250,50.00,4.44,1,6,4,0.026995,0.627854,Minotaur,minotaur(pow_w:0.50),5.04,128,247
75,2,0xd46407aa7b668c72de3cf1c1a12b7fa2e308a1b2,3.988079,1772633766,c5227e8c19ff3bc1428af71d8183d863d389ff3cb1ad28578421487f07cb5774,250,27.78,4.43,1,7,5,0.026868,0.626973,Minotaur,minotaur(pow_w:0.50),8.77,129,247
75,3,0x63f4973c0df8a5358405f396dc0673a463c48de9,4.897917,1772633768,062c415e1080380281402ddb6379a4861f6581ee9e8491a1b9cd14a801ec30eb,132,66.00,3.95,1,6,4,0.026805,0.626860,Minotaur,minotaur(pow_w:0.50),3.25,130,247
75,4,0xe6ebb0cdfd04183d498964e5efc4096ba77b17d6,7.295803,1772633771,f9d7ddbbe100b49e6a684c372e5d0f84f58f6d93e41d3ffa8f70d000d56502c8,130,65.00,3.53,1,5,4,0.026778,0.627264,Minotaur,minotaur(pow_w:0.50),2.51,131,247
76,0,0xeaa5003682d7289190651081ae2bee847097afc5,0.757685,1772633772,26146c84c90742a067cdc7bcc07f9e8bd3f9eed430ce42c1a3b4b10f3134c8e5,154,77.00,3.82,1,6,4,0.026841,0.628372,Minotaur,minotaur(pow_w:0.50),6.26,132,247
76,1,0xf6e059718dbd0a0956726ab97d06bad5efc6cd18,2.011587,1772633774,26146c84c90742a067cdc7bcc07f9e8bd3f9eed430ce42c1a3b4b10f3134c8e5,154,77.00,3.82,1,6,4,0.026842,0.628377,Minotaur,minotaur(pow_w:0.50),6.26,132,248
76,2,0x1796dc61e715f15a2d27dfa32bd34780f12a8c24,2.722751,1772633776,698d505df76595e368e3c2b5aac13c91b3dddd8c9ea41b27aea246e821945819,245,81.67,4.45,1,9,4,0.026704,0.627254,Minotaur,minotaur(pow_w:0.50),2.84,133,248
76,3,0x687bf2437a044a3e42ff2f8a79a8e54ba9601f70,3.068109,1772633778,698d505df76595e368e3c2b5aac13c91b3dddd8c9ea41b27aea246e821945819,245,81.67,4.45,1,9,4,0.026704,0.627259,Minotaur,minotaur(pow_w:0.50),2.84,133,249
76,4,0xd61b00c297972877b45f8d7f4d67fdaf20c67c59,3.334251,1772633780,fd1688deea1502fb1114ffd7a805db703f6e26ec64fe19d16b1db0ab8a84521e,250,62.50,4.78,1,8,5,0.026607,0.626645,Minotaur,minotaur(pow_w:0.50),3.27,134,249
77,0,0xa9105f442328d397529b8e4e9e656fa89016ff45,5.473694,1772633782,756f3e55d16df01254c44f13aedb7b58da09163c90b24222526a3efc925d3f44,94,47.00,4.90,1,8,5,0.026520,0.626114,Minotaur,minotaur(pow_w:0.50),2.04,135,249
77,1,0x5cd626f4b83428b146919d30f4b3e481d259a9dc,0.068123,1772633784,7766fe5a2cde3daa4577ec0e5294b540545aa6df78a21eff11c2402771ba6725,125,62.50,6.78,1,10,8,0.026513,0.626741,Minotaur,minotaur(pow_w:0.50),8.21,136,249
77,2,0x07902d0371763a00d97ed9ba16ff0a206cb0fd19,3.530029,1772633786,7766fe5a2cde3daa4577ec0e5294b540545aa6df78a21eff11c2402771ba6725,125,62.50,6.78,1,10,8,0.026513,0.626744,Minotaur,minotaur(pow_w:0.50),8.21,136,250
77,3,0xaadc5fea232580cb8fba739ac5d05a48559c7e52,1.352613,1772633789,7d56b5a6011442e8efb5ca9920239d187b48d8e15ec0c8a5acc78b775984789a,250,50.00,3.58,1,7,3,0.026434,0.626249,Minotaur,minotaur(pow_w:0.50),4.44,137,250
77,4,0x4a217e35f6402e7f62a49f6d62e27c6585c2f3fd,1.489817,1772633790,4bd3506f73c414ec67eb3b8898f69b494505d7e90e83922585db5dd7b8c80e92,130,65.00,5.32,1,8,6,0.026277,0.624598,Minotaur,minotaur(pow_w:0.50),11.98,138,250
78,0,0xd61b00c297972877b45f8d7f4d67fdaf20c67c59,4.335001,1772633792,289f6f6c783fa9ceb866eaf525dcb15f6c8f52eef15b807b1e8624220cbfc43f,89,89.00,3.40,2,5,3,0.026127,0.623028,Minotaur,minotaur(pow_w:0.50),1.78,139,250
78,1,0xa447d277b02012c2afd9ddcbbe123f27cc971963,1.805315,1772633794,f1b0a9959d7290a45159a3c868f1f28729608a0cf1f0905c6043e8b903c5b200,150,75.00,4.59,1,7,5,0.026079,0.622987,Minotaur,minotaur(pow_w:0.50),2.35,140,250
78,2,0x34412315480562da4810040fd15c81f99880e1ab,4.899403,1772633796,f1b0a9959d7290a45159a3c868f1f28729608a0cf1f0905c6043e8b903c5b200,150,75.00,4.59,1,7,5,0.026079,0.622992,Minotaur,minotaur(pow_w:0.50),2.35,140,251
78,3,0xc4dc29db975b952e04358340e56b68fa4ba63fbc,1.539341,1772633798,6f8a2fb238fcc79a8920a3c3bf8455ce1df9bce5c7b4f1b3458abdd5b3c526e5,250,62.50,4.28,1,6,4,0.026051,0.623239,Minotaur,minotaur(pow_w:0.50),3.62,141,251
78,4,0xb2a7fe70a6f3137d38f6cb4c3ec6dd1e24f2d5f4,2.421118,1772633800,0a8bbe9417f456f5d0907b781aa7c59e6f4c5d63f1da3aa29056fa290788e7a1,182,91.00,3.38,1,5,4,0.025905,0.621661,Minotaur,minotaur(pow_w:0.50),15.20,142,251
79,0,0xc24b36dee27726233c3bbd9e1f028f98b6b2a424,2.409639,1772633802,1ce421bc335ffbec2ca70bff0f1ecd58fab78cbfeddb106176a265b9adc3a16b,113,56.50,5.18,1,7,6,0.025905,0.621665,Minotaur,minotaur(pow_w:0.50),1.56,143,251
79,1,0xc24b36dee27726233c3bbd9e1f028f98b6b2a424,2.409639,1772633804,1ce421bc335ffbec2ca70bff0f1ecd58fab78cbfeddb106176a265b9adc3a16b,113,56.50,5.18,1,7,6,0.025905,0.621672,Minotaur,minotaur(pow_w:0.50),1.56,143,252
79,2,0xd46407aa7b668c72de3cf1c1a12b7fa2e308a1b2,4.988989,1772633806,1ce421bc335ffbec2ca70bff0f1ecd58fab78cbfeddb106176a265b9adc3a16b,113,56.50,5.18,1,7,6,0.025905,0.621676,Minotaur,minotaur(pow_w:0.50),1.56,143,253
79,3,0xe6ebb0cdfd04183d498964e5efc4096ba77b17d6,8.297203,1772633808,d3d17726008b25902d7ea2b850aec570fb20a1a93b44876543bb61edd72277c4,250,35.71,4.09,1,6,4,0.025880,0.621909,Minotaur,minotaur(pow_w:0.50),5.82,144,253
79,4,0x282f43759e22b50aa7989261c51c367f325c3f91,1.346687,1772633810,d3d17726008b25902d7ea2b850aec570fb20a1a93b44876543bb61edd72277c4,250,35.71,4.09,1,6,4,0.025880,0.621914,Minotaur,minotaur(pow_w:0.50),5.82,144,254
80,0,0xa068e3c9a21c8d8be636cd2d285895979ec3262e,0.960481,1772633812,e31567500b09301f1d3e01c8d0f92b55aee35258276b7c319054d28124350436,226,75.33,3.88,1,6,4,0.025730,0.620095,Minotaur,minotaur(pow_w:0.50),3.28,145,254
80,1,0xc24b36dee27726233c3bbd9e1f028f98b6b2a424,2.409589,1772633814,bb5eaee831209f58361a3f3bd792df0416dc43cb692764801427d59d63f803b3,122,61.00,4.27,1,6,4,0.025568,0.617825,Minotaur,minotaur(pow_w:0.50),2.11,146,254
80,2,0x6064b9f5883bf9737dfe314ff68c56e09e68ac89,3.190969,1772633816,b8341d5423820d1950f4e67fb28716356440059ecdecacc3a3faa9294ec2a2ba,160,80.00,3.93,1,7,4,0.025456,0.616898,Minotaur,minotaur(pow_w:0.50),8.21,147,254
80,3,0xa3786e459f289a76c0e8af8ad834e3d0c6d47199,16.737573,1772633818,b8341d5423820d1950f4e67fb28716356440059ecdecacc3a3faa9294ec2a2ba,160,80.00,3.93,1,7,4,0.025456,0.616902,Minotaur,minotaur(pow_w:0.50),8.21,147,255
80,4,0x016d3fc36beee7caa8fbd6c1caa42461dd7f9850,1.874249,1772633820,7a39a8fb3d8d7bef1e53cd15cc992e04e22520ce02e1474932c50c037a015132,250,62.50,5.30,1,7,6,0.025826,0.618435,Minotaur,minotaur(pow_w:0.50),3.21,148,255
81,0,0x26d553a2f4343b3a7dc88bbd87b3d0a25d3838d9,11.229340,1772633822,cde9ec2289cfd0ebb652bcd67ac2e88e72983c585a8d7e82859f946a6d258fa7,106,53.00,3.44,1,6,3,0.025695,0.617047,Minotaur,minotaur(pow_w:0.50),1.90,149,255
81,1,0xbc3f8508d26048f2064aa8c068f4c94d08d77d18,4.066479,1772633825,cde9ec2289cfd0ebb652bcd67ac2e88e72983c585a8d7e82859f946a6d258fa7,106,53.00,3.44,1,6,3,0.025695,0.617054,Minotaur,minotaur(pow_w:0.50),1.90,149,256
81,2,0xe478b1e4d1538274c0c70cbd7df877f9abab2f62,8.302896,1772633826,cde9ec2289cfd0ebb652bcd67ac2e88e72983c585a8d7e82859f946a6d258fa7,106,53.00,3.44,1,6,3,0.025695,0.617056,Minotaur,minotaur(pow_w:0.50),1.90,149,257
81,3,0xd46407aa7b668c72de3cf1c1a12b7fa2e308a1b2,5.991329,1772633828,d1835100568a82772488ed63355f219e8aef5630d0d31a136cda5ca61d197d84,250,41.67,4.30,1,9,4,0.025777,0.618332,Minotaur,minotaur(pow_w:0.50),10.84,150,257
81,4,0x34412315480562da4810040fd15c81f99880e1ab,5.901683,1772633830,554b78bd9b12b9e15c9862a10b6ccda0bfc8f4e77e09601222cb436b8a63d0d0,151,75.50,4.16,1,7,4,0.025781,0.619067,Minotaur,minotaur(pow_w:0.50),3.26,151,257
82,0,0xea287b266dbe2c2d402fd91814bcfc4c95d6b0fd,4.162964,1772633832,6c303fa38981fcee996984281057bea2447fae6b95eace1f00af5dca335f961a,124,62.00,6.42,1,9,7,0.025782,0.619694,Minotaur,minotaur(pow_w:0.50),2.35,152,257
82,1,0xd61b00c297972877b45f8d7f4d67fdaf20c67c59,5.336081,1772633834,d2dade7cfff7626d6751f5e56d14e3449fe77888e5db2454ead83c240b96cb88,142,71.00,4.34,1,7,5,0.025782,0.619698,Minotaur,minotaur(pow_w:0.50),2.08,153,257
82,2,0xbc3f8508d26048f2064aa8c068f4c94d08d77d18,4.066479,1772633836,11be2b87427e851b6f9c90e668edc2c3b61a5d52ec40bd2bea7d5617933923db,138,69.00,5.00,1,8,5,0.025706,0.619792,Minotaur,minotaur(pow_w:0.50),1.80,154,257
82,3,0x282f43759e22b50aa7989261c51c367f325c3f91,2.348667,1772633838,11be2b87427e851b6f9c90e668edc2c3b61a5d52ec40bd2bea7d5617933923db,138,69.00,5.00,1,8,5,0.025707,0.619797,Minotaur,minotaur(pow_w:0.50),1.80,154,258
82,4,0x282f43759e22b50aa7989261c51c367f325c3f91,3.351137,1772633840,4388b59e1e370ffe651adc425a2a9353db261127efa2589f56aaed2ff60df9e4,250,50.00,4.57,1,7,5,0.025593,0.618741,Minotaur,minotaur(pow_w:0.50),3.82,155,258
83,0,0xac61c91e7d24df824351a6c4e562a75f0cf646f8,1.246508,1772633843,c5ea029926ba9613556b9ea3d5d287dbeae7146bf7054ca7d15de2b49b4fdbd4,83,41.50,4.55,1,7,5,0.025511,0.618128,Minotaur,minotaur(pow_w:0.50),2.28,156,258
83,1,0x95ab54d268473cce82094026afefdbd5cadf418b,4.599998,1772633844,6ed346474821a64c4d346f1d12fabefc0471abc64e61928113adcffed114ed81,181,90.50,4.85,1,9,6,0.025365,0.616163,Minotaur,minotaur(pow_w:0.50),39.41,157,258
83,2,0x34d94cc0534eb50dec7956bea31407428d6d5ef8,0.080047,1772633846,6679d3dd8630ccd778077bd6f112e58c7a76a6c6afacd789b7e2722f40acebfa,72,72.00,4.50,1,8,5,0.025323,0.616065,Minotaur,minotaur(pow_w:0.50),1.90,158,258
83,3,0x26d553a2f4343b3a7dc88bbd87b3d0a25d3838d9,11.229340,1772633848,c6d88fc9a1f6ce3fadbbcc69546b8759ba053bf1c235a2342de908ae23deaca6,208,104.00,3.64,1,9,4,0.025143,0.612795,Minotaur,minotaur(pow_w:0.50),161.26,159,258
83,4,0xac768e60b9269babb15cb1e36ee843243d7c7543,10.727718,1772633850,c6d88fc9a1f6ce3fadbbcc69546b8759ba053bf1c235a2342de908ae23deaca6,208,104.00,3.64,1,9,4,0.025143,0.612800,Minotaur,minotaur(pow_w:0.50),161.26,159,259
84,0,0x786f26993bf015cd2da6fb5d3ccd1879e01246ab,0.283402,1772633852,a283ea493c5f3f3ce1bec9f395f5bfe1ff06f809339588a246079276f3ffa08c,250,62.50,4.36,1,8,5,0.025144,0.612804,Minotaur,minotaur(pow_w:0.50),3.40,160,259
84,1,0xe478b1e4d1538274c0c70cbd7df877f9abab2f62,9.305096,1772633854,575a833bce30662861b186312ade461f5b682a2df98bd4ff8277bc3ff5194c20,55,27.50,4.71,2,8,5,0.025144,0.612810,Minotaur,minotaur(pow_w:0.50),1.35,161,259
84,2,0x58a21eeb7ab18ba8adf1296e66a4487076e95dac,7.092804,1772633856,4608ed99546e400d452d3467beb5846633473ef29419c3378c0a9956300d6d24,193,64.33,4.78,1,9,5,0.025247,0.614052,Minotaur,minotaur(pow_w:0.50),3.77,162,259
84,3,0xe478b1e4d1538274c0c70cbd7df877f9abab2f62,10.307006,1772633858,d7064f7f3ed98d7933e8e096283ba4af64e1a2c9db6ccf1e2744312866ce7b88,182,91.00,4.03,1,7,4,0.025280,0.614986,Minotaur,minotaur(pow_w:0.50),2.49,163,259
84,4,0xe478b1e4d1538274c0c70cbd7df877f9abab2f62,11.308426,1772633860,c22e25be5df382d38fe16bc42b84f08c2888ac7838a3a10d9821a903eaac0862,142,71.00,4.47,1,7,4,0.025408,0.616259,Minotaur,minotaur(pow_w:0.50),2.44,164,259
85,0,0x3513d672439a59c26cc5711f2b715ccb4810a774,2.290345,1772633862,bf8b11051b47c376782d8b5b82e8ad48449b5598d1573d921823f852bda091c7,87,87.00,4.43,2,7,4,0.025564,0.617627,Minotaur,minotaur(pow_w:0.50),1.93,165,259
85,1,0x9bdb1c7ad4bd8fe797b07c08117c74a591dbab2d,0.441362,1772633864,e0a9ee13719233cc1e6f9a865ac65ad167e10e03c4f0acbf15e335ad3d871c64,225,112.50,3.77,1,5,4,0.025450,0.616504,Minotaur,minotaur(pow_w:0.50),2.20,166,259
85,2,0xe478b1e4d1538274c0c70cbd7df877f9abab2f62,12.309266,1772633866,b58534d4ae83c4f0d9db7181fdbee0aad07e770aeb3006fdaa787b742622c051,236,118.00,2.80,1,6,3,0.025283,0.613739,Minotaur,minotaur(pow_w:0.50),134.47,167,259
85,3,0xac768e60b9269babb15cb1e36ee843243d7c7543,10.727668,1772633868,b73a75c41bc27fb122d616b9567be824505c8bce0c36129b6d097eab0d1e95f1,138,69.00,4.12,1,6,4,0.025463,0.615101,Minotaur,minotaur(pow_w:0.50),1.58,168,259
85,4,0x58a21eeb7ab18ba8adf1296e66a4487076e95dac,8.094584,1772633870,015a149b2451fa31109ea058a1e9ae78ca68331a01affd1c4fe2b3ab69c3e685,170,85.00,4.11,1,6,4,0.025593,0.616338,Minotaur,minotaur(pow_w:0.50),1.62,169,259
86,0,0x6064b9f5883bf9737dfe314ff68c56e09e68ac89,3.190909,1772633872,015a149b2451fa31109ea058a1e9ae78ca68331a01affd1c4fe2b3ab69c3e685,170,85.00,4.11,1,6,4,0.025594,0.616342,Minotaur,minotaur(pow_w:0.50),1.62,169,260
86,1,0x58a21eeb7ab18ba8adf1296e66a4487076e95dac,8.094564,1772633874,015a149b2451fa31109ea058a1e9ae78ca68331a01affd1c4fe2b3ab69c3e685,170,85.00,4.11,1,6,4,0.025594,0.616347,Minotaur,minotaur(pow_w:0.50),1.62,169,261
86,2,0x58a21eeb7ab18ba8adf1296e66a4487076e95dac,9.094754,1772633877,4310ad6e4d740693d27b522b6549cb7e95afe47ed4e640a3fcb65083bbe2ca52,23,3.29,3.52,1,7,3,0.025646,0.617443,Minotaur,minotaur(pow_w:0.50),2.57,170,261
86,3,0xeb82a21cb3d0dd781eb22ad74bb7cd9b4d2a06ec,3.923015,1772633878,c9652ccdce83091559337b305c77114d02a8cb49fbbc7f3205b429cfb12c89f2,22,11.00,3.41,1,5,4,0.025726,0.618546,Minotaur,minotaur(pow_w:0.50),2.50,171,261
86,4,0xea287b266dbe2c2d402fd91814bcfc4c95d6b0fd,5.163934,1772633880,e22b1c6eeb0cd3e45751deeef6561a055b73c1d0238a39253d96f7a631aa717b,250,250.00,4.71,1,7,5,0.025658,0.618127,Minotaur,minotaur(pow_w:0.50),14.03,172,261
87,0,0x719361397abe003a91af76243e5f9c7a0cd4279f,6.544306,1772633882,c27943999859ae6196f27c08a02389541c75034d91704cd34f3641dac8659044,132,66.00,4.40,1,7,5,0.025625,0.618261,Minotaur,minotaur(pow_w:0.50),4.00,173,261
87,1,0xa7e4d4d949807065ebf85adc1be8c382c7236c15,0.210256,1772633884,c27943999859ae6196f27c08a02389541c75034d91704cd34f3641dac8659044,132,66.00,4.40,1,7,5,0.025625,0.618265,Minotaur,minotaur(pow_w:0.50),4.00,173,262
87,2,0x6d6b2734a20229ddd7fd4a1470ba3e3bad4e4a85,3.643134,1772633886,938ea54a8a8479cd140c976d503328f6967d726c6f0e1a551c9cbc001873bf80,250,62.50,4.29,1,7,4,0.025454,0.615244,Minotaur,minotaur(pow_w:0.50),3.10,174,262
87,3,0xf6e059718dbd0a0956726ab97d06bad5efc6cd18,3.012947,1772633888,938ea54a8a8479cd140c976d503328f6967d726c6f0e1a551c9cbc001873bf80,250,62.50,4.29,1,7,4,0.025454,0.615248,Minotaur,minotaur(pow_w:0.50),3.10,174,263
87,4,0xc4dc29db975b952e04358340e56b68fa4ba63fbc,2.540221,1772633890,f3f058b1cfda0b1e5addde4aae401d4f6b695b891175f068a8ae5c61b250b1bf,250,62.50,4.89,1,8,5,0.025454,0.615252,Minotaur,minotaur(pow_w:0.50),2.61,175,263
88,0,0x58a21eeb7ab18ba8adf1296e66a4487076e95dac,10.094924,1772633892,93cc5dbdeb0373023b60b4d2b8572f4748c8d09b3bdcb7b9e19c98f84fbff44e,64,32.00,5.91,1,10,6,0.025350,0.614253,Minotaur,minotaur(pow_w:0.50),1.61,176,263
88,1,0x95ab54d268473cce82094026afefdbd5cadf418b,5.600228,1772633895,93cc5dbdeb0373023b60b4d2b8572f4748c8d09b3bdcb7b9e19c98f84fbff44e,64,32.00,5.91,1,10,6,0.025350,0.614258,Minotaur,minotaur(pow_w:0.50),1.61,176,264
88,2,0xd61b00c297972877b45f8d7f4d67fdaf20c67c59,6.336941,1772633897,f1855eac0c0d50acf7f223144521405e8c675ea8085ede073c6261c0f4701192,250,50.00,4.70,1,8,5,0.025329,0.614579,Minotaur,minotaur(pow_w:0.50),4.02,177,264
88,3,0xa447d277b02012c2afd9ddcbbe123f27cc971963,1.804675,1772633899,c685472cc8291459f6a98578d59d9749296a1d6ebe64a72a8adb68c25bf691cf,124,62.00,4.98,1,7,5,0.025329,0.615229,Minotaur,minotaur(pow_w:0.50),2.85,178,264
88,4,0xd39dbd3662315e3935ec08e6b6028e73b3c09de2,7.929490,1772633901,7b35abde97bfd93eefd7d0e2e3ac04700aa1496e4fd060bad6ad6ff538640d4d,147,73.50,4.08,1,8,4,0.025205,0.613742,Minotaur,minotaur(pow_w:0.50),2.35,179,264
89,0,0x95ab54d268473cce82094026afefdbd5cadf418b,6.602618,1772633903,2cece0e841ee77690e927354bfdc93a7360dad8ce32c28d9f055511388906a3b,116,58.00,4.54,1,7,5,0.025247,0.614716,Minotaur,minotaur(pow_w:0.50),2.28,180,264
89,1,0x4ba33404d90c4ae989714d9d174cd882cffb7994,8.123732,1772633905,0ff44f5bb2c563047e069b8242fccd3dabf505a1e31f42ac5a3fb908c8e9d5f6,133,66.50,4.74,1,8,5,0.025252,0.615401,Minotaur,minotaur(pow_w:0.50),2.28,181,264
89,2,0xc24b36dee27726233c3bbd9e1f028f98b6b2a424,3.410749,1772633907,bc4bd56f92b72d2541a3fcf64b5c91596ce5d1cd30f5278be482bd048ed3f156,172,86.00,4.51,1,8,4,0.025296,0.616332,Minotaur,minotaur(pow_w:0.50),2.00,182,264
89,3,0xa447d277b02012c2afd9ddcbbe123f27cc971963,2.806125,1772633909,d6268447e14023209b963baeb2c4db289e9dbf73b31cc1d51d921a2be6be122b,141,70.50,4.34,1,7,5,0.025216,0.615689,Minotaur,minotaur(pow_w:0.50),3.24,183,264
89,4,0x3513d672439a59c26cc5711f2b715ccb4810a774,3.292405,1772633911,d6268447e14023209b963baeb2c4db289e9dbf73b31cc1d51d921a2be6be122b,141,70.50,4.34,1,7,5,0.025216,0.615695,Minotaur,minotaur(pow_w:0.50),3.24,183,265
90,0,0xbc3f8508d26048f2064aa8c068f4c94d08d77d18,4.066019,1772633913,d050f9b83eaf3c6eed846d97ca49bd8c69f0a77816c62b3824189e62e0bba13b,250,50.00,3.92,1,7,4,0.025133,0.614945,Minotaur,minotaur(pow_w:0.50),3.62,184,265
90,1,0x6064b9f5883bf9737dfe314ff68c56e09e68ac89,3.190549,1772633915,d050f9b83eaf3c6eed846d97ca49bd8c69f0a77816c62b3824189e62e0bba13b,250,50.00,3.92,1,7,4,0.025133,0.614946,Minotaur,minotaur(pow_w:0.50),3.62,184,266
90,2,0x89100a8056319ba37491b32ba255004180607bc2,4.785427,1772633917,38870ee5e4792499dad7df8c48c35aaadf4126a804217e4be026370a83de9887,142,47.33,6.15,1,11,5,0.025049,0.614102,Minotaur,minotaur(pow_w:0.50),4.00,185,266
90,3,0x53be6e527cc5a7d850b5eae27b9cef342e0665f2,0.033506,1772633919,38870ee5e4792499dad7df8c48c35aaadf4126a804217e4be026370a83de9887,142,47.33,6.15,1,11,5,0.025049,0.614105,Minotaur,minotaur(pow_w:0.50),4.00,185,267
90,4,0x28672c71695142588ed26ada6f4b18b8b6c12308,0.687458,1772633921,cac39fa57ecee3c845288266d2f87dc8713ac857ac2795cd9a1205f33e77ba63,250,62.50,3.71,1,6,4,0.024883,0.610826,Minotaur,minotaur(pow_w:0.50),4.45,186,267
91,0,0x606627477c3734932f47972f83c27cf4e3b35b4f,5.377497,1772633923,cac39fa57ecee3c845288266d2f87dc8713ac857ac2795cd9a1205f33e77ba63,250,62.50,3.71,1,6,4,0.024883,0.610829,Minotaur,minotaur(pow_w:0.50),4.45,186,268
91,1,0xa3786e459f289a76c0e8af8ad834e3d0c6d47199,17.739403,1772633925,cac39fa57ecee3c845288266d2f87dc8713ac857ac2795cd9a1205f33e77ba63,250,62.50,3.71,1,6,4,0.024884,0.610832,Minotaur,minotaur(pow_w:0.50),4.45,186,269
91,2,0xa3786e459f289a76c0e8af8ad834e3d0c6d47199,18.741883,1772633927,b3c490be4bc4ebe7c6528ceae3f2cc902a9ac5edcd32fc7958b2aabb82674920,250,41.67,4.28,1,6,4,0.025171,0.612190,Minotaur,minotaur(pow_w:0.50),5.69,187,269
91,3,0x60705151f1f537cacd5b801f3ef1b31dc3f605de,1.298784,1772633929,e6afad916b42755af8f7aefe1f4e87af5e06ca371fb6728e3500bba853ac91f7,117,58.50,4.44,1,6,5,0.025478,0.613539,Minotaur,minotaur(pow_w:0.50),2.25,188,269
91,4,0x3513d672439a59c26cc5711f2b715ccb4810a774,4.294845,1772633931,f0c1850086cc22bc8fc8cc3080f54520dc158126619adc4c9d96e1c2687fbbe9,132,44.00,4.44,1,7,5,0.025343,0.611720,Minotaur,minotaur(pow_w:0.50),2.51,189,269
92,0,0x4ba33404d90c4ae989714d9d174cd882cffb7994,9.125142,1772633934,f0c1850086cc22bc8fc8cc3080f54520dc158126619adc4c9d96e1c2687fbbe9,132,44.00,4.44,1,7,5,0.025343,0.611724,Minotaur,minotaur(pow_w:0.50),2.51,189,270
92,1,0x4ba33404d90c4ae989714d9d174cd882cffb7994,10.127632,1772633935,2f6d2964a1454e58a895d750f43dca22a2ff4311ec01a5815c6d18d1c3f2f8f9,250,62.50,4.54,1,6,5,0.025404,0.612712,Minotaur,minotaur(pow_w:0.50),3.64,190,270
92,2,0x719361397abe003a91af76243e5f9c7a0cd4279f,6.544306,1772633937,411cd55be43245e48bf18e1fa58353586be17457a17293e7ad063545b2ff9b46,24,24.00,4.38,1,6,5,0.025489,0.613760,Minotaur,minotaur(pow_w:0.50),2.33,191,270
92,3,0xeaa5003682d7289190651081ae2bee847097afc5,0.756975,1772633939,411cd55be43245e48bf18e1fa58353586be17457a17293e7ad063545b2ff9b46,24,24.00,4.38,1,6,5,0.025489,0.613763,Minotaur,minotaur(pow_w:0.50),2.33,191,271
92,4,0xbc3f8508d26048f2064aa8c068f4c94d08d77d18,4.065889,1772633941,c3b9313ab09329462e38f11d19ab85416e194037e9b00aea69cd0cacbbd4b61d,250,62.50,3.84,1,7,5,0.025341,0.611415,Minotaur,minotaur(pow_w:0.50),100.20,192,271
93,0,0xe478b1e4d1538274c0c70cbd7df877f9abab2f62,13.309926,1772633943,c3b9313ab09329462e38f11d19ab85416e194037e9b00aea69cd0cacbbd4b61d,250,62.50,3.84,1,7,5,0.025342,0.611418,Minotaur,minotaur(pow_w:0.50),100.20,192,272
93,1,0xc24b36dee27726233c3bbd9e1f028f98b6b2a424,4.411889,1772633945,33b49dd3f66bd4a541dd1b24884a41fd0b6ce3e577b33ff3a8f384a0ffc1e985,250,50.00,4.12,1,6,4,0.025502,0.612676,Minotaur,minotaur(pow_w:0.50),6.72,193,272
93,2,0xd46407aa7b668c72de3cf1c1a12b7fa2e308a1b2,6.991649,1772633947,7028c863eac7dc029e6547e63bb28c70ba968a0c6c1c47f9d6722c09e19b46e8,122,122.00,4.02,1,7,4,0.025444,0.612417,Minotaur,minotaur(pow_w:0.50),2.61,194,272
93,3,0xb2a7fe70a6f3137d38f6cb4c3ec6dd1e24f2d5f4,2.420068,1772633949,5ff0e2a70c493af1f0739ef5188f4b689385ffd9748e4928cd8789ec7f39b718,152,50.67,4.20,1,6,4,0.025448,0.613109,Minotaur,minotaur(pow_w:0.50),2.47,195,272
93,4,0x53be6e527cc5a7d850b5eae27b9cef342e0665f2,1.035626,1772633952,a941b87e43e509983f8e56d54664c38fae661f8c7b24b7eb2ead6c72e4f9086b,122,61.00,5.09,1,7,5,0.025342,0.612009,Minotaur,minotaur(pow_w:0.50),2.42,196,272
94,0,0x269cdf52f97e1d9f14b7be895155a7b294f0b21d,5.726693,1772633953,bcce5cc0cd2e7acb8ca25a1f0de57464f79b73c2ceaf3041853c4b36a8d86259,142,71.00,3.37,1,5,4,0.025204,0.609919,Minotaur,minotaur(pow_w:0.50),2.42,197,272
94,1,0xeb82a21cb3d0dd781eb22ad74bb7cd9b4d2a06ec,4.924985,1772633955,ba8e8ee3bcf8704bf11422991cd65c63b94daf6693020900682a7f595d488da0,84,84.00,3.64,1,6,4,0.025178,0.610201,Minotaur,minotaur(pow_w:0.50),1.56,198,272
94,2,0xe478b1e4d1538274c0c70cbd7df877f9abab2f62,14.312326,1772633957,f5589c1d5de60ab735bc7d265a5c17e2b3cf764ff87399dd0a852aada4c55d52,169,84.50,3.99,1,8,4,0.025133,0.610105,Minotaur,minotaur(pow_w:0.50),5.37,199,272
94,3,0xea287b266dbe2c2d402fd91814bcfc4c95d6b0fd,6.164534,1772633959,f602b3c9d4713a3b0105c2d873466a65d05c50f9774160ee8cd0172c3b4906cb,136,68.00,4.68,1,7,5,0.025306,0.611336,Minotaur,minotaur(pow_w:0.50),1.71,200,272
94,4,0x07902d0371763a00d97ed9ba16ff0a206cb0fd19,4.531749,1772633961,e6884c49f69f6f45a67e4d71336bf5c65dd59a5faa80dcd415877dab1dc22607,159,79.50,4.20,1,6,4,0.025289,0.611720,Minotaur,minotaur(pow_w:0.50),1.75,201,272
95,0,0xe478b1e4d1538274c0c70cbd7df877f9abab2f62,15.313636,1772633963,e6884c49f69f6f45a67e4d71336bf5c65dd59a5faa80dcd415877dab1dc22607,159,79.50,4.20,1,6,4,0.025289,0.611723,Minotaur,minotaur(pow_w:0.50),1.75,201,273
95,1,0xaadc5fea232580cb8fba739ac5d05a48559c7e52,2.352773,1772633965,039a07c66a9beb7f15db0e12a837ce205059d0bb9723632b65503e61d0078706,250,50.00,4.74,1,7,5,0.025481,0.612942,Minotaur,minotaur(pow_w:0.50),3.76,202,273
95,2,0x07902d0371763a00d97ed9ba16ff0a206cb0fd19,4.531689,1772633968,039a07c66a9beb7f15db0e12a837ce205059d0bb9723632b65503e61d0078706,250,50.00,4.74,1,7,5,0.025481,0.612946,Minotaur,minotaur(pow_w:0.50),3.76,202,274
95,3,0x606627477c3734932f47972f83c27cf4e3b35b4f,5.377147,1772633969,78712033cf69bc4f6e26b36a024ea5572c3915a72012686d42f20ecb16a96c03,250,62.50,3.22,1,8,3,0.025424,0.612631,Minotaur,minotaur(pow_w:0.50),3.50,203,274
95,4,0x606627477c3734932f47972f83c27cf4e3b35b4f,6.377357,1772633971,f3e3af726e773c8062fc0564c5f1b4ab0c0219e0498ed8662bb7460019582cc7,24,24.00,2.92,1,5,3,0.025386,0.612644,Minotaur,minotaur(pow_w:0.50),1.67,204,274
96,0,0xeb82a21cb3d0dd781eb22ad74bb7cd9b4d2a06ec,5.926545,1772633973,dd64e05999547c4bc0c16e526ec6ce7d3fd05d88211d2f1766610fffa54a8b0f,183,91.50,3.60,1,5,4,0.025371,0.613041,Minotaur,minotaur(pow_w:0.50),2.17,205,274
96,1,0x63f4973c0df8a5358405f396dc0673a463c48de9,5.897777,1772633975,dd64e05999547c4bc0c16e526ec6ce7d3fd05d88211d2f1766610fffa54a8b0f,183,91.50,3.60,1,5,4,0.025371,0.613044,Minotaur,minotaur(pow_w:0.50),2.17,205,275
96,2,0x1cb1274c711a6c2e4e1596846e6ac604eeefb358,1.401151,1772633977,dd64e05999547c4bc0c16e526ec6ce7d3fd05d88211d2f1766610fffa54a8b0f,183,91.50,3.60,1,5,4,0.025371,0.613046,Minotaur,minotaur(pow_w:0.50),2.17,205,276
96,3,0x07902d0371763a00d97ed9ba16ff0a206cb0fd19,5.534079,1772633979,654c3e78bed8a739f6c139b642de0f348213091c7bab628d76229444894c5fe6,250,41.67,3.63,1,6,4,0.025244,0.611276,Minotaur,minotaur(pow_w:0.50),5.24,206,276
96,4,0xe6ebb0cdfd04183d498964e5efc4096ba77b17d6,8.296283,1772633981,8f30e7763356d0a26be304e99c2a9fa175562b46a19070ecda29e7b6b03b98f2,141,70.50,2.96,1,5,3,0.025210,0.611287,Minotaur,minotaur(pow_w:0.50),2.48,207,276
97,0,0xe6ebb0cdfd04183d498964e5efc4096ba77b17d6,9.297353,1772633983,d6441207d645cd6520647e00bd8a26c8802204639d8749ba7b95f0f429df4a7b,108,54.00,5.52,1,8,6,0.025237,0.612106,Minotaur,minotaur(pow_w:0.50),13.54,208,276
97,1,0xe6ebb0cdfd04183d498964e5efc4096ba77b17d6,10.298793,1772633985,62ac6eb9cd4a406f0738cc1c2b2e01768fa14251f387e54a99b0309b199b44b1,145,48.33,6.26,1,8,6,0.025284,0.612977,Minotaur,minotaur(pow_w:0.50),2.92,209,276
97,2,0x4a217e35f6402e7f62a49f6d62e27c6585c2f3fd,2.489547,1772633988,5f995eac8291d9decdeb9cf90926dd3cdfbbe37e728dedbc80a618108277ec7e,18,18.00,6.67,1,7,7,0.025353,0.613909,Minotaur,minotaur(pow_w:0.50),2.89,210,276
97,3,0x63f4973c0df8a5358405f396dc0673a463c48de9,5.897727,1772633989,5f995eac8291d9decdeb9cf90926dd3cdfbbe37e728dedbc80a618108277ec7e,18,18.00,6.67,1,7,7,0.025353,0.613910,Minotaur,minotaur(pow_w:0.50),2.89,210,277
97,4,0xa5a12d96532497871d73549e55ab377e3dcb3a40,0.102392,1772633991,5f995eac8291d9decdeb9cf90926dd3cdfbbe37e728dedbc80a618108277ec7e,18,18.00,6.67,1,7,7,0.025353,0.613914,Minotaur,minotaur(pow_w:0.50),2.89,210,278
98,0,0x26d553a2f4343b3a7dc88bbd87b3d0a25d3838d9,11.228390,1772633993,5f995eac8291d9decdeb9cf90926dd3cdfbbe37e728dedbc80a618108277ec7e,18,18.00,6.67,1,7,7,0.025353,0.613917,Minotaur,minotaur(pow_w:0.50),2.89,210,279
98,1,0xa5a12d96532497871d73549e55ab377e3dcb3a40,0.102332,1772633995,5f995eac8291d9decdeb9cf90926dd3cdfbbe37e728dedbc80a618108277ec7e,18,18.00,6.67,1,7,7,0.025353,0.613921,Minotaur,minotaur(pow_w:0.50),2.89,210,280
98,2,0x26d553a2f4343b3a7dc88bbd87b3d0a25d3838d9,11.228340,1772633997,3ca22133de66d2e10ab5837b2499de621b24af0b203decae940d19af7e4d7f66,229,114.50,3.15,1,7,4,0.025353,0.613925,Minotaur,minotaur(pow_w:0.50),161.16,210,281
98,3,0xe6ebb0cdfd04183d498964e5efc4096ba77b17d6,11.298863,1772633999,887fc7f99b5ce9a1b9f0000e07d1d33c6a7d6e6c25cc97e05fb6d759bdc830f6,250,62.50,5.15,1,8,5,0.025353,0.613928,Minotaur,minotaur(pow_w:0.50),3.72,210,282
98,4,0x63f4973c0df8a5358405f396dc0673a463c48de9,5.897647,1772634001,887fc7f99b5ce9a1b9f0000e07d1d33c6a7d6e6c25cc97e05fb6d759bdc830f6,250,62.50,5.15,1,8,5,0.025354,0.613931,Minotaur,minotaur(pow_w:0.50),3.72,210,283
99,0,0x4ba33404d90c4ae989714d9d174cd882cffb7994,11.127282,1772634003,759466a92cdf6654b6e4d00ed518c74f00821ff8dd348f549eb9a76c35e3c19e,119,59.50,4.06,1,7,4,0.025354,0.613934,Minotaur,minotaur(pow_w:0.50),2.16,210,284
99,1,0x4ba33404d90c4ae989714d9d174cd882cffb7994,11.127252,1772634005,6759a9c7aa27d279c51bb1be0ce2a6cb8f87c422c43c99d0ce01623a1ef58686,250,62.50,4.82,1,7,5,0.025354,0.613939,Minotaur,minotaur(pow_w:0.50),2.85,210,285
99,2,0x07902d0371763a00d97ed9ba16ff0a206cb0fd19,6.535459,1772634007,e7aabc5906ffaf280251095ae8318f6265fff630d87fc2e3e45c6f01db075a77,85,28.33,4.60,1,7,5,0.025354,0.613940,Minotaur,minotaur(pow_w:0.50),2.66,210,286
99,3,0xa3786e459f289a76c0e8af8ad834e3d0c6d47199,19.742743,1772634009,ceb4744fa581c23a626f4019ea1f175428874a01244228bfab4b07a96cf0f084,86,86.00,2.62,1,4,3,0.025354,0.613944,Minotaur,minotaur(pow_w:0.50),1.66,210,287
99,4,0xa9105f442328d397529b8e4e9e656fa89016ff45,6.472604,1772634011,ceb4744fa581c23a626f4019ea1f175428874a01244228bfab4b07a96cf0f084,86,86.00,2.62,1,4,3,0.025354,0.613947,Minotaur,minotaur(pow_w:0.50),1.66,210,288
